"","p_val","avg_log2FC","pct.1","pct.2","p_val_adj","cluster","gene"
"COL15A1",1.37970239878147e-26,4.03844039550273,1,1,2.92828037117379e-22,"1","COL15A1"
"APLNR",4.81451548700011e-25,4.67730531553748,1,1,1.0218327669609e-20,"1","APLNR"
"PKD1L1",6.84759483582218e-25,4.42928953852038,1,1,1.4533335279549e-20,"1","PKD1L1"
"NOTCH4",1.49852989334398e-23,3.42765453761159,1,1,3.18047984563327e-19,"1","NOTCH4"
"NRP1",1.6951559292577e-22,2.30884794037996,1,1,3.59779894425653e-18,"1","NRP1"
"DLC1",2.86565991405746e-22,2.16926186941933,1,1,6.08207660159555e-18,"1","DLC1"
"CYYR1",5.51889818468411e-22,3.18418118468094,1,1,1.17133095071736e-17,"1","CYYR1"
"SEPT4",7.43964807740691e-22,2.4925492611135,1,1,1.57899090794884e-17,"1","SEPT4"
"LPHN2",1.35817234101325e-21,2.3989345282541,1,1,2.88258497656652e-17,"1","LPHN2"
"BTNL9",3.42221785110877e-21,4.85867689247976,1,1,7.26331516719326e-17,"1","BTNL9"
"UBTFL6",5.29721699335695e-21,2.17335616169075,1,1,1.12428133467008e-16,"1","UBTFL6"
"CD36",6.16271428594433e-21,3.11536529521921,1,1,1.30797448004882e-16,"1","CD36"
"MAGED2",1.09712870685124e-20,1.99629994666842,1,1,2.32854596742108e-16,"1","MAGED2"
"ENPEP",2.14367608273216e-20,2.74579677204508,1,1,4.54973811799074e-16,"1","ENPEP"
"ARHGAP28",2.32997875634469e-20,2.78687357560852,1,1,4.94514691246598e-16,"1","ARHGAP28"
"EBF2",2.82951596725959e-20,3.3062449546938,1,1,6.00536468891176e-16,"1","EBF2"
"ESAM",3.68898738024461e-20,2.7105495194803,1,1,7.82950681583116e-16,"1","ESAM"
"PCDH17",3.8398654371565e-20,4.68531471443471,1,1,8.14973040382095e-16,"1","PCDH17"
"NYNRIN",1.07373663524035e-19,2.0634653227551,1,1,2.27889863463412e-15,"1","NYNRIN"
"SCN4B",1.44538010378167e-19,2.71160853363192,1,1,3.06767473226621e-15,"1","SCN4B"
"COL4A1",1.53493625274712e-19,2.82139219356087,1,1,3.25774870283049e-15,"1","COL4A1"
"IGFBP3",1.78055774201886e-19,3.81733933603063,1,1,3.77905575166082e-15,"1","IGFBP3"
"ADAMTS9",2.07835343777011e-19,2.36514996255733,1,1,4.41109733632329e-15,"1","ADAMTS9"
"PLEKHG2",2.26287941330978e-19,1.90099476678655,1,1,4.80273526680867e-15,"1","PLEKHG2"
"MYO1B",4.90417624875655e-19,1.97314906763401,1,1,1.04086236703609e-14,"1","MYO1B"
"DACH1",4.97927588101555e-19,3.06956502952031,1,1,1.05680151298674e-14,"1","DACH1"
"RGS5",1.31938576627047e-18,3.0979341035577,1,1,2.80026435033244e-14,"1","RGS5"
"FOLH1",1.32187516381818e-18,4.55711463200325,1,1,2.8055478476877e-14,"1","FOLH1"
"NEURL1B",1.74153440098519e-18,2.44328026702567,1,1,3.69623261265096e-14,"1","NEURL1B"
"SEMA6D",1.85934083025744e-18,2.75986721618194,1,1,3.9462649781384e-14,"1","SEMA6D"
"HSPG2",2.46657003116404e-18,2.00560745139993,1,1,5.23504823414257e-14,"1","HSPG2"
"DAAM2",2.71731513727578e-18,2.34857172692081,1,1,5.76722964735412e-14,"1","DAAM2"
"HSD3BP4",2.93723013979079e-18,2.1549199092815,1,1,6.23397724869198e-14,"1","HSD3BP4"
"ZNF366",8.97710273925468e-18,3.05690063409736,1,1,1.90530028537941e-13,"1","ZNF366"
"SHROOM4",9.06563569371386e-18,2.74303810198193,1,1,1.92409051963383e-13,"1","SHROOM4"
"GJC1",1.01711434333747e-17,2.77251646284005,1,1,2.15872348229944e-13,"1","GJC1"
"AIF1L",1.57807761700975e-17,4.8075635980534,1,1,3.3493119343415e-13,"1","AIF1L"
"GPR176",2.23300121669414e-17,2.15743916267696,1,1,4.73932178231165e-13,"1","GPR176"
"FLT1",2.53014800523521e-17,2.92499249356093,1,1,5.36998612631121e-13,"1","FLT1"
"CLVS1",4.43213213490973e-17,3.8358779114208,1,1,9.40675724313241e-13,"1","CLVS1"
"CAPN11",6.69010959050982e-17,2.94090840736695,1,1,1.4199088594898e-12,"1","CAPN11"
"NID2",8.50908772613988e-17,2.21998246527408,1,1,1.80596877899593e-12,"1","NID2"
"ADRA1B",2.04292408488351e-16,2.94766164006349,1,1,4.33590207775676e-12,"1","ADRA1B"
"CCDC36",2.05807707293065e-16,2.37471428911272,1,1,4.36806277958801e-12,"1","CCDC36"
"NDST1",5.91278676894674e-16,1.6281595039176,1,1,1.25492986384126e-11,"1","NDST1"
"KIRREL",7.17245942647377e-16,1.42621709022115,1,1,1.52228278867479e-11,"1","KIRREL"
"PDGFRB",8.09684596248796e-16,1.8019274551148,1,1,1.71847458707844e-11,"1","PDGFRB"
"CSPG4P13",8.60601097761505e-16,3.17305441665103,1,1,1.82653976988902e-11,"1","CSPG4P13"
"COL4A2",9.62645956564877e-16,2.42275153271449,1,1,2.04311977821329e-11,"1","COL4A2"
"PDE1B",1.20446211123196e-15,2.27467414523515,1,1,2.55635038487871e-11,"1","PDE1B"
"OLFML2B",1.74193183828867e-15,2.12645785325769,1,1,3.69707613358387e-11,"1","OLFML2B"
"NPR1",2.15013703243033e-15,2.39813383628494,1,1,4.56345083763014e-11,"1","NPR1"
"DACT1",2.22348870229162e-15,2.29632880156598,1,1,4.71913242174373e-11,"1","DACT1"
"CORO2B",2.61956157377016e-15,2.57345072729339,1,1,5.55975748416978e-11,"1","CORO2B"
"NOTCH3",3.06678698893012e-15,2.02579743652461,1,1,6.50894870530529e-11,"1","NOTCH3"
"ITGA7",3.13431183477054e-15,1.9491682111287,1,1,6.65226343811699e-11,"1","ITGA7"
"TMCC3",3.99353184536245e-15,2.00979675680444,1,1,8.47587198859726e-11,"1","TMCC3"
"SEMA6C",4.13240438510399e-15,1.8253327380099,1,1,8.77061506694471e-11,"1","SEMA6C"
"MADCAM1",5.40638533351861e-15,4.04938472091692,1,1,1.14745122318599e-10,"1","MADCAM1"
"PCDH1",6.43371933057724e-15,2.87610117204046,1,1,1.36549259072171e-10,"1","PCDH1"
"RP11-118D22.3",6.64812864011901e-15,2.68508889513377,1,1,1.41099882257886e-10,"1","RP11-118D22.3"
"RP11-183E9.2",7.63630888233931e-15,2.97085885915524,1,1,1.6207301971877e-10,"1","RP11-183E9.2"
"GUCY1B3",1.09414790146115e-14,1.58283177492249,1,1,2.32221950606115e-10,"1","GUCY1B3"
"VASH1",1.21073947607635e-14,1.97063052015192,1,1,2.56967346402445e-10,"1","VASH1"
"CD34",1.24934371287115e-14,2.2167632705378,1,1,2.65160709619773e-10,"1","CD34"
"CD93",1.83071251201593e-14,1.92501484038095,1,1,3.88550423550261e-10,"1","CD93"
"DPY19L2P1",1.91898310366981e-14,3.41113654557824,1,1,4.0728497392288e-10,"1","DPY19L2P1"
"MCF2L",1.93832130854189e-14,2.10135906062236,1,1,4.1138931452493e-10,"1","MCF2L"
"C1orf54",2.19855517208579e-14,2.24163395930065,1,1,4.66621349723489e-10,"1","C1orf54"
"EBF3",2.22173053043477e-14,2.22102846893593,1,1,4.71540087779476e-10,"1","EBF3"
"RAPH1",2.52950803046273e-14,1.5418821083363,1,1,5.3686278438541e-10,"1","RAPH1"
"PEAK1",2.60187774375507e-14,1.2682809755959,1,1,5.52222532334576e-10,"1","PEAK1"
"CACNB3",2.83146211211863e-14,1.86525046700302,1,1,6.00949518676058e-10,"1","CACNB3"
"ARHGEF15",2.97536741241384e-14,1.66697967265042,1,1,6.31491979610714e-10,"1","ARHGEF15"
"CSPG4",2.98184571162352e-14,1.96344648732935,1,1,6.32866933834976e-10,"1","CSPG4"
"ENG",3.01977761048097e-14,1.42493150513767,1,1,6.40917600048481e-10,"1","ENG"
"ATG4A",3.22538640460012e-14,1.83347985772577,1,1,6.84556010512329e-10,"1","ATG4A"
"PTPRG",3.37383901956458e-14,1.28425754575088,1,1,7.16063593512387e-10,"1","PTPRG"
"DNAH8",3.55519343564824e-14,4.16646944125085,1,1,7.54554254781982e-10,"1","DNAH8"
"GUCY1A2",4.62867860323552e-14,2.51582971680245,1,1,9.82390746750707e-10,"1","GUCY1A2"
"OR5AK2",5.08388932658345e-14,2.789226276056,1,1,1.07900467067407e-09,"1","OR5AK2"
"SPRY4",5.20867063680467e-14,2.39211053826326,1,1,1.10548825595542e-09,"1","SPRY4"
"PABPC4L",5.72634088868593e-14,2.18980675447781,1,1,1.2153585902147e-09,"1","PABPC4L"
"CLEC14A",7.11133107060173e-14,1.4533143198766,1,1,1.50930890642451e-09,"1","CLEC14A"
"EPAS1",7.43095553621457e-14,1.51647060685587,1,1,1.57714600300618e-09,"1","EPAS1"
"FXYD6",8.68678738293204e-14,2.28807115730813,1,1,1.8436837541535e-09,"1","FXYD6"
"CACNA1H",9.65754421936172e-14,2.28830439364225,1,1,2.04971718511733e-09,"1","CACNA1H"
"FHOD1",9.99694583793613e-14,1.47357802829086,1,1,2.12175178464356e-09,"1","FHOD1"
"SLC6A1",1.02360902822844e-13,2.53329400933982,1,1,2.17250780151203e-09,"1","SLC6A1"
"CTC-339O9.2",1.16574273631294e-13,2.37862672562008,1,1,2.47417238355059e-09,"1","CTC-339O9.2"
"ASB9",1.29326629313322e-13,2.05062301397043,1,1,2.74482838054594e-09,"1","ASB9"
"DENND5A",1.40581717324188e-13,0.929428390063979,1,1,2.98370636848857e-09,"1","DENND5A"
"SIPA1L2",1.76982523207899e-13,1.68657596739359,1,1,3.75627707256444e-09,"1","SIPA1L2"
"NCKAP5L",1.78786571174593e-13,1.37921135901579,1,1,3.79456618660956e-09,"1","NCKAP5L"
"ITGA1",2.04179519139577e-13,1.72769603616316,1,1,4.33350611421838e-09,"1","ITGA1"
"BGN",2.05833804210747e-13,1.68188968858358,1,1,4.36861666056889e-09,"1","BGN"
"PKD2",2.05944446436974e-13,1.5575729467814,1,1,4.37096493117834e-09,"1","PKD2"
"SLC16A2",2.17352369657541e-13,1.80359039820508,1,1,4.61308669361165e-09,"1","SLC16A2"
"RAPGEF3",2.28302649819523e-13,2.0219863454902,1,1,4.84549543976956e-09,"1","RAPGEF3"
"HSD3BP5",2.35176393524433e-13,2.17108898502006,1,1,4.99138377616258e-09,"1","HSD3BP5"
"LHFP",2.41394092651317e-13,2.11089231316902,1,1,5.12334822243154e-09,"1","LHFP"
"SEC14L1",2.66422686307744e-13,1.62368990893806,1,1,5.65455509419557e-09,"1","SEC14L1"
"FRMD4A",2.72136639198313e-13,1.29071629424767,1,1,5.775828030345e-09,"1","FRMD4A"
"CPNE5",2.81117495468206e-13,2.35151182902151,1,1,5.9664377238172e-09,"1","CPNE5"
"TBX2",2.84826120830558e-13,2.0476775046269,1,1,6.04514958850776e-09,"1","TBX2"
"TSHZ3",3.15953574862975e-13,1.58645123341391,1,1,6.70579867289179e-09,"1","TSHZ3"
"SNRK",3.29971426864722e-13,1.29726904697155,1,1,7.00331356377686e-09,"1","SNRK"
"SULT1C3",3.30809908720811e-13,3.38527486830724,1,1,7.0211095026905e-09,"1","SULT1C3"
"KCNC4",3.66398228405913e-13,2.62465530528977,1,1,7.77643599968710e-09,"1","KCNC4"
"LIMS2",4.15247208817656e-13,1.90061692313101,1,1,8.81320675994592e-09,"1","LIMS2"
"PTP4A2P2",4.15866300203267e-13,2.08391674013747,1,1,8.82634635551414e-09,"1","PTP4A2P2"
"ZNF697",4.33849897934174e-13,1.92855354115233,1,1,9.2080302337549e-09,"1","ZNF697"
"JAM3",4.36145824289143e-13,2.33083343219592,1,1,9.25675897471277e-09,"1","JAM3"
"MYO15B",4.39553523746642e-13,1.76334975297602,1,1,9.32908398799873e-09,"1","MYO15B"
"LFNG",4.49857529586335e-13,2.22369126905851,1,1,9.54777620794038e-09,"1","LFNG"
"LAMB1",4.58812242479939e-13,1.27291357462556,1,1,9.73783103439423e-09,"1","LAMB1"
"COL5A3",4.95799186741313e-13,2.08638005274199,1,1,1.05228419393976e-08,"1","COL5A3"
"SSTR2",4.9682539848904e-13,3.57756766570385,1,1,1.05446222575314e-08,"1","SSTR2"
"ZNF423",6.14702128499006e-13,1.82451309582576,1,1,1.30464379752629e-08,"1","ZNF423"
"HECW2",7.1849506944164e-13,1.70961903398663,1,1,1.52493393538294e-08,"1","HECW2"
"PSAT1P3",7.83162069812004e-13,3.01894310050991,1,1,1.662183176969e-08,"1","PSAT1P3"
"NOSTRIN",9.14319986425479e-13,2.7988948264814,1,1,1.94055273918944e-08,"1","NOSTRIN"
"VWF",9.39254610581997e-13,2.03718911655497,1,1,1.99347398549923e-08,"1","VWF"
"FGFR1",9.53603872290072e-13,1.09934861739875,1,1,2.02392885854845e-08,"1","FGFR1"
"ARHGAP31",1.18074275942345e-12,1.21007100579835,1,1,2.50600843260033e-08,"1","ARHGAP31"
"ROBO4",1.28781209811642e-12,1.76198842898215,1,1,2.73325239704229e-08,"1","ROBO4"
"RGCC",1.4363339809744e-12,1.44152337021868,1,1,3.04847524122007e-08,"1","RGCC"
"DOCK4",1.58420479787159e-12,1.49066664375074,1,1,3.36231626300267e-08,"1","DOCK4"
"LHX6",1.58686595294777e-12,4.04351270314811,1,1,3.36796429853634e-08,"1","LHX6"
"MCAM",1.61583759893315e-12,1.36498267186086,1,1,3.42945371997572e-08,"1","MCAM"
"GUCY1A3",1.65321503359611e-12,1.30161382358338,1,1,3.50878358730438e-08,"1","GUCY1A3"
"PRND",1.72517715785303e-12,3.54514527370257,1,1,3.66151599982726e-08,"1","PRND"
"MMRN2",1.73078121573949e-12,1.40262416197016,1,1,3.6734100522855e-08,"1","MMRN2"
"MECOM",1.90057164895262e-12,1.66310630991365,1,1,4.03377326773704e-08,"1","MECOM"
"ITGA6",2.04203217604051e-12,1.3564931684613,1,1,4.33400909042837e-08,"1","ITGA6"
"PRCP",2.19972590496845e-12,2.03637420385724,1,1,4.66869826070504e-08,"1","PRCP"
"PDGFB",2.3246053796367e-12,1.87925469446345,1,1,4.93374245774093e-08,"1","PDGFB"
"KALRN",2.74500835026393e-12,1.32605353372577,1,1,5.82600572260016e-08,"1","KALRN"
"FOXS1",3.12856074876114e-12,2.09705505656886,1,1,6.64005733317065e-08,"1","FOXS1"
"C8orf4",3.41536229877708e-12,2.26120919040476,1,1,7.24876494292447e-08,"1","C8orf4"
"SPECC1",3.71761004435435e-12,1.42972834922458,1,1,7.89025555813766e-08,"1","SPECC1"
"ANO1",3.97073033722556e-12,1.42450188868735,1,1,8.42747806772753e-08,"1","ANO1"
"OR5AK1P",4.27493484029149e-12,1.26092207847985,1,1,9.07312170503465e-08,"1","OR5AK1P"
"EPS8",4.54717042001228e-12,1.41618425013111,1,1,9.65091449943406e-08,"1","EPS8"
"SOX13",6.42212415204514e-12,1.64133046761503,1,1,1.36303163003006e-07,"1","SOX13"
"DCLK2",6.81721931324081e-12,1.71426413376157,1,1,1.44688662704223e-07,"1","DCLK2"
"TRO",6.93983201248935e-12,2.63643876988426,1,1,1.47290994633074e-07,"1","TRO"
"ACTA2",7.19289008908562e-12,1.52845274429168,1,1,1.52661899250753e-07,"1","ACTA2"
"PALM2",7.49736066680172e-12,2.08965807003041,1,1,1.591239827922e-07,"1","PALM2"
"SOX17",8.5455539333007e-12,2.70824421069388,1,1,1.81370836680374e-07,"1","SOX17"
"KITLG",9.10636562068808e-12,2.34529779086952,1,1,1.93273503933484e-07,"1","KITLG"
"CCDC102B",9.19574081191486e-12,1.88072473715747,1,1,1.95170402992081e-07,"1","CCDC102B"
"CCDC85A",9.25835096325074e-12,2.7626793992907,1,1,1.96499240844034e-07,"1","CCDC85A"
"EPB41L1",9.34705053612369e-12,1.50243274022125,1,1,1.98381800578689e-07,"1","EPB41L1"
"SEMA5B",9.39461249874702e-12,2.24456851077007,1,1,1.99391255673407e-07,"1","SEMA5B"
"PTPRM",1.02492011123787e-11,1.48763189750269,1,1,2.17529044409125e-07,"1","PTPRM"
"ID3",1.06805192704613e-11,1.51145934373639,1,1,2.26683340996272e-07,"1","ID3"
"AFAP1L2",1.17591707468973e-11,1.6942203722707,1,1,2.49576639932148e-07,"1","AFAP1L2"
"PLXND1",1.18739401579233e-11,1.4372882454145,1,1,2.52012505911765e-07,"1","PLXND1"
"PITPNM2",1.20278457086931e-11,1.3409530047355,1,1,2.55278997321303e-07,"1","PITPNM2"
"RASAL2",1.29030166374469e-11,1.52087714435136,1,1,2.73853625113172e-07,"1","RASAL2"
"EBF4",1.47026788753667e-11,1.94589752635931,1,1,3.12049656450782e-07,"1","EBF4"
"EFNB3",1.54396899577747e-11,1.92374024408402,1,1,3.27691979663811e-07,"1","EFNB3"
"HIGD1B",1.54940998173077e-11,1.60222185298674,1,1,3.28846774522539e-07,"1","HIGD1B"
"GPR17",1.56937710234823e-11,2.4863512672314,1,1,3.33084596202388e-07,"1","GPR17"
"TMEM88",1.60881019902274e-11,1.72840172930208,1,1,3.41453876640587e-07,"1","TMEM88"
"COL25A1",1.78921598737242e-11,2.79997698784807,1,1,3.79743201159921e-07,"1","COL25A1"
"VSIG2",2.07396694274349e-11,1.99558023242959,1,1,4.40178743927879e-07,"1","VSIG2"
"FMNL3",2.23170342063886e-11,1.1549046331305,1,1,4.73656733996391e-07,"1","FMNL3"
"EXOC3L1",2.41610349031007e-11,1.93258548615852,1,1,5.1279380478341e-07,"1","EXOC3L1"
"ZEB1",2.49219336910433e-11,1.11215999888509,1,1,5.28943120658702e-07,"1","ZEB1"
"EXOC3L2",2.55174707156769e-11,2.32273316565594,1,1,5.41582798469527e-07,"1","EXOC3L2"
"GPR116",3.11382372241351e-11,1.80053780454331,1,1,6.60877946845044e-07,"1","GPR116"
"GLUD2",3.5853394685809e-11,1.98265555329471,1,1,7.60952448811611e-07,"1","GLUD2"
"RCBTB2",3.66238204723191e-11,1.5703514274301,1,1,7.773039657045e-07,"1","RCBTB2"
"ANO3",4.06439629630121e-11,2.70045584772267,1,1,8.6262746992697e-07,"1","ANO3"
"SOX11",4.89892237334026e-11,3.26960378891931,1,1,1.03974728451774e-06,"1","SOX11"
"PMEPA1",5.00599935413705e-11,1.56879480619662,1,1,1.06247330292205e-06,"1","PMEPA1"
"COX4I2",5.49834288608532e-11,1.91266674870975,1,1,1.16696829414275e-06,"1","COX4I2"
"PLVAP",5.67045390799063e-11,1.95852916696466,1,1,1.20349713743193e-06,"1","PLVAP"
"LINGO1",5.82235307262554e-11,2.00918517713894,1,1,1.23573621613404e-06,"1","LINGO1"
"LPL",6.00063727305113e-11,3.11555109413392,1,1,1.27357525483237e-06,"1","LPL"
"LOXL2",6.23382882735506e-11,0.647822843085102,1,1,1.32306783031784e-06,"1","LOXL2"
"HEYL",6.34753672063062e-11,1.93708419625585,1,1,1.34720119358664e-06,"1","HEYL"
"ATP1B2",6.62060261468779e-11,2.23099096270211,1,1,1.40515669894134e-06,"1","ATP1B2"
"RP11-664I21.6",7.50673188537714e-11,1.90811872643326,1,1,1.59322877535244e-06,"1","RP11-664I21.6"
"SMARCA1",7.53265305757318e-11,1.21335904268943,1,1,1.59873028493933e-06,"1","SMARCA1"
"MIR512-1",7.75884340089685e-11,3.71935692509781,1,1,1.64673692340635e-06,"1","MIR512-1"
"KIAA1217",8.03614016178551e-11,1.14276660621793,1,1,1.70559038793736e-06,"1","KIAA1217"
"KIF26A",8.65129788734476e-11,1.87456971440069,1,1,1.83615146361005e-06,"1","KIF26A"
"LRCH1",9.37853827735662e-11,0.867219660252502,1,1,1.99050096398617e-06,"1","LRCH1"
"HERC1",9.79359948833338e-11,0.840844514400015,1,1,2.07859355540388e-06,"1","HERC1"
"NEDD9",9.92607081261303e-11,1.91048497218885,1,1,2.10670926926899e-06,"1","NEDD9"
"MMP15",1.01417520746833e-10,2.02170450923502,1,1,2.15248546033079e-06,"1","MMP15"
"BCORL1",1.07353265993488e-10,1.10311638177598,1,1,2.2784657174458e-06,"1","BCORL1"
"MIR1283-1",1.13510882918563e-10,3.51106641748941,1,1,2.40915497906359e-06,"1","MIR1283-1"
"ZBTB18",1.18952574056785e-10,1.48042862913688,1,1,2.52464943178121e-06,"1","ZBTB18"
"RP11-341B24.3",1.19127898104016e-10,1.87690510041107,1,1,2.52837050935964e-06,"1","RP11-341B24.3"
"DPY19L2",1.19708998418562e-10,1.6997079069179,1,1,2.54070378243555e-06,"1","DPY19L2"
"TTYH2",1.42022795184893e-10,2.1404304832739,1,1,3.01429180500417e-06,"1","TTYH2"
"PTK2",1.44182358499305e-10,0.90298076994047,1,1,3.06012637678926e-06,"1","PTK2"
"PLCL1",1.45424752477154e-10,1.78891265745187,1,1,3.08649494657512e-06,"1","PLCL1"
"KANK2",1.54321711826941e-10,1.4128461583054,1,1,3.27532401181499e-06,"1","KANK2"
"UACA",1.61947902740011e-10,1.46565595711153,1,1,3.43718228775399e-06,"1","UACA"
"OSBP2",1.68768630438281e-10,0.568067859346879,1,1,3.58194541242209e-06,"1","OSBP2"
"CA8",1.7714603267059e-10,1.88810353227321,1,1,3.7597473974006e-06,"1","CA8"
"GPR85",2.10082499304995e-10,2.07824031846841,1,1,4.45879096524921e-06,"1","GPR85"
"GFRAL",2.13014465765689e-10,2.07497983123176,1,1,4.52101902141099e-06,"1","GFRAL"
"ST5",2.25601635152331e-10,1.02055293037348,1,1,4.78816910447306e-06,"1","ST5"
"ILK",2.38999633473471e-10,1.15194884603463,1,1,5.07252822084095e-06,"1","ILK"
"KCNJ8",2.41478448244608e-10,1.6812716933462,1,1,5.12513858554355e-06,"1","KCNJ8"
"RFTN2",2.46454546407838e-10,1.8116018540238,1,1,5.23075129295995e-06,"1","RFTN2"
"PALMD",2.49620593169642e-10,1.7216049798014,1,1,5.29794746943248e-06,"1","PALMD"
"AFAP1L1",2.63483425883941e-10,1.74015377211915,1,1,5.59217223096077e-06,"1","AFAP1L1"
"SPARC",2.69303943727727e-10,1.46687645326056,1,1,5.71570690167727e-06,"1","SPARC"
"LXN",2.762075561415e-10,1.95106095454546,1,1,5.8622291715472e-06,"1","LXN"
"GPR124",2.87651232849557e-10,1.51075678604299,1,1,6.105109765999e-06,"1","GPR124"
"CDH24",2.9286715988114e-10,1.67721669319917,1,1,6.21581260131732e-06,"1","CDH24"
"LINC00961",3.08758953690988e-10,2.34152827015363,1,1,6.55310003313753e-06,"1","LINC00961"
"COLGALT1",3.19154241188458e-10,1.2905120655813,1,1,6.77372961498383e-06,"1","COLGALT1"
"GAPDHP33",3.31598821364114e-10,1.16595439704783,1,1,7.03785338463195e-06,"1","GAPDHP33"
"PHLDB2",3.32146565441583e-10,0.965870484758888,1,1,7.04947870493216e-06,"1","PHLDB2"
"MEG3",3.34833726622003e-10,1.91042451347474,1,1,7.10651101382539e-06,"1","MEG3"
"SEPT7P8",3.46166066866437e-10,1.1811817112584,1,1,7.34702860317325e-06,"1","SEPT7P8"
"LRRC3B",3.54435877603146e-10,2.79523404826151,1,1,7.52254706624917e-06,"1","LRRC3B"
"TENC1",3.56721340296368e-10,1.19275952300133,1,1,7.57105372645011e-06,"1","TENC1"
"COL12A1",3.66273581301906e-10,1.50402378504002,1,1,7.77379048955164e-06,"1","COL12A1"
"LDB2",3.79521860012026e-10,1.21655186101242,1,1,8.05497195689524e-06,"1","LDB2"
"AVPR1A",3.87607351170167e-10,2.11377731834718,1,1,8.22657842123563e-06,"1","AVPR1A"
"STARD9",3.91058173261797e-10,1.39373000119127,1,1,8.29981866930838e-06,"1","STARD9"
"ABI2",4.01235489912915e-10,0.909672713396493,1,1,8.5158220379117e-06,"1","ABI2"
"GPIHBP1",4.19502846122073e-10,3.36928606030491,1,1,8.90352840609487e-06,"1","GPIHBP1"
"EBF1",4.46197554151615e-10,1.1072305019424,1,1,9.47009688931387e-06,"1","EBF1"
"KL",4.94972114338092e-10,2.34493552235102,1,1,1.05052881547117e-05,"1","KL"
"PXDN",4.98157530455413e-10,1.10628124184662,1,1,1.05728954263857e-05,"1","PXDN"
"ZHX3",5.00144080567939e-10,1.34867454744401,1,1,1.06150579659739e-05,"1","ZHX3"
"C7orf69",5.2682032019582e-10,0.933271426544851,1,1,1.11812344758361e-05,"1","C7orf69"
"SH3RF1",5.81162744481196e-10,1.00872922133568,1,1,1.23345980888689e-05,"1","SH3RF1"
"PURG",6.08066586961505e-10,1.71275567463882,1,1,1.2905605241671e-05,"1","PURG"
"TBX3",6.15586944350366e-10,1.44819819582381,1,1,1.30652173068922e-05,"1","TBX3"
"SOBP",6.49489257265285e-10,1.00552525187265,1,1,1.37847599961984e-05,"1","SOBP"
"DCHS1",7.48306650635003e-10,1.3788141453288,1,1,1.58820603530773e-05,"1","DCHS1"
"PRRG3",7.53175994187983e-10,2.4010018099462,1,1,1.59854073006457e-05,"1","PRRG3"
"AKAP2",7.77295422613774e-10,0.733105360688242,1,1,1.64973180495547e-05,"1","AKAP2"
"ZEB2",8.20965663226092e-10,1.17559448077597,1,1,1.74241752363106e-05,"1","ZEB2"
"PRSS35",8.26322429965895e-10,2.6083518544561,1,1,1.75378672535962e-05,"1","PRSS35"
"IGF2",8.52464830156734e-10,1.09396611938643,1,1,1.80927135552465e-05,"1","IGF2"
"FARP1",9.594237965023e-10,1.10249349905121,1,1,2.03628106569648e-05,"1","FARP1"
"CAV1",9.67264415202646e-10,1.49296050731251,1,1,2.0529219948261e-05,"1","CAV1"
"CD300LG",9.7603512307482e-10,3.54072582486588,1,1,2.071536945214e-05,"1","CD300LG"
"FGD1",9.80981176587949e-10,1.25908384660413,1,1,2.08203444919026e-05,"1","FGD1"
"CTTNBP2",1.01699686649194e-09,2.93690630779051,1,1,2.15847414944249e-05,"1","CTTNBP2"
"F2R",1.04331534703975e-09,1.63133957073723,1,1,2.21433249255717e-05,"1","F2R"
"TSPAN13",1.0707436055417e-09,1.60191940019165,1,1,2.27254622840171e-05,"1","TSPAN13"
"RAPGEF2",1.18345934791741e-09,1.03390202889289,1,1,2.5117741200199e-05,"1","RAPGEF2"
"MYO10",1.2393350435527e-09,1.20047824182335,1,1,2.63036469643625e-05,"1","MYO10"
"MEIS3",1.25284230193825e-09,1.12462652448329,1,1,2.65903250163375e-05,"1","MEIS3"
"MYLK",1.40935971574901e-09,1.04122871449022,1,1,2.9912250607057e-05,"1","MYLK"
"VAX2",1.61615206880883e-09,1.88249168446445,1,1,3.43012115083987e-05,"1","VAX2"
"DDX12P",1.70719826566428e-09,2.00940600407447,1,1,3.62335759904586e-05,"1","DDX12P"
"SHANK3",1.71865646237759e-09,1.05179256145524,1,1,3.64767647575019e-05,"1","SHANK3"
"SCN4A",1.88844541093167e-09,3.17084266606936,1,1,4.00803654016138e-05,"1","SCN4A"
"LRRC55",1.97718543323136e-09,2.17078858048543,1,1,4.19637836349025e-05,"1","LRRC55"
"A2M",2.00142647689189e-09,1.0558398172872,1,1,4.24782755455536e-05,"1","A2M"
"MPRIP",2.03222424933227e-09,0.858460278178526,1,1,4.31319274678281e-05,"1","MPRIP"
"KCTD15",2.17606619024107e-09,1.54376757964407,1,1,4.61848288216764e-05,"1","KCTD15"
"CHD3",2.34448900361005e-09,0.961294337557739,1,1,4.97594346126197e-05,"1","CHD3"
"MXRA5",2.5736631016419e-09,1.37862821979302,1,1,5.46234256692478e-05,"1","MXRA5"
"ENTPD1",2.58923767998817e-09,1.58337649921628,1,1,5.4953980520069e-05,"1","ENTPD1"
"TMEM47",2.73017722777906e-09,1.64714640280067,1,1,5.79452814823829e-05,"1","TMEM47"
"CDH5",2.81981596511992e-09,1.39528479254331,1,1,5.98477740437052e-05,"1","CDH5"
"KIAA1462",2.89020413956367e-09,1.3037392603388,1,1,6.13416926580992e-05,"1","KIAA1462"
"ADRA2B",2.93192836133462e-09,2.17990554722001,1,1,6.22272475409659e-05,"1","ADRA2B"
"TTC28",3.07768655461799e-09,0.871530862131969,1,1,6.53208194352122e-05,"1","TTC28"
"CDH13",3.07973148856277e-09,1.71035742826463,1,1,6.53642211132563e-05,"1","CDH13"
"GPR63",3.87853091800770e-09,1.96406359262033,1,1,8.23179402037953e-05,"1","GPR63"
"DCLK3",3.99760012058503e-09,1.83714300210477,1,1,8.48450649592967e-05,"1","DCLK3"
"ZNF462",4.10747251164824e-09,1.17723139477722,1,1,8.71769965872223e-05,"1","ZNF462"
"CDH6",4.12819528861431e-09,2.4734624921574,1,1,8.76168168055501e-05,"1","CDH6"
"KCNAB1",4.18346321839723e-09,1.81977318846269,1,1,8.87898233472629e-05,"1","KCNAB1"
"RP11-1055B8.7",4.3153948703581e-09,1.32473676378805,1,1,9.15899407284804e-05,"1","RP11-1055B8.7"
"ITPKB",4.53264549484409e-09,1.11365641331126,1,1,9.6200867982571e-05,"1","ITPKB"
"FAM198B",4.84254382355802e-09,1.90291351231772,1,1,0.000102778150111195,"1","FAM198B"
"GRB10",5.04536234529774e-09,1.32156158570556,1,1,0.000107082770416599,"1","GRB10"
"ITGB1",5.10384954730116e-09,0.939174246696535,1,1,0.00010832410279192,"1","ITGB1"
"FAT4",5.19337247786927e-09,1.0658670789625,1,1,0.000110224137470297,"1","FAT4"
"ITPR1",5.41588982709586e-09,0.962525243024643,1,1,0.000114946845690283,"1","ITPR1"
"NHSL2",6.04813211907228e-09,1.18387496261082,1,1,0.00012836555609519,"1","NHSL2"
"EFHD1",6.08756141001372e-09,1.99420098750422,1,1,0.000129202403366131,"1","EFHD1"
"RP11-3B7.1",6.10337358739265e-09,2.2315956461475,1,1,0.000129538001018822,"1","RP11-3B7.1"
"MEOX2",6.13380989514649e-09,2.02466489028021,1,1,0.000130183981214589,"1","MEOX2"
"PPM1H",6.59627273883355e-09,1.74402099595086,1,1,0.000139999292609003,"1","PPM1H"
"RTL1",7.07975458059084e-09,2.35414533444884,1,1,0.00015026071121846,"1","RTL1"
"ENC1",7.10063050483129e-09,1.23652718616853,1,1,0.000150703781834539,"1","ENC1"
"RNF157",7.67335758961339e-09,1.60313093494261,1,1,0.000162859341481955,"1","RNF157"
"RP11-380D23.1",8.13466230138295e-09,1.39847152095885,1,1,0.000172650072684552,"1","RP11-380D23.1"
"ABCG2",9.01153014943528e-09,1.87082685784354,1,1,0.000191260715891614,"1","ABCG2"
"THSD7B",9.79374227945264e-09,2.87237484622919,1,1,0.000207862386139103,"1","THSD7B"
"HOXC6",1.01977341545123e-08,1.30813409833592,1,1,0.000216436709695369,"1","HOXC6"
"MED12",1.03386810588798e-08,0.830505011279399,1,1,0.000219428166793664,"1","MED12"
"ARHGEF17",1.04093144120635e-08,1.41827963750904,1,1,0.000220927289081636,"1","ARHGEF17"
"SNORA11",1.14968865634487e-08,1.4633904506144,1,1,0.000244009920422634,"1","SNORA11"
"ZNF660",1.25037500954285e-08,2.13788530032845,1,1,0.000265379592025375,"1","ZNF660"
"ANKRD30A",1.29966824247259e-08,0.409196011609172,1,1,0.000275841587782383,"1","ANKRD30A"
"ADCY6",1.3981310610837e-08,1.3919554026341,1,1,0.000296739336404404,"1","ADCY6"
"TEAD2",1.39958130582374e-08,1.23537004649971,1,1,0.000297047136348031,"1","TEAD2"
"ERF",1.44663003387552e-08,1.04680968159813,1,1,0.00030703275838974,"1","ERF"
"MYH13",1.53166037751604e-08,0.96622794629579,1,1,0.000325079598524005,"1","MYH13"
"GDPD5",1.55547469757779e-08,1.04380732513043,1,1,0.000330133949813909,"1","GDPD5"
"PLEKHG1",1.56011437209767e-08,0.87247603834728,1,1,0.00033111867433401,"1","PLEKHG1"
"PCDHAC2",1.57025020010157e-08,1.90388078255838,1,1,0.000333269902469557,"1","PCDHAC2"
"RP11-22B23.1",1.58931532658784e-08,1.5381133260744,1,1,0.000337316284915003,"1","RP11-22B23.1"
"THSD7A",1.61109434266664e-08,1.40335767794526,1,1,0.000341938663287569,"1","THSD7A"
"XAF1",1.66732788150236e-08,1.56448066974315,1,1,0.00035387366957006,"1","XAF1"
"VCL",1.71717250434684e-08,1.01207523632031,1,1,0.000364452692322573,"1","VCL"
"EFEMP2",1.75544418367127e-08,1.07794935603961,1,1,0.000372575473542391,"1","EFEMP2"
"CPE",1.75550484244132e-08,1.58126302551264,1,1,0.000372588347759745,"1","CPE"
"RBP7",1.80948014253244e-08,2.85557568925915,1,1,0.000384044065451086,"1","RBP7"
"CPNE2",1.82100193675997e-08,1.50161433969675,1,1,0.000386489451057935,"1","CPNE2"
"TCF4",2.01733761651901e-08,0.927575284907732,1,1,0.000428159735729994,"1","TCF4"
"CACNG8",2.03918907061299e-08,2.81705634606632,1,1,0.0004327974883469,"1","CACNG8"
"TBC1D9",2.12502914619855e-08,0.743253504352495,1,1,0.00045101618598918,"1","TBC1D9"
"TNFRSF1B",2.18182534476753e-08,1.01541537992552,1,1,0.00046307061117346,"1","TNFRSF1B"
"ARHGEF26",2.18612714064806e-08,1.5689480295726,1,1,0.000463983624331144,"1","ARHGEF26"
"PRRT2",2.21149170050886e-08,2.01346785105586,1,1,0.000469366998515999,"1","PRRT2"
"TINAGL1",2.41473444013878e-08,0.855619612486233,1,1,0.000512503237575054,"1","TINAGL1"
"KCP",2.61181940212654e-08,1.57871071524717,1,1,0.000554332549907337,"1","KCP"
"EDNRB",2.7199499988978e-08,2.12765282971794,1,1,0.000577282187766069,"1","EDNRB"
"GPR161",2.90141108809062e-08,1.47230486285435,1,1,0.000615795489336354,"1","GPR161"
"COL18A1-AS1",2.90886256524116e-08,2.03162438239196,1,1,0.000617376990846785,"1","COL18A1-AS1"
"CYGB",2.99834642257066e-08,2.13767198244717,1,1,0.000636369044726396,"1","CYGB"
"SEMA5A",3.20757647784656e-08,1.3533601294339,1,1,0.000680776031658155,"1","SEMA5A"
"RBPMS2",3.25079854659427e-08,3.58636232101383,1,1,0.000689949483529168,"1","RBPMS2"
"MOCS1",3.32796668146625e-08,1.16172327694811,1,1,0.000706327648474397,"1","MOCS1"
"ANXA6",3.55518833946353e-08,0.970999342977272,1,1,0.000754553173167739,"1","ANXA6"
"EDA",3.78570096741801e-08,1.28090847157693,1,1,0.000803477173324798,"1","EDA"
"TBKBP1",4.06922007155363e-08,1.28386978673945,1,1,0.000863651267986542,"1","TBKBP1"
"FABP4",4.13418094252232e-08,2.18948663277846,1,1,0.000877438563240937,"1","FABP4"
"FAM13C",4.3297861639343e-08,1.36541609734888,1,1,0.000918953815433416,"1","FAM13C"
"RIMKLB",4.63906165428164e-08,1.59265604290782,1,1,0.000984594445504735,"1","RIMKLB"
"TET1",4.75131725192963e-08,1.1182466710866,1,1,0.00100841957354954,"1","TET1"
"POPDC2",4.82436040831538e-08,1.9324609196078,1,1,0.00102392225306086,"1","POPDC2"
"PRPF40B",5.35581479101145e-08,1.07608430643838,1,1,0.00113671813124427,"1","PRPF40B"
"CBL",5.3600992985902e-08,0.813868606042249,1,1,0.00113762747513278,"1","CBL"
"TAOK2",5.38103967503739e-08,0.80061511325097,1,1,0.00114207186062994,"1","TAOK2"
"MRVI1",5.42787961063749e-08,1.16629235073362,1,1,0.0011520131685617,"1","MRVI1"
"TMEM178A",5.70163249519493e-08,2.25084274568276,1,1,0.00121011448078017,"1","TMEM178A"
"TYRO3",5.7977738755959e-08,1.703957010432,1,1,0.00123051952735647,"1","TYRO3"
"OR6B1",6.20485125549291e-08,2.40012853122009,1,1,0.00131691763046581,"1","OR6B1"
"IMPDH1P11",6.28683165398779e-08,1.78613980396694,1,1,0.00133431715024237,"1","IMPDH1P11"
"GPR4",6.50308980107925e-08,1.51826872529565,1,1,0.00138021577938106,"1","GPR4"
"LZTS1",6.65927682011446e-08,1.44057885868469,1,1,0.00141336491230109,"1","LZTS1"
"HGSNAT",6.75950849599172e-08,0.788834263815634,1,1,0.00143463808318928,"1","HGSNAT"
"CD248",6.78079865165724e-08,1.42964544891164,1,1,0.00143915670582773,"1","CD248"
"GJA5",7.02960387991156e-08,1.46921382254383,1,1,0.00149196312747243,"1","GJA5"
"BEND7",7.09387216361629e-08,1.65817202687707,1,1,0.00150560342800592,"1","BEND7"
"PCDH9",7.35246906651387e-08,1.65852885262729,1,1,0.0015604880346769,"1","PCDH9"
"ETS1",7.4012428375215e-08,0.781527976424965,1,1,0.00157083977983556,"1","ETS1"
"KIAA0195",7.55873923258275e-08,0.780664291143943,1,1,0.00160426681472336,"1","KIAA0195"
"EDNRA",7.72985758028907e-08,1.48950454653729,1,1,0.00164058497284055,"1","EDNRA"
"ANO2",8.27890097921306e-08,1.5263298057215,1,1,0.00175711394382818,"1","ANO2"
"BTNL3",8.51447529496118e-08,1.69540494346884,1,1,0.00180711223660256,"1","BTNL3"
"PLXDC1",8.77221861118125e-08,1.42436886698896,1,1,0.00186181567803711,"1","PLXDC1"
"PRKAR2B",8.9572446938045e-08,1.98392966226858,1,1,0.00190108561381307,"1","PRKAR2B"
"TNN",8.98550021586825e-08,2.58978083852372,1,1,0.00190708256581588,"1","TNN"
"DYRK2",9.45763666979245e-08,0.864094434772596,1,1,0.00200728880679675,"1","DYRK2"
"SYCP2L",9.6449361419285e-08,2.25424606474066,1,1,0.0020470412467629,"1","SYCP2L"
"CYTH3",9.80024103706726e-08,1.06722477897937,1,1,0.00208000315770716,"1","CYTH3"
"IGFBP7",1.00570632213732e-07,1.16204041987814,1,1,0.00213451109810424,"1","IGFBP7"
"AKT3",1.00698895186173e-07,1.15437046826642,1,1,0.00213723335143134,"1","AKT3"
"SORBS3",1.03601855067081e-07,0.887677697382422,1,1,0.00219884577194372,"1","SORBS3"
"ADCY1",1.09906996847717e-07,1.644410366101,1,1,0.00233266610109595,"1","ADCY1"
"LPAR4",1.14003339158432e-07,1.42033023831455,1,1,0.00241960687029857,"1","LPAR4"
"ATXN1",1.15992199423051e-07,0.894936632475051,1,1,0.00246181844055484,"1","ATXN1"
"KCNB1",1.2476316623843e-07,1.71685978874031,1,1,0.00264797344024443,"1","KCNB1"
"RGAG4",1.2852271910154e-07,0.982755913693754,1,1,0.00272776619021109,"1","RGAG4"
"GABRQ",1.36831953279452e-07,3.02006697606131,1,1,0.00290412137640309,"1","GABRQ"
"GAREML",1.37615469244565e-07,1.39969287923798,1,1,0.00292075071924664,"1","GAREML"
"MUC3A",1.39654232968641e-07,2.59605027201022,1,1,0.00296402144052644,"1","MUC3A"
"LRRC17",1.52608143099995e-07,1.66024013704975,1,1,0.00323895522915429,"1","LRRC17"
"FHL5",1.54746669674563e-07,2.02487760438787,1,1,0.00328434331717292,"1","FHL5"
"BMP1",1.58417486084373e-07,0.991921184979663,1,1,0.00336225272465474,"1","BMP1"
"GRIK3",1.64518508842036e-07,2.41557725640084,1,1,0.00349174083166337,"1","GRIK3"
"SYDE1",1.64670528229137e-07,1.16302689078326,1,1,0.00349496729113521,"1","SYDE1"
"CACNA1A",1.66203440475337e-07,1.21337482498539,1,1,0.00352750182064855,"1","CACNA1A"
"LTK",1.74876362549831e-07,0.967686789234774,1,1,0.00371157591875762,"1","LTK"
"PIK3R6",1.79070258970136e-07,1.77496955680241,1,1,0.00380058717638217,"1","PIK3R6"
"ASAP1",1.79371957752464e-07,0.583308614531767,1,1,0.00380699043133831,"1","ASAP1"
"PDE3A",1.85513273460302e-07,1.34342797375427,1,1,0.00393733371592145,"1","PDE3A"
"EEPD1",1.87331459261508e-07,1.30203894211313,1,1,0.00397592289136624,"1","EEPD1"
"AASS",1.88050088251409e-07,1.05186370177198,1,1,0.00399117507304791,"1","AASS"
"VAMP5",1.88865258206489e-07,1.62338184472857,1,1,0.00400847624017452,"1","VAMP5"
"MAPK11",1.90835517038957e-07,1.25162644737487,1,1,0.00405029301363481,"1","MAPK11"
"THY1",1.95131606294234e-07,1.49790611451294,1,1,0.00414147321198883,"1","THY1"
"PHLDB1",2.05226960794891e-07,0.96947910971198,1,1,0.00435573701591076,"1","PHLDB1"
"ADAMTS2",2.0562454162058e-07,1.1812629639954,1,1,0.00436417527135519,"1","ADAMTS2"
"AC005481.5",2.13881673029583e-07,1.01566165031159,1,1,0.00453942462837987,"1","AC005481.5"
"CACNA1C",2.18514744299637e-07,0.992820495142301,1,1,0.0046377569330155,"1","CACNA1C"
"CRYBG3",2.32748887576007e-07,1.07683252935273,1,1,0.00493986238991318,"1","CRYBG3"
"TAGLN",2.3557647414225e-07,1.03182503876016,1,1,0.00499987508719512,"1","TAGLN"
"TMEM44",2.37988375697119e-07,1.50091006015538,1,1,0.00505106528579566,"1","TMEM44"
"CHST1",2.49179025532067e-07,1.9275207204932,1,1,0.0052885756378926,"1","CHST1"
"TCEAL7",2.5063636381299e-07,2.00703079982524,1,1,0.0053195061855669,"1","TCEAL7"
"ZSWIM6",2.51561752072039e-07,0.630789934945224,1,1,0.00533914662597695,"1","ZSWIM6"
"C8orf58",2.54992856581715e-07,1.43467371430277,1,1,0.00541196838809033,"1","C8orf58"
"AGBL4",2.5842578660173e-07,1.44200108532,1,1,0.00548482889483513,"1","AGBL4"
"C1QTNF9",2.59230712826412e-07,2.70230410867221,1,1,0.00550191264902777,"1","C1QTNF9"
"MXRA5P1",2.80043442038538e-07,1.89600589457794,1,1,0.00594364201382594,"1","MXRA5P1"
"GSN",2.9304180661258e-07,1.28564740168821,1,1,0.0062195193035454,"1","GSN"
"DGKH",2.93305300838504e-07,0.933330241503846,1,1,0.00622511170499641,"1","DGKH"
"SULT1C2",2.96121555766868e-07,2.27162328457722,1,1,0.00628488389959601,"1","SULT1C2"
"C11orf96",3.21247947922069e-07,1.0572240961216,1,1,0.006818166446698,"1","C11orf96"
"LPP",3.46530239851825e-07,0.875878335020015,1,1,0.00735475781061513,"1","LPP"
"REM1",3.59001968208352e-07,1.50687719399856,1,1,0.00761945777325407,"1","REM1"
"LIN7A",3.78677415577721e-07,1.15705919862294,1,1,0.00803704946822155,"1","LIN7A"
"COL4A2-AS2",3.9360146505779e-07,2.22515845177707,1,1,0.00835379749438652,"1","COL4A2-AS2"
"SPARCL1",3.93608437008723e-07,1.14227580474556,1,1,0.00835394546707314,"1","SPARCL1"
"CLMN",4.01802718375921e-07,1.13533690160719,1,1,0.00852786089481055,"1","CLMN"
"APBB2",4.07291825270715e-07,1.34358243477774,1,1,0.00864436169954566,"1","APBB2"
"WDR86",4.15498558066402e-07,1.94092534957196,1,1,0.00881854139640132,"1","WDR86"
"CLGN",4.17087560965944e-07,2.31103643664343,1,1,0.00885226639394119,"1","CLGN"
"JAM2",4.22895583544718e-07,1.59880662417546,1,1,0.0089755358651531,"1","JAM2"
"FAM26E",4.23982242484856e-07,2.96624434379134,1,1,0.00899859911449859,"1","FAM26E"
"TNS3",4.24125781254807e-07,0.89580169715931,1,1,0.00900164558135202,"1","TNS3"
"CTD-2270N23.1",4.27503384001204e-07,1.16671825525579,1,1,0.00907333182204154,"1","CTD-2270N23.1"
"FGF1",4.29525715096873e-07,0.975901084241389,1,1,0.00911625377721603,"1","FGF1"
"MTSS1",4.32402950978475e-07,0.7761117264739,1,1,0.00917732023156715,"1","MTSS1"
"FZD4",4.60285581454169e-07,1.61150480145382,1,1,0.00976910118078328,"1","FZD4"
"ADAMTS12",4.73500101964577e-07,1.21822198444394,1,1,0.0100495661640962,"1","ADAMTS12"
"ZNF99",4.83316333676338e-07,1.89784383941878,1,1,0.0102579058659466,"1","ZNF99"
"EOGT",4.87858434548298e-07,0.923338471333476,1,1,0.0103543074148531,"1","EOGT"
"C17orf72",4.92196703404623e-07,0.534145779195709,1,1,0.0104463828330597,"1","C17orf72"
"BCAR3",5.42366079042328e-07,0.896039479577134,1,1,0.0115111776615944,"1","BCAR3"
"ZNF618",5.72773828648117e-07,0.530900315252358,1,1,0.0121565517392276,"1","ZNF618"
"ARHGEF40",5.79491282626979e-07,1.33904926109609,1,1,0.012299122982475,"1","ARHGEF40"
"FAM101B",5.89787649946341e-07,2.2640551859881,1,1,0.0125176530824611,"1","FAM101B"
"DEFB134",6.28596206810253e-07,0.906677537818325,1,1,0.0133413258933408,"1","DEFB134"
"ARAP3",6.71506168744499e-07,0.922226414659857,1,1,0.0142520469254332,"1","ARAP3"
"NRXN3",6.90872441132293e-07,1.54930621981873,1,1,0.0146630766905918,"1","NRXN3"
"PKP4",6.91633838302356e-07,1.11001861771709,1,1,0.0146792365841292,"1","PKP4"
"SPRED1",6.97759364101406e-07,0.880881816046877,1,1,0.0148092447436882,"1","SPRED1"
"AGTR1",6.98005546772255e-07,2.12819964103076,1,1,0.0148144697246943,"1","AGTR1"
"RP11-192P3.5",7.30097128921601e-07,1.39416364907461,1,1,0.015495581464232,"1","RP11-192P3.5"
"H3F3BP1",7.31600385562161e-07,0.910241681561724,1,1,0.0155274865831713,"1","H3F3BP1"
"RAMP2",7.6797671999086e-07,0.990887195518347,1,1,0.016299537905086,"1","RAMP2"
"PDLIM7",8.00518347735456e-07,0.799252588189123,1,1,0.0169902014123373,"1","PDLIM7"
"OIT3",8.00525268133955e-07,3.03931634480634,1,1,0.0169903482908751,"1","OIT3"
"GPR162",8.00605473148592e-07,0.955355628906318,1,1,0.0169920505621057,"1","GPR162"
"S1PR3",8.10906351337349e-07,1.57438777086602,1,1,0.0172106764007839,"1","S1PR3"
"APOLD1",8.26395086556881e-07,2.21545723244922,1,1,0.0175394093170832,"1","APOLD1"
"FLRT2",8.38642156400833e-07,1.75324611820757,1,1,0.0177993411274513,"1","FLRT2"
"CTB-79E8.3",8.43588250711205e-07,2.07187892686622,1,1,0.0179043170330946,"1","CTB-79E8.3"
"HP1BP3",8.67008213818253e-07,0.520882124195925,1,1,0.0184013823300786,"1","HP1BP3"
"TGFB1I1",8.72049381498945e-07,0.956726889961296,1,1,0.0185083760729336,"1","TGFB1I1"
"TSPAN18",8.80472291825176e-07,1.27559252430714,1,1,0.0186871439216975,"1","TSPAN18"
"MYO1E",8.83459333135815e-07,0.682578260051546,1,1,0.0187505408864745,"1","MYO1E"
"ARMCX2",9.06209522671229e-07,0.998678923125556,1,1,0.0192333909091742,"1","ARMCX2"
"RASL12",9.64555158375585e-07,1.4129906324183,1,1,0.0204717186813634,"1","RASL12"
"LRRC32",9.66993936470929e-07,1.04069233995909,1,1,0.020523479307659,"1","LRRC32"
"SGK223",9.75822076402152e-07,1.23567084999608,1,1,0.0207108477495593,"1","SGK223"
"PGBD1",9.76045547192705e-07,0.900537531520442,1,1,0.020715590693618,"1","PGBD1"
"GSC",1.01221405477009e-06,1.82145975160785,1,1,0.0214832310984403,"1","GSC"
"MIR4435-1HG",1.01596110825047e-06,1.35302833986241,1,1,0.0215627585615081,"1","MIR4435-1HG"
"RP11-466L17.1",1.03230424011652e-06,0.993024153400123,1,1,0.0219096251922331,"1","RP11-466L17.1"
"OPN5",1.0447435162608e-06,1.89214103912074,1,1,0.0221736363891192,"1","OPN5"
"SH3KBP1",1.08037165406391e-06,0.665659421685419,1,1,0.0229298079858524,"1","SH3KBP1"
"ATP7B",1.10914835945463e-06,1.14883896452855,1,1,0.023540564781065,"1","ATP7B"
"RP11-26H16.1",1.11557171494831e-06,1.54247805881779,1,1,0.0236768940780629,"1","RP11-26H16.1"
"DENND2A",1.17989899949885e-06,1.02866812602352,1,1,0.0250421763653636,"1","DENND2A"
"ARHGAP18",1.33631018308883e-06,1.18045675436601,1,1,0.0283618473258773,"1","ARHGAP18"
"NISCH",1.3402643932646e-06,0.807081434956203,1,1,0.0284457714826478,"1","NISCH"
"ZNF114",1.3668305233099e-06,1.62432307041633,1,1,0.0290096110267293,"1","ZNF114"
"MPDZ",1.36922156429633e-06,1.16684246610598,1,1,0.0290603584806252,"1","MPDZ"
"NIPSNAP3B",1.37707903956222e-06,1.73125844851173,1,1,0.0292271255356686,"1","NIPSNAP3B"
"ITGB1P1",1.3912460778236e-06,0.817820373770138,1,1,0.0295278067557282,"1","ITGB1P1"
"CTD-2224J9.8",1.39645510142057e-06,1.31202176303023,1,1,0.0296383630725501,"1","CTD-2224J9.8"
"ACAN",1.41680306258799e-06,2.03713551455841,1,1,0.0300702282003674,"1","ACAN"
"CDK14",1.44033296468854e-06,0.812040286909358,1,1,0.0305696268425496,"1","CDK14"
"ITGA11",1.4484833098483e-06,1.0492317541615,1,1,0.0307426097682203,"1","ITGA11"
"DCBLD1",1.48997344110664e-06,1.22114026770303,1,1,0.0316231963140472,"1","DCBLD1"
"RANBP17",1.5342784408691e-06,1.00168791038693,1,1,0.0325635256290058,"1","RANBP17"
"DCP2",1.55850622151195e-06,0.789563002081806,1,1,0.0330777360453697,"1","DCP2"
"TIMP4",1.56557871319574e-06,2.42269627556426,1,1,0.0332278426088664,"1","TIMP4"
"CTNND1",1.72430811767419e-06,0.58231586042071,1,1,0.036596715489517,"1","CTNND1"
"RP11-647F2.2",1.72794676237446e-06,3.71377387372529,1,1,0.0366739420846355,"1","RP11-647F2.2"
"VASH2",1.75214931637134e-06,2.38484694625224,1,1,0.0371876170906652,"1","VASH2"
"TLN1",1.8320534723919e-06,0.601311785583754,1,1,0.0388835028980457,"1","TLN1"
"NPM1P6",1.85339331418836e-06,1.59222941972844,1,1,0.0393364197003338,"1","NPM1P6"
"GTDC1",1.86093783647034e-06,0.978903984460477,1,1,0.0394965446412465,"1","GTDC1"
"FAM219A",1.86652073785494e-06,1.30335570534528,1,1,0.0396150361402333,"1","FAM219A"
"NFASC",1.8712156612666e-06,0.836566850088804,1,1,0.0397146811947223,"1","NFASC"
"MEG8",1.88366399332477e-06,1.09104313550679,1,1,0.039978884594325,"1","MEG8"
"RNF152",1.92478402461252e-06,1.23102992040224,1,1,0.0408516161383761,"1","RNF152"
"NES",1.9344800887839e-06,1.03411607680886,1,1,0.0410574054043496,"1","NES"
"PHGDH",1.96387919432051e-06,1.6297556498558,1,1,0.0416813720202584,"1","PHGDH"
"AGRN",1.9665186180424e-06,0.976582877600112,1,1,0.0417373911493319,"1","AGRN"
"ARHGAP1",2.00565082826345e-06,0.666316551115841,1,1,0.0425679331790635,"1","ARHGAP1"
"JPH1",2.01534339221187e-06,1.14566828030289,1,1,0.0427736481563047,"1","JPH1"
"HCAR1",2.02374334281231e-06,1.13587950851505,1,1,0.0429519287078484,"1","HCAR1"
"C1orf61",2.02945037620352e-06,1.54841908937496,1,1,0.0430730547845435,"1","C1orf61"
"OR2A25",2.05332834478106e-06,1.65877755223329,1,1,0.0435798407896332,"1","OR2A25"
"OR2A5",2.06073471432098e-06,3.26709434756962,1,1,0.0437370335767486,"1","OR2A5"
"TPM1",2.09519107714325e-06,0.847157682260075,1,1,0.0444683354212884,"1","TPM1"
"CASC10",2.10385491786686e-06,1.29028420174737,1,1,0.0446522167768061,"1","CASC10"
"PCDH12",2.11334311777141e-06,1.05054076670467,1,1,0.0448535943315805,"1","PCDH12"
"RP11-481A20.11",2.11441700810809e-06,1.83579973300712,1,1,0.0448763865800861,"1","RP11-481A20.11"
"DOCK6",2.11575686524296e-06,0.926197516250419,1,1,0.0449048237079166,"1","DOCK6"
"FRYL",2.14332200754722e-06,0.70304747935193,1,1,0.0454898662881822,"1","FRYL"
"LIPI",2.1447907558541e-06,2.31340863547284,1,1,0.0455210390022473,"1","LIPI"
"SNTB1",2.15100961505029e-06,1.24628001414926,1,1,0.0456530280698274,"1","SNTB1"
"ISL1",2.15539384678898e-06,1.75261691933116,1,1,0.0457460790042494,"1","ISL1"
"SLC12A5",2.17086956773932e-06,1.4394117548897,1,1,0.0460745357056993,"1","SLC12A5"
"KCTD9P1",2.1797257219112e-06,1.23265324355054,1,1,0.0462624987218434,"1","KCTD9P1"
"GRPEL2",2.20009883334207e-06,1.85859512177501,1,1,0.0466948976388521,"1","GRPEL2"
"AFF2",2.21366373817755e-06,1.46645808376621,1,1,0.0469827991790803,"1","AFF2"
"SYCP2",2.23828191571223e-06,1.88248792965904,1,1,0.0475052953790764,"1","SYCP2"
"ADAMTSL2",2.32959650828973e-06,1.24791060366731,1,1,0.0494433562919413,"1","ADAMTSL2"
"SLC7A2",2.36866020892756e-06,0.844049536261306,1,1,0.0502724442742785,"1","SLC7A2"
"KCNE4",2.37765847714973e-06,1.68286580518958,1,1,0.0504634235190259,"1","KCNE4"
"RPL5P14",2.39074138469086e-06,0.882503268882818,1,1,0.0507410951486788,"1","RPL5P14"
"PRCD",2.4054874149769e-06,1.46737248754122,1,1,0.0510540648954697,"1","PRCD"
"HOXB2",2.53234179264552e-06,4.71745896122527,1,1,0.0537464222071085,"1","HOXB2"
"NREP",2.59136736167449e-06,1.47346742550144,1,1,0.0549991808841793,"1","NREP"
"NPDC1",2.70260881134307e-06,0.205827570152879,1,1,0.0573601694119454,"1","NPDC1"
"PCDHB9",2.74671493451815e-06,1.33798749927478,1,1,0.0582962777702132,"1","PCDHB9"
"HOXB9",2.78404624666336e-06,1.25111453939602,1,1,0.0590885975391832,"1","HOXB9"
"HIP1",2.83613059371019e-06,0.733449363455286,1,1,0.0601940357209051,"1","HIP1"
"LRFN5",2.83868105386793e-06,1.78125935176214,1,1,0.060248166687293,"1","LRFN5"
"SPON2",3.0409756377036e-06,0.749316813722681,1,1,0.0645416669346212,"1","SPON2"
"AC091492.2",3.16186870062596e-06,1.3013528127306,1,1,0.0671075013020854,"1","AC091492.2"
"RP11-244F12.3",3.18381451434643e-06,1.20387024902273,1,1,0.0675732792524887,"1","RP11-244F12.3"
"KCNA6",3.18537993192013e-06,2.08685600198448,1,1,0.0676065036750728,"1","KCNA6"
"TFPI2",3.18910919351587e-06,0.633912563473995,1,1,0.0676856535231808,"1","TFPI2"
"ASTN1",3.24354633156679e-06,2.10021665490993,1,1,0.0688410273411736,"1","ASTN1"
"TEK",3.25649377328334e-06,1.0439177760648,1,1,0.0691158238441656,"1","TEK"
"LRP12",3.2662161436348e-06,0.772723638991183,1,1,0.069322171432505,"1","LRP12"
"H19",3.33888334144741e-06,0.928241104908075,1,1,0.0708644600388798,"1","H19"
"TMSB15A",3.37323751479247e-06,0.777746231259975,1,1,0.0715935930139554,"1","TMSB15A"
"PCDHB17",3.38598333593484e-06,1.81078578106379,1,1,0.0718641103218812,"1","PCDHB17"
"ABCC9",3.41079660714405e-06,1.05213532904185,1,1,0.0723907471900252,"1","ABCC9"
"ST8SIA4",3.55648882229351e-06,1.26991013380452,1,1,0.0754829187643575,"1","ST8SIA4"
"CCDC60",3.60872159868981e-06,1.27670590183891,1,1,0.0765915072105925,"1","CCDC60"
"PCDHA13",3.73243740146361e-06,2.18813424995129,1,1,0.0792172514086636,"1","PCDHA13"
"LRP6",3.85196834468424e-06,0.554956608326133,1,1,0.0817541761475783,"1","LRP6"
"PDK4",3.96394059536272e-06,1.92281812415224,1,1,0.0841306751959783,"1","PDK4"
"ISYNA1",4.03643609058444e-06,0.866546128255397,1,1,0.0856693195865641,"1","ISYNA1"
"GRIN2A",4.05238798758452e-06,2.91253256370153,1,1,0.0860078826484938,"1","GRIN2A"
"CDC42EP1",4.09850140083948e-06,1.44913449704159,1,1,0.0869865937314172,"1","CDC42EP1"
"MFSD6L",4.10259556970323e-06,1.1621111107648,1,1,0.0870734883713814,"1","MFSD6L"
"RP1",4.13218397396368e-06,0.341320147471134,1,1,0.0877014726634052,"1","RP1"
"TRIM71",4.25773189658069e-06,2.38968751481143,1,1,0.0903661017730285,"1","TRIM71"
"LGI4",4.28459122702926e-06,1.35077409161664,1,1,0.090936164202469,"1","LGI4"
"TMEM119",4.32950361006536e-06,1.82011025453743,1,1,0.0918893846200271,"1","TMEM119"
"TLE2",4.33149891926108e-06,1.52078108111986,1,1,0.0919317330623971,"1","TLE2"
"GRID1",4.33697244514883e-06,0.930916850746591,1,1,0.0920479031758388,"1","GRID1"
"SYCE1",4.4535759049241e-06,2.54018974202633,1,1,0.0945226950061091,"1","SYCE1"
"WTIP",4.52192181278494e-06,1.46601232947709,1,1,0.0959732685545475,"1","WTIP"
"AMT",4.61249126258945e-06,0.792147803127724,1,1,0.0978955145571986,"1","AMT"
"ENOX1",4.65433023237948e-06,1.15127067197704,1,1,0.098783504852022,"1","ENOX1"
"ELAVL2",4.7403168059115e-06,0.669798296745364,1,1,0.100608483888666,"1","ELAVL2"
"CACHD1",4.85952951923679e-06,0.768338314739985,1,1,0.103138654516282,"1","CACHD1"
"GJA4",4.97064995863538e-06,0.754758415013395,1,1,0.105497074722077,"1","GJA4"
"PPARG",5.02529787948691e-06,0.728710821245645,1,1,0.10665692219423,"1","PPARG"
"TMSB15B",5.30893950050939e-06,1.08369406934121,1,1,0.112676931958811,"1","TMSB15B"
"ZBTB46",5.61957123072835e-06,0.561769299539183,1,1,0.119269779800979,"1","ZBTB46"
"TNS1",5.66417501609913e-06,0.992128089655822,1,1,0.120216450541688,"1","TNS1"
"COL5A1",5.70001576460473e-06,0.916114160374267,1,1,0.120977134587971,"1","COL5A1"
"SLC26A10",5.87808047124519e-06,0.746915900337084,1,1,0.124756379921708,"1","SLC26A10"
"ADAMTSL3",5.8892721988521e-06,2.03851111013735,1,1,0.124993913148437,"1","ADAMTSL3"
"NEDD4",5.91470776037151e-06,0.493743707394483,1,1,0.125533757506125,"1","NEDD4"
"PCDHA5",6.00190126593611e-06,2.25658233082905,1,1,0.127384352468228,"1","PCDHA5"
"PTCHD4",6.1813582382581e-06,1.4007163293449,1,1,0.13119314724879,"1","PTCHD4"
"RAPGEF1",6.19700168655244e-06,0.621355700774131,1,1,0.131525163795389,"1","RAPGEF1"
"PLEKHG5",6.20747166833773e-06,0.852319056338462,1,1,0.1317473786888,"1","PLEKHG5"
"HOXB8",6.26345223512918e-06,1.62260699215431,1,1,0.132935510238382,"1","HOXB8"
"NR2F2",6.27040174613899e-06,0.860201372769069,1,1,0.133083006660054,"1","NR2F2"
"FKBP9",6.28952413084723e-06,0.677457334297248,1,1,0.133488860153102,"1","FKBP9"
"PPP1R14A",6.36189192321154e-06,1.12326668713699,1,1,0.135024794178242,"1","PPP1R14A"
"PCDHA10",6.38308178806132e-06,3.16014937180466,1,1,0.135474527869813,"1","PCDHA10"
"PAPSS2",6.43945129915255e-06,0.919922166595754,1,1,0.136670914373214,"1","PAPSS2"
"ZNF641",6.48652532018063e-06,0.940602660398822,1,1,0.137670013395514,"1","ZNF641"
"TSPAN12",6.58027099229305e-06,1.04035333731018,1,1,0.139659671540428,"1","TSPAN12"
"C9orf153",6.62384287562955e-06,0.677781603881899,1,1,0.140584441192362,"1","C9orf153"
"TREH",6.85514755149566e-06,1.64766352486716,1,1,0.145493651632944,"1","TREH"
"MIR143HG",6.88619022184688e-06,0.812907598693698,1,1,0.146152501268478,"1","MIR143HG"
"LZTS2",6.98294133640971e-06,1.54269650608072,1,1,0.14820594692396,"1","LZTS2"
"KLF11",7.3313347089295e-06,0.804530818935149,1,1,0.15560024786232,"1","KLF11"
"FCGRT",7.39310779677576e-06,1.08946739245825,1,1,0.156911319878769,"1","FCGRT"
"CNTNAP5",7.46576220990902e-06,2.41173229217849,1,1,0.158453337143109,"1","CNTNAP5"
"C17orf47",7.49253951965807e-06,1.7507474611456,1,1,0.159021658765223,"1","C17orf47"
"LAMB2",7.64059951550872e-06,0.548973668625592,1,1,0.162164084117157,"1","LAMB2"
"ELOVL2",7.8018199008049e-06,1.14376059201196,1,1,0.165585825574683,"1","ELOVL2"
"MBNL2",7.80453038971901e-06,0.656553483224517,1,1,0.165643352991396,"1","MBNL2"
"KCNMB4",8.00808610032117e-06,1.99126778693353,1,1,0.169963619393217,"1","KCNMB4"
"BCAM",8.09774545553709e-06,1.00220314371189,1,1,0.171866549548319,"1","BCAM"
"FAM20C",8.40661012808766e-06,1.49116784983439,1,1,0.178421893358532,"1","FAM20C"
"STEAP4",8.57559288687807e-06,1.62365640250136,1,1,0.1820083834311,"1","STEAP4"
"SDHCP1",8.70793827526246e-06,2.81631530200102,1,1,0.18481728195417,"1","SDHCP1"
"LMBR1L",8.7672647630483e-06,0.875688116795891,1,1,0.186076427330937,"1","LMBR1L"
"ARHGDIB",8.95625672009488e-06,0.781715577313385,1,1,0.190087592627294,"1","ARHGDIB"
"RNF182",9.13292261617381e-06,1.65829192414524,1,1,0.193837149605673,"1","RNF182"
"NDRG2",9.15728945026226e-06,0.909660981104206,1,1,0.194354311292366,"1","NDRG2"
"RARA",9.16850593957559e-06,0.582028403867556,1,1,0.194592370061552,"1","RARA"
"PKDCC",9.87103318152029e-06,1.4592490595666,1,1,0.209502808244587,"1","PKDCC"
"PREX2",9.98816329705556e-06,1.1729055141218,1,1,0.211988777816707,"1","PREX2"
"HRC",1.00844293212891e-05,0.460066798025531,1,1,0.21403192791504,"1","HRC"
"RP11-611O2.6",1.01933299027366e-05,1.19187293861308,1,1,0.216343233855683,"1","RP11-611O2.6"
"GEM",1.03656426837596e-05,1.25033258562083,1,1,0.220000400320114,"1","GEM"
"TAF1C",1.0411684989136e-05,1.02359663516995,1,1,0.220977602209422,"1","TAF1C"
"CCDC92",1.04942545681631e-05,0.754943419531942,1,1,0.222730058954694,"1","CCDC92"
"SARDH",1.06824936722393e-05,1.31491349705992,1,1,0.226725245699608,"1","SARDH"
"KIAA0408",1.09806302560262e-05,2.34812656140531,1,1,0.233052896553901,"1","KIAA0408"
"B3GALT1",1.10021830674065e-05,0.805492968615194,1,1,0.233510333422635,"1","B3GALT1"
"HTRA1",1.11853161644622e-05,0.762615775687799,1,1,0.237397150274546,"1","HTRA1"
"RP11-368I7.4",1.12398311462527e-05,1.20347315353179,1,1,0.238554176248067,"1","RP11-368I7.4"
"PCDHB6",1.14620090184087e-05,1.40402780398041,1,1,0.243269679406705,"1","PCDHB6"
"TBX5",1.15444315238318e-05,1.62958493395347,1,1,0.245019014661806,"1","TBX5"
"RP11-819M15.1",1.25774693227936e-05,1.01775102521818,1,1,0.266944208906971,"1","RP11-819M15.1"
"ARHGAP35",1.27920936326879e-05,0.510159919377472,1,1,0.271499395260168,"1","ARHGAP35"
"MAGEA12",1.28469071931993e-05,1.68890075613457,1,1,0.272662758268462,"1","MAGEA12"
"TMEM132E",1.28475273432101e-05,1.09191068551047,1,1,0.272675920332291,"1","TMEM132E"
"COL18A1",1.29669101442853e-05,0.272621116550717,1,1,0.275209700902311,"1","COL18A1"
"AP001597.1",1.30508284841053e-05,0.742960309580113,1,1,0.276990783746652,"1","AP001597.1"
"CAMTA1",1.32792430134975e-05,0.770919718243443,1,1,0.281838653718471,"1","CAMTA1"
"TLN2",1.33458473978371e-05,1.57705236773008,1,1,0.283252265171695,"1","TLN2"
"OR2F1",1.33846700454632e-05,1.45428293646015,1,1,0.28407623704491,"1","OR2F1"
"ATP8A2P1",1.35880970963562e-05,0.690095254874906,1,1,0.288393772773065,"1","ATP8A2P1"
"MAP2K6",1.36770078395381e-05,1.62971600689483,1,1,0.290280814386356,"1","MAP2K6"
"ZBTB10",1.38154970743537e-05,0.653431062749103,1,1,0.293220109906084,"1","ZBTB10"
"TERT",1.38606897849296e-05,3.97329201625974,1,1,0.294179279995346,"1","TERT"
"MSANTD2",1.40360285513438e-05,0.964043076527783,1,1,0.297900669973721,"1","MSANTD2"
"NLRP12",1.42445821670234e-05,1.24730094491494,1,1,0.302327011912906,"1","NLRP12"
"MPP2",1.43420084087797e-05,1.41402439770689,1,1,0.30439478646794,"1","MPP2"
"RP11-280O24.3",1.45090176554825e-05,0.939350873173943,1,1,0.307939390719961,"1","RP11-280O24.3"
"PLCL2",1.45184535906954e-05,1.04383223157434,1,1,0.308139659008919,"1","PLCL2"
"RP11-114H24.2",1.46695895241781e-05,3.27881690473454,1,1,0.311347368061155,"1","RP11-114H24.2"
"ZNF736",1.48739734859259e-05,0.850507823232476,1,1,0.315685213265291,"1","ZNF736"
"HERC2P9",1.5188232236534e-05,0.62583305491221,1,1,0.322355040988199,"1","HERC2P9"
"PHKB",1.52314711961591e-05,0.808030582552661,1,1,0.32327274466728,"1","PHKB"
"UBE2CP1",1.53435003572113e-05,0.964545909398707,1,1,0.325650451581452,"1","UBE2CP1"
"KIAA1161",1.53783651242883e-05,1.2356096095039,1,1,0.326390421397895,"1","KIAA1161"
"SYTL4",1.60560860904844e-05,0.911396392737506,1,1,0.340774371184441,"1","SYTL4"
"TRPC4",1.61532436891663e-05,1.22350030485373,1,1,0.342836444058865,"1","TRPC4"
"CXXC4",1.62999979822661e-05,0.989827382152052,1,1,0.345951157175615,"1","CXXC4"
"NID1",1.72364414149729e-05,0.792964909576533,1,1,0.365826232591386,"1","NID1"
"MAST4",1.73896325472345e-05,0.654850380838027,1,1,0.369077561182506,"1","MAST4"
"CLIC4",1.73963750711827e-05,1.08933693808014,1,1,0.369220664510781,"1","CLIC4"
"MYH4",1.74489560568625e-05,1.72953355309423,1,1,0.37033664335085,"1","MYH4"
"AOC3",1.75482875182587e-05,1.83214917723615,1,1,0.372444854287522,"1","AOC3"
"RFX8",1.7678095166488e-05,1.70799112955191,1,1,0.375199891813541,"1","RFX8"
"BMPR2",1.77326134995598e-05,0.529045849256573,1,1,0.376356988914658,"1","BMPR2"
"ZNF217",1.77899049832014e-05,0.508708417112313,1,1,0.377572943363467,"1","ZNF217"
"TCN2",1.78674915542497e-05,1.32235649189376,1,1,0.379219640747396,"1","TCN2"
"HOXB-AS3",1.79518365182919e-05,1.93301706942494,1,1,0.381009778264228,"1","HOXB-AS3"
"SH2D3C",1.79794314526928e-05,0.814019830937809,1,1,0.381595453151953,"1","SH2D3C"
"PGAM1P2",1.80794595003197e-05,0.653919749758154,1,1,0.383718448434785,"1","PGAM1P2"
"EVA1A",1.81421285542566e-05,0.675580842776696,1,1,0.385048536435541,"1","EVA1A"
"TP53I11",1.84193045498206e-05,0.861368226010187,1,1,0.390931319765392,"1","TP53I11"
"RASA4",1.85473942115973e-05,1.21846864116418,1,1,0.393649894746941,"1","RASA4"
"CRHBP",1.89298272512678e-05,2.46002349999849,1,1,0.401766653580908,"1","CRHBP"
"SOX7",1.90458220106846e-05,1.40632499839069,1,1,0.40422852635477,"1","SOX7"
"CRIM1",1.91786816159486e-05,0.719023723845755,1,1,0.407048338616893,"1","CRIM1"
"KIAA0355",1.92405104455431e-05,0.846381681848079,1,1,0.408360593696207,"1","KIAA0355"
"IL3RA",1.9326610473788e-05,1.0682094196924,1,1,0.410187980695677,"1","IL3RA"
"CTB-55B8.1",1.96246916911514e-05,0.887334921823038,1,1,0.416514456452998,"1","CTB-55B8.1"
"RCN3",1.97801924012526e-05,0.169404825524042,1,1,0.419814803524186,"1","RCN3"
"GOLGA8M",2.03165120528702e-05,2.17417802115323,1,1,0.431197651810117,"1","GOLGA8M"
"RP11-5N11.1",2.04652190507599e-05,0.668728987683878,1,1,0.434353809133328,"1","RP11-5N11.1"
"TNFRSF25",2.04923152751482e-05,0.811832106365079,1,1,0.434928899399746,"1","TNFRSF25"
"RP11-757F18.3",2.10150658539398e-05,1.29247619820905,1,1,0.446023757684019,"1","RP11-757F18.3"
"FAM124B",2.10399904311476e-05,1.53449438831267,1,1,0.446552756910676,"1","FAM124B"
"NF1",2.1259400842344e-05,0.583243570948191,1,1,0.45120952347791,"1","NF1"
"NFATC4",2.14145470404033e-05,1.26875505753708,1,1,0.454502346385519,"1","NFATC4"
"PTH1R",2.15925113362256e-05,1.55413057105585,1,1,0.458279460600051,"1","PTH1R"
"FAM171A2",2.16076108163231e-05,0.970229620941126,1,1,0.458599931965642,"1","FAM171A2"
"EHD2",2.17739718671675e-05,0.655367296714491,1,1,0.462130778908762,"1","EHD2"
"PDE8A",2.2373643284061e-05,0.476941053864483,1,1,0.474858205060912,"1","PDE8A"
"FAM149B1",2.24312998111069e-05,0.679333064487359,1,1,0.476081907190933,"1","FAM149B1"
"RHOB",2.25298953066629e-05,1.28152645368641,1,1,0.478174497988613,"1","RHOB"
"SNORD114-2",2.26719124203776e-05,0.903686759252098,1,1,0.481188669210094,"1","SNORD114-2"
"ANKRD20A18P",2.28175530387197e-05,0.96270973752466,1,1,0.484279745693788,"1","ANKRD20A18P"
"EML3",2.30472764188032e-05,0.746938725129233,1,1,0.489155394712678,"1","EML3"
"HTR1F",2.32386512540953e-05,1.39659591280264,1,1,0.493217134216918,"1","HTR1F"
"RARB",2.37072723317386e-05,1.1669717454279,1,1,0.50316314796882,"1","RARB"
"OR13H1",2.41573664854581e-05,1.79958968797658,1,1,0.512715946287363,"1","OR13H1"
"FAM69B",2.43244125326617e-05,1.30217098311637,1,1,0.516261331593212,"1","FAM69B"
"SLIT1",2.46464927905796e-05,0.892625875136721,1,1,0.523097162987262,"1","SLIT1"
"HDAC7",2.51308212593452e-05,0.735655456791992,1,1,0.533376550408343,"1","HDAC7"
"JAG2",2.55339481425736e-05,1.33940254313567,1,1,0.541932515377981,"1","JAG2"
"PDHA2",2.58955725104886e-05,0.819738820917177,1,1,0.549607630962609,"1","PDHA2"
"FNDC3B",2.62358009870524e-05,0.620022472472034,1,1,0.556828640149199,"1","FNDC3B"
"ZNF98",2.68419489418261e-05,1.38532852153961,1,1,0.569693524341318,"1","ZNF98"
"PARVA",2.7058976258725e-05,0.895820464769312,1,1,0.57429971211518,"1","PARVA"
"RP11-680G10.1",2.70845616699974e-05,0.876933300787668,1,1,0.574842736884025,"1","RP11-680G10.1"
"ADAP2",2.71130933443471e-05,1.71653631234552,1,1,0.575448293140422,"1","ADAP2"
"MYL9",2.72825178414932e-05,0.923449265658403,1,1,0.579044158667852,"1","MYL9"
"AQP7",2.75632280390722e-05,2.60783058877968,1,1,0.585001951901268,"1","AQP7"
"IQCJ-SCHIP1",2.81785749471151e-05,0.863185267887335,1,1,0.598062074677571,"1","IQCJ-SCHIP1"
"C20orf194",2.82666165957475e-05,0.59331640806613,1,1,0.599930670628145,"1","C20orf194"
"SEPT8",2.84961270626696e-05,0.683594554302919,1,1,0.6048018007781,"1","SEPT8"
"ACACB",2.90177915408893e-05,1.92810974000553,1,1,0.615873607663835,"1","ACACB"
"CAMK2N1",2.99300280227943e-05,1.51552614932639,1,1,0.635234914755786,"1","CAMK2N1"
"PELO",3.04225961085603e-05,1.07583663875071,1,1,0.645689179808085,"1","PELO"
"OR2S2",3.13256213080543e-05,0.865951490840132,1,1,0.664854986642145,"1","OR2S2"
"PCDHA2",3.1328205219951e-05,2.14938630812626,1,1,0.66490982758824,"1","PCDHA2"
"AC104297.1",3.21816864334558e-05,1.96462981131805,1,1,0.683024112863665,"1","AC104297.1"
"SHISA6",3.22830840419476e-05,1.14771254356651,1,1,0.685176175706295,"1","SHISA6"
"EPB41L4A",3.23982005251601e-05,0.603539787152885,1,1,0.687619407945998,"1","EPB41L4A"
"KIAA0895L",3.36206866811824e-05,1.08625160674028,1,1,0.713565454121415,"1","KIAA0895L"
"GABBR1",3.36753440626919e-05,0.70360582755643,1,1,0.714725502386572,"1","GABBR1"
"PGR",3.43983471505046e-05,1.38751745373626,1,1,0.73007051992231,"1","PGR"
"RP11-477G18.2",3.50494739852234e-05,1.46219790200067,1,1,0.743890035862381,"1","RP11-477G18.2"
"RUSC2",3.51690054449333e-05,0.827984190466292,1,1,0.746426971563264,"1","RUSC2"
"CTD-2290C23.1",3.67096722021376e-05,1.02168873577895,1,1,0.779126082818169,"1","CTD-2290C23.1"
"RAP2A",3.72595931797696e-05,0.810058649830621,1,1,0.790797605647429,"1","RAP2A"
"IGHA2",3.75510571161203e-05,1.33789703627223,1,1,0.796983636232538,"1","IGHA2"
"PDCL3P3",3.94865936384418e-05,1.52049748898001,1,1,0.838063463382289,"1","PDCL3P3"
"SMTN",4.065658484081e-05,0.542071132457647,1,1,0.862895356661352,"1","SMTN"
"PTPRN2",4.09482127275879e-05,1.17082596763401,1,1,0.869084866930326,"1","PTPRN2"
"RP1-197B17.3",4.14732828857887e-05,0.52075888805593,1,1,0.880228955967979,"1","RP1-197B17.3"
"PLCB1",4.16887286885029e-05,0.722722675919535,1,1,0.884801577684786,"1","PLCB1"
"FATE1",4.2362554952542e-05,1.12177637152524,1,1,0.899102866312752,"1","FATE1"
"USP32P3",4.26259142643298e-05,1.18663073099094,1,1,0.904692404346136,"1","USP32P3"
"ZNF532",4.28050041661783e-05,0.559280749018104,1,1,0.908493408422968,"1","ZNF532"
"BCL6B",4.31767315419781e-05,0.7522340563585,1,1,0.916382950246942,"1","BCL6B"
"PHF1",4.32254214928303e-05,1.29565160374803,1,1,0.917416345763831,"1","PHF1"
"FUT1",4.33219876488864e-05,1.49166089429299,1,1,0.919465865859965,"1","FUT1"
"YPEL4",4.42971437619895e-05,1.58322772404044,1,1,0.940162579204466,"1","YPEL4"
"TRANK1",4.52995818870567e-05,0.688707025379166,1,1,0.961438325970892,"1","TRANK1"
"CDKL5",4.53921224773873e-05,1.66017102854685,1,1,0.963402407460068,"1","CDKL5"
"TMEM132A",4.58041956476341e-05,0.670484112647689,1,1,0.972148248425386,"1","TMEM132A"
"ENAH",4.8489071452926e-05,0.956593133762556,1,1,1,"1","ENAH"
"RAB9B",4.85719198928367e-05,1.34754522277409,1,1,1,"1","RAB9B"
"PRKG1",4.94727831793718e-05,0.798132564086149,1,1,1,"1","PRKG1"
"GLI2",4.9585919715371e-05,0.908188855373975,1,1,1,"1","GLI2"
"PPM1E",4.96637841783301e-05,1.0143075777405,1,1,1,"1","PPM1E"
"TNFRSF1A",5.04295929965569e-05,0.570875189969602,1,1,1,"1","TNFRSF1A"
"HERC2P2",5.13320139708835e-05,0.902186555297952,1,1,1,"1","HERC2P2"
"AMOTL2",5.13464142976395e-05,0.976862475160411,1,1,1,"1","AMOTL2"
"PCDHA8",5.25870701291046e-05,1.91628915192326,1,1,1,"1","PCDHA8"
"OXER1",5.27320128067017e-05,1.64016741707676,1,1,1,"1","OXER1"
"MIR145",5.31722168862548e-05,1.15953374279133,1,1,1,"1","MIR145"
"RP11-151F5.2",5.32115913655398e-05,0.998362890332475,1,1,1,"1","RP11-151F5.2"
"APLN",5.33207731904483e-05,0.324464940963662,1,1,1,"1","APLN"
"CDC42EP4",5.3505735245962e-05,1.03143038799218,1,1,1,"1","CDC42EP4"
"MPZL3",5.36515914488526e-05,0.115151021460006,1,1,1,"1","MPZL3"
"TRERF1",5.38060223814837e-05,0.967335330020539,1,1,1,"1","TRERF1"
"ADCY10P1",5.44065196532752e-05,1.43256480230533,1,1,1,"1","ADCY10P1"
"DMRT3",5.45970451544762e-05,0.946582224127194,1,1,1,"1","DMRT3"
"ZNF454",5.47727150081977e-05,1.08644744394076,1,1,1,"1","ZNF454"
"RNF135",5.52690638002872e-05,0.98095950209111,1,1,1,"1","RNF135"
"LDHB",5.64157634139344e-05,0.82281459031228,1,1,1,"1","LDHB"
"GPR173",5.64893948143776e-05,0.805768241673027,1,1,1,"1","GPR173"
"PCDHB10",5.65916485643784e-05,1.08089257658394,1,1,1,"1","PCDHB10"
"COL5A2",5.77499853394903e-05,0.756588286924057,1,1,1,"1","COL5A2"
"DDR2",5.84955411177804e-05,0.984086178861588,1,1,1,"1","DDR2"
"MAP10",5.85112180076627e-05,1.04314622327556,1,1,1,"1","MAP10"
"DPRX",5.85403625649066e-05,1.33096852050324,1,1,1,"1","DPRX"
"ZNF667",5.89472755542616e-05,0.895562780464381,1,1,1,"1","ZNF667"
"HORMAD1",5.91623042276021e-05,0.809644332275537,1,1,1,"1","HORMAD1"
"FAM106B",5.95804376131705e-05,0.943414221334947,1,1,1,"1","FAM106B"
"NR5A2",6.11268137920883e-05,0.702911629720932,1,1,1,"1","NR5A2"
"MPP4",6.13553281102586e-05,1.40280346244173,1,1,1,"1","MPP4"
"SLC12A4",6.14919468403908e-05,0.631513810571171,1,1,1,"1","SLC12A4"
"AC068491.3",6.20813264925138e-05,1.051014089793,1,1,1,"1","AC068491.3"
"DCBLD2",6.33006453907701e-05,1.13695538309124,1,1,1,"1","DCBLD2"
"OR10S1",6.3646577847323e-05,0.828392083727501,1,1,1,"1","OR10S1"
"DGAT1",6.38319723959435e-05,0.78146771493379,1,1,1,"1","DGAT1"
"UBE2Q2P1",6.41154658565037e-05,0.592088572898799,1,1,1,"1","UBE2Q2P1"
"DDAH2",6.47118087080855e-05,1.09851032130061,1,1,1,"1","DDAH2"
"MS4A7",6.47327935943839e-05,0.722886213964737,1,1,1,"1","MS4A7"
"ADAMTS3",6.60297518530949e-05,1.2010580971766,1,1,1,"1","ADAMTS3"
"AC093616.4",6.65560375130565e-05,1.4939981099234,1,1,1,"1","AC093616.4"
"TRIO",6.67068868061532e-05,0.433898803792186,1,1,1,"1","TRIO"
"OAZ2",6.67968207136972e-05,1.00484013043178,1,1,1,"1","OAZ2"
"NBEAL1",6.78341315753218e-05,0.766709404346084,1,1,1,"1","NBEAL1"
"ZIK1",6.81022876204049e-05,0.917672580162522,1,1,1,"1","ZIK1"
"STARD13",6.89099976929581e-05,0.631953787136915,1,1,1,"1","STARD13"
"UBA7",7.01020476100553e-05,0.631273078384869,1,1,1,"1","UBA7"
"ETNK2",7.43675867144446e-05,2.37449761841019,1,1,1,"1","ETNK2"
"SPATA31E1",7.63650744839503e-05,3.56098407397828,1,1,1,"1","SPATA31E1"
"MYL6",7.70007570866758e-05,0.651011839748541,1,1,1,"1","MYL6"
"HAVCR1P1",7.79859294077196e-05,1.1479308708148,1,1,1,"1","HAVCR1P1"
"BAIAP2-AS1",7.8917787342853e-05,1.01653028267649,1,1,1,"1","BAIAP2-AS1"
"OXCT2",7.90732700985466e-05,0.213845029032274,1,1,1,"1","OXCT2"
"DMPK",7.92649569598605e-05,0.715791127667279,1,1,1,"1","DMPK"
"PON2",8.03186209017588e-05,0.699739780369526,1,1,1,"1","PON2"
"KCNJ2",8.10779927971684e-05,1.83035316770143,1,1,1,"1","KCNJ2"
"APOL5",8.16160152946595e-05,0.704248883302805,1,1,1,"1","APOL5"
"SORD",8.27512136420132e-05,0.17739325008522,1,1,1,"1","SORD"
"EFCAB14",8.29260585222554e-05,0.586301546905542,1,1,1,"1","EFCAB14"
"CCDC144CP",8.36691465566728e-05,1.53149760106393,1,1,1,"1","CCDC144CP"
"PVRL2",8.37506476687721e-05,0.790519042734662,1,1,1,"1","PVRL2"
"ZNF578",8.39370083430707e-05,0.57735435251422,1,1,1,"1","ZNF578"
"LINC00552",8.41968628677115e-05,1.43970092067516,1,1,1,"1","LINC00552"
"TMEM38B",8.42127428763707e-05,1.39682382688551,1,1,1,"1","TMEM38B"
"RPS26P56",8.45271937557111e-05,1.13694994059761,1,1,1,"1","RPS26P56"
"RP11-262D11.2",8.51665375605583e-05,0.720809973531821,1,1,1,"1","RP11-262D11.2"
"CLEC4F",8.57651399262938e-05,1.35999437296617,1,1,1,"1","CLEC4F"
"DGKI",8.80244702426052e-05,0.926562042152959,1,1,1,"1","DGKI"
"ZNF853",8.80894205299477e-05,1.18559311103053,1,1,1,"1","ZNF853"
"FAM178A",8.87976860571759e-05,0.570321779067598,1,1,1,"1","FAM178A"
"AMBRA1",9.05999750034406e-05,0.549627423804807,1,1,1,"1","AMBRA1"
"TUSC3",9.12224778548398e-05,0.84740802195315,1,1,1,"1","TUSC3"
"CCL8",9.1394506193015e-05,1.74640790210205,1,1,1,"1","CCL8"
"TPTE2P6",9.26554242643997e-05,0.821474305345896,1,1,1,"1","TPTE2P6"
"RERG",9.29981721358841e-05,0.827503798558235,1,1,1,"1","RERG"
"IZUMO1",9.46722106396725e-05,1.0319055477053,1,1,1,"1","IZUMO1"
"GRK5",9.5045896645745e-05,0.862853788751874,1,1,1,"1","GRK5"
"MAP4K3",9.52901760291065e-05,0.831817260205383,1,1,1,"1","MAP4K3"
"ZNF209P",9.5532091598094e-05,0.715448791147249,1,1,1,"1","ZNF209P"
"PRR16",9.59502120032137e-05,1.05057226714286,1,1,1,"1","PRR16"
"TSC2",9.77379433010528e-05,0.512123363450197,1,1,1,"1","TSC2"
"MYH9",9.98332722180322e-05,0.630623630664232,1,1,1,"1","MYH9"
"ZNF676",0.000102255496962552,1.42149004879846,1,1,1,"1","ZNF676"
"CALD1",0.000102329500922188,0.714122632012451,1,1,1,"1","CALD1"
"HOXB3",0.000103540208808491,2.13255261347109,1,1,1,"1","HOXB3"
"CD276",0.000107292913847862,0.886630728625015,1,1,1,"1","CD276"
"DOCK9",0.000108298072047493,0.680790330771821,1,1,1,"1","DOCK9"
"LAMA4",0.000108492679845151,0.4978859283577,1,1,1,"1","LAMA4"
"PPP1R26P1",0.000109625920929182,1.16420819560227,1,1,1,"1","PPP1R26P1"
"MPP3",0.000110039011572228,0.708201646874944,1,1,1,"1","MPP3"
"HOXC9",0.000111185555113745,1.2080746745819,1,1,1,"1","HOXC9"
"AC021860.1",0.000111778112251269,1.55216652804656,1,1,1,"1","AC021860.1"
"CDH8",0.000112479865460338,1.10312978388701,1,1,1,"1","CDH8"
"SLC48A1",0.000112702878582066,0.432950620466572,1,1,1,"1","SLC48A1"
"MKL1",0.000112860683007037,0.557458171486383,1,1,1,"1","MKL1"
"HERC2",0.000112871033516663,0.522156145895934,1,1,1,"1","HERC2"
"ZNF729",0.000116400043542664,0.639664248284149,1,1,1,"1","ZNF729"
"CXorf36",0.000116456277126149,0.634741420188888,1,1,1,"1","CXorf36"
"HAAO",0.000118695223864966,0.965719058537964,1,1,1,"1","HAAO"
"ARHGAP10",0.000120917351694308,0.622284034762341,1,1,1,"1","ARHGAP10"
"PAMR1",0.000122780918505482,1.06964721715429,1,1,1,"1","PAMR1"
"LMX1A",0.000124031081068317,0.938586001909892,1,1,1,"1","LMX1A"
"TAF1",0.000126185146290039,0.480904372983399,1,1,1,"1","TAF1"
"C17orf82",0.000126270912824589,0.6412889765438,1,1,1,"1","C17orf82"
"TSPYL5",0.00012664097176795,0.761742436956643,1,1,1,"1","TSPYL5"
"RPS12P5",0.000127562810824178,0.596948659458675,1,1,1,"1","RPS12P5"
"hsa-mir-125a",0.000127608623749685,1.81541733944585,1,1,1,"1","hsa-mir-125a"
"MAN2C1",0.000128060510841186,0.596922516053873,1,1,1,"1","MAN2C1"
"MBTPS1",0.0001286164629214,0.408083278175251,1,1,1,"1","MBTPS1"
"FAT1",0.000129663013211953,0.973295423976108,1,1,1,"1","FAT1"
"BEAN1",0.000132748734443446,1.19159088990615,1,1,1,"1","BEAN1"
"ASPA",0.000135539373834179,1.18718244409019,1,1,1,"1","ASPA"
"SUCNR1",0.000136116992009084,1.72248888730843,1,1,1,"1","SUCNR1"
"CCDC8",0.000136204161970256,1.36000791328567,1,1,1,"1","CCDC8"
"SLFN12",0.000138472260712693,1.02369779494598,1,1,1,"1","SLFN12"
"UNC5C",0.000139041294501753,1.73991497524226,1,1,1,"1","UNC5C"
"PML",0.000140221781708045,0.436488083881564,1,1,1,"1","PML"
"CHN2",0.000141606476115787,0.659501313687098,1,1,1,"1","CHN2"
"FAM131B",0.000143287099578478,0.931023103772201,1,1,1,"1","FAM131B"
"EP300",0.000143707125470757,0.381576849200005,1,1,1,"1","EP300"
"TMEM204",0.000145498754355703,1.38622692523525,1,1,1,"1","TMEM204"
"KIF25",0.000147070666764521,0.606199074751704,1,1,1,"1","KIF25"
"DOK6",0.000148405490918013,1.06413715975704,1,1,1,"1","DOK6"
"DPRXP4",0.000151138212402065,1.13404498480041,1,1,1,"1","DPRXP4"
"FABP12",0.000153474024170979,0.673518317658804,1,1,1,"1","FABP12"
"IGFBP2",0.000154515345812146,0.59197329011853,1,1,1,"1","IGFBP2"
"SPRY1",0.00015543007671168,1.52731801124262,1,1,1,"1","SPRY1"
"OR7E158P",0.000155967647647911,0.633265061375427,1,1,1,"1","OR7E158P"
"PCDHGA1",0.000156629655138496,0.811319430754253,1,1,1,"1","PCDHGA1"
"CYFIP1",0.000156854916417177,0.435130740976259,1,1,1,"1","CYFIP1"
"RRN3P1",0.000157047918908225,0.949061881237228,1,1,1,"1","RRN3P1"
"CLDN15",0.000158518843966935,1.43577297979124,1,1,1,"1","CLDN15"
"LRP2",0.000160780851109635,0.729664791913319,1,1,1,"1","LRP2"
"FGF12",0.000163044726246939,0.691549387508367,1,1,1,"1","FGF12"
"VASN",0.000164861194348371,0.793355388772914,1,1,1,"1","VASN"
"C9orf47",0.000165171049322888,1.84940157485879,1,1,1,"1","C9orf47"
"LUZP1",0.000166891676107777,0.523409846211287,1,1,1,"1","LUZP1"
"TLE3",0.000167331238448709,0.459147846921542,1,1,1,"1","TLE3"
"INPP5A",0.000168638366033414,1.03790976378294,1,1,1,"1","INPP5A"
"ABCC8",0.000168909608424359,1.09941754248868,1,1,1,"1","ABCC8"
"GIPC3",0.000171154452988559,1.35524338906756,1,1,1,"1","GIPC3"
"RP5-1166A24.1",0.000171676267698169,0.719668545577353,1,1,1,"1","RP5-1166A24.1"
"LINC00478",0.0001734856093431,1.17346667833845,1,1,1,"1","LINC00478"
"MGMT",0.000174427731092319,0.917183312617581,1,1,1,"1","MGMT"
"TMC4",0.000175333704946303,1.36502769219389,1,1,1,"1","TMC4"
"ARHGEF25",0.00017627826290154,1.12061977351478,1,1,1,"1","ARHGEF25"
"MFGE8",0.000177381625588329,0.789521379443048,1,1,1,"1","MFGE8"
"RASD2",0.000181478356161913,0.377379734985176,1,1,1,"1","RASD2"
"RAI1",0.000181927569503113,0.546865098347098,1,1,1,"1","RAI1"
"ARHGEF6",0.000182257457225727,0.698141777969649,1,1,1,"1","ARHGEF6"
"GBX1",0.000182289717763673,1.77530512105198,1,1,1,"1","GBX1"
"CHD7",0.000183785542803249,0.708625436411367,1,1,1,"1","CHD7"
"FGD4",0.000187731330467986,0.72769224801678,1,1,1,"1","FGD4"
"PABPC4",0.000189213666739159,0.50322764788945,1,1,1,"1","PABPC4"
"SKIL",0.000189343348339811,0.553265643524401,1,1,1,"1","SKIL"
"UBE2CP3",0.000190326936872474,0.71770570208721,1,1,1,"1","UBE2CP3"
"ASAP2",0.000193571501842118,0.696232568381131,1,1,1,"1","ASAP2"
"FKBP9L",0.000194263343002549,1.06381426997075,1,1,1,"1","FKBP9L"
"LRRIQ4",0.000195158315960009,1.17483639489187,1,1,1,"1","LRRIQ4"
"OR51E1",0.000197306435505644,0.929585378428962,1,1,1,"1","OR51E1"
"SOGA2",0.000197773882609137,0.428787781954025,1,1,1,"1","SOGA2"
"LMOD1",0.000197785855609375,0.836279257552931,1,1,1,"1","LMOD1"
"TBX15",0.000202062204861481,1.21410587870748,1,1,1,"1","TBX15"
"PCDHB12",0.000202915734345328,1.14855803870523,1,1,1,"1","PCDHB12"
"RP11-656G20.1",0.000203270555689691,0.653588273985275,1,1,1,"1","RP11-656G20.1"
"SLC27A1",0.00020346185188202,2.04687826562125,1,1,1,"1","SLC27A1"
"MYOM1",0.000204544245589474,0.400691223840482,1,1,1,"1","MYOM1"
"AOC4P",0.000205818205773343,1.53123889113891,1,1,1,"1","AOC4P"
"RP11-47A17.2",0.000208360029622743,0.480488821137923,1,1,1,"1","RP11-47A17.2"
"CTC-265F19.1",0.000212649132985481,1.74666392249222,1,1,1,"1","CTC-265F19.1"
"MAP1A",0.0002130786841315,0.477000363766287,1,1,1,"1","MAP1A"
"INTS3",0.000214141110285438,0.459249059311997,1,1,1,"1","INTS3"
"QKI",0.000214708795720041,0.551346578884186,1,1,1,"1","QKI"
"TCF7L1",0.000214755734885264,0.625500294990125,1,1,1,"1","TCF7L1"
"SGCB",0.000215876159242228,0.438921545352137,1,1,1,"1","SGCB"
"CTB-167G5.3",0.000216311740384975,0.973588111951385,1,1,1,"1","CTB-167G5.3"
"HDAC5",0.000217489522150067,0.73086135623679,1,1,1,"1","HDAC5"
"TESC",0.000220053591300309,2.06041861986749,1,1,1,"1","TESC"
"NIN",0.000221727394416038,0.410390187921941,1,1,1,"1","NIN"
"C4orf32",0.000223092722582495,1.84495755843544,1,1,1,"1","C4orf32"
"DENND3",0.000224099861698596,0.972788303339172,1,1,1,"1","DENND3"
"RGL3",0.000224175337100936,0.763794041292243,1,1,1,"1","RGL3"
"SYTL2",0.000224397005779255,1.1138301378896,1,1,1,"1","SYTL2"
"SH2B3",0.000225609394569049,0.540062910111175,1,1,1,"1","SH2B3"
"STAT6",0.000225790000116658,0.334328263179632,1,1,1,"1","STAT6"
"ITM2A",0.000226035862075582,1.32581784477878,1,1,1,"1","ITM2A"
"MSL1",0.000227239279448552,0.689600357480202,1,1,1,"1","MSL1"
"RP11-138H8.2",0.000227722613743109,0.877671579460136,1,1,1,"1","RP11-138H8.2"
"ZNF880",0.000227924194210095,0.831886957636598,1,1,1,"1","ZNF880"
"RPL7L1P12",0.000228260282075279,1.37659088524775,1,1,1,"1","RPL7L1P12"
"ZNF723",0.000230154609700171,0.615178274774133,1,1,1,"1","ZNF723"
"GRIN3A",0.000231602308628945,2.48347956091152,1,1,1,"1","GRIN3A"
"MAMLD1",0.000233864070454539,1.19543067297542,1,1,1,"1","MAMLD1"
"ZNF135",0.000237871569100003,1.07822210511439,1,1,1,"1","ZNF135"
"SCHIP1",0.00023863449492958,0.77916005575992,1,1,1,"1","SCHIP1"
"ZNF229",0.000241795466270469,1.30418778286082,1,1,1,"1","ZNF229"
"KIT",0.000246001491271939,1.06037570316128,1,1,1,"1","KIT"
"MAB21L1",0.000247643477232937,1.16836666960842,1,1,1,"1","MAB21L1"
"JDP2",0.000248383305928504,1.05610888489085,1,1,1,"1","JDP2"
"PCDHA3",0.000250116790090795,1.95839183625535,1,1,1,"1","PCDHA3"
"RNF180",0.000257768816216058,0.827043107451095,1,1,1,"1","RNF180"
"NR3C1",0.000260419119846832,0.611257925028923,1,1,1,"1","NR3C1"
"RHOBTB1",0.000260887365999235,0.924986336703711,1,1,1,"1","RHOBTB1"
"YEATS2",0.000262810080106107,0.968088576514962,1,1,1,"1","YEATS2"
"SLCO1C1",0.000264612349534734,0.983156205947168,1,1,1,"1","SLCO1C1"
"SLC29A1",0.000265196634456306,0.92634870649669,1,1,1,"1","SLC29A1"
"SHC2",0.000267618229075929,0.364648547098968,1,1,1,"1","SHC2"
"PCDHAC1",0.000269941598228442,1.27943883237331,1,1,1,"1","PCDHAC1"
"KDELC1P1",0.000270035583220481,1.19425874807951,1,1,1,"1","KDELC1P1"
"ABL1",0.000271880359440923,0.591940466974286,1,1,1,"1","ABL1"
"LCA5",0.000276463724202352,0.683976405875409,1,1,1,"1","LCA5"
"SLC9C1",0.000279340355433394,1.05474849710833,1,1,1,"1","SLC9C1"
"KLHDC8B",0.000280153755032386,0.858528094478631,1,1,1,"1","KLHDC8B"
"NGF",0.000280236742672976,2.00128826443678,1,1,1,"1","NGF"
"EGFL8",0.000282932993271527,0.792406096174389,1,1,1,"1","EGFL8"
"CDK10",0.000289514427975191,0.58407611086287,1,1,1,"1","CDK10"
"SH3BGRL",0.00029030395994222,0.976853971379812,1,1,1,"1","SH3BGRL"
"ADAM12",0.000297703009291267,1.33261639722643,1,1,1,"1","ADAM12"
"DLK1",0.000299155055236758,4.91394092559725,1,1,1,"1","DLK1"
"CMTM3",0.000300702221561114,0.799531416626349,1,1,1,"1","CMTM3"
"PPP2R2A",0.000304866135726723,0.453242818495788,1,1,1,"1","PPP2R2A"
"MAGEC1",0.000305274840526202,0.207921361955552,1,1,1,"1","MAGEC1"
"SLC9A5",0.00030732860831641,1.11684810289275,1,1,1,"1","SLC9A5"
"MAGEA6",0.000312010526861606,1.90278829022115,1,1,1,"1","MAGEA6"
"SERPINH1",0.000312213111561036,0.558598753685487,1,1,1,"1","SERPINH1"
"ULBP2",0.000312553066735961,0.960610376917229,1,1,1,"1","ULBP2"
"PGS1",0.000317167566758907,0.649703614804203,1,1,1,"1","PGS1"
"ZBTB34",0.000318361094330517,0.472728967136527,1,1,1,"1","ZBTB34"
"SOCS2",0.000320519795822888,0.867683208694551,1,1,1,"1","SOCS2"
"ANGPT1",0.000322590666950263,1.09986214795705,1,1,1,"1","ANGPT1"
"WWC3",0.000324044479758753,0.639739581778699,1,1,1,"1","WWC3"
"RBPMS",0.000325403469707595,0.687027128597819,1,1,1,"1","RBPMS"
"PLEKHA2",0.000329439011732085,0.539170086155583,1,1,1,"1","PLEKHA2"
"SLC35E2B",0.00033543976364871,1.88808184989071,1,1,1,"1","SLC35E2B"
"MAP3K12",0.000343597186503316,0.371099022533468,1,1,1,"1","MAP3K12"
"AGAP1",0.000345368100899765,0.49521445072266,1,1,1,"1","AGAP1"
"CTB-167G5.5",0.000346024604210871,1.33029474451458,1,1,1,"1","CTB-167G5.5"
"DYSF",0.000350094674588564,0.535105152306429,1,1,1,"1","DYSF"
"SPTBN1",0.000350949716653632,0.544404782262657,1,1,1,"1","SPTBN1"
"PDE9A",0.00035146670467402,0.697646436768146,1,1,1,"1","PDE9A"
"ITGA5",0.000356712655351321,0.542949537425706,1,1,1,"1","ITGA5"
"MGP",0.000356993815310005,0.639413340176883,1,1,1,"1","MGP"
"SFMBT2",0.000357762012892494,1.03922800785943,1,1,1,"1","SFMBT2"
"NCK2",0.000360908367467032,1.12271609364589,1,1,1,"1","NCK2"
"GGT5",0.000362107608298803,1.03790030656744,1,1,1,"1","GGT5"
"TIMP3",0.000364272404886329,0.698217787365518,1,1,1,"1","TIMP3"
"GABRA2",0.000367371225009791,1.03181147249042,1,1,1,"1","GABRA2"
"RUNX1T1",0.00037207130639195,0.513638377645508,1,1,1,"1","RUNX1T1"
"CFLAR",0.000373018332654035,0.644059324631986,1,1,1,"1","CFLAR"
"USHBP1",0.000378913617298442,0.699837773399388,1,1,1,"1","USHBP1"
"PDE1C",0.000381567079047847,0.454571103830528,1,1,1,"1","PDE1C"
"CYB5D1",0.000384253642666989,3.17080780917593,1,1,1,"1","CYB5D1"
"AC005477.1",0.000385557170851043,1.50679422983204,1,1,1,"1","AC005477.1"
"RBFOX2",0.000386073192339232,0.367445479255959,1,1,1,"1","RBFOX2"
"FN1",0.000388264752770245,1.13511557221323,1,1,1,"1","FN1"
"HIPK2",0.000390526239766207,0.590403850413832,1,1,1,"1","HIPK2"
"PCBP4",0.000394475012466206,0.828135874107877,1,1,1,"1","PCBP4"
"KIAA0754",0.000394539341582483,0.49064242533742,1,1,1,"1","KIAA0754"
"ADAD2",0.000403709155503033,1.07675094051833,1,1,1,"1","ADAD2"
"MBD5",0.000403746538182149,0.616280316689824,1,1,1,"1","MBD5"
"BTN2A1",0.000405073138606068,0.886089376016113,1,1,1,"1","BTN2A1"
"TMC7",0.000408177980937986,1.23797361206617,1,1,1,"1","TMC7"
"ATP2B4",0.000409690760676417,0.501747156243663,1,1,1,"1","ATP2B4"
"KIAA1211L",0.000412155129199368,0.841436612436732,1,1,1,"1","KIAA1211L"
"ANK1",0.000415081383842794,3.83737774287581,1,1,1,"1","ANK1"
"CCDC148",0.000417551642319607,1.29735239164434,1,1,1,"1","CCDC148"
"ARSD",0.000422767803692062,0.448076791211667,1,1,1,"1","ARSD"
"PTH2R",0.000422779707357222,0.610302320362443,1,1,1,"1","PTH2R"
"TEX38",0.000423292694481568,1.31223225612353,1,1,1,"1","TEX38"
"ZNF436",0.000424712505525791,1.33148578146812,1,1,1,"1","ZNF436"
"TCF15",0.000425378095676428,1.24093636730307,1,1,1,"1","TCF15"
"PCDHB19P",0.00042866463863688,0.678105639172045,1,1,1,"1","PCDHB19P"
"ZNF677",0.000432467008789165,0.820873394622442,1,1,1,"1","ZNF677"
"SULF1",0.000440118378970066,0.940647607315853,1,1,1,"1","SULF1"
"MYL4",0.000442433905789096,2.48257455483913,1,1,1,"1","MYL4"
"AC016251.1",0.000444685745433057,1.30281355895943,1,1,1,"1","AC016251.1"
"TEAD1",0.000448155832329891,0.517293629613697,1,1,1,"1","TEAD1"
"SPIDR",0.000452352640303069,0.327764849271002,1,1,1,"1","SPIDR"
"EXT2",0.00045751177514659,0.707531835201021,1,1,1,"1","EXT2"
"CDKN1C",0.000467740776343716,1.0769606344515,1,1,1,"1","CDKN1C"
"KSR1",0.000473410353386571,0.402118941735971,1,1,1,"1","KSR1"
"OLFML3",0.000476829682007134,1.34846561981143,1,1,1,"1","OLFML3"
"RGL2",0.000478442171683751,0.448581022497642,1,1,1,"1","RGL2"
"FAM184A",0.000478692866107784,1.15324650241842,1,1,1,"1","FAM184A"
"PCDHA9",0.000479051725704531,1.73133020780076,1,1,1,"1","PCDHA9"
"PDE10A",0.000487221595586266,0.459738101984753,1,1,1,"1","PDE10A"
"RIN3",0.000488390622394691,0.525390483735276,1,1,1,"1","RIN3"
"GNAI2",0.000489574024347367,0.597845010412115,1,1,1,"1","GNAI2"
"PRTG",0.000496091628327588,1.1919083461098,1,1,1,"1","PRTG"
"PDZD2",0.000499857163252095,0.892790923560128,1,1,1,"1","PDZD2"
"SIRPB2",0.000507406021503262,0.829469436380959,1,1,1,"1","SIRPB2"
"RAB6C",0.000511705789685557,1.02465784930569,1,1,1,"1","RAB6C"
"ARHGAP42",0.000511726697932782,0.973234294235741,1,1,1,"1","ARHGAP42"
"CLIP2",0.00052294079547648,0.564965831200347,1,1,1,"1","CLIP2"
"CBLN1",0.000524022004346065,1.45607887569737,1,1,1,"1","CBLN1"
"NLK",0.000525302286250528,0.785017559506523,1,1,1,"1","NLK"
"PBX1",0.00052556197207945,1.66192778148387,1,1,1,"1","PBX1"
"GNE",0.000526828838722549,0.596269693649422,1,1,1,"1","GNE"
"GTF2F2P1",0.000530399613862704,0.492853061175994,1,1,1,"1","GTF2F2P1"
"CTDSP1",0.000532464044612529,0.421950018278748,1,1,1,"1","CTDSP1"
"SLC9A3R2",0.000537923194096202,0.657266027561914,1,1,1,"1","SLC9A3R2"
"DOK4",0.000538753565263302,0.771336260316456,1,1,1,"1","DOK4"
"PCDHA6",0.000541652351482733,1.63395259109912,1,1,1,"1","PCDHA6"
"WISP1",0.000545426663245601,1.42003001852904,1,1,1,"1","WISP1"
"PLIN1",0.000545553913881986,3.09802416746771,1,1,1,"1","PLIN1"
"SLC51B",0.000549182686401762,0.932859325057779,1,1,1,"1","SLC51B"
"ARPC5L",0.000560944127628959,0.405712895486328,1,1,1,"1","ARPC5L"
"DLG4",0.000561112806191189,0.709964228278547,1,1,1,"1","DLG4"
"ABCC12",0.000562388589026896,0.881357781704413,1,1,1,"1","ABCC12"
"CMTM1",0.000564687932721619,2.01706550453129,1,1,1,"1","CMTM1"
"NBR1",0.000567425656965179,0.413058456204396,1,1,1,"1","NBR1"
"KLHL9",0.000572197983188884,0.41260496557069,1,1,1,"1","KLHL9"
"GAPDHP44",0.000579303702365641,0.645626060839554,1,1,1,"1","GAPDHP44"
"FERMT2",0.000579578484556578,0.824533498760662,1,1,1,"1","FERMT2"
"HBA2",0.000590180949440253,4.09993252602258,1,1,1,"1","HBA2"
"PCDHA4",0.000591889614969181,1.86471516809003,1,1,1,"1","PCDHA4"
"NEK3",0.000597471277025397,0.847800038966392,1,1,1,"1","NEK3"
"RP11-281O15.4",0.00060130507224632,0.721522636457221,1,1,1,"1","RP11-281O15.4"
"LARGE",0.000607740404253075,0.95269083905346,1,1,1,"1","LARGE"
"CHSY3",0.000609385725403014,0.484756232306916,1,1,1,"1","CHSY3"
"AUTS2",0.000618747094346155,0.643471986503091,1,1,1,"1","AUTS2"
"GBP3",0.00062529595225551,0.860278533578391,1,1,1,"1","GBP3"
"FLI1",0.000625674875259375,0.509598845894118,1,1,1,"1","FLI1"
"ARHGAP6",0.000627031831359848,0.593763443689284,1,1,1,"1","ARHGAP6"
"ZNF471",0.000628503396087959,1.6464968345957,1,1,1,"1","ZNF471"
"CD40",0.000630476021014724,0.721588370772084,1,1,1,"1","CD40"
"HOXC5",0.000631000176863894,0.924199306210085,1,1,1,"1","HOXC5"
"SAA1",0.00063583729884393,2.69767467809842,1,1,1,"1","SAA1"
"CTGF",0.000643648293711079,0.333357297968227,1,1,1,"1","CTGF"
"PCDHA7",0.000645180665013296,1.3926420707357,1,1,1,"1","PCDHA7"
"DMWD",0.000657196104290634,0.782102412306436,1,1,1,"1","DMWD"
"FAM167B",0.000662293855851876,0.338036963033352,1,1,1,"1","FAM167B"
"PHLPP1",0.000667578680197179,0.621929596445057,1,1,1,"1","PHLPP1"
"MEOX1",0.000675718925224103,0.787980419794762,1,1,1,"1","MEOX1"
"AC135178.1",0.000685304616265462,0.830464245018193,1,1,1,"1","AC135178.1"
"RASL11A",0.000685656227696435,1.11288393771865,1,1,1,"1","RASL11A"
"DCLK1",0.000696040503322572,0.920581676238845,1,1,1,"1","DCLK1"
"RPS20P22",0.000700500622277685,0.449186937958624,1,1,1,"1","RPS20P22"
"ZNF703",0.000701734296615483,0.675049109147778,1,1,1,"1","ZNF703"
"CPM",0.00070219608907008,1.19895074372735,1,1,1,"1","CPM"
"MAP2",0.000709457476550853,0.81261787547785,1,1,1,"1","MAP2"
"CORO6",0.000715969399342518,0.556697837044315,1,1,1,"1","CORO6"
"EDIL3",0.000722587432270676,0.670678613080197,1,1,1,"1","EDIL3"
"RP11-404P21.9",0.000723441383888165,0.729666838109116,1,1,1,"1","RP11-404P21.9"
"CSAG1",0.000728664845088249,1.20717616579831,1,1,1,"1","CSAG1"
"OR10Q1",0.000743514804228809,0.577842586032322,1,1,1,"1","OR10Q1"
"CLIC1",0.000753043173999273,0.456242775076277,1,1,1,"1","CLIC1"
"PALLD",0.000757144858967793,0.426264580587901,1,1,1,"1","PALLD"
"TCF7L2",0.00075846408235685,0.537149945184641,1,1,1,"1","TCF7L2"
"PCDHGA3",0.000760209250205472,1.16950713306924,1,1,1,"1","PCDHGA3"
"PCDHGA2",0.000760769705608552,0.818203728782485,1,1,1,"1","PCDHGA2"
"LPAR6",0.000761831949854221,1.23782909979428,1,1,1,"1","LPAR6"
"HMGB3P9",0.000769628488677163,0.548772455002467,1,1,1,"1","HMGB3P9"
"RGS21",0.000770155426796354,0.747111536299515,1,1,1,"1","RGS21"
"VWA1",0.000775095547330226,1.26556455749899,1,1,1,"1","VWA1"
"CHST14",0.000780296206124442,2.32849914705493,1,1,1,"1","CHST14"
"PIP5K1C",0.000789502419648124,0.548822637630252,1,1,1,"1","PIP5K1C"
"DEPTOR",0.000797711212803126,0.568714315273118,1,1,1,"1","DEPTOR"
"SPG20",0.00079959941757107,0.711699148270828,1,1,1,"1","SPG20"
"SNX3",0.000807898987488407,0.594983620939718,1,1,1,"1","SNX3"
"PTPN12",0.000809424107694683,0.421283281205632,1,1,1,"1","PTPN12"
"CASC15",0.000817173304516277,0.658784337314298,1,1,1,"1","CASC15"
"JPH2",0.000820122587880048,1.74883650317994,1,1,1,"1","JPH2"
"UBTD2",0.000831625463834884,0.830838402097404,1,1,1,"1","UBTD2"
"ANTXR1",0.00083405013573237,0.401124758357053,1,1,1,"1","ANTXR1"
"DBX2",0.000837067773676765,1.24720092641897,1,1,1,"1","DBX2"
"MAPK10",0.000838729864685953,0.762866240039711,1,1,1,"1","MAPK10"
"TUSC5",0.000860211205612462,2.69222988475447,1,1,1,"1","TUSC5"
"ZNF189",0.00086049718152936,1.06349871378701,1,1,1,"1","ZNF189"
"GBP4",0.000874799968308105,0.668802038829199,1,1,1,"1","GBP4"
"TMEM233",0.000875329375862522,0.412019339684422,1,1,1,"1","TMEM233"
"ZNF257",0.000876812909266504,0.512571503877227,1,1,1,"1","ZNF257"
"JAZF1",0.000884078509726788,0.926174331520524,1,1,1,"1","JAZF1"
"DOCK1",0.000888403608278803,0.29267840547174,1,1,1,"1","DOCK1"
"FSTL1",0.000900804918131092,0.676110389816586,1,1,1,"1","FSTL1"
"OAS2",0.000918109001100286,0.884641135330856,1,1,1,"1","OAS2"
"C12orf61",0.000918758059478765,2.89253798620443,1,1,1,"1","C12orf61"
"DSE",0.000921591416326808,0.64744041107695,1,1,1,"1","DSE"
"LURAP1L",0.000925638239180124,1.29066605463846,1,1,1,"1","LURAP1L"
"MCC",0.000937076338225864,0.48710085320573,1,1,1,"1","MCC"
"STAB1",0.000940798190245385,0.442498952201934,1,1,1,"1","STAB1"
"GALR1",0.000942706517728506,1.06922145415703,1,1,1,"1","GALR1"
"FFAR2",0.000949671931123778,0.993510761173495,1,1,1,"1","FFAR2"
"HIP1R",0.000962233004278627,0.680947279548558,1,1,1,"1","HIP1R"
"HLX",0.000964990417329133,1.08815580202615,1,1,1,"1","HLX"
"SEMA6B",0.000970953225861982,0.400618157141018,1,1,1,"1","SEMA6B"
"CTAGE3P",0.000973997200311128,1.00627741458633,1,1,1,"1","CTAGE3P"
"FLT1P1",0.000974847328210511,1.09563377924772,1,1,1,"1","FLT1P1"
"LRRC36",0.000975397565590481,0.386921579342889,1,1,1,"1","LRRC36"
"NANOS3",0.000975575528574042,0.703587913598971,1,1,1,"1","NANOS3"
"AC007401.2",0.000978476754164059,1.32886894250577,1,1,1,"1","AC007401.2"
"GPR158",0.000979335528768223,1.10651831072622,1,1,1,"1","GPR158"
"RHOC",0.000979951690416361,0.451341033071696,1,1,1,"1","RHOC"
"DYNC1LI2",0.000983593979242777,0.506813278754365,1,1,1,"1","DYNC1LI2"
"TMEM37",0.000993966067173231,1.30926762423,1,1,1,"1","TMEM37"
"PPIAP19",0.00100298098186677,1.24940856179436,1,1,1,"1","PPIAP19"
"BSPRY",0.00101356761373545,1.0618975788638,1,1,1,"1","BSPRY"
"SDC2",0.00102725847388851,0.564314488101449,1,1,1,"1","SDC2"
"PCDHA11",0.00102937514460129,1.72773828400595,1,1,1,"1","PCDHA11"
"COL6A3",0.00103495592051103,1.28009995194994,1,1,1,"1","COL6A3"
"GNA15",0.00103644121958604,0.48657859161259,1,1,1,"1","GNA15"
"CTAGE14P",0.00104974616183817,0.343104716003694,1,1,1,"1","CTAGE14P"
"PCDH19",0.0010532654668766,0.929722109963466,1,1,1,"1","PCDH19"
"ST3GAL2",0.00105557401451177,0.451279368260417,1,1,1,"1","ST3GAL2"
"TBCD",0.00106355023883929,0.309497734228085,1,1,1,"1","TBCD"
"AEBP1",0.00106480439323098,0.944073668313493,1,1,1,"1","AEBP1"
"OBSL1",0.00106870849144125,1.37282245160513,1,1,1,"1","OBSL1"
"UCHL3",0.00107073862859665,0.45167880652328,1,1,1,"1","UCHL3"
"S100PBP",0.00107541277028926,0.791622601182057,1,1,1,"1","S100PBP"
"AC073109.2",0.00109076586084178,0.583885419050391,1,1,1,"1","AC073109.2"
"XIST",0.00109340369459635,0.842332924426085,1,1,1,"1","XIST"
"INPPL1",0.00110435427328734,0.22075032418082,1,1,1,"1","INPPL1"
"RNF146",0.00110760416439811,0.794404064156543,1,1,1,"1","RNF146"
"ODF3L2",0.00111214019037915,0.675331542299585,1,1,1,"1","ODF3L2"
"WSB1",0.00111442793604959,0.626295328162414,1,1,1,"1","WSB1"
"CHRNA7",0.00113459662088832,0.629702298327215,1,1,1,"1","CHRNA7"
"LGALS1",0.00114321696843644,0.522029794794086,1,1,1,"1","LGALS1"
"C17orf85",0.00114488392228677,0.322822892156513,1,1,1,"1","C17orf85"
"BTNL8",0.00114902563696909,3.02484605271914,1,1,1,"1","BTNL8"
"RP11-56A10.1",0.00115380114786008,0.360001434198205,1,1,1,"1","RP11-56A10.1"
"NUMA1",0.00116118050369281,0.43345542079857,1,1,1,"1","NUMA1"
"ADAM3B",0.00116128472119808,0.573396303620719,1,1,1,"1","ADAM3B"
"DCAF5",0.0011625732295131,0.556585398031785,1,1,1,"1","DCAF5"
"LRRC4",0.00117874948176204,0.937647104378277,1,1,1,"1","LRRC4"
"RRAGA",0.00119717184014161,0.604573171761954,1,1,1,"1","RRAGA"
"VAMP8",0.00120182604930326,0.249378264829435,1,1,1,"1","VAMP8"
"TCEAL8",0.00122474970268654,0.827884954532676,1,1,1,"1","TCEAL8"
"TSPY26P",0.00122734000972702,0.907140269699317,1,1,1,"1","TSPY26P"
"RUNX1",0.00122799404687714,0.395377510863881,1,1,1,"1","RUNX1"
"CTNNA1",0.0012294731730474,0.305820954427968,1,1,1,"1","CTNNA1"
"RGS4",0.00123951311507781,1.15715852930186,1,1,1,"1","RGS4"
"HBA1",0.00124360396988991,3.41340707613908,1,1,1,"1","HBA1"
"CPS1",0.00125643280622916,2.01669161298247,1,1,1,"1","CPS1"
"TOMM34",0.00128824376169663,0.254495065399977,1,1,1,"1","TOMM34"
"NMUR1",0.00129566023048463,0.507469869557998,1,1,1,"1","NMUR1"
"OGFRL1",0.00132005185735999,0.417676065962866,1,1,1,"1","OGFRL1"
"ADAMTS18",0.00132371867115083,2.37131406652912,1,1,1,"1","ADAMTS18"
"CDC42BPA",0.00132886253402655,0.380903618377854,1,1,1,"1","CDC42BPA"
"MEX3B",0.00133580839127713,2.35276244257231,1,1,1,"1","MEX3B"
"ANKRD50",0.00134349006324853,0.912526569661583,1,1,1,"1","ANKRD50"
"LOXL3",0.00135754168446477,0.94668056356547,1,1,1,"1","LOXL3"
"CTNNB1",0.00136063398788666,0.635713431809563,1,1,1,"1","CTNNB1"
"VWFP1",0.00136292204951062,0.419955546325431,1,1,1,"1","VWFP1"
"CREBBP",0.00137586785519611,0.355768867362354,1,1,1,"1","CREBBP"
"BTN2A3P",0.00137910574444454,1.01564838898101,1,1,1,"1","BTN2A3P"
"SH3TC1",0.00138627967929826,1.00272439789102,1,1,1,"1","SH3TC1"
"CX3CL1",0.00140240853688091,1.40569726592341,1,1,1,"1","CX3CL1"
"LRRC4B",0.00140422345882755,1.28658012938284,1,1,1,"1","LRRC4B"
"PPP1R26",0.00141096183702782,0.833158473861474,1,1,1,"1","PPP1R26"
"ADORA2A",0.00141127793894961,1.77584867061779,1,1,1,"1","ADORA2A"
"AC105020.1",0.00143023565812224,1.19660717113911,1,1,1,"1","AC105020.1"
"ALX4",0.00143934956209592,1.98844649307776,1,1,1,"1","ALX4"
"LRRC14",0.00145030355924951,0.88903308497758,1,1,1,"1","LRRC14"
"GLIS2",0.00145689584891993,0.796944444481246,1,1,1,"1","GLIS2"
"CBR1",0.00147249690713285,0.713675919174216,1,1,1,"1","CBR1"
"SCARF1",0.00147299196567754,0.212155230547358,1,1,1,"1","SCARF1"
"AGAP2",0.00147563082467455,0.771566182316569,1,1,1,"1","AGAP2"
"RHOBTB3",0.00148476282334723,0.604693724725454,1,1,1,"1","RHOBTB3"
"RHOT1P2",0.0014910456729779,1.542380566806,1,1,1,"1","RHOT1P2"
"RP11-329A14.1",0.0014928617863371,1.06574204220543,1,1,1,"1","RP11-329A14.1"
"SOGA3",0.00151868857288497,1.33796741884334,1,1,1,"1","SOGA3"
"GALNT16",0.00151922597169042,0.875252119922948,1,1,1,"1","GALNT16"
"KLHDC10",0.00152726550049459,0.3561144352601,1,1,1,"1","KLHDC10"
"ZNF382",0.0015357804863647,1.00204023222355,1,1,1,"1","ZNF382"
"DISC1",0.00153734279847912,1.27922372773056,1,1,1,"1","DISC1"
"SPINK9",0.00153742185086943,0.686021168010937,1,1,1,"1","SPINK9"
"ADIPOQ",0.00154720965275461,0.792889088576345,1,1,1,"1","ADIPOQ"
"GIMAP2",0.00155021711880452,1.02047473952342,1,1,1,"1","GIMAP2"
"SELENBP1",0.00155702521908699,1.15464508963791,1,1,1,"1","SELENBP1"
"ECM2",0.00156681526243754,0.772634759626706,1,1,1,"1","ECM2"
"TECTA",0.00156799360372196,0.773848591715367,1,1,1,"1","TECTA"
"ACVRL1",0.00157034247775379,0.573240132980676,1,1,1,"1","ACVRL1"
"GDF11",0.00157332169368352,0.864797855935834,1,1,1,"1","GDF11"
"MPPED2",0.0015766317030292,0.59443445686612,1,1,1,"1","MPPED2"
"KIF13A",0.00158703194468851,0.45708355786379,1,1,1,"1","KIF13A"
"SIX1",0.00160101545919586,0.899042992813538,1,1,1,"1","SIX1"
"FCN3",0.00160200620770004,0.813807557900237,1,1,1,"1","FCN3"
"EFNB2",0.00160586246615337,0.599353168386477,1,1,1,"1","EFNB2"
"ARSE",0.00161044280340345,4.06582637464553,1,1,1,"1","ARSE"
"ZNF418",0.00163471569368966,0.903385231613669,1,1,1,"1","ZNF418"
"SEPT11",0.00164617117024733,0.339131377907265,1,1,1,"1","SEPT11"
"AC145676.2",0.00164999869207439,1.70334875131424,1,1,1,"1","AC145676.2"
"EGFLAM",0.00165480064298621,1.20730199865756,1,1,1,"1","EGFLAM"
"SLC35F1",0.00165892905562824,1.17554073562085,1,1,1,"1","SLC35F1"
"SRGAP1",0.00165948180442915,0.804901464010349,1,1,1,"1","SRGAP1"
"PACS2",0.00166691143091643,0.483203228050154,1,1,1,"1","PACS2"
"TRPC1",0.00166837640818079,0.876286276103231,1,1,1,"1","TRPC1"
"PABPC5",0.00167502920801139,0.910073099731417,1,1,1,"1","PABPC5"
"RP11-383H13.1",0.0016828556895394,0.568231467646644,1,1,1,"1","RP11-383H13.1"
"RP1-37N7.3",0.00168909647358523,1.1704154903511,1,1,1,"1","RP1-37N7.3"
"LPHN1",0.00169131007934681,0.848738615266663,1,1,1,"1","LPHN1"
"TNRC6A",0.00169456647620519,0.413734601712118,1,1,1,"1","TNRC6A"
"SNAP25",0.00169689118074663,0.641597219955104,1,1,1,"1","SNAP25"
"LAMC1",0.00171610236428209,0.442419682343328,1,1,1,"1","LAMC1"
"WNK3",0.00171769874187214,0.862666631973649,1,1,1,"1","WNK3"
"LYPD1",0.00173506332333645,0.631082187230417,1,1,1,"1","LYPD1"
"CDYL2",0.0017354098573992,0.596478603196205,1,1,1,"1","CDYL2"
"GRID2",0.00174295098985035,1.16042196215356,1,1,1,"1","GRID2"
"C1QTNF5",0.0017574534638516,0.737711852754238,1,1,1,"1","C1QTNF5"
"RAB13",0.00176473657618557,0.387581674126551,1,1,1,"1","RAB13"
"RGS6",0.00176580061841651,1.84098473291458,1,1,1,"1","RGS6"
"GPRASP2",0.00179029082403018,0.945773475730384,1,1,1,"1","GPRASP2"
"QRSL1P1",0.00179098117893017,0.960405226006003,1,1,1,"1","QRSL1P1"
"ANKS1B",0.00179167589597091,0.542434307273155,1,1,1,"1","ANKS1B"
"EFNB1",0.0018063272100804,0.248088814271853,1,1,1,"1","EFNB1"
"TMEM8A",0.00182704524987294,0.859422194601198,1,1,1,"1","TMEM8A"
"ZNF528",0.00185767283351548,0.846642241764116,1,1,1,"1","ZNF528"
"MARK1",0.00186075819548665,0.816909408380186,1,1,1,"1","MARK1"
"NAV3",0.00186858524181498,1.27542902121519,1,1,1,"1","NAV3"
"CPXM1",0.00187406267393214,0.54703686381897,1,1,1,"1","CPXM1"
"PRRC2B",0.00187406723440696,0.372891792634046,1,1,1,"1","PRRC2B"
"FAM117A",0.00188164236541768,0.212504776954646,1,1,1,"1","FAM117A"
"SHISA5",0.00189094472889219,0.513202623907031,1,1,1,"1","SHISA5"
"MIR151A",0.00192476121262623,0.350641253057397,1,1,1,"1","MIR151A"
"B3GALT5",0.00193398725616823,0.631616662523951,1,1,1,"1","B3GALT5"
"SALL2",0.0019450222337279,0.631509940011398,1,1,1,"1","SALL2"
"RBMS3",0.00197467897043524,1.05799931033106,1,1,1,"1","RBMS3"
"MMP20",0.00198647809959672,1.43888791654976,1,1,1,"1","MMP20"
"SPRED2",0.00198741457138038,0.746437864764692,1,1,1,"1","SPRED2"
"MMP16",0.00199535565670798,0.52088128035739,1,1,1,"1","MMP16"
"SEC24C",0.00200473423440028,0.271044127531859,1,1,1,"1","SEC24C"
"PLAC9",0.00200884709039382,1.10504871227336,1,1,1,"1","PLAC9"
"GSN-AS1",0.00201858108424143,1.18769590150347,1,1,1,"1","GSN-AS1"
"CAV2",0.00202299691297501,1.06735521675306,1,1,1,"1","CAV2"
"BMF",0.00204243817185596,0.679415329405092,1,1,1,"1","BMF"
"CCSER1",0.00205757355393376,1.18158685839668,1,1,1,"1","CCSER1"
"SYT7",0.00206000929183038,0.618247707056632,1,1,1,"1","SYT7"
"GSTM5P1",0.00207123504105249,0.570621078662912,1,1,1,"1","GSTM5P1"
"RPS14P4",0.00207498145536956,0.556309973095448,1,1,1,"1","RPS14P4"
"MGAT3",0.00208235101879777,0.628194665955874,1,1,1,"1","MGAT3"
"VSTM4",0.0020833900473507,0.550982530149001,1,1,1,"1","VSTM4"
"KCNQ3",0.00208510823408028,0.551901519267176,1,1,1,"1","KCNQ3"
"DGKB",0.00212402859246432,0.775181879405341,1,1,1,"1","DGKB"
"PATE4",0.00213258844635636,0.404113000507532,1,1,1,"1","PATE4"
"H1FOO",0.00213585857169204,0.983819482628549,1,1,1,"1","H1FOO"
"CSAG4",0.00214380340570701,0.830797715246957,1,1,1,"1","CSAG4"
"RHOBTB2",0.00215655564548744,0.771687851302223,1,1,1,"1","RHOBTB2"
"ZBTB16",0.00216277449673221,1.83568845057005,1,1,1,"1","ZBTB16"
"CBLN4",0.00217276732247209,2.22250544277428,1,1,1,"1","CBLN4"
"RP11-173E2.1",0.00217909148468455,0.695275532058439,1,1,1,"1","RP11-173E2.1"
"HOMEZ",0.00218010729431013,0.608657253651186,1,1,1,"1","HOMEZ"
"RHBDL3",0.00218912161789287,0.61022600210803,1,1,1,"1","RHBDL3"
"MAGEH1",0.00219070055219658,0.683907348300322,1,1,1,"1","MAGEH1"
"DNMT3A",0.00219417741513805,0.600695060983144,1,1,1,"1","DNMT3A"
"ZKSCAN4",0.00219539192992351,1.43545338284778,1,1,1,"1","ZKSCAN4"
"RFX3",0.00219916395433082,0.557306120436001,1,1,1,"1","RFX3"
"TRAF4",0.00219927073284749,0.937813057526922,1,1,1,"1","TRAF4"
"MAP7D3",0.00220699290165078,0.611714354527471,1,1,1,"1","MAP7D3"
"SPTLC1P1",0.00224137761693266,0.897631920979114,1,1,1,"1","SPTLC1P1"
"OXTR",0.00229594068521642,0.289919858322435,1,1,1,"1","OXTR"
"LINC00654",0.00230889632923089,0.906771984388902,1,1,1,"1","LINC00654"
"DAB2",0.00233762701868051,0.374669538949032,1,1,1,"1","DAB2"
"GPX8",0.00233901432621742,0.611624714026219,1,1,1,"1","GPX8"
"RNF144A",0.00234045343771051,0.472156147386643,1,1,1,"1","RNF144A"
"SNAI1",0.00234367997909216,0.766580913379631,1,1,1,"1","SNAI1"
"DDX17",0.0023439150419969,0.400978527476568,1,1,1,"1","DDX17"
"BST2",0.0023494913606133,0.906959841312576,1,1,1,"1","BST2"
"RBM38",0.00236055366240194,1.10707467103528,1,1,1,"1","RBM38"
"THRA",0.00236151230419152,0.933718833838359,1,1,1,"1","THRA"
"ARHGEF2",0.00237536973616497,0.389875788092137,1,1,1,"1","ARHGEF2"
"ZNF177",0.00238013852180459,0.744803195875321,1,1,1,"1","ZNF177"
"DGKE",0.00238034713084335,1.16802663229674,1,1,1,"1","DGKE"
"DACH2",0.0023851675339026,0.955493880509859,1,1,1,"1","DACH2"
"MEIS3P1",0.00239517120273645,0.769472087505386,1,1,1,"1","MEIS3P1"
"FFAR3",0.00240051418079102,1.35285192495825,1,1,1,"1","FFAR3"
"ALDH1A1",0.00240908863492517,0.757558489116336,1,1,1,"1","ALDH1A1"
"ZNF781",0.00241184613627094,0.750651454110779,1,1,1,"1","ZNF781"
"AC004878.5",0.00241885892229218,0.482329115589437,1,1,1,"1","AC004878.5"
"CSGALNACT1",0.0024279884534515,0.563944987971464,1,1,1,"1","CSGALNACT1"
"PRX",0.00243283863293548,0.399569417100087,1,1,1,"1","PRX"
"CSRP1",0.00244916099809288,0.36438929943418,1,1,1,"1","CSRP1"
"HOXA4",0.00247090806566845,1.15569340901179,1,1,1,"1","HOXA4"
"CYP26B1",0.0024788829693233,1.14482216780621,1,1,1,"1","CYP26B1"
"HBB",0.00249333579719549,4.62090297297738,1,1,1,"1","HBB"
"SSH2",0.00249438135599342,0.607800101034663,1,1,1,"1","SSH2"
"ADAMTS17",0.00249840454633076,0.356846435961497,1,1,1,"1","ADAMTS17"
"RP11-530N7.2",0.00250156877449415,0.550353093730047,1,1,1,"1","RP11-530N7.2"
"ATP6V1B1",0.00251209452678142,0.776809808938413,1,1,1,"1","ATP6V1B1"
"CIC",0.00254429487354641,0.416012603774199,1,1,1,"1","CIC"
"CEP112",0.0025706153141051,0.700672620290703,1,1,1,"1","CEP112"
"DEFB132",0.00258129596463427,2.36818115574884,1,1,1,"1","DEFB132"
"GABRA3",0.00258272383030033,1.20830315278955,1,1,1,"1","GABRA3"
"PPP1R32",0.00259928159902151,0.637804192848913,1,1,1,"1","PPP1R32"
"GABRP",0.00260488889270634,1.20855883067413,1,1,1,"1","GABRP"
"LTBP2",0.00260523815515527,0.30525356223621,1,1,1,"1","LTBP2"
"THSD1",0.00260833597293567,0.986371336694964,1,1,1,"1","THSD1"
"CLASP1",0.0026336555994196,0.349683171854313,1,1,1,"1","CLASP1"
"PRKCH",0.00263982365597632,0.614421586439995,1,1,1,"1","PRKCH"
"ABCB5",0.00264741577931952,0.799802971951038,1,1,1,"1","ABCB5"
"RGS3",0.00265443052931386,0.428009889371985,1,1,1,"1","RGS3"
"FAM214B",0.00265580684159105,1.74764972176919,1,1,1,"1","FAM214B"
"STK10",0.0026748855013318,0.539321211461452,1,1,1,"1","STK10"
"EGFL7",0.00267904272863366,0.260864432728681,1,1,1,"1","EGFL7"
"SLC12A3",0.00267962903000746,2.76913827020447,1,1,1,"1","SLC12A3"
"KIFC3",0.00268784154266473,0.744187115683543,1,1,1,"1","KIFC3"
"TCTEX1D1",0.00269346302089291,0.625399739382138,1,1,1,"1","TCTEX1D1"
"COL16A1",0.00271980478039297,0.676740807340362,1,1,1,"1","COL16A1"
"ZNF862",0.00274001288362152,0.992313964928615,1,1,1,"1","ZNF862"
"PCDHB5",0.002740720182952,0.571666744214474,1,1,1,"1","PCDHB5"
"MT1L",0.00274603228885245,0.598723589813215,1,1,1,"1","MT1L"
"USP4",0.00275688234547254,0.303266304867272,1,1,1,"1","USP4"
"OSBPL7",0.00276389839753367,1.30378225555067,1,1,1,"1","OSBPL7"
"REL",0.00276847256615294,0.100266444692945,1,1,1,"1","REL"
"ADAM22",0.0028028166752587,0.656550599961534,1,1,1,"1","ADAM22"
"PHC1",0.00280395767837556,0.837799996597496,1,1,1,"1","PHC1"
"ITM2C",0.00282006092007718,0.455600513785349,1,1,1,"1","ITM2C"
"NDUFA4L2",0.00283064880433097,0.500176110949209,1,1,1,"1","NDUFA4L2"
"RP11-396M11.1",0.00283103083502472,0.462459582669709,1,1,1,"1","RP11-396M11.1"
"FBLN5",0.00284300631960813,0.562115397025046,1,1,1,"1","FBLN5"
"SLC16A14",0.00286387336261913,0.706419007560616,1,1,1,"1","SLC16A14"
"STARD4-AS1",0.00286594694115918,0.727892415129284,1,1,1,"1","STARD4-AS1"
"MXRA8",0.00287363143785004,0.462098078431124,1,1,1,"1","MXRA8"
"RP11-53I6.1",0.0028757186378707,0.463413837269805,1,1,1,"1","RP11-53I6.1"
"AC019181.3",0.00287601430282593,0.549742224388522,1,1,1,"1","AC019181.3"
"LMCD1",0.00288014415572681,0.40528564525831,1,1,1,"1","LMCD1"
"GAS6",0.00290811352942032,0.699018519919306,1,1,1,"1","GAS6"
"PYROXD2",0.0029144211453622,0.713774755244765,1,1,1,"1","PYROXD2"
"AF186192.5",0.00291952988618299,0.657547704098006,1,1,1,"1","AF186192.5"
"ERC1",0.00291996051737276,0.473607549659285,1,1,1,"1","ERC1"
"ANO8",0.00292185089042241,0.754625352855795,1,1,1,"1","ANO8"
"ATP6V0E2",0.00294404907887076,1.21334624920213,1,1,1,"1","ATP6V0E2"
"SVEP1",0.00294680473717788,0.340858168057419,1,1,1,"1","SVEP1"
"RP11-683L23.1",0.0029472612222884,1.50923955771554,1,1,1,"1","RP11-683L23.1"
"PPP2CB",0.00296737831518418,0.117632892236333,1,1,1,"1","PPP2CB"
"PTGES3P1",0.00300472713408171,0.578396021802375,1,1,1,"1","PTGES3P1"
"ZNF304",0.00305301561455667,1.09419905920116,1,1,1,"1","ZNF304"
"GNAI1",0.00307215962428223,0.94102312532323,1,1,1,"1","GNAI1"
"SMAD7",0.00307438594755522,1.20127081656737,1,1,1,"1","SMAD7"
"RP11-342A23.1",0.00309399296600122,0.576342639678751,1,1,1,"1","RP11-342A23.1"
"MCU",0.00310487572541586,0.690472287641375,1,1,1,"1","MCU"
"IL27RA",0.00311015576516313,2.03725368850261,1,1,1,"1","IL27RA"
"ZNF442",0.00312125921149375,0.691743238888654,1,1,1,"1","ZNF442"
"DIAPH2",0.0031668063637494,0.790192266337993,1,1,1,"1","DIAPH2"
"ZBTB1",0.00317073003737738,0.575657483520747,1,1,1,"1","ZBTB1"
"ZFP36L1",0.003170852616028,0.487212746874622,1,1,1,"1","ZFP36L1"
"RP11-718B12.5",0.00318888949569287,0.463166992709965,1,1,1,"1","RP11-718B12.5"
"KRBOX4",0.0031890386114552,0.852058420876686,1,1,1,"1","KRBOX4"
"KIAA1755",0.00319477536193076,0.832425688982177,1,1,1,"1","KIAA1755"
"HOXB5",0.00320736698074814,0.472537178311455,1,1,1,"1","HOXB5"
"MARCKS",0.00322979582576536,0.763387275979269,1,1,1,"1","MARCKS"
"B4GALNT1",0.00323432287914149,2.09693136369789,1,1,1,"1","B4GALNT1"
"MMP19",0.0032353607188713,0.691671136487157,1,1,1,"1","MMP19"
"MIR214",0.00323932067058279,0.42097040937953,1,1,1,"1","MIR214"
"FIGLA",0.00324221247279479,0.606387550119278,1,1,1,"1","FIGLA"
"RP11-154D3.1",0.00326908515897671,0.315614193565979,1,1,1,"1","RP11-154D3.1"
"TESK1",0.00329521947121239,0.612729846423333,1,1,1,"1","TESK1"
"HNRNPA1P25",0.00332433907212691,0.623204449034688,1,1,1,"1","HNRNPA1P25"
"ADCY3",0.00335460999421114,0.382658795506272,1,1,1,"1","ADCY3"
"DMTF1",0.00335510959256184,0.591737790995879,1,1,1,"1","DMTF1"
"CRISPLD2",0.00336003272107284,0.499324529568579,1,1,1,"1","CRISPLD2"
"MKL2",0.0033641831308037,0.481101546082879,1,1,1,"1","MKL2"
"EPB41L4A-AS2",0.00336529702099272,0.681506739881854,1,1,1,"1","EPB41L4A-AS2"
"ZBTB37",0.0033824495126306,0.429638990935342,1,1,1,"1","ZBTB37"
"ZNF704",0.00338912536162908,0.426773343374036,1,1,1,"1","ZNF704"
"C12orf23",0.00339069564906703,0.59205899098518,1,1,1,"1","C12orf23"
"PTGDR",0.00339532723625907,1.05065182274754,1,1,1,"1","PTGDR"
"TCF25",0.00340509236101742,0.38029760647709,1,1,1,"1","TCF25"
"AK3P5",0.00341828092296264,0.350759827201468,1,1,1,"1","AK3P5"
"KDR",0.00341886374710629,0.926633915714234,1,1,1,"1","KDR"
"AMIGO2",0.00342118737606146,0.39476510823506,1,1,1,"1","AMIGO2"
"KLF7",0.00343299239736376,0.759884742208245,1,1,1,"1","KLF7"
"ACSS3",0.00343365997001791,0.616952495773432,1,1,1,"1","ACSS3"
"TMEM106A",0.00343506790712525,0.93915721457331,1,1,1,"1","TMEM106A"
"HOXD3",0.00346765298751178,0.828279538055941,1,1,1,"1","HOXD3"
"MAGEA3",0.003488491968511,1.56365072231195,1,1,1,"1","MAGEA3"
"WDR60",0.00351506255606536,0.507404645811903,1,1,1,"1","WDR60"
"BDH2",0.00351658866817213,0.633863860219773,1,1,1,"1","BDH2"
"ZNF319",0.00352043270636581,0.755511825041815,1,1,1,"1","ZNF319"
"PCDHB7",0.00352061130889248,1.61068034009068,1,1,1,"1","PCDHB7"
"ZNF707",0.00353750323680138,2.42703315053289,1,1,1,"1","ZNF707"
"CIDEC",0.00354525010079971,2.70095329942883,1,1,1,"1","CIDEC"
"RP11-234K24.3",0.00357844670917388,0.603733500684049,1,1,1,"1","RP11-234K24.3"
"XCL2",0.00361184440766907,0.771505552087778,1,1,1,"1","XCL2"
"RP11-1007G5.2",0.00363004217539462,0.31351032906967,1,1,1,"1","RP11-1007G5.2"
"EXD3",0.00365162868904566,0.443323990971935,1,1,1,"1","EXD3"
"CDK6",0.00366176692206854,0.65997323739073,1,1,1,"1","CDK6"
"SMARCD3",0.00366540501028991,0.671398085536744,1,1,1,"1","SMARCD3"
"CNTNAP1",0.0036756210487225,0.672068009492353,1,1,1,"1","CNTNAP1"
"ABCG4",0.00370222684338679,1.14787084070312,1,1,1,"1","ABCG4"
"ANKRD23",0.00370422753005807,1.80513271871242,1,1,1,"1","ANKRD23"
"MDGA1",0.00372657088122582,0.674194623291887,1,1,1,"1","MDGA1"
"NT5DC2",0.00375973978542977,0.415003697640671,1,1,1,"1","NT5DC2"
"ZNF69",0.00376905331495375,0.534728042968608,1,1,1,"1","ZNF69"
"PTRF",0.00377104736250524,0.656117296706626,1,1,1,"1","PTRF"
"KCNQ1",0.00377791927472433,1.09118804618236,1,1,1,"1","KCNQ1"
"KBTBD2",0.00379711609180817,0.507039725048791,1,1,1,"1","KBTBD2"
"TBC1D12",0.00381212444752425,0.389687089053947,1,1,1,"1","TBC1D12"
"DCX",0.0038233575628416,1.14871975527242,1,1,1,"1","DCX"
"CPSF1P1",0.00385456367586298,1.02006653743963,1,1,1,"1","CPSF1P1"
"NRDE2",0.00386239790910239,0.66908202628283,1,1,1,"1","NRDE2"
"C3orf70",0.00387155672808633,0.590113361111291,1,1,1,"1","C3orf70"
"LUC7L",0.00388025507438133,0.492138243084831,1,1,1,"1","LUC7L"
"SCRN2",0.00396356511162065,0.844921242204554,1,1,1,"1","SCRN2"
"L1TD1",0.00398288068849756,2.5375094472679,1,1,1,"1","L1TD1"
"LGALS12",0.00399578162068245,1.74829075488559,1,1,1,"1","LGALS12"
"ZIM2",0.00400234372252709,1.30402463856997,1,1,1,"1","ZIM2"
"KRT18P15",0.00400434938387705,0.824753656874284,1,1,1,"1","KRT18P15"
"LBH",0.00400532364989739,0.691552079366435,1,1,1,"1","LBH"
"NUDCD3",0.00403761188190219,0.59149916894463,1,1,1,"1","NUDCD3"
"SHROOM1",0.00403890660270051,0.259926621396312,1,1,1,"1","SHROOM1"
"PRKAB1",0.00404278148287024,0.940058774193012,1,1,1,"1","PRKAB1"
"GSE1",0.00406826152419838,0.643729982892303,1,1,1,"1","GSE1"
"HDX",0.00411879796721851,0.742901322787061,1,1,1,"1","HDX"
"PLK2",0.00413347202278224,0.560577612202415,1,1,1,"1","PLK2"
"UBXN7-AS1",0.00414353747922513,1.15980014667798,1,1,1,"1","UBXN7-AS1"
"HIST1H1D",0.00415643186265511,0.922920573945721,1,1,1,"1","HIST1H1D"
"CERS5",0.00415739916732619,0.409703025388584,1,1,1,"1","CERS5"
"SOX5",0.00415925362939428,0.61079176519012,1,1,1,"1","SOX5"
"CCDC104",0.00422864761320016,0.121420528753113,1,1,1,"1","CCDC104"
"RP11-625H11.1",0.00429347358740362,1.19693758840347,1,1,1,"1","RP11-625H11.1"
"C19orf80",0.00430287139825281,0.919932830791632,1,1,1,"1","C19orf80"
"SAMD14",0.00434397336678,0.514463505294177,1,1,1,"1","SAMD14"
"AKAP13",0.00434888152187901,0.240756263516584,1,1,1,"1","AKAP13"
"TMEM63A",0.00435529272401759,0.43792602193178,1,1,1,"1","TMEM63A"
"TBCEL",0.00439664233051143,1.61148645152899,1,1,1,"1","TBCEL"
"GNG11",0.00442570224337042,0.579299143601496,1,1,1,"1","GNG11"
"RP5-1059H15.1",0.00444270968234214,0.657148307291529,1,1,1,"1","RP5-1059H15.1"
"RP11-380G5.3",0.00449277536503401,0.882290507977823,1,1,1,"1","RP11-380G5.3"
"LIX1L",0.0044954703431418,0.765299229674643,1,1,1,"1","LIX1L"
"PCDHB3",0.00449865808743445,0.910002413074981,1,1,1,"1","PCDHB3"
"FAM19A5",0.0045402747878865,1.14561418915958,1,1,1,"1","FAM19A5"
"SAMD1",0.0045461294155603,0.52087688224927,1,1,1,"1","SAMD1"
"AF186192.1",0.00456407651708231,0.391908771970396,1,1,1,"1","AF186192.1"
"OLFML2A",0.00458258424168956,1.21678054248747,1,1,1,"1","OLFML2A"
"CAMK1G",0.00458560513072904,0.907990609426863,1,1,1,"1","CAMK1G"
"ERVFRD-1",0.00460314874171918,1.70657575067682,1,1,1,"1","ERVFRD-1"
"CCIN",0.00464371379573725,0.684156723066602,1,1,1,"1","CCIN"
"ZNF701",0.00466089435175833,0.645636492801064,1,1,1,"1","ZNF701"
"EPHA6",0.00466673453273044,1.1617358125099,1,1,1,"1","EPHA6"
"FSHR",0.00467304963689555,1.13685211994431,1,1,1,"1","FSHR"
"CEP68",0.00469621392586,0.507887824810695,1,1,1,"1","CEP68"
"NRF1",0.00470034615437532,0.791362821235545,1,1,1,"1","NRF1"
"CRISPLD1",0.00470707859030333,0.208952174842166,1,1,1,"1","CRISPLD1"
"SOX12",0.00474665527827281,0.396909110979772,1,1,1,"1","SOX12"
"CASKIN2",0.00475216431662369,0.459661509492609,1,1,1,"1","CASKIN2"
"C9",0.00475678082123922,0.399415727040758,1,1,1,"1","C9"
"ABLIM3",0.00477196525635506,1.32145234124707,1,1,1,"1","ABLIM3"
"NBPF10",0.00477419289980188,2.15164631435363,1,1,1,"1","NBPF10"
"MAP4K4",0.00477487172072823,0.161809926835158,1,1,1,"1","MAP4K4"
"RP11-121L10.3",0.00478752346242182,0.570109671555713,1,1,1,"1","RP11-121L10.3"
"EXOC7",0.00481217762640132,0.374011192989375,1,1,1,"1","EXOC7"
"ARHGAP29",0.00481537428233046,0.123175332458615,1,1,1,"1","ARHGAP29"
"SERPINE1",0.00482551952999424,0.257548654121383,1,1,1,"1","SERPINE1"
"TSHZ2",0.00490041326769873,0.802819751230212,1,1,1,"1","TSHZ2"
"SLC6A16",0.00490509788197644,0.866757159236052,1,1,1,"1","SLC6A16"
"FMNL2",0.00493712356571839,0.823880515910901,1,1,1,"1","FMNL2"
"TCEAL5",0.00494623529737563,0.716588015242634,1,1,1,"1","TCEAL5"
"RP11-252A24.2",0.00497757718865903,0.440354703003816,1,1,1,"1","RP11-252A24.2"
"ZNF469",0.00499926750863273,0.304673299776727,1,1,1,"1","ZNF469"
"FTCD",0.00502375152999554,1.08542264649154,1,1,1,"1","FTCD"
"MARCKSL1",0.00502670551028097,1.30453527339398,1,1,1,"1","MARCKSL1"
"RP11-486G15.1",0.00503952034491194,0.313970887163874,1,1,1,"1","RP11-486G15.1"
"RP11-212I21.4",0.00505175300748884,0.417282436371552,1,1,1,"1","RP11-212I21.4"
"RPS26P21",0.00505904913936709,0.34158065075364,1,1,1,"1","RPS26P21"
"FLYWCH2",0.00506112415086346,1.82507178085644,1,1,1,"1","FLYWCH2"
"KCNJ16",0.00506430602023345,0.451282371972614,1,1,1,"1","KCNJ16"
"MOB3C",0.00507212637940823,0.973560697690234,1,1,1,"1","MOB3C"
"HNRNPA1P22",0.00508441855663728,0.89977771137649,1,1,1,"1","HNRNPA1P22"
"SLC25A15P5",0.00508896536547061,0.41681823770095,1,1,1,"1","SLC25A15P5"
"KIAA0040",0.0050897834953214,0.599623499028114,1,1,1,"1","KIAA0040"
"TRIM13",0.00509825801526274,0.712218079169279,1,1,1,"1","TRIM13"
"AC022007.5",0.00513583249735838,0.715031711752321,1,1,1,"1","AC022007.5"
"LRRC10B",0.00515894199127702,0.843055146371634,1,1,1,"1","LRRC10B"
"COL6A4P1",0.00520638279911397,0.55769801013318,1,1,1,"1","COL6A4P1"
"SAMD9L",0.00521490041884827,0.589896707869286,1,1,1,"1","SAMD9L"
"C2orf40",0.00524415203722859,0.940923092461265,1,1,1,"1","C2orf40"
"POSTN",0.00524959181001775,0.572209600256617,1,1,1,"1","POSTN"
"PCDHB11",0.00525618705422897,1.1326662758147,1,1,1,"1","PCDHB11"
"LEP",0.00530679256298921,3.48635982561735,1,1,1,"1","LEP"
"COL3A1",0.00531489211355092,1.03109568076773,1,1,1,"1","COL3A1"
"TCEANC",0.00532038262863531,1.36056650721599,1,1,1,"1","TCEANC"
"ADCYAP1R1",0.00532234193992088,1.29296293184456,1,1,1,"1","ADCYAP1R1"
"HSD17B1P1",0.0053379605752531,0.544604424211094,1,1,1,"1","HSD17B1P1"
"NLRP3",0.00535770531802401,1.82244751892518,1,1,1,"1","NLRP3"
"RASSF2",0.00536783813780477,0.465108742192671,1,1,1,"1","RASSF2"
"BBS9",0.00538323385583672,0.307098690739849,1,1,1,"1","BBS9"
"PDLIM5",0.00539270959269171,0.560378961925263,1,1,1,"1","PDLIM5"
"ANKRD29",0.0054095313091242,0.691816627211608,1,1,1,"1","ANKRD29"
"MRPL21",0.00542679678294778,0.178178123217645,1,1,1,"1","MRPL21"
"RAMP3",0.0054421796649501,1.41004966574139,1,1,1,"1","RAMP3"
"TGFBI",0.00544250845885249,0.669862904593387,1,1,1,"1","TGFBI"
"IL4R",0.00545370158512999,0.414804202426403,1,1,1,"1","IL4R"
"TIA1",0.0054761040301701,0.483038936106212,1,1,1,"1","TIA1"
"RASGEF1B",0.00548125521069183,0.495734721379744,1,1,1,"1","RASGEF1B"
"NDN",0.0054857311889033,0.691538075698105,1,1,1,"1","NDN"
"HIC2",0.00549742830772509,0.722109787282582,1,1,1,"1","HIC2"
"SLFN11",0.00549926857203343,0.510498772415609,1,1,1,"1","SLFN11"
"CHST3",0.00550162404875485,0.847116990811477,1,1,1,"1","CHST3"
"RFWD2P1",0.00550404098739926,0.585908540567653,1,1,1,"1","RFWD2P1"
"OR52N5",0.00552105583380451,0.906328887684332,1,1,1,"1","OR52N5"
"OTUD7A",0.00555583665219581,0.792172231323443,1,1,1,"1","OTUD7A"
"MEF2C",0.00560889041689051,0.591220305741537,1,1,1,"1","MEF2C"
"FAM115B",0.00561015532743276,0.536047640632122,1,1,1,"1","FAM115B"
"THBS4",0.00561029605044932,1.47105211897816,1,1,1,"1","THBS4"
"BEX4",0.00570249243521946,0.728764158621413,1,1,1,"1","BEX4"
"C11orf95",0.00571104470892135,0.21622000793489,1,1,1,"1","C11orf95"
"PTPRB",0.00571709847407949,0.41431781101333,1,1,1,"1","PTPRB"
"ANKRD26P1",0.00575947064982179,2.92296129049236,1,1,1,"1","ANKRD26P1"
"PCGF2",0.00576269538359827,0.430780673276399,1,1,1,"1","PCGF2"
"SUCLG2P2",0.00585804838838075,0.438763822759762,1,1,1,"1","SUCLG2P2"
"CPA1",0.00586082269898244,3.17730134869884,1,1,1,"1","CPA1"
"RP3-522P13.2",0.00586711758131665,2.99802435429301,1,1,1,"1","RP3-522P13.2"
"SLC7A10",0.0058935901524722,0.882529242534199,1,1,1,"1","SLC7A10"
"GRIN2C",0.0059024014158854,0.637823998390285,1,1,1,"1","GRIN2C"
"TM4SF18",0.00591166218295824,0.757020236499853,1,1,1,"1","TM4SF18"
"SSPO",0.00592005945424579,0.426535416149544,1,1,1,"1","SSPO"
"MORF4L2",0.0059201445426881,0.29541563907447,1,1,1,"1","MORF4L2"
"FADS3",0.00593741257014143,0.907417042290025,1,1,1,"1","FADS3"
"IFIT1B",0.00594539798180961,3.03072928613915,1,1,1,"1","IFIT1B"
"LRRC37A3",0.00603004652544551,1.19651748993155,1,1,1,"1","LRRC37A3"
"SYN2",0.00604917512595763,1.4399550913662,1,1,1,"1","SYN2"
"ZNF331",0.00605983054068987,1.09256782255376,1,1,1,"1","ZNF331"
"CCND2",0.00606507914863376,0.670044161912752,1,1,1,"1","CCND2"
"ITFG3",0.00607993408574525,1.06742622424117,1,1,1,"1","ITFG3"
"CYP2F1P",0.0060885550736877,0.687218945047748,1,1,1,"1","CYP2F1P"
"ZNF727",0.00611555478191149,0.500084809165868,1,1,1,"1","ZNF727"
"ZFP2",0.0061182945514613,0.707193651556485,1,1,1,"1","ZFP2"
"GPR56",0.00611838984938012,0.115516348881275,1,1,1,"1","GPR56"
"GIPR",0.00613631699049375,0.650660330886309,1,1,1,"1","GIPR"
"DTX3",0.0061399240622306,0.845700942172853,1,1,1,"1","DTX3"
"PHF2",0.0061423061516826,0.345138107355968,1,1,1,"1","PHF2"
"ADORA3",0.00615520479277987,0.477313497816803,1,1,1,"1","ADORA3"
"ADAMTSL1",0.00617069741410644,0.930380029230378,1,1,1,"1","ADAMTSL1"
"CLEC1A",0.00617769672245159,0.593847988835513,1,1,1,"1","CLEC1A"
"HOXC8",0.00619939210953645,0.709460764211785,1,1,1,"1","HOXC8"
"RP11-686D22.3",0.00621998348537799,0.524753044318897,1,1,1,"1","RP11-686D22.3"
"PCDHGB7",0.00626182979635526,0.991603302648622,1,1,1,"1","PCDHGB7"
"SLC45A1",0.00627007342883118,0.957340590963994,1,1,1,"1","SLC45A1"
"FAM26F",0.00631159820496549,0.603587698787372,1,1,1,"1","FAM26F"
"NT5C1A",0.00638510487392488,0.211703054092661,1,1,1,"1","NT5C1A"
"HMGN2P21",0.00639192089050787,0.796106991420681,1,1,1,"1","HMGN2P21"
"RP11-212P7.1",0.00639258260611635,0.638774200753311,1,1,1,"1","RP11-212P7.1"
"RPL3P6",0.00641171298092416,0.425764010872564,1,1,1,"1","RPL3P6"
"ANO6",0.00642741899892708,0.455406472167958,1,1,1,"1","ANO6"
"HERC2P5",0.00643720302447554,1.23770238741767,1,1,1,"1","HERC2P5"
"RNF113B",0.0064881369060885,0.653965988717392,1,1,1,"1","RNF113B"
"TMEM219",0.00653199672797137,0.777394723589483,1,1,1,"1","TMEM219"
"IGFBP4",0.00654109533952165,0.542357408822362,1,1,1,"1","IGFBP4"
"ULBP1",0.00655281953018913,0.412490154055527,1,1,1,"1","ULBP1"
"TMEM133",0.00656892887648696,0.510032664325424,1,1,1,"1","TMEM133"
"ZNF334",0.00661125355757716,0.778841172956724,1,1,1,"1","ZNF334"
"SPATS2L",0.00661670188129191,0.388231513273304,1,1,1,"1","SPATS2L"
"ZFP28",0.00663218095786701,0.835658438229775,1,1,1,"1","ZFP28"
"AL590822.1",0.00663318681997005,0.661743342962584,1,1,1,"1","AL590822.1"
"SPR",0.00664090860401303,0.829117128643139,1,1,1,"1","SPR"
"SIX5",0.00666666269913883,0.168939169952404,1,1,1,"1","SIX5"
"CCL22",0.00668322729662907,0.424542696527892,1,1,1,"1","CCL22"
"TMEM74B",0.0067245288440687,0.743821645539873,1,1,1,"1","TMEM74B"
"ADRBK2",0.00673469376308688,0.775538506964402,1,1,1,"1","ADRBK2"
"GPATCH2L",0.00676671019702121,0.404651413112237,1,1,1,"1","GPATCH2L"
"SLC16A1",0.00678410827875744,0.613248038755977,1,1,1,"1","SLC16A1"
"ZNF808",0.00678713150762963,1.01577081678574,1,1,1,"1","ZNF808"
"ANXA1",0.00682427013587383,0.541904995432297,1,1,1,"1","ANXA1"
"WWC2",0.00683085158935744,0.173267151028671,1,1,1,"1","WWC2"
"C20orf197",0.00685105941880546,0.569225342502316,1,1,1,"1","C20orf197"
"HNMT",0.00685697070685083,0.739033967744085,1,1,1,"1","HNMT"
"FRZB",0.00689549030349971,0.727781402235193,1,1,1,"1","FRZB"
"P2RY1",0.00698009602623,0.952384214900814,1,1,1,"1","P2RY1"
"MAPK6PS3",0.00698572097905438,0.176190542803102,1,1,1,"1","MAPK6PS3"
"HAND2",0.00699717593538782,0.748943167757734,1,1,1,"1","HAND2"
"ITGA2B",0.0070033551149157,0.922696375244275,1,1,1,"1","ITGA2B"
"KANSL1",0.00704750631508904,0.539411816261254,1,1,1,"1","KANSL1"
"SLC4A4",0.00705593211620194,0.23555329221562,1,1,1,"1","SLC4A4"
"TRIM52",0.0070758389912668,1.07648589329672,1,1,1,"1","TRIM52"
"ADORA2A-AS1",0.00708940938331378,0.472403815160483,1,1,1,"1","ADORA2A-AS1"
"THUMPD1",0.00720592381079336,0.525657993370448,1,1,1,"1","THUMPD1"
"RP11-527B17.2",0.00725024858309905,1.10456619797896,1,1,1,"1","RP11-527B17.2"
"MSLN",0.00726581560386418,0.356667266873343,1,1,1,"1","MSLN"
"MACROD1",0.00726947125778704,0.52944857179504,1,1,1,"1","MACROD1"
"ICAM2",0.00727601886851998,0.666269757705141,1,1,1,"1","ICAM2"
"NCOA1",0.00729332582996656,0.24091827050248,1,1,1,"1","NCOA1"
"AOC2",0.00732998968327873,0.889107029842151,1,1,1,"1","AOC2"
"UNC45B",0.00738629308326182,0.207628646956733,1,1,1,"1","UNC45B"
"OPN4",0.00745875462933754,0.548717752265258,1,1,1,"1","OPN4"
"CHD9",0.0074722782799913,0.353232609214544,1,1,1,"1","CHD9"
"ACVR1C",0.00748096815288977,1.90942239402484,1,1,1,"1","ACVR1C"
"C2orf43",0.00749572684394496,0.730843360708427,1,1,1,"1","C2orf43"
"EEF1A1P3",0.00752135007055633,0.713216589633223,1,1,1,"1","EEF1A1P3"
"FKRP",0.00752934269559926,1.46212538228652,1,1,1,"1","FKRP"
"LETM1P2",0.00753324222156239,0.33926282373883,1,1,1,"1","LETM1P2"
"TANC2",0.00753855760988698,0.479970135549621,1,1,1,"1","TANC2"
"SNPH",0.0075481396241887,0.672895563072926,1,1,1,"1","SNPH"
"ANKRD40",0.00757814908543876,0.465048170353153,1,1,1,"1","ANKRD40"
"CYP20A1",0.00760033071457608,0.578889834871553,1,1,1,"1","CYP20A1"
"SYT17",0.00761498581799844,0.619306256890525,1,1,1,"1","SYT17"
"HIC1",0.00765894232298028,0.783536036215045,1,1,1,"1","HIC1"
"PCDHB2",0.00766052314612147,1.0741568227798,1,1,1,"1","PCDHB2"
"KCNIP2",0.00766654785692889,1.31126485476429,1,1,1,"1","KCNIP2"
"CPAMD8",0.00768120212051911,1.57572737129826,1,1,1,"1","CPAMD8"
"VWA5B2",0.00769940677457095,0.514301488265259,1,1,1,"1","VWA5B2"
"ZSCAN12",0.00772501351591566,0.846149639470122,1,1,1,"1","ZSCAN12"
"UCP2",0.00773918856843448,0.157244671617626,1,1,1,"1","UCP2"
"CMPK2",0.00775794876910942,0.81697668277457,1,1,1,"1","CMPK2"
"SMURF2",0.00783459621653198,0.479267567798239,1,1,1,"1","SMURF2"
"C11orf84",0.00787217457548928,0.83059756667098,1,1,1,"1","C11orf84"
"NEK6",0.0079274692587471,0.227881767692327,1,1,1,"1","NEK6"
"PDE5A",0.00792972216852959,0.653523982200266,1,1,1,"1","PDE5A"
"SLC16A12",0.00798580524711659,0.758129388661695,1,1,1,"1","SLC16A12"
"BSN",0.00802656748873446,0.355857769469326,1,1,1,"1","BSN"
"RPL21P123",0.00804059143087867,1.32814601376787,1,1,1,"1","RPL21P123"
"S1PR1",0.00804575420302121,0.410923321609175,1,1,1,"1","S1PR1"
"ZNF513",0.008075614867527,0.757103214675423,1,1,1,"1","ZNF513"
"RP11-271K11.5",0.00809780390421498,0.917831378667627,1,1,1,"1","RP11-271K11.5"
"TUT1",0.00811912410816342,0.534880966524691,1,1,1,"1","TUT1"
"VGLL3",0.00812974816951756,0.473860891873152,1,1,1,"1","VGLL3"
"PATE1",0.00814507195507076,0.571177318430212,1,1,1,"1","PATE1"
"PZP",0.00825160268758335,0.519869161375905,1,1,1,"1","PZP"
"CMPK1",0.00825621082525056,0.280419953676414,1,1,1,"1","CMPK1"
"C14orf180",0.00828135804984101,1.94123872252497,1,1,1,"1","C14orf180"
"RNF122",0.00830209698549288,0.551113864277296,1,1,1,"1","RNF122"
"RP11-364P2.2",0.0083338758787146,0.368798699141532,1,1,1,"1","RP11-364P2.2"
"RSAD2",0.0083428387358344,0.780261114470077,1,1,1,"1","RSAD2"
"SNX9",0.00835771342402585,0.373840999884582,1,1,1,"1","SNX9"
"PLOD3",0.00844059076470308,0.418387866492246,1,1,1,"1","PLOD3"
"PATL1",0.00844316768447543,0.105181656841498,1,1,1,"1","PATL1"
"KCNE3",0.00851862853253479,1.09668019596337,1,1,1,"1","KCNE3"
"GRM6",0.00853733143577326,0.213070470980984,1,1,1,"1","GRM6"
"ZC3H11A",0.00853748068989149,0.442114306611344,1,1,1,"1","ZC3H11A"
"RFTN1",0.00855413144845254,0.392826481122341,1,1,1,"1","RFTN1"
"RP5-867C24.1",0.00861336570740675,0.238432325685075,1,1,1,"1","RP5-867C24.1"
"FMO1",0.00868584712570844,0.945465254173984,1,1,1,"1","FMO1"
"GOT2",0.00870960812012832,0.984372013201281,1,1,1,"1","GOT2"
"HSD17B8",0.00873674295472435,0.396244529901582,1,1,1,"1","HSD17B8"
"PSMG3-AS1",0.0087516827894574,1.39945676738714,1,1,1,"1","PSMG3-AS1"
"C14orf37",0.00879066607845781,0.884170204723349,1,1,1,"1","C14orf37"
"OR8B12",0.00879576105670897,0.93008969965895,1,1,1,"1","OR8B12"
"SLC26A7",0.00880125467116666,0.597236386708397,1,1,1,"1","SLC26A7"
"ZNF34",0.00883120645839988,0.634433514955106,1,1,1,"1","ZNF34"
"ZNF285",0.00887510736861525,0.903189290916753,1,1,1,"1","ZNF285"
"GPR64",0.00905269637881335,1.16629557583419,1,1,1,"1","GPR64"
"TGFB3",0.00908131558193177,0.75317282906671,1,1,1,"1","TGFB3"
"RP11-572O6.1",0.00910608026446556,0.573844325400334,1,1,1,"1","RP11-572O6.1"
"MGST1",0.0091264852237875,0.296926332318783,1,1,1,"1","MGST1"
"TTC31",0.00915411613587884,0.629665975345221,1,1,1,"1","TTC31"
"ABL2",0.00919445351441649,0.516173555840954,1,1,1,"1","ABL2"
"RIMBP2",0.00921095621483644,0.164929704203789,1,1,1,"1","RIMBP2"
"AC003080.4",0.00924019985191884,0.316087047571999,1,1,1,"1","AC003080.4"
"FRAS1",0.00929345144266156,0.391329005197949,1,1,1,"1","FRAS1"
"FHL1",0.0093131371306451,0.598847011795545,1,1,1,"1","FHL1"
"RBMS2",0.00933748430581759,0.453049410246734,1,1,1,"1","RBMS2"
"SPOCK3",0.00934959129578108,0.550718156910392,1,1,1,"1","SPOCK3"
"FMO2",0.00934959605991434,0.599482652878011,1,1,1,"1","FMO2"
"PLEKHH2",0.00935796507523479,0.282181461976776,1,1,1,"1","PLEKHH2"
"COL1A2",0.00946902267212228,0.801261658410969,1,1,1,"1","COL1A2"
"OPCML",0.00949827560371572,0.350096206129042,1,1,1,"1","OPCML"
"ACSM2A",0.00951645630607341,0.369986177565128,1,1,1,"1","ACSM2A"
"RCN1",0.00953396752262797,0.408521569976113,1,1,1,"1","RCN1"
"DNAJB5",0.00956002436969234,0.397431085177413,1,1,1,"1","DNAJB5"
"QRFPR",0.00957621004979202,0.139246277191258,1,1,1,"1","QRFPR"
"CYP1B1",0.00957784207507012,0.454887646884217,1,1,1,"1","CYP1B1"
"PI15",0.00958397458016727,1.36510757097086,1,1,1,"1","PI15"
"RNF125",0.00959918846153567,0.958663443525653,1,1,1,"1","RNF125"
"MLEC",0.0096540932230293,0.403025052454398,1,1,1,"1","MLEC"
"RGS12",0.0096704735099413,0.449196658308225,1,1,1,"1","RGS12"
"PLOD1",0.00969216080123518,0.365967820060476,1,1,1,"1","PLOD1"
"HOMER3",0.00973583207294433,0.190790908937192,1,1,1,"1","HOMER3"
"GLI3",0.00974923114397825,0.222093257232242,1,1,1,"1","GLI3"
"ZNF284",0.00980316967684217,0.834674703650656,1,1,1,"1","ZNF284"
"ANGPTL2",0.00985224633167973,0.247913088267937,1,1,1,"1","ANGPTL2"
"QPRT",0.00992610213003906,0.703277648311198,1,1,1,"1","QPRT"
"SLC1A2",0.00992850871686128,0.41176488870785,1,1,1,"1","SLC1A2"
"ST6GALNAC5",6.16532915071454e-14,3.46896777023569,1,1,1.30852945894765e-09,"5","ST6GALNAC5"
"PTGS2",1.04551756933929e-11,4.70678581405506,1,1,2.21900648916571e-07,"5","PTGS2"
"WFDC2",2.34044699094415e-10,4.5664003680329,1,1,4.96736469357986e-06,"5","WFDC2"
"MATN3",6.05951109358187e-10,2.66890333471192,1,1,1.28607063450182e-05,"5","MATN3"
"SERPINA1",4.63022838622489e-09,3.62450304393718,1,1,9.82719672692371e-05,"5","SERPINA1"
"GPRC5A",8.03869794362007e-09,4.86800968009948,1,1,0.000170613325155392,"5","GPRC5A"
"C7",9.19277268916391e-09,3.14598353571144,1,1,0.000195107407554815,"5","C7"
"PTPRD",2.24900156626451e-08,3.34707653071929,1,1,0.000477328092423979,"5","PTPRD"
"SLC11A1",2.32809479639514e-08,3.43061093752484,1,1,0.000494114839586904,"5","SLC11A1"
"C4B",2.36117384392304e-08,3.09168521659306,1,1,0.000501135536634227,"5","C4B"
"RGS2",3.14048383836618e-08,2.32580230389559,1,1,0.000666536289854837,"5","RGS2"
"FPR1",3.40011264329926e-08,2.85351994636435,1,1,0.000721639907413836,"5","FPR1"
"VNN3",3.46469708305825e-08,3.19352648462509,1,1,0.000735347308908282,"5","VNN3"
"DMBT1",3.63742488968844e-08,7.6208768140337,1,1,0.000772007058587474,"5","DMBT1"
"TSPAN1",3.90209016903956e-08,4.61299486380907,1,1,0.000828179617476957,"5","TSPAN1"
"GALNTL6",4.04226522897833e-08,1.78519749594922,1,1,0.000857930372198361,"5","GALNTL6"
"NCAM1",6.28224645871443e-08,2.67115295420526,1,1,0.00133334398839755,"5","NCAM1"
"MLPH",6.65524617590229e-08,3.35555826848557,1,1,0.0014125094483735,"5","MLPH"
"IGLV4-69",6.85980507953775e-08,4.15763440173738,1,1,0.00145592503008109,"5","IGLV4-69"
"THBS1",9.30522167011726e-08,1.9204619218664,1,1,0.00197494024726569,"5","THBS1"
"KCNMA1",1.00524126170162e-07,2.40099266066803,1,1,0.00213352405383552,"5","KCNMA1"
"OSMR",1.05808937932199e-07,1.67577939798299,1,1,0.00224568889867299,"5","OSMR"
"IGKV1-9",1.08276708929001e-07,6.54322895105584,1,1,0.00229806487030911,"5","IGKV1-9"
"GALNT5",1.22004334734051e-07,2.77495171515973,1,1,0.00258942000039549,"5","GALNT5"
"FUT8",1.60141278533161e-07,1.44562058759886,1,1,0.00339883849558781,"5","FUT8"
"SAT1",1.73875614143934e-07,1.56116920512595,1,1,0.00369033603459085,"5","SAT1"
"GADD45B",1.75530230243534e-07,1.88833567587669,1,1,0.00372545360668877,"5","GADD45B"
"MAP3K5",1.99624937071385e-07,1.32921685188319,1,1,0.00423683966440307,"5","MAP3K5"
"APOA2",2.33192569719116e-07,1.97972357500368,1,1,0.00494927909971851,"5","APOA2"
"PLAC8",2.38298760211739e-07,3.15913566715292,1,1,0.00505765288673394,"5","PLAC8"
"ANXA3",2.39206810744458e-07,2.45145262170528,1,1,0.00507692535124037,"5","ANXA3"
"FMO21",2.54361649654201e-07,2.40740681127215,1,1,0.00539857165226076,"5","FMO2"
"NCAM2",2.65888052728823e-07,2.04207276409447,1,1,0.00564320803111654,"5","NCAM2"
"OLR1",2.75613514012564e-07,2.79259355465987,1,1,0.00584962122140265,"5","OLR1"
"C16orf89",2.87730012441204e-07,2.61089887673292,1,1,0.00610678178405211,"5","C16orf89"
"CSF3R",2.93690792956876e-07,3.38558298109923,1,1,0.00623329338971674,"5","CSF3R"
"IL6",3.14528942984377e-07,2.53421041822361,1,1,0.00667556228590042,"5","IL6"
"NFKBIZ",3.33471952455833e-07,1.65869062332297,1,1,0.0070776087189226,"5","NFKBIZ"
"COL8A1",3.47280367984171e-07,1.83224894426127,1,1,0.00737067853009604,"5","COL8A1"
"EFEMP1",3.49082761261759e-07,2.06216883946431,1,1,0.00740893252501957,"5","EFEMP1"
"ALPL",3.66484519826878e-07,1.60779835815292,1,1,0.00777826744880566,"5","ALPL"
"NR4A3",3.77665239176511e-07,2.5150155924487,1,1,0.00801556703628228,"5","NR4A3"
"COLCA1",3.83604264236481e-07,1.60752989224733,1,1,0.00814161690415508,"5","COLCA1"
"SHROOM3",3.9865263142755e-07,3.42217482746924,1,1,0.00846100344941831,"5","SHROOM3"
"DCC",4.05458931920401e-07,3.06703315018358,1,1,0.0086054603710786,"5","DCC"
"COL4A3",4.05552364720717e-07,3.79203774519225,1,1,0.00860744338883249,"5","COL4A3"
"SULT1B1",4.15150740773033e-07,2.68385107912291,1,1,0.00881115932216685,"5","SULT1B1"
"IGKV1D-27",4.20538428549538e-07,2.12658036070373,1,1,0.0089255076075354,"5","IGKV1D-27"
"CXCL2",4.21198988322351e-07,1.96545496783702,1,1,0.00893952732815359,"5","CXCL2"
"C19orf59",4.37472608393679e-07,4.89834305599912,1,1,0.00928491864054745,"5","C19orf59"
"KYNU",4.46774124952832e-07,1.26507429788971,1,1,0.0094823340279989,"5","KYNU"
"CEACAM4",4.83793118960281e-07,1.76651444522371,1,1,0.010268025156813,"5","CEACAM4"
"IGLV1-51",5.46443689580432e-07,4.18432651411832,1,1,0.0115977208676551,"5","IGLV1-51"
"PLS1",5.68215795100686e-07,2.11401173490816,1,1,0.012059812035217,"5","PLS1"
"SRGN",5.82307791267704e-07,3.39040697009149,1,1,0.0123589005618657,"5","SRGN"
"KCNK3",5.9783201454394e-07,2.36483947482872,1,1,0.0126883866766806,"5","KCNK3"
"SYTL3",6.1660518895032e-07,1.5840843090257,1,1,0.0130868285302816,"5","SYTL3"
"MAP3K8",7.25566214414249e-07,1.39748261018056,1,1,0.015399417334728,"5","MAP3K8"
"C4A",8.81084950394724e-07,1.91578290528673,1,1,0.0187001469871776,"5","C4A"
"SELP",9.41653711047815e-07,1.66254022813852,1,1,0.0199856583632788,"5","SELP"
"TCF21",9.54248272679252e-07,2.33663166008576,1,1,0.0202529653393444,"5","TCF21"
"HSH2D",9.71261771935959e-07,1.63723425799607,1,1,0.0206140598475688,"5","HSH2D"
"SOCS3",9.90907590738687e-07,1.92348994441611,1,1,0.0210310227058379,"5","SOCS3"
"RSPO3",1.04962561333295e-06,1.53698958408735,1,1,0.0222772540173785,"5","RSPO3"
"MGAM",1.07947029017149e-06,4.18127268147793,1,1,0.0229106774385996,"5","MGAM"
"GLUL",1.12728753025807e-06,1.29391631047504,1,1,0.0239255505421972,"5","GLUL"
"CSDC2",1.13674498737396e-06,1.22055320776229,1,1,0.0241262756120249,"5","CSDC2"
"IGHA1",1.27592051392725e-06,3.26121013404913,1,1,0.027080136987592,"5","IGHA1"
"AKAP6",1.27827046683908e-06,4.10014054383712,1,1,0.0271300123881926,"5","AKAP6"
"SLAIN1",1.37974897433345e-06,1.56833384021665,1,1,0.0292837922312532,"5","SLAIN1"
"CEBPD",1.47513040937991e-06,1.59693928222404,1,1,0.0313081678086792,"5","CEBPD"
"IGHV3-53",1.56810513339921e-06,1.81763388359818,1,1,0.0332814633512648,"5","IGHV3-53"
"ARSJ",1.58322726013481e-06,1.3166164169905,1,1,0.0336024153691012,"5","ARSJ"
"FOXA2",1.70107309799664e-06,4.07770734064531,1,1,0.0361035754318807,"5","FOXA2"
"STEAP2",1.71693872539563e-06,1.826149573326,1,1,0.0364403075077968,"5","STEAP2"
"TNIK",1.72111229628203e-06,1.27304164657017,1,1,0.0365288873762898,"5","TNIK"
"LMO7",1.78379366640539e-06,2.81056224577947,1,1,0.037859236775788,"5","LMO7"
"BMP5",1.7888892121528e-06,3.24302528206674,1,1,0.0379673846387311,"5","BMP5"
"EVA1C",1.79521360065787e-06,1.27443454518324,1,1,0.0381016134603626,"5","EVA1C"
"CD55",2.05806026410993e-06,1.56106073857583,1,1,0.0436802710454692,"5","CD55"
"DSTN",2.07102342513466e-06,1.25519113387557,1,1,0.0439554011750581,"5","DSTN"
"TBXAS1",2.08892396760606e-06,1.47648618806446,1,1,0.044335322288471,"5","TBXAS1"
"IGLV1-40",2.10567734579716e-06,3.09953481862487,1,1,0.044690895987199,"5","IGLV1-40"
"CCDC68",2.11495157807631e-06,2.12785896190347,1,1,0.0448877322930916,"5","CCDC68"
"CXCL1",2.19537279436748e-06,5.07142739977693,1,1,0.0465945921876553,"5","CXCL1"
"PIP5K1B",2.21025280403619e-06,2.2327577367571,1,1,0.0469104055128641,"5","PIP5K1B"
"IGJ",2.24284552119928e-06,2.79214603209603,1,1,0.0476021533419335,"5","IGJ"
"TCEAL2",2.25120222037585e-06,2.15860029712172,1,1,0.0477795159252569,"5","TCEAL2"
"BEST1",2.25544101077035e-06,1.90035622270937,1,1,0.0478694800125898,"5","BEST1"
"MUC4",2.25901809819353e-06,6.42815031573191,1,1,0.0479454001160596,"5","MUC4"
"GPC4",2.29773875100277e-06,1.55992302803262,1,1,0.0487672072512828,"5","GPC4"
"ZFP36",2.32414035206905e-06,1.7575702065005,1,1,0.0493275548323135,"5","ZFP36"
"MISP",2.46084521928541e-06,4.75554229203978,1,1,0.0522289789341136,"5","MISP"
"SYDE2",2.4755187179525e-06,1.72407220467514,1,1,0.0525404092698239,"5","SYDE2"
"CAPN9",2.50819766522432e-06,3.23503596537984,1,1,0.053233987246721,"5","CAPN9"
"IGKV1-27",2.50997902295888e-06,3.23791159094188,1,1,0.0532717947832794,"5","IGKV1-27"
"LITAF",2.57140974424264e-06,1.52422791900712,1,1,0.0545756004118057,"5","LITAF"
"C1orf168",2.63226383221031e-06,2.63526806705023,1,1,0.0558671675748317,"5","C1orf168"
"DGKG",2.78484659929477e-06,2.12920185587726,1,1,0.0591055842234322,"5","DGKG"
"MYEF2",2.81066548027521e-06,1.89789880861014,1,1,0.0596535641533612,"5","MYEF2"
"PLXNC1",2.98599674100183e-06,1.13881960700753,1,1,0.0633747948310228,"5","PLXNC1"
"MNDA",3.01751631709148e-06,2.28520206416771,1,1,0.0640437663139496,"5","MNDA"
"KCNQ5",3.06933373677766e-06,1.70581317872776,1,1,0.0651435392293691,"5","KCNQ5"
"NCR3LG1",3.10474612215088e-06,0.978169047768574,1,1,0.0658951316965303,"5","NCR3LG1"
"RXFP1",3.14349169816599e-06,3.00161272308538,1,1,0.066717467801875,"5","RXFP1"
"IGLV2-11",3.16083747969232e-06,2.05328916668278,1,1,0.0670856146689897,"5","IGLV2-11"
"FAM46C",3.29180465247014e-06,1.08447456907236,1,1,0.0698652619440263,"5","FAM46C"
"BMPR1B",3.32657599989317e-06,2.82474152163541,1,1,0.0706032490217327,"5","BMPR1B"
"KIAA1244",3.37731442029893e-06,2.04788296422258,1,1,0.0716801212564246,"5","KIAA1244"
"IGHV2-5",3.45620678266587e-06,6.63136312740768,1,1,0.0733545327553005,"5","IGHV2-5"
"ACOXL",3.50186525463395e-06,6.15928469522358,1,1,0.0743235881643509,"5","ACOXL"
"NKX2-1",3.50782987776745e-06,5.37099778703505,1,1,0.0744501813257363,"5","NKX2-1"
"SORL1",3.54529273234724e-06,1.65866224172025,1,1,0.0752452929513378,"5","SORL1"
"BAMBI",3.57412520069401e-06,2.98921042110117,1,1,0.0758572332595296,"5","BAMBI"
"PCDP1",3.70116086049296e-06,5.40164107366535,1,1,0.0785534381031026,"5","PCDP1"
"IGLV1-41",3.77665250922112e-06,3.45534502687014,1,1,0.080155672855709,"5","IGLV1-41"
"RBM11",3.78634753170073e-06,1.47918081524493,1,1,0.0803614400128162,"5","RBM11"
"FAM157C",3.85801227395519e-06,1.42999965253346,1,1,0.081882452502425,"5","FAM157C"
"SPEG",3.92681806865572e-06,3.22928316737414,1,1,0.083342786689149,"5","SPEG"
"BHLHE40",3.93970517819257e-06,1.25717617193277,1,1,0.0836163027019591,"5","BHLHE40"
"PPFIA2",4.25597186858981e-06,1.92786992022838,1,1,0.0903287469389501,"5","PPFIA2"
"DNAH5",4.33252197965511e-06,5.23423756221684,1,1,0.0919534464962001,"5","DNAH5"
"BMP3",4.40286625334021e-06,1.70063228782931,1,1,0.0934464333608925,"5","BMP3"
"NEXN",4.60015739037977e-06,2.08593464598735,1,1,0.0976337404534203,"5","NEXN"
"SLPI",4.62618358289265e-06,4.28366700829294,1,1,0.0981861203633136,"5","SLPI"
"MAP3K13",4.64691295202985e-06,1.47685647613456,1,1,0.0986260804938814,"5","MAP3K13"
"NR4A2",4.70117113217988e-06,2.34577153059167,1,1,0.0997776561093858,"5","NR4A2"
"AGR3",4.92566985812255e-06,3.63521720053093,1,1,0.104542417068793,"5","AGR3"
"CLIC6",4.99334501699798e-06,1.99382855537235,1,1,0.105978754640765,"5","CLIC6"
"KIF5A",5.04030944893012e-06,2.08061783793181,1,1,0.106975527744093,"5","KIF5A"
"COL4A4",5.07468220369057e-06,2.49510833917261,1,1,0.107705055091129,"5","COL4A4"
"FRMPD3",5.2320204992404e-06,1.23173347080713,1,1,0.111044403075878,"5","FRMPD3"
"ADAMTS8",5.27371378876825e-06,2.27835578555041,1,1,0.111929301452817,"5","ADAMTS8"
"FOXA1",5.32720888560981e-06,3.92303159549425,1,1,0.113064681388183,"5","FOXA1"
"ALCAM",5.39529737530839e-06,1.74312844049308,1,1,0.114509791493545,"5","ALCAM"
"FOLR1",5.43934239891835e-06,4.47403263942878,1,1,0.115444603074643,"5","FOLR1"
"CADM1",5.44891423730225e-06,2.88862333716874,1,1,0.115647755772503,"5","CADM1"
"IGKV3-20",5.47044413009586e-06,4.05258496938407,1,1,0.116104706217155,"5","IGKV3-20"
"SLC17A3",5.59280039372041e-06,1.69120382409868,1,1,0.118701595556322,"5","SLC17A3"
"IGHV3-43",5.7254804747102e-06,1.85923518774696,1,1,0.121517597595249,"5","IGHV3-43"
"GATA6",5.82939554013993e-06,2.93699572029709,1,1,0.12372309094393,"5","GATA6"
"CCL11",5.86578514838487e-06,2.09103673229832,1,1,0.12449542398932,"5","CCL11"
"KCNJ15",5.86900328738052e-06,2.31328548304641,1,1,0.124563725771364,"5","KCNJ15"
"CASS4",5.90776731466169e-06,1.85954720704937,1,1,0.12538645348638,"5","CASS4"
"ALDH1A3",6.04759077960697e-06,2.16534170134682,1,1,0.128354066706378,"5","ALDH1A3"
"ADAMTS1",6.23770521077569e-06,2.67623597532096,1,1,0.132389055393503,"5","ADAMTS1"
"ANO5",6.24088114135404e-06,3.82691003692453,1,1,0.132456461344098,"5","ANO5"
"IGHV5-51",6.24287270574086e-06,4.61623333092251,1,1,0.132498730306644,"5","IGHV5-51"
"LRRK2",6.26182710632632e-06,4.03372529908332,1,1,0.13290101850467,"5","LRRK2"
"PTGIS",6.34870474896014e-06,2.82512274381531,1,1,0.13474490959193,"5","PTGIS"
"SHISA3",6.56230497290805e-06,1.60407991186756,1,1,0.139278360745,"5","SHISA3"
"KAL1",6.60420212245376e-06,2.96387246210748,1,1,0.140167585846959,"5","KAL1"
"ARNT2",6.60752976743489e-06,1.27151804905793,1,1,0.140238211784038,"5","ARNT2"
"WT1-AS",6.751499589065e-06,1.47326682123062,1,1,0.143293827278316,"5","WT1-AS"
"C1orf110",6.87537684845247e-06,2.97956082581765,1,1,0.145922998231555,"5","C1orf110"
"SLC15A2",6.97280969979653e-06,2.71275211602637,1,1,0.147990913068482,"5","SLC15A2"
"BZRAP1",7.01549373724117e-06,1.88905352216189,1,1,0.148896839079207,"5","BZRAP1"
"SERPINA3",7.09707630218328e-06,2.78668250864778,1,1,0.150628347437538,"5","SERPINA3"
"CFB",7.1908583627516e-06,1.23927376826677,1,1,0.15261877789104,"5","CFB"
"LYZ",7.30770602900766e-06,5.59360640467612,1,1,0.155098752759659,"5","LYZ"
"PLCH1",7.64854128902724e-06,1.6338752292893,1,1,0.162332640318314,"5","PLCH1"
"IGLV3-25",7.70264503890856e-06,2.78998859255648,1,1,0.163480938305795,"5","IGLV3-25"
"SERPINB1",7.85123194196636e-06,1.47806541977404,1,1,0.166634546736294,"5","SERPINB1"
"IGLV1-44",7.88026110544756e-06,3.58304302129869,1,1,0.167250661702019,"5","IGLV1-44"
"EGR1",7.92154809835074e-06,1.53746148124858,1,1,0.168126936839396,"5","EGR1"
"MSI2",7.94559382754554e-06,1.08847477947187,1,1,0.168637283395827,"5","MSI2"
"PRUNE2",8.03589307404585e-06,2.64310566981552,1,1,0.170553794603549,"5","PRUNE2"
"ZNF385B",8.06271301346538e-06,2.93337728534503,1,1,0.171123020997789,"5","ZNF385B"
"NECAB3",8.26872046206381e-06,1.17351975239134,1,1,0.175495323086842,"5","NECAB3"
"SMAD9",8.31383204752283e-06,1.59953572572146,1,1,0.176452771376625,"5","SMAD9"
"ERRFI1",8.38762080039447e-06,1.75875613603353,1,1,0.178018863867572,"5","ERRFI1"
"NME5",8.4180534261439e-06,1.8064281616757,1,1,0.178664765916478,"5","NME5"
"SLC1A1",8.71061542458514e-06,1.67726848599961,1,1,0.184874101771395,"5","SLC1A1"
"CCPG1",8.74008870858462e-06,0.972375294278667,1,1,0.185499642751,"5","CCPG1"
"FOXF1",9.12748293662321e-06,2.21505664291163,1,1,0.193721697846891,"5","FOXF1"
"PSTPIP2",9.26131190819001e-06,1.40062529690519,1,1,0.196562083939425,"5","PSTPIP2"
"ICAM1",9.55494041105038e-06,1.71947601949685,1,1,0.202794055284133,"5","ICAM1"
"NR4A1",9.61887081265915e-06,2.20447195879962,1,1,0.204150914127878,"5","NR4A1"
"SGMS2",9.80527223132168e-06,1.46015547775653,1,1,0.208107097837571,"5","SGMS2"
"IGHV3-20",9.86788831651212e-06,1.82142670268933,1,1,0.209436061629653,"5","IGHV3-20"
"RPL17P26",9.95920440112176e-06,0.825021540545482,1,1,0.211374154209408,"5","RPL17P26"
"EPDR1",9.97577148020435e-06,1.16239140453025,1,1,0.211725773895857,"5","EPDR1"
"FCGR2A",1.01683641104751e-05,1.39611226422275,1,1,0.215813359880724,"5","FCGR2A"
"IGKV1D-39",1.04747058283977e-05,2.49606860553011,1,1,0.222315156501913,"5","IGKV1D-39"
"AREG",1.05530247105543e-05,2.1958218526213,1,1,0.223977396456804,"5","AREG"
"CXCR1",1.1016203246326e-05,2.31084762895801,1,1,0.233807897700024,"5","CXCR1"
"CRTAC1",1.12373964909862e-05,1.76137176300923,1,1,0.238502503124691,"5","CRTAC1"
"MEIS1",1.12798662463154e-05,1.81803124942449,1,1,0.239403881211797,"5","MEIS1"
"GRIK5",1.13625093090483e-05,1.72379743376271,1,1,0.241157897575242,"5","GRIK5"
"IGHV3-15",1.13954415780647e-05,4.70376843128941,1,1,0.241856852052845,"5","IGHV3-15"
"BCAS1",1.21859738501139e-05,3.01684067209536,1,1,0.258635108994817,"5","BCAS1"
"PRDM16",1.2231443788565e-05,2.63240825616575,1,1,0.259600162968504,"5","PRDM16"
"TMEM59L",1.23093246309927e-05,1.02647346524923,1,1,0.26125310596819,"5","TMEM59L"
"CR1",1.23785310265369e-05,1.21878876178835,1,1,0.26272194250722,"5","CR1"
"TRIB1",1.2649406589763e-05,1.42898971201475,1,1,0.268471005461131,"5","TRIB1"
"HSPB8",1.28571212413136e-05,2.51686565832194,1,1,0.272879541225641,"5","HSPB8"
"FAM3B",1.30611164074762e-05,1.87289717995905,1,1,0.277209134632276,"5","FAM3B"
"SLIT2",1.31064131252183e-05,1.36246932288082,1,1,0.278170512169634,"5","SLIT2"
"WDR65",1.31394988327067e-05,2.74959900426794,1,1,0.278872723225366,"5","WDR65"
"NNMT",1.32484637888986e-05,1.74797938948536,1,1,0.281185395455584,"5","NNMT"
"RYR2",1.33345800152555e-05,1.97857722601676,1,1,0.283013126243782,"5","RYR2"
"PDE4D",1.35269167020638e-05,1.16312868653961,1,1,0.287095280084601,"5","PDE4D"
"TSPAN2",1.35422881181738e-05,1.51759984091327,1,1,0.287421523020121,"5","TSPAN2"
"SLC22A15",1.36372252900235e-05,1.88965276829593,1,1,0.289436469555459,"5","SLC22A15"
"ODAM",1.3688940954715e-05,3.60001617041887,1,1,0.290534082822872,"5","ODAM"
"CACNA2D2",1.38017289309647e-05,4.16286165548914,1,1,0.292927894830794,"5","CACNA2D2"
"SFTA3",1.38545203490208e-05,5.4822435916164,1,1,0.294048339887617,"5","SFTA3"
"CYR61",1.39577410284955e-05,1.92974803537886,1,1,0.296239095588789,"5","CYR61"
"APLP1",1.42946869623947e-05,1.47841892702765,1,1,0.303390436089865,"5","APLP1"
"RP11-701P16.2",1.43312053072976e-05,1.37552026140435,1,1,0.304165501442084,"5","RP11-701P16.2"
"IGLV3-10",1.44978417791689e-05,7.00293958191596,1,1,0.307702193921082,"5","IGLV3-10"
"PLCE1",1.45423051471425e-05,1.4379215791796,1,1,0.308645884442952,"5","PLCE1"
"TOX",1.49729270148958e-05,1.30325718718703,1,1,0.317785402964147,"5","TOX"
"CLU",1.50297098802291e-05,2.15146151385982,1,1,0.318990562497983,"5","CLU"
"NUCB2",1.52136998887232e-05,1.4437141997335,1,1,0.322895566438262,"5","NUCB2"
"CYTIP",1.5477102835895e-05,1.4588247651211,1,1,0.328486030589035,"5","CYTIP"
"IGLC3",1.56518720905085e-05,2.78824491841514,1,1,0.332195333248952,"5","IGLC3"
"TMC5",1.58993448154149e-05,3.08227144216397,1,1,0.337447694362366,"5","TMC5"
"HS3ST2",1.6219598976928e-05,1.57901530811409,1,1,0.344244768686319,"5","HS3ST2"
"FOSB",1.63999851424534e-05,2.20775662157584,1,1,0.348073284663431,"5","FOSB"
"FAM157A",1.65990539857617e-05,1.57561539488078,1,1,0.352298321793806,"5","FAM157A"
"PDLIM3",1.66780978919099e-05,2.90029569348406,1,1,0.353975949657895,"5","PDLIM3"
"BAG2",1.71705899562353e-05,1.14385923683989,1,1,0.364428601231139,"5","BAG2"
"PLAT",1.75935596971809e-05,3.25461650979711,1,1,0.373405711012967,"5","PLAT"
"BAI3",1.76138728025449e-05,1.94149503763143,1,1,0.373836836361212,"5","BAI3"
"TLR2",1.77118974216162e-05,2.04754449754922,1,1,0.375917310876382,"5","TLR2"
"IGLV6-57",1.79347907505752e-05,4.96118273919951,1,1,0.380647998890208,"5","IGLV6-57"
"IGLV3-1",1.81852907847649e-05,4.03031926078611,1,1,0.385964611615851,"5","IGLV3-1"
"IGLV3-21",1.84325890608202e-05,5.02881254868982,1,1,0.391213270226847,"5","IGLV3-21"
"IGKV1-5",1.84992856402492e-05,3.06578240276378,1,1,0.39262883842865,"5","IGKV1-5"
"ELF3",1.85181700988546e-05,3.64840554901399,1,1,0.39302964217809,"5","ELF3"
"EYA4",1.85868577374081e-05,2.08347317676305,1,1,0.394487468618749,"5","EYA4"
"IGKV3-15",1.9206076578256e-05,5.16657451523645,1,1,0.407629769296905,"5","IGKV3-15"
"SLC4A41",1.9543198520521e-05,2.44472157257588,1,1,0.414784845399539,"5","SLC4A4"
"PIGR",1.96293888391233e-05,5.91350224176737,1,1,0.416614148721554,"5","PIGR"
"TENM3",2.00172849730604e-05,1.86219618679503,1,1,0.424846856268234,"5","TENM3"
"BIN2",2.02500538356202e-05,1.11372590492788,1,1,0.429787142607203,"5","BIN2"
"CXCL17",2.03142591796485e-05,3.08539028833125,1,1,0.431149836828859,"5","CXCL17"
"SLC2A3",2.05478763724553e-05,1.22430952169749,1,1,0.436108128128991,"5","SLC2A3"
"SSX2IP",2.10519935173644e-05,1.08274617237754,1,1,0.446807510412542,"5","SSX2IP"
"DUSP1",2.12323123579412e-05,1.78356799781383,1,1,0.450634597484944,"5","DUSP1"
"A1CF",2.13067670698259e-05,1.44222241521782,1,1,0.452214824289985,"5","A1CF"
"HPN",2.200160370877e-05,1.54140306515453,1,1,0.466962037114934,"5","HPN"
"EDN1",2.21249535687262e-05,2.00722669961131,1,1,0.469580014542646,"5","EDN1"
"OLFM4",2.22648379905528e-05,4.49139583334802,1,1,0.472548921511493,"5","OLFM4"
"C1QL1",2.2399332849228e-05,0.912678937904895,1,1,0.475403440392014,"5","C1QL1"
"HTRA4",2.28452660526064e-05,1.55470175258478,1,1,0.484867926700518,"5","HTRA4"
"FBP1",2.34435645993202e-05,1.69046107176512,1,1,0.497566215055972,"5","FBP1"
"ARMC3",2.3514902750799e-05,4.86566809778417,1,1,0.499080295982959,"5","ARMC3"
"LETM2",2.40173106468288e-05,2.05890481257982,1,1,0.509743401168295,"5","LETM2"
"FCAR",2.41500134731943e-05,3.11847083319257,1,1,0.512559885955077,"5","FCAR"
"ADAM23",2.43933180437771e-05,1.5254461812407,1,1,0.517723782161124,"5","ADAM23"
"FMOD",2.47466260519486e-05,1.54388690274088,1,1,0.525222391326556,"5","FMOD"
"EMR3",2.47691190724074e-05,1.43672547207302,1,1,0.525699783192774,"5","EMR3"
"KRT8",2.4967240231143e-05,2.9057151705294,1,1,0.52990470666578,"5","KRT8"
"MCTP2",2.5203794278195e-05,1.32214690318064,1,1,0.534925329760412,"5","MCTP2"
"SFRP5",2.54263310196283e-05,1.09184575270801,1,1,0.53964844956059,"5","SFRP5"
"RGS18",2.55093023557389e-05,1.72302848364115,1,1,0.541409433198203,"5","RGS18"
"MUC1",2.68722154310503e-05,4.2545165267538,1,1,0.570335900308612,"5","MUC1"
"PEBP4",2.70379297535868e-05,3.11886099723729,1,1,0.573853021090127,"5","PEBP4"
"ALOX5",2.7631870480637e-05,1.37081148525046,1,1,0.58645881908104,"5","ALOX5"
"ACADL",2.76793664768047e-05,2.65499980285295,1,1,0.587466874103703,"5","ACADL"
"FGF9",2.8655301189246e-05,1.14103646693717,1,1,0.608180112440557,"5","FGF9"
"FCRL5",2.88173961647017e-05,1.79065610485552,1,1,0.61162041619963,"5","FCRL5"
"CDH2",2.89425425556852e-05,3.19638698956928,1,1,0.614276523201863,"5","CDH2"
"IGKV1-6",2.89956749841775e-05,2.58293168568982,1,1,0.615404205864184,"5","IGKV1-6"
"SLC34A2",2.93264103626452e-05,3.81461221169748,1,1,0.622423733536782,"5","SLC34A2"
"VNN2",2.93568142101058e-05,1.85145297235101,1,1,0.623069024795285,"5","VNN2"
"IGLV2-8",2.96620001188503e-05,1.91123028033281,1,1,0.629546290522479,"5","IGLV2-8"
"IGHA21",3.01934359715491e-05,2.13718074769511,1,1,0.640825485060157,"5","IGHA2"
"AC012317.1",3.05217172219943e-05,1.56728521187078,1,1,0.647792926319607,"5","AC012317.1"
"BTG2",3.16426511789218e-05,1.63087428909317,1,1,0.671583628621437,"5","BTG2"
"CHRDL2",3.22043761626766e-05,2.9118293044495,1,1,0.683505679676649,"5","CHRDL2"
"HAS1",3.24468831229359e-05,1.8331115260776,1,1,0.688652647401192,"5","HAS1"
"FGF7",3.26459209452191e-05,1.48227660719316,1,1,0.692877026141331,"5","FGF7"
"CACNG4",3.26817166365517e-05,1.11589933685897,1,1,0.693636753894173,"5","CACNG4"
"PDE8B",3.26900157108996e-05,1.69178446972286,1,1,0.693812893448133,"5","PDE8B"
"IGKV2-28",3.28342631714764e-05,3.56995003031252,1,1,0.696874401551415,"5","IGKV2-28"
"IL18RAP",3.30117939245927e-05,3.10906915002868,1,1,0.700642314255556,"5","IL18RAP"
"SLC19A2",3.35848967739949e-05,2.09873235228911,1,1,0.712805849131269,"5","SLC19A2"
"ARID5B",3.36868921282905e-05,1.16923101861935,1,1,0.714970598530838,"5","ARID5B"
"NCF2",3.40061948601451e-05,1.23668013547582,1,1,0.72174747971172,"5","NCF2"
"RGS1",3.41628081596924e-05,1.61934109172616,1,1,0.725071440381311,"5","RGS1"
"NEDD4L",3.42652017870125e-05,1.77264203795959,1,1,0.727244642727554,"5","NEDD4L"
"PTPRJ",3.43204417042102e-05,0.924425504854987,1,1,0.728417054730156,"5","PTPRJ"
"NAMPT",3.48574367201435e-05,1.84615341903823,1,1,0.739814236948326,"5","NAMPT"
"IGHV3-13",3.49644213005384e-05,3.94882253398297,1,1,0.742084877682627,"5","IGHV3-13"
"CPXM2",3.56045703329318e-05,1.79505854619424,1,1,0.755671400746145,"5","CPXM2"
"STEAP1",3.59662980080699e-05,1.23041326809413,1,1,0.763348708923275,"5","STEAP1"
"BPIFB4",3.62070954020288e-05,2.10593686445723,1,1,0.76845939281266,"5","BPIFB4"
"CMAHP",3.62607325714021e-05,1.25489298132961,1,1,0.769597788095439,"5","CMAHP"
"DLEC1",3.62924105507836e-05,4.61805386835799,1,1,0.770270121529831,"5","DLEC1"
"RUNX2",3.63888506201888e-05,1.71370968549801,1,1,0.772316965562888,"5","RUNX2"
"KIF1A",3.64389461754683e-05,2.88191338910008,1,1,0.773380193628139,"5","KIF1A"
"CCL18",3.66045611803703e-05,2.86093314145515,1,1,0.776895206492179,"5","CCL18"
"IGHV4-55",3.81570403544906e-05,1.1947124690094,1,1,0.809845024483709,"5","IGHV4-55"
"TREM1",3.88020001405755e-05,0.636384697843287,1,1,0.823533650983575,"5","TREM1"
"SEMA3B",3.9006168620566e-05,2.52959750839316,1,1,0.827866922802893,"5","SEMA3B"
"GPR110",3.93157038622629e-05,3.91889004812632,1,1,0.834436498772667,"5","GPR110"
"IGKV2D-28",3.93734136519081e-05,2.68581905016315,1,1,0.835661331348098,"5","IGKV2D-28"
"FOLR3",3.95454656711181e-05,0.854555651571399,1,1,0.83931296340381,"5","FOLR3"
"SULF11",4.07065242823387e-05,1.46004118638903,1,1,0.863955271368357,"5","SULF1"
"MZB1",4.07915160974462e-05,3.39490110965226,1,1,0.865759137652198,"5","MZB1"
"CD38",4.08731297905427e-05,1.50861893266503,1,1,0.867491306674478,"5","CD38"
"VWA3B",4.16290636397997e-05,6.05347202634294,1,1,0.88353524669111,"5","VWA3B"
"MGAT4A",4.17508771767495e-05,0.874266310644,1,1,0.886120617199331,"5","MGAT4A"
"CDH11",4.28572432577807e-05,1.14229067099444,1,1,0.909602130903137,"5","CDH11"
"GSTA1",4.31201875591484e-05,4.31691554941276,1,1,0.915182860755366,"5","GSTA1"
"IL7R",4.33700396638633e-05,1.79277346229452,1,1,0.920485721825835,"5","IL7R"
"F5",4.46412958097552e-05,2.0852021428036,1,1,0.947466862266245,"5","F5"
"TXNDC11",4.48521519001118e-05,1.04794059865459,1,1,0.951942071927973,"5","TXNDC11"
"ITGA10",4.50450387637082e-05,2.93816055806013,1,1,0.956035902720942,"5","ITGA10"
"SLC44A4",4.56204491743842e-05,3.57728119888258,1,1,0.968248413277131,"5","SLC44A4"
"WIF1",4.62001024900295e-05,2.97129176641254,1,1,0.980550975248386,"5","WIF1"
"CP",4.66469182832728e-05,2.24107382360712,1,1,0.990034193644181,"5","CP"
"SPON1",4.70035269358187e-05,2.02458919391124,1,1,0.997602855685816,"5","SPON1"
"ICAM5",4.72079397837687e-05,1.42229939660345,1,1,1,"5","ICAM5"
"RAB11FIP1",4.74237788040153e-05,1.46336455890837,1,1,1,"5","RAB11FIP1"
"APOBEC3A",4.96642031200661e-05,2.86453528459445,1,1,1,"5","APOBEC3A"
"GFPT2",5.00246399314671e-05,1.95955308440779,1,1,1,"5","GFPT2"
"RAD17P1",5.00871816834856e-05,2.08538347418523,1,1,1,"5","RAD17P1"
"MUC5B",5.06501692810245e-05,8.80440541348214,1,1,1,"5","MUC5B"
"PTPRO",5.08872317580573e-05,1.43906810273793,1,1,1,"5","PTPRO"
"BRINP3",5.16474961592647e-05,1.84034730134786,1,1,1,"5","BRINP3"
"LIF",5.21808189179662e-05,0.66484859344224,1,1,1,"5","LIF"
"CD59",5.28335898613557e-05,1.29510993629073,1,1,1,"5","CD59"
"CYP2U1",5.36364887569413e-05,1.0131341159359,1,1,1,"5","CYP2U1"
"FAT3",5.39713959295578e-05,2.64316240364547,1,1,1,"5","FAT3"
"RRAD",5.4892547874958e-05,5.15398535784604,1,1,1,"5","RRAD"
"KRT7",5.5161019031598e-05,2.75974512813601,1,1,1,"5","KRT7"
"IGHV3-30",5.70184474543635e-05,4.75536953033912,1,1,1,"5","IGHV3-30"
"CLEC4E",5.76402761241895e-05,2.9334761791382,1,1,1,"5","CLEC4E"
"COL9A1",5.78181087134665e-05,4.20817594044959,1,1,1,"5","COL9A1"
"IGLV2-14",5.7943114247249e-05,2.54221762718361,1,1,1,"5","IGLV2-14"
"IGHV2-26",5.85215648236889e-05,2.81424717755523,1,1,1,"5","IGHV2-26"
"ARL6IP5",6.0061023718219e-05,0.867064773725827,1,1,1,"5","ARL6IP5"
"ATP1B1",6.00691053300162e-05,1.53306504167922,1,1,1,"5","ATP1B1"
"CXCL3",6.03933045806649e-05,0.786506984410378,1,1,1,"5","CXCL3"
"IGKV3-11",6.03933379211815e-05,3.93778859342513,1,1,1,"5","IGKV3-11"
"PIM2",6.20733523550503e-05,2.42298476965268,1,1,1,"5","PIM2"
"SFTPA2",6.28975220255348e-05,2.88461580444632,1,1,1,"5","SFTPA2"
"IGHG3",6.32320061835177e-05,3.45062347720389,1,1,1,"5","IGHG3"
"PLOD2",6.32723157716716e-05,0.856733101989487,1,1,1,"5","PLOD2"
"IGHV3-49",6.34215715482119e-05,4.65778192653708,1,1,1,"5","IGHV3-49"
"CTSE",6.46521545844873e-05,4.01574015983073,1,1,1,"5","CTSE"
"ANG",6.50369396414714e-05,0.961371503625882,1,1,1,"5","ANG"
"XBP1",6.6261142571449e-05,2.10575665074775,1,1,1,"5","XBP1"
"LMO3",6.66612881634451e-05,2.01529614334008,1,1,1,"5","LMO3"
"MYOCD",6.72526362927284e-05,2.61684815770395,1,1,1,"5","MYOCD"
"AATK",6.82309044078277e-05,1.89511940433441,1,1,1,"5","AATK"
"SDC4",6.82494497985021e-05,1.45836932319618,1,1,1,"5","SDC4"
"DDAH1",6.85378148045919e-05,0.861855021386722,1,1,1,"5","DDAH1"
"TGFB2",6.92297548477585e-05,1.79555065861452,1,1,1,"5","TGFB2"
"LILRA5",7.01639012776912e-05,1.22649034573521,1,1,1,"5","LILRA5"
"SLC26A8",7.10172393600955e-05,1.50040566967018,1,1,1,"5","SLC26A8"
"SERPINE11",7.11188211772893e-05,2.67093896674336,1,1,1,"5","SERPINE1"
"PDGFRA",7.14972900952531e-05,1.18231275956153,1,1,1,"5","PDGFRA"
"IGKV1-12",7.15835438721844e-05,2.44241291609328,1,1,1,"5","IGKV1-12"
"RP11-1220K2.2",7.17846412562099e-05,2.91128318164734,1,1,1,"5","RP11-1220K2.2"
"KCNK17",7.24288134353284e-05,1.70462785907402,1,1,1,"5","KCNK17"
"NCMAP",7.29029287252749e-05,1.20562161349974,1,1,1,"5","NCMAP"
"PKP2",7.42613324700968e-05,1.70314439046051,1,1,1,"5","PKP2"
"DPYD",7.46939585857229e-05,1.0186274225582,1,1,1,"5","DPYD"
"IGHJ4",7.68018545639192e-05,2.61865371128404,1,1,1,"5","IGHJ4"
"MDH1B",7.72609286936558e-05,2.30991844985488,1,1,1,"5","MDH1B"
"C1QTNF1",7.73097713119741e-05,2.41122273462102,1,1,1,"5","C1QTNF1"
"SRPX",7.74058270433643e-05,2.11640018903993,1,1,1,"5","SRPX"
"MAGI3",7.84046930870461e-05,1.64747352380875,1,1,1,"5","MAGI3"
"TMPRSS2",7.84153846951616e-05,3.05806510471983,1,1,1,"5","TMPRSS2"
"SMR3B",7.97547068815671e-05,9.71849425514929,1,1,1,"5","SMR3B"
"ERBB4",8.07798663270512e-05,2.72247786157115,1,1,1,"5","ERBB4"
"COL28A1",8.11373363819672e-05,3.50886071999869,1,1,1,"5","COL28A1"
"IRF4",8.11488031158238e-05,2.82211101061607,1,1,1,"5","IRF4"
"BMPER",8.14887979107001e-05,3.72874699585585,1,1,1,"5","BMPER"
"C1RL",8.16830784936117e-05,0.894973430979926,1,1,1,"5","C1RL"
"IGHV3-23",8.49334546687575e-05,2.89652293462858,1,1,1,"5","IGHV3-23"
"TBX4",8.52886447800977e-05,5.14057075286335,1,1,1,"5","TBX4"
"IGHV3-21",8.59880584507408e-05,2.83717759010358,1,1,1,"5","IGHV3-21"
"SAMSN1",8.63491867452013e-05,2.00588640596144,1,1,1,"5","SAMSN1"
"IGHV4-4",8.65965959174464e-05,2.31113414979141,1,1,1,"5","IGHV4-4"
"MROH7",8.69603439380057e-05,1.12106330656681,1,1,1,"5","MROH7"
"CEACAM6",8.72391278050196e-05,4.80387559179275,1,1,1,"5","CEACAM6"
"FGD3",8.84141015330688e-05,0.970918338521233,1,1,1,"5","FGD3"
"IGLV2-23",8.96991673087594e-05,3.55176661861231,1,1,1,"5","IGLV2-23"
"SLCO4A1",9.03158651894666e-05,1.28914506821894,1,1,1,"5","SLCO4A1"
"SIX2",9.15379193438858e-05,1.45529696684345,1,1,1,"5","SIX2"
"PRDM6",9.16909124772701e-05,2.07347907336966,1,1,1,"5","PRDM6"
"TMEM200A",9.23253858571129e-05,0.821675171634217,1,1,1,"5","TMEM200A"
"RAB23",9.33450814106306e-05,1.37265860840383,1,1,1,"5","RAB23"
"IGKV3D-15",9.38690351591994e-05,1.92685161720831,1,1,1,"5","IGKV3D-15"
"DNAL1",9.39678762635979e-05,0.788713048538183,1,1,1,"5","DNAL1"
"C2",9.42714444255258e-05,1.40177577939423,1,1,1,"5","C2"
"TIPARP",9.56990092040516e-05,1.82521559811201,1,1,1,"5","TIPARP"
"TTLL7",9.57268287037744e-05,1.41331000394724,1,1,1,"5","TTLL7"
"ZHX2",9.64059542713765e-05,0.84268872224051,1,1,1,"5","ZHX2"
"IGKV1-17",9.71170818820141e-05,2.17134301146091,1,1,1,"5","IGKV1-17"
"SEMA3E",9.87166000345326e-05,2.44521588242678,1,1,1,"5","SEMA3E"
"ADH1C",0.000100166156431575,1.80179949258456,1,1,1,"5","ADH1C"
"AQP4",0.000102219187667776,4.16870859210947,1,1,1,"5","AQP4"
"SIAE",0.0001028644281774,0.902653310336438,1,1,1,"5","SIAE"
"IL1R1",0.000103187737177957,0.901011486454951,1,1,1,"5","IL1R1"
"TNFRSF11B",0.000103992133956642,2.26627478325092,1,1,1,"5","TNFRSF11B"
"CFI",0.000105068518823475,1.12692136884833,1,1,1,"5","CFI"
"IGKV5-2",0.000105318496995759,2.87693248853071,1,1,1,"5","IGKV5-2"
"IGHV3-33",0.000105501889287818,2.32683184975983,1,1,1,"5","IGHV3-33"
"NXPE2",0.000106574980450297,1.30270566625864,1,1,1,"5","NXPE2"
"COL24A1",0.000106820532504906,2.1120617540989,1,1,1,"5","COL24A1"
"FCGR1A",0.00010687474319705,1.24641631539117,1,1,1,"5","FCGR1A"
"FOS",0.000106944853385781,1.54462782507084,1,1,1,"5","FOS"
"AL627309.1",0.0001069881529202,1.93989981272432,1,1,1,"5","AL627309.1"
"ATOH8",0.000107395559541851,1.83879684982358,1,1,1,"5","ATOH8"
"IGHV1-46",0.000107607552110116,2.02032762080567,1,1,1,"5","IGHV1-46"
"PTPN22",0.000107809519774009,1.19690537775442,1,1,1,"5","PTPN22"
"IGHV1-18",0.000110751461788209,5.09484862863067,1,1,1,"5","IGHV1-18"
"HHIP",0.000110997503649153,4.21163773926805,1,1,1,"5","HHIP"
"CDKL2",0.00011214169349965,2.60637772078765,1,1,1,"5","CDKL2"
"HERC5",0.000112442897421375,0.901141587875456,1,1,1,"5","HERC5"
"BMP6",0.000112875543877331,2.30059111821391,1,1,1,"5","BMP6"
"KNDC1",0.000114622744422063,2.12113101542413,1,1,1,"5","KNDC1"
"CASC4",0.000115023118243109,0.858899352096266,1,1,1,"5","CASC4"
"PTK2B",0.000117208580433577,1.17539093415705,1,1,1,"5","PTK2B"
"IGHV4-61",0.000117630891148779,2.4696978228623,1,1,1,"5","IGHV4-61"
"FAM157B",0.000117848674383619,1.15390238735047,1,1,1,"5","FAM157B"
"ADAMTSL4",0.000118053102469781,1.27209400787944,1,1,1,"5","ADAMTSL4"
"ENPP4",0.000120123411803065,1.40562718725558,1,1,1,"5","ENPP4"
"HPD",0.000120460298292238,0.756550428971071,1,1,1,"5","HPD"
"SYTL41",0.000122207482664455,1.13687077244205,1,1,1,"5","SYTL4"
"DNAH7",0.000125118365740955,3.44582592303544,1,1,1,"5","DNAH7"
"TLE6",0.000125556686467039,1.0286911980637,1,1,1,"5","TLE6"
"IGLV7-46",0.000126929351846078,2.13682803230089,1,1,1,"5","IGLV7-46"
"CADPS2",0.000128851694402037,0.968930255318346,1,1,1,"5","CADPS2"
"IGKV4-1",0.000130227862424638,3.27668539893634,1,1,1,"5","IGKV4-1"
"PLEKHB1",0.000130384235272189,1.4781473058109,1,1,1,"5","PLEKHB1"
"IGHV4-31",0.000130524735723972,3.43725820406581,1,1,1,"5","IGHV4-31"
"GPR114",0.000130986730749588,0.894654782993184,1,1,1,"5","GPR114"
"IGHV4OR15-8",0.000132114069528101,3.33953701370942,1,1,1,"5","IGHV4OR15-8"
"NCF1",0.000133648448227321,1.37500484641433,1,1,1,"5","NCF1"
"RARRES2",0.000133682947714447,1.04719583749241,1,1,1,"5","RARRES2"
"FAM65B",0.000134619836590702,1.19553135073965,1,1,1,"5","FAM65B"
"NPC2",0.000134870135571526,1.2134998028206,1,1,1,"5","NPC2"
"FHOD3",0.000136632468508313,1.44507551029024,1,1,1,"5","FHOD3"
"RGN",0.000137145879851959,1.4071627797706,1,1,1,"5","RGN"
"PCSK1",0.000137226204049959,0.927107365959069,1,1,1,"5","PCSK1"
"FAM47E-STBD1",0.000138182146537596,1.12368854644209,1,1,1,"5","FAM47E-STBD1"
"MAGI2",0.000140038007443274,1.2669886108841,1,1,1,"5","MAGI2"
"NCEH1",0.000140285416608452,1.13889598255835,1,1,1,"5","NCEH1"
"IGHV3-7",0.000140374573207267,2.72391137637561,1,1,1,"5","IGHV3-7"
"PPP1R12B",0.000141311247987091,1.00512276600962,1,1,1,"5","PPP1R12B"
"TGM2",0.0001418417085833,2.69572629222383,1,1,1,"5","TGM2"
"GLRB",0.000142125884040123,1.20494795929117,1,1,1,"5","GLRB"
"MEFV",0.000142233525028275,1.74304030798055,1,1,1,"5","MEFV"
"ATP2A3",0.000143924299424828,1.58956621088005,1,1,1,"5","ATP2A3"
"ZBTB38",0.00014424601761478,0.812039692073565,1,1,1,"5","ZBTB38"
"SLC6A3",0.000144380102979159,2.42829767160076,1,1,1,"5","SLC6A3"
"IL18R1",0.000145148342415342,1.57437021911976,1,1,1,"5","IL18R1"
"KIAA1644",0.000146248354031355,1.22350835979639,1,1,1,"5","KIAA1644"
"ITGAX",0.000147683441212741,1.31099551853057,1,1,1,"5","ITGAX"
"CYP21A1P",0.000147761960976583,0.645295176212676,1,1,1,"5","CYP21A1P"
"ABCC6P1",0.000148259370437621,1.53425563903998,1,1,1,"5","ABCC6P1"
"EDIL31",0.000149020970155361,2.05064837099122,1,1,1,"5","EDIL3"
"CDK141",0.000149946484725883,0.977836442883028,1,1,1,"5","CDK14"
"MCL1",0.000150141377223445,1.08555970541546,1,1,1,"5","MCL1"
"MIPOL1",0.000151166088731699,0.833366191150841,1,1,1,"5","MIPOL1"
"PCBP3",0.000151282083524727,1.00124781476136,1,1,1,"5","PCBP3"
"LRRC6",0.000151589235552992,0.985231178042602,1,1,1,"5","LRRC6"
"FAM83E",0.000152347010981036,2.37552530676218,1,1,1,"5","FAM83E"
"IRS2",0.000154373427547059,1.36966411148726,1,1,1,"5","IRS2"
"FGFRL1",0.000155360014500527,0.805613365622822,1,1,1,"5","FGFRL1"
"MYO1F",0.000156419966421691,0.993501194947804,1,1,1,"5","MYO1F"
"SLC9A7P1",0.000157190744492264,0.770981540510169,1,1,1,"5","SLC9A7P1"
"IGLC2",0.000157214987005933,2.4494774326034,1,1,1,"5","IGLC2"
"INMT",0.000157594842609098,1.96547687080608,1,1,1,"5","INMT"
"BPIFB1",0.000157985754188388,11.3174800803285,1,1,1,"5","BPIFB1"
"MANBA",0.000158185121112959,0.830453709332524,1,1,1,"5","MANBA"
"TAGAP",0.000158385618185064,1.14304647084034,1,1,1,"5","TAGAP"
"EML5",0.000158724192286752,1.06320473527281,1,1,1,"5","EML5"
"POU2AF1",0.000159729825436761,2.02272849154626,1,1,1,"5","POU2AF1"
"IGHV2-70",0.000159838053357578,4.41809121665566,1,1,1,"5","IGHV2-70"
"FPR2",0.000161040342892686,2.34606060972436,1,1,1,"5","FPR2"
"SEZ6L2",0.000161433152946046,1.96483327959842,1,1,1,"5","SEZ6L2"
"IGLV5-45",0.000162327573430494,1.39470415082982,1,1,1,"5","IGLV5-45"
"GJB1",0.000164043498235464,1.68787103349392,1,1,1,"5","GJB1"
"AGR2",0.000165565343292092,4.03532123008129,1,1,1,"5","AGR2"
"MT1M",0.000165813049022634,1.37521647001055,1,1,1,"5","MT1M"
"IGLV3-9",0.000167153397671436,1.65654363285585,1,1,1,"5","IGLV3-9"
"DARC",0.000168016497555044,1.26613169019327,1,1,1,"5","DARC"
"SCGB3A2",0.000172183771045552,3.29131726794789,1,1,1,"5","SCGB3A2"
"TMOD1",0.00017270534327979,1.62119431162652,1,1,1,"5","TMOD1"
"IGHG1",0.000174223091208945,4.49855647865922,1,1,1,"5","IGHG1"
"CLEC4D",0.000174773497695779,2.17709314991809,1,1,1,"5","CLEC4D"
"SH3BGR",0.000176052680525844,1.9002567572467,1,1,1,"5","SH3BGR"
"IGLV3-16",0.000177589339481472,1.25510401732001,1,1,1,"5","IGLV3-16"
"GPR133",0.000180958552068588,1.89646724218874,1,1,1,"5","GPR133"
"COLEC12",0.000181153499143662,1.16077194758938,1,1,1,"5","COLEC12"
"ATP1A1",0.000181237323571844,0.932128961448097,1,1,1,"5","ATP1A1"
"CHSY1",0.000183242720503608,0.768856971072037,1,1,1,"5","CHSY1"
"IGHV3-11",0.000183337754625682,2.72722813958463,1,1,1,"5","IGHV3-11"
"IGKV3D-20",0.000183397069224189,2.63026127362663,1,1,1,"5","IGKV3D-20"
"NKD1",0.000183801399188397,1.39997595338777,1,1,1,"5","NKD1"
"NEK5",0.000184068867392778,3.18504255685961,1,1,1,"5","NEK5"
"CELF2",0.000185833926868826,1.08334222895554,1,1,1,"5","CELF2"
"IL5",0.000185914896719812,0.915007872049515,1,1,1,"5","IL5"
"C11orf961",0.00018718051724848,1.29229252885308,1,1,1,"5","C11orf96"
"MSLN1",0.00018781328377483,2.25927827528158,1,1,1,"5","MSLN"
"STAT3",0.000190424699739084,0.69394369434303,1,1,1,"5","STAT3"
"MAATS1",0.000190514253577479,2.8471227835757,1,1,1,"5","MAATS1"
"NUP210L",0.000192938789236526,1.05800480591057,1,1,1,"5","NUP210L"
"CYFIP2",0.000193180099080247,0.980725863255628,1,1,1,"5","CYFIP2"
"AGBL1",0.000193446901695312,6.67844864074081,1,1,1,"5","AGBL1"
"IGHV3-74",0.000195077026032277,2.44302024236139,1,1,1,"5","IGHV3-74"
"CCDC67",0.000196951586750386,1.28095727695502,1,1,1,"5","CCDC67"
"WT1",0.000197358391970886,0.700142386221083,1,1,1,"5","WT1"
"SLC41A2",0.000200008682420912,0.907668464125637,1,1,1,"5","SLC41A2"
"SLC22A4",0.000200164807165984,1.07612984956406,1,1,1,"5","SLC22A4"
"ASB2",0.00020108721771426,1.61838455602745,1,1,1,"5","ASB2"
"KCNH2",0.000204951908849062,0.797275952334608,1,1,1,"5","KCNH2"
"C7orf63",0.000208266214818116,1.56154294297427,1,1,1,"5","C7orf63"
"SCIN",0.000209011492533704,1.26425585799606,1,1,1,"5","SCIN"
"CHD5",0.000210123598977,1.10805543312071,1,1,1,"5","CHD5"
"IGKV1D-16",0.000211112855398262,0.951861975378328,1,1,1,"5","IGKV1D-16"
"ZCCHC12",0.000212672326130249,0.817085599523569,1,1,1,"5","ZCCHC12"
"MARC2",0.00021292716897802,0.831183056835339,1,1,1,"5","MARC2"
"IGHG2",0.000213967420878875,2.55106765189698,1,1,1,"5","IGHG2"
"ENPP5",0.000214119383368887,1.35652002560452,1,1,1,"5","ENPP5"
"APOBEC3H",0.000216416006453929,0.737574652285309,1,1,1,"5","APOBEC3H"
"NXF3",0.000217557518774469,1.33733898526053,1,1,1,"5","NXF3"
"IGKV1-33",0.000218453461751588,5.04774972224763,1,1,1,"5","IGKV1-33"
"BST1",0.000218652921598984,1.13068196860574,1,1,1,"5","BST1"
"IGHV4-39",0.000219282227239712,2.7426221383594,1,1,1,"5","IGHV4-39"
"P4HA2",0.000220097681209258,1.00979665092058,1,1,1,"5","P4HA2"
"GPC6",0.000220195520259519,1.39085853029084,1,1,1,"5","GPC6"
"FBXO32",0.000220294251692868,1.89775501343317,1,1,1,"5","FBXO32"
"SFRP4",0.000221260193725361,2.12550032746719,1,1,1,"5","SFRP4"
"MAP9",0.000222109194504364,0.696085669141945,1,1,1,"5","MAP9"
"DNAJB9",0.00022212543914907,1.07376087163468,1,1,1,"5","DNAJB9"
"EIF4A2",0.000223471671418148,0.712624452785857,1,1,1,"5","EIF4A2"
"IFITM10",0.000223834601977787,1.66562909471915,1,1,1,"5","IFITM10"
"ZMYND15",0.000225485848217119,1.04139896444895,1,1,1,"5","ZMYND15"
"TPO",0.000226525983304184,1.4557162883137,1,1,1,"5","TPO"
"GCA",0.000226544695782784,1.69364640151047,1,1,1,"5","GCA"
"TMEM150B",0.000226984056589728,1.07032645382868,1,1,1,"5","TMEM150B"
"KIAA1199",0.000227103230883239,0.646774607262127,1,1,1,"5","KIAA1199"
"INSC",0.000227962564639754,3.4785275658786,1,1,1,"5","INSC"
"PTGER2",0.00022855753178956,0.986176531257476,1,1,1,"5","PTGER2"
"PCGF5",0.000228738713642243,1.06120037875684,1,1,1,"5","PCGF5"
"PTAFR",0.00022903390057531,1.12616572684851,1,1,1,"5","PTAFR"
"NTPCR",0.000230293440506003,0.97725383795869,1,1,1,"5","NTPCR"
"AC022498.1",0.000231366656843975,1.02108984030503,1,1,1,"5","AC022498.1"
"MYBPHL",0.000232085584041326,1.22884679362735,1,1,1,"5","MYBPHL"
"USP44",0.000232990744864167,1.21251540578877,1,1,1,"5","USP44"
"EMR1",0.000234741697796172,1.601537806661,1,1,1,"5","EMR1"
"FSTL3",0.000236251640291115,2.01888608194634,1,1,1,"5","FSTL3"
"IGLV2-18",0.000238311088155406,2.74616421838706,1,1,1,"5","IGLV2-18"
"CNTN4",0.000243486280364333,0.987214984741481,1,1,1,"5","CNTN4"
"ASRGL1",0.000243555485718613,0.947607999509616,1,1,1,"5","ASRGL1"
"NTM",0.000244081142135164,1.21951821133426,1,1,1,"5","NTM"
"MTMR8",0.000244367086507111,0.881343630303443,1,1,1,"5","MTMR8"
"LRRIQ1",0.000245850292638508,4.58189121987812,1,1,1,"5","LRRIQ1"
"PRIMA1",0.000245856741119926,1.32270885807865,1,1,1,"5","PRIMA1"
"NPAP1",0.000246857688355535,1.37590848720832,1,1,1,"5","NPAP1"
"SFTPB",0.000250791863798066,5.53069645202398,1,1,1,"5","SFTPB"
"AC005358.1",0.000251204140321648,1.86254032857428,1,1,1,"5","AC005358.1"
"CLDN7",0.000251679360279447,2.34196563136407,1,1,1,"5","CLDN7"
"SHC3",0.000252122521617976,1.14000208828014,1,1,1,"5","SHC3"
"RAB20",0.000253463286667135,0.860374208975424,1,1,1,"5","RAB20"
"KRTCAP3",0.0002543007601864,1.01900332786992,1,1,1,"5","KRTCAP3"
"LPPR3",0.000258208817759874,1.07225261829302,1,1,1,"5","LPPR3"
"CXCL6",0.000259197788370821,6.99068362398428,1,1,1,"5","CXCL6"
"SLITRK3",0.00026044472052093,0.944983799784248,1,1,1,"5","SLITRK3"
"CHRM2",0.000260962227099223,2.3151299991574,1,1,1,"5","CHRM2"
"TMEM125",0.000261044486562088,1.82664827843966,1,1,1,"5","TMEM125"
"C5AR1",0.000261316978163006,1.20717482889609,1,1,1,"5","C5AR1"
"RP11-448G4.2",0.000262332515359408,0.629045456770784,1,1,1,"5","RP11-448G4.2"
"PLEKHA7",0.000263270797681889,1.19679518616628,1,1,1,"5","PLEKHA7"
"GPCPD1",0.000263422151954263,0.935919903193028,1,1,1,"5","GPCPD1"
"GLIPR1",0.000265006136753133,1.09548052757567,1,1,1,"5","GLIPR1"
"IGKV2-24",0.000265968022797653,1.60746488772863,1,1,1,"5","IGKV2-24"
"EPCAM",0.000266374511750131,1.25342671833427,1,1,1,"5","EPCAM"
"CFTR",0.000267969676116011,3.74643187236372,1,1,1,"5","CFTR"
"IGKV6-21",0.000268206759775236,1.32035582563196,1,1,1,"5","IGKV6-21"
"PRAM1",0.000271391666331521,1.31245795218826,1,1,1,"5","PRAM1"
"BMP2",0.000272903656380964,1.05294357531592,1,1,1,"5","BMP2"
"RP3-425P12.4",0.000274370197539126,1.59098258433005,1,1,1,"5","RP3-425P12.4"
"ST6GAL1",0.000275737059691529,0.889339223220109,1,1,1,"5","ST6GAL1"
"VMP1",0.000276723574663327,0.789332592484516,1,1,1,"5","VMP1"
"DLG2",0.00027701416861046,1.48247924492946,1,1,1,"5","DLG2"
"SOD2",0.000277361814212776,1.09062451205229,1,1,1,"5","SOD2"
"CYP2B7P1",0.000279410454099012,5.58640446313311,1,1,1,"5","CYP2B7P1"
"PRELP",0.000282487190244201,1.51682789299593,1,1,1,"5","PRELP"
"ST6GALNAC1",0.000284156972208794,3.37266699710421,1,1,1,"5","ST6GALNAC1"
"PKIA",0.000287086631357036,1.44591134185379,1,1,1,"5","PKIA"
"IGLL5",0.000290922190330329,1.53422732119993,1,1,1,"5","IGLL5"
"PANX2",0.000291089856096157,0.8374319551138,1,1,1,"5","PANX2"
"METTL15P1",0.000291982160880619,1.58280426477329,1,1,1,"5","METTL15P1"
"PKNOX2",0.00029393720248257,1.65607739824694,1,1,1,"5","PKNOX2"
"TNFAIP3",0.000296500638496797,1.16189036209391,1,1,1,"5","TNFAIP3"
"TMEM176A",0.000299278041044263,0.969978654139789,1,1,1,"5","TMEM176A"
"SPI1",0.000300178723405564,1.0361237877521,1,1,1,"5","SPI1"
"IGLV3-27",0.00030131565749863,1.55683373105652,1,1,1,"5","IGLV3-27"
"S100A6",0.000301772362833643,1.00360850725831,1,1,1,"5","S100A6"
"GULP1",0.000301996448389102,1.20811533071456,1,1,1,"5","GULP1"
"ABCC6",0.000302271899819105,2.04419653150748,1,1,1,"5","ABCC6"
"EPB41L3",0.000304719011132206,0.92506966147609,1,1,1,"5","EPB41L3"
"SFTPA1",0.000305306052472122,3.5350881889957,1,1,1,"5","SFTPA1"
"CACNA1F",0.000306212919588061,1.24933391766215,1,1,1,"5","CACNA1F"
"FAM151A",0.000308892068259884,0.942519298801297,1,1,1,"5","FAM151A"
"ALOX5AP",0.000309758602548802,1.9456857371847,1,1,1,"5","ALOX5AP"
"NOS1AP",0.00031128215695742,0.590249293000216,1,1,1,"5","NOS1AP"
"SELPLG",0.000312118654453321,1.13751832836072,1,1,1,"5","SELPLG"
"GGT1",0.00031235326715879,1.57008067068625,1,1,1,"5","GGT1"
"WFDC1",0.000312557708687283,2.55332384967456,1,1,1,"5","WFDC1"
"IGHV1-69",0.000313824740013098,3.97455416251663,1,1,1,"5","IGHV1-69"
"KMO",0.000317689427046557,1.25613789698235,1,1,1,"5","KMO"
"MYH11",0.000318271630486767,3.50612091965152,1,1,1,"5","MYH11"
"FAM101A",0.000321462100992024,1.60713986650258,1,1,1,"5","FAM101A"
"HNF4G",0.000323817749173808,1.53550001679536,1,1,1,"5","HNF4G"
"PAPSS21",0.00032599122068606,1.31091025383352,1,1,1,"5","PAPSS2"
"IGHV4-59",0.000329465292325197,3.19345695067248,1,1,1,"5","IGHV4-59"
"IL13RA1",0.00033028650415064,0.993130102815446,1,1,1,"5","IL13RA1"
"GJB7",0.00033325461427941,0.882461182208461,1,1,1,"5","GJB7"
"PRSS16",0.000334249376029944,0.866093819279236,1,1,1,"5","PRSS16"
"RAB3IP",0.000334259607632309,0.462223170243838,1,1,1,"5","RAB3IP"
"IGHM",0.000335612668177783,1.00316103209529,1,1,1,"5","IGHM"
"HCN4",0.000335779394694752,1.77331615519184,1,1,1,"5","HCN4"
"PDK3",0.000336430875147107,0.749787440814629,1,1,1,"5","PDK3"
"SFTPC",0.000341846007880991,5.8693721382901,1,1,1,"5","SFTPC"
"CYP1B11",0.000344061235306166,1.40581298688293,1,1,1,"5","CYP1B1"
"ZCWPW1",0.000344594885425015,0.743666859452636,1,1,1,"5","ZCWPW1"
"SEMA4D",0.000345895926721074,0.768048949620072,1,1,1,"5","SEMA4D"
"CAMK2D",0.000352676283322723,0.738386694576,1,1,1,"5","CAMK2D"
"FOXP4",0.000353127158626739,0.89415194354649,1,1,1,"5","FOXP4"
"UGT2B17",0.000355134854856402,1.71058913496137,1,1,1,"5","UGT2B17"
"CCDC37",0.000356520736411056,3.28190893941271,1,1,1,"5","CCDC37"
"PDLIM1",0.000357104457601023,1.31624037497555,1,1,1,"5","PDLIM1"
"SCG2",0.000357823747357535,1.5440778385547,1,1,1,"5","SCG2"
"SYTL5",0.00036084866964003,1.00237845969203,1,1,1,"5","SYTL5"
"FNIP2",0.000362017978450085,0.754082718337543,1,1,1,"5","FNIP2"
"IGHV4-34",0.00036344176770675,2.10507630458012,1,1,1,"5","IGHV4-34"
"CSF3",0.000363952102669555,2.39821773131659,1,1,1,"5","CSF3"
"SDK2",0.000364700811607192,1.37417944075216,1,1,1,"5","SDK2"
"TRPC3",0.000365038578728471,1.16636723990669,1,1,1,"5","TRPC3"
"FAIM2",0.000365253951906259,0.910732202190305,1,1,1,"5","FAIM2"
"IGHV3-64",0.000365885132144547,0.810123439418513,1,1,1,"5","IGHV3-64"
"CCDC69",0.000366130538734085,0.816628222110843,1,1,1,"5","CCDC69"
"RGL31",0.000368136730080332,1.06200376410436,1,1,1,"5","RGL3"
"UNC5C1",0.000368803616850384,0.332291741377215,1,1,1,"5","UNC5C"
"ALDH3B1",0.00037688052488197,1.13590204569548,1,1,1,"5","ALDH3B1"
"GPR142",0.00037790932660331,0.69079246959995,1,1,1,"5","GPR142"
"SORBS2",0.000379590852111096,1.80310349421894,1,1,1,"5","SORBS2"
"PDZRN4",0.000394181475546526,1.84711734674244,1,1,1,"5","PDZRN4"
"DNAH10",0.000396172287884609,5.01294340892056,1,1,1,"5","DNAH10"
"SPAG16",0.000396963084317711,1.17842232487579,1,1,1,"5","SPAG16"
"PTGER4",0.000398403129090841,0.77917964677629,1,1,1,"5","PTGER4"
"FAM81B",0.000398600679092289,3.38189969822359,1,1,1,"5","FAM81B"
"CLC",0.00039879801540105,3.36465776587033,1,1,1,"5","CLC"
"PTPRU",0.000400510806320362,0.826173031077742,1,1,1,"5","PTPRU"
"MIA2",0.000400543075698672,2.49772165746776,1,1,1,"5","MIA2"
"RAB27A",0.000400804970729512,0.804602283208782,1,1,1,"5","RAB27A"
"CCL20",0.000403089626328839,1.49854366778793,1,1,1,"5","CCL20"
"RP11-401L13.5",0.000407606954941074,0.750837182141701,1,1,1,"5","RP11-401L13.5"
"IGKV3D-11",0.000408623853595761,1.2539246868298,1,1,1,"5","IGKV3D-11"
"MGP1",0.000413214364935229,1.70556808941031,1,1,1,"5","MGP"
"IGKV1D-12",0.000415003141994375,2.70365478192809,1,1,1,"5","IGKV1D-12"
"BANK1",0.000415497369023347,0.977045852036657,1,1,1,"5","BANK1"
"CACNA1D",0.000416922010132836,2.49717517116751,1,1,1,"5","CACNA1D"
"GALC",0.000417553600905777,0.802197996265399,1,1,1,"5","GALC"
"IGHD",0.000422093864101344,2.38390657562862,1,1,1,"5","IGHD"
"CD46",0.000422688802635605,0.654521380050326,1,1,1,"5","CD46"
"C3",0.000422700013208896,1.18215886334775,1,1,1,"5","C3"
"RUNX11",0.000426213663707273,1.03582727248645,1,1,1,"5","RUNX1"
"STOM",0.000426676421020173,0.844044042358519,1,1,1,"5","STOM"
"ENAM",0.000429890342122679,0.802580197595487,1,1,1,"5","ENAM"
"IGHV3-72",0.000430675757968124,0.784373188290287,1,1,1,"5","IGHV3-72"
"C4BPA",0.000431838381006174,4.00476388443087,1,1,1,"5","C4BPA"
"SCN7A",0.000440693977126803,3.58035400658357,1,1,1,"5","SCN7A"
"BMP4",0.000441267223999627,1.17553507912117,1,1,1,"5","BMP4"
"ACP5",0.000441430230513211,1.81396822014949,1,1,1,"5","ACP5"
"HSPA6",0.00044263367673821,1.45246614485914,1,1,1,"5","HSPA6"
"RP11-311D14.1",0.000447336147459875,1.87578384286026,1,1,1,"5","RP11-311D14.1"
"ADAMTSL4-AS1",0.000447564342704703,0.827858631701897,1,1,1,"5","ADAMTSL4-AS1"
"CILP2",0.000448169917010353,1.7854348098702,1,1,1,"5","CILP2"
"GFI1",0.000448351843795385,1.0077468012241,1,1,1,"5","GFI1"
"BDNF",0.000450979730547107,1.14808576619048,1,1,1,"5","BDNF"
"HNRNPA1P9",0.000454860229905727,0.831252682082258,1,1,1,"5","HNRNPA1P9"
"FNDC3A",0.000456147085091493,0.674490792560835,1,1,1,"5","FNDC3A"
"WDR96",0.000456248798174194,4.26558073491605,1,1,1,"5","WDR96"
"SYNPO",0.000460183948662656,1.33332824908348,1,1,1,"5","SYNPO"
"SGCA",0.00046146286681076,1.55364966277724,1,1,1,"5","SGCA"
"RASGRP4",0.00046208286358367,0.861510794522593,1,1,1,"5","RASGRP4"
"CEP70",0.000462501654983646,1.33295854060136,1,1,1,"5","CEP70"
"LRRN1",0.000463835535265298,1.55400068327137,1,1,1,"5","LRRN1"
"BEX5",0.000464184585651912,1.00498816282242,1,1,1,"5","BEX5"
"NTNG1",0.000471047515799054,1.67376283828946,1,1,1,"5","NTNG1"
"VEGFA",0.000471208993099446,1.69902631501558,1,1,1,"5","VEGFA"
"IGKV1-39",0.000476225320925119,3.88320034944749,1,1,1,"5","IGKV1-39"
"TCEA3",0.000477995266319191,1.32728622370366,1,1,1,"5","TCEA3"
"SPEF2",0.000482351873594954,2.11615139555877,1,1,1,"5","SPEF2"
"SFTPD",0.000483155973702339,5.03903579245923,1,1,1,"5","SFTPD"
"SCARNA17",0.000485066168166273,1.04203104944111,1,1,1,"5","SCARNA17"
"IGKV1-16",0.000486078447948475,3.04673139287332,1,1,1,"5","IGKV1-16"
"AREGB",0.00048695844177756,0.870789144383638,1,1,1,"5","AREGB"
"GPR98",0.000487066216956944,3.87855539905352,1,1,1,"5","GPR98"
"SORCS2",0.000491016834779889,1.15229684425203,1,1,1,"5","SORCS2"
"ATHL1",0.000493483284540454,1.49611647720922,1,1,1,"5","ATHL1"
"SLC28A2",0.000493711839553295,0.95161517440123,1,1,1,"5","SLC28A2"
"CPD",0.000497537524260429,0.699480540662904,1,1,1,"5","CPD"
"CDH19",0.000504111427770177,3.82665788470727,1,1,1,"5","CDH19"
"CAMK2A",0.00050774848019349,1.52538831545891,1,1,1,"5","CAMK2A"
"RDH10",0.00051006990384425,1.2438879130421,1,1,1,"5","RDH10"
"FAM168A",0.000516741432886597,0.550260545343615,1,1,1,"5","FAM168A"
"RP11-141J13.5",0.000519112300271589,1.70040874072931,1,1,1,"5","RP11-141J13.5"
"LILRA3",0.000520216463931408,1.18409658367746,1,1,1,"5","LILRA3"
"PLAUR",0.000522995147543543,1.40319769074837,1,1,1,"5","PLAUR"
"KHDRBS2",0.000529120943490101,1.80172078332967,1,1,1,"5","KHDRBS2"
"UAP1",0.00053661437066666,0.928792946309638,1,1,1,"5","UAP1"
"IQCG",0.000540846884327398,1.19519558230752,1,1,1,"5","IQCG"
"KISS1",0.000541467919803857,2.03956867463453,1,1,1,"5","KISS1"
"RP11-677N16.1",0.000541652503171119,0.853019913713513,1,1,1,"5","RP11-677N16.1"
"GRAMD2",0.000542856296361988,2.12358989492802,1,1,1,"5","GRAMD2"
"CYP17A1",0.000547068329999925,1.0050863677145,1,1,1,"5","CYP17A1"
"FMN1",0.000547765465178726,0.792559188149641,1,1,1,"5","FMN1"
"BCL3",0.000548661525627631,1.05577455742349,1,1,1,"5","BCL3"
"ASAH1",0.000549215496703918,0.806725840786051,1,1,1,"5","ASAH1"
"DRAM1",0.000550903149553505,1.37866733000477,1,1,1,"5","DRAM1"
"DHRS7",0.000556866805931934,0.697725432235988,1,1,1,"5","DHRS7"
"ARSI",0.000557979848452022,1.132444272421,1,1,1,"5","ARSI"
"DOCK2",0.000559554901513673,0.846613833102552,1,1,1,"5","DOCK2"
"MAPK101",0.000562064052204943,1.64358591417537,1,1,1,"5","MAPK10"
"TBCAP1",0.000562181612508734,1.13907030726943,1,1,1,"5","TBCAP1"
"DENND5B",0.000564625757029011,0.748690737210255,1,1,1,"5","DENND5B"
"SLA",0.000565891299607646,1.18117667362061,1,1,1,"5","SLA"
"SHANK2",0.000569971133184939,1.57035008125791,1,1,1,"5","SHANK2"
"ARHGAP9",0.000572978405707761,0.90230177758971,1,1,1,"5","ARHGAP9"
"CYP2C8",0.000575983723436171,0.668815621301542,1,1,1,"5","CYP2C8"
"FCGR3A",0.000583281234816808,1.13343883346706,1,1,1,"5","FCGR3A"
"NFAM1",0.000585166034773685,1.09896938766226,1,1,1,"5","NFAM1"
"CREB3L1",0.000593331693583118,1.26399140639672,1,1,1,"5","CREB3L1"
"RFX2",0.00059371436840662,1.38340839214223,1,1,1,"5","RFX2"
"C3orf36",0.000599359697850037,0.627641585154413,1,1,1,"5","C3orf36"
"LTF",0.000599430424585814,5.08212835051109,1,1,1,"5","LTF"
"CHIAP2",0.000601294595806295,2.78770655581464,1,1,1,"5","CHIAP2"
"METTL7A",0.000602659459233304,0.928173279632677,1,1,1,"5","METTL7A"
"CNN1",0.000603015730940595,3.49287472156861,1,1,1,"5","CNN1"
"RP11-175P13.3",0.00060414668864063,0.717118575562459,1,1,1,"5","RP11-175P13.3"
"MPZL2",0.000606554807625805,0.649413452288091,1,1,1,"5","MPZL2"
"CTGF1",0.000607927337369183,1.78681446029323,1,1,1,"5","CTGF"
"TMEM108",0.000609455398487868,1.56841609597047,1,1,1,"5","TMEM108"
"KIF19",0.000611047730562715,0.728581586960402,1,1,1,"5","KIF19"
"PLAG1",0.000612840076190516,0.711278257440179,1,1,1,"5","PLAG1"
"GPA33",0.000613515425274611,1.35619899939136,1,1,1,"5","GPA33"
"TTC40",0.000619150864843677,4.92335736661499,1,1,1,"5","TTC40"
"SLC5A8",0.000620372210951242,3.20126144179156,1,1,1,"5","SLC5A8"
"RP11-351M8.1",0.000620499475579636,0.997913657628347,1,1,1,"5","RP11-351M8.1"
"ZDHHC2",0.000620987433024351,0.89361372591123,1,1,1,"5","ZDHHC2"
"PFN2",0.000621988373210299,1.12710382343755,1,1,1,"5","PFN2"
"SAMD4A",0.000622024244174853,0.960523451079943,1,1,1,"5","SAMD4A"
"PCYT1B",0.000623406316270712,1.11044528231108,1,1,1,"5","PCYT1B"
"IGKV1D-33",0.000630399685707638,2.62756841894794,1,1,1,"5","IGKV1D-33"
"IL17RA",0.000630821394185454,0.850636573037686,1,1,1,"5","IL17RA"
"AGT",0.000631557994846025,2.02038343773947,1,1,1,"5","AGT"
"CHL1",0.000631681919816041,1.62091045659509,1,1,1,"5","CHL1"
"SLC22A3",0.000632571568448367,2.19643975537074,1,1,1,"5","SLC22A3"
"ADAM28",0.000635534725334968,0.991145784463038,1,1,1,"5","ADAM28"
"PLSCR1",0.000638321315890706,0.71952862337419,1,1,1,"5","PLSCR1"
"SKIL1",0.000638673283132653,0.95011467394464,1,1,1,"5","SKIL"
"NCF1B",0.000639114473303571,1.07743271705666,1,1,1,"5","NCF1B"
"ANKRD1",0.000643065615398386,2.48589577971378,1,1,1,"5","ANKRD1"
"NTRK3",0.000645955329142696,1.97778506157382,1,1,1,"5","NTRK3"
"ZC2HC1C",0.000648425252623857,0.951936170614925,1,1,1,"5","ZC2HC1C"
"CTD-3193O13.9",0.000651943611102206,1.77602659815088,1,1,1,"5","CTD-3193O13.9"
"TCN1",0.000652006411941625,4.01899848755962,1,1,1,"5","TCN1"
"DPY19L2P2",0.000652551824909383,1.48186809035188,1,1,1,"5","DPY19L2P2"
"CCDC181",0.000652603269558945,1.09186216544228,1,1,1,"5","CCDC181"
"PCDH10",0.000653245337982786,2.87026110223509,1,1,1,"5","PCDH10"
"TAGLN1",0.000655378795348059,1.53251790666506,1,1,1,"5","TAGLN"
"HYDIN",0.000658765918576615,2.59702682936435,1,1,1,"5","HYDIN"
"CXCR4",0.000661627900274715,1.28489458261721,1,1,1,"5","CXCR4"
"PCSK4",0.000666029243139829,0.730502326481988,1,1,1,"5","PCSK4"
"GXYLT2",0.000671559437149695,1.05490409463016,1,1,1,"5","GXYLT2"
"RP11-512F24.1",0.000673789112477426,1.14526530812047,1,1,1,"5","RP11-512F24.1"
"RP11-290F20.3",0.000679671362579445,0.855800987106976,1,1,1,"5","RP11-290F20.3"
"ANK3",0.000680432837477786,1.28947469763261,1,1,1,"5","ANK3"
"MR1",0.000684586075535027,0.896736144153707,1,1,1,"5","MR1"
"FGG",0.000686394070709542,3.4226338210476,1,1,1,"5","FGG"
"C5orf56",0.000686400448353887,0.865755832827691,1,1,1,"5","C5orf56"
"HHAT",0.000690622066475207,1.03676184422321,1,1,1,"5","HHAT"
"FAM47E",0.000697003610145579,0.869218694243733,1,1,1,"5","FAM47E"
"CATSPER3",0.000697167587699116,1.57623891558073,1,1,1,"5","CATSPER3"
"SRGAP3",0.000698761136575177,1.1991973872106,1,1,1,"5","SRGAP3"
"MUSK",0.000701577874958054,1.26745923896806,1,1,1,"5","MUSK"
"ITGA8",0.000704411499906651,3.87898388243045,1,1,1,"5","ITGA8"
"SDSL",0.000705094116612065,0.918466806404616,1,1,1,"5","SDSL"
"IGHV3-48",0.000705978009616036,1.09844996995435,1,1,1,"5","IGHV3-48"
"ASS1",0.00070715261753444,0.628890203330567,1,1,1,"5","ASS1"
"ITGAM",0.000708986865501367,1.19861312346153,1,1,1,"5","ITGAM"
"ZFAND5",0.000711678640859817,1.25519747283901,1,1,1,"5","ZFAND5"
"CTD-3185P2.1",0.000716305803091624,0.596274222853106,1,1,1,"5","CTD-3185P2.1"
"WDR17",0.000724139302864382,1.78330152828238,1,1,1,"5","WDR17"
"F11",0.000724870715486236,5.21349276572565,1,1,1,"5","F11"
"OR51B2",0.000726041605603108,0.881690720405977,1,1,1,"5","OR51B2"
"DAP",0.000727583304744342,0.822509767393527,1,1,1,"5","DAP"
"ZNF215",0.000729198238079292,1.48692641981704,1,1,1,"5","ZNF215"
"JUNB",0.000733407367441813,1.63324060472111,1,1,1,"5","JUNB"
"ZBP1",0.000734821796308893,1.48969082126824,1,1,1,"5","ZBP1"
"NBL1",0.000735289212138199,0.896064457141206,1,1,1,"5","NBL1"
"SEMA4A",0.000742082294831775,1.21411109159248,1,1,1,"5","SEMA4A"
"ELL2",0.000742337363765756,1.25540684344023,1,1,1,"5","ELL2"
"IGHV1-2",0.000743708335601152,1.07024243503925,1,1,1,"5","IGHV1-2"
"TM4SF4",0.000749044328462163,1.87218998916172,1,1,1,"5","TM4SF4"
"FGR",0.000755145087332606,1.02870112422708,1,1,1,"5","FGR"
"ARHGEF38",0.000762213420525692,2.59053757433055,1,1,1,"5","ARHGEF38"
"CTSD",0.000762780879955797,1.20870988211037,1,1,1,"5","CTSD"
"GPD1L",0.000762842786621484,0.792273317974971,1,1,1,"5","GPD1L"
"BICC1",0.000763859919510921,0.843740096923604,1,1,1,"5","BICC1"
"VMO1",0.000763924232937349,0.841546522452065,1,1,1,"5","VMO1"
"CYP3A43",0.000767511925563057,0.555302834946051,1,1,1,"5","CYP3A43"
"SDK1",0.000768959892150364,1.10178430430329,1,1,1,"5","SDK1"
"CELA2B",0.00077097183607185,0.580726162428805,1,1,1,"5","CELA2B"
"FAM149A",0.000774641133874273,0.81102728294746,1,1,1,"5","FAM149A"
"SMPDL3B",0.000776811958359471,1.23447705646324,1,1,1,"5","SMPDL3B"
"ZDHHC11",0.000782769055160422,0.987253518878962,1,1,1,"5","ZDHHC11"
"VCAN",0.000786083262054799,1.22438277425601,1,1,1,"5","VCAN"
"GSTA2",0.000792570044248403,4.27874724553499,1,1,1,"5","GSTA2"
"DPEP2",0.00079371609914544,0.664918355351508,1,1,1,"5","DPEP2"
"MAPK4",0.000794118934157245,1.01847616203769,1,1,1,"5","MAPK4"
"DTNA",0.000795268029984987,1.61989970639235,1,1,1,"5","DTNA"
"C14orf39",0.000798501268763713,1.24355391023671,1,1,1,"5","C14orf39"
"KLF9",0.000801198511734317,1.20175826879746,1,1,1,"5","KLF9"
"CYP27A1",0.000803989277992672,0.754870528124366,1,1,1,"5","CYP27A1"
"ABCB1",0.00081187644666859,0.791417880513761,1,1,1,"5","ABCB1"
"USP43",0.000812880572125333,1.48280485069842,1,1,1,"5","USP43"
"NLGN1",0.000814146317977532,1.08139057308411,1,1,1,"5","NLGN1"
"ADAMTS6",0.000817072481603193,1.23607669731605,1,1,1,"5","ADAMTS6"
"OR2D3",0.000818935138856569,1.02459603108701,1,1,1,"5","OR2D3"
"MED12L",0.00081976879952904,1.46103402401364,1,1,1,"5","MED12L"
"CLEC3A",0.000822874960427206,1.53964747608911,1,1,1,"5","CLEC3A"
"HSD17B3",0.000826770650964336,0.798409821220575,1,1,1,"5","HSD17B3"
"TNFRSF21",0.00082748780246589,1.11299996872424,1,1,1,"5","TNFRSF21"
"CCDC108",0.000831805578992833,3.4982160939802,1,1,1,"5","CCDC108"
"CCDC11",0.000835042897271308,2.78277671189528,1,1,1,"5","CCDC11"
"TMEM67",0.000837568823995755,1.26489943248384,1,1,1,"5","TMEM67"
"LEPR",0.000840241306180583,1.67033573254731,1,1,1,"5","LEPR"
"DIXDC1",0.000840524925112917,1.03932962522518,1,1,1,"5","DIXDC1"
"ADAM9",0.000840971309432175,0.704751033131032,1,1,1,"5","ADAM9"
"GDF6",0.000846620145931934,4.84807733075759,1,1,1,"5","GDF6"
"SPG201",0.000849242639523525,0.758421048310215,1,1,1,"5","SPG20"
"ST8SIA6",0.000849801714545483,1.03053295846053,1,1,1,"5","ST8SIA6"
"FGF2",0.000853367734571421,0.702360825869262,1,1,1,"5","FGF2"
"LRRTM4",0.000853752216727957,1.55090407869587,1,1,1,"5","LRRTM4"
"TACR2",0.000856769133254057,0.893791456780413,1,1,1,"5","TACR2"
"ATP13A3",0.000857573385820617,0.616960074110906,1,1,1,"5","ATP13A3"
"IL1B",0.000861001516106232,1.37344512729862,1,1,1,"5","IL1B"
"IGLJ1",0.000863257222600434,1.92831606305351,1,1,1,"5","IGLJ1"
"BNC2",0.000865876657277081,0.826684439140472,1,1,1,"5","BNC2"
"MYL91",0.000868672252621189,1.19232585079549,1,1,1,"5","MYL9"
"IER3",0.000872528491254776,2.27917833733619,1,1,1,"5","IER3"
"CCDC169",0.000875910526074345,0.935862288797466,1,1,1,"5","CCDC169"
"SNAI11",0.000877919264252258,0.984668883891771,1,1,1,"5","SNAI1"
"AC107021.1",0.000880475561406846,0.656441675281194,1,1,1,"5","AC107021.1"
"NAPSA",0.000884102585794063,3.81613642531399,1,1,1,"5","NAPSA"
"MUC13",0.000891145728504079,3.59302147654275,1,1,1,"5","MUC13"
"AKAP3",0.000892974609929525,0.790122086400819,1,1,1,"5","AKAP3"
"PDE10A1",0.000895538474907923,0.964547101661669,1,1,1,"5","PDE10A"
"RCAN1",0.000904778081874323,0.914249828595088,1,1,1,"5","RCAN1"
"IL5RA",0.000908347699550979,0.172981722973974,1,1,1,"5","IL5RA"
"ERN1",0.00090878910871614,0.890620974840408,1,1,1,"5","ERN1"
"RP11-723P16.3",0.000911664734468188,0.996898514707722,1,1,1,"5","RP11-723P16.3"
"SELK",0.000915270532576295,0.590721083199433,1,1,1,"5","SELK"
"TNFSF13B",0.000915528778131573,0.733825376679155,1,1,1,"5","TNFSF13B"
"RARRES1",0.000921735659517329,1.20869502766183,1,1,1,"5","RARRES1"
"TIMP1",0.000922682173410262,1.35360549034853,1,1,1,"5","TIMP1"
"TMEM255A",0.000923137829491749,1.34576628557735,1,1,1,"5","TMEM255A"
"NLRP14",0.000929824668364619,1.32270463641738,1,1,1,"5","NLRP14"
"FAM221B",0.000930153771824363,0.854267517100077,1,1,1,"5","FAM221B"
"HNF1B",0.000933068562978881,2.16682398192872,1,1,1,"5","HNF1B"
"PTPRQ",0.000937257017709844,1.90885175766744,1,1,1,"5","PTPRQ"
"EFCAB6",0.000937966856249655,2.0914910434269,1,1,1,"5","EFCAB6"
"NCF4",0.000938585319400541,1.0602136207607,1,1,1,"5","NCF4"
"ATF3",0.000939847637200737,1.10857711582073,1,1,1,"5","ATF3"
"S100A12",0.000947817635167089,3.69381926560734,1,1,1,"5","S100A12"
"SLC22A24",0.000958379905702742,0.64350403905263,1,1,1,"5","SLC22A24"
"FZD2",0.000959935017041808,0.722159600340941,1,1,1,"5","FZD2"
"ABI3BP",0.000962983953866688,0.915097366999085,1,1,1,"5","ABI3BP"
"LCN10",0.00096298729684824,0.746711720095686,1,1,1,"5","LCN10"
"IL4R1",0.000969461609295365,0.804561687656825,1,1,1,"5","IL4R"
"TULP2",0.000974394793304125,1.15342488152528,1,1,1,"5","TULP2"
"GGTLC1",0.00097892071143727,3.05345513940168,1,1,1,"5","GGTLC1"
"ACSS31",0.00098142867156897,1.25225745338416,1,1,1,"5","ACSS3"
"GABARAPL1",0.000984389482827185,0.606389240908282,1,1,1,"5","GABARAPL1"
"MLK4",0.000984890402219966,1.13771686828204,1,1,1,"5","MLK4"
"FBLN1",0.000986468718468333,1.67833523491888,1,1,1,"5","FBLN1"
"SAMD12",0.00098719414014443,1.35369713076894,1,1,1,"5","SAMD12"
"SOHLH2",0.000987518720516518,0.465299944153003,1,1,1,"5","SOHLH2"
"BCL6",0.000993756449162437,1.22852104981256,1,1,1,"5","BCL6"
"FAM227B",0.000994327665213409,0.526866746004032,1,1,1,"5","FAM227B"
"CES1",0.000995290632202262,1.92722590865006,1,1,1,"5","CES1"
"TNFSF13",0.00100248559781523,0.713294834698427,1,1,1,"5","TNFSF13"
"SIX4",0.00100258079754892,1.24245032848772,1,1,1,"5","SIX4"
"CCL3",0.00100424413022544,0.661873969339601,1,1,1,"5","CCL3"
"MAN2B2",0.00100588793095695,0.590348337827859,1,1,1,"5","MAN2B2"
"FUCA1",0.00100844357341518,1.08329531726425,1,1,1,"5","FUCA1"
"TRABD2B",0.00101241882967647,1.15167427562892,1,1,1,"5","TRABD2B"
"CLDN11",0.00101294541858708,3.25857053886267,1,1,1,"5","CLDN11"
"QSOX1",0.00101467863198734,1.53050727636992,1,1,1,"5","QSOX1"
"CDO1",0.00101983208190165,0.809672023608318,1,1,1,"5","CDO1"
"TMEM71",0.00102414197106962,1.27094722372626,1,1,1,"5","TMEM71"
"CLUL1",0.00102715863971303,0.94232616943456,1,1,1,"5","CLUL1"
"ADH1A",0.00103082218672854,1.37554670488076,1,1,1,"5","ADH1A"
"PER1",0.00103421048854178,1.22052806304667,1,1,1,"5","PER1"
"DNAAF1",0.00103863509495671,5.00193076725891,1,1,1,"5","DNAAF1"
"SLMAP",0.00104329086589119,0.558238829436423,1,1,1,"5","SLMAP"
"SPOCD1",0.00104519754308315,1.17963690936605,1,1,1,"5","SPOCD1"
"PKD2L1",0.00104747696856872,0.843378146535807,1,1,1,"5","PKD2L1"
"IGHJ3",0.00104849665810208,1.83679349907297,1,1,1,"5","IGHJ3"
"CACNA2D4",0.00104892751640156,0.562494852951968,1,1,1,"5","CACNA2D4"
"PDE3B",0.00105302842115748,0.665055064892886,1,1,1,"5","PDE3B"
"TSPAN8",0.00106122225935627,1.61595550439627,1,1,1,"5","TSPAN8"
"ANTXR11",0.00106883321604678,0.9024905326716,1,1,1,"5","ANTXR1"
"FAM20A",0.00107357429101099,0.964360309064563,1,1,1,"5","FAM20A"
"SSC5D",0.00107437796351723,1.67194571452028,1,1,1,"5","SSC5D"
"ABCA13",0.0010794637096597,6.24013172391507,1,1,1,"5","ABCA13"
"IRS1",0.00107999058875644,1.43008673654916,1,1,1,"5","IRS1"
"ZNF667-AS1",0.00108041697450262,0.805527321705375,1,1,1,"5","ZNF667-AS1"
"ANKRD42",0.00108516662800197,0.57755390271557,1,1,1,"5","ANKRD42"
"SHH",0.00109632047620435,1.23161494656722,1,1,1,"5","SHH"
"TNIP3",0.00109976542177982,2.86979531028149,1,1,1,"5","TNIP3"
"GK",0.00110433061844335,1.24053592287312,1,1,1,"5","GK"
"MLC1",0.00110907852187096,2.44086459000269,1,1,1,"5","MLC1"
"NSUN7",0.00111758384131501,2.01990094177624,1,1,1,"5","NSUN7"
"CNKSR1",0.00112182848605593,1.46470451538012,1,1,1,"5","CNKSR1"
"CECR1",0.00112285606784841,0.74549509129111,1,1,1,"5","CECR1"
"ITIH4",0.00112596006344351,2.88486010277042,1,1,1,"5","ITIH4"
"C10orf107",0.00112616715654421,2.01350737273155,1,1,1,"5","C10orf107"
"HERPUD1",0.0011293613692226,0.830334652380213,1,1,1,"5","HERPUD1"
"PPP1R15A",0.00113184518888324,0.788388615145724,1,1,1,"5","PPP1R15A"
"CCNL1",0.00113386960840713,0.822918479485839,1,1,1,"5","CCNL1"
"CHST9",0.00113512183979411,3.7780744016112,1,1,1,"5","CHST9"
"CCL4",0.00114181462288282,0.49503122162638,1,1,1,"5","CCL4"
"ALMS1P",0.0011430069800836,0.829686069583039,1,1,1,"5","ALMS1P"
"LILRB2",0.00114377863194754,1.0442591005446,1,1,1,"5","LILRB2"
"LPA",0.0011441605894003,1.18244568149679,1,1,1,"5","LPA"
"FIBIN",0.00115482621922167,1.47824284416241,1,1,1,"5","FIBIN"
"LTBP3",0.00115769545709152,0.904930444613203,1,1,1,"5","LTBP3"
"MAOA",0.00116484868825487,0.795120959578959,1,1,1,"5","MAOA"
"CCDC110",0.00116946650606771,0.819968059831925,1,1,1,"5","CCDC110"
"CTSZ",0.00117538975447306,0.75812996552261,1,1,1,"5","CTSZ"
"AKNA",0.001184477632678,0.716479863466308,1,1,1,"5","AKNA"
"LAMP3",0.00118550723178127,4.65954038174595,1,1,1,"5","LAMP3"
"SAMD11",0.00118565681588171,2.91408790443574,1,1,1,"5","SAMD11"
"SH2D2A",0.00118717890272153,0.687898169873128,1,1,1,"5","SH2D2A"
"C1orf173",0.0011895853410052,6.01014848006508,1,1,1,"5","C1orf173"
"GNAO1",0.00118998922452127,0.857046148904105,1,1,1,"5","GNAO1"
"WLS",0.00119136930903451,0.86342155956638,1,1,1,"5","WLS"
"ABAT",0.00119502771824525,0.644266582432573,1,1,1,"5","ABAT"
"SUGT1P",0.0012053574433902,0.641147644483517,1,1,1,"5","SUGT1P"
"AC123768.3",0.00121333109087117,0.644233228915787,1,1,1,"5","AC123768.3"
"RP11-305M3.2",0.00121743802794656,0.622287813260103,1,1,1,"5","RP11-305M3.2"
"TEKT1",0.00122176947251309,3.22884167132748,1,1,1,"5","TEKT1"
"FMNL1",0.00122564094863653,0.765544930125122,1,1,1,"5","FMNL1"
"SYNC",0.00123444795882522,0.969919040723157,1,1,1,"5","SYNC"
"PDE3A1",0.00123716100983232,1.30480228253115,1,1,1,"5","PDE3A"
"TMEM212",0.00124104024613404,2.45833435237321,1,1,1,"5","TMEM212"
"CD53",0.00124757034648789,1.14046549745166,1,1,1,"5","CD53"
"MTHFS",0.00125239421870504,0.631881812734012,1,1,1,"5","MTHFS"
"C6orf118",0.00125781644899194,3.34191996610915,1,1,1,"5","C6orf118"
"CACNA1C1",0.00126296257620544,0.990296753512663,1,1,1,"5","CACNA1C"
"C1R",0.00126296491837507,1.06587652019032,1,1,1,"5","C1R"
"IRAK3",0.00127009176736595,1.51598702326554,1,1,1,"5","IRAK3"
"C7orf31",0.00127058230957814,0.864801335762614,1,1,1,"5","C7orf31"
"HEXB",0.0012763871900748,0.692816766656314,1,1,1,"5","HEXB"
"FBXO16",0.00127675614918786,0.652153957978891,1,1,1,"5","FBXO16"
"CAPN13",0.00127957476278802,2.79069720435686,1,1,1,"5","CAPN13"
"TYROBP",0.00128229864895514,1.39427589394635,1,1,1,"5","TYROBP"
"HS3ST1",0.00128919966588852,1.53359693612812,1,1,1,"5","HS3ST1"
"FER1L4",0.00129116982551685,1.12564591037669,1,1,1,"5","FER1L4"
"SERP1",0.00129190895848022,0.816742617680216,1,1,1,"5","SERP1"
"CASP9",0.00129224766212839,0.668809376510302,1,1,1,"5","CASP9"
"CNN2",0.00129978094282662,0.670833933633993,1,1,1,"5","CNN2"
"IL8",0.00130016774784815,1.5438697157097,1,1,1,"5","IL8"
"OSM",0.00130147887657009,1.30903771860965,1,1,1,"5","OSM"
"SLCO2A1",0.00130422395270661,1.36203231757081,1,1,1,"5","SLCO2A1"
"GALNT12",0.00130938432090746,1.42221919173467,1,1,1,"5","GALNT12"
"SLC7A14",0.00130958709932248,1.33729361919299,1,1,1,"5","SLC7A14"
"CTSS",0.00131040315820416,1.15569260161475,1,1,1,"5","CTSS"
"PFKFB2",0.00131129409085347,0.704632091644953,1,1,1,"5","PFKFB2"
"IGLV5-37",0.00131413037965914,0.782767488971359,1,1,1,"5","IGLV5-37"
"ROR2",0.00131456754576059,1.04067375981512,1,1,1,"5","ROR2"
"IGLV1-47",0.00131792086080729,1.08287449367492,1,1,1,"5","IGLV1-47"
"DNAH11",0.00132122178409942,4.85954085687674,1,1,1,"5","DNAH11"
"EAF2",0.00132407124174927,1.83016195083352,1,1,1,"5","EAF2"
"TTC25",0.00132688688602308,1.32745491232849,1,1,1,"5","TTC25"
"LAIR1",0.0013305212392963,0.695973773062663,1,1,1,"5","LAIR1"
"GALNT2",0.0013347865159417,0.770531255895001,1,1,1,"5","GALNT2"
"TMEM92",0.00133857241716132,1.04851875406393,1,1,1,"5","TMEM92"
"EGFL6",0.0013410054250662,2.25703050255784,1,1,1,"5","EGFL6"
"PAPPA",0.00134563109437038,1.79393169949876,1,1,1,"5","PAPPA"
"IGLV7-43",0.00134642490469141,1.18846251726507,1,1,1,"5","IGLV7-43"
"SMTNL1",0.00134698743449863,1.67138389930495,1,1,1,"5","SMTNL1"
"KLHL13",0.00136554139474746,1.60317539915465,1,1,1,"5","KLHL13"
"IGHGP",0.00136936201767599,4.29493253660436,1,1,1,"5","IGHGP"
"PCDH20",0.00136985727013954,1.23944831218893,1,1,1,"5","PCDH20"
"COL10A1",0.00137188767736995,0.565845964185895,1,1,1,"5","COL10A1"
"GMIP",0.00138265293808397,0.605660610731817,1,1,1,"5","GMIP"
"CD24P4",0.00138996091149881,1.46605687912634,1,1,1,"5","CD24P4"
"SLC25A37",0.00139661088570799,0.407643530922897,1,1,1,"5","SLC25A37"
"CHI3L1",0.00140301090402313,1.02000273428994,1,1,1,"5","CHI3L1"
"DKK1",0.00140378498682369,1.8325151250429,1,1,1,"5","DKK1"
"C21orf49",0.00140585471282932,0.949511462107598,1,1,1,"5","C21orf49"
"APBB1IP",0.00140800743928838,0.696304736580835,1,1,1,"5","APBB1IP"
"MSRB3",0.00141885614414153,0.889600746106645,1,1,1,"5","MSRB3"
"AF131215.5",0.00142112677724909,0.868696300625649,1,1,1,"5","AF131215.5"
"CTSH",0.00142177602939342,1.16957811665687,1,1,1,"5","CTSH"
"LPCAT1",0.0014236388668165,1.46027875316552,1,1,1,"5","LPCAT1"
"INHBA",0.00142399750669728,1.99346818613435,1,1,1,"5","INHBA"
"PNCK",0.00143146832037007,1.16095959074635,1,1,1,"5","PNCK"
"CEACAM3",0.00143238402886092,0.986774801424055,1,1,1,"5","CEACAM3"
"SRPX2",0.00143400750921941,0.818805117489479,1,1,1,"5","SRPX2"
"C10orf112",0.00144569762077076,1.09040927079376,1,1,1,"5","C10orf112"
"SOX6",0.00145045726693249,0.855352415254526,1,1,1,"5","SOX6"
"CDKN1A",0.00145111772057149,1.56072864214932,1,1,1,"5","CDKN1A"
"COL2A1",0.00145156002879587,6.40546382199195,1,1,1,"5","COL2A1"
"PCDHB4",0.00145216627957492,0.993434109449328,1,1,1,"5","PCDHB4"
"DERL3",0.00145520451756917,1.30972852625808,1,1,1,"5","DERL3"
"CRISPLD21",0.00145940579214776,1.33872525015012,1,1,1,"5","CRISPLD2"
"IDUA",0.0014703530973616,0.55106382476807,1,1,1,"5","IDUA"
"HIF1A",0.00147231236211295,0.654668763544983,1,1,1,"5","HIF1A"
"TPK1",0.00147434046739287,0.496962415685443,1,1,1,"5","TPK1"
"IFI30",0.00147974384124736,0.871520313737545,1,1,1,"5","IFI30"
"ITGB6",0.00148052203762656,2.86094063457419,1,1,1,"5","ITGB6"
"SYNE1",0.00148490920276455,1.07511589663901,1,1,1,"5","SYNE1"
"SLC44A3",0.0014860889437001,0.898270226848553,1,1,1,"5","SLC44A3"
"AC018892.9",0.00148785175193783,0.497877459632628,1,1,1,"5","AC018892.9"
"GKN2",0.00149159556626327,2.40942939277489,1,1,1,"5","GKN2"
"DNAI1",0.00149285410517728,6.07539409444705,1,1,1,"5","DNAI1"
"CFHR1",0.00150809846688175,0.99919826423001,1,1,1,"5","CFHR1"
"TOR1AIP1",0.0015142021967906,0.604826907250359,1,1,1,"5","TOR1AIP1"
"MEF2D",0.00151440313346874,0.53014109184382,1,1,1,"5","MEF2D"
"USH1C",0.00153307293238812,3.23642982419144,1,1,1,"5","USH1C"
"LBP",0.00154129023959579,2.00465633492373,1,1,1,"5","LBP"
"TMEM232",0.0015437309509256,2.17345591412791,1,1,1,"5","TMEM232"
"C1S",0.00155027133070567,0.819851326261713,1,1,1,"5","C1S"
"DES",0.00155357783265372,4.62854646380733,1,1,1,"5","DES"
"STXBP2",0.00156075803423892,1.04140610283812,1,1,1,"5","STXBP2"
"ENPP1",0.0015673036913625,1.96857544312921,1,1,1,"5","ENPP1"
"ANKRD20A5P",0.00157002955027768,1.15331765920301,1,1,1,"5","ANKRD20A5P"
"MS4A15",0.00157178071064717,3.4409763117251,1,1,1,"5","MS4A15"
"PGC",0.00157412334864032,3.81100230555697,1,1,1,"5","PGC"
"MARCO",0.00157502211270046,3.27806718970887,1,1,1,"5","MARCO"
"FABP6",0.00157693087388182,2.27416248263114,1,1,1,"5","FABP6"
"KCNH1",0.00158310589588152,1.31870610654633,1,1,1,"5","KCNH1"
"IGKV2D-40",0.00158544736516319,1.93215763527934,1,1,1,"5","IGKV2D-40"
"MEPE",0.00159317730733644,8.11124657873368,1,1,1,"5","MEPE"
"C20orf85",0.00159690454065161,3.87250450655413,1,1,1,"5","C20orf85"
"GALNT10",0.00159726999348878,0.715938227750286,1,1,1,"5","GALNT10"
"IGHV1-24",0.00160051385404072,4.80246375706585,1,1,1,"5","IGHV1-24"
"IKZF2",0.0016005569595308,0.986428791162949,1,1,1,"5","IKZF2"
"PI151",0.0016032753661895,1.75586704014924,1,1,1,"5","PI15"
"FTH1P12",0.00160622873797434,0.531700764992463,1,1,1,"5","FTH1P12"
"NTNG2",0.00160719742140353,0.700164150550844,1,1,1,"5","NTNG2"
"AGTR2",0.00160847462091757,1.54237987900331,1,1,1,"5","AGTR2"
"DMD",0.00160853025665216,2.17240823757422,1,1,1,"5","DMD"
"CLCF1",0.00161135166590883,0.855024543346047,1,1,1,"5","CLCF1"
"BHLHE41",0.00161853873820623,1.16809157403024,1,1,1,"5","BHLHE41"
"RPL21P8",0.00162467023102673,0.539534730289168,1,1,1,"5","RPL21P8"
"VWA7",0.00164039316401831,0.992681997339451,1,1,1,"5","VWA7"
"OR52K2",0.00164045578118144,0.58162462746356,1,1,1,"5","OR52K2"
"SDHAP3",0.00164448032158618,0.721083996662218,1,1,1,"5","SDHAP3"
"DAW1",0.00164599152137711,3.79944033266997,1,1,1,"5","DAW1"
"IGLV1-36",0.00166329381328778,1.16698339218913,1,1,1,"5","IGLV1-36"
"GS1-124K5.10",0.00167400633250345,0.441554796785709,1,1,1,"5","GS1-124K5.10"
"MCF2",0.00168404112447364,0.812425481817804,1,1,1,"5","MCF2"
"SORT1",0.00169569468426816,0.881859283725506,1,1,1,"5","SORT1"
"ERC2",0.0016956987616453,0.201073254881669,1,1,1,"5","ERC2"
"FNDC3B1",0.00169867724219677,0.57751233387437,1,1,1,"5","FNDC3B"
"SLC22A5",0.00169926579450259,0.590590788676352,1,1,1,"5","SLC22A5"
"HKDC1",0.00170027770037192,2.48081647994664,1,1,1,"5","HKDC1"
"NLRP6",0.00170303496011641,2.16033808436609,1,1,1,"5","NLRP6"
"ACSL4",0.0017048691623516,0.510049775184381,1,1,1,"5","ACSL4"
"TJP3",0.0017149659317731,2.31549843501729,1,1,1,"5","TJP3"
"CST7",0.00171502866632152,2.97485219951126,1,1,1,"5","CST7"
"CSRNP1",0.00172106062173838,1.44929275508954,1,1,1,"5","CSRNP1"
"TPM11",0.0017210943925529,1.10842954285614,1,1,1,"5","TPM1"
"WBSCR17",0.00172780749342024,1.06537468033418,1,1,1,"5","WBSCR17"
"SPIDR1",0.0017290234007153,0.392143726216243,1,1,1,"5","SPIDR"
"CNNM4",0.00173218266485906,0.652846323154352,1,1,1,"5","CNNM4"
"FN3K",0.00173339153583505,0.816662224721096,1,1,1,"5","FN3K"
"MIA",0.00173494572577135,0.498711568524927,1,1,1,"5","MIA"
"NCOA7",0.00174310872718024,0.577675201410845,1,1,1,"5","NCOA7"
"SCGB1A1",0.00174526321368787,7.45328492101282,1,1,1,"5","SCGB1A1"
"TMEM170B",0.00176274276436884,0.825173683740156,1,1,1,"5","TMEM170B"
"IGLV8-61",0.00176981819669017,1.32541856388982,1,1,1,"5","IGLV8-61"
"SFTA2",0.00177639335368044,2.39115599777806,1,1,1,"5","SFTA2"
"SLC22A17",0.00178700758140891,0.91937392977681,1,1,1,"5","SLC22A17"
"DCDC1",0.00179723885928053,3.06679675629565,1,1,1,"5","DCDC1"
"IGHV6-1",0.00179778550150668,1.75312851515227,1,1,1,"5","IGHV6-1"
"NET1",0.00180034462870301,0.774296008551502,1,1,1,"5","NET1"
"FAM134B",0.0018025490706198,0.892214997496684,1,1,1,"5","FAM134B"
"CHAD",0.00180575485966503,3.72072867075724,1,1,1,"5","CHAD"
"SIGLEC14",0.00180712735248259,0.808641177334435,1,1,1,"5","SIGLEC14"
"NPHP1",0.00180749547611605,1.14836924363272,1,1,1,"5","NPHP1"
"GPR132",0.00181219736487909,0.64761471970388,1,1,1,"5","GPR132"
"MRAS",0.0018173087242599,0.65880935355985,1,1,1,"5","MRAS"
"PYGO1",0.00181772772818564,1.04442502495628,1,1,1,"5","PYGO1"
"SELL",0.00183010788847025,0.928453891626376,1,1,1,"5","SELL"
"VEPH1",0.00183160369506609,2.09107885917441,1,1,1,"5","VEPH1"
"AMIGO21",0.00183266246387833,1.43500150893632,1,1,1,"5","AMIGO2"
"MSR1",0.00183289700171794,0.829313713186222,1,1,1,"5","MSR1"
"CHGB",0.00183917120491922,1.08352609803154,1,1,1,"5","CHGB"
"ATP10A",0.00183996889725896,1.15724654776363,1,1,1,"5","ATP10A"
"MN1",0.00184814914664179,0.828067801916628,1,1,1,"5","MN1"
"ATP5J2P6",0.00184971117459591,0.435349610151937,1,1,1,"5","ATP5J2P6"
"IGHV1OR15-3",0.00185294540869685,0.962252414946782,1,1,1,"5","IGHV1OR15-3"
"TMEM2",0.00185421405932674,0.642931519837191,1,1,1,"5","TMEM2"
"AKR1C1",0.0018547876032323,0.590359353291197,1,1,1,"5","AKR1C1"
"MT2A",0.0018553481651347,0.944649725063968,1,1,1,"5","MT2A"
"SERPINF2",0.0018799138744596,0.739762397864354,1,1,1,"5","SERPINF2"
"RAP1GAP",0.00188554857242589,1.0937569075054,1,1,1,"5","RAP1GAP"
"DUSP26",0.0018880655245012,2.37271682149651,1,1,1,"5","DUSP26"
"MXD1",0.00189462570067465,1.14070660349231,1,1,1,"5","MXD1"
"ZNF728",0.00189737548587929,0.926250232380706,1,1,1,"5","ZNF728"
"PPP1R14A1",0.00190069781902668,1.12897808980543,1,1,1,"5","PPP1R14A"
"TVP23B",0.0019218746609761,0.925923816049083,1,1,1,"5","TVP23B"
"TP53TG5",0.00192370390292178,0.529390274760003,1,1,1,"5","TP53TG5"
"PLA1A",0.00192719415124431,1.27526860460547,1,1,1,"5","PLA1A"
"COLQ",0.00193582570361245,0.828162742673763,1,1,1,"5","COLQ"
"CHST11",0.00195428413818496,0.88199184325212,1,1,1,"5","CHST11"
"ACPL2",0.00195507275149282,0.643609822781627,1,1,1,"5","ACPL2"
"AF131215.3",0.00195626952404645,0.700658117117431,1,1,1,"5","AF131215.3"
"KLHDC9",0.00195644613402287,0.831028991017975,1,1,1,"5","KLHDC9"
"RSPH1",0.00195700166539776,4.31919476032278,1,1,1,"5","RSPH1"
"KRT19",0.00195707984951144,2.72954223151238,1,1,1,"5","KRT19"
"COL19A1",0.00195720602455908,1.77578288880195,1,1,1,"5","COL19A1"
"TRPC11",0.00196137280063612,0.895480689395626,1,1,1,"5","TRPC1"
"TRIM22",0.00200032838380891,0.83603504627461,1,1,1,"5","TRIM22"
"CCL23",0.00201233142383148,0.579680609666767,1,1,1,"5","CCL23"
"ZNF483",0.00202209518309294,0.826483543464112,1,1,1,"5","ZNF483"
"GTF2A1L",0.0020390581941303,0.963008102796895,1,1,1,"5","GTF2A1L"
"SCARA3",0.00203991380025604,1.0136863791829,1,1,1,"5","SCARA3"
"KCTD14",0.00206129663153668,0.660464768777347,1,1,1,"5","KCTD14"
"LPO",0.00207178029482237,4.76327901206836,1,1,1,"5","LPO"
"LUM",0.00207361598230866,1.1719984356009,1,1,1,"5","LUM"
"P2RX1",0.00207962201015989,1.54669911312286,1,1,1,"5","P2RX1"
"DENND1C",0.002088347198698,0.669921014260046,1,1,1,"5","DENND1C"
"CLEC7A",0.0021035570852967,1.11856097336608,1,1,1,"5","CLEC7A"
"GKAP1",0.00210510607448998,0.788751060892995,1,1,1,"5","GKAP1"
"MT1JP",0.00210786724522611,0.775517700518716,1,1,1,"5","MT1JP"
"DCDC2",0.00210945931199774,1.3081743042729,1,1,1,"5","DCDC2"
"RPS6KA6",0.0021176038914661,0.78551294936293,1,1,1,"5","RPS6KA6"
"NUDT4",0.0021177106155503,1.23338199499464,1,1,1,"5","NUDT4"
"ITLN2",0.00211930199194193,1.43556117330454,1,1,1,"5","ITLN2"
"FYCO1",0.00211959342612579,1.10471028703122,1,1,1,"5","FYCO1"
"KRT121P",0.00212111523468165,1.65527843650502,1,1,1,"5","KRT121P"
"SLC52A3",0.00212383018254821,1.58594455086538,1,1,1,"5","SLC52A3"
"TWSG1",0.00212557097826285,0.931434807367355,1,1,1,"5","TWSG1"
"CYP4V2",0.00214137119230578,0.867774146417453,1,1,1,"5","CYP4V2"
"CTC-308K20.1",0.00214329355120357,0.589712144952925,1,1,1,"5","CTC-308K20.1"
"ASTN2",0.00216234184087037,1.2316119104801,1,1,1,"5","ASTN2"
"ZDHHC15",0.00217886557402824,0.812074720881943,1,1,1,"5","ZDHHC15"
"THBD",0.00218121344213112,1.18213834627468,1,1,1,"5","THBD"
"HNRNPA1P251",0.0021845914521705,0.856113833278478,1,1,1,"5","HNRNPA1P25"
"C11orf70",0.00218925352397619,1.6165623300681,1,1,1,"5","C11orf70"
"DPP4",0.00219597943552724,1.13634670092333,1,1,1,"5","DPP4"
"GAL3ST1",0.00219639307448208,0.550294182156058,1,1,1,"5","GAL3ST1"
"PAX9",0.00219800748247554,2.21701080623207,1,1,1,"5","PAX9"
"TGFBR1",0.00219901919410874,0.658871229742285,1,1,1,"5","TGFBR1"
"PLXNA2",0.0022004596308588,0.909024100297252,1,1,1,"5","PLXNA2"
"CFH",0.00220172141965133,1.00746441747158,1,1,1,"5","CFH"
"INSRR",0.0022192216832146,1.83206351680116,1,1,1,"5","INSRR"
"PMP22",0.00222651356524738,0.664093718473254,1,1,1,"5","PMP22"
"PBOV1",0.00222678506936681,1.39953404200869,1,1,1,"5","PBOV1"
"PRR4",0.00223180073863516,7.86861363844827,1,1,1,"5","PRR4"
"RASSF6",0.00224044839132931,1.18264650575599,1,1,1,"5","RASSF6"
"ARMC4",0.00224333139481508,2.58643203824388,1,1,1,"5","ARMC4"
"GOLGA8R",0.00224452618401048,0.71330833311497,1,1,1,"5","GOLGA8R"
"CCNA1",0.00224792427413763,0.972257315070507,1,1,1,"5","CCNA1"
"ADHFE1",0.00225640621542574,0.873051905375108,1,1,1,"5","ADHFE1"
"PDGFC",0.00226071319942602,0.943382842648415,1,1,1,"5","PDGFC"
"LGR6",0.00227039945279871,2.41423602065414,1,1,1,"5","LGR6"
"ASPDH",0.0022784526767716,0.497819077507634,1,1,1,"5","ASPDH"
"ZNF391",0.00227880900160517,0.635878257279536,1,1,1,"5","ZNF391"
"DNALI1",0.00228101821453146,0.844520030751626,1,1,1,"5","DNALI1"
"SERPINF1",0.00228231119463965,1.0253925971149,1,1,1,"5","SERPINF1"
"DYNC2H1",0.00228326972226753,0.98978809962588,1,1,1,"5","DYNC2H1"
"LRP11",0.00228394820698207,0.535642012589454,1,1,1,"5","LRP11"
"UNC13D",0.00229143321357447,0.89235374402619,1,1,1,"5","UNC13D"
"CYSLTR2",0.00229877923893234,0.948342028025372,1,1,1,"5","CYSLTR2"
"PLA2G2A",0.00230022379808247,1.47373781253572,1,1,1,"5","PLA2G2A"
"CD68",0.00230124387909209,1.68921063526846,1,1,1,"5","CD68"
"NFKBIA",0.00230214081457714,1.07920872858377,1,1,1,"5","NFKBIA"
"SIK1",0.00230259824009619,1.03630956980964,1,1,1,"5","SIK1"
"UBXN2B",0.00230392914713463,0.715744728961731,1,1,1,"5","UBXN2B"
"C5AR2",0.00231279019470411,0.899071033150314,1,1,1,"5","C5AR2"
"TRAV21",0.00232420951929008,0.6165101475311,1,1,1,"5","TRAV21"
"FDCSP",0.0023255510197856,3.06131547848229,1,1,1,"5","FDCSP"
"TNFRSF17",0.00233108130198254,1.26118873746047,1,1,1,"5","TNFRSF17"
"MME",0.00234098273178712,0.798060184688602,1,1,1,"5","MME"
"PARVG",0.0023453561998738,0.708480154754522,1,1,1,"5","PARVG"
"KIAA0247",0.00235109845253858,0.648146910645297,1,1,1,"5","KIAA0247"
"PLCXD3",0.0023511431786769,0.912353310768511,1,1,1,"5","PLCXD3"
"DFNB31",0.00235490601719855,0.722996660752937,1,1,1,"5","DFNB31"
"CDC42EP3",0.00238122302290998,0.884281521329783,1,1,1,"5","CDC42EP3"
"ERLEC1",0.00238668648400558,0.536694554514536,1,1,1,"5","ERLEC1"
"MIR22HG",0.00238861860342177,0.783326911756577,1,1,1,"5","MIR22HG"
"GDF15",0.00238915598529174,1.38714570716339,1,1,1,"5","GDF15"
"SCUBE1",0.00240348845995954,0.395867341530815,1,1,1,"5","SCUBE1"
"COL14A1",0.00240403012353614,1.15931630655088,1,1,1,"5","COL14A1"
"CLDN3",0.00241059287713457,0.928030258558785,1,1,1,"5","CLDN3"
"TEX15",0.00241133182270707,2.01962240755897,1,1,1,"5","TEX15"
"RASSF5",0.00241466715343902,0.69823424400966,1,1,1,"5","RASSF5"
"LGALS3BP",0.00241778755546655,1.15798890624009,1,1,1,"5","LGALS3BP"
"MACROD2",0.00241854452785065,1.24799491404918,1,1,1,"5","MACROD2"
"CC2D2A",0.002422773766068,0.843086561115211,1,1,1,"5","CC2D2A"
"GSPT2",0.00242288749722316,0.639032333503859,1,1,1,"5","GSPT2"
"PTPRH",0.0024260937839304,1.54846855261971,1,1,1,"5","PTPRH"
"NTRK1",0.00243523844920863,2.08847759955309,1,1,1,"5","NTRK1"
"ATF7IP2",0.00244367919306462,1.12829334502256,1,1,1,"5","ATF7IP2"
"POU6F2",0.00246090079844578,3.09629401975898,1,1,1,"5","POU6F2"
"ABCC4",0.00246306057097536,1.19272451672631,1,1,1,"5","ABCC4"
"SEC11C",0.00246948321507876,1.26433090778525,1,1,1,"5","SEC11C"
"GZMB",0.00247256042166742,0.879218588979921,1,1,1,"5","GZMB"
"AQP9",0.00248343176997609,1.31638849407981,1,1,1,"5","AQP9"
"PLN",0.00248506298768834,1.64140835142566,1,1,1,"5","PLN"
"KRT18",0.00250328630792596,1.36272691512647,1,1,1,"5","KRT18"
"XKR6",0.00251263756131392,0.789506347274484,1,1,1,"5","XKR6"
"ZNF214",0.00251846261416463,0.522388815005909,1,1,1,"5","ZNF214"
"PPP1R10",0.00252711342033923,0.471088948928369,1,1,1,"5","PPP1R10"
"AMPH",0.00252713655625367,2.19696942738482,1,1,1,"5","AMPH"
"CD163",0.00253746190116641,1.05363781601509,1,1,1,"5","CD163"
"CYBRD1",0.0025393396777382,0.819479633976819,1,1,1,"5","CYBRD1"
"CADM3",0.00253963318041953,1.01477257222695,1,1,1,"5","CADM3"
"IGHJ6",0.00255628194571486,1.86166836091397,1,1,1,"5","IGHJ6"
"MYRF",0.00256761096199589,2.02849189325765,1,1,1,"5","MYRF"
"PITX1",0.00257499154525913,1.84244804909151,1,1,1,"5","PITX1"
"HK3",0.00257627413269948,0.667754757962594,1,1,1,"5","HK3"
"CATSPERB",0.00258180433249857,1.19574373621509,1,1,1,"5","CATSPERB"
"PCSK5",0.00259416563814325,1.00210979463954,1,1,1,"5","PCSK5"
"PIM1",0.00260782525812387,0.532807955059734,1,1,1,"5","PIM1"
"THBS2",0.00263527113778183,1.07151556195948,1,1,1,"5","THBS2"
"FOSL1",0.00264959298935775,1.01853510774725,1,1,1,"5","FOSL1"
"VWA3A",0.00265619736291284,5.28292096189655,1,1,1,"5","VWA3A"
"DPPA3P2",0.00267411218476164,2.64580322386279,1,1,1,"5","DPPA3P2"
"ACTG2",0.00268981056289987,4.28315643593434,1,1,1,"5","ACTG2"
"PHF15",0.00270146534179577,0.580779835177486,1,1,1,"5","PHF15"
"MICU3",0.00270373361217679,0.771176786882423,1,1,1,"5","MICU3"
"PRKD1",0.00270810294829639,0.883008052598226,1,1,1,"5","PRKD1"
"TMEM252",0.0027112025492751,0.80172602022691,1,1,1,"5","TMEM252"
"FAM196B",0.00271304250409898,0.557778432655871,1,1,1,"5","FAM196B"
"EAF1",0.00272876842468298,0.651044657977737,1,1,1,"5","EAF1"
"LCN12",0.00273890702056572,0.604063453811589,1,1,1,"5","LCN12"
"DKK3",0.00274967464648678,1.01453942054937,1,1,1,"5","DKK3"
"BCL2A1",0.00275279038896688,1.25057844262719,1,1,1,"5","BCL2A1"
"TMTC2",0.00276296472197356,0.953652675558972,1,1,1,"5","TMTC2"
"ZSCAN23",0.00276533803022623,0.605221262917302,1,1,1,"5","ZSCAN23"
"KLF15",0.00277015912165398,1.24461751029857,1,1,1,"5","KLF15"
"DPCR1",0.00278239451334312,4.8772047313314,1,1,1,"5","DPCR1"
"DZIP1",0.00280201540661836,0.623008440410031,1,1,1,"5","DZIP1"
"PPP4R4",0.00280220549116837,2.88430323546776,1,1,1,"5","PPP4R4"
"C5orf58",0.00280604175521988,0.798383708476067,1,1,1,"5","C5orf58"
"NFASC1",0.00282473423429501,1.01435252827861,1,1,1,"5","NFASC"
"SLC37A1",0.00282979382721926,0.782126947631356,1,1,1,"5","SLC37A1"
"ERMN",0.00283492640019065,0.758010205239485,1,1,1,"5","ERMN"
"ODF3L1",0.00283959175565764,0.785608150529209,1,1,1,"5","ODF3L1"
"CD177",0.00284289421607153,1.34554431852585,1,1,1,"5","CD177"
"HABP2",0.00284462247636086,1.19296345991915,1,1,1,"5","HABP2"
"AMIGO1",0.00284997141093447,0.512065351919203,1,1,1,"5","AMIGO1"
"AF131215.4",0.00285372191312301,0.86753961538399,1,1,1,"5","AF131215.4"
"DNAJC5B",0.00285559533153887,0.958304759681097,1,1,1,"5","DNAJC5B"
"HRH1",0.00286470978833417,1.03521879036832,1,1,1,"5","HRH1"
"OR52D1",0.00286884812555102,1.08135908199705,1,1,1,"5","OR52D1"
"MERTK",0.00288075676944658,0.68204701933891,1,1,1,"5","MERTK"
"ATP8B4",0.00288195665320523,1.547107624852,1,1,1,"5","ATP8B4"
"EMP3",0.00288329963129992,0.875720762730555,1,1,1,"5","EMP3"
"ZNF274",0.00288491471776525,0.569622648279266,1,1,1,"5","ZNF274"
"FRA10AC1",0.00289528332477724,0.606622792570267,1,1,1,"5","FRA10AC1"
"PRKCA",0.00290109766157884,0.50713141442187,1,1,1,"5","PRKCA"
"NACAD",0.00290223739817927,0.646952727053215,1,1,1,"5","NACAD"
"DMRTA1",0.00290774441313285,0.95074368285206,1,1,1,"5","DMRTA1"
"CCDC125",0.0029083012579391,0.80738329749563,1,1,1,"5","CCDC125"
"ATP6V1D",0.00292068368716936,0.488165452796,1,1,1,"5","ATP6V1D"
"WAS",0.00292334924779767,0.908012041288778,1,1,1,"5","WAS"
"IGHV3-9",0.00293640411899877,4.15090654964103,1,1,1,"5","IGHV3-9"
"EYA2",0.00296079420704427,1.65199936884484,1,1,1,"5","EYA2"
"RETN",0.00296218307990618,1.82038637888708,1,1,1,"5","RETN"
"SCNN1G",0.00296771868339189,1.79580778172622,1,1,1,"5","SCNN1G"
"TSPYL2",0.00297503917543578,1.1146264958244,1,1,1,"5","TSPYL2"
"IGKV1-8",0.00298748171206461,1.67162343690528,1,1,1,"5","IGKV1-8"
"PTPRC",0.00299240426529165,0.846131511234194,1,1,1,"5","PTPRC"
"TMED10",0.00300079807379088,0.536201281131419,1,1,1,"5","TMED10"
"RP11-680H20.1",0.00301503864889185,0.708604397869312,1,1,1,"5","RP11-680H20.1"
"FCGR3B",0.0030150746284815,1.8696215063543,1,1,1,"5","FCGR3B"
"INTU",0.00301856708026274,1.10576148271733,1,1,1,"5","INTU"
"FREM2",0.00301937890610282,4.0214748977316,1,1,1,"5","FREM2"
"ASPHD1",0.00302179549799528,2.3202879430858,1,1,1,"5","ASPHD1"
"ABCC3",0.0030239751912578,0.599632961236832,1,1,1,"5","ABCC3"
"PER2",0.00302711675126642,1.43252204222068,1,1,1,"5","PER2"
"DDX43",0.00302810786426394,1.07305210935369,1,1,1,"5","DDX43"
"RNLS",0.0030336034797133,0.878377000413101,1,1,1,"5","RNLS"
"CLEC5A",0.00303872596132533,0.941501158793978,1,1,1,"5","CLEC5A"
"PROS1",0.00304840017766824,0.796269012385979,1,1,1,"5","PROS1"
"PLD5",0.003050624616309,1.44253708602044,1,1,1,"5","PLD5"
"RP11-146D12.2",0.00306273323165473,0.581468112995911,1,1,1,"5","RP11-146D12.2"
"KCNJ161",0.00306676161024643,1.35417841837578,1,1,1,"5","KCNJ16"
"ARID5A",0.00309219064787045,1.09582220235142,1,1,1,"5","ARID5A"
"CACNA1E",0.00309234177941127,1.48568606623126,1,1,1,"5","CACNA1E"
"CTD-2114J12.1",0.00309549219928784,0.802168736398308,1,1,1,"5","CTD-2114J12.1"
"RIC3",0.00310947565681544,0.984081227574992,1,1,1,"5","RIC3"
"RGS11",0.00311003568061539,0.829778945041518,1,1,1,"5","RGS11"
"HSD17B6",0.00311484752839785,2.37891925959515,1,1,1,"5","HSD17B6"
"CLEC12A",0.0031186120766917,1.89409419033322,1,1,1,"5","CLEC12A"
"PID1",0.00314088081710763,0.91174287459943,1,1,1,"5","PID1"
"ISCU",0.00314778690728966,0.634800879601322,1,1,1,"5","ISCU"
"FOXC2",0.00314797642704676,0.925765839225887,1,1,1,"5","FOXC2"
"RP13-36G14.3",0.00315126783866249,1.09983588513321,1,1,1,"5","RP13-36G14.3"
"ACY3",0.00316046749426364,1.07492307575467,1,1,1,"5","ACY3"
"CPEB4",0.00316732610180889,0.714108454903943,1,1,1,"5","CPEB4"
"MED30",0.00317501710431896,0.646995690675924,1,1,1,"5","MED30"
"PFKFB3",0.00317874841900172,0.923115138222649,1,1,1,"5","PFKFB3"
"NEURL2",0.0031850200211362,0.543928582699515,1,1,1,"5","NEURL2"
"CXCL16",0.0031899749721826,0.518938076087688,1,1,1,"5","CXCL16"
"RP11-12A20.7",0.00319622695642522,1.56766923642053,1,1,1,"5","RP11-12A20.7"
"LMOD11",0.00319755387473912,1.64371098601311,1,1,1,"5","LMOD1"
"FEN1P1",0.00319909674790071,0.458584887314235,1,1,1,"5","FEN1P1"
"TREM2",0.00320437723634065,0.733512042833294,1,1,1,"5","TREM2"
"NPAS4",0.00321077238476628,1.00150720785053,1,1,1,"5","NPAS4"
"SUMO2P8",0.00323881985320887,1.17284597583992,1,1,1,"5","SUMO2P8"
"KCNS1",0.0032684470328581,0.681909553545108,1,1,1,"5","KCNS1"
"IGFBP6",0.00327187563512259,1.61672936549438,1,1,1,"5","IGFBP6"
"OTC",0.0032732254668673,0.978385007171758,1,1,1,"5","OTC"
"TCEAL51",0.00328736179947708,0.583602385105062,1,1,1,"5","TCEAL5"
"CCDC158",0.00329391511955692,1.19094498107951,1,1,1,"5","CCDC158"
"SLC10A5",0.00329570264704924,0.75094843758905,1,1,1,"5","SLC10A5"
"SEC63P1",0.00329702370527349,1.17273979851241,1,1,1,"5","SEC63P1"
"PDLIM51",0.00330465152398712,0.59998245398144,1,1,1,"5","PDLIM5"
"C4orf19",0.00331482987216928,1.01959568021682,1,1,1,"5","C4orf19"
"LSAMP",0.0033257902030496,1.08788454744387,1,1,1,"5","LSAMP"
"AC094019.4",0.00332593003462373,0.551863670504737,1,1,1,"5","AC094019.4"
"IGHG4",0.00333008351024407,3.5288168993219,1,1,1,"5","IGHG4"
"IGLV3-19",0.00333041626558499,7.52540106104848,1,1,1,"5","IGLV3-19"
"IGLC6",0.00334077708736597,1.53081874800653,1,1,1,"5","IGLC6"
"RP13-93L13.2",0.00334280078889887,1.07674354492159,1,1,1,"5","RP13-93L13.2"
"LRRN2",0.00334319662800017,0.528429860137859,1,1,1,"5","LRRN2"
"UGCG",0.00338452059123385,0.604393675002921,1,1,1,"5","UGCG"
"ARHGAP15",0.00339564832807413,0.974253020464451,1,1,1,"5","ARHGAP15"
"IGHV1-45",0.00339679234238931,0.794215104062465,1,1,1,"5","IGHV1-45"
"IGHV1-8",0.00340205782970655,2.37196634468351,1,1,1,"5","IGHV1-8"
"RTKN2",0.00340415327178818,3.7587070637291,1,1,1,"5","RTKN2"
"GALNT13",0.00341399424005056,1.42444218403823,1,1,1,"5","GALNT13"
"C6",0.00341996076829196,1.98961322859008,1,1,1,"5","C6"
"PARP8",0.00342057000367945,0.909208422599715,1,1,1,"5","PARP8"
"ECHDC2",0.00343553393475118,1.01107289502866,1,1,1,"5","ECHDC2"
"DIO3OS",0.00345099374753889,0.885372754850131,1,1,1,"5","DIO3OS"
"OR7E14P",0.0034513989198659,0.77434424646537,1,1,1,"5","OR7E14P"
"RP11-407N17.3",0.00345489376159514,0.621715781356539,1,1,1,"5","RP11-407N17.3"
"NME9",0.00345827542956859,0.919104124257423,1,1,1,"5","NME9"
"PLEKHA5",0.00349039744387676,0.986217449938461,1,1,1,"5","PLEKHA5"
"RAB15",0.00349042204537756,1.06376594392593,1,1,1,"5","RAB15"
"AC017028.1",0.00351424938711653,0.627374797560581,1,1,1,"5","AC017028.1"
"GALM",0.00351513091831776,0.494333235358956,1,1,1,"5","GALM"
"COL8A2",0.00354887755272455,0.132884653338422,1,1,1,"5","COL8A2"
"NKX3-1",0.00356378802027771,0.894673641188465,1,1,1,"5","NKX3-1"
"SGCB1",0.00356393882579253,0.697800988826454,1,1,1,"5","SGCB"
"SATB1",0.00357108061447579,0.684089567776635,1,1,1,"5","SATB1"
"FTH1",0.00357362580602829,0.826053535346922,1,1,1,"5","FTH1"
"SAMHD1",0.00357755840582755,0.696257720623244,1,1,1,"5","SAMHD1"
"UBE2B",0.00358136177113384,0.698376843873092,1,1,1,"5","UBE2B"
"KCNMB2",0.00358308561711989,0.646073189374547,1,1,1,"5","KCNMB2"
"PRPH",0.00358836250766744,1.10567038776856,1,1,1,"5","PRPH"
"SNX5P1",0.00360256562519111,0.951764964502543,1,1,1,"5","SNX5P1"
"SULT1A1",0.00360817831417967,0.914426175454873,1,1,1,"5","SULT1A1"
"RP11-90H3.1",0.0036101513509757,1.76531250737078,1,1,1,"5","RP11-90H3.1"
"MALL",0.00361686555311217,1.04801869662198,1,1,1,"5","MALL"
"CDK20",0.00361711833814634,0.660601783879091,1,1,1,"5","CDK20"
"AKAP131",0.00361986261358758,0.632725588131816,1,1,1,"5","AKAP13"
"RABL2A",0.0036459751519129,0.730934523306495,1,1,1,"5","RABL2A"
"VSIG4",0.00364841387002515,1.00714576344146,1,1,1,"5","VSIG4"
"CYP4Z2P",0.00365455504522085,2.94995852700844,1,1,1,"5","CYP4Z2P"
"CEBPB",0.00365879403715057,1.12144045205722,1,1,1,"5","CEBPB"
"CLDN18",0.00366338252148832,2.42731685894213,1,1,1,"5","CLDN18"
"HSPB7",0.00368140182464793,1.98906903188023,1,1,1,"5","HSPB7"
"TMEM130",0.00368229895448526,1.23535675877793,1,1,1,"5","TMEM130"
"PBX3",0.00368916578112484,0.596404937875441,1,1,1,"5","PBX3"
"GALNT15",0.00369606196976762,0.154319417861279,1,1,1,"5","GALNT15"
"SETBP1",0.00369833888476343,0.735681542930404,1,1,1,"5","SETBP1"
"C1orf132",0.00370520831779407,0.643423531842108,1,1,1,"5","C1orf132"
"CES1P1",0.00372367534683388,1.24695287373974,1,1,1,"5","CES1P1"
"DLG3",0.0037259939706607,0.905216873139773,1,1,1,"5","DLG3"
"TUBA4B",0.00372618160126545,2.44518893307393,1,1,1,"5","TUBA4B"
"GEM1",0.00374035366584076,0.970104308913349,1,1,1,"5","GEM"
"PITPNM1",0.00375818166691504,1.23605031330052,1,1,1,"5","PITPNM1"
"RFT1",0.00375924581402442,0.418386134804264,1,1,1,"5","RFT1"
"FOXP1",0.00376873805762325,0.697682530675674,1,1,1,"5","FOXP1"
"VNN1",0.00377044198660703,1.96598244172523,1,1,1,"5","VNN1"
"MST4",0.00379392593799809,0.564638852378986,1,1,1,"5","MST4"
"TTC6",0.00379945048790522,2.42124257430077,1,1,1,"5","TTC6"
"ZDHHC11B",0.00380488158697859,1.81669356463682,1,1,1,"5","ZDHHC11B"
"CTB-56J15.1",0.00381137947025169,0.445130686331655,1,1,1,"5","CTB-56J15.1"
"CTNNAL1",0.00381213217485721,0.664762893130966,1,1,1,"5","CTNNAL1"
"DOK5",0.00382599371560507,1.4122471037333,1,1,1,"5","DOK5"
"ETV5",0.00384774566554008,0.851761781276693,1,1,1,"5","ETV5"
"CYSTM1",0.00385300314726322,0.638445761680412,1,1,1,"5","CYSTM1"
"SGK1",0.00386443738097335,0.707983327566332,1,1,1,"5","SGK1"
"KCND3",0.00386845399053384,0.886206113272014,1,1,1,"5","KCND3"
"PADI4",0.00387395776433468,2.69649165875059,1,1,1,"5","PADI4"
"IGKV2D-29",0.00388397926960793,1.4324666002975,1,1,1,"5","IGKV2D-29"
"C2ORF15",0.00388469062829658,0.910559142750419,1,1,1,"5","C2ORF15"
"FAM177B",0.00390783005644866,0.684281416534175,1,1,1,"5","FAM177B"
"C8orf34",0.00392119486764064,2.0142306426347,1,1,1,"5","C8orf34"
"RRN3P2",0.0039223726482376,0.841310190981179,1,1,1,"5","RRN3P2"
"DNAJC1",0.00392862723818812,0.347232378279982,1,1,1,"5","DNAJC1"
"WNT5A",0.00393868888450655,0.687012245070481,1,1,1,"5","WNT5A"
"DNAH12",0.00394645483602001,4.5779016293326,1,1,1,"5","DNAH12"
"MRGPRF",0.00397136690639039,1.14431254324483,1,1,1,"5","MRGPRF"
"FRRS1L",0.00397636438533359,0.73597071580083,1,1,1,"5","FRRS1L"
"C17orf107",0.00397681298532762,0.97670172198324,1,1,1,"5","C17orf107"
"RBP2",0.0039842197389933,3.58873493207697,1,1,1,"5","RBP2"
"C1QTNF2",0.00401305634043333,0.724840785068183,1,1,1,"5","C1QTNF2"
"CLCNKB",0.00401510036953489,0.455443661827337,1,1,1,"5","CLCNKB"
"SERPING1",0.00402090400367465,1.05671583016032,1,1,1,"5","SERPING1"
"PLXDC2",0.00403813950541969,0.79518551826941,1,1,1,"5","PLXDC2"
"NALCN",0.00404247852727924,0.608631538020353,1,1,1,"5","NALCN"
"GADL1",0.00404980513453336,1.11803037522099,1,1,1,"5","GADL1"
"PABPC1P4",0.00406099757799814,0.539196719652256,1,1,1,"5","PABPC1P4"
"AFF3",0.00407784988058914,1.42469152869757,1,1,1,"5","AFF3"
"SLC39A8",0.00408091365693243,1.69838013173744,1,1,1,"5","SLC39A8"
"SCAND3",0.00408282498025043,0.139964875254773,1,1,1,"5","SCAND3"
"SIGLEC12",0.00408945595354661,0.404543018390905,1,1,1,"5","SIGLEC12"
"STK17B",0.00410328582397101,0.95781414870406,1,1,1,"5","STK17B"
"RP13-726E6.2",0.0041035968184047,0.480662091418944,1,1,1,"5","RP13-726E6.2"
"C1orf194",0.00411011593600522,2.78740206364215,1,1,1,"5","C1orf194"
"CCDC74A",0.00411478198251775,1.23582035952323,1,1,1,"5","CCDC74A"
"EPB41L4B",0.00411743840416253,0.823224301785402,1,1,1,"5","EPB41L4B"
"TSC22D3",0.00412127549693809,0.601735429042177,1,1,1,"5","TSC22D3"
"TCEAL3",0.00413680165329658,0.538294798940107,1,1,1,"5","TCEAL3"
"SLC12A7",0.00414108977767926,0.793947249880684,1,1,1,"5","SLC12A7"
"SGCD",0.00414182566445049,0.902330103755245,1,1,1,"5","SGCD"
"ATRNL1",0.00418587385794727,1.99052204359016,1,1,1,"5","ATRNL1"
"C19orf77",0.00419198677581212,2.90832477036072,1,1,1,"5","C19orf77"
"WI2-89927D4.1",0.00419605886953304,0.482998337348581,1,1,1,"5","WI2-89927D4.1"
"NFIL3",0.00419642719409422,0.478861106315708,1,1,1,"5","NFIL3"
"FBN3",0.00420391218179774,0.864619826870328,1,1,1,"5","FBN3"
"LONRF2",0.00420483895856526,0.950587091935835,1,1,1,"5","LONRF2"
"PIK3CD",0.00427615308927877,0.604707331086381,1,1,1,"5","PIK3CD"
"DTHD1",0.00428200666667619,2.75082250344594,1,1,1,"5","DTHD1"
"NEK7",0.00428455403333273,0.589176859778629,1,1,1,"5","NEK7"
"MAPK8IP1",0.00428939190935743,0.681749905447417,1,1,1,"5","MAPK8IP1"
"RNASE6",0.0042958840045236,0.654510614939216,1,1,1,"5","RNASE6"
"KCNA5",0.00429656070959205,2.18648167813047,1,1,1,"5","KCNA5"
"GRIN2B",0.00431266622907235,1.81612115723143,1,1,1,"5","GRIN2B"
"RP11-153M7.1",0.00431903636271929,0.805906900430513,1,1,1,"5","RP11-153M7.1"
"SBSPON",0.00433046864461898,1.47257223367779,1,1,1,"5","SBSPON"
"MMP191",0.00433987870274242,1.55363376881873,1,1,1,"5","MMP19"
"LINGO3",0.00435580986802532,1.0498480074809,1,1,1,"5","LINGO3"
"B4GALT1",0.00436333276611885,0.667392897461522,1,1,1,"5","B4GALT1"
"PDE4C",0.00436498398875256,0.831766179530648,1,1,1,"5","PDE4C"
"BATF2",0.00437318135253765,0.637619918136084,1,1,1,"5","BATF2"
"RP11-64B16.2",0.00437707917825327,0.89564313417293,1,1,1,"5","RP11-64B16.2"
"WWTR1",0.00439275695660717,1.09393018583228,1,1,1,"5","WWTR1"
"STK4",0.00439540983910747,0.479174974973116,1,1,1,"5","STK4"
"PPDPF",0.00440402066222875,0.88485569509146,1,1,1,"5","PPDPF"
"CAP2",0.0044166555106792,1.46046345314664,1,1,1,"5","CAP2"
"SCN8A",0.00441879146020954,0.402528836278183,1,1,1,"5","SCN8A"
"SNTN",0.00442858010883839,3.71558308812962,1,1,1,"5","SNTN"
"DUSP4",0.00443267316377198,0.843063276668195,1,1,1,"5","DUSP4"
"KCNN4",0.0044392031829846,0.910452080615586,1,1,1,"5","KCNN4"
"CASQ2",0.00445613001228926,1.54914321936585,1,1,1,"5","CASQ2"
"TNR",0.00445909614482927,1.1279494724171,1,1,1,"5","TNR"
"CHURC1",0.0044638868545846,0.520833662592473,1,1,1,"5","CHURC1"
"IL1RL1",0.00447431760314316,0.714460555515624,1,1,1,"5","IL1RL1"
"C6orf58",0.00448270251958345,9.73802833356045,1,1,1,"5","C6orf58"
"CD8A",0.00448327173318289,0.668868999665698,1,1,1,"5","CD8A"
"TLDC2",0.0044888268387657,0.639983947179459,1,1,1,"5","TLDC2"
"HHLA2",0.00450022674963845,1.26090276400634,1,1,1,"5","HHLA2"
"RARRES3",0.00450318321652551,0.659105877507873,1,1,1,"5","RARRES3"
"PPP1R3C",0.00450366581307757,1.05516060124724,1,1,1,"5","PPP1R3C"
"SMOC1",0.00450952704215847,0.763262972010711,1,1,1,"5","SMOC1"
"SLC6A4",0.00452582841232597,2.32407642166425,1,1,1,"5","SLC6A4"
"DCLRE1CP1",0.00453841115587758,0.871472964025832,1,1,1,"5","DCLRE1CP1"
"ZNF259P1",0.00454016261383124,1.54645715044928,1,1,1,"5","ZNF259P1"
"RRM2B",0.00454784725156026,0.382631679180774,1,1,1,"5","RRM2B"
"CACNA2D1",0.00454848995143079,0.685177632329935,1,1,1,"5","CACNA2D1"
"RGS10",0.00455742990563935,0.635231601950247,1,1,1,"5","RGS10"
"NEO1",0.00457698953141836,1.63831213849816,1,1,1,"5","NEO1"
"HMGCLL1",0.00457968517763229,0.92594433205849,1,1,1,"5","HMGCLL1"
"SASH3",0.00458084995407386,0.618294320811515,1,1,1,"5","SASH3"
"CD96",0.00458275664766551,0.827261414155332,1,1,1,"5","CD96"
"BRSK2",0.00458496662092844,0.659566582016906,1,1,1,"5","BRSK2"
"SIMC1",0.00459671715747774,0.534263217989304,1,1,1,"5","SIMC1"
"SELE",0.00460406502464498,1.20960916163577,1,1,1,"5","SELE"
"FAM105A",0.00462716743279528,0.491041506570634,1,1,1,"5","FAM105A"
"LILRB4",0.00463081795320294,0.579327540514734,1,1,1,"5","LILRB4"
"DNAJC3",0.00464106460118709,0.51672600902722,1,1,1,"5","DNAJC3"
"NUGGC",0.00467060993670293,1.54656873365554,1,1,1,"5","NUGGC"
"GLT8D2",0.00467504534008008,0.865280687611307,1,1,1,"5","GLT8D2"
"SHC4",0.00468220198877285,1.61481047412879,1,1,1,"5","SHC4"
"GNAL",0.00468871561468955,0.481297785583322,1,1,1,"5","GNAL"
"SDS",0.00471142728492141,0.787910680372464,1,1,1,"5","SDS"
"LHCGR",0.00471365821719205,1.37797811714196,1,1,1,"5","LHCGR"
"MIR499A",0.00471436478486549,0.417019882499444,1,1,1,"5","MIR499A"
"IL1R2",0.00473001751579572,3.01628898921798,1,1,1,"5","IL1R2"
"FRAS11",0.00474315733369789,1.7285718327736,1,1,1,"5","FRAS1"
"NME8",0.00474917354157775,0.667784957602063,1,1,1,"5","NME8"
"RBMS1P1",0.00475513137418055,1.69045329690275,1,1,1,"5","RBMS1P1"
"MSLNL",0.00475882705090297,0.662164507873081,1,1,1,"5","MSLNL"
"AC011242.6",0.00476054707291441,1.17242952700277,1,1,1,"5","AC011242.6"
"IGKV1-13",0.00476138104211576,1.69444334624269,1,1,1,"5","IGKV1-13"
"DACT3",0.00476184623531547,1.93593585895893,1,1,1,"5","DACT3"
"CCL2",0.0047793944168304,1.24815986192289,1,1,1,"5","CCL2"
"FAM20C1",0.00480220450287983,0.939082957115069,1,1,1,"5","FAM20C"
"RP11-213G2.3",0.00481455063036246,0.608799851253476,1,1,1,"5","RP11-213G2.3"
"RARB1",0.00481949084613485,0.447002115881164,1,1,1,"5","RARB"
"ARF4",0.00483090294595701,0.631519066215523,1,1,1,"5","ARF4"
"RICTOR",0.00483149330100351,0.567417693963083,1,1,1,"5","RICTOR"
"TNXA",0.00483478312490168,0.885309515559848,1,1,1,"5","TNXA"
"PSD4",0.00484163311703114,0.531806832501045,1,1,1,"5","PSD4"
"ALDH1L2",0.00485707370491878,0.949892959759069,1,1,1,"5","ALDH1L2"
"PVRL3",0.00486815999975135,0.709006536539757,1,1,1,"5","PVRL3"
"C8B",0.00487335727063294,1.95341446025701,1,1,1,"5","C8B"
"CMTM5",0.00488848474497038,1.86744229669668,1,1,1,"5","CMTM5"
"NAV2",0.00489469109635599,1.14068151177758,1,1,1,"5","NAV2"
"RRAS2",0.00489680824368888,0.426203899044427,1,1,1,"5","RRAS2"
"COLGALT2",0.00490049386461402,1.0414736193078,1,1,1,"5","COLGALT2"
"C9orf72",0.00491572825886964,0.562295164480034,1,1,1,"5","C9orf72"
"ANKRD20A8P",0.00493083096541113,1.81847108557804,1,1,1,"5","ANKRD20A8P"
"WWC1",0.00493306538256691,1.11625978050234,1,1,1,"5","WWC1"
"HCK",0.00495052696115069,0.840015209108492,1,1,1,"5","HCK"
"RP11-438N5.2",0.00496128045949099,1.93419522542953,1,1,1,"5","RP11-438N5.2"
"SEL1L",0.00496843216767466,0.779055007959887,1,1,1,"5","SEL1L"
"GBP2",0.00497661843574952,0.681482563830279,1,1,1,"5","GBP2"
"CYB5R4",0.0049890595682223,0.506554053765049,1,1,1,"5","CYB5R4"
"MVP",0.00499248417736287,1.09367114145859,1,1,1,"5","MVP"
"FNDC1",0.00502523430304028,2.35769512862642,1,1,1,"5","FNDC1"
"WDR16",0.00503843378060595,4.27517680032887,1,1,1,"5","WDR16"
"DOCK11",0.00504386221787165,0.612192900131735,1,1,1,"5","DOCK11"
"HNRNPA1P71",0.00507052555782505,0.720121449387518,1,1,1,"5","HNRNPA1P71"
"DHRS3",0.00508661637980296,0.811233556219667,1,1,1,"5","DHRS3"
"ALPK1",0.00509154640810733,0.442893384817346,1,1,1,"5","ALPK1"
"C1orf228",0.00509361528326661,1.10946640900615,1,1,1,"5","C1orf228"
"KSR2",0.00509481998663927,0.390332062225289,1,1,1,"5","KSR2"
"MSC",0.00514073594121888,0.63483184231446,1,1,1,"5","MSC"
"OR10A5",0.00514623974642003,1.05463520017634,1,1,1,"5","OR10A5"
"RNASET2",0.00516187763274166,0.449129930159449,1,1,1,"5","RNASET2"
"HAS2",0.00518188880390012,0.596463132694707,1,1,1,"5","HAS2"
"PCDH11X",0.00518539579021794,1.89322035081799,1,1,1,"5","PCDH11X"
"RP11-332L8.1",0.00518661592095248,0.552748703947703,1,1,1,"5","RP11-332L8.1"
"ABLIM2",0.0051914817925598,2.22677200937976,1,1,1,"5","ABLIM2"
"ADRB1",0.00520244365528426,0.708838831911267,1,1,1,"5","ADRB1"
"PDXK",0.00520549525662254,0.510772193848219,1,1,1,"5","PDXK"
"LILRA6",0.00521094844975165,0.315878969951743,1,1,1,"5","LILRA6"
"RP5-1022P6.3",0.00522641826436977,1.13559278121268,1,1,1,"5","RP5-1022P6.3"
"ITPR11",0.0052537060385027,0.616448889296326,1,1,1,"5","ITPR1"
"IL6R",0.00525988760209376,0.613676845161633,1,1,1,"5","IL6R"
"PLD3",0.00526123915080448,0.632898259079184,1,1,1,"5","PLD3"
"EVI2A",0.00526538769966142,0.733524420177105,1,1,1,"5","EVI2A"
"STK31",0.00527281362607073,0.904909333387462,1,1,1,"5","STK31"
"TMEM35",0.00530224795238613,0.534299627851228,1,1,1,"5","TMEM35"
"SMIM11",0.00530844200005524,0.600108782526521,1,1,1,"5","SMIM11"
"IGKV1D-8",0.00531327679332032,0.724704683339942,1,1,1,"5","IGKV1D-8"
"ZC3H12B",0.00531565387174125,0.667346648409165,1,1,1,"5","ZC3H12B"
"SYBU",0.00531822639148531,0.669753120007771,1,1,1,"5","SYBU"
"AC104809.3",0.00532838698831068,3.16619959771534,1,1,1,"5","AC104809.3"
"CCDC112",0.00534030364984375,0.830256112556507,1,1,1,"5","CCDC112"
"IQUB",0.00534473146122276,1.48211251688327,1,1,1,"5","IQUB"
"LINC01001",0.00535397127669969,0.929024081512974,1,1,1,"5","LINC01001"
"FAAH",0.00536528785096651,0.907633100625427,1,1,1,"5","FAAH"
"RNF144B",0.00536726299380422,0.388224361755743,1,1,1,"5","RNF144B"
"IFNGR1",0.00537570793920552,0.746434872986544,1,1,1,"5","IFNGR1"
"IFITM2",0.00538669928317,0.898914301260895,1,1,1,"5","IFITM2"
"CNKSR2",0.00538826740347121,0.773638494501107,1,1,1,"5","CNKSR2"
"DNAJC21",0.00541894249601398,0.582348401122825,1,1,1,"5","DNAJC21"
"RP1-261D10.1",0.00542843477968557,0.568187141907416,1,1,1,"5","RP1-261D10.1"
"PCDH11Y",0.00542932744600831,3.99015481139376,1,1,1,"5","PCDH11Y"
"WNT2",0.00543509349403789,1.14516797137122,1,1,1,"5","WNT2"
"LMAN1",0.00543758545823479,0.720340580542789,1,1,1,"5","LMAN1"
"RAC2",0.00544582622744976,0.649370362963703,1,1,1,"5","RAC2"
"PDE6B",0.00545762026034161,0.488059711283608,1,1,1,"5","PDE6B"
"RNF1221",0.00549491870915395,0.54463903670762,1,1,1,"5","RNF122"
"CD86",0.00551260263012065,0.442532522722974,1,1,1,"5","CD86"
"CBLN41",0.00551380948251141,0.155058616446054,1,1,1,"5","CBLN4"
"FGGY",0.00551685538735891,0.43932359245683,1,1,1,"5","FGGY"
"WNT9A",0.00552040100882606,0.347991712367486,1,1,1,"5","WNT9A"
"NPR3",0.00552068421578242,0.714363489665834,1,1,1,"5","NPR3"
"KCNH7",0.00555061645396788,1.27307864421159,1,1,1,"5","KCNH7"
"SELENBP11",0.00557398510163648,1.20242544983037,1,1,1,"5","SELENBP1"
"HFE",0.00557716742297242,0.595733294899174,1,1,1,"5","HFE"
"LY75",0.00558294195731656,0.556323020821917,1,1,1,"5","LY75"
"WDR35",0.00559589834455085,0.686651372984727,1,1,1,"5","WDR35"
"TOX3",0.00560364587268989,1.30093012473103,1,1,1,"5","TOX3"
"KIF21A",0.00561206430762373,1.25208328028028,1,1,1,"5","KIF21A"
"LAMA1",0.00562175241968473,0.975276558056029,1,1,1,"5","LAMA1"
"MIR24-2",0.0056555616937931,0.839105064550498,1,1,1,"5","MIR24-2"
"RNF212",0.00567115638142491,0.654487435266361,1,1,1,"5","RNF212"
"CTSL",0.0056713292332793,1.13815252986086,1,1,1,"5","CTSL"
"GYG1",0.00567745123347838,0.687344313337245,1,1,1,"5","GYG1"
"RAB37",0.00568860558190049,1.08236255303267,1,1,1,"5","RAB37"
"F3",0.00568880306910502,1.62162868945956,1,1,1,"5","F3"
"MFI2",0.00568926552065014,1.56298112095792,1,1,1,"5","MFI2"
"AHI1",0.00569327372893267,0.880649693107177,1,1,1,"5","AHI1"
"CELF6",0.00569859620566992,0.557107496190971,1,1,1,"5","CELF6"
"PTPRG1",0.00570039956107566,0.568814470127066,1,1,1,"5","PTPRG"
"PDE4DIP",0.00570239481533601,1.57257051754455,1,1,1,"5","PDE4DIP"
"ABTB1",0.00570678427462737,1.05769401125537,1,1,1,"5","ABTB1"
"COL9A2",0.00571056366261125,1.82713800527002,1,1,1,"5","COL9A2"
"SIGLEC16",0.00571533614395892,0.513216500690655,1,1,1,"5","SIGLEC16"
"HLA-K",0.00574424181333734,0.614699553241955,1,1,1,"5","HLA-K"
"PARP15",0.00574524886895634,0.402188311823712,1,1,1,"5","PARP15"
"SIGLEC5",0.00574754805987716,0.981963984534804,1,1,1,"5","SIGLEC5"
"HIGD1AP14",0.00577002920741912,0.529424708318015,1,1,1,"5","HIGD1AP14"
"MYOC",0.00578281495885119,0.960023583335403,1,1,1,"5","MYOC"
"MTUS2",0.00580679899369401,5.12923005809114,1,1,1,"5","MTUS2"
"PDZRN3",0.00581513607536618,0.713004373928278,1,1,1,"5","PDZRN3"
"ZFYVE28",0.00583125961687879,0.470242321159125,1,1,1,"5","ZFYVE28"
"BAG3",0.00586898616608501,0.855546830497584,1,1,1,"5","BAG3"
"RNF145",0.00587042481478107,0.670268641829812,1,1,1,"5","RNF145"
"KCNT1",0.00587784051306568,2.02906397260805,1,1,1,"5","KCNT1"
"CFL1P3",0.00588591451155542,0.513084720299224,1,1,1,"5","CFL1P3"
"FBXO2",0.00590544554579414,1.38530016812479,1,1,1,"5","FBXO2"
"RBM47",0.00591210929226184,0.925493810931014,1,1,1,"5","RBM47"
"BIRC3",0.00592711476150786,0.623359760281566,1,1,1,"5","BIRC3"
"SH2B2",0.00592969313959135,0.544581429825154,1,1,1,"5","SH2B2"
"BEX2",0.00593522663746727,0.504807346123879,1,1,1,"5","BEX2"
"MS4A8",0.00595332890613187,2.93961516217595,1,1,1,"5","MS4A8"
"CRP",0.00596763995878749,1.23629898135423,1,1,1,"5","CRP"
"PDE5A1",0.00597666039931035,1.12490605231333,1,1,1,"5","PDE5A"
"ILDR1",0.00597702747832834,1.20146178067724,1,1,1,"5","ILDR1"
"MPO",0.00598650107996595,4.64455569997952,1,1,1,"5","MPO"
"PLEKHG4B",0.00599114288104293,0.528583563922478,1,1,1,"5","PLEKHG4B"
"GZMH",0.0060567906369549,0.635600908795345,1,1,1,"5","GZMH"
"CHDC2",0.00606525893633955,3.80938219200051,1,1,1,"5","CHDC2"
"SLC9A8",0.00607506882153428,0.423577233362575,1,1,1,"5","SLC9A8"
"KCNT2",0.00607580370035373,1.1916278679255,1,1,1,"5","KCNT2"
"TXK",0.00608623158822307,0.632214566032534,1,1,1,"5","TXK"
"PLEKHA6",0.00610567511959433,1.26133101290562,1,1,1,"5","PLEKHA6"
"LMBRD1",0.00611353859419624,0.701445304829239,1,1,1,"5","LMBRD1"
"SLC8A3",0.00611713665905572,1.86967167231952,1,1,1,"5","SLC8A3"
"CYP4Z1",0.00611968507616447,5.82670891602959,1,1,1,"5","CYP4Z1"
"KCNH6",0.00613818884878712,1.07803405681727,1,1,1,"5","KCNH6"
"KCNH8",0.00615658875390392,0.560762313018621,1,1,1,"5","KCNH8"
"TRPA1",0.00615795825598785,1.552931230718,1,1,1,"5","TRPA1"
"ADAMDEC1",0.00619590346767772,1.18893161361071,1,1,1,"5","ADAMDEC1"
"TNFRSF6B",0.00619659074804018,0.764920457179022,1,1,1,"5","TNFRSF6B"
"SCRG1",0.00620385374575286,1.18253865412108,1,1,1,"5","SCRG1"
"IL15",0.00621566503877347,0.58254869357275,1,1,1,"5","IL15"
"GCNT3",0.00622205853617634,2.39681438779076,1,1,1,"5","GCNT3"
"THBS3",0.0062225324142871,0.624125335635645,1,1,1,"5","THBS3"
"SIM2",0.00622793832938759,1.82729758954149,1,1,1,"5","SIM2"
"C4BPB",0.006240265530546,1.07298597559203,1,1,1,"5","C4BPB"
"MEDAG",0.00624224287537349,1.34643310859288,1,1,1,"5","MEDAG"
"ERN2",0.00624736218385779,2.96506253479451,1,1,1,"5","ERN2"
"CAPRIN2",0.00625342737014626,0.615560239541004,1,1,1,"5","CAPRIN2"
"CCDC175",0.00625636041649595,0.97962242557138,1,1,1,"5","CCDC175"
"BTK",0.00628207777629302,0.652331381772534,1,1,1,"5","BTK"
"ERMP1",0.006285029074605,0.667884564145304,1,1,1,"5","ERMP1"
"HHIPL2",0.00630057206819493,0.291028505367013,1,1,1,"5","HHIPL2"
"AKAP14",0.00630200318045209,2.20167684286333,1,1,1,"5","AKAP14"
"PRSS23",0.00633365255092473,0.775002605396363,1,1,1,"5","PRSS23"
"BHLHE40-AS1",0.0063391221942272,0.433817724229256,1,1,1,"5","BHLHE40-AS1"
"ABHD3",0.00634706835634038,0.440868119186561,1,1,1,"5","ABHD3"
"VSTM2L",0.0063501961398073,0.857500280622807,1,1,1,"5","VSTM2L"
"FAM209B",0.00637248765297393,0.728305698359764,1,1,1,"5","FAM209B"
"FYB",0.0063949497430103,0.531437890119903,1,1,1,"5","FYB"
"CREBRF",0.00641358127846176,0.425450794620943,1,1,1,"5","CREBRF"
"CASC1",0.00644251031682037,2.64679175073699,1,1,1,"5","CASC1"
"TNFRSF10C",0.00644711018941104,1.14099845250275,1,1,1,"5","TNFRSF10C"
"C19orf35",0.00645043092062465,0.780621683909123,1,1,1,"5","C19orf35"
"EXOSC3P1",0.00650178654231372,0.694456425033096,1,1,1,"5","EXOSC3P1"
"C15orf52",0.00651488979466816,1.28897265629332,1,1,1,"5","C15orf52"
"MDM2",0.006516096468714,0.501264617755201,1,1,1,"5","MDM2"
"SALL21",0.00652067816686508,0.733095385143661,1,1,1,"5","SALL2"
"SLCO2B1",0.00654124731363872,0.606879307190752,1,1,1,"5","SLCO2B1"
"CHDH",0.00654470509817669,1.05653346940583,1,1,1,"5","CHDH"
"CH17-132F21.1",0.00654701719467066,0.993982259979685,1,1,1,"5","CH17-132F21.1"
"GCHFR",0.00655508023345999,0.890513439539385,1,1,1,"5","GCHFR"
"USP54",0.00656207054179117,1.10105302608007,1,1,1,"5","USP54"
"ZBTB161",0.00656207773438102,0.961737661532091,1,1,1,"5","ZBTB16"
"CNTD1",0.00656339685631867,0.688040816175491,1,1,1,"5","CNTD1"
"WTAP",0.00657533630108149,0.443466594971525,1,1,1,"5","WTAP"
"SPN",0.00658787983926632,1.24740350492449,1,1,1,"5","SPN"
"EBAG9",0.00659058825694717,0.566092363857635,1,1,1,"5","EBAG9"
"CD300LF",0.00659242860521173,0.593057034895484,1,1,1,"5","CD300LF"
"HAPLN1",0.00662604536801853,1.18099486381523,1,1,1,"5","HAPLN1"
"MUC5AC",0.0066269389904493,6.54733876383907,1,1,1,"5","MUC5AC"
"CARD11",0.00663406143039028,0.493066024320678,1,1,1,"5","CARD11"
"MGAT4C",0.00663426700093991,0.78529684496274,1,1,1,"5","MGAT4C"
"TNFSF14",0.00665093757785419,0.695267954650697,1,1,1,"5","TNFSF14"
"CYBB",0.0066682597604758,0.989085284111539,1,1,1,"5","CYBB"
"TMEM30A",0.0066796317232169,0.490415866621952,1,1,1,"5","TMEM30A"
"FLRT3",0.00669509965985308,1.44212928010647,1,1,1,"5","FLRT3"
"MAGEC3",0.00673478881430474,2.5084049889708,1,1,1,"5","MAGEC3"
"APOC2",0.0067486733160902,1.17249796164792,1,1,1,"5","APOC2"
"ANKRD45",0.00675573495660216,1.27300458905371,1,1,1,"5","ANKRD45"
"RMDN2",0.00676355713913654,0.848842781133584,1,1,1,"5","RMDN2"
"PROK2",0.00678251794668578,1.62999866417691,1,1,1,"5","PROK2"
"TMTC1",0.00679819707508106,0.6321226585709,1,1,1,"5","TMTC1"
"NIPAL3",0.00683105220103101,0.837826163708616,1,1,1,"5","NIPAL3"
"RGS17",0.00683293636265713,0.491697506966529,1,1,1,"5","RGS17"
"LAX1",0.00686127237380418,1.37416044552161,1,1,1,"5","LAX1"
"FMN2",0.0068686064262704,1.09867427399521,1,1,1,"5","FMN2"
"FBXO34",0.0068728585640505,0.401197602131424,1,1,1,"5","FBXO34"
"CXorf22",0.00688207353645937,4.67172831546912,1,1,1,"5","CXorf22"
"NXPE3",0.00688306501314841,0.524294069543004,1,1,1,"5","NXPE3"
"IGLJ3",0.00691923488369489,1.28225357172794,1,1,1,"5","IGLJ3"
"VEGFC",0.00694455652320411,0.858035667080493,1,1,1,"5","VEGFC"
"MS4A6A",0.00694484205057346,0.677356390740631,1,1,1,"5","MS4A6A"
"GPR39",0.00695379434806733,1.04131612047528,1,1,1,"5","GPR39"
"WDR63",0.00696326795848766,2.90184915729812,1,1,1,"5","WDR63"
"SLC14A1",0.00697006280988304,1.71350932607319,1,1,1,"5","SLC14A1"
"AMPD1",0.00698428156819215,1.52947617684412,1,1,1,"5","AMPD1"
"RP11-16E12.2",0.00698918436352252,0.278824414051043,1,1,1,"5","RP11-16E12.2"
"RAB36",0.00699529402986225,1.04259989360487,1,1,1,"5","RAB36"
"LTBP4",0.00701752264253026,0.908748754818973,1,1,1,"5","LTBP4"
"SIGLEC10",0.00702092460510703,0.553401933542691,1,1,1,"5","SIGLEC10"
"EIF5A2",0.00704406174270433,0.613009995953007,1,1,1,"5","EIF5A2"
"FCGR2B",0.00705076584484382,0.741601120021778,1,1,1,"5","FCGR2B"
"IL10",0.00706310018522599,0.71973044600929,1,1,1,"5","IL10"
"TLR6",0.00706660644775195,0.933249775992422,1,1,1,"5","TLR6"
"ASPH",0.00707187078268899,0.480672634663389,1,1,1,"5","ASPH"
"CCL5",0.0070863049885577,0.764518428358397,1,1,1,"5","CCL5"
"NFKBID",0.00710800876936327,0.661458570597045,1,1,1,"5","NFKBID"
"RGS22",0.00713003709130851,1.42306634745601,1,1,1,"5","RGS22"
"L1CAM",0.00714175540898477,0.930195231334483,1,1,1,"5","L1CAM"
"CYB5R2",0.00715266697853462,1.17997379392146,1,1,1,"5","CYB5R2"
"SLC7A4",0.00715540131012375,0.773860653410846,1,1,1,"5","SLC7A4"
"TAS2R41",0.00716655751578354,0.591496947421042,1,1,1,"5","TAS2R41"
"KRT13",0.00718759252307275,5.85325906412047,1,1,1,"5","KRT13"
"CAPN3",0.00719715170703011,1.39390188167202,1,1,1,"5","CAPN3"
"AC145676.21",0.00721512553089236,0.749050781030036,1,1,1,"5","AC145676.2"
"FAM107A",0.00722927488181169,0.861871013413676,1,1,1,"5","FAM107A"
"IGKV6D-21",0.00723013392897711,0.974596761676709,1,1,1,"5","IGKV6D-21"
"NPTXR",0.00723425611483838,0.417818195631643,1,1,1,"5","NPTXR"
"RP11-503N18.1",0.00723943033396924,1.48564428967721,1,1,1,"5","RP11-503N18.1"
"C10orf113",0.00727703279873055,1.10900109957608,1,1,1,"5","C10orf113"
"CSNK1A1L",0.00727832294427716,2.19045911465046,1,1,1,"5","CSNK1A1L"
"GRIN3B",0.00730320591816683,0.908401631311353,1,1,1,"5","GRIN3B"
"FST",0.00735613089343779,3.2180390949613,1,1,1,"5","FST"
"CCDC39",0.00735828814150726,1.33120757222137,1,1,1,"5","CCDC39"
"GLB1",0.00737648291903579,0.534117072458848,1,1,1,"5","GLB1"
"STRA6",0.00738177220799084,0.896663906985486,1,1,1,"5","STRA6"
"LCN6",0.00740703585262003,0.795985633362296,1,1,1,"5","LCN6"
"CCDC135",0.00744098210656602,2.86235585205111,1,1,1,"5","CCDC135"
"CPED1",0.00744726657493198,0.871985359001492,1,1,1,"5","CPED1"
"WISP11",0.0074688832884824,0.746356091425708,1,1,1,"5","WISP1"
"WDR49",0.00746980515182982,2.66659305394086,1,1,1,"5","WDR49"
"DNAH6",0.00747780466993176,2.78751306923883,1,1,1,"5","DNAH6"
"COL13A1",0.00748208250486629,0.412031821454125,1,1,1,"5","COL13A1"
"MT1E",0.00748698954972846,0.951134734974449,1,1,1,"5","MT1E"
"ARHGAP44",0.00750191697522135,0.934381815565452,1,1,1,"5","ARHGAP44"
"TBX20",0.00750464679087277,1.67099364757158,1,1,1,"5","TBX20"
"KIF13A1",0.00751871366297839,0.620838834405902,1,1,1,"5","KIF13A"
"ARRDC3",0.00757648108420268,0.568104835582904,1,1,1,"5","ARRDC3"
"FLT4",0.00758029604164229,0.704375370598765,1,1,1,"5","FLT4"
"ABCA2",0.00758328613634821,0.625208843119594,1,1,1,"5","ABCA2"
"RHOT1P1",0.00760451307931937,0.652353703117903,1,1,1,"5","RHOT1P1"
"ADCY5",0.00760762186423866,1.26592098745794,1,1,1,"5","ADCY5"
"MBNL1",0.00761900930659595,0.552571399631947,1,1,1,"5","MBNL1"
"OR51I2",0.00766232960634203,0.578399432234747,1,1,1,"5","OR51I2"
"SIRT1",0.00767169965528976,0.482113366912555,1,1,1,"5","SIRT1"
"P4HA1",0.00767588894077389,0.423015622686625,1,1,1,"5","P4HA1"
"IGKJ4",0.0076867510754897,0.777093219231139,1,1,1,"5","IGKJ4"
"SELT",0.00769179395175406,0.646086537578054,1,1,1,"5","SELT"
"CSF2RA",0.00769373826350269,0.423009345070945,1,1,1,"5","CSF2RA"
"DYNLT1",0.0076937954169076,0.403791450885809,1,1,1,"5","DYNLT1"
"MIR635",0.00772209680635256,0.413988252490535,1,1,1,"5","MIR635"
"GLP2R",0.00774856022525845,1.16571587320924,1,1,1,"5","GLP2R"
"LDOC1",0.00775514604261702,0.642107345395704,1,1,1,"5","LDOC1"
"SLC10A1",0.00776680780099194,0.80960397679457,1,1,1,"5","SLC10A1"
"LILRA2",0.00777420568022904,0.854624436396554,1,1,1,"5","LILRA2"
"KCNC3",0.00777433726806111,0.82818199611758,1,1,1,"5","KCNC3"
"CD99L2",0.00778232920579374,0.460727663497581,1,1,1,"5","CD99L2"
"SLCO5A1",0.0077834878752456,1.94733309649625,1,1,1,"5","SLCO5A1"
"P2RX6",0.00778778338661847,1.48832537222852,1,1,1,"5","P2RX6"
"S1PR4",0.00779543160628895,0.190701103664235,1,1,1,"5","S1PR4"
"FCER1G",0.00780555528615398,0.768257199438045,1,1,1,"5","FCER1G"
"MYOF",0.00783097531835962,0.978147524776034,1,1,1,"5","MYOF"
"IL2RG",0.00786314366658519,0.486233402252466,1,1,1,"5","IL2RG"
"CHIT1",0.00787238624508984,3.29184161204389,1,1,1,"5","CHIT1"
"SNRPGP9",0.00789915325638572,0.59572327166072,1,1,1,"5","SNRPGP9"
"CA1",0.00798018117260662,1.89126364799493,1,1,1,"5","CA1"
"USP53",0.00800619705759069,1.22560492848829,1,1,1,"5","USP53"
"RPL24P8",0.00800997122907338,0.495359272474289,1,1,1,"5","RPL24P8"
"WDR86-AS1",0.00804658178649078,0.808748698460587,1,1,1,"5","WDR86-AS1"
"CCDC27",0.00806033330562946,1.31158815135468,1,1,1,"5","CCDC27"
"ZNF474",0.00806217425384484,1.48809354463071,1,1,1,"5","ZNF474"
"CCRL2",0.00807652623404298,0.653046028824411,1,1,1,"5","CCRL2"
"CHI3L2",0.00809083299821436,0.8223293986022,1,1,1,"5","CHI3L2"
"IKZF3",0.00810764625896707,0.406551889775022,1,1,1,"5","IKZF3"
"GNG7",0.0081266153182894,0.563919029066852,1,1,1,"5","GNG7"
"SCIMP",0.00814256116592029,0.509517999602913,1,1,1,"5","SCIMP"
"ITGAL",0.008148640108414,0.797584719414868,1,1,1,"5","ITGAL"
"ZNF204P",0.00816240771593585,1.0366103191815,1,1,1,"5","ZNF204P"
"HRH2",0.00818483954345445,0.624925644380106,1,1,1,"5","HRH2"
"PIK3R1",0.0081916914707207,0.844307579018313,1,1,1,"5","PIK3R1"
"TRGC1",0.00819441671365938,0.469696387802255,1,1,1,"5","TRGC1"
"LOXL4",0.0082026092895923,0.23154221909873,1,1,1,"5","LOXL4"
"SERGEF",0.00820860452963024,0.419139882421343,1,1,1,"5","SERGEF"
"LRRC66",0.00820971353582512,1.58624101060586,1,1,1,"5","LRRC66"
"CAPN8",0.00821707203092242,2.65031058976882,1,1,1,"5","CAPN8"
"TUB",0.0082202412196119,0.512404386387209,1,1,1,"5","TUB"
"GSAP",0.00822327068164709,1.04450890092332,1,1,1,"5","GSAP"
"GGA2",0.00822577884751119,0.38415948458524,1,1,1,"5","GGA2"
"AC132872.1",0.00822802268434411,0.700282327644556,1,1,1,"5","AC132872.1"
"CD48",0.00823976806000112,0.835963030840462,1,1,1,"5","CD48"
"RASSF8",0.00826816746606544,0.610061257818003,1,1,1,"5","RASSF8"
"FAS",0.00827085814134977,0.777610536895914,1,1,1,"5","FAS"
"OR52K1",0.00828015651031372,0.751318403872935,1,1,1,"5","OR52K1"
"INPP5J",0.00829148017819241,1.36101869633663,1,1,1,"5","INPP5J"
"TTC21A",0.00831308070588816,0.603708184703017,1,1,1,"5","TTC21A"
"FAM92B",0.00836170941963594,1.89332169372351,1,1,1,"5","FAM92B"
"SMARCD31",0.00837403791155637,0.767580294455954,1,1,1,"5","SMARCD3"
"ARC",0.00839014981266521,0.546126376520428,1,1,1,"5","ARC"
"RP11-774O3.3",0.00840557266012796,0.466842627784587,1,1,1,"5","RP11-774O3.3"
"WWP2",0.00840917303593746,0.432361796091513,1,1,1,"5","WWP2"
"CHN21",0.00842907123697818,0.316237616607047,1,1,1,"5","CHN2"
"FOXN3-AS1",0.00845045392377304,0.48243272658492,1,1,1,"5","FOXN3-AS1"
"ORM1",0.00848318743251089,1.12900904466653,1,1,1,"5","ORM1"
"FTL",0.00850084832526151,0.489123641291567,1,1,1,"5","FTL"
"PDP1",0.00850190885261462,0.528613133277887,1,1,1,"5","PDP1"
"KIAA0513",0.00850817906054254,0.577817657088261,1,1,1,"5","KIAA0513"
"MMP13",0.00851151501808392,4.5839252699473,1,1,1,"5","MMP13"
"C6orf89",0.00851803827889402,0.454027386310671,1,1,1,"5","C6orf89"
"MS4A14",0.00853969261211942,1.50372147177527,1,1,1,"5","MS4A14"
"ZBED2",0.0086073003580878,0.531332309245483,1,1,1,"5","ZBED2"
"HLF",0.00860770058016087,0.908510914043424,1,1,1,"5","HLF"
"EXT1",0.00862646595094911,0.613052463997914,1,1,1,"5","EXT1"
"SNTG2",0.00863754676420954,1.45458657574611,1,1,1,"5","SNTG2"
"KIAA1377",0.00865531544064014,0.731292871181083,1,1,1,"5","KIAA1377"
"AK5",0.0086574796164888,2.11056723881982,1,1,1,"5","AK5"
"CTD-2047H16.4",0.00866658253169276,0.478240628437407,1,1,1,"5","CTD-2047H16.4"
"CCDC30",0.0086796170951824,1.29791742198338,1,1,1,"5","CCDC30"
"PDE7B",0.00873004340652976,1.05349992136689,1,1,1,"5","PDE7B"
"PM20D2",0.00873448752735025,0.61552374841863,1,1,1,"5","PM20D2"
"FCGR1C",0.00877912418441873,0.619049235879229,1,1,1,"5","FCGR1C"
"FKBP11",0.00879478238867993,1.00691226847052,1,1,1,"5","FKBP11"
"ADAM29",0.00880330848992417,0.596738117781307,1,1,1,"5","ADAM29"
"MAOB",0.00881041298284655,0.552731490462323,1,1,1,"5","MAOB"
"CPAMD81",0.00881177472430192,0.87209607135615,1,1,1,"5","CPAMD8"
"LEPREL1",0.00881180286205236,0.86770144471323,1,1,1,"5","LEPREL1"
"TMEM156",0.00881276383827769,0.310990351117489,1,1,1,"5","TMEM156"
"ZFHX2",0.00881723261537867,0.643375925123104,1,1,1,"5","ZFHX2"
"TBC1D8B",0.00883466490130331,0.147841659956542,1,1,1,"5","TBC1D8B"
"CHRNA2",0.00886055056647988,0.894541259913723,1,1,1,"5","CHRNA2"
"ADAMTSL21",0.00886973014872875,0.747328975559713,1,1,1,"5","ADAMTSL2"
"SPATS2L1",0.00888384390346652,0.42673927736217,1,1,1,"5","SPATS2L"
"RP11-535M15.2",0.00890214850251593,0.642987678995276,1,1,1,"5","RP11-535M15.2"
"ASTL",0.0089113248639186,0.86238901093966,1,1,1,"5","ASTL"
"RGS9",0.00892026576505627,1.57261236875808,1,1,1,"5","RGS9"
"MCF2L2",0.00892417998002257,0.70236772264526,1,1,1,"5","MCF2L2"
"LGALS3",0.00892893269729409,0.490874109138772,1,1,1,"5","LGALS3"
"PLA2G7",0.00893887109847753,0.506875668499681,1,1,1,"5","PLA2G7"
"PHF10",0.00894323674576181,0.491289211429779,1,1,1,"5","PHF10"
"RAMP1",0.00896377405541035,1.69333983833041,1,1,1,"5","RAMP1"
"EVI2B",0.0089646481349839,1.23192370766607,1,1,1,"5","EVI2B"
"SPATA24",0.00899635686001387,0.576641296029976,1,1,1,"5","SPATA24"
"ABCA6",0.00900008517229931,0.735701781118379,1,1,1,"5","ABCA6"
"NCF1C",0.00901960391663172,0.836122580271818,1,1,1,"5","NCF1C"
"SMAD3",0.00905846057170639,0.935771838976265,1,1,1,"5","SMAD3"
"HTR7",0.00909020389950912,0.630257985693772,1,1,1,"5","HTR7"
"LPAR1",0.00910479270502525,0.829573820961,1,1,1,"5","LPAR1"
"CHPF",0.0091147816393225,0.332892238249917,1,1,1,"5","CHPF"
"HLA-DMB",0.00912874327558543,0.608050742830299,1,1,1,"5","HLA-DMB"
"DNAJB1",0.00913080994503153,1.55811913678104,1,1,1,"5","DNAJB1"
"LRRC25",0.00913088233365327,0.726529637627126,1,1,1,"5","LRRC25"
"CCNH",0.00913691100763703,0.752295240886301,1,1,1,"5","CCNH"
"ZNF835",0.00915460192221529,0.767104157567266,1,1,1,"5","ZNF835"
"PTGDS",0.0091571593624167,0.58056006846796,1,1,1,"5","PTGDS"
"CD74",0.00921201485651238,0.626724914013113,1,1,1,"5","CD74"
"HSPH1",0.00924179183825976,1.01204131356733,1,1,1,"5","HSPH1"
"RP11-43D2.2",0.00926885859658549,0.630432178584787,1,1,1,"5","RP11-43D2.2"
"GLIS3",0.00930853347637625,0.480636225347899,1,1,1,"5","GLIS3"
"PLA2G10",0.00931355246743118,0.560182271857698,1,1,1,"5","PLA2G10"
"ITGA3",0.00933313829099883,0.998086030785476,1,1,1,"5","ITGA3"
"PIWIL4",0.00934396318922672,1.36960717534691,1,1,1,"5","PIWIL4"
"CSF2RB",0.00935412413351339,1.68069209486361,1,1,1,"5","CSF2RB"
"SYT9",0.00936528664798474,1.20784057802848,1,1,1,"5","SYT9"
"FMO5",0.00937590322035969,0.768626496022355,1,1,1,"5","FMO5"
"PRKCI",0.0093811851451162,0.793361399594485,1,1,1,"5","PRKCI"
"MAP6",0.00942183253617954,0.714982275876674,1,1,1,"5","MAP6"
"CCR1",0.00944892794188837,0.649923850929087,1,1,1,"5","CCR1"
"TFRC",0.00945605122366299,1.20194131786803,1,1,1,"5","TFRC"
"IGHV3-73",0.00946184921738951,5.54699308291681,1,1,1,"5","IGHV3-73"
"SEC62",0.00948183887169796,0.461145957463707,1,1,1,"5","SEC62"
"P2RX5",0.00948369159216227,0.893690208330332,1,1,1,"5","P2RX5"
"GPR112",0.00949814385260468,0.267168523888362,1,1,1,"5","GPR112"
"CKB",0.00951730630058077,1.1947759471566,1,1,1,"5","CKB"
"C3AR1",0.00953480385387337,0.761825836866468,1,1,1,"5","C3AR1"
"JUN",0.00954580163444641,0.743444010165863,1,1,1,"5","JUN"
"LHFPL4",0.00955058091657059,0.6685184218889,1,1,1,"5","LHFPL4"
"MT1A",0.00955235172841964,1.06090728007941,1,1,1,"5","MT1A"
"NUP62CL",0.00956491995505005,0.762244347926771,1,1,1,"5","NUP62CL"
"IRF1",0.0095706647584511,0.593459306545114,1,1,1,"5","IRF1"
"MYO1G",0.0095761334235727,0.51278450089624,1,1,1,"5","MYO1G"
"HMCN1",0.00958272857735666,0.83494707726588,1,1,1,"5","HMCN1"
"FZD1",0.00960042707250913,0.755594175917357,1,1,1,"5","FZD1"
"COQ10B",0.00963023901221935,0.417007639474701,1,1,1,"5","COQ10B"
"TPP1",0.00966615742616538,0.453289004052539,1,1,1,"5","TPP1"
"SFRP2",0.00968947252918007,1.2383982119521,1,1,1,"5","SFRP2"
"SPINT2",0.00969714458017611,0.435842928759923,1,1,1,"5","SPINT2"
"CLIC41",0.00970562086179399,0.427941535177837,1,1,1,"5","CLIC4"
"IGHV1-3",0.00970631074099514,1.51126154626953,1,1,1,"5","IGHV1-3"
"CCDC81",0.00971060627786604,1.43495658881487,1,1,1,"5","CCDC81"
"MARVELD3",0.00971319970016953,1.93072025311337,1,1,1,"5","MARVELD3"
"TOB1",0.00971506663691354,0.864414258236705,1,1,1,"5","TOB1"
"PPIL6",0.00972106382748823,1.66037619467232,1,1,1,"5","PPIL6"
"TRANK11",0.00972340196538703,0.495224694409256,1,1,1,"5","TRANK1"
"CPQ",0.0097334387553039,0.631035879690447,1,1,1,"5","CPQ"
"TMED5",0.00973584964258119,0.513949132407458,1,1,1,"5","TMED5"
"CYP24A1",0.00975543345447668,2.8842375708847,1,1,1,"5","CYP24A1"
"RIMS1",0.00977419860936787,1.99701458942643,1,1,1,"5","RIMS1"
"TLR3",0.00980809218890769,0.407381731354585,1,1,1,"5","TLR3"
"LRIG1",0.00982271749371879,0.856804261214158,1,1,1,"5","LRIG1"
"CDH23",0.00982912237245801,0.42009944381897,1,1,1,"5","CDH23"
"GLT1D1",0.00984596226045408,1.10822336150418,1,1,1,"5","GLT1D1"
"SIGLEC7",0.00985930246403374,0.5247090595574,1,1,1,"5","SIGLEC7"
"TEAD3",0.00986818339590098,0.895822735433427,1,1,1,"5","TEAD3"
"FHAD1",0.00988161425138349,1.03551696695557,1,1,1,"5","FHAD1"
"AC002400.1",0.00989703233834522,0.450257749712971,1,1,1,"5","AC002400.1"
"FXYD1",0.00997002589192346,1.2354585783672,1,1,1,"5","FXYD1"
"KCNMB1",0.0099922890021109,1.2522209538726,1,1,1,"5","KCNMB1"
"PNLIPRP3",2.42699007318398e-23,7.30841816011701,1,1,5.15104373132568e-19,"4","PNLIPRP3"
"SPRR1B",1.84300062841796e-22,6.69316099394119,1,1,3.91158453375428e-18,"4","SPRR1B"
"TMPRSS11E",2.80073949139209e-21,5.63581371492095,1,1,5.94428949653058e-17,"4","TMPRSS11E"
"CARD18",3.91552259027006e-21,4.25901590008864,1,1,8.31030514558918e-17,"4","CARD18"
"KRT79",1.51840133732832e-20,8.17939565530906,1,1,3.22265499834562e-16,"4","KRT79"
"SLC15A1",2.56326889128341e-20,5.83216731990485,1,1,5.4402818948599e-16,"4","SLC15A1"
"DHCR7",4.07658820349403e-20,3.9965347444497,1,1,8.65215080309572e-16,"4","DHCR7"
"FA2H",6.26173566616724e-20,6.10195059480024,1,1,1.32899077778734e-15,"4","FA2H"
"CYP4F22",1.18184680986785e-19,5.32129037162345,1,1,2.50835166926352e-15,"4","CYP4F22"
"ALDH3B2",1.40871400830152e-19,5.52720327305871,1,1,2.98985461121915e-15,"4","ALDH3B2"
"HMGB3P8",1.5087961791628e-19,2.78462450848852,1,1,3.20226901065514e-15,"4","HMGB3P8"
"AADACL3",1.61180108522783e-19,7.43360332321571,1,1,3.42088662328754e-15,"4","AADACL3"
"ARSF",1.87057948988783e-19,3.58955763220191,1,1,3.97011790933792e-15,"4","ARSF"
"SPRR1A",1.99127417248104e-19,3.78054803898327,1,1,4.22628030367375e-15,"4","SPRR1A"
"SPINK5",2.29013768553991e-19,4.74446345766745,1,1,4.86058822378991e-15,"4","SPINK5"
"AWAT2",2.87371819872705e-19,7.51595021392273,1,1,6.09917950497829e-15,"4","AWAT2"
"FETUB",2.9264177772053e-19,3.5821895463086,1,1,6.21102909034053e-15,"4","FETUB"
"ACSBG1",3.84129958871713e-19,7.22491713738262,1,1,8.15277424709324e-15,"4","ACSBG1"
"ADTRP",4.14166228708815e-19,4.34603015978358,1,1,8.7902640381159e-15,"4","ADTRP"
"ATP12A",4.6138005300726e-19,5.46406131598809,1,1,9.79233024502608e-15,"4","ATP12A"
"ELOVL4",5.23586425367551e-19,5.23979422334098,1,1,1.11125982920009e-14,"4","ELOVL4"
"KRT6B",6.08109006691925e-19,4.08151208889355,1,1,1.29065055580294e-14,"4","KRT6B"
"KLK7",9.21367394151587e-19,4.94297498535059,1,1,1.95551015734733e-14,"4","KLK7"
"CKMT1A",1.07520169391011e-18,4.25265243905817,1,1,2.28200807515482e-14,"4","CKMT1A"
"GSDMA",1.32205840398362e-18,4.9469917317726,1,1,2.80593675661484e-14,"4","GSDMA"
"CKMT1B",1.72624446849353e-18,4.28851422211319,1,1,3.66378125993068e-14,"4","CKMT1B"
"PGLYRP4",1.92022973247029e-18,3.23796803121924,1,1,4.07549558419494e-14,"4","PGLYRP4"
"GJB6",1.94157720322923e-18,5.94002451628139,1,1,4.12080345613372e-14,"4","GJB6"
"PNPLA5",2.13591494408493e-18,4.88660464953539,1,1,4.53326587732586e-14,"4","PNPLA5"
"SPRR2G",2.17785943316601e-18,8.07602306531443,1,1,4.62228886095154e-14,"4","SPRR2G"
"HMGCS1",2.26684137289476e-18,3.76458622920944,1,1,4.81114412983183e-14,"4","HMGCS1"
"ELOVL3",2.2862420337531e-18,6.62949314075406,1,1,4.85232009243759e-14,"4","ELOVL3"
"KRT6A",2.47316705888034e-18,5.0514548768627,1,1,5.24904976576764e-14,"4","KRT6A"
"CASP1P2",4.11051099598484e-18,1.65361716931245,1,1,8.72414853787823e-14,"4","CASP1P2"
"OTUB2",4.16048677637865e-18,3.60521009148129,1,1,8.83021713418605e-14,"4","OTUB2"
"KLK13",4.81425807779687e-18,4.27905294649772,1,1,1.02177813443161e-13,"4","KLK13"
"SPRR2D",6.13406412092782e-18,5.06423729550966,1,1,1.30189376902572e-13,"4","SPRR2D"
"GJB2",6.65920174106878e-18,3.65510654907209,1,1,1.41334897752444e-13,"4","GJB2"
"DNASE1L2",6.9572702765843e-18,4.63204712695942,1,1,1.47661104350225e-13,"4","DNASE1L2"
"DHCR24",8.21554014433337e-18,4.03271297983175,1,1,1.74366624023331e-13,"4","DHCR24"
"PNPLA3",8.73186863930863e-18,5.19164754853396,1,1,1.85325180000686e-13,"4","PNPLA3"
"CST6",1.06532887789437e-17,4.30126932936746,1,1,2.26105401044302e-13,"4","CST6"
"S100A7",1.08881030909271e-17,5.11439317785989,1,1,2.31089100001836e-13,"4","S100A7"
"BPIFC",1.11538986647968e-17,4.29237904256548,1,1,2.36730345261647e-13,"4","BPIFC"
"CWH43",1.14865650681267e-17,4.57217837725361,1,1,2.43790857005921e-13,"4","CWH43"
"SPRR4",2.06840207500992e-17,6.44486142314007,1,1,4.38997656400105e-13,"4","SPRR4"
"CERS3",2.23411667074407e-17,4.48021114182403,1,1,4.74168922198721e-13,"4","CERS3"
"ENDOU",2.25001157907183e-17,3.40406795043144,1,1,4.77542457542204e-13,"4","ENDOU"
"CTSV",2.26642068962279e-17,5.27521112836209,1,1,4.81025127165541e-13,"4","CTSV"
"AWAT1",2.37177493753909e-17,6.34455402536071,1,1,5.03385512743297e-13,"4","AWAT1"
"SGPP2",3.15400233484162e-17,4.19203949920347,1,1,6.69405455546785e-13,"4","SGPP2"
"SULT2B1",3.17214438389097e-17,4.60398639482175,1,1,6.73255924037018e-13,"4","SULT2B1"
"SERPINB13",3.5166789618855e-17,3.95858416302316,1,1,7.4637994287058e-13,"4","SERPINB13"
"ALOX15B",3.59384760050876e-17,7.60876595056771,1,1,7.62758214731979e-13,"4","ALOX15B"
"PLA2G4E",3.74409679045181e-17,4.56523878161318,1,1,7.94647102805492e-13,"4","PLA2G4E"
"CYP4F2",3.78093980778825e-17,4.76183911920625,1,1,8.02466664804978e-13,"4","CYP4F2"
"RAB38",3.85185588638733e-17,3.30529702279678,1,1,8.17517893326846e-13,"4","RAB38"
"DGAT2L6",4.2886241321876e-17,6.90665895641183,1,1,9.10217585815496e-13,"4","DGAT2L6"
"ATP6V1C2",4.42208156300758e-17,4.27774706447986,1,1,9.3854259093273e-13,"4","ATP6V1C2"
"PADI1",4.73312541118185e-17,4.22643792358436,1,1,1.00455853726924e-12,"4","PADI1"
"SEC14L6",4.73482568837174e-17,7.15088860992662,1,1,1.00491940410002e-12,"4","SEC14L6"
"ZBTB7C",5.02053093351297e-17,2.74074177382245,1,1,1.06555748532879e-12,"4","ZBTB7C"
"SERPINB3",5.25518864218976e-17,3.66969774583364,1,1,1.11536123741836e-12,"4","SERPINB3"
"PLA2G4D",5.35833540919955e-17,4.27474016136604,1,1,1.13725310724851e-12,"4","PLA2G4D"
"KRT17",6.54937386117745e-17,4.26204210692641,1,1,1.3900391082963e-12,"4","KRT17"
"CPA4",7.04685365719884e-17,4.85855077473558,1,1,1.49562422020388e-12,"4","CPA4"
"TMEM45A",7.05443274074195e-17,3.54293482338416,1,1,1.49723280489507e-12,"4","TMEM45A"
"SPRR2E",7.22497032296866e-17,6.34463202270477,1,1,1.53342770134687e-12,"4","SPRR2E"
"PLA2G2F",8.24667520131669e-17,4.5123077003999,1,1,1.75027434472745e-12,"4","PLA2G2F"
"EPHX3",9.31770885550722e-17,3.26910516414662,1,1,1.97759052749285e-12,"4","EPHX3"
"KLK10",9.37931742528444e-17,3.68140345723883,1,1,1.99066633034237e-12,"4","KLK10"
"CASP14",1.1215292018911e-16,4.03313143796406,1,1,2.38033357809368e-12,"4","CASP14"
"ABHD12B",1.3129199296914e-16,3.85595486096504,1,1,2.78654125877703e-12,"4","ABHD12B"
"ABCA12",1.39564318198467e-16,4.11336897697591,1,1,2.96211308944426e-12,"4","ABCA12"
"A2ML1",1.69805409816469e-16,4.27892874616508,1,1,3.60395001794473e-12,"4","A2ML1"
"SLC1A6",1.76316768930134e-16,2.32258651954152,1,1,3.74214710377317e-12,"4","SLC1A6"
"NEU2",1.80828452469726e-16,3.65093848633058,1,1,3.83790307521747e-12,"4","NEU2"
"CYP4F8",1.82007214016949e-16,6.59615462065081,1,1,3.86292111029572e-12,"4","CYP4F8"
"PRR9",1.8821873605974e-16,5.98987482859891,1,1,3.99475445413193e-12,"4","PRR9"
"CA6",2.14780818382817e-16,3.67334223069459,1,1,4.55850808935691e-12,"4","CA6"
"GJB3",2.52654055462072e-16,3.96601235865056,1,1,5.36232967312701e-12,"4","GJB3"
"KRT17P1",2.59447912767246e-16,4.00599669998622,1,1,5.50652250057202e-12,"4","KRT17P1"
"TGM5",3.00415750085452e-16,4.4576312380762,1,1,6.37602387981364e-12,"4","TGM5"
"CALML5",3.5785618763689e-16,4.96613648570927,1,1,7.59513972640535e-12,"4","CALML5"
"ACPP",3.61004302204131e-16,3.62066904476633,1,1,7.66195530998048e-12,"4","ACPP"
"UNC93A",3.90310783423816e-16,4.23696982621605,1,1,8.28395606738706e-12,"4","UNC93A"
"FADS6",4.62766774021875e-16,2.41441582706753,1,1,9.82176201184028e-12,"4","FADS6"
"PSORS1C2",4.77023276643971e-16,2.71176465864096,1,1,1.01243420234916e-11,"4","PSORS1C2"
"MSMO1",4.95309440152723e-16,4.26732814976759,1,1,1.05124475578014e-11,"4","MSMO1"
"HR",5.16091901574169e-16,3.88865347657744,1,1,1.09535345190102e-11,"4","HR"
"S100A2",5.67796139883199e-16,3.51328595380706,1,1,1.2050905272881e-11,"4","S100A2"
"RASAL1",5.85803005397606e-16,3.36469221586983,1,1,1.24330829865588e-11,"4","RASAL1"
"CLCA2",6.56433795802827e-16,2.74636830489371,1,1,1.39321508821192e-11,"4","CLCA2"
"GJB5",6.74609311923397e-16,3.3723273208091,1,1,1.43179080362622e-11,"4","GJB5"
"GRHL1",7.34500301144689e-16,3.49912486853465,1,1,1.55890343914949e-11,"4","GRHL1"
"KRT16",7.47243369626405e-16,5.44867993829071,1,1,1.58594932769508e-11,"4","KRT16"
"CSTA",8.67151729110082e-16,4.39420637033229,1,1,1.84044282986324e-11,"4","CSTA"
"HAL",8.92243564318258e-16,4.01139465014983,1,1,1.89369774090907e-11,"4","HAL"
"LYPD3",1.01191702307881e-15,3.90622919373273,1,1,2.14769268978247e-11,"4","LYPD3"
"NCCRP1",1.08760515377207e-15,4.91291697959995,1,1,2.30833317836583e-11,"4","NCCRP1"
"PSAPL1",1.15512358385393e-15,4.28539151806301,1,1,2.45163429437157e-11,"4","PSAPL1"
"ME1",1.21412063384866e-15,3.28611238766888,1,1,2.57684963328039e-11,"4","ME1"
"ACER1",1.24984816309171e-15,4.12388171070521,1,1,2.65267774134585e-11,"4","ACER1"
"S100A14",1.34847191142571e-15,3.40469002116837,1,1,2.86199678480992e-11,"4","S100A14"
"PKP3",1.66174180609768e-15,4.38721389263846,1,1,3.52688080926171e-11,"4","PKP3"
"RAB25",1.70811783662313e-15,4.25428617319269,1,1,3.62530929644892e-11,"4","RAB25"
"TGM1",1.87479404897769e-15,3.76193278432553,1,1,3.97906288955025e-11,"4","TGM1"
"CRAT",1.91078327488721e-15,4.20533752329838,1,1,4.05544642262062e-11,"4","CRAT"
"DAPL1",1.95294083961017e-15,4.50297316248253,1,1,4.14492163798863e-11,"4","DAPL1"
"SRD5A1",2.31240063223266e-15,2.92816469540458,1,1,4.90783910185059e-11,"4","SRD5A1"
"LIPK",2.44015362528537e-15,3.64976099575393,1,1,5.17898205430567e-11,"4","LIPK"
"TENM2",2.84574177481319e-15,4.08105628653057,1,1,6.03980234286352e-11,"4","TENM2"
"KRT75",3.59044734107052e-15,3.0670784573282,1,1,7.62036543668808e-11,"4","KRT75"
"RHCG",3.62103238252357e-15,3.21078103770086,1,1,7.68527912866802e-11,"4","RHCG"
"RDH12",3.69196540607595e-15,3.36073334011309,1,1,7.8358273778556e-11,"4","RDH12"
"KRTDAP",4.1329592797084e-15,3.74375506333936,1,1,8.77179277525312e-11,"4","KRTDAP"
"DSG4",4.51797355400852e-15,6.96295319165842,1,1,9.58894707102769e-11,"4","DSG4"
"FAM25A",4.5515933087734e-15,4.13989204961494,1,1,9.66030163854066e-11,"4","FAM25A"
"C10orf99",4.78952571462615e-15,4.36574691451576,1,1,1.01652893767225e-10,"4","C10orf99"
"GRHL3",5.60175971469651e-15,3.77216794702347,1,1,1.18891748184719e-10,"4","GRHL3"
"LAD1",6.78567376048289e-15,3.75800525874986,1,1,1.44019139892489e-10,"4","LAD1"
"LY6G6C",7.10221292510617e-15,3.52064623391256,1,1,1.50737367122453e-10,"4","LY6G6C"
"FADS2",7.37871230173427e-15,6.28450609828716,1,1,1.56605789892008e-10,"4","FADS2"
"KLK5",7.55853378044777e-15,3.9501526259104,1,1,1.60422320956224e-10,"4","KLK5"
"KRT74",8.02964042098574e-15,5.87911785322298,1,1,1.70421088295001e-10,"4","KRT74"
"TMEM79",8.04868769693065e-15,2.97623422611852,1,1,1.70825347679656e-10,"4","TMEM79"
"FADS1",8.88240578897729e-15,4.0749957837467,1,1,1.88520180465254e-10,"4","FADS1"
"KLK8",1.04732231906845e-14,3.30596509642922,1,1,2.22283688999089e-10,"4","KLK8"
"SFN",1.05678526167268e-14,3.58359518117487,1,1,2.24292103937411e-10,"4","SFN"
"GDA",1.18117081787515e-14,4.02464771024803,1,1,2.50691694385823e-10,"4","GDA"
"ATG9B",1.19369442258013e-14,4.24996645954249,1,1,2.53349704248406e-10,"4","ATG9B"
"TRIM29",1.23180318524783e-14,3.78882085524009,1,1,2.61437908037e-10,"4","TRIM29"
"THEM5",1.23585432140181e-14,2.95096822889174,1,1,2.62297721174321e-10,"4","THEM5"
"LHX2",1.33738773606175e-14,3.05509739817875,1,1,2.83847173101746e-10,"4","LHX2"
"CASZ1",1.37078946375652e-14,2.93780691057753,1,1,2.90936355787683e-10,"4","CASZ1"
"KLK6",1.39250065593966e-14,1.70067483928991,1,1,2.95544339216634e-10,"4","KLK6"
"CNFN",1.42837590636155e-14,4.75811752667956,1,1,3.03158502366175e-10,"4","CNFN"
"DSG3",1.50803440476764e-14,2.70132615957853,1,1,3.20065222067883e-10,"4","DSG3"
"TGM6",1.54211171096594e-14,4.35468620028611,1,1,3.27297789535411e-10,"4","TGM6"
"DIO2",1.55303366593191e-14,3.48179928314462,1,1,3.29615865257389e-10,"4","DIO2"
"ASPRV1",2.29233736043317e-14,3.94782320637995,1,1,4.86525681378335e-10,"4","ASPRV1"
"SPINT1",2.30314602851407e-14,3.14260256983385,1,1,4.88819713091826e-10,"4","SPINT1"
"DMKN",2.79202932782625e-14,3.72900506409054,1,1,5.92580304537844e-10,"4","DMKN"
"CLDN1",2.97779626285987e-14,3.27751147163516,1,1,6.32007478829379e-10,"4","CLDN1"
"GBP6",3.13083609813724e-14,2.81291329251699,1,1,6.64488653468649e-10,"4","GBP6"
"TRPV3",3.1322436910049e-14,3.30086594214842,1,1,6.6478740097888e-10,"4","TRPV3"
"PMFBP1",3.14350778037026e-14,3.26546318288246,1,1,6.67178091305784e-10,"4","PMFBP1"
"SLC9A2",3.2543789636257e-14,2.45425083953763,1,1,6.9070939123992e-10,"4","SLC9A2"
"GJB4",4.09671143902499e-14,2.49716709417852,1,1,8.69486035818664e-10,"4","GJB4"
"KRT82",4.58570976083587e-14,3.65256633142029,1,1,9.73271039639804e-10,"4","KRT82"
"TM7SF2",4.98313268875131e-14,3.08657785867356,1,1,1.05762008186058e-09,"4","TM7SF2"
"HAO2",5.09763013365484e-14,3.98023208623477,1,1,1.0819210195669e-09,"4","HAO2"
"PERP",5.78900105841716e-14,3.79466834576952,1,1,1.22865758463846e-09,"4","PERP"
"KRT6C",5.83339162037888e-14,5.73295023073498,1,1,1.23807903750921e-09,"4","KRT6C"
"KRTAP24-1",5.87705950252406e-14,3.50080353502912,1,1,1.24734710881571e-09,"4","KRTAP24-1"
"NXPH4",6.48348489113395e-14,2.08717302842035,1,1,1.37605483329427e-09,"4","NXPH4"
"IGFL2",7.01506231005564e-14,1.70258664331651,1,1,1.48887682468621e-09,"4","IGFL2"
"OVOL1",7.60390964594267e-14,3.94754207335974,1,1,1.61385378325487e-09,"4","OVOL1"
"PDE6A",7.97761412238441e-14,4.49090811692428,1,1,1.69316882133487e-09,"4","PDE6A"
"IRX6",8.30415566002466e-14,3.27490303799158,1,1,1.76247399728363e-09,"4","IRX6"
"FRMPD1",8.90170230814555e-14,3.32373041354797,1,1,1.88929729788081e-09,"4","FRMPD1"
"RHOV",9.31695323958982e-14,2.53088336167918,1,1,1.97743015557054e-09,"4","RHOV"
"SERPINB12",1.03619007413841e-13,3.08724764896802,1,1,2.19920981335137e-09,"4","SERPINB12"
"GPR87",1.06039791577079e-13,3.49472695348408,1,1,2.25058853643192e-09,"4","GPR87"
"MUCL1",1.21497797172232e-13,1.74895801015819,1,1,2.57866924718346e-09,"4","MUCL1"
"TPD52L1",1.25109270143168e-13,2.61058274138553,1,1,2.65531914951859e-09,"4","TPD52L1"
"IVL",1.28803585227078e-13,2.99886685769433,1,1,2.7337272928595e-09,"4","IVL"
"IGSF3",1.28980244558733e-13,2.19033389651478,1,1,2.73747671051455e-09,"4","IGSF3"
"KRT80",1.3163844387358e-13,3.88900268980986,1,1,2.79389433277287e-09,"4","KRT80"
"MVK",1.35234404617116e-13,2.42749063666485,1,1,2.87021500359367e-09,"4","MVK"
"REEP6",1.38046409287506e-13,3.18781214596175,1,1,2.92989699071802e-09,"4","REEP6"
"DSC2",1.41676611970133e-13,2.98904890793241,1,1,3.0069444124541e-09,"4","DSC2"
"PAPL",1.51482765362167e-13,4.21804626910748,1,1,3.21507021204664e-09,"4","PAPL"
"HMGCR",1.61800129706162e-13,2.40066142710373,1,1,3.43404595288358e-09,"4","HMGCR"
"ATP6V0A4",1.63533233174794e-13,4.04917109841156,1,1,3.47082934090182e-09,"4","ATP6V0A4"
"SDC1",1.66943288377468e-13,2.87407737239214,1,1,3.54320435252339e-09,"4","SDC1"
"TP63",1.70615383038562e-13,3.07239833123822,1,1,3.62114088961044e-09,"4","TP63"
"UGT2A2",1.75164020085399e-13,2.47156714216698,1,1,3.71768116229251e-09,"4","UGT2A2"
"GGT6",1.85536005890681e-13,3.53081131332445,1,1,3.93781618902382e-09,"4","GGT6"
"TMPRSS13",1.87897241644212e-13,3.53464065075184,1,1,3.98793105665675e-09,"4","TMPRSS13"
"DGAT2",1.9231554975468e-13,3.60410792829821,1,1,4.08170522799334e-09,"4","DGAT2"
"PRSS22",2.00394630231235e-13,2.95259166060368,1,1,4.25317563202773e-09,"4","PRSS22"
"AIM1L",2.01982487408915e-13,2.98032281438697,1,1,4.28687631276681e-09,"4","AIM1L"
"KREMEN1",2.0232397225949e-13,2.88011253826185,1,1,4.29412398723541e-09,"4","KREMEN1"
"PROM2",2.04553783126072e-13,3.33321442271091,1,1,4.34144949306775e-09,"4","PROM2"
"WFDC12",2.26946410221816e-13,3.57463937439001,1,1,4.81671061054782e-09,"4","WFDC12"
"PRRG4",2.38444803628326e-13,2.5724933729273,1,1,5.06075251220759e-09,"4","PRRG4"
"PGLYRP3",2.83790083771692e-13,3.07388378777955,1,1,6.02316073797039e-09,"4","PGLYRP3"
"CDSN",2.98747221383158e-13,3.27172262263223,1,1,6.34061102663614e-09,"4","CDSN"
"SPRR2B",3.09857620209044e-13,2.8033772774842,1,1,6.57641813131675e-09,"4","SPRR2B"
"TIAM1",3.46428142425024e-13,2.37593605706658,1,1,7.35259089482872e-09,"4","TIAM1"
"FAM83A",3.54749825634847e-13,2.27200842357394,1,1,7.529210299274e-09,"4","FAM83A"
"TAGLN3",3.59380200013034e-13,2.16553726735306,1,1,7.62748536507663e-09,"4","TAGLN3"
"TMEM40",3.60733869956535e-13,2.61493220054421,1,1,7.6562156559575e-09,"4","TMEM40"
"SBSN",3.92805692834615e-13,3.49210290750253,1,1,8.33690802472187e-09,"4","SBSN"
"CAPNS2",4.07293244185018e-13,2.81997094407136,1,1,8.64439181458281e-09,"4","CAPNS2"
"CHRNA9",4.24253590331676e-13,2.39143568587954,1,1,9.00435820119949e-09,"4","CHRNA9"
"BARX2",4.25064344779861e-13,2.77246966142452,1,1,9.02156565360777e-09,"4","BARX2"
"SERPINB5",4.53189425696403e-13,3.47030907607394,1,1,9.61849237098046e-09,"4","SERPINB5"
"TYRP1",4.68610834678937e-13,3.63240518208686,1,1,9.94579635522576e-09,"4","TYRP1"
"KRT9",4.6988884564176e-13,3.00110587609435,1,1,9.97292085990071e-09,"4","KRT9"
"ESRP1",4.97244928040044e-13,2.17042206200518,1,1,1.05535263527219e-08,"4","ESRP1"
"TP73",5.33850284514217e-13,2.13961895510963,1,1,1.13304384385297e-08,"4","TP73"
"FAM83G",5.74568380554769e-13,2.94658282930565,1,1,1.21946393088944e-08,"4","FAM83G"
"KRT5",6.4068254106853e-13,3.1194694732072,1,1,1.35978462516385e-08,"4","KRT5"
"FGF22",6.66460261640263e-13,2.10888857841318,1,1,1.41449525930529e-08,"4","FGF22"
"SPTSSB",7.050416918134e-13,2.76942691871665,1,1,1.49638048670476e-08,"4","SPTSSB"
"KRTAP26-1",7.0971561992379e-13,2.17661420248093,1,1,1.50630043172625e-08,"4","KRTAP26-1"
"SERPINB4",7.60579182883512e-13,3.73540004344186,1,1,1.61425325775197e-08,"4","SERPINB4"
"ABHD5",7.92912867287394e-13,3.04492057215104,1,1,1.68287826953077e-08,"4","ABHD5"
"KRT26",8.80453753287389e-13,5.68190116228594,1,1,1.86867504597715e-08,"4","KRT26"
"HEPHL1",8.89839237208421e-13,4.38184188023146,1,1,1.88859479705115e-08,"4","HEPHL1"
"GCNT4",9.11480953095538e-13,2.00767445065093,1,1,1.93452717484997e-08,"4","GCNT4"
"KRT27",9.39248016811741e-13,3.84579832221084,1,1,1.99345999088124e-08,"4","KRT27"
"PKP1",9.47169845735485e-13,3.41203662340047,1,1,2.01027328058899e-08,"4","PKP1"
"PVRL1",9.77103182224643e-13,2.80954068960969,1,1,2.07380379395358e-08,"4","PVRL1"
"FAM167A",1.0211592668566e-12,2.54180175159711,1,1,2.16730842797644e-08,"4","FAM167A"
"ARG1",1.02660847326576e-12,3.40450855806281,1,1,2.17887382365925e-08,"4","ARG1"
"PNLDC1",1.03376783982962e-12,4.90465599648003,1,1,2.19406886325438e-08,"4","PNLDC1"
"CDH3",1.06744322303934e-12,3.07571922695939,1,1,2.26554149657869e-08,"4","CDH3"
"FAM83B",1.10826900722044e-12,3.35498906948757,1,1,2.35219014092466e-08,"4","FAM83B"
"B4GALNT3",1.15345105981628e-12,2.72228656957206,1,1,2.44808452935408e-08,"4","B4GALNT3"
"HOXC13",1.15597132162325e-12,2.7964356883244,1,1,2.4534335330132e-08,"4","HOXC13"
"ERBB3",1.16603690584538e-12,2.84945439261977,1,1,2.47479672896624e-08,"4","ERBB3"
"SDR9C7",1.16945770362116e-12,2.89695444510302,1,1,2.48205703016554e-08,"4","SDR9C7"
"TFAP2A",1.2029074554764e-12,2.77132216187323,1,1,2.55305078350311e-08,"4","TFAP2A"
"SH3RF2",1.20536390869185e-12,3.15414334514711,1,1,2.55826435980759e-08,"4","SH3RF2"
"DENND2C",1.45562710444011e-12,2.2647502298784,1,1,3.08942296646368e-08,"4","DENND2C"
"TUBB8P11",1.51530924850283e-12,2.61158971356575,1,1,3.21609234902242e-08,"4","TUBB8P11"
"PRSS8",1.52035919786504e-12,3.16737802719821,1,1,3.22681036154877e-08,"4","PRSS8"
"ANKRD35",1.53342543406088e-12,2.73481376120963,1,1,3.25454214125082e-08,"4","ANKRD35"
"IDE",1.54561956325105e-12,1.98229402114955,1,1,3.28042296104403e-08,"4","IDE"
"HSD3B1",1.56723626828542e-12,4.193287308641,1,1,3.32630225580897e-08,"4","HSD3B1"
"FLG",1.60695344144896e-12,3.12776560784624,1,1,3.41059798413127e-08,"4","FLG"
"THRSP",1.61622791598864e-12,4.38755317530563,1,1,3.43028212889428e-08,"4","THRSP"
"FXYD3",1.66529539956431e-12,3.10443334710446,1,1,3.5344229560353e-08,"4","FXYD3"
"BMP7",1.76413383087495e-12,2.76458515980861,1,1,3.744197642649e-08,"4","BMP7"
"PNPLA1",1.78444367018429e-12,2.990751267376,1,1,3.78730324559913e-08,"4","PNPLA1"
"GAL",1.7964121770137e-12,5.08131153574851,1,1,3.81270520449387e-08,"4","GAL"
"GLDC",1.86456074052264e-12,4.48684405746233,1,1,3.95734371568526e-08,"4","GLDC"
"BNIPL",1.86609614546932e-12,3.30037990442581,1,1,3.96060245914409e-08,"4","BNIPL"
"VDR",2.14000693291692e-12,2.34851707934896,1,1,4.54195071442288e-08,"4","VDR"
"FAM83H-AS1",2.16351851668788e-12,3.04318808423616,1,1,4.59185169981835e-08,"4","FAM83H-AS1"
"LGALS7B",2.30571277258261e-12,3.48081542429056,1,1,4.89364478852933e-08,"4","LGALS7B"
"GSTO2",2.4278471849468e-12,2.59679199424036,1,1,5.15286286533108e-08,"4","GSTO2"
"LYPD5",2.49285096106861e-12,2.96610030018759,1,1,5.29082687977202e-08,"4","LYPD5"
"DSC3",2.56280682005502e-12,2.72411770180827,1,1,5.43930119488477e-08,"4","DSC3"
"CDC42BPG",2.63804566902637e-12,2.46972088213945,1,1,5.59898812794157e-08,"4","CDC42BPG"
"ALOX12B",2.73177713847202e-12,2.97148109190105,1,1,5.79792379869301e-08,"4","ALOX12B"
"KRT28",2.76372806126574e-12,3.29644337602439,1,1,5.8657364372304e-08,"4","KRT28"
"SMPD3",2.77267315685985e-12,3.27272869981511,1,1,5.88472150811935e-08,"4","SMPD3"
"SPTLC3",2.79448449407536e-12,2.79486898135695,1,1,5.93101389022554e-08,"4","SPTLC3"
"KRT4",2.81451159714429e-12,3.69325526797638,1,1,5.97351941377905e-08,"4","KRT4"
"UGT2A1",2.82177656935979e-12,1.48982717707277,1,1,5.98893859080921e-08,"4","UGT2A1"
"ALDH3A1",2.86168418970948e-12,2.60220283110625,1,1,6.07363852423939e-08,"4","ALDH3A1"
"LOR",2.88384509702181e-12,3.47490077621869,1,1,6.1206728339191e-08,"4","LOR"
"IGFL3",3.05124377350845e-12,1.84770887199298,1,1,6.47595978489433e-08,"4","IGFL3"
"TCHH",3.24002975065547e-12,3.75500575124392,1,1,6.87663914279117e-08,"4","TCHH"
"FAM160A1",3.33070292997938e-12,2.84033972828847,1,1,7.06908389858825e-08,"4","FAM160A1"
"TMEM154",3.35750350363846e-12,2.48611051173254,1,1,7.12596543612226e-08,"4","TMEM154"
"IL22RA1",3.42275380887511e-12,3.01586179644958,1,1,7.26445268395652e-08,"4","IL22RA1"
"DSG1",3.47779890143666e-12,3.64572175268926,1,1,7.38128038840918e-08,"4","DSG1"
"IRX4",3.52116240227212e-12,2.21008812774749,1,1,7.47331508258234e-08,"4","IRX4"
"MIR205HG",3.67668104259991e-12,3.14355869025024,1,1,7.80338784481405e-08,"4","MIR205HG"
"CROT",3.72916607068552e-12,1.73935448110214,1,1,7.91478206842295e-08,"4","CROT"
"KRT25",3.85377392132822e-12,1.9054850955528,1,1,8.17924977062702e-08,"4","KRT25"
"FAM83H",4.37119090810352e-12,2.65093716822718,1,1,9.27741558335891e-08,"4","FAM83H"
"KRTAP2-2",4.40434334579466e-12,2.98806650402004,1,1,9.34777831711458e-08,"4","KRTAP2-2"
"BDH1",4.59728066412473e-12,2.07622956484012,1,1,9.75726848153833e-08,"4","BDH1"
"SLC37A2",4.63846190486208e-12,2.53039014595627,1,1,9.84467154687928e-08,"4","SLC37A2"
"CIDEA",4.64763958024322e-12,3.43241682091335,1,1,9.8641502451082e-08,"4","CIDEA"
"SERINC2",5.00661417596675e-12,2.23992860721996,1,1,1.06260379270718e-07,"4","SERINC2"
"KLK11",5.00782806913156e-12,2.85640112026891,1,1,1.06286142939248e-07,"4","KLK11"
"S100A8",5.07129964554841e-12,3.3800353123289,1,1,1.0763326367712e-07,"4","S100A8"
"FABP9",5.1419203739823e-12,5.96336811546139,1,1,1.091321180174e-07,"4","FABP9"
"PPL",5.23523581633502e-12,2.57621289068529,1,1,1.11112644965894e-07,"4","PPL"
"MAP7",5.25709724987817e-12,2.42283923488582,1,1,1.11576632031414e-07,"4","MAP7"
"XKRX",5.34915219126437e-12,3.12268789123806,1,1,1.13530406107395e-07,"4","XKRX"
"KRT14",5.40044892255148e-12,2.9340844967728,1,1,1.14619127932233e-07,"4","KRT14"
"ATP10B",5.4593350175753e-12,2.65212558647586,1,1,1.15868926413018e-07,"4","ATP10B"
"PRSS27",5.63674461482634e-12,1.77566245416376,1,1,1.19634267705074e-07,"4","PRSS27"
"PVRL4",5.63836784549768e-12,2.80191356649765,1,1,1.19668719152843e-07,"4","PVRL4"
"ARHGEF4",5.71277630617301e-12,3.23970073745218,1,1,1.21247964322216e-07,"4","ARHGEF4"
"ESRP2",5.74241733533687e-12,2.66185319392888,1,1,1.2187706552519e-07,"4","ESRP2"
"SLC26A9",5.98459833014588e-12,2.53952362554616,1,1,1.27017114959016e-07,"4","SLC26A9"
"LCE3D",6.23472733168749e-12,4.73642834879119,1,1,1.32325852887735e-07,"4","LCE3D"
"PADI3",6.52043303778304e-12,4.25152969036099,1,1,1.38389670793907e-07,"4","PADI3"
"INSIG1",6.6648868414823e-12,2.8604364258388,1,1,1.4145555832362e-07,"4","INSIG1"
"GPT2",6.72528458764728e-12,1.97491049809662,1,1,1.42737440088226e-07,"4","GPT2"
"MOGAT2",6.80266777466808e-12,1.52075806958006,1,1,1.44379820849555e-07,"4","MOGAT2"
"EPHB6",6.81063104819001e-12,2.6212105863426,1,1,1.44548833366785e-07,"4","EPHB6"
"DSC1",6.813844471317e-12,3.50626539905112,1,1,1.44617035059232e-07,"4","DSC1"
"HOOK1",6.87496963084849e-12,2.84160994756523,1,1,1.45914355445128e-07,"4","HOOK1"
"FOXE1",7.30199455071394e-12,2.07077104698391,1,1,1.54977532344353e-07,"4","FOXE1"
"RPTN",7.30826566564733e-12,4.12239382508478,1,1,1.55110630487699e-07,"4","RPTN"
"EBP",7.43095218324481e-12,1.98658557921813,1,1,1.57714529137188e-07,"4","EBP"
"KRT10",7.48543589393258e-12,3.15314301846705,1,1,1.58870891412825e-07,"4","KRT10"
"MC5R",7.72820216852208e-12,3.0609254551585,1,1,1.64023362824713e-07,"4","MC5R"
"C9orf169",8.07170877157698e-12,2.67163636236614,1,1,1.7131394696795e-07,"4","C9orf169"
"TFAP2C",8.15821044807545e-12,2.60822693568281,1,1,1.73149858549953e-07,"4","TFAP2C"
"CDH1",8.78754138516222e-12,2.42125056308819,1,1,1.86506778358683e-07,"4","CDH1"
"TTC39B",9.41357343194455e-12,2.13172826702097,1,1,1.99793682519591e-07,"4","TTC39B"
"CBR3",9.5418925600939e-12,1.66630875393422,1,1,2.02517127695433e-07,"4","CBR3"
"NIPAL1",9.71695698568144e-12,2.70271311416452,1,1,2.06232695064103e-07,"4","NIPAL1"
"KRT23",9.754218322959e-12,2.87571262560159,1,1,2.07023529686482e-07,"4","KRT23"
"POF1B",1.01680128804544e-11,2.71244858075911,1,1,2.15805905374764e-07,"4","POF1B"
"IFFO2",1.07914847414883e-11,2.72633931413656,1,1,2.29038472153348e-07,"4","IFFO2"
"S100A7A",1.11494704806119e-11,3.44290381733454,1,1,2.36636361480507e-07,"4","S100A7A"
"KRT1",1.13431766348573e-11,3.00124532529624,1,1,2.40747580898212e-07,"4","KRT1"
"NOD2",1.15066245825529e-11,2.2494321638814,1,1,2.44216600140102e-07,"4","NOD2"
"CERS4",1.17669232584697e-11,2.12483275375657,1,1,2.4974117923776e-07,"4","CERS4"
"DCT",1.23587644959424e-11,2.75965750296284,1,1,2.62302417661881e-07,"4","DCT"
"KRTAP3-3",1.23913560869702e-11,6.91562762765701,1,1,2.62994141589856e-07,"4","KRTAP3-3"
"RAB27B",1.2724968767458e-11,2.42999099239542,1,1,2.70074737120528e-07,"4","RAB27B"
"GRHL2",1.29739723637478e-11,2.75882123502628,1,1,2.75359589448184e-07,"4","GRHL2"
"KRTAP9-3",1.32000451927591e-11,7.37485891968876,1,1,2.80157759171119e-07,"4","KRTAP9-3"
"DUOXA1",1.35269636434737e-11,2.9835693680746,1,1,2.87096276369085e-07,"4","DUOXA1"
"DEFB1",1.3615818838967e-11,2.62254341480111,1,1,2.88982139038236e-07,"4","DEFB1"
"PTK6",1.37401126512843e-11,2.30380675356294,1,1,2.91620150910857e-07,"4","PTK6"
"JUP",1.43693647890963e-11,2.24138050654939,1,1,3.0497539828378e-07,"4","JUP"
"ACAT2",1.46251268565148e-11,2.69957387150544,1,1,3.10403692402671e-07,"4","ACAT2"
"FAM83C",1.48450995989725e-11,3.20037683887046,1,1,3.15072393888592e-07,"4","FAM83C"
"STAP2",1.51926680149389e-11,1.98863230232586,1,1,3.22449185949063e-07,"4","STAP2"
"MFAP3L",1.52530759137037e-11,2.23799721394713,1,1,3.23731283192447e-07,"4","MFAP3L"
"KRT71",1.54188878749478e-11,2.5685694973342,1,1,3.27250476257893e-07,"4","KRT71"
"TACSTD2",1.5585552203027e-11,2.14456178117566,1,1,3.30787759957044e-07,"4","TACSTD2"
"KRT78",1.56854049772573e-11,3.09238820379859,1,1,3.3290703523731e-07,"4","KRT78"
"DSP",1.58245253057565e-11,2.99446303965491,1,1,3.35859725089375e-07,"4","DSP"
"IL36RN",1.63744136697668e-11,3.81237111041071,1,1,3.47530555727131e-07,"4","IL36RN"
"EVPL",1.63889501262461e-11,2.94176504392041,1,1,3.47839077479448e-07,"4","EVPL"
"KRTAP4-12",1.71997544363305e-11,5.29925313761945,1,1,3.65047588156679e-07,"4","KRTAP4-12"
"LY6D",1.77130964167328e-11,3.02859242888811,1,1,3.75942758348737e-07,"4","LY6D"
"KRTAP19-5",1.7831054462518e-11,2.51228661380183,1,1,3.78446299912482e-07,"4","KRTAP19-5"
"SH3D21",2.01440118718196e-11,2.0076611459247,1,1,4.275365079675e-07,"4","SH3D21"
"RNF167",2.08403845644092e-11,1.23282522353927,1,1,4.42316321995021e-07,"4","RNF167"
"FABP7",2.1217502537194e-11,4.33237828653756,1,1,4.50320273849406e-07,"4","FABP7"
"BAI1",2.13423817510452e-11,2.55708225750391,1,1,4.52970710284183e-07,"4","BAI1"
"C1orf106",2.15948341743631e-11,2.87023451174359,1,1,4.58328760516682e-07,"4","C1orf106"
"RAB11FIP4",2.22806984190985e-11,1.98246753185102,1,1,4.72885543246947e-07,"4","RAB11FIP4"
"ALOXE3",2.23118834511949e-11,2.77193171488172,1,1,4.7354741436816e-07,"4","ALOXE3"
"WFDC5",2.23211907397980e-11,2.64740058301182,1,1,4.73744952261474e-07,"4","WFDC5"
"CELSR2",2.27531416094602e-11,2.40313240664413,1,1,4.82912677519184e-07,"4","CELSR2"
"SLC39A2",2.43130098538137e-11,1.99800714695979,1,1,5.16019321137343e-07,"4","SLC39A2"
"GPR115",2.49023065537594e-11,2.60477864171568,1,1,5.28526554296989e-07,"4","GPR115"
"CARD14",2.53025489492316e-11,2.63129017987197,1,1,5.37021298898492e-07,"4","CARD14"
"RHBG",2.53182446236815e-11,2.32784967207623,1,1,5.37354423893016e-07,"4","RHBG"
"C1orf170",2.56968694185042e-11,2.4035954795301,1,1,5.45390356538333e-07,"4","C1orf170"
"FAM84A",2.58307831079845e-11,1.81237505434764,1,1,5.48232540683862e-07,"4","FAM84A"
"PMEL",2.58879710461983e-11,2.96644637964651,1,1,5.49446297484512e-07,"4","PMEL"
"C15orf48",2.64353003058995e-11,2.25148009176503,1,1,5.6106281369241e-07,"4","C15orf48"
"FAAH2",2.72852369562351e-11,2.04767361282768,1,1,5.79101869159133e-07,"4","FAAH2"
"FAT2",2.81697181217642e-11,2.76259774620125,1,1,5.97874097416323e-07,"4","FAT2"
"LL0XNC01-131B10.2",2.84641759721632e-11,2.23331627845435,1,1,6.04123670833192e-07,"4","LL0XNC01-131B10.2"
"CAMK1D",3.01206313194131e-11,1.66912971399663,1,1,6.39280279123223e-07,"4","CAMK1D"
"POU2F3",3.10110236341678e-11,2.64212724337104,1,1,6.58177965611577e-07,"4","POU2F3"
"PPP1R14C",3.12111535287947e-11,2.67275540876448,1,1,6.6242552249514e-07,"4","PPP1R14C"
"SYTL1",3.22818648460795e-11,2.24203947051006,1,1,6.85150299493191e-07,"4","SYTL1"
"SDR16C5",3.24642302626782e-11,2.92241675329026,1,1,6.89020823095083e-07,"4","SDR16C5"
"SOX9",3.33585917396941e-11,2.44472161446739,1,1,7.08002751083267e-07,"4","SOX9"
"ST14",3.39133482697030e-11,2.24398903494488,1,1,7.19776903676178e-07,"4","ST14"
"BCL11A",3.40027708063143e-11,2.17148321428871,1,1,7.21674807593214e-07,"4","BCL11A"
"KRTAP16-1",3.42258398025918e-11,4.90870443072794,1,1,7.26409223970208e-07,"4","KRTAP16-1"
"SPINT21",3.69924959523885e-11,2.25272528693731,1,1,7.85128734093493e-07,"4","SPINT2"
"GLTP",3.75428706837743e-11,2.40091962434217,1,1,7.96809887392426e-07,"4","GLTP"
"PTPN3",3.89756938170091e-11,1.96541533671279,1,1,8.27220125572201e-07,"4","PTPN3"
"SLC27A6",4.05650296050417e-11,2.56041251330216,1,1,8.60952188337406e-07,"4","SLC27A6"
"PI3",4.30501519369264e-11,5.95665348899667,1,1,9.13696424709325e-07,"4","PI3"
"FGFBP1",4.71663104060451e-11,2.0463605417329,1,1,1.0010577720579e-06,"4","FGFBP1"
"KRT32",5.04536985565161e-11,4.01492272751933,1,1,1.0708292981635e-06,"4","KRT32"
"AKR1B10",5.21650124096889e-11,3.08123078676366,1,1,1.10715022338324e-06,"4","AKR1B10"
"C1orf158",5.2386727397068e-11,2.27663073240788,1,1,1.11185590227537e-06,"4","C1orf158"
"ST6GALNAC2",5.37218615190285e-11,2.21096535194043,1,1,1.14019278887986e-06,"4","ST6GALNAC2"
"HSD3BP2",5.42296814482671e-11,1.75967470973786,1,1,1.15097075905802e-06,"4","HSD3BP2"
"GLRX",5.42503512793612e-11,1.67649815431919,1,1,1.15140945555316e-06,"4","GLRX"
"TMEM45B",5.47433519059987e-11,2.58212526919154,1,1,1.16187290085292e-06,"4","TMEM45B"
"TP53AIP1",5.50649029703171e-11,2.13745356065591,1,1,1.16869750064201e-06,"4","TP53AIP1"
"ASPG",5.54511459812445e-11,2.08086797450174,1,1,1.17689512230593e-06,"4","ASPG"
"FOXN1",5.6724664591139e-11,3.14941450395534,1,1,1.20392428128233e-06,"4","FOXN1"
"HOMER2",5.72106008935121e-11,2.34125758401414,1,1,1.2142377933639e-06,"4","HOMER2"
"SDR42E1",5.78062772078944e-11,2.55424632493769,1,1,1.22688042746035e-06,"4","SDR42E1"
"TGM3",6.41680809296244e-11,1.8888653663025,1,1,1.36190334965035e-06,"4","TGM3"
"ACSL1",6.60284695076306e-11,2.90784993718991,1,1,1.40138823682995e-06,"4","ACSL1"
"CHI3L21",6.76454648703041e-11,2.84784033574456,1,1,1.43570734640733e-06,"4","CHI3L2"
"MOGAT1",6.79211183283046e-11,1.89177782495944,1,1,1.44155781539994e-06,"4","MOGAT1"
"TRPM1",6.8598721750254e-11,2.99640246274442,1,1,1.45593927042739e-06,"4","TRPM1"
"EHF",6.9872313265358e-11,2.17521178907228,1,1,1.48296997674396e-06,"4","EHF"
"PAX1",7.07666428999381e-11,2.37226055900405,1,1,1.50195122890829e-06,"4","PAX1"
"AQP3",7.28768764867659e-11,2.56030367579303,1,1,1.54673882655512e-06,"4","AQP3"
"TCHHL1",7.47089870945549e-11,5.54073809642632,1,1,1.58562354209483e-06,"4","TCHHL1"
"SCEL",7.51884735971791e-11,2.24949836699231,1,1,1.59580016362653e-06,"4","SCEL"
"PLA2R1",7.83194154702394e-11,2.24917009386372,1,1,1.66225127394036e-06,"4","PLA2R1"
"GABRA4",8.1157662414071e-11,2.94201802657876,1,1,1.72249022707624e-06,"4","GABRA4"
"KRT34",8.37908958833373e-11,2.88898455843554,1,1,1.77837797422795e-06,"4","KRT34"
"GM2A",8.3830811731651e-11,1.84228755728078,1,1,1.77922514819256e-06,"4","GM2A"
"HS3ST6",8.48248018222313e-11,1.73219484722794,1,1,1.80032159387504e-06,"4","HS3ST6"
"AXDND1",9.21464135244143e-11,3.49248351267983,1,1,1.95571548064217e-06,"4","AXDND1"
"KRTAP1-1",9.28200598431361e-11,5.3034393623972,1,1,1.97001295011072e-06,"4","KRTAP1-1"
"TMEM184A",9.57585934553379e-11,2.51834732342292,1,1,2.03238038749609e-06,"4","TMEM184A"
"KRTAP9-9",9.60230774441568e-11,7.63153689980855,1,1,2.03799379567478e-06,"4","KRTAP9-9"
"KLK1",1.01126133803584e-10,1.46799243193726,1,1,2.14630106384727e-06,"4","KLK1"
"KRTAP4-9",1.02180067378625e-10,6.57038104393119,1,1,2.16866975004393e-06,"4","KRTAP4-9"
"PKLR",1.03616896635317e-10,2.93115330328226,1,1,2.19916501418796e-06,"4","PKLR"
"ACOT1",1.04930526853182e-10,3.62316599099419,1,1,2.22704550193193e-06,"4","ACOT1"
"S100A9",1.05406134515468e-10,3.48821021482845,1,1,2.2371397989563e-06,"4","S100A9"
"TTC39C",1.07263745586561e-10,1.40933417646655,1,1,2.27656573632916e-06,"4","TTC39C"
"PSG7",1.07387687920354e-10,2.82641361245663,1,1,2.2791962884216e-06,"4","PSG7"
"TMPRSS11F",1.19876408215492e-10,2.66291908754628,1,1,2.5442568879656e-06,"4","TMPRSS11F"
"PLA2G4F",1.21682487165884e-10,2.67670094002291,1,1,2.58258910760873e-06,"4","PLA2G4F"
"TFAP2B",1.22454010337158e-10,2.30195613760108,1,1,2.59896391539584e-06,"4","TFAP2B"
"GOLGA7B",1.29758640886313e-10,2.44032702875012,1,1,2.75399739417111e-06,"4","GOLGA7B"
"KRTAP19-1",1.30013820881657e-10,2.01426726581229,1,1,2.75941333439229e-06,"4","KRTAP19-1"
"KRTAP1-3",1.30327690693436e-10,4.06997970523379,1,1,2.76607490727749e-06,"4","KRTAP1-3"
"AZGP1",1.30669746533614e-10,2.21825385027512,1,1,2.77333470042941e-06,"4","AZGP1"
"C10orf129",1.38586593298039e-10,3.00590123454852,1,1,2.94136185615757e-06,"4","C10orf129"
"IRF6",1.43106991668969e-10,2.57126635595042,1,1,3.0373027911822e-06,"4","IRF6"
"HTR3A",1.44721639270901e-10,3.11973235395177,1,1,3.07157207188561e-06,"4","HTR3A"
"AC025627.9",1.59508104290223e-10,2.06094698607342,1,1,3.38540000545569e-06,"4","AC025627.9"
"GYLTL1B",1.60075366480272e-10,2.28212962592447,1,1,3.39743957817729e-06,"4","GYLTL1B"
"LCE2D",1.65002864218079e-10,2.80906610110712,1,1,3.5020207901645e-06,"4","LCE2D"
"GSDMC",1.68105785102127e-10,2.82711378962499,1,1,3.56787718300754e-06,"4","GSDMC"
"APMAP",1.68207248913862e-10,1.93941621800168,1,1,3.57003065094781e-06,"4","APMAP"
"IGHEP1",1.79041141159289e-10,1.92205482094829,1,1,3.79996917996474e-06,"4","IGHEP1"
"SOAT1",1.79992159667024e-10,3.2631158115021,1,1,3.82015359677291e-06,"4","SOAT1"
"TUBA4A",1.81969234942241e-10,2.25404839718733,1,1,3.86211504241412e-06,"4","TUBA4A"
"KRT73",1.83088435310608e-10,2.68211149475312,1,1,3.88586895103235e-06,"4","KRT73"
"HSD17B2",1.89301350683741e-10,2.75656587217538,1,1,4.01773186691172e-06,"4","HSD17B2"
"IL20RA",1.94363500243078e-10,2.09742188165223,1,1,4.12517092915908e-06,"4","IL20RA"
"DGKA",1.94392950564786e-10,1.41789419957716,1,1,4.12579598278702e-06,"4","DGKA"
"EMILIN3",2.09633693671972e-10,1.52385628325209,1,1,4.44926551449393e-06,"4","EMILIN3"
"FLG2",2.09892315218011e-10,2.46308911826024,1,1,4.45475449818706e-06,"4","FLG2"
"CHI3L11",2.1445993911024e-10,2.70903855005457,1,1,4.55169774767573e-06,"4","CHI3L1"
"GRB7",2.31113666500183e-10,2.70108078701322,1,1,4.90515645779989e-06,"4","GRB7"
"WNT10A",2.38848282416437e-10,1.89690835498086,1,1,5.06931594600646e-06,"4","WNT10A"
"PTPRZ1",2.42770850817264e-10,2.62383720981522,1,1,5.15256853774561e-06,"4","PTPRZ1"
"RAET1L",2.47831866694688e-10,2.00245670203469,1,1,5.25998353872805e-06,"4","RAET1L"
"CLTB",2.4929378946949e-10,1.92743582779719,1,1,5.29101138770046e-06,"4","CLTB"
"IL18",2.4933122829792e-10,1.83175530027785,1,1,5.29180598939505e-06,"4","IL18"
"MICALCL",2.54135353314081e-10,2.01111003158966,1,1,5.39376873873805e-06,"4","MICALCL"
"KRTAP4-8",2.54509298919905e-10,4.94064477194929,1,1,5.40170536027607e-06,"4","KRTAP4-8"
"PXMP4",3.03606408750867e-10,2.03420884539264,1,1,6.4437424193284e-06,"4","PXMP4"
"EPS8L1",3.12137100867939e-10,2.3265614031606,1,1,6.62479782882113e-06,"4","EPS8L1"
"PSG4",3.12507733822412e-10,3.49814350424396,1,1,6.63266414264688e-06,"4","PSG4"
"CPLX3",3.14151774403284e-10,1.53586505916523,1,1,6.66755725993531e-06,"4","CPLX3"
"IL31RA",3.15203641850305e-10,2.6817293927974,1,1,6.68988209463087e-06,"4","IL31RA"
"PDZK1IP1",3.38738096079871e-10,2.53243258094421,1,1,7.18937735119917e-06,"4","PDZK1IP1"
"LCE1C",3.39183995679202e-10,3.84791510539353,1,1,7.19884112429538e-06,"4","LCE1C"
"CUX2",3.46774795034464e-10,2.65751472622527,1,1,7.35994824981147e-06,"4","CUX2"
"RAPGEFL1",3.4858192409115e-10,2.15249283754813,1,1,7.39830275691057e-06,"4","RAPGEFL1"
"ZNF725P",3.50826173722194e-10,2.27490318302946,1,1,7.44593471107985e-06,"4","ZNF725P"
"FERMT1",3.66744462432602e-10,2.15613423401322,1,1,7.78378447066955e-06,"4","FERMT1"
"KRTAP4-2",3.72990411729798e-10,3.98316109815746,1,1,7.91634849855324e-06,"4","KRTAP4-2"
"LYNX1",4.19893253311087e-10,3.21491798847855,1,1,8.9118144082745e-06,"4","LYNX1"
"AACS",4.21085773793717e-10,1.82068805927154,1,1,8.93712446299786e-06,"4","AACS"
"PDZK1",4.33008219517018e-10,3.15471491957799,1,1,9.1901664510292e-06,"4","PDZK1"
"NOS1",4.4567425613785e-10,2.13577382139565,1,1,9.45899041226973e-06,"4","NOS1"
"NSG1",4.53337262487867e-10,2.50812375538088,1,1,9.62163005904248e-06,"4","NSG1"
"ARAP2",4.57591662138563e-10,1.79952560019973,1,1,9.71192543722885e-06,"4","ARAP2"
"KRT85",4.718958845479e-10,5.45655355746351,1,1,1.00155182536446e-05,"4","KRT85"
"TPI1P4",4.85391250755711e-10,1.21062080291241,1,1,1.03019439060392e-05,"4","TPI1P4"
"GK5",4.96204415201288e-10,2.25485026553232,1,1,1.05314425082321e-05,"4","GK5"
"TPRXL",4.99163523792273e-10,2.11615711699972,1,1,1.05942466289672e-05,"4","TPRXL"
"KRT39",5.12557241448095e-10,3.30572246826589,1,1,1.08785148924944e-05,"4","KRT39"
"DUOX1",5.20504131436703e-10,2.19175911816626,1,1,1.10471796856126e-05,"4","DUOX1"
"COL17A1",5.34782389344598e-10,2.46893317668365,1,1,1.13502214314497e-05,"4","COL17A1"
"ANXA9",5.89065192448817e-10,2.41588141243308,1,1,1.25023196445337e-05,"4","ANXA9"
"PM20D1",5.91711596334283e-10,4.50247211368718,1,1,1.25584869205988e-05,"4","PM20D1"
"CD82",6.17721753118724e-10,1.69282960607314,1,1,1.31105264881918e-05,"4","CD82"
"RP11-255H23.2",6.41790752867479e-10,2.44985377235511,1,1,1.36213669388594e-05,"4","RP11-255H23.2"
"TMEM254",6.45290460532691e-10,2.43312271913193,1,1,1.36956447343458e-05,"4","TMEM254"
"AIM1",6.66643566761925e-10,1.69210694670269,1,1,1.41488430609551e-05,"4","AIM1"
"GOT1",6.74070326315828e-10,1.38453784399502,1,1,1.43064686057271e-05,"4","GOT1"
"ESYT3",6.79441273259521e-10,2.55121651502819,1,1,1.44204615836601e-05,"4","ESYT3"
"SC5D",6.92059486293391e-10,1.94934915982993,1,1,1.46882705370909e-05,"4","SC5D"
"IGSF9",6.99649277070701e-10,2.0419113683227,1,1,1.48493562565486e-05,"4","IGSF9"
"CBLC",7.26890451944574e-10,2.28952198984834,1,1,1.54275229520716e-05,"4","CBLC"
"TOB11",7.2694057611391e-10,1.69877657993129,1,1,1.54285867874416e-05,"4","TOB1"
"KRT2",7.42880064480933e-10,2.99473060631454,1,1,1.57668864885433e-05,"4","KRT2"
"ATP2C2",7.47323951901765e-10,2.16510625280516,1,1,1.58612035551631e-05,"4","ATP2C2"
"LCE3E",7.70704901592801e-10,3.54363704041218,1,1,1.63574408314056e-05,"4","LCE3E"
"ZBTB7B",7.77435585951753e-10,1.82158153027675,1,1,1.650029287624e-05,"4","ZBTB7B"
"ANXA8L2",7.99192062214232e-10,2.70373754567501,1,1,1.69620523284349e-05,"4","ANXA8L2"
"CA12",8.07911315294438e-10,2.35096748626739,1,1,1.71471097558092e-05,"4","CA12"
"VANGL2",8.15509252000809e-10,1.987180124878,1,1,1.73083683644652e-05,"4","VANGL2"
"GPT",8.26188717144351e-10,2.72713020950625,1,1,1.75350293326717e-05,"4","GPT"
"GPR111",8.32521043660269e-10,2.81101618437422,1,1,1.76694266306455e-05,"4","GPR111"
"UGT1A7",8.64479058190612e-10,2.18028365313924,1,1,1.83477035310376e-05,"4","UGT1A7"
"NMU",9.15287370042716e-10,2.02164938724284,1,1,1.94260591417866e-05,"4","NMU"
"SLC5A1",9.42736204591559e-10,0.934717752119303,1,1,2.00086332062512e-05,"4","SLC5A1"
"PSG6",1.01894646246656e-09,2.87721776801574,1,1,2.16261197193904e-05,"4","PSG6"
"UPB1",1.02244562780139e-09,2.94429795281725,1,1,2.17003860044568e-05,"4","UPB1"
"PECR",1.02264438679655e-09,2.47163205661826,1,1,2.17046044653701e-05,"4","PECR"
"PRSS12",1.06995765531713e-09,2.20352653274257,1,1,2.27087812764508e-05,"4","PRSS12"
"GPLD1",1.09343467832944e-09,2.14831393772833,1,1,2.3207057612864e-05,"4","GPLD1"
"SGK2",1.13605076069857e-09,2.77394478624151,1,1,2.41115413450664e-05,"4","SGK2"
"ANKFN1",1.14292784788169e-09,2.05569590350353,1,1,2.42575006434409e-05,"4","ANKFN1"
"NELL2",1.15450114397079e-09,2.18050905614359,1,1,2.4503132279636e-05,"4","NELL2"
"UGT1A6",1.17160214734652e-09,2.01542103990628,1,1,2.48660839752825e-05,"4","UGT1A6"
"RIPK4",1.19826334849746e-09,1.70224763804163,1,1,2.543194130851e-05,"4","RIPK4"
"CCDC64",1.25947334459668e-09,1.87290744560031,1,1,2.67310622657199e-05,"4","CCDC64"
"APCDD1",1.26900839231425e-09,2.24919048641035,1,1,2.69334341184777e-05,"4","APCDD1"
"IL36G",1.27719120835193e-09,3.52537555159649,1,1,2.71071062060614e-05,"4","IL36G"
"NIPAL4",1.30129203486651e-09,2.40852178939587,1,1,2.76186221480068e-05,"4","NIPAL4"
"FAM25HP",1.33234391807584e-09,1.88284403331161,1,1,2.82776673172416e-05,"4","FAM25HP"
"ELOVL7",1.37359613638356e-09,2.6532899152548,1,1,2.91532043986048e-05,"4","ELOVL7"
"KRTAP2-4",1.37394512574894e-09,3.98974226345719,1,1,2.91606113488954e-05,"4","KRTAP2-4"
"MYO5B",1.37691778819777e-09,1.95912904234208,1,1,2.92237031367096e-05,"4","MYO5B"
"RNASE7",1.40894008386734e-09,3.49426220018162,1,1,2.99033443400004e-05,"4","RNASE7"
"F2RL1",1.41870136858105e-09,2.09597261512617,1,1,3.01105178467643e-05,"4","F2RL1"
"UGT1A4",1.46285950306161e-09,1.915749406533,1,1,3.10477300929797e-05,"4","UGT1A4"
"LY6G6D",1.46607621253875e-09,4.26433027030108,1,1,3.11160015349224e-05,"4","LY6G6D"
"NANOGP2",1.50908219896994e-09,1.58551546641157,1,1,3.2028760590938e-05,"4","NANOGP2"
"KIAA1522",1.52968368023766e-09,1.61320000890134,1,1,3.2466006429364e-05,"4","KIAA1522"
"LIPH",1.53876799480995e-09,1.87983274877519,1,1,3.26588119218463e-05,"4","LIPH"
"NIPAL2",1.60086821444496e-09,1.35665615492912,1,1,3.39768269833799e-05,"4","NIPAL2"
"PMVK",1.73618841034135e-09,1.75318931385487,1,1,3.68488628210849e-05,"4","PMVK"
"SPRR2A",1.79291038044459e-09,3.41930176189953,1,1,3.80527299145559e-05,"4","SPRR2A"
"IL1RL2",1.80196927908781e-09,2.33574419040508,1,1,3.82449959793597e-05,"4","IL1RL2"
"TOM1L1",1.81048927661215e-09,2.17659720275042,1,1,3.84258244068162e-05,"4","TOM1L1"
"SLURP1",1.85429340788228e-09,3.74668152418069,1,1,3.93555232888936e-05,"4","SLURP1"
"IMPA2",1.88136103711711e-09,2.39403674501231,1,1,3.99300066517736e-05,"4","IMPA2"
"PLEKHH1",1.92952640379773e-09,2.13368856555698,1,1,4.0952268394203e-05,"4","PLEKHH1"
"HYAL4",1.93829139299881e-09,1.31470947889617,1,1,4.11382965250067e-05,"4","HYAL4"
"CRABP2",2.11321353384591e-09,1.97097680537286,1,1,4.48508440423456e-05,"4","CRABP2"
"NLRP10",2.16626728582695e-09,2.35046633736282,1,1,4.59768568743913e-05,"4","NLRP10"
"GAREM",2.17955881725012e-09,1.78245177190861,1,1,4.62589563373165e-05,"4","GAREM"
"ARHGEF37",2.18425349082801e-09,1.6571916450571,1,1,4.63585960893337e-05,"4","ARHGEF37"
"OTX1",2.20829362296658e-09,2.26532384363316,1,1,4.68688238538427e-05,"4","OTX1"
"NEBL",2.23073380206673e-09,2.05386172392542,1,1,4.73450942150643e-05,"4","NEBL"
"SERPINB7",2.32367417407944e-09,2.56403776236522,1,1,4.93176606706621e-05,"4","SERPINB7"
"USP2",2.41272100788322e-09,1.65098843333842,1,1,5.12075906713135e-05,"4","USP2"
"KRTAP4-6",2.51208531029303e-09,4.60849076996142,1,1,5.33164986256593e-05,"4","KRTAP4-6"
"GLB1L3",2.54422999588017e-09,2.01590042864927,1,1,5.39987374325607e-05,"4","GLB1L3"
"SERPINB2",2.68100978102738e-09,2.30140010615409,1,1,5.69017515925252e-05,"4","SERPINB2"
"S100A3",2.71857211949962e-09,2.14538197490719,1,1,5.769897466426e-05,"4","S100A3"
"LCE2C",2.73249938570606e-09,3.31985503988227,1,1,5.79945669622254e-05,"4","LCE2C"
"LPHN3",2.84503197000631e-09,2.78299814877237,1,1,6.03829585314139e-05,"4","LPHN3"
"KCNK10",2.85355404337599e-09,1.04651554388091,1,1,6.05638310166119e-05,"4","KCNK10"
"MPZL31",2.8894537847169e-09,1.64005353700409,1,1,6.13257671268316e-05,"4","MPZL3"
"RDH11",2.91165234680988e-09,1.29711555123037,1,1,6.17969094086929e-05,"4","RDH11"
"LGR5",2.91193403578514e-09,3.07476166011949,1,1,6.18028879755038e-05,"4","LGR5"
"FDFT1",3.00384153903633e-09,1.41052148753808,1,1,6.3753532824507e-05,"4","FDFT1"
"OXCT1",3.10443389274819e-09,1.81638732689519,1,1,6.58885049396877e-05,"4","OXCT1"
"TUFT1",3.24996100847292e-09,2.35441924809635,1,1,6.89771724438292e-05,"4","TUFT1"
"LGALS31",3.38066599230219e-09,1.28835224166803,1,1,7.17512550206217e-05,"4","LGALS3"
"SCNN1B",3.52135125755351e-09,2.09205726190317,1,1,7.47371590903157e-05,"4","SCNN1B"
"CCDC64B",3.57654646182662e-09,2.07312306251984,1,1,7.59086221058082e-05,"4","CCDC64B"
"MEGF9",3.65767059564073e-09,1.39276612617001,1,1,7.76304007218788e-05,"4","MEGF9"
"KLC3",3.67574856626958e-09,2.31567019524747,1,1,7.80140875705056e-05,"4","KLC3"
"C1orf210",3.81346018707082e-09,1.29240114421276,1,1,8.0936879010391e-05,"4","C1orf210"
"C91",4.10446633495621e-09,1.84096457345744,1,1,8.71131934931106e-05,"4","C9"
"KRT31",4.12624599809566e-09,2.88604500459319,1,1,8.75754450635822e-05,"4","KRT31"
"KLF5",4.16668850168804e-09,1.8929556400387,1,1,8.8433796759827e-05,"4","KLF5"
"PLCH2",4.19221583135528e-09,2.09917458851745,1,1,8.89755888046844e-05,"4","PLCH2"
"CORIN",4.21970897735853e-09,2.03788211980629,1,1,8.95591033354574e-05,"4","CORIN"
"KRT38",4.25417762543743e-09,2.05505786685984,1,1,9.02906659222839e-05,"4","KRT38"
"TRIM55",4.26555789306516e-09,2.05300016265169,1,1,9.05322007224149e-05,"4","TRIM55"
"PPFIBP2",4.34183054670269e-09,1.52499123989075,1,1,9.2151011523218e-05,"4","PPFIBP2"
"B4GALNT2",4.35751060638874e-09,2.22336081835985,1,1,9.24838051099947e-05,"4","B4GALNT2"
"HSD11B1",4.39842637243927e-09,3.18885555252991,1,1,9.33522013286512e-05,"4","HSD11B1"
"LCE1B",4.4081691879537e-09,3.22488365839609,1,1,9.35589828451292e-05,"4","LCE1B"
"C2orf54",4.47929809271588e-09,2.25282611717381,1,1,9.50686227198019e-05,"4","C2orf54"
"HPGD",4.49034209191166e-09,1.9597302946071,1,1,9.5303020558733e-05,"4","HPGD"
"AC022596.6",4.68973523130887e-09,2.61211491434524,1,1,9.95349405492995e-05,"4","AC022596.6"
"TNS4",4.69028988468541e-09,2.30069203540035,1,1,9.95467125125632e-05,"4","TNS4"
"BSPRY1",4.71562866106199e-09,1.02899597828777,1,1,0.00010008450270238,"4","BSPRY"
"KRT15",4.80379476833158e-09,2.34297002491367,1,1,0.00010195574016307,"4","KRT15"
"IL36B",4.80681686277155e-09,1.86210681223065,1,1,0.000102019881095463,"4","IL36B"
"CYB5R1",4.81873388254902e-09,1.24592849828402,1,1,0.00010227280792322,"4","CYB5R1"
"HSBP1L1",4.85446142967645e-09,2.2136042140437,1,1,0.000103031089383453,"4","HSBP1L1"
"EPS8L2",5.02881271925989e-09,1.6305731842107,1,1,0.000106731521153572,"4","EPS8L2"
"SERPINA12",5.08641320812106e-09,2.79454445673391,1,1,0.000107954033929161,"4","SERPINA12"
"SEZ6L",5.12268990316725e-09,2.2933175837942,1,1,0.000108723970504822,"4","SEZ6L"
"CAMSAP3",5.12357699011754e-09,2.41820105601749,1,1,0.000108742798038255,"4","CAMSAP3"
"BNC1",5.18223647468779e-09,2.30306178902713,1,1,0.000109987786938774,"4","BNC1"
"EFNA3",5.1921089402084e-09,2.03269409974851,1,1,0.000110197320146983,"4","EFNA3"
"OSBPL2",5.32802571793856e-09,1.09813811522967,1,1,0.000113082017837528,"4","OSBPL2"
"RNF39",5.43587494093841e-09,2.2498774037768,1,1,0.000115371009746477,"4","RNF39"
"BLNK",5.47688532749751e-09,1.37621705513892,1,1,0.000116241414190807,"4","BLNK"
"CES4A",5.56809040713012e-09,1.99900290367804,1,1,0.00011817715080093,"4","CES4A"
"ERBB2",5.61130463876364e-09,1.89880671741277,1,1,0.000119094329653119,"4","ERBB2"
"PIK3C2G",5.68570279674616e-09,2.33025053301398,1,1,0.000120673356158141,"4","PIK3C2G"
"NPC1",5.71559177460312e-09,1.28897928164209,1,1,0.000121307719824177,"4","NPC1"
"RAET1E",5.80446305775674e-09,1.41677422548745,1,1,0.000123193923937829,"4","RAET1E"
"IL20RB",5.97722574558547e-09,2.09827304809293,1,1,0.000126860639224306,"4","IL20RB"
"CD24P41",6.27036651401713e-09,1.85216887077791,1,1,0.0001330822588935,"4","CD24P4"
"CD1A",6.31895477638315e-09,1.90310918631991,1,1,0.000134113496173956,"4","CD1A"
"SPAG1",6.69635568304271e-09,1.58421296987086,1,1,0.000142123453016898,"4","SPAG1"
"CECR2",7.42320994746087e-09,1.97528716077911,1,1,0.00015755020792491,"4","CECR2"
"AP1M2",7.45953616450266e-09,1.13813471131039,1,1,0.000158321195555404,"4","AP1M2"
"MYH14",7.81308452302083e-09,1.94188095293989,1,1,0.000165824905916594,"4","MYH14"
"PYDC1",7.95532534080678e-09,1.15902162580004,1,1,0.000168843825033283,"4","PYDC1"
"KRTAP4-7",8.40570048899991e-09,6.07057935446111,1,1,0.000178402587178534,"4","KRTAP4-7"
"DDR1",8.77275663402134e-09,1.9494068929676,1,1,0.000186192986800469,"4","DDR1"
"NSDHL",8.98946758175033e-09,1.6390107316321,1,1,0.000190792459955069,"4","NSDHL"
"EGFR",9.03979876181289e-09,1.73146009022468,1,1,0.000191860688920717,"4","EGFR"
"SERTAD4",9.1376042675348e-09,2.07868213806477,1,1,0.000193936512974159,"4","SERTAD4"
"SLC52A1",9.25738338923814e-09,1.82000182114542,1,1,0.00019647870505319,"4","SLC52A1"
"FGFR2",9.34025210512732e-09,1.98951800482697,1,1,0.000198237510679222,"4","FGFR2"
"CACNA2D3",9.47027687661499e-09,1.85110375736632,1,1,0.000200997156429276,"4","CACNA2D3"
"TMEM91",9.4906851448169e-09,2.45524859006108,1,1,0.000201430301513594,"4","TMEM91"
"LCE1A",9.75035201754706e-09,3.33750262947379,1,1,0.000206941471220419,"4","LCE1A"
"CARD17",1.03364757000824e-08,1.26497734232924,1,1,0.000219381360258548,"4","CARD17"
"ALDH3A2",1.072163843955e-08,1.39863035573137,1,1,0.00022755605424101,"4","ALDH3A2"
"FOXC1",1.0799701310965e-08,1.88663413748807,1,1,0.00022921286062392,"4","FOXC1"
"LCN2",1.08895868941532e-08,1.2944728307381,1,1,0.000231120592241508,"4","LCN2"
"MVD",1.08935838981619e-08,1.78984418441964,1,1,0.000231205424654587,"4","MVD"
"ST13P20",1.0913175960488e-08,1.32272436527293,1,1,0.000231621246585397,"4","ST13P20"
"LYPD2",1.10798471311913e-08,1.79252429878371,1,1,0.000235158675512404,"4","LYPD2"
"CRCT1",1.11070126296085e-08,2.55645646549052,1,1,0.000235735236050812,"4","CRCT1"
"EPHA1",1.12062329370188e-08,1.6368746710905,1,1,0.000237841087855286,"4","EPHA1"
"MAP3K9",1.15511150482878e-08,1.50771068035907,1,1,0.000245160865784861,"4","MAP3K9"
"CDH22",1.17364901604231e-08,1.69571850975136,1,1,0.000249095267164819,"4","CDH22"
"POU3F3",1.19880926955276e-08,1.74177664856658,1,1,0.000254435279369878,"4","POU3F3"
"SLC25A35",1.21603298993188e-08,1.49878877979927,1,1,0.000258090841783142,"4","SLC25A35"
"PREP",1.21725260117695e-08,0.924706090450121,1,1,0.000258349692073797,"4","PREP"
"AADACL4",1.222721313237e-08,1.77507514023052,1,1,0.000259510371521422,"4","AADACL4"
"LCE2B",1.22771660375384e-08,2.95393668189011,1,1,0.000260570571980715,"4","LCE2B"
"ARHGAP32",1.25777814997732e-08,1.75695967186133,1,1,0.000266950834551185,"4","ARHGAP32"
"KCNK5",1.32041630406337e-08,1.80666283825801,1,1,0.00028024515637441,"4","KCNK5"
"DCD",1.3233167674549e-08,4.28998494264714,1,1,0.000280860750724628,"4","DCD"
"C6orf132",1.3254596383006e-08,2.27764153606897,1,1,0.000281315553632919,"4","C6orf132"
"LY751",1.33983865050641e-08,1.41904617414311,1,1,0.00028436735518348,"4","LY75"
"SRY",1.34186797021889e-08,4.49607268018398,1,1,0.000284798057999257,"4","SRY"
"FAM83F",1.3453752878471e-08,1.90551151365211,1,1,0.000285542451092668,"4","FAM83F"
"KRT33A",1.34621593511649e-08,4.6008140385823,1,1,0.000285720870069124,"4","KRT33A"
"SIRPAP1",1.35632073301882e-08,2.00002381596489,1,1,0.000287865512375915,"4","SIRPAP1"
"IRX3",1.37196186982794e-08,1.69466131516148,1,1,0.000291185187252281,"4","IRX3"
"PCP4L1",1.38950509561027e-08,2.82171737000044,1,1,0.000294908561492324,"4","PCP4L1"
"KPRP",1.41522883026497e-08,2.47351264489539,1,1,0.000300368166935438,"4","KPRP"
"ABCD3",1.41917154733908e-08,1.23369145986512,1,1,0.000301204969207247,"4","ABCD3"
"HSPA4L",1.42041783314409e-08,2.03775302576303,1,1,0.000301469480906502,"4","HSPA4L"
"MAB21L3",1.60947261545315e-08,2.27481063638114,1,1,0.000341594467903777,"4","MAB21L3"
"SULT1E1",1.62891136718704e-08,0.418138480688354,1,1,0.000345720148571778,"4","SULT1E1"
"AHNAK2",1.64012080585449e-08,1.70056750559504,1,1,0.000348099239834558,"4","AHNAK2"
"SPTBN2",1.69409117542566e-08,1.92235009282067,1,1,0.000359553911072343,"4","SPTBN2"
"WNT3",1.70607508985179e-08,1.99211877687332,1,1,0.000362097377070144,"4","WNT3"
"SLC16A7",1.72167491278787e-08,1.13459046602788,1,1,0.000365408283490097,"4","SLC16A7"
"SMPDL3A",1.73172453118491e-08,1.80374245533062,1,1,0.000367541214498686,"4","SMPDL3A"
"CYP4F3",1.75016381930711e-08,1.54970192005585,1,1,0.000371454769009741,"4","CYP4F3"
"DLX3",1.81495027488124e-08,0.79799793035124,1,1,0.000385205046340795,"4","DLX3"
"C5orf46",1.90221084931663e-08,1.9017258826865,1,1,0.000403725230658961,"4","C5orf46"
"TTC22",1.95350246119064e-08,2.0326065193096,1,1,0.000414611362363102,"4","TTC22"
"KRT72",1.96400360200438e-08,2.55203418794241,1,1,0.000416840124489409,"4","KRT72"
"C3orf52",1.96650616587691e-08,1.7289200533119,1,1,0.000417371268645716,"4","C3orf52"
"KCNK1",1.9672076896902e-08,2.13275911147168,1,1,0.000417520160059849,"4","KCNK1"
"FAM132A",1.97951382056295e-08,1.01090005131349,1,1,0.000420132013276281,"4","FAM132A"
"SOWAHB",1.99498159618736e-08,1.76446503603304,1,1,0.000423414893974805,"4","SOWAHB"
"DEGS2",1.99693526734778e-08,1.68993416627441,1,1,0.000423829541141892,"4","DEGS2"
"MAPKAPK3",2.02003784858002e-08,1.75183578252385,1,1,0.000428732832982623,"4","MAPKAPK3"
"PSG11",2.06452519927785e-08,2.41563215219268,1,1,0.000438174828294731,"4","PSG11"
"LCE1F",2.08871187711192e-08,2.62908197461235,1,1,0.000443308208798235,"4","LCE1F"
"MAL2",2.15106652884946e-08,2.72121087165586,1,1,0.00045654236008301,"4","MAL2"
"ACAA2",2.27667990536348e-08,2.06369914909425,1,1,0.000483202543114345,"4","ACAA2"
"TGFA",2.28773873406923e-08,1.34340258102872,1,1,0.000485549668918854,"4","TGFA"
"PIP4K2C",2.29499105406854e-08,1.09214078693211,1,1,0.000487088901315507,"4","PIP4K2C"
"KLK9",2.3095507819692e-08,1.68725208986071,1,1,0.000490179057965143,"4","KLK9"
"MECR",2.35702347101281e-08,1.47904284448108,1,1,0.000500254661487759,"4","MECR"
"PLA2G4B",2.36774348580629e-08,1.64071157766714,1,1,0.000502529877427527,"4","PLA2G4B"
"TCERG1L",2.3915755703599e-08,1.19447789949944,1,1,0.000507587999053186,"4","TCERG1L"
"NQO2",2.41201654855743e-08,1.31868380767636,1,1,0.00051192639226583,"4","NQO2"
"GSTA3",2.43554483346598e-08,1.69379549321316,1,1,0.000516920035454819,"4","GSTA3"
"SH3GL3",2.46693647012394e-08,1.26436450565921,1,1,0.000523582596419105,"4","SH3GL3"
"RIMS2",2.55845309613579e-08,3.99486025906756,1,1,0.00054300608512386,"4","RIMS2"
"KRTAP9-2",2.56386129181618e-08,2.92355191793296,1,1,0.000544153920575066,"4","KRTAP9-2"
"KCND31",2.57678603373543e-08,1.9817459182261,1,1,0.000546897067800007,"4","KCND3"
"ACAD9",2.5786889212603e-08,1.29163051061348,1,1,0.000547300936648287,"4","ACAD9"
"CAPN14",2.61994241007709e-08,1.60033012759119,1,1,0.000556056577114761,"4","CAPN14"
"CD164L2",2.6252628891587e-08,0.896823197242792,1,1,0.000557185795595042,"4","CD164L2"
"PRRG2",2.6303414466947e-08,2.3896353767748,1,1,0.000558263668646483,"4","PRRG2"
"WWC11",2.65107405333789e-08,1.70606537111296,1,1,0.000562663957080434,"4","WWC1"
"GSTA4",2.69428434734799e-08,1.33951563330247,1,1,0.000571834909881138,"4","GSTA4"
"CDHR1",2.70712346865191e-08,1.67873221693955,1,1,0.000574559884986681,"4","CDHR1"
"KIAA05131",2.70721268072131e-08,1.55287342290013,1,1,0.000574578819356291,"4","KIAA0513"
"WNT4",2.74918552810493e-08,1.76222631817433,1,1,0.00058348713648499,"4","WNT4"
"EPHA4",2.83761970641812e-08,1.7039039833428,1,1,0.000602256406490181,"4","EPHA4"
"C16orf70",2.86139947643778e-08,1.15765828931833,1,1,0.000607303424879154,"4","C16orf70"
"AGPAT3",2.87876893004273e-08,1.64571421141,1,1,0.000610989917712269,"4","AGPAT3"
"RALGPS2",2.99649215573105e-08,1.70264866030097,1,1,0.000635975495132359,"4","RALGPS2"
"CPEB41",3.02310505467082e-08,1.34281292058046,1,1,0.000641623816803335,"4","CPEB4"
"ELMOD1",3.03869925159841e-08,2.15015699043222,1,1,0.000644933529159246,"4","ELMOD1"
"KRTAP9-8",3.16654849547462e-08,4.12336012714526,1,1,0.000672068252679533,"4","KRTAP9-8"
"SLC31A1",3.1803366184553e-08,1.79616324766339,1,1,0.000674994643900954,"4","SLC31A1"
"KRT16P5",3.18537093064479e-08,1.38047242073596,1,1,0.00067606312632005,"4","KRT16P5"
"LYPD6B",3.19616747080286e-08,2.57147549986148,1,1,0.000678354584003199,"4","LYPD6B"
"SEPT3",3.2079759635659e-08,1.34646981896129,1,1,0.000680860818507226,"4","SEPT3"
"SPNS2",3.29152045142507e-08,1.76973647590205,1,1,0.000698592300610458,"4","SPNS2"
"TRPV6",3.3302695581086e-08,1.93195805305526,1,1,0.000706816411012969,"4","TRPV6"
"KRT77",3.34091346485242e-08,1.86491082558911,1,1,0.000709075473780278,"4","KRT77"
"DBI",3.396499682785e-08,1.33008663513928,1,1,0.000720873092674289,"4","DBI"
"SLC28A3",3.4688103470445e-08,1.57668083687589,1,1,0.000736220308056725,"4","SLC28A3"
"PPARA",3.47122893752175e-08,1.25683075468345,1,1,0.000736733629699616,"4","PPARA"
"KRT86",3.68182984010874e-08,2.65844818420521,1,1,0.000781431565264679,"4","KRT86"
"ZNF750",3.69314396591444e-08,1.65653529997781,1,1,0.00078383287532568,"4","ZNF750"
"IL1RN",3.81796504020305e-08,1.91839020624043,1,1,0.000810324900132696,"4","IL1RN"
"KRT81",3.87357973107398e-08,5.06968453695817,1,1,0.000822128562123141,"4","KRT81"
"PAFAH2",3.93973148638041e-08,1.60072647987855,1,1,0.000836168610669377,"4","PAFAH2"
"XDH",3.98929581936463e-08,1.65444712242968,1,1,0.000846688144701949,"4","XDH"
"CD44",4.00733736641521e-08,1.40546121504418,1,1,0.000850517282647963,"4","CD44"
"MFSD6",4.08722147675845e-08,1.30002469318562,1,1,0.000867471886227214,"4","MFSD6"
"GRM1",4.09466746153702e-08,2.34324470483933,1,1,0.000869052222036616,"4","GRM1"
"OGDH",4.12412262742135e-08,0.830672851882699,1,1,0.000875303786443907,"4","OGDH"
"SAR1B",4.12505504067457e-08,1.03489275754427,1,1,0.000875501681832772,"4","SAR1B"
"PFKFB21",4.21885116241411e-08,1.55331102136362,1,1,0.000895408970710772,"4","PFKFB2"
"MARVELD2",4.22116724577394e-08,1.73341392198149,1,1,0.00089590053624306,"4","MARVELD2"
"C1orf116",4.2739228256393e-08,1.10520762425197,1,1,0.000907097380513686,"4","C1orf116"
"CA13",4.30568414929529e-08,1.82088443444019,1,1,0.000913838403846432,"4","CA13"
"TMEM54",4.41484906856075e-08,1.74628224991119,1,1,0.000937007566311334,"4","TMEM54"
"MAPK13",4.4224004136984e-08,1.90132486412866,1,1,0.000938610263803349,"4","MAPK13"
"TECR",4.46140196987461e-08,1.46159766850597,1,1,0.000946887954086188,"4","TECR"
"CDKL21",4.68193482031491e-08,1.49680895232655,1,1,0.000993693846263636,"4","CDKL2"
"SLC6A14",4.72058380401529e-08,1.27609458142222,1,1,0.00100189670656421,"4","SLC6A14"
"ASPHD2",4.83817191660608e-08,1.42528624092332,1,1,0.00102685360758047,"4","ASPHD2"
"GATM",4.85184079942724e-08,1.76362826121883,1,1,0.00102975469127044,"4","GATM"
"KRTAP9-7",4.86631574270554e-08,5.41884343843334,1,1,0.00103282685323182,"4","KRTAP9-7"
"LIPN",4.86783793638346e-08,1.71065405440032,1,1,0.00103314992361802,"4","LIPN"
"SH3BP1",4.93965173241219e-08,1.1826509583724,1,1,0.00104839168368716,"4","SH3BP1"
"C5orf27",5.26312646198676e-08,1.53218898993419,1,1,0.00111704596029207,"4","C5orf27"
"CNKSR3",5.27710195451775e-08,1.47181188878834,1,1,0.00112001211882685,"4","CNKSR3"
"GAN",5.29105809294174e-08,1.75143080806447,1,1,0.00112297416964595,"4","GAN"
"FASN",5.4228472038851e-08,2.80412582301165,1,1,0.00115094509055257,"4","FASN"
"STMN2",5.47113920471351e-08,2.25865510830968,1,1,0.0011611945848084,"4","STMN2"
"PPIP5K1",5.50285245928098e-08,1.37145935419139,1,1,0.00116792540595779,"4","PPIP5K1"
"PPP2R2C",5.54465309037515e-08,2.72324328797667,1,1,0.00117679717190122,"4","PPP2R2C"
"FARP2",5.57696515527774e-08,1.06206268867219,1,1,0.00118365508455615,"4","FARP2"
"LRRC1",5.63224223211499e-08,1.55036618293203,1,1,0.00119538709134409,"4","LRRC1"
"RNF43",5.67322155041171e-08,1.40462276810686,1,1,0.00120408454185938,"4","RNF43"
"VSIG10L",5.68277792730307e-08,2.00937369273636,1,1,0.0012061127872908,"4","VSIG10L"
"MPZL21",5.71768967984326e-08,1.38070793640149,1,1,0.00121352245764993,"4","MPZL2"
"LRP111",5.75042677160619e-08,1.35904364815589,1,1,0.0012204705780057,"4","LRP11"
"C12orf56",5.89920223220687e-08,1.21939441937681,1,1,0.00125204668176359,"4","C12orf56"
"PSG10P",6.02578303517046e-08,2.58217880274737,1,1,0.00127891219138458,"4","PSG10P"
"BCL11B",6.09382809655265e-08,1.45862703912382,1,1,0.00129335407521233,"4","BCL11B"
"GLYATL1",6.11880468521153e-08,1.36154396249112,1,1,0.00129865510638929,"4","GLYATL1"
"CELSR1",6.15403900780487e-08,1.52454464608134,1,1,0.00130613323901651,"4","CELSR1"
"PAK6",6.18075497333898e-08,1.97495671019039,1,1,0.00131180343554147,"4","PAK6"
"CDS1",6.31129524689629e-08,1.25813781019401,1,1,0.00133950930320127,"4","CDS1"
"PTGDS1",6.38665841903229e-08,1.56144203615886,1,1,0.00135550438285541,"4","PTGDS"
"PDK31",6.39288563440326e-08,1.38773971777,1,1,0.00135682604704575,"4","PDK3"
"CYP27C1",6.55786709036012e-08,1.82299662015596,1,1,0.00139184171125803,"4","CYP27C1"
"TSTD1",6.60168283216233e-08,1.24412232446188,1,1,0.00140114116429813,"4","TSTD1"
"EMP2",6.6051811471842e-08,1.65969891336398,1,1,0.00140188364667837,"4","EMP2"
"MANEAL",6.63537879443952e-08,1.09671575922169,1,1,0.00140829279533184,"4","MANEAL"
"LGALS7",6.64738524454103e-08,2.38368549449666,1,1,0.00141084104430139,"4","LGALS7"
"RP11-488I20.7",6.70458791129145e-08,1.26748990874718,1,1,0.0014229817382925,"4","RP11-488I20.7"
"TEX35",6.96287846637269e-08,1.14835655529967,1,1,0.00147780132570294,"4","TEX35"
"SLC25A11",7.19962334152833e-08,1.73221179201857,1,1,0.00152804805800597,"4","SLC25A11"
"IPPK",7.4315802634375e-08,1.51272256019265,1,1,0.00157727859511197,"4","IPPK"
"GAS7",7.43534358639906e-08,1.3065151409975,1,1,0.00157807732277734,"4","GAS7"
"PSG9",7.45355824494586e-08,2.59067591539693,1,1,0.00158194320190731,"4","PSG9"
"PSG2",7.51978728008299e-08,2.86221309379641,1,1,0.00159599965232481,"4","PSG2"
"ATP5G1P6",7.52711844635034e-08,1.69140759887617,1,1,0.0015975556190534,"4","ATP5G1P6"
"SLC47A2",7.69348856570799e-08,1.72816445777859,1,1,0.00163286601318586,"4","SLC47A2"
"TMEM97",7.72677097660732e-08,2.38685500934064,1,1,0.00163992987207514,"4","TMEM97"
"PSG5",7.74361642570312e-08,2.17940321049218,1,1,0.00164350515019123,"4","PSG5"
"BBOX1",7.82373626126368e-08,2.28426478047324,1,1,0.0016605097840906,"4","BBOX1"
"TMEM164",7.9391219241939e-08,1.81639659120417,1,1,0.00168499923719091,"4","TMEM164"
"OTOP2",7.94173485711438e-08,1.04116086614712,1,1,0.00168555380607396,"4","OTOP2"
"PAPD7",8.04255183680186e-08,0.800268080891122,1,1,0.00170695120184283,"4","PAPD7"
"CHP1",8.09429631608806e-08,1.28464391548566,1,1,0.00171793345012653,"4","CHP1"
"AZGP1P1",8.15373047994669e-08,1.70584729167071,1,1,0.00173054775706388,"4","AZGP1P1"
"PEX3",8.72873350097493e-08,1.54480270165028,1,1,0.00185258639824692,"4","PEX3"
"KRT17P2",8.78779008258261e-08,1.16719203893101,1,1,0.00186512056712733,"4","KRT17P2"
"MLANA",8.86359517945913e-08,2.39235028819288,1,1,0.00188120944088841,"4","MLANA"
"SLC10A6",8.86702856243713e-08,1.62909032563529,1,1,0.00188193814209166,"4","SLC10A6"
"GLB1L2",8.87344508299426e-08,1.77367282191953,1,1,0.0018832999844147,"4","GLB1L2"
"KRTAP3-1",9.00993612892851e-08,1.18048202420103,1,1,0.00191226884400379,"4","KRTAP3-1"
"TMEM56",9.04514797559279e-08,1.92086976371021,1,1,0.00191974220633981,"4","TMEM56"
"EML6",9.09960924358003e-08,1.32645070854573,1,1,0.00193130106585743,"4","EML6"
"INADL",9.27893941503885e-08,1.35981823409685,1,1,0.00196936210144785,"4","INADL"
"ITGB4",9.3342334109937e-08,0.962058098752667,1,1,0.0019810976991493,"4","ITGB4"
"PAQR5",9.34882754692713e-08,1.72627450672443,1,1,0.00198419515855981,"4","PAQR5"
"MMP27",9.40510157677196e-08,1.65477738928737,1,1,0.00199613875865408,"4","MMP27"
"MSX2",9.47691900212008e-08,1.95535861857532,1,1,0.00201138128900997,"4","MSX2"
"PLEKHN1",9.50155218790667e-08,1.88933148381145,1,1,0.00201660943636131,"4","PLEKHN1"
"TBL1Y",9.50746665518949e-08,3.40785765600139,1,1,0.00201786472289742,"4","TBL1Y"
"DOPEY2",1.01994931899471e-07,1.33228407782986,1,1,0.00216474043463438,"4","DOPEY2"
"CYP2B6",1.02537777515514e-07,2.45815482370922,1,1,0.00217626178998928,"4","CYP2B6"
"ZNF185",1.03946198673404e-07,1.22269290244687,1,1,0.00220615412064432,"4","ZNF185"
"AADACL2",1.04740431732583e-07,2.08398445641897,1,1,0.00222301092309235,"4","AADACL2"
"SCNN1A",1.05466702215333e-07,1.60646659540434,1,1,0.00223842528781823,"4","SCNN1A"
"ATP7A",1.088630240862e-07,1.1214785046851,1,1,0.00231050882320551,"4","ATP7A"
"CXCL14",1.09954251175049e-07,1.68639595414669,1,1,0.00233366902693925,"4","CXCL14"
"PSG1",1.11471934527509e-07,2.28307797621567,1,1,0.00236588033841184,"4","PSG1"
"AQP5",1.13641427064864e-07,1.83029392634285,1,1,0.00241192564802468,"4","AQP5"
"FSTL4",1.14309041320049e-07,1.41838119955047,1,1,0.00242609509297671,"4","FSTL4"
"ACSM3",1.14455959694517e-07,1.72663455825233,1,1,0.00242921328855643,"4","ACSM3"
"COL7A1",1.14598268914892e-07,1.0795914313393,1,1,0.00243223365944966,"4","COL7A1"
"OLFM2",1.14630632364178e-07,2.39044869396981,1,1,0.00243292054129732,"4","OLFM2"
"CYB5A",1.15663637398207e-07,2.09524729602914,1,1,0.00245484504013955,"4","CYB5A"
"DUSP14",1.16188163339932e-07,1.76352787138987,1,1,0.00246597757872671,"4","DUSP14"
"KCTD1",1.17737041927156e-07,1.47686290690191,1,1,0.00249885097786195,"4","KCTD1"
"GBA",1.17758027136414e-07,1.36891537226176,1,1,0.00249929636794325,"4","GBA"
"ZNF165",1.18430659767391e-07,1.8348990866697,1,1,0.0025135723229031,"4","ZNF165"
"KRTAP9-4",1.21081117861212e-07,2.88466403490699,1,1,0.00256982564548636,"4","KRTAP9-4"
"SULT4A1",1.25123307017522e-07,1.11820344517735,1,1,0.00265561706813989,"4","SULT4A1"
"MTHFD1P1",1.27073428822283e-07,1.59600033714285,1,1,0.00269700645332414,"4","MTHFD1P1"
"SERPINA9",1.2976215500706e-07,2.02823016413173,1,1,0.00275407197786984,"4","SERPINA9"
"DNER",1.37942242114059e-07,1.86562282752825,1,1,0.00292768614662879,"4","DNER"
"MSRB1",1.39316111552747e-07,1.7760429391103,1,1,0.00295684515159549,"4","MSRB1"
"LELP1",1.39560592987629e-07,1.65909184575156,1,1,0.00296203402556945,"4","LELP1"
"TMEM86A",1.39962357263206e-07,1.84553579180219,1,1,0.00297056107055428,"4","TMEM86A"
"RBBP8NL",1.40976581901499e-07,1.14716603487453,1,1,0.00299208697427741,"4","RBBP8NL"
"ZNF385A",1.42521644954322e-07,1.1694087859709,1,1,0.00302487939251052,"4","ZNF385A"
"MOXD1",1.425600200402e-07,1.60216264676496,1,1,0.00302569386533321,"4","MOXD1"
"WDR72",1.42961939933562e-07,1.98148411540176,1,1,0.00303422421314992,"4","WDR72"
"C11orf80",1.43205389133408e-07,1.19260731684974,1,1,0.00303939117896745,"4","C11orf80"
"UBIAD1",1.45452326425493e-07,1.93588398409263,1,1,0.00308708017605466,"4","UBIAD1"
"AGA",1.45856149567323e-07,1.19103942233696,1,1,0.00309565091841686,"4","AGA"
"SLC27A4",1.47392178558755e-07,1.40290295760011,1,1,0.00312825159773101,"4","SLC27A4"
"HSD17B7",1.49838763292064e-07,1.17193095187495,1,1,0.00318017791211077,"4","HSD17B7"
"TACC2",1.5060701680873e-07,1.70898017532246,1,1,0.00319648332474849,"4","TACC2"
"FAXDC2",1.54685948656344e-07,1.58294003972474,1,1,0.00328305457428225,"4","FAXDC2"
"GRAMD1C",1.55062748518057e-07,1.2253724556098,1,1,0.00329105177454725,"4","GRAMD1C"
"RP11-434D2.6",1.55903291877308e-07,1.16752727127734,1,1,0.00330889146680399,"4","RP11-434D2.6"
"MREG",1.57766844809375e-07,1.30342433513461,1,1,0.00334844351423418,"4","MREG"
"AC012313.1",1.59486806245333e-07,2.00504635985068,1,1,0.00338494797575095,"4","AC012313.1"
"ZDHHC13",1.62166861705116e-07,1.31081729833782,1,1,0.00344182947282937,"4","ZDHHC13"
"LCE6A",1.6309031178755e-07,2.73397930407227,1,1,0.00346142877737896,"4","LCE6A"
"ENTPD2",1.65927082509959e-07,1.40680009350314,1,1,0.00352163639919137,"4","ENTPD2"
"SERPINB8",1.67243937953232e-07,1.64197658217387,1,1,0.00354958533911939,"4","SERPINB8"
"CD1E",1.68324866178195e-07,2.08790159746794,1,1,0.00357252695976601,"4","CD1E"
"MGST11",1.69164664113717e-07,1.95566424914186,1,1,0.00359035083114953,"4","MGST1"
"C8orf12",1.69838162516364e-07,1.2809336042534,1,1,0.00360464516124731,"4","C8orf12"
"LIPG",1.70159383185889e-07,1.99610877581761,1,1,0.00361146274873731,"4","LIPG"
"IRX2",1.74037059284808e-07,1.64762020944773,1,1,0.00369376254626076,"4","IRX2"
"RP11-268J15.5",1.75186954661488e-07,1.25545186266315,1,1,0.00371816792573541,"4","RP11-268J15.5"
"PTPRF",1.7579391508822e-07,1.61731481076763,1,1,0.00373105005383238,"4","PTPRF"
"ENTHD1",1.76171900509064e-07,1.41469114853969,1,1,0.00373907241640438,"4","ENTHD1"
"C1orf68",1.79222568656489e-07,2.26684372114366,1,1,0.00380381979716532,"4","C1orf68"
"ANKRD19P",1.82110351803747e-07,1.03388742024958,1,1,0.00386511010668273,"4","ANKRD19P"
"AL603965.1",1.82635246164199e-07,1.97905831609184,1,1,0.00387625046458895,"4","AL603965.1"
"LCE2A",1.82968312921844e-07,3.08279268489647,1,1,0.00388331947345322,"4","LCE2A"
"CHRNB1",1.84635879754221e-07,0.92134272573346,1,1,0.00391871191190358,"4","CHRNB1"
"MPP7",1.84990712654174e-07,1.46758755380004,1,1,0.00392624288537219,"4","MPP7"
"ELOVL1",1.8813918855003e-07,1.35182966555237,1,1,0.00399306613778583,"4","ELOVL1"
"PITX11",1.89783242987452e-07,1.89124415043942,1,1,0.00402795954916567,"4","PITX1"
"QPCT",1.94485861626358e-07,1.38110513404808,1,1,0.00412776792715781,"4","QPCT"
"DPP10",1.96098335258749e-07,1.42299024077854,1,1,0.00416199106753169,"4","DPP10"
"ANXA8",2.00207086898416e-07,2.15699716551863,1,1,0.00424919521233198,"4","ANXA8"
"MAPK8IP2",2.00937259617191e-07,2.28033451777841,1,1,0.00426469239811527,"4","MAPK8IP2"
"BAIAP2",2.04178435901179e-07,1.39428047811718,1,1,0.00433348312356663,"4","BAIAP2"
"TRIM7",2.0591120242728e-07,1.39627978036817,1,1,0.00437025936031659,"4","TRIM7"
"GATA3",2.1195262208296e-07,1.33315251977066,1,1,0.00449848245108875,"4","GATA3"
"SLC36A3",2.12393387745834e-07,2.3487296482936,1,1,0.00450783726151759,"4","SLC36A3"
"FCHSD1",2.12992838215719e-07,1.2790645290638,1,1,0.00452055999829042,"4","FCHSD1"
"CLIP4",2.14001010223554e-07,1.53024434939831,1,1,0.0045419574409847,"4","CLIP4"
"STRC",2.17351668717671e-07,2.53317176735202,1,1,0.00461307181686385,"4","STRC"
"OCA2",2.18216724646357e-07,1.68784733192423,1,1,0.00463143176389428,"4","OCA2"
"TFCP2L1",2.298549312245e-07,1.66072652971789,1,1,0.0048784410603088,"4","TFCP2L1"
"ALX1",2.34286802653444e-07,1.97082757737891,1,1,0.0049725030995167,"4","ALX1"
"ACSS2",2.41353532635683e-07,1.41099265441582,1,1,0.00512248737665974,"4","ACSS2"
"SLC6A2",2.41656446434622e-07,1.97820934037957,1,1,0.00512891641912841,"4","SLC6A2"
"SLC22A9",2.58247682368916e-07,1.24670399655099,1,1,0.00548104881059786,"4","SLC22A9"
"DHRS9",2.62982544173177e-07,1.66961070000844,1,1,0.00558154151753151,"4","DHRS9"
"LPAR3",2.67758524926336e-07,1.01115457680436,1,1,0.00568290693303656,"4","LPAR3"
"RALGPS1",2.71984180339982e-07,1.28920825378959,1,1,0.00577259224353578,"4","RALGPS1"
"SORD1",2.78751623121578e-07,1.23853730125726,1,1,0.00591622444913236,"4","SORD"
"DENND2D",2.79231460040035e-07,1.27400784845873,1,1,0.00592640850788969,"4","DENND2D"
"FOXQ1",2.80686699353158e-07,1.79031673726194,1,1,0.00595729450707143,"4","FOXQ1"
"POU3F1",2.82317702726086e-07,1.94624975926069,1,1,0.00599191092265845,"4","POU3F1"
"XCR1",2.85118657741256e-07,1.68013809392144,1,1,0.00605135839190042,"4","XCR1"
"NPEPPS",2.88977069692497e-07,0.757920159360719,1,1,0.00613324932715355,"4","NPEPPS"
"HNRNPA1P54",2.90619861757116e-07,1.26897438297378,1,1,0.00616811594593302,"4","HNRNPA1P54"
"KRT35",2.9365576408045e-07,3.36298019155576,1,1,0.00623254993684348,"4","KRT35"
"P2RY4",2.98480455133308e-07,1.46822625364757,1,1,0.00633494917974932,"4","P2RY4"
"RORA",3.02462157812197e-07,1.29182837904048,1,1,0.00641945683740606,"4","RORA"
"LGR4",3.03682957391033e-07,1.68446664044808,1,1,0.00644536708766728,"4","LGR4"
"LRRC8E",3.07542158489069e-07,0.926674760362062,1,1,0.00652727477177201,"4","LRRC8E"
"PLB1",3.08489347085011e-07,0.89018667957361,1,1,0.00654737790253227,"4","PLB1"
"CYP2C18",3.17719677310184e-07,1.53254849912536,1,1,0.00674328243123134,"4","CYP2C18"
"ACADM",3.21143172682354e-07,1.71946558378406,1,1,0.00681594269701028,"4","ACADM"
"BRI3BP",3.22568089102611e-07,1.55153503383472,1,1,0.00684618512311382,"4","BRI3BP"
"MEMO1P1",3.2633427540644e-07,1.10036476055352,1,1,0.00692611866122629,"4","MEMO1P1"
"WNT16",3.28858221284628e-07,2.12797124707558,1,1,0.00697968688854494,"4","WNT16"
"TMPRSS4",3.2901109722491e-07,1.63231143740405,1,1,0.00698293152750149,"4","TMPRSS4"
"SQRDL",3.66174613455746e-07,0.734721319205782,1,1,0.00777168999598475,"4","SQRDL"
"KRTAP8-1",3.68467947827623e-07,1.61772238147524,1,1,0.00782036372469347,"4","KRTAP8-1"
"ARHGAP40",3.69159388245629e-07,1.76324412344408,1,1,0.00783503885612524,"4","ARHGAP40"
"L3MBTL4",3.71124037856238e-07,1.26912561143037,1,1,0.0078767365794608,"4","L3MBTL4"
"KRTAP3-2",3.7178681014441e-07,2.19112466631429,1,1,0.00789080325850495,"4","KRTAP3-2"
"SGPL1",3.76648023091763e-07,1.05560349676278,1,1,0.00799397764209957,"4","SGPL1"
"NDRG1",3.81252551938654e-07,1.41157321788529,1,1,0.00809170416234599,"4","NDRG1"
"MTMR1",3.86450944121052e-07,0.92699555810122,1,1,0.00820203483802522,"4","MTMR1"
"ENPP3",3.8679660467863e-07,1.77008584185243,1,1,0.00820937113769924,"4","ENPP3"
"ITGB8",3.89927360854374e-07,1.36320420761496,1,1,0.00827581830677323,"4","ITGB8"
"DUOXA2",3.9135243305126e-07,1.78159608788497,1,1,0.00830606403907994,"4","DUOXA2"
"PSAT1",3.91467463644253e-07,1.53989135123614,1,1,0.00830850544838563,"4","PSAT1"
"KRTAP5-4",3.93089413134966e-07,1.73818685173288,1,1,0.00834292970437652,"4","KRTAP5-4"
"SLCO4C1",3.94740287284322e-07,1.20289313744069,1,1,0.00837796785732245,"4","SLCO4C1"
"ANXA8L1",3.96956793892687e-07,2.39777106067898,1,1,0.00842501099357839,"4","ANXA8L1"
"C1orf74",3.97183371678688e-07,1.81866700280058,1,1,0.00842981988050848,"4","C1orf74"
"CLNK",3.97478166296614e-07,1.81886992054544,1,1,0.00843607660147933,"4","CLNK"
"FAR2",3.99036994677678e-07,2.48572691280257,1,1,0.00846916117503905,"4","FAR2"
"SRCIN1",4.00889640702372e-07,1.55782357539861,1,1,0.00850848173426715,"4","SRCIN1"
"PLEKHG3",4.02204724137521e-07,1.24716672515888,1,1,0.00853639306509476,"4","PLEKHG3"
"NGEF",4.05614197055278e-07,0.990535437957854,1,1,0.00860875571830122,"4","NGEF"
"GPR37",4.09458019370293e-07,1.06797317660286,1,1,0.00869033700311509,"4","GPR37"
"CRB3",4.10828468385267e-07,2.33871102759915,1,1,0.00871942341300891,"4","CRB3"
"NIT2",4.18760452805355e-07,1.0508737879116,1,1,0.00888777185034085,"4","NIT2"
"FGFR3",4.30343871146977e-07,1.70675573586125,1,1,0.00913361832122343,"4","FGFR3"
"EXPH5",4.34700084360954e-07,1.50575787732933,1,1,0.00922607459047689,"4","EXPH5"
"DDHD1",4.42211629698146e-07,1.19473223647102,1,1,0.00938549962871345,"4","DDHD1"
"TPRG1",4.58399136193056e-07,1.35878240093276,1,1,0.00972906326656142,"4","TPRG1"
"GRAMD4",4.63648667479705e-07,0.894214160706515,1,1,0.00984047931858927,"4","GRAMD4"
"P2RX7",4.65199545412366e-07,2.06513869571073,1,1,0.00987339515183206,"4","P2RX7"
"RNF208",4.70312697044212e-07,0.952952255022007,1,1,0.00998191668206635,"4","RNF208"
"DMBX1",4.76571437964472e-07,1.50771768633882,1,1,0.010114752199358,"4","DMBX1"
"LGALS9C",4.80678330373696e-07,1.53395230383985,1,1,0.0102019168838513,"4","LGALS9C"
"ATP6V1D1",4.97609184998003e-07,0.795891733143064,1,1,0.0105612573423976,"4","ATP6V1D"
"RASA4CP",5.06611957032725e-07,1.39450453353327,1,1,0.0107523321760626,"4","RASA4CP"
"MYO5A",5.16758644710087e-07,0.84786621620432,1,1,0.0109676854753269,"4","MYO5A"
"IGFL1",5.3085176696304e-07,2.31394845189564,1,1,0.0112667979020236,"4","IGFL1"
"ACSF2",5.45598536117867e-07,1.58371180634958,1,1,0.0115797833305656,"4","ACSF2"
"IFNLR1",5.54805178888244e-07,2.02484529326829,1,1,0.0117751851167241,"4","IFNLR1"
"EPHB3",5.55527007936543e-07,1.57112071373706,1,1,0.0117905052164452,"4","EPHB3"
"RPS6KA61",5.55783630967318e-07,1.26624872593206,1,1,0.0117959517836504,"4","RPS6KA6"
"PAX3",5.72824019572308e-07,1.84799896607792,1,1,0.0121576169914027,"4","PAX3"
"TPSAB1",5.94806178299476e-07,1.85007669667809,1,1,0.0126241663282281,"4","TPSAB1"
"SDK21",5.99165396022284e-07,1.39633781903899,1,1,0.0127166863651769,"4","SDK2"
"IL17RE",6.20412547100657e-07,1.47621976687447,1,1,0.0131676358996643,"4","IL17RE"
"XG",6.27428581077743e-07,0.585834011894738,1,1,0.013316544204794,"4","XG"
"HCN2",6.31046945324981e-07,1.40818578481465,1,1,0.0133933403675774,"4","HCN2"
"ALDH5A1",6.49453016243792e-07,1.44641908061422,1,1,0.0137839908167582,"4","ALDH5A1"
"KRTAP4-11",6.52359952274533e-07,2.37829228322081,1,1,0.0138456876270747,"4","KRTAP4-11"
"LSR",6.5560091435837e-07,1.0557868836216,1,1,0.0139144738063421,"4","LSR"
"PPARGC1A",6.56677915272813e-07,1.8031293158737,1,1,0.0139373320737502,"4","PPARGC1A"
"KRT83",6.59094173129452e-07,0.544535923189461,1,1,0.0139886147304995,"4","KRT83"
"BTBD11",6.68451146808347e-07,1.52201674041121,1,1,0.0141872071398604,"4","BTBD11"
"IGFL4",6.71714349246602e-07,1.31423340891148,1,1,0.0142564653484099,"4","IGFL4"
"CLIP1",6.77375786957791e-07,1.08470774996974,1,1,0.0143766237023922,"4","CLIP1"
"TMEM237",6.93767051122941e-07,0.878442517873564,1,1,0.0147245118930333,"4","TMEM237"
"PPFIA3",7.01860647881093e-07,1.7449075663186,1,1,0.0148962903906283,"4","PPFIA3"
"FDPS",7.08330364473001e-07,1.1918427220236,1,1,0.015033603655575,"4","FDPS"
"PEX7",7.10707536543063e-07,0.98819900650083,1,1,0.01508405675559,"4","PEX7"
"PCSK2",7.13823871899637e-07,1.49710310208823,1,1,0.0151501978571979,"4","PCSK2"
"HSPA2",7.1937202031063e-07,1.6670966364641,1,1,0.0152679517590728,"4","HSPA2"
"SFMBT1",7.29503264945899e-07,1.13642441602214,1,1,0.0154829772952118,"4","SFMBT1"
"TYR",7.3334082384644e-07,1.279461339755,1,1,0.0155644256453168,"4","TYR"
"AC005351.1",7.54903432034626e-07,1.05423447092445,1,1,0.0160220704415029,"4","AC005351.1"
"ACAD8",7.70839558142947e-07,1.47180285243896,1,1,0.0163602987820259,"4","ACAD8"
"METRNL",7.71799833162663e-07,1.37356331714212,1,1,0.0163806796590444,"4","METRNL"
"HSD17B81",7.82195841588512e-07,0.940505633657919,1,1,0.0166013245418746,"4","HSD17B8"
"ABTB2",7.88094077183709e-07,1.52864125503615,1,1,0.016726508694147,"4","ABTB2"
"CNTN1",7.91275332996427e-07,1.66617719980585,1,1,0.0167940276675162,"4","CNTN1"
"SEC14L4",8.11397115977265e-07,2.18192814501355,1,1,0.0172210923895015,"4","SEC14L4"
"SLITRK31",8.14501018406607e-07,1.12493508734558,1,1,0.0172869696146618,"4","SLITRK3"
"KLK12",8.19119680358552e-07,1.52423049801889,1,1,0.0173849960959299,"4","KLK12"
"DAPP1",8.81187029789785e-07,0.788147502230201,1,1,0.0187023135202584,"4","DAPP1"
"UCN2",8.92821031020281e-07,1.09057208559165,1,1,0.0189492335623744,"4","UCN2"
"EDN3",8.96700112937897e-07,1.0447208781922,1,1,0.0190315631969939,"4","EDN3"
"LDHD",9.12321010100477e-07,1.57232662031692,1,1,0.0193631011183725,"4","LDHD"
"LAMB4",9.21502514471128e-07,1.09866629986614,1,1,0.0195579693671352,"4","LAMB4"
"CHAC1",9.30801343258569e-07,2.54922836928441,1,1,0.0197553277093199,"4","CHAC1"
"RNF19B",9.83362378489637e-07,1.19724199493362,1,1,0.0208708831210641,"4","RNF19B"
"SLC2A1",1.00038125378592e-06,1.0757161466159,1,1,0.0212320917303523,"4","SLC2A1"
"PRSS3",1.0457072733403e-06,1.6997647049912,1,1,0.0221940911693745,"4","PRSS3"
"EPPK1",1.05184312941721e-06,2.50808800055218,1,1,0.0223243185787509,"4","EPPK1"
"NDFIP2",1.05956075133668e-06,1.46833355163018,1,1,0.0224881173863696,"4","NDFIP2"
"CASK",1.07988799830273e-06,1.17681958772332,1,1,0.0229195428759772,"4","CASK"
"GGT2",1.08758516155524e-06,1.52304332052191,1,1,0.0230829074688484,"4","GGT2"
"PON3",1.0912907444161e-06,1.78047727156595,1,1,0.0231615547594874,"4","PON3"
"PLEKHA71",1.09199125494848e-06,1.24654342186649,1,1,0.0231764223950265,"4","PLEKHA7"
"CHMP4C",1.1483993279241e-06,1.71742192491153,1,1,0.0243736273358611,"4","CHMP4C"
"HMGCL",1.17868437708688e-06,1.00607916772714,1,1,0.025016397219292,"4","HMGCL"
"PLCD1",1.18405702292434e-06,1.1121094504723,1,1,0.0251304262545463,"4","PLCD1"
"CLMP",1.19608293954635e-06,1.82801808118125,1,1,0.0253856643089318,"4","CLMP"
"PLA2G3",1.20091860921338e-06,2.08801136720848,1,1,0.0254882965619448,"4","PLA2G3"
"PKHD1L1",1.20457196615048e-06,3.10349069764062,1,1,0.0255658354095777,"4","PKHD1L1"
"RASGRP1",1.20588778919579e-06,1.10822133488021,1,1,0.0255937624378914,"4","RASGRP1"
"KRTAP4-5",1.21494560947262e-06,2.69003349397596,1,1,0.0257860056154469,"4","KRTAP4-5"
"KRTAP5-10",1.21588450514336e-06,2.28978157869715,1,1,0.0258059327371626,"4","KRTAP5-10"
"DHRS4L2",1.22619936578978e-06,1.26588701745498,1,1,0.0260248553395223,"4","DHRS4L2"
"ESPN",1.25480283258814e-06,1.37484542917627,1,1,0.0266319353188507,"4","ESPN"
"VANGL1",1.26190922093686e-06,1.14920998263709,1,1,0.026782761305164,"4","VANGL1"
"EPHX2",1.2689608070246e-06,1.21018748863275,1,1,0.02693242416829,"4","EPHX2"
"LINC00842",1.28954687500315e-06,1.93418051760847,1,1,0.0273693428750669,"4","LINC00842"
"MIPEP",1.31718213773176e-06,1.04456726237584,1,1,0.0279558736912189,"4","MIPEP"
"STK24",1.31939415342705e-06,0.777737130799544,1,1,0.0280028215123357,"4","STK24"
"FBXO27",1.37576418012322e-06,1.2461722461647,1,1,0.0291992189589352,"4","FBXO27"
"KLK14",1.37772697078009e-06,1.20761690048148,1,1,0.0292408772278366,"4","KLK14"
"ZC3H12A",1.39502793818291e-06,1.78731241222607,1,1,0.029608072959994,"4","ZC3H12A"
"GPR561",1.46889427672425e-06,1.36629527124744,1,1,0.0311758121291954,"4","GPR56"
"MOCOS",1.47351024789931e-06,1.74946464212066,1,1,0.0312737815014149,"4","MOCOS"
"MFN2",1.52486769754918e-06,0.773660995661736,1,1,0.0323637920127839,"4","MFN2"
"PACRG",1.52548551272455e-06,1.39159868186185,1,1,0.0323769045220658,"4","PACRG"
"KRTAP4-4",1.53892231899908e-06,4.03876478532617,1,1,0.0326620872984366,"4","KRTAP4-4"
"ANKRD18B",1.55335513716032e-06,0.94040769749672,1,1,0.0329684094310907,"4","ANKRD18B"
"PTGS1",1.59130954885533e-06,1.1661957310136,1,1,0.0337739538649055,"4","PTGS1"
"SREBF1",1.60816618840011e-06,1.05853349205992,1,1,0.034131719182604,"4","SREBF1"
"KRTAP4-1",1.63345020371179e-06,3.97178099302539,1,1,0.0346683471235791,"4","KRTAP4-1"
"LGALS9B",1.63946187558939e-06,1.15259385666785,1,1,0.0347959388475093,"4","LGALS9B"
"MBOAT2",1.67065678630144e-06,1.3902892873447,1,1,0.0354580196324617,"4","MBOAT2"
"AVPI1",1.68659279460894e-06,1.53271710274792,1,1,0.0357962454727801,"4","AVPI1"
"ZNF365",1.75182866615601e-06,1.65499570705692,1,1,0.0371808116104952,"4","ZNF365"
"NAPA",1.76437424817013e-06,0.968267860791137,1,1,0.0374470790431628,"4","NAPA"
"MMAB",1.78989981641605e-06,0.905003932505457,1,1,0.0379888337036143,"4","MMAB"
"FAF1",1.82910210946861e-06,0.605130095891365,1,1,0.0388208631713617,"4","FAF1"
"RPS6KB2",1.8802647876498e-06,1.33612897694208,1,1,0.0399067398530793,"4","RPS6KB2"
"SFT2D2",1.8815409678961e-06,0.895896870170207,1,1,0.0399338255026269,"4","SFT2D2"
"CSNK2A2",1.89932754230999e-06,1.00668635055697,1,1,0.0403113277579872,"4","CSNK2A2"
"MASP1",1.90073241113854e-06,1.29383614178034,1,1,0.0403411446940043,"4","MASP1"
"CYP4F11",1.97282762785294e-06,1.38491098601861,1,1,0.0418712935735509,"4","CYP4F11"
"KRT36",1.98183017308864e-06,2.47025749359547,1,1,0.0420623635936334,"4","KRT36"
"ARHGEF19",1.98827184682288e-06,1.12641020950247,1,1,0.0421990816769689,"4","ARHGEF19"
"CSTB",1.99871270992595e-06,1.31798187770116,1,1,0.0424206785554684,"4","CSTB"
"LRRC16B",2.01283784650724e-06,1.93481980698015,1,1,0.0427204704542697,"4","LRRC16B"
"CD5",2.0175845775422e-06,1.68897750621157,1,1,0.0428212150737556,"4","CD5"
"ANKK1",2.01899821760441e-06,1.26049289429137,1,1,0.0428512181704359,"4","ANKK1"
"KRTAP1-5",2.03402224440988e-06,1.63973807175382,1,1,0.0431700881153553,"4","KRTAP1-5"
"SLC46A2",2.18212469034373e-06,1.27955659049516,1,1,0.0463134144278553,"4","SLC46A2"
"SRXN1",2.19515281165609e-06,1.28895613550108,1,1,0.046589923274589,"4","SRXN1"
"ASIP",2.20736480151608e-06,1.03067192211424,1,1,0.0468491105473773,"4","ASIP"
"CYB5R21",2.23230387905882e-06,1.39625795601342,1,1,0.0473784175291444,"4","CYB5R2"
"UBQLN1",2.29175654163585e-06,0.673484069776507,1,1,0.0486402408396793,"4","UBQLN1"
"KRTAP5-5",2.38733829047179e-06,1.11441072146505,1,1,0.0506688678769732,"4","KRTAP5-5"
"TNNT2",2.42451081246433e-06,1.46458831642123,1,1,0.0514578174837429,"4","TNNT2"
"SLITRK2",2.43853305657449e-06,1.80973122146272,1,1,0.0517554255927369,"4","SLITRK2"
"CATSPER2",2.45306815518704e-06,1.24536107745819,1,1,0.0520639185256897,"4","CATSPER2"
"SUCLG1",2.50480620607177e-06,0.688735909097042,1,1,0.0531620069176672,"4","SUCLG1"
"ANO9",2.63625052822352e-06,1.33953984902776,1,1,0.0559517812110159,"4","ANO9"
"ANK31",2.66802380795823e-06,1.41603633014411,1,1,0.0566261373001055,"4","ANK3"
"PANK1",2.68766041674616e-06,0.109468456722233,1,1,0.0570429046850205,"4","PANK1"
"GRIP1",2.6990311407808e-06,1.7100460459752,1,1,0.0572842369319316,"4","GRIP1"
"PSD41",2.70350436260651e-06,1.11697172878305,1,1,0.0573791765919607,"4","PSD4"
"PLP2",2.75719391201451e-06,1.08030027716386,1,1,0.0585186835885959,"4","PLP2"
"RDH13",2.79303481129703e-06,1.43517433923861,1,1,0.0592793708349681,"4","RDH13"
"RP11-74C1.2",2.86312219651949e-06,1.00651096800359,1,1,0.0607669054989297,"4","RP11-74C1.2"
"GLDN",2.90814449177409e-06,1.45552364058614,1,1,0.0617224586934132,"4","GLDN"
"ATP1B11",2.91396217182373e-06,1.35228129052614,1,1,0.061845933134787,"4","ATP1B1"
"TEX264",2.92509560373506e-06,1.0870949015887,1,1,0.0620822290936729,"4","TEX264"
"SLITRK6",2.9704298184347e-06,1.1035037688368,1,1,0.0630444024664581,"4","SLITRK6"
"LINC00696",2.97117304600892e-06,0.807735977409035,1,1,0.0630601767284933,"4","LINC00696"
"RP11-15H20.6",2.97869701729061e-06,1.5537597714853,1,1,0.0632198654949759,"4","RP11-15H20.6"
"ZNF726",3.05620474923215e-06,1.4737758507876,1,1,0.0648648895977032,"4","ZNF726"
"LCE1D",3.05912187442547e-06,1.59607518768024,1,1,0.0649268026628061,"4","LCE1D"
"SEMA4A1",3.15401492620392e-06,1.19707799957105,1,1,0.0669408127937521,"4","SEMA4A"
"PPAP2C",3.16658257521788e-06,1.1187522090188,1,1,0.0672075485764243,"4","PPAP2C"
"AC129492.6",3.1950753536789e-06,1.16875010343776,1,1,0.0678122793064811,"4","AC129492.6"
"LRAT",3.28101175077286e-06,1.70233172761717,1,1,0.0696361933984032,"4","LRAT"
"EPB41L4B1",3.32046187114155e-06,1.24114232477049,1,1,0.0704734827531081,"4","EPB41L4B"
"ZG16B",3.32048652023568e-06,2.99575882039574,1,1,0.070474005905482,"4","ZG16B"
"LGR61",3.49366712793567e-06,0.679718650390429,1,1,0.0741495911233066,"4","LGR6"
"ROBO2",3.52053872365439e-06,1.1247757389998,1,1,0.0747199138708408,"4","ROBO2"
"GNA151",3.58347911524142e-06,0.763538431080608,1,1,0.0760557607418838,"4","GNA15"
"KLHDC7B",3.61555302970466e-06,0.964095193297704,1,1,0.0767364975024516,"4","KLHDC7B"
"SHISA9",3.61903901301467e-06,0.826604006824903,1,1,0.0768104840122233,"4","SHISA9"
"IYD",3.66315481201109e-06,1.16869853807124,1,1,0.0777467977301234,"4","IYD"
"LPAR5",3.69453835293179e-06,0.931450755616845,1,1,0.0784128820026243,"4","LPAR5"
"SUSD4",3.70790114683267e-06,1.61038346757306,1,1,0.0786964939403765,"4","SUSD4"
"VPS4B",3.73740731708267e-06,0.748382414465537,1,1,0.0793227328977626,"4","VPS4B"
"ATP1A11",3.73799757370327e-06,0.912682957235027,1,1,0.0793352605042781,"4","ATP1A1"
"SLC8A2",3.73893928746441e-06,0.91219588045613,1,1,0.0793552474371446,"4","SLC8A2"
"ELOVL5",3.73997653739882e-06,1.6201870965185,1,1,0.0793772620297526,"4","ELOVL5"
"HSPB81",3.78218086870448e-06,0.911477258318303,1,1,0.080273006757384,"4","HSPB8"
"PGRMC1",3.98389489304172e-06,1.16898956588327,1,1,0.0845541852099174,"4","PGRMC1"
"RASEF",4.01381682374867e-06,1.0310243749604,1,1,0.0851892482672418,"4","RASEF"
"LRTM1",4.0718418271431e-06,1.21303358207409,1,1,0.0864207709392851,"4","LRTM1"
"RSPO4",4.18708059985014e-06,1.34763022871606,1,1,0.0888665986512193,"4","RSPO4"
"DUOX2",4.22829940655425e-06,1.5096510350884,1,1,0.0897414266047074,"4","DUOX2"
"INHA",4.22840268785874e-06,1.15993495545081,1,1,0.089743618647114,"4","INHA"
"CYP3A4",4.23416168854955e-06,1.68220268028893,1,1,0.0898658476777757,"4","CYP3A4"
"CDA",4.34513183680239e-06,1.29385464269266,1,1,0.092221078104294,"4","CDA"
"LRG1",4.38519751385306e-06,2.4515491684458,1,1,0.0930714320340174,"4","LRG1"
"IFI27",4.3958621688135e-06,2.69223768612714,1,1,0.0932977786708976,"4","IFI27"
"HMGCS2",4.39664167326267e-06,0.895677675138643,1,1,0.0933143228733269,"4","HMGCS2"
"SOSTDC1",4.40781808772761e-06,1.10068493412074,1,1,0.0935515310939307,"4","SOSTDC1"
"BRINP31",4.46503513185878e-06,1.12373901774711,1,1,0.0947659056385708,"4","BRINP3"
"ANO7P1",4.49088103479286e-06,0.798895330742504,1,1,0.0953144590824436,"4","ANO7P1"
"CLIC3",4.55050790471282e-06,1.85544267450034,1,1,0.0965799797696249,"4","CLIC3"
"TNFRSF19",4.61237067928006e-06,1.39920410265096,1,1,0.0978929552970401,"4","TNFRSF19"
"LCE1E",4.63958702942378e-06,1.39572100587534,1,1,0.0984705951124903,"4","LCE1E"
"TXLNG2P",4.6607563093859e-06,2.58799617917803,1,1,0.0989198919104062,"4","TXLNG2P"
"FAM134B1",4.67916394794649e-06,1.4049022500589,1,1,0.0993105756312162,"4","FAM134B"
"LANCL1",4.72311357798502e-06,0.785356851762973,1,1,0.100243362579154,"4","LANCL1"
"GLRA4",4.8567018773792e-06,2.18299175036024,1,1,0.103078640645496,"4","GLRA4"
"ETFDH",4.87664600440868e-06,1.2621692835667,1,1,0.10350193479757,"4","ETFDH"
"UGT1A1",4.93412368506548e-06,1.13746715573791,1,1,0.10472184109183,"4","UGT1A1"
"GPSM2",4.95496401724998e-06,0.861652950806036,1,1,0.105164156302114,"4","GPSM2"
"IRX5",4.96933781188545e-06,1.12537311873142,1,1,0.105469225719457,"4","IRX5"
"SEMA4D1",4.98734285605213e-06,0.930852440628593,1,1,0.10585136477685,"4","SEMA4D"
"PRKY",4.99753321535724e-06,2.85488370652362,1,1,0.106067644962742,"4","PRKY"
"SCNN1G1",5.11667391775179e-06,1.37394681731821,1,1,0.108596287230364,"4","SCNN1G"
"ZNF770",5.16934195189972e-06,0.956377827213693,1,1,0.10971411358712,"4","ZNF770"
"SDCBP2",5.22635446859081e-06,1.55543709789328,1,1,0.110924147241371,"4","SDCBP2"
"CXADR",5.26150752260362e-06,1.23794970721337,1,1,0.111670235659739,"4","CXADR"
"MCCC1",5.26583062820053e-06,1.06983555927384,1,1,0.111761989252928,"4","MCCC1"
"ZNF675",5.28855169493704e-06,0.907222950248977,1,1,0.112244221173344,"4","ZNF675"
"HOPX",5.34859830135292e-06,1.49154443000464,1,1,0.113518650347914,"4","HOPX"
"AAGAB",5.51611556264924e-06,0.736225650782648,1,1,0.117074036701667,"4","AAGAB"
"DOCK3",5.64500705380243e-06,0.947327684809034,1,1,0.119809629709903,"4","DOCK3"
"L2HGDH",5.68647450860301e-06,0.661509001637132,1,1,0.12068973497059,"4","L2HGDH"
"ABHD6",5.68954974304679e-06,0.846580703545273,1,1,0.120755003746425,"4","ABHD6"
"PITPNM3",5.70551175361685e-06,1.53880439284885,1,1,0.121093781458764,"4","PITPNM3"
"ADCY8",5.71342880504559e-06,2.11482116386748,1,1,0.121261812958288,"4","ADCY8"
"SLC16A6",5.72173993449227e-06,0.888557345280232,1,1,0.121438208369664,"4","SLC16A6"
"FUT3",5.7420714273511e-06,1.65126281510272,1,1,0.1218697239741,"4","FUT3"
"WISP3",5.95438660507641e-06,1.58182871303437,1,1,0.126375901306142,"4","WISP3"
"CLPX",5.95528579174799e-06,0.749957388208907,1,1,0.126394985644059,"4","CLPX"
"C1orf172",5.98884476826357e-06,1.3476155614413,1,1,0.127107241361626,"4","C1orf172"
"SLC44A5",6.02795849737144e-06,2.16192741689111,1,1,0.127937391148212,"4","SLC44A5"
"CA11",6.06160761622867e-06,0.70973077217138,1,1,0.128651560046837,"4","CA11"
"AXIN2",6.0996151727099e-06,1.09304696368569,1,1,0.129458232425595,"4","AXIN2"
"CLCA4",6.19974547655074e-06,0.38396525076284,1,1,0.131583397994313,"4","CLCA4"
"ARNTL2",6.54752844542804e-06,1.12170755796108,1,1,0.138964743725765,"4","ARNTL2"
"LRP1B",6.59747347715306e-06,1.55582930582232,1,1,0.140024777079097,"4","LRP1B"
"MYO1D",6.62826749142889e-06,0.889900811106592,1,1,0.140678349238087,"4","MYO1D"
"TTC39A",6.63992884915e-06,1.16791446511951,1,1,0.14092584989436,"4","TTC39A"
"WNK2",6.69000499799203e-06,1.6592186847394,1,1,0.141988666077383,"4","WNK2"
"CTD-2008A1.2",6.73781851542132e-06,0.81204162796462,1,1,0.143003460171302,"4","CTD-2008A1.2"
"LGALSL",6.74617096533202e-06,1.83816321680829,1,1,0.143180732568207,"4","LGALSL"
"IFITM9P",6.75654903566482e-06,0.80631388126519,1,1,0.14340099673295,"4","IFITM9P"
"ZFY",6.82015768008917e-06,2.62384810759463,1,1,0.144751026602213,"4","ZFY"
"GFRA1",6.89073180379697e-06,1.33440232850354,1,1,0.146248891803787,"4","GFRA1"
"CHP2",6.90186647572854e-06,1.25834567594964,1,1,0.146485214080863,"4","CHP2"
"ELL3",7.04267042605435e-06,1.24062077871092,1,1,0.149473637122578,"4","ELL3"
"TMEM87A",7.27580757047063e-06,0.646471533746132,1,1,0.154421739875669,"4","TMEM87A"
"EREG",7.3513520667627e-06,1.0355061130459,1,1,0.156025096264971,"4","EREG"
"RBM471",7.41218119062977e-06,1.45474828592054,1,1,0.157316133589926,"4","RBM47"
"ECHDC1",7.52622792961667e-06,0.875019070808644,1,1,0.159736661578184,"4","ECHDC1"
"SLC30A1",7.58196929234002e-06,1.01133171610226,1,1,0.160919716260625,"4","SLC30A1"
"CNKSR11",7.60462330057431e-06,1.11389552468113,1,1,0.161400524931389,"4","CNKSR1"
"SREBF2",7.77445299368376e-06,0.744001595995567,1,1,0.165004990337944,"4","SREBF2"
"USP431",7.79710115671232e-06,1.21298018941406,1,1,0.165485674950062,"4","USP43"
"ATP13A4",7.81829287069449e-06,0.196769142790682,1,1,0.16593544788762,"4","ATP13A4"
"MIEN1",7.95420672443864e-06,0.974920688250153,1,1,0.168820083519486,"4","MIEN1"
"OCLN",7.98458364937126e-06,1.32663683619361,1,1,0.169464803374256,"4","OCLN"
"IL37",8.02484250300752e-06,1.41509052641636,1,1,0.170319257283832,"4","IL37"
"KIAA1045",8.13455141669157e-06,1.3646450640328,1,1,0.172647719267862,"4","KIAA1045"
"HNRNPA1P33",8.28894923984924e-06,1.41561988235589,1,1,0.17592465866656,"4","HNRNPA1P33"
"FAM162A",8.36395663898552e-06,1.03974712823977,1,1,0.177516615705829,"4","FAM162A"
"DHRS11",8.62660915308984e-06,1.19176809005782,1,1,0.183091152665179,"4","DHRS11"
"RCAN3",8.64736181448162e-06,0.734839462308027,1,1,0.183531607150558,"4","RCAN3"
"KIAA0319",8.77659548128042e-06,1.16863642342202,1,1,0.186274462494696,"4","KIAA0319"
"RUNDC3A",8.8183464013274e-06,1.15800719054888,1,1,0.187160584021773,"4","RUNDC3A"
"FRRS1",8.86551020392843e-06,1.16660443984667,1,1,0.188161588568177,"4","FRRS1"
"CS",8.94736024585876e-06,0.721892938411667,1,1,0.189898773858106,"4","CS"
"PPARD",8.97111082319802e-06,1.24534397216141,1,1,0.190402856111555,"4","PPARD"
"CBX4",9.00555026832964e-06,0.986770426765458,1,1,0.191133798895028,"4","CBX4"
"KY",9.03210991819967e-06,1.42613871410545,1,1,0.19169750090387,"4","KY"
"PLCZ1",9.03796661488543e-06,1.61686893509884,1,1,0.191821803434328,"4","PLCZ1"
"MPC2",9.11989497580834e-06,0.954346922843436,1,1,0.193560650966556,"4","MPC2"
"RP11-528A10.2",9.28483667579816e-06,0.92571707626489,1,1,0.19706137360714,"4","RP11-528A10.2"
"WNT7A",9.42277796923759e-06,0.567111426258341,1,1,0.199989039619099,"4","WNT7A"
"CACNB4",9.55407979853549e-06,1.41025554055243,1,1,0.202775789644117,"4","CACNB4"
"CPT2",9.64833908141821e-06,0.683458950005779,1,1,0.20477634866402,"4","CPT2"
"RP11-274M4.1",1.00104854212446e-05,0.853287718188538,1,1,0.212462542580496,"4","RP11-274M4.1"
"ARHGEF34P",1.00465157625287e-05,1.96299141478515,1,1,0.21322725054391,"4","ARHGEF34P"
"UTY",1.01730442787147e-05,2.13323641559459,1,1,0.21591269177144,"4","UTY"
"ADCY2",1.04286858458958e-05,0.889162850575524,1,1,0.221338428393293,"4","ADCY2"
"CYB561D1",1.05766552692889e-05,0.817661877482953,1,1,0.224478931435387,"4","CYB561D1"
"LPIN3",1.06081466685213e-05,0.992268256145223,1,1,0.225147304892696,"4","LPIN3"
"PLA2G4A",1.06634494493037e-05,1.26692333231117,1,1,0.226321051112022,"4","PLA2G4A"
"GNAL1",1.07731424744163e-05,1.27773188007148,1,1,0.228649175877012,"4","GNAL"
"FAM76A",1.07873506916369e-05,0.675498054550395,1,1,0.228950731079301,"4","FAM76A"
"CDCP1",1.07961269697379e-05,1.16461190404904,1,1,0.229136998805716,"4","CDCP1"
"GPC1",1.09320588629231e-05,1.21253914512184,1,1,0.23202201730668,"4","GPC1"
"MCEE",1.11470194059904e-05,0.757045662054507,1,1,0.23658433987274,"4","MCEE"
"SLC7A41",1.11708245357116e-05,0.919207115692222,1,1,0.237089579945942,"4","SLC7A4"
"TNFAIP8L3",1.12864798173785e-05,0.97144856353925,1,1,0.239544247644041,"4","TNFAIP8L3"
"HPSE",1.14207410324022e-05,2.47487701358841,1,1,0.242393807671703,"4","HPSE"
"CCL19",1.16387210761658e-05,1.12072984984714,1,1,0.247020216120543,"4","CCL19"
"CYFIP21",1.16678933816853e-05,1.11735936714259,1,1,0.247639369132889,"4","CYFIP2"
"ATP6V1A",1.17116682383152e-05,0.823765063369436,1,1,0.248568446690001,"4","ATP6V1A"
"RORB",1.17202954606277e-05,1.18308575090891,1,1,0.248751550856362,"4","RORB"
"VWA5A",1.17567122565866e-05,1.13029228399719,1,1,0.249524460933794,"4","VWA5A"
"SCO2",1.17969887043621e-05,1.0014389673406,1,1,0.250379288261382,"4","SCO2"
"ABCB4",1.19330164848666e-05,1.1172104249276,1,1,0.253266341874808,"4","ABCB4"
"CYP2C19",1.1956070527116e-05,1.23670355693721,1,1,0.253755640867509,"4","CYP2C19"
"DBT",1.19800936600824e-05,0.835590011597393,1,1,0.254265507841589,"4","DBT"
"CTSH1",1.19824597754195e-05,0.948661963958436,1,1,0.254315726273503,"4","CTSH"
"ARRDC4",1.22072232006215e-05,1.25587115791467,1,1,0.25908610520999,"4","ARRDC4"
"DHRS1",1.22565256808259e-05,0.86898245179551,1,1,0.260132501049848,"4","DHRS1"
"STX1B",1.27246583798078e-05,0.934994846753472,1,1,0.27006814945304,"4","STX1B"
"VWC2",1.28091298572644e-05,1.08592559338998,1,1,0.271860972090579,"4","VWC2"
"ABLIM1",1.28374361279022e-05,0.83519230487947,1,1,0.272461744378595,"4","ABLIM1"
"CRNN",1.29496038817839e-05,1.74365550399698,1,1,0.274842392786982,"4","CRNN"
"HACL1",1.30183090267774e-05,1.0474118777074,1,1,0.276300590784324,"4","HACL1"
"ATP6V1B2",1.30474295005811e-05,0.833707018059336,1,1,0.276918643720334,"4","ATP6V1B2"
"DNASE1L3",1.30975521327063e-05,3.86258140623797,1,1,0.277982446464558,"4","DNASE1L3"
"APPL2",1.31534231299506e-05,0.870125046678002,1,1,0.279168252510071,"4","APPL2"
"SLC31A2",1.31679514558574e-05,1.18401594979141,1,1,0.279476601699117,"4","SLC31A2"
"SNTG21",1.31943550810384e-05,0.646940303095381,1,1,0.280036992239958,"4","SNTG2"
"KCNJ12",1.33512309162345e-05,2.6257086401023,1,1,0.28336652496616,"4","KCNJ12"
"NUP62CL1",1.35404488060767e-05,0.728566973662479,1,1,0.287382485460171,"4","NUP62CL"
"COX7A2",1.3723132756539e-05,0.930553524934631,1,1,0.291259769624783,"4","COX7A2"
"RHOD",1.37728551823401e-05,2.34634133051781,1,1,0.292315078389987,"4","RHOD"
"TOLLIP",1.3785286736137e-05,0.924078887231746,1,1,0.292578925687771,"4","TOLLIP"
"SHMT1",1.39811901999363e-05,0.923509549428807,1,1,0.296736780803448,"4","SHMT1"
"MAPRE3",1.41071323386054e-05,0.877215834529469,1,1,0.299409776754562,"4","MAPRE3"
"SYNE3",1.41694305282883e-05,0.935747510333119,1,1,0.30073199353239,"4","SYNE3"
"PPP1R13L",1.41709140438291e-05,0.553155365803164,1,1,0.300763479666229,"4","PPP1R13L"
"TEC",1.43904058359626e-05,1.24622416372772,1,1,0.305421973462471,"4","TEC"
"SLC44A1",1.46241738937071e-05,1.09401836910462,1,1,0.31038346672004,"4","SLC44A1"
"RIC31",1.47617898870427e-05,1.18757853569272,1,1,0.313304228562595,"4","RIC3"
"GPR12",1.47769935537751e-05,1.36812388237156,1,1,0.313626911185323,"4","GPR12"
"AKR1B15",1.48108230008172e-05,0.731615367376133,1,1,0.314344907369344,"4","AKR1B15"
"PER3",1.49380703837141e-05,1.155919202537,1,1,0.317045605823949,"4","PER3"
"AFTPH",1.49899035260352e-05,0.724515988665416,1,1,0.318145712436571,"4","AFTPH"
"IGHE",1.51259301587325e-05,1.39750116764959,1,1,0.321032741688939,"4","IGHE"
"RAET1G",1.51906457881863e-05,0.379270537533568,1,1,0.322406266208465,"4","RAET1G"
"TUBB2A",1.52227498720942e-05,1.8156553287841,1,1,0.323087643285326,"4","TUBB2A"
"CYP2S1",1.55322777567598e-05,0.851891808007862,1,1,0.329657063109469,"4","CYP2S1"
"OSBPL6",1.57031876369732e-05,0.97903420649021,1,1,0.333284454407119,"4","OSBPL6"
"F11R",1.57340546662221e-05,0.913719274675566,1,1,0.333939576235898,"4","F11R"
"GPR137B",1.58275548316016e-05,0.868111912527407,1,1,0.335924023745913,"4","GPR137B"
"NUDT7",1.61032315528822e-05,0.683977658127999,1,1,0.341774986478372,"4","NUDT7"
"LRRC15",1.61893278521565e-05,1.28546593451548,1,1,0.343602294334169,"4","LRRC15"
"SLC35A2",1.62274642724601e-05,0.933443023869664,1,1,0.344411701718694,"4","SLC35A2"
"BTBD16",1.62282525317171e-05,1.60124446968749,1,1,0.344428431733164,"4","BTBD16"
"C6orf106",1.63737748371965e-05,0.6949713352522,1,1,0.347516997144659,"4","C6orf106"
"NAA50",1.64848606421719e-05,0.827933964542002,1,1,0.349874682269456,"4","NAA50"
"ADORA2B",1.66863544241281e-05,1.1328143764236,1,1,0.354151186297695,"4","ADORA2B"
"L1CAM1",1.6730128889179e-05,2.68783015975301,1,1,0.355080255543935,"4","L1CAM"
"EDARADD",1.67946565108883e-05,0.992759561262247,1,1,0.356449789787093,"4","EDARADD"
"UGT1A2P",1.70366154571018e-05,0.696486774693803,1,1,0.361585126461528,"4","UGT1A2P"
"RTP4",1.70402172933573e-05,0.797990710376213,1,1,0.361661571834216,"4","RTP4"
"TRIM63",1.70778750084744e-05,1.12121258330425,1,1,0.36246081917986,"4","TRIM63"
"ANKH",1.71731220998731e-05,0.848100318434888,1,1,0.364482343447706,"4","ANKH"
"MS4A18",1.73869572358864e-05,1.1510728274471,1,1,0.369020780374453,"4","MS4A18"
"ACOT4",1.74486633234703e-05,1.18126291711381,1,1,0.370330430377334,"4","ACOT4"
"WDR26",1.7564859309942e-05,0.676893796915063,1,1,0.372796573994208,"4","WDR26"
"DHDDS",1.76117508218174e-05,0.663072911563013,1,1,0.373791799442253,"4","DHDDS"
"UQCRC1",1.7677399540009e-05,0.981972959320329,1,1,0.37518512783715,"4","UQCRC1"
"SLC30A10",1.78699151020788e-05,0.962461367188244,1,1,0.37927107812652,"4","SLC30A10"
"ALDH9A1",1.79435111938129e-05,0.908766808044541,1,1,0.380833081577485,"4","ALDH9A1"
"ZDHHC5",1.80744470494427e-05,0.713531628203246,1,1,0.383612064177372,"4","ZDHHC5"
"HEBP2",1.80835211301312e-05,0.921841438561973,1,1,0.383804652465905,"4","HEBP2"
"RASSF10",1.82778111552279e-05,1.48054269366416,1,1,0.387928263958558,"4","RASSF10"
"CD1B",1.82869304094448e-05,1.11376782829216,1,1,0.388121811010056,"4","CD1B"
"APOD",1.83523928847551e-05,1.63262880500524,1,1,0.389511186586042,"4","APOD"
"AP000679.2",1.83979334166288e-05,0.965878306668237,1,1,0.39047773883453,"4","AP000679.2"
"FABP5",1.85203076475299e-05,1.26339052385081,1,1,0.393075009511174,"4","FABP5"
"HDDC2",1.86233506953455e-05,0.794770839873577,1,1,0.395261995158013,"4","HDDC2"
"RPS4Y1",1.88061372588568e-05,2.18925752251248,1,1,0.399141457181976,"4","RPS4Y1"
"SLC24A5",1.88665270183171e-05,1.58517329649923,1,1,0.400423169436762,"4","SLC24A5"
"CNDP1",1.89408284867206e-05,1.17347800842626,1,1,0.402000143802159,"4","CNDP1"
"KRTAP9-6",1.91523949851467e-05,5.78757918953556,1,1,0.406490431164754,"4","KRTAP9-6"
"COX7B",1.9159307828919e-05,0.925183980349725,1,1,0.406637149360978,"4","COX7B"
"VPS13D",1.91739621845796e-05,0.694500923054456,1,1,0.406948173405517,"4","VPS13D"
"LLGL2",1.92528839041406e-05,1.18405275960995,1,1,0.408623207981481,"4","LLGL2"
"FRMD6",1.94266892750441e-05,0.778491825750702,1,1,0.412312053173537,"4","FRMD6"
"LRBA",1.94321308583076e-05,0.751870914276939,1,1,0.412427545336721,"4","LRBA"
"AKR1A1",1.97008561399271e-05,0.851245705488306,1,1,0.418130970713812,"4","AKR1A1"
"NKPD1",1.98048316350741e-05,0.781426977992007,1,1,0.420337746622813,"4","NKPD1"
"SLC7A5",1.98255017865669e-05,0.796428718291578,1,1,0.420776449918096,"4","SLC7A5"
"VWA2",2.02041376004036e-05,1.29881442124362,1,1,0.428812616430967,"4","VWA2"
"PEF1",2.04049764770664e-05,0.699038482880125,1,1,0.433075220749258,"4","PEF1"
"MRPL49",2.04274756189821e-05,1.09626733791612,1,1,0.433552742537277,"4","MRPL49"
"FAHD2B",2.04530074905707e-05,0.849026278405006,1,1,0.434094630979872,"4","FAHD2B"
"TMEM117",2.06326996283894e-05,0.747880253311941,1,1,0.437908416912937,"4","TMEM117"
"DEGS1",2.06581496239617e-05,0.970980169272732,1,1,0.438448567618963,"4","DEGS1"
"MCUR1",2.0719070883661e-05,0.819303476100039,1,1,0.439741560434822,"4","MCUR1"
"SEMA7A",2.07685867243118e-05,0.990780837712355,1,1,0.440792484636793,"4","SEMA7A"
"EIF2B1",2.09522767373362e-05,0.575073946975731,1,1,0.444691121473223,"4","EIF2B1"
"ZNF385D",2.11356922638064e-05,1.09142927310333,1,1,0.448583932607026,"4","ZNF385D"
"AHCYL1",2.12352869057035e-05,0.587194863153169,1,1,0.450697729286651,"4","AHCYL1"
"GGCT",2.13368562708797e-05,0.894998581926918,1,1,0.45285343749315,"4","GGCT"
"CLCN5",2.14363196290846e-05,0.673357790571307,1,1,0.454964447807692,"4","CLCN5"
"CTD-2228K2.7",2.14864599281361e-05,0.773306897787531,1,1,0.456028625514761,"4","CTD-2228K2.7"
"USP9Y",2.18799175528247e-05,1.88290803860837,1,1,0.464379370141151,"4","USP9Y"
"EGR3",2.22357487696797e-05,1.36263389523551,1,1,0.471931531887681,"4","EGR3"
"PGAP2",2.23014963780131e-05,0.777479371806489,1,1,0.47332695912695,"4","PGAP2"
"IL1A",2.2478069928323e-05,1.04704028549566,1,1,0.477074556158728,"4","IL1A"
"PPP2CA",2.26153469489662e-05,0.756187602263729,1,1,0.479988123644858,"4","PPP2CA"
"CYP4F12",2.27409804260014e-05,1.11491576496554,1,1,0.482654568561453,"4","CYP4F12"
"HSD3B7",2.29412500777675e-05,1.89555979703608,1,1,0.486905091650538,"4","HSD3B7"
"RP11-106A1.2",2.29799275756379e-05,0.764513514738518,1,1,0.487725982865339,"4","RP11-106A1.2"
"ZNF91",2.32463214212765e-05,1.28372767438897,1,1,0.493379925845172,"4","ZNF91"
"LINC00341",2.32707830196948e-05,1.41249623491484,1,1,0.493899098810002,"4","LINC00341"
"PSMD3",2.33352828058205e-05,0.606749216800559,1,1,0.495268042270734,"4","PSMD3"
"KRTAP4-3",2.33705547099918e-05,0.208738314009056,1,1,0.496016653164866,"4","KRTAP4-3"
"SLCO5A11",2.33775414358423e-05,1.44948514934224,1,1,0.496164939434317,"4","SLCO5A1"
"SLC44A31",2.34445868562715e-05,1.1422477560108,1,1,0.497587911437505,"4","SLC44A3"
"RUNX3",2.35580282231308e-05,1.00590379816409,1,1,0.499995591007727,"4","RUNX3"
"KDM5D",2.36017560294798e-05,2.00606888029885,1,1,0.50092366996968,"4","KDM5D"
"HINT3",2.3638855402798e-05,0.769199520383987,1,1,0.501711067068985,"4","HINT3"
"PLIN5",2.39155001327959e-05,1.95741973582073,1,1,0.50758257481846,"4","PLIN5"
"EI24",2.40558669457962e-05,1.03467025111986,1,1,0.510561720057578,"4","EI24"
"DNAJB3",2.42027582799253e-05,1.15745861847067,1,1,0.513679341733135,"4","DNAJB3"
"ALS2CL",2.42908084114812e-05,1.08409221811555,1,1,0.515548117725277,"4","ALS2CL"
"NEB",2.45060491443831e-05,1.00782413127891,1,1,0.520116387040387,"4","NEB"
"TMEM19",2.49704858831181e-05,0.855315325637379,1,1,0.5299735923833,"4","TMEM19"
"MFSD2A",2.50593763862742e-05,1.16038048344221,1,1,0.531860204422283,"4","MFSD2A"
"LYG2",2.50651053351529e-05,1.34489407458296,1,1,0.531981795633285,"4","LYG2"
"BEX21",2.51487179469045e-05,1.62123788401252,1,1,0.533756389705101,"4","BEX2"
"EPS15L1",2.51888204014788e-05,0.513336476000426,1,1,0.534607524200985,"4","EPS15L1"
"UQCR10",2.53242495356963e-05,0.835183558752737,1,1,0.537481872145618,"4","UQCR10"
"KDSR",2.53877794270289e-05,0.859198664072531,1,1,0.538830230559261,"4","KDSR"
"PCCB",2.54906251500659e-05,1.04573617882416,1,1,0.541013028184998,"4","PCCB"
"MLIP",2.55685846381334e-05,0.768940676041106,1,1,0.542667640359744,"4","MLIP"
"AC025335.1",2.55740132308498e-05,0.777759395452374,1,1,0.542782856811557,"4","AC025335.1"
"CASP1",2.56989300844135e-05,0.765895206606004,1,1,0.545434092111592,"4","CASP1"
"PPIF",2.57324441085202e-05,1.22611106558588,1,1,0.546145393759232,"4","PPIF"
"UNC5D",2.58619716956215e-05,0.994851677294244,1,1,0.548894487267871,"4","UNC5D"
"TMEM189",2.59730766094387e-05,1.0507823875604,1,1,0.551252577958726,"4","TMEM189"
"HYAL1",2.61888636102304e-05,1.37648118605602,1,1,0.555832441263531,"4","HYAL1"
"NEO11",2.62415375089566e-05,0.826840532385152,1,1,0.556950392090096,"4","NEO1"
"NDST3",2.64964257534398e-05,2.59164638474975,1,1,0.562360140191007,"4","NDST3"
"ZP1",2.65109784135479e-05,1.66244624689521,1,1,0.56266900584914,"4","ZP1"
"SCAP",2.66380402698754e-05,0.913846802290593,1,1,0.565365766687835,"4","SCAP"
"EGLN3",2.68092267013331e-05,1.28252637724196,1,1,0.568999027509094,"4","EGLN3"
"KLF4",2.69138800218651e-05,1.07168516839558,1,1,0.571220189584065,"4","KLF4"
"TFF2",2.69419964941078e-05,1.78674571361169,1,1,0.571816933590944,"4","TFF2"
"FBXO42",2.76044283991677e-05,0.620760337962551,1,1,0.585876388343936,"4","FBXO42"
"TBC1D10A",2.77817984203305e-05,0.815020140277779,1,1,0.589640889673095,"4","TBC1D10A"
"TMEM41A",2.80780376784528e-05,0.745571445607775,1,1,0.595928271687482,"4","TMEM41A"
"SDHB",2.82384376070696e-05,0.702189354553797,1,1,0.599332599772446,"4","SDHB"
"MUC7",2.86449740109917e-05,1.73846566676996,1,1,0.607960928409289,"4","MUC7"
"BAI31",2.87482690915451e-05,1.67391665787562,1,1,0.610153263198954,"4","BAI3"
"GRIP2",2.89664324446008e-05,0.893763406259282,1,1,0.614783562204207,"4","GRIP2"
"FCER1A",2.92295642496819e-05,1.10462144995361,1,1,0.620368271635249,"4","FCER1A"
"PRDM1",2.92608844146324e-05,0.888464586495772,1,1,0.621033010816157,"4","PRDM1"
"SEMA4B",2.96372181107412e-05,0.881956888847535,1,1,0.629020317182371,"4","SEMA4B"
"EIF1AY",2.97003889510389e-05,1.16038040654196,1,1,0.63036105509685,"4","EIF1AY"
"TFF3",3.02872506988495e-05,1.18322572773901,1,1,0.642816608832382,"4","TFF3"
"LIPC",3.05757804292378e-05,0.713720219091595,1,1,0.648940363830142,"4","LIPC"
"KCNK7",3.09699107059251e-05,1.09722292506731,1,1,0.657305384822555,"4","KCNK7"
"ZCCHC6",3.10012028810176e-05,0.737163833450101,1,1,0.657969529946717,"4","ZCCHC6"
"DDIT4L",3.10181072448258e-05,1.49250754322155,1,1,0.658328308164182,"4","DDIT4L"
"IGSF8",3.11135594103207e-05,0.826678827724779,1,1,0.660354184924647,"4","IGSF8"
"BLMH",3.13273986852406e-05,0.921453205182802,1,1,0.664892709695547,"4","BLMH"
"MED18",3.17129040956269e-05,0.704572989140573,1,1,0.673074676525585,"4","MED18"
"HCAR3",3.18865079648278e-05,2.08763168753761,1,1,0.676759245045504,"4","HCAR3"
"CYP27A11",3.21410947099623e-05,1.08124633142836,1,1,0.682162594124239,"4","CYP27A1"
"PBX4",3.24569733454492e-05,0.736422836995931,1,1,0.688866802283813,"4","PBX4"
"MST1R",3.26062158124855e-05,1.30900834151193,1,1,0.692034324404193,"4","MST1R"
"DNAJB2",3.28776569960907e-05,0.780296055135912,1,1,0.697795392085029,"4","DNAJB2"
"FBXO161",3.3340975372201e-05,0.629411287424658,1,1,0.707628861299594,"4","FBXO16"
"KB-1562D12.3",3.35212242756475e-05,0.71977671236588,1,1,0.711454464026342,"4","KB-1562D12.3"
"EXOC6B",3.35240392845161e-05,0.945921991336181,1,1,0.71151420977457,"4","EXOC6B"
"CCDC120",3.36841637238012e-05,1.05722069262185,1,1,0.714912690873956,"4","CCDC120"
"TMEM134",3.43090220447833e-05,1.04950667158321,1,1,0.728174683878481,"4","TMEM134"
"SOX21",3.4822283809376e-05,1.11880278596692,1,1,0.739068151570196,"4","SOX21"
"CNNM41",3.59439723695929e-05,0.752808649093033,1,1,0.76287486957224,"4","CNNM4"
"B3GNT3",3.59749298932418e-05,0.915067364487514,1,1,0.763531912054165,"4","B3GNT3"
"CLDN10",3.6541443202467e-05,0.984133469587015,1,1,0.77555559052916,"4","CLDN10"
"IL1R21",3.68260173514251e-05,0.40759336511217,1,1,0.781595392266647,"4","IL1R2"
"KRTAP5-11",3.69899011688745e-05,1.328835514777,1,1,0.785073662408191,"4","KRTAP5-11"
"BLOC1S2",3.72533025021923e-05,0.694218776237454,1,1,0.790664092306528,"4","BLOC1S2"
"IL11RA",3.74816960680373e-05,1.3397175833326,1,1,0.795511517348024,"4","IL11RA"
"INIP",3.75091465580412e-05,0.6366962305369,1,1,0.796094126547866,"4","INIP"
"PFKFB4",3.77505696852262e-05,1.11073899906005,1,1,0.801218090999241,"4","PFKFB4"
"BCKDHB",3.80255624437972e-05,0.865352927185874,1,1,0.807054537307152,"4","BCKDHB"
"ABCB11",3.81436931174607e-05,1.38621729645561,1,1,0.809561742724987,"4","ABCB11"
"CD9",3.81446511526051e-05,0.90866219052149,1,1,0.809582076062891,"4","CD9"
"KCNH5",3.84988208507075e-05,1.45552162812973,1,1,0.817098973735417,"4","KCNH5"
"C1orf177",3.85392306682073e-05,0.840740907907405,1,1,0.817956631702031,"4","C1orf177"
"GRTP1",3.85896023061536e-05,0.833253617395458,1,1,0.819025719345804,"4","GRTP1"
"VPS52",3.89864309779996e-05,0.486564130619351,1,1,0.827448011077065,"4","VPS52"
"CNTNAP3",3.91215881991648e-05,1.10549662607997,1,1,0.830316587939073,"4","CNTNAP3"
"ARL4D",3.99804497841367e-05,1.73304760123908,1,1,0.848545066218517,"4","ARL4D"
"FCGBP",4.00161049370317e-05,0.53277425803476,1,1,0.84930181118356,"4","FCGBP"
"TBC1D8",4.00427316034245e-05,0.796708614330417,1,1,0.849866935551082,"4","TBC1D8"
"TC2N",4.09146275091289e-05,0.706235786454361,1,1,0.868372054253752,"4","TC2N"
"WNT5A1",4.13415557059746e-05,0.84343573464878,1,1,0.877433178303604,"4","WNT5A"
"STAC2",4.15318570530717e-05,1.10836156702813,1,1,0.881472134094394,"4","STAC2"
"SSH3",4.16822184422469e-05,0.919372393851233,1,1,0.884663404218249,"4","SSH3"
"FAM126B",4.24103939081692e-05,0.674934144899458,1,1,0.900118200306983,"4","FAM126B"
"COBL",4.32441067761939e-05,1.00191395181871,1,1,0.917812922217939,"4","COBL"
"TMEM191A",4.34998722305736e-05,1.024867995934,1,1,0.923241288221695,"4","TMEM191A"
"C2CD4D",4.36772530666521e-05,0.737113214293091,1,1,0.927006019086623,"4","C2CD4D"
"UGT3A2",4.3842601344047e-05,1.34641562384551,1,1,0.930515370926053,"4","UGT3A2"
"C19orf33",4.40517013081887e-05,0.771563122839435,1,1,0.934953308564997,"4","C19orf33"
"C11orf1",4.41649715339569e-05,1.05739245434223,1,1,0.937357355836701,"4","C11orf1"
"FZD10",4.44913556978489e-05,1.41083327056556,1,1,0.944284533331145,"4","FZD10"
"STARD5",4.49315741779683e-05,0.787583646273458,1,1,0.953627730353199,"4","STARD5"
"RP11-545A16.3",4.51664280577339e-05,0.734035280260862,1,1,0.958612269097344,"4","RP11-545A16.3"
"DCXR",4.5379905448072e-05,0.903247253435714,1,1,0.963143113229881,"4","DCXR"
"DDX3Y",4.59979581430004e-05,1.67535855702729,1,1,0.97626066362704,"4","DDX3Y"
"CCR6",4.65400431596419e-05,1.02533995005127,1,1,0.987765876020239,"4","CCR6"
"SCGB1D2",4.69954018807766e-05,4.13084641846662,1,1,0.997430409517602,"4","SCGB1D2"
"PARD6G",4.80519895451405e-05,2.56587936781002,1,1,1,"4","PARD6G"
"EMB",4.80687515378316e-05,0.967721940576812,1,1,1,"4","EMB"
"NLGN4Y",4.8146666215216e-05,1.96501845198109,1,1,1,"4","NLGN4Y"
"BCO2",4.81587492992504e-05,1.01419450563678,1,1,1,"4","BCO2"
"RNF128",4.84643995773872e-05,1.35945508842086,1,1,1,"4","RNF128"
"CEP170B",4.87438065060323e-05,0.948733896580205,1,1,1,"4","CEP170B"
"HGD",4.91002435329361e-05,1.60262133227059,1,1,1,"4","HGD"
"SLC6A6",4.91550008296334e-05,0.892502200259859,1,1,1,"4","SLC6A6"
"INPP5K",4.9243802173444e-05,0.737640699386843,1,1,1,"4","INPP5K"
"CNTN3",4.94163331990723e-05,1.09320737019729,1,1,1,"4","CNTN3"
"STK32A",4.98195522988273e-05,1.25399752372823,1,1,1,"4","STK32A"
"RARG",5.01762596079342e-05,1.10964167599811,1,1,1,"4","RARG"
"CYP2R1",5.02719875163418e-05,0.97599998915029,1,1,1,"4","CYP2R1"
"NET11",5.04623822938685e-05,0.823641057982353,1,1,1,"4","NET1"
"CD109",5.06086631195772e-05,0.685259569542414,1,1,1,"4","CD109"
"USP30",5.07396632878376e-05,0.654745338276566,1,1,1,"4","USP30"
"PARP16",5.09606749249317e-05,0.610847728993315,1,1,1,"4","PARP16"
"STRCP1",5.14604012622075e-05,0.77540007932476,1,1,1,"4","STRCP1"
"PPIL2",5.15724075314234e-05,0.580077331343976,1,1,1,"4","PPIL2"
"PDCD4",5.20102848794878e-05,0.910292759146305,1,1,1,"4","PDCD4"
"ATP5G3",5.22259181567551e-05,0.975976111625867,1,1,1,"4","ATP5G3"
"BICD2",5.25450709037096e-05,1.15456983215001,1,1,1,"4","BICD2"
"RASGEF1B1",5.25999203810524e-05,0.858628914881869,1,1,1,"4","RASGEF1B"
"NSF",5.27299215563017e-05,0.635519238011947,1,1,1,"4","NSF"
"CTC-236F12.4",5.30269522164605e-05,0.700369067106656,1,1,1,"4","CTC-236F12.4"
"ATP6V0C",5.30515573731338e-05,0.817489054311809,1,1,1,"4","ATP6V0C"
"MAP3K1",5.31060747653833e-05,0.832597395780805,1,1,1,"4","MAP3K1"
"WSB2",5.31392798050671e-05,0.648678200651952,1,1,1,"4","WSB2"
"CYP24A11",5.32254212572533e-05,0.476819455197425,1,1,1,"4","CYP24A1"
"UQCRQ",5.32710324943782e-05,0.908823323417979,1,1,1,"4","UQCRQ"
"RASGRF1",5.34751223090232e-05,2.67435227763319,1,1,1,"4","RASGRF1"
"MDH1",5.34774037096437e-05,0.695587296365222,1,1,1,"4","MDH1"
"COX6A1",5.35219298680505e-05,0.835575002622196,1,1,1,"4","COX6A1"
"VAMP81",5.45016795880571e-05,0.440292037796144,1,1,1,"4","VAMP8"
"CXCL9",5.45958693084967e-05,2.67791687162467,1,1,1,"4","CXCL9"
"FBP11",5.47805880570246e-05,0.768794566734757,1,1,1,"4","FBP1"
"PARP3",5.50021213016154e-05,0.733557516851148,1,1,1,"4","PARP3"
"ARHGEF10L",5.51966431144572e-05,0.954543158379487,1,1,1,"4","ARHGEF10L"
"ALK",5.53163015999519e-05,1.99282190875886,1,1,1,"4","ALK"
"TXN",5.65651540858041e-05,0.801559963150698,1,1,1,"4","TXN"
"CD200R1",5.94851251369347e-05,1.06930722312117,1,1,1,"4","CD200R1"
"WDFY4",5.95033593547289e-05,1.33577706147833,1,1,1,"4","WDFY4"
"ALDH2",5.9609083035609e-05,0.916605613846862,1,1,1,"4","ALDH2"
"OAS1",5.98995580554749e-05,0.928007390412892,1,1,1,"4","OAS1"
"PAQR3",6.00238634522755e-05,0.649397423277282,1,1,1,"4","PAQR3"
"SLC2A12",6.08576876733845e-05,1.19705409549011,1,1,1,"4","SLC2A12"
"WFDC3",6.16941915596892e-05,1.13990776244101,1,1,1,"4","WFDC3"
"MACROD21",6.21706751605064e-05,0.9426526025975,1,1,1,"4","MACROD2"
"LIN7B",6.25775338437983e-05,0.833295082738616,1,1,1,"4","LIN7B"
"TNNT1",6.31513987313125e-05,2.30828658712966,1,1,1,"4","TNNT1"
"ZSCAN4",6.34376012898543e-05,1.24823802629246,1,1,1,"4","ZSCAN4"
"SLC22A31",6.34896695410183e-05,0.541333217138469,1,1,1,"4","SLC22A3"
"GABRE",6.44574286769285e-05,1.18118646350818,1,1,1,"4","GABRE"
"OLFML1",6.48169079078869e-05,0.84446293014642,1,1,1,"4","OLFML1"
"IL34",6.49068582848537e-05,1.07992207158176,1,1,1,"4","IL34"
"IDH1",6.50165132355532e-05,0.957762409054901,1,1,1,"4","IDH1"
"FAM46B",6.50705758313993e-05,2.73539481470626,1,1,1,"4","FAM46B"
"PKP21",6.52036760674022e-05,1.05987847534057,1,1,1,"4","PKP2"
"RP11-114H24.5",6.52488625227436e-05,3.78334768796809,1,1,1,"4","RP11-114H24.5"
"VSIG8",6.62549090270017e-05,0.930050453223913,1,1,1,"4","VSIG8"
"ENDOD1",6.64779313628244e-05,0.645871410564359,1,1,1,"4","ENDOD1"
"SEC14L5",6.68778604575251e-05,0.504527541644805,1,1,1,"4","SEC14L5"
"SPINK7",6.68866522319581e-05,3.65120260895621,1,1,1,"4","SPINK7"
"GLI1",6.77609182389473e-05,0.877043339799885,1,1,1,"4","GLI1"
"RIMBP21",6.82309229383927e-05,0.689633510437984,1,1,1,"4","RIMBP2"
"BCAT2",6.84147269034812e-05,1.59609204734329,1,1,1,"4","BCAT2"
"STX17",6.85776119551232e-05,0.847707711394184,1,1,1,"4","STX17"
"PQLC2",6.92660356677327e-05,0.850516807578426,1,1,1,"4","PQLC2"
"TG",6.93560785701087e-05,1.16139084548133,1,1,1,"4","TG"
"NFS1",6.97774031500951e-05,0.616528199762776,1,1,1,"4","NFS1"
"JMY",6.99002621142895e-05,0.737126817359787,1,1,1,"4","JMY"
"CDKN1A1",6.99325483632006e-05,0.833126002994256,1,1,1,"4","CDKN1A"
"MTMR81",7.00341247911595e-05,0.744835339232447,1,1,1,"4","MTMR8"
"SPATA12",7.10773956868458e-05,0.650188554149265,1,1,1,"4","SPATA12"
"CCR4",7.11947291012206e-05,1.7823293619744,1,1,1,"4","CCR4"
"CCDC3",7.12360033645148e-05,1.00567393528184,1,1,1,"4","CCDC3"
"RP11-344H11.4",7.15451107091519e-05,2.30630358239234,1,1,1,"4","RP11-344H11.4"
"OSBP",7.16475475926896e-05,0.509694117052042,1,1,1,"4","OSBP"
"DGCR2",7.1927345863965e-05,0.800430320447886,1,1,1,"4","DGCR2"
"S1PR5",7.31742535097757e-05,0.953400323421672,1,1,1,"4","S1PR5"
"ACACA",7.34741650024093e-05,0.703117055216719,1,1,1,"4","ACACA"
"C14orf1",7.34841400643512e-05,0.662527440448285,1,1,1,"4","C14orf1"
"PRKCZ",7.50472244497999e-05,0.908900713309539,1,1,1,"4","PRKCZ"
"RASSF61",7.52891398155481e-05,0.863628434595441,1,1,1,"4","RASSF6"
"ANKRD13A",7.54899434362742e-05,0.550325850364509,1,1,1,"4","ANKRD13A"
"SPTLC1",7.54966996733341e-05,0.573398929411635,1,1,1,"4","SPTLC1"
"ABLIM21",7.69008866711754e-05,0.623769005302892,1,1,1,"4","ABLIM2"
"FH",7.70117693160186e-05,0.73539742435689,1,1,1,"4","FH"
"TPSB2",7.71920010824863e-05,1.35559037061511,1,1,1,"4","TPSB2"
"TNF",7.73268429686749e-05,0.999066544861858,1,1,1,"4","TNF"
"EML2",7.76404162625364e-05,0.708645540723923,1,1,1,"4","EML2"
"SIMC11",7.79898327969806e-05,0.724599557467704,1,1,1,"4","SIMC1"
"SLC25A23",7.82601386613181e-05,1.03806236572323,1,1,1,"4","SLC25A23"
"NOTCH2",7.88027159037138e-05,0.810781165510775,1,1,1,"4","NOTCH2"
"NDEL1",7.95197511215054e-05,0.7092353085248,1,1,1,"4","NDEL1"
"CLDN8",8.0302674120969e-05,0.942770180201757,1,1,1,"4","CLDN8"
"ARNT21",8.23841908094156e-05,1.00946103447021,1,1,1,"4","ARNT2"
"MACC1",8.29529862120071e-05,0.115121541856949,1,1,1,"4","MACC1"
"CALCOCO1",8.38381573838804e-05,0.802655961569474,1,1,1,"4","CALCOCO1"
"PEX13",8.38772619084782e-05,0.665998975638546,1,1,1,"4","PEX13"
"ARFGEF2",8.50258064412975e-05,0.595899093422375,1,1,1,"4","ARFGEF2"
"OLAH",8.5066937777561e-05,1.54183594234024,1,1,1,"4","OLAH"
"SLC47A1",8.53778445500301e-05,1.6519886528402,1,1,1,"4","SLC47A1"
"CHCHD10",8.53952952526603e-05,0.766296257287145,1,1,1,"4","CHCHD10"
"NKD11",8.54136571987583e-05,0.774150441913081,1,1,1,"4","NKD1"
"PROL1",8.68938895734281e-05,4.39868082770407,1,1,1,"4","PROL1"
"NDUFB4",8.70853876727986e-05,0.732839291533782,1,1,1,"4","NDUFB4"
"C22orf31",8.77112005277437e-05,0.702079670311937,1,1,1,"4","C22orf31"
"SLC11A2",8.7897270675755e-05,0.947089954178079,1,1,1,"4","SLC11A2"
"DQX1",8.85389803750881e-05,0.701487859010733,1,1,1,"4","DQX1"
"MGME1",8.8894679097797e-05,0.739073062355519,1,1,1,"4","MGME1"
"CAPN81",9.01179677869041e-05,0.57010946681579,1,1,1,"4","CAPN8"
"MYL2",9.0512553080411e-05,3.19347577636065,1,1,1,"4","MYL2"
"GSTZ1",9.16876361174877e-05,0.718540443096959,1,1,1,"4","GSTZ1"
"PSMB2",9.27669343193275e-05,0.664520234035278,1,1,1,"4","PSMB2"
"DAPK2",9.29614303013644e-05,1.3675919479119,1,1,1,"4","DAPK2"
"GSTM4",9.36446642611381e-05,0.679337799181932,1,1,1,"4","GSTM4"
"CBLN2",9.40558169716517e-05,1.13420213606785,1,1,1,"4","CBLN2"
"CPA3",9.45416335195118e-05,1.16026017520093,1,1,1,"4","CPA3"
"KIAA1737",9.47488656859228e-05,0.74885319530031,1,1,1,"4","KIAA1737"
"TMEM63C",9.53127954978085e-05,0.9113118621542,1,1,1,"4","TMEM63C"
"FCHO1",9.71668204683226e-05,0.214664379658734,1,1,1,"4","FCHO1"
"GPRIN2",9.7254318050565e-05,0.97986195141857,1,1,1,"4","GPRIN2"
"RP11-419L20.2",9.76902557286324e-05,1.42892456837322,1,1,1,"4","RP11-419L20.2"
"ANKEF1",9.8436335254915e-05,2.21853181244654,1,1,1,"4","ANKEF1"
"AC006978.6",9.98770936787359e-05,0.735281438183934,1,1,1,"4","AC006978.6"
"ICOSLG",0.000100579410395726,0.756066173264561,1,1,1,"4","ICOSLG"
"ATP2A2",0.000100596393289483,0.635028013069693,1,1,1,"4","ATP2A2"
"HLA-DQB2",0.000100612023091953,0.877891277621941,1,1,1,"4","HLA-DQB2"
"TBC1D22A",0.00010088655610077,0.513276818813363,1,1,1,"4","TBC1D22A"
"MPPED1",0.000101234612129729,0.917920512034621,1,1,1,"4","MPPED1"
"AKR1C3",0.000102049633240806,1.18396911267968,1,1,1,"4","AKR1C3"
"C12orf29",0.000102469085373341,0.723334546365431,1,1,1,"4","C12orf29"
"WDR53",0.000103104372608681,0.564966080485165,1,1,1,"4","WDR53"
"PCYT2",0.000103794760169677,0.833032584301058,1,1,1,"4","PCYT2"
"CTNNBIP1",0.000104455351030709,1.2333045641912,1,1,1,"4","CTNNBIP1"
"TLCD1",0.000104851675766207,1.22585356657628,1,1,1,"4","TLCD1"
"S100A61",0.000105386513546711,0.900057870524222,1,1,1,"4","S100A6"
"LNX1",0.000105475347906974,1.10078628795003,1,1,1,"4","LNX1"
"OSBPL3",0.000105873366831219,0.327759202088817,1,1,1,"4","OSBPL3"
"C10orf1131",0.000106609317420871,1.02272423970917,1,1,1,"4","C10orf113"
"SLC6A17",0.000106947069305998,1.19434650807188,1,1,1,"4","SLC6A17"
"PGBD4",0.000107060754166735,0.708901791995041,1,1,1,"4","PGBD4"
"HSPB1",0.00010795497201052,1.27668428086488,1,1,1,"4","HSPB1"
"SRGAP31",0.000109485794750952,0.665574194533658,1,1,1,"4","SRGAP3"
"IKZF21",0.00010950572320273,0.759078656964597,1,1,1,"4","IKZF2"
"CXorf65",0.000110159611903129,1.04002641465105,1,1,1,"4","CXorf65"
"CSNK1A1",0.000110451098360881,0.641605391218437,1,1,1,"4","CSNK1A1"
"FAM189A2",0.000110480763570179,0.788997122429988,1,1,1,"4","FAM189A2"
"ACAA1",0.000110770856822561,0.936202656557912,1,1,1,"4","ACAA1"
"TMEM116",0.000110787564497514,0.695126185345018,1,1,1,"4","TMEM116"
"FBP2",0.000111658869275715,1.75558833867317,1,1,1,"4","FBP2"
"LAMP1",0.000112220706656928,0.725583990823687,1,1,1,"4","LAMP1"
"GLCCI1",0.000114951786814034,0.735600465043298,1,1,1,"4","GLCCI1"
"GDE1",0.000115435356911078,1.01036038379861,1,1,1,"4","GDE1"
"PRDX2",0.000115931793774827,1.01233869521472,1,1,1,"4","PRDX2"
"GBP21",0.000116138521953459,0.972187709025526,1,1,1,"4","GBP2"
"HILPDA",0.000116408987307205,1.16023285635814,1,1,1,"4","HILPDA"
"SLC9A3",0.000117650982481604,2.60658630155246,1,1,1,"4","SLC9A3"
"PAX6",0.000118133877552245,1.35534207059703,1,1,1,"4","PAX6"
"ATP1B3",0.000119903541160556,0.7853211649334,1,1,1,"4","ATP1B3"
"TNP1",0.00012046692238515,2.31420946298761,1,1,1,"4","TNP1"
"MFSD5",0.000121944019568713,1.18750324015611,1,1,1,"4","MFSD5"
"RAB11FIP11",0.000122384934123313,0.659403062612483,1,1,1,"4","RAB11FIP1"
"SLC9A3R1",0.000122451320764357,0.554514916779539,1,1,1,"4","SLC9A3R1"
"MTF1",0.000123869452909343,0.731919150209297,1,1,1,"4","MTF1"
"PSMA6P1",0.000125571115099316,0.867885751650833,1,1,1,"4","PSMA6P1"
"NOTUM",0.000126004271689104,0.782650377503048,1,1,1,"4","NOTUM"
"NAPSB",0.000126058920322653,1.82207245242011,1,1,1,"4","NAPSB"
"AP1G2",0.000126273035243241,0.747628391106346,1,1,1,"4","AP1G2"
"CHODL",0.000126296246727589,0.678760577895988,1,1,1,"4","CHODL"
"ABCA21",0.000127148695251147,0.883727062679412,1,1,1,"4","ABCA2"
"GNG12",0.00012766897834441,0.631505914272632,1,1,1,"4","GNG12"
"PTPLB",0.000127696719247655,0.70197873479027,1,1,1,"4","PTPLB"
"MAP1LC3B",0.000129397906353234,0.69027195522259,1,1,1,"4","MAP1LC3B"
"HLCS",0.000130113539818345,1.11064668047041,1,1,1,"4","HLCS"
"ZNF273",0.000130720770722234,0.579913602691843,1,1,1,"4","ZNF273"
"CYP2J2",0.000131806056729461,0.839002710210774,1,1,1,"4","CYP2J2"
"ZNF681",0.000133695286889253,1.01626530325662,1,1,1,"4","ZNF681"
"NDUFV2",0.00013456528909266,0.713133819584932,1,1,1,"4","NDUFV2"
"SCP2",0.000134638111378556,0.71958810276017,1,1,1,"4","SCP2"
"MFAP2",0.000135244090936209,1.12377251103404,1,1,1,"4","MFAP2"
"RORC",0.000136101015497227,1.27587442742952,1,1,1,"4","RORC"
"NIPAL31",0.000136111731774896,0.807699778796204,1,1,1,"4","NIPAL3"
"PSMD8",0.000136194178635454,0.60138165278299,1,1,1,"4","PSMD8"
"GLE1",0.000137416090890434,0.564478145811815,1,1,1,"4","GLE1"
"ACOX1",0.00013746998244115,0.746359123101513,1,1,1,"4","ACOX1"
"MRPL27",0.000137907527600498,0.571271061415757,1,1,1,"4","MRPL27"
"ZNF296",0.000138570260623911,0.646834324054495,1,1,1,"4","ZNF296"
"TRAM1L1",0.000138589580738891,0.845344859963264,1,1,1,"4","TRAM1L1"
"ANKRD31",0.000140507695811251,0.831542643716553,1,1,1,"4","ANKRD31"
"EPT1",0.000143112986221667,0.681844572661049,1,1,1,"4","EPT1"
"BSCL2",0.000143272397922832,0.550192102179896,1,1,1,"4","BSCL2"
"METTL7A1",0.000144591804590768,0.82415038030952,1,1,1,"4","METTL7A"
"DNAH17",0.000147269213138333,1.67492450021258,1,1,1,"4","DNAH17"
"HDC",0.000147455482510165,1.26917485494965,1,1,1,"4","HDC"
"PTGFR",0.000148654750375962,0.974171759300267,1,1,1,"4","PTGFR"
"S100A4",0.000149003633315947,1.01331482758881,1,1,1,"4","S100A4"
"OPN1LW",0.000149258314715091,0.970325947068089,1,1,1,"4","OPN1LW"
"HIST1H1A",0.00014964558930335,0.565499584497969,1,1,1,"4","HIST1H1A"
"ACO1",0.000150417671043508,0.955237590722373,1,1,1,"4","ACO1"
"PGBD5",0.000150478915020672,0.961012053786044,1,1,1,"4","PGBD5"
"ARFGAP2",0.000151388969882301,0.466344440899825,1,1,1,"4","ARFGAP2"
"TRBV28",0.000152682916601856,0.573677801137098,1,1,1,"4","TRBV28"
"SYNGR2",0.000153787258426248,0.759534117267753,1,1,1,"4","SYNGR2"
"C14orf64",0.000154015774714279,0.514205968643147,1,1,1,"4","C14orf64"
"PITHD1",0.000154197639786737,0.649391557421367,1,1,1,"4","PITHD1"
"FREM1",0.000154839817849566,1.03533683017355,1,1,1,"4","FREM1"
"GALNT3",0.000155155837837164,0.747767442699597,1,1,1,"4","GALNT3"
"CD6",0.000155684863569306,1.04622403455474,1,1,1,"4","CD6"
"RIOK3",0.000155807754931502,1.1586077665858,1,1,1,"4","RIOK3"
"MYH7",0.00015621742680199,4.01953834400905,1,1,1,"4","MYH7"
"TMEM159",0.000156511446606617,0.862399172213642,1,1,1,"4","TMEM159"
"FAM205B",0.000156677719618902,1.39838557475525,1,1,1,"4","FAM205B"
"NEFM",0.000157289470683778,0.721290127741291,1,1,1,"4","NEFM"
"PLEKHD1",0.000157940205759193,1.05649168616205,1,1,1,"4","PLEKHD1"
"CACNA1G",0.000158208991506851,1.16857838993385,1,1,1,"4","CACNA1G"
"SDC41",0.00015908937956818,0.721271921182828,1,1,1,"4","SDC4"
"FAM117A1",0.000163071861945658,0.792041649662998,1,1,1,"4","FAM117A"
"SLC35G1",0.000164689505180349,0.773032685399118,1,1,1,"4","SLC35G1"
"OFCC1",0.000164700140893674,0.817248423328993,1,1,1,"4","OFCC1"
"ALCAM1",0.000165788286580109,0.777141463424876,1,1,1,"4","ALCAM"
"MTHFR",0.000166071276008532,0.785454518652125,1,1,1,"4","MTHFR"
"FASLG",0.000166649571913094,1.00268935694723,1,1,1,"4","FASLG"
"KIAA1191",0.000167203582831088,0.639409735511439,1,1,1,"4","KIAA1191"
"G6PD",0.000169207394613857,0.695527360301444,1,1,1,"4","G6PD"
"PLXNB1",0.000169954001095672,1.00351970824626,1,1,1,"4","PLXNB1"
"FAM71E1",0.000170020938950952,0.525570044890621,1,1,1,"4","FAM71E1"
"HLF1",0.000170158573186501,0.920069908628989,1,1,1,"4","HLF"
"MROH6",0.000173253576596808,0.154651715377447,1,1,1,"4","MROH6"
"ECHDC21",0.000174110321243981,1.0124952548834,1,1,1,"4","ECHDC2"
"HINT2",0.000175785464655832,0.731114778701329,1,1,1,"4","HINT2"
"RNF222",0.000177609477448807,0.715762390536272,1,1,1,"4","RNF222"
"SLC35F6",0.000178166086819559,1.20395490263545,1,1,1,"4","SLC35F6"
"SLC18A2",0.00017823123542999,0.519462013296542,1,1,1,"4","SLC18A2"
"SSX2IP1",0.000178602650973747,1.09287522963953,1,1,1,"4","SSX2IP"
"SLC16A10",0.000179971485557316,1.12465481832551,1,1,1,"4","SLC16A10"
"SLC7A11",0.000180865060154097,0.217060315227256,1,1,1,"4","SLC7A11"
"PTK2B1",0.000181654204359947,0.663481228856369,1,1,1,"4","PTK2B"
"NDUFA6",0.000182322156365081,0.678403124836191,1,1,1,"4","NDUFA6"
"DGCR6",0.000182480667556086,1.01348680919595,1,1,1,"4","DGCR6"
"DOPEY1",0.000183163845844547,0.750271917023738,1,1,1,"4","DOPEY1"
"KRTAP10-3",0.000183241846934435,1.36986243101261,1,1,1,"4","KRTAP10-3"
"SH3BGRL3",0.00018462735342849,0.808852140561216,1,1,1,"4","SH3BGRL3"
"CLEC2A",0.000186321221782548,0.919416514044384,1,1,1,"4","CLEC2A"
"ARHGAP8",0.000187065760204641,1.27881411857176,1,1,1,"4","ARHGAP8"
"PHLDB3",0.000187643069861876,0.722506793908135,1,1,1,"4","PHLDB3"
"GPBP1L1",0.000187751027809009,0.431709103277242,1,1,1,"4","GPBP1L1"
"RTN3",0.000189341423254101,0.65474047808198,1,1,1,"4","RTN3"
"CTSA",0.000191547356803687,0.691465196804888,1,1,1,"4","CTSA"
"NMNAT2",0.000191991760080777,1.8029804497417,1,1,1,"4","NMNAT2"
"SLC22A10",0.000193653545686929,2.17008705076952,1,1,1,"4","SLC22A10"
"CLN8",0.000195398984795919,0.781107363775213,1,1,1,"4","CLN8"
"RPA2",0.00019992691771805,0.820369848637876,1,1,1,"4","RPA2"
"DYNC1LI1",0.000203279218261574,0.536516797119504,1,1,1,"4","DYNC1LI1"
"VPS36",0.000204283343289745,0.579412526112755,1,1,1,"4","VPS36"
"NUDT12",0.000204920611503339,0.55213564888963,1,1,1,"4","NUDT12"
"FMOD1",0.000205736062663776,0.696948508197888,1,1,1,"4","FMOD"
"PPP1R1C",0.000206549672732942,1.94394807283631,1,1,1,"4","PPP1R1C"
"FBXO9",0.000206854341792198,0.60835852051575,1,1,1,"4","FBXO9"
"LANCL3",0.000207597574552231,2.76990889405571,1,1,1,"4","LANCL3"
"NALCN1",0.000209830430658776,1.86977124835937,1,1,1,"4","NALCN"
"ASS11",0.000210589021841298,0.76496862426049,1,1,1,"4","ASS1"
"FAM25C",0.000210774818890137,1.09047335383486,1,1,1,"4","FAM25C"
"TOM1",0.000211595272167581,0.670383902893224,1,1,1,"4","TOM1"
"FLVCR2",0.000212865019769726,0.717576429081022,1,1,1,"4","FLVCR2"
"UEVLD",0.000213553780880745,0.733252076935962,1,1,1,"4","UEVLD"
"EXOC8",0.00021651774780935,0.695471751533812,1,1,1,"4","EXOC8"
"CPEB3",0.000216823418422079,0.6375373493512,1,1,1,"4","CPEB3"
"DCTN4",0.000218031759520505,0.512930020972485,1,1,1,"4","DCTN4"
"RHBDL2",0.000218704273838913,0.541321952824967,1,1,1,"4","RHBDL2"
"FOXP3",0.000220013796620222,0.539630883343943,1,1,1,"4","FOXP3"
"GBE1",0.000220551583958882,1.09611484777811,1,1,1,"4","GBE1"
"MCOLN2",0.000222937009744754,1.70841884328903,1,1,1,"4","MCOLN2"
"KRTAP10-5",0.00022302218220772,1.98778929100272,1,1,1,"4","KRTAP10-5"
"CMYA5",0.000225417636834124,1.23801812658964,1,1,1,"4","CMYA5"
"NRAP",0.000226355531526299,2.06565203902936,1,1,1,"4","NRAP"
"PANK3",0.000228612495426137,0.612942401512139,1,1,1,"4","PANK3"
"BMPR1A",0.000229413183595583,0.960706322314792,1,1,1,"4","BMPR1A"
"DLX5",0.000229824452253135,1.20559947078774,1,1,1,"4","DLX5"
"EGR2",0.000232325203874959,1.26756561721878,1,1,1,"4","EGR2"
"MAP7D2",0.000232716151968628,2.7838831699191,1,1,1,"4","MAP7D2"
"TNFAIP8",0.000233822803769486,0.856506957531353,1,1,1,"4","TNFAIP8"
"LPIN1",0.000235543183190236,1.25268662532712,1,1,1,"4","LPIN1"
"DYNLL1",0.000235967132038883,0.833100707204125,1,1,1,"4","DYNLL1"
"SLAMF6",0.000236320281808138,0.765949130618377,1,1,1,"4","SLAMF6"
"CBR11",0.000236435991380358,0.332883466564457,1,1,1,"4","CBR1"
"DFNB311",0.000237099924677413,1.11467527607902,1,1,1,"4","DFNB31"
"ZBTB3",0.000237139844324764,0.810204887756271,1,1,1,"4","ZBTB3"
"ATP2B2",0.000237158427034362,0.701789691316124,1,1,1,"4","ATP2B2"
"EFNA4",0.000237621798054585,0.596329360245988,1,1,1,"4","EFNA4"
"TPSD1",0.000238821604083861,0.771332219558253,1,1,1,"4","TPSD1"
"CAPN31",0.00023908025864217,0.702386574040773,1,1,1,"4","CAPN3"
"CPEB2",0.000241001260522946,0.798906462142442,1,1,1,"4","CPEB2"
"TENM4",0.000241030210885015,0.690023486512597,1,1,1,"4","TENM4"
"GPR68",0.000241314272741038,0.652797586186793,1,1,1,"4","GPR68"
"RP11-561N12.1",0.000241320857145257,0.742155206285565,1,1,1,"4","RP11-561N12.1"
"P2RY2",0.000242994026089175,0.861188125918714,1,1,1,"4","P2RY2"
"WDTC1",0.000244170158282473,0.529181450712748,1,1,1,"4","WDTC1"
"SH2D3A",0.000244481227848465,0.738480048337815,1,1,1,"4","SH2D3A"
"PKIB",0.000244659511269061,1.34768315326146,1,1,1,"4","PKIB"
"SYNGR1",0.000246093108705417,0.644469272935297,1,1,1,"4","SYNGR1"
"CFH1",0.000246382945402365,0.797206484802995,1,1,1,"4","CFH"
"CYP39A1",0.000246922482873916,0.856240350703715,1,1,1,"4","CYP39A1"
"EFHC2",0.000251332667404518,1.03752562826755,1,1,1,"4","EFHC2"
"CCL13",0.000251926393423582,0.853237932192963,1,1,1,"4","CCL13"
"ZNF589",0.000252347943576669,0.697413189257897,1,1,1,"4","ZNF589"
"DNAJB12",0.000253164406810042,0.53826942596076,1,1,1,"4","DNAJB12"
"TRMT6",0.000253747135590098,0.694627334785482,1,1,1,"4","TRMT6"
"REEP4",0.000256529791117285,0.834042058590848,1,1,1,"4","REEP4"
"DNASE2",0.000257433190537215,0.711842547042298,1,1,1,"4","DNASE2"
"CNGB1",0.000257581254890124,1.10497218953751,1,1,1,"4","CNGB1"
"KIFC2",0.000258614608389925,0.380733649303707,1,1,1,"4","KIFC2"
"FLRT31",0.000261924342271992,0.500111268790125,1,1,1,"4","FLRT3"
"MYO15A",0.000262373540370042,0.863538374775136,1,1,1,"4","MYO15A"
"POMT1",0.0002626654899023,0.668499415358713,1,1,1,"4","POMT1"
"FAM135A",0.000263441694084759,0.783712768501278,1,1,1,"4","FAM135A"
"PTPN13",0.000268043525316775,0.953034245229109,1,1,1,"4","PTPN13"
"ADAM231",0.000269802514766216,0.932438230428531,1,1,1,"4","ADAM23"
"DCST1",0.000271332556432339,0.826742532297589,1,1,1,"4","DCST1"
"CTD-2547L24.3",0.000272152678332726,1.11419584558686,1,1,1,"4","CTD-2547L24.3"
"OPTC",0.000274025784371544,0.646414103676712,1,1,1,"4","OPTC"
"MS4A2",0.000275614207807164,0.724050950161896,1,1,1,"4","MS4A2"
"ACP6",0.000276760966547063,1.10372860632362,1,1,1,"4","ACP6"
"REEP5",0.000277402486742264,0.56923241798318,1,1,1,"4","REEP5"
"MMEL1",0.000278818600956647,1.62849806193262,1,1,1,"4","MMEL1"
"TAP1",0.000279207098508375,0.839729142114045,1,1,1,"4","TAP1"
"FAM3C",0.000280142076602198,0.732209967488252,1,1,1,"4","FAM3C"
"NTAN1",0.000280906786767219,0.65698171190447,1,1,1,"4","NTAN1"
"PAPSS1",0.000282156246154231,0.742440931117001,1,1,1,"4","PAPSS1"
"ACKR2",0.000284031708927832,1.21417858011641,1,1,1,"4","ACKR2"
"CLINT1",0.000284112451378471,0.585314292345956,1,1,1,"4","CLINT1"
"WNT3A",0.000284711576134973,0.534718438105253,1,1,1,"4","WNT3A"
"SIKE1",0.000285048002861533,0.562142375348687,1,1,1,"4","SIKE1"
"HSD17B12",0.000285660963756573,0.675757237464262,1,1,1,"4","HSD17B12"
"GPNMB",0.000285873584360083,0.804329221372093,1,1,1,"4","GPNMB"
"ETHE1",0.000286167556073751,0.543352444419611,1,1,1,"4","ETHE1"
"GTF2IRD1",0.000287649127386125,0.692184265297056,1,1,1,"4","GTF2IRD1"
"WDR66",0.000288869053234954,1.35889098086052,1,1,1,"4","WDR66"
"CCL21",0.000289542643471341,1.17260322047702,1,1,1,"4","CCL21"
"C21orf91",0.000289565712657803,0.642519054305851,1,1,1,"4","C21orf91"
"RAB1C",0.000294046073190054,0.614735373191607,1,1,1,"4","RAB1C"
"HMSD",0.000295050835013298,0.590271889236195,1,1,1,"4","HMSD"
"SORT11",0.000295653176946727,0.762977699390195,1,1,1,"4","SORT1"
"C1orf186",0.000296227304230482,0.703528858084049,1,1,1,"4","C1orf186"
"AQP10",0.000298328861474235,1.42602450201631,1,1,1,"4","AQP10"
"KCNK2",0.000299073426231668,0.742460474828007,1,1,1,"4","KCNK2"
"PPM1L",0.000299369707759497,0.844666774886306,1,1,1,"4","PPM1L"
"E2F8",0.000301992832321644,0.663610503054208,1,1,1,"4","E2F8"
"IL17RC",0.000302728710399686,0.850393881107175,1,1,1,"4","IL17RC"
"OXR1",0.000303169489935506,0.720680640641969,1,1,1,"4","OXR1"
"BMP41",0.000303333548530624,0.780003534561807,1,1,1,"4","BMP4"
"BOC",0.000306194816528994,0.909247157820001,1,1,1,"4","BOC"
"RFWD3",0.00030811706795763,0.64717866984687,1,1,1,"4","RFWD3"
"CDKN2B",0.000309510111555102,0.712677739099592,1,1,1,"4","CDKN2B"
"POR",0.000309589884177323,1.03845970945989,1,1,1,"4","POR"
"LNPEP",0.000309617801041833,0.506008432595735,1,1,1,"4","LNPEP"
"TCEA31",0.000311351000829045,0.907361316907743,1,1,1,"4","TCEA3"
"VPS39",0.000313170303107047,0.501579790933125,1,1,1,"4","VPS39"
"SLC52A31",0.00031326955058358,1.01730725881959,1,1,1,"4","SLC52A3"
"GALNT11",0.000314163261418567,0.442216930893167,1,1,1,"4","GALNT11"
"UCHL31",0.000315650678694699,0.456536341312473,1,1,1,"4","UCHL3"
"SEC14L2",0.000315791668398149,0.853106250297083,1,1,1,"4","SEC14L2"
"BTLA",0.000317874142390091,1.27945190202148,1,1,1,"4","BTLA"
"RSPH3",0.000318196075516395,0.668523482106982,1,1,1,"4","RSPH3"
"BDNF1",0.000318412458655126,0.916404266160839,1,1,1,"4","BDNF"
"PTPN20A",0.00031979003422276,0.740747327478418,1,1,1,"4","PTPN20A"
"DUSP16",0.000321546858523065,0.822279786034709,1,1,1,"4","DUSP16"
"MYO19",0.000321831011256741,0.598061312278658,1,1,1,"4","MYO19"
"CADM4",0.000322347211505394,0.495849941059246,1,1,1,"4","CADM4"
"TSPAN33",0.000322860554541747,1.21652577824537,1,1,1,"4","TSPAN33"
"NLRP2",0.00032820737241634,0.818522031232082,1,1,1,"4","NLRP2"
"IFLTD1",0.000332849219354782,1.4788367809478,1,1,1,"4","IFLTD1"
"LGI3",0.000333860225161264,0.93459788674677,1,1,1,"4","LGI3"
"HAS3",0.000335022874382029,1.19783804941756,1,1,1,"4","HAS3"
"NTS",0.000336826503386838,3.67052746988191,1,1,1,"4","NTS"
"DUSP2",0.000337767455790139,1.50235859559065,1,1,1,"4","DUSP2"
"CLDN4",0.000339328500323145,0.705729572370423,1,1,1,"4","CLDN4"
"LAMB3",0.000342545842591712,0.559818358388767,1,1,1,"4","LAMB3"
"KLHL31",0.000345249879143071,0.891062152013326,1,1,1,"4","KLHL31"
"LCE3A",0.000346089870819689,1.31281145847094,1,1,1,"4","LCE3A"
"EFS",0.000347319407644469,0.808458902695786,1,1,1,"4","EFS"
"PAIP2B",0.00034859864749775,0.76021338822849,1,1,1,"4","PAIP2B"
"GPR128",0.000351131994333029,0.208459791341692,1,1,1,"4","GPR128"
"CATSPERG",0.000351365084243132,1.02678283376606,1,1,1,"4","CATSPERG"
"MB",0.000353218129800624,1.98934589044693,1,1,1,"4","MB"
"FAM63A",0.000363305843228446,0.506428191430553,1,1,1,"4","FAM63A"
"CAST",0.000364129865333995,0.532921300798886,1,1,1,"4","CAST"
"RASSF51",0.000366517429989599,0.7747602152146,1,1,1,"4","RASSF5"
"GCSAML",0.000371289827207428,1.4511972555929,1,1,1,"4","GCSAML"
"LCE5A",0.000372486935161591,0.856246393877901,1,1,1,"4","LCE5A"
"ZNF43",0.00037530669367801,0.949494706833608,1,1,1,"4","ZNF43"
"CLDN16",0.000376490552258052,0.505590799072658,1,1,1,"4","CLDN16"
"SIM1",0.000377271568038631,0.939449899339417,1,1,1,"4","SIM1"
"TRHDE",0.000377625056662582,0.420532533001021,1,1,1,"4","TRHDE"
"DIRAS3",0.000377922929561637,0.674604167932833,1,1,1,"4","DIRAS3"
"TEAD31",0.00037867858237757,0.984045206857461,1,1,1,"4","TEAD3"
"SPIRE2",0.000381325512994549,0.637999756218852,1,1,1,"4","SPIRE2"
"EIF4BP2",0.000382449563531701,0.731113138676269,1,1,1,"4","EIF4BP2"
"RIMS3",0.000384161264126851,0.483385741550009,1,1,1,"4","RIMS3"
"RIPK3",0.000386410067724779,0.988653627312502,1,1,1,"4","RIPK3"
"C1orf109",0.000387643264115167,0.565432988752871,1,1,1,"4","C1orf109"
"IPO13",0.000390807239723162,0.60679890834248,1,1,1,"4","IPO13"
"SEC14L3",0.000392370207603898,0.642890379452126,1,1,1,"4","SEC14L3"
"HCAR2",0.000398436136895969,1.10010071223975,1,1,1,"4","HCAR2"
"HADHB",0.000399035536243266,0.497424803569636,1,1,1,"4","HADHB"
"DENND1B",0.000402031330563733,0.439482383976623,1,1,1,"4","DENND1B"
"FZD6",0.000402442426258754,0.66293256906523,1,1,1,"4","FZD6"
"HADH",0.000403867011563548,0.744127012921844,1,1,1,"4","HADH"
"ACSL5",0.000404554767011258,0.6715323628639,1,1,1,"4","ACSL5"
"ATP6V0B",0.000406268018706346,0.582306513100374,1,1,1,"4","ATP6V0B"
"SLC39A6",0.000407853282415571,0.827928817663722,1,1,1,"4","SLC39A6"
"MKNK2",0.000409462639189398,0.608023466254529,1,1,1,"4","MKNK2"
"TNFRSF9",0.000411916627031012,1.39320347632182,1,1,1,"4","TNFRSF9"
"NLRX1",0.000415361251981509,0.88960899774302,1,1,1,"4","NLRX1"
"CUL3",0.000415371191149072,0.483693091819156,1,1,1,"4","CUL3"
"IL15RA",0.000417608022477083,0.965788916887254,1,1,1,"4","IL15RA"
"ARL5A",0.000424282839892209,0.283556084792931,1,1,1,"4","ARL5A"
"CEBPA",0.00042583159251796,0.698863373128459,1,1,1,"4","CEBPA"
"CAPZA3",0.000431035631708488,1.02405651120885,1,1,1,"4","CAPZA3"
"GALT",0.000432789059447294,0.524963447451267,1,1,1,"4","GALT"
"GID8",0.000432814166149749,0.533024751229831,1,1,1,"4","GID8"
"TMPRSS5",0.000434470526804538,1.57148197240413,1,1,1,"4","TMPRSS5"
"SP5",0.00043546670891451,1.14921332968212,1,1,1,"4","SP5"
"ELL21",0.000437389319662899,0.752670064599275,1,1,1,"4","ELL2"
"STAT1",0.000439798026818917,1.03638968346321,1,1,1,"4","STAT1"
"FABP5P7",0.000441013338510762,0.809345999234093,1,1,1,"4","FABP5P7"
"TMEM99",0.000441481413671908,0.859076877265496,1,1,1,"4","TMEM99"
"RP11-473M20.5",0.000442224921728427,0.518583754962163,1,1,1,"4","RP11-473M20.5"
"CES3",0.000444351662211429,0.101147482699959,1,1,1,"4","CES3"
"SLC27A2",0.000446363271994973,1.20254552876615,1,1,1,"4","SLC27A2"
"NEGR1",0.000447256179381515,0.889621731511948,1,1,1,"4","NEGR1"
"MST41",0.000450357409440293,0.636072742913548,1,1,1,"4","MST4"
"KNDC11",0.000452694691080186,0.601594967550096,1,1,1,"4","KNDC1"
"TTC9",0.000452766533739014,0.743376770321408,1,1,1,"4","TTC9"
"RP11-15H20.5",0.000454489045721517,0.8669181545088,1,1,1,"4","RP11-15H20.5"
"OR2B2",0.000455388338950308,0.926483336951746,1,1,1,"4","OR2B2"
"CRLF2",0.000457029426130938,1.64279915434283,1,1,1,"4","CRLF2"
"CCR8",0.000460535495999355,0.688753563938487,1,1,1,"4","CCR8"
"C11orf87",0.000461169025241787,1.30010912983298,1,1,1,"4","C11orf87"
"CSRP3",0.000463787759198242,0.718828540499224,1,1,1,"4","CSRP3"
"PMS2P9",0.000468147245839866,0.857552668497753,1,1,1,"4","PMS2P9"
"PC",0.000468863644641535,0.802734392841934,1,1,1,"4","PC"
"SMOC11",0.000472194766011868,1.14295982554968,1,1,1,"4","SMOC1"
"MAPK14",0.000472752675356507,0.484642722839983,1,1,1,"4","MAPK14"
"CTD-2228K2.5",0.000472998656876003,0.859079677838876,1,1,1,"4","CTD-2228K2.5"
"CMA1",0.000473153754361989,1.36196407377193,1,1,1,"4","CMA1"
"FOXI1",0.000474449174490817,1.66447208191159,1,1,1,"4","FOXI1"
"CAPG",0.000477359725508776,0.615684058599285,1,1,1,"4","CAPG"
"IL6R1",0.000480846384890283,0.884252989300339,1,1,1,"4","IL6R"
"NDUFA4",0.000482131099493131,0.669125169242406,1,1,1,"4","NDUFA4"
"SERPINA31",0.000482252872426014,0.242300855770262,1,1,1,"4","SERPINA3"
"ADK",0.000483757455676156,0.649929899649948,1,1,1,"4","ADK"
"CCDC129",0.000485913715844433,0.860127957915921,1,1,1,"4","CCDC129"
"GAD1",0.000488248897450951,1.6577890951504,1,1,1,"4","GAD1"
"MPC1",0.000488347226484518,0.951655803106854,1,1,1,"4","MPC1"
"MAP4K1",0.000490858327450884,1.22471320805134,1,1,1,"4","MAP4K1"
"ERMP11",0.000494573994626877,0.681619133934968,1,1,1,"4","ERMP1"
"FZD3",0.000495512912872423,0.741709882555888,1,1,1,"4","FZD3"
"HNRNPA1P27",0.000495564724427116,0.668324220658521,1,1,1,"4","HNRNPA1P27"
"CD58",0.000496977328147138,0.70674614540383,1,1,1,"4","CD58"
"KRTAP10-2",0.000498023128812391,2.68135792353364,1,1,1,"4","KRTAP10-2"
"ZNF430",0.000502470631352998,0.597258563609286,1,1,1,"4","ZNF430"
"KIAA1468",0.000509926516630753,0.524152316754112,1,1,1,"4","KIAA1468"
"SCGB2A2",0.000515106838276371,2.08508427635712,1,1,1,"4","SCGB2A2"
"CTSG",0.00051625183378406,0.650573202613971,1,1,1,"4","CTSG"
"ALDH4A1",0.000517440859121227,0.692062356226147,1,1,1,"4","ALDH4A1"
"MARVELD31",0.000517926303984308,0.479657586364224,1,1,1,"4","MARVELD3"
"ZMIZ2",0.000522167211514873,0.588732299582155,1,1,1,"4","ZMIZ2"
"PGAP3",0.000531769547622249,0.673248547502945,1,1,1,"4","PGAP3"
"ELMO3",0.000533122088181951,1.04918204818731,1,1,1,"4","ELMO3"
"DENND1C1",0.000541049171746122,0.816123705971281,1,1,1,"4","DENND1C"
"WDR61",0.000542271910931501,0.528842950403245,1,1,1,"4","WDR61"
"PTPN20CP",0.000543195240673387,1.03211794118138,1,1,1,"4","PTPN20CP"
"BIK",0.000543472597149303,0.744517406730942,1,1,1,"4","BIK"
"FGF11",0.000543509140808623,0.927773894314162,1,1,1,"4","FGF11"
"SLC9A9",0.000546166142702052,0.573359715483354,1,1,1,"4","SLC9A9"
"AOC1",0.000552553861045337,0.261225924740083,1,1,1,"4","AOC1"
"SOX15",0.000554192378742987,0.617103715202258,1,1,1,"4","SOX15"
"GOLGA1",0.000555661691525631,0.658535553360426,1,1,1,"4","GOLGA1"
"GK1",0.000556424474006864,0.407818585722895,1,1,1,"4","GK"
"HMCN11",0.000557915723897207,0.569420914804667,1,1,1,"4","HMCN1"
"FAM178B",0.000560960358551105,1.45841539327184,1,1,1,"4","FAM178B"
"SURF2",0.000561947199311714,0.514803679928267,1,1,1,"4","SURF2"
"ACADSB",0.000563316163210327,0.741221742275268,1,1,1,"4","ACADSB"
"RAB5B",0.000564016922263511,0.409699724937308,1,1,1,"4","RAB5B"
"NFE2L3",0.000564767364331746,0.506085663493732,1,1,1,"4","NFE2L3"
"TMEM171",0.000565495810011401,1.02024143703015,1,1,1,"4","TMEM171"
"ZNF649",0.00056972648586684,0.582457834894539,1,1,1,"4","ZNF649"
"CEP85",0.000569817723732604,0.748725103418607,1,1,1,"4","CEP85"
"PRKAG1",0.000574938406377359,0.514779563479518,1,1,1,"4","PRKAG1"
"KRTCAP31",0.000575429531724809,0.614581506046061,1,1,1,"4","KRTCAP3"
"H2AFJ",0.000579367090928579,0.795749845698428,1,1,1,"4","H2AFJ"
"PPAP2B",0.000581363230350652,0.844972223317285,1,1,1,"4","PPAP2B"
"NEAT1",0.000582659658507731,0.980508716473043,1,1,1,"4","NEAT1"
"GDPD1",0.000585735743075524,0.345600324845508,1,1,1,"4","GDPD1"
"KIF21A1",0.000590507120150951,0.895733350802912,1,1,1,"4","KIF21A"
"RP3-342P20.2",0.000592550159143348,0.660214606340372,1,1,1,"4","RP3-342P20.2"
"PPP2R3A",0.00059379928333994,1.02529198572725,1,1,1,"4","PPP2R3A"
"RP11-548H18.2",0.000595860990781321,0.586217104518148,1,1,1,"4","RP11-548H18.2"
"DUSP7",0.0005986544256739,0.740557527746104,1,1,1,"4","DUSP7"
"ABI1",0.000599992759770404,0.428419008478325,1,1,1,"4","ABI1"
"PPCS",0.000600020757584239,0.830348601723482,1,1,1,"4","PPCS"
"KCNG3",0.000601908891847596,0.92210871655676,1,1,1,"4","KCNG3"
"STATH",0.000606960136328616,3.7031225143134,1,1,1,"4","STATH"
"HES2",0.000608777034810621,0.37127330246364,1,1,1,"4","HES2"
"TOX1",0.000608921508027483,0.779199599227573,1,1,1,"4","TOX"
"NKD2",0.000610844670325118,1.02640539376715,1,1,1,"4","NKD2"
"LSM14B",0.00061742797545356,0.411698357644093,1,1,1,"4","LSM14B"
"CBFA2T2",0.000618445410403516,0.495240811528255,1,1,1,"4","CBFA2T2"
"FAM104B",0.000622940502883154,0.722181157488132,1,1,1,"4","FAM104B"
"SESN3",0.00062454516251613,0.688825278880261,1,1,1,"4","SESN3"
"MAPK15",0.000627056598622732,0.448258484819675,1,1,1,"4","MAPK15"
"FGL2",0.000629335210317111,0.73742095450784,1,1,1,"4","FGL2"
"HERC3",0.000629381837938252,0.681294327037875,1,1,1,"4","HERC3"
"TOX4",0.000630042804112539,0.355410321097949,1,1,1,"4","TOX4"
"USP3",0.000631634966503346,0.479408907281606,1,1,1,"4","USP3"
"SPTBN4",0.000632681616597354,0.772664898633789,1,1,1,"4","SPTBN4"
"CATSPER2P1",0.000633220209361167,0.777205210700432,1,1,1,"4","CATSPER2P1"
"RER1",0.000635093863191177,0.507662142986447,1,1,1,"4","RER1"
"MRGPRX2",0.000636478110007291,0.701929335552967,1,1,1,"4","MRGPRX2"
"NOX5",0.000636563632381785,0.853737121557264,1,1,1,"4","NOX5"
"SV2C",0.000636920230211532,1.9056117105272,1,1,1,"4","SV2C"
"DPH6",0.000640183394120693,0.683084271548017,1,1,1,"4","DPH6"
"SLC12A71",0.000640284145894085,1.06222173210062,1,1,1,"4","SLC12A7"
"PRKAG3",0.000643615485118088,0.393905514322208,1,1,1,"4","PRKAG3"
"FEM1B",0.000649579633207674,0.531507920918408,1,1,1,"4","FEM1B"
"TSKU",0.000650071322924116,0.890094807249255,1,1,1,"4","TSKU"
"FBXO3",0.000650350404084489,0.534981691204571,1,1,1,"4","FBXO3"
"CNTNAP4",0.000650584269898544,3.62680955051649,1,1,1,"4","CNTNAP4"
"CLEC10A",0.000656376903793855,1.2790622271684,1,1,1,"4","CLEC10A"
"ITM2B",0.000656623121292321,0.607562542949982,1,1,1,"4","ITM2B"
"VPS33B",0.000660361422107591,0.527440167611237,1,1,1,"4","VPS33B"
"CD2",0.000665486824522326,0.897104613970903,1,1,1,"4","CD2"
"MCF2L21",0.000670816032583828,0.63509857462312,1,1,1,"4","MCF2L2"
"PTER",0.000678362200397989,0.696844530933582,1,1,1,"4","PTER"
"GLRA2",0.000680143346154628,0.521568240000624,1,1,1,"4","GLRA2"
"KIAA0930",0.000682123378010595,0.667508412519489,1,1,1,"4","KIAA0930"
"PRDX1",0.000684434918477152,0.790669250547026,1,1,1,"4","PRDX1"
"NFATC1",0.000693890323194867,2.35632935936506,1,1,1,"4","NFATC1"
"CD207",0.000700902971084121,1.06093696741683,1,1,1,"4","CD207"
"CES5A",0.000703656340354459,0.533297705262854,1,1,1,"4","CES5A"
"OSR2",0.000706531191465571,0.766013155172883,1,1,1,"4","OSR2"
"TRAFD1",0.000707208373116237,0.502679887829647,1,1,1,"4","TRAFD1"
"ACP51",0.000708120816125461,0.335403186612117,1,1,1,"4","ACP5"
"MYO1G1",0.000713839947384401,1.02905960331639,1,1,1,"4","MYO1G"
"RPL3L",0.000714816921049799,1.32363378036313,1,1,1,"4","RPL3L"
"DGUOK-AS1",0.000716758725390438,0.618601382422687,1,1,1,"4","DGUOK-AS1"
"FBXO321",0.000716912918626549,0.603732728413416,1,1,1,"4","FBXO32"
"TUBAL3",0.000717582937969285,1.94877427955051,1,1,1,"4","TUBAL3"
"MARK2",0.00072322137468384,0.447339569067971,1,1,1,"4","MARK2"
"DTX1",0.000728654246257083,1.07220949081983,1,1,1,"4","DTX1"
"TMEM259",0.000728736393356407,0.732223729660422,1,1,1,"4","TMEM259"
"ELOVL6",0.000734852894089448,0.702165092736379,1,1,1,"4","ELOVL6"
"GTF2H3",0.000735293052686896,0.567845970088369,1,1,1,"4","GTF2H3"
"FAAH1",0.000736614515033142,0.673248239396223,1,1,1,"4","FAAH"
"FBN31",0.000740474271632997,0.763502421256941,1,1,1,"4","FBN3"
"STARD10",0.000740846364712153,0.423896258686334,1,1,1,"4","STARD10"
"HHAT1",0.000751361911085615,0.737710505815523,1,1,1,"4","HHAT"
"SMARCD2",0.00075940908791908,0.516432537737353,1,1,1,"4","SMARCD2"
"UBE2QL1",0.000765639447839271,0.672151439480356,1,1,1,"4","UBE2QL1"
"ZNF737",0.000768315682567285,0.693274730438596,1,1,1,"4","ZNF737"
"PTGR2",0.000768445366743826,0.775240001357041,1,1,1,"4","PTGR2"
"KRT8P31",0.000770413855624874,0.533861866065045,1,1,1,"4","KRT8P31"
"IDI1",0.000771527797495395,0.834754823112835,1,1,1,"4","IDI1"
"FBXO21",0.000773810241799888,0.585087043673122,1,1,1,"4","FBXO2"
"NDUFA7",0.000779241125344231,0.721901457545812,1,1,1,"4","NDUFA7"
"PCK2",0.000782984833003097,0.845869905032599,1,1,1,"4","PCK2"
"NDUFA4L21",0.000786008868017184,1.24541776150829,1,1,1,"4","NDUFA4L2"
"MINK1",0.00078609227763184,0.636483359612583,1,1,1,"4","MINK1"
"ZNF706",0.000789267711503298,0.482115748687578,1,1,1,"4","ZNF706"
"CNGA1",0.00079660766631022,0.643470989240747,1,1,1,"4","CNGA1"
"FUT2",0.000798733556560833,0.5835636147711,1,1,1,"4","FUT2"
"ASAP3",0.000799317994008724,0.797906656339915,1,1,1,"4","ASAP3"
"TNNI1",0.000800463338443707,1.32064719898612,1,1,1,"4","TNNI1"
"ACTR3C",0.000800836979070035,2.46605734937828,1,1,1,"4","ACTR3C"
"STAMBPL1",0.000802093136154784,0.74107748585304,1,1,1,"4","STAMBPL1"
"SOGA21",0.000802618371135417,0.256180392683152,1,1,1,"4","SOGA2"
"RP11-355N15.1",0.000802738236395564,0.878549451513075,1,1,1,"4","RP11-355N15.1"
"LRP8",0.000809504017411172,0.725220243900642,1,1,1,"4","LRP8"
"CLCNKA",0.000810476793834302,1.05050103218323,1,1,1,"4","CLCNKA"
"VSX1",0.000812656028921444,0.979399840498752,1,1,1,"4","VSX1"
"MRPS18AP1",0.000814700212395727,0.363337644497653,1,1,1,"4","MRPS18AP1"
"RP11-1277A3.2",0.000818213293760855,0.550835304473949,1,1,1,"4","RP11-1277A3.2"
"TMEM1251",0.00083099439169107,0.617717486301093,1,1,1,"4","TMEM125"
"TFEB",0.000835187554487582,0.593238790868433,1,1,1,"4","TFEB"
"MITF",0.000837879718968109,0.484419704961562,1,1,1,"4","MITF"
"PRODH",0.000838513954322162,1.07929800868501,1,1,1,"4","PRODH"
"SLC17A7",0.000838872388211118,0.833387011572704,1,1,1,"4","SLC17A7"
"ARF6",0.000845307603738308,0.663624060498158,1,1,1,"4","ARF6"
"AP000769.1",0.000848973452934647,0.781812772064042,1,1,1,"4","AP000769.1"
"OR7E38P",0.000852894972724949,0.583663755203883,1,1,1,"4","OR7E38P"
"YWHAZ",0.000858420197013465,0.575491485762001,1,1,1,"4","YWHAZ"
"MYO18B",0.000865175190176948,0.300378168276032,1,1,1,"4","MYO18B"
"SNORA59B",0.000866285110608693,0.596407187537178,1,1,1,"4","SNORA59B"
"ZNF493",0.000870092527651901,0.71717424528665,1,1,1,"4","ZNF493"
"FAM102A",0.000875324945861786,0.782576813645552,1,1,1,"4","FAM102A"
"ULK3",0.000876668186485692,0.702974442645978,1,1,1,"4","ULK3"
"HIATL1",0.000882117508615169,0.60021467403082,1,1,1,"4","HIATL1"
"DTWD2",0.00088751204393512,0.231206498079711,1,1,1,"4","DTWD2"
"AMACR",0.00088921170381203,0.658222495989493,1,1,1,"4","AMACR"
"TBX19",0.000889520286126117,1.10355227771704,1,1,1,"4","TBX19"
"EDAR",0.000890639681384648,0.445015543573005,1,1,1,"4","EDAR"
"CD3D",0.000896390161343442,1.02290533573429,1,1,1,"4","CD3D"
"DAZAP2",0.000898626477577424,0.549136768359162,1,1,1,"4","DAZAP2"
"GDNF",0.000901184478029509,1.16333208776889,1,1,1,"4","GDNF"
"FBXL17",0.000919028956219943,0.577067822719636,1,1,1,"4","FBXL17"
"PYCARD",0.000921982766437057,0.820402855504396,1,1,1,"4","PYCARD"
"IDO1",0.000924872632437497,1.87255479469777,1,1,1,"4","IDO1"
"AC004967.7",0.000925164933322269,0.484422572363329,1,1,1,"4","AC004967.7"
"C9orf16",0.000928375896152913,0.745828273447829,1,1,1,"4","C9orf16"
"WIPF2",0.000930593954454685,0.548578052319344,1,1,1,"4","WIPF2"
"PSMC1P9",0.000936959666203866,1.02320087187431,1,1,1,"4","PSMC1P9"
"MRPL39",0.000938780725245518,0.520554098482013,1,1,1,"4","MRPL39"
"HDAC3",0.000943406833453404,0.452414639077032,1,1,1,"4","HDAC3"
"MAD2L2",0.000948810621933026,0.657922482654639,1,1,1,"4","MAD2L2"
"TRDC",0.000948849651416283,1.58240876748524,1,1,1,"4","TRDC"
"EIF6",0.000957088549654047,0.905114644094606,1,1,1,"4","EIF6"
"PIGS",0.000960621404116932,0.555199848238068,1,1,1,"4","PIGS"
"RP11-334L9.1",0.000961682732942246,0.245650807293147,1,1,1,"4","RP11-334L9.1"
"ACAP3",0.000961883180598857,0.533565443219693,1,1,1,"4","ACAP3"
"RRM1",0.000962646960139748,0.516250727671046,1,1,1,"4","RRM1"
"TESPA1",0.000963949668515042,0.937356610002206,1,1,1,"4","TESPA1"
"RETSAT",0.000964274866952852,0.432972942433432,1,1,1,"4","RETSAT"
"DLG1",0.000964988648528732,0.491018345944589,1,1,1,"4","DLG1"
"DIRC2",0.000968070062365278,0.67925848713266,1,1,1,"4","DIRC2"
"KDM4A",0.000973745083662506,0.416533483164486,1,1,1,"4","KDM4A"
"TEX13B",0.00097786417546968,0.734613651320563,1,1,1,"4","TEX13B"
"TRMT2B",0.000983990540451084,0.529502588181915,1,1,1,"4","TRMT2B"
"IFRD1",0.000987513311542605,0.705572314185424,1,1,1,"4","IFRD1"
"RP1-145M24.1",0.000990771609502984,0.93588953925755,1,1,1,"4","RP1-145M24.1"
"KIF6",0.000996020700379431,0.356028205544845,1,1,1,"4","KIF6"
"HLA-DQA2",0.000996933198540032,1.51641208913046,1,1,1,"4","HLA-DQA2"
"SLC4A9",0.000999792138477319,0.653077248160136,1,1,1,"4","SLC4A9"
"HPS4",0.00100288799493436,0.609838527803424,1,1,1,"4","HPS4"
"TTC8",0.00101412016878895,0.663004767757382,1,1,1,"4","TTC8"
"LAMP2",0.00101685142686223,0.479229064661077,1,1,1,"4","LAMP2"
"PSPH",0.00101733077015703,0.676910704609417,1,1,1,"4","PSPH"
"ARF5",0.00101827405864859,0.56702938587016,1,1,1,"4","ARF5"
"PARD3",0.00102413224816493,0.787719668730656,1,1,1,"4","PARD3"
"DECR1",0.00102992538343085,0.391215436102716,1,1,1,"4","DECR1"
"SPTBN5",0.00103371565700309,1.13990553288544,1,1,1,"4","SPTBN5"
"CTAGE9",0.00103668353545962,1.51950513267849,1,1,1,"4","CTAGE9"
"DDO",0.00103823968846531,0.547420649428895,1,1,1,"4","DDO"
"S100A11",0.00104011309195842,0.83748346734386,1,1,1,"4","S100A11"
"ZBTB43",0.00104312628032812,0.64354459162881,1,1,1,"4","ZBTB43"
"MYLK4",0.00105791731643163,2.0829610824431,1,1,1,"4","MYLK4"
"SIGLEC6",0.0010596563321378,0.768090224758218,1,1,1,"4","SIGLEC6"
"LMX1B",0.0010603944204003,0.606578768527825,1,1,1,"4","LMX1B"
"EPB41",0.00106300062702766,0.369431771876911,1,1,1,"4","EPB41"
"PNPLA7",0.00106568424318087,0.749095003802136,1,1,1,"4","PNPLA7"
"PLA1A1",0.00106665001955672,1.73359586516443,1,1,1,"4","PLA1A"
"DEF6",0.00106877527930728,0.632665742043343,1,1,1,"4","DEF6"
"KRT16P2",0.00107891244446277,0.27816967008838,1,1,1,"4","KRT16P2"
"SHB",0.00108191121836195,0.641240886164637,1,1,1,"4","SHB"
"TRHDE-AS1",0.00109285590332314,0.82280960822221,1,1,1,"4","TRHDE-AS1"
"OSER1",0.00109635500493412,0.496757190019208,1,1,1,"4","OSER1"
"MOB3B",0.00109885336155697,0.668132976147163,1,1,1,"4","MOB3B"
"STON2",0.00109914345435173,0.608456547974171,1,1,1,"4","STON2"
"KLHL25",0.00110181032350285,0.549295031931088,1,1,1,"4","KLHL25"
"MFN1",0.00110230352405086,0.476066830648183,1,1,1,"4","MFN1"
"TDRD5",0.00110240392256768,0.615391817101884,1,1,1,"4","TDRD5"
"KLF8",0.0011069642072941,0.496813201073385,1,1,1,"4","KLF8"
"KCNC31",0.00110991546631656,0.779943389908436,1,1,1,"4","KCNC3"
"RP11-347H15.1",0.00111062211084856,0.687893278408202,1,1,1,"4","RP11-347H15.1"
"PTGES",0.0011137433804986,0.653553361118703,1,1,1,"4","PTGES"
"TST",0.0011152799057006,0.655534839203121,1,1,1,"4","TST"
"OSBPL11",0.00111839083585118,0.617044650832609,1,1,1,"4","OSBPL11"
"WDFY2",0.00111891175652847,0.680868640213161,1,1,1,"4","WDFY2"
"MYRFL",0.00111967866484141,1.22283127739485,1,1,1,"4","MYRFL"
"ECHDC3",0.00112370723452787,0.38865499193372,1,1,1,"4","ECHDC3"
"APOBEC3C",0.00112873024747285,0.562357219567565,1,1,1,"4","APOBEC3C"
"SNED1",0.00113287174938624,0.61340304240974,1,1,1,"4","SNED1"
"SDK11",0.00113726995049281,0.548716373825805,1,1,1,"4","SDK1"
"FAM169A",0.00113929413392456,0.975551855780667,1,1,1,"4","FAM169A"
"RP11-672L10.2",0.00114995050532865,0.806643283332008,1,1,1,"4","RP11-672L10.2"
"PSORS1C1",0.00115098148695063,1.28877761074192,1,1,1,"4","PSORS1C1"
"TRAV16",0.0011515901581559,0.567827286357563,1,1,1,"4","TRAV16"
"RP11-863P13.4",0.00115378936005942,0.933929605461611,1,1,1,"4","RP11-863P13.4"
"SDHD",0.0011590391957275,0.620447832304986,1,1,1,"4","SDHD"
"ART3",0.00116888266497266,0.535933079067823,1,1,1,"4","ART3"
"RP11-1407O15.2",0.00117435599524267,0.810568658688227,1,1,1,"4","RP11-1407O15.2"
"KIF16B",0.0011750684872845,0.470919414517489,1,1,1,"4","KIF16B"
"ANGPTL5",0.0011813171683438,0.66083948948914,1,1,1,"4","ANGPTL5"
"MYPN",0.00118307361337664,0.551256569341778,1,1,1,"4","MYPN"
"COQ3",0.0011882847415822,0.579866963245076,1,1,1,"4","COQ3"
"RAD23B",0.00119149462930103,0.434751649784037,1,1,1,"4","RAD23B"
"LPAR2",0.00119268045742128,0.605122749180101,1,1,1,"4","LPAR2"
"BTAF1",0.00119280230299969,0.640285456717717,1,1,1,"4","BTAF1"
"KIAA12441",0.00119423930282949,0.875825138367183,1,1,1,"4","KIAA1244"
"FBXO28",0.00119971094742219,0.534203837435079,1,1,1,"4","FBXO28"
"SEMA3E1",0.00120572084249789,0.453830952904111,1,1,1,"4","SEMA3E"
"KIAA1598",0.00120962826487359,0.601528213102011,1,1,1,"4","KIAA1598"
"PLA2G71",0.00121052464313981,0.87145721622392,1,1,1,"4","PLA2G7"
"PPP2R2B",0.00122290250104989,0.552265625110856,1,1,1,"4","PPP2R2B"
"TRPS1",0.00122400228576314,0.506155275530379,1,1,1,"4","TRPS1"
"PAQR7",0.00122862597803094,0.587682735844044,1,1,1,"4","PAQR7"
"FZD7",0.00122901226095631,0.855613117169744,1,1,1,"4","FZD7"
"F10",0.00124990588637832,0.718786092744892,1,1,1,"4","F10"
"CPNE3",0.00125362850607236,0.461234796788894,1,1,1,"4","CPNE3"
"ALAS1",0.00125941113698074,0.589631741150299,1,1,1,"4","ALAS1"
"SH3GLB2",0.00126190296113434,0.834578968023781,1,1,1,"4","SH3GLB2"
"TTLL6",0.00127106184767339,2.37692456789242,1,1,1,"4","TTLL6"
"CSRP2",0.00127352162925997,0.747334552032315,1,1,1,"4","CSRP2"
"TRAV19",0.00127405553543588,0.633649048317759,1,1,1,"4","TRAV19"
"HIGD1A",0.00128882288124991,0.637683516296914,1,1,1,"4","HIGD1A"
"LYRM2",0.00129797195239134,0.318814674102745,1,1,1,"4","LYRM2"
"CNTFR",0.00129871501454486,0.441190591707686,1,1,1,"4","CNTFR"
"OR2A4",0.00130058833613787,0.687333354609359,1,1,1,"4","OR2A4"
"SUOX",0.0013036824754627,0.573455771514654,1,1,1,"4","SUOX"
"WLS1",0.00130489710970656,0.521232378206941,1,1,1,"4","WLS"
"KRTAP5-8",0.00131276831013105,0.508597579703734,1,1,1,"4","KRTAP5-8"
"AC024937.6",0.00131376229610489,0.695795792804605,1,1,1,"4","AC024937.6"
"BEGAIN",0.00132504604075803,0.461672057735145,1,1,1,"4","BEGAIN"
"SFXN1",0.00133048278292107,0.417253805635143,1,1,1,"4","SFXN1"
"ATAD1",0.00133236213660983,0.638971060297056,1,1,1,"4","ATAD1"
"SEMA3C",0.00133407783540671,0.433544358502512,1,1,1,"4","SEMA3C"
"TJP31",0.00133869574406814,0.174870652961204,1,1,1,"4","TJP3"
"NUDT19",0.00134265930789253,1.03222919182037,1,1,1,"4","NUDT19"
"DAG1",0.00135017275201259,0.445661481283967,1,1,1,"4","DAG1"
"HECTD3",0.00135146394000832,0.450770373859754,1,1,1,"4","HECTD3"
"PLEKHM1P",0.00135713891784242,0.636142867134431,1,1,1,"4","PLEKHM1P"
"SCG3",0.00136024966254314,1.30335931486605,1,1,1,"4","SCG3"
"VWA71",0.00136229677861741,0.679609596236364,1,1,1,"4","VWA7"
"YOD1",0.00136237383370311,0.939279963954613,1,1,1,"4","YOD1"
"KDM3A",0.00136477794810663,0.445454242330108,1,1,1,"4","KDM3A"
"CLIC61",0.00136585632652807,0.397514615856595,1,1,1,"4","CLIC6"
"FGR1",0.00136790629213295,1.04408238127089,1,1,1,"4","FGR"
"LINC00271",0.00136886984228223,0.67538695105902,1,1,1,"4","LINC00271"
"MTOR",0.00136948291155629,0.498954601503488,1,1,1,"4","MTOR"
"CD3G",0.00137043948094495,1.04922225834155,1,1,1,"4","CD3G"
"SPPL2A",0.00137258047174362,0.439415227153205,1,1,1,"4","SPPL2A"
"ACLY",0.00137491716039434,0.445244347101706,1,1,1,"4","ACLY"
"USP541",0.00137635463011855,0.561008818063936,1,1,1,"4","USP54"
"LEF1",0.00138114538714449,0.845446258056082,1,1,1,"4","LEF1"
"GDF10",0.00138144741555126,0.737431355464713,1,1,1,"4","GDF10"
"UQCRFS1",0.00138812241546227,0.560116743472177,1,1,1,"4","UQCRFS1"
"PSMC6",0.00138932584177534,0.456294240577645,1,1,1,"4","PSMC6"
"TRIM72",0.00140106686420802,0.453442971436807,1,1,1,"4","TRIM72"
"TECRL",0.00140203345307138,0.415153740679944,1,1,1,"4","TECRL"
"GFRA3",0.00140716590431884,0.439847890086543,1,1,1,"4","GFRA3"
"TNFSF10",0.00140826258929697,0.625735543213024,1,1,1,"4","TNFSF10"
"ATP13A5",0.0014146440061773,0.466515192138528,1,1,1,"4","ATP13A5"
"ATP11B",0.00141570781494099,0.57833596903853,1,1,1,"4","ATP11B"
"ADPRHL2",0.00141963324724182,0.540208925676771,1,1,1,"4","ADPRHL2"
"FGD6",0.00142379258454184,0.737932383633851,1,1,1,"4","FGD6"
"ADAL",0.00142596350547743,0.813252602787294,1,1,1,"4","ADAL"
"ORMDL2",0.00143103935023643,0.693260790405152,1,1,1,"4","ORMDL2"
"ZNF16",0.00143710486625067,0.576353693608846,1,1,1,"4","ZNF16"
"LMTK2",0.00144302771030936,0.464155776641192,1,1,1,"4","LMTK2"
"CAP21",0.00144431506670609,0.747685158019609,1,1,1,"4","CAP2"
"RAB3D",0.00144510383932656,0.891128008908717,1,1,1,"4","RAB3D"
"ANKHD1",0.00144758400680658,0.429436406911634,1,1,1,"4","ANKHD1"
"TPRG1L",0.00144857379862416,0.365654022401957,1,1,1,"4","TPRG1L"
"TMOD11",0.00145197564065219,1.12768502409721,1,1,1,"4","TMOD1"
"RP11-774O3.31",0.00145272209677433,0.497439140171185,1,1,1,"4","RP11-774O3.3"
"GRAMD3",0.00145453847919494,0.589719417874132,1,1,1,"4","GRAMD3"
"CLU1",0.00145618193778846,0.984241190233469,1,1,1,"4","CLU"
"HRASLS",0.0014626624866086,0.836242524696569,1,1,1,"4","HRASLS"
"COL4A6",0.00147100861092203,0.23772370824093,1,1,1,"4","COL4A6"
"MYCL",0.00147720899860747,0.714086302705718,1,1,1,"4","MYCL"
"CD101",0.00147777590913397,0.625107030491137,1,1,1,"4","CD101"
"ADI1",0.00148133045652825,0.572062648497434,1,1,1,"4","ADI1"
"GOLGA6A",0.00148506097642813,0.697040500082556,1,1,1,"4","GOLGA6A"
"OXGR1",0.00149184464255163,0.628961958964092,1,1,1,"4","OXGR1"
"SLC9A7",0.00149238500166554,0.829593389455251,1,1,1,"4","SLC9A7"
"DCST2",0.00150907934540861,0.708083831157918,1,1,1,"4","DCST2"
"FYCO11",0.00150963754510806,0.604657798489928,1,1,1,"4","FYCO1"
"PCYT1A",0.00150993838212407,0.524055552246875,1,1,1,"4","PCYT1A"
"UBE4B",0.00151010825710564,0.41000884694893,1,1,1,"4","UBE4B"
"C10orf118",0.00151185918634192,0.783785782592179,1,1,1,"4","C10orf118"
"LINS",0.0015194374736439,0.498085371517575,1,1,1,"4","LINS"
"RAB40C",0.00153137932733424,0.307555592338987,1,1,1,"4","RAB40C"
"GDPD2",0.0015314172693665,0.717484244362939,1,1,1,"4","GDPD2"
"MCF21",0.0015354605361616,0.771017901059672,1,1,1,"4","MCF2"
"NTF4",0.00154241970439853,0.654168098840856,1,1,1,"4","NTF4"
"ITPR3",0.00154581186154982,0.617650362735095,1,1,1,"4","ITPR3"
"IL2RG1",0.00154874938775218,0.965399984553478,1,1,1,"4","IL2RG"
"HS6ST1",0.0015628816899792,0.899107956505619,1,1,1,"4","HS6ST1"
"TEX2",0.00156592775058896,0.491299228416654,1,1,1,"4","TEX2"
"LAX11",0.00157839823741694,0.552902970243201,1,1,1,"4","LAX1"
"CAMK2B",0.00159583900170592,0.671461439315186,1,1,1,"4","CAMK2B"
"APOC1",0.00159837707074732,1.30358118705343,1,1,1,"4","APOC1"
"COX7C",0.00159993663724066,0.568217482690002,1,1,1,"4","COX7C"
"LMTK3",0.00160730140929922,0.313228425845352,1,1,1,"4","LMTK3"
"TUBBP5",0.00160741523626355,0.814054546876989,1,1,1,"4","TUBBP5"
"PIR",0.00161150246602609,0.718024718411225,1,1,1,"4","PIR"
"SAMM50",0.00161874124382088,0.439109751530166,1,1,1,"4","SAMM50"
"JMJD7",0.00161954678626948,0.60061441784956,1,1,1,"4","JMJD7"
"ATP1A2",0.00162140182646869,4.18736357401331,1,1,1,"4","ATP1A2"
"AZI2",0.00162255077174815,0.51513745874704,1,1,1,"4","AZI2"
"RP11-182N22.7",0.00162830790277564,0.782428578625256,1,1,1,"4","RP11-182N22.7"
"SMIM19",0.00164491446252516,0.646991881474671,1,1,1,"4","SMIM19"
"ABCA5",0.00164499047392547,0.613704204907517,1,1,1,"4","ABCA5"
"CUBN",0.00164715426321608,1.13019606300679,1,1,1,"4","CUBN"
"STAB2",0.00165357513168857,2.48938421327909,1,1,1,"4","STAB2"
"OBSCN",0.00165511497293475,0.897336620499335,1,1,1,"4","OBSCN"
"ZNF711",0.00165523902397282,0.63604923098603,1,1,1,"4","ZNF711"
"ANGPTL7",0.0016875870655804,1.63303876970303,1,1,1,"4","ANGPTL7"
"SORCS3",0.00168880353723814,0.618036253137133,1,1,1,"4","SORCS3"
"TCEB3",0.00170507629632893,0.417885957596006,1,1,1,"4","TCEB3"
"DLG31",0.00170971839680522,0.546792688759014,1,1,1,"4","DLG3"
"PSMD7",0.00171476361729083,0.487926090449507,1,1,1,"4","PSMD7"
"PSMD2",0.00171876210193215,0.466908255262528,1,1,1,"4","PSMD2"
"TUBB4B",0.0017216924213178,0.693603790786732,1,1,1,"4","TUBB4B"
"C14orf182",0.00174127205751758,0.512298598441383,1,1,1,"4","C14orf182"
"PCDH11X1",0.00174510293913317,0.755473390989099,1,1,1,"4","PCDH11X"
"RP11-452L6.5",0.00174604135140205,0.477158165829493,1,1,1,"4","RP11-452L6.5"
"GTF2IRD2",0.00175119070976964,1.5013368079031,1,1,1,"4","GTF2IRD2"
"CTD-2104P17.1",0.00175141249875534,0.786639587543988,1,1,1,"4","CTD-2104P17.1"
"DAB1",0.00175175450721894,1.28169966982379,1,1,1,"4","DAB1"
"LRRC37B",0.0017531947696848,0.537320618321393,1,1,1,"4","LRRC37B"
"CP1",0.00176313803090553,0.274848522178544,1,1,1,"4","CP"
"IGHG21",0.00176562802960611,1.46225430760148,1,1,1,"4","IGHG2"
"GRIN1",0.00177181392812224,0.742506219905481,1,1,1,"4","GRIN1"
"ALDOA",0.00178357749046451,0.772490168418543,1,1,1,"4","ALDOA"
"MRPL23",0.00178546788179039,0.408670946336619,1,1,1,"4","MRPL23"
"RAB11A",0.00179609594044949,0.464695749173551,1,1,1,"4","RAB11A"
"MAT1A",0.0017989910752238,1.08673826965702,1,1,1,"4","MAT1A"
"IFIH1",0.00179961181926425,0.566666703107108,1,1,1,"4","IFIH1"
"HPSE2",0.00180134973788393,1.88777938740664,1,1,1,"4","HPSE2"
"ASS1P1",0.00180286382600093,0.772113740634639,1,1,1,"4","ASS1P1"
"KDM1B",0.00181991810473227,0.412299845555543,1,1,1,"4","KDM1B"
"MOSPD1",0.00182701740954514,0.4660779434234,1,1,1,"4","MOSPD1"
"KCNN41",0.00182793602599285,1.10226553863064,1,1,1,"4","KCNN4"
"TRIM15",0.0018359645222169,0.221201852898679,1,1,1,"4","TRIM15"
"ATRNL11",0.00184163972998808,0.443408819538218,1,1,1,"4","ATRNL1"
"ALDH1L1",0.00184665895963634,0.953884445059282,1,1,1,"4","ALDH1L1"
"ARHGEF5",0.00185446133582392,0.851256797915203,1,1,1,"4","ARHGEF5"
"DESI1",0.00185693825616177,0.532904141555386,1,1,1,"4","DESI1"
"CD27",0.00185846812026179,1.52056130178745,1,1,1,"4","CD27"
"ATL1",0.00187064973414167,0.685427767842473,1,1,1,"4","ATL1"
"TMEM55B",0.0018708927785877,0.403587293427055,1,1,1,"4","TMEM55B"
"ASB15",0.00188075989808609,1.05067170819212,1,1,1,"4","ASB15"
"PUS10",0.00188150064095723,0.57224187934975,1,1,1,"4","PUS10"
"PMAIP1",0.00188387030463445,0.141333520383876,1,1,1,"4","PMAIP1"
"CDKN2C",0.0018854987736525,0.515022961274019,1,1,1,"4","CDKN2C"
"PXMP2",0.00189914451711256,0.546363547534353,1,1,1,"4","PXMP2"
"ROPN1B",0.00190001877066889,1.13158834073048,1,1,1,"4","ROPN1B"
"SLC25A5",0.00190083059282528,0.702573178198566,1,1,1,"4","SLC25A5"
"TMBIM1",0.00191557471749786,0.645065091984439,1,1,1,"4","TMBIM1"
"PEX11B",0.00191617127732662,0.486655341403265,1,1,1,"4","PEX11B"
"LGALS8",0.00191693287873105,0.464328978823499,1,1,1,"4","LGALS8"
"BIRC31",0.00191706164521753,0.513652686377956,1,1,1,"4","BIRC3"
"LTB4R",0.00191806482610399,0.799788820002529,1,1,1,"4","LTB4R"
"EFCAB61",0.00192356500475712,0.407449094952192,1,1,1,"4","EFCAB6"
"NIM1",0.0019284532355346,0.628470777955391,1,1,1,"4","NIM1"
"C10orf71",0.00194053096056768,1.75569722413711,1,1,1,"4","C10orf71"
"PDLIM4",0.00194735876749293,0.368678318802962,1,1,1,"4","PDLIM4"
"SPPL3",0.00195072254076542,0.431743504303721,1,1,1,"4","SPPL3"
"CACNB1",0.00195091550444508,0.568651097087875,1,1,1,"4","CACNB1"
"NDP",0.0019596561342714,0.512451812594261,1,1,1,"4","NDP"
"SLITRK5",0.00195993969129845,0.45316267114868,1,1,1,"4","SLITRK5"
"ZNF662",0.00196011971030815,0.584180809775475,1,1,1,"4","ZNF662"
"SERPINB9",0.00196314553222267,1.47401116359328,1,1,1,"4","SERPINB9"
"CCL27",0.00197165232011995,0.526141123166209,1,1,1,"4","CCL27"
"CCDC47",0.0019724919886116,0.483413217128142,1,1,1,"4","CCDC47"
"KPNA6",0.00197989724715136,0.36219297594295,1,1,1,"4","KPNA6"
"SEMA4G",0.00198316729286351,0.820383095251078,1,1,1,"4","SEMA4G"
"UFL1",0.00198976542372236,0.394251997629411,1,1,1,"4","UFL1"
"SHCBP1",0.00199092489538267,0.709277759131565,1,1,1,"4","SHCBP1"
"H2AFY2",0.00199391109283449,0.690015082851236,1,1,1,"4","H2AFY2"
"NPAS2",0.00199674498086386,0.872452215402774,1,1,1,"4","NPAS2"
"XIRP2",0.00199966693459105,2.34991376979491,1,1,1,"4","XIRP2"
"MN11",0.00201879060185732,0.56426540006562,1,1,1,"4","MN1"
"ADRB2",0.0020284770877637,0.60719588001548,1,1,1,"4","ADRB2"
"EPG5",0.00203025886774018,0.574938542822139,1,1,1,"4","EPG5"
"IGSF9B",0.00203101347459222,0.6286756509078,1,1,1,"4","IGSF9B"
"DLL1",0.00204299163167629,0.817040269934854,1,1,1,"4","DLL1"
"HDHD3",0.00205024310507846,0.341730930996512,1,1,1,"4","HDHD3"
"SNX16",0.00205128847972904,0.369303118350846,1,1,1,"4","SNX16"
"ACOX2",0.00206909558085906,0.46586855973645,1,1,1,"4","ACOX2"
"ABCA7",0.00207413110260464,0.712951478314839,1,1,1,"4","ABCA7"
"SERAC1",0.00207452287746082,0.591443098950263,1,1,1,"4","SERAC1"
"SNX7",0.00208204874617345,0.572432503502933,1,1,1,"4","SNX7"
"PLXDC21",0.00208583811091295,0.569997666920095,1,1,1,"4","PLXDC2"
"BTG1",0.00208803315471646,0.47063554838055,1,1,1,"4","BTG1"
"GBP5",0.00209287458346445,1.74442820001893,1,1,1,"4","GBP5"
"AJUBA",0.00209480797529977,0.554065781766846,1,1,1,"4","AJUBA"
"TMEM59",0.00209590342333686,0.509227816343394,1,1,1,"4","TMEM59"
"SRR",0.00210479547203074,0.553332436423407,1,1,1,"4","SRR"
"SQLE",0.00210921715319924,0.485926362686023,1,1,1,"4","SQLE"
"KLRG2",0.00210993278667552,0.495036853979075,1,1,1,"4","KLRG2"
"TOM1L2",0.00212271810992044,0.610169649986119,1,1,1,"4","TOM1L2"
"TBC1D14",0.00212963025012369,0.529054284360505,1,1,1,"4","TBC1D14"
"HSD11B2",0.00213426834017812,0.72464956027639,1,1,1,"4","HSD11B2"
"ACOT7",0.00214319193818918,0.821388480042497,1,1,1,"4","ACOT7"
"UBE4A",0.00216077307303443,0.485530055462636,1,1,1,"4","UBE4A"
"F51",0.00216877235374164,0.827672692812682,1,1,1,"4","F5"
"HTR3C",0.0021715383899755,1.88690035607677,1,1,1,"4","HTR3C"
"ECI1",0.00217831348540575,0.671103572888232,1,1,1,"4","ECI1"
"NPY",0.00217929838284536,2.53197420687722,1,1,1,"4","NPY"
"MYLK3",0.00217999818367734,1.52319137059299,1,1,1,"4","MYLK3"
"PSMB3",0.00218247718077049,0.455801465347562,1,1,1,"4","PSMB3"
"PTN",0.00219047347859069,0.684065063038013,1,1,1,"4","PTN"
"GPX3",0.00219170972106213,0.266275083145807,1,1,1,"4","GPX3"
"CLCA3P",0.0022016745688372,0.70668521701076,1,1,1,"4","CLCA3P"
"TRAPPC10",0.00220744658443944,0.357177695581044,1,1,1,"4","TRAPPC10"
"C1orf53",0.00221644290613029,0.710054939497414,1,1,1,"4","C1orf53"
"FAM3C2",0.00221685533981561,0.503594209171711,1,1,1,"4","FAM3C2"
"NUAK2",0.00223513347514922,0.881088851632809,1,1,1,"4","NUAK2"
"SETBP11",0.00223901080548019,0.547305446657123,1,1,1,"4","SETBP1"
"CTC-360G5.1",0.00224383548826711,0.462896841643355,1,1,1,"4","CTC-360G5.1"
"NDUFB1",0.00224828406745084,0.538724276966713,1,1,1,"4","NDUFB1"
"MXD11",0.00226426055518985,0.304743987952765,1,1,1,"4","MXD1"
"CKM",0.00226833158353554,0.543613583817606,1,1,1,"4","CKM"
"PLA2G6",0.00227825908371209,1.16021407732783,1,1,1,"4","PLA2G6"
"CYP2E1",0.00228154098232332,0.671497169208338,1,1,1,"4","CYP2E1"
"AKTIP",0.00228634021043269,0.46044439340355,1,1,1,"4","AKTIP"
"CD3E",0.00229450015558302,0.837155455043371,1,1,1,"4","CD3E"
"LMOD2",0.00230220613391851,1.89350324368495,1,1,1,"4","LMOD2"
"RP11-844P9.3",0.00230517104455251,0.615974651910356,1,1,1,"4","RP11-844P9.3"
"PPP1R3A",0.00231095667016663,1.14084154801566,1,1,1,"4","PPP1R3A"
"SLC50A1",0.00231267094094938,0.613172220275167,1,1,1,"4","SLC50A1"
"TRIM62",0.00231525957875039,0.852043812098833,1,1,1,"4","TRIM62"
"PEBP1",0.00232351997998094,0.435364767066773,1,1,1,"4","PEBP1"
"CTB-175P5.2",0.00233128376886907,0.370765483438044,1,1,1,"4","CTB-175P5.2"
"ZNF439",0.00233296795523385,0.817823544930494,1,1,1,"4","ZNF439"
"RNFT1",0.00233904733882219,0.457953113809392,1,1,1,"4","RNFT1"
"ITK",0.00234112866339362,0.659472599679338,1,1,1,"4","ITK"
"FBXW4",0.00234666676098467,0.455425503223326,1,1,1,"4","FBXW4"
"RP11-64B16.21",0.00234924824567894,0.406415522900783,1,1,1,"4","RP11-64B16.2"
"ZNF117",0.00235110011201507,0.767989644597719,1,1,1,"4","ZNF117"
"PLIN3",0.00235240345916475,0.726833897146504,1,1,1,"4","PLIN3"
"THRB",0.00236262870028847,0.795145716555073,1,1,1,"4","THRB"
"LMO4",0.00237150014999559,0.561431525591845,1,1,1,"4","LMO4"
"TSPAN6",0.00237172648798642,0.787619816293061,1,1,1,"4","TSPAN6"
"RFC2",0.00237644596116555,0.723790970885672,1,1,1,"4","RFC2"
"DMRTA11",0.00237722989426803,1.25857054885886,1,1,1,"4","DMRTA1"
"RAB24",0.00238853951664425,0.708791090371179,1,1,1,"4","RAB24"
"ADC",0.00238885078328639,1.39345498671113,1,1,1,"4","ADC"
"TMED3",0.00239468264752303,0.342972084731281,1,1,1,"4","TMED3"
"IGSF1",0.00239626184285564,0.538409271013148,1,1,1,"4","IGSF1"
"DLGAP2",0.00239922419318487,0.363126345123444,1,1,1,"4","DLGAP2"
"EYA3",0.00240074781510247,0.449944260347541,1,1,1,"4","EYA3"
"HSD17B4",0.00240240479717106,0.47709842393115,1,1,1,"4","HSD17B4"
"SP1",0.00240842735046151,0.424443935825767,1,1,1,"4","SP1"
"EXOC3",0.0024105528406241,0.411034821661818,1,1,1,"4","EXOC3"
"C18orf8",0.00241356561676529,0.918046202371331,1,1,1,"4","C18orf8"
"EXTL1",0.00242394930784811,0.623935163082006,1,1,1,"4","EXTL1"
"PEX1",0.00243369222354867,0.543132883398524,1,1,1,"4","PEX1"
"KLHL2P1",0.0024709643079046,0.624757696570978,1,1,1,"4","KLHL2P1"
"NAP1L2",0.00247790813702842,1.45690529577359,1,1,1,"4","NAP1L2"
"AKAP5",0.00247840166802311,0.427175835693596,1,1,1,"4","AKAP5"
"ETF1",0.00249188843537621,0.543077579026605,1,1,1,"4","ETF1"
"CCL221",0.00249484160418816,0.568498128903798,1,1,1,"4","CCL22"
"DEFB4A",0.00250375334354595,1.1611208119135,1,1,1,"4","DEFB4A"
"ORMDL3",0.00253668577452216,0.51306206148236,1,1,1,"4","ORMDL3"
"ESRRG",0.00254487643407539,0.449036033541056,1,1,1,"4","ESRRG"
"DOLPP1",0.00254525906369773,0.472835846045284,1,1,1,"4","DOLPP1"
"SNX20",0.00254532813090325,0.852715451440352,1,1,1,"4","SNX20"
"PCSK9",0.00254945286880667,0.565511650532565,1,1,1,"4","PCSK9"
"FAM213A",0.00255742038119721,0.416444897288212,1,1,1,"4","FAM213A"
"HLA-DOB",0.00256880425526727,1.24546195279819,1,1,1,"4","HLA-DOB"
"NFIC",0.00258326338843993,0.487052926139945,1,1,1,"4","NFIC"
"LMBRD2",0.00258334641054927,0.326334270491781,1,1,1,"4","LMBRD2"
"MLLT11",0.00259497822184992,0.802701831406271,1,1,1,"4","MLLT11"
"PSME2",0.00259946570550457,0.593374503566503,1,1,1,"4","PSME2"
"COX6B1",0.00261072227342017,0.423618843075413,1,1,1,"4","COX6B1"
"SH2D1A",0.00261433230776898,0.74760315320813,1,1,1,"4","SH2D1A"
"SSFA2",0.00261597714087278,0.673550128820377,1,1,1,"4","SSFA2"
"TCP11L2",0.00262039522074204,0.3701298072349,1,1,1,"4","TCP11L2"
"MIR554",0.00262347405537405,0.440295739089695,1,1,1,"4","MIR554"
"FURIN",0.00263124950426945,0.579220581195525,1,1,1,"4","FURIN"
"PPTC7",0.0026343499495639,0.461716266450194,1,1,1,"4","PPTC7"
"PIGL",0.00263509289194507,0.636524005476272,1,1,1,"4","PIGL"
"OR2B6",0.00263862838308486,0.700730602403429,1,1,1,"4","OR2B6"
"TTN",0.0026448054324194,0.277638055535871,1,1,1,"4","TTN"
"PGM1",0.00266117038803185,0.476782774528079,1,1,1,"4","PGM1"
"AC005336.4",0.00267607424581774,0.672202591202444,1,1,1,"4","AC005336.4"
"TREX1",0.00268216141144504,0.473297438852516,1,1,1,"4","TREX1"
"TUBA1C",0.00268429121436519,0.771317185440502,1,1,1,"4","TUBA1C"
"MYL12B",0.00270902380513972,0.4776301859348,1,1,1,"4","MYL12B"
"TRBV20-1",0.00271109934577161,3.1919677080145,1,1,1,"4","TRBV20-1"
"CTD-2600O9.1",0.00273392966551819,0.624972353112652,1,1,1,"4","CTD-2600O9.1"
"ERVMER34-1",0.00273846093100432,0.777966593703004,1,1,1,"4","ERVMER34-1"
"RRAGC",0.00274654298017794,0.431340157167673,1,1,1,"4","RRAGC"
"PTPRQ1",0.00274921614691356,0.168841288555356,1,1,1,"4","PTPRQ"
"GHITM",0.00275583182091943,0.575575581283513,1,1,1,"4","GHITM"
"GCNT2",0.00275788819586556,0.180323666057131,1,1,1,"4","GCNT2"
"CSNK2B",0.0027741543110176,0.553540905666097,1,1,1,"4","CSNK2B"
"NADSYN1",0.00278734190606706,0.58494560755334,1,1,1,"4","NADSYN1"
"AGTRAP",0.00280977820671486,0.376528790507065,1,1,1,"4","AGTRAP"
"MORC4",0.00281044889588787,0.569281779016418,1,1,1,"4","MORC4"
"ACTA1",0.00282039611656593,1.55162705894469,1,1,1,"4","ACTA1"
"HECTD1",0.0028306641863915,0.368445127043017,1,1,1,"4","HECTD1"
"RNF2P1",0.00283122229491994,0.519119105706551,1,1,1,"4","RNF2P1"
"MAT2B",0.00283377113445525,0.474175260673515,1,1,1,"4","MAT2B"
"SLC2A14",0.0028355746634562,0.790825855620346,1,1,1,"4","SLC2A14"
"PSMB6",0.0028381128491765,0.525258106200953,1,1,1,"4","PSMB6"
"P2RY10",0.00283890952310529,0.952107435244825,1,1,1,"4","P2RY10"
"LPCAT3",0.00284130862722636,0.690272166102897,1,1,1,"4","LPCAT3"
"CTD-2147F2.2",0.00284309130987176,0.638256727664285,1,1,1,"4","CTD-2147F2.2"
"PPA2",0.00284764033588141,0.433005457669907,1,1,1,"4","PPA2"
"KCNH81",0.00284789857620445,1.76217139289339,1,1,1,"4","KCNH8"
"TRAPPC13",0.00284894037354639,0.438987885015365,1,1,1,"4","TRAPPC13"
"CISH",0.00284948157046285,0.581395776481251,1,1,1,"4","CISH"
"CHRNB4",0.00285467880217142,0.589892708152055,1,1,1,"4","CHRNB4"
"PTCH1",0.00285530635331965,0.68308400288708,1,1,1,"4","PTCH1"
"SLC24A3",0.00285569370932253,0.597460829248671,1,1,1,"4","SLC24A3"
"PKIA1",0.00286398852417545,0.729718875136031,1,1,1,"4","PKIA"
"SLC2A7",0.00286835796595888,3.08761892478215,1,1,1,"4","SLC2A7"
"KCNJ151",0.00288292779920583,0.117330038035947,1,1,1,"4","KCNJ15"
"SEC11C1",0.00289492652579247,0.313812095388483,1,1,1,"4","SEC11C"
"RNLS1",0.00289633319736746,0.593799748576464,1,1,1,"4","RNLS"
"LPAL2",0.00289882871250807,0.628115260631954,1,1,1,"4","LPAL2"
"GATA2",0.00291186632596674,0.584377061917627,1,1,1,"4","GATA2"
"PSMA6",0.00291491003879489,0.446722160546397,1,1,1,"4","PSMA6"
"HINT1",0.00291741928163542,0.351316880482052,1,1,1,"4","HINT1"
"CDK5RAP1",0.00291850208602837,0.381507918575592,1,1,1,"4","CDK5RAP1"
"RGMB",0.00292002641633647,0.462108680348951,1,1,1,"4","RGMB"
"WIPI2",0.00292302232130662,0.594787613736905,1,1,1,"4","WIPI2"
"MAPK7",0.00292521182724577,0.685275326206366,1,1,1,"4","MAPK7"
"STXBP21",0.00292868881282743,0.371009126145312,1,1,1,"4","STXBP2"
"RASSF9",0.00293167374905847,0.460787498897956,1,1,1,"4","RASSF9"
"GTF2F2",0.00296899452345949,0.459122598230483,1,1,1,"4","GTF2F2"
"SBK1",0.00297885489436694,0.471937101916412,1,1,1,"4","SBK1"
"PLIN2",0.00297897328765621,0.900933741937555,1,1,1,"4","PLIN2"
"HSD17B10",0.00298360411415699,0.50343701234479,1,1,1,"4","HSD17B10"
"ZNF57",0.00300367604326265,0.650543106477947,1,1,1,"4","ZNF57"
"GDPD3",0.00300485149908035,0.588159360908941,1,1,1,"4","GDPD3"
"MANEA",0.00301385975920318,0.753558321812926,1,1,1,"4","MANEA"
"BCR",0.00302623448696406,0.429105421622907,1,1,1,"4","BCR"
"FDPSP2",0.00303947238151972,0.630667835759654,1,1,1,"4","FDPSP2"
"SLC13A2",0.00304068925380424,0.417464901519061,1,1,1,"4","SLC13A2"
"APOBEC3B",0.00304979250949647,1.03487444007607,1,1,1,"4","APOBEC3B"
"CHADL",0.00305376749712567,0.606688072375739,1,1,1,"4","CHADL"
"SEMA3D",0.00305760433014489,0.628931226664289,1,1,1,"4","SEMA3D"
"C6orf183",0.00306363104193397,1.07431974508903,1,1,1,"4","C6orf183"
"SMPX",0.0030913342610207,1.4675754965188,1,1,1,"4","SMPX"
"SLC26A2",0.00309310192535828,0.473572479855196,1,1,1,"4","SLC26A2"
"STX4",0.0030948421887213,0.428217508210309,1,1,1,"4","STX4"
"TFDP2",0.00310741903798148,0.566778693377884,1,1,1,"4","TFDP2"
"AGL",0.00312202210201465,0.521956308209255,1,1,1,"4","AGL"
"CLCN1",0.00312911609188572,0.766912051339908,1,1,1,"4","CLCN1"
"ATP2A1",0.0031443368745348,1.43043628895115,1,1,1,"4","ATP2A1"
"MRPL46",0.00314576978299881,0.376001048580498,1,1,1,"4","MRPL46"
"MBP",0.00316395007547263,0.602855546946294,1,1,1,"4","MBP"
"BMS1P7",0.00318147484588748,1.00208710641057,1,1,1,"4","BMS1P7"
"TRPM8",0.00320392554862444,0.347551511763429,1,1,1,"4","TRPM8"
"TAF7L",0.00320516762911551,0.5140523125295,1,1,1,"4","TAF7L"
"CAMSAP1",0.00320538428688913,0.391054383840334,1,1,1,"4","CAMSAP1"
"TCAP",0.00321718417598654,0.880909906524517,1,1,1,"4","TCAP"
"LAMC2",0.00322314097676914,0.413904277446424,1,1,1,"4","LAMC2"
"FCRLA",0.00323268385393924,2.69110431250319,1,1,1,"4","FCRLA"
"MITD1",0.00323511950234537,0.466889998782872,1,1,1,"4","MITD1"
"NPM1P30",0.00323936873028613,0.273672717396922,1,1,1,"4","NPM1P30"
"MROH71",0.00325197528064199,0.802004086001324,1,1,1,"4","MROH7"
"ZIC5",0.00325365873032003,0.766260308524387,1,1,1,"4","ZIC5"
"TWIST2",0.00326367182928556,0.571480793939427,1,1,1,"4","TWIST2"
"TRAV3",0.00327084799765237,0.796693099403669,1,1,1,"4","TRAV3"
"RNF11",0.00327131747485338,0.450812746191055,1,1,1,"4","RNF11"
"COX6C",0.0032932184327175,0.60498157560923,1,1,1,"4","COX6C"
"KANK1",0.00329589147540775,0.914486945385818,1,1,1,"4","KANK1"
"PTPRK",0.00331200627295465,0.655192427133674,1,1,1,"4","PTPRK"
"RGS13",0.00331850870711241,0.521019593220284,1,1,1,"4","RGS13"
"FMN11",0.00332564835816522,0.530821057684065,1,1,1,"4","FMN1"
"UBE2U",0.00333974842432657,2.18444526785628,1,1,1,"4","UBE2U"
"CSN1S2AP",0.00334163976887067,0.688970500970541,1,1,1,"4","CSN1S2AP"
"SMTNL11",0.0033516459894059,0.73018043053527,1,1,1,"4","SMTNL1"
"APOBEC2",0.0033559380966437,0.389089833355463,1,1,1,"4","APOBEC2"
"C12orf42",0.00335641798741156,0.843415567199369,1,1,1,"4","C12orf42"
"CYB561A3",0.00335894872540929,0.495928423876068,1,1,1,"4","CYB561A3"
"GCGR",0.00336488926048786,0.42291096159081,1,1,1,"4","GCGR"
"TIGIT",0.00338999204336382,0.368847542739568,1,1,1,"4","TIGIT"
"TPBG",0.00339430597960963,0.62820302183842,1,1,1,"4","TPBG"
"CHL11",0.00340796731110449,0.345365985256519,1,1,1,"4","CHL1"
"CYP2C9",0.00341654789864317,0.225087961952399,1,1,1,"4","CYP2C9"
"PDZRN31",0.00342721012645657,1.31277204917654,1,1,1,"4","PDZRN3"
"TMPRSS3",0.00342783674877212,0.766663053452504,1,1,1,"4","TMPRSS3"
"PKD1P5",0.00342961912173368,0.777978289703711,1,1,1,"4","PKD1P5"
"TBC1D10C",0.00343097740882088,0.7231916228939,1,1,1,"4","TBC1D10C"
"GUSBP1",0.00343438966751764,1.24169919075578,1,1,1,"4","GUSBP1"
"C8G",0.00343468518396992,0.635220791621444,1,1,1,"4","C8G"
"NCAM11",0.0034394077748062,0.790623003675528,1,1,1,"4","NCAM1"
"CCNB3",0.00344043673761966,0.321995366179513,1,1,1,"4","CCNB3"
"TAF10",0.0034538535770055,0.544610841794963,1,1,1,"4","TAF10"
"KLHL40",0.00346055517106529,2.50494650304874,1,1,1,"4","KLHL40"
"C3orf14",0.00346582445561048,0.617590146915905,1,1,1,"4","C3orf14"
"TMEM63B",0.0034866671541903,0.340434455300329,1,1,1,"4","TMEM63B"
"ATP5F1",0.00348707260131404,0.406550036692646,1,1,1,"4","ATP5F1"
"SCN10A",0.00348943148668414,3.28076449870491,1,1,1,"4","SCN10A"
"AP1G1",0.00349269674751636,0.338142346424814,1,1,1,"4","AP1G1"
"ANXA7",0.00349746285696141,0.418362811718804,1,1,1,"4","ANXA7"
"ALDH7A1",0.00351345493405402,0.534671236849952,1,1,1,"4","ALDH7A1"
"AC023490.1",0.0035405183968649,0.508711221266953,1,1,1,"4","AC023490.1"
"ZNF558",0.00354597057163224,0.554574373872848,1,1,1,"4","ZNF558"
"AL627309.11",0.00354915284630088,0.391212057405692,1,1,1,"4","AL627309.1"
"LONRF1",0.00355013707361488,0.68486598434052,1,1,1,"4","LONRF1"
"ZUFSP",0.00355499894830197,0.404724428525897,1,1,1,"4","ZUFSP"
"EOMES",0.0035737725835101,1.69907213705677,1,1,1,"4","EOMES"
"SECTM1",0.00357694927810939,0.670405675720987,1,1,1,"4","SECTM1"
"MAP2K4",0.00358111623710393,0.561455027915729,1,1,1,"4","MAP2K4"
"DLD",0.0035934723182762,0.601401959724733,1,1,1,"4","DLD"
"INPP5F",0.00359754994749294,0.528416785122907,1,1,1,"4","INPP5F"
"SLC2A5",0.00360489678587398,1.50694007729684,1,1,1,"4","SLC2A5"
"CA3",0.00362954048617784,3.30189667994709,1,1,1,"4","CA3"
"TALDO1",0.00363519645922658,0.554478638732355,1,1,1,"4","TALDO1"
"PUSL1",0.00364096892914527,0.221479264740447,1,1,1,"4","PUSL1"
"GDAP2",0.00364334208485487,0.371620014361469,1,1,1,"4","GDAP2"
"ZNF503-AS2",0.00364964323904196,0.652821774775807,1,1,1,"4","ZNF503-AS2"
"DTX2",0.00365022899716434,0.636374927237064,1,1,1,"4","DTX2"
"GSTK1",0.00365154793325802,0.358371383460042,1,1,1,"4","GSTK1"
"ATP2A31",0.0036753334459808,0.848477538712038,1,1,1,"4","ATP2A3"
"IRF8",0.00368745882010125,0.918194326225848,1,1,1,"4","IRF8"
"TEF",0.00368787962105283,0.722742632983344,1,1,1,"4","TEF"
"NR1D1",0.00368832406315937,1.12962709541277,1,1,1,"4","NR1D1"
"COQ9",0.00369188605680429,0.463733271637377,1,1,1,"4","COQ9"
"TMTC3",0.00369340440585389,0.618391194063175,1,1,1,"4","TMTC3"
"ATP5B",0.00369875143689858,0.575005605336706,1,1,1,"4","ATP5B"
"MAL",0.00370538219415961,2.97248610087047,1,1,1,"4","MAL"
"TSGA10",0.00371059866511629,0.266843452652319,1,1,1,"4","TSGA10"
"GABPB2",0.00371941621892587,0.605420690522145,1,1,1,"4","GABPB2"
"RP11-384K6.4",0.00372633259954835,1.37532437853379,1,1,1,"4","RP11-384K6.4"
"TIAM2",0.00372801371123492,0.388990531531267,1,1,1,"4","TIAM2"
"NAV21",0.00373523151351453,0.559854397175958,1,1,1,"4","NAV2"
"MCTP21",0.00374147837519367,0.298426681048523,1,1,1,"4","MCTP2"
"CCSER2",0.00375652695530834,0.527422819807629,1,1,1,"4","CCSER2"
"FAM221A",0.00375992631957173,0.63157535542479,1,1,1,"4","FAM221A"
"PPDPF1",0.00377018259371791,0.83295136827617,1,1,1,"4","PPDPF"
"GAMT",0.0037819273893543,0.492270085434647,1,1,1,"4","GAMT"
"PRDM4",0.00378317623712466,0.313758501507383,1,1,1,"4","PRDM4"
"ATP6AP2",0.00378452960871967,0.490097594077273,1,1,1,"4","ATP6AP2"
"BHLHE401",0.00378708452260974,0.456950652575635,1,1,1,"4","BHLHE40"
"FBXL16",0.00379494060082046,0.538881833112955,1,1,1,"4","FBXL16"
"MYL3",0.00380015371415756,1.95336720966981,1,1,1,"4","MYL3"
"CTD-2501E16.1",0.00380249882242485,0.379160627172059,1,1,1,"4","CTD-2501E16.1"
"FICD",0.0038139988742765,0.438116515395329,1,1,1,"4","FICD"
"FBXO6",0.00381773448654627,0.473671000152125,1,1,1,"4","FBXO6"
"C1QTNF21",0.00382678092632186,0.574758281791784,1,1,1,"4","C1QTNF2"
"AK3",0.00383081861281117,0.461703843159004,1,1,1,"4","AK3"
"MRPS16",0.00383685602783997,0.445771652578742,1,1,1,"4","MRPS16"
"CDON",0.00384663753974361,0.606385541324098,1,1,1,"4","CDON"
"CMTR2",0.00384724233056934,0.405314912036976,1,1,1,"4","CMTR2"
"RGMA",0.00385153885444675,0.353572568499981,1,1,1,"4","RGMA"
"CADM2",0.00385702249087642,0.630400992892833,1,1,1,"4","CADM2"
"CASQ1",0.00386578824085545,1.69534557794276,1,1,1,"4","CASQ1"
"SNAP91",0.00386892795301605,3.09393228066501,1,1,1,"4","SNAP91"
"ST8SIA61",0.00387403567292199,2.03949348417149,1,1,1,"4","ST8SIA6"
"COX5A",0.00387946656282871,0.525308367384175,1,1,1,"4","COX5A"
"GBP1P1",0.00389407375531188,0.475880680761,1,1,1,"4","GBP1P1"
"PON1",0.00389536317061349,0.796529589993249,1,1,1,"4","PON1"
"EFTUD1",0.00390525732052274,0.28686014064759,1,1,1,"4","EFTUD1"
"POP4",0.00390667580166243,0.357163938537822,1,1,1,"4","POP4"
"ACVR1B",0.00391238039092695,0.587886960567415,1,1,1,"4","ACVR1B"
"COX14",0.00391847139943171,0.608398556669766,1,1,1,"4","COX14"
"VGLL2",0.00392693841564574,1.50588213774775,1,1,1,"4","VGLL2"
"ECM1",0.00393264359391373,0.745963140152085,1,1,1,"4","ECM1"
"S100P",0.00394805837403894,0.287518975731581,1,1,1,"4","S100P"
"FANCF",0.00395267108318282,0.565036454449006,1,1,1,"4","FANCF"
"CLPTM1",0.00395341342349896,0.412543077369186,1,1,1,"4","CLPTM1"
"UGCG1",0.0039640995290488,0.473266180041961,1,1,1,"4","UGCG"
"RANGAP1",0.00396698856294706,0.226992223976236,1,1,1,"4","RANGAP1"
"GSPT21",0.00398089427693316,0.591560443373808,1,1,1,"4","GSPT2"
"PSTPIP21",0.00399143894781355,0.419850606439381,1,1,1,"4","PSTPIP2"
"LAMA2",0.00399989049033432,0.496834395244921,1,1,1,"4","LAMA2"
"USP15",0.00400805746059557,0.406261533133979,1,1,1,"4","USP15"
"TMEM238",0.00401332713322979,0.440773016009709,1,1,1,"4","TMEM238"
"PHKA2",0.00401827371187871,0.585756654278253,1,1,1,"4","PHKA2"
"NPPA",0.004036678132815,1.97474455651642,1,1,1,"4","NPPA"
"KIAA11991",0.00404419032483171,2.72260059937788,1,1,1,"4","KIAA1199"
"LINC00636",0.004049690717377,0.430212067218864,1,1,1,"4","LINC00636"
"CXCR3",0.00405274981931528,0.501017318952204,1,1,1,"4","CXCR3"
"RTCB",0.00407870694705567,0.412431113186077,1,1,1,"4","RTCB"
"ADSSL1",0.00408478965422187,1.37314307894597,1,1,1,"4","ADSSL1"
"ARL8B",0.00408771268003301,0.40975307516678,1,1,1,"4","ARL8B"
"CLCN6",0.00411195966127924,0.711738410810069,1,1,1,"4","CLCN6"
"CPNE9",0.00413751385031134,0.370592067418984,1,1,1,"4","CPNE9"
"UGP2",0.00413840368599835,0.462218672746445,1,1,1,"4","UGP2"
"C6orf1",0.00415597512088311,0.613241923614963,1,1,1,"4","C6orf1"
"SERGEF1",0.00419251561044558,0.473416511744164,1,1,1,"4","SERGEF"
"ZSCAN31",0.00420930268449524,0.438919132443395,1,1,1,"4","ZSCAN31"
"KLRC2",0.00421922369912734,0.471383086286476,1,1,1,"4","KLRC2"
"TRPV1",0.00422409983714992,0.536803098360469,1,1,1,"4","TRPV1"
"AHR",0.00424645831615372,0.724824996671284,1,1,1,"4","AHR"
"IDO2",0.0042481316082464,0.194932373008676,1,1,1,"4","IDO2"
"TMEM64",0.00427186566310308,0.335101001162483,1,1,1,"4","TMEM64"
"TGIF1P1",0.00428121565480642,0.509113198325162,1,1,1,"4","TGIF1P1"
"CATSPERB1",0.00428121758960589,0.847860083201946,1,1,1,"4","CATSPERB"
"CAPN1",0.0042839037654443,0.342600580081136,1,1,1,"4","CAPN1"
"LINGO4",0.00429666062066968,0.57199109217407,1,1,1,"4","LINGO4"
"SYNRG",0.00430193291404756,0.353730446875272,1,1,1,"4","SYNRG"
"RARS",0.00430526588969414,0.40816740319973,1,1,1,"4","RARS"
"OPLAH",0.00431007385328962,0.284754211745055,1,1,1,"4","OPLAH"
"KRTAP10-4",0.00433195705941204,1.68003391412637,1,1,1,"4","KRTAP10-4"
"DLG21",0.00438093792092184,0.479784948019809,1,1,1,"4","DLG2"
"RPP30",0.00438760745501738,0.577199360419725,1,1,1,"4","RPP30"
"IQCH",0.00438820921456826,0.475562614779198,1,1,1,"4","IQCH"
"LINC00999",0.00440247022982412,0.414629755729347,1,1,1,"4","LINC00999"
"SLC22A25",0.00440940549468428,1.37451787578967,1,1,1,"4","SLC22A25"
"NDUFS1",0.00441022561559074,0.367732588324451,1,1,1,"4","NDUFS1"
"PEX16",0.00441115298791805,0.482699377566002,1,1,1,"4","PEX16"
"ANAPC7",0.00441162160166856,0.335794846796961,1,1,1,"4","ANAPC7"
"PDK1",0.00443238171930398,0.504639702585079,1,1,1,"4","PDK1"
"AMPD3",0.00443782112501329,0.29590532307348,1,1,1,"4","AMPD3"
"PIGH",0.00444455400640397,0.583817236988628,1,1,1,"4","PIGH"
"CARD111",0.00444852390295923,0.938309144293443,1,1,1,"4","CARD11"
"FAF2",0.0044495156066779,0.347290429124349,1,1,1,"4","FAF2"
"ANXA2",0.00445344460542094,0.5027749892018,1,1,1,"4","ANXA2"
"C5orf55",0.00445809553729573,0.372085338767651,1,1,1,"4","C5orf55"
"SGIP1",0.00446837979504184,0.663813789464811,1,1,1,"4","SGIP1"
"MALT1",0.0044838611716845,0.478314887678927,1,1,1,"4","MALT1"
"LRIG3",0.00450040298513251,0.513331861809718,1,1,1,"4","LRIG3"
"CHMP4A",0.00451273281858151,0.396119169754243,1,1,1,"4","CHMP4A"
"ECH1",0.00451633304009665,0.67257709824122,1,1,1,"4","ECH1"
"ZNRF2",0.00452370079943852,0.400236320500323,1,1,1,"4","ZNRF2"
"KCNS3",0.00453050551170195,0.447511750820322,1,1,1,"4","KCNS3"
"ERCC1",0.00453516455722945,0.522785781030354,1,1,1,"4","ERCC1"
"MFAP4",0.00454455076099479,0.143896786771149,1,1,1,"4","MFAP4"
"SYTL51",0.00456429767505408,0.925864366697775,1,1,1,"4","SYTL5"
"PDHA1",0.00458893674461778,0.568872064282328,1,1,1,"4","PDHA1"
"PSMB1",0.00458947335411952,0.344851804052187,1,1,1,"4","PSMB1"
"ANXA4",0.00459077743479736,0.429456771020032,1,1,1,"4","ANXA4"
"MTMR4",0.00459330345744865,0.404973841836728,1,1,1,"4","MTMR4"
"SOX30",0.00459972692278261,0.68297369791093,1,1,1,"4","SOX30"
"VCP",0.00460432070094204,0.356904010062298,1,1,1,"4","VCP"
"TLE31",0.00462026856082016,0.533405149707068,1,1,1,"4","TLE3"
"CYP19A1",0.00462029979232133,1.53587772328468,1,1,1,"4","CYP19A1"
"SYNE11",0.00463317605020427,0.622478573140619,1,1,1,"4","SYNE1"
"GSKIP",0.00464118341246643,0.614373859851133,1,1,1,"4","GSKIP"
"COX6A1P2",0.00464268631038065,0.994358384045906,1,1,1,"4","COX6A1P2"
"C15orf521",0.00465609255614491,0.450061588309307,1,1,1,"4","C15orf52"
"PSMB4",0.00465654560844096,0.450371236974188,1,1,1,"4","PSMB4"
"C8orf56",0.00465690413080638,0.843318490592704,1,1,1,"4","C8orf56"
"SCAMP2",0.00465796114448718,0.467412520259487,1,1,1,"4","SCAMP2"
"ZSCAN5A",0.00466056998447869,0.521579555453943,1,1,1,"4","ZSCAN5A"
"SUCO",0.00466253845001268,0.573070037409469,1,1,1,"4","SUCO"
"MT1X",0.00468453812936622,0.601979583823493,1,1,1,"4","MT1X"
"PRDM8",0.0046922952766815,0.700960969181493,1,1,1,"4","PRDM8"
"GTF3C1",0.00470486655780588,0.355078554616647,1,1,1,"4","GTF3C1"
"PCNXL2",0.00470793682831382,0.365335313153651,1,1,1,"4","PCNXL2"
"GPX2",0.00471893231855953,0.570844171949144,1,1,1,"4","GPX2"
"C3orf72",0.00473697454759068,0.163783622693602,1,1,1,"4","C3orf72"
"IFT27",0.00474134456829737,0.507437476780023,1,1,1,"4","IFT27"
"CAPN7",0.00474848875698063,0.44429705885879,1,1,1,"4","CAPN7"
"TLL2",0.00475075220222079,1.26337311029186,1,1,1,"4","TLL2"
"FBXO45",0.00475455727059401,0.659157825347039,1,1,1,"4","FBXO45"
"PIGT",0.00476085866938454,0.453264873481523,1,1,1,"4","PIGT"
"IL18R11",0.00476332302829734,0.232024942361626,1,1,1,"4","IL18R1"
"NELL1",0.00476745452173447,1.08609799200451,1,1,1,"4","NELL1"
"IKBKB",0.00477792356500109,0.434543530422292,1,1,1,"4","IKBKB"
"ACSM5",0.00477892303587421,1.85517159843236,1,1,1,"4","ACSM5"
"SLC35B1",0.00479702042186,0.434387645051833,1,1,1,"4","SLC35B1"
"C4orf26",0.00480060113259972,0.45881012123912,1,1,1,"4","C4orf26"
"OCIAD2",0.00480073932530561,0.508267285024921,1,1,1,"4","OCIAD2"
"CHMP2B",0.00480611142314857,0.400186273440074,1,1,1,"4","CHMP2B"
"ERMARD",0.00483743162201835,0.389865123778348,1,1,1,"4","ERMARD"
"ZNF425",0.00484474735132856,0.425694222781068,1,1,1,"4","ZNF425"
"CD1C",0.00485656995794192,0.19193506383446,1,1,1,"4","CD1C"
"FXYD7",0.00486152208492227,1.09096189510416,1,1,1,"4","FXYD7"
"ALG14",0.00486235053369717,0.557425810469285,1,1,1,"4","ALG14"
"SCAPER",0.00486592253516403,0.418520541521975,1,1,1,"4","SCAPER"
"CLCN3",0.00487452365807804,0.522430135031588,1,1,1,"4","CLCN3"
"CTSW",0.00489997635302427,1.45331471951362,1,1,1,"4","CTSW"
"ACTR6",0.00490429552506579,0.197039178361333,1,1,1,"4","ACTR6"
"GRIA3",0.00490433646198091,0.419001239264485,1,1,1,"4","GRIA3"
"GCSAM",0.00491458925793991,0.174198743050692,1,1,1,"4","GCSAM"
"MYBPC1",0.00491720755403746,0.927171656172899,1,1,1,"4","MYBPC1"
"IP6K3",0.00491811678892048,0.224344100196953,1,1,1,"4","IP6K3"
"TENM1",0.00491986343268902,0.796490648394288,1,1,1,"4","TENM1"
"PYROXD1",0.00492260168881344,0.521543031335506,1,1,1,"4","PYROXD1"
"LYPLA1",0.00494046809573971,0.449651592933261,1,1,1,"4","LYPLA1"
"HRG",0.00495041353791732,0.173965374847528,1,1,1,"4","HRG"
"C4orf36",0.00496148798154499,0.501502162213606,1,1,1,"4","C4orf36"
"SLC25A3P2",0.00500154485639062,0.283141083604804,1,1,1,"4","SLC25A3P2"
"MOSPD2",0.00500779444853769,0.467777944022087,1,1,1,"4","MOSPD2"
"PHLDA2",0.00500798958119138,0.520766917347403,1,1,1,"4","PHLDA2"
"MAOB1",0.00501039863980555,0.850628324258343,1,1,1,"4","MAOB"
"SLC10A3",0.0050185251195272,0.55816264244109,1,1,1,"4","SLC10A3"
"PINLYP",0.00503360799653165,0.709280154083199,1,1,1,"4","PINLYP"
"NFE2L2",0.00504418306663824,0.470887763397844,1,1,1,"4","NFE2L2"
"GZMB1",0.0050448717181886,0.717221288682,1,1,1,"4","GZMB"
"ARL4P",0.00505303255104752,0.357511282099669,1,1,1,"4","ARL4P"
"INO80B",0.00506747617253984,0.488275258657765,1,1,1,"4","INO80B"
"MICU2",0.00507087540924937,0.353638184877108,1,1,1,"4","MICU2"
"HSPB3",0.00508214805324601,0.661839533689264,1,1,1,"4","HSPB3"
"USP33",0.00509616839130866,0.35725667369336,1,1,1,"4","USP33"
"MFI21",0.00511353320840006,0.515151991487601,1,1,1,"4","MFI2"
"RBBP8",0.00511761000407402,0.849230327321823,1,1,1,"4","RBBP8"
"ITGA31",0.00512558069217483,0.314917369841101,1,1,1,"4","ITGA3"
"TRIM221",0.00513444114832203,0.556655948967769,1,1,1,"4","TRIM22"
"MAPK6",0.00515630886905777,0.579017006016926,1,1,1,"4","MAPK6"
"HS6ST3",0.00517140078383981,0.637682825718684,1,1,1,"4","HS6ST3"
"CDK5",0.00517592563381905,0.38151358563751,1,1,1,"4","CDK5"
"PPM1K",0.00517743435612348,0.459657852685078,1,1,1,"4","PPM1K"
"ENO3",0.00518823124785643,1.35135398835736,1,1,1,"4","ENO3"
"LYST",0.00518990961889349,0.397761504952992,1,1,1,"4","LYST"
"TRMT44",0.00518993327648733,0.479995000949314,1,1,1,"4","TRMT44"
"ETV7",0.00523461386571416,0.546802066369874,1,1,1,"4","ETV7"
"PDCD1",0.00523857561756454,1.06045889137636,1,1,1,"4","PDCD1"
"ABHD12",0.00524887887217409,0.508268602463609,1,1,1,"4","ABHD12"
"SLC39A9",0.0052490851137146,0.525781647599215,1,1,1,"4","SLC39A9"
"PRRX2",0.00526074949144947,0.6471140667069,1,1,1,"4","PRRX2"
"FBXO40",0.00526773861120377,2.60308192042575,1,1,1,"4","FBXO40"
"EYA41",0.00527038013630948,1.073535358659,1,1,1,"4","EYA4"
"TPCN1",0.00528244347865501,0.464567425832907,1,1,1,"4","TPCN1"
"EEF1A2",0.00529452793196189,0.28851630319109,1,1,1,"4","EEF1A2"
"TMEM131",0.00529676227529863,0.365807590708574,1,1,1,"4","TMEM131"
"OR7A5",0.00530075227223791,0.53210978796835,1,1,1,"4","OR7A5"
"WBP2",0.00530214102980923,0.282207768214588,1,1,1,"4","WBP2"
"TMEM222",0.00531556817591037,0.372018218483037,1,1,1,"4","TMEM222"
"SYTL31",0.00533771184790381,0.393464270453773,1,1,1,"4","SYTL3"
"GLMN",0.00534046010145461,0.281336507368545,1,1,1,"4","GLMN"
"PPP1R2",0.00534050115893041,0.588992636867992,1,1,1,"4","PPP1R2"
"ACCSL",0.00535301132619005,0.496003658091901,1,1,1,"4","ACCSL"
"FOXP2",0.0053605115787216,0.276747482755596,1,1,1,"4","FOXP2"
"PPME1",0.00537663401441019,0.539439592725254,1,1,1,"4","PPME1"
"SCML1",0.00538095402486691,0.495688396915643,1,1,1,"4","SCML1"
"COMTD1",0.00538187855714187,0.246682701670673,1,1,1,"4","COMTD1"
"ASF1A",0.00538665841579657,0.248957983460352,1,1,1,"4","ASF1A"
"CLEC4C",0.00538838902468099,0.570306047603236,1,1,1,"4","CLEC4C"
"ERV3-1",0.00539751549863269,0.771535716720646,1,1,1,"4","ERV3-1"
"FLT3",0.00540580925084379,0.623323810902951,1,1,1,"4","FLT3"
"PARP11",0.00540888594998049,0.401017987765037,1,1,1,"4","PARP11"
"CARNS1",0.00541382508041168,0.915526723288822,1,1,1,"4","CARNS1"
"SYNE2",0.0054242832506049,0.468344612173237,1,1,1,"4","SYNE2"
"PHF7",0.00544400765403744,0.869151490121862,1,1,1,"4","PHF7"
"TLCD2",0.00545317365192273,0.57555726943086,1,1,1,"4","TLCD2"
"hsa-mir-1199",0.00545690830609469,0.458391100263029,1,1,1,"4","hsa-mir-1199"
"EIF5",0.00545790348362863,0.392253355847739,1,1,1,"4","EIF5"
"DHRS31",0.00546528126773981,0.517546479843833,1,1,1,"4","DHRS3"
"TRAPPC5",0.00547335467231809,0.664257939191529,1,1,1,"4","TRAPPC5"
"HLA-DQA1",0.00548484521085342,1.45053462191287,1,1,1,"4","HLA-DQA1"
"TMEM106C",0.00548986144010272,0.802508211372247,1,1,1,"4","TMEM106C"
"RP11-10A14.4",0.00549081168114677,0.517980852425501,1,1,1,"4","RP11-10A14.4"
"STK311",0.00549719403272919,0.813844292368627,1,1,1,"4","STK31"
"SPATA6L",0.00551053182697214,0.563630336542651,1,1,1,"4","SPATA6L"
"TRIM25",0.00552136611818904,0.447855428765351,1,1,1,"4","TRIM25"
"MAP3K6",0.00552185959243008,0.54180987846358,1,1,1,"4","MAP3K6"
"SLC46A3",0.00552614319226205,0.62276460842587,1,1,1,"4","SLC46A3"
"ATMIN",0.00555435941664661,0.499434379892751,1,1,1,"4","ATMIN"
"PMPCB",0.00558747036733946,0.367222763292915,1,1,1,"4","PMPCB"
"AC110619.2",0.00559212268220355,0.381786137527023,1,1,1,"4","AC110619.2"
"HIBCH",0.00562944419173516,0.471510319997023,1,1,1,"4","HIBCH"
"WDR91",0.00566282794209043,0.480279692779485,1,1,1,"4","WDR91"
"TEKT5",0.00566374365757461,0.45897505670519,1,1,1,"4","TEKT5"
"NDUFS4",0.00568566159492048,0.419337703063665,1,1,1,"4","NDUFS4"
"C11orf52",0.00568874265128225,0.921843395885597,1,1,1,"4","C11orf52"
"PDXK1",0.0056949492932981,0.462972222317841,1,1,1,"4","PDXK"
"TFIP11",0.00569582126198618,0.617648045906718,1,1,1,"4","TFIP11"
"TFG",0.00577395406583777,0.385966911115037,1,1,1,"4","TFG"
"ACOX3",0.00577399124531896,0.469682362938221,1,1,1,"4","ACOX3"
"LRIG11",0.00580522788570403,0.52300372858063,1,1,1,"4","LRIG1"
"AK4",0.005806195044702,0.839837091750598,1,1,1,"4","AK4"
"C1orf122",0.00581637090633809,0.629619372104957,1,1,1,"4","C1orf122"
"RNF126",0.0058311487709766,0.411903590798779,1,1,1,"4","RNF126"
"CD226",0.00584392385036725,0.531724253121062,1,1,1,"4","CD226"
"PDIK1L",0.00585096573923446,0.496524373497563,1,1,1,"4","PDIK1L"
"MTM1",0.00586132288996972,0.363548121233096,1,1,1,"4","MTM1"
"ADAMDEC11",0.00587941886371013,0.751585881260672,1,1,1,"4","ADAMDEC1"
"ZDHHC9",0.00590187479693686,0.565808022109666,1,1,1,"4","ZDHHC9"
"GPR126",0.00590999178883746,0.189963382810348,1,1,1,"4","GPR126"
"DCTN3",0.0059153371164189,0.591014324413397,1,1,1,"4","DCTN3"
"RP11-621K7.1",0.00593733129751669,0.326768311403942,1,1,1,"4","RP11-621K7.1"
"UBE3B",0.00595107752195738,0.314978112561466,1,1,1,"4","UBE3B"
"PLXNA1",0.00598051081389453,0.663256453460964,1,1,1,"4","PLXNA1"
"PTGER41",0.00598183515431614,0.530812600303801,1,1,1,"4","PTGER4"
"TAP2",0.00599402429925605,0.710026554417514,1,1,1,"4","TAP2"
"PCSK11",0.00600862212556225,1.72483632178123,1,1,1,"4","PCSK1"
"CTBS",0.00600907305325537,0.490229887842814,1,1,1,"4","CTBS"
"MARCH3",0.00600982622113736,0.371572480611924,1,1,1,"4","MARCH3"
"TRAV26-1",0.00601882015496015,0.417581786650128,1,1,1,"4","TRAV26-1"
"ERCC6",0.00602457588372507,0.437709975121503,1,1,1,"4","ERCC6"
"C20orf24",0.00602568644307768,0.428981234576614,1,1,1,"4","C20orf24"
"KAT2B",0.00604839610675147,0.298660741984467,1,1,1,"4","KAT2B"
"RP11-80I15.1",0.00605166930671065,0.671762514305152,1,1,1,"4","RP11-80I15.1"
"IFNE",0.00605579961420815,0.477059944233574,1,1,1,"4","IFNE"
"ARL4C",0.00606258167630903,0.335508018715412,1,1,1,"4","ARL4C"
"PTAFR1",0.00607237687629025,0.533034566173599,1,1,1,"4","PTAFR"
"FAIM21",0.00609056324394321,0.476232419163004,1,1,1,"4","FAIM2"
"ZNF107",0.0061160037499483,0.559843595362914,1,1,1,"4","ZNF107"
"ALPK2",0.00614119649408106,0.4906425969435,1,1,1,"4","ALPK2"
"MUT",0.006144877147913,0.381705205258903,1,1,1,"4","MUT"
"SMAP1",0.00614834799078877,0.345070784933897,1,1,1,"4","SMAP1"
"RNF25",0.00615781439099424,0.417067498930352,1,1,1,"4","RNF25"
"HIP1R1",0.00616136761879345,0.551647018545179,1,1,1,"4","HIP1R"
"FAM105B",0.00616536623461135,0.435696519788253,1,1,1,"4","FAM105B"
"EFCAB7",0.0061698545318231,0.351235998826908,1,1,1,"4","EFCAB7"
"LITAF1",0.0061777828618126,0.444374389236586,1,1,1,"4","LITAF"
"KIAA0319L",0.00618757117836556,0.286034571294177,1,1,1,"4","KIAA0319L"
"CST3",0.00621063235321155,0.518858050377251,1,1,1,"4","CST3"
"NR2E1",0.00621143069361796,0.428676465014247,1,1,1,"4","NR2E1"
"NRBF2",0.00622925991936336,0.513173507806249,1,1,1,"4","NRBF2"
"CCDC141",0.00623457961993715,0.767923922738763,1,1,1,"4","CCDC141"
"HTATIP2",0.00624835823133581,0.364479651455071,1,1,1,"4","HTATIP2"
"ZXDC",0.0062567981109971,0.448212657250348,1,1,1,"4","ZXDC"
"IRS4",0.00628062085507777,0.555920869927901,1,1,1,"4","IRS4"
"MINA",0.00632133921841616,0.392966110159177,1,1,1,"4","MINA"
"UBAC2",0.00634684923311408,0.392213619869558,1,1,1,"4","UBAC2"
"OTUD7A1",0.00635643485572915,0.370574287377428,1,1,1,"4","OTUD7A"
"MTFR1L",0.00636335095577658,0.46175174480182,1,1,1,"4","MTFR1L"
"SLC25A28",0.00636551789785,0.357019420566068,1,1,1,"4","SLC25A28"
"SMPD1",0.00637149244765572,0.520460300212694,1,1,1,"4","SMPD1"
"PCDH201",0.0063718041050754,0.506308755706987,1,1,1,"4","PCDH20"
"SS18",0.00639209618747205,0.497676182036169,1,1,1,"4","SS18"
"PIGC",0.00639211741580753,0.465134569765173,1,1,1,"4","PIGC"
"ABCC31",0.00643209055409448,0.65042781021457,1,1,1,"4","ABCC3"
"TMEM41B",0.00646285221577682,0.365271284938853,1,1,1,"4","TMEM41B"
"NTNG11",0.00647037000491219,0.187143175049556,1,1,1,"4","NTNG1"
"ZNF600",0.00650262339048632,0.228205658260451,1,1,1,"4","ZNF600"
"SLC22A51",0.00651302509014109,0.221109299573573,1,1,1,"4","SLC22A5"
"FGD31",0.00651677361473434,0.579546335066224,1,1,1,"4","FGD3"
"BECN1",0.00652490534635297,0.385346766830388,1,1,1,"4","BECN1"
"KLHL41",0.00653056349675638,0.778231591802154,1,1,1,"4","KLHL41"
"HERC6",0.00655832864080049,0.505132138525662,1,1,1,"4","HERC6"
"ZNF554",0.00656360402993789,0.519658205949952,1,1,1,"4","ZNF554"
"TRIM73",0.00656752365600659,0.937873048364382,1,1,1,"4","TRIM73"
"TRIM16",0.00656928681831859,0.789049108638551,1,1,1,"4","TRIM16"
"HUNK",0.00658291671740274,0.662065114153535,1,1,1,"4","HUNK"
"CNOT6LP1",0.00658606186429666,0.530829875952952,1,1,1,"4","CNOT6LP1"
"OVGP1",0.00659854000328742,0.600303345843544,1,1,1,"4","OVGP1"
"LAPTM5",0.00659992708847728,1.46635664033907,1,1,1,"4","LAPTM5"
"MLXIPL",0.00660267421268409,0.789319174408181,1,1,1,"4","MLXIPL"
"GGH",0.00660465611280778,0.229726220561576,1,1,1,"4","GGH"
"PDCD6IP",0.00660992054516288,0.319961038623674,1,1,1,"4","PDCD6IP"
"CCDC53",0.00662481945489155,0.425905837715117,1,1,1,"4","CCDC53"
"GALNT6",0.00662846446382514,0.742054712484826,1,1,1,"4","GALNT6"
"TBC1D32",0.00664678082733993,0.36681361566032,1,1,1,"4","TBC1D32"
"SLC25A30",0.00664785723253009,0.443850758709006,1,1,1,"4","SLC25A30"
"GJA1",0.00665106517853068,0.447278224364325,1,1,1,"4","GJA1"
"TLL1",0.00666933794894256,0.509450429524644,1,1,1,"4","TLL1"
"NSMAF",0.00667329030370067,0.375228738934606,1,1,1,"4","NSMAF"
"TANK",0.00667500353532524,0.47890462945459,1,1,1,"4","TANK"
"ABI3BP1",0.00668108835603472,0.436387992403514,1,1,1,"4","ABI3BP"
"MSH3",0.00670432574335246,0.565043884554083,1,1,1,"4","MSH3"
"GRM2",0.00675108200776093,0.816427813268874,1,1,1,"4","GRM2"
"TTLL4",0.00677392727287856,0.460617072524791,1,1,1,"4","TTLL4"
"C14orf2",0.00679472036823662,0.396917304136476,1,1,1,"4","C14orf2"
"PIK3CD1",0.00680073294716809,0.688440373319509,1,1,1,"4","PIK3CD"
"KCTD18",0.00683186882616871,0.648400634357914,1,1,1,"4","KCTD18"
"SLC22A151",0.00683510600036961,0.306439834800832,1,1,1,"4","SLC22A15"
"HCN3",0.00683728813852733,0.557208398562871,1,1,1,"4","HCN3"
"TLDC21",0.0068408698801465,0.52792367342113,1,1,1,"4","TLDC2"
"NMNAT3",0.00685892210936132,0.552672192861742,1,1,1,"4","NMNAT3"
"CCDC171",0.00686816158055509,0.81261680173791,1,1,1,"4","CCDC171"
"ZBTB24",0.00688895882859517,0.467957197626703,1,1,1,"4","ZBTB24"
"NKAIN4",0.00692325986377654,0.771401454346089,1,1,1,"4","NKAIN4"
"CCL28",0.0069380934746958,0.159878761596202,1,1,1,"4","CCL28"
"RAD51AP2",0.00694105439406595,0.414724444031933,1,1,1,"4","RAD51AP2"
"GPR108",0.00696165079740445,0.420474643511314,1,1,1,"4","GPR108"
"ZCWPW11",0.00696917989985699,0.496723269571586,1,1,1,"4","ZCWPW1"
"IRX1",0.00698018241684259,0.132508672266667,1,1,1,"4","IRX1"
"PDPN",0.00699635208730328,0.725445184959582,1,1,1,"4","PDPN"
"PQLC1",0.00701101217798569,1.09526568322736,1,1,1,"4","PQLC1"
"ARC1",0.00701604698148346,0.860777557616281,1,1,1,"4","ARC"
"DEPDC7",0.00702482873226364,0.107796260041981,1,1,1,"4","DEPDC7"
"LMBRD11",0.00704001883561304,0.430213806235045,1,1,1,"4","LMBRD1"
"CD961",0.00705671988349454,0.51676881182828,1,1,1,"4","CD96"
"ATP6V0D1",0.00705941642501081,0.433221498035671,1,1,1,"4","ATP6V0D1"
"C11orf35",0.00708398921323614,0.137362161718015,1,1,1,"4","C11orf35"
"CALB1",0.00710955196027198,4.95656070252775,1,1,1,"4","CALB1"
"EIF3EP1",0.00711691992647847,0.816326757370827,1,1,1,"4","EIF3EP1"
"IDH2",0.00712199429125602,0.60232181917458,1,1,1,"4","IDH2"
"LNX2",0.00712780636599757,0.455515093359303,1,1,1,"4","LNX2"
"FBXO44",0.00713227748411507,0.364295951246556,1,1,1,"4","FBXO44"
"ORAI1",0.00717110909312188,0.696811558011609,1,1,1,"4","ORAI1"
"AOX1",0.00720457636766304,0.18113295276742,1,1,1,"4","AOX1"
"SMEK1",0.00721145317804025,0.298512147969607,1,1,1,"4","SMEK1"
"IFNGR11",0.00721553797653565,0.351869229873515,1,1,1,"4","IFNGR1"
"LY6E",0.00724184263106466,0.738643773438252,1,1,1,"4","LY6E"
"FZD11",0.00724933914661709,0.419328075357685,1,1,1,"4","FZD1"
"TRAF3IP2",0.00725976725778721,0.590738429784519,1,1,1,"4","TRAF3IP2"
"IL13RA2",0.00726509459370477,2.06600579711702,1,1,1,"4","IL13RA2"
"LMF1",0.0072748480672396,0.365901648400257,1,1,1,"4","LMF1"
"ARNTL",0.0073005110022709,0.563325627638388,1,1,1,"4","ARNTL"
"TRAV6",0.00730840939507745,0.404002126018217,1,1,1,"4","TRAV6"
"ARRDC31",0.00731298531493742,0.43948219767093,1,1,1,"4","ARRDC3"
"COL26A1",0.00732486520278245,0.709364369628176,1,1,1,"4","COL26A1"
"ARIH1",0.00733070064844515,0.373777230966244,1,1,1,"4","ARIH1"
"HRAS",0.00733746412819841,0.203787268237447,1,1,1,"4","HRAS"
"CYP2D7P1",0.00734151811267593,0.642207541186393,1,1,1,"4","CYP2D7P1"
"RBX1",0.00734991050980189,0.330495112849071,1,1,1,"4","RBX1"
"BHLHE22",0.00735470712157952,0.6115359733255,1,1,1,"4","BHLHE22"
"PPP2R4",0.00735989182833727,0.499791555731575,1,1,1,"4","PPP2R4"
"PSMB9",0.00738376069522829,0.853815582532555,1,1,1,"4","PSMB9"
"DACT2",0.00739768969219807,1.03074511500798,1,1,1,"4","DACT2"
"BRSK21",0.00739851109896416,0.85863764565287,1,1,1,"4","BRSK2"
"AS3MT",0.00740433470260269,0.463635386056172,1,1,1,"4","AS3MT"
"CST1",0.00743387323324976,0.475553400289966,1,1,1,"4","CST1"
"RNPC3",0.00743391935583542,0.503997372536237,1,1,1,"4","RNPC3"
"XXyac-YRM2039.2",0.00745789178912579,0.692378781658078,1,1,1,"4","XXyac-YRM2039.2"
"ACER2",0.00750591796726876,0.343867111943725,1,1,1,"4","ACER2"
"SLAMF1",0.00751074508161868,0.540383601130626,1,1,1,"4","SLAMF1"
"SPG11",0.00752237513196571,0.355366840252472,1,1,1,"4","SPG11"
"NDRG21",0.00752258766676372,0.419838423994829,1,1,1,"4","NDRG2"
"NRG2",0.00752274621598355,0.324487413605148,1,1,1,"4","NRG2"
"ENSA",0.00754078334477446,0.272540163648241,1,1,1,"4","ENSA"
"AC011330.5",0.00754613255604219,1.27435033518955,1,1,1,"4","AC011330.5"
"MAP3K2",0.00755491967809831,0.350380458280096,1,1,1,"4","MAP3K2"
"IGHG41",0.00757240658438688,0.664562370162745,1,1,1,"4","IGHG4"
"GLYATL2",0.00757769912427022,0.628518416543574,1,1,1,"4","GLYATL2"
"NRG4",0.00758455558356501,0.499135072462193,1,1,1,"4","NRG4"
"SLC25A1",0.00759198461624949,0.463535315179744,1,1,1,"4","SLC25A1"
"ORC4",0.00762541455835843,0.388686732718552,1,1,1,"4","ORC4"
"HEATR5B",0.00765955711239075,0.339432581111428,1,1,1,"4","HEATR5B"
"POP7",0.00766023305350522,0.300486752449729,1,1,1,"4","POP7"
"EN1",0.00768945442304084,0.821334416875983,1,1,1,"4","EN1"
"IL13RA11",0.00769504614080473,0.421484075869053,1,1,1,"4","IL13RA1"
"TNNC1",0.00772197926578704,2.51135610444381,1,1,1,"4","TNNC1"
"ACBD5",0.00775520719360962,0.36548021174546,1,1,1,"4","ACBD5"
"CHRM1",0.0077553851989791,0.490268185304281,1,1,1,"4","CHRM1"
"PARP151",0.00776306630634843,1.3187334161104,1,1,1,"4","PARP15"
"OSTF1",0.00776805074534648,0.34627839634588,1,1,1,"4","OSTF1"
"CDK5R1",0.00777922222068285,0.636736020824628,1,1,1,"4","CDK5R1"
"PEPD",0.00782112530510695,0.394070396239483,1,1,1,"4","PEPD"
"CDK15",0.00782464415245072,0.683624421764613,1,1,1,"4","CDK15"
"CYP3A5",0.00783939321947511,0.660500401486235,1,1,1,"4","CYP3A5"
"TMBIM6",0.00783990041967137,0.439778499403683,1,1,1,"4","TMBIM6"
"HEATR4",0.00784961765580251,0.45211345070053,1,1,1,"4","HEATR4"
"TMEM143",0.00788321814733404,0.323638684916693,1,1,1,"4","TMEM143"
"ZNF658",0.00791702983451229,0.457919804205131,1,1,1,"4","ZNF658"
"TLE4",0.00792185226373985,0.273385020979063,1,1,1,"4","TLE4"
"RABGGTA",0.00792693986192932,0.420312617029971,1,1,1,"4","RABGGTA"
"TSG101",0.00793288720059112,0.37805409340792,1,1,1,"4","TSG101"
"PHGDH1",0.00794055291386589,0.130101935736679,1,1,1,"4","PHGDH"
"GLTPD1",0.00794341012414872,0.265022308622715,1,1,1,"4","GLTPD1"
"TYMP",0.00796009842265305,0.132759296259078,1,1,1,"4","TYMP"
"KLRK1",0.00796575182110229,0.600089258440104,1,1,1,"4","KLRK1"
"ATP6AP1L",0.00797625403885578,0.657690001469909,1,1,1,"4","ATP6AP1L"
"LANCL2",0.00798318908029667,0.396653020855954,1,1,1,"4","LANCL2"
"PLD4",0.00799624596037975,0.684805524477234,1,1,1,"4","PLD4"
"ATP9B",0.00801984053804227,1.17359832731171,1,1,1,"4","ATP9B"
"PYHIN1",0.00801995735051841,0.762944433349912,1,1,1,"4","PYHIN1"
"OXNAD1",0.0080233260451456,0.588192486306426,1,1,1,"4","OXNAD1"
"TTPAL",0.00803111510350522,0.364273119926828,1,1,1,"4","TTPAL"
"MIOS",0.0080359916673493,0.47521656428362,1,1,1,"4","MIOS"
"SLC18B1",0.00804725475487832,0.401854246205163,1,1,1,"4","SLC18B1"
"SAMD121",0.00805797669392218,0.49978186874765,1,1,1,"4","SAMD12"
"SELT1",0.00805970356112867,0.569432647227796,1,1,1,"4","SELT"
"FAM8A1",0.00806391520019744,0.404908480068229,1,1,1,"4","FAM8A1"
"PSMA5",0.00806574556748989,0.381027815177562,1,1,1,"4","PSMA5"
"PAGE2B",0.00806730197381378,0.508217041592099,1,1,1,"4","PAGE2B"
"THBD1",0.00807161898435731,0.889267247140419,1,1,1,"4","THBD"
"ROPN1",0.00811129338589831,0.462436723740243,1,1,1,"4","ROPN1"
"SBNO2",0.00811155173395011,0.265870668622547,1,1,1,"4","SBNO2"
"RP11-175P13.31",0.00811879886310022,0.340377874019282,1,1,1,"4","RP11-175P13.3"
"ATP6V0A1",0.00813691653889648,0.385977879996314,1,1,1,"4","ATP6V0A1"
"MTRF1",0.00815269637164647,0.625142567061108,1,1,1,"4","MTRF1"
"OPTN",0.00817757029703797,0.419289972793827,1,1,1,"4","OPTN"
"HLA-DPB1",0.00818029458180801,0.65261749640576,1,1,1,"4","HLA-DPB1"
"CKB1",0.00819010413317628,0.139035905484294,1,1,1,"4","CKB"
"DNAJC16",0.00819991496589055,0.311136278414402,1,1,1,"4","DNAJC16"
"ATP8A2",0.00822822840439558,1.2477172204646,1,1,1,"4","ATP8A2"
"GADD45G",0.00828348092549845,0.178784001051229,1,1,1,"4","GADD45G"
"PTPN14",0.00835786541094397,0.425408443914467,1,1,1,"4","PTPN14"
"STX7",0.00836294971016021,0.368370385771046,1,1,1,"4","STX7"
"DUS2",0.00836580501723635,0.529092300857997,1,1,1,"4","DUS2"
"TXK1",0.00837850678596076,0.448205992572431,1,1,1,"4","TXK"
"PHACTR4",0.00839930294135488,0.408453569891957,1,1,1,"4","PHACTR4"
"PCYOX1L",0.00840982956868145,0.45116396253546,1,1,1,"4","PCYOX1L"
"SCYL3",0.00841185438472643,0.283014631292644,1,1,1,"4","SCYL3"
"CKAP4",0.0084225798793265,0.485744733364138,1,1,1,"4","CKAP4"
"UNG",0.0084391462190062,0.617327064500918,1,1,1,"4","UNG"
"STAT31",0.00843949461054435,0.436802036479385,1,1,1,"4","STAT3"
"TRIM4",0.00844290036264109,0.311573321485564,1,1,1,"4","TRIM4"
"FMO4",0.00844557600497992,0.296120781675658,1,1,1,"4","FMO4"
"STK38",0.0084490003403483,0.379108857179563,1,1,1,"4","STK38"
"KCNS11",0.00850783748905546,0.529042410601637,1,1,1,"4","KCNS1"
"OXSM",0.00852373055945866,0.222941273893037,1,1,1,"4","OXSM"
"SRD5A3",0.00852828994169133,1.2348547935484,1,1,1,"4","SRD5A3"
"UGT8",0.00852886107044743,0.824492952517689,1,1,1,"4","UGT8"
"KAT7",0.0085336224877474,0.288195547695725,1,1,1,"4","KAT7"
"CDK7",0.00854148445474249,0.35000611906349,1,1,1,"4","CDK7"
"APPL1",0.00855105299937589,0.306743160322561,1,1,1,"4","APPL1"
"GRAP2",0.0085727256566056,0.462156475563539,1,1,1,"4","GRAP2"
"SLC25A12",0.00858037106542228,0.314477727824508,1,1,1,"4","SLC25A12"
"ATG2A",0.00859449791095082,0.34666533807702,1,1,1,"4","ATG2A"
"RBMY1A3P",0.00859941720791738,1.57469374310543,1,1,1,"4","RBMY1A3P"
"NDST2",0.008605879362287,0.353442308437037,1,1,1,"4","NDST2"
"SLC36A2",0.00861254576838036,0.208560480553299,1,1,1,"4","SLC36A2"
"SEC24A",0.00863899563059618,0.529861728837343,1,1,1,"4","SEC24A"
"SIK11",0.00864415289605119,1.08490931817478,1,1,1,"4","SIK1"
"VTA1",0.00864740795683048,0.35895129079247,1,1,1,"4","VTA1"
"SLAIN2",0.00868797389860436,0.49529326015023,1,1,1,"4","SLAIN2"
"TRIM66",0.00870064505786794,0.37124460843477,1,1,1,"4","TRIM66"
"TAPSAR1",0.00874320003506586,0.531119892829203,1,1,1,"4","TAPSAR1"
"NPC21",0.00874741991284234,0.337587093874145,1,1,1,"4","NPC2"
"SLC4A3",0.00876193057112866,0.748220861647198,1,1,1,"4","SLC4A3"
"DBP",0.00876329222367465,0.42291491581123,1,1,1,"4","DBP"
"EGFR-AS1",0.00876460853141957,0.334881977369511,1,1,1,"4","EGFR-AS1"
"ACOT2",0.00878443349061586,0.380212341469122,1,1,1,"4","ACOT2"
"SLC8A31",0.00884064880985352,0.211078205916856,1,1,1,"4","SLC8A3"
"ZNF138",0.00884110014176976,0.457022956683481,1,1,1,"4","ZNF138"
"PSMB8",0.00885069382622214,0.636175050667498,1,1,1,"4","PSMB8"
"GOLGA2",0.00886561989209637,0.421583469361973,1,1,1,"4","GOLGA2"
"TMEM80",0.00886627308125236,0.636264610533352,1,1,1,"4","TMEM80"
"VPRBP",0.00887732705337577,0.304722730892099,1,1,1,"4","VPRBP"
"LDB1",0.00888160957440984,0.481382228400026,1,1,1,"4","LDB1"
"EIF3K",0.00888595897876568,0.419563871839671,1,1,1,"4","EIF3K"
"GOLGA8B",0.00890450825001183,1.76920786837452,1,1,1,"4","GOLGA8B"
"LRP10",0.00890503563672921,0.396789912449925,1,1,1,"4","LRP10"
"GTF2H5",0.00890767214221058,0.681877768497753,1,1,1,"4","GTF2H5"
"IKZF31",0.00893872739115355,1.4080879932171,1,1,1,"4","IKZF3"
"C1orf21",0.00894104772207236,0.332267827644785,1,1,1,"4","C1orf21"
"FABP3",0.00894216737596869,1.47824500208448,1,1,1,"4","FABP3"
"NTN1",0.00895053181962929,0.435274457169896,1,1,1,"4","NTN1"
"ZBTB8OS",0.00897295949973192,0.616458228437043,1,1,1,"4","ZBTB8OS"
"ZBTB7A",0.0089846747848132,0.278801889502793,1,1,1,"4","ZBTB7A"
"MYLPF",0.00899044605941018,1.61562408956829,1,1,1,"4","MYLPF"
"RPS6KA5",0.0089996849125227,0.639239190185201,1,1,1,"4","RPS6KA5"
"AR",0.0089999145444331,0.630024724288292,1,1,1,"4","AR"
"ERMN1",0.00900931414224633,0.718113964979652,1,1,1,"4","ERMN"
"CRTAC11",0.0090448517422475,1.33428168815366,1,1,1,"4","CRTAC1"
"TSPAN5",0.00905983468164895,0.478849602130525,1,1,1,"4","TSPAN5"
"BLK",0.00906073526052064,1.51734565163046,1,1,1,"4","BLK"
"FITM2",0.00906816068088341,0.662657190763822,1,1,1,"4","FITM2"
"COL20A1",0.00907647326729874,0.747807816888349,1,1,1,"4","COL20A1"
"TM9SF4",0.00907960151033121,0.353111626783615,1,1,1,"4","TM9SF4"
"NOTCH2NL",0.00908179773557989,0.377046936179234,1,1,1,"4","NOTCH2NL"
"YIPF1",0.00909429890582611,0.426365157749627,1,1,1,"4","YIPF1"
"ZFAND6",0.0090964798788641,0.399607253178715,1,1,1,"4","ZFAND6"
"XKR61",0.00910247797560424,0.18931452848596,1,1,1,"4","XKR6"
"TIMM23B",0.0091249371191917,0.719188840866199,1,1,1,"4","TIMM23B"
"CD591",0.00913857077815244,0.392513431780198,1,1,1,"4","CD59"
"IDUA1",0.00913857762324622,0.595967779398457,1,1,1,"4","IDUA"
"COX6A2",0.00914836216976146,1.37185055249921,1,1,1,"4","COX6A2"
"CTC-321K16.4",0.00920263231528809,0.213772808323581,1,1,1,"4","CTC-321K16.4"
"LEMD3",0.00920274763484398,0.432610314944636,1,1,1,"4","LEMD3"
"ACOT11",0.00920557013341452,0.748726750608219,1,1,1,"4","ACOT11"
"AC005884.1",0.00924254780443631,0.443908960855961,1,1,1,"4","AC005884.1"
"FLAD1",0.00924330708638441,0.381358767095612,1,1,1,"4","FLAD1"
"GRIA2",0.00924881907424274,1.32291242870854,1,1,1,"4","GRIA2"
"PLD2",0.00926055690973299,0.434205755243841,1,1,1,"4","PLD2"
"LOX",0.00928687078887071,0.611395575216809,1,1,1,"4","LOX"
"CYB5R41",0.00929732842503115,0.331350989192378,1,1,1,"4","CYB5R4"
"POLR3B",0.00930546369343841,0.495124295383405,1,1,1,"4","POLR3B"
"CASP4",0.00931288723630917,0.411074118742896,1,1,1,"4","CASP4"
"SNX12",0.00931443226249024,0.308301416911377,1,1,1,"4","SNX12"
"PITX2",0.00931716663802469,0.430423616333995,1,1,1,"4","PITX2"
"POLR2J",0.00931769322187608,0.460643833536697,1,1,1,"4","POLR2J"
"PPP1R3C1",0.00933968364422913,0.557679858897584,1,1,1,"4","PPP1R3C"
"C2orf76",0.00936716081435291,0.36978162058627,1,1,1,"4","C2orf76"
"PTPN6",0.00936887146268117,0.726535411988223,1,1,1,"4","PTPN6"
"FAM111B",0.00938300608384079,0.650976921244165,1,1,1,"4","FAM111B"
"AP1B1",0.00940292265650266,0.45418070923045,1,1,1,"4","AP1B1"
"PRKG2",0.00941396954941795,0.166289963308468,1,1,1,"4","PRKG2"
"MSI21",0.00941755476008457,0.333374917949264,1,1,1,"4","MSI2"
"HPS5",0.00945861580089471,0.386005648416685,1,1,1,"4","HPS5"
"INTS10",0.00946647628681111,0.362618867204457,1,1,1,"4","INTS10"
"PLCXD1",0.00950139779707177,0.809991971046129,1,1,1,"4","PLCXD1"
"RAB11FIP5",0.00951797094091519,0.982350520661351,1,1,1,"4","RAB11FIP5"
"EGF",0.00952357227188606,0.396157759689967,1,1,1,"4","EGF"
"TPRA1",0.00954612240892791,0.248880732793051,1,1,1,"4","TPRA1"
"IGSF5",0.00963836057789205,0.416612157346261,1,1,1,"4","IGSF5"
"SBSPON1",0.00964593485221693,0.892884885421905,1,1,1,"4","SBSPON"
"TWIST1",0.00966596986664239,0.383293245667751,1,1,1,"4","TWIST1"
"HIST1H3E",0.00967780527525825,0.374224781428952,1,1,1,"4","HIST1H3E"
"KRTAP10-1",0.00969081794385315,0.107851417091974,1,1,1,"4","KRTAP10-1"
"EMC3",0.00970136828945323,0.405862607079152,1,1,1,"4","EMC3"
"MAS1L",0.00973751918444323,0.643666678264418,1,1,1,"4","MAS1L"
"PASK",0.00973826324597867,0.508774461797058,1,1,1,"4","PASK"
"TRAV8-6",0.0097392803732516,0.466538034693038,1,1,1,"4","TRAV8-6"
"TMBIM4",0.00976633730442945,0.175948845532213,1,1,1,"4","TMBIM4"
"RAB41",0.00977818876865061,0.39638696866656,1,1,1,"4","RAB41"
"RP11-407N17.31",0.00980814179185194,0.425162391258853,1,1,1,"4","RP11-407N17.3"
"SLC35F3",0.00981480974468259,0.469755148886986,1,1,1,"4","SLC35F3"
"ALG6",0.0098344812458426,0.301446993868646,1,1,1,"4","ALG6"
"RBFOX1",0.00991405573327666,0.238258365695026,1,1,1,"4","RBFOX1"
"SOD21",0.00993636829575451,0.824510060762645,1,1,1,"4","SOD2"
"TF",0.00995744149705659,0.525220467945642,1,1,1,"4","TF"
"LAYN",3.40884317658993e-17,2.74907754798669,1,1,7.23492875799447e-13,"2","LAYN"
"NRP2",3.35345902156037e-16,2.61527960069093,1,1,7.11738142735973e-12,"2","NRP2"
"MAP4K2",4.58762602077029e-16,2.55166280071583,1,1,9.73677746648287e-12,"2","MAP4K2"
"CCT3",2.11050711320885e-15,1.69584434726211,1,1,4.47934029707447e-11,"2","CCT3"
"CACYBP",3.47428648227969e-15,2.25230324762806,1,1,7.37382562999041e-11,"2","CACYBP"
"PARP1",2.80439332873115e-14,1.67260017357665,1,1,5.95204440089899e-10,"2","PARP1"
"BZW2",3.57249631696108e-14,1.72392531692139,1,1,7.5822661831182e-10,"2","BZW2"
"SHC1",4.95900543964869e-14,1.6793089770374,1,1,1.05249931451104e-09,"2","SHC1"
"RPS6KA2",5.88705321593775e-14,2.04865984440761,1,1,1.24946817455063e-09,"2","RPS6KA2"
"SGSM1",6.49778435579864e-14,2.70807381320423,1,1,1.3790897516747e-09,"2","SGSM1"
"KRTAP10-13P",1.31220687973595e-13,3.06897825322087,1,1,2.78502788155159e-09,"2","KRTAP10-13P"
"TBX1",2.053645390148e-13,2.52391874260178,1,1,4.35865697605011e-09,"2","TBX1"
"TARS",2.31923843067758e-13,1.3378343398304,1,1,4.92235164527009e-09,"2","TARS"
"CENPF",2.69972188404713e-13,2.06146181412011,1,1,5.72988972670163e-09,"2","CENPF"
"SNRPA1",2.72214497002392e-13,1.47014963341625,1,1,5.77748048437877e-09,"2","SNRPA1"
"PPFIBP1",3.01676746419326e-13,1.84008312443191,1,1,6.40278726600377e-09,"2","PPFIBP1"
"GTPBP4",5.57462068996116e-13,2.04200176048389,1,1,1.18315749523736e-08,"2","GTPBP4"
"PGM2L1",7.12672176341896e-13,2.321176678568,1,1,1.51257542706804e-08,"2","PGM2L1"
"TRIB3",9.49645360680521e-13,2.31925315309244,1,1,2.01552731350834e-08,"2","TRIB3"
"TGFBRAP1",1.10391599722141e-12,1.53870186692367,1,1,2.34295131250271e-08,"2","TGFBRAP1"
"TSPEAR",1.15751213521164e-12,3.70066287214158,1,1,2.45670375577318e-08,"2","TSPEAR"
"KIF3C",2.93596448320302e-12,2.22812738384552,1,1,6.23129101915008e-08,"2","KIF3C"
"POLR3G",4.44757604326256e-12,2.60051463504318,1,1,9.43953539422046e-08,"2","POLR3G"
"AGPAT5",5.05923512014336e-12,1.42418261032845,1,1,1.07377206189923e-07,"2","AGPAT5"
"SLC7A1",5.987131002456e-12,1.73716033147385,1,1,1.27070868396126e-07,"2","SLC7A1"
"GPR1",6.071006592137e-12,4.09985645060041,1,1,1.28851043911516e-07,"2","GPR1"
"PROX1",6.23276772445541e-12,2.56830470522646,1,1,1.32284262183842e-07,"2","PROX1"
"TIE1",7.23374516398216e-12,1.51893947511081,1,1,1.53529007360357e-07,"2","TIE1"
"RELN",7.66806835448088e-12,3.62554779988319,1,1,1.62747082755502e-07,"2","RELN"
"SERBP1",8.13844475903177e-12,1.60587946341203,1,1,1.7273035156569e-07,"2","SERBP1"
"MCM3",1.0028567809555e-11,1.72235717533574,1,1,2.12846323189995e-07,"2","MCM3"
"ASGR1",1.14800773796384e-11,2.62833309716895,1,1,2.43653162305446e-07,"2","ASGR1"
"LYN",1.19509914709182e-11,1.50774793557301,1,1,2.53647842978768e-07,"2","LYN"
"FAM171A1",1.31205865007122e-11,1.6143262381864,1,1,2.78471327891116e-07,"2","FAM171A1"
"TYMS",1.48631349400224e-11,2.00666410628875,1,1,3.15455175967035e-07,"2","TYMS"
"KCTD17",1.53036988028721e-11,2.10211077454869,1,1,3.24805703392158e-07,"2","KCTD17"
"FSD1",1.71689087944363e-11,2.85023805017053,1,1,3.64392920253115e-07,"2","FSD1"
"RAN",1.74522326566736e-11,1.30439060159772,1,1,3.70406185905241e-07,"2","RAN"
"SMS",1.83423070694636e-11,1.47035009604836,1,1,3.89297125242296e-07,"2","SMS"
"UBAP2",1.87071936045138e-11,0.950140337636338,1,1,3.97041477062201e-07,"2","UBAP2"
"TMEM235",2.02373879275818e-11,3.30198943768622,1,1,4.29518321374996e-07,"2","TMEM235"
"DUSP5",2.21272945947124e-11,2.06092959083709,1,1,4.69629700478177e-07,"2","DUSP5"
"MFNG",2.27979242269341e-11,2.62678888016133,1,1,4.83863143792449e-07,"2","MFNG"
"NOP56",2.43264966742067e-11,1.61711128651016,1,1,5.16305565413362e-07,"2","NOP56"
"SMYD2",2.73972393282682e-11,2.85021000411846,1,1,5.81479007503164e-07,"2","SMYD2"
"EIF3B",2.86023474612667e-11,1.49991996694682,1,1,6.07056222517925e-07,"2","EIF3B"
"CBX3",2.90948160657698e-11,1.40687122018156,1,1,6.17508376179898e-07,"2","CBX3"
"NLN",3.05910992353519e-11,1.59703492840018,1,1,6.49265490171109e-07,"2","NLN"
"AFMID",3.16619017819093e-11,1.71607579710965,1,1,6.71992203419242e-07,"2","AFMID"
"CYCS",3.28835949618486e-11,1.34265380367692,1,1,6.97921419470275e-07,"2","CYCS"
"NOLC1",3.9168146489487e-11,1.79007848267051,1,1,8.31304741092872e-07,"2","NOLC1"
"CDC25B",4.50346455631131e-11,1.53382565172193,1,1,9.55815317431512e-07,"2","CDC25B"
"AP2A2",4.58714530573591e-11,1.51203053077841,1,1,9.7357571968939e-07,"2","AP2A2"
"FSCN1",6.1415482348834e-11,2.41116018849135,1,1,1.30348219737165e-06,"2","FSCN1"
"ST8SIA1",6.1611058584533e-11,1.91875388266198,1,1,1.30763310739813e-06,"2","ST8SIA1"
"SCN3A",6.39887411871104e-11,3.16194234850528,1,1,1.35809704295523e-06,"2","SCN3A"
"RALA",7.24761735710984e-11,1.61792879239018,1,1,1.53823430787299e-06,"2","RALA"
"PDIA5",8.07933889341647e-11,1.76270076673913,1,1,1.71475888673871e-06,"2","PDIA5"
"MYO7A",8.26256566932631e-11,2.75398384911432,1,1,1.75364693765782e-06,"2","MYO7A"
"ILF2",8.5294362801814e-11,1.33600812968746,1,1,1.8102875561057e-06,"2","ILF2"
"PTX3",8.61014800261372e-11,2.93873029591244,1,1,1.82741781207474e-06,"2","PTX3"
"YBX1",9.148029650907e-11,1.34355109642322,1,1,1.9415778131085e-06,"2","YBX1"
"SMARCB1",1.00175543677893e-10,1.14940702471709,1,1,2.1261257390196e-06,"2","SMARCB1"
"TCFL5",1.00791116329674e-10,2.71330117525231,1,1,2.13919065298101e-06,"2","TCFL5"
"NARF",1.03432410847053e-10,1.54990812179054,1,1,2.19524948781785e-06,"2","NARF"
"CCT6A",1.112177185378e-10,1.15233206947072,1,1,2.36048485824627e-06,"2","CCT6A"
"ADSL",1.28025685333785e-10,1.30864701241715,1,1,2.71721714552426e-06,"2","ADSL"
"NIP7",1.43826211526045e-10,1.60339001547584,1,1,3.05256751342878e-06,"2","NIP7"
"PTDSS1",1.60752282142454e-10,1.90077850273016,1,1,3.41180643619145e-06,"2","PTDSS1"
"SNRPD1",1.63513146574637e-10,1.76729155449564,1,1,3.4704030229001e-06,"2","SNRPD1"
"POLR1B",1.75315201920418e-10,1.61767878142648,1,1,3.72088984555896e-06,"2","POLR1B"
"UNC5A",1.77643985312953e-10,3.65479592751307,1,1,3.77031594428212e-06,"2","UNC5A"
"STON21",1.79804943372031e-10,1.31024886052021,1,1,3.81618011812798e-06,"2","STON2"
"PCSK6",1.96667580822442e-10,2.47694388376128,1,1,4.17407273537552e-06,"2","PCSK6"
"NR1H3",2.15858212596261e-10,2.4345557382708,1,1,4.58137470414304e-06,"2","NR1H3"
"TPD52L2",2.27072095854909e-10,2.10469360655957,1,1,4.81937816242459e-06,"2","TPD52L2"
"SVIP",2.7243544607222e-10,1.66588313375617,1,1,5.78216990743681e-06,"2","SVIP"
"LMO2",2.92877797067306e-10,2.15061545424041,1,1,6.2160383649565e-06,"2","LMO2"
"RPP25",2.98577704830769e-10,2.22681288129711,1,1,6.33701320732824e-06,"2","RPP25"
"ARG2",3.18024727888347e-10,2.79648381595619,1,1,6.74975682470227e-06,"2","ARG2"
"GYPC",3.29677393322487e-10,1.84001117018562,1,1,6.99707299587646e-06,"2","GYPC"
"N4BP3",3.60181863237197e-10,2.69909923557958,1,1,7.64449986534626e-06,"2","N4BP3"
"ATP5E",3.61334876104635e-10,1.74090468176746,1,1,7.66897141044477e-06,"2","ATP5E"
"LYAR",3.61599592539307e-10,1.98066457104642,1,1,7.67458975205425e-06,"2","LYAR"
"NXN",3.65519296820373e-10,2.56403691636709,1,1,7.75778155571561e-06,"2","NXN"
"HNRNPAB",4.80135373880423e-10,1.56151426305144,1,1,1.01903931752381e-05,"2","HNRNPAB"
"ATAD3A",4.83133311780817e-10,2.29673394777002,1,1,1.02540214092361e-05,"2","ATAD3A"
"MGAT5",4.98454166661283e-10,0.924672266401412,1,1,1.05791912332191e-05,"2","MGAT5"
"CASP12",5.47201021065811e-10,2.80966383741246,1,1,1.16137944711008e-05,"2","CASP12"
"FLT41",5.66993847683927e-10,3.06199787370994,1,1,1.20338774232437e-05,"2","FLT4"
"KBTBD11",5.94181095767817e-10,4.36301305451084,1,1,1.26108995765761e-05,"2","KBTBD11"
"RBM17",6.45772959481694e-10,1.23158912450837,1,1,1.37058852920395e-05,"2","RBM17"
"KIF17",6.7821240043801e-10,1.87636608053763,1,1,1.43943799868963e-05,"2","KIF17"
"TSPAN11",7.40954595640781e-10,2.1810098581868,1,1,1.57260203378799e-05,"2","TSPAN11"
"RANBP1",8.58798016411314e-10,1.71568412112252,1,1,1.82271291003137e-05,"2","RANBP1"
"RP11-451M19.3",8.7045381711813e-10,2.49757632956103,1,1,1.84745118145152e-05,"2","RP11-451M19.3"
"CCT5",9.54032355993784e-10,1.53339732030773,1,1,2.02483827236121e-05,"2","CCT5"
"IMMTP1",9.57894378547713e-10,4.03064724571635,1,1,2.03303502902967e-05,"2","IMMTP1"
"ODC1",9.69241681853387e-10,2.04370924763825,1,1,2.05711854556563e-05,"2","ODC1"
"GSTO1",9.81659482406628e-10,1.67757633109182,1,1,2.08347408545983e-05,"2","GSTO1"
"ENO1",9.83802672132101e-10,2.09283913813726,1,1,2.08802279133317e-05,"2","ENO1"
"C6orf141",9.93043697965036e-10,3.5687196613895,1,1,2.10763594456099e-05,"2","C6orf141"
"CTLA4",1.03581919730577e-09,2.98886115297222,1,1,2.19842266436176e-05,"2","CTLA4"
"KARS",1.05394328699785e-09,1.10819540846889,1,1,2.23688923232424e-05,"2","KARS"
"PDPN1",1.11106908823224e-09,2.48224617705491,1,1,2.35813303286412e-05,"2","PDPN"
"C10orf1121",1.16012238924718e-09,1.22909762394052,1,1,2.4622437589382e-05,"2","C10orf112"
"TOP1MT",1.1780628795676e-09,2.0062400666792,1,1,2.50032065559428e-05,"2","TOP1MT"
"GIMAP5",1.27578603826169e-09,1.38771504283114,1,1,2.70772828760661e-05,"2","GIMAP5"
"IQCA1",1.36451301995558e-09,3.50722773083786,1,1,2.89604243355372e-05,"2","IQCA1"
"STARD7",1.57112385808189e-09,1.08964915372462,1,1,3.334553276393e-05,"2","STARD7"
"FAM107B",1.81720456253351e-09,2.21032817973784,1,1,3.85683496352113e-05,"2","FAM107B"
"SLC26A4",2.12015180256461e-09,2.55891283455898,1,1,4.49981018576312e-05,"2","SLC26A4"
"PIEZO2",2.14925393478478e-09,2.33003902124445,1,1,4.56157655118721e-05,"2","PIEZO2"
"APEX1",2.22574852964303e-09,1.03885725843644,1,1,4.72392867931437e-05,"2","APEX1"
"CLTA",2.27252709443528e-09,1.69415569604451,1,1,4.82321150522944e-05,"2","CLTA"
"LIMS1",2.39774517848682e-09,1.56001237423105,1,1,5.08897436682043e-05,"2","LIMS1"
"EBNA1BP2",2.4309433487197e-09,1.27200061396038,1,1,5.15943416332269e-05,"2","EBNA1BP2"
"CCNB1",2.46153142921398e-09,2.08080547472156,1,1,5.22435430536376e-05,"2","CCNB1"
"KIF4A",2.50582042775721e-09,1.58900377964357,1,1,5.3183532758719e-05,"2","KIF4A"
"PES1",2.56922392292074e-09,1.92146915152794,1,1,5.45292085400699e-05,"2","PES1"
"CLDN5",2.57096134954277e-09,3.04486001337283,1,1,5.45660836826958e-05,"2","CLDN5"
"NSMF",2.57861433105374e-09,1.54337701757131,1,1,5.47285105622846e-05,"2","NSMF"
"CD320",2.62621664817879e-09,2.46786794333112,1,1,5.57388221409467e-05,"2","CD320"
"MRPL37",2.63162931143163e-09,1.27666721296694,1,1,5.5853700505825e-05,"2","MRPL37"
"KRTAP10-9",2.67243493849543e-09,2.17646634034588,1,1,5.6719759134627e-05,"2","KRTAP10-9"
"SHMT2",2.77606096521643e-09,1.51236977946028,1,1,5.89191179257535e-05,"2","SHMT2"
"MCM10",2.83309003793785e-09,2.11921873702679,1,1,6.01295029651929e-05,"2","MCM10"
"MAGI1",2.84394499193714e-09,2.33246763149464,1,1,6.03598885088738e-05,"2","MAGI1"
"ANKRD36BP2",2.84552605037701e-09,2.35814915165655,1,1,6.03934448932016e-05,"2","ANKRD36BP2"
"GPR97",2.98206545265402e-09,2.86662812827183,1,1,6.3291357167129e-05,"2","GPR97"
"ST3GAL6",3.16170544320736e-09,2.06375295854384,1,1,6.71040363266331e-05,"2","ST3GAL6"
"CAMKK2",3.28753409091427e-09,1.26199081445502,1,1,6.97746235455645e-05,"2","CAMKK2"
"PLEKHO2",3.30564039676524e-09,1.24694866025021,1,1,7.01589117809455e-05,"2","PLEKHO2"
"SRM",3.40471753266482e-09,1.85676822328701,1,1,7.22617249132781e-05,"2","SRM"
"CDC123",3.45006086295381e-09,2.16438739199258,1,1,7.32240917553318e-05,"2","CDC123"
"PRDX4",3.53962413077758e-09,1.66485292324851,1,1,7.51249825516233e-05,"2","PRDX4"
"TPX2",3.88232882690396e-09,1.52686654659416,1,1,8.23985470222097e-05,"2","TPX2"
"KPNA2",4.12893898113693e-09,1.19608035886641,1,1,8.76326009356501e-05,"2","KPNA2"
"VAV3",4.15108089001932e-09,2.0190876441328,1,1,8.810254080977e-05,"2","VAV3"
"AC073621.2",4.60044849832845e-09,3.62777130465295,1,1,9.7639918928523e-05,"2","AC073621.2"
"TRIP13",4.6249502522801e-09,1.88582023912498,1,1,9.81599441543929e-05,"2","TRIP13"
"SEMA6A",4.71838974110632e-09,1.43578089565396,1,1,0.000100143103865241,"2","SEMA6A"
"DAND5",5.06144338407738e-09,3.46965189929257,1,1,0.000107424074383658,"2","DAND5"
"UTP11L",5.24834691026531e-09,1.35982130559657,1,1,0.000111390914823471,"2","UTP11L"
"ISL2",5.33028018281009e-09,1.97168526692332,1,1,0.000113129866599961,"2","ISL2"
"CTPS1",5.42520159985026e-09,1.15124421106357,1,1,0.000115144478755222,"2","CTPS1"
"TOP2A",5.54943597098345e-09,1.41271235837657,1,1,0.000117781229048153,"2","TOP2A"
"PRSS21",5.71534134083599e-09,3.21055560619651,1,1,0.000121302404617903,"2","PRSS21"
"HN1",6.07897723000664e-09,1.48510257539252,1,1,0.000129020212729661,"2","HN1"
"SNRPB",6.51012498998349e-09,1.33880289923565,1,1,0.00013817089278741,"2","SNRPB"
"STIP1",6.5754986362217e-09,1.44481983374914,1,1,0.000139558383055169,"2","STIP1"
"POLR1A",6.70261546905299e-09,1.00147707136842,1,1,0.000142256310715181,"2","POLR1A"
"CLSPN",7.21641262036919e-09,1.67166362740502,1,1,0.000153161141454716,"2","CLSPN"
"HSP90AB1",7.56737209436758e-09,1.23251599607145,1,1,0.000160609905330857,"2","HSP90AB1"
"PSMG1",7.62908835734093e-09,1.92948597701005,1,1,0.000161919771296204,"2","PSMG1"
"XPO5",7.82756224243163e-09,0.933290905362938,1,1,0.000166132181033369,"2","XPO5"
"LAMA5",7.93490805477227e-09,0.245456314859755,1,1,0.000168410488554487,"2","LAMA5"
"YBX1P10",8.01232685978477e-09,1.67105997922793,1,1,0.000170053625272072,"2","YBX1P10"
"TSTA3",8.48159741768445e-09,1.64589223226198,1,1,0.000180013423592935,"2","TSTA3"
"RP11-169K16.7",8.5942001283274e-09,2.08949732297237,1,1,0.000182403303523621,"2","RP11-169K16.7"
"RRP1B",9.54120213144537e-09,1.49190808928516,1,1,0.000202502474037797,"2","RRP1B"
"KRTAP10-8",1.01828054728924e-08,1.76382699092505,1,1,0.000216119863356667,"2","KRTAP10-8"
"DFFA",1.04119924027981e-08,1.26878572395425,1,1,0.000220984126756986,"2","DFFA"
"GPRC5B",1.05135932452318e-08,1.56772546188181,1,1,0.000223140503036799,"2","GPRC5B"
"TIMM50",1.07572637198128e-08,1.38447085245475,1,1,0.000228312165189306,"2","TIMM50"
"SEPT6",1.12321389198575e-08,1.45063283614301,1,1,0.000238390916435056,"2","SEPT6"
"SRSF1",1.15410476880838e-08,1.61846284849739,1,1,0.00024494719613189,"2","SRSF1"
"C1QBP",1.15661933867334e-08,1.67790352310808,1,1,0.000245480888440031,"2","C1QBP"
"MRPL52",1.16782149104907e-08,1.90262753863697,1,1,0.000247858433260254,"2","MRPL52"
"FGD5",1.1769656847307e-08,2.23026190897783,1,1,0.000249799196927244,"2","FGD5"
"SCRN1",1.24425016784622e-08,2.04715060372044,1,1,0.000264079655623682,"2","SCRN1"
"CAD",1.2478481948328e-08,1.39466505954813,1,1,0.000264843300871315,"2","CAD"
"DKC1",1.28528362641621e-08,1.68029519110675,1,1,0.000272788596870577,"2","DKC1"
"RCC1",1.29468179843133e-08,1.95957689905781,1,1,0.000274783264899065,"2","RCC1"
"MCM6",1.30854838472157e-08,1.20983154352634,1,1,0.000277726309173306,"2","MCM6"
"GTSE1",1.3323902642346e-08,1.71994264414643,1,1,0.000282786509681151,"2","GTSE1"
"HSPD1",1.52365163169481e-08,1.71379979572079,1,1,0.000323379822310906,"2","HSPD1"
"HHEX",1.59789990885411e-08,1.14012795225662,1,1,0.000339138276655196,"2","HHEX"
"MRPS2",1.61244602416651e-08,2.73559012663079,1,1,0.000342225544169101,"2","MRPS2"
"KRTAP12-2",1.75267223348491e-08,2.17533111978743,1,1,0.000371987154834838,"2","KRTAP12-2"
"PAICS",1.92149769205786e-08,0.98986636163594,1,1,0.000407818670162361,"2","PAICS"
"RAC3",1.93562185003174e-08,2.2060484623313,1,1,0.000410816381450737,"2","RAC3"
"GRAP",2.02379766053076e-08,2.57746073909572,1,1,0.000429530815471049,"2","GRAP"
"PCLO",2.03838501132878e-08,4.16767086502158,1,1,0.00043262683480442,"2","PCLO"
"DDX21",2.06239463171762e-08,1.53943768777416,1,1,0.000437722636635748,"2","DDX21"
"CDC20",2.09205119010315e-08,1.82729016889753,1,1,0.000444016944587493,"2","CDC20"
"RNF144B1",2.0922315194478e-08,0.208404220469587,1,1,0.000444055217687602,"2","RNF144B"
"BAALC",2.20882215384682e-08,2.28110056799668,1,1,0.000468800413932448,"2","BAALC"
"KRTAP10-12",2.21612161941033e-08,1.66782368410246,1,1,0.000470349652503649,"2","KRTAP10-12"
"SLC45A3",2.23504781109545e-08,1.52716318087874,1,1,0.000474366547426898,"2","SLC45A3"
"PPM1G",2.2382258862824e-08,1.61844076414382,1,1,0.000475041062104576,"2","PPM1G"
"RALB",2.25078799131266e-08,1.50984156128183,1,1,0.000477707243276199,"2","RALB"
"IPO7",2.35721153000476e-08,1.21690137357859,1,1,0.00050029457512821,"2","IPO7"
"PALD1",2.36081676211352e-08,2.54305224594941,1,1,0.000501059749590973,"2","PALD1"
"KIF14",2.36164810328384e-08,1.59738370775893,1,1,0.000501236193440961,"2","KIF14"
"PFDN6",2.44867585239185e-08,1.22760677421526,1,1,0.000519706962911646,"2","PFDN6"
"HMGB3",2.50109558326159e-08,1.67159525805894,1,1,0.00053083252659144,"2","HMGB3"
"CENPA",2.50155095347303e-08,2.31241310120897,1,1,0.000530929174365116,"2","CENPA"
"PARVB",2.56081803938417e-08,1.57789102881468,1,1,0.000543508020678897,"2","PARVB"
"MMP17",2.61673421606122e-08,3.01509227352004,1,1,0.000555375670016833,"2","MMP17"
"NF2",2.69212360454402e-08,1.07309623251134,1,1,0.000571376313828422,"2","NF2"
"ZNF74",2.75790299972202e-08,3.38365937490539,1,1,0.000585337332661001,"2","ZNF74"
"ADD3",2.76681240108659e-08,1.21126260388212,1,1,0.000587228264006619,"2","ADD3"
"LIMK2",2.77610296424348e-08,1.39802451040388,1,1,0.000589200093131037,"2","LIMK2"
"PLK1",2.78315334882355e-08,1.35398379810431,1,1,0.00059069646675431,"2","PLK1"
"EMID1",2.85467345676496e-08,2.70293725215842,1,1,0.000605875894463795,"2","EMID1"
"RP11-298C3.2",2.93832384227022e-08,1.93510223959179,1,1,0.000623629852283431,"2","RP11-298C3.2"
"RASGRP3",2.95415318174178e-08,1.59857949296964,1,1,0.000626989471292875,"2","RASGRP3"
"AXL",2.98892447724987e-08,0.925291956504704,1,1,0.000634369331051513,"2","AXL"
"SSRP1",3.09035084454802e-08,1.11634956705523,1,1,0.000655896063246871,"2","SSRP1"
"ABCF2",3.12587190561504e-08,1.21167080811041,1,1,0.000663435053247736,"2","ABCF2"
"SNORA71C",3.15959643239105e-08,2.0398196396425,1,1,0.000670592746810675,"2","SNORA71C"
"PPP1R16B",3.27022241629748e-08,1.75360413209597,1,1,0.000694072005634976,"2","PPP1R16B"
"MKI67",3.45491504230039e-08,1.69034704495825,1,1,0.000733271168577835,"2","MKI67"
"GJA11",3.45674283544125e-08,1.82217402431312,1,1,0.000733659099394052,"2","GJA1"
"AHCY",3.49977169968182e-08,1.64508751895823,1,1,0.000742791545540469,"2","AHCY"
"KRTAP10-11",3.5721781041289e-08,1.9002571006267,1,1,0.000758159080820317,"2","KRTAP10-11"
"EIF5B",3.60698066516534e-08,1.62851436553073,1,1,0.000765545576374691,"2","EIF5B"
"ELAC2",3.62074007503966e-08,0.817759679046382,1,1,0.000768465873526418,"2","ELAC2"
"TSN",3.62160878499172e-08,1.40457625182392,1,1,0.000768650248526644,"2","TSN"
"UCK2",3.69756320654561e-08,1.76806259753037,1,1,0.000784770814957241,"2","UCK2"
"UQCRH",3.73033670311481e-08,1.52215942530901,1,1,0.000791726661869088,"2","UQCRH"
"HYDIN1",3.84535949736872e-08,0.359512773425676,1,1,0.000816139099721538,"2","HYDIN"
"IL1RL11",3.85833662845243e-08,0.774291419051925,1,1,0.000818893366022743,"2","IL1RL1"
"PABPC41",3.97007530241935e-08,0.673180919270461,1,1,0.000842608782185483,"2","PABPC4"
"TIMELESS",4.00839008027719e-08,1.34852335211117,1,1,0.000850740710638031,"2","TIMELESS"
"PYCR1",4.01473940933678e-08,1.79740654144943,1,1,0.000852088292237639,"2","PYCR1"
"SLC38A1",4.05121904243559e-08,2.12958502919821,1,1,0.000859830729566531,"2","SLC38A1"
"FAM83D",4.06835572059314e-08,2.103632749928,1,1,0.000863467818138688,"2","FAM83D"
"CHRAC1",4.45147005106204e-08,1.04101483699257,1,1,0.000944780003637407,"2","CHRAC1"
"MYCT1",4.46532956860947e-08,2.04878026040231,1,1,0.000947721547641673,"2","MYCT1"
"MRPS21",4.7656553195846e-08,1.32914593876753,1,1,0.00101146268502864,"2","MRPS21"
"IPCEF1",4.8749976392237e-08,1.78174150825609,1,1,0.00103466949894884,"2","IPCEF1"
"TERC",5.09855288551004e-08,2.55521273005154,1,1,0.00108211686442065,"2","TERC"
"YWHAH",5.39080236392819e-08,1.26338477288287,1,1,0.00114414389372012,"2","YWHAH"
"EIF1AX",5.65513969675782e-08,1.2923711397639,1,1,0.00120024684923988,"2","EIF1AX"
"WDR43",5.70424847246672e-08,1.4631847050197,1,1,0.00121066969579634,"2","WDR43"
"LTB",5.87717452776595e-08,1.7988909954111,1,1,0.00124737152177305,"2","LTB"
"TBC1D1",5.92970850016801e-08,1.23543632166877,1,1,0.00125852133207566,"2","TBC1D1"
"CYP46A1",6.021159336172e-08,3.19810098548019,1,1,0.00127793085750914,"2","CYP46A1"
"FAM98A",6.13490055525238e-08,0.974441417148901,1,1,0.00130207129384677,"2","FAM98A"
"CDC45",6.45720687494242e-08,2.59216388788204,1,1,0.00137047758713778,"2","CDC45"
"MAP4K41",6.74221212573417e-08,1.49006067840625,1,1,0.00143096710156582,"2","MAP4K4"
"C12orf65",6.93414779226746e-08,1.77183965808319,1,1,0.00147170352743085,"2","C12orf65"
"CENPE",7.21601440480435e-08,1.30969023295822,1,1,0.00153152689727568,"2","CENPE"
"TAL1",7.40649590506865e-08,2.06320185072028,1,1,0.00157195469089177,"2","TAL1"
"MELK",7.70015007159167e-08,1.75536063425093,1,1,0.00163427985119462,"2","MELK"
"CCT2",7.77454280874988e-08,1.12074285609281,1,1,0.00165006896572907,"2","CCT2"
"ENOPH1",8.19358620819325e-08,1.29243380560053,1,1,0.00173900673682693,"2","ENOPH1"
"MAST1",8.46306897356682e-08,3.0151632626474,1,1,0.00179620175894982,"2","MAST1"
"SHE",8.48796839969092e-08,1.25007051153662,1,1,0.0018014864131504,"2","SHE"
"FAM213B",8.56242787451771e-08,3.21659768494902,1,1,0.00181728969208764,"2","FAM213B"
"DOCK5",8.56472211650924e-08,1.43149322705622,1,1,0.00181777662200792,"2","DOCK5"
"KRTAP10-31",8.8773476804881e-08,2.20583863642258,1,1,0.00188412827170679,"2","KRTAP10-3"
"CLEC4M",9.12664121007126e-08,4.58413167198575,1,1,0.00193703833042552,"2","CLEC4M"
"SNORA71A",9.2557728803032e-08,2.01231582317597,1,1,0.00196444523611555,"2","SNORA71A"
"CCDC58",9.57673758918212e-08,1.76729673889964,1,1,0.00203256678592801,"2","CCDC58"
"MYC",1.00597381461297e-07,2.94467732791392,1,1,0.00213507882413458,"2","MYC"
"CETP",1.01315756145882e-07,2.61480270379852,1,1,0.00215032560844021,"2","CETP"
"UBE2C",1.05366492275136e-07,2.05546374992198,1,1,0.00223629843204748,"2","UBE2C"
"FAM126A",1.06090285072386e-07,1.58298371386294,1,1,0.00225166021037633,"2","FAM126A"
"MYBL2",1.06745642154485e-07,1.60194190864949,1,1,0.00226556950908679,"2","MYBL2"
"ECSCR",1.07634916366295e-07,1.20372821459385,1,1,0.00228444346495824,"2","ECSCR"
"KCNF1",1.0787799463499e-07,3.30270947055165,1,1,0.00228960255813302,"2","KCNF1"
"SEMA3A",1.08411137366697e-07,1.74655399406439,1,1,0.00230091797947077,"2","SEMA3A"
"CDC25A",1.11472279725787e-07,1.67864086481399,1,1,0.00236588766490011,"2","CDC25A"
"LMNB1",1.13174927540484e-07,1.38788727556173,1,1,0.00240202466211922,"2","LMNB1"
"XPNPEP1",1.17313720131857e-07,0.954152843437551,1,1,0.00248986639607853,"2","XPNPEP1"
"GAPDH",1.18768880100984e-07,1.56300053174103,1,1,0.00252075071126329,"2","GAPDH"
"YES1",1.21691211107444e-07,1.41260390441408,1,1,0.00258277426454439,"2","YES1"
"TFPI",1.2343308739681e-07,2.21080794158787,1,1,0.0026197438469099,"2","TFPI"
"MRC1",1.25690022267379e-07,2.63732299350954,1,1,0.00266764503260285,"2","MRC1"
"CORO1C",1.26715291092941e-07,0.86030556720694,1,1,0.00268940533815658,"2","CORO1C"
"PAFAH1B2",1.32982620408377e-07,0.787369248515629,1,1,0.00282242313554739,"2","PAFAH1B2"
"ACOT9",1.34865746255446e-07,1.08594264894104,1,1,0.00286239059852558,"2","ACOT9"
"MAF",1.37410144893088e-07,1.43069428389814,1,1,0.0029163929152109,"2","MAF"
"HMOX2",1.38076830230115e-07,1.56932735987241,1,1,0.00293054264480397,"2","HMOX2"
"UBAP2L",1.40758871327665e-07,0.630494421648788,1,1,0.00298746628505836,"2","UBAP2L"
"SIRPA",1.48319738953208e-07,1.21157662995256,1,1,0.00314793813954289,"2","SIRPA"
"PRKAR1B",1.57574973474884e-07,1.36057388858236,1,1,0.00334437123703094,"2","PRKAR1B"
"RHEB",1.59928692987905e-07,1.03823073765658,1,1,0.00339432657997529,"2","RHEB"
"RPS7",1.63700691665773e-07,1.21703862653457,1,1,0.00347438347991436,"2","RPS7"
"BUB1B",1.68936180141833e-07,1.7310661125242,1,1,0.00358550148733026,"2","BUB1B"
"CCDC86",1.73302717019985e-07,3.30310533721209,1,1,0.00367817686603215,"2","CCDC86"
"PNP",1.86078241015296e-07,1.81430815940737,1,1,0.00394932458730863,"2","PNP"
"MMP12",1.88778425776435e-07,1.21262639800776,1,1,0.00400663330867906,"2","MMP12"
"WDR36",1.9540408429758e-07,0.952181221445326,1,1,0.00414725628513183,"2","WDR36"
"ABCE1",1.95616440128728e-07,1.17109559505082,1,1,0.00415176332529213,"2","ABCE1"
"ANKDD1A",1.96352262632744e-07,1.40964865756931,1,1,0.00416738042211737,"2","ANKDD1A"
"IRAK1",1.9703991706267e-07,2.13888566200395,1,1,0.00418197519973812,"2","IRAK1"
"KIAA13771",1.9712242668021e-07,0.165490777612504,1,1,0.00418372638386078,"2","KIAA1377"
"LEPREL11",2.11192599872954e-07,0.150478517572816,1,1,0.00448235173970357,"2","LEPREL1"
"SARS",2.15345499653045e-07,1.21966911022341,1,1,0.00457049288463623,"2","SARS"
"EYA1",2.17959547443016e-07,3.57951258438397,1,1,0.00462597343493057,"2","EYA1"
"TMEFF1",2.18882742707305e-07,2.45267468510677,1,1,0.00464556733121983,"2","TMEFF1"
"TPI1",2.27017326814657e-07,1.71393851677483,1,1,0.00481821574431428,"2","TPI1"
"ZP2",2.3180478436931e-07,3.22259237311066,1,1,0.00491982474345423,"2","ZP2"
"IFRD2",2.36827036307773e-07,1.59833073872497,1,1,0.00502641701859617,"2","IFRD2"
"GATAD2A",2.37559660459151e-07,1.15298940280794,1,1,0.00504196623358502,"2","GATAD2A"
"IARS2",2.38709093972451e-07,0.829540066072539,1,1,0.00506636181047129,"2","IARS2"
"ATP5L",2.43264629962373e-07,0.932550581787435,1,1,0.00516304850632141,"2","ATP5L"
"DNAJC12",2.45289685476827e-07,2.71511530375658,1,1,0.00520602828456017,"2","DNAJC12"
"GNAT3",2.45762260553657e-07,4.61264077129384,1,1,0.00521605821799081,"2","GNAT3"
"CCT4",2.49511820899379e-07,1.01647729885221,1,1,0.00529563888676841,"2","CCT4"
"NPDC11",2.50284611231019e-07,0.717763923032733,1,1,0.00531204058876714,"2","NPDC1"
"NOP58",2.51260427872527e-07,1.14524838925987,1,1,0.00533275132116652,"2","NOP58"
"SCML2",2.59365735125443e-07,1.88995232203895,1,1,0.00550477836230241,"2","SCML2"
"NANS",2.6089592319741e-07,1.41099981983589,1,1,0.00553725507394183,"2","NANS"
"SNRPD2",2.61530581397602e-07,1.1707760922244,1,1,0.0055507250595827,"2","SNRPD2"
"CARD10",2.72800543885407e-07,1.77776101188946,1,1,0.00578991874342388,"2","CARD10"
"HDGF",2.73986101708366e-07,1.59850314383552,1,1,0.00581508102265837,"2","HDGF"
"NCAPG",2.78553371420318e-07,1.3828005762794,1,1,0.00591201675502483,"2","NCAPG"
"FGFR4",2.79598560827345e-07,3.33660878847653,1,1,0.00593419985499957,"2","FGFR4"
"HSPA8",2.80125984707566e-07,0.981032085885012,1,1,0.00594539389943338,"2","HSPA8"
"RNASEH1",2.99720617280598e-07,1.07715747504287,1,1,0.0063612703811634,"2","RNASEH1"
"BCCIP",3.25820540885614e-07,1.34038176989485,1,1,0.00691521515975627,"2","BCCIP"
"KIAA1211L1",3.28770208890228e-07,0.681369877140478,1,1,0.0069778189134862,"2","KIAA1211L"
"HMMR",3.29000102827448e-07,1.81416529525074,1,1,0.00698269818240976,"2","HMMR"
"DMTN",3.31095040647076e-07,1.3214084699256,1,1,0.00702716114269354,"2","DMTN"
"HSPA4",3.31665852718561e-07,0.927234503741534,1,1,0.00703927605809873,"2","HSPA4"
"EIF2B5",3.33136303578823e-07,0.619146272171459,1,1,0.00707048490715693,"2","EIF2B5"
"RP11-774O3.32",3.34080530915033e-07,0.667979612743245,1,1,0.00709052518814066,"2","RP11-774O3.3"
"ORC6",3.34722225552795e-07,1.73274122597408,1,1,0.00710414451513253,"2","ORC6"
"MYH10",3.52207329286451e-07,1.12608249180871,1,1,0.00747524835677564,"2","MYH10"
"LDHA",3.54179490259237e-07,1.51117563980059,1,1,0.00751710550126205,"2","LDHA"
"C21orf90",3.64150406304755e-07,2.13242751526657,1,1,0.00772872822341211,"2","C21orf90"
"G3BP2",3.71106126723891e-07,0.920799626341797,1,1,0.00787635643358786,"2","G3BP2"
"PIF1",3.88025277766858e-07,1.97512581230917,1,1,0.0082354484953238,"2","PIF1"
"TBCA",3.93121653399133e-07,1.12009588030405,1,1,0.0083436139717432,"2","TBCA"
"RP1-292B18.1",3.96131892458807e-07,1.23189026294738,1,1,0.00840750328554572,"2","RP1-292B18.1"
"AKAP12",4.13419300258754e-07,1.81582410951515,1,1,0.0087744112286918,"2","AKAP12"
"KIAA0101",4.15647612504043e-07,1.91115913563642,1,1,0.00882170492778581,"2","KIAA0101"
"POLR2L",4.18298739392678e-07,1.95526267333245,1,1,0.0088779724448702,"2","POLR2L"
"GADD45GIP1",4.25131184863078e-07,2.29061922445417,1,1,0.00902298426753398,"2","GADD45GIP1"
"PDCD5",4.51148073931444e-07,1.35057635727309,1,1,0.00957516672112096,"2","PDCD5"
"TBXA2R",4.56620202626826e-07,1.91581006549065,1,1,0.00969130718055175,"2","TBXA2R"
"ADAM19",4.72727553003683e-07,1.3627707759263,1,1,0.0100331695849502,"2","ADAM19"
"HDHD1",4.72821852139159e-07,1.76969886851376,1,1,0.0100351709898015,"2","HDHD1"
"MAGEB6P1",4.79642685920917e-07,1.68587323174132,1,1,0.0101799363659855,"2","MAGEB6P1"
"TIMM21",4.83534051827882e-07,1.13670067872044,1,1,0.010262526715995,"2","TIMM21"
"TOX2",4.89158072600938e-07,2.01129394938626,1,1,0.0103818909328823,"2","TOX2"
"CAPRIN1",4.9369853622825e-07,0.600380724224628,1,1,0.0104782577329084,"2","CAPRIN1"
"RP11-709A23.2",4.96504997733284e-07,1.3010334529642,1,1,0.0105378220718912,"2","RP11-709A23.2"
"LL22NC03-80A10.6",5.08338418114938e-07,1.50285345219722,1,1,0.0107889745860714,"2","LL22NC03-80A10.6"
"MAGEB2",5.32517835977445e-07,1.88813507007248,1,1,0.0113021585507853,"2","MAGEB2"
"YWHAG",5.35045537671242e-07,1.24551325871585,1,1,0.0113558064915344,"2","YWHAG"
"DLGAP5",5.39609721169837e-07,1.27886615648841,1,1,0.0114526767221086,"2","DLGAP5"
"ILF3",5.66600746173646e-07,0.73329204308849,1,1,0.0120255342367895,"2","ILF3"
"ISLR2",5.70053753554271e-07,2.83122146989311,1,1,0.0120988208654359,"2","ISLR2"
"GSPT1",5.82018908118074e-07,0.682259088466381,1,1,0.012352769305898,"2","GSPT1"
"KLHL14",5.82794163946868e-07,2.73191562610692,1,1,0.0123692233356083,"2","KLHL14"
"BID",6.05161613361818e-07,0.40545909089156,1,1,0.0128439500819912,"2","BID"
"POLD2",6.07804771119792e-07,1.80030584540796,1,1,0.0129000484622465,"2","POLD2"
"YBX1P1",6.08310613211957e-07,1.35987362939824,1,1,0.0129107844548106,"2","YBX1P1"
"RPS3",6.13033517512867e-07,1.3261566154074,1,1,0.0130110233756931,"2","RPS3"
"HIST2H4A",6.18370882086079e-07,1.16601412502672,1,1,0.0131243036013949,"2","HIST2H4A"
"AHSA1",6.53176462252337e-07,1.29486654470525,1,1,0.0138630172348436,"2","AHSA1"
"PA2G4",6.58875351157701e-07,1.00626650899314,1,1,0.013983970452971,"2","PA2G4"
"TROAP",6.61487299055227e-07,2.08229376368298,1,1,0.0140394064351481,"2","TROAP"
"CCT8",6.63747138823981e-07,0.930027745079943,1,1,0.0140873692744002,"2","CCT8"
"POLE",6.7463835105694e-07,1.65756353131798,1,1,0.0143185243628325,"2","POLE"
"NCAPH",6.75450890081909e-07,1.26011901418357,1,1,0.0143357696910984,"2","NCAPH"
"NOS1AP1",6.76287218687607e-07,0.224368714264713,1,1,0.0143535199294258,"2","NOS1AP"
"LARP1",7.12499812274113e-07,0.781025965883845,1,1,0.0151220960157058,"2","LARP1"
"RPL27A",7.16515933417088e-07,1.36731792575093,1,1,0.0152073341708443,"2","RPL27A"
"PRPS1",7.31146646809839e-07,0.907259520550754,1,1,0.015517856431892,"2","PRPS1"
"ZNF259",7.60892168676419e-07,0.968008684211886,1,1,0.0161491753879883,"2","ZNF259"
"NONO",7.69779971447873e-07,0.817004097515227,1,1,0.0163378101140097,"2","NONO"
"SMAGP",7.75514695251034e-07,1.73479228495903,1,1,0.0164595238920079,"2","SMAGP"
"TBC1D31",8.1937504671401e-07,1.53096279876379,1,1,0.0173904159914582,"2","TBC1D31"
"LINC00176",8.26511956882755e-07,2.3130230755103,1,1,0.0175418897728796,"2","LINC00176"
"RP11-299L17.1",8.4237951935197e-07,1.31034399544424,1,1,0.0178786629187262,"2","RP11-299L17.1"
"CKAP5",8.57605087269948e-07,0.711080019430916,1,1,0.0182018103722174,"2","CKAP5"
"SKP2",8.58656770464903e-07,1.49988066881669,1,1,0.0182241312963471,"2","SKP2"
"OAF",8.60259180434795e-07,2.33789710140396,1,1,0.0182581408455481,"2","OAF"
"ENOSF1",8.61781204969001e-07,1.47841473568852,1,1,0.0182904442942621,"2","ENOSF1"
"EPB41L2",8.74434190980062e-07,0.913043869832155,1,1,0.0185589912693608,"2","EPB41L2"
"LIN28B",8.79592768384477e-07,2.25221537760383,1,1,0.0186684769161921,"2","LIN28B"
"LRRC61",9.08658378317562e-07,3.05295732707507,1,1,0.0192853654214119,"2","LRRC61"
"PRELID1",9.11379660966785e-07,1.35600947035065,1,1,0.019343121924359,"2","PRELID1"
"DLL3",9.24506844585155e-07,2.88074181623692,1,1,0.0196217332694753,"2","DLL3"
"HNRNPA3",9.42048767105522e-07,0.988373696146287,1,1,0.0199940430330476,"2","HNRNPA3"
"UBTD1",9.44254195111126e-07,2.50522853316562,1,1,0.0200408510370385,"2","UBTD1"
"GINS1",9.86520547842148e-07,1.53319450354589,1,1,0.0209379121074018,"2","GINS1"
"CMTM7",1.00117677081534e-06,1.22104686533152,1,1,0.0212489757837848,"2","CMTM7"
"MAGEB6",1.01340945912095e-06,1.47056348848945,1,1,0.021508602360383,"2","MAGEB6"
"BCR1",1.01515801631011e-06,1.2452186230503,1,1,0.0215457137381657,"2","BCR"
"NOP14",1.02516947142501e-06,1.59869153232154,1,1,0.0217581968615244,"2","NOP14"
"CSK",1.04509781137739e-06,0.992977665257232,1,1,0.0221811559486737,"2","CSK"
"UXS1",1.04793982686012e-06,1.049237258012,1,1,0.0222414748852792,"2","UXS1"
"BUB1",1.06171866162552e-06,0.28375420764249,1,1,0.02253391687434,"2","BUB1"
"EFCC1",1.09032543482491e-06,2.50007054774677,1,1,0.023141067028724,"2","EFCC1"
"REXO2",1.14370791396657e-06,0.889088585709368,1,1,0.0242740567660265,"2","REXO2"
"GPI",1.15629084923175e-06,1.0877228066291,1,1,0.0245411169840947,"2","GPI"
"RAB11FIP51",1.16738346026488e-06,1.03668599914774,1,1,0.0247765465606618,"2","RAB11FIP5"
"SOX18",1.18708784603681e-06,1.76954366850163,1,1,0.0251947524442853,"2","SOX18"
"VDAC1",1.18888401048818e-06,0.939816587880451,1,1,0.0252328742386011,"2","VDAC1"
"TOR4A",1.21108630494835e-06,3.58028023912463,1,1,0.0257040957362237,"2","TOR4A"
"LTV1",1.23324478844103e-06,0.996160389951577,1,1,0.0261743873898724,"2","LTV1"
"CCDC124",1.23684269265416e-06,1.91084905823037,1,1,0.0262507493088918,"2","CCDC124"
"KIF2C",1.25608436046209e-06,1.57722319741892,1,1,0.0266591344664474,"2","KIF2C"
"TMEM183A",1.27252540216865e-06,1.07038524716218,1,1,0.0270080791356274,"2","TMEM183A"
"DNAJA1",1.2753163963435e-06,0.91596759013521,1,1,0.0270673151959944,"2","DNAJA1"
"CT45A5",1.29043106201657e-06,3.18951503685248,1,1,0.0273881088602397,"2","CT45A5"
"ATP11A",1.29055844248909e-06,1.20915401172789,1,1,0.0273908123833885,"2","ATP11A"
"KIF20A",1.32202062264478e-06,1.74354974163712,1,1,0.0280585656950128,"2","KIF20A"
"USP13",1.32883839385306e-06,0.971750939005229,1,1,0.0282032660711373,"2","USP13"
"CDCA3",1.35083735241495e-06,1.87817026129827,1,1,0.0286701719676549,"2","CDCA3"
"CDK4",1.36587529075389e-06,0.91371490281748,1,1,0.0289893371709605,"2","CDK4"
"ARHGEF7",1.36627511562548e-06,1.36037511262172,1,1,0.0289978230540353,"2","ARHGEF7"
"C12orf52",1.39170388865102e-06,0.972438137927469,1,1,0.0295375233327293,"2","C12orf52"
"NOB1",1.39412616189858e-06,0.92176814910467,1,1,0.0295889336601354,"2","NOB1"
"ASUN",1.42716591482572e-06,1.32393277177611,1,1,0.030290169376261,"2","ASUN"
"PTPN11",1.43590344081675e-06,0.937860575224555,1,1,0.0304756146278947,"2","PTPN11"
"LEPRE1",1.44733594565406e-06,1.23192625454244,1,1,0.0307182581105619,"2","LEPRE1"
"CROCC",1.46355942907174e-06,2.62541126104025,1,1,0.0310625853226187,"2","CROCC"
"STMN3",1.48336024157122e-06,0.423126442853791,1,1,0.0314828377671076,"2","STMN3"
"ZC3H15",1.51516835360607e-06,1.55738601619345,1,1,0.0321579331369352,"2","ZC3H15"
"EIF4EBP1",1.52687540237864e-06,1.62248378614032,1,1,0.0324064035400843,"2","EIF4EBP1"
"COL8A21",1.52936389171059e-06,1.78786698184056,1,1,0.0324592192376656,"2","COL8A2"
"LCN1",1.55834299084796e-06,2.47484470947412,1,1,0.0330742716377571,"2","LCN1"
"KRTAP10-10",1.56050994859337e-06,1.38238723064481,1,1,0.0331202631489456,"2","KRTAP10-10"
"SNORA56",1.56056930945599e-06,1.9846009437906,1,1,0.0331215230238939,"2","SNORA56"
"SNX2",1.59468407329134e-06,0.899316326908743,1,1,0.0338455747715355,"2","SNX2"
"NOP16",1.59945786018345e-06,1.62406080655686,1,1,0.0339468936245335,"2","NOP16"
"TOMM5",1.62786419651469e-06,1.35511946106774,1,1,0.0345497897068277,"2","TOMM5"
"SUV39H2",1.63383428980023e-06,1.39292458901683,1,1,0.0346764989667201,"2","SUV39H2"
"KIFC1",1.647401486535e-06,1.03588119487139,1,1,0.0349644491502189,"2","KIFC1"
"PFDN2",1.65075383685185e-06,1.71440305017857,1,1,0.0350355994333436,"2","PFDN2"
"PRPF19",1.73446430582192e-06,1.01181217256065,1,1,0.0368122704267645,"2","PRPF19"
"EIF2S2",1.73739437013835e-06,1.01674546478674,1,1,0.0368744581118164,"2","EIF2S2"
"NASP",1.73854852537049e-06,0.955211269914532,1,1,0.0368989539024632,"2","NASP"
"CNOT11",1.74326494891764e-06,1.03593187206511,1,1,0.0369990552758281,"2","CNOT11"
"CALR",1.76276167549447e-06,1.20830200814848,1,1,0.0374128538006947,"2","CALR"
"HID1",1.78720612572974e-06,1.33630913372155,1,1,0.0379316628124879,"2","HID1"
"ZNF467",1.81489226454608e-06,1.23122384811651,1,1,0.0385192734227259,"2","ZNF467"
"MYL6B",1.81865153158352e-06,1.66280707640677,1,1,0.0385990601063287,"2","MYL6B"
"AFG3L2",1.82661263437015e-06,1.3706827367673,1,1,0.0387680265518721,"2","AFG3L2"
"RABGGTB",1.83012436445685e-06,1.15606742043617,1,1,0.0388425595112321,"2","RABGGTB"
"CEP55",1.84930629182048e-06,1.35480276234579,1,1,0.039249676737598,"2","CEP55"
"HIST1H2BL",1.86217177992124e-06,1.644365514179,1,1,0.0395227338570483,"2","HIST1H2BL"
"KIAA1671",1.92851532479451e-06,1.49027829990639,1,1,0.0409308092534387,"2","KIAA1671"
"MPST",1.93902802963568e-06,1.66742026929749,1,1,0.0411539309009876,"2","MPST"
"HNRNPA1",1.96521244873981e-06,1.1326012757155,1,1,0.0417096690120538,"2","HNRNPA1"
"GIMAP8",1.97677712912162e-06,1.09586441197334,1,1,0.0419551177884773,"2","GIMAP8"
"KRTAP10-13",1.97975056771579e-06,0.836417147701782,1,1,0.0420182260492,"2","KRTAP10-1"
"MTSS1L",1.99258045362037e-06,1.54885889191751,1,1,0.0422905275476387,"2","MTSS1L"
"DLL4",1.99623614998337e-06,1.55527510931152,1,1,0.042368116047247,"2","DLL4"
"DNAJC11",2.00489049278829e-06,2.06125428141986,1,1,0.0425517958189386,"2","DNAJC11"
"TINAGL11",2.01660452826583e-06,0.654354153736971,1,1,0.0428004145079139,"2","TINAGL1"
"WFS1",2.0415481176508e-06,1.26903870331397,1,1,0.0433298172490205,"2","WFS1"
"UHRF1",2.05508309414237e-06,2.52055906824567,1,1,0.0436170835900776,"2","UHRF1"
"MCM4",2.0754934234641e-06,1.04126536698782,1,1,0.0440502724196021,"2","MCM4"
"PGK1",2.13450581064385e-06,1.60159366874844,1,1,0.0453027513251052,"2","PGK1"
"IKBKE",2.1632416724217e-06,1.73615900354456,1,1,0.0459126412554782,"2","IKBKE"
"SCN3B",2.19155110891161e-06,1.95064337205727,1,1,0.04651348073554,"2","SCN3B"
"ERO1L",2.22163565260103e-06,0.87856154680601,1,1,0.0471519950908044,"2","ERO1L"
"ANLN",2.29143392794236e-06,1.30621912472202,1,1,0.0486333936866488,"2","ANLN"
"CCT7",2.30304777128289e-06,1.35524562687913,1,1,0.048879885897708,"2","CCT7"
"CDKL1",2.31121682689406e-06,2.37692557306314,1,1,0.0490532659339995,"2","CDKL1"
"HSD11B1L",2.31873182131894e-06,1.08561941376799,1,1,0.0492127641756732,"2","HSD11B1L"
"COL22A1",2.32090503538939e-06,5.53865581112435,1,1,0.0492588884711044,"2","COL22A1"
"TRIM46",2.34267740490064e-06,1.36242992939039,1,1,0.0497209852416111,"2","TRIM46"
"STK32C",2.40290363049419e-06,2.29277996806914,1,1,0.0509992266536086,"2","STK32C"
"LTK1",2.42762433061067e-06,0.518078910382505,1,1,0.0515238987928808,"2","LTK"
"PRKCQ",2.49477567930461e-06,1.98842643796129,1,1,0.0529491190175609,"2","PRKCQ"
"GMFG",2.50792146879708e-06,0.697591086887831,1,1,0.0532281252537493,"2","GMFG"
"RUVBL2",2.56002378139373e-06,1.84565183820969,1,1,0.0543339447363005,"2","RUVBL2"
"DNAJA3",2.5735084131213e-06,1.14471474156512,1,1,0.0546201425600865,"2","DNAJA3"
"CCNB2",2.60405860441209e-06,1.45981586988593,1,1,0.0552685398200422,"2","CCNB2"
"CHST15",2.61013120831734e-06,1.03443852645741,1,1,0.0553974247653273,"2","CHST15"
"DDX39A",2.61705457709784e-06,1.20535787728231,1,1,0.0555443663443245,"2","DDX39A"
"SIPA1",2.62672446867089e-06,1.86519572535493,1,1,0.0557496001230709,"2","SIPA1"
"DDX20",2.6503872512309e-06,0.707444414125435,1,1,0.0562518190201245,"2","DDX20"
"PPM1F",2.66062265197228e-06,1.23036186866604,1,1,0.0564690551654596,"2","PPM1F"
"SSU72",2.76598064211404e-06,1.05654235605445,1,1,0.0587051731482284,"2","SSU72"
"SNCB",2.80395287276072e-06,4.95545610903794,1,1,0.0595110957714735,"2","SNCB"
"MRPS5",2.80735821040088e-06,1.92379922432794,1,1,0.0595833706575483,"2","MRPS5"
"RPS25",2.81310613111929e-06,1.21774798225105,1,1,0.0597053645268759,"2","RPS25"
"MRPL48",2.85877043354548e-06,1.46441516042483,1,1,0.0606745436815693,"2","MRPL48"
"NKX2-5",2.87716383611609e-06,1.74171916881429,1,1,0.0610649252577279,"2","NKX2-5"
"PFAS",2.87949872148272e-06,2.08574769229623,1,1,0.0611144808647492,"2","PFAS"
"PPAT",2.91770398898544e-06,1.97062057489829,1,1,0.0619253494622271,"2","PPAT"
"PEAR1",2.92408498668122e-06,1.12453741288675,1,1,0.0620607797573223,"2","PEAR1"
"VSIG81",2.96978431853803e-06,2.14199320033027,1,1,0.0630307023766511,"2","VSIG8"
"CCDC150",2.98380402906598e-06,1.69144185991509,1,1,0.0633282567128964,"2","CCDC150"
"KCNN1",3.03417517978079e-06,2.83851985014317,1,1,0.0643973340156676,"2","KCNN1"
"MTCH2",3.08345188627476e-06,1.22819691539808,1,1,0.0654431828342955,"2","MTCH2"
"LRR1",3.08359837791375e-06,1.71653780075428,1,1,0.0654462919728415,"2","LRR1"
"NOC2L",3.12251830620815e-06,1.74895292095153,1,1,0.0662723285309619,"2","NOC2L"
"TCP1",3.13225447414196e-06,1.05733615495571,1,1,0.066478968959189,"2","TCP1"
"DTX11",3.15846154131693e-06,2.05585972303111,1,1,0.0670351877529106,"2","DTX1"
"EIF3A",3.18117323221265e-06,1.03713557716023,1,1,0.0675172206804813,"2","EIF3A"
"AC131180.4",3.22197636550063e-06,0.799857391984606,1,1,0.0683832263813854,"2","AC131180.4"
"ATP5J2",3.31108850370765e-06,0.816134992444974,1,1,0.0702745424026912,"2","ATP5J2"
"CDCA7L",3.36725620173238e-06,2.25279490693586,1,1,0.0714666456255681,"2","CDCA7L"
"ESPL1",3.36767117773555e-06,1.26969129852828,1,1,0.0714754530762593,"2","ESPL1"
"GRM61",3.38006505330309e-06,0.372230261814385,1,1,0.0717385006913048,"2","GRM6"
"TMX1",3.43090517332294e-06,0.768111486225392,1,1,0.0728175313986061,"2","TMX1"
"APOL1",3.43757319293614e-06,0.31487165313548,1,1,0.0729590534468767,"2","APOL1"
"HNRNPC",3.47520122473399e-06,0.8168949747262,1,1,0.0737576707937542,"2","HNRNPC"
"HMG20A",3.59205644290602e-06,0.937295789231849,1,1,0.0762378059442375,"2","HMG20A"
"HELLS",3.6311615644974e-06,1.11080855446572,1,1,0.0770677730448929,"2","HELLS"
"RRM2",3.74018625053125e-06,1.33539466652275,1,1,0.0793817129812753,"2","RRM2"
"GRIK2",3.90463334918448e-06,1.75587119861203,1,1,0.0828719382030915,"2","GRIK2"
"TBRG4",3.95622859600824e-06,0.967758384669034,1,1,0.0839669957216789,"2","TBRG4"
"PTTG1",3.96582257676645e-06,1.46404607770236,1,1,0.0841706183692912,"2","PTTG1"
"KLHL4",3.99036306182891e-06,1.9148109303171,1,1,0.0846914656242568,"2","KLHL4"
"TICRR",4.04948900381356e-06,1.25567676890202,1,1,0.085946354616939,"2","TICRR"
"CHCHD3",4.08843850802607e-06,0.989545788360775,1,1,0.0867730188943454,"2","CHCHD3"
"PRC1",4.11895156430903e-06,1.12462370019936,1,1,0.0874206280008949,"2","PRC1"
"KIF18A",4.2222414719913e-06,1.23132441156975,1,1,0.0896128530015434,"2","KIF18A"
"SLC5A6",4.28684490788591e-06,1.37539671123624,1,1,0.0909839963249706,"2","SLC5A6"
"AC098614.2",4.29355835911839e-06,1.6414908495439,1,1,0.0911264826139287,"2","AC098614.2"
"KRTAP10-41",4.33980789430392e-06,1.40550953097044,1,1,0.0921080827487063,"2","KRTAP10-4"
"KIAA2022",4.34514790423306e-06,0.109371843784116,1,1,0.0922214191194425,"2","KIAA2022"
"RWDD2B",4.35117959808084e-06,1.26898473462819,1,1,0.0923494357896677,"2","RWDD2B"
"CD5L",4.35918582359228e-06,2.44801377836918,1,1,0.0925193599199225,"2","CD5L"
"DBF4P1",4.45435010657477e-06,2.18579111735852,1,1,0.094539126661943,"2","DBF4P1"
"NTSR1",4.52376540059854e-06,4.49569294743621,1,1,0.0960123968623034,"2","NTSR1"
"ZYG11A",4.54506362541057e-06,2.18546254087187,1,1,0.096464430385714,"2","ZYG11A"
"NINJ1",4.56525679813791e-06,1.59804460421261,1,1,0.0968930102836789,"2","NINJ1"
"ALPK3",4.56752151673402e-06,1.75648650806257,1,1,0.0969410766711629,"2","ALPK3"
"MEX3A",4.63335598813846e-06,2.18846238938285,1,1,0.0983383474922506,"2","MEX3A"
"GPRIN3",4.72160286313581e-06,1.77252437907886,1,1,0.100211299167194,"2","GPRIN3"
"MGST2",4.76759658059065e-06,1.20009431998826,1,1,0.101187469826456,"2","MGST2"
"PLA2G4C",4.84876670049294e-06,1.43127974035884,1,1,0.102910224451262,"2","PLA2G4C"
"NOL9",4.9218221456232e-06,1.41830687018822,1,1,0.104460753218707,"2","NOL9"
"SH3GL1",4.94290805294417e-06,1.54727298919181,1,1,0.104908280515687,"2","SH3GL1"
"EFNB11",4.97622253260136e-06,0.421642351793686,1,1,0.105615347031931,"2","EFNB1"
"AC104667.3",4.97994497633415e-06,1.1837076590852,1,1,0.105694352177716,"2","AC104667.3"
"RP11-247C2.2",5.00844799250537e-06,1.79136362986298,1,1,0.106299300192934,"2","RP11-247C2.2"
"HDAC1",5.06328585841879e-06,1.00871236286737,1,1,0.10746317905908,"2","HDAC1"
"UTP14A",5.12537869463713e-06,1.4188462254168,1,1,0.108781037414978,"2","UTP14A"
"IPO4",5.13224032917802e-06,1.662046949972,1,1,0.108926668746474,"2","IPO4"
"NPM3",5.15717336606105e-06,1.81981500212349,1,1,0.10945584752128,"2","NPM3"
"LRPPRC",5.20743053975087e-06,1.26731140983122,1,1,0.110522505775673,"2","LRPPRC"
"SLC43A3",5.24704343625612e-06,0.919104305803888,1,1,0.1113632498911,"2","SLC43A3"
"CCNA2",5.28940508250485e-06,1.48016608548228,1,1,0.112262333471083,"2","CCNA2"
"KIF11",5.34913909655341e-06,1.13918701437706,1,1,0.11353012818525,"2","KIF11"
"SAE1",5.37252161127925e-06,1.19139604632318,1,1,0.114026398677791,"2","SAE1"
"ZBED6CL",5.37755902161959e-06,2.040770213217,1,1,0.114133312674854,"2","ZBED6CL"
"CD69",5.38378977612661e-06,1.71811271808559,1,1,0.114265554208511,"2","CD69"
"GAB1",5.42697457239397e-06,2.3750153085914,1,1,0.11518210832449,"2","GAB1"
"PGM5P1",5.46875362576231e-06,3.30211550963985,1,1,0.116068826953179,"2","PGM5P1"
"KPNB1",5.47556506033562e-06,0.68165475545344,1,1,0.116213392840563,"2","KPNB1"
"PDCD11",5.51077857865586e-06,0.700539551631731,1,1,0.116960764553392,"2","PDCD11"
"MRPS34",5.5464256398429e-06,1.09141619209029,1,1,0.117717337780026,"2","MRPS34"
"IRAK2",5.56718718038488e-06,2.59801332378535,1,1,0.118157980716489,"2","IRAK2"
"ATF5",5.59793759940775e-06,1.57235251842881,1,1,0.11881062760983,"2","ATF5"
"TEAD4",5.6596780034129e-06,1.59183910408913,1,1,0.120121005944435,"2","TEAD4"
"PPP1R14B",5.73264274320149e-06,2.20569622907265,1,1,0.121669609581708,"2","PPP1R14B"
"STX3",5.80246707921829e-06,0.781742042727469,1,1,0.123151561289329,"2","STX3"
"CDCA7",6.10667683602648e-06,1.87227753106428,1,1,0.129608109167826,"2","CDCA7"
"TRIM24",6.12811251582849e-06,0.938589678034756,1,1,0.130063060035944,"2","TRIM24"
"SMAD1",6.18471970001413e-06,1.75343731339243,1,1,0.1312644909131,"2","SMAD1"
"RGS19",6.19146740357177e-06,2.00825082746316,1,1,0.131407704173407,"2","RGS19"
"GNL3",6.22097237078094e-06,1.26592218772577,1,1,0.132033917597455,"2","GNL3"
"GNG4",6.26884070025631e-06,3.19588738957053,1,1,0.13304987502224,"2","GNG4"
"PDIA6",6.4348057405725e-06,0.961500868001572,1,1,0.136572317037911,"2","PDIA6"
"TNFAIP8L31",6.48736587021193e-06,1.14458811396659,1,1,0.137687853229378,"2","TNFAIP8L3"
"MEGF6",6.62014067585214e-06,2.57682177083656,1,1,0.140505865704286,"2","MEGF6"
"ABCB10P1",6.6886456909386e-06,2.87191789382659,1,1,0.141959816144481,"2","ABCB10P1"
"BIRC5",6.73425719943155e-06,1.28394121646018,1,1,0.142927874800735,"2","BIRC5"
"CISD1",6.78062610976098e-06,1.3281367266715,1,1,0.143912008553567,"2","CISD1"
"EIF4A1",6.80677639484628e-06,0.877766480526226,1,1,0.144467022204217,"2","EIF4A1"
"KIF21B",6.97551237353648e-06,1.51033385525305,1,1,0.148048274615938,"2","KIF21B"
"AURKB",7.00041280362601e-06,1.71071309381573,1,1,0.148576761344159,"2","AURKB"
"NEK2",7.02325487949633e-06,2.44404660597906,1,1,0.14906156156243,"2","NEK2"
"PFKP",7.33573677204382e-06,2.65223735507583,1,1,0.155693677249858,"2","PFKP"
"ITIH3",7.34372305276372e-06,2.22595742685105,1,1,0.155863178071857,"2","ITIH3"
"MAD2L1",7.39616909682033e-06,1.48599823721951,1,1,0.156976292910915,"2","MAD2L1"
"MTHFD1L",7.53075283041545e-06,1.10593629034914,1,1,0.159832698072738,"2","MTHFD1L"
"INCENP",7.65657389468402e-06,2.67159237996619,1,1,0.162503124340774,"2","INCENP"
"SPRYD7",7.70400483015549e-06,1.17583411428376,1,1,0.16350979851522,"2","SPRYD7"
"EEF1B2",7.75786480043574e-06,1.36411375492115,1,1,0.164652922524448,"2","EEF1B2"
"LAMB31",7.87976569653985e-06,0.836943557632329,1,1,0.167240147143362,"2","LAMB3"
"GARS",8.0515566459038e-06,0.871279170774152,1,1,0.170886238252662,"2","GARS"
"RPS27A",8.09240635211672e-06,1.28061868196798,1,1,0.171753232417325,"2","RPS27A"
"TTC4",8.43109986590094e-06,1.16260203114137,1,1,0.178941663553882,"2","TTC4"
"DAP3",8.46461723435272e-06,0.727341282375946,1,1,0.179653036181902,"2","DAP3"
"TIMM13",8.47884660550438e-06,1.44238696526452,1,1,0.179955040355225,"2","TIMM13"
"CEP250",8.63215058873281e-06,1.2923938870729,1,1,0.183208764095265,"2","CEP250"
"ABR",8.71280986318787e-06,0.40058606673189,1,1,0.184920676536299,"2","ABR"
"KRTAP12-4",8.735438236737e-06,1.41303669996549,1,1,0.185400941136506,"2","KRTAP12-4"
"MRTO4",8.77730888918442e-06,2.26867175169173,1,1,0.18628960386405,"2","MRTO4"
"EPHX4",8.82490255852942e-06,2.13646909264216,1,1,0.187299731902228,"2","EPHX4"
"HMGA2",8.8351277520879e-06,4.20662322351484,1,1,0.187516751410314,"2","HMGA2"
"NPM1P21",8.86273506279828e-06,1.56639453459404,1,1,0.188102688972831,"2","NPM1P21"
"FMO51",8.86850551926041e-06,0.583606340658481,1,1,0.188225161140783,"2","FMO5"
"CPSF3",8.90685850337141e-06,0.806026880137992,1,1,0.189039164875555,"2","CPSF3"
"NPM1",8.95531404158087e-06,1.20085409588127,1,1,0.190067585218512,"2","NPM1"
"MRPL40",9.04193586429775e-06,1.36923771161072,1,1,0.191906046783855,"2","MRPL40"
"NUP107",9.13070594414172e-06,0.874886400234526,1,1,0.193790102958464,"2","NUP107"
"TMEM65",9.13289213576213e-06,1.25339822950409,1,1,0.193836502689415,"2","TMEM65"
"NUDC",9.21304435392896e-06,1.1490979468426,1,1,0.195537653367788,"2","NUDC"
"CNPY2",9.3792456326308e-06,0.634281075795251,1,1,0.199065109306956,"2","CNPY2"
"RPL14",9.56515969863622e-06,1.17612780464193,1,1,0.203010949443855,"2","RPL14"
"SARNP",9.57068193808737e-06,0.849844073230397,1,1,0.203128153453966,"2","SARNP"
"GIMAP1",9.62534091703762e-06,1.55958723919494,1,1,0.204288235623207,"2","GIMAP1"
"SCAMP5",9.75586372528265e-06,1.81710911953689,1,1,0.207058451705399,"2","SCAMP5"
"C20orf241",9.90190038322259e-06,0.955114498764463,1,1,0.210157933733516,"2","C20orf24"
"SNRPB2",1.01492606342547e-05,0.841676079988202,1,1,0.215407907701422,"2","SNRPB2"
"TMEM255B",1.02285961515693e-05,1.69473427508278,1,1,0.217091724720908,"2","TMEM255B"
"PPIA",1.02518914012134e-05,0.923596422630482,1,1,0.217586143099353,"2","PPIA"
"HSPA9",1.03696522762496e-05,0.769176827841843,1,1,0.220085499911121,"2","HSPA9"
"HNRNPM",1.04045258598334e-05,0.943319971002726,1,1,0.220825656849103,"2","HNRNPM"
"ST3GAL1",1.04710954791874e-05,1.44214766242492,1,1,0.222238530450274,"2","ST3GAL1"
"POLR1D",1.05648902720751e-05,0.775780598510785,1,1,0.224229231134522,"2","POLR1D"
"HSPD1P16",1.06142521286248e-05,1.14593740899356,1,1,0.225276887177933,"2","HSPD1P16"
"UROD",1.06477853072639e-05,0.707760850044341,1,1,0.225988595361369,"2","UROD"
"PKMYT1",1.08120489120635e-05,1.45819964383305,1,1,0.229474926109635,"2","PKMYT1"
"NUPR1",1.08412964951606e-05,0.358459627531339,1,1,0.230095676813288,"2","NUPR1"
"KRTAP10-21",1.10082226453039e-05,0.624881362697215,1,1,0.23363851742393,"2","KRTAP10-2"
"DFNB312",1.11228675263424e-05,0.135621174817162,1,1,0.236071740379091,"2","DFNB31"
"RP11-570P14.1",1.13646746281449e-05,1.61019503496683,1,1,0.241203854307748,"2","RP11-570P14.1"
"FARSA",1.15386580376616e-05,1.85696304700285,1,1,0.244896478191329,"2","FARSA"
"PARK7",1.15804022549886e-05,0.838202923114096,1,1,0.245782457459879,"2","PARK7"
"HIST1H1B",1.16244250106748e-05,1.56176983706158,1,1,0.246716796426563,"2","HIST1H1B"
"DHX9",1.18374904854317e-05,0.505648742805143,1,1,0.251238898062803,"2","DHX9"
"CDCA5",1.19925985810752e-05,1.65530160710706,1,1,0.254530912284739,"2","CDCA5"
"KRTAP10-51",1.22667340656812e-05,1.39696873152921,1,1,0.260349163810017,"2","KRTAP10-5"
"CXorf361",1.22846059422989e-05,1.24108822916916,1,1,0.260728476519351,"2","CXorf36"
"XXYLT1",1.24774968177542e-05,1.63169376464231,1,1,0.264822392460015,"2","XXYLT1"
"SNX25",1.2664500579785e-05,0.910288816850379,1,1,0.268791360305357,"2","SNX25"
"STK25",1.26913091281337e-05,1.27792386412331,1,1,0.269360344935509,"2","STK25"
"CDCA8",1.27373879706072e-05,1.56419834589965,1,1,0.270338322288167,"2","CDCA8"
"HSF4",1.27929771876755e-05,0.198073690997951,1,1,0.271518147831225,"2","HSF4"
"KHSRP",1.29918136682058e-05,0.713652607248164,1,1,0.275738253294,"2","KHSRP"
"ZFP64",1.30783355760091e-05,0.94185997231917,1,1,0.277574594265217,"2","ZFP64"
"KIAA1257",1.32756125370934e-05,1.53793234352542,1,1,0.28176160048727,"2","KIAA1257"
"CRISP2",1.35169224580379e-05,2.89750399386746,1,1,0.286883162249397,"2","CRISP2"
"SF3B3",1.35768044526238e-05,0.601077086047184,1,1,0.288154097702488,"2","SF3B3"
"CDK16",1.36160117680117e-05,1.05279397516466,1,1,0.28898623376428,"2","CDK16"
"DCUN1D5",1.3700327327906e-05,0.89770492254404,1,1,0.290775747207478,"2","DCUN1D5"
"F2RL3",1.38871467970741e-05,0.693174092822748,1,1,0.2947408036211,"2","F2RL3"
"ASPM",1.3939629854981e-05,1.57470768132997,1,1,0.295854704042118,"2","ASPM"
"RRP1",1.40288800448562e-05,1.55053862172032,1,1,0.297748950072029,"2","RRP1"
"SSB",1.40473655078058e-05,1.07500126657165,1,1,0.298141285537671,"2","SSB"
"GGA1",1.4115089083083e-05,1.13039873581118,1,1,0.299578650699353,"2","GGA1"
"TMEM246",1.41439495790286e-05,1.62288352415659,1,1,0.300191185865304,"2","TMEM246"
"FANCA",1.43520294932873e-05,1.1387498389573,1,1,0.30460747396553,"2","FANCA"
"MRPL12",1.52645740466908e-05,1.30071611929061,1,1,0.323975319566966,"2","MRPL12"
"ITGA9",1.54736313336765e-05,1.54910353149727,1,1,0.32841235142595,"2","ITGA9"
"ABCF1",1.54965791609182e-05,0.946057413128624,1,1,0.328899396111329,"2","ABCF1"
"CANX",1.55546721460186e-05,1.06244357709418,1,1,0.330132361627099,"2","CANX"
"CHMP4B",1.55746039557552e-05,0.918681555424559,1,1,0.330555394356948,"2","CHMP4B"
"PCMT1",1.5624498894591e-05,1.02159634636022,1,1,0.331614364538799,"2","PCMT1"
"FAM163A",1.56581346340324e-05,2.62689915127143,1,1,0.332328249472704,"2","FAM163A"
"SHANK1",1.58953742554743e-05,2.72761224158075,1,1,0.337363423198186,"2","SHANK1"
"NCAPG2",1.59370197088965e-05,0.861258878614262,1,1,0.33824730630162,"2","NCAPG2"
"PTDSS2",1.59718685489006e-05,1.22032394734495,1,1,0.338986938081866,"2","PTDSS2"
"POTEE",1.61605343411826e-05,2.60908178635335,1,1,0.342991180857259,"2","POTEE"
"EIF3D",1.64582996551822e-05,0.80382148943119,1,1,0.349310951881586,"2","EIF3D"
"FAM102A1",1.65080330237077e-05,1.14539612361063,1,1,0.350366492895172,"2","FAM102A"
"EXOSC2",1.67532542732906e-05,0.758909715395102,1,1,0.35557106869632,"2","EXOSC2"
"DPH2",1.68314662033539e-05,1.48130601209617,1,1,0.357231038699984,"2","DPH2"
"LSM4",1.71242801168155e-05,1.25058382227239,1,1,0.363445721199291,"2","LSM4"
"RPS8",1.75590264682836e-05,1.01401405127486,1,1,0.372672777762851,"2","RPS8"
"SSBP4",1.75645061883289e-05,1.75429021985662,1,1,0.372789079341093,"2","SSBP4"
"C11orf48",1.76278025807396e-05,1.68574659034936,1,1,0.374132481973617,"2","C11orf48"
"NPM1P40",1.78253822874997e-05,2.53566345354065,1,1,0.378325913669895,"2","NPM1P40"
"RFPL4A",1.78672410025919e-05,4.61489146882731,1,1,0.37921432303901,"2","RFPL4A"
"FANCE",1.81172214251562e-05,1.0965571952843,1,1,0.384519907527515,"2","FANCE"
"MICAL2",1.87027871060889e-05,1.04841657980243,1,1,0.396947953539631,"2","MICAL2"
"RPL36A",1.87563415788993e-05,1.14207595277467,1,1,0.39808459367056,"2","RPL36A"
"SPATA20",1.91745165272255e-05,0.139789872370695,1,1,0.406959938773835,"2","SPATA20"
"BRMS1",1.92057082971588e-05,1.73026783474702,1,1,0.407621952898898,"2","BRMS1"
"MDH2",1.92274763207312e-05,1.00281337595868,1,1,0.408083957431199,"2","MDH2"
"HSPD1P1",1.93811206888646e-05,2.32042353314972,1,1,0.411344905500462,"2","HSPD1P1"
"VHL",1.9739961911959e-05,1.0272257643973,1,1,0.418960951619417,"2","VHL"
"RNF141",1.99385819334339e-05,1.48121651736136,1,1,0.423176462955202,"2","RNF141"
"AURKA",2.01367580760017e-05,1.17228064173812,1,1,0.427382553405061,"2","AURKA"
"CCL211",2.04294607007788e-05,1.731614535705,1,1,0.433594873913328,"2","CCL21"
"SMC4",2.04500157107462e-05,1.10723519583235,1,1,0.434031133444877,"2","SMC4"
"TSPAN15",2.06405281777521e-05,1.30196904621707,1,1,0.438074570044611,"2","TSPAN15"
"RPS6KA3",2.06821793535336e-05,1.02191482319464,1,1,0.438958574599398,"2","RPS6KA3"
"LONRF3",2.07922719909236e-05,1.47516374089604,1,1,0.441295180735363,"2","LONRF3"
"ANKLE1",2.14382202791814e-05,1.24453468438601,1,1,0.455004787205345,"2","ANKLE1"
"RPL11",2.16350291162965e-05,0.871740439667246,1,1,0.459181857964276,"2","RPL11"
"HEATR2",2.16450885158408e-05,1.66773674457242,1,1,0.459395358660205,"2","HEATR2"
"PCBD1",2.19158797359245e-05,1.53753238904423,1,1,0.465142631515261,"2","PCBD1"
"ELK3",2.20930681851865e-05,0.942182305543703,1,1,0.468903279162397,"2","ELK3"
"E2F1",2.23058224661842e-05,2.26357907428049,1,1,0.473418776022293,"2","E2F1"
"KRTAP12-1",2.23377695157579e-05,2.27804436911394,1,1,0.474096820202446,"2","KRTAP12-1"
"MEIS3P2",2.27072694879208e-05,0.556882584081318,1,1,0.48193908761163,"2","MEIS3P2"
"PRMT3",2.27314274653815e-05,1.11424283495557,1,1,0.482451816525257,"2","PRMT3"
"HNRNPR",2.32920757124853e-05,0.824770718427214,1,1,0.494351014921789,"2","HNRNPR"
"IMP4",2.33256493803017e-05,1.29789341372145,1,1,0.495063582447523,"2","IMP4"
"POLR2H",2.33808263848989e-05,1.10206455191565,1,1,0.496234659193094,"2","POLR2H"
"NDUFS3",2.34799450550707e-05,0.753690582221129,1,1,0.498338353848822,"2","NDUFS3"
"STEAP1B",2.37131478229796e-05,1.62946483073094,1,1,0.503287849394919,"2","STEAP1B"
"GIMAP6",2.43257058285143e-05,1.38759709209496,1,1,0.516288780504388,"2","GIMAP6"
"DARS",2.44288127308276e-05,1.0626896271412,1,1,0.518477121399085,"2","DARS"
"SLITRK4",2.46228917873154e-05,2.28888046537005,1,1,0.522596255293982,"2","SLITRK4"
"USP10",2.48326331595067e-05,0.631977071820842,1,1,0.527047806177369,"2","USP10"
"SNHG9",2.50123875910979e-05,2.84730700890431,1,1,0.530862914233463,"2","SNHG9"
"RALGDS",2.52625760520122e-05,0.710151490030977,1,1,0.536172914127907,"2","RALGDS"
"DIAPH3",2.53429178702095e-05,1.06188335496622,1,1,0.537878088877326,"2","DIAPH3"
"S100A16",2.54026941175977e-05,1.40457546309089,1,1,0.539146779951893,"2","S100A16"
"CSE1L",2.56468973465338e-05,1.18334970649917,1,1,0.544329749282833,"2","CSE1L"
"RPS28",2.56496651259431e-05,1.47381429080695,1,1,0.544388492633016,"2","RPS28"
"MRPS6",2.56748083510311e-05,1.00179148598146,1,1,0.544922132442285,"2","MRPS6"
"NYAP1",2.57072047177252e-05,0.873819430426277,1,1,0.545609712928999,"2","NYAP1"
"WDR62",2.59477585762943e-05,0.830170757499156,1,1,0.55071522802327,"2","WDR62"
"AC011526.1",2.63368429880158e-05,2.23636309805863,1,1,0.558973155577647,"2","AC011526.1"
"RPL7AP6",2.6445814690788e-05,1.60933434089987,1,1,0.561285970997284,"2","RPL7AP6"
"PGK2",2.64701247445341e-05,2.48006042146813,1,1,0.561801927577992,"2","PGK2"
"HOXD1",2.66798408124851e-05,1.85745444304588,1,1,0.566252941404184,"2","HOXD1"
"PCID2",2.70093702128103e-05,0.895799561039665,1,1,0.573246873396686,"2","PCID2"
"RAD54L",2.71531487303329e-05,1.29831545278054,1,1,0.576298428652585,"2","RAD54L"
"PHTF1",2.72008781163786e-05,1.25250579018429,1,1,0.577311437142018,"2","PHTF1"
"FABP5P11",2.73984725858289e-05,2.51714392469682,1,1,0.581505182161633,"2","FABP5P11"
"ZNF511",2.78782476172798e-05,1.42257410565912,1,1,0.591687927429147,"2","ZNF511"
"C20orf112",2.81442772685594e-05,0.971666464404738,1,1,0.597334140747905,"2","C20orf112"
"IQSEC1",2.82317854815645e-05,1.06001157036748,1,1,0.599191415060726,"2","IQSEC1"
"GPR182",2.84374299364619e-05,2.12286393933275,1,1,0.603556012971467,"2","GPR182"
"BMS1",2.84603497489314e-05,0.683514916278842,1,1,0.604042463071321,"2","BMS1"
"NADK",2.92127537119209e-05,0.930201214530097,1,1,0.620011484781808,"2","NADK"
"B3GNT7",2.94886385961805e-05,1.66480515697812,1,1,0.625866865565336,"2","B3GNT7"
"FANCD2",2.95405829691621e-05,0.840447840078713,1,1,0.626969332937496,"2","FANCD2"
"CDYL",3.00312036332237e-05,0.732129577384757,1,1,0.63738226591154,"2","CDYL"
"NETO2",3.02084789555923e-05,1.54343370197388,1,1,0.641144757353492,"2","NETO2"
"WDR54",3.02254200524244e-05,1.35132076313933,1,1,0.641504315192654,"2","WDR54"
"ALPPL2",3.02293827210754e-05,1.49991663589182,1,1,0.641588418872104,"2","ALPPL2"
"CKS2",3.03118785491578e-05,1.42280945326313,1,1,0.643339310327325,"2","CKS2"
"SLC41A1",3.04379270876572e-05,1.05887199680012,1,1,0.646014564508437,"2","SLC41A1"
"CAMKV",3.12586835791001e-05,2.18489133032466,1,1,0.66343430028282,"2","CAMKV"
"OSGEP",3.14765323143745e-05,1.13284288737022,1,1,0.668057921840284,"2","OSGEP"
"ZNF831",3.17738277206873e-05,1.23168729180072,1,1,0.674367719543868,"2","ZNF831"
"CNIH4",3.22664262458953e-05,1.44662702937818,1,1,0.684822630642882,"2","CNIH4"
"FKBP4",3.24953525362246e-05,1.11114355054309,1,1,0.689681362228832,"2","FKBP4"
"ORC1",3.27384244568748e-05,1.45102276043439,1,1,0.694840320672711,"2","ORC1"
"TNFAIP8L1",3.28653338799991e-05,1.33027435274312,1,1,0.6975338462691,"2","TNFAIP8L1"
"ERG",3.30256545925037e-05,1.00404753904325,1,1,0.700936493071298,"2","ERG"
"CHEK1",3.3168117491269e-05,1.55495781514921,1,1,0.703960125634693,"2","CHEK1"
"BUB3",3.31815407016268e-05,0.659977497925766,1,1,0.704245019851327,"2","BUB3"
"HIST1H2BN",3.34779817552839e-05,1.10458375484078,1,1,0.710536684774145,"2","HIST1H2BN"
"ZNF695",3.380482932312e-05,1.0967373873095,1,1,0.717473697553898,"2","ZNF695"
"TNIP2",3.44658572648984e-05,1.73527413282563,1,1,0.731503354590204,"2","TNIP2"
"CBS",3.48820410227728e-05,3.6544629005558,1,1,0.74033643866733,"2","CBS"
"HIST1H2BG",3.4996633717673e-05,1.24740398559735,1,1,0.742768554023892,"2","HIST1H2BG"
"DYSF1",3.5186828051956e-05,1.19279881379891,1,1,0.746805238574715,"2","DYSF"
"RPS21",3.52733884616195e-05,0.832543406450407,1,1,0.748642396709413,"2","RPS21"
"ITPRIPL1",3.54017598730534e-05,1.05427515620823,1,1,0.751366951545685,"2","ITPRIPL1"
"KIAA1586",3.54365127713032e-05,1.39670733103857,1,1,0.75210454705814,"2","KIAA1586"
"AP1S1",3.55820948118193e-05,1.30821171792122,1,1,0.755194380286054,"2","AP1S1"
"PRR5L",3.57326752532461e-05,1.43721280815192,1,1,0.758390299574894,"2","PRR5L"
"ROBO3",3.59308486594461e-05,1.34623863534558,1,1,0.762596331948084,"2","ROBO3"
"PUS1",3.62586210931565e-05,2.00126101574996,1,1,0.769552974081154,"2","PUS1"
"EIF3FP1",3.66833900568436e-05,2.61915833014232,1,1,0.778568270566448,"2","EIF3FP1"
"MCM2",3.67361700650346e-05,2.11879749857974,1,1,0.779688473460294,"2","MCM2"
"SLC2A9",3.67703799014519e-05,0.19035510753878,1,1,0.780414543028415,"2","SLC2A9"
"DNPH1",3.69419508482756e-05,1.88161552796945,1,1,0.784055964803801,"2","DNPH1"
"AC073869.1",3.71133643286245e-05,1.99363019436665,1,1,0.787694044510726,"2","AC073869.1"
"CTR9",3.71621289757384e-05,0.633703041955275,1,1,0.788729025381072,"2","CTR9"
"RAPGEF5",3.74262437981801e-05,1.17071747976502,1,1,0.794334598372574,"2","RAPGEF5"
"RPSAP15",3.84098130511129e-05,1.20383744052411,1,1,0.815209872196821,"2","RPSAP15"
"ZP3",3.84339609363315e-05,1.69850398046547,1,1,0.815722386912701,"2","ZP3"
"SH3BP2",3.8585034391877e-05,0.950301644032304,1,1,0.818928769933197,"2","SH3BP2"
"HDAC2",3.8673553788943e-05,0.813609093508902,1,1,0.820807505616526,"2","HDAC2"
"DAZAP1",3.87646100851699e-05,0.918440029080827,1,1,0.822740084447647,"2","DAZAP1"
"SNORA21",3.90835447287394e-05,3.08845074228133,1,1,0.829509153322766,"2","SNORA21"
"P2RX4",3.97368644205975e-05,1.08647819536279,1,1,0.84337521046276,"2","P2RX4"
"SNORA38",4.01845886328298e-05,2.38618107609536,1,1,0.852877709143181,"2","SNORA38"
"PXMP21",4.09195541493096e-05,1.42492813216267,1,1,0.868476617264947,"2","PXMP2"
"IL13RA21",4.11342087892502e-05,1.67423112888476,1,1,0.873032447343046,"2","IL13RA2"
"KIF3B",4.19705308213657e-05,0.672333458502347,1,1,0.890782546152665,"2","KIF3B"
"SEMA4C",4.21055234578056e-05,1.25523123084242,1,1,0.893647629868466,"2","SEMA4C"
"SRPK1",4.27336205717274e-05,1.16454579730285,1,1,0.906978363014342,"2","SRPK1"
"HIST1H3H",4.28700736215266e-05,1.4582583451952,1,1,0.909874442543281,"2","HIST1H3H"
"PITPNB",4.33657480571042e-05,0.825385474397237,1,1,0.92039463676398,"2","PITPNB"
"HIST1H3I",4.35227521224246e-05,1.52649179151543,1,1,0.923726891046341,"2","HIST1H3I"
"DEPDC1",4.35514616479054e-05,1.25375172130951,1,1,0.924336222015144,"2","DEPDC1"
"RPS4XP2",4.36975779218019e-05,1.3366173595248,1,1,0.927437393812324,"2","RPS4XP2"
"UNC5B",4.38338770732004e-05,2.09288625044253,1,1,0.930330207001604,"2","UNC5B"
"RTKN",4.43308814666458e-05,1.24616555802294,1,1,0.94087862824809,"2","RTKN"
"TMEM38B1",4.43442783676851e-05,0.191440121537239,1,1,0.941162964075749,"2","TMEM38B"
"CDCA2",4.4806952187243e-05,0.909207520116347,1,1,0.950982753222046,"2","CDCA2"
"FAM216A",4.55617858919732e-05,2.24036442761944,1,1,0.96700334377124,"2","FAM216A"
"PLK4",4.55886799487508e-05,1.25956939888445,1,1,0.967574143232287,"2","PLK4"
"UROS",4.58377805114894e-05,1.09927792446555,1,1,0.97286105357585,"2","UROS"
"RNF34",4.65825983289066e-05,1.45597691238268,1,1,0.988669066932715,"2","RNF34"
"PRR11",4.67725108688854e-05,1.41237062484444,1,1,0.992699770681223,"2","PRR11"
"LRP81",4.69092585612818e-05,1.40747329094757,1,1,0.995602103704644,"2","LRP8"
"AATF",4.71607836792404e-05,1.36839816997358,1,1,1,"2","AATF"
"GRSF1",4.7528288800914e-05,0.750148537956136,1,1,1,"2","GRSF1"
"EGLN31",4.75392117976974e-05,0.892821595440745,1,1,1,"2","EGLN3"
"TUFM",4.77332234956409e-05,1.12568651904647,1,1,1,"2","TUFM"
"MTMR2",4.79587825275198e-05,1.0348995333118,1,1,1,"2","MTMR2"
"DNAJC2",4.81236855965131e-05,1.00651457957478,1,1,1,"2","DNAJC2"
"XRCC2",4.8251140825877e-05,1.50195695364036,1,1,1,"2","XRCC2"
"CDT1",4.91683803102644e-05,2.39317263150978,1,1,1,"2","CDT1"
"GART",4.97879328411897e-05,0.823730249487635,1,1,1,"2","GART"
"USP39",4.99900261028193e-05,0.765740320928401,1,1,1,"2","USP39"
"SF3A3",5.02183383214549e-05,0.693566050901396,1,1,1,"2","SF3A3"
"PDHA11",5.05673490283379e-05,0.681745489289174,1,1,1,"2","PDHA1"
"NOVA2",5.06243256236705e-05,2.18581402917769,1,1,1,"2","NOVA2"
"NR5A21",5.10303602490862e-05,1.45259717262222,1,1,1,"2","NR5A2"
"RPS7P4",5.16035311269262e-05,2.13862868027938,1,1,1,"2","RPS7P4"
"HMGN1",5.16587047619249e-05,0.774894924094145,1,1,1,"2","HMGN1"
"RP11-887P2.3",5.19084055937947e-05,0.958508182247794,1,1,1,"2","RP11-887P2.3"
"KIF22",5.19993947378038e-05,1.05320550358895,1,1,1,"2","KIF22"
"ECE2",5.21406743871499e-05,1.63692583618785,1,1,1,"2","ECE2"
"FBL",5.24561081038424e-05,2.16535653982611,1,1,1,"2","FBL"
"DCTPP1",5.25246759632245e-05,1.66577611470798,1,1,1,"2","DCTPP1"
"KLHL33",5.27033344770168e-05,1.42782587368957,1,1,1,"2","KLHL33"
"PSMA51",5.33274868445665e-05,0.913305250514682,1,1,1,"2","PSMA5"
"CHRNA1",5.3740046275934e-05,0.701380643182203,1,1,1,"2","CHRNA1"
"AC093106.7",5.37847944380681e-05,3.32579711731467,1,1,1,"2","AC093106.7"
"RPS6KL1",5.39952826958757e-05,1.5439074625883,1,1,1,"2","RPS6KL1"
"EGFL71",5.5284008932427e-05,1.52817222508877,1,1,1,"2","EGFL7"
"EFCAB4A",5.61780711884776e-05,2.28974868791043,1,1,1,"2","EFCAB4A"
"SND1",5.61996571753094e-05,0.562497893321591,1,1,1,"2","SND1"
"ADAMTS7",5.67214135160608e-05,2.34151709128826,1,1,1,"2","ADAMTS7"
"PODXL2",5.7415493883897e-05,1.89573231541846,1,1,1,"2","PODXL2"
"ZWINT",5.76669039101313e-05,1.17256078761812,1,1,1,"2","ZWINT"
"HIST2H4B",5.80531442327104e-05,0.889819301697207,1,1,1,"2","HIST2H4B"
"SRSF9",5.88470472932616e-05,0.771258387477383,1,1,1,"2","SRSF9"
"PKN1",5.93097511172286e-05,1.85743022776061,1,1,1,"2","PKN1"
"EIF3J",5.93889776191046e-05,0.911608097663766,1,1,1,"2","EIF3J"
"NINL",5.95410804406477e-05,1.7205152587853,1,1,1,"2","NINL"
"DHX37",5.95997001826975e-05,1.55886269962754,1,1,1,"2","DHX37"
"PRMT1",6.00876877526966e-05,1.25369785640753,1,1,1,"2","PRMT1"
"PHACTR2",6.01655948954526e-05,0.769926661083954,1,1,1,"2","PHACTR2"
"SNORA73B",6.05039528627578e-05,1.74667312341835,1,1,1,"2","SNORA73B"
"ACAT1",6.06917226470437e-05,1.16860490631966,1,1,1,"2","ACAT1"
"FAM64A",6.14102685359857e-05,2.21172921140008,1,1,1,"2","FAM64A"
"DTL",6.2052898940839e-05,1.09703308993363,1,1,1,"2","DTL"
"HOXD8",6.21135057513278e-05,1.08594662564254,1,1,1,"2","HOXD8"
"NAP1L1",6.30604633695151e-05,1.21374134742565,1,1,1,"2","NAP1L1"
"USP31",6.3326361606406e-05,1.33056349531518,1,1,1,"2","USP31"
"LIPT2",6.40057440745764e-05,1.49872765822997,1,1,1,"2","LIPT2"
"RPS24",6.43510922103053e-05,0.936075127037942,1,1,1,"2","RPS24"
"PUS7",6.47321255194999e-05,1.40765710038895,1,1,1,"2","PUS7"
"SAFB",6.54432475680678e-05,1.1213033466823,1,1,1,"2","SAFB"
"PNPT1",6.55393103163243e-05,1.05499703457644,1,1,1,"2","PNPT1"
"TFAM",6.66342383463488e-05,1.405189245301,1,1,1,"2","TFAM"
"SPIC",6.6875917022418e-05,2.2376429464337,1,1,1,"2","SPIC"
"TRIT1",6.7558585174017e-05,0.863367137657344,1,1,1,"2","TRIT1"
"PLCD3",6.79787319628504e-05,2.71625245018992,1,1,1,"2","PLCD3"
"RPSA",6.8474083235892e-05,1.45228395965828,1,1,1,"2","RPSA"
"PIWIL3",6.85622539669521e-05,1.5078894674902,1,1,1,"2","PIWIL3"
"RHOJ",6.87585205675824e-05,1.35006164229829,1,1,1,"2","RHOJ"
"NOMO1",6.88087185681084e-05,0.769380743512759,1,1,1,"2","NOMO1"
"MAGEB1",6.9696416492259e-05,1.71544862076009,1,1,1,"2","MAGEB1"
"RRP36",7.01156750688511e-05,0.766326838020012,1,1,1,"2","RRP36"
"ARHGAP23",7.01464160889037e-05,0.810327071321964,1,1,1,"2","ARHGAP23"
"DDX23",7.06424403337118e-05,0.842379218103524,1,1,1,"2","DDX23"
"HSPH11",7.07094539376974e-05,0.701713366179845,1,1,1,"2","HSPH1"
"BTF3",7.09588330759803e-05,0.83566768391362,1,1,1,"2","BTF3"
"CIT",7.10502227692298e-05,1.11383040791238,1,1,1,"2","CIT"
"GFM1",7.11216946018536e-05,1.01410904324397,1,1,1,"2","GFM1"
"MRPL51",7.13692716796095e-05,0.955430842630538,1,1,1,"2","MRPL51"
"DTYMK",7.18117038383209e-05,1.23197901239505,1,1,1,"2","DTYMK"
"SNRPC",7.19493282059223e-05,1.05676734954254,1,1,1,"2","SNRPC"
"CLPB",7.263471649089e-05,0.863098569703714,1,1,1,"2","CLPB"
"SLC17A9",7.27863318250293e-05,1.99790935307519,1,1,1,"2","SLC17A9"
"CCNF",7.29104056843139e-05,1.28751548989013,1,1,1,"2","CCNF"
"EFCAB4B",7.30037897374233e-05,1.36175450480447,1,1,1,"2","EFCAB4B"
"DNMBP",7.40802256033298e-05,0.687953849128331,1,1,1,"2","DNMBP"
"C14orf21",7.43847978225215e-05,0.799145989708039,1,1,1,"2","C14orf2"
"AGAP3",7.67384641481432e-05,1.30271390543135,1,1,1,"2","AGAP3"
"HNRNPF",7.79311347791641e-05,0.698002056885446,1,1,1,"2","HNRNPF"
"FABP5P10",7.80527857823669e-05,0.945149091519948,1,1,1,"2","FABP5P10"
"STAB21",7.88676923291832e-05,1.01103598807505,1,1,1,"2","STAB2"
"MRPS21P1",7.9300881134175e-05,2.79853129135389,1,1,1,"2","MRPS21P1"
"RPS4XP8",7.98184803166035e-05,1.06223070950985,1,1,1,"2","RPS4XP8"
"ATP5EP2",8.00137682432491e-05,0.814822166720161,1,1,1,"2","ATP5EP2"
"ARL11",8.00548749532131e-05,3.10913551111129,1,1,1,"2","ARL11"
"EVC2",8.0299017405304e-05,1.06029842297621,1,1,1,"2","EVC2"
"RP11-475C16.1",8.04720194778993e-05,1.17640787261166,1,1,1,"2","RP11-475C16.1"
"GJC2",8.08701566873602e-05,0.43579641789972,1,1,1,"2","GJC2"
"MAGED4B",8.12038987839572e-05,1.21598073659024,1,1,1,"2","MAGED4B"
"RFXANK",8.13426537199628e-05,1.83590795258924,1,1,1,"2","RFXANK"
"FOXM1",8.13642415466265e-05,1.58543031114122,1,1,1,"2","FOXM1"
"PNO1",8.24310611811637e-05,1.65815392521893,1,1,1,"2","PNO1"
"TMEM109",8.32571339112847e-05,1.71425064184206,1,1,1,"2","TMEM109"
"LIMS3L",8.36250867667611e-05,1.07535878013588,1,1,1,"2","LIMS3L"
"PGM5P2",8.39000614411141e-05,2.46747793357639,1,1,1,"2","PGM5P2"
"MRPL15",8.40490627647079e-05,1.10417437704963,1,1,1,"2","MRPL15"
"EIF3I",8.43035894471992e-05,0.965135167557843,1,1,1,"2","EIF3I"
"MPG",8.57451995121661e-05,1.51670026035305,1,1,1,"2","MPG"
"TUBB",8.58931820818805e-05,0.994680530650719,1,1,1,"2","TUBB"
"WDR3",8.74552128899289e-05,1.1036228812393,1,1,1,"2","WDR3"
"PSMA7",8.80457990861611e-05,0.847915873558634,1,1,1,"2","PSMA7"
"DLGAP4",8.85659564884439e-05,0.713690950154753,1,1,1,"2","DLGAP4"
"CPNE7",8.91020937220927e-05,3.66883273747606,1,1,1,"2","CPNE7"
"RP1-273G13.2",8.91096763341672e-05,2.75106174763912,1,1,1,"2","RP1-273G13.2"
"NOS2",9.15079863080182e-05,1.84570369588673,1,1,1,"2","NOS2"
"CC2D2B",9.19473236164329e-05,0.524243868631812,1,1,1,"2","CC2D2B"
"POFUT1",9.19945774042881e-05,1.01153250592623,1,1,1,"2","POFUT1"
"ARHGAP42P1",9.30616751452593e-05,1.57823815796321,1,1,1,"2","ARHGAP42P1"
"BOP1",9.4208862242397e-05,2.46929936211018,1,1,1,"2","BOP1"
"HIST1H2AE",9.49842844121044e-05,0.911507621454009,1,1,1,"2","HIST1H2AE"
"MRGBP",9.52287492064242e-05,0.546434364550908,1,1,1,"2","MRGBP"
"CHAF1A",9.58392919848688e-05,2.13518924203721,1,1,1,"2","CHAF1A"
"EIF2S3",9.62635910821733e-05,0.928113222007607,1,1,1,"2","EIF2S3"
"DLAT",9.65590629507186e-05,0.857600542598892,1,1,1,"2","DLAT"
"MAP3K11",9.67828186648839e-05,1.01608780278002,1,1,1,"2","MAP3K11"
"UTP18",9.70677961939919e-05,2.08888999476764,1,1,1,"2","UTP18"
"DHODH",9.72670153941021e-05,1.70760307820994,1,1,1,"2","DHODH"
"NUP205",9.98948060370353e-05,0.573684906133767,1,1,1,"2","NUP205"
"RASGEF1A",9.99640293065087e-05,1.91628227527127,1,1,1,"2","RASGEF1A"
"NGEF1",0.000100486708280563,0.419021367182729,1,1,1,"2","NGEF"
"IMPDH1",0.000100637081902393,1.48837158778949,1,1,1,"2","IMPDH1"
"RP11-466F5.9",0.000101478921583694,1.01294666859624,1,1,1,"2","RP11-466F5.9"
"WDR12",0.000101652815767687,1.13139252688303,1,1,1,"2","WDR12"
"RTCA",0.000102187768015091,0.661326126082448,1,1,1,"2","RTCA"
"PRDX5",0.000102244669335224,1.48302051752361,1,1,1,"2","PRDX5"
"C15orf59",0.000102560230740096,0.297187991360786,1,1,1,"2","C15orf59"
"RPSAP54",0.000103084041872404,0.88941050934819,1,1,1,"2","RPSAP54"
"DENR",0.000103264203299001,1.03616052080777,1,1,1,"2","DENR"
"SLC35E4",0.000104088212228376,2.47063395340254,1,1,1,"2","SLC35E4"
"NDUFC1",0.000104833622546091,0.743558219061427,1,1,1,"2","NDUFC1"
"NME1",0.00010617448540118,1.62108917528576,1,1,1,"2","NME1"
"DBN1",0.000106192757041902,1.84620542487706,1,1,1,"2","DBN1"
"PHB",0.000106902003094097,1.09287088533833,1,1,1,"2","PHB"
"RP11-234B24.5",0.000107382618768772,3.9644996965307,1,1,1,"2","RP11-234B24.5"
"KLHL17",0.000108547195970474,1.7385763941441,1,1,1,"2","KLHL17"
"GDPD4",0.000108589172750957,1.66527457430008,1,1,1,"2","GDPD4"
"C1orf204",0.000110471533636373,0.121672644226583,1,1,1,"2","C1orf204"
"NOP10",0.000111204257421744,1.03549280181237,1,1,1,"2","NOP10"
"ZNF280A",0.000111792860195064,1.27661808710784,1,1,1,"2","ZNF280A"
"FKBP1A",0.000112998406966831,1.07244621388939,1,1,1,"2","FKBP1A"
"LRRC59",0.000113781845282581,1.42950747838582,1,1,1,"2","LRRC59"
"TIMM44",0.000114195120999898,0.699094617659592,1,1,1,"2","TIMM44"
"FAM129A",0.000114795544232042,1.12517266408265,1,1,1,"2","FAM129A"
"EIF4B",0.000116918988806472,0.858134237184043,1,1,1,"2","EIF4B"
"SNRPF",0.000117758357928788,1.56376961496305,1,1,1,"2","SNRPF"
"HNRNPA1P40",0.000118121722152204,3.92686430013094,1,1,1,"2","HNRNPA1P40"
"SNORA52",0.000118665546274221,1.42312169231818,1,1,1,"2","SNORA52"
"LTBR",0.0001202366976261,0.828546010604729,1,1,1,"2","LTBR"
"MCM7",0.000120375082599453,0.871708140862903,1,1,1,"2","MCM7"
"STOML2",0.000120410792034752,1.12117765700616,1,1,1,"2","STOML2"
"RPL28",0.000120799994351886,0.990376174556904,1,1,1,"2","RPL28"
"GIMAP4",0.000120875850345732,1.13511249602858,1,1,1,"2","GIMAP4"
"MCM5",0.000121497285909683,0.999428382133759,1,1,1,"2","MCM5"
"GNG111",0.000121596272115887,1.15277883039619,1,1,1,"2","GNG11"
"H2AFB1",0.000121836563242561,2.09274872869327,1,1,1,"2","H2AFB1"
"CREM",0.000122183839459674,1.31983005231322,1,1,1,"2","CREM"
"ANKRD13B",0.000122411829995364,1.30982725014922,1,1,1,"2","ANKRD13B"
"REXO4",0.000124276118982468,1.20081102619021,1,1,1,"2","REXO4"
"RP11-108K14.4",0.000124524374677262,1.06958268780889,1,1,1,"2","RP11-108K14.4"
"RAB11A1",0.000124640704335948,1.23513323044603,1,1,1,"2","RAB11A"
"EIF2S1",0.000125891672998112,0.899398416057476,1,1,1,"2","EIF2S1"
"YBX1P2",0.0001268155618477,2.19171851855097,1,1,1,"2","YBX1P2"
"HOXD9",0.000128547884155673,1.23673924354183,1,1,1,"2","HOXD9"
"RP11-62G11.1",0.000129716323717335,1.43089332560503,1,1,1,"2","RP11-62G11.1"
"TULP1",0.000130397562051548,1.22946056327402,1,1,1,"2","TULP1"
"ZNF2141",0.000131373454585868,0.759535956450197,1,1,1,"2","ZNF214"
"ARHGAP17",0.00013144216353565,0.52344558390817,1,1,1,"2","ARHGAP17"
"NME1-NME2",0.000131674365047554,1.34344224110247,1,1,1,"2","NME1-NME2"
"AGFG2",0.000133420319500979,0.946137431374002,1,1,1,"2","AGFG2"
"MDS2",0.000133426404827344,1.3073861056242,1,1,1,"2","MDS2"
"B3GALNT2",0.000134008610912799,0.747044146000103,1,1,1,"2","B3GALNT2"
"HYOU1",0.00013495611017348,1.13784156236179,1,1,1,"2","HYOU1"
"RAB3IL1",0.000135262017219639,1.33282999069711,1,1,1,"2","RAB3IL1"
"ATIC",0.000138225088618534,1.37010340524483,1,1,1,"2","ATIC"
"MMRN1",0.000139445642317776,2.04150699154891,1,1,1,"2","MMRN1"
"BANF1",0.000139984325833719,1.60031413484008,1,1,1,"2","BANF1"
"HK1",0.000140417491137149,1.31002583943905,1,1,1,"2","HK1"
"FNBP1L",0.000140483912456612,0.994824188017848,1,1,1,"2","FNBP1L"
"FAM157C1",0.000140563381616604,0.423367453074645,1,1,1,"2","FAM157C"
"NT5C3B",0.000143482689715343,0.83242789576105,1,1,1,"2","NT5C3B"
"CNTN6",0.000144014458345016,0.469541528425811,1,1,1,"2","CNTN6"
"GNAI3",0.000144209020579501,0.785988584420513,1,1,1,"2","GNAI3"
"MTDH",0.000144468285840341,0.999160358482829,1,1,1,"2","MTDH"
"SNORA30",0.000145635382974376,1.49966801399088,1,1,1,"2","SNORA30"
"LRRC38",0.000147338436141849,2.15080413221929,1,1,1,"2","LRRC38"
"ANP32A",0.000147825225413496,0.997212303972738,1,1,1,"2","ANP32A"
"PPP5C",0.00014798846366418,0.802741710296008,1,1,1,"2","PPP5C"
"HIST1H2AH",0.000148888902946608,1.23213086962568,1,1,1,"2","HIST1H2AH"
"NAA10",0.000149248855545044,1.19923300225143,1,1,1,"2","NAA10"
"SLC43A1",0.000149298314113791,1.03925914618559,1,1,1,"2","SLC43A1"
"PRPF38A",0.000149544592406364,0.72720846816101,1,1,1,"2","PRPF38A"
"PRR7",0.000149705957625853,1.74930016105827,1,1,1,"2","PRR7"
"RP11-782C8.5",0.000149820950136526,2.56565111666777,1,1,1,"2","RP11-782C8.5"
"POLD1",0.000151122246992419,1.66612906128713,1,1,1,"2","POLD1"
"NECAB1",0.000152155054466917,0.882638502503109,1,1,1,"2","NECAB1"
"SERBP1P1",0.000152887122317512,3.44079622088931,1,1,1,"2","SERBP1P1"
"ARRB2",0.00015288753091343,0.974234874656059,1,1,1,"2","ARRB2"
"U2AF1",0.000154173907970452,1.00031159618516,1,1,1,"2","U2AF1"
"EPHB2",0.000154595491686187,1.76780132098696,1,1,1,"2","EPHB2"
"SNORA1",0.00015469643699194,4.27036836456216,1,1,1,"2","SNORA1"
"MGAT31",0.000154865546305309,0.270285626822549,1,1,1,"2","MGAT3"
"C21orf59",0.000155071356633794,0.862688851295614,1,1,1,"2","C21orf59"
"RP11-132A1.4",0.000156403348704805,1.48525327613666,1,1,1,"2","RP11-132A1.4"
"SMC1A",0.000157241700671049,0.936149742224469,1,1,1,"2","SMC1A"
"SMARCC1",0.00015881550830057,0.628537335439262,1,1,1,"2","SMARCC1"
"METTL8",0.000158850766125104,0.755390191174589,1,1,1,"2","METTL8"
"HPDL",0.00015907387055527,1.68976477908499,1,1,1,"2","HPDL"
"EPHA3",0.000159699319225929,0.35249321752074,1,1,1,"2","EPHA3"
"TTLL12",0.000160213890040749,1.60442857742919,1,1,1,"2","TTLL12"
"RP11-269M20.1",0.000160724688064414,1.75814393442812,1,1,1,"2","RP11-269M20.1"
"RPL18A",0.000162198339549003,1.14965825652955,1,1,1,"2","RPL18A"
"RPL36",0.000162380915334924,0.964572382074898,1,1,1,"2","RPL36"
"TRIL",0.000162414751369483,1.81957076112236,1,1,1,"2","TRIL"
"HIST1H4B",0.000162447747618518,1.16089512226218,1,1,1,"2","HIST1H4B"
"GUK1",0.000162806315050784,1.37601753565901,1,1,1,"2","GUK1"
"PPIAL4B",0.000162938912449942,0.444873288885887,1,1,1,"2","PPIAL4B"
"C15orf39",0.000163580034940776,0.846782453552429,1,1,1,"2","C15orf39"
"RTCB1",0.000164220907280401,0.682433369753211,1,1,1,"2","RTCB"
"SNRPG",0.000165082284705599,1.23035962489824,1,1,1,"2","SNRPG"
"MLF1IP",0.000165245613674624,0.893346994505938,1,1,1,"2","MLF1IP"
"HJURP",0.000165273414634593,1.03592742770626,1,1,1,"2","HJURP"
"SULT1C4",0.000165538555854129,1.93020450045392,1,1,1,"2","SULT1C4"
"MSH2",0.000165585010538664,1.01778343618384,1,1,1,"2","MSH2"
"RASAL3",0.000165642129331428,1.27508924804427,1,1,1,"2","RASAL3"
"MRPL4",0.000166944293355832,0.849176976968964,1,1,1,"2","MRPL4"
"KRI1",0.000167022135400044,1.08292900431313,1,1,1,"2","KRI1"
"HIST1H2AG",0.000167749288615109,1.24977018265839,1,1,1,"2","HIST1H2AG"
"SUPT16H",0.000169033248964632,0.581880885851248,1,1,1,"2","SUPT16H"
"NOM1",0.000170610493659734,1.22747514069977,1,1,1,"2","NOM1"
"GABARAPL2",0.000170760735242991,1.08610428916735,1,1,1,"2","GABARAPL2"
"SRP72",0.000170977595947884,0.677875635422179,1,1,1,"2","SRP72"
"NDUFAF2",0.000172591650092961,0.997390519764854,1,1,1,"2","NDUFAF2"
"RP11-254B13.1",0.0001729745352949,3.7089668940752,1,1,1,"2","RP11-254B13.1"
"RTFDC1",0.000174730570667078,0.708671003504829,1,1,1,"2","RTFDC1"
"MRPS9",0.000175418522704996,0.96018048601163,1,1,1,"2","MRPS9"
"PDE4B",0.000177478367181824,0.868119989619718,1,1,1,"2","PDE4B"
"BRSK1",0.000177599085681299,2.24517867495259,1,1,1,"2","BRSK1"
"NGDN",0.000178113587773067,0.334068617322069,1,1,1,"2","NGDN"
"NCL",0.000179780074649127,1.02125627872045,1,1,1,"2","NCL"
"PPID",0.00018011366969659,0.943972712185134,1,1,1,"2","PPID"
"NPM1P27",0.000181037446541963,0.700331580010676,1,1,1,"2","NPM1P27"
"C17orf53",0.000181155137963673,0.74067282949443,1,1,1,"2","C17orf53"
"MPHOSPH10",0.000182087754875619,0.784605777486565,1,1,1,"2","MPHOSPH10"
"ASB13",0.000183028219625345,1.44785939059421,1,1,1,"2","ASB13"
"FAM86A",0.000183474099444637,1.23840580622349,1,1,1,"2","FAM86A"
"RP1-273G13.1",0.000184192200277275,1.12186528660791,1,1,1,"2","RP1-273G13.1"
"HSPA8P5",0.000184236591970562,0.600560453982499,1,1,1,"2","HSPA8P5"
"CNOT6",0.000186154080839028,1.07488651050533,1,1,1,"2","CNOT6"
"KRTAP12-3",0.000186545916860221,0.610669649690712,1,1,1,"2","KRTAP12-3"
"RFK",0.000190253371902856,1.36321614164767,1,1,1,"2","RFK"
"HOMER31",0.000190363780973572,1.64107694496011,1,1,1,"2","HOMER3"
"YWHAQ",0.000190626679888078,0.641544175019689,1,1,1,"2","YWHAQ"
"ZNF582",0.000190765428607276,0.45444715445055,1,1,1,"2","ZNF582"
"NPM1P39",0.000191916792279439,1.30529450846666,1,1,1,"2","NPM1P39"
"RP11-123M21.2",0.000192859397010816,0.684483059390537,1,1,1,"2","RP11-123M21.2"
"TMEM51",0.000193807241402976,1.26608713115743,1,1,1,"2","TMEM51"
"SNHG3",0.000195273661058492,1.62549782217945,1,1,1,"2","SNHG3"
"DCHS2",0.000195551443170201,2.95801610000558,1,1,1,"2","DCHS2"
"TMEM181",0.000196097508891941,1.15807088131582,1,1,1,"2","TMEM181"
"ACP1",0.000196471886217258,0.86321056980033,1,1,1,"2","ACP1"
"PPP2R5D",0.000197274710454859,0.917021800002601,1,1,1,"2","PPP2R5D"
"STXBP6",0.000198193171472721,1.37104823940415,1,1,1,"2","STXBP6"
"VARS",0.000199079350173432,1.33558567946165,1,1,1,"2","VARS"
"RP11-693N9.2",0.000200374987210422,1.43221906983707,1,1,1,"2","RP11-693N9.2"
"DNTT",0.000201019558314836,1.62738140084874,1,1,1,"2","DNTT"
"RPS2",0.000202073910183146,1.23989836737595,1,1,1,"2","RPS2"
"TTK",0.000206737143709858,1.12697110195314,1,1,1,"2","TTK"
"RPL13AP25",0.000207529369054061,1.13013338185939,1,1,1,"2","RPL13AP25"
"ZDHHC8",0.000208012129920432,1.02879010186441,1,1,1,"2","ZDHHC8"
"RP11-553A10.1",0.000210238687538396,2.73817473907034,1,1,1,"2","RP11-553A10.1"
"OLA1",0.000211226601762905,1.07015977194163,1,1,1,"2","OLA1"
"CYP4F31P",0.000211531426002075,1.49681640365917,1,1,1,"2","CYP4F31P"
"POLA2",0.000211732365145909,0.702304501738528,1,1,1,"2","POLA2"
"LRCH2",0.00021262288666204,2.12589763161803,1,1,1,"2","LRCH2"
"WDR74",0.000215083118499953,1.95993282222212,1,1,1,"2","WDR74"
"SRRT",0.000215281658739263,0.877068516385506,1,1,1,"2","SRRT"
"EGLN1",0.00021609169433194,0.830259111826987,1,1,1,"2","EGLN1"
"PTMA",0.000218150020440357,1.11872450518262,1,1,1,"2","PTMA"
"GTF2F1",0.000219630914892151,1.16516554611652,1,1,1,"2","GTF2F1"
"KLHDC4",0.000220409707271525,2.00462587818948,1,1,1,"2","KLHDC4"
"KIF191",0.00022102784620221,1.2493644554751,1,1,1,"2","KIF19"
"URB1",0.000222292431070107,0.814030203838122,1,1,1,"2","URB1"
"NUDT5",0.000226282090031157,1.27093905454718,1,1,1,"2","NUDT5"
"MRPL20",0.000226282811284482,0.668142140798084,1,1,1,"2","MRPL20"
"EFNA1",0.000226355465199124,1.72134962244086,1,1,1,"2","EFNA1"
"OSBP21",0.000226576734640757,0.452500066860988,1,1,1,"2","OSBP2"
"RP11-420O16.2",0.000229378419214599,1.68176039471587,1,1,1,"2","RP11-420O16.2"
"PFN1",0.000231205146688649,0.682190502169057,1,1,1,"2","PFN1"
"HNRNPA2B1",0.000231947350947944,0.583557737979081,1,1,1,"2","HNRNPA2B1"
"MRPS26",0.000231999054606662,2.49592249409616,1,1,1,"2","MRPS26"
"MSH6",0.000232636633129225,0.634692300487369,1,1,1,"2","MSH6"
"ECI2",0.000232816408839727,1.01226106282228,1,1,1,"2","ECI2"
"ARPC5L1",0.000232906221257826,0.306742744791533,1,1,1,"2","ARPC5L"
"FBXL7",0.000234339226672725,1.91757013256515,1,1,1,"2","FBXL7"
"IPO5",0.000235401942139924,0.775339786854719,1,1,1,"2","IPO5"
"HIST1H2BD",0.000235545262880991,0.892532966692325,1,1,1,"2","HIST1H2BD"
"ARHGAP11A",0.000236990216827884,0.982273786930472,1,1,1,"2","ARHGAP11A"
"ARPC1A",0.000238239578967656,0.815097208409256,1,1,1,"2","ARPC1A"
"C19orf71",0.000238369426738957,1.07134777986099,1,1,1,"2","C19orf71"
"GNB1",0.000238375226122867,1.14219560154831,1,1,1,"2","GNB1"
"BAZ1B",0.000239441438416483,0.579071600762809,1,1,1,"2","BAZ1B"
"ERCC2",0.00024102144612857,0.661858596800114,1,1,1,"2","ERCC2"
"ZNF219",0.000241668237943495,1.50380867515834,1,1,1,"2","ZNF219"
"CKAP2L",0.000242237644847258,1.23047878050884,1,1,1,"2","CKAP2L"
"HSPE1",0.000245718609878032,1.07261202923787,1,1,1,"2","HSPE1"
"PSMB41",0.000246788291877715,0.663490162531588,1,1,1,"2","PSMB4"
"EPRS",0.000251474817253258,0.635113259731195,1,1,1,"2","EPRS"
"IQGAP3",0.000252170907764269,1.18462281444161,1,1,1,"2","IQGAP3"
"FAM72B",0.000252910316032505,1.29833648468535,1,1,1,"2","FAM72B"
"DRG1",0.000253173269899177,0.533109756699261,1,1,1,"2","DRG1"
"DNAJC5",0.000253196298302947,0.89992844229362,1,1,1,"2","DNAJC5"
"SENP3",0.000255242237778692,1.28849200429319,1,1,1,"2","SENP3"
"FTSJ1",0.000258886099267198,1.23227293693991,1,1,1,"2","FTSJ1"
"MAPRE1",0.000258934981922247,0.749062734633004,1,1,1,"2","MAPRE1"
"RP11-159J3.1",0.000260174405923237,1.8371856560208,1,1,1,"2","RP11-159J3.1"
"DDAH11",0.000261869499011056,0.541197828352356,1,1,1,"2","DDAH1"
"KIF23",0.000262345180307752,0.738612621560852,1,1,1,"2","KIF23"
"YY1",0.000262632709920885,0.564348324172741,1,1,1,"2","YY1"
"FAM65A",0.000264933444247332,0.871850139986709,1,1,1,"2","FAM65A"
"ATP5C1P1",0.000266564149792216,1.37083100460591,1,1,1,"2","ATP5C1P1"
"ANP32E",0.000272416707652184,0.982022468126335,1,1,1,"2","ANP32E"
"NUF2",0.000274364615596904,1.25696919659862,1,1,1,"2","NUF2"
"TACC3",0.00027589792249917,1.31000777468456,1,1,1,"2","TACC3"
"MEN1",0.000276411497973306,1.22898087508075,1,1,1,"2","MEN1"
"SNORA64",0.00028252765143258,1.91648428001656,1,1,1,"2","SNORA64"
"AMPD2",0.000284016370481099,1.15754748308635,1,1,1,"2","AMPD2"
"ZNF521",0.000286644073527089,0.924441101635139,1,1,1,"2","ZNF521"
"INTS5",0.000287042227361659,0.947207063917414,1,1,1,"2","INTS5"
"SLC5A4",0.000287880813065876,1.72377403187355,1,1,1,"2","SLC5A4"
"TBCB",0.00028795603116109,0.830584494159371,1,1,1,"2","TBCB"
"WHSC1",0.000288654831597929,0.907164830193388,1,1,1,"2","WHSC1"
"ATAD3B",0.000289188142543646,2.04791174167936,1,1,1,"2","ATAD3B"
"METAP2",0.000289760407485669,0.784966940706646,1,1,1,"2","METAP2"
"CARM1",0.000290482528860442,0.817128477374855,1,1,1,"2","CARM1"
"RPL22",0.000290971323419279,0.958466194910233,1,1,1,"2","RPL22"
"ANO4",0.000296782754330053,3.95722996135698,1,1,1,"2","ANO4"
"TTLL71",0.000297701079638491,0.802403081553901,1,1,1,"2","TTLL7"
"CACYBPP2",0.000298425384843117,0.853956007708616,1,1,1,"2","CACYBPP2"
"MIIP",0.000298505800418462,1.6910604601757,1,1,1,"2","MIIP"
"STK32B",0.00029996191251014,1.78771269761332,1,1,1,"2","STK32B"
"NUP93",0.000300263915820677,0.542336134631746,1,1,1,"2","NUP93"
"AS3MT1",0.0003005384420696,0.391451516601249,1,1,1,"2","AS3MT"
"EFTUD2",0.000301214778049894,0.580204789940037,1,1,1,"2","EFTUD2"
"PPRC1",0.000302959213956185,0.603109888490476,1,1,1,"2","PPRC1"
"GADD45A",0.000303510935000006,1.09967836217888,1,1,1,"2","GADD45A"
"SLC27A3",0.00030440452620712,1.13578738762585,1,1,1,"2","SLC27A3"
"HPSE1",0.000304612230091329,0.523835683988326,1,1,1,"2","HPSE"
"CARD8",0.000305679421756466,0.664942740649991,1,1,1,"2","CARD8"
"C16orf13",0.000308711535123843,1.15160193603901,1,1,1,"2","C16orf13"
"LMBR1",0.000309608845991892,1.1528690028143,1,1,1,"2","LMBR1"
"PSMC5",0.000310348640450608,0.512135038455003,1,1,1,"2","PSMC5"
"ABCG1",0.000310511523803143,1.66536159477465,1,1,1,"2","ABCG1"
"SAP18",0.000311793249862925,1.64587633135128,1,1,1,"2","SAP18"
"SLC39A14",0.000315674317161555,1.1809216579366,1,1,1,"2","SLC39A14"
"CLEC14A1",0.000316444391180988,0.413587036553135,1,1,1,"2","CLEC14A"
"MTIF2",0.000317277043518616,1.01258056169922,1,1,1,"2","MTIF2"
"NPM1P9",0.000318278094999081,1.43988623171433,1,1,1,"2","NPM1P9"
"SMARCA4",0.000319883545130946,1.10206960436712,1,1,1,"2","SMARCA4"
"SDCCAG3",0.00032011526458073,1.32387259014857,1,1,1,"2","SDCCAG3"
"SOD1",0.000321230126980833,0.71091749937106,1,1,1,"2","SOD1"
"UBE2Q1",0.000321592732397397,0.538923395063165,1,1,1,"2","UBE2Q1"
"WRAP53",0.000322929234940473,1.16753980415606,1,1,1,"2","WRAP53"
"DEPDC1B",0.000323614698677608,1.81248899362946,1,1,1,"2","DEPDC1B"
"DPF1",0.000324108557099176,1.74595074233979,1,1,1,"2","DPF1"
"ZDHHC14",0.000324464989735166,0.978556928516465,1,1,1,"2","ZDHHC14"
"RPS19",0.000325564645327284,1.46183241853882,1,1,1,"2","RPS19"
"BAX",0.000328966218454783,1.4388089641404,1,1,1,"2","BAX"
"RPUSD3",0.000330083015890156,1.01697453991922,1,1,1,"2","RPUSD3"
"POLQ",0.000331507081740069,1.07108929674763,1,1,1,"2","POLQ"
"PPP1R13B",0.000332255685522685,0.89240206275079,1,1,1,"2","PPP1R13B"
"FAM72A",0.000332941369219577,1.19632339733302,1,1,1,"2","FAM72A"
"RP11-112N23.1",0.000338826967847843,1.40866676123504,1,1,1,"2","RP11-112N23.1"
"PPP1CA",0.000339639042647035,1.44030538484151,1,1,1,"2","PPP1CA"
"CCDC88C",0.000340116960173606,0.565188987129432,1,1,1,"2","CCDC88C"
"TUBB6",0.000340774297675672,1.87870017176429,1,1,1,"2","TUBB6"
"SKA1",0.000341008067691879,1.62269953048292,1,1,1,"2","SKA1"
"SHISA2",0.000341607197973878,1.71416317110858,1,1,1,"2","SHISA2"
"ANAPC5",0.000342330857668438,0.617848743113388,1,1,1,"2","ANAPC5"
"PHYHIPL",0.00034354833008475,0.63310260127583,1,1,1,"2","PHYHIPL"
"PDILT",0.000345617298517287,2.83598392074171,1,1,1,"2","PDILT"
"MRPS12",0.000347344441502427,1.04317764837024,1,1,1,"2","MRPS12"
"AC016739.2",0.000350703487726998,1.16275965337881,1,1,1,"2","AC016739.2"
"NPW",0.000351661675086302,1.75018809701027,1,1,1,"2","NPW"
"POTEF",0.000352035855424297,1.08199470734267,1,1,1,"2","POTEF"
"AP1AR",0.000352567432902596,1.33326639869213,1,1,1,"2","AP1AR"
"DEAF1",0.000353075975427327,1.0693262640294,1,1,1,"2","DEAF1"
"ACKR21",0.000353079793047152,1.35631384645653,1,1,1,"2","ACKR2"
"ZC3HAV1L",0.000354569607527622,1.09575691490935,1,1,1,"2","ZC3HAV1L"
"PRMT6",0.000354915428133768,2.05834710550014,1,1,1,"2","PRMT6"
"MGAT4B",0.000358588107649665,1.45188902326845,1,1,1,"2","MGAT4B"
"RHAG",0.000359063080344675,1.21791146230352,1,1,1,"2","RHAG"
"NDUFB11",0.000359496535121718,0.838471745651008,1,1,1,"2","NDUFB11"
"PLCG1",0.000363342942250158,0.775052097311793,1,1,1,"2","PLCG1"
"NDUFS7",0.000365503407312503,1.96207101464728,1,1,1,"2","NDUFS7"
"TIPIN",0.000366477552347286,1.16105221461106,1,1,1,"2","TIPIN"
"XRCC5",0.000366717444045357,0.668747249936555,1,1,1,"2","XRCC5"
"CHST7",0.000367462237333006,2.32678490516322,1,1,1,"2","CHST7"
"HIST1H2AL",0.000368457866419803,0.788430544736341,1,1,1,"2","HIST1H2AL"
"CBFB",0.000368543626634977,0.757099360116008,1,1,1,"2","CBFB"
"LMNB2",0.000373240212089333,3.16888428018517,1,1,1,"2","LMNB2"
"APBA2",0.000373418758914902,1.80260297367534,1,1,1,"2","APBA2"
"FAM32A",0.000373816247402915,0.953536339092333,1,1,1,"2","FAM32A"
"CDHR5",0.000375999601865905,2.68198887714058,1,1,1,"2","CDHR5"
"SNORD3C",0.000378579181541041,2.68191409306897,1,1,1,"2","SNORD3C"
"SNRPD3",0.00037930516659796,0.914303623762166,1,1,1,"2","SNRPD3"
"CDK1",0.000382850962118452,1.16358018052873,1,1,1,"2","CDK1"
"TSR1",0.000386844363144914,0.711710789735916,1,1,1,"2","TSR1"
"RFC4",0.000387223760218451,0.685279186248968,1,1,1,"2","RFC4"
"RPLP2",0.000390028119363788,1.89212350761077,1,1,1,"2","RPLP2"
"RPS15",0.000392722317560142,1.84649967783832,1,1,1,"2","RPS15"
"FLNC",0.0003935807455115,0.960385709825381,1,1,1,"2","FLNC"
"MYZAP",0.000395411828999383,0.657534370712691,1,1,1,"2","MYZAP"
"RP11-1033A18.1",0.000396608419753512,0.926516892545042,1,1,1,"2","RP11-1033A18.1"
"YDJC",0.000397866625447894,2.40472388223543,1,1,1,"2","YDJC"
"RP11-69L16.5",0.000398327797287281,0.941929515414307,1,1,1,"2","RP11-69L16.5"
"RUVBL1",0.000405661556971068,1.10942634124333,1,1,1,"2","RUVBL1"
"SYNCRIP",0.000409849385025613,0.645594825838515,1,1,1,"2","SYNCRIP"
"PLXNB3",0.000411241654921033,0.404477880776673,1,1,1,"2","PLXNB3"
"UBIAD11",0.000412247559414124,0.468049117308993,1,1,1,"2","UBIAD1"
"ARL2",0.000413399014453207,1.36829170364553,1,1,1,"2","ARL2"
"SLC13A21",0.000413868840537055,0.382521873351608,1,1,1,"2","SLC13A2"
"SNORA71D",0.000414364404433906,1.5390965566695,1,1,1,"2","SNORA71D"
"HSP90AA1",0.000414924764588165,1.00602539850016,1,1,1,"2","HSP90AA1"
"UBE2S",0.000416081978631888,1.94944251858721,1,1,1,"2","UBE2S"
"ATP5B1",0.000416417854164448,0.821041215233059,1,1,1,"2","ATP5B"
"PAIP1",0.000421549283769937,0.952749471739743,1,1,1,"2","PAIP1"
"RPS23",0.000421836138439884,0.942780662240143,1,1,1,"2","RPS23"
"COA5",0.000423513766646513,0.817151395896769,1,1,1,"2","COA5"
"B3GALT6",0.000425821540267971,1.29188029776269,1,1,1,"2","B3GALT6"
"SEPHS2",0.000426350719668981,1.05167199070696,1,1,1,"2","SEPHS2"
"FGF23",0.000429464751883342,1.70669070569119,1,1,1,"2","FGF23"
"STMN1",0.000430469280239335,1.46573255428173,1,1,1,"2","STMN1"
"AC005795.1",0.000431768425373204,1.1567091289886,1,1,1,"2","AC005795.1"
"LSM7",0.000434114714342746,0.977523397977027,1,1,1,"2","LSM7"
"NFKB1",0.000434867120986555,0.60832690815278,1,1,1,"2","NFKB1"
"FUS",0.000436383190936479,0.50531485310227,1,1,1,"2","FUS"
"SNHG7",0.000438040413889769,2.17693994243914,1,1,1,"2","SNHG7"
"LONRF21",0.000441690769071776,0.92096145674466,1,1,1,"2","LONRF2"
"RP11-393N4.2",0.000443094579369487,1.16446637813246,1,1,1,"2","RP11-393N4.2"
"HMGB2",0.000446951258303876,0.606233893675558,1,1,1,"2","HMGB2"
"H2AFX",0.000453538162912253,3.7026281393057,1,1,1,"2","H2AFX"
"FAM133B",0.000455331876213998,0.958955941512075,1,1,1,"2","FAM133B"
"RPL30",0.000455509560249749,0.949591967390536,1,1,1,"2","RPL30"
"MRP63",0.00045762005758938,1.74394260581291,1,1,1,"2","MRP63"
"SETP4",0.000458786639475788,0.831809830817425,1,1,1,"2","SETP4"
"MURC",0.000460269985077661,1.80032596744351,1,1,1,"2","MURC"
"CHKA",0.000466152938881476,0.928583828340326,1,1,1,"2","CHKA"
"SOX4",0.000466940824936124,1.04590745393491,1,1,1,"2","SOX4"
"CLPTM1L",0.000471515455048752,0.698706998905012,1,1,1,"2","CLPTM1L"
"UPF3B",0.000471920935845554,1.24680915874829,1,1,1,"2","UPF3B"
"ACBD6",0.000473037516193154,0.54561293681574,1,1,1,"2","ACBD6"
"ZCRB1",0.000473753032287412,0.841936887580175,1,1,1,"2","ZCRB1"
"TOMM22",0.000475611818734868,2.03940698117427,1,1,1,"2","TOMM22"
"GAPDHP1",0.000475938286151159,1.02143968232749,1,1,1,"2","GAPDHP1"
"EMD",0.000478521172806098,1.49746827055107,1,1,1,"2","EMD"
"BAG1",0.000479871255542867,2.2930026111188,1,1,1,"2","BAG1"
"RCOR2",0.000480857586892234,1.80089110540343,1,1,1,"2","RCOR2"
"CPSF3L",0.000485049673852939,0.704704347933793,1,1,1,"2","CPSF3L"
"TAF11",0.000487256363306915,0.801384372075425,1,1,1,"2","TAF11"
"AC008753.3",0.000487796437737672,1.39389131425072,1,1,1,"2","AC008753.3"
"THAP4",0.000490138090845916,0.882615337376983,1,1,1,"2","THAP4"
"AKR1A11",0.000491211756362054,0.621265611340164,1,1,1,"2","AKR1A1"
"ABCB10P4",0.000495156777613823,1.4763026423517,1,1,1,"2","ABCB10P4"
"TRIM59",0.000495573505243557,0.964210310469745,1,1,1,"2","TRIM59"
"TAF13",0.000502064101248411,1.07544197665117,1,1,1,"2","TAF13"
"BCL7C",0.000507242593618818,1.34024448363994,1,1,1,"2","BCL7C"
"TOP1",0.000507636437803172,0.466225158734037,1,1,1,"2","TOP1"
"MIS18A",0.000508348438174429,0.932025972669537,1,1,1,"2","MIS18A"
"ATPIF1",0.000510714092517662,1.43892716747182,1,1,1,"2","ATPIF1"
"RNASEH2A",0.000511867775892485,1.59019600146202,1,1,1,"2","RNASEH2A"
"TUBA1C1",0.00051334882810565,1.00113582366351,1,1,1,"2","TUBA1C"
"C16orf59",0.00051796216411035,1.18458604834871,1,1,1,"2","C16orf59"
"ATP5A1P3",0.000518756766160202,0.566527990499283,1,1,1,"2","ATP5A1P3"
"BCL6B1",0.000520607650491427,1.1128360302192,1,1,1,"2","BCL6B"
"CXADR1",0.000521578339784123,1.49871616411336,1,1,1,"2","CXADR"
"PRKCZ1",0.000522295893899857,1.27061720997188,1,1,1,"2","PRKCZ"
"CUEDC2",0.000522446900520688,1.55522894788196,1,1,1,"2","CUEDC2"
"SEPN1",0.000523347867712082,0.973098459405744,1,1,1,"2","SEPN1"
"SRSF3",0.000523489990221305,0.740491744955261,1,1,1,"2","SRSF3"
"STC1",0.000530148169664485,1.3581102647628,1,1,1,"2","STC1"
"MKI67IP",0.000530379873613609,0.936174277988709,1,1,1,"2","MKI67IP"
"WASF3",0.000531003186488145,1.96150016682025,1,1,1,"2","WASF3"
"FHL3",0.000533775365397998,0.744914094700585,1,1,1,"2","FHL3"
"GPATCH4",0.000534298842289111,1.04165779022357,1,1,1,"2","GPATCH4"
"ANKRD20A14P",0.000535253472224687,1.80897397685018,1,1,1,"2","ANKRD20A14P"
"MTHFD1",0.000535538810930559,0.818040289967435,1,1,1,"2","MTHFD1"
"SNORD3B-2",0.000543786858597228,2.22976745281101,1,1,1,"2","SNORD3B-2"
"TMX4",0.000545099700467223,0.820248693316305,1,1,1,"2","TMX4"
"ADSS",0.00054708930669662,1.02791799700437,1,1,1,"2","ADSS"
"RPS7P10",0.000547636734137107,0.437439331474391,1,1,1,"2","RPS7P10"
"AURKAIP1",0.000548716825692348,1.47789564110095,1,1,1,"2","AURKAIP1"
"SNORA70",0.000550066639064667,2.3115154659715,1,1,1,"2","SNORA70"
"PDCD2L",0.000552447130612346,1.59361893074118,1,1,1,"2","PDCD2L"
"TUBA1B",0.000555744451910284,1.29964783137425,1,1,1,"2","TUBA1B"
"RPL9P8",0.000556036006397166,0.501119955692861,1,1,1,"2","RPL9P8"
"BCAT1",0.000560217220848663,1.51105879440139,1,1,1,"2","BCAT1"
"CHRNB41",0.000561312902759425,0.662623730368061,1,1,1,"2","CHRNB4"
"SET",0.000561910270333683,0.222031475738188,1,1,1,"2","SET"
"FANCI",0.000565398402927527,0.878742137862385,1,1,1,"2","FANCI"
"UQCRFS11",0.00056562323372201,0.544540798981938,1,1,1,"2","UQCRFS1"
"RSL1D1",0.00056618424692249,0.802924478499321,1,1,1,"2","RSL1D1"
"MAK16",0.000570344013511881,0.93416877459908,1,1,1,"2","MAK16"
"CXXC5",0.000571971667752754,1.18136582518223,1,1,1,"2","CXXC5"
"TPM4",0.000578288088773305,0.913723310701268,1,1,1,"2","TPM4"
"KLHL6",0.000583204664064142,1.32422846409222,1,1,1,"2","KLHL6"
"CDCA4",0.000585714771817761,1.45237945038495,1,1,1,"2","CDCA4"
"MAP1B",0.000586695822917551,0.746677044467027,1,1,1,"2","MAP1B"
"WBSCR22",0.000590711118052775,0.744898673081586,1,1,1,"2","WBSCR22"
"FAM174B",0.000601975246821507,1.43129834658852,1,1,1,"2","FAM174B"
"KIF2A",0.000602113528147172,0.723060886663678,1,1,1,"2","KIF2A"
"NCAPD2",0.000602436782326994,0.988943916275705,1,1,1,"2","NCAPD2"
"ANO7",0.00060804255344868,0.514916775778222,1,1,1,"2","ANO7"
"HOMER1",0.000608281847616805,1.46493767353279,1,1,1,"2","HOMER1"
"RP13-98N21.3",0.000611703688201352,1.00610196171974,1,1,1,"2","RP13-98N21.3"
"C9orf66",0.000612030118805283,1.1221468608336,1,1,1,"2","C9orf66"
"SNORA74A",0.000614335422298653,2.2174956959924,1,1,1,"2","SNORA74A"
"ATP5F11",0.000615491765727361,0.812229910902975,1,1,1,"2","ATP5F1"
"CSNK2A1",0.000616422060786447,0.618977942537018,1,1,1,"2","CSNK2A1"
"FAM78A",0.00062015162295257,1.53094569784759,1,1,1,"2","FAM78A"
"SMYD3",0.000620611363661244,0.687687985509221,1,1,1,"2","SMYD3"
"HIST1H3D",0.000622748817399909,1.61384368791772,1,1,1,"2","HIST1H3D"
"KXD1",0.00062467876884863,0.860311556651215,1,1,1,"2","KXD1"
"TRMT2A",0.000626833107885128,0.75948190234676,1,1,1,"2","TRMT2A"
"KRT181",0.000631970834789429,1.54890531593956,1,1,1,"2","KRT18"
"MRPL32",0.000637795505150104,1.38771093831356,1,1,1,"2","MRPL32"
"HYAL3",0.000637878850412539,1.63915287389279,1,1,1,"2","HYAL3"
"SARM1",0.000639679235087044,1.67043666500046,1,1,1,"2","SARM1"
"RP11-423O2.5",0.000640591950412284,1.60699757330237,1,1,1,"2","RP11-423O2.5"
"TBC1D81",0.00065011413274103,1.29400094212631,1,1,1,"2","TBC1D8"
"FAM89A",0.000652604739577286,2.65613477569967,1,1,1,"2","FAM89A"
"RP5-1052I5.1",0.00065732590315625,0.510066989737499,1,1,1,"2","RP5-1052I5.1"
"KIF20B",0.000664630309779454,0.668674570291714,1,1,1,"2","KIF20B"
"EXOSC4",0.000669865816853785,0.972084659026589,1,1,1,"2","EXOSC4"
"PPP2CB1",0.000671396542719488,0.170786504866051,1,1,1,"2","PPP2CB"
"MZT2A",0.000673747976231828,2.57308259663129,1,1,1,"2","MZT2A"
"QTRTD1",0.000676451509336703,0.72733179180427,1,1,1,"2","QTRTD1"
"LDHAP7",0.000681757933203857,1.38363544289286,1,1,1,"2","LDHAP7"
"PGM5",0.000685815601062495,1.75098918896466,1,1,1,"2","PGM5"
"COL13A11",0.000695646767256094,3.53444427008229,1,1,1,"2","COL13A1"
"RRP9",0.000697607917349987,1.65902792302807,1,1,1,"2","RRP9"
"TTC27",0.000698227096531387,0.492728587617012,1,1,1,"2","TTC27"
"GAR1",0.000701536058836105,1.74059176970943,1,1,1,"2","GAR1"
"MTFP1",0.000701658177737109,1.92271470049378,1,1,1,"2","MTFP1"
"RP11-12M9.3",0.000710720815101295,1.79123287048346,1,1,1,"2","RP11-12M9.3"
"RAB39B",0.000712942608790469,2.147363518785,1,1,1,"2","RAB39B"
"MARS2",0.000720093727837922,1.40641773359316,1,1,1,"2","MARS2"
"GAS2L3",0.000721784464289513,1.63360652370212,1,1,1,"2","GAS2L3"
"UBAP1L",0.000723952344731778,0.927486360786816,1,1,1,"2","UBAP1L"
"CSTF2",0.000724416626214811,0.922665279177933,1,1,1,"2","CSTF2"
"TNPO1",0.000727301871573318,0.630798524989295,1,1,1,"2","TNPO1"
"TEX14",0.000731552878929081,1.89531170135215,1,1,1,"2","TEX14"
"C6orf123",0.000744513441023831,1.11192751408943,1,1,1,"2","C6orf123"
"MATK",0.000745100776769726,2.30687019884663,1,1,1,"2","MATK"
"SEPT9",0.000749932358493354,0.751118722167746,1,1,1,"2","SEPT9"
"CHCHD3P3",0.000750505658254216,1.111602734059,1,1,1,"2","CHCHD3P3"
"AP1M1",0.000756731117485771,0.830428529146937,1,1,1,"2","AP1M1"
"SPC24",0.000759280971326381,2.04543715708314,1,1,1,"2","SPC24"
"YEATS4",0.000761792257915383,0.941262526976082,1,1,1,"2","YEATS4"
"RNF165",0.0007669657388335,1.71050968999562,1,1,1,"2","RNF165"
"SRGAP2C",0.000767596625325907,1.32526452309049,1,1,1,"2","SRGAP2C"
"DLGAP1-AS1",0.000772896321043838,1.92380191000827,1,1,1,"2","DLGAP1-AS1"
"ANKRD6",0.000779156581540432,1.07120722563231,1,1,1,"2","ANKRD6"
"CTD-2033A16.2",0.000786300003414427,1.89182547957899,1,1,1,"2","CTD-2033A16.2"
"RP11-603B24.1",0.000787917068348839,2.67902129534647,1,1,1,"2","RP11-603B24.1"
"EXO1",0.000790277630956516,1.27686258475262,1,1,1,"2","EXO1"
"SHC31",0.000795952552518178,0.59194954694968,1,1,1,"2","SHC3"
"HIST2H3A",0.000802784288580481,0.794416933987584,1,1,1,"2","HIST2H3A"
"MTG1",0.000807407517906778,1.65002895965861,1,1,1,"2","MTG1"
"COL4A5",0.00081314887296387,1.31811442659406,1,1,1,"2","COL4A5"
"TMEM201",0.000813600536163197,1.21183874183447,1,1,1,"2","TMEM201"
"SNX10",0.000815758484813552,1.951790714561,1,1,1,"2","SNX10"
"ADRA1D",0.000818938663548825,1.77591220338246,1,1,1,"2","ADRA1D"
"OR5H5P",0.000819877397522944,1.7596127723834,1,1,1,"2","OR5H5P"
"EFNA5",0.000821622416437618,1.7898402657258,1,1,1,"2","EFNA5"
"RPL9P9",0.000823746423057822,0.441574273956688,1,1,1,"2","RPL9P9"
"PRDM81",0.000828330932320273,1.82886185658263,1,1,1,"2","PRDM8"
"HSPA5",0.000830114998166433,0.650024541775814,1,1,1,"2","HSPA5"
"NAA15",0.00083521338554355,0.665706069025511,1,1,1,"2","NAA15"
"SPAST",0.000835771971758219,0.562001270710688,1,1,1,"2","SPAST"
"PPP2R5A",0.000837840754556993,0.712787733378754,1,1,1,"2","PPP2R5A"
"SPTBN11",0.000840245855793293,0.526285470182987,1,1,1,"2","SPTBN1"
"KIAA1211",0.000842391153805288,2.39739288764993,1,1,1,"2","KIAA1211"
"GNL2",0.000843228746018793,0.505808291323358,1,1,1,"2","GNL2"
"RPS4X",0.000843523259910372,0.957275737121208,1,1,1,"2","RPS4X"
"TAC4",0.000846192806536946,0.149684367278141,1,1,1,"2","TAC4"
"NAT10",0.000846289616664394,0.778103061268972,1,1,1,"2","NAT10"
"CYP21A2",0.000848409752431713,0.285531419816463,1,1,1,"2","CYP21A2"
"EEF1B2P3",0.000856083325064907,1.18781386523907,1,1,1,"2","EEF1B2P3"
"FKBP1C",0.000859093226336031,0.496229597130336,1,1,1,"2","FKBP1C"
"TRAF2",0.000861079908880692,0.777091774225491,1,1,1,"2","TRAF2"
"MYH7B",0.000862465069855518,0.567186645527467,1,1,1,"2","MYH7B"
"RNF8",0.000863398134650105,0.697883876844282,1,1,1,"2","RNF8"
"PPP6R3",0.000863813620678437,0.428386045189097,1,1,1,"2","PPP6R3"
"SEPHS1",0.000864005938021115,1.01402906227015,1,1,1,"2","SEPHS1"
"RP11-366L20.2",0.000866129934543234,1.45700647993558,1,1,1,"2","RP11-366L20.2"
"PRDX11",0.000866281644894582,0.975726096552448,1,1,1,"2","PRDX1"
"PODXL",0.000867524174683297,0.838458893957558,1,1,1,"2","PODXL"
"DSCR3",0.000870638212165295,0.754361310452005,1,1,1,"2","DSCR3"
"NLE1",0.000870985002481634,1.6213355770243,1,1,1,"2","NLE1"
"LOXHD1",0.000873251567706784,2.15273925764658,1,1,1,"2","LOXHD1"
"CCDC137",0.000873582568144091,1.21962952354704,1,1,1,"2","CCDC137"
"LIN9",0.0008796728986444,1.01129095836479,1,1,1,"2","LIN9"
"HADHA",0.000888524036968164,0.71548671671302,1,1,1,"2","HADHA"
"C2CD4B",0.000891867761591985,1.45641259694994,1,1,1,"2","C2CD4B"
"HIST2H3D",0.000893650068230889,1.96740417704262,1,1,1,"2","HIST2H3D"
"GLRX5",0.000898912764698013,1.07514606367561,1,1,1,"2","GLRX5"
"PPP1R18",0.00089975109174852,1.88690613504496,1,1,1,"2","PPP1R18"
"TSPAN181",0.000901599046453591,1.0981813271692,1,1,1,"2","TSPAN18"
"SFXN2",0.000904172445380011,1.82822595779124,1,1,1,"2","SFXN2"
"CASC5",0.000913226762542377,1.23337190865881,1,1,1,"2","CASC5"
"THSD4",0.000913666058097644,1.94526652717337,1,1,1,"2","THSD4"
"ABCC32",0.000923427758180924,0.150675337422769,1,1,1,"2","ABCC3"
"SFXN11",0.000925622709381373,1.11100370839508,1,1,1,"2","SFXN1"
"MORF4L21",0.000928513882497793,0.557142718509049,1,1,1,"2","MORF4L2"
"RP11-367G18.2",0.000930488382381156,1.26207319930701,1,1,1,"2","RP11-367G18.2"
"RNF138",0.000933618688530803,1.16791337003266,1,1,1,"2","RNF138"
"TSSC1",0.000934745375000357,0.677991091442209,1,1,1,"2","TSSC1"
"HIST3H2A",0.000938895227451695,1.39499656239225,1,1,1,"2","HIST3H2A"
"TMEM161A",0.000940597238018122,2.3859898342655,1,1,1,"2","TMEM161A"
"RANGAP11",0.000944536158014459,1.53284221014888,1,1,1,"2","RANGAP1"
"XRCC6",0.000947182740260498,0.53792790452227,1,1,1,"2","XRCC6"
"GDF151",0.000952122627691836,1.71583732750629,1,1,1,"2","GDF15"
"SNORA18",0.000953787447266218,3.98614293827226,1,1,1,"2","SNORA18"
"FAM203A",0.000954554373977235,1.67140926625812,1,1,1,"2","FAM203A"
"PAEP",0.000955785779663533,4.30829847350669,1,1,1,"2","PAEP"
"MRPS15",0.000959077384731609,0.607620291821407,1,1,1,"2","MRPS15"
"E2F7",0.000962935877999676,1.39539722450618,1,1,1,"2","E2F7"
"GGH1",0.000965358615659405,1.68830578579321,1,1,1,"2","GGH"
"PTPLAD1",0.000966827242826519,0.927088173713237,1,1,1,"2","PTPLAD1"
"RPS24P17",0.000971266804077649,1.20638853635539,1,1,1,"2","RPS24P17"
"GAPDHP65",0.000975834519635537,0.833042534420656,1,1,1,"2","GAPDHP65"
"RPL41",0.000978234744935538,0.888769593233402,1,1,1,"2","RPL41"
"PRR5",0.000982137166539956,1.82669022178602,1,1,1,"2","PRR5"
"TMEM1301",0.000983841794015258,0.504260264781605,1,1,1,"2","TMEM130"
"SSBP1",0.000987521492470227,1.1418985057327,1,1,1,"2","SSBP1"
"SLC25A38P1",0.000988528295820504,0.835045131369363,1,1,1,"2","SLC25A38P1"
"HMGA1",0.000991927783086901,2.13756505558351,1,1,1,"2","HMGA1"
"HIST1H4I",0.000993390347742026,1.12323244131468,1,1,1,"2","HIST1H4I"
"NOA1",0.000994177433051668,1.12896606819278,1,1,1,"2","NOA1"
"SMC3",0.000994381844201144,0.773600995025156,1,1,1,"2","SMC3"
"CYP2D6",0.000994810750849687,1.87858569034659,1,1,1,"2","CYP2D6"
"MORC2",0.000998686201292952,0.741161324521261,1,1,1,"2","MORC2"
"MIEF1",0.00100890105502909,0.871062377195221,1,1,1,"2","MIEF1"
"POLE3",0.00100968923699552,1.06631230519122,1,1,1,"2","POLE3"
"CNDP2",0.00101104222823111,0.926550988028424,1,1,1,"2","CNDP2"
"NKAP",0.00101141364101356,1.09604925240169,1,1,1,"2","NKAP"
"PLCG2",0.00101231965144172,0.573088275284874,1,1,1,"2","PLCG2"
"MDFI",0.00101325322550255,2.60763006958031,1,1,1,"2","MDFI"
"SNORA76",0.00101623672764993,0.813414369163617,1,1,1,"2","SNORA76"
"FUNDC2",0.00102061522905276,0.581732487612703,1,1,1,"2","FUNDC2"
"PRICKLE4",0.0010212316829197,0.687409993836859,1,1,1,"2","PRICKLE4"
"G3BP1",0.00103302474623235,0.609247659611636,1,1,1,"2","G3BP1"
"KCNN3",0.00103811992474877,0.97646720913631,1,1,1,"2","KCNN3"
"PPP1R14BP3",0.0010466399037529,1.75311748392169,1,1,1,"2","PPP1R14BP3"
"SMAD31",0.00106008206558264,0.430576509874921,1,1,1,"2","SMAD3"
"SLC7A5P1",0.00106089962400199,1.32153622770378,1,1,1,"2","SLC7A5P1"
"PKM",0.00106132713027454,1.06636328601738,1,1,1,"2","PKM"
"PRR24",0.00106296089985373,0.20824498983556,1,1,1,"2","PRR24"
"RRP12",0.00106598140185821,1.31893963069163,1,1,1,"2","RRP12"
"ST13",0.00106794216181081,0.499930563091358,1,1,1,"2","ST13"
"RIOK1",0.00106842058538998,0.416985653894933,1,1,1,"2","RIOK1"
"RBMX2",0.00106977447594683,0.681369886223246,1,1,1,"2","RBMX2"
"DDT",0.00107203246465682,1.09667368628284,1,1,1,"2","DDT"
"MND1",0.00107657480533621,1.31294582229045,1,1,1,"2","MND1"
"RAD51AP1",0.00107892233440909,1.18353516577715,1,1,1,"2","RAD51AP1"
"BNIP3",0.00107917253788148,1.91947557377945,1,1,1,"2","BNIP3"
"ITGB3",0.00108004616349812,0.161381361107825,1,1,1,"2","ITGB3"
"UBE2E1",0.00109249014177484,0.995543154625214,1,1,1,"2","UBE2E1"
"ENTPD1-AS1",0.00109389754311629,0.560405743885344,1,1,1,"2","ENTPD1-AS1"
"TIPRL",0.00109437646667139,0.760150742522239,1,1,1,"2","TIPRL"
"RELL2",0.00109647317292093,0.923831837368102,1,1,1,"2","RELL2"
"CALCRL",0.00109896531483007,1.4710836137398,1,1,1,"2","CALCRL"
"HIST1H1A1",0.0011028488736464,0.164325208466112,1,1,1,"2","HIST1H1A"
"PTGES3",0.00110850249172241,0.87236856695921,1,1,1,"2","PTGES3"
"TPM3",0.00111994101323668,0.850690997822994,1,1,1,"2","TPM3"
"PEPD1",0.00112141800001032,1.01341574894799,1,1,1,"2","PEPD"
"MLLT4",0.00113014232229284,0.576081395568263,1,1,1,"2","MLLT4"
"INO80C",0.00113124363674247,0.898142950813634,1,1,1,"2","INO80C"
"PCDH121",0.00113263256613426,0.840878452201959,1,1,1,"2","PCDH12"
"SMARCA5",0.00113265908967929,0.788045887883502,1,1,1,"2","SMARCA5"
"HIST1H3G",0.00113531079147034,1.77361640962874,1,1,1,"2","HIST1H3G"
"GLTPD11",0.00113795433623812,1.70146978288657,1,1,1,"2","GLTPD1"
"CMAS",0.00113891259720909,0.649955765330816,1,1,1,"2","CMAS"
"RPL13A",0.0011401701579802,1.25401059876567,1,1,1,"2","RPL13A"
"AP000354.4",0.0011435402854745,2.45867180993979,1,1,1,"2","AP000354.4"
"HNRNPA3P4",0.00115082131019091,1.90798028923262,1,1,1,"2","HNRNPA3P4"
"PSMD13",0.00115178930938807,0.68600194991911,1,1,1,"2","PSMD13"
"LARP4B",0.00115511860076363,0.399349220198783,1,1,1,"2","LARP4B"
"VPS9D1-AS1",0.00115615917391943,1.72067496184508,1,1,1,"2","VPS9D1-AS1"
"SLMO2",0.00116300891557811,0.659510416634124,1,1,1,"2","SLMO2"
"RQCD1",0.00117195365682037,0.514340084196743,1,1,1,"2","RQCD1"
"DNAJA1P3",0.00117444710899601,2.63445569377988,1,1,1,"2","DNAJA1P3"
"MAGEB18",0.00117993078579695,0.669053495202107,1,1,1,"2","MAGEB18"
"TOP3A",0.00118101708243544,0.771381919182812,1,1,1,"2","TOP3A"
"U2AF2",0.00118707284930732,1.20583475373519,1,1,1,"2","U2AF2"
"CRABP1",0.00119114481886384,0.172529296784946,1,1,1,"2","CRABP1"
"ACOT71",0.00119268498094604,1.16711315322154,1,1,1,"2","ACOT7"
"HIST2H2AA4",0.00119606460608984,1.40768359018885,1,1,1,"2","HIST2H2AA4"
"RP11-778D9.4",0.00119878297840696,1.14980558004029,1,1,1,"2","RP11-778D9.4"
"RAI14",0.00120294618279339,0.859483145347276,1,1,1,"2","RAI14"
"FBXO18",0.00120310087609752,0.677956809636608,1,1,1,"2","FBXO18"
"MTA1",0.00120335151802958,0.753988976855862,1,1,1,"2","MTA1"
"TRIM28",0.00120425254186466,0.771482190231023,1,1,1,"2","TRIM28"
"RP11-3D23.1",0.00120604403519611,3.45493893562805,1,1,1,"2","RP11-3D23.1"
"RASA4B",0.00121059644009844,0.277429961271638,1,1,1,"2","RASA4B"
"NOL10",0.00121267821712284,1.15508005897826,1,1,1,"2","NOL10"
"AGRN1",0.0012218339922605,0.705096276651641,1,1,1,"2","AGRN"
"LAPTM4B",0.0012220109316051,1.57413720449073,1,1,1,"2","LAPTM4B"
"GNGT2",0.0012279298304387,1.48140646814536,1,1,1,"2","GNGT2"
"PAK1IP1",0.00124283168141341,0.92035319871516,1,1,1,"2","PAK1IP1"
"AP2M1",0.00125135576218156,0.620524544056462,1,1,1,"2","AP2M1"
"AARSD1",0.00126295321066647,1.08056099130678,1,1,1,"2","AARSD1"
"CCT7P2",0.001267747566907,0.862550388357352,1,1,1,"2","CCT7P2"
"DDX54",0.00126777139668359,1.52180326678121,1,1,1,"2","DDX54"
"TONSL",0.00127685629035578,2.38866620772317,1,1,1,"2","TONSL"
"RP11-244F12.1",0.00127691986324966,1.06722174156275,1,1,1,"2","RP11-244F12.1"
"AC073869.20",0.00128136595333746,1.6781193663364,1,1,1,"2","AC073869.20"
"DAXX",0.00128813304202813,1.2609854093398,1,1,1,"2","DAXX"
"RBM10",0.00129320617422612,0.584306668364796,1,1,1,"2","RBM10"
"DAPK1",0.00129937043864717,0.568045613510769,1,1,1,"2","DAPK1"
"HNRNPA1P26",0.00130379528483117,1.50489383160142,1,1,1,"2","HNRNPA1P26"
"ACSL3",0.00130610119923523,0.814413305796652,1,1,1,"2","ACSL3"
"NT5M",0.00130721473485278,1.2940177733385,1,1,1,"2","NT5M"
"STARD3NL",0.00131463576118263,1.06803261593583,1,1,1,"2","STARD3NL"
"ASF1B",0.00131654037745922,1.71520599607188,1,1,1,"2","ASF1B"
"POLR2G",0.00132313620518027,0.69844735648836,1,1,1,"2","POLR2G"
"HPCAL1",0.00132632587598227,1.25911685812868,1,1,1,"2","HPCAL1"
"PPP1R8",0.00132662757873613,0.576520505835438,1,1,1,"2","PPP1R8"
"KLHDC3",0.00132835087952581,0.658848389978093,1,1,1,"2","KLHDC3"
"C1orf43",0.00132864936323349,0.97286513560732,1,1,1,"2","C1orf43"
"TK1",0.0013297447996799,2.47893899039,1,1,1,"2","TK1"
"CLEC11A",0.00133263929777558,2.26542544186308,1,1,1,"2","CLEC11A"
"BICD1",0.00133445512579704,1.4033650287163,1,1,1,"2","BICD1"
"RABL6",0.00133743975842308,1.14329058803278,1,1,1,"2","RABL6"
"DESI11",0.00133754653582423,0.641733404613822,1,1,1,"2","DESI1"
"CSNK1G2",0.0013408557497824,1.03749275736056,1,1,1,"2","CSNK1G2"
"TBC1D10B",0.0013422424851858,1.0125575354904,1,1,1,"2","TBC1D10B"
"EXOSC5",0.00134548378357258,1.27585572905321,1,1,1,"2","EXOSC5"
"C4orf48",0.00134920965778182,1.72219345633903,1,1,1,"2","C4orf48"
"HAGHL",0.0013493587032258,3.25753960000623,1,1,1,"2","HAGHL"
"UTP15",0.00134991059159838,0.782054405451573,1,1,1,"2","UTP15"
"COL9A3",0.00136968218581203,4.65574242319796,1,1,1,"2","COL9A3"
"RP11-253E3.1",0.00137063535525148,0.654344682185625,1,1,1,"2","RP11-253E3.1"
"SH2D3C1",0.00137643124851594,0.668865259854794,1,1,1,"2","SH2D3C"
"RNF207",0.0013805244834541,1.50815594331356,1,1,1,"2","RNF207"
"PTPRE",0.00138080746652118,0.730797168579077,1,1,1,"2","PTPRE"
"PSMD14",0.00139517653045879,0.317477644106241,1,1,1,"2","PSMD14"
"RP11-51O6.1",0.00139552453990529,0.914351170403657,1,1,1,"2","RP11-51O6.1"
"NME4",0.00139862594742174,1.67047759544689,1,1,1,"2","NME4"
"TTC1",0.0014086503820387,1.13337141223764,1,1,1,"2","TTC1"
"CPSF2",0.00141107903665177,0.549536285088923,1,1,1,"2","CPSF2"
"TNFRSF11A",0.00141126152295809,1.248762611782,1,1,1,"2","TNFRSF11A"
"SIN3B",0.00142156812020063,1.05168425919226,1,1,1,"2","SIN3B"
"THOP1",0.00142284222406383,2.27653122861691,1,1,1,"2","THOP1"
"SHC21",0.00142487190073315,0.802992217683448,1,1,1,"2","SHC2"
"SAGE1",0.00143248163162633,1.56676520529655,1,1,1,"2","SAGE1"
"HIST1H2AK",0.00143425181982632,0.764991711512193,1,1,1,"2","HIST1H2AK"
"RP11-730G20.2",0.00144237329802284,1.26775210223605,1,1,1,"2","RP11-730G20.2"
"GRWD1",0.00145728921731971,1.74052645383288,1,1,1,"2","GRWD1"
"LAS1L",0.00145767770436702,1.03969146753842,1,1,1,"2","LAS1L"
"SNW1",0.00146276896476489,0.52958056978861,1,1,1,"2","SNW1"
"SCLY",0.00146292603282457,0.570675126544385,1,1,1,"2","SCLY"
"MBLAC2",0.00146512937396971,1.07289599785772,1,1,1,"2","MBLAC2"
"DNAJC211",0.00146583800251871,0.708660714275364,1,1,1,"2","DNAJC21"
"RP4-633I8.1",0.00146813270857011,2.0164869412309,1,1,1,"2","RP4-633I8.1"
"HIRA",0.00147322067174315,0.717416408670296,1,1,1,"2","HIRA"
"NOP2",0.00147428821838218,0.792879731904794,1,1,1,"2","NOP2"
"TRMT112",0.0014771688776109,1.42558800472635,1,1,1,"2","TRMT112"
"PIM3",0.00147903454274635,1.62509004112798,1,1,1,"2","PIM3"
"CCDC138",0.00147926941967791,0.622275194411751,1,1,1,"2","CCDC138"
"RGS31",0.00148068508389024,0.946739721358458,1,1,1,"2","RGS3"
"MUC12",0.00148264168395943,1.09321038833427,1,1,1,"2","MUC12"
"RPIA",0.00148629926006224,1.03218411491561,1,1,1,"2","RPIA"
"POLR3GL",0.00148879641288695,0.840765924634148,1,1,1,"2","POLR3GL"
"EIF5AP4",0.00149666984162878,0.363276062131163,1,1,1,"2","EIF5AP4"
"HSP90B1",0.00149821141319114,0.486859134303881,1,1,1,"2","HSP90B1"
"ZNF556",0.00150087408752325,1.896794485793,1,1,1,"2","ZNF556"
"MFSD10",0.00150588109662324,0.970899467227591,1,1,1,"2","MFSD10"
"OR5H3P",0.00150931643736335,0.433633474602701,1,1,1,"2","OR5H3P"
"KLHL29",0.00150989591395775,0.100163004792492,1,1,1,"2","KLHL29"
"STRA13",0.0015119396524088,2.19849392489364,1,1,1,"2","STRA13"
"GAP43",0.00151378182857041,3.66550561903892,1,1,1,"2","GAP43"
"SRCRB4D",0.00151379634798239,1.02104536821027,1,1,1,"2","SRCRB4D"
"XPOT",0.00152335643727691,0.866961442476406,1,1,1,"2","XPOT"
"TXNL4A",0.00152402524035301,0.545634340273256,1,1,1,"2","TXNL4A"
"RAVER1",0.00152807964180269,1.12451796469382,1,1,1,"2","RAVER1"
"GRK51",0.00153251415263379,0.621791250858191,1,1,1,"2","GRK5"
"RPL13AP3",0.00155770333649945,1.10710540959398,1,1,1,"2","RPL13AP3"
"ATXN10",0.00156186236399727,0.499604328163052,1,1,1,"2","ATXN10"
"ABHD17C",0.00156225431803451,3.56778623753726,1,1,1,"2","ABHD17C"
"CHAF1B",0.00156411155289229,1.11683755197451,1,1,1,"2","CHAF1B"
"HPRT1",0.00157408996252341,1.22418113463119,1,1,1,"2","HPRT1"
"CRIP1",0.00157487525825887,1.83626298473446,1,1,1,"2","CRIP1"
"MEPCE",0.00157559661547865,0.684906713888497,1,1,1,"2","MEPCE"
"GTF2IP1",0.00158127607994716,0.935593600569495,1,1,1,"2","GTF2IP1"
"C11orf82",0.00158150567584959,1.62928880732658,1,1,1,"2","C11orf82"
"ZWILCH",0.00158154064709242,1.13843266784674,1,1,1,"2","ZWILCH"
"RHEBL1",0.0015824093879842,1.61001457132108,1,1,1,"2","RHEBL1"
"HOXD10",0.00158275255085822,1.01447649224631,1,1,1,"2","HOXD10"
"RNF113A",0.00158449357722702,1.33971805988946,1,1,1,"2","RNF113A"
"RNF144A1",0.0015872547617897,1.13897213644173,1,1,1,"2","RNF144A"
"MARCH5",0.00159338819571823,0.899155025022081,1,1,1,"2","MARCH5"
"SNCG",0.00159971770863388,1.76037461271172,1,1,1,"2","SNCG"
"SNORD92",0.0016128821210891,2.09409976027509,1,1,1,"2","SNORD92"
"RPS17",0.0016151697646575,0.929334587635781,1,1,1,"2","RPS17"
"RP11-556K13.1",0.00161742617972687,0.657141838210585,1,1,1,"2","RP11-556K13.1"
"CHRNA5",0.001618552030933,0.943721667630046,1,1,1,"2","CHRNA5"
"NUSAP1",0.00162546986042319,0.61798608300019,1,1,1,"2","NUSAP1"
"NDUFS6",0.00162853918676831,0.653120159808982,1,1,1,"2","NDUFS6"
"RP5-827C21.1",0.00163238134111923,1.51023115113568,1,1,1,"2","RP5-827C21.1"
"NELFCD",0.0016334185218777,0.142053160717229,1,1,1,"2","NELFCD"
"ORC2",0.00163916002638014,0.479583570679878,1,1,1,"2","ORC2"
"IQCK",0.00164701328560065,0.665432403360855,1,1,1,"2","IQCK"
"RPL32P31",0.0016520599881437,0.391148336290586,1,1,1,"2","RPL32P31"
"RAB17",0.001654197998665,1.98890107084959,1,1,1,"2","RAB17"
"GSDMD",0.00165425954013937,1.41785020274621,1,1,1,"2","GSDMD"
"TAF1D",0.0016568282289264,1.04930208444901,1,1,1,"2","TAF1D"
"GUCA1B",0.00166134192257724,2.0070904099704,1,1,1,"2","GUCA1B"
"ARHGEF12",0.00166491896166186,0.683949689472726,1,1,1,"2","ARHGEF12"
"SNHG16",0.00167210549316835,0.776450354027734,1,1,1,"2","SNHG16"
"KANK3",0.00168182248571389,2.24204311866732,1,1,1,"2","KANK3"
"RP11-325P15.2",0.00169693432427758,3.75683252810165,1,1,1,"2","RP11-325P15.2"
"L3MBTL3",0.00171606139383828,1.12294482462891,1,1,1,"2","L3MBTL3"
"GEMIN5",0.00171990446506537,0.769158750993293,1,1,1,"2","GEMIN5"
"LINC00338",0.00172534606315933,1.48245486901395,1,1,1,"2","LINC00338"
"RNF5",0.00172738801845528,0.790573002394968,1,1,1,"2","RNF5"
"KLF16",0.00173085303703517,1.7739774145264,1,1,1,"2","KLF16"
"NARS",0.00173422070672769,0.69861323906154,1,1,1,"2","NARS"
"PCBP1",0.00173440746497258,0.782965941669428,1,1,1,"2","PCBP1"
"YWHAE",0.00173656554213266,0.574285229562612,1,1,1,"2","YWHAE"
"ANP32B",0.00175371179525217,0.201363296686967,1,1,1,"2","ANP32B"
"PTBP1",0.00175652667242558,0.736540116366566,1,1,1,"2","PTBP1"
"AC006028.11",0.00175808235364516,3.02933183100464,1,1,1,"2","AC006028.11"
"FXR1",0.00176065545082518,0.482729264946641,1,1,1,"2","FXR1"
"RP11-146N23.1",0.00176243466499231,0.813510428075515,1,1,1,"2","RP11-146N23.1"
"SERF1A",0.0017893217246323,1.26824709861454,1,1,1,"2","SERF1A"
"CCL1",0.00179076856409088,2.5424715183678,1,1,1,"2","CCL1"
"RSPH10B",0.00179166291203129,4.88476017724906,1,1,1,"2","RSPH10B"
"GEMIN6",0.0017955644958523,0.985776680228403,1,1,1,"2","GEMIN6"
"PAG1",0.00179623357488454,0.165414956571194,1,1,1,"2","PAG1"
"ECT2L",0.00179915293847322,0.196139913559337,1,1,1,"2","ECT2L"
"NDUFB5",0.00180340260251535,0.811345538699401,1,1,1,"2","NDUFB5"
"CENPK",0.0018090324418637,1.50356846662535,1,1,1,"2","CENPK"
"CCDC1811",0.00182081251112563,0.482669067966786,1,1,1,"2","CCDC181"
"URB2",0.00182238081600229,0.655768084416936,1,1,1,"2","URB2"
"LONP1",0.00183106798476161,1.40168544271979,1,1,1,"2","LONP1"
"RPL36AP48",0.00183617023639635,1.08067532640007,1,1,1,"2","RPL36AP48"
"PRAME",0.00183792041502326,1.81147541735699,1,1,1,"2","PRAME"
"RPS3AP44",0.00183854187827986,1.60872016003964,1,1,1,"2","RPS3AP44"
"PBDC1",0.00184426511043726,1.44603181009399,1,1,1,"2","PBDC1"
"SNHG15",0.00185164106592748,3.0487570546687,1,1,1,"2","SNHG15"
"RP11-391M20.1",0.00185289670767108,3.3750704578978,1,1,1,"2","RP11-391M20.1"
"HNRNPA1P48",0.00185954208043404,0.730972700258794,1,1,1,"2","HNRNPA1P48"
"TLE1",0.0018740356754265,0.606204641118579,1,1,1,"2","TLE1"
"MYH131",0.0018795397639785,0.612401931683577,1,1,1,"2","MYH13"
"HNRNPU",0.00187996938985509,1.39601147441467,1,1,1,"2","HNRNPU"
"CCDC77",0.00188776804144676,1.3960673417504,1,1,1,"2","CCDC77"
"LIG1",0.00189435612582977,0.895712252663685,1,1,1,"2","LIG1"
"SLC26A71",0.00190592844542072,0.248060570776854,1,1,1,"2","SLC26A7"
"SLC24A1",0.00190856824427316,1.04459716430064,1,1,1,"2","SLC24A1"
"CFL1",0.00191809909543224,1.39002305186582,1,1,1,"2","CFL1"
"LETM1",0.00193890441726576,0.827322606443762,1,1,1,"2","LETM1"
"LAMTOR4",0.00194513676753632,0.66986444374718,1,1,1,"2","LAMTOR4"
"GS1-44D20.1",0.00194754155232437,0.691729309290169,1,1,1,"2","GS1-44D20.1"
"MRPS27",0.00194978497763648,0.627482059994705,1,1,1,"2","MRPS27"
"FAM50A",0.00195083562293819,1.60644650574084,1,1,1,"2","FAM50A"
"HNRNPA3P6",0.00195826514290512,1.34934644949079,1,1,1,"2","HNRNPA3P6"
"TOX31",0.00195850798226328,0.663759136830759,1,1,1,"2","TOX3"
"DHRS4",0.00196178546341902,1.42796286140857,1,1,1,"2","DHRS4"
"LRRC47",0.00196364929721942,2.03137781688794,1,1,1,"2","LRRC47"
"EXD31",0.00196626497787736,0.265092977490166,1,1,1,"2","EXD3"
"TSEN15",0.00196648400598056,0.972310654421449,1,1,1,"2","TSEN15"
"CYP2A6",0.00197307706338721,1.56907643422186,1,1,1,"2","CYP2A6"
"SHQ1",0.00197681306145981,1.01909341616692,1,1,1,"2","SHQ1"
"UAP1L1",0.00198159249315327,2.39305717495489,1,1,1,"2","UAP1L1"
"CCDC1041",0.00198503263110264,0.245079716113437,1,1,1,"2","CCDC104"
"USP48",0.0019951548233048,0.635827100261864,1,1,1,"2","USP48"
"MRPL33",0.00199901645408084,0.597088637367733,1,1,1,"2","MRPL33"
"ACSM2B",0.00200301158809983,0.793623933733882,1,1,1,"2","ACSM2B"
"DDB1",0.00200798663483041,0.567093531856454,1,1,1,"2","DDB1"
"DDA1",0.00201012036936137,1.22229779444794,1,1,1,"2","DDA1"
"CCNE1",0.00201523680453501,0.90703574802626,1,1,1,"2","CCNE1"
"RAC1",0.0020216123234439,0.726065134193448,1,1,1,"2","RAC1"
"GPN3",0.00202447092522762,0.725322742916571,1,1,1,"2","GPN3"
"RPL4P2",0.00203105898831885,1.36422633132138,1,1,1,"2","RPL4P2"
"RASIP1",0.00203178301117493,1.5516104293139,1,1,1,"2","RASIP1"
"UBE2I",0.00203189493059406,0.545029398994968,1,1,1,"2","UBE2I"
"RAB11FIP3",0.00203795608608202,1.54395430863186,1,1,1,"2","RAB11FIP3"
"RPL22L1",0.00203838168086195,2.02671196589719,1,1,1,"2","RPL22L1"
"SNORA62",0.00204169339774279,1.55237263697635,1,1,1,"2","SNORA62"
"GCFC2",0.00204613778603732,0.944912347915743,1,1,1,"2","GCFC2"
"RP4-736L20.3",0.00204940432277592,0.857084403848502,1,1,1,"2","RP4-736L20.3"
"RP11-304F15.3",0.00205347380954398,0.779906229551351,1,1,1,"2","RP11-304F15.3"
"CNBP",0.00209233892073914,0.575664916707559,1,1,1,"2","CNBP"
"DHX33",0.00209270373948014,0.996659345928293,1,1,1,"2","DHX33"
"TUBB4BP7",0.00210827068296361,0.802895034388472,1,1,1,"2","TUBB4BP7"
"RP11-400N13.2",0.0021162715098192,1.1804689538299,1,1,1,"2","RP11-400N13.2"
"IDH21",0.00213060867776615,0.78741983671916,1,1,1,"2","IDH2"
"SF3B2",0.0021475749685606,0.817955410139596,1,1,1,"2","SF3B2"
"TPI1P1",0.00215174178242349,0.862631165422007,1,1,1,"2","TPI1P1"
"TSPAN14",0.00215533184360948,0.897682126481335,1,1,1,"2","TSPAN14"
"FAM86DP",0.00216179229194235,0.355512756924318,1,1,1,"2","FAM86DP"
"PRSS37",0.00216693435456671,0.989000145510408,1,1,1,"2","PRSS37"
"PPHLN1",0.00217092357511665,0.942523297020605,1,1,1,"2","PPHLN1"
"CRYBB3",0.00217157530202277,1.27270768543054,1,1,1,"2","CRYBB3"
"SNRPA",0.00218628678529647,0.858150353334823,1,1,1,"2","SNRPA"
"FBRSL1",0.00218936764300801,1.18059567043285,1,1,1,"2","FBRSL1"
"PGAP21",0.0022201342781033,0.496573713837373,1,1,1,"2","PGAP2"
"QSOX2",0.00222175190076049,1.16605811416723,1,1,1,"2","QSOX2"
"FBXO451",0.00223120370510953,0.422698928540164,1,1,1,"2","FBXO45"
"GALK1",0.00223634116917999,1.31031842126283,1,1,1,"2","GALK1"
"BCAP31",0.0022532430360378,0.815933986218374,1,1,1,"2","BCAP31"
"EEF1A1P12",0.00225484590552797,1.35683745543662,1,1,1,"2","EEF1A1P12"
"ABHD17B",0.00226021229744047,1.31010215560475,1,1,1,"2","ABHD17B"
"PPIF1",0.00226926637635105,0.890285744316692,1,1,1,"2","PPIF"
"ZSWIM5",0.00227273722360896,3.14878264109259,1,1,1,"2","ZSWIM5"
"GMCL1",0.00227407521733753,1.01267261077546,1,1,1,"2","GMCL1"
"QDPR",0.00227748972853393,0.949215226464968,1,1,1,"2","QDPR"
"CTD-2073O6.1",0.00228038528116996,0.489147350146888,1,1,1,"2","CTD-2073O6.1"
"SUMO3",0.0022850292311274,0.845853002711284,1,1,1,"2","SUMO3"
"UPF2",0.00230417984643911,0.526343807853959,1,1,1,"2","UPF2"
"HIST2H2BB",0.002313670700906,1.74042330442578,1,1,1,"2","HIST2H2BB"
"ADAM10",0.00231550829119317,0.595398041796315,1,1,1,"2","ADAM10"
"RP11-1H8.3",0.00231584636910445,0.465887884183326,1,1,1,"2","RP11-1H8.3"
"GABRD",0.00232470271266449,1.70636164003228,1,1,1,"2","GABRD"
"GINS2",0.00233344233177739,0.828648907934175,1,1,1,"2","GINS2"
"KIAA1524",0.00234314047391603,0.897624309426586,1,1,1,"2","KIAA1524"
"PIH1D1",0.00235877916138823,1.58169514083995,1,1,1,"2","PIH1D1"
"C3orf55",0.00236533249847922,1.12076831716802,1,1,1,"2","C3orf55"
"RFPL4AL1",0.00238392955995677,0.953827907292119,1,1,1,"2","RFPL4AL1"
"SLC25A39",0.00238856012638521,0.533475588200897,1,1,1,"2","SLC25A39"
"PSEN2",0.00239264841025367,1.18608627390626,1,1,1,"2","PSEN2"
"IL17A",0.00239312585840144,1.05437921774058,1,1,1,"2","IL17A"
"RPL35P1",0.0023962132190488,0.783031074903077,1,1,1,"2","RPL35P1"
"HIST1H4L",0.00240411044292308,1.17694456111847,1,1,1,"2","HIST1H4L"
"PAFAH1B3",0.00242113181151388,0.947224756710616,1,1,1,"2","PAFAH1B3"
"CHCHD6",0.00242694912699721,1.84011018628347,1,1,1,"2","CHCHD6"
"RPS23P8",0.00242829671799281,0.848662584873567,1,1,1,"2","RPS23P8"
"IKBKGP1",0.00243134636974489,3.14998952988271,1,1,1,"2","IKBKGP1"
"C17orf76-AS1",0.00244031030542308,1.12128294826681,1,1,1,"2","C17orf76-AS1"
"SNX5",0.00244420203563773,0.494578377299185,1,1,1,"2","SNX5"
"IMPG2",0.00244941080109891,0.444163280575459,1,1,1,"2","IMPG2"
"TPGS2",0.00245312677314756,0.686184544210324,1,1,1,"2","TPGS2"
"PSAT11",0.00245735003807453,1.10318287693439,1,1,1,"2","PSAT1"
"RP11-206L10.11",0.00246473239073484,1.76722105969599,1,1,1,"2","RP11-206L10.11"
"RPN2",0.00246904843244748,0.66939190698233,1,1,1,"2","RPN2"
"HLA-A",0.00248066497716046,0.991576643129317,1,1,1,"2","HLA-A"
"RBFA",0.00250245111490791,0.954928592657053,1,1,1,"2","RBFA"
"KIAA1324L",0.00250321917756353,1.51360610308307,1,1,1,"2","KIAA1324L"
"NOSIP",0.00252143420752839,1.1063134598468,1,1,1,"2","NOSIP"
"KDM1A",0.00253886818323112,0.828734818898312,1,1,1,"2","KDM1A"
"SEC11A",0.00257442878984937,0.686890760988323,1,1,1,"2","SEC11A"
"CARD9",0.002580713558148,2.05974558545225,1,1,1,"2","CARD9"
"MIR24-21",0.0025897047034965,0.344138378655938,1,1,1,"2","MIR24-2"
"C1orf195",0.00259365069059492,1.86565881805358,1,1,1,"2","C1orf195"
"CTC-338M12.9",0.00259572031979498,1.02025882562223,1,1,1,"2","CTC-338M12.9"
"AC138517.4",0.00260155802316248,2.75862032662904,1,1,1,"2","AC138517.4"
"KNOP1",0.00260416350729182,0.857551535872455,1,1,1,"2","KNOP1"
"SETP2",0.0026066800325078,1.36917791187139,1,1,1,"2","SETP2"
"SCHIP11",0.00260671648053881,0.830992702552869,1,1,1,"2","SCHIP1"
"RP11-748H22.1",0.00261171950784613,0.570408270003258,1,1,1,"2","RP11-748H22.1"
"MAGED4",0.00261260209811447,1.14525393050693,1,1,1,"2","MAGED4"
"EXOSC9",0.00261377472498013,0.955172752199767,1,1,1,"2","EXOSC9"
"RHPN1",0.00261788993616753,2.27979692214688,1,1,1,"2","RHPN1"
"RPS7P1",0.00262212705617656,0.867055051155599,1,1,1,"2","RPS7P1"
"TUBG1",0.00262450212149911,0.65951141038124,1,1,1,"2","TUBG1"
"ZDBF2",0.00262454743299409,2.06252282400707,1,1,1,"2","ZDBF2"
"FUCA2",0.00265522286272742,0.632477636067511,1,1,1,"2","FUCA2"
"RAB10",0.0026558015566209,0.48946311370867,1,1,1,"2","RAB10"
"RP11-572P18.1",0.0026789442340768,1.52458457587213,1,1,1,"2","RP11-572P18.1"
"NOC4L",0.00268614241242667,0.895428714146711,1,1,1,"2","NOC4L"
"WDR46",0.0026867213994272,0.71135450904813,1,1,1,"2","WDR46"
"TMSB10",0.00270098026435109,0.863498163690984,1,1,1,"2","TMSB10"
"SQRDL1",0.0027026123538437,0.988114852930236,1,1,1,"2","SQRDL"
"AC004453.8",0.00271278940564755,1.78698005731691,1,1,1,"2","AC004453.8"
"KDR1",0.00271619713714985,0.607128775903806,1,1,1,"2","KDR"
"USP5",0.00271896187081689,0.701931496651131,1,1,1,"2","USP5"
"RP11-21G15.1",0.0027407149998014,1.14638564549743,1,1,1,"2","RP11-21G15.1"
"MRPL34",0.00274142850183181,1.45406406366634,1,1,1,"2","MRPL34"
"DSCC1",0.00274831428101335,1.43635993417004,1,1,1,"2","DSCC1"
"SAC3D1",0.00274873051730448,2.09001848311776,1,1,1,"2","SAC3D1"
"CUL1",0.00275264050312813,0.534415714043117,1,1,1,"2","CUL1"
"LPAR31",0.00275917785428658,0.453389146115578,1,1,1,"2","LPAR3"
"RENBP",0.00276191049590925,1.14194284025256,1,1,1,"2","RENBP"
"RNF220",0.00276628975839882,1.12440975711202,1,1,1,"2","RNF220"
"MAPK9",0.0027703862869997,0.772360582644492,1,1,1,"2","MAPK9"
"RPS4XP3",0.00278875825007354,0.48806769675695,1,1,1,"2","RPS4XP3"
"NUDT15",0.00278911285668682,1.55254802542466,1,1,1,"2","NUDT15"
"CTDSPL",0.00279177908323878,0.784864798766403,1,1,1,"2","CTDSPL"
"FBXL8",0.00280472259295717,0.577658810035414,1,1,1,"2","FBXL8"
"METTL1",0.00280779503306156,1.34480348058227,1,1,1,"2","METTL1"
"MYBBP1A",0.00281162088592073,1.55759112782984,1,1,1,"2","MYBBP1A"
"IER3IP1",0.00281293049729883,1.34722082694388,1,1,1,"2","IER3IP1"
"RCC2",0.0028200643872229,0.587434791806007,1,1,1,"2","RCC2"
"MRC1L1",0.00283721256277938,0.936495526626402,1,1,1,"2","MRC1L1"
"TXN2",0.00284120376099019,1.01697835210404,1,1,1,"2","TXN2"
"RPS17L",0.00285498232726948,0.899348742133464,1,1,1,"2","RPS17L"
"C9orf40",0.00285631490531273,1.82457439556631,1,1,1,"2","C9orf40"
"LYVE1",0.00285640181152334,2.9263922802467,1,1,1,"2","LYVE1"
"RPS18",0.0028567628680244,0.91376965976573,1,1,1,"2","RPS18"
"SMG5",0.00286088700173171,0.445516511518683,1,1,1,"2","SMG5"
"KCNA1",0.00286318621972674,2.3115724506393,1,1,1,"2","KCNA1"
"ADAT2",0.00286396253830689,1.0376966891355,1,1,1,"2","ADAT2"
"ROPN1L",0.00287319902129286,0.411662504725935,1,1,1,"2","ROPN1L"
"SH3GL1P1",0.00288007051327658,1.05029369614763,1,1,1,"2","SH3GL1P1"
"FOXRED2",0.00288062024210193,1.18770259564086,1,1,1,"2","FOXRED2"
"MARCKSL11",0.00289083604715405,0.916955185759566,1,1,1,"2","MARCKSL1"
"C9orf89",0.00290122950829053,0.822178842409295,1,1,1,"2","C9orf89"
"TUBA4A1",0.0029019840859841,0.430583551461593,1,1,1,"2","TUBA4A"
"TUBBP1",0.00290221912103599,0.777372737845578,1,1,1,"2","TUBBP1"
"TRIP6",0.00291163422688388,0.918627243742785,1,1,1,"2","TRIP6"
"ARMC6",0.00291291749108037,1.36558493155456,1,1,1,"2","ARMC6"
"TATDN2P2",0.00291316185892274,0.915932557014697,1,1,1,"2","TATDN2P2"
"ISG20L2",0.00291700733890478,0.972352750024706,1,1,1,"2","ISG20L2"
"FAU",0.00296559278101764,1.35486889847523,1,1,1,"2","FAU"
"NACC1",0.00296890161095875,1.6218808508108,1,1,1,"2","NACC1"
"KCTD12",0.00296903430809233,1.16751472764477,1,1,1,"2","KCTD12"
"IPO8",0.00298070769608512,0.707052820347052,1,1,1,"2","IPO8"
"KLF1",0.00299386751032417,0.369551476261101,1,1,1,"2","KLF1"
"PEG10",0.00300141030510557,1.6183289946388,1,1,1,"2","PEG10"
"NDUFS2",0.00304133731323241,0.547420133022275,1,1,1,"2","NDUFS2"
"YARS",0.0030558065988658,1.01707972935748,1,1,1,"2","YARS"
"RP11-510I21.1",0.00305870873172205,2.92721162516371,1,1,1,"2","RP11-510I21.1"
"CTD-2192J16.15",0.00306092092389897,1.21167158050546,1,1,1,"2","CTD-2192J16.15"
"MRPL9",0.00306864117845179,0.979629631561185,1,1,1,"2","MRPL9"
"STRAP",0.003083611135272,1.15269978634675,1,1,1,"2","STRAP"
"TBCD1",0.00308409131932368,1.07022752785648,1,1,1,"2","TBCD"
"PSMA3",0.00308553864849239,0.645818570799957,1,1,1,"2","PSMA3"
"FAM120A",0.00309326190073882,0.361607209603132,1,1,1,"2","FAM120A"
"GPR1121",0.00310644132734261,2.12464837411753,1,1,1,"2","GPR112"
"SFI1",0.00311005352594747,0.877142573213682,1,1,1,"2","SFI1"
"SPATC1L",0.00311596461689465,1.02643112343225,1,1,1,"2","SPATC1L"
"BMX",0.00313730353850515,0.836031883250389,1,1,1,"2","BMX"
"UNC45A",0.0031476322464675,1.11628442747514,1,1,1,"2","UNC45A"
"RUFY1",0.00315454756397669,0.935412595613968,1,1,1,"2","RUFY1"
"PRPF31",0.0031549508559418,1.26181251965668,1,1,1,"2","PRPF31"
"TRIM44",0.00317803247186432,1.10321078350207,1,1,1,"2","TRIM44"
"MPV17",0.00319169958218235,0.929128496767186,1,1,1,"2","MPV17"
"RP11-18B3.3",0.00320022209410359,1.75157810749689,1,1,1,"2","RP11-18B3.3"
"TGFB1",0.00320387811013298,1.44578585687535,1,1,1,"2","TGFB1"
"HK2",0.00320970880325158,1.42838072889547,1,1,1,"2","HK2"
"ZACN",0.00321137649639168,2.27745607195106,1,1,1,"2","ZACN"
"SCAMP3",0.00321322181581883,0.976944911976835,1,1,1,"2","SCAMP3"
"STARD8",0.00322442332973186,1.50290357195668,1,1,1,"2","STARD8"
"MPHOSPH9",0.00322607668453379,0.859989521557303,1,1,1,"2","MPHOSPH9"
"RPS4XP16",0.0032333013284982,0.89781876003283,1,1,1,"2","RPS4XP16"
"RP11-582E3.4",0.00323549777955683,0.935260483729236,1,1,1,"2","RP11-582E3.4"
"NCLN",0.00323848874685647,0.968930950603326,1,1,1,"2","NCLN"
"TXLNA",0.0032479562351911,0.664359283885162,1,1,1,"2","TXLNA"
"VRK1",0.00326172432375216,1.23010783053992,1,1,1,"2","VRK1"
"MSTN",0.00327251195667201,0.509158330498284,1,1,1,"2","MSTN"
"CASP3",0.00327430730898002,0.721788086257897,1,1,1,"2","CASP3"
"CPT1C",0.00329229868004086,1.36649506041588,1,1,1,"2","CPT1C"
"RBM28",0.00330008718177921,0.549771811456054,1,1,1,"2","RBM28"
"ARFGEF21",0.00330348935254859,0.38600394840832,1,1,1,"2","ARFGEF2"
"C10orf82",0.00330728571555691,1.14887575193235,1,1,1,"2","C10orf82"
"LRRC4C",0.00331950413978022,2.37791875055745,1,1,1,"2","LRRC4C"
"SLC25A51",0.00332169357062041,1.0921349561133,1,1,1,"2","SLC25A5"
"EMC8",0.00332828113835818,0.609740267875589,1,1,1,"2","EMC8"
"APRT",0.00332996553667015,1.55762980015617,1,1,1,"2","APRT"
"CREB3L4",0.00333789053561264,0.900853675951973,1,1,1,"2","CREB3L4"
"CMC4",0.00334313798268848,1.11235756339683,1,1,1,"2","CMC4"
"UBQLN3",0.00339811959801898,0.915114134573843,1,1,1,"2","UBQLN3"
"RXRG",0.0034041327689683,0.788589702289332,1,1,1,"2","RXRG"
"MRPS7",0.00341585034201768,0.923192388413826,1,1,1,"2","MRPS7"
"EIF3CL",0.00343316310752317,1.02568796481097,1,1,1,"2","EIF3CL"
"CMPK21",0.00344106850024053,0.49159523036759,1,1,1,"2","CMPK2"
"ELP6",0.00344311739051387,0.726417874335576,1,1,1,"2","ELP6"
"SPC25",0.00345260847613875,0.560972169336877,1,1,1,"2","SPC25"
"EPN1",0.00346983788206219,1.14243314088428,1,1,1,"2","EPN1"
"EPHB4",0.00347791633131647,0.543600253529405,1,1,1,"2","EPHB4"
"TXN1",0.00347968601658704,1.06554165044841,1,1,1,"2","TXN"
"SMTN1",0.00348639663284648,1.01119450430493,1,1,1,"2","SMTN"
"PARPBP",0.00349648271498742,1.30570978505763,1,1,1,"2","PARPBP"
"HIST1H4E",0.0035274588775355,0.770662417847252,1,1,1,"2","HIST1H4E"
"HIST1H4K",0.00355108485322653,0.594210104238471,1,1,1,"2","HIST1H4K"
"MAPKAPK2",0.00357041987012976,0.599222200236724,1,1,1,"2","MAPKAPK2"
"HIST1H2BI",0.00357121440415357,1.35960306740051,1,1,1,"2","HIST1H2BI"
"KLHL3",0.00359216255589439,1.26489423104655,1,1,1,"2","KLHL3"
"E2F6",0.00360517593897404,0.903825960448831,1,1,1,"2","E2F6"
"ARAP31",0.00360636467506093,0.44412002570397,1,1,1,"2","ARAP3"
"PSMD71",0.00362560202985283,0.757100090821316,1,1,1,"2","PSMD7"
"SNORA68",0.00365378523481386,1.17578033425981,1,1,1,"2","SNORA68"
"CHD1L",0.00367127795881178,0.630326405826548,1,1,1,"2","CHD1L"
"TNFRSF8",0.00367223092176009,1.68806183472086,1,1,1,"2","TNFRSF8"
"EIF4E2",0.00367446266247437,0.638928619413345,1,1,1,"2","EIF4E2"
"SETP14",0.00367569508618574,0.697534665176306,1,1,1,"2","SETP14"
"PHB2",0.00367956014867259,0.765337015843791,1,1,1,"2","PHB2"
"APLP2",0.00370270310109498,0.824298284112647,1,1,1,"2","APLP2"
"NHP2",0.00371395075955207,0.715409432426947,1,1,1,"2","NHP2"
"RP11-90O23.1",0.003716347969193,1.19175464431173,1,1,1,"2","RP11-90O23.1"
"MCFD2",0.00371942912283139,1.86788370027899,1,1,1,"2","MCFD2"
"RP11-1281K21.1",0.00372794472300678,2.36561207722422,1,1,1,"2","RP11-1281K21.1"
"RP11-436H11.1",0.00372829417064219,0.81784490591857,1,1,1,"2","RP11-436H11.1"
"CD302",0.00373887609891465,0.358005219609524,1,1,1,"2","CD302"
"CFDP1",0.0037529683886943,0.825862551395776,1,1,1,"2","CFDP1"
"PTMAP5",0.0037550253859727,1.2495998681086,1,1,1,"2","PTMAP5"
"CREB5",0.00375937199357389,1.30414284247798,1,1,1,"2","CREB5"
"LRRC7",0.00378395745491761,0.366151261842406,1,1,1,"2","LRRC7"
"HNRNPH3",0.00378834536700515,0.544562313943203,1,1,1,"2","HNRNPH3"
"TMEM165",0.00379062990322167,0.669225155752923,1,1,1,"2","TMEM165"
"HIC11",0.00381314748467854,0.815306785722219,1,1,1,"2","HIC1"
"HAUS8",0.0038202812912924,0.969333569763574,1,1,1,"2","HAUS8"
"SLC16A13",0.00382426300703092,0.987129752527334,1,1,1,"2","SLC16A13"
"CDH51",0.00382828077920109,0.498888045044186,1,1,1,"2","CDH5"
"PSMG3",0.00383593907568219,0.898323180240574,1,1,1,"2","PSMG3"
"AL589743.1",0.00383975967374339,2.34431180116447,1,1,1,"2","AL589743.1"
"SART1",0.00384144011322284,1.73274825466806,1,1,1,"2","SART1"
"SREK1IP1",0.00385221249046784,0.609475486782264,1,1,1,"2","SREK1IP1"
"TSEN54",0.00385253160952321,1.32259048221896,1,1,1,"2","TSEN54"
"VPS51",0.00385664245633441,2.67548287252186,1,1,1,"2","VPS51"
"LRFN4",0.00385944722175663,2.31751738296333,1,1,1,"2","LRFN4"
"C6orf10",0.00389116247718547,4.13330646408235,1,1,1,"2","C6orf10"
"RP11-58H15.1",0.00389206526499928,1.6926842708388,1,1,1,"2","RP11-58H15.1"
"RBM3",0.00390653939445331,0.571529731242087,1,1,1,"2","RBM3"
"ZNF6181",0.00391786331748779,0.930205429154329,1,1,1,"2","ZNF618"
"EIF1AD",0.00392968290560192,1.4644904941836,1,1,1,"2","EIF1AD"
"ABT1",0.00393149159305241,0.916587771477573,1,1,1,"2","ABT1"
"NAGK",0.00393774965738282,1.06749303033375,1,1,1,"2","NAGK"
"RPL18AP3",0.00396477482570432,0.788743000821906,1,1,1,"2","RPL18AP3"
"HIST1H2AJ",0.0039662052891024,0.196701857318972,1,1,1,"2","HIST1H2AJ"
"HNRNPA1P10",0.00396645185946732,1.85148057130369,1,1,1,"2","HNRNPA1P10"
"NRAS",0.00398115026900414,1.31372817472446,1,1,1,"2","NRAS"
"OSTCP5",0.00398165592295236,0.662219870400419,1,1,1,"2","OSTCP5"
"POTEJ",0.00399732949357045,2.32811639446183,1,1,1,"2","POTEJ"
"NTRK11",0.00400721331372274,0.475717790424891,1,1,1,"2","NTRK1"
"DDX51",0.00401860641835999,1.75784872226031,1,1,1,"2","DDX51"
"RP11-253M7.1",0.00402557820854779,1.50396625839075,1,1,1,"2","RP11-253M7.1"
"HTRA2",0.00404333076002287,0.405460813583923,1,1,1,"2","HTRA2"
"PBK",0.00405690395163558,1.27186755990509,1,1,1,"2","PBK"
"CCDC168",0.00408085416813323,4.19945129738583,1,1,1,"2","CCDC168"
"EIF4H",0.0040857240160797,0.489490434624191,1,1,1,"2","EIF4H"
"GFOD2",0.0040939940998541,1.14382896033626,1,1,1,"2","GFOD2"
"RP11-122A3.2",0.00410173323647656,0.658589314961871,1,1,1,"2","RP11-122A3.2"
"ROMO1",0.00410997060786323,1.29578895064634,1,1,1,"2","ROMO1"
"DNAJC8P1",0.00411046497934993,1.02676845485604,1,1,1,"2","DNAJC8P1"
"UBE2U1",0.00411301225438934,1.39498875273525,1,1,1,"2","UBE2U"
"ARRB1",0.00411381426079971,0.993804719034568,1,1,1,"2","ARRB1"
"BOD1",0.00411585322923497,0.72185266442464,1,1,1,"2","BOD1"
"SLC9C11",0.00411918717347514,0.453677438796417,1,1,1,"2","SLC9C1"
"NSA2",0.00412148788629263,0.872903484434815,1,1,1,"2","NSA2"
"RPL32",0.0041320354176258,1.06358896534923,1,1,1,"2","RPL32"
"RPL23A",0.00421824528643359,1.0836909402506,1,1,1,"2","RPL23A"
"IL7",0.00422244673666141,1.82144513896219,1,1,1,"2","IL7"
"HEATR3",0.00422903034863509,0.74993037881911,1,1,1,"2","HEATR3"
"SNORA2A",0.00423772520995707,2.98874081166588,1,1,1,"2","SNORA2A"
"YBX1P6",0.00423783127875819,1.06924931253253,1,1,1,"2","YBX1P6"
"DDX10",0.00423833982558303,0.749606790391862,1,1,1,"2","DDX10"
"MRPL16",0.00425012555477007,0.722823466287302,1,1,1,"2","MRPL16"
"KIF18B",0.00425213162081556,1.07223723055025,1,1,1,"2","KIF18B"
"SMARCE1",0.00426581518558523,0.570877230574638,1,1,1,"2","SMARCE1"
"DYRK4",0.0042684819057661,1.19828262711182,1,1,1,"2","DYRK4"
"RNPS1",0.00427089753427821,0.447772846602295,1,1,1,"2","RNPS1"
"PELP1",0.00427434866147278,0.292887226982838,1,1,1,"2","PELP1"
"GALNT18",0.0042824336541316,1.43400159133448,1,1,1,"2","GALNT18"
"VPS72",0.00429203224861047,0.775815901942439,1,1,1,"2","VPS72"
"AC112229.4",0.0043047991468708,0.522305330789827,1,1,1,"2","AC112229.4"
"MAEA",0.00431449618320346,1.093922385091,1,1,1,"2","MAEA"
"HMGB1P4",0.00433548671428738,2.38370331373475,1,1,1,"2","HMGB1P4"
"ALPP",0.00434579308501982,0.567858316883205,1,1,1,"2","ALPP"
"HIST1H3B",0.00436646708058426,0.169272185811252,1,1,1,"2","HIST1H3B"
"FAM60A",0.00436876230188848,1.01397125268301,1,1,1,"2","FAM60A"
"NDUFB10",0.00439310671924133,0.787391700866753,1,1,1,"2","NDUFB10"
"MALSU1",0.00441891727087482,0.870720009584753,1,1,1,"2","MALSU1"
"TDRD9",0.00442627614369082,0.954422184848834,1,1,1,"2","TDRD9"
"ABCA3",0.00443907043237037,0.845940883117869,1,1,1,"2","ABCA3"
"RBM8B",0.00444799687175466,2.55219036317386,1,1,1,"2","RBM8B"
"SCAND31",0.00447506252276441,1.67714489778159,1,1,1,"2","SCAND3"
"TRMT10C",0.00447618282086696,0.652228082080759,1,1,1,"2","TRMT10C"
"FAM136A",0.00447816883602389,1.14550750398527,1,1,1,"2","FAM136A"
"PPP1R9A",0.00448811702823907,1.4712945216218,1,1,1,"2","PPP1R9A"
"SAMD10",0.00449061551070082,0.636168858371672,1,1,1,"2","SAMD10"
"FOXF2",0.00450285496203945,1.75594289224527,1,1,1,"2","FOXF2"
"ICT1",0.00451787423857989,0.768456647856681,1,1,1,"2","ICT1"
"EPN3",0.00453570367334636,4.44840077054094,1,1,1,"2","EPN3"
"STIL",0.00454468855576273,0.937310914753622,1,1,1,"2","STIL"
"PRCC",0.00455366873837906,0.636229746206435,1,1,1,"2","PRCC"
"ERICH1",0.00455578229821355,1.64825628753341,1,1,1,"2","ERICH1"
"RET",0.00456169440574925,1.01575301669994,1,1,1,"2","RET"
"RPL19",0.00457522520206691,0.877927528697143,1,1,1,"2","RPL19"
"SERF1B",0.00458783856946464,1.18839118081097,1,1,1,"2","SERF1B"
"PSPH1",0.00459413618775742,0.70000966939334,1,1,1,"2","PSPH"
"CTB-118N6.1",0.00460159451600861,0.757754813316636,1,1,1,"2","CTB-118N6.1"
"LOXL21",0.00461680228302937,0.77098064449714,1,1,1,"2","LOXL2"
"CENPH",0.00462276655785216,1.74701547808654,1,1,1,"2","CENPH"
"GHITM1",0.00462690904455671,0.57401902067069,1,1,1,"2","GHITM"
"CWC15",0.00463681728042756,0.397269820221613,1,1,1,"2","CWC15"
"IMMT",0.00463753497137155,0.514906539303027,1,1,1,"2","IMMT"
"RPLP1",0.00465059432564374,0.990909741379209,1,1,1,"2","RPLP1"
"DNAJC8",0.004664333273094,0.777345708935623,1,1,1,"2","DNAJC8"
"FABP51",0.00469464069198709,0.904314124439708,1,1,1,"2","FABP5"
"MYO7B",0.00469546679511843,1.98096406854151,1,1,1,"2","MYO7B"
"ICA1",0.0046988687270772,0.797601089746545,1,1,1,"2","ICA1"
"SGOL2",0.00470159860817927,0.589546978350606,1,1,1,"2","SGOL2"
"DCAF7",0.00472321933897268,0.618721364019137,1,1,1,"2","DCAF7"
"IGF2BP1",0.00472883975541957,3.73914125668698,1,1,1,"2","IGF2BP1"
"CINP",0.00474473612558014,0.733427091978438,1,1,1,"2","CINP"
"TRUB1",0.00478854578042884,0.916148918531318,1,1,1,"2","TRUB1"
"ATP5G1",0.00484368542606951,1.50575814790198,1,1,1,"2","ATP5G1"
"SRPRB",0.00484663751163324,1.08541923820283,1,1,1,"2","SRPRB"
"DBNDD1",0.00485227691101317,1.04260184943448,1,1,1,"2","DBNDD1"
"TEX30",0.00485476185493058,1.80092283347233,1,1,1,"2","TEX30"
"PEX19",0.00486239282990437,0.265456430751218,1,1,1,"2","PEX19"
"ZNF2571",0.00487069063138616,0.258340906224925,1,1,1,"2","ZNF257"
"ABI3",0.00488863368566571,2.20975898835365,1,1,1,"2","ABI3"
"ACTR3B",0.00489665619218765,1.09401938226243,1,1,1,"2","ACTR3B"
"INTS7",0.00490875399838495,0.881674269869553,1,1,1,"2","INTS7"
"NSL1",0.00492669323924212,0.529801231439517,1,1,1,"2","NSL1"
"TARBP2",0.0049287286011444,1.71177005344016,1,1,1,"2","TARBP2"
"SNRNP27",0.00494357662381709,0.883769627269329,1,1,1,"2","SNRNP27"
"IL1RAPL1",0.00494979145380459,0.155194724875123,1,1,1,"2","IL1RAPL1"
"AIFM1",0.00495513673303272,0.95334205848777,1,1,1,"2","AIFM1"
"RP4-633I8.2",0.0049575963079578,1.08245361617603,1,1,1,"2","RP4-633I8.2"
"ABCA4",0.00496353215751938,0.730258569370218,1,1,1,"2","ABCA4"
"RP11-603B24.2",0.00499375373057368,0.98892872414649,1,1,1,"2","RP11-603B24.2"
"PGM2",0.00499500852112678,0.690165371693809,1,1,1,"2","PGM2"
"NT5C3AP1",0.00499964795923719,1.52986320446693,1,1,1,"2","NT5C3AP1"
"KLHL5",0.00501932540070465,0.700234532547029,1,1,1,"2","KLHL5"
"HSD17B101",0.00502843574046444,0.596201886548073,1,1,1,"2","HSD17B10"
"ARFGAP1",0.00503041224901815,0.679768353626159,1,1,1,"2","ARFGAP1"
"DAK",0.00503265181659738,1.24842476395764,1,1,1,"2","DAK"
"COMTD11",0.00504879894436065,1.85479551151539,1,1,1,"2","COMTD1"
"BVES",0.00505213612304837,1.06280706773806,1,1,1,"2","BVES"
"FAM63B",0.00506126189466537,0.598942935706676,1,1,1,"2","FAM63B"
"CCDC471",0.00506377922588952,0.441578536679941,1,1,1,"2","CCDC47"
"CPSF1P11",0.00508317302112523,0.68234200901045,1,1,1,"2","CPSF1P1"
"ANKRD32",0.00511485883207693,0.750574727108804,1,1,1,"2","ANKRD32"
"NUCKS1",0.00512704755663634,0.401051193039265,1,1,1,"2","NUCKS1"
"C17orf89",0.00515690552607318,2.82773413899009,1,1,1,"2","C17orf89"
"SNORA66",0.00515744849187617,1.53410121015254,1,1,1,"2","SNORA66"
"PWP1",0.0051596112678589,0.548656972191615,1,1,1,"2","PWP1"
"LRCOL1",0.00516380441636652,0.400940856008511,1,1,1,"2","LRCOL1"
"AC079250.1",0.00518282281486676,0.768632855400076,1,1,1,"2","AC079250.1"
"TMC6",0.00519053527148005,1.14330351112773,1,1,1,"2","TMC6"
"PDIA4",0.00520581004670819,0.736410093528757,1,1,1,"2","PDIA4"
"PDE6G",0.00523380663539787,1.90713785611065,1,1,1,"2","PDE6G"
"HIST1H2AB",0.00523567568465214,0.504110006707897,1,1,1,"2","HIST1H2AB"
"EXOC31",0.0052554401758132,0.312704700319681,1,1,1,"2","EXOC3"
"ADARB2",0.00527306870195277,3.69219065259213,1,1,1,"2","ADARB2"
"FBN32",0.00527461184207985,0.48196295219347,1,1,1,"2","FBN3"
"CALM1",0.00528273374502661,0.634137682652675,1,1,1,"2","CALM1"
"JPH3",0.00528982546783216,2.41307432715828,1,1,1,"2","JPH3"
"TPD52",0.00530094243352036,0.921167526138298,1,1,1,"2","TPD52"
"HIST2H2AA3",0.00531064124416897,1.19747631180983,1,1,1,"2","HIST2H2AA3"
"RPL5",0.0053144102617094,0.890399172877128,1,1,1,"2","RPL5"
"EIF3G",0.0053163541537083,0.389650188343857,1,1,1,"2","EIF3G"
"MEIS2",0.00531860356069421,1.30316321494219,1,1,1,"2","MEIS2"
"CENPW",0.00533684936586669,0.866216254423584,1,1,1,"2","CENPW"
"AP000357.4",0.00534829765968923,2.29807702492969,1,1,1,"2","AP000357.4"
"MSN",0.00534916298156935,1.12399656590521,1,1,1,"2","MSN"
"CEACAM21",0.00537736048670456,1.25338471455372,1,1,1,"2","CEACAM21"
"DDX41",0.00539598860415511,0.846849681941473,1,1,1,"2","DDX41"
"TMEM39B",0.00540303652373844,0.783906385489306,1,1,1,"2","TMEM39B"
"C11orf34",0.00540443615995444,0.745631143408604,1,1,1,"2","C11orf34"
"RPL13",0.00540500629819301,1.10666296334964,1,1,1,"2","RPL13"
"ODF2",0.0054327408450008,0.965935752145715,1,1,1,"2","ODF2"
"HIST1H2BK",0.00543384895527799,0.704280383351406,1,1,1,"2","HIST1H2BK"
"HSPD1P11",0.00543559454186677,0.143378095630371,1,1,1,"2","HSPD1P11"
"TTYH3",0.00544345151855031,1.04133124109815,1,1,1,"2","TTYH3"
"SNHG11",0.00544808591235376,1.67283580036468,1,1,1,"2","SNHG11"
"SKA3",0.00548113842332703,1.94482215212984,1,1,1,"2","SKA3"
"TBC1D2",0.00550137020527725,2.75649448573829,1,1,1,"2","TBC1D2"
"TACO1",0.0055138467282853,0.548944359341055,1,1,1,"2","TACO1"
"MYO15A1",0.00552525272926568,0.471781527238493,1,1,1,"2","MYO15A"
"VAV2",0.00552856491624316,0.133975228370625,1,1,1,"2","VAV2"
"SPAG4",0.00552881341349108,1.51968998344732,1,1,1,"2","SPAG4"
"ITIH6",0.0055312845858015,0.911337820856746,1,1,1,"2","ITIH6"
"TXNDC17",0.00553741938613577,0.429898012700226,1,1,1,"2","TXNDC17"
"CYC1",0.00554558377730912,0.804499385076733,1,1,1,"2","CYC1"
"SCAND1",0.00554680390595773,2.44687499999671,1,1,1,"2","SCAND1"
"H2AFZ",0.00555294718716947,1.29583203890052,1,1,1,"2","H2AFZ"
"MRPL19",0.00556807116211137,1.45331812181092,1,1,1,"2","MRPL19"
"NPC1L1",0.00556830978675465,2.5535132680161,1,1,1,"2","NPC1L1"
"MRFAP1",0.0056026920191401,1.52048615647266,1,1,1,"2","MRFAP1"
"SEPT10P1",0.00561577523711495,0.884962580577508,1,1,1,"2","SEPT10P1"
"ABCD4",0.00561643357551788,0.715129790364967,1,1,1,"2","ABCD4"
"GDAP1L1",0.00561915663296704,0.694947004875345,1,1,1,"2","GDAP1L1"
"FAM213A1",0.00563658464729447,1.09758080804242,1,1,1,"2","FAM213A"
"PLEKHG4B1",0.00564846849901134,0.678478361553921,1,1,1,"2","PLEKHG4B"
"C17orf96",0.00565687762776885,1.47470455478644,1,1,1,"2","C17orf96"
"EEF1A1P24",0.0056755669194771,1.78653544909381,1,1,1,"2","EEF1A1P24"
"UBE2J2",0.00571379430825248,1.22067683787755,1,1,1,"2","UBE2J2"
"GTF3A",0.00571636455818289,1.30811442172438,1,1,1,"2","GTF3A"
"RASSF91",0.00572350487440464,1.12922605761157,1,1,1,"2","RASSF9"
"CTTN",0.00572466932036686,0.827482075167573,1,1,1,"2","CTTN"
"FRMPD4",0.00574291411836628,2.01221774313194,1,1,1,"2","FRMPD4"
"SAMM501",0.00575435319681375,1.13208820808885,1,1,1,"2","SAMM50"
"SNRNP40",0.00576276687561647,0.641587409846503,1,1,1,"2","SNRNP40"
"MESDC1",0.00576984533134635,1.41648659400511,1,1,1,"2","MESDC1"
"ALDOA1",0.0057906819155367,0.716466762169688,1,1,1,"2","ALDOA"
"APOL3",0.00583171080130066,0.986324052534394,1,1,1,"2","APOL3"
"SLC45A4",0.00583405411966516,1.00458922112143,1,1,1,"2","SLC45A4"
"TXNRD2",0.00585779208721609,1.11797020576462,1,1,1,"2","TXNRD2"
"BCL2L11",0.00585879744702152,1.31442984810082,1,1,1,"2","BCL2L11"
"EHD1",0.00586677487400322,0.919338960184771,1,1,1,"2","EHD1"
"SNORD3A",0.00587147760156028,1.11119398292272,1,1,1,"2","SNORD3A"
"AC007952.5",0.00587444543147975,1.50953845277457,1,1,1,"2","AC007952.5"
"IGF2BP3",0.00587596114835519,2.54923052952642,1,1,1,"2","IGF2BP3"
"RP11-613F7.1",0.00587713096605051,1.42228236188283,1,1,1,"2","RP11-613F7.1"
"MARCKS1",0.0058815134728915,0.896478515529939,1,1,1,"2","MARCKS"
"LRRN3",0.00588339272885004,0.641439623777446,1,1,1,"2","LRRN3"
"TENM41",0.00589543725245829,1.3115064615447,1,1,1,"2","TENM4"
"NPM1P35",0.005909633762129,1.68760079984439,1,1,1,"2","NPM1P35"
"AC009237.8",0.00592889387647611,1.54376265104973,1,1,1,"2","AC009237.8"
"BRCC3",0.00593343997387383,1.14104860651139,1,1,1,"2","BRCC3"
"HIST1H3A",0.00594373827699069,1.07082266415638,1,1,1,"2","HIST1H3A"
"GPR153",0.00596269873654759,0.937602619034861,1,1,1,"2","GPR153"
"ARL3",0.0059835924444106,0.853222048796386,1,1,1,"2","ARL3"
"CLIC2",0.00599280453829318,1.20848346397391,1,1,1,"2","CLIC2"
"RELT",0.00599744393088147,1.70036616869516,1,1,1,"2","RELT"
"TP731",0.0059997256931828,0.343129483686029,1,1,1,"2","TP73"
"EIF4BP7",0.00601116973993281,0.627622190950742,1,1,1,"2","EIF4BP7"
"CDK51",0.00604949294240887,1.15504882875189,1,1,1,"2","CDK5"
"SDC3",0.00609214986609283,0.870681528779894,1,1,1,"2","SDC3"
"HIST1H4C",0.00609464672398317,0.180149058792095,1,1,1,"2","HIST1H4C"
"HNRNPA1P4",0.00610074815986116,1.54651116088557,1,1,1,"2","HNRNPA1P4"
"RPSAP4",0.00611318884949028,0.69988529224406,1,1,1,"2","RPSAP4"
"RPL13AP20",0.00612022837000659,0.791835233906941,1,1,1,"2","RPL13AP20"
"SNORA80B",0.00613068758165088,0.693000514542186,1,1,1,"2","SNORA80B"
"EEFSEC",0.00614855744635818,1.21367548068994,1,1,1,"2","EEFSEC"
"WRB",0.00614872987035718,1.11358193064729,1,1,1,"2","WRB"
"KLK4",0.00615151130441803,0.361604114954261,1,1,1,"2","KLK4"
"REPS2",0.0061681585954305,1.32990568547331,1,1,1,"2","REPS2"
"PCDHB19P1",0.00620034779346477,0.139508653165697,1,1,1,"2","PCDHB19P"
"RNASEH1P1",0.00626167540638857,2.32679424943625,1,1,1,"2","RNASEH1P1"
"GTPBP3",0.00626381671607914,2.67695588383846,1,1,1,"2","GTPBP3"
"PLEKHA8P1",0.00626654926474473,1.56054736223729,1,1,1,"2","PLEKHA8P1"
"CRYBB2",0.00626659962021913,0.882823742779276,1,1,1,"2","CRYBB2"
"DOHH",0.00628577389450973,1.5115587347941,1,1,1,"2","DOHH"
"MXD3",0.0063048952692777,1.18151466238252,1,1,1,"2","MXD3"
"SLC39A1",0.00631153859105055,0.88018792735647,1,1,1,"2","SLC39A1"
"SFPQ",0.00631388900049077,0.37263505967163,1,1,1,"2","SFPQ"
"MTHFD2",0.00632681631709097,1.2903885159794,1,1,1,"2","MTHFD2"
"SEPT2",0.00635818240443574,0.42510423859741,1,1,1,"2","SEPT2"
"PEX11A",0.00635837370685621,0.206404276500406,1,1,1,"2","PEX11A"
"ARMCX1",0.00636057044527086,0.570197768083702,1,1,1,"2","ARMCX1"
"C2orf48",0.00636221388156594,1.98015234533625,1,1,1,"2","C2orf48"
"MACROD11",0.00636758107621863,0.983756758616362,1,1,1,"2","MACROD1"
"EIF4A3",0.00636991503473917,0.546826700396467,1,1,1,"2","EIF4A3"
"AP001468.1",0.00640667084700632,0.152138574996727,1,1,1,"2","AP001468.1"
"FAM58A",0.00641906499681523,1.11278795255195,1,1,1,"2","FAM58A"
"WDR4",0.00643870958738601,0.956795889026363,1,1,1,"2","WDR4"
"MAP3K91",0.00644837210915874,0.580887023635711,1,1,1,"2","MAP3K9"
"HRAS1",0.00645182249801201,1.48745927783634,1,1,1,"2","HRAS"
"RP11-973N13.2",0.00645223734758263,1.34337799059915,1,1,1,"2","RP11-973N13.2"
"SEZ6",0.00647098425264086,0.189684787081486,1,1,1,"2","SEZ6"
"FBXO17",0.00648985199978394,3.46004558716462,1,1,1,"2","FBXO17"
"GPN1",0.00650227836828655,0.411249698166044,1,1,1,"2","GPN1"
"NAA40",0.00650405925031391,1.4101011941381,1,1,1,"2","NAA40"
"MTFMT",0.00650930951599146,0.607121815369796,1,1,1,"2","MTFMT"
"POLD3",0.00654256363788617,1.0956452214758,1,1,1,"2","POLD3"
"FAM129B",0.00655572555986,0.906184639579045,1,1,1,"2","FAM129B"
"MCCC2",0.00657753131192257,0.785295824401103,1,1,1,"2","MCCC2"
"FDPS1",0.00665793437130971,0.452733251905883,1,1,1,"2","FDPS"
"TMEM200C",0.00667525897841514,1.57360450469703,1,1,1,"2","TMEM200C"
"RPL4",0.00667564918151745,0.856741486169927,1,1,1,"2","RPL4"
"SNORD12B",0.00670436383046183,1.90936202305661,1,1,1,"2","SNORD12B"
"SIPA1L3",0.00670479687551837,0.736115684537818,1,1,1,"2","SIPA1L3"
"LRRC8D",0.00674765635207882,0.784073813496986,1,1,1,"2","LRRC8D"
"GGCT1",0.00675336536134801,0.953314400626088,1,1,1,"2","GGCT"
"HINT11",0.00676082240141535,1.00714509693551,1,1,1,"2","HINT1"
"LSM14A",0.00676141151381032,0.306097636454886,1,1,1,"2","LSM14A"
"G0S2",0.00677143924037924,1.25842154068689,1,1,1,"2","G0S2"
"KCNIP1",0.00680716135956137,1.28684726282866,1,1,1,"2","KCNIP1"
"NARS2",0.00684315383366653,1.16856007000845,1,1,1,"2","NARS2"
"GNAS",0.00685416269900527,0.468476878264774,1,1,1,"2","GNAS"
"HIST1H4A",0.00685582050641434,1.78754789308213,1,1,1,"2","HIST1H4A"
"MED15P9",0.00688254947823939,1.609112032891,1,1,1,"2","MED15P9"
"HSPB11",0.00690399669087216,0.37925089146545,1,1,1,"2","HSPB1"
"PDCD6",0.00693754992095692,0.405664610041462,1,1,1,"2","PDCD6"
"CRYM",0.00694194847199813,0.987077152551922,1,1,1,"2","CRYM"
"HSF1",0.00694929066071468,1.29227747907042,1,1,1,"2","HSF1"
"PRKCSH",0.0069793299829242,0.894639528088021,1,1,1,"2","PRKCSH"
"USP14",0.00698177299776793,0.487308268890846,1,1,1,"2","USP14"
"DCPS",0.00698481653760147,1.1217940098987,1,1,1,"2","DCPS"
"EIF4G1",0.00700068428929294,0.492302014239154,1,1,1,"2","EIF4G1"
"DDX18P1",0.00701808305012069,0.257485396932301,1,1,1,"2","DDX18P1"
"GTF3C6",0.00703776715058509,1.04362299446892,1,1,1,"2","GTF3C6"
"OR5H15",0.00704847220858511,1.31943133449348,1,1,1,"2","OR5H15"
"EPHA2",0.00705429686247081,1.19819035518541,1,1,1,"2","EPHA2"
"SACS",0.00706271276566035,0.921304944465223,1,1,1,"2","SACS"
"MRPL211",0.00706610482085116,0.505487605567728,1,1,1,"2","MRPL21"
"MCMBP",0.00710726409285893,0.434921874663516,1,1,1,"2","MCMBP"
"C14orf142",0.00711016024974079,0.669927725766515,1,1,1,"2","C14orf142"
"CNST",0.00714158973416376,0.652786808606169,1,1,1,"2","CNST"
"B4GALT5",0.00715173412198755,0.422339585015642,1,1,1,"2","B4GALT5"
"TMCO4",0.00715187835272552,0.199598144185252,1,1,1,"2","TMCO4"
"TECPR1",0.00719191615952461,0.915749751902126,1,1,1,"2","TECPR1"
"RP6-145B8.3",0.00719299415389442,0.634689856789002,1,1,1,"2","RP6-145B8.3"
"HSPA8P9",0.00722528823098554,0.333600212960262,1,1,1,"2","HSPA8P9"
"ZNF565",0.00723424228801966,0.825298345085345,1,1,1,"2","ZNF565"
"BCAS2",0.00729115270448078,0.713802246291666,1,1,1,"2","BCAS2"
"SETP8",0.00729464529928521,0.239595440368799,1,1,1,"2","SETP8"
"CHD4",0.00730594226721824,0.464273789627722,1,1,1,"2","CHD4"
"MKRN2",0.00730766902932113,2.87211221647634,1,1,1,"2","MKRN2"
"BYSL",0.00732779601806074,0.833315468009653,1,1,1,"2","BYSL"
"BOLA2",0.00734002834802104,0.704935913984841,1,1,1,"2","BOLA2"
"SRP72P1",0.00735198657846585,4.88207747458949,1,1,1,"2","SRP72P1"
"MAPK12",0.00737088471039555,1.83687570623125,1,1,1,"2","MAPK12"
"ZNF595",0.00741515962976457,1.52219987515223,1,1,1,"2","ZNF595"
"TMEM52",0.00741763646220448,1.00453894833788,1,1,1,"2","TMEM52"
"TNFRSF6B1",0.00744226698761025,1.72632135979562,1,1,1,"2","TNFRSF6B"
"ALDH18A1",0.00745508760362057,0.638828259695988,1,1,1,"2","ALDH18A1"
"FOXD1",0.00753886068279469,1.0311431884283,1,1,1,"2","FOXD1"
"SEMA3D1",0.00755932360455758,1.47069889224684,1,1,1,"2","SEMA3D"
"WDR34",0.00756399280335572,2.17715572999203,1,1,1,"2","WDR34"
"ITM2C1",0.00758179039253402,1.09329862052538,1,1,1,"2","ITM2C"
"RP5-1022P6.31",0.00759163241779806,0.282051282020051,1,1,1,"2","RP5-1022P6.3"
"RPL4P5",0.00762443130782789,0.988888813175199,1,1,1,"2","RPL4P5"
"MSNP1",0.00764808145616283,0.665120517342508,1,1,1,"2","MSNP1"
"CDK8",0.00766298575238274,0.607907211627886,1,1,1,"2","CDK8"
"UBXN1",0.00768898085682662,0.928548604791686,1,1,1,"2","UBXN1"
"SLC4A11",0.00769817819374891,1.49857813275883,1,1,1,"2","SLC4A11"
"FAM189B",0.00770245033086464,0.74918946728469,1,1,1,"2","FAM189B"
"SF3A2",0.00773246492712661,1.2962525616759,1,1,1,"2","SF3A2"
"PHF23",0.00776827710132504,0.461587070955421,1,1,1,"2","PHF23"
"TMEM192",0.00778018369165278,0.925078394521465,1,1,1,"2","TMEM192"
"RP11-32D17.4",0.00778990290246728,0.548830984493815,1,1,1,"2","RP11-32D17.4"
"NMRAL1",0.00779482438595263,0.973842826688951,1,1,1,"2","NMRAL1"
"BANK11",0.00780044118439345,0.209252169431453,1,1,1,"2","BANK1"
"RRM11",0.00780281499482658,0.800442909540145,1,1,1,"2","RRM1"
"ARHGDIA",0.00783017523995368,1.53422611857947,1,1,1,"2","ARHGDIA"
"GPR27",0.00784279790442578,2.18832464080457,1,1,1,"2","GPR27"
"RBM381",0.00786714695270507,0.4351750953109,1,1,1,"2","RBM38"
"RP11-551L14.1",0.00787724597451268,1.819331929663,1,1,1,"2","RP11-551L14.1"
"RBMXL3",0.00790335768497587,1.63129133521437,1,1,1,"2","RBMXL3"
"RP11-289I10.2",0.00791291163800069,0.768694038777781,1,1,1,"2","RP11-289I10.2"
"ADAMTS16",0.0079346450566638,0.996310498706562,1,1,1,"2","ADAMTS16"
"TRMT1",0.00797338673560753,1.36270607143002,1,1,1,"2","TRMT1"
"BASP1",0.0079798284043626,0.629584677922136,1,1,1,"2","BASP1"
"FAM72C",0.00798523151440387,0.431815602924356,1,1,1,"2","FAM72C"
"MDN1",0.00798628884854451,0.620732893400511,1,1,1,"2","MDN1"
"HNRNPA3P3",0.00798778426425562,0.378521562748647,1,1,1,"2","HNRNPA3P3"
"LYPLA2P1",0.00800158464047598,1.11380856550042,1,1,1,"2","LYPLA2P1"
"SNORA26",0.00800349226703925,3.24111864794959,1,1,1,"2","SNORA26"
"TPMT",0.00800790960210368,0.553680175780197,1,1,1,"2","TPMT"
"PDCL3",0.008008044277897,0.470624520669716,1,1,1,"2","PDCL3"
"PPP1R7",0.00802148427861796,0.339234515712528,1,1,1,"2","PPP1R7"
"C18orf54",0.00803024817454573,0.807541359326233,1,1,1,"2","C18orf54"
"MID1",0.00803944575100662,1.12153517744235,1,1,1,"2","MID1"
"AC068657.2",0.00804061099858411,3.28934616872798,1,1,1,"2","AC068657.2"
"MRPL22",0.0080940007337645,0.806315450097465,1,1,1,"2","MRPL22"
"MED15",0.00811414006293991,1.85074166190298,1,1,1,"2","MED15"
"ARNT",0.00811667414195061,0.143277939004332,1,1,1,"2","ARNT"
"SAPCD2",0.0081251762954282,2.86191893719534,1,1,1,"2","SAPCD2"
"SLIRP",0.00813107889768063,0.763331774629993,1,1,1,"2","SLIRP"
"CDC6",0.00813234996514474,0.997869785483951,1,1,1,"2","CDC6"
"APP",0.00817102949292422,0.510877542889986,1,1,1,"2","APP"
"LEO1",0.00818615531451361,0.594159445377777,1,1,1,"2","LEO1"
"RBM24",0.00820776936019619,2.48856602477698,1,1,1,"2","RBM24"
"DHX38",0.00821333783281818,0.813118990090114,1,1,1,"2","DHX38"
"FAM220A",0.00822232263108018,0.272787268239124,1,1,1,"2","FAM220A"
"NDUFAF4",0.00827252362559597,1.28126512599068,1,1,1,"2","NDUFAF4"
"PBX41",0.00828727217801395,0.124512772780305,1,1,1,"2","PBX4"
"NMI",0.00829161649735685,0.586438308103139,1,1,1,"2","NMI"
"RP11-312J18.5",0.00835236394741544,0.459449169021559,1,1,1,"2","RP11-312J18.5"
"ARL6IP4",0.00836393426453155,2.05998981165327,1,1,1,"2","ARL6IP4"
"AL391421.1",0.00836563798664739,0.558245251921903,1,1,1,"2","AL391421.1"
"HIST1H2BF",0.00836651825437479,0.792395206686363,1,1,1,"2","HIST1H2BF"
"HIST1H2BO",0.00839501037225948,0.846190091075002,1,1,1,"2","HIST1H2BO"
"ANKRD24",0.00840621480331971,0.23608625993109,1,1,1,"2","ANKRD24"
"PRKAA2",0.0084178244556279,1.79474371087646,1,1,1,"2","PRKAA2"
"HS2ST1",0.00842548200337515,0.872894868323721,1,1,1,"2","HS2ST1"
"CEP851",0.00845471435503788,0.68328958853084,1,1,1,"2","CEP85"
"FLVCR1",0.00846397393371863,1.18914733219901,1,1,1,"2","FLVCR1"
"UCHL5",0.00848514440749512,1.08517535427755,1,1,1,"2","UCHL5"
"BRDT",0.00851931538117641,5.0777030623465,1,1,1,"2","BRDT"
"FDX1",0.00851950977265529,0.9159875979612,1,1,1,"2","FDX1"
"PI4K2B",0.00853273127940204,1.57485647673108,1,1,1,"2","PI4K2B"
"SULT1A2",0.00853509444419409,1.13128169776061,1,1,1,"2","SULT1A2"
"TUBB4B1",0.00854446144900364,0.779508287871604,1,1,1,"2","TUBB4B"
"QPCTL",0.00854716744832438,1.15906087821715,1,1,1,"2","QPCTL"
"RHBDF2",0.00857281786152916,1.14567843241123,1,1,1,"2","RHBDF2"
"BMP2K",0.00858525259364029,0.929236336020587,1,1,1,"2","BMP2K"
"SPIN4",0.00859088018718166,1.08345258080594,1,1,1,"2","SPIN4"
"ZFPM2",0.00859624401190088,1.11337281987536,1,1,1,"2","ZFPM2"
"PNMAL1",0.00860670325228614,0.239793207382558,1,1,1,"2","PNMAL1"
"ANGPT2",0.00862830017169226,1.28549671269667,1,1,1,"2","ANGPT2"
"NSUN4",0.00863623195308717,0.725638475747486,1,1,1,"2","NSUN4"
"DNMT3A1",0.00864428671888825,0.524317395627365,1,1,1,"2","DNMT3A"
"RPL23P8",0.00864777514818724,0.438690665514786,1,1,1,"2","RPL23P8"
"UBA52",0.00866733487541184,0.691974164765959,1,1,1,"2","UBA52"
"NDUFAB1",0.00870300103603432,1.04652762782953,1,1,1,"2","NDUFAB1"
"PLEKHA8",0.00870662605094966,0.820822818348498,1,1,1,"2","PLEKHA8"
"WDR77",0.00871172642552111,0.546346106667318,1,1,1,"2","WDR77"
"TOMM40",0.00875071577687016,1.1411589312235,1,1,1,"2","TOMM40"
"HIST2H2BF",0.00875772027634552,0.976195806806972,1,1,1,"2","HIST2H2BF"
"PMPCA",0.00877518361340722,0.675738149615484,1,1,1,"2","PMPCA"
"CTD-2287O16.1",0.00884568681770097,0.586307091910028,1,1,1,"2","CTD-2287O16.1"
"PGF",0.00891097407006106,3.12139348721375,1,1,1,"2","PGF"
"ESF1",0.0089305743859081,0.674872242215049,1,1,1,"2","ESF1"
"SRP9",0.00895522162632641,1.03862251081333,1,1,1,"2","SRP9"
"GCNT21",0.00895949301304377,0.986107332125449,1,1,1,"2","GCNT2"
"AGMAT",0.00896347017748142,1.06387689558271,1,1,1,"2","AGMAT"
"ZNF792",0.00898202691455304,0.48506797488383,1,1,1,"2","ZNF792"
"HNRNPA3P1",0.00898999443758534,0.648384669696206,1,1,1,"2","HNRNPA3P1"
"COL27A1",0.00902784221929837,1.46138728429421,1,1,1,"2","COL27A1"
"SDPR",0.00904001944534776,0.448240706953747,1,1,1,"2","SDPR"
"RHOU",0.00908608813696861,0.941231780546934,1,1,1,"2","RHOU"
"RPL7A",0.00909230099594361,0.727775688496497,1,1,1,"2","RPL7A"
"POLDIP2",0.00909609671722842,0.673620862563903,1,1,1,"2","POLDIP2"
"SLC38A4",0.00910607642915552,0.903953099739738,1,1,1,"2","SLC38A4"
"ENDOG",0.00910667559802449,1.04265795766721,1,1,1,"2","ENDOG"
"KLHL2",0.00910795085327402,0.943382106439216,1,1,1,"2","KLHL2"
"C1orf222",0.0091238266638557,0.302662969365299,1,1,1,"2","C1orf222"
"GNA13",0.00913260704132063,0.625967499425322,1,1,1,"2","GNA13"
"SLC25A15",0.00913385139171056,0.783134549770491,1,1,1,"2","SLC25A15"
"PACSIN3",0.00918354160757713,1.18295264793793,1,1,1,"2","PACSIN3"
"APITD1",0.00925162655139126,2.06900263115628,1,1,1,"2","APITD1"
"C11orf83",0.00927444567176125,1.25391254667012,1,1,1,"2","C11orf83"
"UBE3C",0.00927473018706876,0.326966361599251,1,1,1,"2","UBE3C"
"DNMT1",0.0092791037228544,0.452785425386526,1,1,1,"2","DNMT1"
"PPIAP22",0.00927948739933585,1.14946669709376,1,1,1,"2","PPIAP22"
"NLRC5",0.00928592469201638,0.805888623514388,1,1,1,"2","NLRC5"
"BOLA2B",0.00931164058507956,0.356124960500427,1,1,1,"2","BOLA2B"
"SOX211",0.00931197755764606,1.16245363957163,1,1,1,"2","SOX21"
"BLM",0.00931331970033413,1.39692778818261,1,1,1,"2","BLM"
"C7orf691",0.00933201798167957,0.304773581221408,1,1,1,"2","C7orf69"
"AUP1",0.00934413988103023,0.520185325627278,1,1,1,"2","AUP1"
"TMEM102",0.00934711502742008,0.908743786347726,1,1,1,"2","TMEM102"
"DPYSL5",0.00934799494885889,1.13197442618741,1,1,1,"2","DPYSL5"
"SIGMAR1",0.00934969502185004,0.997256990302347,1,1,1,"2","SIGMAR1"
"SURF6",0.0093535325321158,3.15075951153235,1,1,1,"2","SURF6"
"NLGN4X",0.00935952716601385,1.00542473701364,1,1,1,"2","NLGN4X"
"ZC3HC1",0.00936939077266209,1.21610744444065,1,1,1,"2","ZC3HC1"
"LZTS3",0.0093741708618655,1.48428175159785,1,1,1,"2","LZTS3"
"C1orf35",0.00938154349178977,1.27614861763537,1,1,1,"2","C1orf35"
"C19orf26",0.00938613312803927,1.50079586126909,1,1,1,"2","C19orf26"
"MAGT1",0.00939825001810501,0.860155797105483,1,1,1,"2","MAGT1"
"METTL4",0.00941209156898631,2.70563076041316,1,1,1,"2","METTL4"
"HOXD4",0.00942035790986309,2.50232541560316,1,1,1,"2","HOXD4"
"SCARNA22",0.00942409248690546,1.05624290084857,1,1,1,"2","SCARNA22"
"RP11-164H5.1",0.00942770631240944,3.16688690032768,1,1,1,"2","RP11-164H5.1"
"ABCB10",0.00944066003809714,0.591471610383334,1,1,1,"2","ABCB10"
"RP11-543B16.2",0.00944456049890932,2.09503693476333,1,1,1,"2","RP11-543B16.2"
"RPL31P63",0.00950874450586242,1.47687247174792,1,1,1,"2","RPL31P63"
"SETP18",0.00952685168850522,0.605211897887813,1,1,1,"2","SETP18"
"PBX2",0.00955477771031011,0.478585100485073,1,1,1,"2","PBX2"
"RPS4XP6",0.00957518979087605,0.527746438636187,1,1,1,"2","RPS4XP6"
"SCN5A",0.0095995320072225,0.849932344732057,1,1,1,"2","SCN5A"
"DNLZ",0.00961060401381107,1.09933492503946,1,1,1,"2","DNLZ"
"EXOSC6",0.00962298031635325,2.06744661332617,1,1,1,"2","EXOSC6"
"DOCK61",0.0096384642555894,0.557248796754227,1,1,1,"2","DOCK6"
"C21orf2",0.00964959198535331,1.05669200707916,1,1,1,"2","C21orf2"
"FZD8",0.00965438588818961,1.72897490991883,1,1,1,"2","FZD8"
"BRCA1",0.00966671998514843,0.911605748768626,1,1,1,"2","BRCA1"
"VLDLR",0.00970212456714441,0.464085539252672,1,1,1,"2","VLDLR"
"TRPC6",0.00972153682291716,1.6721963676053,1,1,1,"2","TRPC6"
"FOXP21",0.00973527863844505,0.849328088790543,1,1,1,"2","FOXP2"
"GNA12",0.00976129711734031,1.17198590353692,1,1,1,"2","GNA12"
"RPL35",0.00976132875926865,0.621722575362853,1,1,1,"2","RPL35"
"GAPDHP59",0.00976371355011322,1.10092182211254,1,1,1,"2","GAPDHP59"
"GTSF1",0.00977089817921375,1.6379247106535,1,1,1,"2","GTSF1"
"ACLY1",0.00978624136237093,0.468832566198778,1,1,1,"2","ACLY"
"ZFP3",0.00980558814693944,0.818651039290971,1,1,1,"2","ZFP3"
"RFC1",0.00982345693838237,0.665293373310057,1,1,1,"2","RFC1"
"CD99",0.00984706160693099,0.529338649519197,1,1,1,"2","CD99"
"DDX49",0.00986064698076711,0.905058664191552,1,1,1,"2","DDX49"
"GRAMD1A",0.00992047354157722,0.909327296276,1,1,1,"2","GRAMD1A"
"C6orf48",0.00994792801039472,0.608894821184268,1,1,1,"2","C6orf48"
"TMSB4XP1",0.00997047643729949,2.13150507157811,1,1,1,"2","TMSB4XP1"
"GOLGA6L1",0.00998022744790247,8.63983475259158,1,1,1,"2","GOLGA6L1"
"LAMB41",4.96587145413646e-12,3.15160837179162,1,1,1.05395655742592e-07,"3","LAMB4"
"GDPD21",8.30893623248851e-12,2.90046128683044,1,1,1.76348862598336e-07,"3","GDPD2"
"KLRF2",1.00650205829413e-11,2.0315903067762,1,1,2.13619996852346e-07,"3","KLRF2"
"CDHR11",1.386974951011e-11,2.65574413004123,1,1,2.94371563602575e-07,"3","CDHR1"
"CLEC2A1",1.66383514776529e-11,2.7060451397873,1,1,3.53132371761706e-07,"3","CLEC2A"
"FGFR31",1.23740275102623e-10,2.34426401648791,1,1,2.62626359877808e-06,"3","FGFR3"
"KRT11",2.65465077035671e-10,1.43990936076921,1,1,5.63423079500507e-06,"3","KRT1"
"FLG21",3.72610378712393e-10,1.97668958528771,1,1,7.90828267779184e-06,"3","FLG2"
"C1orf681",3.93447638692815e-10,2.13765120406561,1,1,8.35053268361631e-06,"3","C1orf68"
"EXPH51",4.79748108242251e-10,2.30805691395605,1,1,1.01821738493335e-05,"3","EXPH5"
"CDON1",5.06690890493674e-10,1.85112046750233,1,1,1.07540074598377e-05,"3","CDON"
"LCE5A1",5.85639197206238e-10,2.38862549339645,1,1,1.24296063215052e-05,"3","LCE5A"
"KRT101",5.85879106049568e-10,1.34099278226347,1,1,1.2434698146796e-05,"3","KRT10"
"CXCL141",5.94530154577654e-10,2.32137371259665,1,1,1.26183080007561e-05,"3","CXCL14"
"DSC11",8.73686020591749e-10,1.00451424770539,1,1,1.85431121010393e-05,"3","DSC1"
"SCEL1",1.22871112435452e-09,1.93352132460116,1,1,2.60781649033003e-05,"3","SCEL"
"SYT8",1.60237463152608e-09,2.30215369661639,1,1,3.40087991795095e-05,"3","SYT8"
"DSG11",1.7321292481793e-09,0.803764245453056,1,1,3.67627111633575e-05,"3","DSG1"
"KRT771",1.79414954799978e-09,2.30578798693375,1,1,3.80790300067472e-05,"3","KRT77"
"CHP21",2.21591950071454e-09,2.37777821053888,1,1,4.70306754831654e-05,"3","CHP2"
"COL17A11",2.34175840249449e-09,1.79179403075764,1,1,4.9701480334543e-05,"3","COL17A1"
"KRT21",2.51565579894566e-09,1.48778619628562,1,1,5.33922786768226e-05,"3","KRT2"
"COL6A5",4.48075977480623e-09,2.25363177906621,1,1,9.50996454604874e-05,"3","COL6A5"
"SERPINA121",4.88933591557692e-09,1.6302225948858,1,1,0.000103771265472205,"3","SERPINA12"
"DSC31",5.5552395665489e-09,1.73002021592228,1,1,0.000117904404560434,"3","DSC3"
"XG1",6.36820339054497e-09,3.1121819979999,1,1,0.000135158748760927,"3","XG"
"CTC-321K16.41",6.69956727602665e-09,2.37584231479461,1,1,0.00014219161586639,"3","CTC-321K16.4"
"SERPINB71",1.06533152181788e-08,1.65374708682869,1,1,0.000226105962190627,"3","SERPINB7"
"CCL271",1.07330931735432e-08,1.84843101234756,1,1,0.000227799169515282,"3","CCL27"
"PKP11",1.15450975697222e-08,1.04889187096975,1,1,0.000245033150819784,"3","PKP1"
"IL371",1.29037151603425e-08,2.11645350153411,1,1,0.00027386845056311,"3","IL37"
"BTC",2.28981456641342e-08,2.12813269525877,1,1,0.000485990243575584,"3","BTC"
"KRT141",3.49859982984162e-08,1.35855175705333,1,1,0.000742542827885586,"3","KRT14"
"DMKN1",3.79962677756937e-08,0.740482467371841,1,1,0.000806432787271323,"3","DMKN"
"SBSN1",3.9743415404454e-08,0.906150581358286,1,1,0.000843514248544131,"3","SBSN"
"FLG1",4.07462011751881e-08,1.32131491426348,1,1,0.000864797373742192,"3","FLG"
"GPR1151",5.33091867825911e-08,1.3315618856519,1,1,0.00113143418027371,"3","GPR115"
"FAM83B1",6.09820354447475e-08,0.971360498177312,1,1,0.00129428272027932,"3","FAM83B"
"DSP1",6.7765752167284e-08,1.13098522394318,1,1,0.00143826032399844,"3","DSP"
"GATA31",6.83493209920382e-08,2.00885046674644,1,1,0.00145064598873502,"3","GATA3"
"AHNAK21",7.06031117013603e-08,1.22948032672424,1,1,0.00149848044274967,"3","AHNAK2"
"KRT51",7.73144478138685e-08,1.2595710748886,1,1,0.00164092184040154,"3","KRT5"
"EPPK11",9.32302745306885e-08,1.17992334755002,1,1,0.00197871934663933,"3","EPPK1"
"KLF51",9.53394428729849e-08,1.86368786026518,1,1,0.00202348433553623,"3","KLF5"
"SLC25A48",9.71930498099264e-08,1.06118501595585,1,1,0.00206282528916588,"3","SLC25A48"
"KPRP1",1.08106757349128e-07,1.64169332853147,1,1,0.0022944578179779,"3","KPRP"
"LOR1",1.10412526153182e-07,0.999070609715575,1,1,0.00234339545507513,"3","LOR"
"WFDC51",1.21677100171896e-07,1.65839913640338,1,1,0.00258247477404832,"3","WFDC5"
"POU2F31",1.28251695529855e-07,1.53407669497961,1,1,0.00272201398592565,"3","POU2F3"
"RP11-488I20.71",1.30067536948009e-07,1.22398712561438,1,1,0.00276055340418455,"3","RP11-488I20.7"
"CNTNAP31",1.37366030056132e-07,1.55200647735007,1,1,0.00291545662191135,"3","CNTNAP3"
"PRODH1",1.50303555496528e-07,1.5408522243517,1,1,0.00319004266185831,"3","PRODH"
"KRTDAP1",1.75087285591562e-07,0.75522944557078,1,1,0.00371605254939531,"3","KRTDAP"
"WNT161",1.7945922465315e-07,1.62160824252257,1,1,0.00380884258403846,"3","WNT16"
"RORA1",2.15761880473827e-07,2.08773388518764,1,1,0.0045793301511765,"3","RORA"
"POF1B1",2.3097035086994e-07,1.35800766255672,1,1,0.0049021147268636,"3","POF1B"
"MRGPRX21",2.36449030439533e-07,1.03523965213929,1,1,0.00501839422204865,"3","MRGPRX2"
"FBXW7",2.4700169033812e-07,1.97028753550085,1,1,0.00524236387573626,"3","FBXW7"
"CYP4F121",2.53338625313575e-07,1.48176074877975,1,1,0.00537685898365532,"3","CYP4F12"
"ALOXE31",3.65251329092405e-07,1.31167172138544,1,1,0.00775209420865721,"3","ALOXE3"
"CXCL12",4.11781672279386e-07,1.62663745386526,1,1,0.00873965421245768,"3","CXCL12"
"CCL131",4.61748898663498e-07,1.55133561671005,1,1,0.00980015862523408,"3","CCL13"
"IL20RB1",4.66427391671317e-07,1.43993297985439,1,1,0.00989945496083202,"3","IL20RB"
"PLCH21",4.81897611295333e-07,1.56541350427456,1,1,0.0102277949021321,"3","PLCH2"
"ZNF2731",4.89390660823772e-07,1.49349111980712,1,1,0.0103868273853237,"3","ZNF273"
"SH3RF21",4.93448696524197e-07,1.05241942594496,1,1,0.0104729551350296,"3","SH3RF2"
"PHYHIP",5.6271050087523e-07,1.5546986371732,1,1,0.0119429676705759,"3","PHYHIP"
"TNFRSF191",5.89066923002446e-07,1.49155726717684,1,1,0.0125023563738039,"3","TNFRSF19"
"FAT21",5.8955851101864e-07,1.18216250413213,1,1,0.0125127898378596,"3","FAT2"
"MMP271",6.88945438341929e-07,1.437268418645,1,1,0.0146221779833691,"3","MMP27"
"PLA2G4F1",8.13392766240001e-07,1.36221008451211,1,1,0.0172634480706778,"3","PLA2G4F"
"HOPX1",8.19594411578889e-07,1.13069317558585,1,1,0.0173950717913503,"3","HOPX"
"TP631",8.61416101065826e-07,1.04452525445826,1,1,0.0182826953290211,"3","TP63"
"FOXN11",9.44041867412914e-07,1.11772425157274,1,1,0.0200363445939717,"3","FOXN1"
"GSTA31",1.00120856537255e-06,1.02431857103459,1,1,0.021249650591467,"3","GSTA3"
"IL181",1.01634776890162e-06,1.25470348344202,1,1,0.021570965047168,"3","IL18"
"CLEC3B",1.05516624792094e-06,1.99305852801013,1,1,0.0223948484458741,"3","CLEC3B"
"WNT7B",1.06367554078493e-06,0.97490524915413,1,1,0.0225754496776193,"3","WNT7B"
"LRP4",1.16237334662261e-06,1.36984743489766,1,1,0.0246702119087183,"3","LRP4"
"TRIM291",1.17081122781631e-06,0.432778627500475,1,1,0.0248492974991733,"3","TRIM29"
"GATM1",1.21452307128018e-06,1.39701383696078,1,1,0.0257770376648506,"3","GATM"
"SERPINB121",1.22427210832289e-06,1.23491051214694,1,1,0.0259839512270451,"3","SERPINB12"
"TGM31",1.24678102260035e-06,2.35769863784512,1,1,0.0264616804236698,"3","TGM3"
"EVPL1",1.29276869789074e-06,1.15027378144819,1,1,0.0274377228440331,"3","EVPL"
"MCOLN3",1.49230691470218e-06,2.11210877975693,1,1,0.031672721957639,"3","MCOLN3"
"CCDC80",1.50502090246154e-06,1.98687013620113,1,1,0.0319425636338438,"3","CCDC80"
"SERPINB51",1.70161270197643e-06,0.694706784424021,1,1,0.0361150279867478,"3","SERPINB5"
"PERP1",1.76290113370227e-06,0.480963364054613,1,1,0.037415813661697,"3","PERP"
"TENM11",1.89870146141538e-06,1.87127321374358,1,1,0.0402980398170799,"3","TENM1"
"CASP141",2.15858708682764e-06,0.428007243217913,1,1,0.0458138523308298,"3","CASP14"
"MATN4",2.2129000411275e-06,0.950119512296599,1,1,0.0469665904728901,"3","MATN4"
"RAPGEFL11",2.22183627825069e-06,1.71905366741382,1,1,0.0471562531695927,"3","RAPGEFL1"
"CLDN12",2.22875467430866e-06,0.743518289253256,1,1,0.0473030892075269,"3","CLDN1"
"DCT1",2.29999918527889e-06,1.59949100458932,1,1,0.0488151827083592,"3","DCT"
"APCDD11",2.49583736572784e-06,1.44840294991439,1,1,0.0529716522502077,"3","APCDD1"
"GRIA31",2.52174405445142e-06,2.3159494393728,1,1,0.0535214958116769,"3","GRIA3"
"MFSD2A1",2.58390153726545e-06,1.20099418795469,1,1,0.0548407262269218,"3","MFSD2A"
"DKK2",2.70475253652642e-06,0.926934032549056,1,1,0.0574056678352367,"3","DKK2"
"MFAP5",2.73957375229259e-06,2.37694613070202,1,1,0.0581447133186579,"3","MFAP5"
"PRKG21",2.75424221604868e-06,1.98768673688779,1,1,0.0584560367934172,"3","PRKG2"
"UGT3A21",2.89772758353469e-06,1.10867607525903,1,1,0.0615013702329404,"3","UGT3A2"
"CCBE1",2.95014981928751e-06,1.11569456557016,1,1,0.0626139797645582,"3","CCBE1"
"PITPNM31",3.05773647100153e-06,1.14223875513365,1,1,0.0648973988605364,"3","PITPNM3"
"ABCA121",3.15194913165588e-06,0.272813310513982,1,1,0.0668969683702644,"3","ABCA12"
"GAN1",3.46744021017775e-06,1.5591396684688,1,1,0.0735929510208126,"3","GAN"
"AOX11",3.50520255721792e-06,1.65990717685206,1,1,0.0743944190743931,"3","AOX1"
"SFN1",3.64059810115955e-06,0.74147001593956,1,1,0.0772680540990102,"3","SFN"
"TMEM1541",3.65297558220314e-06,0.95686526667572,1,1,0.0775307537566794,"3","TMEM154"
"PPP2R2C1",3.71604563475082e-06,0.919657668732507,1,1,0.0788693525519515,"3","PPP2R2C"
"SERPINB21",3.8025280372743e-06,1.16609829779894,1,1,0.0807048550631098,"3","SERPINB2"
"EEF2K",3.84905097286025e-06,1.07702797558953,1,1,0.081692257847986,"3","EEF2K"
"FAM83C1",3.9752964367942e-06,0.82309867520596,1,1,0.0843716915745202,"3","FAM83C"
"MYCL1",4.59474202745913e-06,0.916457980374208,1,1,0.0975188047907926,"3","MYCL"
"LCE2B1",4.61849778182828e-06,1.22439751309697,1,1,0.0980229969215234,"3","LCE2B"
"FGFR21",4.82926588000964e-06,1.07604733149105,1,1,0.102496339037325,"3","FGFR2"
"C6orf1321",5.01039954404488e-06,1.0932117249507,1,1,0.106340719922808,"3","C6orf132"
"ANXA8L11",5.19211227985898e-06,1.53272726851668,1,1,0.110197391027727,"3","ANXA8L1"
"PAK61",5.23685582279526e-06,1.20546304380079,1,1,0.111147027983007,"3","PAK6"
"POU3F11",5.39862379672079e-06,1.03406606592657,1,1,0.114580391461602,"3","POU3F1"
"PI16",5.43900763424477e-06,2.46390013191581,1,1,0.115437498029211,"3","PI16"
"COL7A11",5.79009390980467e-06,0.673309195401927,1,1,0.122888953141694,"3","COL7A1"
"LGALS7B1",5.79497716835478e-06,1.00745367522924,1,1,0.122992595421162,"3","LGALS7B"
"DPT",6.27196998266027e-06,1.65429820689508,1,1,0.133116290911982,"3","DPT"
"UNC13C",6.75404883582312e-06,1.38380987009464,1,1,0.14334793249151,"3","UNC13C"
"FRMD61",6.75485696179353e-06,1.41766868038439,1,1,0.143365084157106,"3","FRMD6"
"TGIF1P11",7.55829521221428e-06,0.746652215846435,1,1,0.160417257584036,"3","TGIF1P1"
"XPNPEP2",7.64921390132762e-06,2.0098059211227,1,1,0.162346915841777,"3","XPNPEP2"
"ACKR4",7.73465782755828e-06,1.28116466735692,1,1,0.164160377732097,"3","ACKR4"
"KLK111",8.18445892269341e-06,1.07021531044186,1,1,0.173706956175245,"3","KLK11"
"EMX2",8.34625323411581e-06,1.06560573083971,1,1,0.177140878640874,"3","EMX2"
"HNRNPA1P331",8.73239595474881e-06,1.56953176350508,1,1,0.185336371743589,"3","HNRNPA1P33"
"ZDHHC11B1",8.75944457274525e-06,1.44392970430452,1,1,0.185910451611945,"3","ZDHHC11B"
"SCN11A",8.82887378262432e-06,1.74372662591231,1,1,0.187384017162419,"3","SCN11A"
"CNTN31",8.96711468239034e-06,1.20129329254704,1,1,0.190318042019053,"3","CNTN3"
"LUZP2",9.10061637393546e-06,2.27752849368255,1,1,0.193151481920406,"3","LUZP2"
"WISP2",9.24709700574531e-06,1.89418538036694,1,1,0.196260386849939,"3","WISP2"
"PPP2R3A1",9.60052252797674e-06,0.981142932088961,1,1,0.203761490133778,"3","PPP2R3A"
"CYP7B1",9.834131455527e-06,1.21849884027733,1,1,0.208719606012105,"3","CYP7B1"
"BNIPL1",9.88397980637692e-06,0.844421172937198,1,1,0.209777587410544,"3","BNIPL"
"SPTBN21",9.90643189953481e-06,0.985919972963636,1,1,0.210254110635727,"3","SPTBN2"
"WNT9B",1.05996230347413e-05,0.945577572927048,1,1,0.224966399289349,"3","WNT9B"
"LCE1C1",1.15834586764151e-05,0.403160521813138,1,1,0.245847326948234,"3","LCE1C"
"FAM25HP1",1.17276905752379e-05,0.972072190570289,1,1,0.24890850476885,"3","FAM25HP"
"HLA-DQB21",1.19268326882523e-05,1.13931082585017,1,1,0.253135096975467,"3","HLA-DQB2"
"FAM160A11",1.26415455489117e-05,0.719719794848249,1,1,0.268304162730102,"3","FAM160A1"
"LYPD6B1",1.27054783279978e-05,1.05441651108172,1,1,0.269661072033424,"3","LYPD6B"
"PLAGL1",1.34442340524527e-05,1.18756652295662,1,1,0.285340423529256,"3","PLAGL1"
"ELMOD11",1.38330189904227e-05,0.969397058432639,1,1,0.293591995052732,"3","ELMOD1"
"CLCA41",1.39528747894773e-05,0.879654490466216,1,1,0.296135814531867,"3","CLCA4"
"ALOX12B1",1.43966402897044e-05,0.950677270076165,1,1,0.305554293508686,"3","ALOX12B"
"LGALSL1",1.44990885969739e-05,1.23314214269361,1,1,0.307728656382173,"3","LGALSL"
"EPHB61",1.50589994264835e-05,1.13638123600597,1,1,0.319612203827686,"3","EPHB6"
"OSR21",1.50834125051272e-05,1.68099597000211,1,1,0.32013034700882,"3","OSR2"
"PARD31",1.55959636851704e-05,0.758621970831463,1,1,0.331008733254056,"3","PARD3"
"CLCA21",1.65375718318332e-05,1.77364127942286,1,1,0.350993424558828,"3","CLCA2"
"IL22RA11",1.65485579545648e-05,0.801885420010324,1,1,0.351226594027684,"3","IL22RA1"
"TWIST21",1.66295255600117e-05,1.26544167347262,1,1,0.352945050485689,"3","TWIST2"
"MAL21",1.70206073032516e-05,0.850520168456315,1,1,0.361245369404212,"3","MAL2"
"ALDH3A21",1.71070165882496e-05,1.30895975581553,1,1,0.36307932006901,"3","ALDH3A2"
"TPRG11",1.72747133781104e-05,1.87870067968268,1,1,0.366638516737015,"3","TPRG1"
"ANGPTL51",1.85798655916005e-05,1.30278522355068,1,1,0.39433906731613,"3","ANGPTL5"
"WNT31",1.9250485146644e-05,1.29563430083459,1,1,0.408572296752372,"3","WNT3"
"ROBO21",1.94063289770953e-05,0.885014338128453,1,1,0.41187992620987,"3","ROBO2"
"LCE1B1",1.9528214996164e-05,0.850942986100879,1,1,0.414466835078585,"3","LCE1B"
"LCE2C1",1.99532589305798e-05,0.830855348805006,1,1,0.423487967542626,"3","LCE2C"
"AHNAK",2.01739325061929e-05,0.757045826073288,1,1,0.428171543511437,"3","AHNAK"
"KRT151",2.03944494314974e-05,0.585170875027035,1,1,0.432851794734102,"3","KRT15"
"PPP1R14C1",2.1600322433455e-05,0.71755536389119,1,1,0.458445243327649,"3","PPP1R14C"
"TRPM11",2.25560499343487e-05,0.985160933302392,1,1,0.478729603806618,"3","TRPM1"
"CAMSAP31",2.38813673838759e-05,0.82986214177247,1,1,0.506858141355382,"3","CAMSAP3"
"GSDMC1",2.38994138065672e-05,0.596542731396033,1,1,0.507241158630583,"3","GSDMC"
"AXIN21",2.40494380515098e-05,0.950080738858668,1,1,0.510425273205244,"3","AXIN2"
"MYO3A",2.41267197725735e-05,1.81126879348519,1,1,0.5120655004531,"3","MYO3A"
"CDH10",2.53988397213452e-05,1.81862940576502,1,1,0.539064974245831,"3","CDH10"
"RGS7",2.64699810290591e-05,1.06714421389558,1,1,0.56179887736075,"3","RGS7"
"NIPAL11",2.71127205204474e-05,0.836261090978638,1,1,0.575440380325975,"3","NIPAL1"
"PNPLA11",2.97051491710639e-05,0.863921564319098,1,1,0.63046208600666,"3","PNPLA1"
"GREM2",3.08438295696527e-05,0.797369590964909,1,1,0.654629438786308,"3","GREM2"
"IGSF10",3.12455644664374e-05,1.29219067582231,1,1,0.663155860235668,"3","IGSF10"
"CACNB41",3.24312848302938e-05,1.18413975134653,1,1,0.688321589238156,"3","CACNB4"
"FBN1",3.25806175772836e-05,1.51565832613523,1,1,0.691491027460268,"3","FBN1"
"ARHGAP401",3.37177689453104e-05,0.926006957787019,1,1,0.715625928095268,"3","ARHGAP40"
"LCE2D1",3.38531048817402e-05,1.15055630630601,1,1,0.718498298010054,"3","LCE2D"
"MICALCL1",3.41368549108568e-05,1.20651030642595,1,1,0.724520608628025,"3","MICALCL"
"LIPM",3.46031832605087e-05,4.37061072528234,1,1,0.734417961521037,"3","LIPM"
"TMPRSS11F1",3.72852377247502e-05,0.826490570111718,1,1,0.791341885470098,"3","TMPRSS11F"
"PAX31",3.87574331290293e-05,0.980323321353479,1,1,0.822587760730518,"3","PAX3"
"PTPN131",3.89951348609151e-05,0.92140265853509,1,1,0.827632742288061,"3","PTPN13"
"PPL1",4.04051533331585e-05,0.707575392762511,1,1,0.857558974342955,"3","PPL"
"EN11",4.08481097298044e-05,1.16933879664031,1,1,0.866960280905369,"3","EN1"
"FERMT11",4.14300236354024e-05,0.714519870088695,1,1,0.879310821637781,"3","FERMT1"
"SGCA1",4.25812963783778e-05,2.03339087166753,1,1,0.90374543433469,"3","SGCA"
"CHRDL1",4.27466774991617e-05,1.55417267906804,1,1,0.907255483242207,"3","CHRDL1"
"SERPINB81",4.42901062013985e-05,1.04661288901486,1,1,0.940013214018482,"3","SERPINB8"
"CD441",4.46016606827435e-05,0.974469874375831,1,1,0.946625646330547,"3","CD44"
"F13A1",4.46658479431998e-05,1.51345995309521,1,1,0.947987956746473,"3","F13A1"
"LYPD31",4.52077142568227e-05,0.397646032926493,1,1,0.959488527386805,"3","LYPD3"
"PVRL41",4.8390966406914e-05,0.938940450866882,1,1,1,"3","PVRL4"
"TYRP11",4.92846706161823e-05,0.71064871151313,1,1,1,"3","TYRP1"
"ALPK21",4.9351065002683e-05,0.937070112510593,1,1,1,"3","ALPK2"
"LIPK1",5.58641122538974e-05,0.526692624819118,1,1,1,"3","LIPK"
"ITIH5",5.70342877375928e-05,0.918245024094759,1,1,1,"3","ITIH5"
"ANXA8L21",5.86484201000752e-05,0.96794272259233,1,1,1,"3","ANXA8L2"
"LCE6A1",5.91482874119372e-05,0.853887372501953,1,1,1,"3","LCE6A"
"P2RY14",5.97045530886848e-05,1.27118998213919,1,1,1,"3","P2RY14"
"SLC6A21",6.28288315040403e-05,1.26722002226636,1,1,1,"3","SLC6A2"
"LY6G6C1",6.47718258350488e-05,0.554915642298475,1,1,1,"3","LY6G6C"
"MS4A21",6.50549785465943e-05,2.38980409129867,1,1,1,"3","MS4A2"
"ANKRD18B1",6.68427567672949e-05,0.575020900321205,1,1,1,"3","ANKRD18B"
"CYP2W1",7.23566231072376e-05,0.687000061738221,1,1,1,"3","CYP2W1"
"TP53AIP11",7.37113571525881e-05,1.0645795175404,1,1,1,"3","TP53AIP1"
"TACC21",7.5040319682459e-05,0.84089422082662,1,1,1,"3","TACC2"
"PTPRZ11",7.63929626615835e-05,0.525102177101559,1,1,1,"3","PTPRZ1"
"GLT8D1",7.64781694087943e-05,0.735147791110197,1,1,1,"3","GLT8D1"
"RPL7L1P2",8.19658815636642e-05,1.38784000771034,1,1,1,"3","RPL7L1P2"
"CA121",8.23326074942791e-05,1.15425755316637,1,1,1,"3","CA12"
"C5orf461",8.32377630968936e-05,1.12954525405255,1,1,1,"3","C5orf46"
"MYCBP2",9.06925096544954e-05,0.540887829274201,1,1,1,"3","MYCBP2"
"SLITRK21",9.24965085734585e-05,0.835948331973821,1,1,1,"3","SLITRK2"
"LIPN1",9.41224569823171e-05,1.85090722464286,1,1,1,"3","LIPN"
"TNS41",9.45458609778756e-05,0.714528450175917,1,1,1,"3","TNS4"
"PCNXL21",9.55887087588868e-05,0.814354104672386,1,1,1,"3","PCNXL2"
"ESRP11",9.58922671263332e-05,1.99985129388482,1,1,1,"3","ESRP1"
"ARRDC41",0.000100965730903778,0.730918182578961,1,1,1,"3","ARRDC4"
"ITPR2",0.000101081522313222,0.674026233397043,1,1,1,"3","ITPR2"
"FBLN2",0.000103371685422266,1.48422507744908,1,1,1,"3","FBLN2"
"ANKRD351",0.000103967823979425,1.05906435799516,1,1,1,"3","ANKRD35"
"DUOXA11",0.000104033366776569,0.175543807523059,1,1,1,"3","DUOXA1"
"MST1R1",0.00010569388516355,1.16564530816422,1,1,1,"3","MST1R"
"CD1A1",0.000108404678588284,1.3933466158734,1,1,1,"3","CD1A"
"BBOX11",0.000110490286017342,1.47149882893483,1,1,1,"3","BBOX1"
"HR1",0.00011165760781694,0.221731853253878,1,1,1,"3","HR"
"AC073271.1",0.000112236475211112,5.4171472855887,1,1,1,"3","AC073271.1"
"ANKRD18A",0.00011303944874523,0.93769174225088,1,1,1,"3","ANKRD18A"
"SCARA5",0.00011459160125616,1.57987144449508,1,1,1,"3","SCARA5"
"AADACL21",0.000114606464128268,1.04125840593126,1,1,1,"3","AADACL2"
"ANK2",0.000116116479126532,1.254388717049,1,1,1,"3","ANK2"
"GPC11",0.000116160640236412,1.13618331731117,1,1,1,"3","GPC1"
"COL4A41",0.000116401705057781,0.66711930809813,1,1,1,"3","COL4A4"
"RP11-550F7.1",0.000118159036503738,0.947339689712704,1,1,1,"3","RP11-550F7.1"
"PIK3CB",0.000119687652811458,1.58838809412346,1,1,1,"3","PIK3CB"
"AQP31",0.000126332585976051,0.1744221365459,1,1,1,"3","AQP3"
"ABCA61",0.0001306236538177,0.996393994975836,1,1,1,"3","ABCA6"
"IRF61",0.000130680422362741,0.859634009205003,1,1,1,"3","IRF6"
"PDGFC1",0.000131040764582605,1.16357137157719,1,1,1,"3","PDGFC"
"LCE1F1",0.000134405278716829,0.790652925713024,1,1,1,"3","LCE1F"
"SMPDL3A1",0.000135687624001272,1.16639769281971,1,1,1,"3","SMPDL3A"
"NTRK2",0.000136290726574446,1.25738795334283,1,1,1,"3","NTRK2"
"ARAP21",0.000138004259625624,0.688516589111625,1,1,1,"3","ARAP2"
"ZNF1851",0.000138376654212812,1.88322125766745,1,1,1,"3","ZNF185"
"ARHGEF41",0.000141796417764157,0.771601921491563,1,1,1,"3","ARHGEF4"
"GPR1111",0.000142822087904776,0.590746015153805,1,1,1,"3","GPR111"
"DCN",0.000144100104853396,1.60760276834899,1,1,1,"3","DCN"
"DSG31",0.000144679360068708,1.17236861419127,1,1,1,"3","DSG3"
"EFHC21",0.000145647018626095,0.68073747199362,1,1,1,"3","EFHC2"
"TIGD1",0.000146943846323347,0.844875985116319,1,1,1,"3","TIGD1"
"WDR47",0.000148241443270911,0.594219890371681,1,1,1,"3","WDR47"
"EFEMP11",0.000151269103154428,0.769949358831663,1,1,1,"3","EFEMP1"
"LCE1A1",0.0001551400799727,0.581540737441495,1,1,1,"3","LCE1A"
"SDR16C51",0.000155573196990103,0.298755009445497,1,1,1,"3","SDR16C5"
"GALNT161",0.000156186863399353,1.31487645462922,1,1,1,"3","GALNT16"
"LPPR4",0.000158060788780153,0.89420827299544,1,1,1,"3","LPPR4"
"CCR5",0.000158805605267219,1.18938169252059,1,1,1,"3","CCR5"
"SH3D19",0.00015889611547953,0.610472329732858,1,1,1,"3","SH3D19"
"CES4A1",0.000160287700055985,1.23999092724149,1,1,1,"3","CES4A"
"TRBV6-5",0.000162891783237473,0.641852636418902,1,1,1,"3","TRBV6-5"
"NPY4R",0.000163164606023231,1.32281329717572,1,1,1,"3","NPY4R"
"NLRP101",0.000165064643850188,0.916911987601381,1,1,1,"3","NLRP10"
"OVCH2",0.000165382683605935,0.90525845332229,1,1,1,"3","OVCH2"
"RP3-342P20.21",0.000166453162669655,0.819216408452416,1,1,1,"3","RP3-342P20.2"
"RP11-30B1.1",0.000168491103748336,0.610411094948407,1,1,1,"3","RP11-30B1.1"
"GPR1331",0.00016957636108248,0.717198257283375,1,1,1,"3","GPR133"
"FAM83G1",0.000169900468565349,0.397101911650148,1,1,1,"3","FAM83G"
"NSG11",0.000172096069922689,0.964152034792827,1,1,1,"3","NSG1"
"PIK3C2G1",0.000173891250561136,0.546704252072445,1,1,1,"3","PIK3C2G"
"XIST1",0.000176223017387446,0.742860258193307,1,1,1,"3","XIST"
"GFRA2",0.000180880530152498,0.895061924768687,1,1,1,"3","GFRA2"
"IGFL21",0.000182808173295741,2.642623739935,1,1,1,"3","IGFL2"
"LIMA1",0.000183960758144387,0.791567723583029,1,1,1,"3","LIMA1"
"TEC1",0.00019126550561314,0.688892708764586,1,1,1,"3","TEC"
"ADCY21",0.000195191275823324,0.595865561129465,1,1,1,"3","ADCY2"
"PKD1L2",0.000195819462734258,0.782401621113545,1,1,1,"3","PKD1L2"
"GPR78",0.000198598959782241,1.09867368576907,1,1,1,"3","GPR78"
"C31",0.000203407693971759,1.23914940279586,1,1,1,"3","C3"
"FAP",0.000203543348642829,0.870743560937937,1,1,1,"3","FAP"
"TIMD4",0.000205946962490373,1.49820260905046,1,1,1,"3","TIMD4"
"KLC31",0.000206282510792345,0.859210261781945,1,1,1,"3","KLC3"
"HOXC61",0.000206777803281559,0.818690472728539,1,1,1,"3","HOXC6"
"LMO1",0.000213435873927693,1.1398570627214,1,1,1,"3","LMO1"
"CCDC641",0.0002140954452533,0.879796407759153,1,1,1,"3","CCDC64"
"GRHL31",0.000216812361283583,0.287658856125523,1,1,1,"3","GRHL3"
"SERPINF11",0.000217434691273811,0.787866001217285,1,1,1,"3","SERPINF1"
"ALS2CL1",0.000218599105034054,1.01651776793866,1,1,1,"3","ALS2CL"
"VIT",0.000222694742060183,0.500990622996335,1,1,1,"3","VIT"
"COL6A6",0.000223872204031666,0.770950039205871,1,1,1,"3","COL6A6"
"UGT1A2P1",0.000225788418726648,1.97045591697352,1,1,1,"3","UGT1A2P"
"RP11-323I15.3",0.000226111510508129,0.791241470323452,1,1,1,"3","RP11-323I15.3"
"KRT781",0.000226618549735208,0.418869870115071,1,1,1,"3","KRT78"
"SPATA17",0.000230113347082421,2.19337158218531,1,1,1,"3","SPATA17"
"RP11-274M4.11",0.000232782622541395,0.660885035401455,1,1,1,"3","RP11-274M4.1"
"SDR42E11",0.000233822180929267,0.953698933581222,1,1,1,"3","SDR42E1"
"ABCA9",0.000238829074478036,1.15436123470686,1,1,1,"3","ABCA9"
"YBX3",0.00023895364637723,0.581858110255009,1,1,1,"3","YBX3"
"EGFR1",0.000247103490138151,0.761480397870411,1,1,1,"3","EGFR"
"CCDC122",0.000251822507155506,0.946793628281462,1,1,1,"3","CCDC122"
"TNNT21",0.000252800064661247,0.896881011437996,1,1,1,"3","TNNT2"
"ARHGAP321",0.000255731661492904,1.07307429475009,1,1,1,"3","ARHGAP32"
"CLIP41",0.00025829753918381,0.684716612777198,1,1,1,"3","CLIP4"
"CTSC",0.000259144871922524,1.00449170107076,1,1,1,"3","CTSC"
"CTC-360G5.11",0.000260638760829987,0.75306542636743,1,1,1,"3","CTC-360G5.1"
"OR10AB1P",0.000261943864585268,1.04831831802852,1,1,1,"3","OR10AB1P"
"KREMEN2",0.00026792612544848,0.754558047533232,1,1,1,"3","KREMEN2"
"TUFT11",0.000278466428940352,0.81750057471408,1,1,1,"3","TUFT1"
"TAF4B",0.000281934674431129,1.18452734316252,1,1,1,"3","TAF4B"
"GAS71",0.000283185786917791,1.06948905224404,1,1,1,"3","GAS7"
"CMA11",0.000283563106445845,1.18582005501276,1,1,1,"3","CMA1"
"LCE2A1",0.000284698295838299,0.665337138318117,1,1,1,"3","LCE2A"
"VWC21",0.000287102876696964,0.888267220296907,1,1,1,"3","VWC2"
"TRBV4-1",0.000290979221745352,0.777693430069791,1,1,1,"3","TRBV4-1"
"MYH141",0.000291484915063286,0.368942162699049,1,1,1,"3","MYH14"
"CPZ",0.000293819626081037,1.12847123710684,1,1,1,"3","CPZ"
"IL36B1",0.000299633390359646,0.62929636350459,1,1,1,"3","IL36B"
"RPL32P34",0.000299700005396782,0.502308227466317,1,1,1,"3","RPL32P34"
"TCEA32",0.000301970104899046,0.619544084231622,1,1,1,"3","TCEA3"
"IGKV1OR2-108",0.000308061483919672,0.865582421185982,1,1,1,"3","IGKV1OR2-108"
"TFAP2C1",0.000309333306265058,0.636279581726903,1,1,1,"3","TFAP2C"
"GRIP11",0.000315451897954304,0.714714629139314,1,1,1,"3","GRIP1"
"RNF431",0.000318683533735818,0.884276150966485,1,1,1,"3","RNF43"
"DEGS11",0.000319056307007511,0.670421802908365,1,1,1,"3","DEGS1"
"LRRC16B1",0.000320036790175126,0.780181046918338,1,1,1,"3","LRRC16B"
"COL14A11",0.00032021922240888,0.960058226150291,1,1,1,"3","COL14A1"
"CNTN11",0.00032233671453895,1.31561072544261,1,1,1,"3","CNTN1"
"IGSF91",0.000322339219456732,0.81991879911965,1,1,1,"3","IGSF9"
"ETV71",0.000343161885636855,1.14509662093801,1,1,1,"3","ETV7"
"CFD",0.000350994131926062,1.08322362382868,1,1,1,"3","CFD"
"HOXC81",0.000355861356738636,0.784627195588289,1,1,1,"3","HOXC8"
"SVEP11",0.000369665173725112,1.0823464385941,1,1,1,"3","SVEP1"
"CCR81",0.00036983424175756,1.03707414090349,1,1,1,"3","CCR8"
"KLF81",0.000373127890032877,1.53045023408223,1,1,1,"3","KLF8"
"LAMA21",0.000373730839868937,0.780961246037897,1,1,1,"3","LAMA2"
"PCP4",0.000379278822131305,0.631391133083204,1,1,1,"3","PCP4"
"DENND2C1",0.000379631322395389,0.464796681572107,1,1,1,"3","DENND2C"
"ABI3BP2",0.000380691564157771,0.944095635079478,1,1,1,"3","ABI3BP"
"GRHL21",0.000383065927217719,0.299058304841905,1,1,1,"3","GRHL2"
"BLMH1",0.00038520511501328,0.768453571282009,1,1,1,"3","BLMH"
"DCLK11",0.000395660741988922,1.14382851423075,1,1,1,"3","DCLK1"
"PTPN21",0.000396396738850358,0.627084044719957,1,1,1,"3","PTPN21"
"OR7E12P",0.000398365299314375,0.973863155106462,1,1,1,"3","OR7E12P"
"RLBP1",0.00039957663454267,0.732868842782361,1,1,1,"3","RLBP1"
"HOXC10",0.000403813197674136,0.578650076848879,1,1,1,"3","HOXC10"
"MIR205HG1",0.000412762844227649,0.506972571569532,1,1,1,"3","MIR205HG"
"SLC47A11",0.000414981817719845,0.745574823156334,1,1,1,"3","SLC47A1"
"KRT801",0.000415051695995702,0.172307803679519,1,1,1,"3","KRT80"
"COBL1",0.00041897488706987,0.470902147127758,1,1,1,"3","COBL"
"PTPN31",0.0004210756988795,0.395223271088067,1,1,1,"3","PTPN3"
"TPPP3",0.000428948536404455,1.20928814825534,1,1,1,"3","TPPP3"
"FOPNL",0.000443104125738004,1.57075781922148,1,1,1,"3","FOPNL"
"WWP1",0.000443481828252966,0.685740297756187,1,1,1,"3","WWP1"
"ANXA81",0.000449986648875046,0.541287523786846,1,1,1,"3","ANXA8"
"PAK3",0.00045085712814942,1.01108608669271,1,1,1,"3","PAK3"
"DUOX21",0.000451035536341174,0.772315742104905,1,1,1,"3","DUOX2"
"ZNF525",0.000457134737263606,2.4865164215621,1,1,1,"3","ZNF525"
"CPNE91",0.000463614025596767,1.32073505291767,1,1,1,"3","CPNE9"
"METTL81",0.000464289969364409,1.09294394627788,1,1,1,"3","METTL8"
"MAP1LC3C",0.000467421504001301,0.658601151645247,1,1,1,"3","MAP1LC3C"
"ADH1B",0.00046804485954339,0.384082068561586,1,1,1,"3","ADH1B"
"CHL12",0.00047004911374845,0.917452900284021,1,1,1,"3","CHL1"
"OR5P2",0.000476539677507321,0.460868621068316,1,1,1,"3","OR5P2"
"MRE11A",0.000477690017951468,0.715771180557905,1,1,1,"3","MRE11A"
"RP5-1142A6.8",0.00049481622249126,0.99677332279726,1,1,1,"3","RP5-1142A6.8"
"C4orf361",0.000499409518801465,0.66836823284074,1,1,1,"3","C4orf36"
"ASAP31",0.000500612761036585,0.796145817825048,1,1,1,"3","ASAP3"
"KY1",0.000501393979810444,0.841329158087273,1,1,1,"3","KY"
"VWA21",0.000503834171279537,0.955969098609673,1,1,1,"3","VWA2"
"SMG1",0.000507679986825165,0.521435887495937,1,1,1,"3","SMG1"
"NCKAP5",0.000511761911811943,0.525778995461524,1,1,1,"3","NCKAP5"
"RDH121",0.000514128566302859,0.385380874852155,1,1,1,"3","RDH12"
"PLEKHN11",0.000519597310663972,0.646163527162365,1,1,1,"3","PLEKHN1"
"KIAA15981",0.00052472573638912,0.677111518196725,1,1,1,"3","KIAA1598"
"FSTL11",0.000524947092157394,0.972830375848869,1,1,1,"3","FSTL1"
"CP2",0.000527798167806379,0.807252837336401,1,1,1,"3","CP"
"GPRIN21",0.000529008891486069,1.42087046473208,1,1,1,"3","GPRIN2"
"CADPS",0.00053448544783518,0.958760648207292,1,1,1,"3","CADPS"
"FAM25C1",0.000560933344627358,0.706148541259161,1,1,1,"3","FAM25C"
"TYR1",0.000569105511555324,2.80337784489353,1,1,1,"3","TYR"
"WNT2B",0.000569486537742756,1.00798826375541,1,1,1,"3","WNT2B"
"PRSS121",0.000576047421802773,0.339686322993733,1,1,1,"3","PRSS12"
"RP11-144F15.1",0.000580903429928586,1.32054042119686,1,1,1,"3","RP11-144F15.1"
"PGLYRP31",0.000581729324165993,0.14821863129276,1,1,1,"3","PGLYRP3"
"CD1C1",0.000586062951381372,0.846906241469839,1,1,1,"3","CD1C"
"FCER1A1",0.000590421431900278,1.46559279626574,1,1,1,"3","FCER1A"
"NPIPB6",0.000593212375792377,0.944618106238194,1,1,1,"3","NPIPB6"
"MIPEP1",0.000595563333064345,0.618290330430202,1,1,1,"3","MIPEP"
"SLC18A21",0.000599070243611245,0.514976483520632,1,1,1,"3","SLC18A2"
"VWA5A1",0.000604464553001613,0.759207956505994,1,1,1,"3","VWA5A"
"ZNF385A1",0.000606524402658334,1.48374972719419,1,1,1,"3","ZNF385A"
"SLIT3",0.000606593140795628,1.30885262724039,1,1,1,"3","SLIT3"
"N4BP2L1",0.000609904493419239,2.50076195465827,1,1,1,"3","N4BP2L1"
"COMP",0.000621169933370728,2.81293161136663,1,1,1,"3","COMP"
"CTSK",0.000625013318718147,1.16024007583178,1,1,1,"3","CTSK"
"GJB41",0.000646128427720438,0.763524440199063,1,1,1,"3","GJB4"
"ACPP1",0.000646704261145638,0.154189537138365,1,1,1,"3","ACPP"
"OMD",0.0006516933067971,0.546056198872259,1,1,1,"3","OMD"
"LGI1",0.000653843622036468,1.11410159182288,1,1,1,"3","LGI1"
"NEGR11",0.000655140001311385,1.04266141943758,1,1,1,"3","NEGR1"
"RIC32",0.000668229154823691,0.815036796809537,1,1,1,"3","RIC3"
"CDH12",0.000674357085828944,1.1753902264401,1,1,1,"3","CDH1"
"C3orf521",0.000682256118641268,0.566886443490571,1,1,1,"3","C3orf52"
"TSSC2",0.00068519266874862,0.650964685224958,1,1,1,"3","TSSC2"
"RP11-493K19.3",0.000685341452898901,0.586326124731873,1,1,1,"3","RP11-493K19.3"
"ABCA51",0.000690782794121713,0.749121267908279,1,1,1,"3","ABCA5"
"CFH2",0.000699415147616567,0.789932014203782,1,1,1,"3","CFH"
"MOXD11",0.000701928516009083,0.741151502687414,1,1,1,"3","MOXD1"
"ALG1L",0.000706357589613397,0.573965638071082,1,1,1,"3","ALG1L"
"KCNJ6",0.000712783267393326,0.761204089479021,1,1,1,"3","KCNJ6"
"FGFBP11",0.000722740554603732,0.797251667742371,1,1,1,"3","FGFBP1"
"LCE1D1",0.000739845275470732,1.55976107192149,1,1,1,"3","LCE1D"
"CYP2C191",0.000745912163376724,0.703498082272059,1,1,1,"3","CYP2C19"
"UCN21",0.00074981844588795,0.521866558072414,1,1,1,"3","UCN2"
"NBPF12",0.000755271988825878,0.595371711369202,1,1,1,"3","NBPF12"
"SGMS1",0.000756192557520878,1.40498912753146,1,1,1,"3","SGMS1"
"GPR1261",0.000757689565043621,1.06202842098285,1,1,1,"3","GPR126"
"ARL4P1",0.000767298653854395,0.691906125268389,1,1,1,"3","ARL4P"
"PGAP1",0.000767401720883141,0.801315135098164,1,1,1,"3","PGAP1"
"CRYM-AS1",0.000774639437598659,1.29781953172885,1,1,1,"3","CRYM-AS1"
"ARHGEF371",0.000790178927326327,0.66071130529086,1,1,1,"3","ARHGEF37"
"ESYT31",0.000798821158786507,0.116657178366985,1,1,1,"3","ESYT3"
"WLS2",0.000803349010297064,0.735882958457744,1,1,1,"3","WLS"
"TNXB",0.000804713970368248,1.24460678932276,1,1,1,"3","TNXB"
"GRHL11",0.000832478187656996,0.539677656820921,1,1,1,"3","GRHL1"
"MAP1A1",0.000843198309316467,0.811373138744443,1,1,1,"3","MAP1A"
"MTR",0.000857762911179585,0.379733071720409,1,1,1,"3","MTR"
"FAM46A",0.000859736240116176,0.828412357756235,1,1,1,"3","FAM46A"
"DLX31",0.000861800448390624,2.82036123848522,1,1,1,"3","DLX3"
"TFAP2A1",0.000867611425744565,0.379662539577431,1,1,1,"3","TFAP2A"
"ESPN1",0.000868589846146388,0.778696652613773,1,1,1,"3","ESPN"
"ACADL1",0.000871739651786504,0.395570534135425,1,1,1,"3","ACADL"
"SDK12",0.000873836888403424,0.99244903141161,1,1,1,"3","SDK1"
"RP11-3J10.4",0.000877886948966375,0.630476500769111,1,1,1,"3","RP11-3J10.4"
"MMP28",0.000888774775247092,0.712443478200516,1,1,1,"3","MMP28"
"ANKFN11",0.000895369605734011,0.788778300054398,1,1,1,"3","ANKFN1"
"CNGA11",0.000897925350506835,0.80651957409024,1,1,1,"3","CNGA1"
"EFS1",0.000898090945355868,1.11949981533671,1,1,1,"3","EFS"
"CYP39A11",0.000909436143056828,0.891807878413022,1,1,1,"3","CYP39A1"
"TPSAB11",0.000926922682500796,0.822708315391781,1,1,1,"3","TPSAB1"
"NMU1",0.000931850022196795,0.708925767476412,1,1,1,"3","NMU"
"VPS361",0.000943281597008898,0.554332897573488,1,1,1,"3","VPS36"
"ZNF658B",0.000945537667255514,0.667271734893143,1,1,1,"3","ZNF658B"
"MYOF1",0.000947740483285731,0.651608072732166,1,1,1,"3","MYOF"
"DUOX11",0.000948291541456638,0.646458341689161,1,1,1,"3","DUOX1"
"AC093668.2",0.000948494588301305,1.66827251117497,1,1,1,"3","AC093668.2"
"BCL11A1",0.000956044242898433,0.713361872563921,1,1,1,"3","BCL11A"
"C1orf95",0.000957625249124442,0.6984048774314,1,1,1,"3","C1orf95"
"VSIG41",0.000958096797706468,1.03513713917348,1,1,1,"3","VSIG4"
"PTGDS2",0.000961158306025624,0.846225736909744,1,1,1,"3","PTGDS"
"MAMDC2",0.000967305388903852,1.14461266078015,1,1,1,"3","MAMDC2"
"LGALS71",0.000987743699335261,1.53138935170668,1,1,1,"3","LGALS7"
"CDS11",0.000989178022001829,1.48052337904733,1,1,1,"3","CDS1"
"SEMA3C1",0.000992580219268017,1.32622274489043,1,1,1,"3","SEMA3C"
"ADRB21",0.000994181954083475,0.666989910877914,1,1,1,"3","ADRB2"
"C1S1",0.00100784621323094,0.86538973431793,1,1,1,"3","C1S"
"TMEM401",0.00101158163020455,1.44724178389262,1,1,1,"3","TMEM40"
"RASGRP11",0.00102774570305373,0.768393868349239,1,1,1,"3","RASGRP1"
"ADRA2A",0.0010315314767089,0.801322346124756,1,1,1,"3","ADRA2A"
"LRRC9",0.00103726835288826,2.17641812928571,1,1,1,"3","LRRC9"
"LUM1",0.00103767255372066,1.13363058175655,1,1,1,"3","LUM"
"REV3L",0.00104732620125835,0.590758379523617,1,1,1,"3","REV3L"
"KIF21A2",0.00104809497398899,0.246701148772321,1,1,1,"3","KIF21A"
"CELSR11",0.0010502700240778,0.778570275483677,1,1,1,"3","CELSR1"
"ADAMTS21",0.00105633887404479,0.773287115425571,1,1,1,"3","ADAMTS2"
"SDC11",0.00106774088902093,0.979842764597381,1,1,1,"3","SDC1"
"LINC00632",0.00108248632967605,3.52926715835794,1,1,1,"3","LINC00632"
"SOX51",0.00108560533888941,0.51368669391216,1,1,1,"3","SOX5"
"ZDHHC111",0.00110569646928501,1.03719968883379,1,1,1,"3","ZDHHC11"
"KIAA13772",0.0011114200601525,0.434088774672009,1,1,1,"3","KIAA1377"
"FNDC11",0.00112028868299518,0.961146530124381,1,1,1,"3","FNDC1"
"HPGDS",0.00112335440545711,1.09834962613944,1,1,1,"3","HPGDS"
"NIF3L1",0.00112597957671052,0.981243206479647,1,1,1,"3","NIF3L1"
"FBLN11",0.00113915104306746,0.896242988344717,1,1,1,"3","FBLN1"
"TGM4",0.00113948805026284,0.547073668907959,1,1,1,"3","TGM4"
"GFRA11",0.00114157329397596,1.05611158224958,1,1,1,"3","GFRA1"
"LONRF11",0.00115424861658968,0.477930852381023,1,1,1,"3","LONRF1"
"PLLP",0.00116403506934439,0.797316346925308,1,1,1,"3","PLLP"
"PLA2G31",0.00116606875836803,0.67497421270844,1,1,1,"3","PLA2G3"
"PATL2",0.00117180090565873,0.908984342370932,1,1,1,"3","PATL2"
"PMEL1",0.00118153190982659,0.455376170369417,1,1,1,"3","PMEL"
"THBS31",0.0012015891807891,0.657791707568897,1,1,1,"3","THBS3"
"VGLL31",0.00120541028489475,0.91696441448364,1,1,1,"3","VGLL3"
"CYP4A11",0.00121247468581437,0.755300950684898,1,1,1,"3","CYP4A11"
"SMPD2",0.00122000769234282,3.63777199697261,1,1,1,"3","SMPD2"
"THEM51",0.00126184815239836,0.524543013255856,1,1,1,"3","THEM5"
"MMP2",0.00126440670139324,1.23887618225436,1,1,1,"3","MMP2"
"SDR9C71",0.00127225343155339,0.332629499913313,1,1,1,"3","SDR9C7"
"STMN21",0.00127671097424936,0.420773656497053,1,1,1,"3","STMN2"
"GPNMB1",0.00127738779748029,0.928609909029465,1,1,1,"3","GPNMB"
"GRIK21",0.00127955416254254,0.154940122293098,1,1,1,"3","GRIK2"
"LYSMD4",0.00129282044871558,2.87311955085265,1,1,1,"3","LYSMD4"
"IL11RA1",0.00130083595929914,0.824997828132993,1,1,1,"3","IL11RA"
"C5orf28",0.00130748187894331,0.744767944594649,1,1,1,"3","C5orf28"
"PENK",0.00131066990956017,0.796023021541384,1,1,1,"3","PENK"
"ABCA10",0.00131086992117493,1.38813880945212,1,1,1,"3","ABCA10"
"CCL191",0.00131620063158746,0.897798262345612,1,1,1,"3","CCL19"
"HMCN2",0.00131668442504847,1.3850847497741,1,1,1,"3","HMCN2"
"OCA21",0.00131889469334816,0.455569238209062,1,1,1,"3","OCA2"
"CACNA1G1",0.00133449610242241,1.11065740210115,1,1,1,"3","CACNA1G"
"PCDH7",0.00135974318498348,0.591738366345494,1,1,1,"3","PCDH7"
"PTCH2",0.0013783522136401,0.795286099806946,1,1,1,"3","PTCH2"
"RP11-301G23.1",0.00137937276932635,0.795622013564635,1,1,1,"3","RP11-301G23.1"
"NUAK1",0.00138398239075849,0.592328502237809,1,1,1,"3","NUAK1"
"COLEC121",0.00139156066631738,0.849889826591234,1,1,1,"3","COLEC12"
"LCE1E1",0.00140269594473523,0.845335126212245,1,1,1,"3","LCE1E"
"CHMP4C1",0.00140467977470926,0.614082474362519,1,1,1,"3","CHMP4C"
"HMCN12",0.00143056247590085,0.832659127434201,1,1,1,"3","HMCN1"
"GNB3",0.00143305479451647,1.05903275494632,1,1,1,"3","GNB3"
"RPGRIP1L",0.00145250902167993,0.645516124720938,1,1,1,"3","RPGRIP1L"
"C11orf89",0.00146164618858479,0.930753483742967,1,1,1,"3","C11orf89"
"LGR41",0.00146205553049301,1.16202680121753,1,1,1,"3","LGR4"
"SLC10A61",0.00146452594485681,0.821621468061958,1,1,1,"3","SLC10A6"
"THRB1",0.00147475276684964,0.702606502278282,1,1,1,"3","THRB"
"BCLAF1",0.00147864709624239,0.553295358268194,1,1,1,"3","BCLAF1"
"MS4A6A1",0.00149327903489801,0.835797475523201,1,1,1,"3","MS4A6A"
"CD1E1",0.00149360486883903,0.72690743680185,1,1,1,"3","CD1E"
"RP11-534L20.4",0.00150041867529252,0.546260625652549,1,1,1,"3","RP11-534L20.4"
"WDR631",0.00151527430517557,0.215689725784015,1,1,1,"3","WDR63"
"C1RL1",0.00154979325291492,0.570685992689967,1,1,1,"3","C1RL"
"SLFN5",0.0015725885325352,0.635899628900777,1,1,1,"3","SLFN5"
"RP11-111G23.1",0.00157280441404186,1.78486366836182,1,1,1,"3","RP11-111G23.1"
"RRM2P3",0.0015730930639742,0.496144621307845,1,1,1,"3","RRM2P3"
"BICC11",0.00160828647212661,0.843679308215503,1,1,1,"3","BICC1"
"ABCA1",0.00160959306784554,0.696785604074442,1,1,1,"3","ABCA1"
"SELP1",0.00161014776482487,0.752256398390434,1,1,1,"3","SELP"
"PLEKHH21",0.00161506674492029,0.527513033964663,1,1,1,"3","PLEKHH2"
"TSGA10IP",0.00161586398445294,0.686049978004963,1,1,1,"3","TSGA10IP"
"RP4-607J23.2",0.00163018074066527,0.568716429926441,1,1,1,"3","RP4-607J23.2"
"MYO5A1",0.0016444009315814,0.53265794002127,1,1,1,"3","MYO5A"
"LRBA1",0.00164762941333321,0.533317179081244,1,1,1,"3","LRBA"
"HOXC51",0.00165258256241298,0.594789281334853,1,1,1,"3","HOXC5"
"SFRP21",0.00165991598703901,1.54078087006654,1,1,1,"3","SFRP2"
"RP11-331F4.4",0.00166252286194243,0.831733552866256,1,1,1,"3","RP11-331F4.4"
"PLCZ11",0.00167124161240365,0.904955386773475,1,1,1,"3","PLCZ1"
"RARG1",0.00167613847767755,0.635968115583648,1,1,1,"3","RARG"
"ANKS6",0.00168220851600902,0.428638005534296,1,1,1,"3","ANKS6"
"CDH221",0.0016977571814892,0.652350971064118,1,1,1,"3","CDH22"
"SLC6A9",0.00170056982424818,0.665524502083933,1,1,1,"3","SLC6A9"
"APPL21",0.00170457570289575,0.560625285490914,1,1,1,"3","APPL2"
"COLCA2",0.00172727907672973,1.88181501683636,1,1,1,"3","COLCA2"
"HDC1",0.00174099683968252,0.869649203941,1,1,1,"3","HDC"
"DNM1",0.0017428447448818,1.20793057129317,1,1,1,"3","DNM1"
"PTK61",0.00174339666656945,0.628229846042036,1,1,1,"3","PTK6"
"LY6D1",0.00175889368543141,0.159621880719747,1,1,1,"3","LY6D"
"UGDH",0.00176344326341984,0.499763476537282,1,1,1,"3","UGDH"
"PODN",0.00176361655094851,0.78719481066566,1,1,1,"3","PODN"
"MUSK1",0.00177040621073189,1.27918463206218,1,1,1,"3","MUSK"
"UPK1A",0.00177107616460776,0.318257371414612,1,1,1,"3","UPK1A"
"EPB41L31",0.00177349177364165,0.657852593865176,1,1,1,"3","EPB41L3"
"HSD17B13",0.00177454875876888,0.755113511297283,1,1,1,"3","HSD17B13"
"CAMK1D1",0.00177847628876694,0.414694436430786,1,1,1,"3","CAMK1D"
"HIVEP2",0.00178062387555134,0.497064562216917,1,1,1,"3","HIVEP2"
"RP11-74C1.21",0.0017842603932739,0.489329390714014,1,1,1,"3","RP11-74C1.2"
"MAPT",0.00180495550767761,0.459960462235909,1,1,1,"3","MAPT"
"TAC3",0.00181040426711533,1.53643061185919,1,1,1,"3","TAC3"
"HOXA13",0.00181937352281453,0.239163102751148,1,1,1,"3","HOXA13"
"MAS1L1",0.00182224908526939,0.720859277723436,1,1,1,"3","MAS1L"
"BCL11B1",0.00182337102421504,0.396185646248469,1,1,1,"3","BCL11B"
"VCAN1",0.00182578231567409,0.683839375016724,1,1,1,"3","VCAN"
"KLHL11",0.00183446810345111,0.739794169152566,1,1,1,"3","KLHL11"
"UCHL1",0.00184556902776864,0.285869385993177,1,1,1,"3","UCHL1"
"AC022596.61",0.00184638010347506,0.323380795109944,1,1,1,"3","AC022596.6"
"TMEM45A1",0.00185083825713602,0.718476837265474,1,1,1,"3","TMEM45A"
"MAB21L31",0.00185274302964372,0.613098400738862,1,1,1,"3","MAB21L3"
"GJB51",0.00185790444308574,0.400382489535946,1,1,1,"3","GJB5"
"MXRA51",0.00186894806021439,0.732898674976067,1,1,1,"3","MXRA5"
"C14orf641",0.00188846596385165,0.204832819142142,1,1,1,"3","C14orf64"
"FGL21",0.00189403287146253,0.886668844446671,1,1,1,"3","FGL2"
"KCNK21",0.00190151216788455,0.635679488489037,1,1,1,"3","KCNK2"
"NFIX",0.00190154658652485,0.613064230988847,1,1,1,"3","NFIX"
"MAT1A1",0.0019076007630318,0.780300207691218,1,1,1,"3","MAT1A"
"RNASE71",0.00191137183100813,0.451305066977065,1,1,1,"3","RNASE7"
"OR7E2P",0.00192094315857165,0.601663788881076,1,1,1,"3","OR7E2P"
"ATP2C21",0.00192307071690342,0.181996857366901,1,1,1,"3","ATP2C2"
"USP50",0.00192392130473394,0.514986115234729,1,1,1,"3","USP50"
"DCHS21",0.00192734760778282,0.348670797261162,1,1,1,"3","DCHS2"
"ANKRD22",0.0019763081070432,3.89148698458735,1,1,1,"3","ANKRD22"
"ZNF761",0.00198508200208572,0.775849544253827,1,1,1,"3","ZNF761"
"FAM180A",0.00200324169421124,0.758391288816888,1,1,1,"3","FAM180A"
"NPIPP1",0.00200393979199301,0.506465314264197,1,1,1,"3","NPIPP1"
"LPAR11",0.00201263375691107,1.05642211194729,1,1,1,"3","LPAR1"
"RNASE1",0.00202710062107711,0.923203142663414,1,1,1,"3","RNASE1"
"ADRA2C",0.0020356235390014,0.895939238883763,1,1,1,"3","ADRA2C"
"EPS8L21",0.00204516755904845,1.32667686632392,1,1,1,"3","EPS8L2"
"BTBD161",0.00206528792097296,0.461222821792758,1,1,1,"3","BTBD16"
"ALDH3A11",0.00207007700223252,0.326472631208988,1,1,1,"3","ALDH3A1"
"PAM",0.00209370014035822,0.768290709270001,1,1,1,"3","PAM"
"NPFFR2",0.00209732310284773,0.706024186309554,1,1,1,"3","NPFFR2"
"FBXO271",0.00212253439349425,0.624442943688361,1,1,1,"3","FBXO27"
"CNNM1",0.00213199800811359,0.886805946531789,1,1,1,"3","CNNM1"
"RP11-392P7.6",0.00213785319714801,0.397063641811378,1,1,1,"3","RP11-392P7.6"
"VANGL21",0.00215198620635211,0.784000060995558,1,1,1,"3","VANGL2"
"VPS391",0.00216265457248494,0.459080161884092,1,1,1,"3","VPS39"
"C12orf75",0.00217590464164618,0.709535081776679,1,1,1,"3","C12orf75"
"WNT41",0.00218484801699802,0.721798282180858,1,1,1,"3","WNT4"
"FOXN3",0.00219544180162877,0.549088124365822,1,1,1,"3","FOXN3"
"PTGFR1",0.00219849434114108,1.24103634311957,1,1,1,"3","PTGFR"
"KCND2",0.00220511400626357,0.675538927097953,1,1,1,"3","KCND2"
"C1R1",0.00221314953348491,0.828333367209588,1,1,1,"3","C1R"
"DUOXA21",0.00223074271920435,0.4765429516554,1,1,1,"3","DUOXA2"
"DZIP1L",0.00223102474163084,0.488554978490527,1,1,1,"3","DZIP1L"
"LGALS32",0.00228752961103117,0.599091697387699,1,1,1,"3","LGALS3"
"HUNK1",0.0022956987057526,1.20051021455117,1,1,1,"3","HUNK"
"TRPV61",0.0023151499697907,0.292885602276456,1,1,1,"3","TRPV6"
"RP11-578F21.2",0.00231777492144237,0.549689851905532,1,1,1,"3","RP11-578F21.2"
"AMY2B",0.00232624261919427,1.13064911485064,1,1,1,"3","AMY2B"
"THBS21",0.00232804227436652,0.831526393406641,1,1,1,"3","THBS2"
"PRELP1",0.0023315468312053,0.860018761451954,1,1,1,"3","PRELP"
"MPP71",0.00233262167296419,0.60143648384048,1,1,1,"3","MPP7"
"FAM35DP",0.00233717808600111,0.748863213005563,1,1,1,"3","FAM35DP"
"ACAP1",0.00236342755103169,2.92603453082342,1,1,1,"3","ACAP1"
"FAS1",0.00238936510351487,0.490157237568933,1,1,1,"3","FAS"
"CTB-55O6.12",0.00240587707721921,4.83666345126517,1,1,1,"3","CTB-55O6.12"
"ADAM33",0.00241379945193902,1.0007199613792,1,1,1,"3","ADAM33"
"TNFSF18",0.00241596294921796,0.634355026423831,1,1,1,"3","TNFSF18"
"CDH231",0.00242221316973874,0.58681099220183,1,1,1,"3","CDH23"
"ASMTL-AS1",0.00243945906387364,4.76559661941677,1,1,1,"3","ASMTL-AS1"
"ATP10B1",0.00244447784360433,0.399745927151324,1,1,1,"3","ATP10B"
"SPATA18",0.00245908009181605,0.73745419007061,1,1,1,"3","SPATA18"
"HRH11",0.00246822512865555,0.716416586356688,1,1,1,"3","HRH1"
"ECM21",0.00248974725506361,0.4471062206763,1,1,1,"3","ECM2"
"RP11-829H16.3",0.0025002238911433,0.438415110872674,1,1,1,"3","RP11-829H16.3"
"CLIC21",0.00253896003834154,0.357538395500992,1,1,1,"3","CLIC2"
"HTRA3",0.0025499135149079,1.35619410964911,1,1,1,"3","HTRA3"
"C14orf132",0.00256651439972854,1.32129327401018,1,1,1,"3","C14orf132"
"NDST21",0.00257699884990315,0.507000758684903,1,1,1,"3","NDST2"
"CYSLTR1",0.00260988663378972,1.65108414639381,1,1,1,"3","CYSLTR1"
"RAET1E1",0.00262059382083137,1.29289355399127,1,1,1,"3","RAET1E"
"SEPP1",0.00266156168519048,1.24076800528161,1,1,1,"3","SEPP1"
"RP1-20N2.6",0.0026670291489256,0.507438169420404,1,1,1,"3","RP1-20N2.6"
"ZMAT1",0.00266772966665827,1.89473336627398,1,1,1,"3","ZMAT1"
"FOXQ11",0.00267660511229026,0.439232415582325,1,1,1,"3","FOXQ1"
"MLANA1",0.0026822648698078,0.576355774843881,1,1,1,"3","MLANA"
"ATL3",0.0027058025614403,1.1066952397622,1,1,1,"3","ATL3"
"RALGAPA1",0.00271800789678402,0.926079430386107,1,1,1,"3","RALGAPA1"
"TTC39C1",0.00276153061364402,0.537169640561594,1,1,1,"3","TTC39C"
"FAM180B",0.00279256708381694,0.777425254693418,1,1,1,"3","FAM180B"
"LRP1",0.00280281491977595,0.630378959644251,1,1,1,"3","LRP1"
"ELL31",0.00280620135436601,0.622887720057697,1,1,1,"3","ELL3"
"NKAIN2",0.00281335269129632,0.796773416756452,1,1,1,"3","NKAIN2"
"CACNA1B",0.0028143502973206,0.46407108884928,1,1,1,"3","CACNA1B"
"CYP2J21",0.00282013598565086,0.486727787061028,1,1,1,"3","CYP2J2"
"GATAD2B",0.00282696402344773,0.595958062549201,1,1,1,"3","GATAD2B"
"UGT1A61",0.00283589211923265,0.915915744954859,1,1,1,"3","UGT1A6"
"LYST1",0.00284657094178164,0.540700722179889,1,1,1,"3","LYST"
"AMICA1",0.00287960964916796,0.789848271379688,1,1,1,"3","AMICA1"
"FAM83F1",0.00288461540869596,0.655871964530533,1,1,1,"3","FAM83F"
"ELF2",0.00289195980407198,0.502616378617265,1,1,1,"3","ELF2"
"DNAH14",0.00290322055687527,0.75133062796915,1,1,1,"3","DNAH14"
"IKZF22",0.00292635255761046,1.03373844432805,1,1,1,"3","IKZF2"
"ITGBL1",0.00293623613594533,1.04811856367719,1,1,1,"3","ITGBL1"
"PDCD41",0.00295140436594882,0.651123561818718,1,1,1,"3","PDCD4"
"CCDC146",0.00296276817583272,0.955815425903817,1,1,1,"3","CCDC146"
"DBP1",0.00297867540428452,0.432287861017159,1,1,1,"3","DBP"
"UBL3",0.00299339603850499,0.520689060535124,1,1,1,"3","UBL3"
"ZNF551",0.00302014394457902,1.13720056364431,1,1,1,"3","ZNF551"
"TIAM11",0.00302073227316227,0.583605109713103,1,1,1,"3","TIAM1"
"PPM1J",0.0030242541049753,0.675632218750167,1,1,1,"3","PPM1J"
"PCDH202",0.00303508176971703,0.650916665481638,1,1,1,"3","PCDH20"
"C1QTNF3",0.00303649959304178,0.96564892907926,1,1,1,"3","C1QTNF3"
"RBPJ",0.00305177379810628,0.527499938727974,1,1,1,"3","RBPJ"
"PTGFRN",0.00305419987686722,0.520847976081228,1,1,1,"3","PTGFRN"
"NBPF9",0.00309915807659384,0.649977065581581,1,1,1,"3","NBPF9"
"GAPDHP2",0.00310349718983941,0.579255520824665,1,1,1,"3","GAPDHP2"
"LYPLAL1",0.00312085384053215,3.04428634121357,1,1,1,"3","LYPLAL1"
"HIVEP1",0.00312671982501596,0.572202632524181,1,1,1,"3","HIVEP1"
"IFI44L",0.00312743087513259,1.6212983842678,1,1,1,"3","IFI44L"
"CELF2-AS1",0.00312845952310678,2.10451173059441,1,1,1,"3","CELF2-AS1"
"TXNRD3",0.0031528539299227,0.402320493769263,1,1,1,"3","TXNRD3"
"LINC00471",0.00316418133895151,1.32925565423514,1,1,1,"3","LINC00471"
"PPFIA31",0.00318786886631205,1.04918531691234,1,1,1,"3","PPFIA3"
"EMB1",0.00321396365559273,0.796847275551549,1,1,1,"3","EMB"
"ABCB41",0.00321803321540508,0.43666668180478,1,1,1,"3","ABCB4"
"MPEG1",0.00323702825862705,0.852682118947033,1,1,1,"3","MPEG1"
"POTEE1",0.00324407479738046,0.553959218846911,1,1,1,"3","POTEE"
"CYP2C181",0.00325084428544733,0.527224142722,1,1,1,"3","CYP2C18"
"AIM1L1",0.00325735142412319,0.190559049624071,1,1,1,"3","AIM1L"
"TACR1",0.00326488180102595,1.9222340630338,1,1,1,"3","TACR1"
"SAMHD11",0.00326939609621038,0.825361471963568,1,1,1,"3","SAMHD1"
"SP51",0.00330228644836564,0.274542324675469,1,1,1,"3","SP5"
"CYP4F31P1",0.00331228687491297,0.591681498609629,1,1,1,"3","CYP4F31P"
"MORC41",0.00334098736711986,0.485860368877718,1,1,1,"3","MORC4"
"NKD21",0.00336243168673528,0.551490889067505,1,1,1,"3","NKD2"
"OR52L1",0.00337300916567351,0.467690295405848,1,1,1,"3","OR52L1"
"SPTSSB1",0.00339415329144311,0.512974942846379,1,1,1,"3","SPTSSB"
"RP11-2E11.9",0.00341479667130045,1.99070593566916,1,1,1,"3","RP11-2E11.9"
"SETD7",0.00341695938468021,0.418149121004618,1,1,1,"3","SETD7"
"XRN1",0.0034444052331394,0.898809333118479,1,1,1,"3","XRN1"
"SNED11",0.00344508338203218,0.93886813922148,1,1,1,"3","SNED1"
"AHRR",0.00345201556171629,0.324174233241992,1,1,1,"3","AHRR"
"CDH4",0.00345552953002423,0.457719111661035,1,1,1,"3","CDH4"
"DDR11",0.00346507416794915,0.602952798313835,1,1,1,"3","DDR1"
"CATSPER21",0.00349205021183591,0.675684760347325,1,1,1,"3","CATSPER2"
"FLRT32",0.00353866986392664,1.16950698201934,1,1,1,"3","FLRT3"
"CHRM4",0.00356727473828588,0.451527123215616,1,1,1,"3","CHRM4"
"ANK32",0.00358038899362248,0.175661648714048,1,1,1,"3","ANK3"
"METTL24",0.00358904615361255,0.859280146745617,1,1,1,"3","METTL24"
"HLF2",0.00359759074296767,0.36068561580046,1,1,1,"3","HLF"
"NANOG",0.00363189117435439,0.775802042705095,1,1,1,"3","NANOG"
"SYNPO2",0.0036333598838543,0.549355567849211,1,1,1,"3","SYNPO2"
"LINC006361",0.0036662037727949,1.29570698707898,1,1,1,"3","LINC00636"
"GLI31",0.00367940552386967,0.622288847704837,1,1,1,"3","GLI3"
"EEF1A1P25",0.00369032690464237,0.720691007378308,1,1,1,"3","EEF1A1P25"
"VSIG10L1",0.00372316532514211,0.587879952792443,1,1,1,"3","VSIG10L"
"PLP1",0.00374669307365746,0.42408500241965,1,1,1,"3","PLP1"
"MFSD8",0.00375457103831347,0.770570657585319,1,1,1,"3","MFSD8"
"CADM31",0.00375789769603588,0.88140668768337,1,1,1,"3","CADM3"
"ARSG",0.00377042318487169,0.78213270750863,1,1,1,"3","ARSG"
"TBC1D141",0.00378208715155661,0.49181339665445,1,1,1,"3","TBC1D14"
"DDX58",0.0037977159380044,0.590782832905891,1,1,1,"3","DDX58"
"LNPEP1",0.00381386144199495,0.413739744398161,1,1,1,"3","LNPEP"
"CRHR1",0.00382256157516454,0.537626767135295,1,1,1,"3","CRHR1"
"PRRX21",0.00383147127547646,0.624771821058907,1,1,1,"3","PRRX2"
"MYO1D1",0.00383990011113291,0.461632782614288,1,1,1,"3","MYO1D"
"URI1",0.00384504968720042,0.754195593211257,1,1,1,"3","URI1"
"HS3ST61",0.00387014838017361,0.551864784903998,1,1,1,"3","HS3ST6"
"RIMBP22",0.00387371739013196,0.715448786373711,1,1,1,"3","RIMBP2"
"PHYHD1",0.00388153563167089,0.395034590709752,1,1,1,"3","PHYHD1"
"GLDN1",0.00388814027967412,0.287245450035861,1,1,1,"3","GLDN"
"PCSK51",0.00390685151183543,0.658457295809875,1,1,1,"3","PCSK5"
"MSTN1",0.00390835884289802,0.403435590540704,1,1,1,"3","MSTN"
"SAMD3",0.00392516375702218,0.986562359184482,1,1,1,"3","SAMD3"
"EIF3EP11",0.00395162752902654,0.523644441292598,1,1,1,"3","EIF3EP1"
"RFESD",0.00396854268966368,1.33623039171021,1,1,1,"3","RFESD"
"COBLL1",0.00397813679940835,0.554136966525071,1,1,1,"3","COBLL1"
"ZFAND4",0.00398317600915365,0.463522469671561,1,1,1,"3","ZFAND4"
"LINC008421",0.00401895939947555,1.18581619049685,1,1,1,"3","LINC00842"
"CCDC78",0.00403886780665374,0.102748932795727,1,1,1,"3","CCDC78"
"FAM198A",0.0040468771128403,0.743941025009528,1,1,1,"3","FAM198A"
"FLNB-AS1",0.0040574760474256,3.85729229957084,1,1,1,"3","FLNB-AS1"
"RP3-337O18.9",0.00405846276438875,0.646410517508926,1,1,1,"3","RP3-337O18.9"
"RCHY1",0.00406376398104949,0.747884712182955,1,1,1,"3","RCHY1"
"BRWD1",0.0040758227804749,0.725118357512986,1,1,1,"3","BRWD1"
"NTN11",0.00407845567719052,0.505411090277388,1,1,1,"3","NTN1"
"MAP3K21",0.00408277357013139,0.548953543513804,1,1,1,"3","MAP3K2"
"RP11-166B2.1",0.00408605061465281,1.26279297204367,1,1,1,"3","RP11-166B2.1"
"FAM90A26",0.00412505021033484,1.90478360847189,1,1,1,"3","FAM90A26"
"RGS111",0.00414968256097826,0.505834985032672,1,1,1,"3","RGS11"
"KIAA1430",0.00415520518067062,0.440854261579339,1,1,1,"3","KIAA1430"
"HAND2-AS1",0.00420338989231873,0.369843314785781,1,1,1,"3","HAND2-AS1"
"MUC20",0.00421254058035258,0.955091189721887,1,1,1,"3","MUC20"
"NOTCH21",0.00425394203539052,0.570688365618032,1,1,1,"3","NOTCH2"
"SGCG",0.0042597427980848,0.445148344247658,1,1,1,"3","SGCG"
"BMP71",0.00426174259363679,0.520742529337117,1,1,1,"3","BMP7"
"HAS21",0.00426414411526896,1.0742242987288,1,1,1,"3","HAS2"
"TUBGCP3",0.00434482473808776,0.356842453778905,1,1,1,"3","TUBGCP3"
"KREMEN11",0.0043630482690432,0.472694715691503,1,1,1,"3","KREMEN1"
"LILRB5",0.00437049250796952,1.02069557581524,1,1,1,"3","LILRB5"
"ARHGEF51",0.00437716588934562,0.764449400041196,1,1,1,"3","ARHGEF5"
"WBSCR171",0.00440665752381288,0.740686692023511,1,1,1,"3","WBSCR17"
"PARP9",0.00441239496911127,0.819424515515994,1,1,1,"3","PARP9"
"PARG",0.00443656493364697,2.87309361772172,1,1,1,"3","PARG"
"KLF41",0.00444383252986949,0.501911772241073,1,1,1,"3","KLF4"
"IDE1",0.00446370972387701,0.534671019785552,1,1,1,"3","IDE"
"RASSF92",0.00450645282473637,0.871714689267883,1,1,1,"3","RASSF9"
"RP11-401P9.6",0.00451872045858366,0.466403456430843,1,1,1,"3","RP11-401P9.6"
"KRT8P33",0.00452219578147178,0.817665069462089,1,1,1,"3","KRT8P33"
"ATP2B41",0.00456204987642872,0.439560980543948,1,1,1,"3","ATP2B4"
"ZNF823",0.00457876375425951,0.72368403541549,1,1,1,"3","ZNF823"
"UGT1A41",0.00457916873955375,0.864723266057442,1,1,1,"3","UGT1A4"
"MYO191",0.00459458714379595,0.912332256998441,1,1,1,"3","MYO19"
"CTD-2555A7.3",0.00462124578444116,0.558285481270085,1,1,1,"3","CTD-2555A7.3"
"VDAC1P4",0.00462395434261912,0.565219451055203,1,1,1,"3","VDAC1P4"
"CHRM5",0.00464618899189428,0.739464336900072,1,1,1,"3","CHRM5"
"RP11-863P13.41",0.0046632299904461,0.586550196252979,1,1,1,"3","RP11-863P13.4"
"MIR568",0.00468047093082907,0.408995679095591,1,1,1,"3","MIR568"
"STAG1",0.00469678125274751,0.38093905672056,1,1,1,"3","STAG1"
"AC005351.11",0.00476202497749092,0.203724899851478,1,1,1,"3","AC005351.1"
"RHOV1",0.00477238353200437,0.303844696979983,1,1,1,"3","RHOV"
"SMOC2",0.00477641909493201,0.945564997874065,1,1,1,"3","SMOC2"
"SPON11",0.00477642084268084,0.537657781871927,1,1,1,"3","SPON1"
"RP11-292B8.1",0.00478125832545016,0.948558138447387,1,1,1,"3","RP11-292B8.1"
"NRG41",0.00478494832941685,0.779690124778519,1,1,1,"3","NRG4"
"KLHL291",0.0048058283749714,1.53091389501035,1,1,1,"3","KLHL29"
"SIGLEC17P",0.00482225164501295,1.03701228366071,1,1,1,"3","SIGLEC17P"
"IL17D",0.00491186853418576,0.845408035348175,1,1,1,"3","IL17D"
"ROR21",0.00491377877055265,0.442679421437107,1,1,1,"3","ROR2"
"LINGO2",0.00494232344085722,0.454095792158846,1,1,1,"3","LINGO2"
"C19orf331",0.00496260613871599,0.191459963430978,1,1,1,"3","C19orf33"
"RP11-499P20.2",0.00496407673854415,0.402882619622101,1,1,1,"3","RP11-499P20.2"
"IARS",0.00497198945578128,0.477559572070575,1,1,1,"3","IARS"
"CTGLF11P",0.00497942718970332,0.713568907842232,1,1,1,"3","CTGLF11P"
"CLIC62",0.00498136323336409,0.442793157717368,1,1,1,"3","CLIC6"
"ISM1",0.00500807051663401,0.67802088504506,1,1,1,"3","ISM1"
"ZNF7061",0.00502134117092029,0.743447369837485,1,1,1,"3","ZNF706"
"MLK41",0.00502899523940343,0.283096352564204,1,1,1,"3","MLK4"
"ZNF780B",0.00505353465062632,0.918438284364782,1,1,1,"3","ZNF780B"
"IL341",0.00505633901462925,0.631888506801543,1,1,1,"3","IL34"
"WNT10B",0.00506720455111286,3.23311546060424,1,1,1,"3","WNT10B"
"HEATR1",0.00507488073162822,0.383465380375164,1,1,1,"3","HEATR1"
"C1orf1161",0.0050993574024827,1.46675003228896,1,1,1,"3","C1orf116"
"TXNIP",0.00514221577860737,0.471589477602286,1,1,1,"3","TXNIP"
"FREM3",0.00515163684256756,0.820425377611775,1,1,1,"3","FREM3"
"RPL13AP7",0.00516019564555456,0.669891085200817,1,1,1,"3","RPL13AP7"
"PRRX1",0.00516731209454161,0.605197544204199,1,1,1,"3","PRRX1"
"SEMA4D2",0.00517575355036355,0.767535557582725,1,1,1,"3","SEMA4D"
"CBLC1",0.00517771062426678,0.35605625911011,1,1,1,"3","CBLC"
"ABCC41",0.00519690792300356,0.223022956686679,1,1,1,"3","ABCC4"
"CNOT1",0.00520440781862663,0.459725619357961,1,1,1,"3","CNOT1"
"BMS1P2",0.00521461305031115,0.329192045364243,1,1,1,"3","BMS1P2"
"ZNF121",0.00523551045787766,0.456164754157962,1,1,1,"3","ZNF121"
"MCF2L22",0.00527767292043343,0.622160230658237,1,1,1,"3","MCF2L2"
"DST",0.00531647311456271,0.549814217062075,1,1,1,"3","DST"
"MFAP41",0.00532096575254068,1.15508688625301,1,1,1,"3","MFAP4"
"CNKSR21",0.00534654474893602,0.576281799509482,1,1,1,"3","CNKSR2"
"DNAJB31",0.00541200638710738,0.645489268573513,1,1,1,"3","DNAJB3"
"PLAC91",0.00544402886213364,0.399808768152624,1,1,1,"3","PLAC9"
"INO80",0.00546174538467532,1.13549874337552,1,1,1,"3","INO80"
"ZBTB7B1",0.00546335165756297,0.48855176227222,1,1,1,"3","ZBTB7B"
"CLEC10A1",0.00547840030666663,0.940666261268273,1,1,1,"3","CLEC10A"
"RAPGEF4",0.00547867218704979,1.22581261243593,1,1,1,"3","RAPGEF4"
"PCSK21",0.00550683451128118,1.05120795279722,1,1,1,"3","PCSK2"
"IL20RA1",0.00551814877200517,0.792733426162423,1,1,1,"3","IL20RA"
"RPRD1A",0.00553447937324669,0.631272295236624,1,1,1,"3","RPRD1A"
"FOXP22",0.00558965667860764,0.395892788197568,1,1,1,"3","FOXP2"
"ASH1L",0.00565551470059995,0.436490507055531,1,1,1,"3","ASH1L"
"GYLTL1B1",0.00565881014978767,0.697138548560842,1,1,1,"3","GYLTL1B"
"TBX18",0.00565881758946771,0.767130379731787,1,1,1,"3","TBX18"
"ATP5G1P61",0.0057662506455215,0.254856838083384,1,1,1,"3","ATP5G1P6"
"RCVRN",0.00578346224703948,0.455768924156567,1,1,1,"3","RCVRN"
"IL1RL21",0.00583073749062938,0.358565105482299,1,1,1,"3","IL1RL2"
"LSP1",0.00584522818384885,1.01501599208477,1,1,1,"3","LSP1"
"CECR11",0.00586852414169162,0.634197062672635,1,1,1,"3","CECR1"
"SOX212",0.0058903669160581,0.381904110954681,1,1,1,"3","SOX21"
"SETD4",0.00591894828862819,0.391274024355253,1,1,1,"3","SETD4"
"BOD1L1",0.00592216286759127,0.3982098916117,1,1,1,"3","BOD1L1"
"ENPP2",0.00594880767470378,0.72353079443452,1,1,1,"3","ENPP2"
"AKR1C2",0.00594897458926392,0.256113429247469,1,1,1,"3","AKR1C2"
"STARD51",0.0059662816583207,0.682897686839954,1,1,1,"3","STARD5"
"ULK31",0.00598699568873924,0.623884803437083,1,1,1,"3","ULK3"
"SLC25A281",0.00598949679865392,0.665067797141045,1,1,1,"3","SLC25A28"
"SCARNA7",0.00601113736705593,0.609037068811961,1,1,1,"3","SCARNA7"
"TMA16",0.00602735875930986,2.14730881559082,1,1,1,"3","TMA16"
"SLC39A21",0.00602890246972691,0.458888643087212,1,1,1,"3","SLC39A2"
"SEPHS1P1",0.00605817986861651,0.818220280928127,1,1,1,"3","SEPHS1P1"
"IRX41",0.0060720849165084,0.918519960077107,1,1,1,"3","IRX4"
"CTC-448F2.6",0.00608673432054927,0.857893564213464,1,1,1,"3","CTC-448F2.6"
"DOCK111",0.00610454738575302,0.771480098238815,1,1,1,"3","DOCK11"
"CXorf23",0.00610642852018001,0.446450140204139,1,1,1,"3","CXorf23"
"KRT731",0.00611106126086023,0.33713709266272,1,1,1,"3","KRT73"
"MGEA5",0.00613284546953623,0.447687008033167,1,1,1,"3","MGEA5"
"ZNF335",0.00616619069969159,0.728629980778271,1,1,1,"3","ZNF335"
"GPR371",0.0061840556780468,0.462874656037414,1,1,1,"3","GPR37"
"KLHL20",0.0061997159339005,0.742562885007704,1,1,1,"3","KLHL20"
"RP11-231C14.3",0.00620633006995837,0.512635956818521,1,1,1,"3","RP11-231C14.3"
"MAGOH2",0.0062546803087461,1.64546039313067,1,1,1,"3","MAGOH2"
"ELOVL71",0.00625618089118155,0.279694983689343,1,1,1,"3","ELOVL7"
"FMO11",0.00626029745768298,0.778465009026126,1,1,1,"3","FMO1"
"MACROD22",0.006260990452609,0.467095670359679,1,1,1,"3","MACROD2"
"RP11-129B9.2",0.00627724588841741,0.340901763758014,1,1,1,"3","RP11-129B9.2"
"CD8B",0.00631734008654245,0.860018615351089,1,1,1,"3","CD8B"
"PER21",0.00636716026341805,0.527748879599132,1,1,1,"3","PER2"
"ZNF256",0.00641342780023714,0.560064306434695,1,1,1,"3","ZNF256"
"AC139099.3",0.00641596208198043,0.653445036793062,1,1,1,"3","AC139099.3"
"PNMA3",0.00644051103883917,1.76228924284853,1,1,1,"3","PNMA3"
"CCNI2",0.00644436964872519,0.414329939901235,1,1,1,"3","CCNI2"
"NKPD11",0.00645912819525605,0.363714314645929,1,1,1,"3","NKPD1"
"CNTN2",0.00647708527974637,1.26718595027505,1,1,1,"3","CNTN2"
"CCDC531",0.00652438531551824,0.721751146348101,1,1,1,"3","CCDC53"
"NDFIP21",0.00658446321831303,0.367808859354742,1,1,1,"3","NDFIP2"
"ELFN1",0.00659172522768354,3.54567907197719,1,1,1,"3","ELFN1"
"RP11-20O24.4",0.00659518962875653,0.835820442677845,1,1,1,"3","RP11-20O24.4"
"ARL5A1",0.0066024855924974,2.19677510534622,1,1,1,"3","ARL5A"
"MASP11",0.00660600062573426,0.58254606097225,1,1,1,"3","MASP1"
"ADAMTS5",0.00662141717278679,1.01293615503992,1,1,1,"3","ADAMTS5"
"CNOT2",0.00664770637244198,0.384859689482411,1,1,1,"3","CNOT2"
"HOXD101",0.00667253329279942,1.21825102949519,1,1,1,"3","HOXD10"
"DCST11",0.00675385545963064,0.561619384357673,1,1,1,"3","DCST1"
"RAB11FIP41",0.00676276343844464,0.302264288894746,1,1,1,"3","RAB11FIP4"
"PTPRF1",0.00676413130311211,0.364457163313876,1,1,1,"3","PTPRF"
"GRTP11",0.00679539922656648,0.550129911010956,1,1,1,"3","GRTP1"
"TSSK4",0.00681502926960904,0.475436180274958,1,1,1,"3","TSSK4"
"FARP21",0.00683908224368222,0.405788871552446,1,1,1,"3","FARP2"
"ULK2",0.00685343231169716,0.399051697463911,1,1,1,"3","ULK2"
"CAB39L",0.00685793297708995,0.733413153328105,1,1,1,"3","CAB39L"
"DCD1",0.00688265891924307,0.104616405106345,1,1,1,"3","DCD"
"MR11",0.00689052293667692,0.396911757254967,1,1,1,"3","MR1"
"ACOX11",0.00689196171776479,0.443216660580589,1,1,1,"3","ACOX1"
"ATAD2B",0.00689688715430567,0.389764015667858,1,1,1,"3","ATAD2B"
"DOPEY11",0.00691778067843889,0.575317471650003,1,1,1,"3","DOPEY1"
"ZSWIM7",0.00692221224898765,1.24776669072857,1,1,1,"3","ZSWIM7"
"CELSR21",0.00694639653937408,0.724354669521244,1,1,1,"3","CELSR2"
"COPG2",0.00695322347833933,0.680059357456438,1,1,1,"3","COPG2"
"SYDE21",0.00695399518242813,1.12147805401877,1,1,1,"3","SYDE2"
"RELL1",0.00696320336025143,0.381981946912582,1,1,1,"3","RELL1"
"LCMT1",0.00699658599974574,0.988614251867261,1,1,1,"3","LCMT1"
"HOXD11",0.00699729825459529,0.823760797103276,1,1,1,"3","HOXD11"
"N4BP2L2",0.00701450838210104,0.77378799717755,1,1,1,"3","N4BP2L2"
"TEF1",0.00701627622805125,0.522830388063634,1,1,1,"3","TEF"
"XCR11",0.00702764008931672,0.547335219262505,1,1,1,"3","XCR1"
"EGFL61",0.00709353426257056,0.236077690962805,1,1,1,"3","EGFL6"
"ADAP1",0.00711397447201359,0.644086387880156,1,1,1,"3","ADAP1"
"CD70",0.00717364884074831,0.472303166559584,1,1,1,"3","CD70"
"CYBRD11",0.00721296793169313,0.604065579167798,1,1,1,"3","CYBRD1"
"PLTP",0.00722578222015838,1.38604610493197,1,1,1,"3","PLTP"
"TEX11",0.0072266690934523,1.09340518465225,1,1,1,"3","TEX11"
"MS4A4E",0.00723945879369949,0.80294161389654,1,1,1,"3","MS4A4E"
"RFX21",0.00724388265096538,1.11218439881788,1,1,1,"3","RFX2"
"SCAPER1",0.00726225266489585,0.545220103053069,1,1,1,"3","SCAPER"
"RABEPK",0.00728195354582954,0.525877688388947,1,1,1,"3","RABEPK"
"NPRL2",0.00730412825875939,0.448330525666954,1,1,1,"3","NPRL2"
"RERGL",0.00731548422060018,2.13360725206157,1,1,1,"3","RERGL"
"VAMP1",0.00732715962649754,2.58237462598323,1,1,1,"3","VAMP1"
"IFNG",0.00736093830247095,0.4789043066144,1,1,1,"3","IFNG"
"DDTL",0.00737393000349048,0.377356904849053,1,1,1,"3","DDTL"
"RP11-428P16.2",0.00738647664993418,0.486460542507141,1,1,1,"3","RP11-428P16.2"
"PNPLA4",0.00739134685996189,2.47830559291931,1,1,1,"3","PNPLA4"
"CTC-325H20.7",0.00740836571870839,0.83435016435628,1,1,1,"3","CTC-325H20.7"
"SIGLEC61",0.00742464504011917,0.607745618085008,1,1,1,"3","SIGLEC6"
"KANK11",0.00742739878267244,0.381230572888349,1,1,1,"3","KANK1"
"C1orf1061",0.00746447244182589,0.13429103154429,1,1,1,"3","C1orf106"
"ATG2B",0.00747548522531278,0.362037090865918,1,1,1,"3","ATG2B"
"RP11-66N24.3",0.00747852279408759,0.703501915967042,1,1,1,"3","RP11-66N24.3"
"ARHGAP30",0.00747946806627925,1.18411438018041,1,1,1,"3","ARHGAP30"
"LRRC18",0.0074947519962073,0.294888886320646,1,1,1,"3","LRRC18"
"LRRC151",0.00749738370331922,1.15553793659598,1,1,1,"3","LRRC15"
"C3orf141",0.00752993843917672,0.600427710676817,1,1,1,"3","C3orf14"
"WNK21",0.00753832087715878,1.30121268071643,1,1,1,"3","WNK2"
"GLIS21",0.00754178142172281,0.75111015322021,1,1,1,"3","GLIS2"
"CFHR3",0.00756321401759038,0.573716262629615,1,1,1,"3","CFHR3"
"FAT11",0.00756469953321333,0.388802607133982,1,1,1,"3","FAT1"
"RP11-365F18.3",0.00757751427070549,0.414891478209322,1,1,1,"3","RP11-365F18.3"
"RHBG1",0.00759044202391199,0.381989657314408,1,1,1,"3","RHBG"
"RTN4RL1",0.00759516169302735,1.03132696565381,1,1,1,"3","RTN4RL1"
"RP11-493P1.2",0.0076231674636972,0.341438564699889,1,1,1,"3","RP11-493P1.2"
"LGMN",0.00766060240716724,0.81320994535524,1,1,1,"3","LGMN"
"HIGD1AP141",0.00770746663868503,0.407855985033292,1,1,1,"3","HIGD1AP14"
"ESRP21",0.00772405884621537,0.266675230334041,1,1,1,"3","ESRP2"
"EMR4P",0.00775360816349907,0.535590352749475,1,1,1,"3","EMR4P"
"CTD-2555O16.2",0.00778582012669504,0.45148710984072,1,1,1,"3","CTD-2555O16.2"
"RP11-583F2.1",0.00778932097627209,2.47808759244047,1,1,1,"3","RP11-583F2.1"
"RP11-658F2.3",0.0078223573369257,1.08666655010619,1,1,1,"3","RP11-658F2.3"
"DEFB124",0.00783682065099512,0.474055883961674,1,1,1,"3","DEFB124"
"PLEKHA51",0.00791859247061019,0.359730397016925,1,1,1,"3","PLEKHA5"
"PRNP",0.00792033072004011,0.508286024313009,1,1,1,"3","PRNP"
"F101",0.00796461781085335,1.2919135350793,1,1,1,"3","F10"
"ZNF394",0.00802086791447964,0.777377139565532,1,1,1,"3","ZNF394"
"WSCD2",0.00806742651443675,0.611683711097458,1,1,1,"3","WSCD2"
"RORC1",0.00811479039352309,0.240175581461958,1,1,1,"3","RORC"
"TNC",0.0081284948290022,0.739621297131109,1,1,1,"3","TNC"
"FAM83H-AS11",0.00816462125444127,0.180674076516034,1,1,1,"3","FAM83H-AS1"
"BEND6",0.00823634630061103,0.613300042923646,1,1,1,"3","BEND6"
"RP11-302B13.1",0.00825784884618731,0.5225602259901,1,1,1,"3","RP11-302B13.1"
"MEP1B",0.00828973057248595,1.60675922406867,1,1,1,"3","MEP1B"
"COL16A11",0.0083243917916342,0.569115683548386,1,1,1,"3","COL16A1"
"MYO5B1",0.00835168764669294,0.94437707164589,1,1,1,"3","MYO5B"
"RP11-10L12.1",0.00836270824681736,0.721328997768964,1,1,1,"3","RP11-10L12.1"
"PSMD5",0.00838731559623292,1.62110119626469,1,1,1,"3","PSMD5"
"NANOGP8",0.00839538175721009,0.436171227666158,1,1,1,"3","NANOGP8"
"ITGB7",0.00839689176042189,2.03187167058147,1,1,1,"3","ITGB7"
"BHMT",0.00841354437398202,1.77459300594053,1,1,1,"3","BHMT"
"CCL14",0.00841678398591633,1.94784451130974,1,1,1,"3","CCL14"
"BASP11",0.00841784207942453,0.689101515262351,1,1,1,"3","BASP1"
"GLUD1",0.008435663265833,0.338860300067417,1,1,1,"3","GLUD1"
"CHD8",0.00845819762917446,0.255094001310631,1,1,1,"3","CHD8"
"JAG1",0.00846778589702527,0.421581605576925,1,1,1,"3","JAG1"
"LRIT3",0.00846911673355317,1.14982848316435,1,1,1,"3","LRIT3"
"ZFHX4",0.00853020229673193,0.318720291973214,1,1,1,"3","ZFHX4"
"RP11-537I16.2",0.00854881735222862,0.889622159499028,1,1,1,"3","RP11-537I16.2"
"FAM53A",0.00857627545615488,0.396427608533378,1,1,1,"3","FAM53A"
"PTGER3",0.00861487839978309,0.475410034001087,1,1,1,"3","PTGER3"
"C2orf541",0.00864702260984376,0.324675998029324,1,1,1,"3","C2orf54"
"TIGD4",0.00864806647957755,6.09944442304608,1,1,1,"3","TIGD4"
"AC015971.2",0.00866534072109671,0.61080535086942,1,1,1,"3","AC015971.2"
"SMCR8",0.00868745029462109,0.356360769377066,1,1,1,"3","SMCR8"
"TK2",0.00870411382846591,0.482951606449259,1,1,1,"3","TK2"
"PTPN141",0.00873831720858242,1.14319959680694,1,1,1,"3","PTPN14"
"TOM1L21",0.00878249137611745,0.355550347723796,1,1,1,"3","TOM1L2"
"CYP3A51",0.00879866682951526,0.547810241381312,1,1,1,"3","CYP3A5"
"TRAV2",0.00881547419623306,0.549511202075102,1,1,1,"3","TRAV2"
"BTK1",0.00882407525899955,0.481486924177938,1,1,1,"3","BTK"
"AC110619.21",0.00883865459831888,1.27903305020155,1,1,1,"3","AC110619.2"
"NAP1L4P1",0.00889984336803524,0.759663160834037,1,1,1,"3","NAP1L4P1"
"RP11-403I13.8",0.00890893523608345,1.81344188663148,1,1,1,"3","RP11-403I13.8"
"SNX25P1",0.0089828155910764,1.92476964075364,1,1,1,"3","SNX25P1"
"MOB3B1",0.0090091729131404,0.389531017689515,1,1,1,"3","MOB3B"
"CAP2P1",0.00901454601007135,0.970052345180783,1,1,1,"3","CAP2P1"
"CAPN12",0.00902811649923795,1.81777100485633,1,1,1,"3","CAPN12"
"DARC1",0.00903316779256308,0.893231547275901,1,1,1,"3","DARC"
"GCM2",0.00904026054203981,0.660635157133116,1,1,1,"3","GCM2"
"EXOC6B1",0.00905838601861428,0.431572982593899,1,1,1,"3","EXOC6B"
"FAM214A",0.00907774403660784,1.10571044645556,1,1,1,"3","FAM214A"
"BTAF11",0.00913136166281671,0.491021764775173,1,1,1,"3","BTAF1"
"SIM21",0.00915132651752186,1.31234824591346,1,1,1,"3","SIM2"
"GSTA41",0.00916211597692138,0.337318330374728,1,1,1,"3","GSTA4"
"DSTYK",0.00919024400507919,0.950614996161878,1,1,1,"3","DSTYK"
"TMTC21",0.00919871348770675,0.462918490869157,1,1,1,"3","TMTC2"
"TTC221",0.00919925060990985,0.310226976936249,1,1,1,"3","TTC22"
"C15orf591",0.00922495316765263,0.393985505987395,1,1,1,"3","C15orf59"
"LYPD51",0.009226738909283,0.117009598634649,1,1,1,"3","LYPD5"
"PDE4DIP1",0.00924107012849871,0.42046371224821,1,1,1,"3","PDE4DIP"
"RP11-680G24.5",0.00927547642964305,0.417974347845249,1,1,1,"3","RP11-680G24.5"
"GPLD11",0.00927800783055346,0.162297128994702,1,1,1,"3","GPLD1"
"FAM86JP",0.00931844792608782,0.452676085909982,1,1,1,"3","FAM86JP"
"RP11-6L6.2",0.00942846268331313,0.566749164944746,1,1,1,"3","RP11-6L6.2"
"MIOS1",0.00945271583080409,0.571211976829606,1,1,1,"3","MIOS"
"SCGB2A21",0.00946292223288169,1.46936995821183,1,1,1,"3","SCGB2A2"
"LGR51",0.00955386965610932,0.94568331685063,1,1,1,"3","LGR5"
"AC131097.4",0.00956715940571667,0.547608557373364,1,1,1,"3","AC131097.4"
"SMARCE1P1",0.00956972938052288,0.898193030587134,1,1,1,"3","SMARCE1P1"
"RP11-356C4.5",0.00957370748728451,0.901652238336117,1,1,1,"3","RP11-356C4.5"
"SYNGR11",0.00961513933802418,1.92180361091516,1,1,1,"3","SYNGR1"
"TASP1",0.00962492950664856,0.533538591373404,1,1,1,"3","TASP1"
"SYNE21",0.00962630231619407,0.477340270312968,1,1,1,"3","SYNE2"
"BBS5",0.00964153694355618,0.223110429455591,1,1,1,"3","BBS5"
"TEX40",0.00964387412288715,0.343814228206115,1,1,1,"3","TEX40"
"RP11-378G13.2",0.00971296574457917,0.332811975256712,1,1,1,"3","RP11-378G13.2"
"SLC24A31",0.00972346776948961,0.434309096778765,1,1,1,"3","SLC24A3"
"CLSTN3",0.00973872927865052,0.28634004317637,1,1,1,"3","CLSTN3"
"AK8",0.00975196307984755,0.389867093010713,1,1,1,"3","AK8"
"FRRS11",0.00979974838039008,0.597288130893221,1,1,1,"3","FRRS1"
"AC005154.6",0.00981084570036872,0.3298300382669,1,1,1,"3","AC005154.6"
"RP11-72M17.1",0.00983051541214497,0.33631741165174,1,1,1,"3","RP11-72M17.1"
"TRIM631",0.00984036439620153,0.464571879075272,1,1,1,"3","TRIM63"
"KIAA1715",0.00985596678970325,1.71208796924744,1,1,1,"3","KIAA1715"
"ASNSP5",0.00987102668187827,0.298413953943689,1,1,1,"3","ASNSP5"
"RAB3B",0.00987448999839718,0.408915665558977,1,1,1,"3","RAB3B"
"GPSM21",0.00989693024290323,1.03174050664289,1,1,1,"3","GPSM2"
"SPIN3",0.00989716337524283,0.598492562093549,1,1,1,"3","SPIN3"
"RP11-706O15.3",0.0099029970050755,0.755805691495913,1,1,1,"3","RP11-706O15.3"
"KATNA1",0.00994470537336605,0.385109915466307,1,1,1,"3","KATNA1"
"UBA52P8",0.00997452764341785,1.13891129722443,1,1,1,"3","UBA52P8"
"CCDC79",0.00998641829076056,0.389430326054534,1,1,1,"3","CCDC79"
