"pathway","pval","padj","overlap","size","overlapGenes","padj_sig","odds_ratio","pretty_pathway","primary_site","pathway_set","cluster","term_set"
"HALLMARK_EPITHELIAL_MESENCHYMAL_TRANSITION",9.2405052416979e-13,4.62025262084895e-11,41,195,"ACTA2, ADAM12, BGN, BMP1, CALD1, CDH6, COL12A1, COL16A1, COL3A1, COL4A1, COL4A2, COL5A1, COL5A2, COL5A3, COL6A3, COLGALT1, EFEMP2, GEM, HTRA1, IGFBP2, IGFBP3, ITGA2, ITGA5, ITGB1, JUN, LAMA1, LOXL2, MGP, MXRA5, MYLK, NID2, PDGFRB, PMEPA1, RGS4, RHOB, SNTB1, SPARC, TAGLN, THY1, TNFRSF12A, TPM1",TRUE,4.36728403668896,"EPITHELIAL MESENCHYMAL TRANSITION","ParenchymalBreast","MSigDBHallmark","ParenchymalBreast","Hallmarks"
"HALLMARK_APICAL_JUNCTION",5.17456308222739e-09,1.29364077055685e-07,34,188,"ADAM15, ADRA1B, AKT3, AMIGO2, BMP1, CD276, CD34, CDH6, CLDN15, CLDN7, COL16A1, CTNND1, CX3CL1, GNAI2, INPPL1, IRS1, ITGA2, ITGB1, JAM3, MADCAM1, MAPK11, MYH9, NF1, NFASC, PARVA, PCDH1, PTK2, SORBS3, TAOK2, THY1, TRO, VCL, VWF, WNK4",TRUE,3.60989570335864,"APICAL JUNCTION","ParenchymalBreast","MSigDBHallmark","ParenchymalBreast","Hallmarks"
"HALLMARK_MYOGENESIS",3.65889403495082e-06,6.09815672491803e-05,29,193,"ADAM12, AEBP1, AGRN, APLNR, CACNA1H, CD36, CDH13, COL15A1, COL3A1, COL4A2, COL6A3, DMPK, GJA5, GSN, HDAC5, IGFBP3, IGFBP7, ITGA7, ITGB1, KIFC3, MEF2C, MYH4, MYH9, MYLK, PDLIM7, SMTN, SORBS3, SPARC, TAGLN",TRUE,2.88584223923603,"MYOGENESIS","ParenchymalBreast","MSigDBHallmark","ParenchymalBreast","Hallmarks"
"HALLMARK_MITOTIC_SPINDLE",4.21971132774479e-05,0.000527463915968098,27,197,"ARAP3, ARHGAP29, CDC42EP1, CDC42EP4, CENPJ, CLIP2, CYTH2, DOCK4, FARP1, GSN, MAP1S, MARCKS, MYH9, MYO1E, NCK2, NEDD9, NF1, NIN, NUMA1, PKD2, PLEKHG2, PREX1, RASAL2, SHROOM1, TAOK2, TRIO, VCL",TRUE,2.59052542040175,"MITOTIC SPINDLE","ParenchymalBreast","MSigDBHallmark","ParenchymalBreast","Hallmarks"
"HALLMARK_ANGIOGENESIS",0.00102117357143154,0.0102117357143154,8,36,"COL3A1, COL5A2, FGFR1, JAG2, KCNJ8, LPL, NRP1, PTK2",TRUE,4.75131596470201,"ANGIOGENESIS","ParenchymalBreast","MSigDBHallmark","ParenchymalBreast","Hallmarks"
"HALLMARK_HEDGEHOG_SIGNALING",0.00332736257288464,0.0239567407658404,7,34,"CDK6, MYH9, NF1, NRP1, PML, THY1, TLE3",TRUE,4.34153511159499,"HEDGEHOG SIGNALING","ParenchymalBreast","MSigDBHallmark","ParenchymalBreast","Hallmarks"
"HALLMARK_UV_RESPONSE_DN",0.00335394370721766,0.0239567407658404,17,138,"AKT3, APBB2, ATXN1, CACNA1A, CAV1, COL3A1, COL5A2, DLC1, INPP4B, IRS1, KALRN, KIT, NRP1, PDGFRB, PTPRM, RGS4, SMAD7",TRUE,2.30041152263374,"UV RESPONSE DN","ParenchymalBreast","MSigDBHallmark","ParenchymalBreast","Hallmarks"
"HALLMARK_TGF_BETA_SIGNALING",0.0122941633644168,0.0706843507188231,8,53,"BCAR3, CTNNB1, ENG, HIPK2, ID3, PMEPA1, SKI, SMAD7",FALSE,2.97356139665369,"TGF BETA SIGNALING","ParenchymalBreast","MSigDBHallmark","ParenchymalBreast","Hallmarks"
"HALLMARK_APOPTOSIS",0.0127231831293882,0.0706843507188231,17,158,"AVPR1A, BGN, BMF, CASP2, CAV1, CFLAR, CTNNB1, F2R, GSN, HMGB2, JUN, NEDD9, PDGFRB, PTK2, RHOB, SMAD7, TNFRSF12A",FALSE,1.973274274623,"APOPTOSIS","ParenchymalBreast","MSigDBHallmark","ParenchymalBreast","Hallmarks"
"HALLMARK_COAGULATION",0.0235459602460843,0.117729801230422,14,131,"A2M, BMP1, F2RL2, GSN, HTRA1, ITGA2, KLF7, MMP15, MMP7, PDGFB, RAPGEF3, SH2B2, SPARC, VWF",FALSE,1.96659121774559,"COAGULATION","ParenchymalBreast","MSigDBHallmark","ParenchymalBreast","Hallmarks"
"HALLMARK_KRAS_SIGNALING_UP",0.0337705039118182,0.153502290508265,18,190,"ANO1, CBX8, CPE, DCBLD2, ENG, ETS1, IGFBP3, ITGA2, LIF, NIN, NRP1, PIGR, PLVAP, SCG5, SPARCL1, TNFRSF1B, TRIB2, TSPAN13",FALSE,1.70985192059629,"KRAS SIGNALING UP","ParenchymalBreast","MSigDBHallmark","ParenchymalBreast","Hallmarks"
"HALLMARK_APICAL_SURFACE",0.10929822829319,0.45540928455496,5,43,"AFAP1L2, CX3CL1, DCBLD2, EPHB4, THY1",FALSE,2.26925923817116,"APICAL SURFACE","ParenchymalBreast","MSigDBHallmark","ParenchymalBreast","Hallmarks"
"HALLMARK_HYPOXIA",0.140709542337834,0.541190547453206,15,186,"BCL2, BGN, CAV1, CHST2, CHST3, COL5A1, ETS1, IGFBP3, JUN, KLF7, LXN, MYH9, NDST1, PDGFB, WSB1",FALSE,1.43753096715929,"HYPOXIA","ParenchymalBreast","MSigDBHallmark","ParenchymalBreast","Hallmarks"
"HALLMARK_IL2_STAT5_SIGNALING",0.173148080378158,0.618386001350563,15,193,"BCL2, CYFIP1, DENND5A, F2RL2, GBP4, HIPK2, IL4R, ITGA6, LIF, MYO1E, NRP1, PRKCH, RHOB, SPRY4, TNFRSF1B",FALSE,1.38066878016775,"IL2 STAT5 SIGNALING","ParenchymalBreast","MSigDBHallmark","ParenchymalBreast","Hallmarks"
"HALLMARK_COMPLEMENT",0.198434378705821,0.661447929019403,15,198,"CD36, CDH13, COL4A2, DGKH, DOCK4, DOCK9, DYRK2, GNAI2, LTF, MMP15, NOTCH4, PDGFB, PRCP, SH2B3, ZEB1",FALSE,1.34270900956032,"COMPLEMENT","ParenchymalBreast","MSigDBHallmark","ParenchymalBreast","Hallmarks"
"HALLMARK_WNT_BETA_CATENIN_SIGNALING",0.224091431819812,0.700285724436911,4,41,"CTNNB1, HDAC5, JAG2, NOTCH4",FALSE,1.9047550776583,"WNT BETA CATENIN SIGNALING","ParenchymalBreast","MSigDBHallmark","ParenchymalBreast","Hallmarks"
"HALLMARK_IL6_JAK_STAT3_SIGNALING",0.257431857537029,0.757152522167734,7,87,"A2M, ACVRL1, CD36, IL4R, JUN, TNFRSF12A, TNFRSF1B",FALSE,1.47919068694908,"IL6 JAK STAT3 SIGNALING","ParenchymalBreast","MSigDBHallmark","ParenchymalBreast","Hallmarks"
"HALLMARK_NOTCH_SIGNALING",0.29482565594102,0.818960155391721,3,32,"HEYL, LFNG, NOTCH3",FALSE,1.88248902318115,"NOTCH SIGNALING","ParenchymalBreast","MSigDBHallmark","ParenchymalBreast","Hallmarks"
"HALLMARK_ESTROGEN_RESPONSE_EARLY",0.352043745543707,0.926430909325545,13,192,"ADCY1, BCL2, CANT1, CLDN7, DLC1, ELF3, FARP1, KRT19, MAST4, PAPSS2, PGR, SH3BP5, SLC7A2",FALSE,1.19383968705691,"ESTROGEN RESPONSE EARLY","ParenchymalBreast","MSigDBHallmark","ParenchymalBreast","Hallmarks"
"HALLMARK_INFLAMMATORY_RESPONSE",0.372854553346658,0.932136383366646,13,195,"APLNR, CHST2, CX3CL1, DCBLD2, GABBR1, IL4R, ITGA5, KCNJ2, LIF, SCARF1, SLC7A2, TAPBP, TNFRSF1B",FALSE,1.17403689233965,"INFLAMMATORY RESPONSE","ParenchymalBreast","MSigDBHallmark","ParenchymalBreast","Hallmarks"
"HALLMARK_ADIPOGENESIS",0.454097196042922,1,12,190,"ADCY6, CD36, COL15A1, COL4A1, FZD4, ITGA7, LPL, MAP4K3, MYLK, PHLDB1, PIM3, SPARCL1",FALSE,1.11076494726147,"ADIPOGENESIS","ParenchymalBreast","MSigDBHallmark","ParenchymalBreast","Hallmarks"
"HALLMARK_INTERFERON_ALPHA_RESPONSE",0.497637604880319,1,6,95,"GBP4, IL4R, LPAR6, TMEM140, TRIM26, UBA7",FALSE,1.15161124271036,"INTERFERON ALPHA RESPONSE","ParenchymalBreast","MSigDBHallmark","ParenchymalBreast","Hallmarks"
"HALLMARK_PANCREAS_BETA_CELLS",0.519952042947771,1,2,29,"ABCC8, AKT3",FALSE,1.44142418217965,"PANCREAS BETA CELLS","ParenchymalBreast","MSigDBHallmark","ParenchymalBreast","Hallmarks"
"HALLMARK_ESTROGEN_RESPONSE_LATE",0.58426978594044,1,11,191,"BCL2, CAV1, CPE, FARP1, GPER1, KRT19, LTF, PAPSS2, PGR, PRLR, TSPAN13",FALSE,1.00966922079348,"ESTROGEN RESPONSE LATE","ParenchymalBreast","MSigDBHallmark","ParenchymalBreast","Hallmarks"
"HALLMARK_CHOLESTEROL_HOMEOSTASIS",0.625060822595171,1,4,72,"AVPR1A, CTNNB1, LPL, TNFRSF12A",FALSE,1.04112707008869,"CHOLESTEROL HOMEOSTASIS","ParenchymalBreast","MSigDBHallmark","ParenchymalBreast","Hallmarks"
"HALLMARK_BILE_ACID_METABOLISM",0.633110130499082,1,6,109,"ALDH1A1, ATXN1, BCAR3, ISOC1, NEDD4, SLC23A1",FALSE,0.995136323607907,"BILE ACID METABOLISM","ParenchymalBreast","MSigDBHallmark","ParenchymalBreast","Hallmarks"
"HALLMARK_SPERMATOGENESIS",0.6676319051111,1,6,113,"CLGN, CLVS1, JAM3, PGS1, SCG5, SIRT1",FALSE,0.957915047170249,"SPERMATOGENESIS","ParenchymalBreast","MSigDBHallmark","ParenchymalBreast","Hallmarks"
"HALLMARK_ANDROGEN_RESPONSE",0.671241078880696,1,5,95,"CDK6, INPP4B, KRT19, PMEPA1, STEAP4",FALSE,0.962856369005283,"ANDROGEN RESPONSE","ParenchymalBreast","MSigDBHallmark","ParenchymalBreast","Hallmarks"
"HALLMARK_INTERFERON_GAMMA_RESPONSE",0.732314143341492,1,10,196,"AUTS2, GBP4, IL4R, ISOC1, OAS2, PML, ST8SIA4, TAPBP, TRIM26, XAF1",FALSE,0.891229414017618,"INTERFERON GAMMA RESPONSE","ParenchymalBreast","MSigDBHallmark","ParenchymalBreast","Hallmarks"
"HALLMARK_P53_PATHWAY",0.800571699085541,1,9,190,"CDH13, F2R, JAG2, JUN, LIF, PRMT2, TCN2, TRAF4, ZBTB16",FALSE,0.828110629026626,"P53 PATHWAY","ParenchymalBreast","MSigDBHallmark","ParenchymalBreast","Hallmarks"
"HALLMARK_XENOBIOTIC_METABOLISM",0.810176910857477,1,9,192,"ACOX3, CD36, DDAH2, ENPEP, ESR1, NDRG2, PAPSS2, PDK4, SMOX",FALSE,0.819002099432707,"XENOBIOTIC METABOLISM","ParenchymalBreast","MSigDBHallmark","ParenchymalBreast","Hallmarks"
"HALLMARK_KRAS_SIGNALING_DN",0.82615886557482,1,8,176,"ATP6V1B1, CHST2, EFHD1, IGFBP2, LFNG, SOX10, TCF7L1, ZBTB16",FALSE,0.797991964538696,"KRAS SIGNALING DN","ParenchymalBreast","MSigDBHallmark","ParenchymalBreast","Hallmarks"
"HALLMARK_PEROXISOME",0.871718949108527,1,4,104,"ABCC8, ALDH1A1, ATXN1, ISOC1",FALSE,0.708482676224612,"PEROXISOME","ParenchymalBreast","MSigDBHallmark","ParenchymalBreast","Hallmarks"
"HALLMARK_DNA_REPAIR",0.874785658055926,1,6,147,"ADCY6, BCAM, CANT1, SURF1, TAF1C, ZNF707",FALSE,0.726498665926219,"DNA REPAIR","ParenchymalBreast","MSigDBHallmark","ParenchymalBreast","Hallmarks"
"HALLMARK_ALLOGRAFT_REJECTION",0.878636300814832,1,8,189,"ETS1, F2R, IL4R, LIF, LY86, ST8SIA4, TAPBP, THY1",FALSE,0.740349046708688,"ALLOGRAFT REJECTION","ParenchymalBreast","MSigDBHallmark","ParenchymalBreast","Hallmarks"
"HALLMARK_GLYCOLYSIS",0.888689861952125,1,8,192,"AGRN, CACNA1H, CHPF2, CHST2, COL5A1, ELF3, EXT2, IGFBP3",FALSE,0.728200414245453,"GLYCOLYSIS","ParenchymalBreast","MSigDBHallmark","ParenchymalBreast","Hallmarks"
"HALLMARK_FATTY_ACID_METABOLISM",0.889913655954806,1,6,151,"ACOT2, ALDH1A1, CD36, INMT, PTPRG, TP53INP2",FALSE,0.706383637841535,"FATTY ACID METABOLISM","ParenchymalBreast","MSigDBHallmark","ParenchymalBreast","Hallmarks"
"HALLMARK_TNFA_SIGNALING_VIA_NFKB",0.90389928922087,1,8,197,"CFLAR, DENND5A, GEM, JUN, LIF, MARCKS, PMEPA1, RHOB",FALSE,0.708807478519181,"TNFA SIGNALING VIA NFKB","ParenchymalBreast","MSigDBHallmark","ParenchymalBreast","Hallmarks"
"HALLMARK_PROTEIN_SECRETION",0.92294415455174,1,3,94,"ANP32E, ATP6V1B1, CAV2",FALSE,0.605035237529872,"PROTEIN SECRETION","ParenchymalBreast","MSigDBHallmark","ParenchymalBreast","Hallmarks"
"HALLMARK_HEME_METABOLISM",0.936287843748358,1,7,189,"ABCG2, ATG4A, BCAM, RHD, SEC14L1, SLC4A1, SMOX",FALSE,0.64911820195226,"HEME METABOLISM","ParenchymalBreast","MSigDBHallmark","ParenchymalBreast","Hallmarks"
"HALLMARK_PI3K_AKT_MTOR_SIGNALING",0.940790204389505,1,3,100,"MAP2K6, PLCB1, RPTOR",FALSE,0.567630883508321,"PI3K AKT MTOR SIGNALING","ParenchymalBreast","MSigDBHallmark","ParenchymalBreast","Hallmarks"
"HALLMARK_REACTIVE_OXYGEN_SPECIES_PATHWAY",0.943716557521964,1,1,47,"EGLN2",FALSE,0.510579671139477,"REACTIVE OXYGEN SPECIES PATHWAY","ParenchymalBreast","MSigDBHallmark","ParenchymalBreast","Hallmarks"
"HALLMARK_G2M_CHECKPOINT",0.97110545445306,1,6,189,"MARCKS, NCL, NUMA1, PML, RASAL2, TLE3",FALSE,0.559028725019537,"G2M CHECKPOINT","ParenchymalBreast","MSigDBHallmark","ParenchymalBreast","Hallmarks"
"HALLMARK_UV_RESPONSE_UP",0.9819080323142,1,4,152,"HYAL2, IGFBP2, PLCL1, RHOB",FALSE,0.478319636025729,"UV RESPONSE UP","ParenchymalBreast","MSigDBHallmark","ParenchymalBreast","Hallmarks"
"HALLMARK_E2F_TARGETS",0.99747383177636,1,4,195,"ANP32E, ATAD2, HMGB2, LUC7L3",FALSE,0.370111457368259,"E2F TARGETS","ParenchymalBreast","MSigDBHallmark","ParenchymalBreast","Hallmarks"
"HALLMARK_UNFOLDED_PROTEIN_RESPONSE",0.998494590393805,1,1,106,"DCTN1",FALSE,0.224375667263556,"UNFOLDED PROTEIN RESPONSE","ParenchymalBreast","MSigDBHallmark","ParenchymalBreast","Hallmarks"
"HALLMARK_MTORC1_SIGNALING",0.999405985891527,1,3,194,"PHGDH, PSMC2, SYTL2",FALSE,0.287635366589817,"MTORC1 SIGNALING","ParenchymalBreast","MSigDBHallmark","ParenchymalBreast","Hallmarks"
"HALLMARK_OXIDATIVE_PHOSPHORYLATION",0.999843090832631,1,2,184,"PDK4, SURF1",FALSE,0.215512405021923,"OXIDATIVE PHOSPHORYLATION","ParenchymalBreast","MSigDBHallmark","ParenchymalBreast","Hallmarks"
"HALLMARK_MYC_TARGETS_V1",0.999992916255955,1,1,193,"SET",FALSE,0.122430846864697,"MYC TARGETS V1","ParenchymalBreast","MSigDBHallmark","ParenchymalBreast","Hallmarks"
"HALLMARK_MYC_TARGETS_V2",1,1,0,57,"",FALSE,0.137449298375822,"MYC TARGETS V2","ParenchymalBreast","MSigDBHallmark","ParenchymalBreast","Hallmarks"
"HALLMARK_MYC_TARGETS_V1",2.2114517048217e-35,1.10572585241085e-33,53,193,"APEX1, C1QBP, CAD, CCT2, CCT3, CCT4, CCT7, CLNS1A, CNBP, DDX21, EEF1B2, EIF3B, EIF3D, EIF4A1, FBL, G3BP1, GNL3, HDGF, HPRT1, HSPD1, IMPDH2, LDHA, LSM7, MAD2L1, MYC, NME1, NOLC1, NOP16, NOP56, ODC1, PA2G4, PHB2, POLD2, PRDX4, PRPS2, RAN, RPL14, RPL18, RPL6, RPLP0, RPS2, RPS5, RRP9, RUVBL2, SERBP1, SF3B3, SRM, SRPK1, SRSF1, STARD7, TCP1, TFDP1, TUFM",TRUE,12.9336415781424,"MYC TARGETS V1","CutaneousBreast","MSigDBHallmark","CutaneousBreast","Hallmarks"
"HALLMARK_MYC_TARGETS_V2",2.36766483304567e-20,5.91916208261418e-19,23,57,"DCTPP1, EXOSC5, GNL3, HK2, HSPD1, IMP4, IPO4, MYBBP1A, MYC, NIP7, NOLC1, NOP16, NOP56, PA2G4, PPAN, PPRC1, PUS1, RABEPK, RRP12, RRP9, SRM, TBRG4, WDR74",TRUE,22.1514337842955,"MYC TARGETS V2","CutaneousBreast","MSigDBHallmark","CutaneousBreast","Hallmarks"
"HALLMARK_G2M_CHECKPOINT",6.50409600668132e-06,8.7786428683865e-05,19,189,"AMD1, CDC25A, CENPF, CHAF1A, CUL4A, EFNA5, G3BP1, HMGA1, MAD2L1, MYC, NEK2, NOLC1, ODC1, POLE, SLC38A1, SRSF1, TFDP1, TGFB1, UCK2",TRUE,3.67143196642448,"G2M CHECKPOINT","CutaneousBreast","MSigDBHallmark","CutaneousBreast","Hallmarks"
"HALLMARK_ADIPOGENESIS",7.0229142947092e-06,8.7786428683865e-05,19,190,"CMBL, CS, ETFB, FAH, GPAM, GRPEL1, LEP, LIPE, MGLL, MRPL15, MTCH2, PEMT, SAMM50, SCARB1, SLC5A6, SNCG, STAT5A, TKT, YWHAG",TRUE,3.64984528148677,"ADIPOGENESIS","CutaneousBreast","MSigDBHallmark","CutaneousBreast","Hallmarks"
"HALLMARK_E2F_TARGETS",1.02199867253476e-05,0.000102199867253476,19,195,"CCNE1, CDC25A, DCTPP1, HMGA1, LYAR, MAD2L1, MYC, NME1, NOLC1, NOP56, PA2G4, PAICS, POLD2, POLE, PRDX4, RAN, SRSF1, TBRG4, TRIP13",TRUE,3.54558098171679,"E2F TARGETS","CutaneousBreast","MSigDBHallmark","CutaneousBreast","Hallmarks"
"HALLMARK_UV_RESPONSE_UP",0.000264028224363702,0.00220023520303085,14,152,"AMD1, AP2S1, ARRB2, CCNE1, DDX21, E2F5, GRPEL1, HMOX1, OLFM1, POLR2H, PPAT, PPIF, SIGMAR1, STK25",TRUE,3.3398010917689,"UV RESPONSE UP","CutaneousBreast","MSigDBHallmark","CutaneousBreast","Hallmarks"
"HALLMARK_REACTIVE_OXYGEN_SPECIES_PATHWAY",0.000550020012788167,0.00392871437705834,7,47,"HMOX2, IPCEF1, MPO, PFKP, PRDX4, STK25, TXN",TRUE,5.87172887172887,"REACTIVE OXYGEN SPECIES PATHWAY","CutaneousBreast","MSigDBHallmark","CutaneousBreast","Hallmarks"
"HALLMARK_UNFOLDED_PROTEIN_RESPONSE",0.00161280546811162,0.0100800341756976,10,106,"EIF4A1, EXOSC5, LSM4, NOLC1, NOP14, NOP56, RPS14, RRP9, SHC1, SRPRB",TRUE,3.45662581347954,"UNFOLDED PROTEIN RESPONSE","CutaneousBreast","MSigDBHallmark","CutaneousBreast","Hallmarks"
"HALLMARK_MTORC1_SIGNALING",0.00284627658633362,0.0158126477018535,14,194,"BCAT1, CCNG1, CDC25A, CFP, CTSC, GPI, HK2, HPRT1, HSPD1, LDHA, PNO1, POLR3G, PPA1, RRP9",TRUE,2.55740516087458,"MTORC1 SIGNALING","CutaneousBreast","MSigDBHallmark","CutaneousBreast","Hallmarks"
"HALLMARK_ALLOGRAFT_REJECTION",0.00590693004021746,0.0295346502010873,13,189,"BCAT1, CFP, EIF3D, EIF5A, INHBB, LTB, MRPL3, MTIF2, NME1, RPL9, RPS19, RPS3A, TGFB1",TRUE,2.43167461177879,"ALLOGRAFT REJECTION","CutaneousBreast","MSigDBHallmark","CutaneousBreast","Hallmarks"
"HALLMARK_OXIDATIVE_PHOSPHORYLATION",0.0118991962661065,0.0540872557550296,12,184,"AFG3L2, CS, ETFB, GPI, GRPEL1, LDHA, LRPPRC, MRPL15, OXA1L, PHB2, TIMM13, TIMM50",FALSE,2.30062595161563,"OXIDATIVE PHOSPHORYLATION","CutaneousBreast","MSigDBHallmark","CutaneousBreast","Hallmarks"
"HALLMARK_DNA_REPAIR",0.0158126389803463,0.065885995751443,10,147,"APRT, GUK1, HPRT1, IMPDH2, MPG, NME1, NME3, NME4, POLR2H, SNAPC4",FALSE,2.42106495521546,"DNA REPAIR","CutaneousBreast","MSigDBHallmark","CutaneousBreast","Hallmarks"
"HALLMARK_XENOBIOTIC_METABOLISM",0.0360946244043319,0.133075196704341,11,192,"AHCY, ARG2, BCAT1, BPHL, FAH, GSS, HMOX1, HPRT1, MTHFD1, PEMT, PYCR1",FALSE,2.00760947041939,"XENOBIOTIC METABOLISM","CutaneousBreast","MSigDBHallmark","CutaneousBreast","Hallmarks"
"HALLMARK_IL2_STAT5_SIGNALING",0.0372610550772154,0.133075196704341,11,193,"AHCY, CCNE1, CTLA4, FAH, HK2, LTB, MYC, ODC1, PUS1, SCN9A, UCK2",FALSE,1.99651094719588,"IL2 STAT5 SIGNALING","CutaneousBreast","MSigDBHallmark","CutaneousBreast","Hallmarks"
"HALLMARK_ANDROGEN_RESPONSE",0.073209097392572,0.244030324641907,6,95,"ABCC4, CAMKK2, MAF, PA2G4, RRP12, SMS",FALSE,2.29372897490125,"ANDROGEN RESPONSE","CutaneousBreast","MSigDBHallmark","CutaneousBreast","Hallmarks"
"HALLMARK_FATTY_ACID_METABOLISM",0.0956753039885081,0.298985324964088,8,151,"ADSL, APEX1, BPHL, LDHA, MGLL, ODC1, SMS, UROS",FALSE,1.87160292219429,"FATTY ACID METABOLISM","CutaneousBreast","MSigDBHallmark","CutaneousBreast","Hallmarks"
"HALLMARK_ESTROGEN_RESPONSE_EARLY",0.139987088402001,0.405578244887357,9,192,"INHBB, MYBBP1A, MYC, OLFM1, PPIF, RPS6KA2, RRP12, SCARB1, THSD4",FALSE,1.63514121026516,"ESTROGEN RESPONSE EARLY","CutaneousBreast","MSigDBHallmark","CutaneousBreast","Hallmarks"
"HALLMARK_APICAL_SURFACE",0.146008168159448,0.405578244887357,3,43,"CROCC, EFNA5, PKHD1",FALSE,2.72331656291748,"APICAL SURFACE","CutaneousBreast","MSigDBHallmark","CutaneousBreast","Hallmarks"
"HALLMARK_IL6_JAK_STAT3_SIGNALING",0.280398483832252,0.737890746926979,4,87,"HMOX1, LTB, PTPN11, TGFB1",FALSE,1.69733553645975,"IL6 JAK STAT3 SIGNALING","CutaneousBreast","MSigDBHallmark","CutaneousBreast","Hallmarks"
"HALLMARK_HYPOXIA",0.349743101851221,0.852050762046154,7,186,"GPC1, GPI, HK2, HMOX1, LDHA, PFKP, SCARB1",FALSE,1.31584947462385,"HYPOXIA","CutaneousBreast","MSigDBHallmark","CutaneousBreast","Hallmarks"
"HALLMARK_P53_PATHWAY",0.369860213629766,0.852050762046154,7,190,"CCNG1, HMOX1, INHBB, RALGDS, RPL18, RPS12, TGFB1",FALSE,1.28691361661389,"P53 PATHWAY","CutaneousBreast","MSigDBHallmark","CutaneousBreast","Hallmarks"
"HALLMARK_ESTROGEN_RESPONSE_LATE",0.374902335300308,0.852050762046154,7,191,"DNAJC12, ETFB, HPRT1, OLFM1, PPIF, RPS6KA2, SCARB1",FALSE,1.27987569450984,"ESTROGEN RESPONSE LATE","CutaneousBreast","MSigDBHallmark","CutaneousBreast","Hallmarks"
"HALLMARK_PROTEIN_SECRETION",0.556938815143706,1,3,94,"AP2S1, CTSC, SCRN1",FALSE,1.20240806210133,"PROTEIN SECRETION","CutaneousBreast","MSigDBHallmark","CutaneousBreast","Hallmarks"
"HALLMARK_MITOTIC_SPINDLE",0.569004626593049,1,6,197,"ARHGAP4, CENPF, KATNB1, LRPPRC, NEK2, PIF1",FALSE,1.06666519040727,"MITOTIC SPINDLE","CutaneousBreast","MSigDBHallmark","CutaneousBreast","Hallmarks"
"HALLMARK_PANCREAS_BETA_CELLS",0.596781721552851,1,1,29,"SRPRB",FALSE,1.65445173760722,"PANCREAS BETA CELLS","CutaneousBreast","MSigDBHallmark","CutaneousBreast","Hallmarks"
"HALLMARK_CHOLESTEROL_HOMEOSTASIS",0.65503760960855,1,2,72,"CBS, CPEB2",FALSE,1.11412733349637,"CHOLESTEROL HOMEOSTASIS","CutaneousBreast","MSigDBHallmark","CutaneousBreast","Hallmarks"
"HALLMARK_BILE_ACID_METABOLISM",0.657086263895065,1,3,109,"CYP46A1, LIPE, SLC27A5",FALSE,1.03229816350135,"BILE ACID METABOLISM","CutaneousBreast","MSigDBHallmark","CutaneousBreast","Hallmarks"
"HALLMARK_SPERMATOGENESIS",0.680863549838192,1,3,113,"CAMK4, IL12RB2, NEK2",FALSE,0.994735434760716,"SPERMATOGENESIS","CutaneousBreast","MSigDBHallmark","CutaneousBreast","Hallmarks"
"HALLMARK_GLYCOLYSIS",0.708905635961237,1,5,192,"GPC1, HK2, LDHA, PFKP, TXN",FALSE,0.920578906851424,"GLYCOLYSIS","CutaneousBreast","MSigDBHallmark","CutaneousBreast","Hallmarks"
"HALLMARK_WNT_BETA_CATENIN_SIGNALING",0.723207015971316,1,1,41,"MYC",FALSE,1.16356371673893,"WNT BETA CATENIN SIGNALING","CutaneousBreast","MSigDBHallmark","CutaneousBreast","Hallmarks"
"HALLMARK_TNFA_SIGNALING_VIA_NFKB",0.729744376765627,1,5,197,"MYC, NFKB2, PTX3, STAT5A, TNIP2",FALSE,0.89644781700209,"TNFA SIGNALING VIA NFKB","CutaneousBreast","MSigDBHallmark","CutaneousBreast","Hallmarks"
"HALLMARK_INTERFERON_ALPHA_RESPONSE",0.795108924275075,1,2,95,"CASP8, TRIM14",FALSE,0.839121437498719,"INTERFERON ALPHA RESPONSE","CutaneousBreast","MSigDBHallmark","CutaneousBreast","Hallmarks"
"HALLMARK_UV_RESPONSE_DN",0.802045375262067,1,3,138,"MGLL, MTA1, MYC",FALSE,0.810213727616938,"UV RESPONSE DN","CutaneousBreast","MSigDBHallmark","CutaneousBreast","Hallmarks"
"HALLMARK_TGF_BETA_SIGNALING",0.810033991937438,1,1,53,"TGFB1",FALSE,0.89708164826757,"TGF BETA SIGNALING","CutaneousBreast","MSigDBHallmark","CutaneousBreast","Hallmarks"
"HALLMARK_PI3K_AKT_MTOR_SIGNALING",0.8179535128822,1,2,100,"CAMK4, PTPN11",FALSE,0.796331952467083,"PI3K AKT MTOR SIGNALING","CutaneousBreast","MSigDBHallmark","CutaneousBreast","Hallmarks"
"HALLMARK_PEROXISOME",0.834558947648513,1,2,104,"CNBP, TSPO",FALSE,0.765106064853752,"PEROXISOME","CutaneousBreast","MSigDBHallmark","CutaneousBreast","Hallmarks"
"HALLMARK_HEME_METABOLISM",0.83786904318603,1,4,189,"GYPA, HDGF, UBAC1, UROS",FALSE,0.760225909574016,"HEME METABOLISM","CutaneousBreast","MSigDBHallmark","CutaneousBreast","Hallmarks"
"HALLMARK_INTERFERON_GAMMA_RESPONSE",0.857645767980651,1,4,196,"CASP8, NLRC5, PFKP, TRIM14",FALSE,0.732329776295956,"INTERFERON GAMMA RESPONSE","CutaneousBreast","MSigDBHallmark","CutaneousBreast","Hallmarks"
"HALLMARK_APOPTOSIS",0.868857935209125,1,3,158,"CASP8, HMOX1, TSPO",FALSE,0.705315213716553,"APOPTOSIS","CutaneousBreast","MSigDBHallmark","CutaneousBreast","Hallmarks"
"HALLMARK_EPITHELIAL_MESENCHYMAL_TRANSITION",0.941959083585201,1,3,195,"GPC1, PTX3, TGFB1",FALSE,0.568715551524454,"EPITHELIAL MESENCHYMAL TRANSITION","CutaneousBreast","MSigDBHallmark","CutaneousBreast","Hallmarks"
"HALLMARK_APICAL_JUNCTION",0.980940756606743,1,2,188,"MAP4K2, SHC1",FALSE,0.418774973549865,"APICAL JUNCTION","CutaneousBreast","MSigDBHallmark","CutaneousBreast","Hallmarks"
"HALLMARK_KRAS_SIGNALING_UP",0.981942648817381,1,2,190,"EPHB2, PLEK2",FALSE,0.414291086110349,"KRAS SIGNALING UP","CutaneousBreast","MSigDBHallmark","CutaneousBreast","Hallmarks"
"HALLMARK_COMPLEMENT",0.985463050740591,1,2,198,"APOA4, CTSC",FALSE,0.397268286976105,"COMPLEMENT","CutaneousBreast","MSigDBHallmark","CutaneousBreast","Hallmarks"
"HALLMARK_KRAS_SIGNALING_DN",0.996041175599967,1,1,176,"SPTBN2",FALSE,0.266749063229553,"KRAS SIGNALING DN","CutaneousBreast","MSigDBHallmark","CutaneousBreast","Hallmarks"
"HALLMARK_MYOGENESIS",0.997685628567166,1,1,193,"TGFB1",FALSE,0.242989298383331,"MYOGENESIS","CutaneousBreast","MSigDBHallmark","CutaneousBreast","Hallmarks"
"HALLMARK_INFLAMMATORY_RESPONSE",0.997827333633794,1,1,195,"MYC",FALSE,0.240467091378636,"INFLAMMATORY RESPONSE","CutaneousBreast","MSigDBHallmark","CutaneousBreast","Hallmarks"
"HALLMARK_ANGIOGENESIS",1,1,0,36,"",FALSE,0.429785363709618,"ANGIOGENESIS","CutaneousBreast","MSigDBHallmark","CutaneousBreast","Hallmarks"
"HALLMARK_COAGULATION",1,1,0,131,"",FALSE,0.118742139095528,"COAGULATION","CutaneousBreast","MSigDBHallmark","CutaneousBreast","Hallmarks"
"HALLMARK_HEDGEHOG_SIGNALING",1,1,0,34,"",FALSE,0.454744743747301,"HEDGEHOG SIGNALING","CutaneousBreast","MSigDBHallmark","CutaneousBreast","Hallmarks"
"HALLMARK_NOTCH_SIGNALING",1,1,0,32,"",FALSE,0.48277604748193,"NOTCH SIGNALING","CutaneousBreast","MSigDBHallmark","CutaneousBreast","Hallmarks"
"HALLMARK_CHOLESTEROL_HOMEOSTASIS",1.26446907497988e-11,4.32993998661341e-10,26,72,"ACAT2, ACSS2, ALCAM, CD9, CLU, DHCR7, EBP, FADS2, FASN, FDFT1, FDPS, GLDC, GUSB, HMGCR, HMGCS1, HSD17B7, LGALS3, MVK, NSDHL, PCYT2, PDK3, PMVK, SC5D, SREBF2, TM7SF2, TMEM97",TRUE,6.76502415838216,"CHOLESTEROL HOMEOSTASIS","HNFS","MSigDBHallmark","HNFS","Hallmarks"
"HALLMARK_ESTROGEN_RESPONSE_LATE",1.73197599464536e-11,4.32993998661341e-10,45,191,"ABHD2, ALDH3A2, ANXA9, CA12, CD44, CD9, CDH1, CELSR2, COX6C, CXCL14, DHCR7, ELOVL5, EMP2, FDFT1, FOXC1, GAL, GJB3, HOMER2, HR, HSPA4L, HSPB8, IL6ST, IMPA2, KCNK5, KLF4, LSR, MOCS2, PDZK1, PERP, PKP3, RBBP8, S100A9, SFN, SGK1, ST14, ST6GALNAC2, SULT2B1, TFAP2C, TFF3, TIAM1, TNNC1, TOB1, TPD52L1, TPSAB1, TRIM29",TRUE,3.71080731587666,"ESTROGEN RESPONSE LATE","HNFS","MSigDBHallmark","HNFS","Hallmarks"
"HALLMARK_MYOGENESIS",3.73513605504691e-09,6.22522675841152e-08,41,193,"ACSL1, ACTA1, ACTN2, APOD, ATP2A1, BHLHE40, CASQ1, CHRNB1, CKM, CKMT2, CLU, CRAT, CSRP3, ENO3, EPHB3, ERBB3, FABP3, FDPS, GNAO1, HSPB8, ITGB4, KLF5, LDB3, MAPRE3, MB, MYH1, MYH2, MYH7, MYL2, MYL3, MYOZ1, NOS1, PSEN2, PYGM, REEP1, RYR1, TCAP, TNNC1, TNNI1, TNNI2, TPD52L1",TRUE,3.24242967228215,"MYOGENESIS","HNFS","MSigDBHallmark","HNFS","Hallmarks"
"HALLMARK_KRAS_SIGNALING_DN",2.84207479097501e-08,3.55259348871877e-07,37,176,"ALOX12B, ARPP21, CALML5, CAMK1D, CD40LG, CELSR2, CKM, CYP39A1, KLK7, KLK8, KRT15, KRT4, KRT5, LYPD3, MFSD6, MYH7, MYO15A, MYOT, NOS1, NR4A2, PAX3, PKP1, PTPRJ, RYR1, SERPINB2, SGK1, SLC16A7, SLC38A3, SMPX, SPTBN2, STAG3, TENM2, TFAP2B, TFCP2L1, TGFB2, TGM1, WNT16",TRUE,3.19723690493833,"KRAS SIGNALING DN","HNFS","MSigDBHallmark","HNFS","Hallmarks"
"HALLMARK_BILE_ACID_METABOLISM",8.94535138742199e-07,8.94535138742199e-06,25,109,"ABCA4, ABCA8, ABCD3, ACSL1, BBOX1, CROT, CYP27A1, CYP39A1, CYP8B1, DHCR24, DIO2, FADS1, FADS2, HACL1, HSD3B1, HSD3B7, NPC1, OPTN, PECR, PEX1, PEX19, PEX7, PNPLA8, SULT2B1, TFCP2L1",TRUE,3.57313152502244,"BILE ACID METABOLISM","HNFS","MSigDBHallmark","HNFS","Hallmarks"
"HALLMARK_P53_PATHWAY",1.83321887396653e-06,1.41018254632224e-05,35,190,"ALOX15B, BTG1, CASP1, CD82, CLCA2, CYFIP2, DGKA, DNTTIP2, ERCC5, GM2A, HSPA4L, ITGB4, KLF4, KLK8, KRT17, MAPKAPK3, NDRG1, NUPR1, PERP, PTPN14, PTPRE, RNF19B, S100A10, S100A4, SDC1, SERPINB5, SFN, ST14, TCHH, TNNI1, TOB1, TP63, TPD52L1, VDR, XPC",TRUE,2.70972961435447,"P53 PATHWAY","HNFS","MSigDBHallmark","HNFS","Hallmarks"
"HALLMARK_FATTY_ACID_METABOLISM",1.97425556485114e-06,1.41018254632224e-05,30,151,"ACAA2, ACADM, ACAT2, ACSL1, ALDH3A1, ALDH3A2, CA6, CBR3, CIDEA, CPT2, CRAT, DHCR24, DLD, ELOVL5, ENO3, FASN, FH, GABARAPL1, HMGCL, HMGCS1, HPGD, HSD17B7, MCEE, ME1, NBN, NSDHL, PPARA, REEP6, S100A10, SUCLG1",TRUE,2.97567510921853,"FATTY ACID METABOLISM","HNFS","MSigDBHallmark","HNFS","Hallmarks"
"HALLMARK_ALLOGRAFT_REJECTION",4.41304140681372e-06,2.75815087925858e-05,34,189,"ABI1, ACVR2A, CCL13, CCL19, CD2, CD3D, CD3E, CD3G, CD40LG, CD74, CD8A, CD96, CXCL9, DEGS1, EGFR, FGR, GBP2, GZMB, HLA-DQA1, ICOSLG, IFNGR1, IL18, IL2RG, IRF4, IRF8, ITGAL, ITK, LY75, MAP4K1, PTPRC, SOCS5, STAT1, TGFB2, TRAT1",TRUE,2.63178905336873,"ALLOGRAFT REJECTION","HNFS","MSigDBHallmark","HNFS","Hallmarks"
"HALLMARK_ESTROGEN_RESPONSE_EARLY",6.30253175004064e-06,3.50140652780036e-05,34,192,"ABHD2, ANXA9, AQP3, BHLHE40, CA12, CD44, CELSR1, CELSR2, DHCR7, ELF1, ELOVL5, ESRP2, FASN, FDFT1, FOXC1, GFRA1, HR, HSPB8, IL6ST, KCNK5, KLF4, KRT15, LAD1, PDZK1, RASGRP1, RBBP8, REEP1, SFN, SULT2B1, TFAP2C, TFF3, TIAM1, TOB1, TPD52L1",TRUE,2.58157674699853,"ESTROGEN RESPONSE EARLY","HNFS","MSigDBHallmark","HNFS","Hallmarks"
"HALLMARK_ANDROGEN_RESPONSE",4.07754272261716e-05,0.000203877136130858,20,95,"ABHD2, ANKH, ARID5B, DBI, DHCR24, DNAJB9, ELK4, ELL2, ELOVL5, FADS1, HMGCR, HMGCS1, HOMER2, HPGD, INSIG1, MAP7, NDRG1, PTK2B, SGK1, ZMIZ1",TRUE,3.20667310383038,"ANDROGEN RESPONSE","HNFS","MSigDBHallmark","HNFS","Hallmarks"
"HALLMARK_KRAS_SIGNALING_UP",8.06048437510547e-05,0.000366385653413885,31,190,"ANKH, APOD, ARG1, BIRC3, CCSER2, CFH, CIDEA, CROT, F2RL1, GLRX, GPNMB, HSD11B1, IL1RL2, IL2RG, IL7R, IRF8, JUP, KLF4, LAPTM5, MAP3K1, MAP4K1, MAP7, MPZL2, PRDM1, PTGS2, RELN, SCG3, SLPI, SOX9, STRN, TFPI",TRUE,2.33790463217083,"KRAS SIGNALING UP","HNFS","MSigDBHallmark","HNFS","Hallmarks"
"HALLMARK_MTORC1_SIGNALING",0.000275016581737489,0.0011459024239062,30,194,"BHLHE40, CD9, DHCR24, DHCR7, EBP, EIF2S2, ELOVL5, FADS1, FADS2, FGL2, GBE1, GLRX, GOT1, HMGCR, HMGCS1, INSIG1, ME1, NUPR1, PDK1, PRDX1, PSMC6, PSMD12, SC5D, SLC6A6, SRD5A1, SSR1, TCEA1, TM7SF2, TMEM97, TUBA4A",TRUE,2.19297621133287,"MTORC1 SIGNALING","HNFS","MSigDBHallmark","HNFS","Hallmarks"
"HALLMARK_HYPOXIA",0.000299417577765486,0.00115160606832879,29,186,"ATP7A, BHLHE40, BTG1, CA12, CP, CSRP2, EFNA3, EGFR, ENO3, FBP1, GBE1, GLRX, HS3ST1, KDM3A, MAP3K1, NDRG1, PDK1, PDK3, PKP1, PPARGC1A, PYGM, RRAGD, S100A4, SLC2A5, SLC6A6, SULT2B1, TMEM45A, UGP2, ZNF292",TRUE,2.21479417328244,"HYPOXIA","HNFS","MSigDBHallmark","HNFS","Hallmarks"
"HALLMARK_XENOBIOTIC_METABOLISM",0.00110601102340643,0.00395003936930868,28,192,"ABHD6, AKR1C3, ALDH3A1, ARG1, CES1, CROT, CYB5A, CYFIP2, CYP27A1, ELOVL5, FBP1, GABARAPL1, GAD1, HACL1, HSD11B1, IRF8, JUP, MAN1A1, NPC1, PGRMC1, PROS1, PTGDS, SAR1B, SLC6A6, SPINT2, TGFB2, TMEM97, UPB1",TRUE,2.04667778284929,"XENOBIOTIC METABOLISM","HNFS","MSigDBHallmark","HNFS","Hallmarks"
"HALLMARK_INTERFERON_GAMMA_RESPONSE",0.00151892076740808,0.0050630692246936,28,196,"ADAR, ARID5B, ARL4A, BTG1, CASP1, CASP4, CD74, CFH, CXCL9, DDX60, FGL2, HLA-DQA1, IFI27, IFIH1, IL15RA, IRF4, IRF8, KLRK1, NCOA3, PLA2G4A, PSMB2, PTGS2, PTPN2, SLAMF7, SOD2, SPPL2A, STAT1, TNFSF10",TRUE,1.99767980180247,"INTERFERON GAMMA RESPONSE","HNFS","MSigDBHallmark","HNFS","Hallmarks"
"HALLMARK_TNFA_SIGNALING_VIA_NFKB",0.0016408540986292,0.00512766905821624,28,197,"BHLHE40, BIRC3, BTG1, CCNL1, CD44, EGR2, F2RL1, ICOSLG, IFIH1, IL15RA, IL18, IL6ST, IL7R, KLF4, LITAF, NFAT5, NFE2L2, NR4A2, PTGS2, PTPRE, RNF19B, SERPINB2, SERPINB8, SGK1, SLC16A6, SOD2, TANK, TUBB2A",TRUE,1.98579164858388,"TNFA SIGNALING VIA NFKB","HNFS","MSigDBHallmark","HNFS","Hallmarks"
"HALLMARK_COMPLEMENT",0.00177112596564985,0.0052091940166172,28,198,"ACTN2, CASP1, CASP4, CD40LG, CD55, CFH, CLU, CP, CTSH, CTSV, DPP4, F8, GZMB, GZMK, KIF2A, LGALS3, ME1, PCLO, PHEX, PLA2G4A, PLA2G7, PRDM4, RASGRP1, S100A9, SCG3, SERPINB2, USP16, USP8",TRUE,1.97404294584293,"COMPLEMENT","HNFS","MSigDBHallmark","HNFS","Hallmarks"
"HALLMARK_PEROXISOME",0.0030072478031312,0.00835346611980888,17,104,"ABCB4, ABCD3, ACSL1, CRABP2, CRAT, DHCR24, ELOVL5, FADS1, FDPS, HMGCL, HSD3B7, IDE, PRDX1, SOD2, STS, SULT2B1, VPS4B",TRUE,2.35624810892587,"PEROXISOME","HNFS","MSigDBHallmark","HNFS","Hallmarks"
"HALLMARK_GLYCOLYSIS",0.00457700003534698,0.0120447369351236,26,192,"AK3, AKR1A1, CD44, CYB5A, DLD, DSC2, EFNA3, EGFR, GLRX, GOT1, GPR87, GUSB, IL13RA1, KIF2A, ME1, NDST3, NSDHL, NT5E, PDK3, RRAGD, SDC1, SOX9, TFF3, TXN, UGP2, ZNF292",TRUE,1.87771008002222,"GLYCOLYSIS","HNFS","MSigDBHallmark","HNFS","Hallmarks"
"HALLMARK_INFLAMMATORY_RESPONSE",0.0056185213685499,0.0140463034213747,26,195,"ABI1, ACVR2A, AHR, CCR7, CD55, CD82, CXCL9, GPR132, HAS2, ICOSLG, IFNAR1, IL15RA, IL18, IL7R, ITGB8, NOD2, P2RX7, PTAFR, PTPRE, RASGRP1, RGS1, SELE, SEMA4D, SLC11A2, SLC31A1, TNFSF10",TRUE,1.84419089054674,"INFLAMMATORY RESPONSE","HNFS","MSigDBHallmark","HNFS","Hallmarks"
"HALLMARK_APOPTOSIS",0.00623670933255109,0.0146499539926839,22,158,"ANKH, BIRC3, CASP1, CASP4, CD2, CD44, CLU, CYLD, EBP, ERBB2, ERBB3, HGF, HSPB1, IFNGR1, IL18, LEF1, LGALS3, PSEN2, SC5D, SOD2, TGFB2, TNFSF10",TRUE,1.94295385949407,"APOPTOSIS","HNFS","MSigDBHallmark","HNFS","Hallmarks"
"HALLMARK_PROTEIN_SECRETION",0.00644597975678092,0.0146499539926839,15,94,"ADAM10, ARFGAP3, ARFGEF2, ATP1A1, ATP7A, DST, EGFR, GOLGA4, MAPK1, RAB22A, RAB5A, STX12, STX7, TOM1L1, VPS4B",TRUE,2.29513752278425,"PROTEIN SECRETION","HNFS","MSigDBHallmark","HNFS","Hallmarks"
"HALLMARK_ADIPOGENESIS",0.0143213219436096,0.0311333085730644,24,190,"ACAA2, ACADM, AGPAT3, AK2, ARL4A, CIDEA, CPT2, CRAT, DBT, DHCR7, DLD, DNAJB9, DNAJC15, GBE1, HSPB8, IFNGR1, ME1, REEP6, RIOK3, SDHB, SUCLG1, TANK, TOB1, UBQLN1",TRUE,1.7338861194832,"ADIPOGENESIS","HNFS","MSigDBHallmark","HNFS","Hallmarks"
"HALLMARK_OXIDATIVE_PHOSPHORYLATION",0.0182000210585889,0.0379167105387269,23,184,"ACAA2, ACADM, ACADSB, ATP1B1, ATP6V0B, ATP6V1E1, ATP6V1F, COX5A, COX6C, COX7A2, CYB5A, DLD, FH, MAOB, MPC1, MRPS15, MTRF1, NDUFA4, NDUFA6, NDUFV2, NQO2, SDHB, SUCLG1",TRUE,1.71400540973018,"OXIDATIVE PHOSPHORYLATION","HNFS","MSigDBHallmark","HNFS","Hallmarks"
"HALLMARK_COAGULATION",0.0279911334705975,0.055982266941195,17,131,"CD9, CFH, CLU, CTSH, CTSK, CTSV, DCT, DPP4, DUSP14, F8, GDA, GNG12, KLK8, PEF1, PROS1, SERPINB2, THBD",FALSE,1.79812907530604,"COAGULATION","HNFS","MSigDBHallmark","HNFS","Hallmarks"
"HALLMARK_IL2_STAT5_SIGNALING",0.0299423038458086,0.0575813535496319,23,193,"AHR, ALCAM, ARL4A, BHLHE40, CCR4, CD44, ENO3, EOMES, FGL2, GABARAPL1, IFNGR1, IRF4, IRF6, IRF8, NCOA3, NDRG1, NT5E, RRAGD, SMPDL3A, TIAM1, TNFSF10, TTC39B, WLS",FALSE,1.62277665322247,"IL2 STAT5 SIGNALING","HNFS","MSigDBHallmark","HNFS","Hallmarks"
"HALLMARK_SPERMATOGENESIS",0.0313680201901793,0.0580889262781099,15,113,"ARL4A, CRISP2, CSNK2A2, ELOVL3, GAD1, HSPA2, HSPA4L, IDE, IL13RA2, MAP7, NOS1, PGK2, SCG3, SLC2A5, STAM2",FALSE,1.85061353975391,"SPERMATOGENESIS","HNFS","MSigDBHallmark","HNFS","Hallmarks"
"HALLMARK_IL6_JAK_STAT3_SIGNALING",0.0393424108105196,0.0702543050187849,12,87,"CD44, CD9, CXCL9, IFNAR1, IFNGR1, IL13RA1, IL15RA, IL2RG, IL6ST, PTPN2, STAM2, STAT1",FALSE,1.94585118815738,"IL6 JAK STAT3 SIGNALING","HNFS","MSigDBHallmark","HNFS","Hallmarks"
"HALLMARK_UV_RESPONSE_DN",0.0430937263328531,0.0742995281600916,17,138,"ACVR2A, ATRN, BHLHE40, BMPR1A, CAP2, DLG1, DYRK1A, EFEMP1, ERBB2, HAS2, INSIG1, NIPBL, NOTCH2, PMP22, SYNE1, TFPI, ZMIZ1",FALSE,1.693923037174,"UV RESPONSE DN","HNFS","MSigDBHallmark","HNFS","Hallmarks"
"HALLMARK_UV_RESPONSE_UP",0.0529057358202067,0.0881762263670113,18,152,"AQP3, ATP6V1F, BTG1, CEBPG, CLTB, CTSV, CYB5R1, FGF18, GAL, HSPA2, IL6ST, PPP1R2, PTPRD, RASGRP1, SOD2, TCHH, TGFBRAP1, TUBA4A",FALSE,1.61753480839206,"UV RESPONSE UP","HNFS","MSigDBHallmark","HNFS","Hallmarks"
"HALLMARK_NOTCH_SIGNALING",0.102501986212364,0.160969648331395,5,32,"DTX1, DTX4, FBXW11, NOTCH2, PSEN2",FALSE,2.346470411535,"NOTCH SIGNALING","HNFS","MSigDBHallmark","HNFS","Hallmarks"
"HALLMARK_APICAL_JUNCTION",0.103020574932093,0.160969648331395,20,188,"ACTA1, ACTN2, ADAM23, ALOX15B, CDH1, CDH3, CNTN1, COL17A1, CRAT, DLG1, DSC1, EGFR, INSIG1, ITGB4, JUP, KRT31, MPZL2, NRAP, PARD6G, PTPRC",FALSE,1.42995854332263,"APICAL JUNCTION","HNFS","MSigDBHallmark","HNFS","Hallmarks"
"HALLMARK_APICAL_SURFACE",0.11843890817219,0.179452891169985,6,43,"ADAM10, ATP6V0A4, HSPB1, IL2RG, LYPD3, NCOA6",FALSE,2.03378819757539,"APICAL SURFACE","HNFS","MSigDBHallmark","HNFS","Hallmarks"
"HALLMARK_INTERFERON_ALPHA_RESPONSE",0.212501997402345,0.31250293735639,10,95,"ADAR, CASP1, CD74, DDX60, ELF1, GBP2, IFI27, IFIH1, SAMD9, TRIM5",FALSE,1.44086413684105,"INTERFERON ALPHA RESPONSE","HNFS","MSigDBHallmark","HNFS","Hallmarks"
"HALLMARK_HEDGEHOG_SIGNALING",0.276901459882891,0.395573514118416,4,34,"CELSR1, GLI1, L1CAM, TLE1",FALSE,1.72969767361743,"HEDGEHOG SIGNALING","HNFS","MSigDBHallmark","HNFS","Hallmarks"
"HALLMARK_REACTIVE_OXYGEN_SPECIES_PATHWAY",0.309345131576173,0.429646016078018,5,47,"GLRX, NDUFA6, PRDX1, SOD2, TXN",FALSE,1.51713816196349,"REACTIVE OXYGEN SPECIES PATHWAY","HNFS","MSigDBHallmark","HNFS","Hallmarks"
"HALLMARK_PI3K_AKT_MTOR_SIGNALING",0.387492405920606,0.519033977882877,9,100,"ADCY2, CAB39, EGFR, IL2RG, MAPK1, PDK1, PRKAG1, SFN, TIAM1",FALSE,1.21704569201126,"PI3K AKT MTOR SIGNALING","HNFS","MSigDBHallmark","HNFS","Hallmarks"
"HALLMARK_PANCREAS_BETA_CELLS",0.401800141335753,0.519033977882877,3,29,"DPP4, PCSK1, VDR",FALSE,1.54777553227021,"PANCREAS BETA CELLS","HNFS","MSigDBHallmark","HNFS","Hallmarks"
"HALLMARK_WNT_BETA_CATENIN_SIGNALING",0.404846502748644,0.519033977882877,4,41,"AXIN2, LEF1, PSEN2, TCF7",FALSE,1.40631642149505,"WNT BETA CATENIN SIGNALING","HNFS","MSigDBHallmark","HNFS","Hallmarks"
"HALLMARK_DNA_REPAIR",0.728078749135711,0.910098436419638,10,147,"AK3, ERCC5, GTF2H5, MPC2, POLR2A, POLR3C, STX3, TAF10, TAF12, XPC",FALSE,0.893562683174012,"DNA REPAIR","HNFS","MSigDBHallmark","HNFS","Hallmarks"
"HALLMARK_MITOTIC_SPINDLE",0.782974726607171,0.927497888437262,13,197,"ABI1, CDK5RAP2, CLIP1, DLG1, DST, KIFAP3, NET1, NOTCH2, PCGF5, RANBP9, TIAM1, TLK1, TUBA4A",FALSE,0.855675719449618,"MITOTIC SPINDLE","HNFS","MSigDBHallmark","HNFS","Hallmarks"
"HALLMARK_ANGIOGENESIS",0.78676694259538,0.927497888437262,2,36,"S100A4, THBD",FALSE,0.84833670121461,"ANGIOGENESIS","HNFS","MSigDBHallmark","HNFS","Hallmarks"
"HALLMARK_TGF_BETA_SIGNALING",0.797648184056045,0.927497888437262,3,53,"BMPR1A, CDH1, TRIM33",FALSE,0.811200922072405,"TGF BETA SIGNALING","HNFS","MSigDBHallmark","HNFS","Hallmarks"
"HALLMARK_EPITHELIAL_MESENCHYMAL_TRANSITION",0.848251028257713,0.943458262032129,12,195,"ABI3BP, CAP2, CD44, DST, FBLN2, FMOD, FOXC2, LRRC15, NOTCH2, NT5E, PMP22, SDC1",FALSE,0.796170490833097,"EPITHELIAL MESENCHYMAL TRANSITION","HNFS","MSigDBHallmark","HNFS","Hallmarks"
"HALLMARK_UNFOLDED_PROTEIN_RESPONSE",0.849112435828916,0.943458262032129,6,106,"CEBPG, DNAJB9, EXOSC10, SSR1, TUBB2A, YWHAZ",FALSE,0.756426763088674,"UNFOLDED PROTEIN RESPONSE","HNFS","MSigDBHallmark","HNFS","Hallmarks"
"HALLMARK_HEME_METABOLISM",0.934372440816828,0.999973711849359,10,189,"AQP3, ELL2, IGSF3, KEL, OPTN, PDZK1IP1, RIOK3, SLC11A2, SYNJ1, TCEA1",FALSE,0.683003488818074,"HEME METABOLISM","HNFS","MSigDBHallmark","HNFS","Hallmarks"
"HALLMARK_MYC_TARGETS_V1",0.971369374266648,0.999973711849359,9,193,"COX5A, EIF2S2, PSMA1, PSMA6, PSMB2, PSMC6, PSMD7, RAD23B, TXNL4A",FALSE,0.600691664851006,"MYC TARGETS V1","HNFS","MSigDBHallmark","HNFS","Hallmarks"
"HALLMARK_MYC_TARGETS_V2",0.990672811588133,0.999973711849359,1,57,"TMEM97",FALSE,0.310270207196862,"MYC TARGETS V2","HNFS","MSigDBHallmark","HNFS","Hallmarks"
"HALLMARK_E2F_TARGETS",0.999554669153706,0.999973711849359,5,195,"AK2, NAA38, NBN, PAN2, RAD50",FALSE,0.335902026965764,"E2F TARGETS","HNFS","MSigDBHallmark","HNFS","Hallmarks"
"HALLMARK_G2M_CHECKPOINT",0.999973711849359,0.999973711849359,3,189,"CUL3, NOTCH2, RAD23B",FALSE,0.218123420921181,"G2M CHECKPOINT","HNFS","MSigDBHallmark","HNFS","Hallmarks"
"HALLMARK_COAGULATION",0.00100095557644408,0.0500477788222039,14,131,"ACOX2, ADAM9, C2, CAPN2, CFB, CSRP1, F8, LTA4H, MMP15, P2RY1, PLAU, SERPINA1, TIMP1, VWF",FALSE,2.90873245021624,"COAGULATION","Heart","MSigDBHallmark","Heart","Hallmarks"
"HALLMARK_GLYCOLYSIS",0.00248190825081364,0.062047706270341,17,192,"ALDOB, B4GALT7, CACNA1H, CHPF, CHST1, CITED2, COG2, ENO2, FKBP4, HAX1, MPI, PGM2, PLOD1, SDC2, SLC35A3, VEGFA, VLDLR",FALSE,2.35184269374801,"GLYCOLYSIS","Heart","MSigDBHallmark","Heart","Hallmarks"
"HALLMARK_FATTY_ACID_METABOLISM",0.0038117777357056,0.0635296289284266,14,151,"ACADL, ACSL4, ACSM3, CBR1, DECR1, ENO2, EPHX1, HCCS, INMT, OSTC, PRDX6, PTPRG, RAP1GDS1, XIST",FALSE,2.48318737756129,"FATTY ACID METABOLISM","Heart","MSigDBHallmark","Heart","Hallmarks"
"HALLMARK_UV_RESPONSE_UP",0.0100289489409617,0.0942012044402875,13,152,"CREG1, CXCL2, ENO2, EPCAM, EPHX1, FGF18, FKBP4, POLR2H, RET, RHOB, SPR, TAP1, TMBIM6",FALSE,2.27591060068682,"UV RESPONSE UP","Heart","MSigDBHallmark","Heart","Hallmarks"
"HALLMARK_HEDGEHOG_SIGNALING",0.0119735833333989,0.0942012044402875,5,34,"DPYSL2, HEY2, UNC5C, VEGFA, VLDLR",FALSE,4.3678698773995,"HEDGEHOG SIGNALING","Heart","MSigDBHallmark","Heart","Hallmarks"
"HALLMARK_EPITHELIAL_MESENCHYMAL_TRANSITION",0.0149499378142669,0.0942012044402875,15,195,"CXCL1, CXCL6, EMP3, ENO2, FGF2, IL32, MYL9, PDLIM4, PLOD1, RHOB, TAGLN, TIMP1, TPM4, VEGFA, VIM",FALSE,2.02013357776827,"EPITHELIAL MESENCHYMAL TRANSITION","Heart","MSigDBHallmark","Heart","Hallmarks"
"HALLMARK_PROTEIN_SECRETION",0.0151424224217954,0.0942012044402875,9,94,"ARCN1, ARF1, COG2, RAB9A, SGMS1, TMED2, USO1, YIPF6, ZW10",FALSE,2.60792639773531,"PROTEIN SECRETION","Heart","MSigDBHallmark","Heart","Hallmarks"
"HALLMARK_ANGIOGENESIS",0.0151702387511637,0.0942012044402875,5,36,"CXCL6, KCNJ8, SLCO2A1, TIMP1, VEGFA",FALSE,4.09014226247656,"ANGIOGENESIS","Heart","MSigDBHallmark","Heart","Hallmarks"
"HALLMARK_COMPLEMENT",0.0169562167992517,0.0942012044402875,15,198,"ADAM9, APOA4, C2, CFB, CSRP1, CXCL1, F8, GNB4, GNG2, GRB2, LTA4H, MMP15, SERPINA1, TIMP1, VCPIP1",FALSE,1.98681135357997,"COMPLEMENT","Heart","MSigDBHallmark","Heart","Hallmarks"
"HALLMARK_TNFA_SIGNALING_VIA_NFKB",0.0331861465030593,0.165930732515297,14,197,"BCL3, CXCL1, CXCL2, CXCL6, DRAM1, EGR3, PDLIM5, PLAU, PNRC1, RHOB, TAP1, VEGFA, YRDC, ZBTB10",FALSE,1.85646500216619,"TNFA SIGNALING VIA NFKB","Heart","MSigDBHallmark","Heart","Hallmarks"
"HALLMARK_ESTROGEN_RESPONSE_EARLY",0.053861588243165,0.224824205484493,13,192,"ABCA3, ALDH3B1, AMFR, CLDN7, EGR3, FKBP4, KRT8, MUC1, OLFML3, PAPSS2, RARA, RET, SEMA3B",FALSE,1.76524376905015,"ESTROGEN RESPONSE EARLY","Heart","MSigDBHallmark","Heart","Hallmarks"
"HALLMARK_MTORC1_SIGNALING",0.0575568716850025,0.224824205484493,13,194,"BUB1, EDEM1, FKBP2, HMBS, IGFBP5, LTA4H, NUPR1, PSMD13, PSMD14, RPA1, TXNRD1, USO1, VLDLR",FALSE,1.74561896932197,"MTORC1 SIGNALING","Heart","MSigDBHallmark","Heart","Hallmarks"
"HALLMARK_UV_RESPONSE_DN",0.0584542934259683,0.224824205484493,10,138,"CDKN1B, CITED2, GRK5, IGFBP5, PDLIM5, PRKCE, RBPMS, SDC2, SLC22A18, VLDLR",FALSE,1.91604127897141,"UV RESPONSE DN","Heart","MSigDBHallmark","Heart","Hallmarks"
"HALLMARK_MITOTIC_SPINDLE",0.0634142570863176,0.226479489593992,13,197,"ALS2, ARHGEF2, ARL8A, BUB1, CD2AP, CDC42EP1, EZR, MARK4, NDC80, PAFAH1B1, PCM1, PDLIM5, TUBGCP5",FALSE,1.7169795258162,"MITOTIC SPINDLE","Heart","MSigDBHallmark","Heart","Hallmarks"
"HALLMARK_HYPOXIA",0.0825146361612016,0.275048787204005,12,186,"ALDOB, BNIP3L, CDKN1B, CITED2, ENO2, NEDD4L, PGM2, PNRC1, SDC2, VEGFA, VLDLR, WSB1",FALSE,1.67978069656976,"HYPOXIA","Heart","MSigDBHallmark","Heart","Hallmarks"
"HALLMARK_P53_PATHWAY",0.0930030015856128,0.281607979321014,12,190,"DRAM1, EPHX1, FBXW7, GLS2, HEXIM1, NUPR1, PHLDA3, RAD51C, RPL36, RRP8, TAP1, TAX1BP3",FALSE,1.64181302968602,"P53 PATHWAY","Heart","MSigDBHallmark","Heart","Hallmarks"
"HALLMARK_ESTROGEN_RESPONSE_LATE",0.0957467129691448,0.281607979321014,12,191,"ABCA3, ACOX2, ALDH3B1, AMFR, CACNA2D2, EGR3, FKBP4, PAPSS2, RET, SEMA3B, SERPINA1, UNC13B",FALSE,1.63258551175954,"ESTROGEN RESPONSE LATE","Heart","MSigDBHallmark","Heart","Hallmarks"
"HALLMARK_APOPTOSIS",0.116556049937234,0.323766805381206,10,158,"ADD1, BNIP3L, CDKN1B, EGR3, ENO2, PEA15, RARA, RHOB, TAP1, TIMP1",FALSE,1.65634899721856,"APOPTOSIS","Heart","MSigDBHallmark","Heart","Hallmarks"
"HALLMARK_REACTIVE_OXYGEN_SPECIES_PATHWAY",0.126469892843018,0.332815507481627,4,47,"FTL, GCLM, PRDX6, TXNRD1",FALSE,2.41909356202728,"REACTIVE OXYGEN SPECIES PATHWAY","Heart","MSigDBHallmark","Heart","Hallmarks"
"HALLMARK_APICAL_JUNCTION",0.152318451562619,0.354887639658562,11,188,"ADAM9, CD86, CLDN18, CLDN7, IKBKG, INPPL1, ITGA3, MYL9, PIK3CB, VASP, VWF",FALSE,1.51728969288745,"APICAL JUNCTION","Heart","MSigDBHallmark","Heart","Hallmarks"
"HALLMARK_ALLOGRAFT_REJECTION",0.156150561449767,0.354887639658562,11,189,"AKT1, BCL3, C2, CD86, GPR65, IL16, IL27RA, NPM1, RPS9, TAP1, TIMP1",FALSE,1.50871468726783,"ALLOGRAFT REJECTION","Heart","MSigDBHallmark","Heart","Hallmarks"
"HALLMARK_HEME_METABOLISM",0.156150561449767,0.354887639658562,11,189,"ADD1, ARL2BP, ATG4A, BNIP3L, EPB42, GCLM, HMBS, HTRA2, KHNYN, MGST3, NFE2L1",FALSE,1.50871468726783,"HEME METABOLISM","Heart","MSigDBHallmark","Heart","Hallmarks"
"HALLMARK_INFLAMMATORY_RESPONSE",0.180140975920423,0.39161081721831,11,195,"APLNR, CXCL6, EMP3, LAMP3, MARCO, ROS1, SCN1B, SGMS2, SLC4A4, TACR1, TIMP1",FALSE,1.45921668734969,"INFLAMMATORY RESPONSE","Heart","MSigDBHallmark","Heart","Hallmarks"
"HALLMARK_ANDROGEN_RESPONSE",0.195963389666442,0.391926779332884,6,95,"AKT1, KRT8, PDLIM5, SPCS3, SRP19, ZBTB10",FALSE,1.69838527177014,"ANDROGEN RESPONSE","Heart","MSigDBHallmark","Heart","Hallmarks"
"HALLMARK_INTERFERON_ALPHA_RESPONSE",0.195963389666442,0.391926779332884,6,95,"CMTR1, LAMP3, LPAR6, MVB12A, RNF31, TAP1",FALSE,1.69838527177014,"INTERFERON ALPHA RESPONSE","Heart","MSigDBHallmark","Heart","Hallmarks"
"HALLMARK_OXIDATIVE_PHOSPHORYLATION",0.226165629204459,0.423418735434609,10,184,"COX7A2L, DECR1, HCCS, HTRA2, IDH3A, MGST3, MRPS30, TIMM8B, TOMM22, UQCRH",FALSE,1.40774386445746,"OXIDATIVE PHOSPHORYLATION","Heart","MSigDBHallmark","Heart","Hallmarks"
"HALLMARK_PI3K_AKT_MTOR_SIGNALING",0.228646117134689,0.423418735434609,6,100,"AKT1, ARF1, ATF1, CDKN1B, GRB2, PAK4",FALSE,1.60812671545505,"PI3K AKT MTOR SIGNALING","Heart","MSigDBHallmark","Heart","Hallmarks"
"HALLMARK_KRAS_SIGNALING_UP",0.255891826722,0.456949690575,10,190,"ACE, CFB, CLEC4A, LAT2, PEG3, PLAU, SCN1B, SDCCAG8, SEMA3B, YRDC",FALSE,1.36054438154884,"KRAS SIGNALING UP","Heart","MSigDBHallmark","Heart","Hallmarks"
"HALLMARK_UNFOLDED_PROTEIN_RESPONSE",0.269918931162581,0.462490785954463,6,106,"DCP2, EDEM1, NPM1, SPCS3, VEGFA, ZBTB17",FALSE,1.51167130303474,"UNFOLDED PROTEIN RESPONSE","Heart","MSigDBHallmark","Heart","Hallmarks"
"HALLMARK_E2F_TARGETS",0.281603301738669,0.462490785954463,10,195,"CBX5, CDKN1B, EXOSC8, HNRNPD, PAICS, POLE4, RAD51C, RPA1, USP1, ZW10",FALSE,1.32354388843314,"E2F TARGETS","Heart","MSigDBHallmark","Heart","Hallmarks"
"HALLMARK_IL6_JAK_STAT3_SIGNALING",0.286744287291767,0.462490785954463,5,87,"CSF2RB, CXCL1, GRB2, HAX1, REG1A",FALSE,1.55777137367915,"IL6 JAK STAT3 SIGNALING","Heart","MSigDBHallmark","Heart","Hallmarks"
"HALLMARK_TGF_BETA_SIGNALING",0.372277719407331,0.581683936573955,3,53,"BMPR2, ID3, SMAD6",FALSE,1.61829092627492,"TGF BETA SIGNALING","Heart","MSigDBHallmark","Heart","Hallmarks"
"HALLMARK_XENOBIOTIC_METABOLISM",0.391432259881943,0.584282210344444,9,192,"ACOX2, ACSM1, CBR1, CFB, EPHX1, PAPSS2, PDLIM5, REG1A, TMBIM6",FALSE,1.20926178075729,"XENOBIOTIC METABOLISM","Heart","MSigDBHallmark","Heart","Hallmarks"
"HALLMARK_IL2_STAT5_SIGNALING",0.397311903034222,0.584282210344444,9,193,"AGER, BMPR2, CD86, GLIPR2, GPR65, MUC1, RHOB, SLC29A2, SLC39A8",FALSE,1.20264788635147,"IL2 STAT5 SIGNALING","Heart","MSigDBHallmark","Heart","Hallmarks"
"HALLMARK_MYC_TARGETS_V2",0.417019754411926,0.595742506302751,3,57,"AIMP2, NPM1, SLC29A2",FALSE,1.49922184530812,"MYC TARGETS V2","Heart","MSigDBHallmark","Heart","Hallmarks"
"HALLMARK_BILE_ACID_METABOLISM",0.465899090376707,0.647082069967648,5,109,"ABCA3, GCLM, HSD17B6, PEX12, SLC22A18",FALSE,1.22848475655999,"BILE ACID METABOLISM","Heart","MSigDBHallmark","Heart","Hallmarks"
"HALLMARK_SPERMATOGENESIS",0.497563977368289,0.672383753200391,5,113,"ACE, BUB1, CFTR, DCC, PEBP1",FALSE,1.18296126110573,"SPERMATOGENESIS","Heart","MSigDBHallmark","Heart","Hallmarks"
"HALLMARK_G2M_CHECKPOINT",0.516585754071865,0.679718097462981,8,189,"BCL3, BUB1, CBX1, CDKN1B, HNRNPD, MEIS1, NDC80, PAFAH1B1",FALSE,1.09273660948302,"G2M CHECKPOINT","Heart","MSigDBHallmark","Heart","Hallmarks"
"HALLMARK_INTERFERON_GAMMA_RESPONSE",0.558116068766355,0.70588722397315,8,196,"CD86, CFB, CMTR1, CSF2RB, ITGB7, RNF31, SAMHD1, TAP1",FALSE,1.05179240695086,"INTERFERON GAMMA RESPONSE","Heart","MSigDBHallmark","Heart","Hallmarks"
"HALLMARK_DNA_REPAIR",0.56470977917852,0.70588722397315,6,147,"CETN2, NELFCD, POLE4, POLR2H, RFC5, TMED2",FALSE,1.07148697391521,"DNA REPAIR","Heart","MSigDBHallmark","Heart","Hallmarks"
"HALLMARK_ADIPOGENESIS",0.668287921649656,0.814370209668634,7,190,"ACADL, ATL2, DECR1, IDH3A, MGST3, PPP1R15B, SLC27A1",FALSE,0.952474275001299,"ADIPOGENESIS","Heart","MSigDBHallmark","Heart","Hallmarks"
"HALLMARK_MYC_TARGETS_V1",0.684070976121653,0.814370209668634,7,193,"AIMP2, HNRNPD, MRPS18B, NPM1, PSMD14, SRSF3, USP1",FALSE,0.937013581388433,"MYC TARGETS V1","Heart","MSigDBHallmark","Heart","Hallmarks"
"HALLMARK_CHOLESTEROL_HOMEOSTASIS",0.801284232253009,0.931725851456987,2,72,"PNRC1, SEMA3B",FALSE,0.826235024299233,"CHOLESTEROL HOMEOSTASIS","Heart","MSigDBHallmark","Heart","Hallmarks"
"HALLMARK_WNT_BETA_CATENIN_SIGNALING",0.8212466121275,0.933234786508523,1,41,"HEY2",FALSE,0.863241325088715,"WNT BETA CATENIN SIGNALING","Heart","MSigDBHallmark","Heart","Hallmarks"
"HALLMARK_KRAS_SIGNALING_DN",0.853702257992492,0.948558064436102,5,176,"CPB1, DCC, ENTPD7, RYR2, UPK3B",FALSE,0.746075062383949,"KRAS SIGNALING DN","Heart","MSigDBHallmark","Heart","Hallmarks"
"HALLMARK_MYOGENESIS",0.902126032234642,0.980571774168089,5,193,"APLNR, CACNA1H, FGF2, SOD3, TAGLN",FALSE,0.678217995856871,"MYOGENESIS","Heart","MSigDBHallmark","Heart","Hallmarks"
"HALLMARK_PEROXISOME",0.930965443310971,0.990388769479757,2,104,"ACSL4, ALB",FALSE,0.567391882994074,"PEROXISOME","Heart","MSigDBHallmark","Heart","Hallmarks"
"HALLMARK_APICAL_SURFACE",1,1,0,43,"",FALSE,0.267555906860323,"APICAL SURFACE","Heart","MSigDBHallmark","Heart","Hallmarks"
"HALLMARK_NOTCH_SIGNALING",1,1,0,32,"",FALSE,0.358307251487767,"NOTCH SIGNALING","Heart","MSigDBHallmark","Heart","Hallmarks"
"HALLMARK_PANCREAS_BETA_CELLS",1,1,0,29,"",FALSE,0.394803554951192,"PANCREAS BETA CELLS","Heart","MSigDBHallmark","Heart","Hallmarks"
"HALLMARK_MYOGENESIS",5.20209128456554e-15,2.60104564228277e-13,25,193,"ACTA1, ACTC1, ACTN2, ACTN3, AGRN, ATP2A1, BAG1, BIN1, CASQ1, CHRNG, CKM, CSRP3, DES, ENO3, MYH1, MYH2, MYH8, MYOM2, MYOZ1, RYR1, SGCA, TCAP, TNNC2, TNNI2, TNNT3",TRUE,9.11470332888445,"MYOGENESIS","Extremities","MSigDBHallmark","Extremities","Hallmarks"
"HALLMARK_INTERFERON_ALPHA_RESPONSE",4.06454585931488e-05,0.00101613646482872,9,95,"CMPK2, HELZ2, HLA-C, IRF7, ISG15, OASL, OGFR, PROCR, USP18",TRUE,6.34534959441099,"INTERFERON ALPHA RESPONSE","Extremities","MSigDBHallmark","Extremities","Hallmarks"
"HALLMARK_EPITHELIAL_MESENCHYMAL_TRANSITION",0.002220928334892,0.0239208136993755,10,195,"BASP1, COL5A1, COL5A2, COL8A2, COMP, DPYSL3, LOXL2, PLAUR, PVR, TNFRSF12A",TRUE,3.26383516223257,"EPITHELIAL MESENCHYMAL TRANSITION","Extremities","MSigDBHallmark","Extremities","Hallmarks"
"HALLMARK_INTERFERON_GAMMA_RESPONSE",0.00230522837937286,0.0239208136993755,10,196,"CMPK2, HELZ2, HLA-B, IRF7, ISG15, MVP, OASL, OGFR, USP18, ZBP1",TRUE,3.24617766161509,"INTERFERON GAMMA RESPONSE","Extremities","MSigDBHallmark","Extremities","Hallmarks"
"HALLMARK_MITOTIC_SPINDLE",0.00239208136993755,0.0239208136993755,10,197,"ABR, ARHGAP4, ARHGDIA, BCAR1, BIN1, CLIP2, GEMIN4, INCENP, MAP1S, PXN",TRUE,3.22870850767085,"MITOTIC SPINDLE","Extremities","MSigDBHallmark","Extremities","Hallmarks"
"HALLMARK_COMPLEMENT",0.007877179324958,0.0656431610413167,9,198,"ACTN2, C1QA, CTSB, IRF7, MAFF, MMP13, PLAUR, SCG3, SRC",FALSE,2.8820628181181,"COMPLEMENT","Extremities","MSigDBHallmark","Extremities","Hallmarks"
"HALLMARK_HYPOXIA",0.0439070156983131,0.287784407947514,7,186,"ADM, ANGPTL4, COL5A1, ENO3, MAFF, PGF, PLAUR",FALSE,2.38993747038223,"HYPOXIA","Extremities","MSigDBHallmark","Extremities","Hallmarks"
"HALLMARK_APICAL_JUNCTION",0.0460455052716022,0.287784407947514,7,188,"ACTA1, ACTC1, ACTN2, ACTN3, DHX16, SRC, ZYX",FALSE,2.36337345541419,"APICAL JUNCTION","Extremities","MSigDBHallmark","Extremities","Hallmarks"
"HALLMARK_GLYCOLYSIS",0.117918471794645,0.588171119762471,6,192,"AGRN, ANGPTL4, B3GAT3, CHPF2, COL5A1, NOL3",FALSE,1.98736433391883,"GLYCOLYSIS","Extremities","MSigDBHallmark","Extremities","Hallmarks"
"HALLMARK_INFLAMMATORY_RESPONSE",0.124351144424408,0.588171119762471,6,195,"ADM, AXL, IRF7, PLAUR, PVR, SCARF1",FALSE,1.95561823309981,"INFLAMMATORY RESPONSE","Extremities","MSigDBHallmark","Extremities","Hallmarks"
"HALLMARK_CHOLESTEROL_HOMEOSTASIS",0.129397646347744,0.588171119762471,3,72,"CYP51A1, PLAUR, TNFRSF12A",FALSE,2.86416557588403,"CHOLESTEROL HOMEOSTASIS","Extremities","MSigDBHallmark","Extremities","Hallmarks"
"HALLMARK_KRAS_SIGNALING_DN",0.191367862754734,0.742684591214223,5,176,"ACTC1, ARPP21, CHRNG, CKM, RYR1",FALSE,1.82498867104319,"KRAS SIGNALING DN","Extremities","MSigDBHallmark","Extremities","Hallmarks"
"HALLMARK_COAGULATION",0.193097993715698,0.742684591214223,4,131,"C1QA, COMP, CTSB, MAFF",FALSE,2.00721374969741,"COAGULATION","Extremities","MSigDBHallmark","Extremities","Hallmarks"
"HALLMARK_TGF_BETA_SIGNALING",0.234145190547065,0.763360645282127,2,53,"NCOR2, SMAD3",FALSE,2.7557318639982,"TGF BETA SIGNALING","Extremities","MSigDBHallmark","Extremities","Hallmarks"
"HALLMARK_P53_PATHWAY",0.234655527312856,0.763360645282127,5,190,"CDKN2A, FDXR, OSGIN1, PROCR, RRAD",FALSE,1.68611173934161,"P53 PATHWAY","Extremities","MSigDBHallmark","Extremities","Hallmarks"
"HALLMARK_IL2_STAT5_SIGNALING",0.244275406490281,0.763360645282127,5,193,"COL6A1, ENO3, MAFF, PLEC, RNH1",FALSE,1.65903626326716,"IL2 STAT5 SIGNALING","Extremities","MSigDBHallmark","Extremities","Hallmarks"
"HALLMARK_MYC_TARGETS_V2",0.259880632716507,0.764354802107373,2,57,"FARSA, GRWD1",FALSE,2.55662893452798,"MYC TARGETS V2","Extremities","MSigDBHallmark","Extremities","Hallmarks"
"HALLMARK_UNFOLDED_PROTEIN_RESPONSE",0.279040443026131,0.775112341739252,3,106,"DKC1, GEMIN4, HYOU1",FALSE,1.92013455196706,"UNFOLDED PROTEIN RESPONSE","Extremities","MSigDBHallmark","Extremities","Hallmarks"
"HALLMARK_G2M_CHECKPOINT",0.415377701638793,0.940674031501475,4,189,"DKC1, HNRNPU, INCENP, SMAD3",FALSE,1.37576120594989,"G2M CHECKPOINT","Extremities","MSigDBHallmark","Extremities","Hallmarks"
"HALLMARK_KRAS_SIGNALING_UP",0.419264200011393,0.940674031501475,4,190,"ADAM8, ANGPTL4, PLAUR, SCG3",FALSE,1.36831827359084,"KRAS SIGNALING UP","Extremities","MSigDBHallmark","Extremities","Hallmarks"
"HALLMARK_ESTROGEN_RESPONSE_EARLY",0.427018919837006,0.940674031501475,4,192,"BAG1, CANT1, NCOR2, SH3BP5",FALSE,1.35366931918656,"ESTROGEN RESPONSE EARLY","Extremities","MSigDBHallmark","Extremities","Hallmarks"
"HALLMARK_UV_RESPONSE_DN",0.429618813865331,0.940674031501475,3,138,"COL5A2, DDAH1, SMAD3",FALSE,1.46440956885629,"UV RESPONSE DN","Extremities","MSigDBHallmark","Extremities","Hallmarks"
"HALLMARK_TNFA_SIGNALING_VIA_NFKB",0.446284546977004,0.940674031501475,4,197,"DUSP4, MAFF, PLAUR, SMAD3",FALSE,1.31837177401346,"TNFA SIGNALING VIA NFKB","Extremities","MSigDBHallmark","Extremities","Hallmarks"
"HALLMARK_ANGIOGENESIS",0.4675137453614,0.940674031501475,1,36,"COL5A2",FALSE,2.39396378269618,"ANGIOGENESIS","Extremities","MSigDBHallmark","Extremities","Hallmarks"
"HALLMARK_DNA_REPAIR",0.470337015750737,0.940674031501475,3,147,"CANT1, CMPK2, VPS28",FALSE,1.37260424407954,"DNA REPAIR","Extremities","MSigDBHallmark","Extremities","Hallmarks"
"HALLMARK_WNT_BETA_CATENIN_SIGNALING",0.51218114480908,0.95796998790528,1,41,"NCOR2",FALSE,2.09790879314689,"WNT BETA CATENIN SIGNALING","Extremities","MSigDBHallmark","Extremities","Hallmarks"
"HALLMARK_APICAL_SURFACE",0.528983503037316,0.95796998790528,1,43,"PLAUR",FALSE,1.99899159663866,"APICAL SURFACE","Extremities","MSigDBHallmark","Extremities","Hallmarks"
"HALLMARK_BILE_ACID_METABOLISM",0.566254131908553,0.95796998790528,2,109,"ABCA4, FDXR",FALSE,1.3166344109902,"BILE ACID METABOLISM","Extremities","MSigDBHallmark","Extremities","Hallmarks"
"HALLMARK_ADIPOGENESIS",0.642888037953157,0.95796998790528,3,190,"ANGPTL4, SOWAHC, UQCR11",FALSE,1.05562425900593,"ADIPOGENESIS","Extremities","MSigDBHallmark","Extremities","Hallmarks"
"HALLMARK_E2F_TARGETS",0.660176645017149,0.95796998790528,3,195,"CDKN2A, POLD2, TCF19",FALSE,1.02795672180077,"E2F TARGETS","Extremities","MSigDBHallmark","Extremities","Hallmarks"
"HALLMARK_FATTY_ACID_METABOLISM",0.739898585796015,0.95796998790528,2,151,"ENO3, NCAPH2",FALSE,0.944827460338463,"FATTY ACID METABOLISM","Extremities","MSigDBHallmark","Extremities","Hallmarks"
"HALLMARK_UV_RESPONSE_UP",0.743198712801996,0.95796998790528,2,152,"HNRNPU, RRAD",FALSE,0.9385042128784,"UV RESPONSE UP","Extremities","MSigDBHallmark","Extremities","Hallmarks"
"HALLMARK_APOPTOSIS",0.762255457078661,0.95796998790528,2,158,"FDXR, TNFRSF12A",FALSE,0.902261701877269,"APOPTOSIS","Extremities","MSigDBHallmark","Extremities","Hallmarks"
"HALLMARK_IL6_JAK_STAT3_SIGNALING",0.782342046698504,0.95796998790528,1,87,"TNFRSF12A",FALSE,0.98008729503362,"IL6 JAK STAT3 SIGNALING","Extremities","MSigDBHallmark","Extremities","Hallmarks"
"HALLMARK_PROTEIN_SECRETION",0.807525780718399,0.95796998790528,1,94,"CLTA",FALSE,0.906406198843174,"PROTEIN SECRETION","Extremities","MSigDBHallmark","Extremities","Hallmarks"
"HALLMARK_PI3K_AKT_MTOR_SIGNALING",0.826785103314895,0.95796998790528,1,100,"ARHGDIA",FALSE,0.85150241000923,"PI3K AKT MTOR SIGNALING","Extremities","MSigDBHallmark","Extremities","Hallmarks"
"HALLMARK_OXIDATIVE_PHOSPHORYLATION",0.83128391411525,0.95796998790528,2,184,"TCIRG1, UQCR11",FALSE,0.772748509596516,"OXIDATIVE PHOSPHORYLATION","Extremities","MSigDBHallmark","Extremities","Hallmarks"
"HALLMARK_PEROXISOME",0.838544417938136,0.95796998790528,1,104,"MVP",FALSE,0.818436360051267,"PEROXISOME","Extremities","MSigDBHallmark","Extremities","Hallmarks"
"HALLMARK_ALLOGRAFT_REJECTION",0.842287567997089,0.95796998790528,2,189,"CDKN2A, IRF7",FALSE,0.751959981809914,"ALLOGRAFT REJECTION","Extremities","MSigDBHallmark","Extremities","Hallmarks"
"HALLMARK_HEME_METABOLISM",0.842287567997089,0.95796998790528,2,189,"CTSB, SPTB",FALSE,0.751959981809914,"HEME METABOLISM","Extremities","MSigDBHallmark","Extremities","Hallmarks"
"HALLMARK_ESTROGEN_RESPONSE_LATE",0.846504228579688,0.95796998790528,2,191,"BAG1, NCOR2",FALSE,0.743951736277344,"ESTROGEN RESPONSE LATE","Extremities","MSigDBHallmark","Extremities","Hallmarks"
"HALLMARK_XENOBIOTIC_METABOLISM",0.848573991683456,0.95796998790528,2,192,"BCAR1, ITIH4",FALSE,0.740010670562496,"XENOBIOTIC METABOLISM","Extremities","MSigDBHallmark","Extremities","Hallmarks"
"HALLMARK_MYC_TARGETS_V1",0.850618384537347,0.95796998790528,2,193,"HNRNPU, POLD2",FALSE,0.736110764802895,"MYC TARGETS V1","Extremities","MSigDBHallmark","Extremities","Hallmarks"
"HALLMARK_MTORC1_SIGNALING",0.852637661640405,0.95796998790528,2,194,"CYP51A1, FDXR",FALSE,0.732251377544693,"MTORC1 SIGNALING","Extremities","MSigDBHallmark","Extremities","Hallmarks"
"HALLMARK_SPERMATOGENESIS",0.862172989114752,0.95796998790528,1,113,"SCG3",FALSE,0.752634920634921,"SPERMATOGENESIS","Extremities","MSigDBHallmark","Extremities","Hallmarks"
"HALLMARK_ANDROGEN_RESPONSE",1,1,0,95,"",FALSE,0.294976805643368,"ANDROGEN RESPONSE","Extremities","MSigDBHallmark","Extremities","Hallmarks"
"HALLMARK_HEDGEHOG_SIGNALING",1,1,0,34,"",FALSE,0.818929070064696,"HEDGEHOG SIGNALING","Extremities","MSigDBHallmark","Extremities","Hallmarks"
"HALLMARK_NOTCH_SIGNALING",1,1,0,32,"",FALSE,0.869408203736562,"NOTCH SIGNALING","Extremities","MSigDBHallmark","Extremities","Hallmarks"
"HALLMARK_PANCREAS_BETA_CELLS",1,1,0,29,"",FALSE,0.95796058229653,"PANCREAS BETA CELLS","Extremities","MSigDBHallmark","Extremities","Hallmarks"
"HALLMARK_REACTIVE_OXYGEN_SPECIES_PATHWAY",1,1,0,47,"",FALSE,0.594429765050346,"REACTIVE OXYGEN SPECIES PATHWAY","Extremities","MSigDBHallmark","Extremities","Hallmarks"
"HALLMARK_HEME_METABOLISM",1.99928920063036e-48,9.99644600315182e-47,44,189,"ACSL6, ADD2, AHSP, ALAS2, ANK1, BLVRB, BPGM, CA1, CA2, CPOX, EPB42, EPOR, ERMAP, FBXO7, FECH, GYPA, GYPC, HBB, HBD, HMBS, KEL, MAP2K3, MKRN1, MPP1, NCOA4, OSBP2, RBM38, RHCE, RHD, SLC22A4, SLC25A37, SLC2A1, SLC4A1, SLC6A8, SNCA, SPTA1, SPTB, TFRC, TMCC2, TRAK2, TRIM58, UROD, XK, XPO7",TRUE,39.0439484220814,"HEME METABOLISM","Others","MSigDBHallmark","Others","Hallmarks"
"HALLMARK_UV_RESPONSE_UP",0.000744309752086161,0.018607743802154,7,152,"CA2, COL2A1, DNAJB1, IGFBP2, SLC6A8, TFRC, UROD",TRUE,5.36609507159935,"UV RESPONSE UP","Others","MSigDBHallmark","Others","Hallmarks"
"HALLMARK_ALLOGRAFT_REJECTION",0.00260274577609558,0.0374050140042728,7,189,"ELANE, ELF4, FLNA, IL18RAP, IL2RA, PRKCB, SRGN",TRUE,4.27059064667099,"ALLOGRAFT REJECTION","Others","MSigDBHallmark","Others","Hallmarks"
"HALLMARK_PI3K_AKT_MTOR_SIGNALING",0.00299240112034183,0.0374050140042728,5,100,"CDK1, MAP2K3, PRKCB, RAF1, SLC2A1",TRUE,5.95042337276194,"PI3K AKT MTOR SIGNALING","Others","MSigDBHallmark","Others","Hallmarks"
"HALLMARK_KRAS_SIGNALING_DN",0.00771473367730507,0.0771473367730507,6,176,"BMPR1B, CLSTN3, COL2A1, IGFBP2, MEFV, UPK3B",FALSE,3.94428152492669,"KRAS SIGNALING DN","Others","MSigDBHallmark","Others","Hallmarks"
"HALLMARK_FATTY_ACID_METABOLISM",0.0163717209669338,0.136431008057781,5,151,"BMPR1B, CA2, CPOX, HSPH1, UROD",FALSE,3.86948974002444,"FATTY ACID METABOLISM","Others","MSigDBHallmark","Others","Hallmarks"
"HALLMARK_KRAS_SIGNALING_UP",0.0388245669723098,0.249955626762411,5,190,"BPGM, CA2, GYPC, PPBP, TSPAN1",FALSE,3.05024791188313,"KRAS SIGNALING UP","Others","MSigDBHallmark","Others","Hallmarks"
"HALLMARK_MTORC1_SIGNALING",0.0418393356418134,0.249955626762411,5,194,"HMBS, MAP2K3, SLC2A1, TFRC, TPI1",FALSE,2.98528942310824,"MTORC1 SIGNALING","Others","MSigDBHallmark","Others","Hallmarks"
"HALLMARK_COMPLEMENT",0.044992012817234,0.249955626762411,5,198,"CA2, GCA, LIPA, LTF, RAF1",FALSE,2.92301655660829,"COMPLEMENT","Others","MSigDBHallmark","Others","Hallmarks"
"HALLMARK_TGF_BETA_SIGNALING",0.0944502871615513,0.472251435807757,2,53,"HIPK2, WWTR1",FALSE,4.95275553350814,"TGF BETA SIGNALING","Others","MSigDBHallmark","Others","Hallmarks"
"HALLMARK_IL2_STAT5_SIGNALING",0.120492182127607,0.515890226122486,4,193,"CA2, HIPK2, IL2RA, MAP6",FALSE,2.43050702417457,"IL2 STAT5 SIGNALING","Others","MSigDBHallmark","Others","Hallmarks"
"HALLMARK_E2F_TARGETS",0.123813654269397,0.515890226122486,4,195,"CDK1, NCAPD2, TFRC, WEE1",FALSE,2.40489219340394,"E2F TARGETS","Others","MSigDBHallmark","Others","Hallmarks"
"HALLMARK_IL6_JAK_STAT3_SIGNALING",0.20834976931117,0.685975275450055,2,87,"CD38, IL2RA",FALSE,2.97840099031033,"IL6 JAK STAT3 SIGNALING","Others","MSigDBHallmark","Others","Hallmarks"
"HALLMARK_ANDROGEN_RESPONSE",0.237038846705729,0.685975275450055,2,95,"BMPR1B, NCOA4",FALSE,2.72252364781347,"ANDROGEN RESPONSE","Others","MSigDBHallmark","Others","Hallmarks"
"HALLMARK_HEDGEHOG_SIGNALING",0.283583822288054,0.685975275450055,1,34,"ETS2",FALSE,4.5501427487261,"HEDGEHOG SIGNALING","Others","MSigDBHallmark","Others","Hallmarks"
"HALLMARK_ESTROGEN_RESPONSE_LATE",0.285893868835379,0.685975275450055,3,191,"BLVRB, CA2, LTF",FALSE,1.89122074283528,"ESTROGEN RESPONSE LATE","Others","MSigDBHallmark","Others","Hallmarks"
"HALLMARK_GLYCOLYSIS",0.28854541939701,0.685975275450055,3,192,"CAPN5, CDK1, TPI1",FALSE,1.88115036997374,"GLYCOLYSIS","Others","MSigDBHallmark","Others","Hallmarks"
"HALLMARK_XENOBIOTIC_METABOLISM",0.28854541939701,0.685975275450055,3,192,"BLVRB, CA2, ETS2",FALSE,1.88115036997374,"XENOBIOTIC METABOLISM","Others","MSigDBHallmark","Others","Hallmarks"
"HALLMARK_MYOGENESIS",0.291198891564421,0.685975275450055,3,193,"GABARAPL2, SLC6A8, WWTR1",FALSE,1.87118572281154,"MYOGENESIS","Others","MSigDBHallmark","Others","Hallmarks"
"HALLMARK_EPITHELIAL_MESENCHYMAL_TRANSITION",0.296511023275039,0.685975275450055,3,195,"FLNA, IGFBP2, SLC6A8",FALSE,1.8515670148922,"EPITHELIAL MESENCHYMAL TRANSITION","Others","MSigDBHallmark","Others","Hallmarks"
"HALLMARK_INFLAMMATORY_RESPONSE",0.296511023275039,0.685975275450055,3,195,"IL18RAP, MEFV, RAF1",FALSE,1.8515670148922,"INFLAMMATORY RESPONSE","Others","MSigDBHallmark","Others","Hallmarks"
"HALLMARK_TNFA_SIGNALING_VIA_NFKB",0.301829121198024,0.685975275450055,3,197,"BIRC2, ETS2, MAP2K3",FALSE,1.83235177654446,"TNFA SIGNALING VIA NFKB","Others","MSigDBHallmark","Others","Hallmarks"
"HALLMARK_WNT_BETA_CATENIN_SIGNALING",0.331167289543919,0.719928890312868,1,41,"HDAC11",FALSE,3.76244283023944,"WNT BETA CATENIN SIGNALING","Others","MSigDBHallmark","Others","Hallmarks"
"HALLMARK_REACTIVE_OXYGEN_SPECIES_PATHWAY",0.369441015185679,0.769668781636831,1,47,"MPO",FALSE,3.27602905569007,"REACTIVE OXYGEN SPECIES PATHWAY","Others","MSigDBHallmark","Others","Hallmarks"
"HALLMARK_UV_RESPONSE_DN",0.39033892908066,0.780677858161321,2,138,"LTBP1, PRDM2",FALSE,1.86104649608299,"UV RESPONSE DN","Others","MSigDBHallmark","Others","Hallmarks"
"HALLMARK_APOPTOSIS",0.4573326061146,0.879485780989615,2,158,"CD38, WEE1",FALSE,1.62165838794182,"APOPTOSIS","Others","MSigDBHallmark","Others","Hallmarks"
"HALLMARK_HYPOXIA",0.543570829264326,0.957938532209005,2,186,"SLC2A1, TPI1",FALSE,1.37370680276146,"HYPOXIA","Others","MSigDBHallmark","Others","Hallmarks"
"HALLMARK_ESTROGEN_RESPONSE_EARLY",0.560778720006772,0.957938532209005,2,192,"BLVRB, SLC2A1",FALSE,1.33005728298561,"ESTROGEN RESPONSE EARLY","Others","MSigDBHallmark","Others","Hallmarks"
"HALLMARK_INTERFERON_GAMMA_RESPONSE",0.571992215791115,0.957938532209005,2,196,"BPGM, CD38",FALSE,1.30245373063379,"INTERFERON GAMMA RESPONSE","Others","MSigDBHallmark","Others","Hallmarks"
"HALLMARK_MITOTIC_SPINDLE",0.574763119325403,0.957938532209005,2,197,"CDK1, FLNA",FALSE,1.29572933584732,"MITOTIC SPINDLE","Others","MSigDBHallmark","Others","Hallmarks"
"HALLMARK_PROTEIN_SECRETION",0.602804543975856,0.972265393509445,1,94,"YIPF6",FALSE,1.62560370835545,"PROTEIN SECRETION","Others","MSigDBHallmark","Others","Hallmarks"
"HALLMARK_SPERMATOGENESIS",0.670591970399523,1,1,113,"CDK1",FALSE,1.34983050847458,"SPERMATOGENESIS","Others","MSigDBHallmark","Others","Hallmarks"
"HALLMARK_COAGULATION",0.72414959017626,1,1,131,"CAPN5",FALSE,1.16264506971696,"COAGULATION","Others","MSigDBHallmark","Others","Hallmarks"
"HALLMARK_OXIDATIVE_PHOSPHORYLATION",0.836548548843369,1,1,184,"OAT",FALSE,0.824742200025071,"OXIDATIVE PHOSPHORYLATION","Others","MSigDBHallmark","Others","Hallmarks"
"HALLMARK_G2M_CHECKPOINT",0.844433127311315,1,1,189,"CDK1",FALSE,0.802673072106152,"G2M CHECKPOINT","Others","MSigDBHallmark","Others","Hallmarks"
"HALLMARK_ADIPOGENESIS",1,1,0,190,"",FALSE,0.263447490750403,"ADIPOGENESIS","Others","MSigDBHallmark","Others","Hallmarks"
"HALLMARK_ANGIOGENESIS",1,1,0,36,"",FALSE,1.38514606370688,"ANGIOGENESIS","Others","MSigDBHallmark","Others","Hallmarks"
"HALLMARK_APICAL_JUNCTION",1,1,0,188,"",FALSE,0.266268256048065,"APICAL JUNCTION","Others","MSigDBHallmark","Others","Hallmarks"
"HALLMARK_APICAL_SURFACE",1,1,0,43,"",FALSE,1.16186123805567,"APICAL SURFACE","Others","MSigDBHallmark","Others","Hallmarks"
"HALLMARK_BILE_ACID_METABOLISM",1,1,0,109,"",FALSE,0.46010892886615,"BILE ACID METABOLISM","Others","MSigDBHallmark","Others","Hallmarks"
"HALLMARK_CHOLESTEROL_HOMEOSTASIS",1,1,0,72,"",FALSE,0.696152887411716,"CHOLESTEROL HOMEOSTASIS","Others","MSigDBHallmark","Others","Hallmarks"
"HALLMARK_DNA_REPAIR",1,1,0,147,"",FALSE,0.340951603022259,"DNA REPAIR","Others","MSigDBHallmark","Others","Hallmarks"
"HALLMARK_INTERFERON_ALPHA_RESPONSE",1,1,0,95,"",FALSE,0.527912697912067,"INTERFERON ALPHA RESPONSE","Others","MSigDBHallmark","Others","Hallmarks"
"HALLMARK_MYC_TARGETS_V1",1,1,0,193,"",FALSE,0.259325674792192,"MYC TARGETS V1","Others","MSigDBHallmark","Others","Hallmarks"
"HALLMARK_MYC_TARGETS_V2",1,1,0,57,"",FALSE,0.878386589837611,"MYC TARGETS V2","Others","MSigDBHallmark","Others","Hallmarks"
"HALLMARK_NOTCH_SIGNALING",1,1,0,32,"",FALSE,1.55592215013902,"NOTCH SIGNALING","Others","MSigDBHallmark","Others","Hallmarks"
"HALLMARK_P53_PATHWAY",1,1,0,190,"",FALSE,0.263447490750403,"P53 PATHWAY","Others","MSigDBHallmark","Others","Hallmarks"
"HALLMARK_PANCREAS_BETA_CELLS",1,1,0,29,"",FALSE,1.71439656932816,"PANCREAS BETA CELLS","Others","MSigDBHallmark","Others","Hallmarks"
"HALLMARK_PEROXISOME",1,1,0,104,"",FALSE,0.482239003862339,"PEROXISOME","Others","MSigDBHallmark","Others","Hallmarks"
"HALLMARK_UNFOLDED_PROTEIN_RESPONSE",1,1,0,106,"",FALSE,0.47313762090616,"UNFOLDED PROTEIN RESPONSE","Others","MSigDBHallmark","Others","Hallmarks"
"TGFB_UP.V1_UP",4.5855024899102e-08,4.5396474650111e-06,31,176,"ADAM22, CHST3, COL16A1, DACT1, DLC1, DYRK2, FAT4, FNBP1L, ID3, IRS1, ITGA5, JAM2, JUN, KLF7, LIF, LRP12, NDST1, PDGFB, PHLDB1, PMEPA1, RAPGEF2, RGCC, RGS12, RHOB, RUSC2, SMOX, SMTN, TAGLN, TBX3, TLE3, TMC7",TRUE,3.49290686404088,"TGFB.V1","ParenchymalBreast","MSigDBOncogenic","ParenchymalBreast","C6"
"PTEN_DN.V1_UP",4.18842739758185e-07,2.07327156180302e-05,27,155,"ATP6V1B1, AZU1, CAMTA1, CAPN11, CCDC102B, COL15A1, EFNB3, FNBP1L, GPER1, HOXB2, JAM3, KALRN, LRCH1, MMRN2, NFASC, NR2F1, NREP, NYNRIN, PCDHA5, PCDHB12, PGR, PRR16, RARB, SHC2, SLC6A1, TCF7L1, TUSC3",TRUE,3.4445268782409,"PTEN DN.V1","ParenchymalBreast","MSigDBOncogenic","ParenchymalBreast","C6"
"ESC_J1_UP_LATE.V1_UP",0.000400427259339637,0.013214099558208,22,168,"BGN, CDC42EP1, CHST15, CLDN7, COL4A1, COL4A2, CRIM1, ENPEP, FARP1, GSN, HTRA1, LAMA1, LOXL2, LXN, MYO6, PARVA, PCDH1, RAMP2, RGL3, SOX17, TCN2, TNFRSF12A",TRUE,2.45975798945082,"ESC J1 LATE.V1","ParenchymalBreast","MSigDBOncogenic","ParenchymalBreast","C6"
"JAK2_DN.V1_UP",0.000679322151742205,0.0162207899926011,19,141,"ACTA2, AFF3, CBX8, CDH5, CLDN7, COL6A3, CSPG4, JAM2, KITLG, LAMA1, MYH13, PCDHB12, PDE10A, SEMA5A, SLC22A17, SOX17, TSPYL5, ZEB1, ZSCAN2",TRUE,2.54636132566691,"JAK2 DN.V1","ParenchymalBreast","MSigDBOncogenic","ParenchymalBreast","C6"
"MEK_UP.V1_UP",0.00110538929062306,0.0162207899926011,22,181,"ARHGDIB, ATXN1, BCAM, CADPS2, CLMN, COL5A2, CSGALNACT1, EPAS1, IL4R, MEF2C, NEDD9, PCDH1, PCDH9, PDK4, PDLIM7, PRKCH, PTMS, RFTN1, TGFB1I1, TNS3, TP53I11, VWA1",TRUE,2.25779424337418,"MEK.V1","ParenchymalBreast","MSigDBOncogenic","ParenchymalBreast","C6"
"RAPA_EARLY_UP.V1_UP",0.00113177889316896,0.0162207899926011,19,147,"ACOX3, ADRA1B, AEBP1, ARHGEF15, CACNA1C, CCDC9, CDK10, COL5A2, GRIN2C, HLA-DRB6, ITGA5, KCNC4, KRT19, PDE1B, PLEKHA6, PTGDR, PTH2R, SSUH2, TLE3",TRUE,2.42673109405803,"RAPA EARLY.V1","ParenchymalBreast","MSigDBOncogenic","ParenchymalBreast","C6"
"BMI1_DN.V1_UP",0.00114692454493139,0.0162207899926011,18,136,"ACTA2, ADAM12, AGRN, BST1, CHST3, COL16A1, CSPG4, FGFR1, FKRP, ITGA5, KCNC4, LIF, MFGE8, MMP15, MMP7, PMEPA1, TAGLN, TRIO",TRUE,2.4958154267585,"BMI1 DN.V1","ParenchymalBreast","MSigDBOncogenic","ParenchymalBreast","C6"
"KRAS.LUNG_UP.V1_UP",0.00136050649084924,0.0168362678242593,16,116,"ADAMTS3, ANO1, DCBLD2, DOCK4, EGFL7, ETS1, GRIN2A, ITGA2, MAGEA6, NAV3, NES, NRP1, PCDH17, RGS4, SCG5, TBX3",TRUE,2.62283876156011,"KRAS.LUNG.V1","ParenchymalBreast","MSigDBOncogenic","ParenchymalBreast","C6"
"KRAS.KIDNEY_UP.V1_UP",0.00162806163844386,0.0179086780228825,17,129,"A2M, ADCY1, AK5, ALDH1A1, CPE, DNM3, KCNJ8, KIT, MEF2C, PCDH9, PLCB1, PLCL1, SCG5, SLC6A1, SOBP, SPARCL1, TRIB2",TRUE,2.48557120500782,"KRAS.KIDNEY.V1","ParenchymalBreast","MSigDBOncogenic","ParenchymalBreast","C6"
"ESC_V6.5_UP_EARLY.V1_UP",0.00203592020706974,0.0201556100499904,18,143,"CHD7, CLEC11A, DACH1, DLC1, ENG, LPAR4, LTF, MDFI, NCOA2, RAI1, RASAL2, SASH1, SH3RF1, SLC23A1, SOX11, SYTL2, TERT, TNFRSF1B",TRUE,2.35577544834757,"ESC V6.5 EARLY.V1","ParenchymalBreast","MSigDBOncogenic","ParenchymalBreast","C6"
"BMI1_DN_MEL18_DN.V1_UP",0.002458484131559,0.022126357184031,17,134,"ABLIM3, ADAM12, APBB2, BST1, CDH13, CHST3, COL16A1, CSPG4, ITGA5, KLF7, LIF, MMP7, PMEPA1, RUSC2, TAGLN, TRIO, ZEB2",TRUE,2.37920287683548,"BMI1 DN MEL18 DN.V1","ParenchymalBreast","MSigDBOncogenic","ParenchymalBreast","C6"
"STK33_UP",0.00651033055747483,0.0537102270991673,26,260,"ATXN1, BMF, BTN2A1, CD36, CLVS1, CMTM1, COL6A3, CYTH2, DOCK4, FAM20C, FNBP1L, HECW2, JUN, KCNJ2, KITLG, LFNG, LPAR6, MAP4K3, MTSS1, NBEAL1, NRP1, RHOB, SIPA1L2, SPRED1, ZBTB18, ZEB2",FALSE,1.80769008049105,"STK33","ParenchymalBreast","MSigDBOncogenic","ParenchymalBreast","C6"
"STK33_SKM_UP",0.00827878064951341,0.0630460987924483,24,239,"ACTA2, ARHGAP42, BMF, CD36, CMTM1, FAM20C, FNBP1L, HECW2, KCNJ2, KITLG, LFNG, LPAR6, NBEAL1, PRKY, PTPRM, RCBTB2, RGCC, RHOB, SH2B3, SIPA1L2, SUCNR1, SYCP2, TGFB1I1, TP53INP2",FALSE,1.81741519491531,"STK33 SKM","ParenchymalBreast","MSigDBOncogenic","ParenchymalBreast","C6"
"PRC1_BMI_UP.V1_UP",0.00922884953591397,0.0652611502896773,18,165,"ADAP2, AGAP2, ATP1B2, AZU1, CDK6, CHD7, CLCA1, EOGT, GRIN2C, MADCAM1, MDFI, NIN, PCDHB12, PMEPA1, PRND, TLE2, TNN, ZNF423",FALSE,2.00218297985624,"PRC1 BMI.V1","ParenchymalBreast","MSigDBOncogenic","ParenchymalBreast","C6"
"ATF2_S_UP.V1_UP",0.0116639870070755,0.0769823142466984,18,169,"ABLIM3, CEP41, CTRL, DYSF, FAT4, GPER1, ITGA6, KCNB1, LHX6, LRRC17, NRXN3, PLEKHA2, PML, PPM1H, SEMA5A, SLC13A4, TMEM156, TRPC4",FALSE,1.94892662846631,"ATF2 S.V1","ParenchymalBreast","MSigDBOncogenic","ParenchymalBreast","C6"
"MEL18_DN.V1_UP",0.0132700629342774,0.0821085144058412,15,134,"ABLIM3, ADAM12, AGRN, CDH13, CHST2, CHST3, COL16A1, CSPG4, ITGA5, LIF, LPL, MMP15, MMP7, NRP1, PMEPA1",FALSE,2.06848711737503,"MEL18 DN.V1","ParenchymalBreast","MSigDBOncogenic","ParenchymalBreast","C6"
"PRC2_EED_DN.V1_UP",0.0159884447768775,0.083916595290019,17,162,"ADRA1B, ATXN1, BAZ2B, CBX8, CLCA1, CLGN, CORO2B, LXN, MADCAM1, MPDZ, MTSS1, PMEPA1, PPM1H, SCG5, SEMA6D, TSPAN13, ZHX3",FALSE,1.91863898165626,"PRC2 EED DN.V1","ParenchymalBreast","MSigDBOncogenic","ParenchymalBreast","C6"
"CAHOY_ASTROGLIAL",0.0160350290009817,0.083916595290019,11,89,"ACTA2, AEBP1, COL5A1, DYSF, IGFBP3, LOXL2, LRP2, PCDH17, SUCNR1, TAGLN, TNFRSF12A",FALSE,2.33356460874068,"CAHOY ASTROGLIAL","ParenchymalBreast","MSigDBOncogenic","ParenchymalBreast","C6"
"KRAS.600.LUNG.BREAST_UP.V1_UP",0.0161052051566703,0.083916595290019,23,240,"A2M, ANO1, ANO2, CHST2, DCBLD2, DOCK4, ETS1, GRIN2A, HIC1, IGFBP3, ITGA2, LIF, LPL, MAGEA6, MMP15, NAV3, PLVAP, SCG5, SOX10, SOX17, TBX3, TERT, TMEM156",FALSE,1.72563362475657,"KRAS.600.LUNG.BREAST.V1","ParenchymalBreast","MSigDBOncogenic","ParenchymalBreast","C6"
"KRAS.PROSTATE_UP.V1_UP",0.0200493097822788,0.0942469220016526,13,116,"ADRA1B, CADPS2, CX3CL1, ENG, ITGA2, JAM2, LRCH1, NBEA, NES, PCDHA2, PDK4, PIGR, ZEB1",FALSE,2.07842829487783,"KRAS.PROSTATE.V1","ParenchymalBreast","MSigDBOncogenic","ParenchymalBreast","C6"
"CYCLIN_D1_UP.V1_UP",0.0209437604448117,0.0942469220016526,17,167,"BCL9, BMP1, COL4A2, DMWD, FGD1, GGT5, GNL1, HSPG2, MED12, MMP15, NEK3, PDE1B, PTMS, SMOX, SMTN, TAGLN, THY1",FALSE,1.85442889897525,"CYCLIN D1.V1","ParenchymalBreast","MSigDBOncogenic","ParenchymalBreast","C6"
"ESC_V6.5_UP_LATE.V1_UP",0.0209437604448117,0.0942469220016526,17,167,"APLNR, BVES, CHST15, CMTM8, COL4A1, COL4A2, FARP1, FOXA1, LOXL2, MYO6, RAI1, RAMP2, RASAL2, RGL3, SH3RF1, SOX17, TCN2",FALSE,1.85442889897525,"ESC V6.5 LATE.V1","ParenchymalBreast","MSigDBOncogenic","ParenchymalBreast","C6"
"EGFR_UP.V1_UP",0.0221077629356657,0.0951595013317785,18,181,"A2M, ATXN1, CADPS2, COL5A2, CSGALNACT1, EPAS1, FHOD1, IL4R, ITGA2, LIF, LOXL2, LPAR6, LPP, MBNL2, PAPSS2, PCDH9, PDLIM7, TNS3",FALSE,1.80479246644769,"EGFR.V1","ParenchymalBreast","MSigDBOncogenic","ParenchymalBreast","C6"
"RAF_UP.V1_UP",0.0243852634643786,0.100589211790562,18,183,"CLMN, CRIM1, CSGALNACT1, ENPEP, EPAS1, GJA5, GRB10, ITGA6, JAM2, KLHL7, NEDD4, PARVA, PKD2, PRKCH, PTMS, RNF144A, TLE2, TSPAN12",FALSE,1.78280220910043,"RAF.V1","ParenchymalBreast","MSigDBOncogenic","ParenchymalBreast","C6"
"YAP1_UP",0.0293090625966217,0.116063887882622,6,40,"C8orf58, CCDC8, CDK14, MYLK, RFTN1, RGCC",FALSE,2.99577993213206,"YAP1","ParenchymalBreast","MSigDBOncogenic","ParenchymalBreast","C6"
"BRCA1_DN.V1_UP",0.0392967735836113,0.149630022491443,11,102,"CD34, CDH13, ETNK2, GJA5, HAAO, ISYNA1, LDB2, LHX6, PIP, SHANK1, ZNF423",FALSE,2.00071123599686,"BRCA1 DN.V1","ParenchymalBreast","MSigDBOncogenic","ParenchymalBreast","C6"
"KRAS.300_UP.V1_UP",0.0427645892072171,0.156803493759796,13,129,"A2M, ANO1, DCBLD2, DNM3, DOCK4, GRIN2A, ITGA2, LRCH1, NAV3, SCG5, TERT, TRIB2, ZNF528",FALSE,1.84529213988008,"KRAS.300.V1","ParenchymalBreast","MSigDBOncogenic","ParenchymalBreast","C6"
"IL21_UP.V1_UP",0.0486758689189788,0.172103965106389,15,158,"ABCC8, AGAP2, BAIAP3, CDH5, CLDN7, COL15A1, GPR176, GRIN2A, HOXB2, LIF, MYH4, PCDHA5, RGCC, SPARCL1, SPRY4",FALSE,1.72045501950744,"IL21.V1","ParenchymalBreast","MSigDBOncogenic","ParenchymalBreast","C6"
"ERBB2_UP.V1_UP",0.0520945508424909,0.177840018393331,16,173,"ATXN1, BCAM, CA8, CADPS2, CLMN, CSGALNACT1, EPAS1, EPB41L4A, GNAI2, NOTCH3, PAPSS2, PCDH1, PTMS, RFTN1, ST8SIA4, VWA1",FALSE,1.66881881019396,"ERBB2.V1","ParenchymalBreast","MSigDBOncogenic","ParenchymalBreast","C6"
"KRAS.600_UP.V1_UP",0.0541012166957684,0.178534015096036,21,243,"A2M, ANO1, DCBLD2, DNM3, DOCK4, GRIN2A, ITGA2, KCNJ8, KIT, LRCH1, NAV3, NRP1, PCDH9, PLEKHS1, SCG5, TBX3, TERT, TMEM156, TRIB2, ZEB1, ZNF528",FALSE,1.54041088123092,"KRAS.600.V1","ParenchymalBreast","MSigDBOncogenic","ParenchymalBreast","C6"
"LEF1_UP.V1_UP",0.0615528055816096,0.196571862986431,16,177,"ANO1, AUTS2, CHST2, EPB41L4A, HOXB2, IGFBP7, ISYNA1, LPL, NES, OBSL1, PMEPA1, PTPRN2, RAMP2, RGCC, TMEM47, TNFRSF1B",FALSE,1.62715719263389,"LEF1.V1","ParenchymalBreast","MSigDBOncogenic","ParenchymalBreast","C6"
"LTE2_UP.V1_UP",0.0640888521194343,0.1982748862445,16,178,"ABCG2, CLMN, CSGALNACT1, DIAPH2, ELF5, EPAS1, EPB41L1, GTDC1, MARCKS, PCDH9, PDE8A, PIP, PRKCH, RFTN1, SASH1, TNS3",FALSE,1.61706226222511,"LTE2.V1","ParenchymalBreast","MSigDBOncogenic","ParenchymalBreast","C6"
"CSR_EARLY_UP.V1_UP",0.0759340268484446,0.224881746626877,13,141,"BCAR3, DCBLD1, ETS1, ID3, NCL, PHLDB1, PTPN12, SMAD7, SMTN, SPRY4, TBX2, TNFRSF12A, ZNF697",FALSE,1.67195774628103,"CSR EARLY.V1","ParenchymalBreast","MSigDBOncogenic","ParenchymalBreast","C6"
"STK33_NOMO_UP",0.07723211500317,0.224881746626877,22,268,"A2M, CLVS1, COL6A3, CTTNBP2NL, DOCK4, EPAS1, FBXO32, HECW2, IRS1, JUN, KCNJ2, KIFC3, KITLG, MAP4K3, MTSS1, NRP1, RHOB, SIPA1L2, SPRED1, TBCEL, ZBTB18, ZEB2",FALSE,1.45450857458971,"STK33 NOMO","ParenchymalBreast","MSigDBOncogenic","ParenchymalBreast","C6"
"CORDENONSI_YAP_CONSERVED_SIGNATURE",0.0925373456701459,0.247612851595046,6,53,"ASAP1, CRIM1, DLC1, GAS6, MARCKS, PHGDH",FALSE,2.17446308231688,"CORDENONSI YAP CONSERVED SIGNATURE","ParenchymalBreast","MSigDBOncogenic","ParenchymalBreast","C6"
"ATF2_UP.V1_UP",0.093902764266251,0.247612851595046,14,160,"ABLIM3, BAIAP3, CEP41, CLDN15, CORO2B, DENND2A, DIP2A, EFHD1, INPP4B, NEDD9, NES, PCDH1, PELP1, TSC22D4",FALSE,1.57499558136253,"ATF2.V1","ParenchymalBreast","MSigDBOncogenic","ParenchymalBreast","C6"
"PRC2_EZH2_UP.V1_UP",0.0972663431675399,0.247612851595046,15,175,"ABLIM3, ATXN1, CDH13, CORO2B, DCBLD2, FXYD6, ITGA2, NES, PAMR1, PCDH9, PLCB1, PMEPA1, RGCC, TMC7, TSPAN13",FALSE,1.5369069388174,"PRC2 EZH2.V1","ParenchymalBreast","MSigDBOncogenic","ParenchymalBreast","C6"
"VEGF_A_UP.V1_UP",0.0972663431675399,0.247612851595046,15,175,"CLIP2, CORO2B, DENND3, GDF11, HDAC5, LMOD1, MTSS1, NEDD9, SEMA5A, SHC2, SMG6, TAGLN, THY1, TP53I11, UBA7",FALSE,1.5369069388174,"VEGF A.V1","ParenchymalBreast","MSigDBOncogenic","ParenchymalBreast","C6"
"NOTCH_DN.V1_UP",0.0975444566889575,0.247612851595046,14,161,"ASB9, ATP1B2, CASKIN2, CLMN, COL4A1, DAAM2, DGKE, FKBP9, IQCC, NYNRIN, RAG1, RANBP17, SLC5A4, TGFB1I1",FALSE,1.56423871700835,"NOTCH DN.V1","ParenchymalBreast","MSigDBOncogenic","ParenchymalBreast","C6"
"IL2_UP.V1_UP",0.101271865431117,0.250647866942016,14,162,"AMIGO2, F2RL2, FLT1, IRS1, LIF, NR2F2, PIP, RGCC, RHOB, RNF144A, RNF20, TBC1D9, TNFRSF12A, TNFRSF1B",FALSE,1.55362672624816,"IL2.V1","ParenchymalBreast","MSigDBOncogenic","ParenchymalBreast","C6"
"CYCLIN_D1_KE_.V1_UP",0.104459695840125,0.252231948492009,15,177,"ATXN1, BCL9, CDK6, CDR2L, COL18A1, COL5A2, DMWD, GGT5, GNAI2, HSPG2, MMP15, NEK3, SMTN, THY1, TRIO",FALSE,1.51783787124888,"CYCLIN D1 KE .V1","ParenchymalBreast","MSigDBOncogenic","ParenchymalBreast","C6"
"CTIP_DN.V1_UP",0.117611457317782,0.275800505399224,10,110,"ADAMTS2, CD34, EGFL7, KCNC4, OLFML2B, PCDHA5, SALL2, SLC9A5, TERT, ZNF528",FALSE,1.66106442577031,"CTIP DN.V1","ParenchymalBreast","MSigDBOncogenic","ParenchymalBreast","C6"
"RPS14_DN.V1_UP",0.119792138708754,0.275800505399224,15,181,"ACTA2, AZU1, BST1, CRIM1, HLA-DRB6, IGFBP7, LY86, MARCKS, NYNRIN, PTPRG, RASAL2, RCBTB2, RHOB, SH3BP5, VWF",FALSE,1.48107408332398,"RPS14 DN.V1","ParenchymalBreast","MSigDBOncogenic","ParenchymalBreast","C6"
"KRAS.50_UP.V1_UP",0.126277103452882,0.284123482768984,5,45,"A2M, DOCK4, ITGA2, SCG5, TERT",FALSE,2.15698054903582,"KRAS.50.V1","ParenchymalBreast","MSigDBOncogenic","ParenchymalBreast","C6"
"PTEN_DN.V2_UP",0.133397797065097,0.293475153543213,11,127,"ANO2, ARHGDIB, CEP41, DENND2A, IL4R, JUN, LOXL2, NAV3, NID2, PRKY, TRIB2",FALSE,1.56939744001815,"PTEN DN.V2","ParenchymalBreast","MSigDBOncogenic","ParenchymalBreast","C6"
"JNK_DN.V1_UP",0.155466656073545,0.334591281549586,13,160,"ADAM12, ADAMTS3, CACNA1H, EFHD1, GABRP, HOXA4, IGFBP3, NID2, PAPSS2, SLC16A2, SLC6A1, STARD13, TBX2",FALSE,1.45519182524628,"JNK DN.V1","ParenchymalBreast","MSigDBOncogenic","ParenchymalBreast","C6"
"KRAS.BREAST_UP.V1_UP",0.168746782098566,0.355445349526767,10,119,"A2M, ANO2, BAIAP3, IGFBP3, LIF, PRB4, SCG5, SOX17, SPON2, TERT",FALSE,1.52384789532251,"KRAS.BREAST.V1","ParenchymalBreast","MSigDBOncogenic","ParenchymalBreast","C6"
"AKT_UP.V1_UP",0.186043027957092,0.383713745161502,12,151,"CLMN, FLT1, KCNQ1, MMP15, PON2, PRKCH, RIMKLB, SPECC1, TMCC3, TNFRSF12A, TRAF4, VILL",FALSE,1.42410268565805,"AKT.V1","ParenchymalBreast","MSigDBOncogenic","ParenchymalBreast","C6"
"PRC2_SUZ12_UP.V1_UP",0.19281113650821,0.389557194169649,13,167,"ATXN1, CBX8, DACH1, DCBLD2, GGT5, GRIN2C, ITGA2, PMEPA1, PRKY, SCG5, TNFRSF1B, VILL, ZNF471",FALSE,1.38877010970523,"PRC2 SUZ12.V1","ParenchymalBreast","MSigDBOncogenic","ParenchymalBreast","C6"
"KRAS.LUNG.BREAST_UP.V1_UP",0.201071953432352,0.395689255685324,10,124,"A2M, DOCK4, ETS1, IGFBP3, ITGA2, LIF, NAV3, SCG5, TBX3, TERT",FALSE,1.45693736009688,"KRAS.LUNG.BREAST.V1","ParenchymalBreast","MSigDBOncogenic","ParenchymalBreast","C6"
"E2F3_UP.V1_UP",0.204188670046527,0.395689255685324,13,169,"ABCG2, APOLD1, ATAD2, CBX2, CHST2, KCNA6, MMP15, NR2F1, PLXND1, RHOBTB2, SAMD1, SHANK3, TLE2",FALSE,1.37088384217022,"E2F3.V1","ParenchymalBreast","MSigDBOncogenic","ParenchymalBreast","C6"
"RB_P107_DN.V1_UP",0.207836780764008,0.395689255685324,10,125,"BGN, CD248, COL16A1, COL5A1, MFGE8, PML, RBPMS2, TAGLN, TMEM119, TSSC4",FALSE,1.4442504274437,"RB P107 DN.V1","ParenchymalBreast","MSigDBOncogenic","ParenchymalBreast","C6"
"P53_DN.V1_UP",0.22095300702234,0.412723541419088,14,187,"APBB2, AUTS2, BCAR3, CDH13, COL3A1, CORO2A, CPE, CRIM1, ITGA2, KRT19, MARCKS, NR2F1, NR2F2, SLC16A2",FALSE,1.3280836949618,"P53 DN.V1","ParenchymalBreast","MSigDBOncogenic","ParenchymalBreast","C6"
"BCAT.100_UP.V1_UP",0.250121504030293,0.450499524565556,4,43,"ENC1, FUT1, IRS1, TBX3",FALSE,1.80813030261785,"BCAT.100.V1","ParenchymalBreast","MSigDBOncogenic","ParenchymalBreast","C6"
"ATM_DN.V1_UP",0.250277513647531,0.450499524565556,10,131,"CD36, DYSF, FLT1, GPR162, PARVA, RGS12, SARDH, SLC6A1, SULT1C2, XAF1",FALSE,1.37251443787391,"ATM DN.V1","ParenchymalBreast","MSigDBOncogenic","ParenchymalBreast","C6"
"RELA_DN.V1_UP",0.265052717866687,0.46314507513645,10,133,"CLDN15, DYSF, FHL5, HTR1F, JUN, KCNC4, KDM5D, NLK, PIP, SCG5",FALSE,1.35015139659103,"RELA DN.V1","ParenchymalBreast","MSigDBOncogenic","ParenchymalBreast","C6"
"CAHOY_OLIGODENDROCUTIC",0.266659285684623,0.46314507513645,7,88,"CDR2L, GPR17, HIP1R, NRP1, PHLDB1, SEMA5A, SOX10",FALSE,1.46096763528158,"CAHOY OLIGODENDROCUTIC","ParenchymalBreast","MSigDBOncogenic","ParenchymalBreast","C6"
"KRAS.DF.V1_UP",0.271581826516083,0.463562083191245,13,180,"AKT3, BBS9, COL6A3, INPP4B, LOXL2, NRP1, PTPRG, PXDN, SCG5, SMARCA1, SMARCD3, SMTN, TRPC1",FALSE,1.28014440433213,"KRAS.DF.V1","ParenchymalBreast","MSigDBOncogenic","ParenchymalBreast","C6"
"AKT_UP_MTOR_DN.V1_UP",0.28138537487608,0.472155120554778,12,166,"CLMN, CPE, FLT1, HOXB3, KCNQ1, NIN, PDE10A, PON2, RIMKLB, TMCC3, TNFRSF12A, VILL",FALSE,1.28486746956697,"AKT MTOR DN.V1","ParenchymalBreast","MSigDBOncogenic","ParenchymalBreast","C6"
"CAHOY_ASTROCYTIC",0.323642396093639,0.530087599576266,7,94,"ELF5, GRIN2C, LGI4, MFGE8, PAPSS2, RARRES1, TTYH3",FALSE,1.36037639007699,"CAHOY ASTROCYTIC","ParenchymalBreast","MSigDBOncogenic","ParenchymalBreast","C6"
"CAHOY_NEURONAL",0.327298464683044,0.530087599576266,6,79,"CPNE5, CRHBP, MEF2C, RAMP3, RGS4, TSPYL5",FALSE,1.40343093759243,"CAHOY NEURONAL","ParenchymalBreast","MSigDBOncogenic","ParenchymalBreast","C6"
"P53_DN.V2_UP",0.331974052259884,0.530087599576266,9,126,"ADAM12, BPI, EML3, NF1, PCDH1, PRRG3, RHD, SARDH, XAF1",FALSE,1.28330455052022,"P53 DN.V2","ParenchymalBreast","MSigDBOncogenic","ParenchymalBreast","C6"
"GLI1_UP.V1_UP",0.356502848652973,0.554644339355823,2,21,"ZBTB16, ZC3H18",FALSE,2.03359331192333,"GLI1.V1","ParenchymalBreast","MSigDBOncogenic","ParenchymalBreast","C6"
"NFE2L2.V2",0.358557956755279,0.554644339355823,25,387,"ACVRL1, ADAMTS12, ARHGAP28, DNAH8, EFCAB14, F2RL2, FLT1, FUT1, IGFBP3, JDP2, KCNE4, KIT, MMP7, MPP3, NEDD4, PHGDH, PHLDB1, PIP, PLXND1, PSAT1P3, SLC48A1, SMG6, TERT, TET1, ZSWIM6",FALSE,1.11705534838899,"NFE2L2.V2","ParenchymalBreast","MSigDBOncogenic","ParenchymalBreast","C6"
"RB_P130_DN.V1_UP",0.373778396601998,0.569293250209197,8,115,"FGF10, MYLK, RASA4, RGL3, SEMA5B, TRAF4, VSIG2, ZNF428",FALSE,1.25465998940806,"RB P130 DN.V1","ParenchymalBreast","MSigDBOncogenic","ParenchymalBreast","C6"
"PKCA_DN.V1_UP",0.38288197688861,0.574322965332915,9,132,"C3orf62, CD36, HOXB4, OAS2, PDK4, SLC23A1, TET1, TREH, VWA1",FALSE,1.22058868760188,"PKCA DN.V1","ParenchymalBreast","MSigDBOncogenic","ParenchymalBreast","C6"
"PDGF_UP.V1_UP",0.408558354567578,0.603690703017765,9,135,"ARHGEF15, CBX2, CDK6, FAM149B1, GNL1, NEDD9, STK10, ZBTB18, ZNF304",FALSE,1.19146175521886,"PDGF.V1","ParenchymalBreast","MSigDBOncogenic","ParenchymalBreast","C6"
"CRX_NRL_DN.V1_UP",0.446770544915287,0.641018607921933,8,123,"BBS9, BST1, FXYD6, KCNB1, MEF2C, PDE8A, PLEKHA2, PROSER2",FALSE,1.16728670184523,"CRX NRL DN.V1","ParenchymalBreast","MSigDBOncogenic","ParenchymalBreast","C6"
"NRL_DN.V1_UP",0.446770544915287,0.641018607921933,8,123,"BBS9, BST1, EML3, KCNB1, MEF2C, PLEKHA2, PROSER2, TRPC1",FALSE,1.16728670184523,"NRL DN.V1","ParenchymalBreast","MSigDBOncogenic","ParenchymalBreast","C6"
"GCNP_SHH_UP_EARLY.V1_UP",0.463178148236384,0.655066238220029,10,158,"ADCY6, CD276, FCGRT, LOXL2, LUC7L3, MPDZ, RGCC, RIMKLB, SOX10, TIA1",FALSE,1.12143847437965,"GCNP SHH EARLY.V1","ParenchymalBreast","MSigDBOncogenic","ParenchymalBreast","C6"
"BCAT_BILD_ET_AL_UP",0.473532697687739,0.660277986916707,3,43,"DACH1, PALMD, TAGLN",FALSE,1.37043914852643,"BCAT BILD ET AL","ParenchymalBreast","MSigDBOncogenic","ParenchymalBreast","C6"
"DCA_UP.V1_UP",0.487151141390813,0.669832819412367,10,161,"AK5, ATP1B2, CAPN11, CASP2, FGD1, MCF2L, PHLDB1, RAI1, RNF125, SARDH",FALSE,1.09906536872175,"DCA.V1","ParenchymalBreast","MSigDBOncogenic","ParenchymalBreast","C6"
"KRAS.AMP.LUNG_UP.V1_UP",0.499295463321423,0.671477781904888,7,112,"LPL, MAGEA12, MAGEA6, MCF2L, MMP15, PLEKHS1, SOX12",FALSE,1.12725260379715,"KRAS.AMP.LUNG.V1","ParenchymalBreast","MSigDBOncogenic","ParenchymalBreast","C6"
"ESC_J1_UP_EARLY.V1_UP",0.50191268546426,0.671477781904888,9,146,"CACNB3, CORO2A, FMNL3, LOXL2, MOCS1, PDGFRB, PDK4, TRIB2, ZBTB16",FALSE,1.09553705790411,"ESC J1 EARLY.V1","ParenchymalBreast","MSigDBOncogenic","ParenchymalBreast","C6"
"SRC_UP.V1_UP",0.518332965077535,0.684199513902346,8,131,"BCL2, BMF, CEACAM19, COX4I2, LGI4, TAF3, TMEM88, WTIP",FALSE,1.09123303048488,"SRC.V1","ParenchymalBreast","MSigDBOncogenic","ParenchymalBreast","C6"
"TBK1.DN.48HRS_UP",0.562221836722129,0.72616694710304,3,49,"IGFBP3, MYLK, PTK2",FALSE,1.19324886932039,"TBK1.DN.48HRS","ParenchymalBreast","MSigDBOncogenic","ParenchymalBreast","C6"
"HOXA9_DN.V1_UP",0.564796514413475,0.72616694710304,10,171,"ACTA2, ATXN1, BST1, COL6A3, CSPG4, FCGRT, LPAR6, RCBTB2, RPS6KC1, VASH1",FALSE,1.03049145354736,"HOXA9 DN.V1","ParenchymalBreast","MSigDBOncogenic","ParenchymalBreast","C6"
"PGF_UP.V1_UP",0.644037427389157,0.81459841010505,10,182,"ARMCX2, BAZ2B, CRYBG3, DMTF1, ITGA2, LRRC17, RARB, RCBTB2, RPGR, THSD7A",FALSE,0.964243088539764,"PGF.V1","ParenchymalBreast","MSigDBOncogenic","ParenchymalBreast","C6"
"IL15_UP.V1_UP",0.650033074730292,0.81459841010505,9,165,"ACVRL1, IRS1, KCNJ2, LIF, NR2F2, RGCC, RHOB, RNF144A, TNFRSF12A",FALSE,0.961610244081281,"IL15.V1","ParenchymalBreast","MSigDBOncogenic","ParenchymalBreast","C6"
"WNT_UP.V1_UP",0.686100587255188,0.849049476728296,8,152,"CDH5, CPS1, EDA, F2R, NF1, SEMA5B, SLC7A2, TGFB1I1",FALSE,0.931658480411741,"WNT.V1","ParenchymalBreast","MSigDBOncogenic","ParenchymalBreast","C6"
"SINGH_KRAS_DEPENDENCY_SIGNATURE",0.705831459185013,0.861447216576658,1,20,"CLDN7",FALSE,1.21918645518169,"SINGH KRAS DEPENDENCY SIGNATURE","ParenchymalBreast","MSigDBOncogenic","ParenchymalBreast","C6"
"CSR_LATE_UP.V1_UP",0.713521936962485,0.861447216576658,8,156,"CASP2, DCBLD1, HIP1, IGFBP3, ITGA6, KCNC4, TRPC4, TSPAN13",FALSE,0.906380357039566,"CSR LATE.V1","ParenchymalBreast","MSigDBOncogenic","ParenchymalBreast","C6"
"EIF4E_UP",0.773774420282645,0.922935754313035,4,88,"CACNB3, DXO, SNTB1, TP53I11",FALSE,0.843311912790821,"EIF4E","ParenchymalBreast","MSigDBOncogenic","ParenchymalBreast","C6"
"RB_DN.V1_UP",0.788359574617069,0.925773675827616,5,110,"ACOX3, FXYD6, PALMD, PLEKHA6, SMARCA1",FALSE,0.82533401083115,"RB DN.V1","ParenchymalBreast","MSigDBOncogenic","ParenchymalBreast","C6"
"CRX_DN.V1_UP",0.79485618631664,0.925773675827616,5,111,"BCAR3, BST1, CLDN7, MEF2C, MYLK",FALSE,0.817543229350863,"CRX DN.V1","ParenchymalBreast","MSigDBOncogenic","ParenchymalBreast","C6"
"MYC_UP.V1_UP",0.814539799609455,0.937667908852745,7,154,"ANO2, ITPR1, LHX6, RPTOR, TSSC4, TTYH2, ZNF667",FALSE,0.804567136912615,"MYC.V1","ParenchymalBreast","MSigDBOncogenic","ParenchymalBreast","C6"
"ALK_DN.V1_UP",0.825013926583239,0.938808950939548,5,116,"ADAM12, BST1, EPAS1, STEAP4, TBX2",FALSE,0.780685496338741,"ALK DN.V1","ParenchymalBreast","MSigDBOncogenic","ParenchymalBreast","C6"
"PDGF_ERK_DN.V1_UP",0.886846729586839,0.997702570785194,5,129,"CDK6, CORO2B, CPS1, FAM149B1, MYO1E",FALSE,0.698710345567203,"PDGF ERK DN.V1","ParenchymalBreast","MSigDBOncogenic","ParenchymalBreast","C6"
"MTOR_UP.V1_UP",0.900214710082009,0.998537828461345,6,154,"ADRA1B, ATXN7L1, ELF5, ISYNA1, OAS2, TNFRSF12A",FALSE,0.692008504134551,"MTOR.V1","ParenchymalBreast","MSigDBOncogenic","ParenchymalBreast","C6"
"TBK1.DF_UP",0.92032308834818,0.998537828461345,11,265,"ARAP3, DDAH2, DMTF1, EOGT, GCC2, LRP12, MAST4, NCK2, PXDN, RHOBTB1, TNS3",FALSE,0.713413266843592,"TBK1.DF","ParenchymalBreast","MSigDBOncogenic","ParenchymalBreast","C6"
"CAMP_UP.V1_UP",0.927365124360832,0.998537828461345,7,185,"CEP41, COL6A3, HMGB2, KANSL1, NDRG2, RAPGEF2, SLC22A17",FALSE,0.663798453513142,"CAMP.V1","ParenchymalBreast","MSigDBOncogenic","ParenchymalBreast","C6"
"BCAT_GDS748_UP",0.932356043534784,0.998537828461345,1,44,"NEDD9",FALSE,0.545874261915526,"BCAT GDS748","ParenchymalBreast","MSigDBOncogenic","ParenchymalBreast","C6"
"GCNP_SHH_UP_LATE.V1_UP",0.938020384312172,0.998537828461345,6,168,"ELAVL2, FOXA1, LOXL2, LUC7L3, NR5A2, SARDH",FALSE,0.631942560829677,"GCNP SHH LATE.V1","ParenchymalBreast","MSigDBOncogenic","ParenchymalBreast","C6"
"SNF5_DN.V1_UP",0.959686995223722,1,5,157,"CD93, COL15A1, GABRQ, LY86, TAPBP",FALSE,0.569617573456867,"SNF5 DN.V1","ParenchymalBreast","MSigDBOncogenic","ParenchymalBreast","C6"
"E2F1_UP.V1_UP",0.97686066746453,1,5,171,"ADCY6, BCL2, CDR2L, FMNL3, PKP4",FALSE,0.521353158658858,"E2F1.V1","ParenchymalBreast","MSigDBOncogenic","ParenchymalBreast","C6"
"MTOR_UP.N4.V1_UP",0.983316116973975,1,5,179,"ITPR1, KLHL7, PHGDH, PLCB1, SSTR2",FALSE,0.497250585571027,"MTOR.N4.V1","ParenchymalBreast","MSigDBOncogenic","ParenchymalBreast","C6"
"HINATA_NFKB_IMMU_INF",1,1,0,14,"",FALSE,0.546234822247471,"HINATA NFKB IMMU INF","ParenchymalBreast","MSigDBOncogenic","ParenchymalBreast","C6"
"HINATA_NFKB_MATRIX",1,1,0,10,"",FALSE,0.754475509934025,"HINATA NFKB MATRIX","ParenchymalBreast","MSigDBOncogenic","ParenchymalBreast","C6"
"SIRNA_EIF4GI_UP",1,1,0,89,"",FALSE,0.0881634771269081,"SIRNA EIF4GI","ParenchymalBreast","MSigDBOncogenic","ParenchymalBreast","C6"
"MYC_UP.V1_UP",3.05459202940133e-14,3.02404610910732e-12,28,154,"ABCC4, APOA4, CCDC78, CD320, CDCA7L, DCAF4, DCTPP1, DPP7, EXOSC5, FAM216A, IPO4, NIP7, NLE1, NOP14, PPRC1, PUS1, PUS7, QTRT1, RPUSD4, RRP12, RRP9, TAF4B, TMEM132B, TOP1MT, TRMT1, UBE3D, UTP14A, WDR4",TRUE,7.35207202319177,"MYC.V1","CutaneousBreast","MSigDBOncogenic","CutaneousBreast","C6"
"CSR_LATE_UP.V1_UP",2.68218928034336e-05,0.00132768369376996,16,156,"DCTPP1, EIF3B, EIF5A, FAM216A, FANCA, GTF3C6, IMP4, LYAR, MTHFD1, NDC1, NUP88, PA2G4, PAICS, SMS, SRM, TRIP13",TRUE,3.75773122615561,"CSR LATE.V1","CutaneousBreast","MSigDBOncogenic","CutaneousBreast","C6"
"IL15_UP.V1_UP",5.33140029471287e-05,0.00175936209725525,16,165,"AMD1, CCNE1, CDC25A, HK2, INHBB, LRP8, MAF, PAK6, PNO1, POLR3G, PUS1, PUS7, RPP25, TIMM50, URB2, ZNF276",TRUE,3.52995759815412,"IL15.V1","CutaneousBreast","MSigDBOncogenic","CutaneousBreast","C6"
"CAMP_UP.V1_UP",0.000205207974272191,0.00507889736323673,16,185,"AATF, CHAF1A, CS, EARS2, IPO4, MAD2L1, MRPL15, MRRF, MYC, NME1, OXA1L, PA2G4, PRMT1, RUVBL1, SCARB1, SRPK1",TRUE,3.11039424536213,"CAMP.V1","CutaneousBreast","MSigDBOncogenic","CutaneousBreast","C6"
"CSR_EARLY_UP.V1_UP",0.000428630358656343,0.00741369768052809,13,141,"AMD1, DDX21, DHX33, EIF4A1, FAM107B, GTPBP4, HMGA1, MRPS35, NIP7, NOP16, PPIF, RRP9, YWHAG",TRUE,3.34786538117435,"CSR EARLY.V1","CutaneousBreast","MSigDBOncogenic","CutaneousBreast","C6"
"MTOR_UP.N4.V1_UP",0.000449315010941096,0.00741369768052809,15,179,"ARG2, BCAT1, BCHE, CCDC86, E2F5, EBNA1BP2, FAH, FKBP11, MIPEP, POLR3G, PYCR1, RABEPK, RRP12, RRP9, TBRG4",TRUE,3.00672542901345,"MTOR.N4.V1","CutaneousBreast","MSigDBOncogenic","CutaneousBreast","C6"
"E2F1_UP.V1_UP",0.000865112902453136,0.0122351681918372,14,171,"BOK, CAD, DCTPP1, GRSF1, MPG, NOLC1, NOP56, PARP1, RDH13, RRP1B, THOP1, TRAF3, UCK2, USP10",TRUE,2.93417345080109,"E2F1.V1","CutaneousBreast","MSigDBOncogenic","CutaneousBreast","C6"
"EIF4E_UP",0.0015520883333446,0.0172233930918104,9,88,"DNPH1, LAMC3, MRPS35, NOP16, NPM3, PFDN2, PNO1, TUFM, UROS",TRUE,3.79344664805694,"EIF4E","CutaneousBreast","MSigDBOncogenic","CutaneousBreast","C6"
"IL2_UP.V1_UP",0.0015657630083464,0.0172233930918104,13,162,"CDC25A, HK2, INHBB, LRP8, MEGF6, PAK6, POLR3G, PUS1, PUS7, RAC3, RPP25, SIGLEC9, URB2",TRUE,2.87464059204884,"IL2.V1","CutaneousBreast","MSigDBOncogenic","CutaneousBreast","C6"
"SIRNA_EIF4GI_UP",0.00615787033729183,0.0609629163391892,8,89,"ADSL, AFG3L2, CCT4, CTSC, DDX54, GSS, HSPD1, SAMM50",FALSE,3.30540095559383,"SIRNA EIF4GI","CutaneousBreast","MSigDBOncogenic","CutaneousBreast","C6"
"NFE2L2.V2",0.0174893347923306,0.157404013130976,20,387,"ANKS6, BCAT1, CAMKK1, CBS, GPC1, HMOX1, L3HYPDH, LEP, LRP8, LRPPRC, NLN, PA2G4, PPAT, PPIAP22, PPIF, PRR5, RPL22L1, TKT, TXNRD3, UCHL1",FALSE,1.77619851723195,"NFE2L2.V2","CutaneousBreast","MSigDBOncogenic","CutaneousBreast","C6"
"MTOR_UP.V1_UP",0.0211661896446484,0.164138757011572,10,154,"CCDC86, CMBL, GSS, HMOX1, KIF9, MTHFD1, MYO7B, PFKP, PPAN, TARS2",FALSE,2.30299231452723,"MTOR.V1","CutaneousBreast","MSigDBOncogenic","CutaneousBreast","C6"
"LEF1_UP.V1_UP",0.0215535741530347,0.164138757011572,11,177,"ARG2, ARHGAP4, CARD9, CBS, FBXO17, GNG4, PARVB, PLTP, RPP25, SLC17A9, WASF3",FALSE,2.19008519008519,"LEF1.V1","CutaneousBreast","MSigDBOncogenic","CutaneousBreast","C6"
"RB_P130_DN.V1_UP",0.0259496317661161,0.183500967488964,8,115,"DCTPP1, EFTUD2, GFER, LSM4, POLD2, QTRT1, RABEPK, RUVBL2",FALSE,2.50277522977032,"RB P130 DN.V1","CutaneousBreast","MSigDBOncogenic","CutaneousBreast","C6"
"GCNP_SHH_UP_LATE.V1_UP",0.0356325758247746,0.226749399686778,10,168,"BOK, CDC25A, CDCA7, CUL4A, GNL3, MDN1, NOP56, SRSF1, THOP1, TRIP13",FALSE,2.09813442058867,"GCNP SHH LATE.V1","CutaneousBreast","MSigDBOncogenic","CutaneousBreast","C6"
"CRX_NRL_DN.V1_UP",0.0366463676261459,0.226749399686778,8,123,"ARG2, CROCC, REC8, RHPN1, RNF207, SLC25A25, ST8SIA1, TNIP2",FALSE,2.32851216841936,"CRX NRL DN.V1","CutaneousBreast","MSigDBOncogenic","CutaneousBreast","C6"
"RB_P107_DN.V1_UP",0.0397236725061992,0.23133197518316,8,125,"CCNE1, FANCA, FKBP10, MAD2L1, POLE, PRDX4, SNCG, TCFL5",FALSE,2.28865412779122,"RB P107 DN.V1","CutaneousBreast","MSigDBOncogenic","CutaneousBreast","C6"
"CRX_DN.V1_UP",0.055910016810772,0.307505092459246,7,111,"ARG2, DOCK8, FAM107B, RHPN1, RNF207, SLC25A25, ST8SIA1",FALSE,2.26855221592064,"CRX DN.V1","CutaneousBreast","MSigDBOncogenic","CutaneousBreast","C6"
"ALK_DN.V1_UP",0.0675628333243399,0.352037921005771,7,116,"ARHGAP4, CARD9, CBS, MPO, RBM17, SCN9A, TREM1",FALSE,2.16443645210768,"ALK DN.V1","CutaneousBreast","MSigDBOncogenic","CutaneousBreast","C6"
"GCNP_SHH_UP_EARLY.V1_UP",0.115908247972932,0.558305597796373,8,158,"CXorf38, DHODH, GNL3, MTA1, PLCG2, SHC1, SRSF1, STAT5A",FALSE,1.78394010169762,"GCNP SHH EARLY.V1","CutaneousBreast","MSigDBOncogenic","CutaneousBreast","C6"
"ATF2_UP.V1_UP",0.122080972112311,0.558305597796373,8,160,"CARD9, DCAF4, FSD1, LIPE, LTB, NME3, STAT5A, TRIM14",FALSE,1.76037173684277,"ATF2.V1","CutaneousBreast","MSigDBOncogenic","CutaneousBreast","C6"
"PDGF_UP.V1_UP",0.124067910621416,0.558305597796373,7,135,"CCNE1, CDC25A, ETFB, KBTBD11, MMP17, URB2, WDR46",FALSE,1.84269038354641,"PDGF.V1","CutaneousBreast","MSigDBOncogenic","CutaneousBreast","C6"
"BCAT_BILD_ET_AL_UP",0.146008168159448,0.628469941208061,3,43,"MTCH2, RPL27A, RPL37A",FALSE,2.72331656291748,"BCAT BILD ET AL","CutaneousBreast","MSigDBOncogenic","CutaneousBreast","C6"
"CAHOY_ASTROCYTIC",0.164421319918744,0.653747189709976,5,94,"BCAT1, CBS, GPAM, RAN, TNFRSF19",FALSE,1.93785937614237,"CAHOY ASTROCYTIC","CutaneousBreast","MSigDBOncogenic","CutaneousBreast","C6"
"ESC_J1_UP_EARLY.V1_UP",0.165087674169186,0.653747189709976,7,146,"CDHR1, CUL4A, DPP7, NAAA, NEK2, NME3, NR1H3",FALSE,1.69647527712044,"ESC J1 EARLY.V1","CutaneousBreast","MSigDBOncogenic","CutaneousBreast","C6"
"BRCA1_DN.V1_UP",0.206552316658251,0.769813257855206,5,102,"CCL27, CTLA4, IQCA1, PRSS21, RPP25",FALSE,1.77816071534316,"BRCA1 DN.V1","CutaneousBreast","MSigDBOncogenic","CutaneousBreast","C6"
"IL21_UP.V1_UP",0.215701447666019,0.769813257855206,7,158,"BOK, GDF9, NR1H3, OLFM1, PTX3, RPP25, SCN9A",FALSE,1.56118353148056,"IL21.V1","CutaneousBreast","MSigDBOncogenic","CutaneousBreast","C6"
"ATM_DN.V1_UP",0.217724961817634,0.769813257855206,6,131,"APBA2, BCHE, LIPE, PLTP, QTRT1, TREM1",FALSE,1.63289171763217,"ATM DN.V1","CutaneousBreast","MSigDBOncogenic","CutaneousBreast","C6"
"RB_DN.V1_UP",0.251763651481163,0.847731491127984,5,110,"AHCY, CCNE1, MYC, NME4, PKHD1",FALSE,1.64268175665568,"RB DN.V1","CutaneousBreast","MSigDBOncogenic","CutaneousBreast","C6"
"PRC2_SUZ12_UP.V1_UP",0.256888330644844,0.847731491127984,7,167,"DNAJC12, FCHO1, IPCEF1, MCTP1, NEIL1, PLEK2, STAT5A",FALSE,1.47299101504709,"PRC2 SUZ12.V1","CutaneousBreast","MSigDBOncogenic","CutaneousBreast","C6"
"KRAS.PROSTATE_UP.V1_UP",0.287142345067598,0.888848260181839,5,116,"FSD1, MMP17, MYO7B, PLCH2, THSD4",FALSE,1.55383064585728,"KRAS.PROSTATE.V1","CutaneousBreast","MSigDBOncogenic","CutaneousBreast","C6"
"CAHOY_OLIGODENDROCUTIC",0.287304488139584,0.888848260181839,4,88,"CLYBL, PUS7, RTKN, ZNF276",FALSE,1.67716685844753,"CAHOY OLIGODENDROCUTIC","CutaneousBreast","MSigDBOncogenic","CutaneousBreast","C6"
"NRL_DN.V1_UP",0.329442786058605,0.988328358175816,5,123,"ARG2, NME4, RHPN1, RNF207, ST8SIA1",FALSE,1.46154295904347,"NRL DN.V1","CutaneousBreast","MSigDBOncogenic","CutaneousBreast","C6"
"P53_DN.V1_UP",0.354762915459417,1,7,187,"EXPH5, GRIK2, INHBB, MTAP, SCRN1, SNHG3, UCHL1",FALSE,1.30849527802436,"P53 DN.V1","CutaneousBreast","MSigDBOncogenic","CutaneousBreast","C6"
"HINATA_NFKB_IMMU_INF",0.354881438322608,1,1,14,"PTX3",FALSE,3.4952818158633,"HINATA NFKB IMMU INF","CutaneousBreast","MSigDBOncogenic","CutaneousBreast","C6"
"PRC1_BMI_UP.V1_UP",0.399090127974613,1,6,165,"DNAJC12, DPEP1, FCHO1, MCTP1, NEIL1, PLEK2",FALSE,1.28267789424836,"PRC1 BMI.V1","CutaneousBreast","MSigDBOncogenic","CutaneousBreast","C6"
"CYCLIN_D1_UP.V1_UP",0.410103287088712,1,6,167,"CETP, EIF5A, RABEPK, STAT5A, TGFB1, TTLL12",FALSE,1.2666692128298,"CYCLIN D1.V1","CutaneousBreast","MSigDBOncogenic","CutaneousBreast","C6"
"TBK1.DN.48HRS_UP",0.448327692201565,1,2,49,"FCHO1, FSD1",FALSE,1.65545472877596,"TBK1.DN.48HRS","CutaneousBreast","MSigDBOncogenic","CutaneousBreast","C6"
"VEGF_A_UP.V1_UP",0.453887664470738,1,6,175,"ETFB, GRIK2, LTB, NFKB2, PLTP, SH3BP2",FALSE,1.20641234707733,"VEGF A.V1","CutaneousBreast","MSigDBOncogenic","CutaneousBreast","C6"
"LTE2_UP.V1_UP",0.470127918503309,1,6,178,"ENOSF1, FGFR4, GOLM1, LRP8, TIMM13, UROS",FALSE,1.18525694747075,"LTE2.V1","CutaneousBreast","MSigDBOncogenic","CutaneousBreast","C6"
"CAHOY_ASTROGLIAL",0.519903143113788,1,3,89,"CCNG1, HMOX1, TSPO",FALSE,1.27222195112213,"CAHOY ASTROGLIAL","CutaneousBreast","MSigDBOncogenic","CutaneousBreast","C6"
"SNF5_DN.V1_UP",0.533529404908435,1,5,157,"CFP, DDX3Y, LILRB1, RCC1, STOML2",FALSE,1.13380279912669,"SNF5 DN.V1","CutaneousBreast","MSigDBOncogenic","CutaneousBreast","C6"
"P53_DN.V2_UP",0.546557413016246,1,4,126,"CTLA4, MMP17, PTX3, TFAP4",FALSE,1.15475693736372,"P53 DN.V2","CutaneousBreast","MSigDBOncogenic","CutaneousBreast","C6"
"NOTCH_DN.V1_UP",0.555951346797431,1,5,161,"CDHR1, CDKL1, HMOX1, SLC17A9, SPTBN2",FALSE,1.10460737800274,"NOTCH DN.V1","CutaneousBreast","MSigDBOncogenic","CutaneousBreast","C6"
"PDGF_ERK_DN.V1_UP",0.56521441404493,1,4,129,"ADCY7, GAP43, KBTBD11, RBM3",FALSE,1.12698782119791,"PDGF ERK DN.V1","CutaneousBreast","MSigDBOncogenic","CutaneousBreast","C6"
"AKT_UP_MTOR_DN.V1_UP",0.5832096255032,1,5,166,"CAMKK1, GDPD2, NFKB2, PFDN2, TRAF3",FALSE,1.0701468383634,"AKT MTOR DN.V1","CutaneousBreast","MSigDBOncogenic","CutaneousBreast","C6"
"RELA_DN.V1_UP",0.589418803040384,1,4,133,"APBA2, FLRT1, PODXL2, PPAN",FALSE,1.09196371071851,"RELA DN.V1","CutaneousBreast","MSigDBOncogenic","CutaneousBreast","C6"
"CYCLIN_D1_KE_.V1_UP",0.639835463960229,1,5,177,"EIF5A, FGFR4, IFRD2, THOP1, TTLL12",FALSE,1.00136559895572,"CYCLIN D1 KE .V1","CutaneousBreast","MSigDBOncogenic","CutaneousBreast","C6"
"MEK_UP.V1_UP",0.659201942388516,1,5,181,"ABCC4, GOLM1, LRP8, NME4, SPTBN2",FALSE,0.978479850484247,"MEK.V1","CutaneousBreast","MSigDBOncogenic","CutaneousBreast","C6"
"RAPA_EARLY_UP.V1_UP",0.667570193585019,1,4,147,"EFNA5, GAS8, MPO, SNCG",FALSE,0.984755762787671,"RAPA EARLY.V1","CutaneousBreast","MSigDBOncogenic","CutaneousBreast","C6"
"WNT_UP.V1_UP",0.692875641020334,1,4,152,"AP2S1, CCDC86, INHBB, POLD2",FALSE,0.951366082034798,"WNT.V1","CutaneousBreast","MSigDBOncogenic","CutaneousBreast","C6"
"YAP1_UP",0.714389548287207,1,1,40,"CAMK4",FALSE,1.19307913571519,"YAP1","CutaneousBreast","MSigDBOncogenic","CutaneousBreast","C6"
"BCAT_GDS748_UP",0.748061752742479,1,1,44,"FAH",FALSE,1.08315964435533,"BCAT GDS748","CutaneousBreast","MSigDBOncogenic","CutaneousBreast","C6"
"E2F3_UP.V1_UP",0.768486994046192,1,4,169,"CCNE1, FANCA, INHBB, POLE",FALSE,0.85293209267331,"E2F3.V1","CutaneousBreast","MSigDBOncogenic","CutaneousBreast","C6"
"SRC_UP.V1_UP",0.772689973473327,1,3,131,"LAMC3, MATK, MRPS34",FALSE,0.854642533990701,"SRC.V1","CutaneousBreast","MSigDBOncogenic","CutaneousBreast","C6"
"ERBB2_UP.V1_UP",0.783988870254317,1,4,173,"FGFR4, NME4, SPTBN2, UROS",FALSE,0.832640650826798,"ERBB2.V1","CutaneousBreast","MSigDBOncogenic","CutaneousBreast","C6"
"PRC2_EZH2_UP.V1_UP",0.791424765923119,1,4,175,"CARD9, DNAJC12, EPHB2, MCTP1",FALSE,0.822849882239049,"PRC2 EZH2.V1","CutaneousBreast","MSigDBOncogenic","CutaneousBreast","C6"
"KRAS.DF.V1_UP",0.809117914369599,1,4,180,"ETFB, LRP8, MTAP, PLCH2",FALSE,0.799343716861948,"KRAS.DF.V1","CutaneousBreast","MSigDBOncogenic","CutaneousBreast","C6"
"CORDENONSI_YAP_CONSERVED_SIGNATURE",0.810033991937438,1,1,53,"CENPF",FALSE,0.89708164826757,"CORDENONSI YAP CONSERVED SIGNATURE","CutaneousBreast","MSigDBOncogenic","CutaneousBreast","C6"
"EGFR_UP.V1_UP",0.812505845939793,1,4,181,"HK2, LRP8, MGLL, NFKB2",FALSE,0.794801398707387,"EGFR.V1","CutaneousBreast","MSigDBOncogenic","CutaneousBreast","C6"
"STK33_UP",0.815796445958137,1,6,260,"CPEB2, GPRIN3, HMOX1, RNF141, TRAC, TREM1",FALSE,0.800137236754608,"STK33","CutaneousBreast","MSigDBOncogenic","CutaneousBreast","C6"
"STK33_NOMO_UP",0.837199239320392,1,6,268,"FAM13A, GPRIN3, HMOX1, PTX3, SIGLEC9, TREM1",FALSE,0.77544663509197,"STK33 NOMO","CutaneousBreast","MSigDBOncogenic","CutaneousBreast","C6"
"AKT_UP.V1_UP",0.848130253131277,1,3,151,"CAMKK1, GDPD2, PFKP",FALSE,0.738815631371272,"AKT.V1","CutaneousBreast","MSigDBOncogenic","CutaneousBreast","C6"
"PTEN_DN.V1_UP",0.860299861960872,1,3,155,"INHBB, LAMC3, UCHL1",FALSE,0.719295950077375,"PTEN DN.V1","CutaneousBreast","MSigDBOncogenic","CutaneousBreast","C6"
"JNK_DN.V1_UP",0.874303388910814,1,3,160,"BAG2, MMP17, NLE1",FALSE,0.696290611409568,"JNK DN.V1","CutaneousBreast","MSigDBOncogenic","CutaneousBreast","C6"
"KRAS.BREAST_UP.V1_UP",0.88529694868202,1,2,119,"EFNA5, MGLL",FALSE,0.666943833048015,"KRAS.BREAST.V1","CutaneousBreast","MSigDBOncogenic","CutaneousBreast","C6"
"HOXA9_DN.V1_UP",0.900813343183743,1,3,171,"CARD9, IPCEF1, MPO",FALSE,0.650484729373666,"HOXA9 DN.V1","CutaneousBreast","MSigDBOncogenic","CutaneousBreast","C6"
"KRAS.KIDNEY_UP.V1_UP",0.9106719618875,1,2,129,"GAP43, GRIK2",FALSE,0.614334009465855,"KRAS.KIDNEY.V1","CutaneousBreast","MSigDBOncogenic","CutaneousBreast","C6"
"CAHOY_NEURONAL",0.91602541784626,1,1,79,"GABRD",FALSE,0.599198826505002,"CAHOY NEURONAL","CutaneousBreast","MSigDBOncogenic","CutaneousBreast","C6"
"RPS14_DN.V1_UP",0.920423708005801,1,3,181,"KBTBD11, MAF, SCN3A",FALSE,0.613742043248612,"RPS14 DN.V1","CutaneousBreast","MSigDBOncogenic","CutaneousBreast","C6"
"JAK2_DN.V1_UP",0.934176002127684,1,2,141,"ASGR1, EPPK1",FALSE,0.56115848885593,"JAK2 DN.V1","CutaneousBreast","MSigDBOncogenic","CutaneousBreast","C6"
"PRC2_EED_DN.V1_UP",0.961876544654459,1,2,162,"DNAJC12, MCTP1",FALSE,0.487234575858488,"PRC2 EED DN.V1","CutaneousBreast","MSigDBOncogenic","CutaneousBreast","C6"
"TBK1.DF_UP",0.964974609982943,1,4,265,"HMOX1, MGLL, NME3, USP10",FALSE,0.53727019809736,"TBK1.DF","CutaneousBreast","MSigDBOncogenic","CutaneousBreast","C6"
"ATF2_S_UP.V1_UP",0.968314070824908,1,2,169,"EPX, FSD1",FALSE,0.46671241493681,"ATF2 S.V1","CutaneousBreast","MSigDBOncogenic","CutaneousBreast","C6"
"CTIP_DN.V1_UP",0.968314387123424,1,1,110,"CTLA4",FALSE,0.428912808795632,"CTIP DN.V1","CutaneousBreast","MSigDBOncogenic","CutaneousBreast","C6"
"KRAS.LUNG_UP.V1_UP",0.973766096252584,1,1,116,"LILRB1",FALSE,0.40651238585439,"KRAS.LUNG.V1","CutaneousBreast","MSigDBOncogenic","CutaneousBreast","C6"
"PGF_UP.V1_UP",0.977601156357899,1,2,182,"MIPEP, PPAT",FALSE,0.432822831428238,"PGF.V1","CutaneousBreast","MSigDBOncogenic","CutaneousBreast","C6"
"RAF_UP.V1_UP",0.978194607768078,1,2,183,"ABCC4, FAM13A",FALSE,0.430417022893512,"RAF.V1","CutaneousBreast","MSigDBOncogenic","CutaneousBreast","C6"
"STK33_SKM_UP",0.979431659859414,1,3,239,"CPEB2, HMOX1, RNF141",FALSE,0.461908524643894,"STK33 SKM","CutaneousBreast","MSigDBOncogenic","CutaneousBreast","C6"
"KRAS.LUNG.BREAST_UP.V1_UP",0.979606403372252,1,1,124,"MGLL",FALSE,0.380030914199158,"KRAS.LUNG.BREAST.V1","CutaneousBreast","MSigDBOncogenic","CutaneousBreast","C6"
"KRAS.300_UP.V1_UP",0.982577248348449,1,1,129,"PTX3",FALSE,0.365154406532916,"KRAS.300.V1","CutaneousBreast","MSigDBOncogenic","CutaneousBreast","C6"
"PKCA_DN.V1_UP",0.984148053591554,1,1,132,"GDPD2",FALSE,0.356771522745323,"PKCA DN.V1","CutaneousBreast","MSigDBOncogenic","CutaneousBreast","C6"
"BMI1_DN_MEL18_DN.V1_UP",0.985115878695816,1,1,134,"MGLL",FALSE,0.351392244010213,"BMI1 DN MEL18 DN.V1","CutaneousBreast","MSigDBOncogenic","CutaneousBreast","C6"
"BMI1_DN.V1_UP",0.986024699005353,1,1,136,"SLC5A6",FALSE,0.346171763171343,"BMI1 DN.V1","CutaneousBreast","MSigDBOncogenic","CutaneousBreast","C6"
"ESC_V6.5_UP_EARLY.V1_UP",0.988790834058331,1,1,143,"NME3",FALSE,0.329054081262836,"ESC V6.5 EARLY.V1","CutaneousBreast","MSigDBOncogenic","CutaneousBreast","C6"
"DCA_UP.V1_UP",0.993645034782852,1,1,161,"LAMC3",FALSE,0.291893399309255,"DCA.V1","CutaneousBreast","MSigDBOncogenic","CutaneousBreast","C6"
"ESC_V6.5_UP_LATE.V1_UP",0.994740890022409,1,1,167,"FAM107B",FALSE,0.281292003556732,"ESC V6.5 LATE.V1","CutaneousBreast","MSigDBOncogenic","CutaneousBreast","C6"
"ESC_J1_UP_LATE.V1_UP",0.994904230380738,1,1,168,"CTSC",FALSE,0.279598944832075,"ESC J1 LATE.V1","CutaneousBreast","MSigDBOncogenic","CutaneousBreast","C6"
"KRAS.600.LUNG.BREAST_UP.V1_UP",0.995435232955204,1,2,240,"LAMC3, MGLL",FALSE,0.326634376731969,"KRAS.600.LUNG.BREAST.V1","CutaneousBreast","MSigDBOncogenic","CutaneousBreast","C6"
"KRAS.600_UP.V1_UP",0.995802405447198,1,2,243,"MMP17, PTX3",FALSE,0.322529211584684,"KRAS.600.V1","CutaneousBreast","MSigDBOncogenic","CutaneousBreast","C6"
"BCAT.100_UP.V1_UP",1,1,0,43,"",FALSE,0.360501567398119,"BCAT.100.V1","CutaneousBreast","MSigDBOncogenic","CutaneousBreast","C6"
"GLI1_UP.V1_UP",1,1,0,21,"",FALSE,0.73016860020964,"GLI1.V1","CutaneousBreast","MSigDBOncogenic","CutaneousBreast","C6"
"HINATA_NFKB_MATRIX",1,1,0,10,"",FALSE,1.49590745389065,"HINATA NFKB MATRIX","CutaneousBreast","MSigDBOncogenic","CutaneousBreast","C6"
"KRAS.50_UP.V1_UP",1,1,0,45,"",FALSE,0.344621764789832,"KRAS.50.V1","CutaneousBreast","MSigDBOncogenic","CutaneousBreast","C6"
"KRAS.AMP.LUNG_UP.V1_UP",1,1,0,112,"",FALSE,0.138925388337153,"KRAS.AMP.LUNG.V1","CutaneousBreast","MSigDBOncogenic","CutaneousBreast","C6"
"MEL18_DN.V1_UP",1,1,0,134,"",FALSE,0.116076575949745,"MEL18 DN.V1","CutaneousBreast","MSigDBOncogenic","CutaneousBreast","C6"
"PTEN_DN.V2_UP",1,1,0,127,"",FALSE,0.122491349480969,"PTEN DN.V2","CutaneousBreast","MSigDBOncogenic","CutaneousBreast","C6"
"SINGH_KRAS_DEPENDENCY_SIGNATURE",1,1,0,20,"",FALSE,0.765823846168179,"SINGH KRAS DEPENDENCY SIGNATURE","CutaneousBreast","MSigDBOncogenic","CutaneousBreast","C6"
"TGFB_UP.V1_UP",1,1,0,176,"",FALSE,0.0882731665934465,"TGFB.V1","CutaneousBreast","MSigDBOncogenic","CutaneousBreast","C6"
"PGF_UP.V1_UP",5.09064830104326e-06,0.000503974181803283,33,182,"ABCA8, ACADM, AGA, AKAP9, ARL4A, BCAS2, CCPG1, CEP350, CFH, CPA3, DNAJB9, GLRB, IL6ST, LGALS8, MICU2, MTM1, OSBPL8, PEX1, PHEX, PLA2G4A, PTGS2, RNF6, SOCS5, SP3, STAM2, STXBP3, TMED5, TNFSF10, TOPORS, TWF1, UGP2, ZNF117, ZNF354A",TRUE,2.65726471883568,"PGF.V1","HNFS","MSigDBOncogenic","HNFS","C6"
"JNK_DN.V1_UP",1.87116513703672e-05,0.000926226742833178,29,160,"AKR1C3, ALOX12B, ARL4A, BIRC3, BMP7, BMX, CBX4, EPHA4, EPM2A, HR, HSD3B1, IL13RA2, KCND3, KCNJ5, KLK7, KRT34, MAP7, MICU2, MS4A1, PDE6A, PDK3, PLAA, PMEL, PTPN22, SCNN1B, SERPINB3, SYNE1, TGM1, TNNC1",TRUE,2.65625568574915,"JNK DN.V1","HNFS","MSigDBOncogenic","HNFS","C6"
"STK33_NOMO_UP",3.01065596853122e-05,0.000993516469615301,41,268,"ABHD2, ANKRD12, APPL2, ARID5B, C15orf48, CAMK2D, CFL2, CPEB4, EGR2, ELK4, EOMES, FNDC3A, GPNMB, GPR137B, HBP1, HINT3, HSD11B1, IL6ST, IL7R, MYOZ2, NPEPPS, OSTM1, PPCS, PTPN3, RAB12, RAB8B, SAR1B, SEMA4D, SGK1, SLC11A2, STAM2, STK17B, STX12, SYNJ1, THBD, TM6SF1, TPSAB1, TUBB2A, TWF1, UEVLD, ZIC2",TRUE,2.16509563509871,"STK33 NOMO","HNFS","MSigDBOncogenic","HNFS","C6"
"LEF1_UP.V1_UP",5.08071900630421e-05,0.00118067553580306,30,177,"BMP7, CCR7, CRABP2, EGR2, ELOVL5, FADS1, FNBP1, GNAL, GZMB, HAS2, KCNJ12, KRT23, KRT5, KRT81, L1CAM, MAOB, MFAP2, NELL2, NMNAT2, PELI2, PTGDS, RRAGD, RYR1, S100A2, S100A4, SLC26A4, SLC43A3, TCHH, TMOD1, TRPV6",TRUE,2.44787011335618,"LEF1.V1","HNFS","MSigDBOncogenic","HNFS","C6"
"ESC_J1_UP_EARLY.V1_UP",6.73959748349939e-05,0.00118067553580306,26,146,"ADTRP, ANGPTL7, AQP3, BMP7, BNIPL, CD82, CDH3, CDHR1, CHRNB1, CUBN, EPHB3, EVPL, FXYD3, GPT, IL36RN, IRX2, LMBRD1, NDRG1, NSG1, PIGC, PRSS12, PRSS8, SESN3, TFF3, ZBTB7C, ZIC2",TRUE,2.60066753601198,"ESC J1 EARLY.V1","HNFS","MSigDBOncogenic","HNFS","C6"
"MEK_UP.V1_UP",7.76703008159071e-05,0.00118067553580306,30,181,"ACSL1, AKR1C3, ALDH3A1, APOD, AQP3, BMP7, CRAT, CXADR, ELL2, EPHA1, F2RL1, FADS2, GAL, ITGB4, KLF4, KRT81, L1CAM, MPZL2, MYO1D, MYO5A, NPC2, PTPRE, RAB8B, SLC6A6, SPAG1, SPTBN2, ST6GALNAC2, TBC1D8, TRIM29, TUBB2A",TRUE,2.38274870487964,"MEK.V1","HNFS","MSigDBOncogenic","HNFS","C6"
"KRAS.PROSTATE_UP.V1_UP",9.15280175952581e-05,0.00118067553580306,22,116,"CBX4, CFH, CRISP2, CYP2R1, DHRS9, FABP3, HAL, IL1RL2, IL7R, LAPTM5, LRRC15, MAP3K1, MAP4K1, PADI3, PLCH2, RGS13, STRN, SV2C, TEC, TLR4, TNNI1, TPK1",TRUE,2.81255871088951,"KRAS.PROSTATE.V1","HNFS","MSigDBOncogenic","HNFS","C6"
"RAF_UP.V1_UP",9.54081241052975e-05,0.00118067553580306,30,183,"ABHD6, ACSL1, BLNK, C1GALT1, CABYR, CD44, CLDN1, DSC2, EGFR, GLRX, GM2A, HPGD, HSD3B1, HSPA2, IMPA2, L1CAM, MALT1, MPZL2, NPC2, NTAN1, OPTN, PDE4D, PER3, QPCT, S100A8, S100A9, SMAGP, STS, TBC1D8, TUBB2A",TRUE,2.35146073175166,"RAF.V1","HNFS","MSigDBOncogenic","HNFS","C6"
"AKT_UP.V1_UP",0.000119996706774605,0.00131996377452066,26,151,"ADAM10, ARG1, CD55, DHCR24, DHCR7, DUSP10, FDFT1, GOT1, GUSB, KCNK5, KRT23, METRNL, MPZL2, MSMO1, MYO5B, PDK1, PDK3, PTPN14, PTPRJ, S100A14, SLC6A6, SOCS6, SPRR1A, SPRR2A, SUCO, TOM1L1",TRUE,2.49641288814926,"AKT.V1","HNFS","MSigDBOncogenic","HNFS","C6"
"MTOR_UP.V1_UP",0.000166868004748558,0.00165199324701072,26,154,"ALPK2, BDH1, CMA1, DHCR24, DHCR7, DUOXA1, FDFT1, FDPS, GSDMA, HMGCS1, LGALS3, LIPG, MSMO1, NQO2, NSDHL, PAFAH2, PCYT2, PDK1, PTPN14, RANBP9, S100A14, SC5D, SERPINB5, SMTNL1, SPRR1A, TMEM97",TRUE,2.43775443647241,"MTOR.V1","HNFS","MSigDBOncogenic","HNFS","C6"
"AKT_UP_MTOR_DN.V1_UP",0.000237688895362147,0.00213920005825932,27,166,"ADAM10, ARG1, BCAS2, CD55, DHCR24, DHCR7, DUSP10, GLDC, GUSB, KCNK5, KRT23, METRNL, MPZL2, MYO5B, PDK3, PSMD7, PTPRJ, RNF19B, S100A8, SLC44A1, SLC6A6, SOCS6, SPRR2A, SUCO, SUSD4, TTLL1, VANGL2",TRUE,2.33036556957606,"AKT MTOR DN.V1","HNFS","MSigDBOncogenic","HNFS","C6"
"STK33_UP",0.000319480158243632,0.00249997610592864,37,260,"ABHD2, AFF4, ANKRD12, APPL2, ARID5B, C15orf48, CD9, CFL2, CLDN1, CPEB4, DNAJC15, EGR2, FGL2, FNDC3A, GPR137B, HBP1, HINT3, IL6ST, ITGB8, LMBRD2, MYOZ2, OSTM1, PPCS, RAB12, RGS1, RNF19B, SGK1, SNX16, SOCS6, STAM2, STX12, SYNJ1, TFPI, THBD, TTLL7, TWF1, ZNF117",TRUE,1.98695746014779,"STK33","HNFS","MSigDBOncogenic","HNFS","C6"
"P53_DN.V1_UP",0.000328279690677498,0.00249997610592864,29,187,"AHR, ARL4A, CALB1, CD9, COL17A1, CST6, CXADR, DSC2, DSP, EFEMP1, EGFR, FBLN2, IFI27, IL18, ITGB4, KLF5, KRT15, LSR, NEBL, NMNAT2, PLCE1, PPL, PTN, SERPINB5, SMAGP, SOX9, SPINT2, TUBA4A, ZNF44",TRUE,2.20070725532821,"P53 DN.V1","HNFS","MSigDBOncogenic","HNFS","C6"
"HOXA9_DN.V1_UP",0.00038753131880732,0.00274040004013748,27,171,"CHI3L1, CYFIP2, CYLD, CYTIP, FGL2, FNDC3A, GAS7, GPR137B, IL13RA1, KLF4, NOD2, OSTM1, PAQR3, PLAA, PTPRE, S100A8, S100A9, SAR1B, SERPINB8, SRD5A1, STX12, TGM5, THBD, TOB1, TPK1, TWF1, XPC",TRUE,2.24915074813165,"HOXA9 DN.V1","HNFS","MSigDBOncogenic","HNFS","C6"
"STK33_SKM_UP",0.000549979414448242,0.00347722135108432,34,239,"AFF4, APPL2, ARID5B, CD58, CD9, CFL2, CLDN1, CPEB4, CTSK, DNAJC15, FGL2, FGR, GBP2, GPR132, GPR137B, HINT3, ITGB8, LMBRD2, MFAP3L, OSBPL11, PPCS, RGS1, RNF19B, SGK1, SNX16, STAM2, STX12, TBC1D8, TFPI, THBD, TTLL7, TWF1, ZNF117, ZNF675",TRUE,1.98631861057245,"STK33 SKM","HNFS","MSigDBOncogenic","HNFS","C6"
"PRC2_EZH2_UP.V1_UP",0.000561975167852011,0.00347722135108432,27,175,"ANKH, CLIP1, CROT, F2RL1, IL13RA2, IL15RA, IL6R, IRF8, JUP, KIAA0319L, KIAA0513, KLF4, KLK7, L1CAM, MEGF9, NR4A2, OSTM1, OTUB2, PAQR5, SEMA3A, SERPINB2, SLC6A15, SLPI, SMPDL3A, SRD5A1, TTLL7, TUBA4A",TRUE,2.18811657928857,"PRC2 EZH2.V1","HNFS","MSigDBOncogenic","HNFS","C6"
"KRAS.600_UP.V1_UP",0.000742455827731212,0.00432371334972882,34,243,"APOD, ATP1A2, BMP7, CALB1, CD1A, CTNND2, DHRS9, EXOC6B, FABP3, GLDC, GLRX, GRM1, HAS2, HSD11B1, IL13RA2, LAPTM5, LDB3, MAP4K1, MTMR8, NMNAT2, PELI2, PTGS2, RELN, RRAGD, SCG3, SCN2A, SEMA3A, SLC6A15, SLCO5A1, SMPX, SOX9, TEC, TFPI, TLR4",TRUE,1.9479909145897,"KRAS.600.V1","HNFS","MSigDBOncogenic","HNFS","C6"
"PTEN_DN.V2_UP",0.000897434646329345,0.00485978812148177,21,127,"AKR1C3, BIRC3, BNC2, CASP4, CHRDL1, CLIP4, CPA4, GPR87, HSPA4L, HSPB7, HSPB8, IL7R, KRT15, KRT75, LCN2, LIPG, OTUB2, PTGDS, PTGS2, SERPINB5, VPS13C",TRUE,2.38181673195578,"PTEN DN.V2","HNFS","MSigDBOncogenic","HNFS","C6"
"EGFR_UP.V1_UP",0.000952058603115028,0.00485978812148177,27,181,"ARAP2, ARFGAP3, ARID5B, BMP7, CLDN1, CXADR, EGFR, ELL2, F2RL1, GAL, GBP2, GLRX, HSPA2, IL15RA, KLF4, KRT81, MPZL2, PTPRE, S100A8, S100A9, SNX16, SPAG1, TBC1D8, TFPI, TGFB2, TMEM45A, TUBB2A",TRUE,2.10249097348446,"EGFR.V1","HNFS","MSigDBOncogenic","HNFS","C6"
"PTEN_DN.V1_UP",0.00105214988918381,0.00485978812148177,24,155,"BMP7, CD1E, CD27, CELSR2, CHRNB1, CYP39A1, DSG3, EPHA4, GNAO1, HTN1, KLK8, MYBPC1, MYO15A, MYOT, PAX3, PDZK1, PLCE1, PTPRJ, PTPRZ1, SLC16A7, SLC26A4, TCHH, TEC, TLE1",TRUE,2.19933959768143,"PTEN DN.V1","HNFS","MSigDBOncogenic","HNFS","C6"
"KRAS.300_UP.V1_UP",0.00110289478962796,0.00485978812148177,21,129,"APOD, ATP1A2, CALB1, CD1A, DHRS9, FABP3, GLDC, GLRX, HAS2, HSD11B1, IL13RA2, MAP4K1, RELN, RRAGD, SCG3, SCN2A, SEMA3A, SLC6A15, SLCO5A1, SMPX, TFPI",TRUE,2.33767186759643,"KRAS.300.V1","HNFS","MSigDBOncogenic","HNFS","C6"
"KRAS.KIDNEY_UP.V1_UP",0.00110289478962796,0.00485978812148177,21,129,"ARPP21, ATP1A2, CALB1, CP, GAD1, GATM, GLDC, GPNMB, MAP7, MPZL2, NEBL, NMNAT2, NSG1, PELI2, PLSCR4, RAPGEF4, RELN, SCG3, SCN2A, SLC6A15, TMOD1",TRUE,2.33767186759643,"KRAS.KIDNEY.V1","HNFS","MSigDBOncogenic","HNFS","C6"
"NFE2L2.V2",0.00112904168478869,0.00485978812148177,48,387,"AKR1C3, ALDH3A1, ALDH3A2, AXIN2, C1orf21, CBR3, CSTA, CYP4F3, CYP4F8, CYP8B1, EIF2S2, EMP2, GAS7, GPNMB, IDE, ITGB8, L1CAM, LCN2, LEF1, MDFIC, ME1, MYL2, NFE2L2, NQO2, NUPR1, PCSK6, PDZK1, PTPRD, PTPRZ1, REEP1, RTKN2, SERPINA12, SFN, SLC15A1, SLC47A1, SLC6A6, SLCO4C1, SMPX, STATH, SUB1, SULT1E1, TLR4, TMEM237, TP73, TPD52L1, TRIM29, ZNF430, ZNF649",TRUE,1.69300911854103,"NFE2L2.V2","HNFS","MSigDBOncogenic","HNFS","C6"
"IL21_UP.V1_UP",0.00137900051441666,0.00568837712196873,24,158,"AIM2, ARG1, ARHGAP32, CD6, CDH3, CHI3L1, CPA4, CYP27A1, DNASE1L2, EGR2, ELOVL4, FA2H, FAT2, GNAL, KRT6B, MYOZ1, OXNAD1, PLA2G7, PYGM, SLCO5A1, SMPX, SPINT1, ST6GALNAC2, VDR",TRUE,2.1499515971801,"IL21.V1","HNFS","MSigDBOncogenic","HNFS","C6"
"PRC2_EED_DN.V1_UP",0.0019477414209823,0.00771305602708992,24,162,"AKR1C3, C1orf21, CACNA2D3, CCSER2, CD5, CIDEA, CLIP1, CUBN, ELF1, IL13RA2, IRF8, MYH1, OSTM1, PLSCR4, PRSS12, PTGDS, SERPINB2, SERPINB7, SLC6A15, SLPI, TNFRSF11A, TUFT1, ZBTB20, ZNF91",TRUE,2.08742912241788,"PRC2 EED DN.V1","HNFS","MSigDBOncogenic","HNFS","C6"
"RPS14_DN.V1_UP",0.002027001226296,0.00771819697705014,26,181,"ADAMTS6, ALCAM, BIRC3, CACNB4, CALB1, CASP1, CD9, CROT, CSTA, CTSH, CYFIP2, GPNMB, GPR137B, ITGAL, LY75, MDFIC, PDE4D, PLA2G7, PTGDS, PTPN22, PTPRE, SEMA3D, SPINT1, SPTLC3, STX3, TM6SF1",TRUE,2.01167905917983,"RPS14 DN.V1","HNFS","MSigDBOncogenic","HNFS","C6"
"KRAS.50_UP.V1_UP",0.0021964561637125,0.00805367260027918,10,45,"CALB1, CD1A, DHRS9, FABP3, GLDC, GLRX, HSD11B1, IL13RA2, RELN, SCG3",TRUE,3.4791618042088,"KRAS.50.V1","HNFS","MSigDBOncogenic","HNFS","C6"
"SNF5_DN.V1_UP",0.00276525652976887,0.0097771570159685,23,157,"ABI3BP, APOD, ATP1B1, CD9, CORO1C, EGR2, ENPP3, FABP7, FDPS, FGF18, FMOD, FNBP1, GOT1, LGR5, MEDAG, MYH1, MYH2, PLCE1, PPIL2, PTPRC, SEMA4D, SLC6A6, SOSTDC1",TRUE,2.06094599674651,"SNF5 DN.V1","HNFS","MSigDBOncogenic","HNFS","C6"
"PRC2_SUZ12_UP.V1_UP",0.00292977044845363,0.0100016301516176,24,167,"ACTA1, BFSP1, C1orf21, CA11, CA6, CACNA2D3, CIDEA, FAT2, HR, IL1RL2, KIAA0319L, KRT15, KRT81, LCE2B, MTRF1, MYL3, OSTM1, OTUB2, PDE6A, REST, SERPINB2, SLC6A15, SLPI, TMEM245",TRUE,2.0141776167078,"PRC2 SUZ12.V1","HNFS","MSigDBOncogenic","HNFS","C6"
"ESC_J1_UP_LATE.V1_UP",0.00316957203586938,0.0104595877183689,24,168,"ABHD5, ADAM10, ARAP2, BICC1, CBX4, CD55, CHRNB1, CTSH, CUBN, DPP4, DSP, FXYD3, GNG12, HS3ST1, LMBRD1, MYL3, MYO5B, PRSS12, PRSS8, SESN3, TFF3, TPCN1, TUFT1, WLS",TRUE,2.00013563256822,"ESC J1 LATE.V1","HNFS","MSigDBOncogenic","HNFS","C6"
"PKCA_DN.V1_UP",0.00341415039245801,0.0109032544791401,20,132,"BBOX1, CES1, CMTR2, DDX60, ENPP3, FBP1, GNAO1, GSTA4, MUSK, NOS1, PSAPL1, PTGDS, RDH12, SLC2A5, SLC47A1, SMPD3, SPNS2, TCHH, UPB1, ZBTB7C",TRUE,2.14794651577919,"PKCA DN.V1","HNFS","MSigDBOncogenic","HNFS","C6"
"KRAS.LUNG.BREAST_UP.V1_UP",0.00374958749400337,0.0110791133097297,19,124,"ADAMTS6, BIRC3, CALB1, CD1A, DHRS9, GLRX, HAS2, HSD11B1, IGHV3-48, IL13RA2, KRT34, LDB3, MYH2, NELL2, PRDM1, PTGS2, RELN, SLCO5A1, SMPX",TRUE,2.1781981906962,"KRAS.LUNG.BREAST.V1","HNFS","MSigDBOncogenic","HNFS","C6"
"DCA_UP.V1_UP",0.00381424694996818,0.0110791133097297,23,161,"BFSP1, BMX, CA6, CD27, CD82, CUBN, DPP6, EPHB6, FRMPD1, HTN1, IGLV2-14, IL36RN, KIAA0513, MCTP2, PLA2G2F, PLAA, PRRG4, RIMS2, TNS4, WNT16, ZNF117, ZNF750, ZNF91",TRUE,2.0010118827707,"DCA.V1","HNFS","MSigDBOncogenic","HNFS","C6"
"SIRNA_EIF4GI_UP",0.00382319401464805,0.0110791133097297,15,89,"ATP1A1, CSDE1, CTSH, DTX4, FXYD3, GIN1, HSPB1, KIF2A, MIA3, NSG1, PERP, S100A14, SPRR1A, SPRR1B, XPC",TRUE,2.4498023490947,"SIRNA EIF4GI","HNFS","MSigDBOncogenic","HNFS","C6"
"WNT_UP.V1_UP",0.00391685824081352,0.0110791133097297,22,152,"CD74, CD96, CKMT2, DHCR24, FGF18, FICD, FXYD3, GLI1, HS3ST1, IRX3, KCND3, KRT27, KRT86, LCN2, MFAP2, MYO5B, PLA2G6, SFN, STS, TFF3, TPK1, XCR1",TRUE,2.03291298205222,"WNT.V1","HNFS","MSigDBOncogenic","HNFS","C6"
"ERBB2_UP.V1_UP",0.00463105079889624,0.0127353896969647,24,173,"AQP3, ATP6V0A4, CSTA, CXADR, FADS2, HSPA2, ITGB4, KIAA0513, KRT81, MAPRE3, MIA3, MPZL2, MYO1D, NDRG1, NPC2, PDE4D, PTPRE, RRAGD, SLC6A6, SOX9, SPTBN2, ST6GALNAC2, TBC1D8, TPK1",TRUE,1.93274350132976,"ERBB2.V1","HNFS","MSigDBOncogenic","HNFS","C6"
"KRAS.BREAST_UP.V1_UP",0.00539826189072584,0.0144439980319421,18,119,"ANKRD36BP2, ATP12A, BIRC3, CALB1, CMA1, DHRS9, GLRX, HAS2, HSD11B1, IL13RA2, IL2RG, KRT33B, KRT34, NDUFA4L2, PRDM1, SMPX, TFPI, WNT16",TRUE,2.14707483419313,"KRAS.BREAST.V1","HNFS","MSigDBOncogenic","HNFS","C6"
"TGFB_UP.V1_UP",0.00575112075323401,0.0147782421782289,24,176,"ABTB2, ACSBG1, ARHGAP12, BHLHE40, CD1E, CKMT2, CST6, ELL2, EPHA4, F2RL1, HYAL1, IGLV2-14, KLF4, LEMD3, LIPG, MPZL2, MTRF1, PMP22, RNF19B, SGK1, SOCS6, TNS4, WNT16, WNT4",TRUE,1.89442941753715,"TGFB.V1","HNFS","MSigDBOncogenic","HNFS","C6"
"TBK1.DF_UP",0.00582173176718107,0.0147782421782289,33,265,"AKR1C3, ATP11B, BTG1, CLCA2, CRABP2, DEGS1, DUSP14, EPB41L4B, FAT2, FZD6, HSD11B1, HSPA2, IGSF3, LIPG, MAP3K2, OSBPL2, OSTM1, PAQR3, PCLO, PIP4K2C, PROS1, PTK6, RAB21, S100A8, SERPINB13, SPRR1B, STX12, STX3, TEX2, TMED5, TMEM45A, TUBB2A, TUFT1",TRUE,1.70134203272786,"TBK1.DF","HNFS","MSigDBOncogenic","HNFS","C6"
"CAHOY_NEURONAL",0.00834952909624599,0.0206650845132088,13,79,"BCL11A, CALB1, CNTNAP4, COL19A1, FABP3, GDA, KRT222, MLIP, MYO5B, NSF, NTS, PRSS12, SLC6A17",TRUE,2.38847874288801,"CAHOY NEURONAL","HNFS","MSigDBOncogenic","HNFS","C6"
"PRC1_BMI_UP.V1_UP",0.0102610701669882,0.0247767304032155,22,165,"ABCB4, ACKR2, BIRC3, CACNA2D3, CD5, COLEC11, EGR2, FOXP1, HSPB7, IRF8, KIAA0319L, MTMR8, MYL3, PDE6A, PELI2, PTGDS, RIC3, SLC6A15, SLPI, TNNI3K, ZNF117, ZNF91",TRUE,1.84750942458482,"PRC1 BMI.V1","HNFS","MSigDBOncogenic","HNFS","C6"
"PDGF_ERK_DN.V1_UP",0.0122765446948311,0.0289375696378161,18,129,"ANXA7, AQP3, EXOSC10, GLRX, GTF2H5, HSPA4L, HYAL1, KIFAP3, KLK7, MVK, OXCT1, PAN2, PMP22, PTGDS, REST, SERPINB2, STX12, TAF12",TRUE,1.95350741071101,"PDGF ERK DN.V1","HNFS","MSigDBOncogenic","HNFS","C6"
"LTE2_UP.V1_UP",0.0126365602969217,0.0290934760324476,23,178,"ALDH3B2, APPL2, AQP3, ATP6V0A4, BMP7, BTG1, CALML5, CYFIP2, DEGS1, DSC2, EPS8L1, FA2H, FAM117A, GLTP, HMGCS1, LMO4, MYO5A, NPC2, PROS1, REEP1, RRAGD, SOAT1, TBC1D8",TRUE,1.78069138179691,"LTE2.V1","HNFS","MSigDBOncogenic","HNFS","C6"
"NOTCH_DN.V1_UP",0.0150764954205079,0.0339221146961427,21,161,"ABTB2, ANGPTL7, ANKH, BARX2, CALB1, CDHR1, EFNA3, FARP2, HTN1, LCE2B, MAP3K1, MAP3K2, MFSD6, PLA2G7, PNPLA3, RASGRP1, RNF39, S100A8, SPTBN2, UPB1, ZNF230",TRUE,1.80227792547307,"NOTCH DN.V1","HNFS","MSigDBOncogenic","HNFS","C6"
"CRX_NRL_DN.V1_UP",0.0160123519188205,0.0344613660861572,17,123,"CAMK1D, COL19A1, EPS8L1, GAS7, MOGAT1, PDE6A, PIP4K2C, PLA2R1, PPARA, RDH12, REEP6, SLC16A6, SNTG2, STK17B, SYTL1, TFF3, TTC39C",TRUE,1.93399529806169,"CRX NRL DN.V1","HNFS","MSigDBOncogenic","HNFS","C6"
"NRL_DN.V1_UP",0.0160123519188205,0.0344613660861572,17,123,"COL19A1, DUSP14, GAS7, IRF6, LAD1, PDE6A, PLA2R1, POLR2A, PPARA, PPP1R3A, REEP6, SCN2A, SLC16A6, SNTG2, STK17B, TFF3, TTC39C",TRUE,1.93399529806169,"NRL DN.V1","HNFS","MSigDBOncogenic","HNFS","C6"
"KRAS.600.LUNG.BREAST_UP.V1_UP",0.0380080829263099,0.0800595789298868,27,240,"ADAMTS6, ARG1, BIRC3, CALB1, CD1A, CYP4F8, DHRS9, FBP1, GLRX, HAS2, HSD11B1, IGHV3-48, IL13RA2, KRT33B, KRT34, LDB3, MB, MTMR8, MYH2, NELL2, PRDM1, PTGS2, RELN, SEMA3A, SLCO5A1, SMPX, TFPI",FALSE,1.51684792488745,"KRAS.600.LUNG.BREAST.V1","HNFS","MSigDBOncogenic","HNFS","C6"
"CRX_DN.V1_UP",0.0528894461817133,0.108708644301275,14,111,"ABCA4, ALPK2, COL19A1, DDHD1, DUSP14, GAS7, PDE6A, PFKFB2, PLA2R1, RDH12, REEP6, SNTG2, STK17B, TTC39C",FALSE,1.74800858056672,"CRX DN.V1","HNFS","MSigDBOncogenic","HNFS","C6"
"CORDENONSI_YAP_CONSERVED_SIGNATURE",0.0538052885935605,0.108708644301275,8,53,"BICC1, EMP2, HEXB, MDFIC, NDRG1, PMP22, SGK1, TGFB2",FALSE,2.19369165291525,"CORDENONSI YAP CONSERVED SIGNATURE","HNFS","MSigDBOncogenic","HNFS","C6"
"BRCA1_DN.V1_UP",0.0565463968940723,0.111961865850263,13,102,"AIM2, CCL27, CD3D, IL1RL2, KLK8, LGALS9, MTMR8, MYBPC1, POU2F3, SLC16A6, SLURP1, TRPV6, TTLL7",FALSE,1.77258539661769,"BRCA1 DN.V1","HNFS","MSigDBOncogenic","HNFS","C6"
"IL15_UP.V1_UP",0.0601391480472269,0.116740699150499,19,165,"AHR, AIM2, ANKRD36BP2, CALML5, CCL21, CDH3, CPA4, EGR2, FAM3C, GPT, HS3ST1, PAK6, PSG4, RAB11FIP1, REST, SLAMF7, SPINT1, TMEM209, VDR",FALSE,1.56529358669883,"IL15.V1","HNFS","MSigDBOncogenic","HNFS","C6"
"JAK2_DN.V1_UP",0.0878534370592967,0.167259428247507,16,141,"ABCB4, CACNB4, CCL21, CIDEA, CSTA, FRMPD1, GJB3, KRT23, KRT85, NDST3, NELL2, PTN, SERPINB3, SERPINB4, SPRR1A, TGM1",FALSE,1.54496980327857,"JAK2 DN.V1","HNFS","MSigDBOncogenic","HNFS","C6"
"ESC_V6.5_UP_EARLY.V1_UP",0.0965893016853594,0.180421525789634,16,143,"CGNL1, CRAT, CYP27A1, FBP1, IRX2, LEF1, MBD4, MBOAT1, PCYT2, PDZK1, PMFBP1, RPRD2, RYR3, SIMC1, SSX2IP, TEX2",FALSE,1.52057845212473,"ESC V6.5 EARLY.V1","HNFS","MSigDBOncogenic","HNFS","C6"
"BMI1_DN_MEL18_DN.V1_UP",0.104759258423681,0.192058640443416,15,134,"ADRB2, ARL4A, BIRC3, CLDN1, CPA4, DUSP10, GAL, HAS2, IL7R, ITGB8, KRT75, LRRC15, NT5E, TGFB2, TUFT1",FALSE,1.52375479072543,"BMI1 DN MEL18 DN.V1","HNFS","MSigDBOncogenic","HNFS","C6"
"MTOR_UP.N4.V1_UP",0.111543290687936,0.200777923238285,19,179,"ABHD6, ARL4A, BHLHE40, BSPRY, CEBPG, DHCR7, GBE1, GOT1, IL7R, ITK, MSMO1, NQO2, PANK3, PCCA, SAR1B, SLC31A1, SLC6A6, TM6SF1, TUBB2A",FALSE,1.42772651731138,"MTOR.N4.V1","HNFS","MSigDBOncogenic","HNFS","C6"
"ATF2_S_UP.V1_UP",0.116136714917344,0.201711136435387,18,169,"ADRB2, CACNA2D3, CD8A, CLDN1, CUBN, GRHL2, HSD3B1, IL20RA, KRT81, NQO2, OVOL1, PMEL, PTGDS, RASGRP1, RELN, S100A4, S100A9, ZNF804A",FALSE,1.43477226923419,"ATF2 S.V1","HNFS","MSigDBOncogenic","HNFS","C6"
"E2F3_UP.V1_UP",0.116136714917344,0.201711136435387,18,169,"ATP6V1E1, EGR2, EML6, GAD1, GKAP1, HPGD, HSPA2, LEF1, MBOAT1, PLSCR4, RASGRP1, REEP1, RRAGD, RYR1, TIAM1, TM6SF1, TMEM97, ZIC2",FALSE,1.43477226923419,"E2F3.V1","HNFS","MSigDBOncogenic","HNFS","C6"
"CAHOY_ASTROCYTIC",0.119241060038754,0.20353215420408,11,94,"ATP1A1, BTG1, CHRDL1, CORO1C, DIO2, GRHL1, HSD11B1, IMPA2, PPARA, SCG3, THRSP",FALSE,1.61702822873999,"CAHOY ASTROCYTIC","HNFS","MSigDBOncogenic","HNFS","C6"
"ALK_DN.V1_UP",0.123664423399812,0.207504710450533,13,116,"CA3, CCL19, CCR7, CEBPG, CHI3L1, CSTA, GRM1, KRT81, NOD2, PRDM1, SLAMF7, SMPX, STMN2",FALSE,1.53171301460649,"ALK DN.V1","HNFS","MSigDBOncogenic","HNFS","C6"
"BCAT_GDS748_UP",0.128564539335083,0.212131489902887,6,44,"AQP3, FAM3C, GAD1, LEF1, PDE4D, QPCT",FALSE,1.98086103857069,"BCAT GDS748","HNFS","MSigDBOncogenic","HNFS","C6"
"ATM_DN.V1_UP",0.148925335722823,0.239581720089658,14,131,"ABCA8, CA6, CD8A, CPA3, CYP4F3, ENO3, GRIK1, KRT85, MYL2, PPL, PTK2B, S100A2, SRD5A1, STAG3",FALSE,1.44898436546136,"ATM DN.V1","HNFS","MSigDBOncogenic","HNFS","C6"
"CAHOY_OLIGODENDROCUTIC",0.15246109460251,0.239581720089658,10,88,"AHR, ATP10B, DCT, ERBB3, FA2H, FBP1, PRKAG2, SEMA3D, TUBA4A, USP16",FALSE,1.56991304648204,"CAHOY OLIGODENDROCUTIC","HNFS","MSigDBOncogenic","HNFS","C6"
"EIF4E_UP",0.15246109460251,0.239581720089658,10,88,"BHLHE40, CKMT2, CNTN4, FABP7, FAM117A, GTF2H5, IL18, MS4A1, NDRG1, PPCS",FALSE,1.56991304648204,"EIF4E","HNFS","MSigDBOncogenic","HNFS","C6"
"RELA_DN.V1_UP",0.161819271540221,0.25031418566378,14,133,"ATP2A1, GAD1, GAS7, GPT, HOOK1, NTS, P2RY10, PDK1, PTGS2, RNF39, SLC27A6, TANK, THBD, VDR",FALSE,1.42458699226238,"RELA DN.V1","HNFS","MSigDBOncogenic","HNFS","C6"
"KRAS.AMP.LUNG_UP.V1_UP",0.169673580025113,0.258425914192096,12,112,"CD3E, DOCK3, EFNA3, FCER1A, LY75, MYOZ1, NELL2, PNMA3, REST, SLC26A4, SLC6A6, TDRD1",FALSE,1.45993261445412,"KRAS.AMP.LUNG.V1","HNFS","MSigDBOncogenic","HNFS","C6"
"GCNP_SHH_UP_EARLY.V1_UP",0.178563886202463,0.266186748585327,16,158,"AFF4, ANKRD13C, CD55, CLIP4, EPB41L4B, HMGCL, IRF6, KIF1A, KRT26, MAN1A1, NVL, OXNAD1, PUM2, RBBP6, VPS4B, ZNF708",FALSE,1.35946715897697,"GCNP SHH EARLY.V1","HNFS","MSigDBOncogenic","HNFS","C6"
"RAPA_EARLY_UP.V1_UP",0.180471955207246,0.266186748585327,15,147,"CASK, CES1, CLCC1, FABP7, FGFR2, GNG12, HBP1, HPGD, KRT14, L1CAM, NPY, P2RX7, PPIP5K1, PTK6, PTPRD",FALSE,1.37333515797396,"RAPA EARLY.V1","HNFS","MSigDBOncogenic","HNFS","C6"
"HINATA_NFKB_MATRIX",0.182835342462649,0.266186748585327,2,10,"CD9, SERPINB2",FALSE,3.44783490607637,"HINATA NFKB MATRIX","HNFS","MSigDBOncogenic","HNFS","C6"
"P53_DN.V2_UP",0.191093175625482,0.274177165027866,13,126,"ATP12A, BARX2, CA3, IL1RN, KRT14, KRT31, OSGIN2, PTK2B, RNF39, SLC38A3, SPRR1B, TDRKH, TNNI3K",FALSE,1.39604228968514,"P53 DN.V2","HNFS","MSigDBOncogenic","HNFS","C6"
"KRAS.LUNG_UP.V1_UP",0.20060453201719,0.283712123852883,12,116,"CD1A, CYP4F8, CYTIP, FABP3, HSD11B1, IL13RA2, LDB3, MYH2, NELL2, RELN, SLCO5A1, SMPX",FALSE,1.40376135732173,"KRAS.LUNG.V1","HNFS","MSigDBOncogenic","HNFS","C6"
"CSR_EARLY_UP.V1_UP",0.218737112492772,0.304999635729358,14,141,"C21orf91, DNTTIP2, DSP, GABPB2, GAL, NET1, NSG1, NT5E, PTGS2, REST, SEC24A, SOX9, SREK1IP1, ZNF800",FALSE,1.33465157733284,"CSR EARLY.V1","HNFS","MSigDBOncogenic","HNFS","C6"
"SRC_UP.V1_UP",0.230140685964857,0.316443443201679,13,131,"AGPAT3, AIM2, ATP6V1E1, CALML5, CRTAC1, FBLN2, IRF8, LCE3D, LYVE1, SEC11C, SMTNL1, STAC3, UBIAD1",FALSE,1.33679368196632,"SRC.V1","HNFS","MSigDBOncogenic","HNFS","C6"
"ESC_V6.5_UP_LATE.V1_UP",0.240448238758788,0.326087337494794,16,167,"ARFGAP3, CD55, CTSH, CUBN, DPP4, EOMES, LMBRD1, MFAP2, MYL3, NDRG1, PDZRN3, PRSS12, PRSS8, STX7, TNNC1, WLS",FALSE,1.27811393174395,"ESC V6.5 LATE.V1","HNFS","MSigDBOncogenic","HNFS","C6"
"BMI1_DN.V1_UP",0.27208516636587,0.364005830678663,13,136,"ADRB2, CD82, CLDN1, CPA4, GAL, HAS2, IL7R, ITGB8, KRT17, LRRC15, NT5E, TGFB2, VANGL1",FALSE,1.28234253236239,"BMI1 DN.V1","HNFS","MSigDBOncogenic","HNFS","C6"
"ATF2_UP.V1_UP",0.276539106559112,0.365031620658028,15,160,"APOD, CCR4, CD3D, CD8A, CLDN1, DNAJC15, FGR, GZMK, HPGD, HSD3B1, KRT81, NEO1, RNF43, S100A4, SERPINB2",FALSE,1.24979463485506,"ATF2.V1","HNFS","MSigDBOncogenic","HNFS","C6"
"IL2_UP.V1_UP",0.292701215526332,0.381281846540879,15,162,"ABTB2, AHR, AIM2, CCR4, CDH3, EGR2, ESRP2, EVPL, GPT, KCNK5, KLRK1, PAK6, RAB11FIP1, REST, VDR",FALSE,1.23272123791816,"IL2.V1","HNFS","MSigDBOncogenic","HNFS","C6"
"GCNP_SHH_UP_LATE.V1_UP",0.342733418359954,0.440657252177083,15,168,"CASP4, CD5, CD6, CHP1, CLIP4, GBP2, HIGD1A, MBD2, PAN2, PLEKHA7, PTPRC, SERPINB9, SSX2IP, TNFSF10, VPS4B",FALSE,1.18417050330606,"GCNP SHH LATE.V1","HNFS","MSigDBOncogenic","HNFS","C6"
"MEL18_DN.V1_UP",0.363127253080305,0.460892282755771,12,134,"CA12, CLDN1, CPA4, FZD6, GAL, HAS2, HLA-DQA1, IL7R, ITGB8, NT5E, SLC16A6, TGFB2",FALSE,1.19638624680641,"MEL18 DN.V1","HNFS","MSigDBOncogenic","HNFS","C6"
"PDGF_UP.V1_UP",0.372847670487673,0.467239485801008,12,135,"ANXA7, CBX4, DEGS1, EXOSC10, FAM3C, HSPA2, IFNAR1, MYL2, PSMC6, RNF19B, TAF12, ZBTB24",FALSE,1.18663784417535,"PDGF.V1","HNFS","MSigDBOncogenic","HNFS","C6"
"BCAT.100_UP.V1_UP",0.441023196323365,0.545766205450164,4,43,"CD9, EFEMP1, GAD1, QPCT",FALSE,1.33497372211181,"BCAT.100.V1","HNFS","MSigDBOncogenic","HNFS","C6"
"SINGH_KRAS_DEPENDENCY_SIGNATURE",0.473945196810688,0.579266351657508,2,20,"LAD1, TMEM45B",FALSE,1.5833299566433,"SINGH KRAS DEPENDENCY SIGNATURE","HNFS","MSigDBOncogenic","HNFS","C6"
"CYCLIN_D1_KE_.V1_UP",0.531345630377247,0.641502651309116,14,177,"AHR, ALDH3A2, FAM3C, GLI1, GOT1, GPT, KLF4, LCN2, PIGC, PTPN3, S100A2, SLC38A3, TFAP2A, THBD",FALSE,1.0388548227251,"CYCLIN D1 KE .V1","HNFS","MSigDBOncogenic","HNFS","C6"
"TBK1.DN.48HRS_UP",0.544619613901451,0.648188623601135,4,49,"SDHB, SLC11A2, TMCO1, ZMIZ1",FALSE,1.15857693792248,"TBK1.DN.48HRS","HNFS","MSigDBOncogenic","HNFS","C6"
"RB_P130_DN.V1_UP",0.55603094285756,0.648188623601135,9,115,"ATP2A1, CRTAC1, FADS2, LITAF, MYOZ2, PDZK1, RASGRF1, RENBP, SLC43A3",FALSE,1.04482500745717,"RB P130 DN.V1","HNFS","MSigDBOncogenic","HNFS","C6"
"CAHOY_ASTROGLIAL",0.556525585920166,0.648188623601135,7,89,"CASP1, CASP12, CP, FMOD, GPNMB, LCN2, LGALS3",FALSE,1.06485304169515,"CAHOY ASTROGLIAL","HNFS","MSigDBOncogenic","HNFS","C6"
"YAP1_UP",0.618835984299918,0.712130694182468,3,40,"MOCS2, SNX7, YWHAZ",FALSE,1.09314531453145,"YAP1","HNFS","MSigDBOncogenic","HNFS","C6"
"VEGF_A_UP.V1_UP",0.625811822160351,0.712130694182468,13,175,"ABCA4, CD5, DTX4, ENO3, GLI1, HS3ST1, ITGB4, OPTN, OVOL1, PPL, PTPRC, PTPRJ, TM7SF2",FALSE,0.972624393415217,"VEGF A.V1","HNFS","MSigDBOncogenic","HNFS","C6"
"RB_DN.V1_UP",0.642660441819784,0.722992997047257,8,110,"DCT, DUOXA1, FBP1, IL36RN, LYNX1, PLA2G6, TGM1, TYRP1",FALSE,0.970940158393459,"RB DN.V1","HNFS","MSigDBOncogenic","HNFS","C6"
"BCAT_BILD_ET_AL_UP",0.667923603856244,0.742971199795148,3,43,"AXIN2, CASP4, ST6GALNAC2",FALSE,1.01201601641646,"BCAT BILD ET AL","HNFS","MSigDBOncogenic","HNFS","C6"
"KRAS.DF.V1_UP",0.764432173088871,0.839017456332048,12,180,"AKR1C3, FADS2, FAR2, FLRT3, GLRX, HSPA2, IFI27, IL13RA2, IRF4, PLCH2, SERPINB1, TBC1D8",FALSE,0.867717550384683,"KRAS.DF.V1","HNFS","MSigDBOncogenic","HNFS","C6"
"CYCLIN_D1_UP.V1_UP",0.771218065921378,0.839017456332048,11,167,"ALDH3A2, CD1A, CPT2, GOT1, GPT, KLF4, NSG1, PTPN3, RASGRF1, SELPLG, THBD",FALSE,0.859525091478597,"CYCLIN D1.V1","HNFS","MSigDBOncogenic","HNFS","C6"
"MYC_UP.V1_UP",0.863469157524492,0.919373758358381,9,154,"AGPAT3, DENND2D, DGAT2, PLA2G4A, S100A10, SLC6A15, TGFBRAP1, TMEM97, UBIAD1",FALSE,0.763235310856354,"MYC.V1","HNFS","MSigDBOncogenic","HNFS","C6"
"CTIP_DN.V1_UP",0.872391101980531,0.919373758358381,6,110,"ACTA1, BSPRY, KCNK2, LGALS9, PER3, PMEL",FALSE,0.727323062143431,"CTIP DN.V1","HNFS","MSigDBOncogenic","HNFS","C6"
"CSR_LATE_UP.V1_UP",0.872940740259473,0.919373758358381,9,156,"BHLHE40, IL7R, KRT25, MYH1, NSG1, PARP11, SERPINB7, TUBA4A, WSB2",FALSE,0.752808782325111,"CSR LATE.V1","HNFS","MSigDBOncogenic","HNFS","C6"
"RB_P107_DN.V1_UP",0.934616439705,0.973968710850473,6,125,"BICC1, DCT, FBLN2, S100A4, TMEM45B, TYRP1",FALSE,0.635536808639344,"RB P107 DN.V1","HNFS","MSigDBOncogenic","HNFS","C6"
"CAMP_UP.V1_UP",0.959544466194109,0.9834750025639,9,185,"ATP1A1, CD74, CEBPG, COG6, CPEB4, GLRX, KRTAP4-7, NQO2, TMEM116",FALSE,0.628177798932538,"CAMP.V1","HNFS","MSigDBOncogenic","HNFS","C6"
"E2F1_UP.V1_UP",0.963606820693922,0.9834750025639,8,171,"CDV3, CMA1, ERMP1, FNBP1, KIF2A, KPNA3, MSH3, SSX2IP",FALSE,0.606784702301907,"E2F1.V1","HNFS","MSigDBOncogenic","HNFS","C6"
"GLI1_UP.V1_UP",1,1,0,21,"",FALSE,0.272111828496208,"GLI1.V1","HNFS","MSigDBOncogenic","HNFS","C6"
"HINATA_NFKB_IMMU_INF",1,1,0,14,"",FALSE,0.403620741291529,"HINATA NFKB IMMU INF","HNFS","MSigDBOncogenic","HNFS","C6"
"ERBB2_UP.V1_UP",0.000284374316045869,0.0281530572885411,18,173,"BCL3, BNIP3L, CAMK2N1, CAPN2, CEACAM6, DRAM1, ENO2, EPAS1, EPHX1, LIMCH1, MPI, MUC1, PAPSS2, PNRC1, PTOV1, SERPINA1, UPK3B, VASP",TRUE,2.81207490512682,"ERBB2.V1","Heart","MSigDBOncogenic","Heart","C6"
"RB_DN.V1_UP",0.00187902772530914,0.0792944205377195,12,110,"DNAJC9, EPHX1, FXYD6, GCLM, HEY2, MANSC1, PPM1M, PRKCE, RAD51C, RPA1, ZFP30, ZW10",FALSE,2.98706335886644,"RB DN.V1","Heart","MSigDBOncogenic","Heart","C6"
"LTE2_UP.V1_UP",0.00281981033133049,0.0792944205377195,16,178,"ACOX2, ASRGL1, BNIP3L, CEACAM6, DPYSL2, DRAM1, EPAS1, EPHX1, GCLM, IGFBP5, PDE8A, PNRC1, PTOV1, SERPINA1, UNC13B, UST",FALSE,2.39359288697292,"LTE2.V1","Heart","MSigDBOncogenic","Heart","C6"
"EGFR_UP.V1_UP",0.00332928169052857,0.0792944205377195,16,181,"BCL3, CAPN2, CCDC68, CEACAM6, CRISPLD2, DRAM1, EPAS1, FGB, GCLM, IGF2BP2, ITGA3, LPAR6, PAPSS2, SGMS1, SLCO2A1, TAP1",FALSE,2.34985529177094,"EGFR.V1","Heart","MSigDBOncogenic","Heart","C6"
"ESC_J1_UP_LATE.V1_UP",0.00400476871402624,0.0792944205377195,15,168,"APOB, CDC42EP1, CITED2, CLDN7, CRIM1, DRAM1, FGB, GATA6, LMO7, NEU1, PEG3, RAB33B, SLC39A8, SLCO2A1, TAX1BP3",FALSE,2.37864597677135,"ESC J1 LATE.V1","Heart","MSigDBOncogenic","Heart","C6"
"P53_DN.V1_UP",0.0104896483708617,0.137561023522321,15,187,"CEACAM6, CFB, CLIP3, CRIM1, EPCAM, LAMP3, LRRC42, NDC80, PLAU, SMAD6, SUN1, UNC13B, UQCRH, USP1, VASP",FALSE,2.11465923015169,"P53 DN.V1","Heart","MSigDBOncogenic","Heart","C6"
"CAHOY_ASTROGLIAL",0.0108277343501318,0.137561023522321,9,89,"ATP8A1, EMP3, GLIPR2, OMG, P2RY1, SEMA3B, TAGLN, TIMP1, VLDLR",FALSE,2.77059274151492,"CAHOY ASTROGLIAL","Heart","MSigDBOncogenic","Heart","C6"
"HOXA9_DN.V1_UP",0.011116042304834,0.137561023522321,14,171,"ADAM9, CD86, CRISPLD2, CSNK1G3, HDAC4, IFT57, LPAR6, RPS6KC1, SAMHD1, SCPEP1, SLC22A18, TAX1BP3, TNFRSF10B, VASH1",FALSE,2.16571724399331,"HOXA9 DN.V1","Heart","MSigDBOncogenic","Heart","C6"
"MEK_UP.V1_UP",0.0175325953601782,0.19285854896196,14,181,"BCL3, CAMK2N1, CAPN2, CEACAM6, ENO2, EPAS1, EPHX1, FGB, IGF2BP2, LIMCH1, PLAU, PTOV1, UPK3B, VASP",FALSE,2.03541233842436,"MEK.V1","Heart","MSigDBOncogenic","Heart","C6"
"BMI1_DN.V1_UP",0.0246618029095972,0.233595916040059,11,136,"CRISPLD2, CXCL1, GPRC5A, ITGA3, LSAMP, MMP15, SLC29A2, SLCO2A1, TAGLN, TAP1, VLDLR",FALSE,2.15149847504931,"BMI1 DN.V1","Heart","MSigDBOncogenic","Heart","C6"
"TGFB_UP.V1_UP",0.0299924251905389,0.233595916040059,13,176,"BMPR2, FGB, ID3, LARP6, LMCD1, NFATC4, PDLIM4, RGCC, RHOB, SKAP1, SLCO2A1, SMAD6, TAGLN",FALSE,1.93952639415918,"TGFB.V1","Heart","MSigDBOncogenic","Heart","C6"
"GCNP_SHH_UP_EARLY.V1_UP",0.030035376301643,0.233595916040059,12,158,"ARL5A, ATF1, ATL2, AZIN1, LARP7, PARG, PPP1CB, REG1A, RGCC, SEC62, SLC27A1, SNAPC2",FALSE,2.00360731616867,"GCNP SHH EARLY.V1","Heart","MSigDBOncogenic","Heart","C6"
"BCAT_BILD_ET_AL_UP",0.0306742111971794,0.233595916040059,5,43,"FHDC1, MYADM, MYL9, TAGLN, TMEM63B",FALSE,3.3453272951832,"BCAT BILD ET AL","Heart","MSigDBOncogenic","Heart","C6"
"CAHOY_ASTROCYTIC",0.0394991568106866,0.261172412856538,8,94,"ATP13A4, HEY2, MYOM3, PANK1, PAPSS2, RNF24, SLC27A1, VEGFA",FALSE,2.30365041104317,"CAHOY ASTROCYTIC","Heart","MSigDBOncogenic","Heart","C6"
"STK33_UP",0.0406381819323301,0.261172412856538,17,260,"ACSM3, ARL5B, BCL3, CC2D1B, CDKN1B, CRK, CXCL1, CXCL2, EGR3, FCHO2, GPR65, LPAR6, MTSS1, PLAU, RHOB, THAP1, ZBTB6",FALSE,1.68935274471142,"STK33","Heart","MSigDBOncogenic","Heart","C6"
"CAMP_UP.V1_UP",0.0422096828859051,0.261172412856538,13,185,"ACSL4, APOBEC3C, ARF1, AZIN1, BSCL2, CMTR1, COPZ1, HAX1, NRSN2, PEX12, PLCH1, TRMT61A, XIST",FALSE,1.8375142271796,"CAMP.V1","Heart","MSigDBOncogenic","Heart","C6"
"RELA_DN.V1_UP",0.0476774621739844,0.277651103248498,10,133,"APOB, CHST1, EGR3, FGF2, GLS2, LMO7, NLK, TPMT, USP9Y, VEGFA",FALSE,1.99410667136068,"RELA DN.V1","Heart","MSigDBOncogenic","Heart","C6"
"MTOR_UP.N4.V1_UP",0.0660231909941202,0.363127550467661,12,179,"ADAM9, CLIC4, DNMT3B, GPR65, GTF2E2, IDH3A, PJA1, SLC25A32, SLC39A4, VEGFA, VLDLR, YRDC",FALSE,1.75058756189997,"MTOR.N4.V1","Heart","MSigDBOncogenic","Heart","C6"
"TBK1.DF_UP",0.0810228047722528,0.422171456444896,16,265,"CCDC68, CXCL2, DNAJB6, DNMT3B, EMP3, ENO2, GPR107, IFT57, LIPT1, PLAU, SERTAD2, SLC39A4, SLCO3A1, TBC1D13, TNFAIP1, TNFRSF10B",FALSE,1.55223582015169,"TBK1.DF","Heart","MSigDBOncogenic","Heart","C6"
"STK33_NOMO_UP",0.0873657103870547,0.432460266415921,16,268,"ACSM3, ARL5B, BCL3, CC2D1B, CRK, CXCL1, CXCL2, CXCL6, EGR3, EPAS1, FAM199X, FCHO2, MTSS1, PLAU, RHOB, THAP1",FALSE,1.53356452983302,"STK33 NOMO","Heart","MSigDBOncogenic","Heart","C6"
"PDGF_UP.V1_UP",0.104473688179812,0.483165563203636,9,135,"ADAM9, EGR3, EZR, FKBP2, HDAC4, MPI, NAGLU, PARG, SLCO3A1",FALSE,1.75910384019445,"PDGF.V1","Heart","MSigDBOncogenic","Heart","C6"
"HINATA_NFKB_IMMU_INF",0.110758856640673,0.483165563203636,2,14,"CXCL2, CXCL6",FALSE,4.67329121194716,"HINATA NFKB IMMU INF","Heart","MSigDBOncogenic","Heart","C6"
"STK33_SKM_UP",0.11686927187686,0.483165563203636,14,239,"ARL5B, BCL3, CD86, CRK, EMP3, EPB41L5, FCHO2, GPR65, LPAR6, PLAU, RGCC, RHOB, THAP1, ZBTB6",FALSE,1.50754745488896,"STK33 SKM","Heart","MSigDBOncogenic","Heart","C6"
"NFE2L2.V2",0.119553508683638,0.483165563203636,21,387,"ADH6, ALB, CBR1, CRTAP, EPHX1, FTH1P3, FTL, GCLM, GPR174, MACC1, NUPR1, PEG3, PNPLA4, PRG4, RET, RTKN2, SFTPA1, SLC48A1, TNIP3, TXNRD1, ZNF326",FALSE,1.37694494668345,"NFE2L2.V2","Heart","MSigDBOncogenic","Heart","C6"
"KRAS.DF.V1_UP",0.12346451607797,0.483165563203636,11,180,"BCL3, BMPR2, CXCL1, DLGAP4, DPYSL2, EMP3, GATA6, GLS2, MPI, PLAU, PTPRG",FALSE,1.58953221810761,"KRAS.DF.V1","Heart","MSigDBOncogenic","Heart","C6"
"RPS14_DN.V1_UP",0.126891966093884,0.483165563203636,11,181,"AIF1, CD300A, CEACAM6, CRIM1, CYSLTR1, EGR3, PLAU, PMP2, PTPRG, RHOB, VWF",FALSE,1.58013115635792,"RPS14 DN.V1","Heart","MSigDBOncogenic","Heart","C6"
"ESC_V6.5_UP_LATE.V1_UP",0.150479546203202,0.551758336078407,10,167,"APLNR, APOB, FGB, GATA6, IGF2BP2, MACROD1, NAGLU, PKDCC, SLC39A8, SMPD2",FALSE,1.56100483091787,"ESC V6.5 LATE.V1","Heart","MSigDBOncogenic","Heart","C6"
"KRAS.AMP.LUNG_UP.V1_UP",0.177738370002445,0.615968163697903,7,112,"ABCC6, BMPER, CLEC4A, DYNC1I1, MMP15, OPN1SW, SDCCAG8",FALSE,1.66307999375755,"KRAS.AMP.LUNG.V1","Heart","MSigDBOncogenic","Heart","C6"
"BMI1_DN_MEL18_DN.V1_UP",0.186657019302395,0.615968163697903,8,134,"CRISPLD2, CXCL1, ITGA3, LSAMP, TAGLN, TNIP3, VEGFA, VLDLR",FALSE,1.57211438447136,"BMI1 DN MEL18 DN.V1","Heart","MSigDBOncogenic","Heart","C6"
"MEL18_DN.V1_UP",0.186657019302395,0.615968163697903,8,134,"CRISPLD2, CXCL1, ITGA3, MMP15, SLCO2A1, TAP1, VEGFA, VLDLR",FALSE,1.57211438447136,"MEL18 DN.V1","Heart","MSigDBOncogenic","Heart","C6"
"ALK_DN.V1_UP",0.200320869901456,0.634740458857696,7,116,"AIF1, CFTR, EPAS1, OLFML3, SCN1A, TBX2, VEGFA",FALSE,1.60201166480695,"ALK DN.V1","Heart","MSigDBOncogenic","Heart","C6"
"GLI1_UP.V1_UP",0.212782509858564,0.634740458857696,2,21,"LMO7, TMOD3",FALSE,2.99466855181961,"GLI1.V1","Heart","MSigDBOncogenic","Heart","C6"
"JNK_DN.V1_UP",0.212912662559587,0.634740458857696,9,160,"ACADL, CACNA1H, CLDN18, CLIP3, PAPSS2, RASSF8, SKAP1, TACR1, TBX2",FALSE,1.46700721027517,"JNK DN.V1","Heart","MSigDBOncogenic","Heart","C6"
"RAF_UP.V1_UP",0.221346021980049,0.634740458857696,10,183,"ACSL4, CAMK2N1, CAPN2, CRIM1, CRISPLD2, EPAS1, GCLM, NDC80, PLS3, RASL11B",FALSE,1.41592782859291,"RAF.V1","Heart","MSigDBOncogenic","Heart","C6"
"CAHOY_NEURONAL",0.224403192525448,0.634740458857696,5,79,"CRHBP, DYNC1I1, ENO2, JPH4, SLC8A1",FALSE,1.72572964818289,"CAHOY NEURONAL","Heart","MSigDBOncogenic","Heart","C6"
"GCNP_SHH_UP_LATE.V1_UP",0.254673936266219,0.693091859501404,9,168,"ARL5A, CLIC4, LARP7, LRRC23, MUC1, NPM1, SACM1L, SDC2, TMOD3",FALSE,1.39287510006117,"GCNP SHH LATE.V1","Heart","MSigDBOncogenic","Heart","C6"
"BCAT.100_UP.V1_UP",0.259034331328808,0.693091859501404,3,43,"ENC1, ENO2, SLC7A8",FALSE,2.01886283446567,"BCAT.100.V1","Heart","MSigDBOncogenic","Heart","C6"
"BCAT_GDS748_UP",0.27025697139432,0.704090530737834,3,44,"ASRGL1, DYNC1I1, PLEKHB2",FALSE,1.97011854202318,"BCAT GDS748","Heart","MSigDBOncogenic","Heart","C6"
"KRAS.KIDNEY_UP.V1_UP",0.280213848977933,0.707964174858229,7,129,"DYNC1I1, FZD3, KCNJ8, LIMCH1, PEG3, PMP2, SCN1B",FALSE,1.43108265836664,"KRAS.KIDNEY.V1","Heart","MSigDBOncogenic","Heart","C6"
"SRC_UP.V1_UP",0.293183640469961,0.707964174858229,7,131,"ACAP1, CLIP3, COX4I2, LAMP3, NEU1, PRADC1, TMEM88",FALSE,1.40795417371392,"SRC.V1","Heart","MSigDBOncogenic","Heart","C6"
"VEGF_A_UP.V1_UP",0.293197284537246,0.707964174858229,9,175,"ADORA2A, ALDOB, CLIP3, ENO2, EPHX1, IL32, MTSS1, MYL9, TAGLN",FALSE,1.3338532510507,"VEGF A.V1","Heart","MSigDBOncogenic","Heart","C6"
"LEF1_UP.V1_UP",0.304473852740918,0.71768836717502,9,177,"EGR3, EMP3, HEY2, MYL9, PDLIM4, PHLDA3, RGCC, VIM, WWC2",FALSE,1.31789058056801,"LEF1.V1","Heart","MSigDBOncogenic","Heart","C6"
"CORDENONSI_YAP_CONSERVED_SIGNATURE",0.372277719407331,0.847116794530558,3,53,"COL4A3, CRIM1, FGF2",FALSE,1.61829092627492,"CORDENONSI YAP CONSERVED SIGNATURE","Heart","MSigDBOncogenic","Heart","C6"
"E2F3_UP.V1_UP",0.392601423296579,0.847116794530558,8,169,"C11orf96, CHST1, ENO2, HEY2, MEX3B, MMP15, SMAD6, ZFP30",FALSE,1.2292776475602,"E2F3.V1","Heart","MSigDBOncogenic","Heart","C6"
"CRX_NRL_DN.V1_UP",0.393609823721269,0.847116794530558,6,123,"FXYD6, KCNB1, PDE8A, PLEKHA2, SLC29A2, XIST",FALSE,1.29187609728548,"CRX NRL DN.V1","Heart","MSigDBOncogenic","Heart","C6"
"NRL_DN.V1_UP",0.393609823721269,0.847116794530558,6,123,"BCL3, IGFBP5, KCNB1, NGDN, PLEKHA2, SLC29A2",FALSE,1.29187609728548,"NRL DN.V1","Heart","MSigDBOncogenic","Heart","C6"
"BRCA1_DN.V1_UP",0.409200196158853,0.85944921860421,5,102,"CDKL5, CNTN6, LHX6, RCN3, USP9Y",FALSE,1.31713884578438,"BRCA1 DN.V1","Heart","MSigDBOncogenic","Heart","C6"
"PRC2_EZH2_UP.V1_UP",0.43023902089369,0.85944921860421,8,175,"CCDC68, COL10A1, FXYD6, PIK3CB, RGCC, TRAF3IP1, VSNL1, YRDC",FALSE,1.18489162055541,"PRC2 EZH2.V1","Heart","MSigDBOncogenic","Heart","C6"
"WNT_UP.V1_UP",0.43391333155965,0.85944921860421,7,152,"CXCL1, DCC, FGF18, MYRF, RBPMS, VAMP1, ZNF358",FALSE,1.20349360062416,"WNT.V1","Heart","MSigDBOncogenic","Heart","C6"
"PDGF_ERK_DN.V1_UP",0.437755174125513,0.85944921860421,6,129,"CETN2, CMTR1, COL10A1, EXOSC8, MPI, NAGLU",FALSE,1.22874844352659,"PDGF ERK DN.V1","Heart","MSigDBOncogenic","Heart","C6"
"CYCLIN_D1_KE_.V1_UP",0.442746567159745,0.85944921860421,8,177,"ARCN1, CENPB, EGR3, INPP5A, KCTD2, MMP15, PLOD1, PPP3CB",FALSE,1.17079458346342,"CYCLIN D1 KE .V1","Heart","MSigDBOncogenic","Heart","C6"
"PTEN_DN.V1_UP",0.454045465121827,0.860601038623664,7,155,"C2, DCC, GJC2, LRCH1, TUSC3, ZBTB10, ZNF613",FALSE,1.1790055377577,"PTEN DN.V1","Heart","MSigDBOncogenic","Heart","C6"
"CSR_LATE_UP.V1_UP",0.460725808556103,0.860601038623664,7,156,"CRISPLD2, CXCL6, PAICS, PDLIM5, PGM2, PSMD14, TIMP1",FALSE,1.17106124980437,"CSR LATE.V1","Heart","MSigDBOncogenic","Heart","C6"
"PGF_UP.V1_UP",0.473819544945662,0.865188423544727,8,182,"ADAM9, AHCYL2, AIMP1, CD2AP, DCP2, RNF13, SGMS1, XIST",FALSE,1.13696573370831,"PGF.V1","Heart","MSigDBOncogenic","Heart","C6"
"IL2_UP.V1_UP",0.500372412718417,0.865188423544727,7,162,"EGR3, PPP4R4, RGCC, RHOB, SLC29A2, VSNL1, YRDC",FALSE,1.12554124616182,"IL2.V1","Heart","MSigDBOncogenic","Heart","C6"
"CSR_EARLY_UP.V1_UP",0.523721955698795,0.865188423544727,6,141,"CRISPLD2, DOT1L, EMC6, ID3, PLCH1, TBX2",FALSE,1.11926505877869,"CSR EARLY.V1","Heart","MSigDBOncogenic","Heart","C6"
"KRAS.600.LUNG.BREAST_UP.V1_UP",0.527401203745168,0.865188423544727,10,240,"CLEC4A, CXCL1, CXCL2, DYNC1I1, GPRC5D, LAT2, MACF1, MMP15, SEMA3B, ZNF671",FALSE,1.06277468640951,"KRAS.600.LUNG.BREAST.V1","Heart","MSigDBOncogenic","Heart","C6"
"CYCLIN_D1_UP.V1_UP",0.532673186217395,0.865188423544727,7,167,"ARCN1, CENPB, MMP15, MYL6, PLOD1, TAGLN, TAP1",FALSE,1.09020770231674,"CYCLIN D1.V1","Heart","MSigDBOncogenic","Heart","C6"
"PRC2_SUZ12_UP.V1_UP",0.532673186217395,0.865188423544727,7,167,"ACAP1, ACE, CFB, DCP2, SMPD2, TRAF3IP1, UPK3B",FALSE,1.09020770231674,"PRC2 SUZ12.V1","Heart","MSigDBOncogenic","Heart","C6"
"ESC_V6.5_UP_EARLY.V1_UP",0.53756316525616,0.865188423544727,6,143,"ABCC6, AGER, HTRA2, MAGI3, SMPD2, ZNF865",FALSE,1.10287572784976,"ESC V6.5 EARLY.V1","Heart","MSigDBOncogenic","Heart","C6"
"KRAS.600_UP.V1_UP",0.543329234472278,0.865188423544727,10,243,"ACOX2, CTNND2, DYNC1I1, FMNL2, KCNJ8, LIMCH1, LRCH1, PEG3, PLAU, SCN1B",FALSE,1.04896378363281,"KRAS.600.V1","Heart","MSigDBOncogenic","Heart","C6"
"ATF2_S_UP.V1_UP",0.545363439545445,0.865188423544727,7,169,"CXCL1, IL32, KCNB1, LHX6, PLAU, PLEKHA2, USP9Y",FALSE,1.07668310891881,"ATF2 S.V1","Heart","MSigDBOncogenic","Heart","C6"
"KRAS.50_UP.V1_UP",0.556978927033957,0.865188423544727,2,45,"DYNC1I1, PEG3",FALSE,1.34085312312253,"KRAS.50.V1","Heart","MSigDBOncogenic","Heart","C6"
"RAPA_EARLY_UP.V1_UP",0.56470977917852,0.865188423544727,6,147,"CBX5, HMBS, HSPB6, MYRF, PLA2G5, USP9Y",FALSE,1.07148697391521,"RAPA EARLY.V1","Heart","MSigDBOncogenic","Heart","C6"
"SINGH_KRAS_DEPENDENCY_SIGNATURE",0.568053005357649,0.865188423544727,1,20,"CLDN7",FALSE,1.79473939714904,"SINGH KRAS DEPENDENCY SIGNATURE","Heart","MSigDBOncogenic","Heart","C6"
"P53_DN.V2_UP",0.594722850453008,0.892084275679513,5,126,"C4BPA, CXCL1, CXCL2, CXCL6, PRKCE",FALSE,1.05571091424438,"P53 DN.V2","Heart","MSigDBOncogenic","Heart","C6"
"SNF5_DN.V1_UP",0.628981607181493,0.912324650771581,6,157,"AIF1, BUB1, DCAKD, FGF18, KLHL42, RNF13",FALSE,1.00026661639043,"SNF5 DN.V1","Heart","MSigDBOncogenic","Heart","C6"
"IL21_UP.V1_UP",0.635098089141101,0.912324650771581,6,158,"CLDN7, LAMP3, MUC1, RGCC, SLC29A2, VSNL1",FALSE,0.99365830124961,"IL21.V1","Heart","MSigDBOncogenic","Heart","C6"
"PKCA_DN.V1_UP",0.635862635386254,0.912324650771581,5,132,"EGR3, REG1A, SLC7A8, TPMT, ZNF865",FALSE,1.00573204497937,"PKCA DN.V1","Heart","MSigDBOncogenic","Heart","C6"
"NOTCH_DN.V1_UP",0.65308629703992,0.923650620099316,6,161,"ATP8A1, CPB1, P2RY1, RANBP17, SLC39A4, ZNF671",FALSE,0.974343322268876,"NOTCH DN.V1","Heart","MSigDBOncogenic","Heart","C6"
"CRX_DN.V1_UP",0.673892728761989,0.929783321130363,4,111,"CLDN7, MYRF, OPN1SW, XIST",FALSE,0.975804313772744,"CRX DN.V1","Heart","MSigDBOncogenic","Heart","C6"
"PRC1_BMI_UP.V1_UP",0.676206051731173,0.929783321130363,6,165,"ACE, COL10A1, DCP2, PRND, SDCCAG8, ZBTB10",FALSE,0.949720256065641,"PRC1 BMI.V1","Heart","MSigDBOncogenic","Heart","C6"
"KRAS.PROSTATE_UP.V1_UP",0.706995050168729,0.952080260719835,4,116,"ACOX2, GRK5, LRCH1, POPDC2",FALSE,0.932204951065055,"KRAS.PROSTATE.V1","Heart","MSigDBOncogenic","Heart","C6"
"SIRNA_EIF4GI_UP",0.713736413634162,0.952080260719835,3,89,"ASAH1, HTRA2, MRPS30",FALSE,0.943107293740672,"SIRNA EIF4GI","Heart","MSigDBOncogenic","Heart","C6"
"ESC_J1_UP_EARLY.V1_UP",0.721272924787754,0.952080260719835,5,146,"C4BPA, CDKN1B, NAGLU, RASL11B, SCRN3",FALSE,0.905597702671052,"ESC J1 EARLY.V1","Heart","MSigDBOncogenic","Heart","C6"
"KRAS.LUNG.BREAST_UP.V1_UP",0.754749788237993,0.966232773378006,4,124,"CXCL1, CXCL2, LAT2, SEMA3B",FALSE,0.869971835830843,"KRAS.LUNG.BREAST.V1","Heart","MSigDBOncogenic","Heart","C6"
"RB_P107_DN.V1_UP",0.760274741997589,0.966232773378006,4,125,"DNAJC9, RFC5, RPA1, TAGLN",FALSE,0.862768928975031,"RB P107 DN.V1","Heart","MSigDBOncogenic","Heart","C6"
"MYC_UP.V1_UP",0.763174624047359,0.966232773378006,5,154,"APOA4, GLS2, LHX6, SCFD2, ZNF549",FALSE,0.856798357637851,"MYC.V1","Heart","MSigDBOncogenic","Heart","C6"
"PTEN_DN.V2_UP",0.771034233301641,0.966232773378006,4,127,"CD86, IL32, PLAU, ZNF549",FALSE,0.848713054058023,"PTEN DN.V2","Heart","MSigDBOncogenic","Heart","C6"
"KRAS.300_UP.V1_UP",0.781411062058546,0.966996189297451,4,129,"DYNC1I1, LRCH1, PEG3, SCN1B",FALSE,0.835105175154305,"KRAS.300.V1","Heart","MSigDBOncogenic","Heart","C6"
"ATM_DN.V1_UP",0.791411251967745,0.967280419071688,4,131,"CLIC5, P2RY1, RET, VEGFA",FALSE,0.821924210098547,"ATM DN.V1","Heart","MSigDBOncogenic","Heart","C6"
"IL15_UP.V1_UP",0.812770638977636,0.969778070696694,5,165,"EGR3, RGCC, RHOB, SLC29A2, YRDC",FALSE,0.797642453787246,"IL15.V1","Heart","MSigDBOncogenic","Heart","C6"
"YAP1_UP",0.813572677791894,0.969778070696694,1,40,"RGCC",FALSE,0.885139109784527,"YAP1","Heart","MSigDBOncogenic","Heart","C6"
"CTIP_DN.V1_UP",0.835147876296133,0.969778070696694,3,110,"APOB, CYSLTR1, OPN1SW",FALSE,0.758086042499699,"CTIP DN.V1","Heart","MSigDBOncogenic","Heart","C6"
"E2F1_UP.V1_UP",0.836115885115581,0.969778070696694,5,171,"BUB1, GATA6, PPM1M, PRADC1, VEGFA",FALSE,0.768670111033223,"E2F1.V1","Heart","MSigDBOncogenic","Heart","C6"
"RB_P130_DN.V1_UP",0.856506639101304,0.969778070696694,3,115,"PPP1R15B, SLC11A1, ZBTB17",FALSE,0.724214427193151,"RB P130 DN.V1","Heart","MSigDBOncogenic","Heart","C6"
"KRAS.LUNG_UP.V1_UP",0.860475973320753,0.969778070696694,3,116,"CLEC4A, SDCCAG8, SLC6A4",FALSE,0.717798218126271,"KRAS.LUNG.V1","Heart","MSigDBOncogenic","Heart","C6"
"KRAS.BREAST_UP.V1_UP",0.871811222535859,0.969778070696694,3,119,"CXCL2, MACF1, SPON2",FALSE,0.6992104879969,"KRAS.BREAST.V1","Heart","MSigDBOncogenic","Heart","C6"
"TBK1.DN.48HRS_UP",0.87230310138904,0.969778070696694,1,49,"CXCL2",FALSE,0.720567099029402,"TBK1.DN.48HRS","Heart","MSigDBOncogenic","Heart","C6"
"EIF4E_UP",0.881616427906085,0.969778070696694,2,88,"C8orf33, TAX1BP3",FALSE,0.672874203583749,"EIF4E","Heart","MSigDBOncogenic","Heart","C6"
"DCA_UP.V1_UP",0.90151635036985,0.972719123395671,4,161,"AIF1, GLS2, LIMD1, SERPINA1",FALSE,0.664380294432108,"DCA.V1","Heart","MSigDBOncogenic","Heart","C6"
"PRC2_EED_DN.V1_UP",0.904082895048513,0.972719123395671,4,162,"ACAP1, CDRT4, DCP2, MTSS1",FALSE,0.660155930762819,"PRC2 EED DN.V1","Heart","MSigDBOncogenic","Heart","C6"
"AKT_UP_MTOR_DN.V1_UP",0.913766449250479,0.972719123395671,4,166,"CXCL1, NEU1, RAB3IP, SLC39A8",FALSE,0.643778397768035,"AKT MTOR DN.V1","Heart","MSigDBOncogenic","Heart","C6"
"JAK2_DN.V1_UP",0.932756648241236,0.982371363573216,3,141,"CLDN7, DOT1L, SLC8A1",FALSE,0.58750516397033,"JAK2 DN.V1","Heart","MSigDBOncogenic","Heart","C6"
"MTOR_UP.V1_UP",0.954846829548974,0.992645798314263,3,154,"IDH3A, IL27RA, NIPSNAP3A",FALSE,0.536746774159877,"MTOR.V1","Heart","MSigDBOncogenic","Heart","C6"
"ATF2_UP.V1_UP",0.96256562260777,0.992645798314263,3,160,"CBX5, IL32, PLAU",FALSE,0.51614593316721,"ATF2.V1","Heart","MSigDBOncogenic","Heart","C6"
"CAHOY_OLIGODENDROCUTIC",0.975267851996545,0.995376467501628,1,88,"MYRF",FALSE,0.39863289894271,"CAHOY OLIGODENDROCUTIC","Heart","MSigDBOncogenic","Heart","C6"
"AKT_UP.V1_UP",0.986972223946693,0.997043369089006,2,151,"MMP15, NEU1",FALSE,0.388111626155729,"AKT.V1","Heart","MSigDBOncogenic","Heart","C6"
"HINATA_NFKB_MATRIX",1,1,0,10,"",FALSE,1.11024696411516,"HINATA NFKB MATRIX","Heart","MSigDBOncogenic","Heart","C6"
"CSR_LATE_UP.V1_UP",0.00596524935826905,0.222576098418612,8,156,"ASB6, DRAP1, FARSA, LMNB2, MYH1, NOC2L, TCF19, UTP18",FALSE,3.28803055987522,"CSR LATE.V1","Extremities","MSigDBOncogenic","Extremities","C6"
"PRC2_EED_DN.V1_UP",0.00743513645324729,0.222576098418612,8,162,"ANGPTL4, IFI6, MAPK8IP3, MYH1, NMT2, OBSCN, OSGIN1, PTPN7",FALSE,3.15942438809816,"PRC2 EED DN.V1","Extremities","MSigDBOncogenic","Extremities","C6"
"E2F3_UP.V1_UP",0.00947745378420361,0.222576098418612,8,169,"ABHD15, CMPK2, DDAH1, EEF1A2, LRRC45, NUDT22, RYR1, TP53I13",FALSE,3.02146142054165,"E2F3.V1","Extremities","MSigDBOncogenic","Extremities","C6"
"VEGF_A_UP.V1_UP",0.0115379361757069,0.222576098418612,8,175,"ABCA4, CLIP2, ENO3, HTR2A, ITIH4, KANK3, RHBDD3, TNNC2",FALSE,2.91238536858012,"VEGF A.V1","Extremities","MSigDBOncogenic","Extremities","C6"
"LEF1_UP.V1_UP",0.0122930543999173,0.222576098418612,8,177,"ARHGAP4, AXL, CDKN2A, COL6A1, CRIP1, NES, PARVB, RYR1",FALSE,2.87774272867494,"LEF1.V1","Extremities","MSigDBOncogenic","Extremities","C6"
"RB_P130_DN.V1_UP",0.0151372688534748,0.222576098418612,6,115,"ATP2A1, CYBA, MBD3, POLD2, SEMA6B, STMN3",FALSE,3.39748071169894,"RB P130 DN.V1","Extremities","MSigDBOncogenic","Extremities","C6"
"KRAS.LUNG_UP.V1_UP",0.0157377039285887,0.222576098418612,6,116,"ADAM8, ANGPTL4, MYH2, NES, SARM1, SLCO5A1",FALSE,3.36657200811359,"KRAS.LUNG.V1","Extremities","MSigDBOncogenic","Extremities","C6"
"CAHOY_ASTROGLIAL",0.0193524973123347,0.239487154240142,5,89,"COL5A1, KLHL21, LOXL2, TNFRSF12A, TOR4A",FALSE,3.71954941683013,"CAHOY ASTROGLIAL","Extremities","MSigDBOncogenic","Extremities","C6"
"KRAS.600.LUNG.BREAST_UP.V1_UP",0.0246718735677418,0.241224210718025,9,240,"ADAM8, ANGPTL4, MYH2, NTRK1, OSGIN1, PLAUR, SLCO5A1, STX1A, TONSL",FALSE,2.35438889506364,"KRAS.600.LUNG.BREAST.V1","Extremities","MSigDBOncogenic","Extremities","C6"
"IL15_UP.V1_UP",0.0252711145464204,0.241224210718025,7,165,"CCDC85B, DUSP4, KANK3, MAFF, PLEC, PTPN7, TNFRSF12A",FALSE,2.70933413615718,"IL15.V1","Extremities","MSigDBOncogenic","Extremities","C6"
"SRC_UP.V1_UP",0.0268026900797806,0.241224210718025,6,131,"APC2, GRWD1, PACSIN3, SRC, STAC3, TONSL",FALSE,2.96204973210606,"SRC.V1","Extremities","MSigDBOncogenic","Extremities","C6"
"KRAS.DF.V1_UP",0.0378805935505795,0.312514896792281,7,180,"ADAM8, CCDC85B, LOXL2, MVP, PROCR, RRAD, SCAND1",FALSE,2.47330407643464,"KRAS.DF.V1","Extremities","MSigDBOncogenic","Extremities","C6"
"KRAS.50_UP.V1_UP",0.0429510893231266,0.327089064845349,3,45,"ADAM8, ANGPTL4, SCG3",FALSE,4.68983664601271,"KRAS.50.V1","Extremities","MSigDBOncogenic","Extremities","C6"
"NOTCH_DN.V1_UP",0.0619787609788274,0.401945693117948,6,161,"CRIP1, EPN3, KLHL21, RPS6KA4, RRAD, SETD1A",FALSE,2.3871338285841,"NOTCH DN.V1","Extremities","MSigDBOncogenic","Extremities","C6"
"IL2_UP.V1_UP",0.0634721975129957,0.401945693117948,6,162,"CCDC85B, DUSP4, MAFF, PLEC, PTPN7, TNFRSF12A",FALSE,2.37176600198303,"IL2.V1","Extremities","MSigDBOncogenic","Extremities","C6"
"KRAS.LUNG.BREAST_UP.V1_UP",0.0649609200998705,0.401945693117948,5,124,"ADAM8, ANGPTL4, MYH2, OSGIN1, SLCO5A1",FALSE,2.62571005968242,"KRAS.LUNG.BREAST.V1","Extremities","MSigDBOncogenic","Extremities","C6"
"PTEN_DN.V2_UP",0.0704260631339608,0.410128250015419,5,127,"ANGPTL4, COL13A1, GMIP, LOXL2, OSGIN1",FALSE,2.56103640906156,"PTEN DN.V2","Extremities","MSigDBOncogenic","Extremities","C6"
"MEL18_DN.V1_UP",0.0841284913449076,0.441846474715201,5,134,"ADM, AGRN, COL13A1, PLAUR, STX1A",FALSE,2.42178413430133,"MEL18 DN.V1","Extremities","MSigDBOncogenic","Extremities","C6"
"PRC2_EZH2_UP.V1_UP",0.0847988183796851,0.441846474715201,6,175,"ANGPTL4, COL13A1, GMIP, NES, OSGIN1, TOR4A",FALSE,2.18848540331604,"PRC2 EZH2.V1","Extremities","MSigDBOncogenic","Extremities","C6"
"EGFR_UP.V1_UP",0.0958256232973486,0.446087765247298,6,181,"ADM, ANGPTL4, COL5A2, DUSP4, LOXL2, SOWAHC",FALSE,2.11305236270754,"EGFR.V1","Extremities","MSigDBOncogenic","Extremities","C6"
"MEK_UP.V1_UP",0.0958256232973486,0.446087765247298,6,181,"ADM, ANGPTL4, COL5A2, DUSP4, MXRA7, PACSIN3",FALSE,2.11305236270754,"MEK.V1","Extremities","MSigDBOncogenic","Extremities","C6"
"CSR_EARLY_UP.V1_UP",0.0991306144993996,0.446087765247298,5,141,"BCAR1, DKC1, PLAUR, PXN, TNFRSF12A",FALSE,2.29681414413189,"CSR EARLY.V1","Extremities","MSigDBOncogenic","Extremities","C6"
"ESC_J1_UP_EARLY.V1_UP",0.110613984795964,0.466063487783812,5,146,"ADM, KANK3, LOXL2, NAGS, TYMP",FALSE,2.21511998094692,"ESC J1 EARLY.V1","Extremities","MSigDBOncogenic","Extremities","C6"
"RAPA_EARLY_UP.V1_UP",0.112985087947591,0.466063487783812,5,147,"COL5A2, COL6A1, IRF7, NUCB1, SSUH2",FALSE,2.1994690991578,"RAPA EARLY.V1","Extremities","MSigDBOncogenic","Extremities","C6"
"MTOR_UP.V1_UP",0.130252424466035,0.505707838829516,5,154,"CYP51A1, SIGLEC1, TCF19, TNFRSF12A, USP18",FALSE,2.09577546429409,"MTOR.V1","Extremities","MSigDBOncogenic","Extremities","C6"
"PTEN_DN.V1_UP",0.1328121596926,0.505707838829516,5,155,"EEF1A2, KANK3, OSGIN1, TNNT3, TONSL",FALSE,2.08174950988681,"PTEN DN.V1","Extremities","MSigDBOncogenic","Extremities","C6"
"ATF2_UP.V1_UP",0.145943916432737,0.514383493784436,5,160,"ARHGAP22, CHRNG, NES, TCIRG1, ZNF324B",FALSE,2.01432570976174,"ATF2.V1","Extremities","MSigDBOncogenic","Extremities","C6"
"HINATA_NFKB_MATRIX",0.160498339535844,0.514383493784436,1,10,"ARHGDIA",FALSE,8.95703544575725,"HINATA NFKB MATRIX","Extremities","MSigDBOncogenic","Extremities","C6"
"AKT_UP_MTOR_DN.V1_UP",0.162400706028721,0.514383493784436,5,166,"FKBP8, GIPC1, MVP, PACSIN3, TNFRSF12A",FALSE,1.9389279493742,"AKT MTOR DN.V1","Extremities","MSigDBOncogenic","Extremities","C6"
"PRC2_SUZ12_UP.V1_UP",0.165213833568234,0.514383493784436,5,167,"ACTA1, COL13A1, GMIP, SPTB, SRPK3",FALSE,1.92690297323035,"PRC2 SUZ12.V1","Extremities","MSigDBOncogenic","Extremities","C6"
"BCAT.100_UP.V1_UP",0.170889669658941,0.514383493784436,2,43,"DUSP4, EEF1A2",FALSE,3.42140732096188,"BCAT.100.V1","Extremities","MSigDBOncogenic","Extremities","C6"
"RB_P107_DN.V1_UP",0.172350906571454,0.514383493784436,4,125,"COL5A1, COL6A1, INCENP, TCF19",FALSE,2.10694507951024,"RB P107 DN.V1","Extremities","MSigDBOncogenic","Extremities","C6"
"P53_DN.V2_UP",0.175753330766213,0.514383493784436,4,126,"ANGPTL4, CYP2D6, MMP13, OSGIN1",FALSE,2.0896447467876,"P53 DN.V2","Extremities","MSigDBOncogenic","Extremities","C6"
"E2F1_UP.V1_UP",0.176656957461322,0.514383493784436,5,171,"ACTN3, CYBA, GRWD1, KANK3, KLHL21",FALSE,1.88024751023376,"E2F1.V1","Extremities","MSigDBOncogenic","Extremities","C6"
"KRAS.300_UP.V1_UP",0.186095672760458,0.52638490295101,4,129,"ADAM8, ANGPTL4, SCG3, SLCO5A1",FALSE,2.03939796370075,"KRAS.300.V1","Extremities","MSigDBOncogenic","Extremities","C6"
"CYCLIN_D1_KE_.V1_UP",0.194361334728838,0.530828379390785,5,177,"CDKN2A, COL5A2, CRIP1, DUSP4, ZYX",FALSE,1.81432131252118,"CYCLIN D1 KE .V1","Extremities","MSigDBOncogenic","Extremities","C6"
"SIRNA_EIF4GI_UP",0.200777445419846,0.530828379390785,3,89,"CORO1B, DDX54, HLA-B",FALSE,2.2993840095522,"SIRNA EIF4GI","Extremities","MSigDBOncogenic","Extremities","C6"
"BMI1_DN_MEL18_DN.V1_UP",0.203752307240907,0.530828379390785,4,134,"ADM, COL13A1, PLAUR, STX1A",FALSE,1.96078709616385,"BMI1 DN MEL18 DN.V1","Extremities","MSigDBOncogenic","Extremities","C6"
"BMI1_DN.V1_UP",0.210949710616031,0.535487726948386,4,136,"AGRN, COL13A1, SLC52A2, STX1A",FALSE,1.93100395993478,"BMI1 DN.V1","Extremities","MSigDBOncogenic","Extremities","C6"
"CAHOY_ASTROCYTIC",0.223304037854081,0.543646847791776,3,94,"ABHD1, MYOM3, SCG3",FALSE,2.17321133562079,"CAHOY ASTROCYTIC","Extremities","MSigDBOncogenic","Extremities","C6"
"P53_DN.V1_UP",0.225146674338008,0.543646847791776,5,187,"ADM, AXL, CDKN2A, COL13A1, MAFF",FALSE,1.71407736805412,"P53 DN.V1","Extremities","MSigDBOncogenic","Extremities","C6"
"CORDENONSI_YAP_CONSERVED_SIGNATURE",0.234145190547065,0.551913663432368,2,53,"AXL, DDAH1",FALSE,2.7557318639982,"CORDENONSI YAP CONSERVED SIGNATURE","Extremities","MSigDBOncogenic","Extremities","C6"
"KRAS.600_UP.V1_UP",0.247136802030672,0.568989381419455,6,243,"ADAM8, ANGPTL4, DUSP4, SCG3, SLCO5A1, STX1A",FALSE,1.55675353901996,"KRAS.600.V1","Extremities","MSigDBOncogenic","Extremities","C6"
"AKT_UP.V1_UP",0.26690394867361,0.600533884515622,4,151,"CYP51A1, GIPC1, PACSIN3, TNFRSF12A",FALSE,1.7333751830927,"AKT.V1","Extremities","MSigDBOncogenic","Extremities","C6"
"SNF5_DN.V1_UP",0.290017381408457,0.609047182907604,4,157,"HLA-B, MYH1, MYH2, OASL",FALSE,1.66513853701693,"SNF5 DN.V1","Extremities","MSigDBOncogenic","Extremities","C6"
"GCNP_SHH_UP_EARLY.V1_UP",0.293897687382792,0.609047182907604,4,158,"HLA-B, KIAA2013, LOXL2, TNNC2",FALSE,1.65428103400056,"GCNP SHH EARLY.V1","Extremities","MSigDBOncogenic","Extremities","C6"
"IL21_UP.V1_UP",0.293897687382792,0.609047182907604,4,158,"ARHGAP22, ITIH4, MYOZ1, SLCO5A1",FALSE,1.65428103400056,"IL21.V1","Extremities","MSigDBOncogenic","Extremities","C6"
"SINGH_KRAS_DEPENDENCY_SIGNATURE",0.29529560383399,0.609047182907604,1,20,"ADAM8",FALSE,4.36159079016222,"SINGH KRAS DEPENDENCY SIGNATURE","Extremities","MSigDBOncogenic","Extremities","C6"
"CRX_DN.V1_UP",0.302675448129546,0.610494226163435,3,111,"ABCA4, CCDC107, RHPN1",FALSE,1.83120780195049,"CRX DN.V1","Extremities","MSigDBOncogenic","Extremities","C6"
"PRC1_BMI_UP.V1_UP",0.321223227473621,0.610494226163435,4,165,"COL13A1, GMIP, OSGIN1, PTPN7",FALSE,1.58204334365325,"PRC1 BMI.V1","Extremities","MSigDBOncogenic","Extremities","C6"
"ALK_DN.V1_UP",0.326399129426244,0.610494226163435,3,116,"ANGPTL4, ARHGAP4, NTRK1",FALSE,1.75011600788251,"ALK DN.V1","Extremities","MSigDBOncogenic","Extremities","C6"
"KRAS.PROSTATE_UP.V1_UP",0.326399129426244,0.610494226163435,3,116,"ANGPTL4, NES, PTPN7",FALSE,1.75011600788251,"KRAS.PROSTATE.V1","Extremities","MSigDBOncogenic","Extremities","C6"
"CYCLIN_D1_UP.V1_UP",0.329069456799376,0.610494226163435,4,167,"BIN1, FDXR, SGCA, ZYX",FALSE,1.5625401140182,"CYCLIN D1.V1","Extremities","MSigDBOncogenic","Extremities","C6"
"GCNP_SHH_UP_LATE.V1_UP",0.332996850634601,0.610494226163435,4,168,"DES, HNRNPU, INCENP, LOXL2",FALSE,1.55296634020038,"GCNP SHH LATE.V1","Extremities","MSigDBOncogenic","Extremities","C6"
"ERBB2_UP.V1_UP",0.352659572007192,0.634787229612946,4,173,"ANGPTL4, DUSP4, MXRA7, PACSIN3",FALSE,1.5067919443534,"ERBB2.V1","Extremities","MSigDBOncogenic","Extremities","C6"
"CRX_NRL_DN.V1_UP",0.359583470102785,0.635692206074567,3,123,"CCDC107, RHPN1, SSBP4",FALSE,1.64789324009059,"CRX NRL DN.V1","Extremities","MSigDBOncogenic","Extremities","C6"
"RPS14_DN.V1_UP",0.384110202634166,0.659634381922878,4,181,"GNB5, PADI2, SH3BP5, SMAD3",FALSE,1.43832376977917,"RPS14 DN.V1","Extremities","MSigDBOncogenic","Extremities","C6"
"RAF_UP.V1_UP",0.391951526066564,0.659634381922878,4,183,"ANGPTL4, DUSP4, NMT2, TBC1D2",FALSE,1.42216032188177,"RAF.V1","Extremities","MSigDBOncogenic","Extremities","C6"
"ATM_DN.V1_UP",0.397199829265115,0.659634381922878,3,131,"ENO3, TNNC2, TNNT3",FALSE,1.54470449839514,"ATM DN.V1","Extremities","MSigDBOncogenic","Extremities","C6"
"CAMP_UP.V1_UP",0.399778413286593,0.659634381922878,4,185,"AKAP6, CYBA, HNRNPU, TYMP",FALSE,1.40635309322178,"CAMP.V1","Extremities","MSigDBOncogenic","Extremities","C6"
"RELA_DN.V1_UP",0.406518466166321,0.659759477876487,3,133,"ATP2A1, BIN1, CDHR5",FALSE,1.5208841087892,"RELA DN.V1","Extremities","MSigDBOncogenic","Extremities","C6"
"CAHOY_OLIGODENDROCUTIC",0.452657747464899,0.711319317444842,2,88,"GAB3, SRPK3",FALSE,1.6379357932008,"CAHOY OLIGODENDROCUTIC","Extremities","MSigDBOncogenic","Extremities","C6"
"EIF4E_UP",0.452657747464899,0.711319317444842,2,88,"RSAD1, VPS28",FALSE,1.6379357932008,"EIF4E","Extremities","MSigDBOncogenic","Extremities","C6"
"TBK1.DF_UP",0.48745281993419,0.7540285808357,5,265,"ABR, ADAM8, MEX3D, PLAUR, SH3TC1",FALSE,1.19631066064361,"TBK1.DF","Extremities","MSigDBOncogenic","Extremities","C6"
"MYC_UP.V1_UP",0.501082934597166,0.755335706065207,3,154,"QSOX2, TRMT1, VPS9D1",FALSE,1.30874113403132,"MYC.V1","Extremities","MSigDBOncogenic","Extremities","C6"
"YAP1_UP",0.503557137376804,0.755335706065207,1,40,"GTPBP3",FALSE,2.15112374063549,"YAP1","Extremities","MSigDBOncogenic","Extremities","C6"
"BRCA1_DN.V1_UP",0.530323696735424,0.782051916133807,2,102,"SGCA, SHANK1",FALSE,1.40881540455974,"BRCA1 DN.V1","Extremities","MSigDBOncogenic","Extremities","C6"
"BCAT_GDS748_UP",0.537166972697968,0.782051916133807,1,44,"DDAH1",FALSE,1.95294393619517,"BCAT GDS748","Extremities","MSigDBOncogenic","Extremities","C6"
"ESC_V6.5_UP_LATE.V1_UP",0.555642421150996,0.787981005377283,3,167,"CYBA, HLA-B, LOXL2",FALSE,1.20455802311028,"ESC V6.5 LATE.V1","Extremities","MSigDBOncogenic","Extremities","C6"
"CTIP_DN.V1_UP",0.571222945426552,0.787981005377283,2,110,"ACTA1, IFI6",FALSE,1.30443666266401,"CTIP DN.V1","Extremities","MSigDBOncogenic","Extremities","C6"
"HOXA9_DN.V1_UP",0.571700692460698,0.787981005377283,3,171,"FDXR, ISG15, TYMP",FALSE,1.17573585227342,"HOXA9 DN.V1","Extremities","MSigDBOncogenic","Extremities","C6"
"TBK1.DN.48HRS_UP",0.576005695035433,0.787981005377283,1,49,"CDKN2A",FALSE,1.75118872291185,"TBK1.DN.48HRS","Extremities","MSigDBOncogenic","Extremities","C6"
"KRAS.AMP.LUNG_UP.V1_UP",0.581036498914562,0.787981005377283,2,112,"HSF1, MYOZ1",FALSE,1.28070348718772,"KRAS.AMP.LUNG.V1","Extremities","MSigDBOncogenic","Extremities","C6"
"TGFB_UP.V1_UP",0.591261424451622,0.790578304736911,3,176,"MYBPC2, NCOR2, RRAD",FALSE,1.14157701147613,"TGFB.V1","Extremities","MSigDBOncogenic","Extremities","C6"
"LTE2_UP.V1_UP",0.598922958134023,0.790578304736911,3,178,"DUSP4, EPN3, SOWAHC",FALSE,1.12845845951181,"LTE2.V1","Extremities","MSigDBOncogenic","Extremities","C6"
"KRAS.BREAST_UP.V1_UP",0.614077386997869,0.799916596220908,2,119,"OSGIN1, STX1A",FALSE,1.20399988389307,"KRAS.BREAST.V1","Extremities","MSigDBOncogenic","Extremities","C6"
"NRL_DN.V1_UP",0.632046273364461,0.812630922897164,2,123,"APC2, RHPN1",FALSE,1.16413745866527,"NRL DN.V1","Extremities","MSigDBOncogenic","Extremities","C6"
"KRAS.KIDNEY_UP.V1_UP",0.657767160737408,0.834858319397479,2,129,"ARPP21, SCG3",FALSE,1.10903351790921,"KRAS.KIDNEY.V1","Extremities","MSigDBOncogenic","Extremities","C6"
"PKCA_DN.V1_UP",0.670079482923124,0.8397198583467,2,132,"NMT2, TYMP",FALSE,1.08338168341932,"PKCA DN.V1","Extremities","MSigDBOncogenic","Extremities","C6"
"JAK2_DN.V1_UP",0.704873484526391,0.870440280150331,2,141,"AKAP6, TYMP",FALSE,1.0130460082051,"JAK2 DN.V1","Extremities","MSigDBOncogenic","Extremities","C6"
"ESC_V6.5_UP_EARLY.V1_UP",0.712178411032089,0.870440280150331,2,143,"ARAP1, CLEC11A",FALSE,0.998630922825505,"ESC V6.5 EARLY.V1","Extremities","MSigDBOncogenic","Extremities","C6"
"WNT_UP.V1_UP",0.743198712801996,0.893998578732913,2,152,"HYOU1, POLD2",FALSE,0.9385042128784,"WNT.V1","Extremities","MSigDBOncogenic","Extremities","C6"
"CAHOY_NEURONAL",0.749513959947796,0.893998578732913,1,79,"STX1A",FALSE,1.08038476537112,"CAHOY NEURONAL","Extremities","MSigDBOncogenic","Extremities","C6"
"ESC_J1_UP_LATE.V1_UP",0.791298203806953,0.924804114482735,2,168,"LOXL2, TNFRSF12A",FALSE,0.847662123241932,"ESC J1 LATE.V1","Extremities","MSigDBOncogenic","Extremities","C6"
"ATF2_S_UP.V1_UP",0.794023734656893,0.924804114482735,2,169,"ARHGAP22, ZNF324B",FALSE,0.842560729775407,"ATF2 S.V1","Extremities","MSigDBOncogenic","Extremities","C6"
"RB_DN.V1_UP",0.854707276998133,0.983907214218781,1,110,"GAB3",FALSE,0.773366880998975,"RB DN.V1","Extremities","MSigDBOncogenic","Extremities","C6"
"PDGF_ERK_DN.V1_UP",0.895985303632918,1,1,129,"TAB1",FALSE,0.658413404272215,"PDGF ERK DN.V1","Extremities","MSigDBOncogenic","Extremities","C6"
"STK33_SKM_UP",0.921364264118602,1,2,239,"ADM, SOWAHC",FALSE,0.592216557765492,"STK33 SKM","Extremities","MSigDBOncogenic","Extremities","C6"
"JNK_DN.V1_UP",0.939745564832669,1,1,160,"RRAD",FALSE,0.529652613396456,"JNK DN.V1","Extremities","MSigDBOncogenic","Extremities","C6"
"STK33_UP",0.941867992376388,1,2,260,"ADM, MAFF",FALSE,0.543551975005344,"STK33","Extremities","MSigDBOncogenic","Extremities","C6"
"STK33_NOMO_UP",0.948254411979986,1,2,268,"LY6K, MAFF",FALSE,0.527030451330854,"STK33 NOMO","Extremities","MSigDBOncogenic","Extremities","C6"
"MTOR_UP.N4.V1_UP",0.956898526769198,1,1,179,"ADM",FALSE,0.472840564797347,"MTOR.N4.V1","Extremities","MSigDBOncogenic","Extremities","C6"
"PGF_UP.V1_UP",0.959120384162524,1,1,182,"RRS1",FALSE,0.464957553269242,"PGF.V1","Extremities","MSigDBOncogenic","Extremities","C6"
"NFE2L2.V2",0.991415268017261,1,2,387,"OSGIN1, SPTB",FALSE,0.362235752720993,"NFE2L2.V2","Extremities","MSigDBOncogenic","Extremities","C6"
"BCAT_BILD_ET_AL_UP",1,1,0,43,"",FALSE,0.64921474134032,"BCAT BILD ET AL","Extremities","MSigDBOncogenic","Extremities","C6"
"DCA_UP.V1_UP",1,1,0,161,"",FALSE,0.173874505883193,"DCA.V1","Extremities","MSigDBOncogenic","Extremities","C6"
"GLI1_UP.V1_UP",1,1,0,21,"",FALSE,1.31491590672431,"GLI1.V1","Extremities","MSigDBOncogenic","Extremities","C6"
"HINATA_NFKB_IMMU_INF",1,1,0,14,"",FALSE,1.9503579282272,"HINATA NFKB IMMU INF","Extremities","MSigDBOncogenic","Extremities","C6"
"PDGF_UP.V1_UP",1,1,0,135,"",FALSE,0.207498235090899,"PDGF.V1","Extremities","MSigDBOncogenic","Extremities","C6"
"ATF2_S_UP.V1_UP",0.000261062778566973,0.0258452150781303,8,169,"DLEC1, EPX, ETS2, FOXM1, HBD, HSPA6, ITGA8, TRPM2",TRUE,5.50230840258541,"ATF2 S.V1","Others","MSigDBOncogenic","Others","C6"
"MTOR_UP.V1_UP",0.00407326350893773,0.178729209349053,6,154,"CDK1, IL18RAP, KCNE3, SLC2A1, TESC, TFRC",FALSE,4.53339850114044,"MTOR.V1","Others","MSigDBOncogenic","Others","C6"
"PRC2_SUZ12_UP.V1_UP",0.00601936895990577,0.178729209349053,6,167,"ELANE, ERMAP, SPTB, TRIM58, UPK3B, XK",FALSE,4.16588435034455,"PRC2 SUZ12.V1","Others","MSigDBOncogenic","Others","C6"
"KRAS.LUNG.BREAST_UP.V1_UP",0.00742376969911467,0.178729209349053,5,124,"DNAH9, GYPC, OSBP2, PPBP, TSPAN1",FALSE,4.74990443721267,"KRAS.LUNG.BREAST.V1","Others","MSigDBOncogenic","Others","C6"
"BCAT_GDS748_UP",0.00902672774490165,0.178729209349053,3,44,"BAMBI, CA2, SLC39A14",FALSE,8.65086752879489,"BCAT GDS748","Others","MSigDBOncogenic","Others","C6"
"AKT_UP.V1_UP",0.0163717209669338,0.253459672935899,5,151,"BPGM, KCNE3, SLC2A1, TESC, TFRC",FALSE,3.86948974002444,"AKT.V1","Others","MSigDBOncogenic","Others","C6"
"PTEN_DN.V1_UP",0.0181234336122152,0.253459672935899,5,155,"ALOX5AP, BMPR1B, MEFV, RARB, SPTA1",FALSE,3.76592428530413,"PTEN DN.V1","Others","MSigDBOncogenic","Others","C6"
"ATF2_UP.V1_UP",0.0204815897321939,0.253459672935899,5,160,"COL2A1, FOXM1, HSPA6, ITGA8, TRPM2",FALSE,3.64396014449605,"ATF2.V1","Others","MSigDBOncogenic","Others","C6"
"KRAS.AMP.LUNG_UP.V1_UP",0.0241389271560273,0.265528198716301,4,112,"CLSTN3, HSPA6, OSBP2, SPTA1",FALSE,4.26149526149526,"KRAS.AMP.LUNG.V1","Others","MSigDBOncogenic","Others","C6"
"ALK_DN.V1_UP",0.0270155432852633,0.267453878524106,4,116,"BMPR1B, BST1, CA2, MPO",FALSE,4.10918918918919,"ALK DN.V1","Others","MSigDBOncogenic","Others","C6"
"RAPA_EARLY_UP.V1_UP",0.0560634873475283,0.46562461802258,4,147,"ANK1, DNAH3, HMBS, MPO",FALSE,3.21671275329812,"RAPA EARLY.V1","Others","MSigDBOncogenic","Others","C6"
"SIRNA_EIF4GI_UP",0.0564393476391006,0.46562461802258,3,89,"CA2, FCAR, NCAPD2",FALSE,4.14151250052998,"SIRNA EIF4GI","Others","MSigDBOncogenic","Others","C6"
"NFE2L2.V2",0.0856243384720958,0.536395067308186,7,387,"FAM86DP, FECH, HYDIN, MUC5AC, SPTB, SRGN, TFRC",FALSE,2.02884706761349,"NFE2L2.V2","Others","MSigDBOncogenic","Others","C6"
"KRAS.600.LUNG.BREAST_UP.V1_UP",0.0864648675764062,0.536395067308186,5,240,"DNAH9, GYPC, OSBP2, PPBP, TSPAN1",FALSE,2.39687033105292,"KRAS.600.LUNG.BREAST.V1","Others","MSigDBOncogenic","Others","C6"
"HOXA9_DN.V1_UP",0.0866848606493839,0.536395067308186,4,171,"BST1, MPO, OAT, SLC22A4",FALSE,2.75264219443324,"HOXA9 DN.V1","Others","MSigDBOncogenic","Others","C6"
"ERBB2_UP.V1_UP",0.0895413735908652,0.536395067308186,4,173,"BMPR1B, CAPN5, TSPAN1, UPK3B",FALSE,2.71990171990172,"ERBB2.V1","Others","MSigDBOncogenic","Others","C6"
"CYCLIN_D1_KE_.V1_UP",0.0953887012113175,0.536395067308186,4,177,"BIRC2, ETS2, HSPH1, MUC5AC",FALSE,2.65668524169965,"CYCLIN D1 KE .V1","Others","MSigDBOncogenic","Others","C6"
"RPS14_DN.V1_UP",0.101411769549351,0.536395067308186,4,181,"BST1, CEACAM8, ELANE, SASH3",FALSE,2.59631795688134,"RPS14 DN.V1","Others","MSigDBOncogenic","Others","C6"
"PGF_UP.V1_UP",0.102944507867228,0.536395067308186,4,182,"BPGM, LTBP1, NECAP1, RARB",FALSE,2.58164887576652,"PGF.V1","Others","MSigDBOncogenic","Others","C6"
"P53_DN.V2_UP",0.125483668328331,0.621144158225238,3,126,"ALOX5AP, BPI, RHD",FALSE,2.89560793086723,"P53 DN.V2","Others","MSigDBOncogenic","Others","C6"
"KRAS.KIDNEY_UP.V1_UP",0.132022318862953,0.622390931782493,3,129,"CA2, NRXN1, XK",FALSE,2.82653149975357,"KRAS.KIDNEY.V1","Others","MSigDBOncogenic","Others","C6"
"BMI1_DN_MEL18_DN.V1_UP",0.143177352591368,0.644298086661157,3,134,"BST1, SLC22A4, WEE1",FALSE,2.71840806195209,"BMI1 DN MEL18 DN.V1","Others","MSigDBOncogenic","Others","C6"
"GLI1_UP.V1_UP",0.186100311933745,0.777032604680787,1,21,"WEE1",FALSE,7.44020551585661,"GLI1.V1","Others","MSigDBOncogenic","Others","C6"
"IL21_UP.V1_UP",0.20048607935538,0.777032604680787,3,158,"CLSTN3, IL18RAP, PRR4",FALSE,2.29620515884559,"IL21.V1","Others","MSigDBOncogenic","Others","C6"
"DCA_UP.V1_UP",0.208006246244513,0.777032604680787,3,161,"AHSP, IL2RA, ITGA8",FALSE,2.2524199208657,"DCA.V1","Others","MSigDBOncogenic","Others","C6"
"NOTCH_DN.V1_UP",0.208006246244513,0.777032604680787,3,161,"MEFV, RAG1, RHCE",FALSE,2.2524199208657,"NOTCH DN.V1","Others","MSigDBOncogenic","Others","C6"
"CAHOY_OLIGODENDROCUTIC",0.21191798309476,0.777032604680787,2,88,"CPOX, FBXO7",FALSE,2.94382796787759,"CAHOY OLIGODENDROCUTIC","Others","MSigDBOncogenic","Others","C6"
"CAHOY_ASTROCYTIC",0.233437827128322,0.825369460203711,2,94,"BMPR1B, DNAI1",FALSE,2.75208785427764,"CAHOY ASTROCYTIC","Others","MSigDBOncogenic","Others","C6"
"PRC2_EZH2_UP.V1_UP",0.24385305094463,0.832463863569597,3,175,"BPGM, SLC14A1, TBXAS1",FALSE,2.06822578930584,"PRC2 EZH2.V1","Others","MSigDBOncogenic","Others","C6"
"TBK1.DF_UP",0.259614205945499,0.856726879620147,4,265,"GCA, SNCA, TRAK2, WWTR1",FALSE,1.755215845082,"TBK1.DF","Others","MSigDBOncogenic","Others","C6"
"P53_DN.V1_UP",0.275309817974077,0.875483919480093,3,187,"BIRC2, ELF4, LTBP1",FALSE,1.932593873616,"P53 DN.V1","Others","MSigDBOncogenic","Others","C6"
"RB_P130_DN.V1_UP",0.309200871204423,0.875483919480093,2,115,"CDK1, COL11A2",FALSE,2.24064010632711,"RB P130 DN.V1","Others","MSigDBOncogenic","Others","C6"
"KRAS.LUNG_UP.V1_UP",0.312790373911593,0.875483919480093,2,116,"CLSTN3, TSPAN1",FALSE,2.22096494862886,"KRAS.LUNG.V1","Others","MSigDBOncogenic","Others","C6"
"KRAS.BREAST_UP.V1_UP",0.323534126526806,0.875483919480093,2,119,"PPBP, PRB4",FALSE,2.16394885334162,"KRAS.BREAST.V1","Others","MSigDBOncogenic","Others","C6"
"YAP1_UP",0.324567281389064,0.875483919480093,1,40,"SAMSN1",FALSE,3.8578784442333,"YAP1","Others","MSigDBOncogenic","Others","C6"
"CRX_NRL_DN.V1_UP",0.337791882862201,0.875483919480093,2,123,"BST1, WWTR1",FALSE,2.09230723018233,"CRX NRL DN.V1","Others","MSigDBOncogenic","Others","C6"
"NRL_DN.V1_UP",0.337791882862201,0.875483919480093,2,123,"BST1, GNB1",FALSE,2.09230723018233,"NRL DN.V1","Others","MSigDBOncogenic","Others","C6"
"BCAT.100_UP.V1_UP",0.344175376156427,0.875483919480093,1,43,"SASH3",FALSE,3.58504486540379,"BCAT.100.V1","Others","MSigDBOncogenic","Others","C6"
"RB_P107_DN.V1_UP",0.344887604643673,0.875483919480093,2,125,"BLVRB, CA2",FALSE,2.05822670094664,"RB P107 DN.V1","Others","MSigDBOncogenic","Others","C6"
"KRAS.50_UP.V1_UP",0.35693166778954,0.882783838121959,1,45,"PPBP",FALSE,3.42359278504775,"KRAS.50.V1","Others","MSigDBOncogenic","Others","C6"
"RELA_DN.V1_UP",0.37300843505551,0.882783838121959,2,133,"CD38, SAMSN1",FALSE,1.93227128491207,"RELA DN.V1","Others","MSigDBOncogenic","Others","C6"
"TBK1.DN.48HRS_UP",0.381708176086497,0.882783838121959,1,49,"BAMBI",FALSE,3.14063553081551,"TBK1.DN.48HRS","Others","MSigDBOncogenic","Others","C6"
"BMI1_DN.V1_UP",0.38343136403277,0.882783838121959,2,136,"BST1, SLC2A1",FALSE,1.88890094881466,"BMI1 DN.V1","Others","MSigDBOncogenic","Others","C6"
"CORDENONSI_YAP_CONSERVED_SIGNATURE",0.405534514978142,0.889003315343691,1,53,"FLNA",FALSE,2.90079557246627,"CORDENONSI YAP CONSERVED SIGNATURE","Others","MSigDBOncogenic","Others","C6"
"ESC_V6.5_UP_EARLY.V1_UP",0.407454560129668,0.889003315343691,2,143,"HDAC11, LTF",FALSE,1.79485526123477,"ESC V6.5 EARLY.V1","Others","MSigDBOncogenic","Others","C6"
"STK33_SKM_UP",0.413072247533432,0.889003315343691,3,239,"ACSL6, ERMAP, NECAP1",FALSE,1.50390526060055,"STK33 SKM","Others","MSigDBOncogenic","Others","C6"
"CSR_LATE_UP.V1_UP",0.450819126246951,0.934982496355943,2,156,"CDK1, FOXM1",FALSE,1.64280821108828,"CSR LATE.V1","Others","MSigDBOncogenic","Others","C6"
"IL15_UP.V1_UP",0.47977447244786,0.934982496355943,2,165,"CLSTN3, IL18RAP",FALSE,1.55170874349874,"IL15.V1","Others","MSigDBOncogenic","Others","C6"
"CYCLIN_D1_UP.V1_UP",0.486082130009463,0.934982496355943,2,167,"ETS2, MUC5AC",FALSE,1.53280996170272,"CYCLIN D1.V1","Others","MSigDBOncogenic","Others","C6"
"ESC_V6.5_UP_LATE.V1_UP",0.486082130009463,0.934982496355943,2,167,"COL2A1, SRGN",FALSE,1.53280996170272,"ESC V6.5 LATE.V1","Others","MSigDBOncogenic","Others","C6"
"ESC_J1_UP_LATE.V1_UP",0.489218192713926,0.934982496355943,2,168,"COL2A1, SRGN",FALSE,1.52353083010017,"ESC J1 LATE.V1","Others","MSigDBOncogenic","Others","C6"
"TGFB_UP.V1_UP",0.513871709461322,0.934982496355943,2,176,"ANK1, ETS2",FALSE,1.4531264161072,"TGFB.V1","Others","MSigDBOncogenic","Others","C6"
"LEF1_UP.V1_UP",0.516898154415376,0.934982496355943,2,177,"DNAJC6, SLC6A8",FALSE,1.44477717470418,"LEF1.V1","Others","MSigDBOncogenic","Others","C6"
"MTOR_UP.N4.V1_UP",0.522913649311739,0.934982496355943,2,179,"CYTL1, SLC39A14",FALSE,1.42836091977657,"MTOR.N4.V1","Others","MSigDBOncogenic","Others","C6"
"KRAS.DF.V1_UP",0.525902609324665,0.934982496355943,2,180,"SLC22A4, SRGN",FALSE,1.42029074403484,"KRAS.DF.V1","Others","MSigDBOncogenic","Others","C6"
"MEK_UP.V1_UP",0.528878987837705,0.934982496355943,2,181,"CAPN5, UPK3B",FALSE,1.41231048668578,"MEK.V1","Others","MSigDBOncogenic","Others","C6"
"EIF4E_UP",0.578640049715765,0.976205980701933,1,88,"MAP2K3",FALSE,1.7375717744725,"EIF4E","Others","MSigDBOncogenic","Others","C6"
"BRCA1_DN.V1_UP",0.632891668853494,0.976205980701933,1,102,"DNAAF1",FALSE,1.49690478178413,"BRCA1 DN.V1","Others","MSigDBOncogenic","Others","C6"
"CRX_DN.V1_UP",0.664036274713628,0.976205980701933,1,111,"BST1",FALSE,1.37439330360567,"CRX DN.V1","Others","MSigDBOncogenic","Others","C6"
"KRAS.600_UP.V1_UP",0.688198803928872,0.976205980701933,2,243,"PPBP, SRGN",FALSE,1.04660651947228,"KRAS.600.V1","Others","MSigDBOncogenic","Others","C6"
"PTEN_DN.V2_UP",0.713051532844809,0.976205980701933,1,127,"AHSP",FALSE,1.1996382394319,"PTEN DN.V2","Others","MSigDBOncogenic","Others","C6"
"KRAS.300_UP.V1_UP",0.718655014266506,0.976205980701933,1,129,"PPBP",FALSE,1.18085376998521,"KRAS.300.V1","Others","MSigDBOncogenic","Others","C6"
"STK33_UP",0.72337589010724,0.976205980701933,2,260,"NECAP1, PPBP",FALSE,0.976977415088923,"STK33","Others","MSigDBOncogenic","Others","C6"
"ATM_DN.V1_UP",0.72414959017626,0.976205980701933,1,131,"DNAI1",FALSE,1.16264506971696,"ATM DN.V1","Others","MSigDBOncogenic","Others","C6"
"SRC_UP.V1_UP",0.72414959017626,0.976205980701933,1,131,"TFR2",FALSE,1.16264506971696,"SRC.V1","Others","MSigDBOncogenic","Others","C6"
"PKCA_DN.V1_UP",0.726856698450736,0.976205980701933,1,132,"CA2",FALSE,1.15374842338817,"PKCA DN.V1","Others","MSigDBOncogenic","Others","C6"
"MEL18_DN.V1_UP",0.732191853149881,0.976205980701933,1,134,"SLC22A4",FALSE,1.13635498000381,"MEL18 DN.V1","Others","MSigDBOncogenic","Others","C6"
"PDGF_UP.V1_UP",0.734820411063488,0.976205980701933,1,135,"ETS2",FALSE,1.12785223723413,"PDGF.V1","Others","MSigDBOncogenic","Others","C6"
"STK33_NOMO_UP",0.738743248502151,0.976205980701933,2,268,"NECAP1, PPBP",FALSE,0.947284571105116,"STK33 NOMO","Others","MSigDBOncogenic","Others","C6"
"CSR_EARLY_UP.V1_UP",0.750061212812341,0.976205980701933,1,141,"MAP2K3",FALSE,1.07937752578563,"CSR EARLY.V1","Others","MSigDBOncogenic","Others","C6"
"ESC_J1_UP_EARLY.V1_UP",0.762093661855805,0.976205980701933,1,146,"TSPAN1",FALSE,1.04203589525973,"ESC J1 EARLY.V1","Others","MSigDBOncogenic","Others","C6"
"MYC_UP.V1_UP",0.780157754002211,0.976205980701933,1,154,"HSPA6",FALSE,0.987349259805507,"MYC.V1","Others","MSigDBOncogenic","Others","C6"
"GCNP_SHH_UP_EARLY.V1_UP",0.788671137728233,0.976205980701933,1,158,"STAG2",FALSE,0.962089242476652,"GCNP SHH EARLY.V1","Others","MSigDBOncogenic","Others","C6"
"JNK_DN.V1_UP",0.792803975227319,0.976205980701933,1,160,"IGLV6-57",FALSE,0.949934343856027,"JNK DN.V1","Others","MSigDBOncogenic","Others","C6"
"IL2_UP.V1_UP",0.796856372033796,0.976205980701933,1,162,"IL18RAP",FALSE,0.938080495356037,"IL2.V1","Others","MSigDBOncogenic","Others","C6"
"PRC2_EED_DN.V1_UP",0.796856372033796,0.976205980701933,1,162,"ERMAP",FALSE,0.938080495356037,"PRC2 EED DN.V1","Others","MSigDBOncogenic","Others","C6"
"PRC1_BMI_UP.V1_UP",0.802787541338628,0.976205980701933,1,165,"ERMAP",FALSE,0.920840171625809,"PRC1 BMI.V1","Others","MSigDBOncogenic","Others","C6"
"AKT_UP_MTOR_DN.V1_UP",0.804726046440622,0.976205980701933,1,166,"TESC",FALSE,0.915232291902884,"AKT MTOR DN.V1","Others","MSigDBOncogenic","Others","C6"
"GCNP_SHH_UP_LATE.V1_UP",0.808546350952528,0.976205980701933,1,168,"CDK1",FALSE,0.904217411730693,"GCNP SHH LATE.V1","Others","MSigDBOncogenic","Others","C6"
"E2F1_UP.V1_UP",0.814137786035886,0.976205980701933,1,171,"ELANE",FALSE,0.888179616993176,"E2F1.V1","Others","MSigDBOncogenic","Others","C6"
"VEGF_A_UP.V1_UP",0.821341020575678,0.976205980701933,1,175,"COL11A2",FALSE,0.86765369058604,"VEGF A.V1","Others","MSigDBOncogenic","Others","C6"
"LTE2_UP.V1_UP",0.826560503410054,0.976205980701933,1,178,"EHD3",FALSE,0.85286635064625,"LTE2.V1","Others","MSigDBOncogenic","Others","C6"
"EGFR_UP.V1_UP",0.831628215381008,0.976205980701933,1,181,"ETS2",FALSE,0.838570556632438,"EGFR.V1","Others","MSigDBOncogenic","Others","C6"
"RAF_UP.V1_UP",0.83492454719273,0.976205980701933,1,183,"BPGM",FALSE,0.829301137682842,"RAF.V1","Others","MSigDBOncogenic","Others","C6"
"CAMP_UP.V1_UP",0.838156650097619,0.976205980701933,1,185,"MAGED1",FALSE,0.820232681745704,"CAMP.V1","Others","MSigDBOncogenic","Others","C6"
"BCAT_BILD_ET_AL_UP",1,1,0,43,"",FALSE,1.16186123805567,"BCAT BILD ET AL","Others","MSigDBOncogenic","Others","C6"
"CAHOY_ASTROGLIAL",1,1,0,89,"",FALSE,0.563465033317628,"CAHOY ASTROGLIAL","Others","MSigDBOncogenic","Others","C6"
"CAHOY_NEURONAL",1,1,0,79,"",FALSE,0.634644237326665,"CAHOY NEURONAL","Others","MSigDBOncogenic","Others","C6"
"CTIP_DN.V1_UP",1,1,0,110,"",FALSE,0.455923240473205,"CTIP DN.V1","Others","MSigDBOncogenic","Others","C6"
"E2F3_UP.V1_UP",1,1,0,169,"",FALSE,0.296385542168675,"E2F3.V1","Others","MSigDBOncogenic","Others","C6"
"HINATA_NFKB_IMMU_INF",1,1,0,14,"",FALSE,3.49040299127545,"HINATA NFKB IMMU INF","Others","MSigDBOncogenic","Others","C6"
"HINATA_NFKB_MATRIX",1,1,0,10,"",FALSE,4.8209982788296,"HINATA NFKB MATRIX","Others","MSigDBOncogenic","Others","C6"
"JAK2_DN.V1_UP",1,1,0,141,"",FALSE,0.355511090297586,"JAK2 DN.V1","Others","MSigDBOncogenic","Others","C6"
"KRAS.PROSTATE_UP.V1_UP",1,1,0,116,"",FALSE,0.432318113656342,"KRAS.PROSTATE.V1","Others","MSigDBOncogenic","Others","C6"
"PDGF_ERK_DN.V1_UP",1,1,0,129,"",FALSE,0.388677489882309,"PDGF ERK DN.V1","Others","MSigDBOncogenic","Others","C6"
"RB_DN.V1_UP",1,1,0,110,"",FALSE,0.455923240473205,"RB DN.V1","Others","MSigDBOncogenic","Others","C6"
"SINGH_KRAS_DEPENDENCY_SIGNATURE",1,1,0,20,"",FALSE,2.46811636791067,"SINGH KRAS DEPENDENCY SIGNATURE","Others","MSigDBOncogenic","Others","C6"
"SNF5_DN.V1_UP",1,1,0,157,"",FALSE,0.319150889271371,"SNF5 DN.V1","Others","MSigDBOncogenic","Others","C6"
"WNT_UP.V1_UP",1,1,0,152,"",FALSE,0.3296938573968,"WNT.V1","Others","MSigDBOncogenic","Others","C6"
