"pathway","pval","padj","overlap","size","overlapGenes","padj_sig","odds_ratio","pretty_pathway","cluster","term_set"
"HALLMARK_EPITHELIAL_MESENCHYMAL_TRANSITION",1.42924902918878e-14,7.14624514594389e-13,52,195,"ACTA2, ADAM12, BGN, BMP1, CALD1, CDH2, CDH6, COL12A1, COL16A1, COL1A1, COL1A2, COL3A1, COL4A1, COL4A2, COL5A1, COL5A2, COL5A3, COL6A2, COL6A3, COLGALT1, EFEMP2, FN1, GEM, HTRA1, IGFBP2, IGFBP3, IGFBP4, IL32, ITGA2, ITGA5, ITGB1, JUN, LOXL2, MXRA5, MYLK, NID2, PDGFRB, PLOD1, PLOD3, PMEPA1, PVR, RGS4, RHOB, SERPINE1, SNTB1, SPARC, SPOCK1, TAGLN, THY1, TNFRSF12A, TPM1, VIM",TRUE,4.16663673264126,"EPITHELIAL MESENCHYMAL TRANSITION","Cluster 1","Hallmarks"
"HALLMARK_MITOTIC_SPINDLE",7.90070608998649e-08,1.97517652249662e-06,40,197,"ABL1, ARAP3, ARHGAP29, ARHGDIA, BCAR1, CDC42BPA, CDC42EP1, CDC42EP4, CENPJ, CLIP2, CNTROB, CYTH2, DOCK4, FARP1, FGD4, GSN, MAP1S, MARCKS, MYH9, MYO1E, MYO9B, NCK2, NEDD9, NF1, NIN, NUMA1, PDLIM5, PKD2, PLEKHG2, PREX1, PXN, RASAL2, RHOT2, SHROOM1, SHROOM2, SSH2, TAOK2, TBCD, TRIO, VCL",TRUE,2.90588726862491,"MITOTIC SPINDLE","Cluster 1","Hallmarks"
"HALLMARK_APICAL_JUNCTION",5.40064898256967e-07,9.00108163761611e-06,37,188,"ADAM15, ADRA1B, AKT3, BMP1, CD276, CD34, CDH6, CLDN15, COL16A1, CTNND1, CX3CL1, GNAI2, ICAM2, INPPL1, ITGA2, ITGB1, JAM3, MADCAM1, MAPK11, MSN, MYH9, NF1, NFASC, PARVA, PCDH1, PLCG1, PTK2, SHROOM2, SORBS3, TAOK2, THY1, TRO, VASP, VAV2, VCL, VWF, ZYX",TRUE,2.79316325793163,"APICAL JUNCTION","Cluster 1","Hallmarks"
"HALLMARK_UV_RESPONSE_DN",2.24953561745713e-06,2.81191952182141e-05,29,138,"AKT3, APBB2, ATXN1, CACNA1A, CAV1, CDC42BPA, CITED2, COL1A1, COL1A2, COL3A1, COL5A2, DLC1, GRK5, ID1, KALRN, KIT, MGMT, NRP1, PDGFRB, PDLIM5, PPARG, PTPRM, RBPMS, RGS4, SCHIP1, SERPINE1, SMAD3, SMAD7, VAV2",TRUE,3.03252479169404,"UV RESPONSE DN","Cluster 1","Hallmarks"
"HALLMARK_TGF_BETA_SIGNALING",1.59735143240608e-05,0.000157950721087938,15,53,"BCAR3, BMPR2, CTNNB1, ENG, ID1, ID3, LTBP2, NCOR2, PMEPA1, PPP1R15A, SERPINE1, SKI, SMAD3, SMAD7, SMURF2",TRUE,4.51166734677833,"TGF BETA SIGNALING","Cluster 1","Hallmarks"
"HALLMARK_MYOGENESIS",1.89540865305525e-05,0.000157950721087938,34,193,"ADAM12, AEBP1, AGRN, APLNR, CACNA1H, CD36, CDH13, COL15A1, COL1A1, COL3A1, COL4A2, COL6A2, COL6A3, DMPK, GJA5, GSN, HDAC5, IGFBP3, IGFBP7, ITGA7, ITGB1, KIFC3, MAPK12, MYH4, MYH9, MYLK, PDLIM7, PLXNB2, SCHIP1, SMTN, SORBS3, SPARC, TAGLN, TSC2",TRUE,2.43554480675457,"MYOGENESIS","Cluster 1","Hallmarks"
"HALLMARK_ANGIOGENESIS",0.00209111869285021,0.0149365620917872,9,36,"COL3A1, COL5A2, FGFR1, JAG2, KCNJ8, LPL, NRP1, PTK2, VAV2",TRUE,3.86013945835836,"ANGIOGENESIS","Cluster 1","Hallmarks"
"HALLMARK_HEDGEHOG_SIGNALING",0.00545437118070861,0.0340898198794288,8,34,"CDK6, MYH9, NF1, NRP1, PML, THY1, TLE3, UNC5C",TRUE,3.58226750957481,"HEDGEHOG SIGNALING","Cluster 1","Hallmarks"
"HALLMARK_COAGULATION",0.0110336922330306,0.0612982901835035,19,131,"A2M, BMP1, C1QA, DUSP6, F2RL2, FN1, GNB2, GSN, HTRA1, ITGA2, KLF7, MMP15, P2RY1, PDGFB, RAPGEF3, SERPINE1, SH2B2, SPARC, VWF",FALSE,1.93952036983531,"COAGULATION","Cluster 1","Hallmarks"
"HALLMARK_HYPOXIA",0.018852653640284,0.09426326820142,24,186,"BGN, CAV1, CCNG2, CHST2, CHST3, CITED2, COL5A1, DDIT4, ETS1, FOSL2, FOXO3, IGFBP3, JMJD6, JUN, KLF7, LXN, MYH9, NDST1, PDGFB, PGF, PPP1R15A, SERPINE1, TGFB3, WSB1",FALSE,1.68755812139179,"HYPOXIA","Cluster 1","Hallmarks"
"HALLMARK_INTERFERON_ALPHA_RESPONSE",0.0234647007617839,0.106657730735381,14,95,"CMPK2, CNP, GBP4, IL4R, IRF7, ISG15, LGALS3BP, LPAR6, MOV10, OGFR, RNF31, TRIM21, TRIM26, UBA7",FALSE,1.98821965700025,"INTERFERON ALPHA RESPONSE","Cluster 1","Hallmarks"
"HALLMARK_APOPTOSIS",0.0358405455109283,0.149335606295535,20,158,"AVPR1A, BGN, BMF, CAV1, CFLAR, CTNNB1, F2R, GPX1, GSN, HMGB2, JUN, MGMT, NEDD9, PDGFRB, PTK2, RARA, RHOB, RHOT2, SMAD7, TNFRSF12A",FALSE,1.65494607798627,"APOPTOSIS","Cluster 1","Hallmarks"
"HALLMARK_WNT_BETA_CATENIN_SIGNALING",0.0482998610322006,0.185768696277695,7,41,"AXIN1, CTNNB1, DVL2, HDAC5, JAG2, NCOR2, NOTCH4",FALSE,2.42548811677375,"WNT BETA CATENIN SIGNALING","Cluster 1","Hallmarks"
"HALLMARK_APICAL_SURFACE",0.0601197537805211,0.214713406359004,7,43,"AFAP1L2, CX3CL1, DCBLD2, EPHB4, MDGA1, SHROOM2, THY1",FALSE,2.2923488138991,"APICAL SURFACE","Cluster 1","Hallmarks"
"HALLMARK_COMPLEMENT",0.0929574675920316,0.309858225306772,22,198,"C1QA, CD36, CDH13, COL4A2, CPM, DGKH, DOCK4, DOCK9, DUSP6, DYRK2, FCN1, FN1, GNAI2, GNB2, IRF7, MMP15, NOTCH4, PDGFB, PRCP, SERPINE1, SH2B3, ZEB1",FALSE,1.42418304136961,"COMPLEMENT","Cluster 1","Hallmarks"
"HALLMARK_KRAS_SIGNALING_UP",0.15407853100597,0.481495409393657,20,190,"ANO1, CBL, CBX8, CPE, DCBLD2, DUSP6, ENG, ETS1, IGFBP3, ITGA2, NIN, NRP1, PEG3, PLVAP, PPP1R15A, SCG5, SPARCL1, TNFRSF1B, TRIB2, TSPAN13",FALSE,1.34211572683441,"KRAS SIGNALING UP","Cluster 1","Hallmarks"
"HALLMARK_IL2_STAT5_SIGNALING",0.170857531471022,0.494771509414734,20,193,"BMPR2, COL6A1, CYFIP1, DENND5A, F2RL2, GBP4, IL1RL1, IL3RA, IL4R, ITGA6, MYO1E, NRP1, PLEC, PRAF2, PRKCH, PTH1R, RHOB, SPRED2, SPRY4, TNFRSF1B",FALSE,1.31870416146993,"IL2 STAT5 SIGNALING","Cluster 1","Hallmarks"
"HALLMARK_IL6_JAK_STAT3_SIGNALING",0.178117743389304,0.494771509414734,10,87,"A2M, ACVRL1, CBL, CD36, IL3RA, IL4R, JUN, TNFRSF12A, TNFRSF1A, TNFRSF1B",FALSE,1.5108846628156,"IL6 JAK STAT3 SIGNALING","Cluster 1","Hallmarks"
"HALLMARK_INTERFERON_GAMMA_RESPONSE",0.188559190176478,0.496208395201259,20,196,"AUTS2, CMPK2, GBP4, IFIT1, IL4R, IRF7, ISG15, ISOC1, LGALS3BP, OAS2, OAS3, OGFR, PML, RNF31, ST8SIA4, TAPBP, TRIM21, TRIM26, VAMP5, XAF1",FALSE,1.29608845668441,"INTERFERON GAMMA RESPONSE","Cluster 1","Hallmarks"
"HALLMARK_ADIPOGENESIS",0.220805715881498,0.552014289703746,19,190,"ADCY6, CCNG2, CD36, COL15A1, COL4A1, DGAT1, FABP4, FZD4, ITGA7, LAMA4, LPL, MAP4K3, MYLK, PHLDB1, PIM3, PPARG, SLC19A1, SLC27A1, SPARCL1",FALSE,1.268403526846,"ADIPOGENESIS","Cluster 1","Hallmarks"
"HALLMARK_P53_PATHWAY",0.303006923544453,0.721445056058222,18,190,"CDH13, DDIT4, F2R, FOXO3, HEXIM1, IER5, JAG2, JUN, PLK2, PLXNB2, PPM1D, PPP1R15A, PRMT2, TAX1BP3, TCN2, TRAF4, ZBTB16, ZFP36L1",FALSE,1.19562831925071,"P53 PATHWAY","Cluster 1","Hallmarks"
"HALLMARK_INFLAMMATORY_RESPONSE",0.342792307133321,0.779073425303002,18,195,"APLNR, AXL, CHST2, CX3CL1, DCBLD2, GABBR1, IL4R, IRF7, ITGA5, KCNJ2, NLRP3, PVR, SCARF1, SERPINE1, SLC7A2, STAB1, TAPBP, TNFRSF1B",FALSE,1.16164767989979,"INFLAMMATORY RESPONSE","Cluster 1","Hallmarks"
"HALLMARK_PI3K_AKT_MTOR_SIGNALING",0.442448536994522,0.961844645640265,9,100,"AKT1, ARHGDIA, ECSIT, MAP2K6, PLCB1, PLCG1, RPTOR, TNFRSF1A, TSC2",FALSE,1.15633344478928,"PI3K AKT MTOR SIGNALING","Cluster 1","Hallmarks"
"HALLMARK_NOTCH_SIGNALING",0.497746402952737,0.999999942821981,3,32,"HEYL, LFNG, NOTCH3",FALSE,1.32104887741585,"NOTCH SIGNALING","Cluster 1","Hallmarks"
"HALLMARK_CHOLESTEROL_HOMEOSTASIS",0.550336032784064,0.999999942821981,6,72,"AVPR1A, CTNNB1, GPX8, LPL, PPARG, TNFRSF12A",FALSE,1.08813832688978,"CHOLESTEROL HOMEOSTASIS","Cluster 1","Hallmarks"
"HALLMARK_TNFA_SIGNALING_VIA_NFKB",0.562074373986237,0.999999942821981,16,197,"CFLAR, DENND5A, FJX1, FOSL2, GEM, IER5, JUN, MARCKS, PDLIM5, PLK2, PMEPA1, PPP1R15A, RHOB, SERPINE1, SMAD3, ZBTB10",FALSE,1.01185200723707,"TNFA SIGNALING VIA NFKB","Cluster 1","Hallmarks"
"HALLMARK_ANDROGEN_RESPONSE",0.675823364615631,0.999999942821981,7,95,"AKT1, CDK6, PDLIM5, PMEPA1, SRP19, STEAP4, ZBTB10",FALSE,0.942902998322107,"ANDROGEN RESPONSE","Cluster 1","Hallmarks"
"HALLMARK_XENOBIOTIC_METABOLISM",0.722101328888957,0.999999942821981,14,192,"ACSM1, BCAR1, CD36, DDAH2, ENPEP, IGFBP4, NDRG2, PAPSS2, PDK4, PDLIM5, SERPINE1, SLC12A4, SMOX, TNFRSF1A",FALSE,0.903246346075163,"XENOBIOTIC METABOLISM","Cluster 1","Hallmarks"
"HALLMARK_HEME_METABOLISM",0.789665523252739,0.999999942821981,13,189,"ABCG2, ARL2BP, ATG4A, BCAM, CDR2, EPB42, FOXO3, HBB, HTRA2, PIGQ, SEC14L1, SLC4A1, SMOX",FALSE,0.850081037938153,"HEME METABOLISM","Cluster 1","Hallmarks"
"HALLMARK_ESTROGEN_RESPONSE_EARLY",0.807355265576651,0.999999942821981,13,192,"ADCY1, CANT1, DLC1, FARP1, IGFBP4, MAST4, NCOR2, OLFML3, PAPSS2, PGR, RARA, SH3BP5, SLC7A2",FALSE,0.835743623511899,"ESTROGEN RESPONSE EARLY","Cluster 1","Hallmarks"
"HALLMARK_UV_RESPONSE_UP",0.812944379579309,0.999999942821981,10,152,"CLCN2, CNP, DGAT1, DLG4, HYAL2, IGFBP2, KLHDC3, PLCL1, RHOB, TYRO3",FALSE,0.818955840304988,"UV RESPONSE UP","Cluster 1","Hallmarks"
"HALLMARK_DNA_REPAIR",0.864167717191338,0.999999942821981,9,147,"ADCY6, BCAM, CANT1, CMPK2, GTF3C5, POLE4, SURF1, TAF1C, ZNF707",FALSE,0.762079239854932,"DNA REPAIR","Cluster 1","Hallmarks"
"HALLMARK_GLYCOLYSIS",0.875754739478763,0.999999942821981,12,192,"AGRN, B4GALT7, CACNA1H, CHPF2, CHST1, CHST2, CITED2, COL5A1, DDIT4, EXT2, IGFBP3, PLOD1",FALSE,0.76906674106698,"GLYCOLYSIS","Cluster 1","Hallmarks"
"HALLMARK_REACTIVE_OXYGEN_SPECIES_PATHWAY",0.90855683754256,0.999999942821981,2,47,"EGLN2, MSRA",FALSE,0.610935559433413,"REACTIVE OXYGEN SPECIES PATHWAY","Cluster 1","Hallmarks"
"HALLMARK_SPERMATOGENESIS",0.912071954930782,0.999999942821981,6,113,"CHFR, CLGN, CLVS1, JAM3, PGS1, SCG5",FALSE,0.671705537511421,"SPERMATOGENESIS","Cluster 1","Hallmarks"
"HALLMARK_ALLOGRAFT_REJECTION",0.917158318636023,0.999999942821981,11,189,"AKT1, ETS1, F2R, IL27RA, IL4R, IRF7, NLRP3, ST8SIA4, STAB1, TAPBP, THY1",FALSE,0.7151316091579,"ALLOGRAFT REJECTION","Cluster 1","Hallmarks"
"HALLMARK_PANCREAS_BETA_CELLS",0.917565339091499,0.999999942821981,1,29,"AKT3",FALSE,0.585388980027994,"PANCREAS BETA CELLS","Cluster 1","Hallmarks"
"HALLMARK_KRAS_SIGNALING_DN",0.922282709804448,0.999999942821981,10,176,"CHST2, EFHD1, GTF3C5, IGFBP2, KCND1, KMT2D, LFNG, RIBC2, TCF7L1, ZBTB16",FALSE,0.700038066235249,"KRAS SIGNALING DN","Cluster 1","Hallmarks"
"HALLMARK_ESTROGEN_RESPONSE_LATE",0.923214745554038,0.999999942821981,11,191,"CAV1, CPE, FARP1, GPER1, IGFBP4, NAB2, NCOR2, PAPSS2, PGR, TSPAN13, XRCC3",FALSE,0.707134417943956,"ESTROGEN RESPONSE LATE","Cluster 1","Hallmarks"
"HALLMARK_BILE_ACID_METABOLISM",0.951828361806388,0.999999942821981,5,109,"ALDH1A1, ATXN1, BCAR3, ISOC1, NEDD4",FALSE,0.584438309876152,"BILE ACID METABOLISM","Cluster 1","Hallmarks"
"HALLMARK_G2M_CHECKPOINT",0.954376912729559,0.999999942821981,10,189,"ABL1, CCNF, MARCKS, NCL, NUMA1, PML, RASAL2, SMAD3, TLE3, TROAP",FALSE,0.648901767148854,"G2M CHECKPOINT","Cluster 1","Hallmarks"
"HALLMARK_E2F_TARGETS",0.964745182240887,0.999999942821981,10,195,"ANP32E, ATAD2, DNMT1, HMGB2, LUC7L3, MLH1, POLE4, PPM1D, SPC24, TCF19",FALSE,0.627717789215075,"E2F TARGETS","Cluster 1","Hallmarks"
"HALLMARK_PEROXISOME",0.97604375399591,0.999999942821981,4,104,"ALDH1A1, ATXN1, DLG4, ISOC1",FALSE,0.497026468915805,"PEROXISOME","Cluster 1","Hallmarks"
"HALLMARK_UNFOLDED_PROTEIN_RESPONSE",0.978786758148711,0.999999942821981,4,106,"DCP2, DCTN1, DDIT4, IFIT1",FALSE,0.487278087905485,"UNFOLDED PROTEIN RESPONSE","Cluster 1","Hallmarks"
"HALLMARK_PROTEIN_SECRETION",0.986360793255039,0.999999942821981,3,94,"ANP32E, CAV2, CD63",FALSE,0.424554026084957,"PROTEIN SECRETION","Cluster 1","Hallmarks"
"HALLMARK_FATTY_ACID_METABOLISM",0.987753939799497,0.999999942821981,6,151,"ACOT2, ALDH1A1, CD36, NCAPH2, PTPRG, TP53INP2",FALSE,0.495303616673417,"FATTY ACID METABOLISM","Cluster 1","Hallmarks"
"HALLMARK_MYC_TARGETS_V2",0.992618838806599,0.999999942821981,1,57,"SLC19A1",FALSE,0.294859563570292,"MYC TARGETS V2","Cluster 1","Hallmarks"
"HALLMARK_OXIDATIVE_PHOSPHORYLATION",0.998232517763784,0.999999942821981,6,184,"HTRA2, PDK4, RHOT2, SURF1, TCIRG1, TOMM22",FALSE,0.403045646133418,"OXIDATIVE PHOSPHORYLATION","Cluster 1","Hallmarks"
"HALLMARK_MTORC1_SIGNALING",0.999741899195367,0.999999942821981,5,194,"CCNF, DDIT4, PHGDH, PPP1R15A, SYTL2",FALSE,0.320875030533202,"MTORC1 SIGNALING","Cluster 1","Hallmarks"
"HALLMARK_MYC_TARGETS_V1",0.999999942821981,0.999999942821981,1,193,"SET",FALSE,0.0859371112159216,"MYC TARGETS V1","Cluster 1","Hallmarks"
"HALLMARK_HEME_METABOLISM",1.14826886644274e-18,5.74134433221368e-17,41,189,"ACSL6, ADIPOR1, AHSP, ALAS2, ANK1, BPGM, BTG2, CA1, CTSE, DMTN, EPB41, EPB42, FBXO7, FECH, FN3K, GYPA, HBB, HBD, KEL, NEK7, NUDT4, OSBP2, RAP1GAP, RBM38, RHAG, RHCE, RHD, SELENBP1, SLC22A4, SLC25A37, SLC4A1, SLC6A8, SNCA, SPTB, TFRC, TMCC2, TNS1, TRAK2, TRIM58, XK, XPO7",TRUE,6.7736250729652,"HEME METABOLISM","Cluster 2","Hallmarks"
"HALLMARK_MYOGENESIS",2.57268113987182e-18,6.43170284967956e-17,41,193,"ACTA1, ACTC1, ACTN2, ACTN3, ATP2A1, CASQ1, CDKN1A, CHRNG, CKM, CLU, CSRP3, DES, DMD, EIF4A2, ENO3, FHL1, HSPB8, MEF2D, MRAS, MYH1, MYH11, MYH2, MYH8, MYOM2, MYOZ1, NCAM1, PDE4DIP, PKIA, PTGIS, PTP4A3, RYR1, SH3BGR, SLC6A8, SORBS1, SPEG, TCAP, TNNC2, TNNI2, TNNT3, TPM2, WWTR1",TRUE,6.59465025027781,"MYOGENESIS","Cluster 2","Hallmarks"
"HALLMARK_TNFA_SIGNALING_VIA_NFKB",5.96156778859803e-12,9.93594631433006e-11,33,197,"B4GALT5, BCL3, BTG2, CDKN1A, CEBPD, CXCL1, CXCL2, CXCL6, DNAJB4, DRAM1, DUSP1, EDN1, EGR1, FOSB, IER3, IL6, IL6ST, INHBA, LITAF, NAMPT, NFAT5, NR4A1, NR4A2, NR4A3, PDE4B, PFKFB3, PHLDA1, PTGS2, SAT1, SERPINE1, SOCS3, TLR2, ZFP36",TRUE,4.88523894406247,"TNFA SIGNALING VIA NFKB","Cluster 2","Hallmarks"
"HALLMARK_EPITHELIAL_MESENCHYMAL_TRANSITION",1.8835819676633e-05,0.000235447745957912,22,195,"CADM1, CAP2, CD59, CDH2, CXCL1, CXCL6, FSTL3, IL6, INHBA, MGP, PFN2, PLOD2, SAT1, SERPINE1, SFRP4, SLC6A8, SLIT2, TGM2, THBS1, TNFRSF11B, TPM2, VCAN",TRUE,3.06941779982591,"EPITHELIAL MESENCHYMAL TRANSITION","Cluster 2","Hallmarks"
"HALLMARK_INFLAMMATORY_RESPONSE",5.76458674083322e-05,0.000576458674083323,21,195,"BTG2, CALCRL, CD55, CDKN1A, CSF3R, CXCL6, EDN1, FPR1, IFNAR1, IL18RAP, IL6, INHBA, LAMP3, MARCO, MEFV, NAMPT, PDE4B, ROS1, SERPINE1, SLC4A4, TLR2",TRUE,2.91263011063496,"INFLAMMATORY RESPONSE","Cluster 2","Hallmarks"
"HALLMARK_HYPOXIA",8.76511009787183e-05,0.000730425841489319,20,186,"ALDOB, CDKN1A, CP, DPYSL4, DUSP1, ENO3, ERRFI1, HS3ST1, IER3, IL6, KIF5A, NEDD4L, PCK1, PFKFB3, PLAC8, SELENBP1, SERPINE1, STC1, TGM2, ZFP36",TRUE,2.90834251454497,"HYPOXIA","Cluster 2","Hallmarks"
"HALLMARK_KRAS_SIGNALING_DN",0.000360866781568071,0.00238174697267088,18,176,"ACTC1, ARPP21, BMPR1B, BTG2, CHRNG, CKM, COL2A1, DCC, EDN1, KRT13, MEFV, NR4A2, RYR1, RYR2, SCGB1A1, SYNPO, TAS2R4, TGFB2",TRUE,2.75172599218078,"KRAS SIGNALING DN","Cluster 2","Hallmarks"
"HALLMARK_ESTROGEN_RESPONSE_EARLY",0.000381079515627342,0.00238174697267088,19,192,"ABCA3, CLDN7, ELF3, HSPB8, IL6ST, KRT13, KRT18, KRT8, MLPH, MUC1, MYB, NPY1R, PDLIM3, RHOBTB3, SEMA3B, SLC19A2, SLC1A1, TGM2, XBP1",TRUE,2.65083364633319,"ESTROGEN RESPONSE EARLY","Cluster 2","Hallmarks"
"HALLMARK_IL6_JAK_STAT3_SIGNALING",0.000872617740374706,0.00484787633541503,11,87,"CD38, CSF3R, CXCL1, IFNAR1, IL1R2, IL6, IL6ST, LEPR, SOCS3, TLR2, TNFRSF21",TRUE,3.52958963936858,"IL6 JAK STAT3 SIGNALING","Cluster 2","Hallmarks"
"HALLMARK_UV_RESPONSE_UP",0.00155373872758584,0.00776869363792922,15,152,"BCL2L11, BTG2, COL2A1, CXCL2, FOSB, IL6, IL6ST, MAOA, NAT1, NR4A1, PDLIM3, PTPRD, RRAD, SLC6A8, TFRC",TRUE,2.65109101486065,"UV RESPONSE UP","Cluster 2","Hallmarks"
"HALLMARK_COMPLEMENT",0.00349319867411306,0.015878175791423,17,198,"ACTN2, APOA4, CD46, CD55, CD59, CLU, CP, CXCL1, DGKG, DPP4, F5, IL6, LTF, MMP13, PPP2CB, SERPINA1, SERPINE1",TRUE,2.26789228087929,"COMPLEMENT","Cluster 2","Hallmarks"
"HALLMARK_APICAL_JUNCTION",0.00492278911581208,0.0205116213158837,16,188,"ACTA1, ACTC1, ACTG2, ACTN2, ACTN3, ADAM23, CD209, CLDN11, CLDN18, CLDN7, ITGA10, NEXN, SLIT2, SPEG, TNFRSF11B, VCAN",TRUE,2.24824390367425,"APICAL JUNCTION","Cluster 2","Hallmarks"
"HALLMARK_ESTROGEN_RESPONSE_LATE",0.012808372526608,0.0492629712561847,15,191,"ABCA3, AGR2, CACNA2D2, HSPB8, IL6ST, KRT13, LTF, MYB, NPY1R, PDLIM3, PRKAR2B, SEMA3B, SERPINA1, XBP1, ZFP36",TRUE,2.06131274029469,"ESTROGEN RESPONSE LATE","Cluster 2","Hallmarks"
"HALLMARK_ANDROGEN_RESPONSE",0.0421179864316159,0.150421380112914,8,95,"ADAMTS1, ARID5B, BMPR1B, ELK4, KRT8, LMAN1, SAT1, TMPRSS2",FALSE,2.27173027780068,"ANDROGEN RESPONSE","Cluster 2","Hallmarks"
"HALLMARK_KRAS_SIGNALING_UP",0.0510796198176888,0.164181097964039,13,190,"BPGM, ETV1, INHBA, LY96, MMD, PIGR, PTGS2, SEMA3B, SLPI, TFPI, TPH1, TSPAN1, USP12",FALSE,1.7809895939771,"KRAS SIGNALING UP","Cluster 2","Hallmarks"
"HALLMARK_UV_RESPONSE_DN",0.0591778408145853,0.164181097964039,10,138,"CAP2, DUSP1, EFEMP1, KCNMA1, NEK7, PRKAR2B, SCN8A, SERPINE1, SYNE1, TFPI",FALSE,1.91141952456718,"UV RESPONSE DN","Cluster 2","Hallmarks"
"HALLMARK_ANGIOGENESIS",0.0593433945602379,0.164181097964039,4,36,"CXCL6, STC1, TNFRSF21, VCAN",FALSE,3.23185613926567,"ANGIOGENESIS","Cluster 2","Hallmarks"
"HALLMARK_INTERFERON_GAMMA_RESPONSE",0.0623035523255136,0.164181097964039,13,196,"ARID5B, BANK1, BPGM, CD38, CDKN1A, FPR1, IFNAR2, IL6, NAMPT, PDE4B, PTGS2, SELP, SOCS3",FALSE,1.72224322003476,"INTERFERON GAMMA RESPONSE","Cluster 2","Hallmarks"
"HALLMARK_APOPTOSIS",0.062388817226335,0.164181097964039,11,158,"BCL2L1, BCL2L11, BTG2, CD38, CDKN1A, CLU, IER3, IL6, KRT18, SAT1, TGFB2",FALSE,1.82419008175243,"APOPTOSIS","Cluster 2","Hallmarks"
"HALLMARK_IL2_STAT5_SIGNALING",0.102644651939965,0.256611629849911,12,193,"AGER, BCL2L1, ENO3, ENPP1, IL1R2, MUC1, NFKBIZ, PHLDA1, SELP, TGM2, TNFRSF21, XBP1",FALSE,1.61053219946501,"IL2 STAT5 SIGNALING","Cluster 2","Hallmarks"
"HALLMARK_P53_PATHWAY",0.258095376260058,0.614512800619186,10,190,"BTG2, CDKN1A, DRAM1, IER3, NUDT15, PTPN14, RRAD, SAT1, SLC19A2, STOM",FALSE,1.35726221584218,"P53 PATHWAY","Cluster 2","Hallmarks"
"HALLMARK_TGF_BETA_SIGNALING",0.373651285611546,0.849207467298968,3,53,"SERPINE1, THBS1, WWTR1",FALSE,1.61441806831286,"TGF BETA SIGNALING","Cluster 2","Hallmarks"
"HALLMARK_FATTY_ACID_METABOLISM",0.429513231730976,0.92617266016249,7,151,"ACADL, AOC3, BMPR1B, ENO3, GLUL, HSPH1, MAOA",FALSE,1.20896861880877,"FATTY ACID METABOLISM","Cluster 2","Hallmarks"
"HALLMARK_COAGULATION",0.454544598514418,0.92617266016249,6,131,"CLU, CTSE, DPP4, SERPINA1, SERPINE1, THBS1",FALSE,1.20614376116719,"COAGULATION","Cluster 2","Hallmarks"
"HALLMARK_BILE_ACID_METABOLISM",0.467900846429315,0.92617266016249,5,109,"ABCA3, BMP6, HSD17B6, LIPE, PEX19",FALSE,1.22553796797918,"BILE ACID METABOLISM","Cluster 2","Hallmarks"
"HALLMARK_SPERMATOGENESIS",0.499597040148906,0.92617266016249,5,113,"AGFG1, CFTR, DCC, MLF1, NPHP1",FALSE,1.18012364752241,"SPERMATOGENESIS","Cluster 2","Hallmarks"
"HALLMARK_ALLOGRAFT_REJECTION",0.519201829839583,0.92617266016249,8,189,"BCL3, IFNAR2, IL18RAP, IL6, INHBA, SRGN, TGFB2, TLR2",FALSE,1.09010633004758,"ALLOGRAFT REJECTION","Cluster 2","Hallmarks"
"HALLMARK_APICAL_SURFACE",0.533512165614821,0.92617266016249,2,43,"CD160, SLC2A4",FALSE,1.40225083715953,"APICAL SURFACE","Cluster 2","Hallmarks"
"HALLMARK_GLYCOLYSIS",0.537180142894244,0.92617266016249,8,192,"ALDOB, DPYSL4, ELF3, IER3, PLOD2, PPP2CB, STC1, VCAN",FALSE,1.07222151852217,"GLYCOLYSIS","Cluster 2","Hallmarks"
"HALLMARK_CHOLESTEROL_HOMEOSTASIS",0.573877758548266,0.956462930913777,3,72,"CLU, ERRFI1, SEMA3B",FALSE,1.17196844933692,"CHOLESTEROL HOMEOSTASIS","Cluster 2","Hallmarks"
"HALLMARK_ADIPOGENESIS",0.670619432318019,1,7,190,"ACADL, CYP4B1, HSPB8, LIPE, PFKFB3, SORBS1, STOM",FALSE,0.95018413964774,"ADIPOGENESIS","Cluster 2","Hallmarks"
"HALLMARK_XENOBIOTIC_METABOLISM",0.681172580161127,1,7,192,"ATOH8, CES1, ITIH4, MAOA, RAP1GAP, SERPINE1, TGFB2",FALSE,0.939846353418209,"XENOBIOTIC METABOLISM","Cluster 2","Hallmarks"
"HALLMARK_MTORC1_SIGNALING",0.691509583726441,1,7,194,"BTG2, CDKN1A, NAMPT, PLOD2, STC1, TFRC, XBP1",FALSE,0.929729106628242,"MTORC1 SIGNALING","Cluster 2","Hallmarks"
"HALLMARK_PANCREAS_BETA_CELLS",0.70486481337333,1,1,29,"DPP4",FALSE,1.22450516675203,"PANCREAS BETA CELLS","Cluster 2","Hallmarks"
"HALLMARK_MITOTIC_SPINDLE",0.70660472801321,1,7,197,"BCL2L11, EPB41, NET1, PCGF5, RICTOR, SORBS2, SYNPO",FALSE,0.914951553246046,"MITOTIC SPINDLE","Cluster 2","Hallmarks"
"HALLMARK_INTERFERON_ALPHA_RESPONSE",0.755512772240858,1,3,95,"GMPR, LAMP3, TRIM5",FALSE,0.879561489200043,"INTERFERON ALPHA RESPONSE","Cluster 2","Hallmarks"
"HALLMARK_UNFOLDED_PROTEIN_RESPONSE",0.817358374067628,1,3,106,"ATF6, EIF4A2, XBP1",FALSE,0.785654696079002,"UNFOLDED PROTEIN RESPONSE","Cluster 2","Hallmarks"
"HALLMARK_REACTIVE_OXYGEN_SPECIES_PATHWAY",0.861740218475354,1,1,47,"MPO",FALSE,0.749838432704913,"REACTIVE OXYGEN SPECIES PATHWAY","Cluster 2","Hallmarks"
"HALLMARK_PROTEIN_SECRETION",0.903789684873341,1,2,94,"KRT18, LMAN1",FALSE,0.627538139859057,"PROTEIN SECRETION","Cluster 2","Hallmarks"
"HALLMARK_PI3K_AKT_MTOR_SIGNALING",0.92148997517532,1,2,100,"CDKN1A, PRKAA2",FALSE,0.589137928526755,"PI3K AKT MTOR SIGNALING","Cluster 2","Hallmarks"
"HALLMARK_PEROXISOME",0.93153555334232,1,2,104,"CADM1, SCGB1A1",FALSE,0.566035362359354,"PEROXISOME","Cluster 2","Hallmarks"
"HALLMARK_DNA_REPAIR",0.985116306432882,1,2,147,"PDE4B, POLR2A",FALSE,0.397906635551748,"DNA REPAIR","Cluster 2","Hallmarks"
"HALLMARK_G2M_CHECKPOINT",0.996866192433986,1,2,189,"BCL3, DMD",FALSE,0.308133715377268,"G2M CHECKPOINT","Cluster 2","Hallmarks"
"HALLMARK_E2F_TARGETS",0.997501331923311,1,2,195,"CDKN1A, TFRC",FALSE,0.298490334140364,"E2F TARGETS","Cluster 2","Hallmarks"
"HALLMARK_HEDGEHOG_SIGNALING",1,1,0,34,"",FALSE,0.336697574597493,"HEDGEHOG SIGNALING","Cluster 2","Hallmarks"
"HALLMARK_MYC_TARGETS_V1",1,1,0,193,"",FALSE,0.0595615360863277,"MYC TARGETS V1","Cluster 2","Hallmarks"
"HALLMARK_MYC_TARGETS_V2",1,1,0,57,"",FALSE,0.201789842643001,"MYC TARGETS V2","Cluster 2","Hallmarks"
"HALLMARK_NOTCH_SIGNALING",1,1,0,32,"",FALSE,0.357452610282799,"NOTCH SIGNALING","Cluster 2","Hallmarks"
"HALLMARK_OXIDATIVE_PHOSPHORYLATION",1,1,0,184,"",FALSE,0.0624948673729162,"OXIDATIVE PHOSPHORYLATION","Cluster 2","Hallmarks"
"HALLMARK_WNT_BETA_CATENIN_SIGNALING",1,1,0,41,"",FALSE,0.27980877196608,"WNT BETA CATENIN SIGNALING","Cluster 2","Hallmarks"
"HALLMARK_ESTROGEN_RESPONSE_LATE",3.40058910211333e-17,1.70029455105666e-15,50,191,"ACOX2, ALDH3A2, ANXA9, ASS1, CA12, CD44, CDH1, CELSR2, CXCL12, CXCL14, DHCR7, EGR3, ELOVL5, EMP2, FABP5, FDFT1, FGFR3, FOXC1, GAL, GJB3, HOMER2, HR, HSPA4L, IMPA2, KCNK5, KLF4, KLK11, LSR, MAPK13, MAPT, PDCD4, PDZK1, PERP, PKP3, PLXNB1, RAPGEFL1, S100A9, SFN, SGK1, SORD, ST14, ST6GALNAC2, SULT2B1, TFAP2C, TIAM1, TNNC1, TOB1, TPD52L1, TPSAB1, TRIM29",TRUE,5.08087406237562,"ESTROGEN RESPONSE LATE","Cluster 3","Hallmarks"
"HALLMARK_CHOLESTEROL_HOMEOSTASIS",5.1141080309418e-15,1.27852700773545e-13,28,72,"ABCA2, ACAT2, ACSS2, ALCAM, CLU, DHCR7, EBP, FABP5, FADS2, FASN, FDFT1, FDPS, GLDC, HMGCR, HMGCS1, IDI1, LGALS3, MAL2, MVD, MVK, NSDHL, PDK3, PMVK, S100A11, SC5D, SREBF2, TM7SF2, TMEM97",TRUE,9.01903502974223,"CHOLESTEROL HOMEOSTASIS","Cluster 3","Hallmarks"
"HALLMARK_ESTROGEN_RESPONSE_EARLY",3.06305380792564e-11,5.10508967987606e-10,41,192,"ABLIM1, ANXA9, AQP3, BCL11B, CA12, CD44, CELSR1, CELSR2, CXCL12, DHCR7, EGR3, ELOVL5, ENDOD1, ESRP2, FASN, FDFT1, FOXC1, GFRA1, HR, KCNK5, KLF4, KRT15, LAD1, LRIG1, MAPT, MREG, PDZK1, RAPGEFL1, RASGRP1, RHOD, SFN, SLC39A6, SULT2B1, SYNGR1, TFAP2C, TIAM1, TMEM164, TOB1, TPD52L1, WWC1, ZNF185",TRUE,3.87253885518095,"ESTROGEN RESPONSE EARLY","Cluster 3","Hallmarks"
"HALLMARK_FATTY_ACID_METABOLISM",3.30617585259353e-10,4.13271981574192e-09,34,151,"ACAA2, ACADM, ACAT2, ACOX1, ACSL1, ACSM3, ALDH3A1, ALDH3A2, ALDH9A1, CA6, CBR3, CIDEA, CRAT, DHCR24, ELOVL5, ENO3, ETFDH, FASN, GPD1, GSTZ1, HADHB, HMGCL, HMGCS1, HPGD, HSD17B4, IDH1, IDI1, MAOA, ME1, NSDHL, PPARA, RDH11, REEP6, SUCLA2",TRUE,4.13723518522751,"FATTY ACID METABOLISM","Cluster 3","Hallmarks"
"HALLMARK_P53_PATHWAY",1.16806297414535e-09,1.16806297414535e-08,38,190,"ALOX15B, BAIAP2, BTG1, CASP1, CD82, CLCA2, CYFIP2, DDB2, DGKA, EPS8L2, FAM162A, FBXW7, GLS2, GM2A, HSPA4L, IP6K2, KLF4, KLK8, KRT17, MAPKAPK3, NDRG1, NUPR1, PERP, RNF19B, S100A4, SDC1, SERPINB5, SFN, ST14, TAP1, TCHH, TNNI1, TOB1, TP63, TPD52L1, VAMP8, VDR, VWA5A",TRUE,3.56116784883892,"P53 PATHWAY","Cluster 3","Hallmarks"
"HALLMARK_BILE_ACID_METABOLISM",2.35369913753478e-09,1.96141594794565e-08,27,109,"ABCA1, ABCA2, ABCD3, ACSL1, ALDH9A1, AMACR, BBOX1, CROT, CYP27A1, CYP7B1, DHCR24, DIO2, EPHX2, FADS1, FADS2, GCLM, HACL1, HSD17B4, HSD3B1, HSD3B7, IDH1, IDI1, NPC1, PECR, SCP2, SULT2B1, TFCP2L1",TRUE,4.68174801092507,"BILE ACID METABOLISM","Cluster 3","Hallmarks"
"HALLMARK_MYOGENESIS",7.07474537826056e-08,4.88305675642736e-07,35,193,"ABLIM1, ACSL1, ACTA1, ACTN2, APOD, CASQ1, CHRNB1, CLU, CRAT, EFS, ENO3, EPHB3, ERBB3, FABP3, FDPS, GPX3, IFRD1, KLF5, LAMA2, LDB3, LPIN1, MAPRE3, MB, MYH7, MYL2, MYL3, NOS1, PYGM, TCAP, TNNC1, TNNI1, TNNI2, TNNT1, TNNT2, TPD52L1",TRUE,3.15161622475126,"MYOGENESIS","Cluster 3","Hallmarks"
"HALLMARK_PEROXISOME",7.81289081028378e-08,4.88305675642736e-07,24,104,"ABCB4, ABCD3, ACOX1, ACSL1, ALB, ALDH9A1, CRABP2, CRAT, DHCR24, ELOVL5, EPHX2, FADS1, FDPS, HMGCL, HSD17B4, HSD3B7, IDE, IDH1, IDI1, RDH11, SCP2, SEMA3C, SULT2B1, VPS4B",TRUE,4.26595465154021,"PEROXISOME","Cluster 3","Hallmarks"
"HALLMARK_KRAS_SIGNALING_DN",2.38860902901044e-07,1.32700501611691e-06,32,176,"ALOX12B, CALML5, CAMK1D, CD207, CD40LG, CELSR2, FGFR3, KLK7, KLK8, KRT1, KRT15, KRT4, KRT5, LYPD3, MFSD6, MYH7, MYOT, NOS1, PAX3, PKP1, PTGFR, SERPINB2, SGK1, SLC16A7, SLC6A14, SPTBN2, TENM2, TFAP2B, TFCP2L1, TGM1, THRB, WNT16",TRUE,3.16028790114965,"KRAS SIGNALING DN","Cluster 3","Hallmarks"
"HALLMARK_XENOBIOTIC_METABOLISM",1.76402385786651e-06,8.82011928933257e-06,32,192,"ABHD6, ACOX1, ACOX2, AKR1C2, AKR1C3, ALAS1, ALDH2, ALDH3A1, ALDH9A1, ARG1, ATP2A2, CES1, CROT, CYB5A, CYFIP2, CYP27A1, DHRS1, ELOVL5, ETFDH, FBP1, HACL1, HSD11B1, IDH1, JUP, MAOA, NPC1, PTGDS, SAR1B, SPINT2, TMEM97, TYR, UPB1",TRUE,2.84292694553688,"XENOBIOTIC METABOLISM","Cluster 3","Hallmarks"
"HALLMARK_MTORC1_SIGNALING",2.2209120812806e-06,1.00950549149118e-05,32,194,"ACACA, ATP2A2, ATP6V1D, DAPP1, DHCR24, DHCR7, EBP, EGLN3, ELOVL5, FADS1, FADS2, FGL2, GBE1, GLRX, GOT1, HMGCR, HMGCS1, IDH1, IDI1, IFRD1, INSIG1, ME1, NUPR1, PSMA4, RDH11, RPA1, SC5D, SORD, SRD5A1, TM7SF2, TMEM97, TUBA4A",TRUE,2.80765105470147,"MTORC1 SIGNALING","Cluster 3","Hallmarks"
"HALLMARK_ANDROGEN_RESPONSE",0.000186716866534902,0.000724838176812584,17,95,"AZGP1, DBI, DHCR24, ELL2, ELOVL5, FADS1, HMGCR, HMGCS1, HOMER2, HPGD, IDI1, INSIG1, MAP7, NDRG1, PTK2B, SGK1, SORD",TRUE,3.1095847818691,"ANDROGEN RESPONSE","Cluster 3","Hallmarks"
"HALLMARK_ADIPOGENESIS",0.000188457925971272,0.000724838176812584,27,190,"ABCA1, ACAA2, ACADM, ACOX1, AGPAT3, ALDH2, ATL2, CIDEA, CRAT, CS, DHCR7, EPHX2, GBE1, GPX3, IDH1, IDH3A, IFNGR1, MCCC1, ME1, PDCD4, REEP5, REEP6, RIOK3, SCP2, TOB1, UBQLN1, UQCRC1",TRUE,2.35264285768759,"ADIPOGENESIS","Cluster 3","Hallmarks"
"HALLMARK_ALLOGRAFT_REJECTION",0.000411165387544401,0.00146844781265857,26,189,"C2, CCL13, CCL19, CD2, CD3E, CD3G, CD40LG, CD74, CXCL9, DEGS1, EGFR, FGR, GBP2, GZMA, GZMB, HLA-DMA, HLA-DQA1, HLA-DRA, IFNGR1, IL18, IL2RG, KRT1, LY75, MAP4K1, STAT1, TAP1",TRUE,2.26547804512146,"ALLOGRAFT REJECTION","Cluster 3","Hallmarks"
"HALLMARK_HYPOXIA",0.000743438437379822,0.00247812812459941,25,186,"ANXA2, ATP7A, BTG1, CA12, DCN, EFNA3, EGFR, ENO3, FAM162A, FBP1, GBE1, GLRX, GPC3, MAP3K1, NDRG1, NDST2, PDK3, PKP1, PPARGC1A, PYGM, RORA, S100A4, SULT2B1, TMEM45A, UGP2",TRUE,2.20563949896085,"HYPOXIA","Cluster 3","Hallmarks"
"HALLMARK_COMPLEMENT",0.000838644039611565,0.00262076262378614,26,198,"ACTN2, APOC1, C1R, C1S, C2, CASP1, CD40LG, CFH, CLU, CTSH, CTSV, F8, GATA3, GZMA, GZMB, L3MBTL4, LAMP2, LGALS3, ME1, PLA2G4A, PLA2G7, PREP, RASGRP1, S100A9, SCG3, SERPINB2",TRUE,2.14629477713973,"COMPLEMENT","Cluster 3","Hallmarks"
"HALLMARK_COAGULATION",0.00124575762326955,0.00366399300961633,19,131,"ACOX2, APOC1, C1R, C1S, C2, CFH, CLU, CTSH, CTSK, CTSV, DCT, DUSP14, F8, GDA, HTRA1, KLK8, LAMP2, PREP, SERPINB2",TRUE,2.41702680363679,"COAGULATION","Cluster 3","Hallmarks"
"HALLMARK_KRAS_SIGNALING_UP",0.002208836752393,0.00613565764553611,24,190,"APOD, ARG1, CFH, CIDEA, CROT, F13A1, F2RL1, GLRX, GPNMB, HSD11B1, IL1RL2, IL2RG, JUP, KLF4, MAP3K1, MAP4K1, MAP7, MPZL2, PRDM1, SCG3, SCN1B, SOX9, TNNT2, VWA5A",TRUE,2.05352134929099,"KRAS SIGNALING UP","Cluster 3","Hallmarks"
"HALLMARK_GLYCOLYSIS",0.00253892476072777,0.0066813809492836,24,192,"AKR1A1, ALDH9A1, CD44, CYB5A, DCN, DSC2, EFNA3, EGFR, EGLN3, FAM162A, GLRX, GOT1, GPC3, GPR87, IDH1, IL13RA1, ME1, NDST3, NSDHL, PDK3, PHKA2, SDC1, SOX9, UGP2",TRUE,2.02894045344791,"GLYCOLYSIS","Cluster 3","Hallmarks"
"HALLMARK_OXIDATIVE_PHOSPHORYLATION",0.00308242965707511,0.00770607414268778,23,184,"ACAA2, ACADM, ACADSB, ALAS1, ATP1B1, ATP6V1D, CS, CYB5A, ETFA, ETFDH, HADHB, IDH1, IDH3A, MAOB, MFN2, NDUFB4, NQO2, OGDH, SLC25A11, SUCLA2, TIMM8B, UQCRC1, VDAC2",TRUE,2.02975985570446,"OXIDATIVE PHOSPHORYLATION","Cluster 3","Hallmarks"
"HALLMARK_INTERFERON_GAMMA_RESPONSE",0.00332567918570355,0.00791828377548464,24,196,"BTG1, C1R, C1S, CASP1, CD74, CFH, CXCL9, FGL2, GZMA, HLA-DMA, HLA-DQA1, IFI27, IFIH1, IRF9, ITGB7, PLA2G4A, PSME2, SLC25A28, SP110, STAT1, STAT2, STAT3, TAP1, VAMP8",TRUE,1.98148863712474,"INTERFERON GAMMA RESPONSE","Cluster 3","Hallmarks"
"HALLMARK_APICAL_JUNCTION",0.0040389314568264,0.00882818265054355,23,188,"ACTA1, ACTN2, ALOX15B, BAIAP2, CDH1, CDH3, CNTN1, COL17A1, CRAT, DSC1, DSC3, EGFR, GRB7, INSIG1, JUP, KRT31, MAPK13, MPZL2, MVD, MYL12B, NEGR1, PARD6G, PPP2R2C",TRUE,1.98029868046127,"APICAL JUNCTION","Cluster 3","Hallmarks"
"HALLMARK_PROTEIN_SECRETION",0.00406096401925003,0.00882818265054355,14,94,"ABCA1, ARFGEF2, ATP1A1, ATP7A, DST, EGFR, GOLGA4, LAMP2, NAPA, RAB14, RAB9A, SGMS1, TOM1L1, VPS4B",TRUE,2.50692481906896,"PROTEIN SECRETION","Cluster 3","Hallmarks"
"HALLMARK_INTERFERON_ALPHA_RESPONSE",0.00447478304283625,0.00932246467257553,14,95,"C1S, CASP1, CD74, GBP2, IFI27, IFIH1, IRF9, OAS1, PARP9, PSME2, SLC25A28, SP110, STAT2, TAP1",TRUE,2.47603940413055,"INTERFERON ALPHA RESPONSE","Cluster 3","Hallmarks"
"HALLMARK_APOPTOSIS",0.0100820901162574,0.0201641802325148,19,158,"CASP1, CD2, CD44, CLU, DCN, EBP, EGR3, ERBB2, ERBB3, GNA15, GPX3, HSPB1, IFNGR1, IL18, LGALS3, PDCD4, SC5D, TAP1, VDAC2",TRUE,1.94654127577236,"APOPTOSIS","Cluster 3","Hallmarks"
"HALLMARK_UV_RESPONSE_UP",0.0139589482456965,0.026844131241724,18,152,"ALAS1, AQP3, BTG1, CLTB, CREG1, CTSV, CYB5R1, FGF18, GAL, GPX3, HSPA2, MAOA, MAPK8IP2, MARK2, RASGRP1, TAP1, TCHH, TUBA4A",TRUE,1.91450077310261,"UV RESPONSE UP","Cluster 3","Hallmarks"
"HALLMARK_IL2_STAT5_SIGNALING",0.0365366933697915,0.0676605432773916,20,193,"AHNAK, ALCAM, AMACR, CAPN3, CD44, ECM1, ENO3, FGL2, HOPX, IFNGR1, IKZF2, IL1R2, IRF6, LRIG1, NDRG1, RORA, SLC29A2, SMPDL3A, TIAM1, TTC39B",FALSE,1.64366571422442,"IL2 STAT5 SIGNALING","Cluster 3","Hallmarks"
"HALLMARK_APICAL_SURFACE",0.0668043722859543,0.116116516855009,6,43,"ATP6V0A4, GATA3, HSPB1, IL2RG, LYPD3, MAL",FALSE,2.404095004095,"APICAL SURFACE","Cluster 3","Hallmarks"
"HALLMARK_IL6_JAK_STAT3_SIGNALING",0.0673475797759055,0.116116516855009,10,87,"CD44, CXCL9, IFNGR1, IL13RA1, IL1R2, IL2RG, IRF9, STAT1, STAT2, STAT3",FALSE,1.88060769152161,"IL6 JAK STAT3 SIGNALING","Cluster 3","Hallmarks"
"HALLMARK_HEDGEHOG_SIGNALING",0.0755250042370526,0.125875007061754,5,34,"CELSR1, GLI1, HEY2, L1CAM, TLE3",FALSE,2.58512326926621,"HEDGEHOG SIGNALING","Cluster 3","Hallmarks"
"HALLMARK_INFLAMMATORY_RESPONSE",0.108546139744439,0.175074418942643,18,195,"ABCA1, ATP2A2, CD82, CXCL9, GNA15, GPC3, IL18, NOD2, P2RX7, PTAFR, RASGRP1, SCN1B, SELE, SEMA4D, SGMS2, SLC11A2, SLC31A1, TACR1",FALSE,1.44753334164278,"INFLAMMATORY RESPONSE","Cluster 3","Hallmarks"
"HALLMARK_TNFA_SIGNALING_VIA_NFKB",0.116365422660224,0.1818209729066,18,197,"ABCA1, BTG1, CD44, EGR2, EGR3, F2RL1, IFIH1, IL18, KLF4, LITAF, RNF19B, SERPINB2, SERPINB8, SGK1, SLC16A6, TAP1, TUBB2A, ZC3H12A",FALSE,1.43125890502132,"TNFA SIGNALING VIA NFKB","Cluster 3","Hallmarks"
"HALLMARK_REACTIVE_OXYGEN_SPECIES_PATHWAY",0.208001354379178,0.315153567241178,5,47,"GCLM, GLRX, GPX3, MGST1, NDUFB4",FALSE,1.79319949656467,"REACTIVE OXYGEN SPECIES PATHWAY","Cluster 3","Hallmarks"
"HALLMARK_PI3K_AKT_MTOR_SIGNALING",0.231364130915587,0.340241368993511,9,100,"ACACA, ADCY2, ATF1, DAPP1, EGFR, IL2RG, SFN, STAT2, TIAM1",FALSE,1.43912668254307,"PI3K AKT MTOR SIGNALING","Cluster 3","Hallmarks"
"HALLMARK_SPERMATOGENESIS",0.351552488634747,0.502217840906781,9,113,"CSNK2A2, ELOVL3, HSPA2, HSPA4L, IDE, LPIN1, MAP7, NOS1, SCG3",FALSE,1.25926518082691,"SPERMATOGENESIS","Cluster 3","Hallmarks"
"HALLMARK_HEME_METABOLISM",0.396506818990057,0.550703915263969,14,189,"AQP3, CAST, ELL2, ENDOD1, GCLM, GDE1, IGSF3, LAMP2, MOCOS, PDZK1IP1, RIOK3, SLC11A2, SLC30A1, TYR",FALSE,1.14435886373761,"HEME METABOLISM","Cluster 3","Hallmarks"
"HALLMARK_EPITHELIAL_MESENCHYMAL_TRANSITION",0.556928558961634,0.752606160758965,13,195,"CD44, CXCL12, DCN, DST, ECM1, FBLN2, FMOD, HTRA1, LAMA2, LRRC15, NOTCH2, SDC1, SLIT3",FALSE,1.02348336594912,"EPITHELIAL MESENCHYMAL TRANSITION","Cluster 3","Hallmarks"
"HALLMARK_PANCREAS_BETA_CELLS",0.590766837203329,0.777324785793854,2,29,"PCSK1, VDR",FALSE,1.25799471791771,"PANCREAS BETA CELLS","Cluster 3","Hallmarks"
"HALLMARK_NOTCH_SIGNALING",0.644851941180854,0.826733257924172,2,32,"FZD7, NOTCH2",FALSE,1.13408539279423,"NOTCH SIGNALING","Cluster 3","Hallmarks"
"HALLMARK_UV_RESPONSE_DN",0.71941198930431,0.899264986630388,8,138,"ANXA2, BMPR1A, ERBB2, INSIG1, MIOS, NOTCH2, PTGFR, SFMBT1",FALSE,0.900407382717546,"UV RESPONSE DN","Cluster 3","Hallmarks"
"HALLMARK_MYC_TARGETS_V2",0.748088918933814,0.912303559675383,3,57,"SLC29A2, SORD, TMEM97",FALSE,0.888083034753129,"MYC TARGETS V2","Cluster 3","Hallmarks"
"HALLMARK_WNT_BETA_CATENIN_SIGNALING",0.773369653850615,0.92067815934597,2,41,"AXIN2, HEY2",FALSE,0.875287435257839,"WNT BETA CATENIN SIGNALING","Cluster 3","Hallmarks"
"HALLMARK_TGF_BETA_SIGNALING",0.880559232211766,0.99998233109905,2,53,"BMPR1A, CDH1",FALSE,0.670929177526838,"TGF BETA SIGNALING","Cluster 3","Hallmarks"
"HALLMARK_ANGIOGENESIS",0.918998055883171,0.99998233109905,1,36,"S100A4",FALSE,0.584056278911665,"ANGIOGENESIS","Cluster 3","Hallmarks"
"HALLMARK_MITOTIC_SPINDLE",0.981491439143877,0.99998233109905,7,197,"CLIP1, DST, NET1, NOTCH2, PALLD, TIAM1, TUBA4A",FALSE,0.542206328529271,"MITOTIC SPINDLE","Cluster 3","Hallmarks"
"HALLMARK_UNFOLDED_PROTEIN_RESPONSE",0.994751068154834,0.99998233109905,2,106,"TUBB2A, YWHAZ",FALSE,0.329761703396175,"UNFOLDED PROTEIN RESPONSE","Cluster 3","Hallmarks"
"HALLMARK_G2M_CHECKPOINT",0.999047624274812,0.99998233109905,4,189,"FOXN3, NOTCH2, RAD23B, TLE3",FALSE,0.33347504825393,"G2M CHECKPOINT","Cluster 3","Hallmarks"
"HALLMARK_MYC_TARGETS_V1",0.999237812892447,0.99998233109905,4,193,"IFRD1, PSMA4, RAD23B, TXNL4A",FALSE,0.326369409786671,"MYC TARGETS V1","Cluster 3","Hallmarks"
"HALLMARK_DNA_REPAIR",0.999602779128918,0.99998233109905,2,147,"DDB2, GTF2H3",FALSE,0.23634600974035,"DNA REPAIR","Cluster 3","Hallmarks"
"HALLMARK_E2F_TARGETS",0.99998233109905,0.99998233109905,2,195,"RPA1, SHMT1",FALSE,0.177283411974216,"E2F TARGETS","Cluster 3","Hallmarks"
"HALLMARK_MYC_TARGETS_V1",1.42864801707822e-84,7.14324008539112e-83,124,193,"ABCE1, ACP1, APEX1, C1QBP, CAD, CANX, CBX3, CCT2, CCT3, CCT4, CCT5, CCT7, CDC20, CDC45, CDK4, CLNS1A, CNBP, COX5A, CTPS1, CUL1, CYC1, DDX18, DDX21, EEF1B2, EIF1AX, EIF2S1, EIF2S2, EIF3B, EIF3D, EIF3J, EIF4A1, EIF4H, FBL, G3BP1, GNL3, GSPT1, HDAC2, HDGF, HNRNPA1, HNRNPA2B1, HNRNPA3, HNRNPC, HNRNPR, HPRT1, HSP90AB1, HSPD1, HSPE1, ILF2, KPNA2, KPNB1, LDHA, LSM2, LSM7, MAD2L1, MCM2, MCM4, MCM5, MCM6, MCM7, MYC, NAP1L1, NME1, NOLC1, NOP16, NOP56, NPM1, ODC1, PA2G4, PABPC1, PABPC4, PCBP1, PGK1, POLE3, PPIA, PPM1G, PRDX3, PRDX4, PRPF31, PSMA2, PSMA7, PSMC4, PSMC6, PSMD14, PSMD7, PTGES3, RAN, RANBP1, RFC4, RPL14, RPL22, RPLP0, RPS2, RPS3, RPS6, RRM1, RRP9, RSL1D1, RUVBL2, SERBP1, SF3B3, SMARCC1, SNRPA, SNRPA1, SNRPB2, SNRPD1, SNRPD2, SNRPG, SRM, SRSF1, SRSF3, SSB, SSBP1, STARD7, SYNCRIP, TCP1, TFDP1, TUFM, TYMS, U2AF1, UBE2E1, UBE2L3, VDAC1, XRCC6, YWHAE",TRUE,20.7758860297207,"MYC TARGETS V1","Cluster 4","Hallmarks"
"HALLMARK_E2F_TARGETS",8.08115790804149e-48,2.02028947701037e-46,93,195,"ANP32E, AURKA, AURKB, BUB1B, CCNB2, CCNE1, CDC20, CDC25A, CDC25B, CDCA3, CDCA8, CDK1, CDK4, CENPE, CHEK1, CKS1B, CKS2, CSE1L, CTPS1, DCTPP1, DDX39A, DLGAP5, DSCC1, EIF2S1, GINS1, GSPT1, HMGA1, HMGB2, HMGB3, HMMR, IPO7, KIF22, KIF2C, KIF4A, KPNA2, LMNB1, LYAR, MAD2L1, MCM2, MCM3, MCM4, MCM5, MCM6, MCM7, MELK, MKI67, MTHFD2, MYBL2, MYC, NAP1L1, NASP, NCAPD2, NME1, NOLC1, NOP56, NUDT21, NUP107, ORC6, PA2G4, PAICS, PLK1, PLK4, POLD1, POLE, POP7, PPP1R8, PRDX4, PRPS1, PTTG1, RAD51AP1, RAN, RANBP1, RNASEH2A, RRM2, SLBP, SMC1A, SMC3, SMC4, SNRPB, SRSF1, SSRP1, STMN1, SYNCRIP, TACC3, TFRC, TIMELESS, TOP2A, TRIP13, TUBB, TUBG1, UBE2S, UBE2T, XRCC6",TRUE,10.3688771595155,"E2F TARGETS","Cluster 4","Hallmarks"
"HALLMARK_G2M_CHECKPOINT",9.68811448590032e-35,1.61468574765005e-33,78,189,"ATF5, AURKA, AURKB, BUB1, CCNB2, CDC20, CDC25A, CDC25B, CDC45, CDK1, CDK4, CENPA, CENPE, CENPF, CHAF1A, CHEK1, CKS1B, CKS2, CUL1, DDX39A, DKC1, DTYMK, E2F1, EFNA5, G3BP1, GSPT1, HIRA, HMGA1, HMGB3, HMMR, HSPA8, KIF11, KIF22, KIF2C, KIF4A, KPNA2, KPNB1, LMNB1, MAD2L1, MCM2, MCM3, MCM5, MCM6, MEIS2, MKI67, MYBL2, MYC, NASP, NCL, NEK2, NOLC1, ODC1, ORC6, PLK1, PLK4, POLE, PRC1, PTTG1, SAP30, SLC38A1, SLC7A1, SLC7A5, SMARCC1, SMC1A, SMC4, SNRPD1, SRSF1, STMN1, SYNCRIP, TACC3, TFDP1, TGFB1, TOP1, TOP2A, TPX2, UBE2C, UBE2S, UCK2",TRUE,7.92907322186396,"G2M CHECKPOINT","Cluster 4","Hallmarks"
"HALLMARK_MTORC1_SIGNALING",1.85935243996564e-25,2.32419054995705e-24,68,194,"ABCF2, ACTR2, ACTR3, ADD3, ALDOA, AURKA, BCAT1, BUB1, CACYBP, CALR, CANX, CCT6A, CDC25A, CFP, CORO1A, CTSC, CXCR4, DDX39A, EIF2S2, ENO1, GAPDH, GPI, HK2, HPRT1, HSP90B1, HSPA4, HSPA5, HSPA9, HSPD1, HSPE1, IFI30, LDHA, LGMN, M6PR, MCM2, MCM4, MTHFD2, P4HA1, PGK1, PGM1, PITPNB, PLK1, PNO1, PNP, POLR3G, PPIA, PRDX1, PSAT1, PSMC4, PSMC6, PSMD13, PSMD14, PSMG1, RPN1, RRM2, RRP9, SDF2L1, SEC11A, SERPINH1, SHMT2, SLC7A5, STC1, STIP1, TFRC, TOMM40, TPI1, TRIB3, TUBG1",TRUE,6.05851428754683,"MTORC1 SIGNALING","Cluster 4","Hallmarks"
"HALLMARK_MYC_TARGETS_V2",1.10379441832743e-23,1.10379441832743e-22,35,57,"CBX3, CDK4, DCTPP1, DDX18, GNL3, HK2, HSPD1, HSPE1, IMP4, IPO4, MCM4, MCM5, MPHOSPH10, MRTO4, MYBBP1A, MYC, NDUFAF4, NIP7, NOC4L, NOLC1, NOP16, NOP56, NPM1, PA2G4, PES1, PLK1, PLK4, PPAN, PRMT3, PUS1, RRP12, RRP9, SRM, WDR43, WDR74",TRUE,17.4147726913721,"MYC TARGETS V2","Cluster 4","Hallmarks"
"HALLMARK_UNFOLDED_PROTEIN_RESPONSE",1.19587293574225e-13,9.9656077978521e-13,36,106,"ALDH18A1, BANF1, CALR, CEBPG, CKS1B, CNOT6, DKC1, EIF2S1, EIF4A1, EIF4A3, EIF4EBP1, EIF4G1, EXOSC2, EXOSC4, EXOSC9, HSP90B1, HSPA5, HSPA9, HYOU1, IMP3, KHSRP, LSM4, MTHFD2, NOLC1, NOP14, NOP56, NPM1, PDIA5, PDIA6, PSAT1, RRP9, SEC11A, SHC1, SLC7A5, SPCS1, SRPRB",TRUE,5.70357838241377,"UNFOLDED PROTEIN RESPONSE","Cluster 4","Hallmarks"
"HALLMARK_OXIDATIVE_PHOSPHORYLATION",6.09646574239859e-10,4.35461838742757e-09,43,184,"ACAT1, AFG3L2, AIFM1, BAX, COX4I1, COX5A, CYC1, CYCS, DLAT, FDX1, FXN, GPI, GRPEL1, HADHA, HSPA9, IDH2, IDH3G, LDHA, LRPPRC, MDH2, MPC1, MRPL15, MRPS12, NDUFA1, NDUFA2, NDUFA9, NDUFB2, NDUFB5, NDUFS2, NDUFS3, NDUFS6, OXA1L, PDHA1, PMPCA, PRDX3, SLC25A5, TIMM13, TIMM17A, TIMM50, UQCRB, UQCRFS1, UQCRH, VDAC1",TRUE,3.38777209540333,"OXIDATIVE PHOSPHORYLATION","Cluster 4","Hallmarks"
"HALLMARK_DNA_REPAIR",4.8633154103657e-08,3.03957213147856e-07,34,147,"ALYREF, ARL6IP1, BCAP31, CDA, DDB1, ERCC2, FEN1, GTF2F1, GUK1, HPRT1, ITPA, MPG, MRPL40, NELFE, NME1, NME4, NUDT21, NUDT9, PDE4B, PNP, POLD1, POLR2G, POLR2H, POLR3GL, RAD51, RALA, RFC4, SEC61A1, SF3A3, SSRP1, TAF13, TYMS, UPF3B, ZWINT",TRUE,3.33739310702254,"DNA REPAIR","Cluster 4","Hallmarks"
"HALLMARK_GLYCOLYSIS",7.3901245688408e-08,4.10562476046711e-07,40,192,"AKR1A1, ALDOA, ALG1, ARPP19, AURKA, BPNT1, CDK1, CENPA, CXCR4, ENO1, FKBP4, GALK1, HK2, HMMR, HOMER1, HS2ST1, HSPA5, KIF20A, KIF2A, LDHA, MDH2, ME2, NASP, P4HA1, PFKP, PGK1, PGLS, PKM, PPIA, PRPS1, PSMC4, SAP30, SDC3, SLC16A3, SLC25A10, SOD1, SPAG4, STC1, STMN1, TPI1",TRUE,2.9199483936109,"GLYCOLYSIS","Cluster 4","Hallmarks"
"HALLMARK_PI3K_AKT_MTOR_SIGNALING",1.54364265549914e-07,7.7182132774957e-07,26,100,"ACTR2, ACTR3, AP2M1, ARF1, CALR, CAMK4, CDK1, CDK4, CFL1, CXCR4, E2F1, GNA14, HSP90B1, MAPK9, PFN1, PPP1CA, PRKAR2A, PRKCB, PTPN11, RAF1, RALB, RPS6KA1, RPS6KA3, TRIB3, VAV3, YWHAB",TRUE,3.89564565277237,"PI3K AKT MTOR SIGNALING","Cluster 4","Hallmarks"
"HALLMARK_UV_RESPONSE_UP",3.34701752209883e-06,1.52137160095401e-05,31,152,"ALDOA, AP2S1, ARRB2, CASP3, CCNE1, CEBPG, DDX21, DNAJA1, EIF2S3, FEN1, FKBP4, GGH, GRPEL1, HMOX1, HSPA13, LYN, MMP14, OLFM1, POLE3, POLR2H, PPAT, PPIF, RFC4, RPN1, SIGMAR1, SOD2, STIP1, STK25, TFRC, TGFBRAP1, UROD",TRUE,2.84052534804308,"UV RESPONSE UP","Cluster 4","Hallmarks"
"HALLMARK_MITOTIC_SPINDLE",8.11017179465068e-06,3.37923824777112e-05,36,197,"ARHGEF12, ARHGEF7, AURKA, BCR, BUB1, CAPZB, CCNB2, CDK1, CENPE, CENPF, CKAP5, DLGAP5, EPB41L2, FSCN1, KATNB1, KIF11, KIF22, KIF2C, KIF3B, KIF3C, KIF4A, LMNB1, LRPPRC, MAPRE1, MID1IP1, MYH10, NEK2, PIF1, PLK1, PRC1, SMC1A, SMC3, SMC4, TOP2A, TPX2, YWHAE",TRUE,2.47809520454135,"MITOTIC SPINDLE","Cluster 4","Hallmarks"
"HALLMARK_ALLOGRAFT_REJECTION",2.01310811209144e-05,7.742723508044e-05,34,189,"ABCE1, B2M, BCAT1, BCL10, CCL4, CD247, CD79A, CFP, CSK, CTSS, CXCL13, EIF3A, EIF3D, EIF3J, EIF5A, HLA-A, HLA-E, IL12RB1, IL2RA, IL7, IRF8, LTB, LY86, LYN, MMP9, MTIF2, NME1, NPM1, PRF1, PRKCB, RPS19, RPS3A, TGFB1, ZAP70",TRUE,2.43067902402118,"ALLOGRAFT REJECTION","Cluster 4","Hallmarks"
"HALLMARK_COMPLEMENT",2.25584457422226e-05,8.05658776507948e-05,35,198,"ANXA5, APOA4, C1QC, CALM1, CASP3, CDA, CR2, CTSB, CTSC, CTSL, CTSS, DUSP5, EHD1, FCER1G, FDX1, FYN, GMFB, GNAI3, HSPA5, KIF2A, LAP3, LGMN, LIPA, LYN, MMP12, MMP14, PCLO, PFN1, PHEX, PIK3CG, PLEK, PPP4C, PSMB9, RAF1, XPNPEP1",TRUE,2.37911881042625,"COMPLEMENT","Cluster 4","Hallmarks"
"HALLMARK_REACTIVE_OXYGEN_SPECIES_PATHWAY",9.7677429124395e-05,0.00032559143041465,13,47,"ERCC2, HHEX, HMOX2, IPCEF1, MPO, NDUFS2, PFKP, PRDX1, PRDX4, SOD1, SOD2, STK25, TXNRD2",TRUE,4.26303065821765,"REACTIVE OXYGEN SPECIES PATHWAY","Cluster 4","Hallmarks"
"HALLMARK_IL2_STAT5_SIGNALING",0.000824084166710831,0.00257526302097135,30,193,"ADAM19, AHCY, BATF, CASP3, CCNE1, CDC42SE2, COCH, CTLA4, CXCL10, DCPS, GLIPR2, GSTO1, HK2, ICOS, IGF2R, IL2RA, IRF8, LTB, MAPKAPK2, MYC, ODC1, P2RX4, P4HA1, PNP, PUS1, RGS16, SELL, SPP1, SYT11, UCK2",TRUE,2.03823627082992,"IL2 STAT5 SIGNALING","Cluster 4","Hallmarks"
"HALLMARK_SPERMATOGENESIS",0.00285372713531157,0.00839331510385757,19,113,"AURKA, BUB1, CAMK4, CCNB2, CDK1, CLPB, CRISP2, GPR182, HSPA1L, KIF2C, NCAPH, NEFH, NEK2, NF2, PRKAR2A, PSMG1, RFC4, TLE4, TSN",TRUE,2.24867724867725,"SPERMATOGENESIS","Cluster 4","Hallmarks"
"HALLMARK_PROTEIN_SECRETION",0.00522180877125809,0.0145050243646058,16,94,"ANP32E, AP2M1, AP2S1, ARF1, BNIP3, CLTA, COPE, CTSC, IGF2R, M6PR, RPS6KA3, SCRN1, SNAP23, SNX2, SOD1, TMX1",TRUE,2.288569969631,"PROTEIN SECRETION","Cluster 4","Hallmarks"
"HALLMARK_HYPOXIA",0.00753285381174097,0.0198232995045815,26,186,"AKAP12, ALDOA, CXCR4, EFNA1, ENO1, GALK1, GAPDH, GPI, HK1, HK2, HMOX1, HSPA5, LDHA, LOX, NAGK, P4HA1, PFKP, PGK1, PGM1, PRDX5, SAP30, SDC3, STC1, TPI1, VHL, XPNPEP1",TRUE,1.8002256033347,"HYPOXIA","Cluster 4","Hallmarks"
"HALLMARK_FATTY_ACID_METABOLISM",0.0082814228020885,0.0207035570052213,22,151,"ACSL5, ADSL, ALDOA, APEX1, BLVRA, BPHL, ECI2, ERP29, GCDH, HSP90AA1, HSPH1, IDH3G, IL4I1, LDHA, MDH2, ODC1, PCBD1, PDHA1, SMS, UROD, UROS, YWHAH",TRUE,1.89315055953498,"FATTY ACID METABOLISM","Cluster 4","Hallmarks"
"HALLMARK_ADIPOGENESIS",0.00985484531995505,0.0234639174284644,26,190,"AIFM1, ALDOA, APLP2, CMBL, COQ9, CYC1, DLAT, ESYT1, G3BP2, GADD45A, GHITM, GRPEL1, IDH3G, MDH2, MRPL15, MTCH2, NDUFS3, PEMT, PGM1, PRDX3, SAMM50, SLC25A10, SLC5A6, SNCG, SOD1, YWHAG",TRUE,1.75608655090433,"ADIPOGENESIS","Cluster 4","Hallmarks"
"HALLMARK_ANDROGEN_RESPONSE",0.0132615216559707,0.0301398219453878,15,95,"ABCC4, AKAP12, B2M, CAMKK2, CENPN, GNAI3, MAF, PA2G4, RPS6KA3, RRP12, SMS, UBE2I, UBE2J1, XRCC5, XRCC6",TRUE,2.0950605664275,"ANDROGEN RESPONSE","Cluster 4","Hallmarks"
"HALLMARK_INTERFERON_GAMMA_RESPONSE",0.0143991567365643,0.0313025146447049,26,196,"B2M, CASP3, CD38, CD69, CXCL10, EIF4E3, HLA-A, HLA-B, IFI30, IFITM2, IL7, IRF8, LAP3, MTHFD2, NFKB1, NMI, PDE4B, PFKP, PNP, PSMA2, PSMB9, PSME2, PTPN1, SLAMF7, SOD2, SRI",TRUE,1.69376117335236,"INTERFERON GAMMA RESPONSE","Cluster 4","Hallmarks"
"HALLMARK_HEME_METABOLISM",0.0167087264231654,0.034809846714928,25,189,"ADD2, ARHGEF12, BLVRA, CLIC2, CTSB, DMTN, FECH, GYPC, HDGF, LMO2, LPIN2, MPP1, NARF, OSBP2, PGLS, PPP2R5B, RAD23A, RBM38, RHCE, TAL1, TFRC, TOP1, TRIM58, UROD, UROS",TRUE,1.68886362405934,"HEME METABOLISM","Cluster 4","Hallmarks"
"HALLMARK_PEROXISOME",0.0282793166758459,0.0565586333516918,15,104,"ACSL5, BCL10, CNBP, CTPS1, ECI2, IDH2, PABPC1, PRDX1, PRDX5, SMARCC1, SOD1, SOD2, STS, TOP2A, YWHAH",FALSE,1.88350769511059,"PEROXISOME","Cluster 4","Hallmarks"
"HALLMARK_APOPTOSIS",0.0445720439894873,0.0857154692105525,20,158,"BAX, BCAP31, BCL10, CASP3, CD38, CD69, CDC25B, DAP3, DFFA, DNAJA1, GADD45A, HMGB2, HMOX1, IGF2R, NEFH, PPP2R5B, PRF1, SOD1, SOD2, TOP2A",FALSE,1.61021517141144,"APOPTOSIS","Cluster 4","Hallmarks"
"HALLMARK_NOTCH_SIGNALING",0.0487402468248376,0.0902597163422919,6,32,"ARRB1, CUL1, DTX1, PSENEN, SAP30, ST3GAL6",FALSE,2.66284734133791,"NOTCH SIGNALING","Cluster 4","Hallmarks"
"HALLMARK_XENOBIOTIC_METABOLISM",0.056107383059278,0.100191755462996,23,192,"ACP1, ACP2, AHCY, ARG2, ARPP19, BCAT1, BPHL, CDA, CNDP2, EPHA2, GART, GSTO1, HMOX1, HPRT1, IRF8, LPIN2, MAN1A1, MTHFD1, NINJ1, PEMT, PTGES3, PYCR1, SHMT2",FALSE,1.50839429223117,"XENOBIOTIC METABOLISM","Cluster 4","Hallmarks"
"HALLMARK_IL6_JAK_STAT3_SIGNALING",0.0616810825149207,0.106346693991243,12,87,"CD38, CXCL10, CXCL13, HMOX1, IL12RB1, IL2RA, IL7, LTB, LTBR, PTPN1, PTPN11, TGFB1",FALSE,1.79888775921771,"IL6 JAK STAT3 SIGNALING","Cluster 4","Hallmarks"
"HALLMARK_ESTROGEN_RESPONSE_LATE",0.0846890610029023,0.141148435004837,22,191,"ADD3, ARL3, BAG1, BATF, CDC20, DNAJC12, FKBP4, HPRT1, IDH2, JAK1, KIF20A, MICB, OLFM1, PLK4, PPIF, RAB31, RNASEH2A, RPS6KA2, SLC16A1, SLC7A5, SNX10, TOP2A",FALSE,1.44339205563007,"ESTROGEN RESPONSE LATE","Cluster 4","Hallmarks"
"HALLMARK_WNT_BETA_CATENIN_SIGNALING",0.128391443045859,0.207082972654611,6,41,"CUL1, FZD8, HDAC11, HDAC2, MYC, SKP2",FALSE,1.98683738796415,"WNT BETA CATENIN SIGNALING","Cluster 4","Hallmarks"
"HALLMARK_TGF_BETA_SIGNALING",0.157047706622114,0.245387041597053,7,53,"FKBP1A, HDAC1, PPP1CA, RAB31, RHOA, SMAD1, TGFB1",FALSE,1.75017830864097,"TGF BETA SIGNALING","Cluster 4","Hallmarks"
"HALLMARK_APICAL_JUNCTION",0.169082497533394,0.256185602323324,20,188,"ACTB, CAP1, CD99, CLDN5, EPB41L2, FSCN1, GTF2F1, ITGA9, LAYN, MAP4K2, MMP9, MYH10, NF2, PFN1, RAC2, SDC3, SHC1, SIRPA, TUBG1, YWHAH",FALSE,1.32147198409823,"APICAL JUNCTION","Cluster 4","Hallmarks"
"HALLMARK_KRAS_SIGNALING_UP",0.181031618251591,0.266222968017046,20,190,"AKAP12, CTSS, CXCL10, CXCR4, EPHB2, FCER1G, FLT4, FUCA1, GPRC5B, GYPC, IKZF1, IRF8, LCP1, MMP9, PTCD2, RELN, RGS16, SPP1, ST6GAL1, TFPI",FALSE,1.30583525626133,"KRAS SIGNALING UP","Cluster 4","Hallmarks"
"HALLMARK_PANCREAS_BETA_CELLS",0.226265991909486,0.323237131299266,4,29,"LMO2, SEC11A, SPCS1, SRPRB",FALSE,1.91376164883388,"PANCREAS BETA CELLS","Cluster 4","Hallmarks"
"HALLMARK_ESTROGEN_RESPONSE_EARLY",0.268543693991168,0.372977352765511,19,192,"ADD3, ARL3, ASB13, BAG1, FKBP4, GJA1, ISG20L2, MICB, MYBBP1A, MYC, OLFM1, PPIF, RAB31, RPS6KA2, RRP12, SLC16A1, SLC7A5, TBC1D30, THSD4",FALSE,1.21978021978022,"ESTROGEN RESPONSE EARLY","Cluster 4","Hallmarks"
"HALLMARK_INTERFERON_ALPHA_RESPONSE",0.28069581498188,0.379318668894433,10,95,"B2M, CXCL10, IFI30, IFITM2, IL7, LAP3, NMI, PSMB9, PSME2, SELL",FALSE,1.33214800387568,"INTERFERON ALPHA RESPONSE","Cluster 4","Hallmarks"
"HALLMARK_APICAL_SURFACE",0.29640326742863,0.390004299248197,5,43,"CROCC, EFNA5, FLOT2, LYN, SCUBE1",FALSE,1.54906346100084,"APICAL SURFACE","Cluster 4","Hallmarks"
"HALLMARK_TNFA_SIGNALING_VIA_NFKB",0.399783396918566,0.512542816562264,18,197,"BCL2A1, CCL4, CD69, CXCL10, DRAM1, DUSP5, EFNA1, EHD1, GADD45A, MYC, NFKB1, NINJ1, PDE4B, PLEK, PTX3, SOD2, SPSB1, TNIP2",FALSE,1.11756741598153,"TNFA SIGNALING VIA NFKB","Cluster 4","Hallmarks"
"HALLMARK_P53_PATHWAY",0.439262942684187,0.549078678355234,17,190,"BAX, DRAM1, EPHA2, FUCA1, GADD45A, HINT1, HMOX1, IFI30, IRAK1, NINJ1, RALGDS, RGS16, RPL36, RPS12, SEC61A1, TGFB1, TRIB3",FALSE,1.09344216155362,"P53 PATHWAY","Cluster 4","Hallmarks"
"HALLMARK_INFLAMMATORY_RESPONSE",0.48314305149992,0.589198843292585,17,195,"CD69, CXCL10, GNAI3, IRAK2, LYN, MMP14, MYC, NFKB1, NMI, P2RX4, PDE4B, PDPN, RAF1, RGS16, SELL, SLC7A1, SRI",FALSE,1.06253759595592,"INFLAMMATORY RESPONSE","Cluster 4","Hallmarks"
"HALLMARK_CHOLESTEROL_HOMEOSTASIS",0.575374162671082,0.684969241275097,6,72,"ANXA5, ATF5, CBS, CPEB2, LGMN, TRIB3",FALSE,1.05894736842105,"CHOLESTEROL HOMEOSTASIS","Cluster 4","Hallmarks"
"HALLMARK_ANGIOGENESIS",0.596358383784464,0.693439981144726,3,36,"LRPAP1, SPP1, STC1",FALSE,1.13192346005243,"ANGIOGENESIS","Cluster 4","Hallmarks"
"HALLMARK_EPITHELIAL_MESENCHYMAL_TRANSITION",0.685739569837781,0.779249511179297,15,195,"CALU, CTHRC1, ELN, FUCA1, FZD8, GADD45A, GJA1, LOX, MCM7, MMP14, PTX3, SERPINH1, SPP1, TGFB1, TPM4",FALSE,0.929533820791121,"EPITHELIAL MESENCHYMAL TRANSITION","Cluster 4","Hallmarks"
"HALLMARK_BILE_ACID_METABOLISM",0.824137809013691,0.906355945522817,7,109,"ACSL5, CYP46A1, IDH2, PRDX5, PXMP2, RBP1, SOD1",FALSE,0.791689705310151,"BILE ACID METABOLISM","Cluster 4","Hallmarks"
"HALLMARK_UV_RESPONSE_DN",0.833847469880991,0.906355945522817,9,138,"ADD3, FYN, GJA1, MAP1B, MYC, NFKB1, SLC7A1, SRI, TFPI",FALSE,0.793507152431221,"UV RESPONSE DN","Cluster 4","Hallmarks"
"HALLMARK_COAGULATION",0.933287541448546,0.989980129531366,7,131,"CTSB, FYN, LGMN, MMP14, MMP9, PLEK, WDR1",FALSE,0.651050887007307,"COAGULATION","Cluster 4","Hallmarks"
"HALLMARK_HEDGEHOG_SIGNALING",0.950380924350112,0.989980129531366,1,34,"NRP2",FALSE,0.484568787859864,"HEDGEHOG SIGNALING","Cluster 4","Hallmarks"
"HALLMARK_KRAS_SIGNALING_DN",0.999369113365191,0.999802939312767,5,176,"CLSTN3, GPRC5C, ITIH3, SLC29A3, SNCB",FALSE,0.345364089163762,"KRAS SIGNALING DN","Cluster 4","Hallmarks"
"HALLMARK_MYOGENESIS",0.999802939312767,0.999802939312767,5,193,"BAG1, GABARAPL2, MYL6B, TEAD4, TGFB1",FALSE,0.313939855946739,"MYOGENESIS","Cluster 4","Hallmarks"
"HALLMARK_ESTROGEN_RESPONSE_LATE",4.37562265154387e-07,2.18781132577194e-05,13,191,"ALDH3A2, ANXA9, CA12, CD44, CXCL12, CXCL14, FGFR3, GJB3, KLK11, PERP, PKP3, RAPGEFL1, TRIM29",TRUE,6.65082523495656,"ESTROGEN RESPONSE LATE","Cluster 5","Hallmarks"
"HALLMARK_KRAS_SIGNALING_DN",0.000241740025814726,0.00604350064536815,9,176,"ALOX12B, FGFR3, KRT1, KRT5, LYPD3, PKP1, SERPINB2, SPTBN2, WNT16",TRUE,4.9072082415366,"KRAS SIGNALING DN","Cluster 5","Hallmarks"
"HALLMARK_ESTROGEN_RESPONSE_EARLY",0.00199279365242013,0.0332132275403355,8,192,"ANXA9, CA12, CD44, CXCL12, ESRP2, LAD1, RAPGEFL1, ZNF185",TRUE,3.96635189954384,"ESTROGEN RESPONSE EARLY","Cluster 5","Hallmarks"
"HALLMARK_EPITHELIAL_MESENCHYMAL_TRANSITION",0.00834370028335597,0.10429625354195,7,195,"CD44, COL7A1, COMP, CXCL12, FBN1, GPC1, MFAP5",FALSE,3.4106757089338,"EPITHELIAL MESENCHYMAL TRANSITION","Cluster 5","Hallmarks"
"HALLMARK_COAGULATION",0.0686419847858981,0.565675400625352,4,131,"COMP, DCT, FBN1, SERPINB2",FALSE,2.9972684796933,"COAGULATION","Cluster 5","Hallmarks"
"HALLMARK_APICAL_JUNCTION",0.0710860135758376,0.565675400625352,5,188,"COL17A1, DSC1, DSC3, FBN1, PPP2R2C",FALSE,2.54890980313491,"APICAL JUNCTION","Cluster 5","Hallmarks"
"HALLMARK_COMPLEMENT",0.0843388607975109,0.565675400625352,5,198,"CTSC, GATA3, PRSS3, SCG3, SERPINB2",FALSE,2.41602067183463,"COMPLEMENT","Cluster 5","Hallmarks"
"HALLMARK_APICAL_SURFACE",0.0905080641000563,0.565675400625352,2,43,"GATA3, LYPD3",FALSE,5.09541195083364,"APICAL SURFACE","Cluster 5","Hallmarks"
"HALLMARK_HYPOXIA",0.175483891776541,0.799420461726867,4,186,"CA12, GPC1, PKP1, RORA",FALSE,2.08845799737745,"HYPOXIA","Cluster 5","Hallmarks"
"HALLMARK_ALLOGRAFT_REJECTION",0.182442905123892,0.799420461726867,4,189,"CCL13, DEGS1, IL18, KRT1",FALSE,2.05438595528132,"ALLOGRAFT REJECTION","Cluster 5","Hallmarks"
"HALLMARK_P53_PATHWAY",0.184782794893679,0.799420461726867,4,190,"DGKA, PERP, SERPINB5, TP63",FALSE,2.04327219713557,"P53 PATHWAY","Cluster 5","Hallmarks"
"HALLMARK_IL2_STAT5_SIGNALING",0.191860910814448,0.799420461726867,4,193,"CD44, HOPX, PLAGL1, RORA",FALSE,2.01063469630123,"IL2 STAT5 SIGNALING","Cluster 5","Hallmarks"
"HALLMARK_BILE_ACID_METABOLISM",0.3664735899006,1,2,109,"BBOX1, NUDT12",FALSE,1.96086445853888,"BILE ACID METABOLISM","Cluster 5","Hallmarks"
"HALLMARK_WNT_BETA_CATENIN_SIGNALING",0.383881019718336,1,1,41,"AXIN2",FALSE,3.12027721886877,"WNT BETA CATENIN SIGNALING","Cluster 5","Hallmarks"
"HALLMARK_KRAS_SIGNALING_UP",0.385694798732259,1,3,190,"ARG1, PRKG2, SCG3",FALSE,1.57424746450304,"KRAS SIGNALING UP","Cluster 5","Hallmarks"
"HALLMARK_XENOBIOTIC_METABOLISM",0.392027970787523,1,3,192,"ALDH3A1, ARG1, TYR",FALSE,1.55748286030817,"XENOBIOTIC METABOLISM","Cluster 5","Hallmarks"
"HALLMARK_TNFA_SIGNALING_VIA_NFKB",0.407786370893699,1,3,197,"CD44, IL18, SERPINB2",FALSE,1.51707973323183,"TNFA SIGNALING VIA NFKB","Cluster 5","Hallmarks"
"HALLMARK_REACTIVE_OXYGEN_SPECIES_PATHWAY",0.426082521724463,1,1,47,"LSP1",FALSE,2.71688193678198,"REACTIVE OXYGEN SPECIES PATHWAY","Cluster 5","Hallmarks"
"HALLMARK_FATTY_ACID_METABOLISM",0.530833792967824,1,2,151,"ALDH3A1, ALDH3A2",FALSE,1.40714840714841,"FATTY ACID METABOLISM","Cluster 5","Hallmarks"
"HALLMARK_APOPTOSIS",0.555318964107647,1,2,158,"CD44, IL18",FALSE,1.34375705941201,"APOPTOSIS","Cluster 5","Hallmarks"
"HALLMARK_IL6_JAK_STAT3_SIGNALING",0.642570418101639,1,1,87,"CD44",FALSE,1.45772903315849,"IL6 JAK STAT3 SIGNALING","Cluster 5","Hallmarks"
"HALLMARK_HEME_METABOLISM",0.652681293669169,1,2,189,"GYPA, TYR",FALSE,1.11991919191919,"HEME METABOLISM","Cluster 5","Hallmarks"
"HALLMARK_GLYCOLYSIS",0.661146675583199,1,2,192,"CD44, GPC1",FALSE,1.10212359818659,"GLYCOLYSIS","Cluster 5","Hallmarks"
"HALLMARK_MYOGENESIS",0.663931577910632,1,2,193,"KLF5, LSP1",FALSE,1.09631563678561,"MYOGENESIS","Cluster 5","Hallmarks"
"HALLMARK_PROTEIN_SECRETION",0.671027247633298,1,1,94,"CTSC",FALSE,1.34814232991532,"PROTEIN SECRETION","Cluster 5","Hallmarks"
"HALLMARK_UNFOLDED_PROTEIN_RESPONSE",0.714658262014046,1,1,106,"DKC1",FALSE,1.1941125425539,"UNFOLDED PROTEIN RESPONSE","Cluster 5","Hallmarks"
"HALLMARK_SPERMATOGENESIS",0.737395524839135,1,1,113,"SCG3",FALSE,1.11943661971831,"SPERMATOGENESIS","Cluster 5","Hallmarks"
"HALLMARK_UV_RESPONSE_DN",0.804832819989494,1,1,138,"CDON",FALSE,0.914805194805195,"UV RESPONSE DN","Cluster 5","Hallmarks"
"HALLMARK_G2M_CHECKPOINT",0.893589878132016,1,1,189,"DKC1",FALSE,0.665665078001163,"G2M CHECKPOINT","Cluster 5","Hallmarks"
"HALLMARK_MTORC1_SIGNALING",0.899741200527121,1,1,194,"CTSC",FALSE,0.648308455383464,"MTORC1 SIGNALING","Cluster 5","Hallmarks"
"HALLMARK_INFLAMMATORY_RESPONSE",0.900928287596486,1,1,195,"IL18",FALSE,0.644944215421061,"INFLAMMATORY RESPONSE","Cluster 5","Hallmarks"
"HALLMARK_MITOTIC_SPINDLE",0.903260627377238,1,1,197,"FGD6",FALSE,0.638318460380604,"MITOTIC SPINDLE","Cluster 5","Hallmarks"
"HALLMARK_ADIPOGENESIS",1,1,0,190,"",FALSE,0.218657788016979,"ADIPOGENESIS","Cluster 5","Hallmarks"
"HALLMARK_ANDROGEN_RESPONSE",1,1,0,95,"",FALSE,0.43816428668856,"ANDROGEN RESPONSE","Cluster 5","Hallmarks"
"HALLMARK_ANGIOGENESIS",1,1,0,36,"",FALSE,1.14966920141653,"ANGIOGENESIS","Cluster 5","Hallmarks"
"HALLMARK_CHOLESTEROL_HOMEOSTASIS",1,1,0,72,"",FALSE,0.577803883629328,"CHOLESTEROL HOMEOSTASIS","Cluster 5","Hallmarks"
"HALLMARK_DNA_REPAIR",1,1,0,147,"",FALSE,0.282986311606263,"DNA REPAIR","Cluster 5","Hallmarks"
"HALLMARK_E2F_TARGETS",1,1,0,195,"",FALSE,0.213014263821761,"E2F TARGETS","Cluster 5","Hallmarks"
"HALLMARK_HEDGEHOG_SIGNALING",1,1,0,34,"",FALSE,1.21643286573146,"HEDGEHOG SIGNALING","Cluster 5","Hallmarks"
"HALLMARK_INTERFERON_ALPHA_RESPONSE",1,1,0,95,"",FALSE,0.43816428668856,"INTERFERON ALPHA RESPONSE","Cluster 5","Hallmarks"
"HALLMARK_INTERFERON_GAMMA_RESPONSE",1,1,0,196,"",FALSE,0.211920023252612,"INTERFERON GAMMA RESPONSE","Cluster 5","Hallmarks"
"HALLMARK_MYC_TARGETS_V1",1,1,0,193,"",FALSE,0.215236674900188,"MYC TARGETS V1","Cluster 5","Hallmarks"
"HALLMARK_MYC_TARGETS_V2",1,1,0,57,"",FALSE,0.729058116232465,"MYC TARGETS V2","Cluster 5","Hallmarks"
"HALLMARK_NOTCH_SIGNALING",1,1,0,32,"",FALSE,1.29141359642362,"NOTCH SIGNALING","Cluster 5","Hallmarks"
"HALLMARK_OXIDATIVE_PHOSPHORYLATION",1,1,0,184,"",FALSE,0.225833781383906,"OXIDATIVE PHOSPHORYLATION","Cluster 5","Hallmarks"
"HALLMARK_PANCREAS_BETA_CELLS",1,1,0,29,"",FALSE,1.42294759009545,"PANCREAS BETA CELLS","Cluster 5","Hallmarks"
"HALLMARK_PEROXISOME",1,1,0,104,"",FALSE,0.400255055565677,"PEROXISOME","Cluster 5","Hallmarks"
"HALLMARK_PI3K_AKT_MTOR_SIGNALING",1,1,0,100,"",FALSE,0.416265366554004,"PI3K AKT MTOR SIGNALING","Cluster 5","Hallmarks"
"HALLMARK_TGF_BETA_SIGNALING",1,1,0,53,"",FALSE,0.783716966643567,"TGF BETA SIGNALING","Cluster 5","Hallmarks"
"HALLMARK_UV_RESPONSE_UP",1,1,0,152,"",FALSE,0.273642366700614,"UV RESPONSE UP","Cluster 5","Hallmarks"
"TGFB_UP.V1_UP",2.78251339044479e-09,2.75468825654034e-07,40,176,"ADAM22, BMPR2, CHST3, COL16A1, DACT1, DLC1, DYRK2, FAT4, FNBP1L, HLX, ID3, IL1RL1, ITGA5, JAM2, JMJD6, JUN, KLF7, LRP12, LTBP2, NCOR2, NDST1, NFATC4, PDGFB, PHLDB1, PMEPA1, RAPGEF2, RGCC, RGS12, RHOB, RUSC2, SCHIP1, SMOX, SMTN, SMURF2, SNAI1, TAGLN, TBX3, TLE3, TMC7, ZFP36L1",TRUE,3.35659163883791,"TGFB.V1","Cluster 1","C6"
"CYCLIN_D1_UP.V1_UP",5.56162947887242e-06,0.000216905668259127,32,167,"AXIN1, BMP1, CENPB, COL4A2, DMWD, FGD1, GGT5, GNL1, HBA2, HSPA1B, HSPG2, ID1, KIAA1549L, KSR1, MED12, MMP15, MSN, MYL6, NEK3, PCGF2, PDE1B, PLOD1, PRRC2A, PTMS, SLC12A4, SLC19A1, SMOX, SMTN, TAGLN, THY1, TSC2, ZYX",TRUE,2.70094050285481,"CYCLIN D1.V1","Cluster 1","C6"
"CYCLIN_D1_KE_.V1_UP",7.36153310507753e-06,0.000216905668259127,33,177,"ATXN1, AXIN1, BRF1, CDK6, CDR2, CDR2L, CENPB, COL18A1, COL5A2, CRIP1, DMWD, FOSL2, GGT5, GNAI2, HBA2, HSPA1B, HSPG2, ID1, INPP5A, MMP15, NEK3, PCGF2, PKN1, PLOD1, PRRC2A, RGS3, SMTN, THY1, TRIO, TROAP, TSC2, ZNF787, ZYX",TRUE,2.6109509069816,"CYCLIN D1 KE .V1","Cluster 1","C6"
"PTEN_DN.V1_UP",8.76386538420717e-06,0.000216905668259127,30,155,"AZU1, CAMTA1, CAPN11, CCDC102B, COL15A1, EFNB3, FNBP1L, GPER1, HOXB2, JAM3, KALRN, KANK3, LRCH1, MMRN2, NFASC, NREP, NYNRIN, PCDHA5, PCDHB12, PGR, PRR16, RARB, RASL12, SHC2, SLC6A1, SPOCK1, TCF7L1, TONSL, TUSC3, ZBTB10",TRUE,2.73492943028699,"PTEN DN.V1","Cluster 1","C6"
"ESC_J1_UP_LATE.V1_UP",0.000261969421629816,0.00518699454827035,28,168,"ARHGEF28, BGN, CDC42EP1, CITED2, COL4A1, COL4A2, CRIM1, ENPEP, FARP1, GSN, HTRA1, IGFBP4, LOXL2, LXN, MYO6, PARVA, PCDH1, PEG3, PLXNB2, PTH1R, RAMP2, RGL3, SNAI1, SOX17, SPOCK1, TAX1BP3, TCN2, TNFRSF12A",TRUE,2.27833150556651,"ESC J1 LATE.V1","Cluster 1","C6"
"MEK_UP.V1_UP",0.000406431229732609,0.00670611529058805,29,181,"AGAP1, ARHGDIB, ATXN1, BCAM, CADPS2, CAMK2N1, CDC42BPB, CLMN, COL5A2, COTL1, CSGALNACT1, EPAS1, IL4R, MXRA7, NEDD9, NT5DC2, PCDH1, PCDH9, PDK4, PDLIM7, PPARG, PRKCH, PTMS, TGFB1I1, TNS3, TP53I11, ULBP2, VASP, VWA1",TRUE,2.17261756732936,"MEK.V1","Cluster 1","C6"
"RAPA_EARLY_UP.V1_UP",0.00211280187121679,0.0247711381868695,23,147,"ADRA1B, AEBP1, ARHGEF15, CACNA1C, CCDC9, CCNG2, CDK10, COL5A2, COL6A1, DAGLA, GRIN2C, HLA-DRB6, IRF7, ITGA5, KCNC4, OLFML2A, PDE1B, PLA2G5, PTGDR, PTH2R, SSUH2, TLE3, USP9Y",TRUE,2.11566334844155,"RAPA EARLY.V1","Cluster 1","C6"
"CAHOY_ASTROGLIAL",0.00233143816786087,0.0247711381868695,16,89,"ACTA2, AEBP1, COL5A1, DYSF, IGFBP3, LOXL2, LTBP2, MSN, MXRA8, OMG, P2RY1, PCDH17, SERPINE1, SUCNR1, TAGLN, TNFRSF12A",TRUE,2.51264105295998,"CAHOY ASTROGLIAL","Cluster 1","C6"
"CSR_EARLY_UP.V1_UP",0.00270071452632342,0.0247711381868695,22,141,"BCAR1, BCAR3, DCBLD1, EHD4, ETS1, FJX1, HLX, ID3, ITPRIPL2, LRRC8A, MYO9B, NCL, PHLDB1, PXN, SCHIP1, SMAD7, SMTN, SNAI1, SPRY4, TBX2, TNFRSF12A, ZNF697",TRUE,2.10971304700604,"CSR EARLY.V1","Cluster 1","C6"
"LEF1_UP.V1_UP",0.00280725905174152,0.0247711381868695,26,177,"ANO1, AUTS2, AXL, CHST2, COL6A1, CRIP1, FJX1, FN1, HBA2, HOXB2, IGFBP7, ISYNA1, LPL, LTBP2, MSN, NES, OBSL1, PMEPA1, PTPRN2, RAMP2, RGCC, SERPINE1, TCEA2, TMEM47, TNFRSF1B, VIM",TRUE,1.96123763812413,"LEF1.V1","Cluster 1","C6"
"KRAS.LUNG_UP.V1_UP",0.00293137561686815,0.0247711381868695,19,116,"ADAMTS3, ANO1, DCBLD2, DOCK4, EGFL7, ETS1, GRIN2A, IL1RL1, ITGA2, KIAA1549L, MAGEA6, NAV3, NES, NRP1, PCDH17, RGS4, SARM1, SCG5, TBX3",TRUE,2.23964172204565,"KRAS.LUNG.V1","Cluster 1","C6"
"AKT_UP.V1_UP",0.00300256220446903,0.0247711381868695,23,151,"CCNG2, CLMN, DLG4, FLT1, GIPC1, GPX8, IFIT1, KCNQ1, MMP15, PLK2, PON2, PRKCH, RIMKLB, SGSM3, SNHG11, SPECC1, TESC, TMCC3, TNFRSF12A, TRAF4, VAMP5, VAT1, VILL",TRUE,2.04938242390027,"AKT.V1","Cluster 1","C6"
"VEGF_A_UP.V1_UP",0.00483504321769019,0.0368207137347176,25,175,"ADORA2A, CIC, CLIP2, CORO2B, DDIT4, DENND3, GDF11, HDAC5, IL32, ITM2A, KANK3, KMT2D, LMOD1, MTSS1, NEDD9, RGS3, SEMA5A, SHC2, TAGLN, TCEA2, THY1, TNFSF12, TP53I11, UBA7, ZC3H7B",TRUE,1.89876501349999,"VEGF A.V1","Cluster 1","C6"
"MEL18_DN.V1_UP",0.00679333458895905,0.048038580307639,20,134,"ABLIM3, ADAM12, AGRN, CDH13, CHST2, CHST3, COL13A1, COL16A1, CSPG4, DDIT4, DDX11, FADS3, FJX1, ITGA5, LPL, MMP15, NRP1, PMEPA1, SLC19A1, TYRO3",TRUE,2.00431883915259,"MEL18 DN.V1","Cluster 1","C6"
"STK33_SKM_UP",0.00790192776742689,0.0520805120526428,31,239,"ACTA2, ARHGAP42, BMF, CD36, CMTM1, CMTM3, FABP4, FAM20C, FGD4, FNBP1L, GBP3, HECW2, KCNJ2, KITLG, LFNG, LPAR6, NBEAL1, PLK2, PLXNB2, PRKY, PTPRM, RCBTB2, RGCC, RHOB, RHOC, SH2B3, SIPA1L2, SUCNR1, SYCP2, TGFB1I1, TP53INP2",FALSE,1.69387097246846,"STK33 SKM","Cluster 1","C6"
"STK33_UP",0.00864481001458506,0.0520805120526428,33,260,"ATXN1, BMF, BTN2A1, CD36, CLVS1, CMTM1, CMTM3, COL6A3, CSRNP1, CYTH2, DOCK4, FABP4, FAM20C, FNBP1L, GBP3, HECW2, JUN, KCNJ2, KITLG, LFNG, LPAR6, MAP4K3, MTSS1, NBEAL1, NRP1, PPP1R15A, RHOB, RHOC, SIPA1L2, SPRED1, ZBTB18, ZEB2, ZFP36L1",FALSE,1.65126391231838,"STK33","Cluster 1","C6"
"PRC1_BMI_UP.V1_UP",0.0089431182312619,0.0520805120526428,23,165,"ADAP2, AGAP2, ATP1B2, AZU1, CCL8, CDK6, CHD7, CLCA1, COL13A1, DCP2, EOGT, GRIN2C, HBA2, MADCAM1, MDFI, NIN, PCDHB12, PMEPA1, PRND, TLE2, TNN, ZBTB10, ZNF423",FALSE,1.84670233359245,"PRC1 BMI.V1","Cluster 1","C6"
"KRAS.50_UP.V1_UP",0.0100770778619486,0.0541439356684176,9,45,"A2M, DOCK4, IL1RL1, ITGA2, KIAA1549L, LILRA6, PEG3, SCG5, TERT",FALSE,2.90697839150299,"KRAS.50.V1","Cluster 1","C6"
"CORDENONSI_YAP_CONSERVED_SIGNATURE",0.0103912603808074,0.0541439356684176,10,53,"ASAP1, AXL, CRIM1, DLC1, GAS6, MARCKS, PDLIM2, PHGDH, SCHIP1, SERPINE1",FALSE,2.69652397141469,"CORDENONSI YAP CONSERVED SIGNATURE","Cluster 1","C6"
"RELA_DN.V1_UP",0.0128686224487791,0.0611376894679866,19,133,"CDHR5, CHST1, CLDN15, DGKI, DYSF, FHL5, HTR1F, JUN, KCNC4, KDM5D, KMT2D, NLK, PPP1R15A, PRDM11, SCG5, SNAI1, ULBP2, USP9Y, ZFP36L1",FALSE,1.90544545648391,"RELA DN.V1","Cluster 1","C6"
"NOTCH_DN.V1_UP",0.0129686007962396,0.0611376894679866,22,161,"ASB9, ATP1B2, CLMN, COL4A1, CRIP1, DAAM2, DGKE, DGKI, FKBP9, GSN-AS1, GTF3C5, IFIT1, INPP1, IQCC, KCND1, KSR1, NYNRIN, P2RY1, RANBP17, SETD1A, TGFB1I1, TMEM74B",FALSE,1.8053779001914,"NOTCH DN.V1","Cluster 1","C6"
"YAP1_UP",0.0148913249517815,0.0670109622830167,8,40,"C8orf58, CCDC8, CDK14, CNP, GTPBP3, MSN, MYLK, RGCC",FALSE,2.92002473552861,"YAP1","Cluster 1","C6"
"BMI1_DN.V1_UP",0.0160641363854948,0.0675628648677431,19,136,"ACTA2, ADAM12, AGRN, CHST3, COL13A1, COL16A1, CSPG4, FADS3, FGFR1, FJX1, FKRP, ITGA5, KCNC4, MMP15, PMEPA1, SLC19A1, SLC52A2, TAGLN, TRIO",FALSE,1.85650808092606,"BMI1 DN.V1","Cluster 1","C6"
"PTEN_DN.V2_UP",0.0163788763315741,0.0675628648677431,18,127,"ANO2, ARHGDIB, ARVCF, CEP41, COL13A1, DENND2A, DNAJB5, IL32, IL4R, JUN, LOXL2, NAV3, NID2, PRKY, SPOCK1, THBS4, TRIB2, VAMP5",FALSE,1.88967124078814,"PTEN DN.V2","Cluster 1","C6"
"AKT_UP_MTOR_DN.V1_UP",0.0180163667133538,0.0695671430631436,22,166,"CLMN, CPE, FKBP8, FLT1, GIPC1, GPX8, HOXB3, IFIT1, KCNQ1, NIN, PDE10A, PLK2, PON2, RIMKLB, SNHG11, TESC, TMCC3, TNFRSF12A, VAMP5, VAT1, VILL, ZNF746",FALSE,1.74245739838457,"AKT MTOR DN.V1","Cluster 1","C6"
"KRAS.300_UP.V1_UP",0.0189728571990392,0.0695671430631436,18,129,"A2M, ANO1, DCBLD2, DNM3, DOCK4, DUSP6, GRIN2A, IL1RL1, ITGA2, KIAA1549L, LILRA6, LRCH1, NAV3, PEG3, SCG5, TERT, TRIB2, ZNF528",FALSE,1.85558414449226,"KRAS.300.V1","Cluster 1","C6"
"KRAS.KIDNEY_UP.V1_UP",0.0189728571990392,0.0695671430631436,18,129,"A2M, ADCY1, ALDH1A1, CPE, DNM3, DUSP6, KCNJ8, KIT, MAGEH1, PCDH9, PEG3, PLCB1, PLCL1, SCG5, SLC6A1, SOBP, SPARCL1, TRIB2",FALSE,1.85558414449226,"KRAS.KIDNEY.V1","Cluster 1","C6"
"BMI1_DN_MEL18_DN.V1_UP",0.0268405064068278,0.0882714428946476,18,134,"ABLIM3, ADAM12, APBB2, CDH13, CHST3, COL13A1, COL16A1, CSPG4, FADS3, FJX1, ITGA5, KLF7, PMEPA1, RUSC2, SLC19A1, TAGLN, TRIO, ZEB2",FALSE,1.77548678302447,"BMI1 DN MEL18 DN.V1","Cluster 1","C6"
"ERBB2_UP.V1_UP",0.0275219897705944,0.0882714428946476,22,173,"ANXA6, ATXN1, BCAM, CA8, CADPS2, CAMK2N1, CLMN, CSGALNACT1, DUSP6, EPAS1, GNAI2, LAMB2, MXRA7, NOTCH3, PAPSS2, PCDH1, PTMS, ST8SIA4, TCEA2, ULBP2, VASP, VWA1",FALSE,1.66134601882764,"ERBB2.V1","Cluster 1","C6"
"RB_P107_DN.V1_UP",0.0277192205792953,0.0882714428946476,17,125,"BGN, CCNF, CD248, CDH2, COL16A1, COL1A1, COL1A2, COL5A1, COL6A1, COL6A2, LGALS3BP, PML, RBPMS2, TAGLN, TCF19, TMEM119, TSSC4",FALSE,1.80305357724713,"RB P107 DN.V1","Cluster 1","C6"
"RAF_UP.V1_UP",0.0278234188577051,0.0882714428946476,23,183,"ARHGAP26, CAMK2N1, CLMN, COTL1, CRIM1, CSGALNACT1, ENPEP, EPAS1, GJA5, GRB10, ITGA6, JAM2, KLHL7, NEDD4, PARVA, PKD2, PPARG, PRKCH, PTMS, RNF144A, TLE2, TSPAN12, ZNF331",FALSE,1.63806902300857,"RAF.V1","Cluster 1","C6"
"KRAS.PROSTATE_UP.V1_UP",0.0285321835619063,0.0882714428946476,16,116,"ADRA1B, CADPS2, CX3CL1, ENG, GRK5, ITGA2, JAM2, KIAA1549L, LILRA6, LRCH1, MEGF8, NES, PCDHA2, PDK4, POPDC2, ZEB1",FALSE,1.83504599873434,"KRAS.PROSTATE.V1","Cluster 1","C6"
"ESC_V6.5_UP_LATE.V1_UP",0.0341961240512701,0.10258837215381,21,167,"ANKS1A, APLNR, CCNG2, CDH2, CMTM8, COL4A1, COL4A2, FARP1, IER5, LOXL2, MYO6, PKDCC, PLXNB2, PTH1R, RAI1, RAMP2, RASAL2, RGL3, SH3RF1, SOX17, TCN2",FALSE,1.64116433886431,"ESC V6.5 LATE.V1","Cluster 1","C6"
"ATF2_S_UP.V1_UP",0.0382145628448547,0.107447880149255,21,169,"ABLIM3, CEP41, CLCN2, CTRL, DYSF, FAT4, GPER1, IL32, ITGA6, KCNB1, LHX6, LRRC17, NRXN3, PCDHA9, PLEKHA2, PML, PPM1H, SEMA5A, SLC13A4, TRPC4, USP9Y",FALSE,1.61889359314873,"ATF2 S.V1","Cluster 1","C6"
"E2F3_UP.V1_UP",0.0382145628448547,0.107447880149255,21,169,"ABCG2, ABHD15, APOLD1, ATAD2, C11orf96, CBX2, CHST1, CHST2, CMPK2, E2F7, HBA2, JPH1, KCNA6, MEX3B, MMP15, PLXND1, SAMD1, SHANK3, TLE2, TP53I13, ZNF703",FALSE,1.61889359314873,"E2F3.V1","Cluster 1","C6"
"ATF2_UP.V1_UP",0.0401416838868485,0.107447880149255,20,160,"ABLIM3, CEP41, CLDN15, CORO2B, DENND2A, DGKZ, DIP2A, EFHD1, FABP4, GTF3C5, ICAM2, IL32, NEDD9, NES, PCDH1, PCDHA9, PELP1, PLCB3, TCIRG1, TSC22D4",FALSE,1.63121939877302,"ATF2.V1","Cluster 1","C6"
"BRCA1_DN.V1_UP",0.0401572885406307,0.107447880149255,14,102,"CD34, CDH13, CDKL5, DAGLA, ETNK2, GJA5, HAAO, ISYNA1, LDB2, LHX6, RCN3, SHANK1, USP9Y, ZNF423",FALSE,1.83029850236097,"BRCA1 DN.V1","Cluster 1","C6"
"HINATA_NFKB_MATRIX",0.0431936823483386,0.112530909275935,3,10,"ARHGDIA, FN1, SERPINE1",FALSE,5.20200400801603,"HINATA NFKB MATRIX","Cluster 1","C6"
"PRC2_EED_DN.V1_UP",0.0448081354512648,0.113743728453211,20,162,"ADRA1B, ATXN1, CBX8, CLCA1, CLGN, CORO2B, DCP2, IFI6, IL1RL1, LXN, MADCAM1, MPDZ, MTSS1, PMEPA1, PPM1H, RASL12, SCG5, SEMA6D, TSPAN13, ZHX3",FALSE,1.60815873160786,"PRC2 EED DN.V1","Cluster 1","C6"
"ESC_V6.5_UP_EARLY.V1_UP",0.046829543830297,0.115903120979985,18,143,"CHD7, CLEC11A, DACH1, DLC1, ENG, HTRA2, KLC2, LPAR4, MDFI, RAI1, RASAL2, SASH1, SH3RF1, SOX11, SYTL2, TERT, TNFRSF1B, ZNF865",FALSE,1.64739482727479,"ESC V6.5 EARLY.V1","Cluster 1","C6"
"KRAS.600.LUNG.BREAST_UP.V1_UP",0.0610051648820618,0.147305154227418,27,240,"A2M, ANO1, ANO2, CHST2, DCBLD2, DOCK4, ETS1, GRIN2A, HIC1, IGFBP3, IL1RL1, ITGA2, KIAA1549L, L1TD1, LILRA6, LPL, MAGEA6, MMP15, NAV3, PLVAP, PPP1R15A, SAMD14, SCG5, SOX17, TBX3, TERT, TONSL",FALSE,1.44041699098921,"KRAS.600.LUNG.BREAST.V1","Cluster 1","C6"
"CTIP_DN.V1_UP",0.0679490335392481,0.160165579056799,14,110,"ADAMTS2, CD34, COL1A2, EGFL7, IFI6, KCNC4, OLFML2B, PCDHA5, PTH1R, SALL2, SLC9A5, SNAI1, TERT, ZNF528",FALSE,1.67787127390085,"CTIP DN.V1","Cluster 1","C6"
"EGFR_UP.V1_UP",0.0698506302262732,0.160818892846536,21,181,"A2M, ATXN1, CADPS2, COL5A2, COTL1, CSGALNACT1, DUSP6, EPAS1, FADS3, FHOD1, FNDC3B, IL4R, ITGA2, LOXL2, LPAR6, LPP, MBNL2, PAPSS2, PCDH9, PDLIM7, TNS3",FALSE,1.49692483623908,"EGFR.V1","Cluster 1","C6"
"PRC2_EZH2_UP.V1_UP",0.0849143802781177,0.191057355625765,20,175,"ABLIM3, ATXN1, CDH13, COL13A1, CORO2B, DCBLD2, FXYD6, IL1RL1, ITGA2, KLF11, NES, ORAI2, PAMR1, PCDH9, PLCB1, PMEPA1, RASL12, RGCC, TMC7, TSPAN13",FALSE,1.47272365579703,"PRC2 EZH2.V1","Cluster 1","C6"
"GLI1_UP.V1_UP",0.0891424538651494,0.196113398503329,4,21,"C7orf50, PTH1R, ZBTB16, ZC3H18",FALSE,2.86657936735278,"GLI1.V1","Cluster 1","C6"
"KRAS.600_UP.V1_UP",0.102429108015065,0.220445254206336,26,243,"A2M, ANO1, DCBLD2, DNM3, DOCK4, DUSP6, FMNL2, GRIN2A, IL1RL1, ITGA2, KCNJ8, KIAA1549L, KIT, LILRA6, LRCH1, MAGEH1, NAV3, NRP1, PCDH9, PEG3, SCG5, TBX3, TERT, TRIB2, ZEB1, ZNF528",FALSE,1.36143773196083,"KRAS.600.V1","Cluster 1","C6"
"KRAS.DF.V1_UP",0.105188302924241,0.221566850840424,20,180,"AKT3, BMPR2, CCDC85B, CCNG2, COL6A3, IFIT1, IL1RL1, LGALS3BP, LOXL2, NRP1, PDLIM2, PPM1D, PTPRG, PXDN, RASIP1, SCAND1, SCG5, SERPINE1, SMARCA1, SMTN",FALSE,1.42647515758701,"KRAS.DF.V1","Cluster 1","C6"
"JAK2_DN.V1_UP",0.119058879986458,0.241099605429949,16,141,"ACTA2, CBX8, CDH5, COL6A3, CSPG4, JAM2, KITLG, L1TD1, MYH13, PCDHA9, PCDHB12, PDE10A, SEMA5A, SOX17, ZEB1, ZSCAN2",FALSE,1.46760290824013,"JAK2 DN.V1","Cluster 1","C6"
"IL2_UP.V1_UP",0.119332127940076,0.241099605429949,18,162,"CAPN10, CCDC85B, DUSP6, EHD2, F2RL2, FLT1, FOSL2, NR2F2, PLEC, PRAF2, PTH1R, RGCC, RGS3, RHOB, RNF144A, TBC1D9, TNFRSF12A, TNFRSF1B",FALSE,1.42937749236366,"IL2.V1","Cluster 1","C6"
"IL15_UP.V1_UP",0.134880715907697,0.26706381749724,18,165,"ACVRL1, CAPN10, CCDC85B, DUSP6, KANK3, KCNJ2, L1TD1, NR2F2, PLEC, PTH1R, RGCC, RGS3, RHOB, RNF144A, SHROOM2, SPOCK1, TET3, TNFRSF12A",FALSE,1.40008809839612,"IL15.V1","Cluster 1","C6"
"BCAT_BILD_ET_AL_UP",0.139335482128508,0.270474759425928,6,43,"DACH1, MYADM, PALMD, TAGLN, TCF3, ZNF703",FALSE,1.932515055922,"BCAT BILD ET AL","Cluster 1","C6"
"PRC2_SUZ12_UP.V1_UP",0.145863942477474,0.277702505870575,18,167,"ATXN1, CBL, CBX8, COL13A1, DACH1, DCBLD2, DCP2, DOK2, GGT5, GRIN2C, ITGA2, PMEPA1, PRKY, SCG5, TET3, TNFRSF1B, VILL, ZNF471",FALSE,1.38121488801347,"PRC2 SUZ12.V1","Cluster 1","C6"
"RPS14_DN.V1_UP",0.164334080092453,0.306963659040619,19,181,"ACTA2, AIF1, ANXA6, AZU1, CD300A, CPM, CRIM1, HLA-DRB6, IGFBP7, MARCKS, NYNRIN, PLK2, PTPRG, RASAL2, RCBTB2, RHOB, SH3BP5, SMAD3, VWF",FALSE,1.33927766541462,"RPS14 DN.V1","Cluster 1","C6"
"HOXA9_DN.V1_UP",0.169272419048131,0.310332768254907,18,171,"ACTA2, ARHGAP26, ATXN1, COL6A3, CSPG4, FCGRT, FNDC3B, GALNT7, IER5, ISG15, LPAR6, MAP4K4, PLK2, RCBTB2, SCHIP1, TAX1BP3, THBS4, VASH1",FALSE,1.3449438973758,"HOXA9 DN.V1","Cluster 1","C6"
"ATM_DN.V1_UP",0.190860895962123,0.343549612731821,14,131,"CD36, DYSF, FLT1, GPR162, IGFBP4, P2RY1, PARVA, RGS12, SARDH, SLC6A1, SULT1C2, ULBP2, VAV2, XAF1",FALSE,1.37650318444007,"ATM DN.V1","Cluster 1","C6"
"P53_DN.V1_UP",0.20107331211213,0.355468891055373,19,187,"APBB2, AUTS2, AXL, BCAR3, CDH13, COL13A1, COL1A2, COL3A1, CPE, CRIM1, INPP1, ITGA2, LAMB2, MARCKS, NR2F2, OLFML2A, PPARG, SLC16A2, VASP",FALSE,1.29118700363611,"P53 DN.V1","Cluster 1","C6"
"PDGF_UP.V1_UP",0.221978486860326,0.385541582441618,14,135,"ARHGEF15, CBX2, CDK6, DDIT4, FAM149B1, GNL1, MBTPS1, MORC2, NAB2, NEDD9, STK10, TET3, ZBTB18, ZNF304",FALSE,1.33091114739055,"PDGF.V1","Cluster 1","C6"
"RB_P130_DN.V1_UP",0.237903619539147,0.399878259882298,12,115,"FGF10, MBD3, MYLK, RASA4, RGL3, SEMA5B, SEMA6B, SGSM3, STMN3, TRAF4, VSIG2, ZNF428",FALSE,1.34657491398186,"RB P130 DN.V1","Cluster 1","C6"
"P53_DN.V2_UP",0.238311286192481,0.399878259882298,13,126,"ADAM12, BPI, EML3, FOSL2, ITM2A, LRRC32, NF1, PCDH1, PCDHA6, PRDM11, PRRG3, SARDH, XAF1",FALSE,1.32624741397134,"P53 DN.V2","Cluster 1","C6"
"JNK_DN.V1_UP",0.245044750182584,0.404323837801264,16,160,"ABL2, ADAM12, ADAMTS3, CACNA1H, EFHD1, GABRP, HOXA4, IGFBP3, NID2, PAPSS2, PRR3, SLC16A2, SLC6A1, STARD13, TBX2, TET3",FALSE,1.27337935632354,"JNK DN.V1","Cluster 1","C6"
"KRAS.BREAST_UP.V1_UP",0.275116750664372,0.445088591567295,12,119,"A2M, ANO2, IGFBP3, IL1RL1, LILRA6, PPP1R15A, PRB4, SAMD14, SCG5, SOX17, SPON2, TERT",FALSE,1.29620210808098,"KRAS.BREAST.V1","Cluster 1","C6"
"BCAT.100_UP.V1_UP",0.278742350274468,0.445088591567295,5,43,"DUSP6, ENC1, FUT1, HBA2, TBX3",FALSE,1.59173729681038,"BCAT.100.V1","Cluster 1","C6"
"MTOR_UP.V1_UP",0.28741280179975,0.451648688542464,15,154,"ADRA1B, CPPED1, DLG4, ELF5, IFIT1, IL27RA, ISYNA1, KRBA1, NIPSNAP3A, OAS2, PRAF2, TCF19, TESC, TNFRSF12A, ZNF518B",FALSE,1.23868550014413,"MTOR.V1","Cluster 1","C6"
"PKCA_DN.V1_UP",0.29217842101023,0.451963495000199,13,132,"C3orf62, CD36, CDR2, GLI2, HOXB4, MGMT, OAS2, OAS3, PDK4, TET1, TREH, VWA1, ZNF865",FALSE,1.25926724631256,"PKCA DN.V1","Cluster 1","C6"
"IL21_UP.V1_UP",0.322051965497718,0.485937017140984,15,158,"AGAP2, CAPN10, CBL, CDH5, COL15A1, GIPR, GPR176, GRIN2A, HOXB2, MYH4, PCDHA5, PTH1R, RGCC, SPARCL1, SPRY4",FALSE,1.20390858605287,"IL21.V1","Cluster 1","C6"
"KRAS.LUNG.BREAST_UP.V1_UP",0.323958011427323,0.485937017140984,12,124,"A2M, DOCK4, ETS1, IGFBP3, IL1RL1, ITGA2, KIAA1549L, LILRA6, NAV3, SCG5, TBX3, TERT",FALSE,1.23827338129496,"KRAS.LUNG.BREAST.V1","Cluster 1","C6"
"STK33_NOMO_UP",0.365617644085372,0.540240996484356,24,268,"A2M, CLVS1, COL6A3, CSRNP1, DOCK4, EPAS1, FABP4, GBP3, HECW2, JUN, KCNJ2, KIFC3, KITLG, MAP4K3, MTSS1, NRP1, PPP1R15A, RHOB, SIPA1L2, SPRED1, TBCEL, ZBTB18, ZEB2, ZFP36L1",FALSE,1.11682574447168,"STK33 NOMO","Cluster 1","C6"
"SRC_UP.V1_UP",0.395052038499415,0.568527241660001,12,131,"APC2, BMF, CEACAM19, COX4I2, LGI4, MAMDC4, PRR3, TAF3, TMEM255B, TMEM88, TONSL, WTIP",FALSE,1.16531711868999,"SRC.V1","Cluster 1","C6"
"LTE2_UP.V1_UP",0.396246259338788,0.568527241660001,16,178,"ABCG2, ANXA6, CLMN, CSGALNACT1, DIAPH2, ELF5, EPAS1, EPB41L1, GTDC1, MARCKS, PCDH9, PDE8A, PRKCH, SASH1, TNS3, ULBP2",FALSE,1.13127376805485,"LTE2.V1","Cluster 1","C6"
"DCA_UP.V1_UP",0.457637965583541,0.647230837039579,14,161,"AIF1, ATP1B2, CAPN11, CLCN2, FGD1, GIPR, LIMD1, LRFN3, MCF2L, PHLDB1, RAI1, RNF125, SARDH, TYRO3",FALSE,1.0948371250409,"DCA.V1","Cluster 1","C6"
"WNT_UP.V1_UP",0.486678827849841,0.672563015410988,13,152,"CDH5, CPS1, EDA, F2R, HOXD3, NF1, PLAC9, RBPMS, SEMA5B, SLC7A2, TCF3, TGFB1I1, ZNF358",FALSE,1.07761255027261,"WNT.V1","Cluster 1","C6"
"ALK_DN.V1_UP",0.489136738480719,0.672563015410988,10,116,"ADAM12, AIF1, DDIT4, EPAS1, FBXL8, FJX1, OLFML3, RIBC2, STEAP4, TBX2",FALSE,1.09782639498966,"ALK DN.V1","Cluster 1","C6"
"CAHOY_ASTROCYTIC",0.515929883624861,0.69968573258714,8,94,"ELF5, GRIN2C, LGI4, PANK1, PAPSS2, RNF24, SLC27A1, TTYH3",FALSE,1.09407211575962,"CAHOY ASTROCYTIC","Cluster 1","C6"
"CSR_LATE_UP.V1_UP",0.525353760142592,0.702838138569143,13,156,"CDH2, DCBLD1, HIP1, IGFBP3, ITGA6, KCNC4, LMNB2, LTBP2, PDLIM5, SLC16A5, TCF19, TRPC4, TSPAN13",FALSE,1.04735786570568,"CSR LATE.V1","Cluster 1","C6"
"TBK1.DN.48HRS_UP",0.582796342462958,0.769291172051104,4,49,"IGFBP3, MLEC, MYLK, PTK2",FALSE,1.10094402875841,"TBK1.DN.48HRS","Cluster 1","C6"
"CAHOY_OLIGODENDROCUTIC",0.595212081436147,0.775342053449717,7,88,"CDR2L, GPR17, HIP1R, NRP1, PHLDB1, PKIG, SEMA5A",FALSE,1.02425821443346,"CAHOY OLIGODENDROCUTIC","Cluster 1","C6"
"CAHOY_NEURONAL",0.64229617385107,0.825809366379947,6,79,"CPNE5, CRHBP, JPH4, LAMP5, RAMP3, RGS4",FALSE,0.98415104498926,"CAHOY NEURONAL","Cluster 1","C6"
"ESC_J1_UP_EARLY.V1_UP",0.66595234820869,0.845247211187953,11,146,"CACNB3, CPPED1, FMNL3, KANK3, LOXL2, MOCS1, NLRP3, PDGFRB, PDK4, TRIB2, ZBTB16",FALSE,0.944172936121078,"ESC J1 EARLY.V1","Cluster 1","C6"
"CRX_NRL_DN.V1_UP",0.693068376041526,0.859488197298743,9,123,"ACVR2B, CDR2, FXYD6, HSPA1B, KCNB1, PDE8A, PLEKHA2, PROSER2, SSBP4",FALSE,0.922960450304774,"CRX NRL DN.V1","Cluster 1","C6"
"RB_DN.V1_UP",0.694535917009085,0.859488197298743,8,110,"CTDSP1, DNMT1, FXYD6, ID1, PALMD, PLXNB2, SMARCA1, SPOCK1",FALSE,0.922528238202279,"RB DN.V1","Cluster 1","C6"
"EIF4E_UP",0.742302954494872,0.898215306881173,6,88,"CACNB3, DNAJB5, RGS3, SNTB1, TAX1BP3, TP53I11",FALSE,0.876382407383268,"EIF4E","Cluster 1","C6"
"PGF_UP.V1_UP",0.744012021193779,0.898215306881173,13,182,"ARMCX2, CRYBG3, DCP2, DMTF1, FABP4, IL1RL1, ITGA2, LRRC17, PCDHA12, RARB, RCBTB2, RPGR, THSD7A",FALSE,0.88550869030116,"PGF.V1","Cluster 1","C6"
"SNF5_DN.V1_UP",0.754908126430296,0.898215306881173,11,157,"AIF1, CD93, COL15A1, GABRQ, IFIT1, KLHL42, LAMB2, LGALS3BP, TAPBP, TGFB3, VAMP5",FALSE,0.87278272332765,"SNF5 DN.V1","Cluster 1","C6"
"GCNP_SHH_UP_EARLY.V1_UP",0.762122078565844,0.898215306881173,11,158,"ADCY6, CD276, FCGRT, LOXL2, LUC7L3, MPDZ, RGCC, RIMKLB, SLC27A1, SNAPC2, TIA1",FALSE,0.866820705556612,"GCNP SHH EARLY.V1","Cluster 1","C6"
"NRL_DN.V1_UP",0.80415441500903,0.927808174712278,8,123,"ACVR2B, APC2, CDR2, EML3, GALNT7, KCNB1, PLEKHA2, PROSER2",FALSE,0.818144531322826,"NRL DN.V1","Cluster 1","C6"
"MYC_UP.V1_UP",0.825147731543447,0.927808174712278,10,154,"ANO2, ITPR1, JPH1, LHX6, PRR3, REPIN1, RPTOR, SLC19A1, TSSC4, TTYH2",FALSE,0.80753726511317,"MYC.V1","Cluster 1","C6"
"KRAS.AMP.LUNG_UP.V1_UP",0.825637667728664,0.927808174712278,7,112,"HSF1, LPL, MAGEA12, MAGEA6, MCF2L, MMP15, SOX12",FALSE,0.790272460851177,"KRAS.AMP.LUNG.V1","Cluster 1","C6"
"TBK1.DF_UP",0.835178246031381,0.927808174712278,18,265,"ANXA6, ARAP3, DDAH2, DMTF1, EOGT, KLF11, LRP12, MAST4, MEX3D, NCK2, PXDN, RGS3, RHOBTB1, SCHIP1, SH3TC1, SPOCK1, TNS3, TRAM2",FALSE,0.830079017142257,"TBK1.DF","Cluster 1","C6"
"NFE2L2.V2",0.843059403304758,0.927808174712278,27,387,"ACVRL1, ADAMTS12, ADH6, ARHGAP28, DNAH8, EFCAB14, F2RL2, FLT1, FUT1, IGFBP3, IL3RA, JDP2, KCNE4, KIT, MPP3, NEDD4, PEG3, PHGDH, PHLDB1, PLXND1, PSAT1P3, SLC48A1, TERT, TET1, ZNF135, ZNF326, ZSWIM6",FALSE,0.846552421749344,"NFE2L2.V2","Cluster 1","C6"
"PDGF_ERK_DN.V1_UP",0.843461977011162,0.927808174712278,8,129,"CDK6, CLCN2, COL1A1, CORO2B, CPS1, FAM149B1, MYO1E, TAB1",FALSE,0.777501302623324,"PDGF ERK DN.V1","Cluster 1","C6"
"BCAT_GDS748_UP",0.887701325527052,0.965741002496463,2,44,"COTL1, NEDD9",FALSE,0.654161407052091,"BCAT GDS748","Cluster 1","C6"
"MTOR_UP.N4.V1_UP",0.931045720039048,1,10,179,"CLIC4, DDIT4, DOK2, ITPR1, KLHL7, PHGDH, PLCB1, SPRED2, SSTR2, TSC22D3",FALSE,0.687541176261106,"MTOR.N4.V1","Cluster 1","C6"
"CAMP_UP.V1_UP",0.972645236193051,1,9,185,"CEP41, COL6A3, ECSIT, HMGB2, NDRG2, PPP1R15A, RAPGEF2, RHOT2, WASH3P",FALSE,0.596830385589762,"CAMP.V1","Cluster 1","C6"
"CRX_DN.V1_UP",0.984404879180867,1,4,111,"BCAR3, CDR2, HSPA1B, MYLK",FALSE,0.464494081125552,"CRX DN.V1","Cluster 1","C6"
"GCNP_SHH_UP_LATE.V1_UP",0.987571935827023,1,7,168,"CLIC4, ELAVL2, LOXL2, LUC7L3, NR5A2, PLK2, SARDH",FALSE,0.514753632329621,"GCNP SHH LATE.V1","Cluster 1","C6"
"SIRNA_EIF4GI_UP",0.995789829945782,1,2,89,"HTRA2, TCF25",FALSE,0.316999795626405,"SIRNA EIF4GI","Cluster 1","C6"
"E2F1_UP.V1_UP",0.996134951095357,1,6,171,"ADCY6, CDR2L, FMNL3, KANK3, PKP4, TYRO3",FALSE,0.434997665043316,"E2F1.V1","Cluster 1","C6"
"HINATA_NFKB_IMMU_INF",1,1,0,14,"",FALSE,0.383587428920578,"HINATA NFKB IMMU INF","Cluster 1","C6"
"SINGH_KRAS_DEPENDENCY_SIGNATURE",1,1,0,20,"",FALSE,0.271234289936498,"SINGH KRAS DEPENDENCY SIGNATURE","Cluster 1","C6"
"EGFR_UP.V1_UP",1.63244381815654e-06,0.00013360925049024,23,181,"ACTG2, ARID5B, BACE2, BCL3, CCDC68, CEACAM6, CEBPD, CTNNAL1, DRAM1, EDN1, ENPP1, FNDC3B, INHBA, KRT7, MAOA, MIR22HG, PDE4B, PHLDA1, SAT1, TFPI, TGFB2, TNFRSF11B, TNFRSF21",TRUE,3.51596088550359,"EGFR.V1","Cluster 2","C6"
"ERBB2_UP.V1_UP",2.69917677758061e-06,0.00013360925049024,22,173,"BACE2, BCL3, BMPR1B, CEACAM5, CEACAM6, DRAM1, EDN1, FMO5, GDF15, KCNMA1, KRT7, LIMCH1, LMO3, MAOA, MUC1, PDE4B, PDE4D, SAT1, SERPINA1, TNFRSF11B, TNFRSF21, TSPAN1",TRUE,3.51897447809297,"ERBB2.V1","Cluster 2","C6"
"STK33_NOMO_UP",6.44815286155616e-06,0.000212789044431353,28,268,"ARID5B, BCL3, BTG2, CADM1, CAPRIN2, CFL2, CXCL1, CXCL2, CXCL6, DUSP1, ELK4, FNDC3A, GDF15, IER3, IL1R2, IL6ST, KCNJ15, KIAA0232, LY96, MIR22HG, NAMPT, NCEH1, PHLDA1, RGS2, STC1, STK17B, TREM1, ZFP36",TRUE,2.81530651465678,"STK33 NOMO","Cluster 2","C6"
"STK33_SKM_UP",1.94676304587953e-05,0.000481823853855183,25,239,"ACSL6, ARID5B, BCL3, BTG2, CDKN1A, CFL2, DNAJB4, DUSP1, EGR1, EPB41L5, ERRFI1, ETV1, LY96, MIR22HG, MYEF2, NAMPT, NFKBIZ, PHLDA1, RGS2, TFPI, TMEM71, TNFRSF11B, TNFRSF21, TTLL7, ZFP36",TRUE,2.81795132472001,"STK33 SKM","Cluster 2","C6"
"CORDENONSI_YAP_CONSERVED_SIGNATURE",5.19214510139236e-05,0.00102804473007569,10,53,"ANKRD1, COL4A3, DUSP1, MDFIC, SERPINE1, SLIT2, TGFB2, TGM2, THBS1, TNS1",TRUE,5.67011028898506,"CORDENONSI YAP CONSERVED SIGNATURE","Cluster 2","C6"
"KRAS.LUNG.BREAST_UP.V1_UP",0.000179176169876452,0.00286447247300911,15,124,"ADAMTS6, BMP6, CXCL1, CXCL2, DNAH9, IL1R2, INHBA, KIF5A, MYH2, OSBP2, PTGS2, SEMA3B, SLCO5A1, STC1, TSPAN1",TRUE,3.3336069340516,"KRAS.LUNG.BREAST.V1","Cluster 2","C6"
"STK33_UP",0.000202538457687513,0.00286447247300911,24,260,"ARID5B, BCL3, BTG2, CDKN1A, CFL2, CXCL1, CXCL2, DUSP1, EGR1, FNDC3A, GDF15, IL6ST, LY96, MIR22HG, NAMPT, NCEH1, PHLDA1, RGS2, STC1, TFPI, TMEM71, TREM1, TTLL7, ZFP36",TRUE,2.45002131565439,"STK33","Cluster 2","C6"
"KRAS.KIDNEY_UP.V1_UP",0.000277761889765717,0.00328065862388952,15,129,"AQP4, ARPP21, ATP1A2, CP, ETV1, LIMCH1, LMO3, NRXN1, PELI2, SORBS1, SORL1, TMOD1, WIF1, XK, ZNF536",TRUE,3.18724707926564,"KRAS.KIDNEY.V1","Cluster 2","C6"
"ALK_DN.V1_UP",0.000298241693080866,0.00328065862388952,14,116,"ANGPT2, BMPR1B, BST1, CFTR, ETV1, GDF15, IL1R2, IL6, MPO, MRAS, SCN1A, TREM1, VNN2, XBP1",TRUE,3.32878785731495,"ALK DN.V1","Cluster 2","C6"
"KRAS.600.LUNG.BREAST_UP.V1_UP",0.000403610958195878,0.0039957484861392,22,240,"ADAMTS6, BMP6, CD160, CXCL1, CXCL2, DNAH9, IL1R2, INHBA, KIF5A, LY96, MYH2, NCAM1, OSBP2, PTGIS, PTGS2, SEMA3A, SEMA3B, SLCO5A1, SLIT2, STC1, TFPI, TSPAN1",TRUE,2.4318366360885,"KRAS.600.LUNG.BREAST.V1","Cluster 2","C6"
"KRAS.DF.V1_UP",0.000473677666939778,0.00417641773861789,18,180,"ATP9A, BCL2L1, BCL3, BMP6, CAPRIN2, CXCL1, FLRT3, GATA6, INHBA, NAT1, RGS2, RRAD, SERPINB1, SERPINE1, SLC22A4, SRGN, TLR2, VCAN",TRUE,2.68345951771521,"KRAS.DF.V1","Cluster 2","C6"
"RPS14_DN.V1_UP",0.000506232453165805,0.00417641773861789,18,181,"ADAMTS6, ANKRD1, ANXA3, BST1, CDC42EP3, CDKN1A, CEACAM6, CEACAM8, EVI2B, F5, GDF15, LY96, MDFIC, NR4A3, PADI2, PDE4D, SORL1, TNFRSF10C",TRUE,2.66691481404121,"RPS14 DN.V1","Cluster 2","C6"
"NOTCH_DN.V1_UP",0.00102187472782704,0.00778196908114437,16,161,"ADAMTS1, BTG2, CDKN1A, KRT18, LHCGR, LMAN1, LMO3, MEFV, PIM2, RAB23, RANBP17, RGS2, RHCE, RRAD, SCN8A, TNS1",TRUE,2.66901032128683,"NOTCH DN.V1","Cluster 2","C6"
"IL21_UP.V1_UP",0.00227679646624853,0.0161002035827575,15,158,"AATK, CLDN7, DGKG, DPYSL4, FOSB, HEG1, IL18RAP, ITIH4, LAMP3, MUC1, MYOZ1, PIM2, PRR4, SCN8A, SLCO5A1",TRUE,2.53948997979135,"IL21.V1","Cluster 2","C6"
"KRAS.600_UP.V1_UP",0.00265725970208351,0.0175379140337512,20,243,"ATP1A2, C1QTNF1, ETV1, FOXG1, IL1R2, INHBA, KIF5A, LIMCH1, LMO3, MMD, PELI2, PTGS2, SEMA3A, SLCO5A1, SORL1, SRGN, STC1, TFPI, TGM2, TPH1",TRUE,2.16049916025568,"KRAS.600.V1","Cluster 2","C6"
"MEK_UP.V1_UP",0.00340404971227394,0.021062557594695,16,181,"BACE2, BCL3, CEACAM5, CEACAM6, EDN1, FHL1, GDF15, KRT7, LIMCH1, MAOA, MICAL2, PEG10, PKIA, SORL1, TNFRSF11B, TNFRSF21",TRUE,2.34414870312338,"MEK.V1","Cluster 2","C6"
"ATF2_S_UP.V1_UP",0.004322475327884,0.0251720622035598,15,169,"ANXA3, ARSJ, B3GALT2, CHCHD7, CXCL1, DLEC1, EPX, FOXG1, HBD, HSPA6, ITGA8, LRRTM2, MRAS, SH3BGR, ZNF804A",TRUE,2.3574009123239,"ATF2 S.V1","Cluster 2","C6"
"CRX_DN.V1_UP",0.00607020979266533,0.0333861538596593,11,111,"AGR2, BST1, CLDN7, COL19A1, IER3, MYRF, NAT1, PRPH2, SELENBP1, SNTG2, STK17B",TRUE,2.68352216911966,"CRX DN.V1","Cluster 2","C6"
"ESC_J1_UP_LATE.V1_UP",0.00978510255475918,0.0509855343642715,14,168,"ANKRD1, APOB, CD55, CLDN7, COL2A1, DPP4, DRAM1, GATA6, HS3ST1, LMO7, PHLDA1, SHROOM3, SRGN, TMPRSS2",FALSE,2.20274770632713,"ESC J1 LATE.V1","Cluster 2","C6"
"PRC2_EZH2_UP.V1_UP",0.013661142308218,0.0676226544256789,14,175,"AATK, ATF6, BPGM, CCDC68, DMD, EDN1, ETV1, NR4A2, PKIA, SEMA3A, SLC14A1, SLC19A2, SLPI, TTLL7",FALSE,2.10654220402495,"PRC2 EZH2.V1","Cluster 2","C6"
"CAHOY_ASTROCYTIC",0.0153487854972539,0.07235856020134,9,94,"AGT, ATP13A4, BMPR1B, COLGALT2, DNAI1, FAM20A, LPGAT1, MYOM3, NCEH1",FALSE,2.60164323769176,"CAHOY ASTROCYTIC","Cluster 2","C6"
"HINATA_NFKB_IMMU_INF",0.0180287463244889,0.0757947909001793,3,14,"CXCL2, CXCL6, IL6",FALSE,7.10302077876724,"HINATA NFKB IMMU INF","Cluster 2","C6"
"NFE2L2.V2",0.018181785199078,0.0757947909001793,25,387,"AGT, BCL2L11, DGKG, DMD, F5, FAT3, FECH, GAS2, GPCPD1, HYDIN, KIAA0232, MDFIC, MUC5AC, PFN2, PIP, PPFIA2, PTPRD, RAB15, RTKN2, SFTPA1, SLC2A4, SPTB, SRGN, TFRC, TNFRSF11B",FALSE,1.65519433338069,"NFE2L2.V2","Cluster 2","C6"
"PGF_UP.V1_UP",0.0186282150015889,0.0757947909001793,14,182,"ANGPT2, ATP13A3, BPGM, CCPG1, COL8A1, IL6ST, NAT1, NEK7, NUCB2, PTGS2, RGS2, SAT1, SULF1, VCAN",FALSE,2.01833003722561,"PGF.V1","Cluster 2","C6"
"PRC1_BMI_UP.V1_UP",0.0191400987121665,0.0757947909001793,13,165,"AATK, ARHGEF38, DMD, EDN1, FOXG1, FOXP1, HSPB7, IGHV1-69, KIF5A, PADI4, PELI2, SLC19A2, SLPI",FALSE,2.07552400978088,"PRC1 BMI.V1","Cluster 2","C6"
"BRCA1_DN.V1_UP",0.024813726628119,0.0944830360070686,9,102,"B3GALT2, CD160, CNTN6, CTNNA3, DNAAF1, LRRTM2, NLGN4Y, PIP, TTLL7",FALSE,2.37810359688227,"BRCA1 DN.V1","Cluster 2","C6"
"LTE2_UP.V1_UP",0.0329665991633092,0.120877530265467,13,178,"ACTG2, B4GALT5, BACE2, CEACAM6, DRAM1, EDN1, MAOA, NUCB2, NUDT4, PIP, SERPINA1, SORL1, TNFRSF11B",FALSE,1.91126100930542,"LTE2.V1","Cluster 2","C6"
"P53_DN.V2_UP",0.0354305117568862,0.125272166568991,10,126,"C4BPA, CEACAM5, CXCL1, CXCL2, CXCL6, IER3, MMP13, RHD, SLC15A2, TUBB1",FALSE,2.1095550033883,"P53 DN.V2","Cluster 2","C6"
"RAF_UP.V1_UP",0.0398401382943876,0.136005989349806,13,183,"BACE2, BPGM, CAPRIN2, CDC42EP3, CEBPD, CEP70, HEG1, MICAL2, NR4A3, PDE4D, PEG10, SAT1, TNFRSF21",FALSE,1.8547527585215,"RAF.V1","Cluster 2","C6"
"ATM_DN.V1_UP",0.0443345232242384,0.141584445135471,10,131,"BCL2L11, CSF3R, DNAI1, ENO3, FSTL3, GRIK1, LIPE, TNNC2, TNNT3, TREM1",FALSE,2.02224221522467,"ATM DN.V1","Cluster 2","C6"
"SRC_UP.V1_UP",0.0443345232242384,0.141584445135471,10,131,"COL4A4, CRTAC1, LAMP3, SEC11C, SH3BGR, SMTNL1, STAC3, TCEAL3, TFR2, TMEFF2",FALSE,2.02224221522467,"SRC.V1","Cluster 2","C6"
"RELA_DN.V1_UP",0.0482861428288268,0.149385254376683,10,133,"APOB, ATP2A1, CD38, EGR1, FOSB, LHCGR, LMO7, PIP, PTGS2, ZFP36",FALSE,1.98929666114836,"RELA DN.V1","Cluster 2","C6"
"PTEN_DN.V1_UP",0.0558844836475109,0.166785545369631,11,155,"BMPR1B, DCC, EDN1, EEF1A2, LRRC19, MEFV, PLCE1, PRKAR2B, RGS2, SORBS2, TNNT3",FALSE,1.862339036231,"PTEN DN.V1","Cluster 2","C6"
"KRAS.BREAST_UP.V1_UP",0.0572798842683583,0.166785545369631,9,119,"BMP6, CXCL2, FMO2, IL1R2, KIF5A, PDE3B, PRB4, STC1, TFPI",FALSE,2.0105528413205,"KRAS.BREAST.V1","Cluster 2","C6"
"HINATA_NFKB_MATRIX",0.0612082960026936,0.172116048682117,2,10,"KRT7, SERPINE1",FALSE,6.85740771953481,"HINATA NFKB MATRIX","Cluster 2","C6"
"LEF1_UP.V1_UP",0.0625876540662244,0.172116048682117,12,177,"DNAJC6, FHL1, FOXG1, KRT13, MAOA, PELI2, PRKAA2, RYR1, SERPINE1, SLC6A8, TGM2, TMOD1",FALSE,1.76763430973335,"LEF1.V1","Cluster 2","C6"
"IL2_UP.V1_UP",0.0718031478293431,0.192121936083918,11,162,"AATK, DGKG, EGR1, HEG1, IL18RAP, LMO3, PIM2, PIP, PPP4R4, RAB11FIP1, TNFRSF21",FALSE,1.77567501973127,"IL2.V1","Cluster 2","C6"
"CAHOY_ASTROGLIAL",0.0741013349650734,0.193053477935323,7,89,"ATOH8, C1QTNF1, CNN1, COL8A1, CP, SEMA3B, SERPINE1",FALSE,2.12402410269845,"CAHOY ASTROGLIAL","Cluster 2","C6"
"PTEN_DN.V2_UP",0.0791907458504622,0.193868541153582,9,127,"AHSP, ANXA3, HSPB7, HSPB8, MIR22HG, PTGS2, SH3BGR, SLC2A4, TNFRSF10C",FALSE,1.87407829917099,"PTEN DN.V2","Cluster 2","C6"
"RAPA_EARLY_UP.V1_UP",0.082551975161023,0.193868541153582,10,147,"ANK1, ASTN2, ATF6, CES1, DNAH3, KRT13, MPO, MYRF, PIP5K1B, PTPRD",FALSE,1.78551343393449,"RAPA EARLY.V1","Cluster 2","C6"
"ESC_V6.5_UP_LATE.V1_UP",0.084782625825361,0.193868541153582,11,167,"APOB, CD55, CDH2, COL2A1, DPP4, FOXA1, GATA6, PDLIM3, PLOD2, SRGN, TMPRSS2",FALSE,1.71851869666322,"ESC V6.5 LATE.V1","Cluster 2","C6"
"PRC2_SUZ12_UP.V1_UP",0.084782625825361,0.193868541153582,11,167,"AATK, ACTA1, EDN1, KCNJ15, SLPI, SPTB, SRPK3, TAS2R13, TMEM245, TRIM58, XK",FALSE,1.71851869666322,"PRC2 SUZ12.V1","Cluster 2","C6"
"KRAS.300_UP.V1_UP",0.0853660282885629,0.193868541153582,9,129,"ATP1A2, ETV1, KIF5A, LMO3, SEMA3A, SLCO5A1, SORL1, STC1, TFPI",FALSE,1.84279108566991,"KRAS.300.V1","Cluster 2","C6"
"P53_DN.V1_UP",0.0861637960682585,0.193868541153582,12,187,"AGR2, ANKRD1, CEACAM6, DMD, EFEMP1, GLUL, KRT18, LAMP3, MSLN, PLCE1, SLIT2, SULF1",FALSE,1.66608860811759,"P53 DN.V1","Cluster 2","C6"
"KRAS.AMP.LUNG_UP.V1_UP",0.0911493841850548,0.200528645207121,8,112,"ABCC6, BMPER, HSPA6, MYOZ1, NPHP1, OSBP2, PNMA3, SLC2A4",FALSE,1.90057068390959,"KRAS.AMP.LUNG.V1","Cluster 2","C6"
"HOXA9_DN.V1_UP",0.096143578006243,0.206917700491697,11,171,"BST1, CD209, FNDC3A, FNDC3B, GDF15, KIAA0232, LY96, MPO, SLC22A4, SORL1, VCAN",FALSE,1.67535766017819,"HOXA9 DN.V1","Cluster 2","C6"
"BMI1_DN_MEL18_DN.V1_UP",0.10202572584059,0.210853725415604,9,134,"ADGB, ANXA3, BMP5, BST1, CXCL1, EDN1, INHBA, SLC22A4, TGFB2",FALSE,1.76893581077193,"BMI1 DN MEL18 DN.V1","Cluster 2","C6"
"RB_P130_DN.V1_UP",0.102232109292414,0.210853725415604,8,115,"ATP2A1, CHCHD7, COL11A2, CRTAC1, IER3, LITAF, MRAS, SLC11A1",FALSE,1.84725774634657,"RB P130 DN.V1","Cluster 2","C6"
"PDGF_UP.V1_UP",0.105565609520202,0.21151953126365,9,135,"AGFG1, ATF6, CDKN1A, DIXDC1, EGR1, IFNAR1, INHBA, PFKFB3, PPP1R12B",FALSE,1.75486535919058,"PDGF.V1","Cluster 2","C6"
"CAHOY_NEURONAL",0.106828046092753,0.21151953126365,6,79,"CNTNAP4, COL19A1, DMTN, GPR22, MLIP, PPFIA2",FALSE,2.06476488119715,"CAHOY NEURONAL","Cluster 2","C6"
"BMI1_DN.V1_UP",0.109174137762685,0.211926267421683,9,136,"ANXA3, ATF6, BMP5, BST1, CXCL1, EDN1, GPRC5A, INHBA, TGFB2",FALSE,1.74101562057521,"BMI1 DN.V1","Cluster 2","C6"
"TGFB_UP.V1_UP",0.111564172128299,0.212401020013492,11,176,"ANK1, CAPRIN2, EDN1, IGLV2-14, JMJD1C, MMD, MYBPC2, PFKFB3, PKIA, RRAD, STC1",FALSE,1.62434027188583,"TGFB.V1","Cluster 2","C6"
"ATF2_UP.V1_UP",0.125017171783712,0.233522641633725,10,160,"ARSJ, CHRNG, COL2A1, FOXG1, HSPA6, ITGA8, KRT7, LIPE, NEO1, SH3BGR",FALSE,1.63023390318372,"ATF2.V1","Cluster 2","C6"
"CRX_NRL_DN.V1_UP",0.135248924920182,0.243448064856328,8,123,"BCL2L11, BST1, COL19A1, IER3, MLF1, SNTG2, STK17B, WWTR1",FALSE,1.71862970651199,"CRX NRL DN.V1","Cluster 2","C6"
"NRL_DN.V1_UP",0.135248924920182,0.243448064856328,8,123,"BCL2L11, BCL3, BST1, COL19A1, MLF1, POLR2A, SNTG2, STK17B",FALSE,1.71862970651199,"NRL DN.V1","Cluster 2","C6"
"TBK1.DN.48HRS_UP",0.14206273251837,0.251146616416404,4,49,"BAMBI, CXCL2, EDN1, TMCO1",FALSE,2.30699168723293,"TBK1.DN.48HRS","Cluster 2","C6"
"WNT_UP.V1_UP",0.175804383167379,0.305344454974921,9,152,"CLEC16A, COL4A4, CXCL1, DCC, DPYSL4, GDF15, HS3ST1, IL6, MYRF",FALSE,1.54567157209081,"WNT.V1","Cluster 2","C6"
"SINGH_KRAS_DEPENDENCY_SIGNATURE",0.198255714985933,0.338401996269093,2,20,"CLDN7, MAOA",FALSE,3.14915201734686,"SINGH KRAS DEPENDENCY SIGNATURE","Cluster 2","C6"
"KRAS.LUNG_UP.V1_UP",0.201853729672842,0.338703715891718,7,116,"BANK1, INHBA, MYH2, NDNF, SLC6A4, SLCO5A1, TSPAN1",FALSE,1.59816035687498,"KRAS.LUNG.V1","Cluster 2","C6"
"GLI1_UP.V1_UP",0.213515751959867,0.35230099073378,2,21,"LMO7, NPHP1",FALSE,2.98751010212328,"GLI1.V1","Cluster 2","C6"
"IL15_UP.V1_UP",0.240686186368416,0.390621843450379,9,165,"DGKG, EGR1, HEG1, HS3ST1, IL18RAP, KRT13, PIM2, RAB11FIP1, TNFRSF21",FALSE,1.41636535788838,"IL15.V1","Cluster 2","C6"
"BCAT.100_UP.V1_UP",0.260135363037547,0.415377434527697,3,43,"EEF1A2, EFEMP1, SORBS2",FALSE,2.01403143437949,"BCAT.100.V1","Cluster 2","C6"
"BCAT_GDS748_UP",0.271390005020805,0.426470007889837,3,44,"BAMBI, MYB, PDE4D",FALSE,1.96540378380994,"BCAT GDS748","Cluster 2","C6"
"KRAS.50_UP.V1_UP",0.282695710153311,0.437294926643402,3,45,"ETV1, LMO3, STC1",FALSE,1.91906449326719,"KRAS.50.V1","Cluster 2","C6"
"CAHOY_OLIGODENDROCUTIC",0.296389528908904,0.451424051722792,5,88,"FBXO7, MYRF, SPEG, SRPK3, ZNF536",FALSE,1.5353479355263,"CAHOY OLIGODENDROCUTIC","Cluster 2","C6"
"PRC2_EED_DN.V1_UP",0.351141442990564,0.526712164485846,8,162,"AATK, DMD, KCNJ15, LY96, MYH1, OBSCN, SLPI, USP12",FALSE,1.28232464420902,"PRC2 EED DN.V1","Cluster 2","C6"
"VEGF_A_UP.V1_UP",0.43275285901006,0.639440791671581,8,175,"ALDOB, COL11A2, ENO3, FMO5, HS3ST1, ITIH4, PHLDA1, TNNC2",FALSE,1.18203960003789,"VEGF A.V1","Cluster 2","C6"
"MTOR_UP.V1_UP",0.449718049374343,0.654736571883234,7,154,"IL18RAP, PCDHB5, PTPN14, SCGB3A2, SMTNL1, TFRC, TPH1",FALSE,1.18420358520979,"MTOR.V1","Cluster 2","C6"
"CSR_LATE_UP.V1_UP",0.463114423539843,0.664468520731079,7,156,"CDH2, CXCL6, CYP4B1, KRT18, MRAS, MYH1, TPM2",FALSE,1.16824573747265,"CSR LATE.V1","Cluster 2","C6"
"MEL18_DN.V1_UP",0.476303258677795,0.673628894415739,6,134,"CXCL1, EDN1, INHBA, KCNJ15, SLC22A4, TGFB2",FALSE,1.17781003519194,"MEL18 DN.V1","Cluster 2","C6"
"JNK_DN.V1_UP",0.489669530626987,0.682342946505901,7,160,"ACADL, CLDN18, IGLV6-57, MRAS, PDE4B, RRAD, SYNE1",FALSE,1.13757756103972,"JNK DN.V1","Cluster 2","C6"
"DCA_UP.V1_UP",0.496249415640655,0.682342946505901,7,161,"AHSP, ANKRD1, ATF6, IGLV2-14, ITGA8, KRT13, SERPINA1",FALSE,1.13015864133628,"DCA.V1","Cluster 2","C6"
"CSR_EARLY_UP.V1_UP",0.525976940366741,0.7133111931001,6,141,"INHBA, NET1, PTGS2, PTP4A1, STC1, USP12",FALSE,1.11657712432047,"CSR EARLY.V1","Cluster 2","C6"
"E2F3_UP.V1_UP",0.54781203430458,0.732883667515587,7,169,"EEF1A2, GKAP1, GPR160, MYB, PEG10, RYR1, SH3BGR",FALSE,1.07409443582354,"E2F3.V1","Cluster 2","C6"
"AKT_UP.V1_UP",0.593321249873531,0.783184049833061,6,151,"BACE2, BPGM, CD55, EDN1, PTPN14, TFRC",FALSE,1.03932205267604,"AKT.V1","Cluster 2","C6"
"PDGF_ERK_DN.V1_UP",0.617650672830886,0.804571271187601,5,129,"ATF6, INHBA, LMAN1, MAOA, PKN2",FALSE,1.02764825835833,"PDGF ERK DN.V1","Cluster 2","C6"
"GCNP_SHH_UP_EARLY.V1_UP",0.637308807629591,0.819397038380903,6,158,"ADAMTS1, CD55, KIF1A, MYB, TMPRSS2, TNNC2",FALSE,0.991271931066376,"GCNP SHH EARLY.V1","Cluster 2","C6"
"TBK1.DF_UP",0.655702641910416,0.832237968578605,10,265,"CCDC68, CDC42EP3, CXCL2, NUDT4, PEG10, SNCA, TP53BP2, TRAK2, VCAN, WWTR1",FALSE,0.955283361195402,"TBK1.DF","Cluster 2","C6"
"CTIP_DN.V1_UP",0.668737781098112,0.838038485173583,4,110,"ACTA1, APOB, PRPH2, TUBB1",FALSE,0.982655265308104,"CTIP DN.V1","Cluster 2","C6"
"JAK2_DN.V1_UP",0.694454492018607,0.842918151551876,5,141,"AKAP6, CLDN7, DMD, FN3K, TNFRSF10C",FALSE,0.936749468664362,"JAK2 DN.V1","Cluster 2","C6"
"GCNP_SHH_UP_LATE.V1_UP",0.694991510745311,0.842918151551876,6,168,"CYP4B1, DES, FOXA1, MUC1, MYB, VCAN",FALSE,0.929810017271157,"GCNP SHH LATE.V1","Cluster 2","C6"
"ESC_V6.5_UP_EARLY.V1_UP",0.706166068638151,0.842918151551876,5,143,"ABCC6, AGER, LTF, MAGI3, MYB",FALSE,0.923131057934038,"ESC V6.5 EARLY.V1","Cluster 2","C6"
"KRAS.PROSTATE_UP.V1_UP",0.708697620752249,0.842918151551876,4,116,"ADGB, BANK1, KANSL1L, PIGR",FALSE,0.929971280873061,"KRAS.PROSTATE.V1","Cluster 2","C6"
"SIRNA_EIF4GI_UP",0.715203280104622,0.842918151551876,3,89,"BTG2, CEBPD, FCAR",FALSE,0.940850105624811,"SIRNA EIF4GI","Cluster 2","C6"
"CAMP_UP.V1_UP",0.778213396174382,0.897102716608567,6,185,"AKAP6, GAS5, GPR160, PDE4DIP, SELENBP1, TNIK",FALSE,0.841041208628202,"CAMP.V1","Cluster 2","C6"
"SNF5_DN.V1_UP",0.77930134978118,0.897102716608567,5,157,"FNDC1, MEDAG, MYH1, MYH2, PLCE1",FALSE,0.837803900866335,"SNF5 DN.V1","Cluster 2","C6"
"YAP1_UP",0.814304787424577,0.914754558681546,1,40,"CYP4B1",FALSE,0.883025512089441,"YAP1","Cluster 2","C6"
"AKT_UP_MTOR_DN.V1_UP",0.818377682824929,0.914754558681546,5,166,"BACE2, CD55, CXCL1, DUSP1, EDN1",FALSE,0.790762635371027,"AKT MTOR DN.V1","Cluster 2","C6"
"CYCLIN_D1_UP.V1_UP",0.822355108309673,0.914754558681546,5,167,"BMP5, CEBPD, EGR1, MSLN, MUC5AC",FALSE,0.785857477772371,"CYCLIN D1.V1","Cluster 2","C6"
"E2F1_UP.V1_UP",0.83756605358233,0.921322658940564,5,171,"ACTN3, CAPRIN2, DMBT1, GATA6, TPM2",FALSE,0.766826055497706,"E2F1.V1","Cluster 2","C6"
"ESC_J1_UP_EARLY.V1_UP",0.856363813384362,0.931648544231338,4,146,"C4BPA, MYB, STC1, TSPAN1",FALSE,0.733099549563167,"ESC J1 EARLY.V1","Cluster 2","C6"
"MYC_UP.V1_UP",0.882878317330649,0.950053841475372,4,154,"APOA4, HSPA6, PIM2, TMEFF2",FALSE,0.693856015082789,"MYC.V1","Cluster 2","C6"
"RB_P107_DN.V1_UP",0.892964663398052,0.950575286843088,3,125,"ACTG2, CDH2, DUSP1",FALSE,0.663175149577903,"RB P107 DN.V1","Cluster 2","C6"
"PKCA_DN.V1_UP",0.912820911832809,0.961375215653703,3,132,"CES1, MUSK, PCK1",FALSE,0.62711075964088,"PKCA DN.V1","Cluster 2","C6"
"CYCLIN_D1_KE_.V1_UP",0.936769524171426,0.97621245150496,4,177,"CDKN1A, CEBPD, HSPH1, MUC5AC",FALSE,0.601189816048612,"CYCLIN D1 KE .V1","Cluster 2","C6"
"MTOR_UP.N4.V1_UP",0.979873910147175,1,3,179,"ANXA3, PLS1, SYNPO",FALSE,0.45904865922614,"MTOR.N4.V1","Cluster 2","C6"
"RB_DN.V1_UP",0.99032162903518,1,1,110,"BTG2",FALSE,0.317436544840078,"RB DN.V1","Cluster 2","C6"
"BCAT_BILD_ET_AL_UP",1,1,0,43,"",FALSE,0.266917713241721,"BCAT BILD ET AL","Cluster 2","C6"
"EIF4E_UP",1,1,0,88,"",FALSE,0.130906119073692,"EIF4E","Cluster 2","C6"
"ESC_J1_UP_EARLY.V1_UP",3.36251208890732e-08,2.45935480079043e-06,30,146,"ADTRP, ANGPTL7, AQP3, BMP7, BNIPL, CD82, CDH3, CDHR1, CHRNB1, CUBN, CXCL12, EDARADD, EPHB3, EVPL, FXYD3, GDE1, GPT, GZMA, HIVEP3, IL36RN, IRX2, NDRG1, NR1D1, NSG1, PRSS12, PRSS8, RASL11B, SESN3, TMEM106C, ZBTB7C",TRUE,3.67860190949584,"ESC J1 EARLY.V1","Cluster 3","C6"
"IL21_UP.V1_UP",6.14223014802498e-08,2.45935480079043e-06,31,158,"ARG1, ARHGAP32, CD6, CDH3, CHI3L1, CPA4, CXCL12, CYP27A1, DNASE1L2, ECM1, EGR2, EHF, ELOVL4, FA2H, FAT2, GNAL, KLK11, KRT6B, MVD, PLA2G7, PYGM, SLC29A2, SLCO5A1, SPINT1, ST6GALNAC2, TEAD3, TRMT44, USP2, VDR, VSNL1, ZC3H12A",TRUE,3.47197528529097,"IL21.V1","Cluster 3","C6"
"AKT_UP.V1_UP",7.45259030542553e-08,2.45935480079043e-06,30,151,"ARG1, C3orf52, DHCR24, DHCR7, FABP5, FDFT1, GDE1, GDPD2, GOT1, GSDMC, IDI1, KCNK5, KRT23, MAL2, METRNL, MPZL2, MSMO1, MYO5B, PARM1, PDK3, PREP, S100A14, SGPL1, SLC6A14, SPRR1A, SPRR2A, TACSTD2, TMEM40, TMPRSS4, TOM1L1",TRUE,3.52632290348979,"AKT.V1","Cluster 3","C6"
"MTOR_UP.V1_UP",1.17798265471481e-07,2.88200337588355e-06,30,154,"ABCA2, ALPK2, BDH1, CMA1, DHCR24, DHCR7, DUOXA1, FABP5, FDFT1, FDPS, GSDMA, GSDMC, HIVEP3, HMGCS1, IDH3A, IDI1, LGALS3, LIPG, MSMO1, NQO2, NSDHL, PAFAH2, PREP, S100A14, SC5D, SERPINB5, SPRR1A, TMEM40, TMEM97, TMPRSS4",TRUE,3.44082649770808,"MTOR.V1","Cluster 3","C6"
"MEK_UP.V1_UP",1.45555726054725e-07,2.88200337588355e-06,33,181,"ACSL1, AKR1C2, AKR1C3, ALDH3A1, APOD, AQP3, BMP7, CRAT, EGLN3, ELL2, EPHA1, F2RL1, FADS2, FGFR3, GAL, GPX3, KLF4, KRT81, L1CAM, LGALSL, MAOA, MAP3K9, MPZL2, MYO1D, MYO5A, PARM1, SPAG1, SPTBN2, ST6GALNAC2, TMPRSS4, TRIM29, TTC9, TUBB2A",TRUE,3.171405166754,"MEK.V1","Cluster 3","C6"
"P53_DN.V1_UP",2.85661782296775e-06,4.71341940789678e-05,31,187,"ASS1, AZGP1, BMP4, CALB1, COL17A1, CST6, DSC2, DSP, EGFR, EXPH5, FBLN2, FOXN3, GPSM2, IFI27, IL18, KLF5, KRT15, LRIG1, LRRC42, LSR, MARK2, NEBL, NMNAT2, PPL, PTN, SERPINB5, SOX9, SPINT2, TACSTD2, TUBA4A, ZNF185",TRUE,2.8244352444449,"P53 DN.V1","Cluster 3","C6"
"RAF_UP.V1_UP",5.17808572425363e-06,7.32329266715871e-05,30,183,"ABHD6, ACOX1, ACSL1, ALAS1, BLNK, CABYR, CAST, CD44, CLDN1, DSC2, EGFR, FBXO3, GCLM, GLRX, GM2A, HPGD, HSD3B1, HSPA2, IMPA2, L1CAM, MORC4, MPZL2, PER3, QPCT, RASL11B, S100A8, S100A9, SYNE2, TNNT1, TUBB2A",TRUE,2.78665367301348,"RAF.V1","Cluster 3","C6"
"AKT_UP_MTOR_DN.V1_UP",6.04401901000031e-06,7.47947352487539e-05,28,166,"ARG1, ARRDC4, C3orf52, DHCR24, DHCR7, GDE1, GDPD2, GLDC, GSDMC, KCNK5, KRT23, MAL2, METRNL, MPZL2, MYO5B, PARM1, PDK3, RAB3IP, RNF19B, S100A8, SGPL1, SLC44A1, SPRR2A, SUSD4, TACSTD2, TMEM40, TMPRSS4, VANGL2",TRUE,2.88402092704492,"AKT MTOR DN.V1","Cluster 3","C6"
"EGFR_UP.V1_UP",1.16416502522415e-05,0.000128058152774656,29,181,"ALAS1, ARAP2, ARNT2, BMP7, CLDN1, EGFR, EGLN3, ELL2, F2RL1, FGFR3, GAL, GBP2, GCLM, GLRX, HSPA2, KCNS3, KLF4, KRT81, LPIN1, MAOA, MPZL2, S100A8, S100A9, SGMS1, SPAG1, TAP1, TMEM45A, TNNT1, TUBB2A",TRUE,2.7111642677927,"EGFR.V1","Cluster 3","C6"
"LEF1_UP.V1_UP",2.08232773283209e-05,0.000206150445550377,28,177,"BMP7, CRABP2, DENND1C, EGR2, EGR3, ELOVL5, FADS1, GATA3, GNAL, GZMB, HEY2, KCNJ12, KRT23, KRT5, KRT81, L1CAM, MAOA, MAOB, MFAP2, NELL2, NMNAT2, PDZD2, PTGDS, RUNX3, S100A2, S100A4, TCHH, TRPV6",TRUE,2.67032353835423,"LEF1.V1","Cluster 3","C6"
"RB_DN.V1_UP",4.15154422372499e-05,0.000373638980135249,20,110,"DCT, DNAJC9, DUOXA1, FBP1, GCLM, GRB7, HEY2, IL36RN, LCMT1, LYNX1, MANSC1, MAPK13, MRPL49, PALMD, PLA2G6, RPA1, TGM1, TMEM54, TYRP1, ZFP30",TRUE,3.16444542803481,"RB DN.V1","Cluster 3","C6"
"NFE2L2.V2",6.51171273157997e-05,0.000537216300355348,47,387,"AKR1C3, ALB, ALDH3A1, ALDH3A2, ARHGAP8, AXIN2, C1S, CBR3, CSTA, CXCL12, CYP4F12, CYP4F3, CYP4F8, EMP2, FERMT1, FZD7, GAS7, GCLM, GPNMB, GPR174, GPT2, IDE, IDH1, L1CAM, LCN2, MACC1, ME1, MGST1, MYL2, NQO2, NUPR1, PALLD, PDZK1, PNPLA4, PTPRZ1, SERPINA12, SFN, SHMT1, SLC15A1, SLC47A1, SLCO4C1, SULT1E1, TMEM237, TP73, TPD52L1, TRIM29, TYR",TRUE,1.96163139412639,"NFE2L2.V2","Cluster 3","C6"
"LTE2_UP.V1_UP",0.00015695847886143,0.0011952991851755,26,178,"ACOX1, ACOX2, ALDH3B2, APPL2, AQP3, ATP6V0A4, BMP7, BTG1, CALML5, CYFIP2, DEGS1, DSC2, EHF, EPS8L1, FA2H, GCLM, GLTP, GPX3, GSTZ1, HMGCS1, MAOA, MYO5A, PPFIA3, SOAT1, SORD, TNNT1",TRUE,2.43025054129292,"LTE2.V1","Cluster 3","C6"
"JNK_DN.V1_UP",0.000183345138017478,0.00129651204740931,24,160,"AKR1C3, ALOX12B, BMP7, C1S, CBX4, EPHA4, HR, HSD3B1, KCND3, KCNJ5, KLK7, KRT34, MAP7, MVD, PDE6A, PDK3, PMEL, RUNX3, SCNN1B, SERPINB3, TACR1, TGM1, TNNC1, TNNT2",TRUE,2.50867310198985,"JNK DN.V1","Cluster 3","C6"
"SINGH_KRAS_DEPENDENCY_SIGNATURE",0.000220626474439176,0.00145613473129856,7,20,"C1orf116, DAPP1, LAD1, MAOA, MST1R, SDR16C5, TMEM45B",TRUE,7.72021230925341,"SINGH KRAS DEPENDENCY SIGNATURE","Cluster 3","C6"
"KRAS.PROSTATE_UP.V1_UP",0.000267209103177784,0.00157441837703089,19,116,"ACOX2, CBX4, CFH, CYP2R1, DHRS9, DNM1, FABP3, GLB1L2, HAL, IL1RL2, LRRC15, MAP3K1, MAP4K1, MLXIPL, PADI3, PLCH2, SV2C, TEC, TNNI1",TRUE,2.7910024796316,"KRAS.PROSTATE.V1","Cluster 3","C6"
"SIRNA_EIF4GI_UP",0.000270354670803284,0.00157441837703089,16,89,"ASAH1, ASS1, ATP1A1, CTSH, FXYD3, HADHB, HSPB1, NSG1, PAPSS1, PERP, PTPN13, S100A14, SPRR1A, SPRR1B, TNNT1, TRAF3IP2",TRUE,3.12992259470066,"SIRNA EIF4GI","Cluster 3","C6"
"RPS14_DN.V1_UP",0.000494844728758567,0.00253313951771005,25,181,"ACKR4, ADRA2A, ALCAM, CACNB4, CALB1, CASP1, CROT, CSTA, CTSH, CYFIP2, CYSLTR1, DCN, EGR3, EPS8L2, F13A1, GPNMB, HLA-DMA, LY75, PLA2G7, PMP2, PTGDS, RBM47, SPINT1, SPTLC3, TRIM22",TRUE,2.27668686345177,"RPS14 DN.V1","Cluster 3","C6"
"NOTCH_DN.V1_UP",0.000505413721569833,0.00253313951771005,23,161,"ABTB2, ANGPTL7, BARX2, CALB1, CDHR1, DPT, EFNA3, FARP2, LCE2B, MAP3K1, MAP3K2, MFSD6, PLA2G7, PNPLA3, RASGRP1, RNF39, S100A8, SLC5A1, SLC6A14, SPTBN2, STAT2, TENM1, UPB1",TRUE,2.36960455527698,"NOTCH DN.V1","Cluster 3","C6"
"CAHOY_ASTROCYTIC",0.000511745357113141,0.00253313951771005,16,94,"ATP1A1, BTG1, CYP7B1, DIO2, FGFR3, GRHL1, HEPH, HEY2, HSD11B1, IMPA2, MYOM3, PANK1, PPARA, SCG3, THRSP, TNFRSF19",TRUE,2.9298214804358,"CAHOY ASTROCYTIC","Cluster 3","C6"
"PTEN_DN.V1_UP",0.000723532173117477,0.00333913155688337,22,155,"ADRA2A, BMP7, C2, CD1E, CELSR2, CHRNB1, DSG3, EPHA4, IRF9, KLK8, MAL, MYBPC1, MYOT, PAX3, PDZK1, PTPRZ1, SCEL, SLC16A7, TCHH, TEC, TSPAN2, ZNF613",TRUE,2.35267018463343,"PTEN DN.V1","Cluster 3","C6"
"CAHOY_NEURONAL",0.000742029234862971,0.00333913155688337,14,79,"BCL11A, BCL11B, CALB1, CNTNAP4, DYNC1I1, FABP3, GDA, HSD17B4, MAL2, MYO5B, NTS, PRSS12, SLC6A17, TRHDE",TRUE,3.08337397574389,"CAHOY NEURONAL","Cluster 3","C6"
"TBK1.DF_UP",0.000986525531991854,0.00424634902900842,32,265,"AKR1C3, BTG1, C3orf52, CLCA2, CRABP2, DEGS1, DUSP14, ENDOD1, EPB41L4B, FAT2, HSD11B1, HSPA2, IGSF3, LANCL1, LIPG, MAP3K2, MREG, OSBPL2, PPP2R3A, PTK6, RAB21, S100A8, SERPINB13, SERTAD2, SLC30A1, SLC39A6, SPRR1B, TMEM40, TMEM45A, TUBB2A, TUFT1, ZC3H12A",TRUE,1.94686644224961,"TBK1.DF","Cluster 3","C6"
"PKCA_DN.V1_UP",0.0013653188078124,0.00544485754669505,19,132,"BBOX1, CES1, DHRS1, EGR3, ENPP3, FBP1, GDPD2, GSTA4, NOS1, PSAPL1, PTGDS, RDH12, SLC47A1, SLC7A8, SMPD3, SPNS2, TCHH, UPB1, ZBTB7C",TRUE,2.39560969443885,"PKCA DN.V1","Cluster 3","C6"
"ERBB2_UP.V1_UP",0.00137496402694319,0.00544485754669505,23,173,"AKR1C2, AQP3, ARNT2, ATP6V0A4, CAST, CSTA, EGLN3, FADS2, HSPA2, KIAA0513, KRT81, MAOA, MAPRE3, MPZL2, MVD, MYO1D, NDRG1, PARM1, SOX9, SPTBN2, ST6GALNAC2, TNNT1, TTC9",TRUE,2.17933472203372,"ERBB2.V1","Cluster 3","C6"
"ESC_J1_UP_LATE.V1_UP",0.00209711190457127,0.00798515686740599,22,168,"ABHD5, ARAP2, CBX4, CHRNB1, CTSH, CUBN, DSP, FXYD3, GPC3, GPX3, HTRA1, MORC4, MYL3, MYO5B, OCLN, PARM1, PRSS12, PRSS8, SESN3, TNNT1, TUFT1, VAMP8",TRUE,2.14248328953538,"ESC J1 LATE.V1","Cluster 3","C6"
"KRAS.BREAST_UP.V1_UP",0.00258313781313768,0.00905170533633369,17,119,"ACKR4, ATP12A, CALB1, CMA1, DHRS9, GLRX, HSD11B1, IL1R2, IL2RG, KLK6, KRT33B, KRT34, NDUFA4L2, PRDM1, SCEL, TMPRSS4, WNT16",TRUE,2.37858800590128,"KRAS.BREAST.V1","Cluster 3","C6"
"HOXA9_DN.V1_UP",0.0026226830945339,0.00905170533633369,22,171,"CHI3L1, CYFIP2, FGL2, GAS7, HDAC4, HLA-DMA, HLA-DRA, IL13RA1, KLF4, NOD2, RBM47, S100A8, S100A9, SAR1B, SCPEP1, SERPINB8, SLC30A1, SLC39A6, SRD5A1, TGM5, TOB1, TRIM22",TRUE,2.09916975648327,"HOXA9 DN.V1","Cluster 3","C6"
"KRAS.50_UP.V1_UP",0.00271492406279697,0.00905170533633369,9,45,"CALB1, CD1A, DHRS9, DYNC1I1, FABP3, GLDC, GLRX, HSD11B1, SCG3",TRUE,3.61774413483731,"KRAS.50.V1","Cluster 3","C6"
"DCA_UP.V1_UP",0.00274294101101021,0.00905170533633369,21,161,"CA6, CD82, CUBN, EFS, EPHB6, FRMPD1, GLS2, IL36RN, KIAA0513, MAPK8IP2, PLA2G2F, PRRG4, PTGFR, RIMS2, TNNT2, TNS4, VPS39, WNT16, ZNF185, ZNF750, ZNF91",TRUE,2.13382626029018,"DCA.V1","Cluster 3","C6"
"WNT_UP.V1_UP",0.00308393957261441,0.00984871024802668,20,152,"ACKR4, CD74, DHCR24, FABP5, FGF18, FXYD3, GLI1, IRX3, KCND3, KRT27, KRT86, LCN2, MFAP2, MST1R, MTF1, MYO5B, PLA2G6, SFN, THRB, XCR1",TRUE,2.15676897661073,"WNT.V1","Cluster 3","C6"
"PTEN_DN.V2_UP",0.00509931591509777,0.0157760086123337,17,127,"AKR1C3, ARHGEF5, BNC2, CLIP4, CPA4, EHF, GPR87, HSPA4L, HSPB7, IL11RA, KRT15, KRT75, LCN2, LIPG, OTUB2, PTGDS, SERPINB5",TRUE,2.20548620525732,"PTEN DN.V2","Cluster 3","C6"
"KRAS.KIDNEY_UP.V1_UP",0.00597093880769136,0.0179128164230741,17,129,"ANK3, ATP1A2, CALB1, DYNC1I1, FZD3, GATM, GLDC, GPNMB, MAP7, MPZL2, NEBL, NMNAT2, NSG1, PMP2, SCG3, SCN1B, TRIM9",TRUE,2.16605746177731,"KRAS.KIDNEY.V1","Cluster 3","C6"
"JAK2_DN.V1_UP",0.00662846088816902,0.0193005184684921,18,141,"ABCB4, CACNB4, CIDEA, CSTA, DUOX1, EPPK1, FRMPD1, GJB3, KRT23, KRT85, LRIG1, NDST3, NELL2, PTN, SERPINB3, SERPINB4, SPRR1A, TGM1",TRUE,2.08618967432195,"JAK2 DN.V1","Cluster 3","C6"
"KRAS.600_UP.V1_UP",0.00730241402626746,0.0206553996742994,27,243,"ACOX2, ANK3, APOD, ATP1A2, BMP7, CALB1, CD1A, CTNND2, DHRS9, DYNC1I1, EXOC6B, FABP3, GLDC, GLRX, GRM1, HSD11B1, IL1R2, LDB3, MAP4K1, MLXIPL, MTMR8, NMNAT2, SCG3, SCN1B, SLCO5A1, SOX9, TEC",TRUE,1.77191054037621,"KRAS.600.V1","Cluster 3","C6"
"CRX_NRL_DN.V1_UP",0.00847989582105825,0.0229956894762788,16,123,"CAMK1D, EPS8L1, GAS7, GPSM2, MOGAT1, PDE6A, PLA2R1, PPARA, RDH12, REEP6, SLC16A6, SLC29A2, SYTL1, TNNT1, TNNT2, TTC39C",TRUE,2.13630422451848,"CRX NRL DN.V1","Cluster 3","C6"
"ESC_V6.5_UP_LATE.V1_UP",0.00882662828382419,0.0229956894762788,20,167,"CTSH, CUBN, EGLN3, GPC3, GPX3, MFAP2, MYL3, NDRG1, OCLN, PARM1, PDZRN3, PRSS12, PRSS8, PTPN13, RIPK4, SLIT3, SMPD2, TNNC1, TNNT2, VAMP8",TRUE,1.93595851933741,"ESC V6.5 LATE.V1","Cluster 3","C6"
"PRC2_SUZ12_UP.V1_UP",0.00882662828382419,0.0229956894762788,20,167,"ACAP1, ACTA1, CA6, CACNA2D3, CIDEA, CYP4F12, FAT2, HR, IL1RL2, KRT15, KRT81, LCE2B, MYL3, OTUB2, PDE6A, SERPINB2, SETBP1, SMPD2, TOM1L2, USP46",TRUE,1.93595851933741,"PRC2 SUZ12.V1","Cluster 3","C6"
"PRC2_EED_DN.V1_UP",0.0129665217284172,0.0329150166952129,19,162,"ACAP1, AKR1C3, CACNA2D3, CD5, CDRT4, CIDEA, CLIP1, CUBN, KLK6, OBSCN, PRSS12, PTGDS, RBM47, SERPINB2, SERPINB7, TRPS1, TUFT1, USP46, ZNF91",TRUE,1.89189719588102,"PRC2 EED DN.V1","Cluster 3","C6"
"PRC2_EZH2_UP.V1_UP",0.0143509522755968,0.0355186068821021,20,175,"AHNAK2, C3orf52, CLIP1, CROT, F2RL1, JUP, KIAA0513, KLF4, KLK7, L1CAM, MEGF9, OTUB2, PAQR5, SERPINB2, SETBP1, SMPDL3A, SRD5A1, TUBA4A, VSNL1, VWA5A",TRUE,1.8356116448638,"PRC2 EZH2.V1","Cluster 3","C6"
"PRC1_BMI_UP.V1_UP",0.0155298622011482,0.0374989355588701,19,165,"ABCB4, CACNA2D3, CD5, EGR2, FAM76A, HSPB7, IKZF2, KRT1, MTMR8, MYL3, PADI4, PDE6A, PTCH2, PTGDS, RIPK4, SCGB2A2, TYR, USP46, ZNF91",TRUE,1.85287237090743,"PRC1 BMI.V1","Cluster 3","C6"
"NRL_DN.V1_UP",0.0184016112517577,0.0433752265220003,15,123,"DUSP14, GAS7, GPSM2, GRIP1, IRF6, LAD1, PDE6A, PLA2R1, PPARA, PPP1R3A, REEP6, SLC16A6, SLC29A2, TNNT2, TTC39C",TRUE,1.98682948983196,"NRL DN.V1","Cluster 3","C6"
"SNF5_DN.V1_UP",0.0189085284399355,0.0435335887338049,18,157,"APOD, ASS1, ATP1B1, C1R, C1S, CD109, DCAKD, DHRS1, EGR2, ENPP3, FABP7, FDPS, FGF18, FMOD, GOT1, LGR5, SEMA4D, SP110",TRUE,1.8454112348146,"SNF5 DN.V1","Cluster 3","C6"
"STK33_NOMO_UP",0.0239498184385082,0.0538870914866434,27,268,"ABCA1, ACSM3, APPL2, ARNT2, ARRDC3, C15orf48, CPEB4, EGR2, EGR3, FBXO32, GAN, GPNMB, HSD11B1, IL1R2, MYOZ2, NPEPPS, PTPN3, SAR1B, SEMA4D, SETBP1, SGK1, SGPL1, SLC11A2, TPSAB1, TUBB2A, VWA5A, WBP2",FALSE,1.58645459701825,"STK33 NOMO","Cluster 3","C6"
"KRAS.300_UP.V1_UP",0.0270708737146264,0.059555922172178,15,129,"ANK3, APOD, ATP1A2, CALB1, CD1A, DHRS9, DYNC1I1, FABP3, GLDC, GLRX, HSD11B1, MAP4K1, SCG3, SCN1B, SLCO5A1",FALSE,1.88214234481312,"KRAS.300.V1","Cluster 3","C6"
"CYCLIN_D1_KE_.V1_UP",0.0299316776185849,0.0644181757443457,19,177,"ABLIM1, ADRA2A, ALDH3A2, APOC1, CDS1, EGR3, GLI1, GOT1, GPT, KLF4, KLK6, LCN2, MASP1, PTPN3, REEP5, S100A2, TCF12, TFAP2A, TNNT2",FALSE,1.71154587541946,"CYCLIN D1 KE .V1","Cluster 3","C6"
"RAPA_EARLY_UP.V1_UP",0.0392090163569124,0.0825892046666877,16,147,"ATP2C2, CASK, CES1, FABP7, FGFR2, HPGD, KLK6, KRT14, L1CAM, NDST2, NPY, P2RX7, PARM1, PPIP5K1, PTK6, TLE3",FALSE,1.74427944147188,"RAPA EARLY.V1","Cluster 3","C6"
"PDGF_ERK_DN.V1_UP",0.0523643577979504,0.108001487958273,14,129,"ALDH5A1, AQP3, GLRX, HEBP2, HSPA4L, KLK7, MAOA, MVK, OXCT1, PTGDS, SERPINB2, TNNT2, VPS39, ZNF185",FALSE,1.74414866225667,"PDGF ERK DN.V1","Cluster 3","C6"
"MTOR_UP.N4.V1_UP",0.0578419056002275,0.115791232960501,18,179,"ABHD6, ACACA, ASS1, BSPRY, DHCR7, GBE1, GOT1, GTF2E2, IDH1, IDH3A, IFRD1, MIPEP, MSMO1, NQO2, SAR1B, SLC31A1, TRAF3IP2, TUBB2A",FALSE,1.59223978739144,"MTOR.N4.V1","Cluster 3","C6"
"ESC_V6.5_UP_EARLY.V1_UP",0.0584804206871215,0.115791232960501,15,143,"CRAT, CYP27A1, EGLN3, F13A1, FBP1, GPD1, HIVEP3, IGSF8, IRX2, LRIG1, OCLN, PDZK1, PMFBP1, SMPD2, VPS39",FALSE,1.675891017597,"ESC V6.5 EARLY.V1","Cluster 3","C6"
"BCAT_BILD_ET_AL_UP",0.0668043722859543,0.129679075613911,6,43,"AXIN2, BMP4, FHDC1, IGSF8, PALMD, ST6GALNAC2",FALSE,2.404095004095,"BCAT BILD ET AL","Cluster 3","C6"
"CRX_DN.V1_UP",0.0704029314207659,0.13403635020492,12,111,"ALPK2, DDHD1, DUSP14, GAS7, GPSM2, OPN1SW, PDE6A, PFKFB2, PLA2R1, RDH12, REEP6, TTC39C",FALSE,1.74431374355032,"CRX DN.V1","Cluster 3","C6"
"BMI1_DN.V1_UP",0.0745212843611893,0.139200134938825,14,136,"ABCA1, ADRB2, BMP4, CD82, CLDN1, CPA4, GABRE, GAL, KRT17, LRIG1, LRRC15, SLC29A2, TAP1, VANGL1",FALSE,1.64389808164706,"BMI1 DN.V1","Cluster 3","C6"
"CAHOY_ASTROGLIAL",0.0760658656994858,0.139454087115724,10,89,"CASP1, CD109, FMOD, GPNMB, LCN2, LGALS3, LPIN3, MORC4, PON3, RHOD",FALSE,1.83311084988677,"CAHOY ASTROGLIAL","Cluster 3","C6"
"BRCA1_DN.V1_UP",0.0818951821220946,0.14741132781977,11,102,"DENND1C, IL1RL2, KLK8, LGALS9, MTMR8, MYBPC1, OSR2, POU2F3, SLC16A6, SLURP1, TRPV6",FALSE,1.74455524823064,"BRCA1 DN.V1","Cluster 3","C6"
"TGFB_UP.V1_UP",0.0854471861380245,0.15105841835115,17,176,"ABTB2, ACSBG1, CD1E, CST6, ELL2, EPHA4, F2RL1, KANK1, KLF4, LIPG, MPZL2, RNF19B, SGK1, TLE3, TNS4, WNT16, WNT4",FALSE,1.52413526972887,"TGFB.V1","Cluster 3","C6"
"ATF2_S_UP.V1_UP",0.106112728192371,0.184301054228854,16,169,"ADRB2, CACNA2D3, CLDN1, CUBN, GNA15, GRHL2, HSD3B1, IL20RA, KRT81, NQO2, OVOL1, PMEL, PTGDS, RASGRP1, S100A4, S100A9",FALSE,1.49261315159533,"ATF2 S.V1","Cluster 3","C6"
"KRAS.AMP.LUNG_UP.V1_UP",0.133635112241223,0.228101312273811,11,112,"CD3E, DOCK3, DYNC1I1, EFNA3, F13A1, FCER1A, LY75, NELL2, OPN1SW, TDRD1, TNNT2",FALSE,1.57187971203348,"KRAS.AMP.LUNG.V1","Cluster 3","C6"
"CAHOY_OLIGODENDROCUTIC",0.137704046077949,0.231062721385034,9,88,"ATP10B, DCT, ERBB3, FA2H, FBP1, KCTD1, TENM1, TSPAN2, TUBA4A",FALSE,1.65736211858764,"CAHOY OLIGODENDROCUTIC","Cluster 3","C6"
"CYCLIN_D1_UP.V1_UP",0.156504174828334,0.25700097873565,15,167,"ABCA2, ABLIM1, ADRA2A, ALDH3A2, CD1A, GOT1, GPT, KLF4, KLK6, MASP1, NSG1, PTPN3, RASGRF1, REEP5, TAP1",FALSE,1.4104209252364,"CYCLIN D1.V1","Cluster 3","C6"
"ALK_DN.V1_UP",0.158354138412875,0.25700097873565,11,116,"CA3, CCL19, CHI3L1, CSTA, GNA15, GRM1, IL1R2, KRT81, NOD2, PRDM1, STMN2",FALSE,1.51197521322006,"ALK DN.V1","Cluster 3","C6"
"BCAT_GDS748_UP",0.1724618293786,0.271303979116408,5,44,"AQP3, C3orf52, DYNC1I1, FZD7, QPCT",FALSE,1.9296848984811,"BCAT GDS748","Cluster 3","C6"
"ATM_DN.V1_UP",0.172647986710441,0.271303979116408,12,131,"ACACA, CA6, CPA3, CYP4F3, ENO3, F13A1, KRT85, MYL2, PPL, PTK2B, S100A2, SRD5A1",FALSE,1.45090355626413,"ATM DN.V1","Cluster 3","C6"
"RELA_DN.V1_UP",0.185629388225293,0.287145459911,12,133,"DAPP1, EGR3, ETFDH, GAS7, GLS2, GPT, HOOK1, NTS, RNF39, SLC27A6, SLC6A14, VDR",FALSE,1.42687531458925,"RELA DN.V1","Cluster 3","C6"
"KRAS.600.LUNG.BREAST_UP.V1_UP",0.191428168855729,0.291559826411033,20,240,"ARG1, CALB1, CD1A, CYP4F8, DHRS9, DYNC1I1, FBP1, GLRX, GPRC5D, HSD11B1, IL1R2, KRT33B, KRT34, LDB3, MB, MTMR8, NELL2, PRDM1, SLCO5A1, TNNT2",FALSE,1.29021728034236,"KRAS.600.LUNG.BREAST.V1","Cluster 3","C6"
"PDGF_UP.V1_UP",0.199052459046922,0.298578688570383,12,135,"BICD2, CBX4, DEGS1, EGR3, GPSM2, HDAC4, HSPA2, MYL2, PARG, RNF19B, SLC30A1, VPS39",FALSE,1.40362531555972,"PDGF.V1","Cluster 3","C6"
"IL2_UP.V1_UP",0.203389163127124,0.30053025596396,14,162,"ABTB2, CDH3, CXCL12, EGR2, EGR3, ESRP2, EVPL, GPT, KCNK5, LGALSL, PAK6, SLC29A2, VDR, VSNL1",FALSE,1.35428529321929,"IL2.V1","Cluster 3","C6"
"KRAS.LUNG.BREAST_UP.V1_UP",0.213964144509153,0.311506622153031,11,124,"CALB1, CD1A, DHRS9, GLRX, HSD11B1, IL1R2, KRT34, LDB3, NELL2, PRDM1, SLCO5A1",FALSE,1.40483324617932,"KRAS.LUNG.BREAST.V1","Cluster 3","C6"
"IL15_UP.V1_UP",0.222603598581784,0.319387771878211,14,165,"CALML5, CDH3, CPA4, CXCL12, ECM1, EGR2, EGR3, GPT, LGALSL, PAK6, PSG4, SLC29A2, SPINT1, VDR",FALSE,1.32726505972164,"IL15.V1","Cluster 3","C6"
"P53_DN.V2_UP",0.229008245330682,0.323883089824822,11,126,"ATP12A, BARX2, CA3, CXCL12, IL1RN, KRT14, KRT31, PTK2B, RIPK4, RNF39, SPRR1B",FALSE,1.38036684461482,"P53 DN.V2","Cluster 3","C6"
"GCNP_SHH_UP_LATE.V1_UP",0.24254974280802,0.338203162506958,14,168,"ARL5A, CD5, CD6, CHP1, CLIP4, FRMD6, GBP2, HIGD1A, MIOS, PLEKHA7, SERPINB9, TEAD3, TMOD3, VPS4B",FALSE,1.30129415568022,"GCNP SHH LATE.V1","Cluster 3","C6"
"E2F3_UP.V1_UP",0.24934957371976,0.34285566386467,14,169,"BRI3BP, EFS, EGR2, FGFR3, HEY2, HPGD, HSPA2, KCNS3, RASGRP1, TIAM1, TLCD1, TMEM106C, TMEM97, ZFP30",FALSE,1.29285987494651,"E2F3.V1","Cluster 3","C6"
"KRAS.LUNG_UP.V1_UP",0.25523115473679,0.346135401629345,10,116,"CD1A, CYP4F8, FABP3, HSD11B1, LDB3, LRIG1, NELL2, SLC6A4, SLCO5A1, TNNT2",FALSE,1.36650455354443,"KRAS.LUNG.V1","Cluster 3","C6"
"MEL18_DN.V1_UP",0.292838402417157,0.391770295125656,11,134,"C3orf52, CA12, CLDN1, CPA4, ECM1, GAL, HLA-DQA1, LRIG1, SLC16A6, TAP1, ZC3H12A",FALSE,1.29042557894452,"MEL18 DN.V1","Cluster 3","C6"
"CTIP_DN.V1_UP",0.322757216800353,0.426039526176466,9,110,"ACTA1, BSPRY, CYSLTR1, EFS, LGALS9, OPN1SW, PER3, PMEL, PTGFR",FALSE,1.2966823708391,"CTIP DN.V1","Cluster 3","C6"
"BCAT.100_UP.V1_UP",0.328798388442043,0.428303163891609,4,43,"ARHGEF5, BMP4, QPCT, SLC7A8",FALSE,1.57772631074552,"BCAT.100.V1","Cluster 3","C6"
"RB_P107_DN.V1_UP",0.333969337605736,0.429389148350232,10,125,"DCT, DNAJC9, EFS, FBLN2, RPA1, S100A4, SLIT3, TMEM45B, TRPM1, TYRP1",FALSE,1.25944769767367,"RB P107 DN.V1","Cluster 3","C6"
"EIF4E_UP",0.381798825727391,0.484590817269381,7,88,"FABP7, IDH1, IL18, KLF8, NDRG1, NEGR1, SLC25A30",FALSE,1.27441220012024,"EIF4E","Cluster 3","C6"
"STK33_UP",0.390773070490979,0.486840084813086,19,260,"ABCA1, ACSM3, APPL2, ARRDC3, C15orf48, CLDN1, CPEB4, EGR2, EGR3, FGL2, GAN, IRF9, MPEG1, MYOZ2, RNF19B, SETBP1, SGK1, VWA5A, WBP2",FALSE,1.11856467394055,"STK33","Cluster 3","C6"
"ATF2_UP.V1_UP",0.393406129141887,0.486840084813086,12,160,"APOD, CLDN1, FGR, GNA15, HPGD, HSD3B1, KRT81, NEO1, RNF43, S100A4, SERPINB2, TRIM9",FALSE,1.16584123457581,"ATF2.V1","Cluster 3","C6"
"STK33_SKM_UP",0.444597960307257,0.543397507042203,17,239,"APPL2, ARRDC3, CLDN1, CPEB4, CTSK, FCHSD1, FGL2, FGR, GBP2, IRF9, MFAP3L, MPEG1, OSBPL11, PALLD, RNF19B, SETBP1, SGK1",FALSE,1.08907683930637,"STK33 SKM","Cluster 3","C6"
"PGF_UP.V1_UP",0.455147774437577,0.549507678894147,13,182,"ACADM, CFH, CPA3, GRB14, HSD17B4, MARK2, MIPEP, PLA2G4A, RDH11, SGMS1, SUCLA2, SYNE2, UGP2",FALSE,1.10271105492344,"PGF.V1","Cluster 3","C6"
"CAMP_UP.V1_UP",0.479049913820547,0.569227227011496,13,185,"ALAS1, ATP1A1, CD74, CLPTM1, CPEB4, CS, FBXO42, GLRX, IFRD1, KRTAP4-7, NQO2, SLC25A11, ZNF385A",FALSE,1.08336783988958,"CAMP.V1","Cluster 3","C6"
"CORDENONSI_YAP_CONSERVED_SIGNATURE",0.4829806774643,0.569227227011496,4,53,"EMP2, NDRG1, SGK1, TNNT2",FALSE,1.25835643501259,"CORDENONSI YAP CONSERVED SIGNATURE","Cluster 3","C6"
"GCNP_SHH_UP_EARLY.V1_UP",0.500212614123362,0.57605294403497,11,158,"ARHGAP8, ARL5A, ATF1, ATL2, CLIP4, EPB41L4B, HMGCL, IRF6, KRT26, PARG, VPS4B",FALSE,1.07913982603089,"GCNP SHH EARLY.V1","Cluster 3","C6"
"HINATA_NFKB_MATRIX",0.502266644430697,0.57605294403497,1,10,"SERPINB2",FALSE,2.18539791240957,"HINATA NFKB MATRIX","Cluster 3","C6"
"YAP1_UP",0.511265292312177,0.57605294403497,3,40,"DDB2, SEMA3C, YWHAZ",FALSE,1.29179217746643,"YAP1","Cluster 3","C6"
"RB_P130_DN.V1_UP",0.51541745064466,0.57605294403497,8,115,"ALK, FADS2, LITAF, MYOZ2, NKD2, PDZK1, RASGRF1, SLC22A3",FALSE,1.09433113990273,"RB P130 DN.V1","Cluster 3","C6"
"VEGF_A_UP.V1_UP",0.517865777970832,0.57605294403497,12,175,"CALCOCO1, CD5, ECM1, ENO3, GLI1, HLA-DMA, HSD17B8, IRF9, OVOL1, PPL, PTGFR, TM7SF2",FALSE,1.05807487126751,"VEGF A.V1","Cluster 3","C6"
"SRC_UP.V1_UP",0.525458048939949,0.578003853833944,9,131,"ACAP1, AGPAT3, CALML5, FBLN2, LCE3D, MAPK8IP2, MLXIPL, TMEM106C, UBIAD1",FALSE,1.07324829333774,"SRC.V1","Cluster 3","C6"
"BMI1_DN_MEL18_DN.V1_UP",0.55323885152036,0.601875234071601,9,134,"ABCA1, ADRB2, CLDN1, CPA4, GAL, KRT75, LRRC15, TUFT1, ZC3H12A",FALSE,1.04743320071806,"BMI1 DN MEL18 DN.V1","Cluster 3","C6"
"CSR_EARLY_UP.V1_UP",0.615277376766726,0.662091959781585,9,141,"C21orf91, DSP, FRMD6, GABPB2, GAL, NET1, NSG1, SLC30A1, SOX9",FALSE,0.991744038651703,"CSR EARLY.V1","Cluster 3","C6"
"TBK1.DN.48HRS_UP",0.650277382249515,0.692230761749484,3,49,"DDR1, SCP2, SLC11A2",FALSE,1.04129333559309,"TBK1.DN.48HRS","Cluster 3","C6"
"KRAS.DF.V1_UP",0.674601201880227,0.710484244533431,11,180,"AKR1C3, CBLC, DDB2, FADS2, FAR2, GLRX, GLS2, HSPA2, IFI27, IRF9, PLCH2",FALSE,0.938022965001803,"KRAS.DF.V1","Cluster 3","C6"
"MYC_UP.V1_UP",0.71741473994136,0.747621676359944,9,154,"AGPAT3, DENND2D, DGAT2, GLS2, PLA2G4A, SCFD2, SORD, TMEM97, UBIAD1",FALSE,0.902537491856166,"MYC.V1","Cluster 3","C6"
"GLI1_UP.V1_UP",0.769047716859125,0.793080458010973,1,21,"TMOD3",FALSE,1.01218232539094,"GLI1.V1","Cluster 3","C6"
"CSR_LATE_UP.V1_UP",0.907596211491455,0.926309535439732,7,156,"CXCL12, KRT25, NSG1, SERPINB7, SLC25A11, TUBA4A, WSB2",FALSE,0.692349982907549,"CSR LATE.V1","Cluster 3","C6"
"E2F1_UP.V1_UP",0.997444647496012,1,4,171,"ARHGAP8, CMA1, MASP1, RDH13",FALSE,0.369650171853665,"E2F1.V1","Cluster 3","C6"
"HINATA_NFKB_IMMU_INF",1,1,0,14,"",FALSE,0.4768166423604,"HINATA NFKB IMMU INF","Cluster 3","C6"
"CSR_LATE_UP.V1_UP",6.15044568826992e-18,6.08894123138722e-16,51,156,"ACTL6A, AHSA1, CBFB, CDCA8, CDK1, CDK5, CLSPN, CTPS1, DCTPP1, DNAJB11, DTYMK, EIF3B, EIF5A, EXOSC9, FAM216A, FAM83D, FEN1, FKBP1A, GMNN, GTF3C6, ILF2, IMP4, KIF22, LYAR, MAPRE1, MAZ, MCM3, MTHFD1, MYBL2, NETO2, NOC2L, NUDC, NUF2, PA2G4, PAICS, POLD1, POLE3, PPP5C, PSMD14, RRM2, SLC16A3, SMS, SNRPA1, SRM, TRIP13, TUBG1, UBE2C, UHRF1, UTP18, ZWILCH, ZWINT",TRUE,5.41421120985673,"CSR LATE.V1","Cluster 4","C6"
"E2F1_UP.V1_UP",1.92825777329155e-13,9.54487597779317e-12,47,171,"AURKB, BUB1, CAD, CDV3, CHEK1, DCTPP1, DDB1, DDX46, DLGAP5, DNAJC2, DNAJC21, ELAVL1, ERCC2, FEN1, GRSF1, HMGB3, KIF2A, LMNB1, LPIN2, MCM10, MCM4, MPG, NASP, NCAPH, NDUFAF4, NOLC1, NOP56, PARP1, PIP4K2A, PLK4, PRC1, RRM1, RRP1B, SIRPA, SLBP, SLC7A1, SMAD1, TFAM, THOP1, TLE4, TOP2A, TRAF3, TYMS, UBE2T, UCK2, USP10, USP39",TRUE,4.21775852335767,"E2F1.V1","Cluster 4","C6"
"MYC_UP.V1_UP",8.03344418580742e-11,2.65103658131645e-09,40,154,"ABCC4, AHSA1, AMPD2, APOA4, CCDC124, CD320, CDCA7L, DCTPP1, EXOSC9, FAM216A, GEMIN5, HSPE1, IPO4, LRRC61, METTL1, MPHOSPH10, MRTO4, MTFP1, NDUFAF4, NEFH, NIP7, NLE1, NOC4L, NOP14, OAF, PES1, PIM2, PRMT3, PUS1, PUS7, RRP12, RRP15, RRP9, TGFBRAP1, TMEM132B, TOP1MT, UTP14A, UTP15, WDR4, WDR43",TRUE,3.89667950437242,"MYC.V1","Cluster 4","C6"
"GCNP_SHH_UP_LATE.V1_UP",4.62425684351158e-09,1.14450356876912e-07,39,168,"ABCE1, AURKA, AURKB, CDC25A, CDK1, CFDP1, CHEK1, CKS2, CREM, DDX39A, DDX3X, DLGAP5, EIF3A, GART, GNL3, IDH2, KIF2C, MCM10, MCM4, MCM5, MCM6, MDN1, MPHOSPH10, MRPL18, MRTO4, NOP56, NPM1, PBDC1, PFDN6, PRC1, RRM1, RRM2, SMC4, SRSF1, THOP1, TOP2A, TRIP13, USP39, YWHAE",TRUE,3.35573390432325,"GCNP SHH LATE.V1","Cluster 4","C6"
"CSR_EARLY_UP.V1_UP",1.60543894495609e-08,3.17876911101307e-07,34,141,"ACTR3, CBFB, CTPS1, DDX21, DKC1, DNAJA1, EIF4A1, EIF4A3, FAM107B, FZD8, GTPBP4, HMGA1, HPCAL1, ILF2, IRAK1, MAPRE1, MRPS35, NCL, NIP7, NOP16, PNP, POLE3, PPIF, PTPN1, RFK, RRP9, SLC16A1, SREK1IP1, SRP72, ST3GAL1, STC1, TOP1, TXNDC12, YWHAG",TRUE,3.52476060191518,"CSR EARLY.V1","Cluster 4","C6"
"CAMP_UP.V1_UP",2.51418250789344e-08,3.56316880292506e-07,40,185,"AATF, ALDOA, ARF1, CCDC124, CEBPG, CHAF1A, CNDP2, COPE, DAP3, DDX23, ELN, HMGB2, HSP90B1, HSPA5, HSPA9, ILF2, IPO4, LIMS1, LRR1, MAD2L1, MAGED1, MDH2, MRPL15, MTHFD2, MYC, NDUFB5, NDUFS2, NME1, OXA1L, PA2G4, PDIA3, PRMT1, RPL18A, RPN1, RUVBL1, SEC61A1, SLC25A5, SNW1, TMED9, TMEM9",TRUE,3.06153819018811,"CAMP.V1","Cluster 4","C6"
"SNF5_DN.V1_UP",2.5194122848965e-08,3.56316880292506e-07,36,157,"ABCE1, ACTL6A, ADI1, AURKB, BUB1, C1QC, CD53, CD68, CFP, CORO1C, CXCL10, CXCR4, DDX3X, DDX3Y, ELN, GRK6, GTF3A, HLA-B, KIF20A, LCP1, LILRB1, LMO2, LSM2, LY86, MCM5, ME2, MMP14, PITPNB, PLEK, PPP4C, PRPS1, PSMB9, RCC1, STOML2, UBE2C, ZWILCH",TRUE,3.30076626333936,"SNF5 DN.V1","Cluster 4","C6"
"MTOR_UP.N4.V1_UP",9.26797807677896e-08,1.1469122870014e-06,38,179,"ARG2, ARL3, BATF, BCAT1, BCHE, BNIP3, CCDC86, CDK16, CEBPG, CLPB, CNIH4, COQ2, CUTC, CYTL1, DBN1, E2F6, EBNA1BP2, EIF4EBP1, FKBP11, GPRC5C, HYAL3, IFI30, IL21R, KIF21B, LGMN, NANS, PAK1IP1, PHACTR2, POLR3G, PYCR1, RRP12, RRP15, RRP9, SDF2L1, SLC39A14, SLC43A1, SLC7A5, TRIB3",TRUE,2.98983306377835,"MTOR.N4.V1","Cluster 4","C6"
"RB_P130_DN.V1_UP",2.32955530685883e-07,2.56251083754472e-06,28,115,"ANAPC5, AURKA, AURKB, CCNB2, CDK1, CMTM7, COL11A2, CUEDC2, DCTPP1, EFTUD2, EXOSC2, GFER, GPN3, HINT1, HMGA2, HYAL3, KIF20A, KIF22, LSM4, ORC1, RGS16, RHOJ, RUVBL2, SDF2L1, SLC43A3, SNRPB, UBE2C, USP13",TRUE,3.56883602378929,"RB P130 DN.V1","Cluster 4","C6"
"RB_P107_DN.V1_UP",4.29282166003506e-07,4.24989344343471e-06,29,125,"CCNE1, CDC25B, CDC45, E2F1, FEN1, FKBP10, GMNN, GTSE1, KIF4A, MAD2L1, MCM2, MCM5, MCM6, MCM7, NCAPH, NELFE, ORC6, POLD1, POLE, PRC1, PRDX4, PTMA, RRM1, RRM2, SLBP, SNCG, STMN1, TCFL5, TUBG1",TRUE,3.34987380652095,"RB P107 DN.V1","Cluster 4","C6"
"SIRNA_EIF4GI_UP",8.88457871773051e-07,7.99612084595746e-06,23,89,"ADSL, AFG3L2, CCT4, CSE1L, CTSC, DRG1, EIF3K, ESYT1, HLA-B, HSPD1, IGF2R, INPP5D, KIF2A, LAP3, LRPAP1, NCAPD2, NONO, PDHA1, PSAP, SAMM50, SLC25A5, ST13, UBE2E1",TRUE,3.86526256335558,"SIRNA EIF4GI","Cluster 4","C6"
"GCNP_SHH_UP_EARLY.V1_UP",7.717921578609e-06,6.36728530235243e-05,31,158,"ABCB10, AURKA, AURKB, CHEK1, CKS2, CR2, DCPS, DHODH, FEN1, FNTB, GNL3, HLA-B, KIF4A, MAN1A1, MCM10, MCM5, MCM6, NAP1L1, NUP107, PLCG2, PRC1, RRM1, SDC3, SHC1, SRSF1, STAG2, TOP2A, TYMS, UBE2T, UPF3B, VHL",TRUE,2.70601251564456,"GCNP SHH EARLY.V1","Cluster 4","C6"
"EIF4E_UP",0.000994613134594995,0.00757436156345419,17,88,"AHSA1, CHCHD1, DNPH1, EIF4A3, GEMIN6, MDH2, METTL1, MRPL17, MRPS35, NOP16, NPM3, PFDN2, PNO1, SNRNP25, TUFM, UBL4A, UROS",TRUE,2.66737062543423,"EIF4E","Cluster 4","C6"
"MTOR_UP.V1_UP",0.00115326450511582,0.00815522757189043,25,154,"BACH2, CCDC86, CDC20, CDK1, CMBL, HMOX1, HSPE1, IFI30, KIF9, LTV1, MCM5, MCM6, MTHFD1, MYO7B, NEIL3, PFKP, PPAN, PSAT1, RCOR2, RRM2, STMN1, TARS2, TFRC, UBE2C, UHRF1",TRUE,2.14921027898127,"MTOR.V1","Cluster 4","C6"
"IL15_UP.V1_UP",0.00304700444335163,0.0201102293261208,25,165,"ADAM19, ANKRD36BP2, CCL21, CCL4, CCNE1, CD69, CDC25A, CLSTN3, HK2, KCTD12, KIF21B, LRP8, MAF, PIM2, PNO1, POLR3G, PUS1, PUS7, RGS16, RPP25, SLAMF7, SLC7A5, SPP1, TIMM50, ZBBX",TRUE,1.97981581592459,"IL15.V1","Cluster 4","C6"
"CYCLIN_D1_KE_.V1_UP",0.00391378004147304,0.0242165140066144,26,177,"ARL3, BATF, CASP3, DCAF7, DUSP5, DYRK4, EIF5A, EPHA2, FGFR4, HK3, HSPH1, IFRD2, KIF22, LPIN2, LTBR, MGAT5, MUC5AC, PMPCA, POLD1, PPID, PPP5C, RAB31, SNRPB2, STT3A, THOP1, TTLL12",TRUE,1.90806036756434,"CYCLIN D1 KE .V1","Cluster 4","C6"
"LEF1_UP.V1_UP",0.00761089188497952,0.0443222527419396,25,177,"ADAM19, AKAP12, ARG2, CARD9, CBS, CDA, CEACAM21, COL9A3, CXCR4, DBN1, FBXO17, GNG4, KCTD12, LMO2, MAP1B, PARVB, PRF1, PRPS1, RBP1, RPP25, SLC17A9, SLC26A4, SLC43A3, WASF3, ZAP70",TRUE,1.82289242063989,"LEF1.V1","Cluster 4","C6"
"RB_DN.V1_UP",0.0107749927564247,0.0592624601603359,17,110,"AHCY, ALPK3, BAZ1B, CCNE1, DNASE1L1, MCM6, MCM7, MYC, NANS, NME4, NUDT5, RRM2, SLBP, STMN1, TIMELESS, TUBG1, UBE2T",FALSE,2.03743616526517,"RB DN.V1","Cluster 4","C6"
"ALK_DN.V1_UP",0.0177253213165496,0.0923582531757059,17,116,"CARD9, CBS, CEBPG, CLSPN, GALK1, GDF15, MPO, MTHFD2, PIK3CG, PSAT1, RBM17, SLAMF7, SLC7A5, SPP1, TREM1, TRIB3, VNN2",FALSE,1.91398167307124,"ALK DN.V1","Cluster 4","C6"
"IL2_UP.V1_UP",0.0322995368317581,0.159882707317203,21,162,"ADAM19, CD69, CDC25A, CLDN5, HK2, ITGA9, KCTD12, KIF21B, LRP8, MEGF6, PIM2, POLR3G, PUS1, PUS7, RAC3, RGS16, RPP25, SIGLEC9, SLC7A5, SPP1, STX11",FALSE,1.6536334956416,"IL2.V1","Cluster 4","C6"
"BCAT_BILD_ET_AL_UP",0.0669682748538856,0.315707581454032,7,43,"CALR, DTNBP1, MTCH2, RPL27A, RPL37A, RPS6KA1, SIRPA",FALSE,2.23082939397076,"BCAT BILD ET AL","Cluster 4","C6"
"BCAT_GDS748_UP",0.0741041077690053,0.333468484960524,7,44,"COTL1, FLT4, HHEX, ITGA9, KCTD12, LMO2, SLC39A14",FALSE,2.17122865938987,"BCAT GDS748","Cluster 4","C6"
"HOXA9_DN.V1_UP",0.0858397337806912,0.369484071490801,20,171,"BAX, CARD9, CDK2AP1, CTSL, FAM98A, FCER1G, FUCA1, FYN, GADD45A, GDF15, HPSE, IFI30, IPCEF1, MAP4K4, MPO, NAGK, ROGDI, SNX10, ST3GAL6, THEMIS2",FALSE,1.47105302579877,"HOXA9 DN.V1","Cluster 4","C6"
"PDGF_UP.V1_UP",0.105340591477254,0.425480983152454,16,135,"CCNE1, CDC25A, DUSP5, FAM98A, FDX1, GADD45A, GLOD4, KBTBD11, LRPAP1, MMP17, NEU3, NRAS, PSMC6, SDC3, SLC7A5, WDR46",FALSE,1.50018537153752,"PDGF.V1","Cluster 4","C6"
"P53_DN.V2_UP",0.110942675613447,0.425480983152454,15,126,"ALOX5AP, BAX, C4BPA, CCL4, CD5L, CD68, CD69, CTLA4, GALK1, IKZF1, INPP5D, MMP17, MPZ, PTX3, TUBB1",FALSE,1.51015429690209,"P53 DN.V2","Cluster 4","C6"
"CYCLIN_D1_UP.V1_UP",0.112705119461634,0.425480983152454,19,167,"BATF, CASP3, CETP, DCAF7, DYRK4, EIF5A, EPHA2, GADD45A, HK3, KIF22, LTBR, MGAT5, MKI67, MUC5AC, PPP5C, RAB31, RPS6KA1, TGFB1, TTLL12",FALSE,1.42698042698043,"CYCLIN D1.V1","Cluster 4","C6"
"LTE2_UP.V1_UP",0.116040268132487,0.425480983152454,20,178,"AKAP12, CXCR4, DRAM1, ECI2, EHD3, ENOSF1, FGFR4, GGH, GNA14, LRP8, MEIS2, MMP9, MRPL13, P2RX4, PGM1, PHACTR2, PRPS1, SPTLC2, TIMM13, UROS",FALSE,1.40557488934088,"LTE2.V1","Cluster 4","C6"
"NFE2L2.V2",0.142608415269139,0.504222611130169,39,387,"BCAT1, CBS, CDC45, CYCS, EIF1AX, EIF2S2, ELAVL1, FECH, HMOX1, LRP8, LRPPRC, MCM10, MCM3, METAP2, MTHFD2, MUC5AC, NAP1L1, NEIL3, NLN, ORC1, PA2G4, PCSK6, PPAT, PPIA, PPIAP22, PPIF, PRR5, PSAT1, PTDSS2, REPS2, RPL22L1, RRM2, SCUBE1, SPP1, SRI, SUV39H2, TFRC, TNIP3, UCHL1",FALSE,1.23281800886673,"NFE2L2.V2","Cluster 4","C6"
"CRX_NRL_DN.V1_UP",0.155546964513731,0.518257431852977,14,123,"ARG2, BUB1B, CROCC, GADD45A, MYO7A, PDIA5, REC8, SAP30, SLC16A3, SLC25A25, SNTB2, ST3GAL1, ST8SIA1, TNIP2",FALSE,1.43786862299066,"CRX NRL DN.V1","Cluster 4","C6"
"CORDENONSI_YAP_CONSERVED_SIGNATURE",0.157047706622114,0.518257431852977,7,53,"CDC20, CENPF, FSCN1, GGH, HMMR, STMN1, TOP2A",FALSE,1.75017830864097,"CORDENONSI YAP CONSERVED SIGNATURE","Cluster 4","C6"
"CRX_DN.V1_UP",0.226876686127386,0.713046639305064,12,111,"ARG2, BUB1B, DOCK8, FAM107B, OSGEP, PDIA5, RAD51, SLC25A25, SNTB2, ST8SIA1, SUV39H2, UBTD1",FALSE,1.36329274776916,"CRX DN.V1","Cluster 4","C6"
"TBK1.DN.48HRS_UP",0.230479721795576,0.713046639305064,6,49,"CDK4, CNDP2, FCHO1, FSD1, LRPAP1, UBE2J1",FALSE,1.62077324973877,"TBK1.DN.48HRS","Cluster 4","C6"
"YAP1_UP",0.246509850873298,0.731491810112664,5,40,"CAMK4, FAF2, NRAS, RPN2, SNAP23",FALSE,1.68023010863616,"YAP1","Cluster 4","C6"
"ESC_J1_UP_EARLY.V1_UP",0.251219409533642,0.731491810112664,15,146,"ABCG1, C4BPA, CD68, CORO2A, HOMER1, NARF, NEK2, NR1H3, P2RX4, P4HA1, PDPN, RAB3IL1, RPL22, STC1, TSHZ1",FALSE,1.27914752787574,"ESC J1 EARLY.V1","Cluster 4","C6"
"GLI1_UP.V1_UP",0.259486453633841,0.733975968850007,3,21,"M6PR, TXNDC12, YBX1",FALSE,2.05128418001917,"GLI1.V1","Cluster 4","C6"
"RPS14_DN.V1_UP",0.268736244537043,0.739024672476867,18,181,"ARHGAP25, BCL2A1, CD69, CTSS, FUCA1, GDF15, GJA1, KBTBD11, KCTD12, LY86, MAF, RAB31, RASGRP3, SASH3, SCN3A, SIRPA, SPP1, ST3GAL6",FALSE,1.22795146648616,"RPS14 DN.V1","Cluster 4","C6"
"ATF2_UP.V1_UP",0.276825846472461,0.740696183804694,16,160,"BAALC, CARD9, FSD1, GNA14, GRAP, ITGA8, LTB, MELK, NCAPG, PAFAH1B3, PLK4, POLD1, PTDSS2, RAD51, RBP1, TRPM2",FALSE,1.2390317258698,"ATF2.V1","Cluster 4","C6"
"BCAT.100_UP.V1_UP",0.29640326742863,0.77220851251143,5,43,"HYAL3, ITGA9, LMO2, RBP1, SASH3",FALSE,1.54906346100084,"BCAT.100.V1","Cluster 4","C6"
"RELA_DN.V1_UP",0.333134502205053,0.776695104357936,13,133,"APBA2, BPNT1, CD38, DUSP8, DYSF, EFNA1, GRAP, LGMN, PAFAH1B2, PODXL2, PPAN, SIRPB1, SLC7A1",FALSE,1.21512442889253,"RELA DN.V1","Cluster 4","C6"
"HINATA_NFKB_IMMU_INF",0.333915134477687,0.776695104357936,2,14,"NFKB1, PTX3",FALSE,2.1679598102149,"HINATA NFKB IMMU INF","Cluster 4","C6"
"ESC_V6.5_UP_LATE.V1_UP",0.336900648181253,0.776695104357936,16,167,"EFNA1, FAM107B, FZD8, GPRC5C, GYG1, HLA-B, IGF2BP2, LCP1, LGMN, LIMD2, LPIN2, NARF, P4HA1, RHOU, SLC27A3, UNC5B",FALSE,1.18135383158569,"ESC V6.5 LATE.V1","Cluster 4","C6"
"PRC2_SUZ12_UP.V1_UP",0.336900648181253,0.776695104357936,16,167,"BFSP1, BTN3A2, COCH, CTSS, DNAJC12, FCHO1, GIMAP4, IPCEF1, KRI1, LCP1, MCTP1, PTCD2, ST18, TMEM187, TRIM58, TRPC6",FALSE,1.18135383158569,"PRC2 SUZ12.V1","Cluster 4","C6"
"CAHOY_ASTROGLIAL",0.337352419064558,0.776695104357936,9,89,"CASP12, COA6, DYSF, GLIPR2, GNA14, HMOX1, LOX, MRPS6, TOR4A",FALSE,1.27975197047035,"CAHOY ASTROGLIAL","Cluster 4","C6"
"PGF_UP.V1_UP",0.369175233007378,0.8306442742666,17,182,"ABCE1, CR2, EIF2S3, GMFB, HS2ST1, HSPA13, MMRN1, PHEX, PPAT, PPID, RASGRP3, RFK, RPGR, SMC3, SMC4, SPRYD7, UPF2",FALSE,1.14677354484487,"PGF.V1","Cluster 4","C6"
"ATM_DN.V1_UP",0.428989983715543,0.909649378475607,12,131,"APBA2, BCHE, CLIC2, COL9A3, DYSF, EFNA1, ITIH3, SIPA1, SLC7A5, SNCB, SPAG4, TREM1",FALSE,1.1339522780037,"ATM DN.V1","Cluster 4","C6"
"ESC_J1_UP_LATE.V1_UP",0.450868304867584,0.909649378475607,15,168,"CTSC, DRAM1, EFNA1, GPRC5C, GYG1, HMGA2, LGMN, MYO7A, P2RX4, P4HA1, PCBD1, PDIA5, RAB11FIP5, RHOU, UNC5B",FALSE,1.09456785216836,"ESC J1 LATE.V1","Cluster 4","C6"
"ATF2_S_UP.V1_UP",0.460244202221057,0.909649378475607,15,169,"BAALC, DYSF, EPX, FSD1, GNA14, ITGA8, ITIH3, KIF20A, MAP1B, MPZ, MYO7A, PSMB9, RELN, TOP2A, TRPM2",FALSE,1.0874268614783,"ATF2 S.V1","Cluster 4","C6"
"BMI1_DN_MEL18_DN.V1_UP",0.460645655555067,0.909649378475607,12,134,"ADAM19, EHD1, GADD45A, KIF21B, LCP1, NRP2, PIK3CG, PSAT1, SCML2, SLC7A5, TNIP3, TRIB3",FALSE,1.10601018403432,"BMI1 DN MEL18 DN.V1","Cluster 4","C6"
"EGFR_UP.V1_UP",0.463045426261207,0.909649378475607,16,181,"AKAP12, COTL1, DRAM1, DUSP5, GJA1, HK2, HOMER1, IGF2BP2, LRP8, PDE4B, PSMB9, RGS16, RPS6KA3, SPTLC2, TFPI, VAV3",FALSE,1.08063533340982,"EGFR.V1","Cluster 4","C6"
"NRL_DN.V1_UP",0.467986417383956,0.909649378475607,11,123,"ARG2, CALU, GADD45A, GNB1, NME4, NUF2, PDIA5, SAP30, SNTB2, ST3GAL1, ST8SIA1",FALSE,1.10792831541219,"NRL DN.V1","Cluster 4","C6"
"CAHOY_OLIGODENDROCUTIC",0.468607255578343,0.909649378475607,8,88,"BCR, CLYBL, DCPS, EFHD2, GALNT18, PRKCQ, PUS7, RTKN",FALSE,1.14439993668805,"CAHOY OLIGODENDROCUTIC","Cluster 4","C6"
"PRC1_BMI_UP.V1_UP",0.533900274277753,0.999991609869696,14,165,"CD5L, CXCL10, DNAJC12, DPEP1, FCHO1, HYAL3, IGHV1-69, IRF8, KRI1, MCTP1, MDFI, RGS16, TMEM187, TRPC6",FALSE,1.03699262873745,"PRC1 BMI.V1","Cluster 4","C6"
"MEK_UP.V1_UP",0.570127187364942,0.999991609869696,15,181,"ABCC4, ABCG1, ARRB1, CORO1A, COTL1, CXCR4, EFHD2, EPHA2, GDF15, IGF2BP2, LRP8, NME4, RAB8B, SPTLC2, STIP1",FALSE,1.0084256311414,"MEK.V1","Cluster 4","C6"
"E2F3_UP.V1_UP",0.571016547267422,0.999991609869696,14,169,"CCNE1, CHST7, FAM78A, FEN1, GINS1, L3MBTL3, LMO2, MICB, POLE, PXMP2, SLC27A3, SNRNP25, SNX10, TSHZ1",FALSE,1.0101079731743,"E2F3.V1","Cluster 4","C6"
"MEL18_DN.V1_UP",0.58499919711391,0.999991609869696,11,134,"ADAM19, CLSPN, CTSS, EPHA2, KIF21B, LCP1, MICB, NRP2, SLC7A5, SPP1, TIE1",FALSE,1.00867180357843,"MEL18 DN.V1","Cluster 4","C6"
"HINATA_NFKB_MATRIX",0.586387025463319,0.999991609869696,1,10,"MMP14",FALSE,1.71085663950672,"HINATA NFKB MATRIX","Cluster 4","C6"
"JNK_DN.V1_UP",0.600086746426347,0.999991609869696,13,160,"BAG2, CCL4, ELN, IGLV6-57, IL12RB1, MMP17, NLE1, PDE4B, PIP4K2A, PPP1R8, RNF8, SKAP1, TSN",FALSE,0.991306955292505,"JNK DN.V1","Cluster 4","C6"
"KRAS.LUNG.BREAST_UP.V1_UP",0.608233747424323,0.999991609869696,10,124,"ADAM19, CD247, FAM174B, GYPC, IGHV3-48, MMP9, OSBP2, RELN, ST3GAL6, STC1",FALSE,0.993256966148942,"KRAS.LUNG.BREAST.V1","Cluster 4","C6"
"KRAS.AMP.LUNG_UP.V1_UP",0.611973794425965,0.999991609869696,9,112,"CD247, CLSTN3, FAM174B, FCER1G, HSPA1L, OSBP2, SLC26A4, SPP1, ST3GAL6",FALSE,0.9941796170188,"KRAS.AMP.LUNG.V1","Cluster 4","C6"
"PDGF_ERK_DN.V1_UP",0.658263049834635,0.999991609869696,10,129,"CFDP1, GAP43, IL12RB1, KBTBD11, LRPAP1, NEU3, PDIA3, RBM3, RPIA, ST6GAL1",FALSE,0.951451766717927,"PDGF ERK DN.V1","Cluster 4","C6"
"KRAS.DF.V1_UP",0.666226715360221,0.999991609869696,14,180,"AKAP12, AURKB, CDA, CLDN5, CLPB, CORO1A, CUTC, DLGAP5, DNASE1L1, LRP8, PDPN, RAC2, SAP30, SPAG4",FALSE,0.942835783240391,"KRAS.DF.V1","Cluster 4","C6"
"IL21_UP.V1_UP",0.69199092153339,0.999991609869696,12,158,"CLSTN3, FUZ, GDF9, KIF21B, MPZ, NR1H3, OLFM1, PIM2, PTX3, RPP25, SLC7A5, SPP1",FALSE,0.923671331920123,"IL21.V1","Cluster 4","C6"
"RAPA_EARLY_UP.V1_UP",0.706312188777868,0.999991609869696,11,147,"EFNA5, FAM50A, FKBP1A, FSCN1, GAS8, GPR182, ICOS, ISG20L2, MPO, NINJ1, SNCG",FALSE,0.911993382961125,"RAPA EARLY.V1","Cluster 4","C6"
"ERBB2_UP.V1_UP",0.710570863932121,0.999991609869696,13,173,"ABCG1, CXCR4, DRAM1, FAM174B, FER1L4, FGFR4, GDF15, NME4, PDE4B, PRPS1, SPAG4, STIP1, UROS",FALSE,0.91040005039013,"ERBB2.V1","Cluster 4","C6"
"DCA_UP.V1_UP",0.716353086204418,0.999991609869696,12,161,"ADAM19, AURKB, BFSP1, CDC45, CLPB, IGLV2-14, IL2RA, ITGA8, KIF17, KLHL3, MYCT1, PAK1IP1",FALSE,0.904995320729497,"DCA.V1","Cluster 4","C6"
"BMI1_DN.V1_UP",0.721786953626884,0.999991609869696,10,136,"CLSPN, CTSS, EPHA2, LCP1, MICB, NRP2, SIRPA, SLC5A6, SLC7A5, TIE1",FALSE,0.898476482379653,"BMI1 DN.V1","Cluster 4","C6"
"KRAS.600.LUNG.BREAST_UP.V1_UP",0.735365107490361,0.999991609869696,18,240,"ADAM19, AKAP12, CD247, CLDN5, COL9A3, DCAF13, FAM174B, FLT4, GYPC, IGHV3-48, MMP9, NACC1, OSBP2, RELN, ST3GAL6, STC1, TFPI, TRIM46",FALSE,0.899574419612769,"KRAS.600.LUNG.BREAST.V1","Cluster 4","C6"
"KRAS.50_UP.V1_UP",0.74443252465293,0.999991609869696,3,45,"RELN, ST3GAL6, STC1",FALSE,0.891808072014061,"KRAS.50.V1","Cluster 4","C6"
"BRCA1_DN.V1_UP",0.76857614193697,0.999991609869696,7,102,"CTLA4, HMGA2, IQCA1, PRSS21, RPP25, SLC43A1, VAV1",FALSE,0.85002703522492,"BRCA1 DN.V1","Cluster 4","C6"
"KRAS.PROSTATE_UP.V1_UP",0.773695040688968,0.999991609869696,8,116,"CD79A, CR2, CRISP2, FSD1, LIMD2, MMP17, MYO7B, THSD4",FALSE,0.84784238624764,"KRAS.PROSTATE.V1","Cluster 4","C6"
"ESC_V6.5_UP_EARLY.V1_UP",0.777089810076779,0.999991609869696,10,143,"ERCC2, GPRC5B, HDAC11, ITIH3, LIMD2, MDFI, NARF, PSMB9, SLC16A3, SUV39H2",FALSE,0.851056658571235,"ESC V6.5 EARLY.V1","Cluster 4","C6"
"RAF_UP.V1_UP",0.781315215231903,0.999991609869696,13,183,"ABCC4, ANKRD6, CORO1A, COTL1, FYN, KCTD12, ME2, NMI, PGM1, PRPS1, PSMB9, SMAGP, STS",FALSE,0.856559452722183,"RAF.V1","Cluster 4","C6"
"TBK1.DF_UP",0.804247790816657,0.999991609869696,19,265,"CORO1A, CREM, DUSP5, EFNA1, GINS1, GTF2E1, HMOX1, MMP9, NETO2, NF2, NFKB1, PCLO, PNP, RAD51AP1, SIRPA, SNAP23, SNX10, USP10, UXS1",FALSE,0.85529278024207,"TBK1.DF","Cluster 4","C6"
"P53_DN.V1_UP",0.805928748047366,0.999991609869696,13,187,"BCL10, CDK2AP1, CORO2A, FYN, MEIS2, RBP1, RP2, SAP30, SCRN1, SMAGP, SNHG3, UCHL1, UQCRH",FALSE,0.836751049454091,"P53 DN.V1","Cluster 4","C6"
"VEGF_A_UP.V1_UP",0.813258627593301,0.999991609869696,12,175,"ABCB10, CCS, CD79A, COL11A2, DUSP8, LTB, MGAT5, NINJ1, P2RX4, PLA2G4C, RBMX2, SH3BP2",FALSE,0.826902560378886,"VEGF A.V1","Cluster 4","C6"
"CAHOY_ASTROCYTIC",0.815962111206175,0.999991609869696,6,94,"BCAT1, CBS, CKAP5, CORO1C, NCEH1, RAN",FALSE,0.794802259887006,"CAHOY ASTROCYTIC","Cluster 4","C6"
"STK33_NOMO_UP",0.818896653130897,0.999991609869696,19,268,"C1QC, CCL4, DUSP5, GDF15, GJA1, GNA12, GPRIN3, HMOX1, KBTBD8, MGAT4B, NCEH1, NRAS, PTX3, RAB8B, RASGRP3, SIGLEC9, ST3GAL1, STC1, TREM1",FALSE,0.844876566319452,"STK33 NOMO","Cluster 4","C6"
"SINGH_KRAS_DEPENDENCY_SIGNATURE",0.828998739105916,0.999991609869696,1,20,"C6orf141",FALSE,0.833065121768051,"SINGH KRAS DEPENDENCY SIGNATURE","Cluster 4","C6"
"WNT_UP.V1_UP",0.836010474781212,0.999991609869696,10,152,"AP1B1, AP2S1, AURKB, CCDC86, FNTB, GDF15, HYOU1, MAZ, PMF1, STS",FALSE,0.796933882224485,"WNT.V1","Cluster 4","C6"
"KRAS.LUNG_UP.V1_UP",0.868658187775802,0.999991609869696,7,116,"BCL2A1, CD247, CLSTN3, IKZF1, LILRB1, RELN, ST3GAL6",FALSE,0.740811029448413,"KRAS.LUNG.V1","Cluster 4","C6"
"PRC2_EZH2_UP.V1_UP",0.882481155279631,0.999991609869696,11,175,"CARD9, DNAJC12, DUSP8, EPHB2, HYAL3, IRF8, KCTD12, MCTP1, RGS16, ST6GAL1, TOR4A",FALSE,0.755662319835278,"PRC2 EZH2.V1","Cluster 4","C6"
"KRAS.BREAST_UP.V1_UP",0.884674898036306,0.999991609869696,7,119,"AKAP12, ANKRD36BP2, COL9A3, EFNA5, MMP9, STC1, TFPI",FALSE,0.720944117921448,"KRAS.BREAST.V1","Cluster 4","C6"
"PRC2_EED_DN.V1_UP",0.886510518257588,0.999991609869696,10,162,"CDK2AP1, CXCL10, DNAJC12, DUSP8, FUCA1, IRF8, MCTP1, PCBD1, STIP1, TMEM187",FALSE,0.744289870258793,"PRC2 EED DN.V1","Cluster 4","C6"
"STK33_UP",0.893454929008076,0.999991609869696,17,260,"BCL2A1, CCL4, CPEB2, DUSP5, DUSP8, GDF15, GJA1, GPRIN3, HMOX1, KBTBD8, NCEH1, RASGRP3, RNF141, STC1, TFPI, TRAC, TREM1",FALSE,0.776273745008845,"STK33","Cluster 4","C6"
"AKT_UP.V1_UP",0.899682795084967,0.999991609869696,9,151,"ACOT9, GAK, LGMN, PFKP, POLE3, TFRC, TOR3A, UBE2C, UNC5B",FALSE,0.720631362659942,"AKT.V1","Cluster 4","C6"
"CAHOY_NEURONAL",0.909837124071794,0.999991609869696,4,79,"DMTN, PGM2L1, PRDM8, RASGEF1A",FALSE,0.644704484770432,"CAHOY NEURONAL","Cluster 4","C6"
"KRAS.300_UP.V1_UP",0.926705585972785,0.999991609869696,7,129,"ADAM19, PTX3, RELN, SPP1, ST3GAL6, STC1, TFPI",FALSE,0.661748830514574,"KRAS.300.V1","Cluster 4","C6"
"NOTCH_DN.V1_UP",0.934043441344898,0.999991609869696,9,161,"CDKL1, HMOX1, MTG1, PIM2, RHCE, RP2, SLC17A9, STARD8, ZBBX",FALSE,0.673027757235576,"NOTCH DN.V1","Cluster 4","C6"
"AKT_UP_MTOR_DN.V1_UP",0.947014882502754,0.999991609869696,9,166,"DUSP8, GAK, LGMN, PFDN2, PSMD7, RASAL3, TOR3A, TRAF3, TTLL1",FALSE,0.651492792876934,"AKT MTOR DN.V1","Cluster 4","C6"
"KRAS.600_UP.V1_UP",0.954969001993736,0.999991609869696,14,243,"ADAM19, CXCR4, FAM174B, FLT4, MMP17, MMP9, PLA2G4C, PTX3, RELN, SPP1, ST18, ST3GAL6, STC1, TFPI",FALSE,0.681781313568167,"KRAS.600.V1","Cluster 4","C6"
"CTIP_DN.V1_UP",0.960860686714061,0.999991609869696,5,110,"ALPK3, COCH, CTLA4, SLC43A1, TUBB1",FALSE,0.563345067949922,"CTIP DN.V1","Cluster 4","C6"
"KRAS.KIDNEY_UP.V1_UP",0.966355084525033,0.999991609869696,6,129,"AQP4, GAP43, GPRC5B, RELN, ST3GAL6, TRIL",FALSE,0.568524107471476,"KRAS.KIDNEY.V1","Cluster 4","C6"
"SRC_UP.V1_UP",0.96978261676752,0.999991609869696,6,131,"DYRK4, GALK1, IRF8, MATK, MRPS34, RFXANK",FALSE,0.559406012314379,"SRC.V1","Cluster 4","C6"
"JAK2_DN.V1_UP",0.98258095612899,0.999991609869696,6,141,"ASGR1, CCL21, GALK1, RANGAP1, SNCB, SUV39H2",FALSE,0.517853069439785,"JAK2 DN.V1","Cluster 4","C6"
"STK33_SKM_UP",0.992656686453062,0.999991609869696,11,239,"BCL2A1, CCL4, CD53, CDK2AP1, CPEB2, DUSP5, DUSP8, HMOX1, RASGRP3, RNF141, TFPI",FALSE,0.542203712853815,"STK33 SKM","Cluster 4","C6"
"TGFB_UP.V1_UP",0.993719785914221,0.999991609869696,7,176,"ABCG1, AKAP12, FLT4, IGLV2-14, SKAP1, SPSB1, STC1",FALSE,0.477090964931182,"TGFB.V1","Cluster 4","C6"
"PTEN_DN.V2_UP",0.998930308557681,0.999991609869696,3,127,"CEACAM21, CLPB, GNA14",FALSE,0.303145001115885,"PTEN DN.V2","Cluster 4","C6"
"PTEN_DN.V1_UP",0.999340175722487,0.999991609869696,4,155,"ALOX5AP, FCER1G, SLC26A4, UCHL1",FALSE,0.320026889528852,"PTEN DN.V1","Cluster 4","C6"
"PKCA_DN.V1_UP",0.999991609869696,0.999991609869696,1,132,"SLC16A3",FALSE,0.122821642776461,"PKCA DN.V1","Cluster 4","C6"
"P53_DN.V1_UP",0.000377986732274435,0.0374206864951691,9,187,"COL17A1, DSP, EXPH5, IL18, KLF5, PPL, PRSS3, SERPINB5, ZNF185",TRUE,4.60236901413372,"P53 DN.V1","Cluster 5","C6"
"NFE2L2.V2",0.00216753949858841,0.107293205180126,12,387,"ALDH3A1, ALDH3A2, AXIN2, CXCL12, CYP4F12, FERMT1, GAS7, GPC1, PTPRZ1, SERPINA12, TRIM29, TYR",FALSE,2.887448314528,"NFE2L2.V2","Cluster 5","C6"
"AKT_UP.V1_UP",0.00891684469378452,0.199974308409735,6,151,"ARG1, C3orf52, GDPD2, GSDMC, KRT23, PLAGL1",FALSE,3.82165160143102,"AKT.V1","Cluster 5","C6"
"IL2_UP.V1_UP",0.0123234357958634,0.199974308409735,6,162,"CXCL12, ESRP2, EVPL, LGALSL, PAK6, USH2A",FALSE,3.55116085310731,"IL2.V1","Cluster 5","C6"
"TBK1.DF_UP",0.0132833317875801,0.199974308409735,8,265,"C3orf52, DEGS1, FAT2, LSP1, PPP2R3A, PRSS3, PTK6, TUFT1",FALSE,2.83193230014674,"TBK1.DF","Cluster 5","C6"
"AKT_UP_MTOR_DN.V1_UP",0.0137623109235917,0.199974308409735,6,166,"ARG1, C3orf52, GDPD2, GSDMC, KRT23, PLAGL1",FALSE,3.46199312978564,"AKT MTOR DN.V1","Cluster 5","C6"
"PRC2_SUZ12_UP.V1_UP",0.0141395975643247,0.199974308409735,6,167,"CYP4F12, FAT2, LCE2B, PRKG2, SERPINB2, XPNPEP2",FALSE,3.44039135161251,"PRC2 SUZ12.V1","Cluster 5","C6"
"SIRNA_EIF4GI_UP",0.020778778869953,0.245661121305594,4,89,"CTSC, NSG1, PERP, PTPN13",FALSE,4.4786150712831,"SIRNA EIF4GI","Cluster 5","C6"
"SINGH_KRAS_DEPENDENCY_SIGNATURE",0.022665845974053,0.245661121305594,2,20,"LAD1, MST1R",FALSE,11.4428064428064,"SINGH KRAS DEPENDENCY SIGNATURE","Cluster 5","C6"
"CAHOY_ASTROCYTIC",0.0248142546773327,0.245661121305594,4,94,"FGD6, FGFR3, SCG3, TNFRSF19",FALSE,4.23016507072048,"CAHOY ASTROCYTIC","Cluster 5","C6"
"ESC_J1_UP_EARLY.V1_UP",0.0290677834009102,0.261610050608192,5,146,"BNIPL, CDHR1, CXCL12, EVPL, NSG1",FALSE,3.31215359824261,"ESC J1 EARLY.V1","Cluster 5","C6"
"BRCA1_DN.V1_UP",0.0321928155930897,0.26559072864299,4,102,"CCL27, OSR2, POU2F3, SLURP1",FALSE,3.88510963846703,"BRCA1 DN.V1","Cluster 5","C6"
"IL21_UP.V1_UP",0.0388279700489373,0.295689925757291,5,158,"ARG1, CXCL12, FAT2, KLK11, XPNPEP2",FALSE,3.05146446580471,"IL21.V1","Cluster 5","C6"
"PRC2_EZH2_UP.V1_UP",0.0557169494094675,0.3870077697938,5,175,"AHNAK2, C3orf52, PRKG2, PRSS3, SERPINB2",FALSE,2.7449699848275,"PRC2 EZH2.V1","Cluster 5","C6"
"RB_P107_DN.V1_UP",0.0598605726092515,0.3870077697938,4,125,"DCT, FBN1, TRPM1, TYRP1",FALSE,3.14618692011767,"RB P107 DN.V1","Cluster 5","C6"
"MEK_UP.V1_UP",0.062546710269705,0.3870077697938,5,181,"ALDH3A1, FGFR3, LGALSL, SPTBN2, TRIM29",FALSE,2.65089185885515,"MEK.V1","Cluster 5","C6"
"PKCA_DN.V1_UP",0.0701668891754322,0.40297749560636,4,132,"BBOX1, GDPD2, LTB4R, RDH12",FALSE,2.97380078771981,"PKCA DN.V1","Cluster 5","C6"
"MEL18_DN.V1_UP",0.0732686355647927,0.40297749560636,4,134,"C3orf52, CA12, CLDN1, COL7A1",FALSE,2.92794437811644,"MEL18 DN.V1","Cluster 5","C6"
"RAPA_EARLY_UP.V1_UP",0.0950733843240667,0.483892431637943,4,147,"CDON, FGFR2, KRT14, PTK6",FALSE,2.66103450967591,"RAPA EARLY.V1","Cluster 5","C6"
"KRAS.50_UP.V1_UP",0.097756046795544,0.483892431637943,2,45,"CD1A, SCG3",FALSE,4.86067572274469,"KRAS.50.V1","Cluster 5","C6"
"HINATA_NFKB_MATRIX",0.111338447982318,0.524881254773787,1,10,"SERPINB2",FALSE,13.3219315895372,"HINATA NFKB MATRIX","Cluster 5","C6"
"DCA_UP.V1_UP",0.121552083115965,0.546984374021842,4,161,"EPHB6, WNT16, ZNF185, ZNF750",FALSE,2.42286878091359,"DCA.V1","Cluster 5","C6"
"IL15_UP.V1_UP",0.129643546854877,0.558030919070992,4,165,"CXCL12, LGALSL, LSP1, PAK6",FALSE,2.36240565472625,"IL15.V1","Cluster 5","C6"
"LEF1_UP.V1_UP",0.155189367899039,0.61768306386388,4,177,"GATA3, GNG4, KRT23, KRT5",FALSE,2.197743826925,"LEF1.V1","Cluster 5","C6"
"LTE2_UP.V1_UP",0.157398890221165,0.61768306386388,4,178,"DEGS1, EPS8L1, PLAGL1, PPFIA3",FALSE,2.18504426379706,"LTE2.V1","Cluster 5","C6"
"KRAS.BREAST_UP.V1_UP",0.164276886785871,0.61768306386388,3,119,"SCEL, USH2A, WNT16",FALSE,2.54231341789343,"KRAS.BREAST.V1","Cluster 5","C6"
"CRX_NRL_DN.V1_UP",0.175772571141136,0.61768306386388,3,123,"EPS8L1, GAS7, RDH12",FALSE,2.45744994234638,"CRX NRL DN.V1","Cluster 5","C6"
"NRL_DN.V1_UP",0.175772571141136,0.61768306386388,3,123,"GAS7, GRIP1, LAD1",FALSE,2.45744994234638,"NRL DN.V1","Cluster 5","C6"
"P53_DN.V2_UP",0.1845376988536,0.61768306386388,3,126,"CXCL12, KRT14, NFIX",FALSE,2.3974098923389,"P53 DN.V2","Cluster 5","C6"
"PTEN_DN.V2_UP",0.187484969579615,0.61768306386388,3,127,"IL11RA, LSP1, SERPINB5",FALSE,2.37803954153327,"PTEN DN.V2","Cluster 5","C6"
"KRAS.KIDNEY_UP.V1_UP",0.19341590888667,0.61768306386388,3,129,"GATM, NSG1, SCG3",FALSE,2.34021759173889,"KRAS.KIDNEY.V1","Cluster 5","C6"
"BMI1_DN_MEL18_DN.V1_UP",0.208440649583017,0.643568617214181,3,134,"CLDN1, COL7A1, TUFT1",FALSE,2.25069605657918,"BMI1 DN MEL18 DN.V1","Cluster 5","C6"
"BMI1_DN.V1_UP",0.214522872404727,0.643568617214181,3,136,"CLDN1, COL7A1, MFAP5",FALSE,2.21676504774711,"BMI1 DN.V1","Cluster 5","C6"
"CSR_EARLY_UP.V1_UP",0.229887589295095,0.650253466863269,3,141,"DKC1, DSP, NSG1",FALSE,2.13622483725222,"CSR EARLY.V1","Cluster 5","C6"
"JAK2_DN.V1_UP",0.229887589295095,0.650253466863269,3,141,"EPPK1, GJB3, KRT23",FALSE,2.13622483725222,"JAK2 DN.V1","Cluster 5","C6"
"MTOR_UP.V1_UP",0.270668595721428,0.685638260405385,3,154,"CAPN12, GSDMC, SERPINB5",FALSE,1.95170003815797,"MTOR.V1","Cluster 5","C6"
"CAHOY_OLIGODENDROCUTIC",0.276246103739895,0.685638260405385,2,88,"ATP10B, DCT",FALSE,2.43936474572313,"CAHOY OLIGODENDROCUTIC","Cluster 5","C6"
"CSR_LATE_UP.V1_UP",0.277020922508781,0.685638260405385,3,156,"CXCL12, NSG1, SERPINB7",FALSE,1.92608572127042,"CSR LATE.V1","Cluster 5","C6"
"ATF2_UP.V1_UP",0.289767703115827,0.685638260405385,3,160,"ALOX12, CLDN1, SERPINB2",FALSE,1.87680865449628,"ATF2.V1","Cluster 5","C6"
"NOTCH_DN.V1_UP",0.292961670584179,0.685638260405385,3,161,"CDHR1, LCE2B, SPTBN2",FALSE,1.86487800820317,"NOTCH DN.V1","Cluster 5","C6"
"PRC2_EED_DN.V1_UP",0.296158041384021,0.685638260405385,3,162,"SERPINB2, SERPINB7, TUFT1",FALSE,1.85309696249054,"PRC2 EED DN.V1","Cluster 5","C6"
"PRC1_BMI_UP.V1_UP",0.305759103212574,0.685638260405385,3,165,"KRT1, TYR, XPNPEP2",FALSE,1.81862381026681,"PRC1 BMI.V1","Cluster 5","C6"
"KRAS.600.LUNG.BREAST_UP.V1_UP",0.31105451289148,0.685638260405385,4,240,"ARG1, CD1A, PRSS3, USH2A",FALSE,1.60741550875592,"KRAS.600.LUNG.BREAST.V1","Cluster 5","C6"
"CYCLIN_D1_UP.V1_UP",0.312167343383572,0.685638260405385,3,167,"ALDH3A2, CD1A, NSG1",FALSE,1.79634025290233,"CYCLIN D1.V1","Cluster 5","C6"
"ESC_J1_UP_LATE.V1_UP",0.315373009035898,0.685638260405385,3,168,"CTSC, DSP, TUFT1",FALSE,1.78540043999681,"ESC J1 LATE.V1","Cluster 5","C6"
"E2F3_UP.V1_UP",0.318579393723714,0.685638260405385,3,169,"ANKRD18A, FGFR3, LRP4",FALSE,1.77459203625532,"E2F3.V1","Cluster 5","C6"
"KRAS.DF.V1_UP",0.35383308755192,0.716608895476498,3,180,"CBLC, PLCH2, PRSS3",FALSE,1.66373739393766,"KRAS.DF.V1","Cluster 5","C6"
"EGFR_UP.V1_UP",0.357030884493276,0.716608895476498,3,181,"CLDN1, FGFR3, PLAGL1",FALSE,1.65433719126596,"EGFR.V1","Cluster 5","C6"
"CTIP_DN.V1_UP",0.370680251243543,0.716608895476498,2,110,"CLEC3B, PMEL",FALSE,1.94269887818275,"CTIP DN.V1","Cluster 5","C6"
"RB_DN.V1_UP",0.370680251243543,0.716608895476498,2,110,"DCT, TYRP1",FALSE,1.94269887818275,"RB DN.V1","Cluster 5","C6"
"CRX_DN.V1_UP",0.374875843127337,0.716608895476498,2,111,"GAS7, RDH12",FALSE,1.92486508924865,"CRX DN.V1","Cluster 5","C6"
"KRAS.AMP.LUNG_UP.V1_UP",0.379060046503733,0.716608895476498,2,112,"PRKG2, XPNPEP2",FALSE,1.90735408382467,"KRAS.AMP.LUNG.V1","Cluster 5","C6"
"KRAS.LUNG_UP.V1_UP",0.39567690358042,0.716608895476498,2,116,"CD1A, PRKG2",FALSE,1.84036875303251,"KRAS.LUNG.V1","Cluster 5","C6"
"KRAS.PROSTATE_UP.V1_UP",0.39567690358042,0.716608895476498,2,116,"HAL, PLCH2",FALSE,1.84036875303251,"KRAS.PROSTATE.V1","Cluster 5","C6"
"BCAT_BILD_ET_AL_UP",0.398280825088701,0.716608895476498,1,43,"AXIN2",FALSE,2.97315658657829,"BCAT BILD ET AL","Cluster 5","C6"
"BCAT_GDS748_UP",0.40535452673418,0.716608895476498,1,44,"C3orf52",FALSE,2.90466939568445,"BCAT GDS748","Cluster 5","C6"
"KRAS.LUNG.BREAST_UP.V1_UP",0.428277777573933,0.743850876838937,2,124,"CD1A, PRSS3",FALSE,1.71952174809318,"KRAS.LUNG.BREAST.V1","Cluster 5","C6"
"KRAS.300_UP.V1_UP",0.448180787198017,0.752032168349215,2,129,"CD1A, SCG3",FALSE,1.65169340463458,"KRAS.300.V1","Cluster 5","C6"
"PDGF_ERK_DN.V1_UP",0.448180787198017,0.752032168349215,2,129,"SERPINB2, ZNF185",FALSE,1.65169340463458,"PDGF ERK DN.V1","Cluster 5","C6"
"WNT_UP.V1_UP",0.534387135250382,0.881738773163131,2,152,"LTB4R, MST1R",FALSE,1.39773146749891,"WNT.V1","Cluster 5","C6"
"PTEN_DN.V1_UP",0.544936559924873,0.884405236599384,2,155,"PTPRZ1, SCEL",FALSE,1.37021682624288,"PTEN DN.V1","Cluster 5","C6"
"JNK_DN.V1_UP",0.562147179850088,0.897622109760625,2,160,"ALOX12B, PMEL",FALSE,1.32667367683141,"JNK DN.V1","Cluster 5","C6"
"ESC_V6.5_UP_LATE.V1_UP",0.585453584845246,0.915661264502485,2,167,"PLAGL1, PTPN13",FALSE,1.27013335774665,"ESC V6.5 LATE.V1","Cluster 5","C6"
"ATF2_S_UP.V1_UP",0.59194263563797,0.915661264502485,2,169,"CLDN1, PMEL",FALSE,1.25484697723504,"ATF2 S.V1","Cluster 5","C6"
"CAHOY_NEURONAL",0.607035257275548,0.92456139185045,1,79,"BCL11A",FALSE,1.60690256186802,"CAHOY NEURONAL","Cluster 5","C6"
"RAF_UP.V1_UP",0.635248965754549,0.952873448631823,2,183,"CD44, CLDN1",FALSE,1.1572752316554,"RAF.V1","Cluster 5","C6"
"EIF4E_UP",0.646781042404648,0.955691391015823,1,88,"IL18",FALSE,1.44100028743892,"EIF4E","Cluster 5","C6"
"KRAS.600_UP.V1_UP",0.780986878452608,1,2,243,"CD1A, SCG3",FALSE,0.867243867243867,"KRAS.600.V1","Cluster 5","C6"
"ATM_DN.V1_UP",0.787913526751073,1,1,131,"PPL",FALSE,0.964198987025602,"ATM DN.V1","Cluster 5","C6"
"SRC_UP.V1_UP",0.787913526751073,1,1,131,"PI16",FALSE,0.964198987025602,"SRC.V1","Cluster 5","C6"
"RELA_DN.V1_UP",0.792891392798653,1,1,133,"GAS7",FALSE,0.949553927337611,"RELA DN.V1","Cluster 5","C6"
"PDGF_UP.V1_UP",0.797752881949034,1,1,135,"DEGS1",FALSE,0.935344408458184,"PDGF.V1","Cluster 5","C6"
"STK33_UP",0.811799628430881,1,2,260,"CLDN1, GAN",FALSE,0.809546138366254,"STK33","Cluster 5","C6"
"MYC_UP.V1_UP",0.838626183479485,1,1,154,"TAF4B",FALSE,0.818821725139108,"MYC.V1","Cluster 5","C6"
"HOXA9_DN.V1_UP",0.868165415745703,1,1,171,"GAS7",FALSE,0.736577824719578,"HOXA9 DN.V1","Cluster 5","C6"
"ERBB2_UP.V1_UP",0.87126553979064,1,1,173,"SPTBN2",FALSE,0.727967806841046,"ERBB2.V1","Cluster 5","C6"
"VEGF_A_UP.V1_UP",0.874293049528143,1,1,175,"PPL",FALSE,0.719555153269185,"VEGF A.V1","Cluster 5","C6"
"TGFB_UP.V1_UP",0.875780105001918,1,1,176,"WNT16",FALSE,0.715420729505236,"TGFB.V1","Cluster 5","C6"
"CYCLIN_D1_KE_.V1_UP",0.877249639107511,1,1,177,"ALDH3A2",FALSE,0.71133315473578,"CYCLIN D1 KE .V1","Cluster 5","C6"
"STK33_SKM_UP",0.941372710400039,1,1,239,"CLDN1",FALSE,0.524847196385862,"STK33 SKM","Cluster 5","C6"
"STK33_NOMO_UP",0.958536769404481,1,1,268,"GAN",FALSE,0.467293480509224,"STK33 NOMO","Cluster 5","C6"
"ALK_DN.V1_UP",1,1,0,116,"",FALSE,0.358820645583012,"ALK DN.V1","Cluster 5","C6"
"BCAT.100_UP.V1_UP",1,1,0,43,"",FALSE,0.964342478059567,"BCAT.100.V1","Cluster 5","C6"
"CAHOY_ASTROGLIAL",1,1,0,89,"",FALSE,0.467672775719036,"CAHOY ASTROGLIAL","Cluster 5","C6"
"CAMP_UP.V1_UP",1,1,0,185,"",FALSE,0.224605545322451,"CAMP.V1","Cluster 5","C6"
"CORDENONSI_YAP_CONSERVED_SIGNATURE",1,1,0,53,"",FALSE,0.783716966643567,"CORDENONSI YAP CONSERVED SIGNATURE","Cluster 5","C6"
"E2F1_UP.V1_UP",1,1,0,171,"",FALSE,0.24310428437049,"E2F1.V1","Cluster 5","C6"
"ESC_V6.5_UP_EARLY.V1_UP",1,1,0,143,"",FALSE,0.290930292641031,"ESC V6.5 EARLY.V1","Cluster 5","C6"
"GCNP_SHH_UP_EARLY.V1_UP",1,1,0,158,"",FALSE,0.263207803619858,"GCNP SHH EARLY.V1","Cluster 5","C6"
"GCNP_SHH_UP_LATE.V1_UP",1,1,0,168,"",FALSE,0.247468230229004,"GCNP SHH LATE.V1","Cluster 5","C6"
"GLI1_UP.V1_UP",1,1,0,21,"",FALSE,1.95316213822995,"GLI1.V1","Cluster 5","C6"
"HINATA_NFKB_IMMU_INF",1,1,0,14,"",FALSE,2.89703545021077,"HINATA NFKB IMMU INF","Cluster 5","C6"
"MTOR_UP.N4.V1_UP",1,1,0,179,"",FALSE,0.232180237913152,"MTOR.N4.V1","Cluster 5","C6"
"PGF_UP.V1_UP",1,1,0,182,"",FALSE,0.228330633870481,"PGF.V1","Cluster 5","C6"
"RB_P130_DN.V1_UP",1,1,0,115,"",FALSE,0.361944668557895,"RB P130 DN.V1","Cluster 5","C6"
"RPS14_DN.V1_UP",1,1,0,181,"",FALSE,0.229599695258285,"RPS14 DN.V1","Cluster 5","C6"
"SNF5_DN.V1_UP",1,1,0,157,"",FALSE,0.264891688138181,"SNF5 DN.V1","Cluster 5","C6"
"TBK1.DN.48HRS_UP",1,1,0,49,"",FALSE,0.847209570656464,"TBK1.DN.48HRS","Cluster 5","C6"
"YAP1_UP",1,1,0,40,"",FALSE,1.03592369925035,"YAP1","Cluster 5","C6"
