"Hugo_Symbol","germline_pv_carrier_count","somatic_nonsyn_carrier_count","germline_and_somatic_count","germline_and_somatic_count_chr","bicarrier_category","bicarrier_category_rank","to_highlight"
"A4GNT",0,1,0,"0","0",4,FALSE
"AADACL2",0,1,0,"0","0",5,FALSE
"AADAT",0,2,0,"0","0",6,FALSE
"AARS2",1,0,0,"0","0",7,FALSE
"AASS",0,1,0,"0","0",8,FALSE
"AATK",0,1,0,"0","0",9,FALSE
"ABAT",0,1,0,"0","0",10,FALSE
"ABCA1",0,1,0,"0","0",11,FALSE
"ABCA10",0,1,0,"0","0",12,FALSE
"ABCA12",0,3,0,"0","0",13,FALSE
"ABCA13",0,6,0,"0","0",14,FALSE
"ABCA2",0,2,0,"0","0",15,FALSE
"ABCA3",0,1,0,"0","0",16,FALSE
"ABCA4",5,1,0,"0","0",17,FALSE
"ABCA5",0,1,0,"0","0",18,FALSE
"ABCA6",0,3,0,"0","0",19,FALSE
"ABCA7",1,2,0,"0","0",20,FALSE
"ABCA8",0,2,0,"0","0",21,FALSE
"ABCA9",0,1,0,"0","0",22,FALSE
"ABCB1",0,2,0,"0","0",23,FALSE
"ABCB11",1,3,0,"0","0",24,FALSE
"ABCB4",0,2,0,"0","0",25,FALSE
"ABCB5",0,3,0,"0","0",26,FALSE
"ABCB8",0,1,0,"0","0",27,FALSE
"ABCC1",0,1,0,"0","0",28,FALSE
"ABCC10",0,3,0,"0","0",29,FALSE
"ABCC11",0,1,0,"0","0",30,FALSE
"ABCC12",0,2,0,"0","0",31,FALSE
"ABCC3",0,1,0,"0","0",32,FALSE
"ABCC5",0,1,0,"0","0",33,FALSE
"ABCC6",2,2,0,"0","0",34,FALSE
"ABCC8",0,1,0,"0","0",35,FALSE
"ABCC9",0,2,0,"0","0",36,FALSE
"ABCD2",0,2,0,"0","0",37,FALSE
"ABCG2",0,1,0,"0","0",38,FALSE
"ABCG8",0,1,0,"0","0",39,FALSE
"ABHD12",0,1,0,"0","0",40,FALSE
"ABHD2",0,1,0,"0","0",41,FALSE
"ABHD8",0,1,0,"0","0",42,FALSE
"ABI1",0,2,0,"0","0",43,FALSE
"ABL1",0,1,0,"0","0",44,FALSE
"ABL2",0,1,0,"0","0",45,FALSE
"ABLIM2",0,1,0,"0","0",46,FALSE
"ABR",0,1,0,"0","0",47,FALSE
"ABTB1",0,1,0,"0","0",48,FALSE
"ABTB2",0,1,0,"0","0",49,FALSE
"AC007557.1",0,1,0,"0","0",50,FALSE
"AC008060.7",0,1,0,"0","0",51,FALSE
"AC016722.1",0,1,0,"0","0",52,FALSE
"AC023590.1",0,1,0,"0","0",53,FALSE
"AC025287.1",0,2,0,"0","0",54,FALSE
"AC104534.3",0,1,0,"0","0",55,FALSE
"AC138647.1",0,1,0,"0","0",56,FALSE
"AC145676.2",0,1,0,"0","0",57,FALSE
"ACACA",0,1,0,"0","0",58,FALSE
"ACAD10",0,1,0,"0","0",59,FALSE
"ACAD9",0,1,0,"0","0",60,FALSE
"ACADL",0,1,0,"0","0",61,FALSE
"ACADS",1,1,0,"0","0",62,FALSE
"ACADVL",1,2,0,"0","0",63,FALSE
"ACAN",0,4,0,"0","0",64,FALSE
"ACBD3",0,1,0,"0","0",65,FALSE
"ACE",0,3,0,"0","0",66,FALSE
"ACO1",0,1,0,"0","0",67,FALSE
"ACOT6",0,1,0,"0","0",68,FALSE
"ACOT7",0,1,0,"0","0",69,FALSE
"ACOX2",0,1,0,"0","0",70,FALSE
"ACOXL",0,1,0,"0","0",71,FALSE
"ACP5",0,1,0,"0","0",72,FALSE
"ACSBG1",0,1,0,"0","0",73,FALSE
"ACSBG2",0,2,0,"0","0",74,FALSE
"ACSF2",0,1,0,"0","0",75,FALSE
"ACSF3",1,0,0,"0","0",76,FALSE
"ACSL3",0,1,0,"0","0",77,FALSE
"ACSM1",0,1,0,"0","0",78,FALSE
"ACSM3",0,1,0,"0","0",79,FALSE
"ACSS2",0,1,0,"0","0",80,FALSE
"ACTA2",0,2,0,"0","0",81,FALSE
"ACTC1",0,1,0,"0","0",82,FALSE
"ACTL6B",0,2,0,"0","0",83,FALSE
"ACTL7A",0,1,0,"0","0",84,FALSE
"ACTL9",0,1,0,"0","0",85,FALSE
"ACTN2",0,4,0,"0","0",86,FALSE
"ACTR5",0,1,0,"0","0",87,FALSE
"ACTRT1",0,1,0,"0","0",88,FALSE
"ACTRT2",0,1,0,"0","0",89,FALSE
"ACVR1",0,2,0,"0","0",90,FALSE
"ACVR2B",0,2,0,"0","0",91,FALSE
"ADA",1,0,0,"0","0",92,FALSE
"ADAD2",0,1,0,"0","0",93,FALSE
"ADAM11",0,1,0,"0","0",94,FALSE
"ADAM12",0,2,0,"0","0",95,FALSE
"ADAM22",0,2,0,"0","0",96,FALSE
"ADAM23",0,1,0,"0","0",97,FALSE
"ADAM29",0,2,0,"0","0",98,FALSE
"ADAM30",0,2,0,"0","0",99,FALSE
"ADAM32",0,3,0,"0","0",100,FALSE
"ADAM7",0,3,0,"0","0",101,FALSE
"ADAMDEC1",0,1,0,"0","0",102,FALSE
"ADAMTS1",0,1,0,"0","0",103,FALSE
"ADAMTS10",0,2,0,"0","0",104,FALSE
"ADAMTS12",0,2,0,"0","0",105,FALSE
"ADAMTS13",0,2,0,"0","0",106,FALSE
"ADAMTS14",0,1,0,"0","0",107,FALSE
"ADAMTS17",0,2,0,"0","0",108,FALSE
"ADAMTS18",0,1,0,"0","0",109,FALSE
"ADAMTS19",0,1,0,"0","0",110,FALSE
"ADAMTS2",0,3,0,"0","0",111,FALSE
"ADAMTS20",0,2,0,"0","0",112,FALSE
"ADAMTS3",0,1,0,"0","0",113,FALSE
"ADAMTS4",0,1,0,"0","0",114,FALSE
"ADAMTS5",0,1,0,"0","0",115,FALSE
"ADAMTS8",0,1,0,"0","0",116,FALSE
"ADAMTSL2",0,1,0,"0","0",117,FALSE
"ADAMTSL3",0,2,0,"0","0",118,FALSE
"ADAMTSL5",0,1,0,"0","0",119,FALSE
"ADAR",0,1,0,"0","0",120,FALSE
"ADAT2",0,1,0,"0","0",121,FALSE
"ADCK3",0,1,0,"0","0",122,FALSE
"ADCY10",0,2,0,"0","0",123,FALSE
"ADCY2",0,2,0,"0","0",124,FALSE
"ADCY3",0,1,0,"0","0",125,FALSE
"ADCY4",0,1,0,"0","0",126,FALSE
"ADCY6",0,1,0,"0","0",127,FALSE
"ADCY8",0,1,0,"0","0",128,FALSE
"ADCY9",0,1,0,"0","0",129,FALSE
"ADD2",0,2,0,"0","0",130,FALSE
"ADGB",0,2,0,"0","0",131,FALSE
"ADGRV1",2,0,0,"0","0",132,FALSE
"ADH5",0,1,0,"0","0",133,FALSE
"ADH6",0,1,0,"0","0",134,FALSE
"ADNP2",0,1,0,"0","0",135,FALSE
"ADPGK",0,1,0,"0","0",136,FALSE
"ADPRM",0,1,0,"0","0",137,FALSE
"ADRA1B",0,1,0,"0","0",138,FALSE
"ADRBK1",0,1,0,"0","0",139,FALSE
"ADRBK2",0,2,0,"0","0",140,FALSE
"AEBP1",0,1,0,"0","0",141,FALSE
"AF165138.7",0,1,0,"0","0",142,FALSE
"AFAP1",0,1,0,"0","0",143,FALSE
"AFAP1L1",0,1,0,"0","0",144,FALSE
"AFAP1L2",0,1,0,"0","0",145,FALSE
"AFF2",0,1,0,"0","0",146,FALSE
"AFF3",0,2,0,"0","0",147,FALSE
"AFMID",0,1,0,"0","0",148,FALSE
"AFTPH",0,1,0,"0","0",149,FALSE
"AGBL1",0,4,0,"0","0",150,FALSE
"AGBL5",0,1,0,"0","0",151,FALSE
"AGFG2",0,1,0,"0","0",152,FALSE
"AGL",0,3,0,"0","0",153,FALSE
"AGPAT3",0,1,0,"0","0",154,FALSE
"AGPAT5",0,1,0,"0","0",155,FALSE
"AGRN",0,1,0,"0","0",156,FALSE
"AGT",0,1,0,"0","0",157,FALSE
"AGXT",1,0,0,"0","0",158,FALSE
"AHCYL2",0,1,0,"0","0",159,FALSE
"AHI1",0,1,0,"0","0",160,FALSE
"AHNAK2",0,1,0,"0","0",161,FALSE
"AHSP",0,1,0,"0","0",162,FALSE
"AIM1",0,2,0,"0","0",163,FALSE
"AIPL1",1,1,0,"0","0",164,FALSE
"AIRE",0,2,0,"0","0",165,FALSE
"AJAP1",0,2,0,"0","0",166,FALSE
"AK5",0,2,0,"0","0",167,FALSE
"AK9",0,3,0,"0","0",168,FALSE
"AKAP1",0,1,0,"0","0",169,FALSE
"AKAP11",0,1,0,"0","0",170,FALSE
"AKAP12",0,1,0,"0","0",171,FALSE
"AKAP13",0,2,0,"0","0",172,FALSE
"AKAP6",0,2,0,"0","0",173,FALSE
"AKAP8L",0,1,0,"0","0",174,FALSE
"AKAP9",0,1,0,"0","0",175,FALSE
"AKNA",0,1,0,"0","0",176,FALSE
"AKR1B1",0,1,0,"0","0",177,FALSE
"AKR1D1",0,1,0,"0","0",178,FALSE
"AL359195.1",0,1,0,"0","0",179,FALSE
"AL450307.1",0,1,0,"0","0",180,FALSE
"ALB",0,1,0,"0","0",181,FALSE
"ALCAM",0,1,0,"0","0",182,FALSE
"ALDH16A1",0,1,0,"0","0",183,FALSE
"ALDH18A1",0,1,0,"0","0",184,FALSE
"ALDH1A1",0,2,0,"0","0",185,FALSE
"ALDH1A2",0,1,0,"0","0",186,FALSE
"ALDH3A1",0,1,0,"0","0",187,FALSE
"ALDOA",0,1,0,"0","0",188,FALSE
"ALDOB",1,0,0,"0","0",189,FALSE
"ALG1",0,3,0,"0","0",190,FALSE
"ALG5",0,1,0,"0","0",191,FALSE
"ALG8",0,1,0,"0","0",192,FALSE
"ALK",0,4,0,"0","0",193,FALSE
"ALKBH1",0,1,0,"0","0",194,FALSE
"ALLC",0,1,0,"0","0",195,FALSE
"ALMS1",1,3,1,"1","1",2,FALSE
"ALOX15B",0,1,0,"0","0",196,FALSE
"ALPK1",0,4,0,"0","0",197,FALSE
"ALPK3",0,1,0,"0","0",198,FALSE
"ALPL",1,0,0,"0","0",199,FALSE
"ALS2CR11",0,1,0,"0","0",200,FALSE
"ALS2CR12",0,1,0,"0","0",201,FALSE
"ALX3",0,1,0,"0","0",202,FALSE
"AMBP",0,1,0,"0","0",203,FALSE
"AMBRA1",0,1,0,"0","0",204,FALSE
"AMER1",0,3,0,"0","0",205,FALSE
"AMER2",0,1,0,"0","0",206,FALSE
"AMFR",0,1,0,"0","0",207,FALSE
"AMICA1",0,1,0,"0","0",208,FALSE
"AMOTL2",0,1,0,"0","0",209,FALSE
"AMPD1",0,1,0,"0","0",210,FALSE
"AMPH",0,1,0,"0","0",211,FALSE
"ANAPC7",0,1,0,"0","0",212,FALSE
"ANGPT4",0,1,0,"0","0",213,FALSE
"ANGPTL1",0,1,0,"0","0",214,FALSE
"ANGPTL4",0,1,0,"0","0",215,FALSE
"ANK1",0,2,0,"0","0",216,FALSE
"ANK2",0,5,0,"0","0",217,FALSE
"ANK3",0,5,0,"0","0",218,FALSE
"ANKAR",0,1,0,"0","0",219,FALSE
"ANKEF1",0,1,0,"0","0",220,FALSE
"ANKFN1",0,2,0,"0","0",221,FALSE
"ANKFY1",0,1,0,"0","0",222,FALSE
"ANKHD1",0,1,0,"0","0",223,FALSE
"ANKLE2",0,1,0,"0","0",224,FALSE
"ANKRD11",0,1,0,"0","0",225,FALSE
"ANKRD17",0,1,0,"0","0",226,FALSE
"ANKRD23",0,1,0,"0","0",227,FALSE
"ANKRD24",0,3,0,"0","0",228,FALSE
"ANKRD30A",0,1,0,"0","0",229,FALSE
"ANKRD31",0,2,0,"0","0",230,FALSE
"ANKRD34B",0,2,0,"0","0",231,FALSE
"ANKRD34C",0,1,0,"0","0",232,FALSE
"ANKRD35",0,2,0,"0","0",233,FALSE
"ANKRD44",0,1,0,"0","0",234,FALSE
"ANKRD52",0,2,0,"0","0",235,FALSE
"ANKRD60",0,1,0,"0","0",236,FALSE
"ANKRD62",0,1,0,"0","0",237,FALSE
"ANKRD66",0,1,0,"0","0",238,FALSE
"ANKS1B",0,1,0,"0","0",239,FALSE
"ANKS6",0,1,0,"0","0",240,FALSE
"ANO1",0,1,0,"0","0",241,FALSE
"ANO5",2,0,0,"0","0",242,FALSE
"ANO6",0,1,0,"0","0",243,FALSE
"ANO9",0,1,0,"0","0",244,FALSE
"ANPEP",0,1,0,"0","0",245,FALSE
"ANTXRL",0,1,0,"0","0",246,FALSE
"ANXA1",0,1,0,"0","0",247,FALSE
"ANXA11",0,1,0,"0","0",248,FALSE
"ANXA3",0,1,0,"0","0",249,FALSE
"ANXA5",0,1,0,"0","0",250,FALSE
"ANXA6",0,1,0,"0","0",251,FALSE
"ANXA7",0,2,0,"0","0",252,FALSE
"AOX1",0,2,0,"0","0",253,FALSE
"AP000322.53",0,1,0,"0","0",254,FALSE
"AP000350.10",0,1,0,"0","0",255,FALSE
"AP000769.1",0,1,0,"0","0",256,FALSE
"AP3B2",0,1,0,"0","0",257,FALSE
"AP5Z1",1,0,0,"0","0",258,FALSE
"APAF1",0,1,0,"0","0",259,FALSE
"APBA1",0,1,0,"0","0",260,FALSE
"APBA2",0,2,0,"0","0",261,FALSE
"APBA3",0,1,0,"0","0",262,FALSE
"APBB2",0,1,0,"0","0",263,FALSE
"APC",1,1,0,"0","0",264,FALSE
"APC2",0,1,0,"0","0",265,FALSE
"APEX2",0,1,0,"0","0",266,FALSE
"APITD1-CORT",0,1,0,"0","0",267,FALSE
"APLNR",0,1,0,"0","0",268,FALSE
"APOB",0,4,0,"0","0",269,FALSE
"APOBEC3H",0,1,0,"0","0",270,FALSE
"APOBEC4",0,1,0,"0","0",271,FALSE
"APOL1",0,1,0,"0","0",272,FALSE
"APOL5",0,1,0,"0","0",273,FALSE
"AR",0,3,0,"0","0",274,FALSE
"ARAP2",0,3,0,"0","0",275,FALSE
"ARFGEF2",0,3,0,"0","0",276,FALSE
"ARHGAP15",0,1,0,"0","0",277,FALSE
"ARHGAP17",0,1,0,"0","0",278,FALSE
"ARHGAP20",0,3,0,"0","0",279,FALSE
"ARHGAP22",0,2,0,"0","0",280,FALSE
"ARHGAP23",0,1,0,"0","0",281,FALSE
"ARHGAP24",0,1,0,"0","0",282,FALSE
"ARHGAP26",0,1,0,"0","0",283,FALSE
"ARHGAP27",0,1,0,"0","0",284,FALSE
"ARHGAP28",0,1,0,"0","0",285,FALSE
"ARHGAP29",0,1,0,"0","0",286,FALSE
"ARHGAP30",0,2,0,"0","0",287,FALSE
"ARHGAP31",0,1,0,"0","0",288,FALSE
"ARHGAP35",0,2,0,"0","0",289,FALSE
"ARHGAP40",0,1,0,"0","0",290,FALSE
"ARHGAP6",0,1,0,"0","0",291,FALSE
"ARHGAP9",0,2,0,"0","0",292,FALSE
"ARHGDIA",0,1,0,"0","0",293,FALSE
"ARHGEF10L",0,1,0,"0","0",294,FALSE
"ARHGEF17",0,1,0,"0","0",295,FALSE
"ARHGEF19",0,1,0,"0","0",296,FALSE
"ARHGEF33",0,1,0,"0","0",297,FALSE
"ARHGEF4",0,1,0,"0","0",298,FALSE
"ARHGEF40",0,2,0,"0","0",299,FALSE
"ARID1A",0,4,0,"0","0",300,FALSE
"ARID1B",0,1,0,"0","0",301,FALSE
"ARID2",0,2,0,"0","0",302,FALSE
"ARID3A",0,1,0,"0","0",303,FALSE
"ARID3C",0,2,0,"0","0",304,FALSE
"ARID4B",0,1,0,"0","0",305,FALSE
"ARIH2",0,1,0,"0","0",306,FALSE
"ARL14EP",0,1,0,"0","0",307,FALSE
"ARL5A",0,1,0,"0","0",308,FALSE
"ARL6",0,1,0,"0","0",309,FALSE
"ARMC1",0,1,0,"0","0",310,FALSE
"ARMC2",0,1,0,"0","0",311,FALSE
"ARMC3",0,1,0,"0","0",312,FALSE
"ARMC5",0,2,0,"0","0",313,FALSE
"ARMC8",0,1,0,"0","0",314,FALSE
"ARMCX1",0,1,0,"0","0",315,FALSE
"ARNT2",0,2,0,"0","0",316,FALSE
"ARPC1B",0,1,0,"0","0",317,FALSE
"ARPP21",0,1,0,"0","0",318,FALSE
"ARRDC3",0,1,0,"0","0",319,FALSE
"ARSA",4,0,0,"0","0",320,FALSE
"ARSE",0,1,0,"0","0",321,FALSE
"ARSG",0,1,0,"0","0",322,FALSE
"ARSK",0,2,0,"0","0",323,FALSE
"ART3",0,1,0,"0","0",324,FALSE
"ARV1",0,1,0,"0","0",325,FALSE
"ASAP2",0,2,0,"0","0",326,FALSE
"ASAP3",0,1,0,"0","0",327,FALSE
"ASB15",0,1,0,"0","0",328,FALSE
"ASB4",0,1,0,"0","0",329,FALSE
"ASB5",0,1,0,"0","0",330,FALSE
"ASCC2",0,1,0,"0","0",331,FALSE
"ASCL4",0,1,0,"0","0",332,FALSE
"ASH1L",0,1,0,"0","0",333,FALSE
"ASIC5",0,1,0,"0","0",334,FALSE
"ASL",2,1,0,"0","0",335,FALSE
"ASMT",0,1,0,"0","0",336,FALSE
"ASPA",1,0,0,"0","0",337,FALSE
"ASPH",0,1,0,"0","0",338,FALSE
"ASPM",1,3,0,"0","0",339,FALSE
"ASPSCR1",0,1,0,"0","0",340,FALSE
"ASS1",2,0,0,"0","0",341,FALSE
"ASTN1",0,5,0,"0","0",342,FALSE
"ASTN2",0,1,0,"0","0",343,FALSE
"ASXL1",0,6,0,"0","0",344,FALSE
"ASXL3",0,5,0,"0","0",345,FALSE
"ATAD2B",0,1,0,"0","0",346,FALSE
"ATCAY",0,3,0,"0","0",347,FALSE
"ATF5",0,1,0,"0","0",348,FALSE
"ATF7IP",0,1,0,"0","0",349,FALSE
"ATG14",0,1,0,"0","0",350,FALSE
"ATG16L1",0,1,0,"0","0",351,FALSE
"ATG2A",0,1,0,"0","0",352,FALSE
"ATG2B",0,1,0,"0","0",353,FALSE
"ATG4B",0,1,0,"0","0",354,FALSE
"ATHL1",0,1,0,"0","0",355,FALSE
"ATM",1,3,0,"0","0",356,FALSE
"ATP10B",0,1,0,"0","0",357,FALSE
"ATP10D",0,1,0,"0","0",358,FALSE
"ATP11A",0,1,0,"0","0",359,FALSE
"ATP12A",0,1,0,"0","0",360,FALSE
"ATP13A1",0,1,0,"0","0",361,FALSE
"ATP13A4",0,1,0,"0","0",362,FALSE
"ATP1A2",0,1,0,"0","0",363,FALSE
"ATP1A3",0,1,0,"0","0",364,FALSE
"ATP1A4",0,3,0,"0","0",365,FALSE
"ATP1B2",0,1,0,"0","0",366,FALSE
"ATP1B4",0,1,0,"0","0",367,FALSE
"ATP2A3",0,1,0,"0","0",368,FALSE
"ATP2B2",0,1,0,"0","0",369,FALSE
"ATP2B3",0,1,0,"0","0",370,FALSE
"ATP2B4",0,1,0,"0","0",371,FALSE
"ATP5J2-PTCD1",0,2,0,"0","0",372,FALSE
"ATP6V0A4",1,0,0,"0","0",373,FALSE
"ATP6V0D2",0,1,0,"0","0",374,FALSE
"ATP6V1C2",0,1,0,"0","0",375,FALSE
"ATP6V1G3",0,1,0,"0","0",376,FALSE
"ATP7B",1,0,0,"0","0",377,FALSE
"ATP8A1",0,2,0,"0","0",378,FALSE
"ATP8A2",0,1,0,"0","0",379,FALSE
"ATP8B3",0,1,0,"0","0",380,FALSE
"ATP8B4",0,2,0,"0","0",381,FALSE
"ATP9A",0,1,0,"0","0",382,FALSE
"ATPAF2",0,1,0,"0","0",383,FALSE
"ATR",0,2,0,"0","0",384,FALSE
"ATRN",0,1,0,"0","0",385,FALSE
"ATRNL1",0,3,0,"0","0",386,FALSE
"ATRX",0,3,0,"0","0",387,FALSE
"ATXN1L",0,1,0,"0","0",388,FALSE
"ATXN2L",0,1,0,"0","0",389,FALSE
"ATXN7L1",0,2,0,"0","0",390,FALSE
"AUNIP",0,1,0,"0","0",391,FALSE
"AVL9",0,1,0,"0","0",392,FALSE
"AXDND1",0,1,0,"0","0",393,FALSE
"AXIN1",0,2,0,"0","0",394,FALSE
"AXL",0,3,0,"0","0",395,FALSE
"B3GALNT2",0,1,0,"0","0",396,FALSE
"B3GALT2",0,1,0,"0","0",397,FALSE
"B3GAT2",0,2,0,"0","0",398,FALSE
"B3GLCT",1,0,0,"0","0",399,FALSE
"B4GALNT3",0,1,0,"0","0",400,FALSE
"B4GALNT4",0,1,0,"0","0",401,FALSE
"B4GALT6",0,1,0,"0","0",402,FALSE
"BAAT",0,1,0,"0","0",403,FALSE
"BAI1",0,2,0,"0","0",404,FALSE
"BAI2",0,3,0,"0","0",405,FALSE
"BAI3",0,2,0,"0","0",406,FALSE
"BAIAP2",0,1,0,"0","0",407,FALSE
"BANK1",0,1,0,"0","0",408,FALSE
"BAP1",0,1,0,"0","0",409,FALSE
"BARD1",0,2,0,"0","0",410,FALSE
"BARHL2",0,1,0,"0","0",411,FALSE
"BASP1",0,2,0,"0","0",412,FALSE
"BAZ2B",0,1,0,"0","0",413,FALSE
"BBOX1",0,2,0,"0","0",414,FALSE
"BBS10",1,0,0,"0","0",415,FALSE
"BBS2",1,0,0,"0","0",416,FALSE
"BBS9",0,1,0,"0","0",417,FALSE
"BCAN",0,2,0,"0","0",418,FALSE
"BCAP29",0,1,0,"0","0",419,FALSE
"BCAS3",0,2,0,"0","0",420,FALSE
"BCAT2",0,1,0,"0","0",421,FALSE
"BCDIN3D",0,1,0,"0","0",422,FALSE
"BCKDHB",1,0,0,"0","0",423,FALSE
"BCKDK",0,1,0,"0","0",424,FALSE
"BCL11B",0,2,0,"0","0",425,FALSE
"BCL9",0,1,0,"0","0",426,FALSE
"BCMO1",0,2,0,"0","0",427,FALSE
"BCOR",0,2,0,"0","0",428,FALSE
"BCORL1",0,2,0,"0","0",429,FALSE
"BDH2",0,1,0,"0","0",430,FALSE
"BDKRB2",0,1,0,"0","0",431,FALSE
"BDP1",0,2,0,"0","0",432,FALSE
"BEGAIN",0,2,0,"0","0",433,FALSE
"BEST1",2,0,0,"0","0",434,FALSE
"BET1",0,1,0,"0","0",435,FALSE
"BFSP1",0,2,0,"0","0",436,FALSE
"BFSP2",0,1,0,"0","0",437,FALSE
"BHLHB9",0,1,0,"0","0",438,FALSE
"BHLHE23",0,1,0,"0","0",439,FALSE
"BICC1",0,2,0,"0","0",440,FALSE
"BICD1",0,1,0,"0","0",441,FALSE
"BID",0,1,0,"0","0",442,FALSE
"BIN1",0,2,0,"0","0",443,FALSE
"BIRC6",0,2,0,"0","0",444,FALSE
"BIRC8",0,1,0,"0","0",445,FALSE
"BIVM-ERCC5",0,1,0,"0","0",446,FALSE
"BLK",0,1,0,"0","0",447,FALSE
"BMP10",0,1,0,"0","0",448,FALSE
"BMP15",0,1,0,"0","0",449,FALSE
"BMP5",0,1,0,"0","0",450,FALSE
"BMP6",0,2,0,"0","0",451,FALSE
"BMP7",0,2,0,"0","0",452,FALSE
"BMPER",0,1,0,"0","0",453,FALSE
"BMPR1A",0,1,0,"0","0",454,FALSE
"BMPR2",0,1,0,"0","0",455,FALSE
"BNC1",0,3,0,"0","0",456,FALSE
"BNC2",0,2,0,"0","0",457,FALSE
"BNIP1",0,1,0,"0","0",458,FALSE
"BNIP3L",0,1,0,"0","0",459,FALSE
"BOD1L2",0,2,0,"0","0",460,FALSE
"BOK",0,1,0,"0","0",461,FALSE
"BPI",0,2,0,"0","0",462,FALSE
"BPIFB1",0,1,0,"0","0",463,FALSE
"BPIFB2",0,1,0,"0","0",464,FALSE
"BPIFB4",0,1,0,"0","0",465,FALSE
"BPIFC",0,1,0,"0","0",466,FALSE
"BPTF",0,1,0,"0","0",467,FALSE
"BRAF",0,5,0,"0","0",468,FALSE
"BRAT1",1,0,0,"0","0",469,FALSE
"BRCA1",3,0,0,"0","0",470,FALSE
"BRCA2",3,0,0,"0","0",471,FALSE
"BRF2",0,1,0,"0","0",472,FALSE
"BRICD5",0,1,0,"0","0",473,FALSE
"BRINP1",0,4,0,"0","0",474,FALSE
"BRINP2",0,3,0,"0","0",475,FALSE
"BRINP3",0,2,0,"0","0",476,FALSE
"BRIP1",0,1,0,"0","0",477,FALSE
"BRMS1L",0,1,0,"0","0",478,FALSE
"BRPF3",0,2,0,"0","0",479,FALSE
"BRSK1",0,1,0,"0","0",480,FALSE
"BSN",0,3,0,"0","0",481,FALSE
"BSPRY",0,1,0,"0","0",482,FALSE
"BST1",0,1,0,"0","0",483,FALSE
"BST2",0,1,0,"0","0",484,FALSE
"BSX",0,1,0,"0","0",485,FALSE
"BTAF1",0,1,0,"0","0",486,FALSE
"BTBD11",0,1,0,"0","0",487,FALSE
"BTBD18",0,1,0,"0","0",488,FALSE
"BTBD19",0,1,0,"0","0",489,FALSE
"BTC",0,1,0,"0","0",490,FALSE
"BTD",1,1,0,"0","0",491,FALSE
"BTK",0,1,0,"0","0",492,FALSE
"BTN2A1",0,1,0,"0","0",493,FALSE
"BTNL8",0,1,0,"0","0",494,FALSE
"BTNL9",0,1,0,"0","0",495,FALSE
"BUB1",0,1,0,"0","0",496,FALSE
"BUB1B",0,2,0,"0","0",497,FALSE
"BVES",0,1,0,"0","0",498,FALSE
"BZRAP1",0,2,0,"0","0",499,FALSE
"C10orf112",0,1,0,"0","0",500,FALSE
"C10orf137",0,1,0,"0","0",501,FALSE
"C10orf2",0,1,0,"0","0",502,FALSE
"C10orf71",0,1,0,"0","0",503,FALSE
"C10orf76",0,1,0,"0","0",504,FALSE
"C11orf30",0,2,0,"0","0",505,FALSE
"C11orf82",0,1,0,"0","0",506,FALSE
"C11orf96",0,1,0,"0","0",507,FALSE
"C12orf40",0,1,0,"0","0",508,FALSE
"C12orf42",0,1,0,"0","0",509,FALSE
"C12orf5",0,1,0,"0","0",510,FALSE
"C12orf52",0,1,0,"0","0",511,FALSE
"C12orf54",0,1,0,"0","0",512,FALSE
"C12orf55",0,4,0,"0","0",513,FALSE
"C12orf60",0,1,0,"0","0",514,FALSE
"C12orf75",0,2,0,"0","0",515,FALSE
"C14orf105",0,2,0,"0","0",516,FALSE
"C14orf166",0,1,0,"0","0",517,FALSE
"C14orf183",0,1,0,"0","0",518,FALSE
"C14orf23",0,1,0,"0","0",519,FALSE
"C14orf39",0,1,0,"0","0",520,FALSE
"C15orf27",0,1,0,"0","0",521,FALSE
"C15orf52",0,1,0,"0","0",522,FALSE
"C15orf53",0,1,0,"0","0",523,FALSE
"C15orf59",0,2,0,"0","0",524,FALSE
"C16orf54",0,1,0,"0","0",525,FALSE
"C16orf58",0,1,0,"0","0",526,FALSE
"C16orf72",0,1,0,"0","0",527,FALSE
"C16orf87",0,1,0,"0","0",528,FALSE
"C17orf104",0,1,0,"0","0",529,FALSE
"C17orf74",0,1,0,"0","0",530,FALSE
"C17orf85",0,1,0,"0","0",531,FALSE
"C17orf96",0,1,0,"0","0",532,FALSE
"C18orf25",0,1,0,"0","0",533,FALSE
"C18orf63",0,1,0,"0","0",534,FALSE
"C19orf12",0,1,0,"0","0",535,FALSE
"C19orf45",0,1,0,"0","0",536,FALSE
"C19orf57",0,1,0,"0","0",537,FALSE
"C19orf68",0,1,0,"0","0",538,FALSE
"C1QB",0,2,0,"0","0",539,FALSE
"C1QL4",0,1,0,"0","0",540,FALSE
"C1QTNF2",0,1,0,"0","0",541,FALSE
"C1orf101",0,1,0,"0","0",542,FALSE
"C1orf106",0,2,0,"0","0",543,FALSE
"C1orf110",0,1,0,"0","0",544,FALSE
"C1orf115",0,1,0,"0","0",545,FALSE
"C1orf127",0,1,0,"0","0",546,FALSE
"C1orf159",0,1,0,"0","0",547,FALSE
"C1orf168",0,1,0,"0","0",548,FALSE
"C1orf173",0,1,0,"0","0",549,FALSE
"C1orf21",0,1,0,"0","0",550,FALSE
"C1orf43",0,1,0,"0","0",551,FALSE
"C1orf50",0,1,0,"0","0",552,FALSE
"C1orf65",0,2,0,"0","0",553,FALSE
"C1orf68",0,1,0,"0","0",554,FALSE
"C1orf86",0,1,0,"0","0",555,FALSE
"C1orf87",0,1,0,"0","0",556,FALSE
"C1orf94",0,2,0,"0","0",557,FALSE
"C2",1,0,0,"0","0",558,FALSE
"C20orf112",0,1,0,"0","0",559,FALSE
"C20orf173",0,1,0,"0","0",560,FALSE
"C20orf194",0,1,0,"0","0",561,FALSE
"C20orf202",0,1,0,"0","0",562,FALSE
"C20orf26",0,1,0,"0","0",563,FALSE
"C22orf15",0,1,0,"0","0",564,FALSE
"C22orf31",0,1,0,"0","0",565,FALSE
"C22orf43",0,1,0,"0","0",566,FALSE
"C2CD2",0,1,0,"0","0",567,FALSE
"C2orf16",0,2,0,"0","0",568,FALSE
"C2orf44",0,1,0,"0","0",569,FALSE
"C2orf49",0,1,0,"0","0",570,FALSE
"C2orf53",0,1,0,"0","0",571,FALSE
"C2orf57",0,1,0,"0","0",572,FALSE
"C2orf62",0,1,0,"0","0",573,FALSE
"C2orf71",0,3,0,"0","0",574,FALSE
"C2orf78",0,1,0,"0","0",575,FALSE
"C3",0,4,0,"0","0",576,FALSE
"C3orf14",0,1,0,"0","0",577,FALSE
"C3orf18",0,1,0,"0","0",578,FALSE
"C4BPB",0,2,0,"0","0",579,FALSE
"C4orf48",0,1,0,"0","0",580,FALSE
"C5AR2",0,1,0,"0","0",581,FALSE
"C5orf47",0,1,0,"0","0",582,FALSE
"C6",1,2,0,"0","0",583,FALSE
"C6orf118",0,2,0,"0","0",584,FALSE
"C6orf132",0,1,0,"0","0",585,FALSE
"C6orf15",0,1,0,"0","0",586,FALSE
"C6orf58",0,1,0,"0","0",587,FALSE
"C7",0,1,0,"0","0",588,FALSE
"C7orf26",0,1,0,"0","0",589,FALSE
"C7orf31",0,2,0,"0","0",590,FALSE
"C7orf60",0,1,0,"0","0",591,FALSE
"C7orf61",0,1,0,"0","0",592,FALSE
"C7orf72",0,1,0,"0","0",593,FALSE
"C8A",0,1,0,"0","0",594,FALSE
"C8B",1,0,0,"0","0",595,FALSE
"C8G",0,1,0,"0","0",596,FALSE
"C8orf17",0,1,0,"0","0",597,FALSE
"C8orf34",0,1,0,"0","0",598,FALSE
"C8orf44",0,1,0,"0","0",599,FALSE
"C9",1,3,0,"0","0",600,FALSE
"C9orf135",0,1,0,"0","0",601,FALSE
"C9orf172",0,1,0,"0","0",602,FALSE
"C9orf41",0,1,0,"0","0",603,FALSE
"C9orf62",0,1,0,"0","0",604,FALSE
"C9orf64",0,1,0,"0","0",605,FALSE
"C9orf85",0,1,0,"0","0",606,FALSE
"C9orf9",0,1,0,"0","0",607,FALSE
"CA10",0,1,0,"0","0",608,FALSE
"CA14",0,1,0,"0","0",609,FALSE
"CAB39",0,1,0,"0","0",610,FALSE
"CABIN1",0,2,0,"0","0",611,FALSE
"CABLES2",0,1,0,"0","0",612,FALSE
"CABP2",1,0,0,"0","0",613,FALSE
"CACNA1B",0,1,0,"0","0",614,FALSE
"CACNA1C",0,1,0,"0","0",615,FALSE
"CACNA1D",0,4,0,"0","0",616,FALSE
"CACNA1E",0,3,0,"0","0",617,FALSE
"CACNA1F",0,1,0,"0","0",618,FALSE
"CACNA1G",0,2,0,"0","0",619,FALSE
"CACNA1H",0,2,0,"0","0",620,FALSE
"CACNA1I",0,3,0,"0","0",621,FALSE
"CACNA1S",0,3,0,"0","0",622,FALSE
"CACNA2D1",0,3,0,"0","0",623,FALSE
"CACNA2D2",0,1,0,"0","0",624,FALSE
"CACNA2D3",0,3,0,"0","0",625,FALSE
"CACNA2D4",0,1,0,"0","0",626,FALSE
"CACNB2",0,2,0,"0","0",627,FALSE
"CACNB4",0,2,0,"0","0",628,FALSE
"CACNG3",0,2,0,"0","0",629,FALSE
"CAD",0,1,0,"0","0",630,FALSE
"CADM1",0,1,0,"0","0",631,FALSE
"CADM2",0,1,0,"0","0",632,FALSE
"CADM3",0,1,0,"0","0",633,FALSE
"CADPS",0,2,0,"0","0",634,FALSE
"CADPS2",0,3,0,"0","0",635,FALSE
"CALB1",0,1,0,"0","0",636,FALSE
"CALB2",0,1,0,"0","0",637,FALSE
"CALML5",0,1,0,"0","0",638,FALSE
"CAMK1G",0,1,0,"0","0",639,FALSE
"CAMK4",0,3,0,"0","0",640,FALSE
"CAMKMT",0,1,0,"0","0",641,FALSE
"CAMSAP1",0,2,0,"0","0",642,FALSE
"CAMSAP2",0,1,0,"0","0",643,FALSE
"CAMSAP3",0,1,0,"0","0",644,FALSE
"CAP1",0,1,0,"0","0",645,FALSE
"CAPG",0,1,0,"0","0",646,FALSE
"CAPN13",0,2,0,"0","0",647,FALSE
"CAPN14",0,1,0,"0","0",648,FALSE
"CAPN3",1,0,0,"0","0",649,FALSE
"CAPN5",0,2,0,"0","0",650,FALSE
"CAPN8",0,2,0,"0","0",651,FALSE
"CAPN9",0,1,0,"0","0",652,FALSE
"CAPNS1",0,1,0,"0","0",653,FALSE
"CAPS2",0,1,0,"0","0",654,FALSE
"CAPZA3",0,1,0,"0","0",655,FALSE
"CARD10",0,1,0,"0","0",656,FALSE
"CARD11",0,1,0,"0","0",657,FALSE
"CARD14",0,1,0,"0","0",658,FALSE
"CARD17",0,1,0,"0","0",659,FALSE
"CARD6",0,1,0,"0","0",660,FALSE
"CARF",0,1,0,"0","0",661,FALSE
"CARS2",0,1,0,"0","0",662,FALSE
"CASK",0,1,0,"0","0",663,FALSE
"CASKIN1",0,1,0,"0","0",664,FALSE
"CASZ1",0,2,0,"0","0",665,FALSE
"CAT",0,1,0,"0","0",666,FALSE
"CATSPER1",0,2,0,"0","0",667,FALSE
"CATSPER3",0,1,0,"0","0",668,FALSE
"CATSPERD",0,1,0,"0","0",669,FALSE
"CBFA2T2",0,1,0,"0","0",670,FALSE
"CBR3",0,1,0,"0","0",671,FALSE
"CBS",1,0,0,"0","0",672,FALSE
"CBX4",0,2,0,"0","0",673,FALSE
"CCAR1",0,1,0,"0","0",674,FALSE
"CCBE1",0,2,0,"0","0",675,FALSE
"CCDC108",0,2,0,"0","0",676,FALSE
"CCDC109B",0,1,0,"0","0",677,FALSE
"CCDC110",0,1,0,"0","0",678,FALSE
"CCDC129",0,1,0,"0","0",679,FALSE
"CCDC135",0,2,0,"0","0",680,FALSE
"CCDC138",0,1,0,"0","0",681,FALSE
"CCDC147",0,1,0,"0","0",682,FALSE
"CCDC148",0,1,0,"0","0",683,FALSE
"CCDC152",0,1,0,"0","0",684,FALSE
"CCDC158",0,4,0,"0","0",685,FALSE
"CCDC160",0,1,0,"0","0",686,FALSE
"CCDC168",0,2,0,"0","0",687,FALSE
"CCDC17",0,1,0,"0","0",688,FALSE
"CCDC170",0,2,0,"0","0",689,FALSE
"CCDC171",0,2,0,"0","0",690,FALSE
"CCDC172",0,1,0,"0","0",691,FALSE
"CCDC175",0,2,0,"0","0",692,FALSE
"CCDC178",0,3,0,"0","0",693,FALSE
"CCDC18",0,1,0,"0","0",694,FALSE
"CCDC180",0,2,0,"0","0",695,FALSE
"CCDC19",0,2,0,"0","0",696,FALSE
"CCDC22",0,1,0,"0","0",697,FALSE
"CCDC27",0,4,0,"0","0",698,FALSE
"CCDC28A",0,1,0,"0","0",699,FALSE
"CCDC30",0,1,0,"0","0",700,FALSE
"CCDC37",0,1,0,"0","0",701,FALSE
"CCDC38",0,1,0,"0","0",702,FALSE
"CCDC39",2,1,0,"0","0",703,FALSE
"CCDC40",0,1,0,"0","0",704,FALSE
"CCDC63",0,1,0,"0","0",705,FALSE
"CCDC64",0,1,0,"0","0",706,FALSE
"CCDC64B",0,1,0,"0","0",707,FALSE
"CCDC68",0,1,0,"0","0",708,FALSE
"CCDC70",0,1,0,"0","0",709,FALSE
"CCDC73",0,1,0,"0","0",710,FALSE
"CCDC77",0,1,0,"0","0",711,FALSE
"CCDC8",0,1,0,"0","0",712,FALSE
"CCDC83",0,1,0,"0","0",713,FALSE
"CCDC85A",0,3,0,"0","0",714,FALSE
"CCDC88A",0,1,0,"0","0",715,FALSE
"CCDC88C",0,1,0,"0","0",716,FALSE
"CCDC89",0,2,0,"0","0",717,FALSE
"CCDC96",0,1,0,"0","0",718,FALSE
"CCER1",0,1,0,"0","0",719,FALSE
"CCKAR",0,1,0,"0","0",720,FALSE
"CCL24",0,1,0,"0","0",721,FALSE
"CCNA1",0,1,0,"0","0",722,FALSE
"CCNB3",0,1,0,"0","0",723,FALSE
"CCNF",0,1,0,"0","0",724,FALSE
"CCNL2",0,1,0,"0","0",725,FALSE
"CCR4",0,1,0,"0","0",726,FALSE
"CCSAP",0,1,0,"0","0",727,FALSE
"CCSER1",0,1,0,"0","0",728,FALSE
"CCT7",0,1,0,"0","0",729,FALSE
"CD163L1",0,1,0,"0","0",730,FALSE
"CD1A",0,1,0,"0","0",731,FALSE
"CD1B",0,1,0,"0","0",732,FALSE
"CD1D",0,1,0,"0","0",733,FALSE
"CD200R1L",0,1,0,"0","0",734,FALSE
"CD2AP",0,1,0,"0","0",735,FALSE
"CD300LB",0,1,0,"0","0",736,FALSE
"CD300LG",0,1,0,"0","0",737,FALSE
"CD3E",0,1,0,"0","0",738,FALSE
"CD44",0,1,0,"0","0",739,FALSE
"CD6",0,1,0,"0","0",740,FALSE
"CD79A",0,1,0,"0","0",741,FALSE
"CD79B",0,1,0,"0","0",742,FALSE
"CD8A",0,1,0,"0","0",743,FALSE
"CD97",0,1,0,"0","0",744,FALSE
"CDAN1",1,1,0,"0","0",745,FALSE
"CDC14B",0,1,0,"0","0",746,FALSE
"CDC20B",0,1,0,"0","0",747,FALSE
"CDC25B",0,1,0,"0","0",748,FALSE
"CDC42BPB",0,1,0,"0","0",749,FALSE
"CDC42BPG",0,1,0,"0","0",750,FALSE
"CDC42EP2",0,1,0,"0","0",751,FALSE
"CDC7",0,1,0,"0","0",752,FALSE
"CDCA7L",0,1,0,"0","0",753,FALSE
"CDCP1",0,1,0,"0","0",754,FALSE
"CDH10",0,2,0,"0","0",755,FALSE
"CDH11",0,3,0,"0","0",756,FALSE
"CDH12",0,4,0,"0","0",757,FALSE
"CDH15",0,1,0,"0","0",758,FALSE
"CDH17",0,1,0,"0","0",759,FALSE
"CDH20",0,1,0,"0","0",760,FALSE
"CDH23",0,1,0,"0","0",761,FALSE
"CDH24",0,2,0,"0","0",762,FALSE
"CDH26",0,3,0,"0","0",763,FALSE
"CDH6",0,3,0,"0","0",764,FALSE
"CDH7",0,3,0,"0","0",765,FALSE
"CDH8",0,2,0,"0","0",766,FALSE
"CDH9",0,2,0,"0","0",767,FALSE
"CDHR4",0,1,0,"0","0",768,FALSE
"CDHR5",0,2,0,"0","0",769,FALSE
"CDK12",0,1,0,"0","0",770,FALSE
"CDK13",0,2,0,"0","0",771,FALSE
"CDK14",0,1,0,"0","0",772,FALSE
"CDK15",0,1,0,"0","0",773,FALSE
"CDK16",0,1,0,"0","0",774,FALSE
"CDK5R2",0,1,0,"0","0",775,FALSE
"CDK5RAP2",0,1,0,"0","0",776,FALSE
"CDKN1A",0,1,0,"0","0",777,FALSE
"CDKN1C",0,1,0,"0","0",778,FALSE
"CDO1",0,1,0,"0","0",779,FALSE
"CDS2",0,1,0,"0","0",780,FALSE
"CDX4",0,1,0,"0","0",781,FALSE
"CDYL",0,1,0,"0","0",782,FALSE
"CEACAM18",0,1,0,"0","0",783,FALSE
"CEACAM7",0,1,0,"0","0",784,FALSE
"CEBPB",0,1,0,"0","0",785,FALSE
"CECR2",0,1,0,"0","0",786,FALSE
"CELF4",0,1,0,"0","0",787,FALSE
"CELF6",0,1,0,"0","0",788,FALSE
"CELSR2",0,4,0,"0","0",789,FALSE
"CELSR3",0,4,0,"0","0",790,FALSE
"CENPE",0,1,0,"0","0",791,FALSE
"CENPJ",1,0,0,"0","0",792,FALSE
"CEP104",0,1,0,"0","0",793,FALSE
"CEP112",0,1,0,"0","0",794,FALSE
"CEP152",0,2,0,"0","0",795,FALSE
"CEP290",3,1,0,"0","0",796,FALSE
"CEP63",0,1,0,"0","0",797,FALSE
"CEP85L",0,1,0,"0","0",798,FALSE
"CERKL",1,1,0,"0","0",799,FALSE
"CES2",0,1,0,"0","0",800,FALSE
"CETN2",0,1,0,"0","0",801,FALSE
"CETP",0,1,0,"0","0",802,FALSE
"CFB",0,2,0,"0","0",803,FALSE
"CFD",0,1,0,"0","0",804,FALSE
"CFTR",6,4,0,"0","0",805,TRUE
"CGN",0,1,0,"0","0",806,FALSE
"CGNL1",0,2,0,"0","0",807,FALSE
"CGREF1",0,3,0,"0","0",808,FALSE
"CHAF1B",0,1,0,"0","0",809,FALSE
"CHAT",0,1,0,"0","0",810,FALSE
"CHCHD3",0,1,0,"0","0",811,FALSE
"CHD3",0,3,0,"0","0",812,FALSE
"CHD5",0,3,0,"0","0",813,FALSE
"CHD6",0,1,0,"0","0",814,FALSE
"CHD7",0,1,0,"0","0",815,FALSE
"CHD8",0,2,0,"0","0",816,FALSE
"CHD9",0,3,0,"0","0",817,FALSE
"CHEK2",5,0,0,"0","0",818,FALSE
"CHGA",0,2,0,"0","0",819,FALSE
"CHGB",0,3,0,"0","0",820,FALSE
"CHI3L2",0,1,0,"0","0",821,FALSE
"CHKA",0,1,0,"0","0",822,FALSE
"CHL1",0,1,0,"0","0",823,FALSE
"CHN1",0,1,0,"0","0",824,FALSE
"CHN2",0,1,0,"0","0",825,FALSE
"CHPF2",0,1,0,"0","0",826,FALSE
"CHRNA1",0,1,0,"0","0",827,FALSE
"CHRNA9",0,1,0,"0","0",828,FALSE
"CHRNB2",0,2,0,"0","0",829,FALSE
"CHRNB3",0,1,0,"0","0",830,FALSE
"CHRNE",0,1,0,"0","0",831,FALSE
"CHRNG",1,0,0,"0","0",832,FALSE
"CHST12",0,1,0,"0","0",833,FALSE
"CHST13",0,1,0,"0","0",834,FALSE
"CHST4",0,1,0,"0","0",835,FALSE
"CHST7",0,1,0,"0","0",836,FALSE
"CHST8",0,1,0,"0","0",837,FALSE
"CHST9",0,2,0,"0","0",838,FALSE
"CHSY1",0,1,0,"0","0",839,FALSE
"CIB4",0,1,0,"0","0",840,FALSE
"CIC",0,1,0,"0","0",841,FALSE
"CIDEC",0,2,0,"0","0",842,FALSE
"CIITA",0,3,0,"0","0",843,FALSE
"CINP",0,1,0,"0","0",844,FALSE
"CIRH1A",0,1,0,"0","0",845,FALSE
"CISH",0,1,0,"0","0",846,FALSE
"CKMT2",0,1,0,"0","0",847,FALSE
"CLASP1",0,1,0,"0","0",848,FALSE
"CLASRP",0,1,0,"0","0",849,FALSE
"CLCA4",0,1,0,"0","0",850,FALSE
"CLCN1",0,1,0,"0","0",851,FALSE
"CLCN5",0,2,0,"0","0",852,FALSE
"CLCN6",0,1,0,"0","0",853,FALSE
"CLCNKA",0,1,0,"0","0",854,FALSE
"CLDN12",0,1,0,"0","0",855,FALSE
"CLDN16",0,1,0,"0","0",856,FALSE
"CLDN17",0,1,0,"0","0",857,FALSE
"CLDN18",0,1,0,"0","0",858,FALSE
"CLDN4",0,1,0,"0","0",859,FALSE
"CLDN7",0,1,0,"0","0",860,FALSE
"CLDN8",0,1,0,"0","0",861,FALSE
"CLDND1",0,1,0,"0","0",862,FALSE
"CLEC12A",0,1,0,"0","0",863,FALSE
"CLEC12B",0,1,0,"0","0",864,FALSE
"CLEC14A",0,1,0,"0","0",865,FALSE
"CLEC1A",0,1,0,"0","0",866,FALSE
"CLEC3A",0,2,0,"0","0",867,FALSE
"CLEC4C",0,1,0,"0","0",868,FALSE
"CLEC4E",0,1,0,"0","0",869,FALSE
"CLEC4F",0,1,0,"0","0",870,FALSE
"CLECL1",0,1,0,"0","0",871,FALSE
"CLGN",0,1,0,"0","0",872,FALSE
"CLIC5",0,2,0,"0","0",873,FALSE
"CLIC6",0,1,0,"0","0",874,FALSE
"CLIP1",0,1,0,"0","0",875,FALSE
"CLIP2",0,1,0,"0","0",876,FALSE
"CLIP4",0,2,0,"0","0",877,FALSE
"CLLU1",0,1,0,"0","0",878,FALSE
"CLMN",0,1,0,"0","0",879,FALSE
"CLPSL1",0,1,0,"0","0",880,FALSE
"CLSPN",0,1,0,"0","0",881,FALSE
"CLSTN3",0,1,0,"0","0",882,FALSE
"CLTCL1",0,3,0,"0","0",883,FALSE
"CLU",0,1,0,"0","0",884,FALSE
"CMAS",0,1,0,"0","0",885,FALSE
"CMC1",0,1,0,"0","0",886,FALSE
"CMTR2",0,1,0,"0","0",887,FALSE
"CMYA5",0,5,0,"0","0",888,FALSE
"CNBD2",0,2,0,"0","0",889,FALSE
"CNGA1",2,2,0,"0","0",890,FALSE
"CNGA2",0,3,0,"0","0",891,FALSE
"CNGA3",2,3,0,"0","0",892,FALSE
"CNGA4",0,2,0,"0","0",893,FALSE
"CNGB1",0,1,0,"0","0",894,FALSE
"CNGB3",0,3,0,"0","0",895,FALSE
"CNKSR1",0,1,0,"0","0",896,FALSE
"CNKSR2",0,3,0,"0","0",897,FALSE
"CNKSR3",0,1,0,"0","0",898,FALSE
"CNNM2",0,2,0,"0","0",899,FALSE
"CNOT1",0,1,0,"0","0",900,FALSE
"CNOT10",0,1,0,"0","0",901,FALSE
"CNOT4",0,1,0,"0","0",902,FALSE
"CNR1",0,2,0,"0","0",903,FALSE
"CNTD2",0,1,0,"0","0",904,FALSE
"CNTN2",0,3,0,"0","0",905,FALSE
"CNTN3",0,2,0,"0","0",906,FALSE
"CNTN4",0,1,0,"0","0",907,FALSE
"CNTN5",0,5,0,"0","0",908,FALSE
"CNTN6",0,2,0,"0","0",909,FALSE
"CNTNAP1",0,2,0,"0","0",910,FALSE
"CNTNAP2",0,3,0,"0","0",911,FALSE
"CNTNAP4",0,1,0,"0","0",912,FALSE
"CNTNAP5",0,2,0,"0","0",913,FALSE
"COASY",0,1,0,"0","0",914,FALSE
"COBL",0,1,0,"0","0",915,FALSE
"COCH",0,1,0,"0","0",916,FALSE
"COG7",0,1,0,"0","0",917,FALSE
"COL10A1",0,1,0,"0","0",918,FALSE
"COL11A1",0,8,0,"0","0",919,FALSE
"COL11A2",0,1,0,"0","0",920,FALSE
"COL12A1",0,3,0,"0","0",921,FALSE
"COL13A1",0,1,0,"0","0",922,FALSE
"COL14A1",0,1,0,"0","0",923,FALSE
"COL15A1",0,2,0,"0","0",924,FALSE
"COL16A1",0,3,0,"0","0",925,FALSE
"COL19A1",0,4,0,"0","0",926,FALSE
"COL1A1",0,2,0,"0","0",927,FALSE
"COL1A2",0,1,0,"0","0",928,FALSE
"COL20A1",0,1,0,"0","0",929,FALSE
"COL21A1",0,1,0,"0","0",930,FALSE
"COL22A1",0,8,0,"0","0",931,FALSE
"COL24A1",0,3,0,"0","0",932,FALSE
"COL25A1",0,2,0,"0","0",933,FALSE
"COL27A1",0,2,0,"0","0",934,FALSE
"COL28A1",0,1,0,"0","0",935,FALSE
"COL2A1",0,3,0,"0","0",936,FALSE
"COL3A1",0,4,0,"0","0",937,FALSE
"COL4A1",0,3,0,"0","0",938,FALSE
"COL4A3",0,4,0,"0","0",939,FALSE
"COL4A4",0,4,0,"0","0",940,FALSE
"COL4A6",0,1,0,"0","0",941,FALSE
"COL5A1",0,2,0,"0","0",942,FALSE
"COL5A3",0,1,0,"0","0",943,FALSE
"COL6A1",0,3,0,"0","0",944,FALSE
"COL6A3",0,6,0,"0","0",945,FALSE
"COL6A5",0,4,0,"0","0",946,FALSE
"COL6A6",0,2,0,"0","0",947,FALSE
"COL7A1",1,3,0,"0","0",948,FALSE
"COL8A1",0,1,0,"0","0",949,FALSE
"COL8A2",0,2,0,"0","0",950,FALSE
"COL9A1",0,1,0,"0","0",951,FALSE
"COL9A3",0,1,0,"0","0",952,FALSE
"COLEC11",0,1,0,"0","0",953,FALSE
"COLGALT1",0,1,0,"0","0",954,FALSE
"COPA",0,1,0,"0","0",955,FALSE
"CORIN",0,1,0,"0","0",956,FALSE
"CORO1A",0,1,0,"0","0",957,FALSE
"CORO2A",0,1,0,"0","0",958,FALSE
"COX18",0,2,0,"0","0",959,FALSE
"COX4I2",0,1,0,"0","0",960,FALSE
"CPA4",0,1,0,"0","0",961,FALSE
"CPAMD8",0,1,0,"0","0",962,FALSE
"CPB1",0,1,0,"0","0",963,FALSE
"CPB2",0,1,0,"0","0",964,FALSE
"CPEB1",0,2,0,"0","0",965,FALSE
"CPEB4",0,1,0,"0","0",966,FALSE
"CPED1",0,1,0,"0","0",967,FALSE
"CPN1",0,1,0,"0","0",968,FALSE
"CPNE5",0,1,0,"0","0",969,FALSE
"CPOX",0,2,0,"0","0",970,FALSE
"CPPED1",0,2,0,"0","0",971,FALSE
"CPQ",0,1,0,"0","0",972,FALSE
"CPS1",0,3,0,"0","0",973,FALSE
"CPSF1",0,2,0,"0","0",974,FALSE
"CPT1A",0,1,0,"0","0",975,FALSE
"CPT1C",0,1,0,"0","0",976,FALSE
"CPT2",1,0,0,"0","0",977,FALSE
"CPVL",0,1,0,"0","0",978,FALSE
"CPXCR1",0,1,0,"0","0",979,FALSE
"CR2",0,3,0,"0","0",980,FALSE
"CRAMP1L",0,2,0,"0","0",981,FALSE
"CRB1",0,3,0,"0","0",982,FALSE
"CREB3L1",0,1,0,"0","0",983,FALSE
"CREBBP",0,2,0,"0","0",984,FALSE
"CREG1",0,1,0,"0","0",985,FALSE
"CREG2",0,1,0,"0","0",986,FALSE
"CREM",0,1,0,"0","0",987,FALSE
"CRH",0,1,0,"0","0",988,FALSE
"CRIP2",0,1,0,"0","0",989,FALSE
"CRISPLD1",0,1,0,"0","0",990,FALSE
"CRLF1",0,1,0,"0","0",991,FALSE
"CRNN",0,1,0,"0","0",992,FALSE
"CROT",0,1,0,"0","0",993,FALSE
"CRTAP",1,0,0,"0","0",994,FALSE
"CRTC1",0,1,0,"0","0",995,FALSE
"CRTC3",0,1,0,"0","0",996,FALSE
"CRX",0,1,0,"0","0",997,FALSE
"CRYGA",0,1,0,"0","0",998,FALSE
"CRYZL1",0,1,0,"0","0",999,FALSE
"CSAD",0,1,0,"0","0",1000,FALSE
"CSDE1",0,1,0,"0","0",1001,FALSE
"CSF1R",0,1,0,"0","0",1002,FALSE
"CSF2RA",0,1,0,"0","0",1003,FALSE
"CSGALNACT2",0,1,0,"0","0",1004,FALSE
"CSMD1",0,5,0,"0","0",1005,FALSE
"CSMD2",0,3,0,"0","0",1006,FALSE
"CSMD3",0,6,0,"0","0",1007,FALSE
"CSN1S1",0,1,0,"0","0",1008,FALSE
"CSNK1G2",0,1,0,"0","0",1009,FALSE
"CSNK2A2",0,1,0,"0","0",1010,FALSE
"CSPG4",0,1,0,"0","0",1011,FALSE
"CSPP1",0,1,0,"0","0",1012,FALSE
"CSRNP1",0,1,0,"0","0",1013,FALSE
"CST5",0,1,0,"0","0",1014,FALSE
"CST8",0,1,0,"0","0",1015,FALSE
"CSTF2",0,1,0,"0","0",1016,FALSE
"CTCFL",0,1,0,"0","0",1017,FALSE
"CTD-2144E22.5",0,1,0,"0","0",1018,FALSE
"CTDSP1",0,1,0,"0","0",1019,FALSE
"CTH",0,1,0,"0","0",1020,FALSE
"CTIF",0,1,0,"0","0",1021,FALSE
"CTNNA1",0,1,0,"0","0",1022,FALSE
"CTNND1",0,1,0,"0","0",1023,FALSE
"CTNND2",0,1,0,"0","0",1024,FALSE
"CTRB1",0,1,0,"0","0",1025,FALSE
"CTRC",0,1,0,"0","0",1026,FALSE
"CTSA",0,1,0,"0","0",1027,FALSE
"CTSH",0,1,0,"0","0",1028,FALSE
"CTSO",0,1,0,"0","0",1029,FALSE
"CTTN",0,1,0,"0","0",1030,FALSE
"CTTNBP2",0,2,0,"0","0",1031,FALSE
"CTTNBP2NL",0,2,0,"0","0",1032,FALSE
"CTXN2",0,1,0,"0","0",1033,FALSE
"CUBN",0,1,0,"0","0",1034,FALSE
"CUL1",0,1,0,"0","0",1035,FALSE
"CUL4B",0,1,0,"0","0",1036,FALSE
"CUL7",0,2,0,"0","0",1037,FALSE
"CWH43",0,2,0,"0","0",1038,FALSE
"CX3CL1",0,1,0,"0","0",1039,FALSE
"CXXC1",0,1,0,"0","0",1040,FALSE
"CXorf22",0,5,0,"0","0",1041,FALSE
"CXorf64",0,1,0,"0","0",1042,FALSE
"CXorf67",0,2,0,"0","0",1043,FALSE
"CYB561D1",0,1,0,"0","0",1044,FALSE
"CYB5R4",0,1,0,"0","0",1045,FALSE
"CYBB",0,3,0,"0","0",1046,FALSE
"CYFIP2",0,1,0,"0","0",1047,FALSE
"CYGB",0,1,0,"0","0",1048,FALSE
"CYP11A1",0,1,0,"0","0",1049,FALSE
"CYP17A1",0,1,0,"0","0",1050,FALSE
"CYP1A2",0,1,0,"0","0",1051,FALSE
"CYP1B1",1,0,0,"0","0",1052,FALSE
"CYP21A2",10,0,0,"0","0",1053,TRUE
"CYP24A1",0,1,0,"0","0",1054,FALSE
"CYP27A1",0,1,0,"0","0",1055,FALSE
"CYP27B1",1,1,0,"0","0",1056,FALSE
"CYP2C18",0,2,0,"0","0",1057,FALSE
"CYP2C8",0,2,0,"0","0",1058,FALSE
"CYP2E1",0,1,0,"0","0",1059,FALSE
"CYP2J2",0,1,0,"0","0",1060,FALSE
"CYP2U1",0,1,0,"0","0",1061,FALSE
"CYP39A1",0,1,0,"0","0",1062,FALSE
"CYP4F12",0,1,0,"0","0",1063,FALSE
"CYP4V2",1,2,0,"0","0",1064,FALSE
"CYP4X1",0,1,0,"0","0",1065,FALSE
"CYP7B1",1,0,0,"0","0",1066,FALSE
"CYTH1",0,1,0,"0","0",1067,FALSE
"DAAM2",0,1,0,"0","0",1068,FALSE
"DAB2",0,1,0,"0","0",1069,FALSE
"DAB2IP",0,1,0,"0","0",1070,FALSE
"DACH1",0,4,0,"0","0",1071,FALSE
"DACT2",0,1,0,"0","0",1072,FALSE
"DAG1",0,1,0,"0","0",1073,FALSE
"DAGLA",0,1,0,"0","0",1074,FALSE
"DAPK1",0,1,0,"0","0",1075,FALSE
"DAPL1",0,1,0,"0","0",1076,FALSE
"DAW1",0,1,0,"0","0",1077,FALSE
"DAZAP1",0,1,0,"0","0",1078,FALSE
"DBH",1,2,0,"0","0",1079,FALSE
"DBN1",0,1,0,"0","0",1080,FALSE
"DBT",0,1,0,"0","0",1081,FALSE
"DBX1",0,1,0,"0","0",1082,FALSE
"DCAF12L1",0,3,0,"0","0",1083,FALSE
"DCAF12L2",0,1,0,"0","0",1084,FALSE
"DCAF8",0,1,0,"0","0",1085,FALSE
"DCAF8L1",0,1,0,"0","0",1086,FALSE
"DCAF8L2",0,1,0,"0","0",1087,FALSE
"DCC",0,4,0,"0","0",1088,FALSE
"DCDC1",0,2,0,"0","0",1089,FALSE
"DCDC2",0,1,0,"0","0",1090,FALSE
"DCDC2B",0,1,0,"0","0",1091,FALSE
"DCHS1",0,3,0,"0","0",1092,FALSE
"DCHS2",0,2,0,"0","0",1093,FALSE
"DCLK2",0,1,0,"0","0",1094,FALSE
"DCLK3",0,2,0,"0","0",1095,FALSE
"DCLRE1A",0,1,0,"0","0",1096,FALSE
"DCST1",0,2,0,"0","0",1097,FALSE
"DCT",0,1,0,"0","0",1098,FALSE
"DCTN1",0,1,0,"0","0",1099,FALSE
"DDC",0,3,0,"0","0",1100,FALSE
"DDHD1",0,1,0,"0","0",1101,FALSE
"DDI1",0,1,0,"0","0",1102,FALSE
"DDR2",0,1,0,"0","0",1103,FALSE
"DDX20",0,1,0,"0","0",1104,FALSE
"DDX31",0,1,0,"0","0",1105,FALSE
"DDX4",0,1,0,"0","0",1106,FALSE
"DDX41",0,1,0,"0","0",1107,FALSE
"DDX42",0,2,0,"0","0",1108,FALSE
"DDX5",0,1,0,"0","0",1109,FALSE
"DDX54",0,1,0,"0","0",1110,FALSE
"DEAF1",0,3,0,"0","0",1111,FALSE
"DEFA5",0,1,0,"0","0",1112,FALSE
"DEFB118",0,1,0,"0","0",1113,FALSE
"DEFB125",0,1,0,"0","0",1114,FALSE
"DENND1C",0,1,0,"0","0",1115,FALSE
"DENND2A",0,1,0,"0","0",1116,FALSE
"DENND2C",0,2,0,"0","0",1117,FALSE
"DENND3",0,1,0,"0","0",1118,FALSE
"DENND4C",0,1,0,"0","0",1119,FALSE
"DENND5A",0,1,0,"0","0",1120,FALSE
"DENND5B",0,1,0,"0","0",1121,FALSE
"DENND6A",0,3,0,"0","0",1122,FALSE
"DEPDC1B",0,2,0,"0","0",1123,FALSE
"DEPDC5",0,2,0,"0","0",1124,FALSE
"DEPDC7",0,1,0,"0","0",1125,FALSE
"DERA",0,1,0,"0","0",1126,FALSE
"DESI1",0,1,0,"0","0",1127,FALSE
"DFNA5",0,1,0,"0","0",1128,FALSE
"DGAT2L6",0,1,0,"0","0",1129,FALSE
"DGCR2",0,1,0,"0","0",1130,FALSE
"DGCR8",0,1,0,"0","0",1131,FALSE
"DGKB",0,2,0,"0","0",1132,FALSE
"DGKD",0,1,0,"0","0",1133,FALSE
"DGKG",0,2,0,"0","0",1134,FALSE
"DGKH",0,1,0,"0","0",1135,FALSE
"DGKI",0,2,0,"0","0",1136,FALSE
"DGUOK",1,0,0,"0","0",1137,FALSE
"DHCR24",0,1,0,"0","0",1138,FALSE
"DHCR7",3,0,0,"0","0",1139,FALSE
"DHTKD1",1,1,0,"0","0",1140,FALSE
"DHX15",0,1,0,"0","0",1141,FALSE
"DHX32",0,1,0,"0","0",1142,FALSE
"DHX34",0,1,0,"0","0",1143,FALSE
"DHX35",0,1,0,"0","0",1144,FALSE
"DHX36",0,1,0,"0","0",1145,FALSE
"DHX37",0,1,0,"0","0",1146,FALSE
"DHX40",0,1,0,"0","0",1147,FALSE
"DIAPH2",0,2,0,"0","0",1148,FALSE
"DIAPH3",0,2,0,"0","0",1149,FALSE
"DICER1",0,1,0,"0","0",1150,FALSE
"DIDO1",0,2,0,"0","0",1151,FALSE
"DIO3",0,1,0,"0","0",1152,FALSE
"DIP2A",0,1,0,"0","0",1153,FALSE
"DIP2B",0,2,0,"0","0",1154,FALSE
"DIP2C",0,1,0,"0","0",1155,FALSE
"DIRAS2",0,1,0,"0","0",1156,FALSE
"DISP1",0,2,0,"0","0",1157,FALSE
"DKC1",0,1,0,"0","0",1158,FALSE
"DKK2",0,1,0,"0","0",1159,FALSE
"DKK3",0,1,0,"0","0",1160,FALSE
"DKKL1",0,1,0,"0","0",1161,FALSE
"DLD",1,0,0,"0","0",1162,FALSE
"DLG1",0,1,0,"0","0",1163,FALSE
"DLG2",0,1,0,"0","0",1164,FALSE
"DLG5",0,1,0,"0","0",1165,FALSE
"DLGAP1",0,1,0,"0","0",1166,FALSE
"DLGAP4",0,1,0,"0","0",1167,FALSE
"DLGAP5",0,1,0,"0","0",1168,FALSE
"DMBT1",0,1,0,"0","0",1169,FALSE
"DMD",0,6,0,"0","0",1170,FALSE
"DMGDH",0,2,0,"0","0",1171,FALSE
"DMP1",0,1,0,"0","0",1172,FALSE
"DMRT2",0,1,0,"0","0",1173,FALSE
"DMRT3",0,1,0,"0","0",1174,FALSE
"DMRTA1",0,1,0,"0","0",1175,FALSE
"DMTF1",0,1,0,"0","0",1176,FALSE
"DMWD",0,1,0,"0","0",1177,FALSE
"DMXL1",0,1,0,"0","0",1178,FALSE
"DNAAF1",0,1,0,"0","0",1179,FALSE
"DNAH1",0,1,0,"0","0",1180,FALSE
"DNAH10",0,4,0,"0","0",1181,FALSE
"DNAH11",0,6,0,"0","0",1182,FALSE
"DNAH12",0,3,0,"0","0",1183,FALSE
"DNAH14",0,2,0,"0","0",1184,FALSE
"DNAH17",0,5,0,"0","0",1185,FALSE
"DNAH2",0,2,0,"0","0",1186,FALSE
"DNAH3",0,2,0,"0","0",1187,FALSE
"DNAH5",0,8,0,"0","0",1188,FALSE
"DNAH6",0,2,0,"0","0",1189,FALSE
"DNAH7",0,5,0,"0","0",1190,FALSE
"DNAH8",0,4,0,"0","0",1191,FALSE
"DNAH9",0,3,0,"0","0",1192,FALSE
"DNAI1",0,2,0,"0","0",1193,FALSE
"DNAI2",0,2,0,"0","0",1194,FALSE
"DNAJC13",0,1,0,"0","0",1195,FALSE
"DNAJC22",0,2,0,"0","0",1196,FALSE
"DNAJC30",0,1,0,"0","0",1197,FALSE
"DNAJC6",0,2,0,"0","0",1198,FALSE
"DNASE1",0,1,0,"0","0",1199,FALSE
"DNER",0,1,0,"0","0",1200,FALSE
"DNHD1",0,3,0,"0","0",1201,FALSE
"DNM1",0,1,0,"0","0",1202,FALSE
"DNMT1",0,1,0,"0","0",1203,FALSE
"DNMT3A",1,1,0,"0","0",1204,FALSE
"DNMT3B",0,2,0,"0","0",1205,FALSE
"DOCK1",0,2,0,"0","0",1206,FALSE
"DOCK10",0,1,0,"0","0",1207,FALSE
"DOCK11",0,1,0,"0","0",1208,FALSE
"DOCK2",0,1,0,"0","0",1209,FALSE
"DOCK3",0,1,0,"0","0",1210,FALSE
"DOCK4",0,1,0,"0","0",1211,FALSE
"DOCK5",0,3,0,"0","0",1212,FALSE
"DOCK6",0,1,0,"0","0",1213,FALSE
"DOCK7",0,1,0,"0","0",1214,FALSE
"DOCK9",0,1,0,"0","0",1215,FALSE
"DOK5",0,1,0,"0","0",1216,FALSE
"DOK6",0,1,0,"0","0",1217,FALSE
"DONSON",0,1,0,"0","0",1218,FALSE
"DOPEY2",0,2,0,"0","0",1219,FALSE
"DOT1L",0,1,0,"0","0",1220,FALSE
"DPF3",0,1,0,"0","0",1221,FALSE
"DPM1",0,1,0,"0","0",1222,FALSE
"DPP6",0,2,0,"0","0",1223,FALSE
"DPPA4",0,1,0,"0","0",1224,FALSE
"DPY19L3",0,1,0,"0","0",1225,FALSE
"DPYD",0,5,0,"0","0",1226,FALSE
"DPYS",0,1,0,"0","0",1227,FALSE
"DPYSL2",0,1,0,"0","0",1228,FALSE
"DPYSL3",0,1,0,"0","0",1229,FALSE
"DPYSL4",0,1,0,"0","0",1230,FALSE
"DPYSL5",0,1,0,"0","0",1231,FALSE
"DQX1",0,1,0,"0","0",1232,FALSE
"DRD1",0,1,0,"0","0",1233,FALSE
"DRD3",0,1,0,"0","0",1234,FALSE
"DSC1",0,1,0,"0","0",1235,FALSE
"DSC2",0,1,0,"0","0",1236,FALSE
"DSC3",0,1,0,"0","0",1237,FALSE
"DSCAM",0,7,0,"0","0",1238,FALSE
"DSCAML1",0,3,0,"0","0",1239,FALSE
"DSCR3",0,1,0,"0","0",1240,FALSE
"DSCR4",0,1,0,"0","0",1241,FALSE
"DSEL",0,2,0,"0","0",1242,FALSE
"DSG1",0,2,0,"0","0",1243,FALSE
"DSG2",0,4,0,"0","0",1244,FALSE
"DSG3",0,1,0,"0","0",1245,FALSE
"DSP",0,1,0,"0","0",1246,FALSE
"DSPP",0,2,0,"0","0",1247,FALSE
"DST",0,4,0,"0","0",1248,FALSE
"DTHD1",0,2,0,"0","0",1249,FALSE
"DTL",0,1,0,"0","0",1250,FALSE
"DTNA",0,1,0,"0","0",1251,FALSE
"DTX1",0,1,0,"0","0",1252,FALSE
"DTX3",0,1,0,"0","0",1253,FALSE
"DUOX2",2,4,0,"0","0",1254,FALSE
"DUSP16",0,1,0,"0","0",1255,FALSE
"DUSP26",0,1,0,"0","0",1256,FALSE
"DUSP27",0,1,0,"0","0",1257,FALSE
"DVL3",0,1,0,"0","0",1258,FALSE
"DYNC1H1",0,1,0,"0","0",1259,FALSE
"DYNC1I1",0,1,0,"0","0",1260,FALSE
"DYNLT3",0,1,0,"0","0",1261,FALSE
"DYRK1A",0,1,0,"0","0",1262,FALSE
"DYSF",1,1,0,"0","0",1263,FALSE
"DYTN",0,1,0,"0","0",1264,FALSE
"DZIP1",0,2,0,"0","0",1265,FALSE
"E2F1",0,2,0,"0","0",1266,FALSE
"E2F2",0,1,0,"0","0",1267,FALSE
"E2F7",0,1,0,"0","0",1268,FALSE
"EBAG9",0,1,0,"0","0",1269,FALSE
"EBF2",0,1,0,"0","0",1270,FALSE
"EBF3",0,1,0,"0","0",1271,FALSE
"ECD",0,1,0,"0","0",1272,FALSE
"ECE1",0,1,0,"0","0",1273,FALSE
"ECH1",0,1,0,"0","0",1274,FALSE
"ECM1",0,1,0,"0","0",1275,FALSE
"ECT2L",0,1,0,"0","0",1276,FALSE
"EDIL3",0,2,0,"0","0",1277,FALSE
"EEA1",0,1,0,"0","0",1278,FALSE
"EEF1A2",0,2,0,"0","0",1279,FALSE
"EFCAB4B",0,1,0,"0","0",1280,FALSE
"EFCAB5",0,1,0,"0","0",1281,FALSE
"EFCAB6",0,1,0,"0","0",1282,FALSE
"EFCAB9",0,1,0,"0","0",1283,FALSE
"EFCC1",0,1,0,"0","0",1284,FALSE
"EFHC2",0,1,0,"0","0",1285,FALSE
"EFNA5",0,1,0,"0","0",1286,FALSE
"EFNB3",0,1,0,"0","0",1287,FALSE
"EFR3B",0,1,0,"0","0",1288,FALSE
"EFTUD2",0,2,0,"0","0",1289,FALSE
"EGF",0,1,0,"0","0",1290,FALSE
"EGFL6",0,2,0,"0","0",1291,FALSE
"EGFL7",0,1,0,"0","0",1292,FALSE
"EGFLAM",0,1,0,"0","0",1293,FALSE
"EHBP1L1",0,1,0,"0","0",1294,FALSE
"EHD2",0,1,0,"0","0",1295,FALSE
"EHHADH",0,1,0,"0","0",1296,FALSE
"EHMT1",0,1,0,"0","0",1297,FALSE
"EHMT2",0,1,0,"0","0",1298,FALSE
"EIF2AK1",0,1,0,"0","0",1299,FALSE
"EIF2B2",1,0,0,"0","0",1300,FALSE
"EIF2B5",1,0,0,"0","0",1301,FALSE
"EIF2S1",0,1,0,"0","0",1302,FALSE
"EIF3A",0,1,0,"0","0",1303,FALSE
"EIF3B",0,1,0,"0","0",1304,FALSE
"EIF4G1",0,1,0,"0","0",1305,FALSE
"ELAC2",0,1,0,"0","0",1306,FALSE
"ELAVL4",0,1,0,"0","0",1307,FALSE
"ELFN1",0,1,0,"0","0",1308,FALSE
"ELFN2",0,1,0,"0","0",1309,FALSE
"ELK1",0,1,0,"0","0",1310,FALSE
"ELK3",0,1,0,"0","0",1311,FALSE
"ELL",0,1,0,"0","0",1312,FALSE
"ELMSAN1",0,2,0,"0","0",1313,FALSE
"ELN",0,1,0,"0","0",1314,FALSE
"ELOVL2",0,1,0,"0","0",1315,FALSE
"ELOVL3",0,1,0,"0","0",1316,FALSE
"ELP2",0,1,0,"0","0",1317,FALSE
"EMC7",0,1,0,"0","0",1318,FALSE
"EMILIN2",0,1,0,"0","0",1319,FALSE
"EMILIN3",0,1,0,"0","0",1320,FALSE
"EML4",0,1,0,"0","0",1321,FALSE
"EML5",0,2,0,"0","0",1322,FALSE
"EML6",0,1,0,"0","0",1323,FALSE
"ENAH",0,2,0,"0","0",1324,FALSE
"ENAM",0,1,0,"0","0",1325,FALSE
"ENDOU",0,1,0,"0","0",1326,FALSE
"ENG",0,1,0,"0","0",1327,FALSE
"ENGASE",0,1,0,"0","0",1328,FALSE
"ENHO",0,1,0,"0","0",1329,FALSE
"ENO2",0,1,0,"0","0",1330,FALSE
"ENOX1",0,1,0,"0","0",1331,FALSE
"ENPEP",0,1,0,"0","0",1332,FALSE
"ENPP1",0,2,0,"0","0",1333,FALSE
"ENPP2",0,1,0,"0","0",1334,FALSE
"ENPP3",0,1,0,"0","0",1335,FALSE
"ENPP4",0,1,0,"0","0",1336,FALSE
"ENPP5",0,1,0,"0","0",1337,FALSE
"ENTPD2",0,1,0,"0","0",1338,FALSE
"ENY2",0,1,0,"0","0",1339,FALSE
"EP300",0,2,0,"0","0",1340,FALSE
"EP400",0,1,0,"0","0",1341,FALSE
"EPAS1",0,1,0,"0","0",1342,FALSE
"EPB41L3",0,4,0,"0","0",1343,FALSE
"EPB42",0,1,0,"0","0",1344,FALSE
"EPC2",0,1,0,"0","0",1345,FALSE
"EPDR1",0,1,0,"0","0",1346,FALSE
"EPG5",0,1,0,"0","0",1347,FALSE
"EPGN",0,1,0,"0","0",1348,FALSE
"EPHA2",0,3,0,"0","0",1349,FALSE
"EPHA3",0,2,0,"0","0",1350,FALSE
"EPHA4",0,4,0,"0","0",1351,FALSE
"EPHA5",0,6,0,"0","0",1352,FALSE
"EPHA6",0,2,0,"0","0",1353,FALSE
"EPHA7",0,1,0,"0","0",1354,FALSE
"EPHB1",0,1,0,"0","0",1355,FALSE
"EPHB3",0,1,0,"0","0",1356,FALSE
"EPHB4",0,2,0,"0","0",1357,FALSE
"EPHB6",0,1,0,"0","0",1358,FALSE
"EPN3",0,1,0,"0","0",1359,FALSE
"EPOR",0,1,0,"0","0",1360,FALSE
"EPPIN-WFDC6",0,2,0,"0","0",1361,FALSE
"EPPK1",0,2,0,"0","0",1362,FALSE
"EPRS",0,1,0,"0","0",1363,FALSE
"EPS15L1",0,1,0,"0","0",1364,FALSE
"EPX",0,1,0,"0","0",1365,FALSE
"ERAP1",0,1,0,"0","0",1366,FALSE
"ERBB2",0,1,0,"0","0",1367,FALSE
"ERBB2IP",0,1,0,"0","0",1368,FALSE
"ERBB3",0,2,0,"0","0",1369,FALSE
"ERBB4",0,3,0,"0","0",1370,FALSE
"ERC2",0,1,0,"0","0",1371,FALSE
"ERCC2",1,0,0,"0","0",1372,FALSE
"ERCC3",2,0,0,"0","0",1373,FALSE
"ERCC4",2,2,0,"0","0",1374,FALSE
"ERCC5",0,1,0,"0","0",1375,FALSE
"ERCC8",1,0,0,"0","0",1376,FALSE
"ERF",0,1,0,"0","0",1377,FALSE
"ERG",0,2,0,"0","0",1378,FALSE
"ERH",0,1,0,"0","0",1379,FALSE
"ERI3",0,1,0,"0","0",1380,FALSE
"ERLIN2",0,1,0,"0","0",1381,FALSE
"ERMN",0,1,0,"0","0",1382,FALSE
"ERN1",0,1,0,"0","0",1383,FALSE
"ERN2",0,3,0,"0","0",1384,FALSE
"ERVMER34-1",0,1,0,"0","0",1385,FALSE
"ESCO2",0,2,0,"0","0",1386,FALSE
"ESPL1",0,1,0,"0","0",1387,FALSE
"ESPNL",0,3,0,"0","0",1388,FALSE
"ESR1",0,1,0,"0","0",1389,FALSE
"ESRP1",0,1,0,"0","0",1390,FALSE
"ESRRG",0,1,0,"0","0",1391,FALSE
"ESX1",0,1,0,"0","0",1392,FALSE
"ETS2",0,1,0,"0","0",1393,FALSE
"ETV1",0,1,0,"0","0",1394,FALSE
"ETV3",0,1,0,"0","0",1395,FALSE
"EVC2",0,1,0,"0","0",1396,FALSE
"EVX2",0,1,0,"0","0",1397,FALSE
"EXOC3",0,1,0,"0","0",1398,FALSE
"EXOC3L4",0,1,0,"0","0",1399,FALSE
"EXOSC3",2,0,0,"0","0",1400,FALSE
"EXOSC7",0,1,0,"0","0",1401,FALSE
"EXPH5",0,3,0,"0","0",1402,FALSE
"EXT1",0,1,0,"0","0",1403,FALSE
"EXT2",0,1,0,"0","0",1404,FALSE
"EXTL3",0,1,0,"0","0",1405,FALSE
"EYA1",0,1,0,"0","0",1406,FALSE
"EYA4",0,1,0,"0","0",1407,FALSE
"EYS",0,1,0,"0","0",1408,FALSE
"F12",0,1,0,"0","0",1409,FALSE
"F13B",0,1,0,"0","0",1410,FALSE
"F2",0,1,0,"0","0",1411,FALSE
"F5",0,2,0,"0","0",1412,FALSE
"F7",0,1,0,"0","0",1413,FALSE
"F8",0,2,0,"0","0",1414,FALSE
"FAAH",0,1,0,"0","0",1415,FALSE
"FAAH2",0,1,0,"0","0",1416,FALSE
"FABP1",0,2,0,"0","0",1417,FALSE
"FADS3",0,1,0,"0","0",1418,FALSE
"FADS6",0,1,0,"0","0",1419,FALSE
"FAF1",0,1,0,"0","0",1420,FALSE
"FAH",1,3,0,"0","0",1421,FALSE
"FAM101A",0,1,0,"0","0",1422,FALSE
"FAM101B",0,2,0,"0","0",1423,FALSE
"FAM111A",0,1,0,"0","0",1424,FALSE
"FAM111B",0,2,0,"0","0",1425,FALSE
"FAM114A1",0,1,0,"0","0",1426,FALSE
"FAM117B",0,1,0,"0","0",1427,FALSE
"FAM120A",0,1,0,"0","0",1428,FALSE
"FAM120C",0,1,0,"0","0",1429,FALSE
"FAM122A",0,2,0,"0","0",1430,FALSE
"FAM124A",0,1,0,"0","0",1431,FALSE
"FAM124B",0,1,0,"0","0",1432,FALSE
"FAM126A",0,1,0,"0","0",1433,FALSE
"FAM129C",0,1,0,"0","0",1434,FALSE
"FAM131B",0,1,0,"0","0",1435,FALSE
"FAM134A",0,2,0,"0","0",1436,FALSE
"FAM134C",0,1,0,"0","0",1437,FALSE
"FAM135B",0,4,0,"0","0",1438,FALSE
"FAM13B",0,2,0,"0","0",1439,FALSE
"FAM149A",0,1,0,"0","0",1440,FALSE
"FAM155A",0,1,0,"0","0",1441,FALSE
"FAM155B",0,1,0,"0","0",1442,FALSE
"FAM159B",0,1,0,"0","0",1443,FALSE
"FAM161B",0,1,0,"0","0",1444,FALSE
"FAM168A",0,1,0,"0","0",1445,FALSE
"FAM169B",0,1,0,"0","0",1446,FALSE
"FAM170A",0,1,0,"0","0",1447,FALSE
"FAM179A",0,1,0,"0","0",1448,FALSE
"FAM179B",0,1,0,"0","0",1449,FALSE
"FAM181A",0,2,0,"0","0",1450,FALSE
"FAM184B",0,1,0,"0","0",1451,FALSE
"FAM188B",0,2,0,"0","0",1452,FALSE
"FAM188B2",0,1,0,"0","0",1453,FALSE
"FAM189A1",0,1,0,"0","0",1454,FALSE
"FAM189A2",0,1,0,"0","0",1455,FALSE
"FAM193A",0,1,0,"0","0",1456,FALSE
"FAM194B",0,3,0,"0","0",1457,FALSE
"FAM196A",0,1,0,"0","0",1458,FALSE
"FAM19A5",0,1,0,"0","0",1459,FALSE
"FAM208B",0,1,0,"0","0",1460,FALSE
"FAM210B",0,1,0,"0","0",1461,FALSE
"FAM217B",0,1,0,"0","0",1462,FALSE
"FAM26D",0,1,0,"0","0",1463,FALSE
"FAM47A",0,2,0,"0","0",1464,FALSE
"FAM47C",0,1,0,"0","0",1465,FALSE
"FAM50B",0,1,0,"0","0",1466,FALSE
"FAM65B",0,1,0,"0","0",1467,FALSE
"FAM65C",0,2,0,"0","0",1468,FALSE
"FAM69A",0,1,0,"0","0",1469,FALSE
"FAM69C",0,1,0,"0","0",1470,FALSE
"FAM71A",0,1,0,"0","0",1471,FALSE
"FAM71E2",0,1,0,"0","0",1472,FALSE
"FAM78B",0,1,0,"0","0",1473,FALSE
"FAM81B",0,1,0,"0","0",1474,FALSE
"FAM83A",0,2,0,"0","0",1475,FALSE
"FAM83B",0,4,0,"0","0",1476,FALSE
"FAM83G",0,1,0,"0","0",1477,FALSE
"FAM83H",0,1,0,"0","0",1478,FALSE
"FAM84A",0,1,0,"0","0",1479,FALSE
"FAM98A",0,2,0,"0","0",1480,FALSE
"FANCA",0,1,0,"0","0",1481,FALSE
"FANCD2",1,0,0,"0","0",1482,FALSE
"FANCI",1,0,0,"0","0",1483,FALSE
"FAP",0,2,0,"0","0",1484,FALSE
"FARS2",0,1,0,"0","0",1485,FALSE
"FASLG",0,1,0,"0","0",1486,FALSE
"FASN",0,4,0,"0","0",1487,FALSE
"FAT1",0,5,0,"0","0",1488,FALSE
"FAT2",0,3,0,"0","0",1489,FALSE
"FAT3",0,5,0,"0","0",1490,FALSE
"FAT4",0,2,0,"0","0",1491,FALSE
"FAXC",0,1,0,"0","0",1492,FALSE
"FBLN1",0,1,0,"0","0",1493,FALSE
"FBLN2",0,1,0,"0","0",1494,FALSE
"FBN1",0,1,0,"0","0",1495,FALSE
"FBN2",0,2,0,"0","0",1496,FALSE
"FBN3",0,1,0,"0","0",1497,FALSE
"FBP1",0,1,0,"0","0",1498,FALSE
"FBP2",0,1,0,"0","0",1499,FALSE
"FBRS",0,1,0,"0","0",1500,FALSE
"FBRSL1",0,2,0,"0","0",1501,FALSE
"FBXL17",0,1,0,"0","0",1502,FALSE
"FBXO15",0,1,0,"0","0",1503,FALSE
"FBXO18",0,1,0,"0","0",1504,FALSE
"FBXO22",0,2,0,"0","0",1505,FALSE
"FBXO27",0,1,0,"0","0",1506,FALSE
"FBXO38",0,1,0,"0","0",1507,FALSE
"FBXO40",0,1,0,"0","0",1508,FALSE
"FBXO41",0,2,0,"0","0",1509,FALSE
"FBXO42",0,1,0,"0","0",1510,FALSE
"FBXW12",0,1,0,"0","0",1511,FALSE
"FBXW2",0,1,0,"0","0",1512,FALSE
"FBXW7",0,1,0,"0","0",1513,FALSE
"FCAR",0,1,0,"0","0",1514,FALSE
"FCER1A",0,1,0,"0","0",1515,FALSE
"FCHSD1",0,1,0,"0","0",1516,FALSE
"FCN2",0,1,0,"0","0",1517,FALSE
"FCRL2",0,1,0,"0","0",1518,FALSE
"FCRL4",0,2,0,"0","0",1519,FALSE
"FCRL5",0,1,0,"0","0",1520,FALSE
"FCRLA",0,1,0,"0","0",1521,FALSE
"FDXACB1",0,1,0,"0","0",1522,FALSE
"FER1L6",0,1,0,"0","0",1523,FALSE
"FERD3L",0,2,0,"0","0",1524,FALSE
"FERMT1",0,1,0,"0","0",1525,FALSE
"FETUB",0,1,0,"0","0",1526,FALSE
"FEZF2",0,1,0,"0","0",1527,FALSE
"FGA",0,3,0,"0","0",1528,FALSE
"FGD1",3,0,0,"0","0",1529,FALSE
"FGD3",0,1,0,"0","0",1530,FALSE
"FGD5",0,1,0,"0","0",1531,FALSE
"FGF10",0,2,0,"0","0",1532,FALSE
"FGF12",0,1,0,"0","0",1533,FALSE
"FGF14",0,2,0,"0","0",1534,FALSE
"FGF2",0,1,0,"0","0",1535,FALSE
"FGF20",0,2,0,"0","0",1536,FALSE
"FGF21",0,1,0,"0","0",1537,FALSE
"FGF7",0,1,0,"0","0",1538,FALSE
"FGFR2",0,2,0,"0","0",1539,FALSE
"FGG",0,1,0,"0","0",1540,FALSE
"FH",1,0,0,"0","0",1541,FALSE
"FHL1",0,1,0,"0","0",1542,FALSE
"FHOD3",0,1,0,"0","0",1543,FALSE
"FIBIN",0,1,0,"0","0",1544,FALSE
"FIG4",0,1,0,"0","0",1545,FALSE
"FIGF",0,1,0,"0","0",1546,FALSE
"FIGN",0,2,0,"0","0",1547,FALSE
"FILIP1",0,2,0,"0","0",1548,FALSE
"FILIP1L",0,1,0,"0","0",1549,FALSE
"FITM2",0,1,0,"0","0",1550,FALSE
"FIZ1",0,1,0,"0","0",1551,FALSE
"FKBP14",1,0,0,"0","0",1552,FALSE
"FKBP15",0,1,0,"0","0",1553,FALSE
"FKBP1C",0,1,0,"0","0",1554,FALSE
"FKBP3",0,1,0,"0","0",1555,FALSE
"FKBPL",0,1,0,"0","0",1556,FALSE
"FKRP",2,1,0,"0","0",1557,FALSE
"FKTN",1,1,0,"0","0",1558,FALSE
"FLG",14,3,0,"0","0",1559,TRUE
"FLG2",0,2,0,"0","0",1560,FALSE
"FLNB",0,1,0,"0","0",1561,FALSE
"FLNC",0,3,0,"0","0",1562,FALSE
"FLRT3",0,1,0,"0","0",1563,FALSE
"FLT1",0,1,0,"0","0",1564,FALSE
"FLT3",0,3,0,"0","0",1565,FALSE
"FLT4",0,7,0,"0","0",1566,FALSE
"FLVCR2",0,1,0,"0","0",1567,FALSE
"FMN1",0,3,0,"0","0",1568,FALSE
"FMN2",0,4,0,"0","0",1569,FALSE
"FMNL1",0,2,0,"0","0",1570,FALSE
"FMNL3",0,1,0,"0","0",1571,FALSE
"FMO1",0,4,0,"0","0",1572,FALSE
"FMO3",3,0,0,"0","0",1573,FALSE
"FMO4",0,1,0,"0","0",1574,FALSE
"FMO5",0,1,0,"0","0",1575,FALSE
"FMR1NB",0,1,0,"0","0",1576,FALSE
"FN1",0,1,0,"0","0",1577,FALSE
"FNDC1",0,2,0,"0","0",1578,FALSE
"FNDC7",0,2,0,"0","0",1579,FALSE
"FNIP1",0,1,0,"0","0",1580,FALSE
"FNTA",0,1,0,"0","0",1581,FALSE
"FOCAD",0,1,0,"0","0",1582,FALSE
"FOLR4",0,2,0,"0","0",1583,FALSE
"FOSB",0,1,0,"0","0",1584,FALSE
"FOXA2",0,1,0,"0","0",1585,FALSE
"FOXE3",0,1,0,"0","0",1586,FALSE
"FOXG1",0,1,0,"0","0",1587,FALSE
"FOXL1",0,1,0,"0","0",1588,FALSE
"FOXL2",0,1,0,"0","0",1589,FALSE
"FOXN1",0,1,0,"0","0",1590,FALSE
"FOXN3",0,1,0,"0","0",1591,FALSE
"FOXN4",0,2,0,"0","0",1592,FALSE
"FOXP2",0,1,0,"0","0",1593,FALSE
"FOXP3",0,1,0,"0","0",1594,FALSE
"FOXP4",0,1,0,"0","0",1595,FALSE
"FOXQ1",0,1,0,"0","0",1596,FALSE
"FOXR1",0,1,0,"0","0",1597,FALSE
"FOXRED2",0,1,0,"0","0",1598,FALSE
"FOXS1",0,1,0,"0","0",1599,FALSE
"FPGT-TNNI3K",0,2,0,"0","0",1600,FALSE
"FRA10AC1",0,1,0,"0","0",1601,FALSE
"FRAS1",0,3,0,"0","0",1602,FALSE
"FREM2",0,4,0,"0","0",1603,FALSE
"FREM3",0,1,0,"0","0",1604,FALSE
"FRK",0,2,0,"0","0",1605,FALSE
"FRMD3",0,1,0,"0","0",1606,FALSE
"FRMD4A",0,1,0,"0","0",1607,FALSE
"FRMD6",0,1,0,"0","0",1608,FALSE
"FRMPD1",0,2,0,"0","0",1609,FALSE
"FRMPD3",0,1,0,"0","0",1610,FALSE
"FRMPD4",0,2,0,"0","0",1611,FALSE
"FRY",0,5,0,"0","0",1612,FALSE
"FRYL",0,1,0,"0","0",1613,FALSE
"FRZB",0,1,0,"0","0",1614,FALSE
"FSCB",0,4,0,"0","0",1615,FALSE
"FSCN1",0,1,0,"0","0",1616,FALSE
"FSD1",0,1,0,"0","0",1617,FALSE
"FSD2",0,1,0,"0","0",1618,FALSE
"FSHR",0,2,0,"0","0",1619,FALSE
"FSIP2",0,3,0,"0","0",1620,FALSE
"FSTL5",0,2,0,"0","0",1621,FALSE
"FTMT",0,3,0,"0","0",1622,FALSE
"FUT8",0,1,0,"0","0",1623,FALSE
"FUT9",0,1,0,"0","0",1624,FALSE
"FXYD1",0,1,0,"0","0",1625,FALSE
"FZD1",0,1,0,"0","0",1626,FALSE
"FZD8",0,1,0,"0","0",1627,FALSE
"G3BP1",0,1,0,"0","0",1628,FALSE
"GAA",2,1,0,"0","0",1629,FALSE
"GAB1",0,1,0,"0","0",1630,FALSE
"GAB4",0,1,0,"0","0",1631,FALSE
"GABARAPL2",0,1,0,"0","0",1632,FALSE
"GABBR2",0,1,0,"0","0",1633,FALSE
"GABRA1",0,2,0,"0","0",1634,FALSE
"GABRA2",0,2,0,"0","0",1635,FALSE
"GABRA4",0,1,0,"0","0",1636,FALSE
"GABRA5",0,1,0,"0","0",1637,FALSE
"GABRA6",0,1,0,"0","0",1638,FALSE
"GABRB2",0,3,0,"0","0",1639,FALSE
"GABRB3",0,1,0,"0","0",1640,FALSE
"GABRG2",0,2,0,"0","0",1641,FALSE
"GABRG3",0,2,0,"0","0",1642,FALSE
"GABRQ",0,1,0,"0","0",1643,FALSE
"GAD1",0,2,0,"0","0",1644,FALSE
"GAD2",0,1,0,"0","0",1645,FALSE
"GADL1",0,1,0,"0","0",1646,FALSE
"GAK",0,1,0,"0","0",1647,FALSE
"GAL3ST4",0,1,0,"0","0",1648,FALSE
"GALNT11",0,1,0,"0","0",1649,FALSE
"GALNT12",0,1,0,"0","0",1650,FALSE
"GALNT13",0,2,0,"0","0",1651,FALSE
"GALNT15",0,1,0,"0","0",1652,FALSE
"GALNT18",0,1,0,"0","0",1653,FALSE
"GALNT2",0,1,0,"0","0",1654,FALSE
"GALNT5",0,3,0,"0","0",1655,FALSE
"GALNT7",0,1,0,"0","0",1656,FALSE
"GALNT8",0,1,0,"0","0",1657,FALSE
"GALR1",0,1,0,"0","0",1658,FALSE
"GAPVD1",0,2,0,"0","0",1659,FALSE
"GART",0,1,0,"0","0",1660,FALSE
"GAS2L3",0,1,0,"0","0",1661,FALSE
"GATM",0,1,0,"0","0",1662,FALSE
"GBA",4,0,0,"0","0",1663,FALSE
"GBE1",1,0,0,"0","0",1664,FALSE
"GBP1",0,1,0,"0","0",1665,FALSE
"GBP2",0,1,0,"0","0",1666,FALSE
"GBP3",0,3,0,"0","0",1667,FALSE
"GBP7",0,1,0,"0","0",1668,FALSE
"GC",0,1,0,"0","0",1669,FALSE
"GCC2",0,1,0,"0","0",1670,FALSE
"GCGR",0,1,0,"0","0",1671,FALSE
"GCK",0,1,0,"0","0",1672,FALSE
"GCM2",0,1,0,"0","0",1673,FALSE
"GCN1L1",0,1,0,"0","0",1674,FALSE
"GCNT1",0,1,0,"0","0",1675,FALSE
"GCSAM",0,1,0,"0","0",1676,FALSE
"GDA",0,1,0,"0","0",1677,FALSE
"GDF1",0,1,0,"0","0",1678,FALSE
"GDF15",0,1,0,"0","0",1679,FALSE
"GDF5",0,1,0,"0","0",1680,FALSE
"GDF5OS",0,1,0,"0","0",1681,FALSE
"GDF9",0,1,0,"0","0",1682,FALSE
"GDI2",0,1,0,"0","0",1683,FALSE
"GDPD5",0,1,0,"0","0",1684,FALSE
"GEM",0,1,0,"0","0",1685,FALSE
"GEMIN2",0,1,0,"0","0",1686,FALSE
"GET4",0,1,0,"0","0",1687,FALSE
"GFI1B",0,2,0,"0","0",1688,FALSE
"GFRA1",0,1,0,"0","0",1689,FALSE
"GFRA3",0,1,0,"0","0",1690,FALSE
"GFRA4",0,1,0,"0","0",1691,FALSE
"GGA1",0,1,0,"0","0",1692,FALSE
"GGCT",0,1,0,"0","0",1693,FALSE
"GGCX",0,1,0,"0","0",1694,FALSE
"GGT7",0,1,0,"0","0",1695,FALSE
"GHR",0,2,0,"0","0",1696,FALSE
"GIF",0,1,0,"0","0",1697,FALSE
"GINS3",0,1,0,"0","0",1698,FALSE
"GIPC1",0,1,0,"0","0",1699,FALSE
"GJA5",0,1,0,"0","0",1700,FALSE
"GJB2",13,0,0,"0","0",1701,TRUE
"GJB3",0,1,0,"0","0",1702,FALSE
"GJB5",0,1,0,"0","0",1703,FALSE
"GJD2",0,2,0,"0","0",1704,FALSE
"GJD4",0,1,0,"0","0",1705,FALSE
"GK",0,1,0,"0","0",1706,FALSE
"GK2",0,1,0,"0","0",1707,FALSE
"GLB1",1,1,0,"0","0",1708,FALSE
"GLB1L2",0,2,0,"0","0",1709,FALSE
"GLB1L3",0,1,0,"0","0",1710,FALSE
"GLDN",0,1,0,"0","0",1711,FALSE
"GLG1",0,1,0,"0","0",1712,FALSE
"GLI1",0,2,0,"0","0",1713,FALSE
"GLI2",0,2,0,"0","0",1714,FALSE
"GLI3",0,5,0,"0","0",1715,FALSE
"GLIPR1L1",0,1,0,"0","0",1716,FALSE
"GLIS3",0,2,0,"0","0",1717,FALSE
"GLP1R",0,1,0,"0","0",1718,FALSE
"GLRA4",0,1,0,"0","0",1719,FALSE
"GLRB",0,1,0,"0","0",1720,FALSE
"GLTSCR1",0,1,0,"0","0",1721,FALSE
"GLTSCR1L",0,2,0,"0","0",1722,FALSE
"GLYAT",0,1,0,"0","0",1723,FALSE
"GLYATL1",0,1,0,"0","0",1724,FALSE
"GLYCTK",0,1,0,"0","0",1725,FALSE
"GMNC",0,2,0,"0","0",1726,FALSE
"GMPPA",0,1,0,"0","0",1727,FALSE
"GNA13",0,1,0,"0","0",1728,FALSE
"GNAS",0,2,0,"0","0",1729,FALSE
"GNAZ",0,1,0,"0","0",1730,FALSE
"GNGT2",0,1,0,"0","0",1731,FALSE
"GNL3L",0,1,0,"0","0",1732,FALSE
"GNPTG",1,0,0,"0","0",1733,FALSE
"GNRHR",2,0,0,"0","0",1734,FALSE
"GOLGA2",0,1,0,"0","0",1735,FALSE
"GOLGA4",0,2,0,"0","0",1736,FALSE
"GOLGA5",0,1,0,"0","0",1737,FALSE
"GON4L",0,3,0,"0","0",1738,FALSE
"GOT1L1",0,2,0,"0","0",1739,FALSE
"GP2",0,1,0,"0","0",1740,FALSE
"GP9",1,0,0,"0","0",1741,FALSE
"GPATCH1",0,2,0,"0","0",1742,FALSE
"GPBP1",0,1,0,"0","0",1743,FALSE
"GPC3",0,1,0,"0","0",1744,FALSE
"GPC6",0,2,0,"0","0",1745,FALSE
"GPD2",0,1,0,"0","0",1746,FALSE
"GPLD1",0,1,0,"0","0",1747,FALSE
"GPR108",0,1,0,"0","0",1748,FALSE
"GPR110",0,2,0,"0","0",1749,FALSE
"GPR111",0,2,0,"0","0",1750,FALSE
"GPR112",0,3,0,"0","0",1751,FALSE
"GPR113",0,2,0,"0","0",1752,FALSE
"GPR115",0,2,0,"0","0",1753,FALSE
"GPR116",0,1,0,"0","0",1754,FALSE
"GPR119",0,1,0,"0","0",1755,FALSE
"GPR123",0,1,0,"0","0",1756,FALSE
"GPR124",0,1,0,"0","0",1757,FALSE
"GPR125",0,2,0,"0","0",1758,FALSE
"GPR137",0,2,0,"0","0",1759,FALSE
"GPR139",0,1,0,"0","0",1760,FALSE
"GPR141",0,1,0,"0","0",1761,FALSE
"GPR144",0,1,0,"0","0",1762,FALSE
"GPR149",0,1,0,"0","0",1763,FALSE
"GPR153",0,1,0,"0","0",1764,FALSE
"GPR158",0,3,0,"0","0",1765,FALSE
"GPR162",0,1,0,"0","0",1766,FALSE
"GPR176",0,2,0,"0","0",1767,FALSE
"GPR179",0,4,0,"0","0",1768,FALSE
"GPR19",0,1,0,"0","0",1769,FALSE
"GPR20",0,2,0,"0","0",1770,FALSE
"GPR26",0,1,0,"0","0",1771,FALSE
"GPR27",0,1,0,"0","0",1772,FALSE
"GPR34",0,1,0,"0","0",1773,FALSE
"GPR37",0,3,0,"0","0",1774,FALSE
"GPR39",0,1,0,"0","0",1775,FALSE
"GPR50",0,1,0,"0","0",1776,FALSE
"GPR52",0,2,0,"0","0",1777,FALSE
"GPR63",0,2,0,"0","0",1778,FALSE
"GPR65",0,1,0,"0","0",1779,FALSE
"GPR68",0,1,0,"0","0",1780,FALSE
"GPR83",0,1,0,"0","0",1781,FALSE
"GPR97",0,2,0,"0","0",1782,FALSE
"GPR98",0,6,0,"0","0",1783,FALSE
"GPRC5B",0,2,0,"0","0",1784,FALSE
"GPRIN1",0,1,0,"0","0",1785,FALSE
"GPSM2",1,0,0,"0","0",1786,FALSE
"GPT",0,1,0,"0","0",1787,FALSE
"GPX8",0,1,0,"0","0",1788,FALSE
"GRB7",0,1,0,"0","0",1789,FALSE
"GREB1",0,2,0,"0","0",1790,FALSE
"GREB1L",0,2,0,"0","0",1791,FALSE
"GRHL2",0,1,0,"0","0",1792,FALSE
"GRIA1",0,3,0,"0","0",1793,FALSE
"GRIA2",0,1,0,"0","0",1794,FALSE
"GRIA4",0,3,0,"0","0",1795,FALSE
"GRID2",0,4,0,"0","0",1796,FALSE
"GRID2IP",0,1,0,"0","0",1797,FALSE
"GRIK1",0,1,0,"0","0",1798,FALSE
"GRIK2",0,3,0,"0","0",1799,FALSE
"GRIK3",0,2,0,"0","0",1800,FALSE
"GRIK5",0,3,0,"0","0",1801,FALSE
"GRIN2A",0,5,0,"0","0",1802,FALSE
"GRIN2B",0,5,0,"0","0",1803,FALSE
"GRIN3A",0,2,0,"0","0",1804,FALSE
"GRIN3B",0,1,0,"0","0",1805,FALSE
"GRIP1",0,1,0,"0","0",1806,FALSE
"GRIPAP1",0,1,0,"0","0",1807,FALSE
"GRK5",0,1,0,"0","0",1808,FALSE
"GRM3",0,1,0,"0","0",1809,FALSE
"GRM4",0,1,0,"0","0",1810,FALSE
"GRM6",0,1,0,"0","0",1811,FALSE
"GRM7",0,3,0,"0","0",1812,FALSE
"GRM8",0,1,0,"0","0",1813,FALSE
"GRXCR1",0,1,0,"0","0",1814,FALSE
"GRXCR2",0,1,0,"0","0",1815,FALSE
"GSDMA",0,1,0,"0","0",1816,FALSE
"GSE1",0,1,0,"0","0",1817,FALSE
"GSTA3",0,1,0,"0","0",1818,FALSE
"GSTM3",0,1,0,"0","0",1819,FALSE
"GSTP1",0,1,0,"0","0",1820,FALSE
"GTDC1",0,2,0,"0","0",1821,FALSE
"GTF2IRD1",0,2,0,"0","0",1822,FALSE
"GTF3C1",0,3,0,"0","0",1823,FALSE
"GUCY1A2",0,3,0,"0","0",1824,FALSE
"GUCY1B3",0,1,0,"0","0",1825,FALSE
"GUCY2C",0,4,0,"0","0",1826,FALSE
"GUCY2D",0,1,0,"0","0",1827,FALSE
"GYG1",0,1,0,"0","0",1828,FALSE
"GYLTL1B",0,2,0,"0","0",1829,FALSE
"GYS2",0,1,0,"0","0",1830,FALSE
"H1FX",0,1,0,"0","0",1831,FALSE
"H2BFM",0,1,0,"0","0",1832,FALSE
"H6PD",0,1,0,"0","0",1833,FALSE
"HADH",0,1,0,"0","0",1834,FALSE
"HADHA",1,0,0,"0","0",1835,FALSE
"HAND2",0,1,0,"0","0",1836,FALSE
"HAO1",0,2,0,"0","0",1837,FALSE
"HAO2",0,1,0,"0","0",1838,FALSE
"HAPLN1",0,2,0,"0","0",1839,FALSE
"HAPLN3",0,1,0,"0","0",1840,FALSE
"HAPLN4",0,1,0,"0","0",1841,FALSE
"HAVCR2",0,1,0,"0","0",1842,FALSE
"HBB",1,2,0,"0","0",1843,FALSE
"HBD",0,1,0,"0","0",1844,FALSE
"HBE1",0,2,0,"0","0",1845,FALSE
"HBP1",0,1,0,"0","0",1846,FALSE
"HCFC1",0,2,0,"0","0",1847,FALSE
"HCN1",0,1,0,"0","0",1848,FALSE
"HCN3",0,2,0,"0","0",1849,FALSE
"HCN4",0,1,0,"0","0",1850,FALSE
"HDAC7",0,1,0,"0","0",1851,FALSE
"HDAC9",0,3,0,"0","0",1852,FALSE
"HDGFL1",0,1,0,"0","0",1853,FALSE
"HDHD1",0,1,0,"0","0",1854,FALSE
"HDLBP",0,1,0,"0","0",1855,FALSE
"HDX",0,2,0,"0","0",1856,FALSE
"HEATR1",0,2,0,"0","0",1857,FALSE
"HEATR2",0,1,0,"0","0",1858,FALSE
"HEATR4",0,2,0,"0","0",1859,FALSE
"HEBP1",0,1,0,"0","0",1860,FALSE
"HECTD1",0,1,0,"0","0",1861,FALSE
"HECTD2",0,1,0,"0","0",1862,FALSE
"HECTD4",0,5,0,"0","0",1863,FALSE
"HECW1",0,4,0,"0","0",1864,FALSE
"HECW2",0,3,0,"0","0",1865,FALSE
"HEG1",0,1,0,"0","0",1866,FALSE
"HEMGN",0,1,0,"0","0",1867,FALSE
"HEMK1",0,1,0,"0","0",1868,FALSE
"HENMT1",0,1,0,"0","0",1869,FALSE
"HEPACAM",0,1,0,"0","0",1870,FALSE
"HEPH",0,1,0,"0","0",1871,FALSE
"HERC1",0,4,0,"0","0",1872,FALSE
"HERC6",0,1,0,"0","0",1873,FALSE
"HEXA",1,0,0,"0","0",1874,FALSE
"HFE",0,1,0,"0","0",1875,FALSE
"HFE2",0,1,0,"0","0",1876,FALSE
"HFM1",0,3,0,"0","0",1877,FALSE
"HGF",0,1,0,"0","0",1878,FALSE
"HHIPL1",0,1,0,"0","0",1879,FALSE
"HHLA1",0,2,0,"0","0",1880,FALSE
"HIAT1",0,1,0,"0","0",1881,FALSE
"HIBADH",0,1,0,"0","0",1882,FALSE
"HIC1",0,1,0,"0","0",1883,FALSE
"HIF1AN",0,1,0,"0","0",1884,FALSE
"HIF3A",0,1,0,"0","0",1885,FALSE
"HINFP",0,1,0,"0","0",1886,FALSE
"HIP1",0,1,0,"0","0",1887,FALSE
"HIP1R",0,1,0,"0","0",1888,FALSE
"HIPK3",0,1,0,"0","0",1889,FALSE
"HIPK4",0,1,0,"0","0",1890,FALSE
"HIRA",0,1,0,"0","0",1891,FALSE
"HIST1H1B",0,1,0,"0","0",1892,FALSE
"HIST1H1C",0,1,0,"0","0",1893,FALSE
"HIST1H1E",0,1,0,"0","0",1894,FALSE
"HIST1H2BA",0,1,0,"0","0",1895,FALSE
"HIST1H3F",0,1,0,"0","0",1896,FALSE
"HIVEP1",0,4,0,"0","0",1897,FALSE
"HIVEP2",0,3,0,"0","0",1898,FALSE
"HIVEP3",0,2,0,"0","0",1899,FALSE
"HJURP",0,1,0,"0","0",1900,FALSE
"HK2",0,1,0,"0","0",1901,FALSE
"HKDC1",0,1,0,"0","0",1902,FALSE
"HLF",0,1,0,"0","0",1903,FALSE
"HM13",0,1,0,"0","0",1904,FALSE
"HMCN1",0,4,0,"0","0",1905,FALSE
"HMGB1",0,1,0,"0","0",1906,FALSE
"HMGB4",0,1,0,"0","0",1907,FALSE
"HMGCL",1,1,0,"0","0",1908,FALSE
"HMGCLL1",0,1,0,"0","0",1909,FALSE
"HMGCS2",0,1,0,"0","0",1910,FALSE
"HMGN3",0,1,0,"0","0",1911,FALSE
"HMGXB4",0,1,0,"0","0",1912,FALSE
"HMOX2",0,1,0,"0","0",1913,FALSE
"HNF1A",0,1,0,"0","0",1914,FALSE
"HNF4G",0,1,0,"0","0",1915,FALSE
"HNRNPA2B1",0,1,0,"0","0",1916,FALSE
"HNRNPF",0,1,0,"0","0",1917,FALSE
"HNRNPH2",0,2,0,"0","0",1918,FALSE
"HNRNPM",0,2,0,"0","0",1919,FALSE
"HNRNPR",0,1,0,"0","0",1920,FALSE
"HNRNPU",0,2,0,"0","0",1921,FALSE
"HNRNPUL1",0,2,0,"0","0",1922,FALSE
"HNRNPUL2-BSCL2",0,1,0,"0","0",1923,FALSE
"HOMER2",0,1,0,"0","0",1924,FALSE
"HOOK1",0,2,0,"0","0",1925,FALSE
"HOOK2",0,1,0,"0","0",1926,FALSE
"HOOK3",0,1,0,"0","0",1927,FALSE
"HOXA2",0,1,0,"0","0",1928,FALSE
"HOXA3",0,1,0,"0","0",1929,FALSE
"HOXB13",0,1,0,"0","0",1930,FALSE
"HOXB3",0,1,0,"0","0",1931,FALSE
"HOXB9",0,1,0,"0","0",1932,FALSE
"HOXC11",0,1,0,"0","0",1933,FALSE
"HOXC13",0,1,0,"0","0",1934,FALSE
"HOXC5",0,2,0,"0","0",1935,FALSE
"HOXD12",0,1,0,"0","0",1936,FALSE
"HOXD3",0,1,0,"0","0",1937,FALSE
"HPS1",0,1,0,"0","0",1938,FALSE
"HPS6",0,1,0,"0","0",1939,FALSE
"HPSE2",0,2,0,"0","0",1940,FALSE
"HR",0,1,0,"0","0",1941,FALSE
"HRAS",0,3,0,"0","0",1942,FALSE
"HRASLS5",0,1,0,"0","0",1943,FALSE
"HRG",0,1,0,"0","0",1944,FALSE
"HRH1",0,1,0,"0","0",1945,FALSE
"HRH3",0,2,0,"0","0",1946,FALSE
"HRNR",0,2,0,"0","0",1947,FALSE
"HS1BP3",0,1,0,"0","0",1948,FALSE
"HS3ST4",0,2,0,"0","0",1949,FALSE
"HS6ST2",0,2,0,"0","0",1950,FALSE
"HSD11B1",0,1,0,"0","0",1951,FALSE
"HSD17B1",0,1,0,"0","0",1952,FALSE
"HSD17B11",0,1,0,"0","0",1953,FALSE
"HSD17B2",0,1,0,"0","0",1954,FALSE
"HSD17B3",1,0,0,"0","0",1955,FALSE
"HSD17B8",0,1,0,"0","0",1956,FALSE
"HSF4",0,1,0,"0","0",1957,FALSE
"HSF5",0,1,0,"0","0",1958,FALSE
"HSP90AA1",0,1,0,"0","0",1959,FALSE
"HSPA12B",0,2,0,"0","0",1960,FALSE
"HSPA1L",0,1,0,"0","0",1961,FALSE
"HSPB3",0,1,0,"0","0",1962,FALSE
"HSPG2",0,5,0,"0","0",1963,FALSE
"HSPH1",0,1,0,"0","0",1964,FALSE
"HTR1D",0,2,0,"0","0",1965,FALSE
"HTR1F",0,2,0,"0","0",1966,FALSE
"HTR2A",0,1,0,"0","0",1967,FALSE
"HTR3A",0,1,0,"0","0",1968,FALSE
"HTR3E",0,1,0,"0","0",1969,FALSE
"HTR4",0,1,0,"0","0",1970,FALSE
"HTR5A-AS1",0,1,0,"0","0",1971,FALSE
"HTRA1",0,1,0,"0","0",1972,FALSE
"HTRA3",0,1,0,"0","0",1973,FALSE
"HUWE1",0,3,0,"0","0",1974,FALSE
"HYAL4",0,1,0,"0","0",1975,FALSE
"HYOU1",0,1,0,"0","0",1976,FALSE
"IARS2",0,1,0,"0","0",1977,FALSE
"ICAM1",0,1,0,"0","0",1978,FALSE
"ICAM5",0,1,0,"0","0",1979,FALSE
"ICK",0,1,0,"0","0",1980,FALSE
"IDE",0,1,0,"0","0",1981,FALSE
"IDH2",0,2,0,"0","0",1982,FALSE
"IDUA",1,0,0,"0","0",1983,FALSE
"IER5L",0,1,0,"0","0",1984,FALSE
"IFIH1",0,2,0,"0","0",1985,FALSE
"IFIT1",0,1,0,"0","0",1986,FALSE
"IFNA5",0,1,0,"0","0",1987,FALSE
"IFNAR2",0,1,0,"0","0",1988,FALSE
"IFNB1",0,1,0,"0","0",1989,FALSE
"IFNGR2",0,1,0,"0","0",1990,FALSE
"IFNLR1",0,1,0,"0","0",1991,FALSE
"IFRD2",0,1,0,"0","0",1992,FALSE
"IFT172",0,1,0,"0","0",1993,FALSE
"IFT52",0,1,0,"0","0",1994,FALSE
"IGDCC3",0,2,0,"0","0",1995,FALSE
"IGF1R",0,2,0,"0","0",1996,FALSE
"IGF2BP1",0,1,0,"0","0",1997,FALSE
"IGF2BP2",0,1,0,"0","0",1998,FALSE
"IGF2R",0,2,0,"0","0",1999,FALSE
"IGFN1",0,2,0,"0","0",2000,FALSE
"IGIP",0,1,0,"0","0",2001,FALSE
"IGSF1",0,1,0,"0","0",2002,FALSE
"IGSF10",0,3,0,"0","0",2003,FALSE
"IGSF21",0,1,0,"0","0",2004,FALSE
"IGSF23",0,1,0,"0","0",2005,FALSE
"IGSF3",0,1,0,"0","0",2006,FALSE
"IGSF5",0,1,0,"0","0",2007,FALSE
"IGSF9B",0,4,0,"0","0",2008,FALSE
"IK",0,1,0,"0","0",2009,FALSE
"IKBKAP",0,2,0,"0","0",2010,FALSE
"IKZF1",0,1,0,"0","0",2011,FALSE
"IKZF2",0,1,0,"0","0",2012,FALSE
"IL10RA",0,1,0,"0","0",2013,FALSE
"IL12RB1",1,0,0,"0","0",2014,FALSE
"IL12RB2",0,2,0,"0","0",2015,FALSE
"IL13",0,2,0,"0","0",2016,FALSE
"IL13RA1",0,1,0,"0","0",2017,FALSE
"IL15",0,1,0,"0","0",2018,FALSE
"IL16",0,1,0,"0","0",2019,FALSE
"IL17A",0,1,0,"0","0",2020,FALSE
"IL18R1",0,1,0,"0","0",2021,FALSE
"IL19",0,1,0,"0","0",2022,FALSE
"IL1RAP",0,1,0,"0","0",2023,FALSE
"IL1RAPL1",0,1,0,"0","0",2024,FALSE
"IL1RAPL2",0,3,0,"0","0",2025,FALSE
"IL1RN",0,1,0,"0","0",2026,FALSE
"IL21",0,1,0,"0","0",2027,FALSE
"IL22RA1",0,2,0,"0","0",2028,FALSE
"IL2RG",0,1,0,"0","0",2029,FALSE
"IL36B",0,1,0,"0","0",2030,FALSE
"IL36G",0,1,0,"0","0",2031,FALSE
"IL37",0,1,0,"0","0",2032,FALSE
"IL6R",0,1,0,"0","0",2033,FALSE
"IL7R",0,1,0,"0","0",2034,FALSE
"ILDR2",0,1,0,"0","0",2035,FALSE
"ILVBL",0,1,0,"0","0",2036,FALSE
"IMP4",0,1,0,"0","0",2037,FALSE
"IMPACT",0,1,0,"0","0",2038,FALSE
"IMPAD1",0,1,0,"0","0",2039,FALSE
"IMPG1",0,1,0,"0","0",2040,FALSE
"IMPG2",0,1,0,"0","0",2041,FALSE
"INADL",0,1,0,"0","0",2042,FALSE
"INCENP",0,1,0,"0","0",2043,FALSE
"INHBA",0,2,0,"0","0",2044,FALSE
"INMT",0,1,0,"0","0",2045,FALSE
"INO80E",0,1,0,"0","0",2046,FALSE
"INPP4A",0,1,0,"0","0",2047,FALSE
"INPP4B",0,2,0,"0","0",2048,FALSE
"INSC",0,1,0,"0","0",2049,FALSE
"INSL5",0,1,0,"0","0",2050,FALSE
"INSM2",0,1,0,"0","0",2051,FALSE
"INSR",0,1,0,"0","0",2052,FALSE
"INSRR",0,1,0,"0","0",2053,FALSE
"INTS1",0,2,0,"0","0",2054,FALSE
"INTS2",0,1,0,"0","0",2055,FALSE
"INTS4",0,1,0,"0","0",2056,FALSE
"INTS6",0,1,0,"0","0",2057,FALSE
"INTU",0,1,0,"0","0",2058,FALSE
"INVS",0,1,0,"0","0",2059,FALSE
"IPO11",0,1,0,"0","0",2060,FALSE
"IPO8",0,1,0,"0","0",2061,FALSE
"IPPK",0,1,0,"0","0",2062,FALSE
"IQCH",0,1,0,"0","0",2063,FALSE
"IQGAP3",0,1,0,"0","0",2064,FALSE
"IQUB",0,1,0,"0","0",2065,FALSE
"IRAK2",0,1,0,"0","0",2066,FALSE
"IRAK4",1,1,0,"0","0",2067,FALSE
"IRF4",0,1,0,"0","0",2068,FALSE
"IRF5",0,1,0,"0","0",2069,FALSE
"IRG1",0,2,0,"0","0",2070,FALSE
"IRGQ",0,1,0,"0","0",2071,FALSE
"IRS1",0,1,0,"0","0",2072,FALSE
"IRX1",0,1,0,"0","0",2073,FALSE
"IRX3",0,1,0,"0","0",2074,FALSE
"ISLR",0,1,0,"0","0",2075,FALSE
"ISM2",0,1,0,"0","0",2076,FALSE
"ISX",0,1,0,"0","0",2077,FALSE
"ITCH",0,1,0,"0","0",2078,FALSE
"ITGA11",0,1,0,"0","0",2079,FALSE
"ITGA2B",0,1,0,"0","0",2080,FALSE
"ITGA3",0,1,0,"0","0",2081,FALSE
"ITGA4",0,1,0,"0","0",2082,FALSE
"ITGA7",0,1,0,"0","0",2083,FALSE
"ITGA8",0,1,0,"0","0",2084,FALSE
"ITGA9",0,1,0,"0","0",2085,FALSE
"ITGAD",0,1,0,"0","0",2086,FALSE
"ITGAL",0,1,0,"0","0",2087,FALSE
"ITIH1",0,1,0,"0","0",2088,FALSE
"ITIH2",0,1,0,"0","0",2089,FALSE
"ITIH5",0,1,0,"0","0",2090,FALSE
"ITPR2",0,1,0,"0","0",2091,FALSE
"IVL",0,2,0,"0","0",2092,FALSE
"IVNS1ABP",0,1,0,"0","0",2093,FALSE
"IYD",0,1,0,"0","0",2094,FALSE
"JAG2",0,1,0,"0","0",2095,FALSE
"JAK1",0,2,0,"0","0",2096,FALSE
"JAKMIP1",0,1,0,"0","0",2097,FALSE
"JAKMIP2",0,1,0,"0","0",2098,FALSE
"JAKMIP3",0,1,0,"0","0",2099,FALSE
"JARID2",0,1,0,"0","0",2100,FALSE
"JAZF1",0,1,0,"0","0",2101,FALSE
"JHDM1D",0,1,0,"0","0",2102,FALSE
"JKAMP",0,1,0,"0","0",2103,FALSE
"JPH2",0,1,0,"0","0",2104,FALSE
"KAL1",0,2,0,"0","0",2105,FALSE
"KANK4",0,1,0,"0","0",2106,FALSE
"KANSL1",0,1,0,"0","0",2107,FALSE
"KANSL1L",0,1,0,"0","0",2108,FALSE
"KANSL2",0,1,0,"0","0",2109,FALSE
"KAT6B",0,1,0,"0","0",2110,FALSE
"KBTBD13",0,1,0,"0","0",2111,FALSE
"KBTBD7",0,1,0,"0","0",2112,FALSE
"KCMF1",0,1,0,"0","0",2113,FALSE
"KCNA10",0,1,0,"0","0",2114,FALSE
"KCNA3",0,1,0,"0","0",2115,FALSE
"KCNA4",0,3,0,"0","0",2116,FALSE
"KCNA5",0,1,0,"0","0",2117,FALSE
"KCNA7",0,1,0,"0","0",2118,FALSE
"KCNAB1",0,1,0,"0","0",2119,FALSE
"KCNAB2",0,1,0,"0","0",2120,FALSE
"KCNB1",0,1,0,"0","0",2121,FALSE
"KCNC3",0,2,0,"0","0",2122,FALSE
"KCNC4",0,1,0,"0","0",2123,FALSE
"KCND2",0,1,0,"0","0",2124,FALSE
"KCND3",0,1,0,"0","0",2125,FALSE
"KCNF1",0,2,0,"0","0",2126,FALSE
"KCNG1",0,2,0,"0","0",2127,FALSE
"KCNH1",0,1,0,"0","0",2128,FALSE
"KCNH3",0,1,0,"0","0",2129,FALSE
"KCNH5",0,1,0,"0","0",2130,FALSE
"KCNH8",0,4,0,"0","0",2131,FALSE
"KCNIP2",0,1,0,"0","0",2132,FALSE
"KCNJ2",0,1,0,"0","0",2133,FALSE
"KCNJ3",0,1,0,"0","0",2134,FALSE
"KCNJ8",0,1,0,"0","0",2135,FALSE
"KCNK1",0,1,0,"0","0",2136,FALSE
"KCNK12",0,1,0,"0","0",2137,FALSE
"KCNK2",0,1,0,"0","0",2138,FALSE
"KCNK3",0,1,0,"0","0",2139,FALSE
"KCNK9",0,1,0,"0","0",2140,FALSE
"KCNMA1",0,1,0,"0","0",2141,FALSE
"KCNMB2",0,1,0,"0","0",2142,FALSE
"KCNMB4",0,1,0,"0","0",2143,FALSE
"KCNN2",0,1,0,"0","0",2144,FALSE
"KCNQ2",0,1,0,"0","0",2145,FALSE
"KCNQ3",0,1,0,"0","0",2146,FALSE
"KCNQ4",0,1,0,"0","0",2147,FALSE
"KCNQ5",0,3,0,"0","0",2148,FALSE
"KCNS2",0,1,0,"0","0",2149,FALSE
"KCNT1",0,2,0,"0","0",2150,FALSE
"KCNT2",0,1,0,"0","0",2151,FALSE
"KCNU1",0,1,0,"0","0",2152,FALSE
"KCTD13",0,1,0,"0","0",2153,FALSE
"KCTD14",0,1,0,"0","0",2154,FALSE
"KCTD21",0,1,0,"0","0",2155,FALSE
"KCTD8",0,2,0,"0","0",2156,FALSE
"KDM3B",0,2,0,"0","0",2157,FALSE
"KDM4A",0,2,0,"0","0",2158,FALSE
"KDM4B",0,1,0,"0","0",2159,FALSE
"KDM5A",0,1,0,"0","0",2160,FALSE
"KDM5C",0,1,0,"0","0",2161,FALSE
"KDM6A",0,1,0,"0","0",2162,FALSE
"KDM6B",0,1,0,"0","0",2163,FALSE
"KDR",0,12,0,"0","0",2164,TRUE
"KEAP1",0,1,0,"0","0",2165,FALSE
"KEL",0,1,0,"0","0",2166,FALSE
"KIAA0087",0,1,0,"0","0",2167,FALSE
"KIAA0125",0,1,0,"0","0",2168,FALSE
"KIAA0196",0,1,0,"0","0",2169,FALSE
"KIAA0226",0,2,0,"0","0",2170,FALSE
"KIAA0232",0,2,0,"0","0",2171,FALSE
"KIAA0355",0,1,0,"0","0",2172,FALSE
"KIAA0408",0,1,0,"0","0",2173,FALSE
"KIAA0556",0,3,0,"0","0",2174,FALSE
"KIAA0586",5,2,0,"0","0",2175,FALSE
"KIAA0753",0,1,0,"0","0",2176,FALSE
"KIAA0895",0,2,0,"0","0",2177,FALSE
"KIAA0922",0,1,0,"0","0",2178,FALSE
"KIAA1009",0,1,0,"0","0",2179,FALSE
"KIAA1107",0,1,0,"0","0",2180,FALSE
"KIAA1109",0,3,0,"0","0",2181,FALSE
"KIAA1210",0,2,0,"0","0",2182,FALSE
"KIAA1211",0,3,0,"0","0",2183,FALSE
"KIAA1217",0,1,0,"0","0",2184,FALSE
"KIAA1239",0,3,0,"0","0",2185,FALSE
"KIAA1244",0,3,0,"0","0",2186,FALSE
"KIAA1324",0,1,0,"0","0",2187,FALSE
"KIAA1522",0,1,0,"0","0",2188,FALSE
"KIAA1549",0,1,0,"0","0",2189,FALSE
"KIAA1549L",0,1,0,"0","0",2190,FALSE
"KIAA1614",0,1,0,"0","0",2191,FALSE
"KIAA1644",0,1,0,"0","0",2192,FALSE
"KIAA1737",0,1,0,"0","0",2193,FALSE
"KIAA1755",0,1,0,"0","0",2194,FALSE
"KIAA1958",0,2,0,"0","0",2195,FALSE
"KIAA2022",0,3,0,"0","0",2196,FALSE
"KIDINS220",0,1,0,"0","0",2197,FALSE
"KIF13A",0,1,0,"0","0",2198,FALSE
"KIF13B",0,1,0,"0","0",2199,FALSE
"KIF14",0,1,0,"0","0",2200,FALSE
"KIF17",0,2,0,"0","0",2201,FALSE
"KIF18A",0,1,0,"0","0",2202,FALSE
"KIF19",0,2,0,"0","0",2203,FALSE
"KIF1A",0,2,0,"0","0",2204,FALSE
"KIF1B",0,1,0,"0","0",2205,FALSE
"KIF20A",0,1,0,"0","0",2206,FALSE
"KIF21A",0,4,0,"0","0",2207,FALSE
"KIF24",0,3,0,"0","0",2208,FALSE
"KIF25",0,1,0,"0","0",2209,FALSE
"KIF26A",0,2,0,"0","0",2210,FALSE
"KIF26B",0,2,0,"0","0",2211,FALSE
"KIF2B",0,1,0,"0","0",2212,FALSE
"KIF3B",0,1,0,"0","0",2213,FALSE
"KIF5A",0,1,0,"0","0",2214,FALSE
"KIF5C",0,1,0,"0","0",2215,FALSE
"KIF7",0,1,0,"0","0",2216,FALSE
"KIFC1",0,1,0,"0","0",2217,FALSE
"KIFC2",0,1,0,"0","0",2218,FALSE
"KIFC3",0,1,0,"0","0",2219,FALSE
"KIRREL",0,1,0,"0","0",2220,FALSE
"KIRREL3",0,1,0,"0","0",2221,FALSE
"KISS1R",0,1,0,"0","0",2222,FALSE
"KIT",0,1,0,"0","0",2223,FALSE
"KITLG",0,1,0,"0","0",2224,FALSE
"KL",0,1,0,"0","0",2225,FALSE
"KLB",0,2,0,"0","0",2226,FALSE
"KLC4",0,1,0,"0","0",2227,FALSE
"KLF14",0,1,0,"0","0",2228,FALSE
"KLF17",0,1,0,"0","0",2229,FALSE
"KLF2",0,1,0,"0","0",2230,FALSE
"KLF3",0,1,0,"0","0",2231,FALSE
"KLF8",0,1,0,"0","0",2232,FALSE
"KLHDC1",0,2,0,"0","0",2233,FALSE
"KLHDC4",0,1,0,"0","0",2234,FALSE
"KLHDC7A",0,2,0,"0","0",2235,FALSE
"KLHL1",0,1,0,"0","0",2236,FALSE
"KLHL11",0,1,0,"0","0",2237,FALSE
"KLHL17",0,1,0,"0","0",2238,FALSE
"KLHL2",0,1,0,"0","0",2239,FALSE
"KLHL20",0,1,0,"0","0",2240,FALSE
"KLHL23",0,1,0,"0","0",2241,FALSE
"KLHL24",0,1,0,"0","0",2242,FALSE
"KLHL28",0,1,0,"0","0",2243,FALSE
"KLHL3",0,1,0,"0","0",2244,FALSE
"KLHL32",0,1,0,"0","0",2245,FALSE
"KLHL33",0,1,0,"0","0",2246,FALSE
"KLHL34",0,2,0,"0","0",2247,FALSE
"KLHL40",0,1,0,"0","0",2248,FALSE
"KLHL7",0,1,0,"0","0",2249,FALSE
"KLK10",0,1,0,"0","0",2250,FALSE
"KLK13",0,1,0,"0","0",2251,FALSE
"KLK4",0,2,0,"0","0",2252,FALSE
"KLK5",0,1,0,"0","0",2253,FALSE
"KLK8",0,2,0,"0","0",2254,FALSE
"KMO",0,1,0,"0","0",2255,FALSE
"KMT2A",0,1,0,"0","0",2256,FALSE
"KMT2B",0,2,0,"0","0",2257,FALSE
"KMT2C",0,3,0,"0","0",2258,FALSE
"KMT2D",0,5,0,"0","0",2259,FALSE
"KMT2E",0,2,0,"0","0",2260,FALSE
"KNDC1",0,1,0,"0","0",2261,FALSE
"KNG1",0,1,0,"0","0",2262,FALSE
"KNSTRN",0,1,0,"0","0",2263,FALSE
"KPNA5",0,1,0,"0","0",2264,FALSE
"KPNA6",0,2,0,"0","0",2265,FALSE
"KRAS",0,2,0,"0","0",2266,FALSE
"KREMEN1",0,1,0,"0","0",2267,FALSE
"KRIT1",0,1,0,"0","0",2268,FALSE
"KRR1",0,1,0,"0","0",2269,FALSE
"KRT1",0,1,0,"0","0",2270,FALSE
"KRT10",0,1,0,"0","0",2271,FALSE
"KRT13",0,1,0,"0","0",2272,FALSE
"KRT2",0,2,0,"0","0",2273,FALSE
"KRT3",0,1,0,"0","0",2274,FALSE
"KRT32",0,1,0,"0","0",2275,FALSE
"KRT71",0,1,0,"0","0",2276,FALSE
"KRT72",0,1,0,"0","0",2277,FALSE
"KRT78",0,2,0,"0","0",2278,FALSE
"KRT8",0,1,0,"0","0",2279,FALSE
"KRT80",0,1,0,"0","0",2280,FALSE
"KRT82",0,2,0,"0","0",2281,FALSE
"KRT83",0,1,0,"0","0",2282,FALSE
"KRT84",0,1,0,"0","0",2283,FALSE
"KRTAP1-5",0,1,0,"0","0",2284,FALSE
"KRTAP10-10",0,1,0,"0","0",2285,FALSE
"KRTAP10-11",0,1,0,"0","0",2286,FALSE
"KRTAP10-8",0,1,0,"0","0",2287,FALSE
"KRTAP11-1",0,1,0,"0","0",2288,FALSE
"KRTAP13-4",0,1,0,"0","0",2289,FALSE
"KRTAP19-1",0,1,0,"0","0",2290,FALSE
"KRTAP19-4",0,1,0,"0","0",2291,FALSE
"KRTAP19-7",0,1,0,"0","0",2292,FALSE
"KRTAP25-1",0,1,0,"0","0",2293,FALSE
"KRTAP27-1",0,1,0,"0","0",2294,FALSE
"KRTAP6-1",0,1,0,"0","0",2295,FALSE
"KRTCAP2",0,1,0,"0","0",2296,FALSE
"KSR1",0,1,0,"0","0",2297,FALSE
"KSR2",0,4,0,"0","0",2298,FALSE
"KTN1",0,1,0,"0","0",2299,FALSE
"KYNU",0,1,0,"0","0",2300,FALSE
"L1CAM",0,1,0,"0","0",2301,FALSE
"L1TD1",0,1,0,"0","0",2302,FALSE
"L3MBTL4",0,2,0,"0","0",2303,FALSE
"LACTB",0,1,0,"0","0",2304,FALSE
"LAD1",0,2,0,"0","0",2305,FALSE
"LAIR1",0,1,0,"0","0",2306,FALSE
"LAMA1",0,4,0,"0","0",2307,FALSE
"LAMA2",0,4,0,"0","0",2308,FALSE
"LAMA3",1,1,0,"0","0",2309,FALSE
"LAMA5",0,1,0,"0","0",2310,FALSE
"LAMB1",0,2,0,"0","0",2311,FALSE
"LAMB2",0,1,0,"0","0",2312,FALSE
"LAMB3",1,4,0,"0","0",2313,FALSE
"LAMB4",0,2,0,"0","0",2314,FALSE
"LAMC1",0,1,0,"0","0",2315,FALSE
"LAMC2",0,1,0,"0","0",2316,FALSE
"LAMC3",0,3,0,"0","0",2317,FALSE
"LARP4",0,1,0,"0","0",2318,FALSE
"LAS1L",0,1,0,"0","0",2319,FALSE
"LAT2",0,2,0,"0","0",2320,FALSE
"LATS1",0,2,0,"0","0",2321,FALSE
"LAX1",0,1,0,"0","0",2322,FALSE
"LCA5L",0,1,0,"0","0",2323,FALSE
"LCAT",0,1,0,"0","0",2324,FALSE
"LCE5A",0,1,0,"0","0",2325,FALSE
"LCNL1",0,1,0,"0","0",2326,FALSE
"LCOR",0,1,0,"0","0",2327,FALSE
"LCORL",0,1,0,"0","0",2328,FALSE
"LCP1",0,1,0,"0","0",2329,FALSE
"LCP2",0,1,0,"0","0",2330,FALSE
"LCT",0,1,0,"0","0",2331,FALSE
"LCTL",0,1,0,"0","0",2332,FALSE
"LDB2",0,1,0,"0","0",2333,FALSE
"LDHD",0,1,0,"0","0",2334,FALSE
"LDLR",0,1,0,"0","0",2335,FALSE
"LDLRAD1",0,1,0,"0","0",2336,FALSE
"LDLRAD4",0,1,0,"0","0",2337,FALSE
"LEF1",0,2,0,"0","0",2338,FALSE
"LEKR1",0,1,0,"0","0",2339,FALSE
"LEMD3",0,1,0,"0","0",2340,FALSE
"LEPRE1",0,1,0,"0","0",2341,FALSE
"LEPREL1",0,2,0,"0","0",2342,FALSE
"LGALS16",0,1,0,"0","0",2343,FALSE
"LGI1",0,1,0,"0","0",2344,FALSE
"LGMN",0,1,0,"0","0",2345,FALSE
"LGR5",0,2,0,"0","0",2346,FALSE
"LGSN",0,1,0,"0","0",2347,FALSE
"LHCGR",0,1,0,"0","0",2348,FALSE
"LHX3",0,1,0,"0","0",2349,FALSE
"LHX5",0,2,0,"0","0",2350,FALSE
"LHX8",0,3,0,"0","0",2351,FALSE
"LHX9",0,1,0,"0","0",2352,FALSE
"LIG4",0,1,0,"0","0",2353,FALSE
"LILRB4",0,1,0,"0","0",2354,FALSE
"LILRB5",0,1,0,"0","0",2355,FALSE
"LIMA1",0,2,0,"0","0",2356,FALSE
"LIMD1",0,1,0,"0","0",2357,FALSE
"LIN54",0,1,0,"0","0",2358,FALSE
"LIN9",0,1,0,"0","0",2359,FALSE
"LINC00696",0,1,0,"0","0",2360,FALSE
"LINGO4",0,1,0,"0","0",2361,FALSE
"LIPA",1,0,0,"0","0",2362,FALSE
"LIPF",0,1,0,"0","0",2363,FALSE
"LIPG",0,1,0,"0","0",2364,FALSE
"LIPT2",0,1,0,"0","0",2365,FALSE
"LMBR1L",0,1,0,"0","0",2366,FALSE
"LMNB2",0,1,0,"0","0",2367,FALSE
"LMO7",0,1,0,"0","0",2368,FALSE
"LMOD1",0,3,0,"0","0",2369,FALSE
"LMOD2",0,1,0,"0","0",2370,FALSE
"LMTK3",0,1,0,"0","0",2371,FALSE
"LMX1A",0,2,0,"0","0",2372,FALSE
"LMX1B",0,1,0,"0","0",2373,FALSE
"LOH12CR1",0,1,0,"0","0",2374,FALSE
"LONRF2",0,1,0,"0","0",2375,FALSE
"LPA",0,2,0,"0","0",2376,FALSE
"LPAR5",0,1,0,"0","0",2377,FALSE
"LPCAT1",0,1,0,"0","0",2378,FALSE
"LPGAT1",0,1,0,"0","0",2379,FALSE
"LPHN1",0,1,0,"0","0",2380,FALSE
"LPHN2",0,2,0,"0","0",2381,FALSE
"LPHN3",0,2,0,"0","0",2382,FALSE
"LPIN1",0,1,0,"0","0",2383,FALSE
"LPIN3",0,1,0,"0","0",2384,FALSE
"LPL",0,1,0,"0","0",2385,FALSE
"LPPR4",0,2,0,"0","0",2386,FALSE
"LPPR5",0,1,0,"0","0",2387,FALSE
"LRBA",1,0,0,"0","0",2388,FALSE
"LRCH1",0,1,0,"0","0",2389,FALSE
"LRCH2",0,1,0,"0","0",2390,FALSE
"LRFN1",0,2,0,"0","0",2391,FALSE
"LRFN2",0,2,0,"0","0",2392,FALSE
"LRFN5",0,2,0,"0","0",2393,FALSE
"LRIG1",0,1,0,"0","0",2394,FALSE
"LRP1",0,2,0,"0","0",2395,FALSE
"LRP10",0,1,0,"0","0",2396,FALSE
"LRP1B",0,8,0,"0","0",2397,FALSE
"LRP2",0,8,0,"0","0",2398,FALSE
"LRP3",0,1,0,"0","0",2399,FALSE
"LRP4",0,1,0,"0","0",2400,FALSE
"LRP6",0,1,0,"0","0",2401,FALSE
"LRPPRC",0,4,0,"0","0",2402,FALSE
"LRRC14B",0,1,0,"0","0",2403,FALSE
"LRRC15",0,1,0,"0","0",2404,FALSE
"LRRC16A",0,2,0,"0","0",2405,FALSE
"LRRC16B",0,6,0,"0","0",2406,FALSE
"LRRC17",0,1,0,"0","0",2407,FALSE
"LRRC2",0,1,0,"0","0",2408,FALSE
"LRRC3",0,1,0,"0","0",2409,FALSE
"LRRC36",0,2,0,"0","0",2410,FALSE
"LRRC4",0,1,0,"0","0",2411,FALSE
"LRRC40",0,1,0,"0","0",2412,FALSE
"LRRC42",0,1,0,"0","0",2413,FALSE
"LRRC46",0,1,0,"0","0",2414,FALSE
"LRRC4C",0,2,0,"0","0",2415,FALSE
"LRRC53",0,1,0,"0","0",2416,FALSE
"LRRC6",0,1,0,"0","0",2417,FALSE
"LRRC66",0,1,0,"0","0",2418,FALSE
"LRRC7",0,5,0,"0","0",2419,FALSE
"LRRC8B",0,1,0,"0","0",2420,FALSE
"LRRC8D",0,1,0,"0","0",2421,FALSE
"LRRC9",0,2,0,"0","0",2422,FALSE
"LRRCC1",0,3,0,"0","0",2423,FALSE
"LRRIQ1",0,1,0,"0","0",2424,FALSE
"LRRIQ3",0,1,0,"0","0",2425,FALSE
"LRRK1",0,1,0,"0","0",2426,FALSE
"LRRK2",0,6,0,"0","0",2427,FALSE
"LRRN2",0,1,0,"0","0",2428,FALSE
"LRRN4",0,1,0,"0","0",2429,FALSE
"LRRTM2",0,1,0,"0","0",2430,FALSE
"LRRTM3",0,1,0,"0","0",2431,FALSE
"LRRTM4",0,1,0,"0","0",2432,FALSE
"LRSAM1",0,2,0,"0","0",2433,FALSE
"LSAMP",0,1,0,"0","0",2434,FALSE
"LSG1",0,1,0,"0","0",2435,FALSE
"LSS",0,1,0,"0","0",2436,FALSE
"LTF",0,1,0,"0","0",2437,FALSE
"LTN1",0,2,0,"0","0",2438,FALSE
"LUM",0,1,0,"0","0",2439,FALSE
"LUZP2",0,2,0,"0","0",2440,FALSE
"LUZP4",0,1,0,"0","0",2441,FALSE
"LY75-CD302",0,1,0,"0","0",2442,FALSE
"LY9",0,2,0,"0","0",2443,FALSE
"LYPLA2",0,1,0,"0","0",2444,FALSE
"LYST",0,1,0,"0","0",2445,FALSE
"LZTFL1",0,1,0,"0","0",2446,FALSE
"LZTR1",1,0,0,"0","0",2447,FALSE
"LZTS1",0,1,0,"0","0",2448,FALSE
"M1AP",0,2,0,"0","0",2449,FALSE
"MAATS1",0,1,0,"0","0",2450,FALSE
"MAB21L1",0,1,0,"0","0",2451,FALSE
"MACF1",0,3,0,"0","0",2452,FALSE
"MADD",0,3,0,"0","0",2453,FALSE
"MAEL",0,2,0,"0","0",2454,FALSE
"MAF",0,1,0,"0","0",2455,FALSE
"MAGEB1",0,1,0,"0","0",2456,FALSE
"MAGEB16",0,1,0,"0","0",2457,FALSE
"MAGEB2",0,1,0,"0","0",2458,FALSE
"MAGEB3",0,2,0,"0","0",2459,FALSE
"MAGEB5",0,1,0,"0","0",2460,FALSE
"MAGEC1",0,2,0,"0","0",2461,FALSE
"MAGEC3",0,1,0,"0","0",2462,FALSE
"MAGED1",0,1,0,"0","0",2463,FALSE
"MAGED2",0,1,0,"0","0",2464,FALSE
"MAGEE1",0,2,0,"0","0",2465,FALSE
"MAGEE2",0,1,0,"0","0",2466,FALSE
"MAGEL2",0,4,0,"0","0",2467,FALSE
"MAGI2",0,1,0,"0","0",2468,FALSE
"MAGI3",0,2,0,"0","0",2469,FALSE
"MALT1",0,2,0,"0","0",2470,FALSE
"MAMDC2",0,1,0,"0","0",2471,FALSE
"MAMDC4",0,1,0,"0","0",2472,FALSE
"MAML3",0,1,0,"0","0",2473,FALSE
"MAN2A1",0,1,0,"0","0",2474,FALSE
"MAP10",0,2,0,"0","0",2475,FALSE
"MAP1A",0,2,0,"0","0",2476,FALSE
"MAP1B",0,2,0,"0","0",2477,FALSE
"MAP2",0,2,0,"0","0",2478,FALSE
"MAP2K1",0,1,0,"0","0",2479,FALSE
"MAP3K10",0,3,0,"0","0",2480,FALSE
"MAP3K11",0,1,0,"0","0",2481,FALSE
"MAP3K4",0,2,0,"0","0",2482,FALSE
"MAP3K6",0,1,0,"0","0",2483,FALSE
"MAP3K9",0,3,0,"0","0",2484,FALSE
"MAP4K1",0,1,0,"0","0",2485,FALSE
"MAP4K3",0,1,0,"0","0",2486,FALSE
"MAP4K4",0,1,0,"0","0",2487,FALSE
"MAP7",0,2,0,"0","0",2488,FALSE
"MAP7D2",0,3,0,"0","0",2489,FALSE
"MAP7D3",0,1,0,"0","0",2490,FALSE
"MAPK3",0,1,0,"0","0",2491,FALSE
"MAPK7",0,1,0,"0","0",2492,FALSE
"MAPK8IP1",0,1,0,"0","0",2493,FALSE
"MAPK8IP2",0,1,0,"0","0",2494,FALSE
"MAPK8IP3",0,1,0,"0","0",2495,FALSE
"MAPT",0,2,0,"0","0",2496,FALSE
"MARC1",0,1,0,"0","0",2497,FALSE
"MARCH10",0,2,0,"0","0",2498,FALSE
"MARCH4",0,1,0,"0","0",2499,FALSE
"MARK1",0,1,0,"0","0",2500,FALSE
"MARK3",0,2,0,"0","0",2501,FALSE
"MAS1L",0,1,0,"0","0",2502,FALSE
"MASP1",0,1,0,"0","0",2503,FALSE
"MASP2",0,1,0,"0","0",2504,FALSE
"MAST1",0,2,0,"0","0",2505,FALSE
"MAST2",0,1,0,"0","0",2506,FALSE
"MAST3",0,1,0,"0","0",2507,FALSE
"MAT1A",0,1,0,"0","0",2508,FALSE
"MATK",0,1,0,"0","0",2509,FALSE
"MATN2",0,3,0,"0","0",2510,FALSE
"MATN3",0,1,0,"0","0",2511,FALSE
"MATR3",0,1,0,"0","0",2512,FALSE
"MBD1",0,2,0,"0","0",2513,FALSE
"MBD5",0,1,0,"0","0",2514,FALSE
"MBOAT2",0,1,0,"0","0",2515,FALSE
"MBTPS2",0,1,0,"0","0",2516,FALSE
"MC5R",0,1,0,"0","0",2517,FALSE
"MCF2L2",0,1,0,"0","0",2518,FALSE
"MCIDAS",0,1,0,"0","0",2519,FALSE
"MCM2",0,1,0,"0","0",2520,FALSE
"MCM4",0,1,0,"0","0",2521,FALSE
"MCM5",0,1,0,"0","0",2522,FALSE
"MCOLN2",0,1,0,"0","0",2523,FALSE
"MCPH1",2,0,0,"0","0",2524,FALSE
"MCTP1",0,1,0,"0","0",2525,FALSE
"MCTP2",0,2,0,"0","0",2526,FALSE
"MDC1",0,1,0,"0","0",2527,FALSE
"MDFIC",0,1,0,"0","0",2528,FALSE
"MDGA1",0,1,0,"0","0",2529,FALSE
"MDN1",0,3,0,"0","0",2530,FALSE
"ME3",0,2,0,"0","0",2531,FALSE
"MECOM",0,5,0,"0","0",2532,FALSE
"MED1",0,1,0,"0","0",2533,FALSE
"MED12",0,3,0,"0","0",2534,FALSE
"MED12L",0,4,0,"0","0",2535,FALSE
"MED13",0,1,0,"0","0",2536,FALSE
"MED13L",0,1,0,"0","0",2537,FALSE
"MED14",0,1,0,"0","0",2538,FALSE
"MEF2C",0,1,0,"0","0",2539,FALSE
"MEFV",4,0,0,"0","0",2540,FALSE
"MEGF10",0,1,0,"0","0",2541,FALSE
"MEGF11",0,1,0,"0","0",2542,FALSE
"MEGF6",0,2,0,"0","0",2543,FALSE
"MEGF8",0,3,0,"0","0",2544,FALSE
"MEI1",0,1,0,"0","0",2545,FALSE
"MEIOB",0,1,0,"0","0",2546,FALSE
"MEIS1",0,1,0,"0","0",2547,FALSE
"MEP1A",0,1,0,"0","0",2548,FALSE
"MEP1B",0,1,0,"0","0",2549,FALSE
"MERTK",0,1,0,"0","0",2550,FALSE
"MEST",0,1,0,"0","0",2551,FALSE
"MET",0,1,0,"0","0",2552,FALSE
"METRNL",0,1,0,"0","0",2553,FALSE
"METTL11B",0,1,0,"0","0",2554,FALSE
"METTL3",0,1,0,"0","0",2555,FALSE
"METTL9",0,1,0,"0","0",2556,FALSE
"MFAP3L",0,1,0,"0","0",2557,FALSE
"MFI2",0,1,0,"0","0",2558,FALSE
"MFN2",0,1,0,"0","0",2559,FALSE
"MFRP",0,1,0,"0","0",2560,FALSE
"MFSD1",0,1,0,"0","0",2561,FALSE
"MFSD6",0,1,0,"0","0",2562,FALSE
"MFSD6L",0,1,0,"0","0",2563,FALSE
"MFSD9",0,2,0,"0","0",2564,FALSE
"MGA",0,2,0,"0","0",2565,FALSE
"MGAM",0,2,0,"0","0",2566,FALSE
"MGAT4C",0,1,0,"0","0",2567,FALSE
"MGAT5B",0,1,0,"0","0",2568,FALSE
"MGRN1",0,2,0,"0","0",2569,FALSE
"MIA3",0,1,0,"0","0",2570,FALSE
"MICAL2",0,1,0,"0","0",2571,FALSE
"MICALCL",0,1,0,"0","0",2572,FALSE
"MICALL2",0,1,0,"0","0",2573,FALSE
"MICU2",0,3,0,"0","0",2574,FALSE
"MID1",0,1,0,"0","0",2575,FALSE
"MID1IP1",0,1,0,"0","0",2576,FALSE
"MID2",0,1,0,"0","0",2577,FALSE
"MIEF1",0,1,0,"0","0",2578,FALSE
"MIOX",0,1,0,"0","0",2579,FALSE
"MIP",0,1,0,"0","0",2580,FALSE
"MIPEP",0,1,0,"0","0",2581,FALSE
"MISP",0,1,0,"0","0",2582,FALSE
"MITD1",0,1,0,"0","0",2583,FALSE
"MITF",1,1,0,"0","0",2584,FALSE
"MKI67",0,5,0,"0","0",2585,FALSE
"MKL1",0,1,0,"0","0",2586,FALSE
"MKNK2",0,1,0,"0","0",2587,FALSE
"MKS1",0,1,0,"0","0",2588,FALSE
"MLC1",0,1,0,"0","0",2589,FALSE
"MLF2",0,1,0,"0","0",2590,FALSE
"MLH3",0,1,0,"0","0",2591,FALSE
"MLLT3",0,2,0,"0","0",2592,FALSE
"MLLT4",0,2,0,"0","0",2593,FALSE
"MLNR",0,1,0,"0","0",2594,FALSE
"MLPH",0,1,0,"0","0",2595,FALSE
"MLXIPL",0,1,0,"0","0",2596,FALSE
"MMAA",1,0,0,"0","0",2597,FALSE
"MMAB",1,0,0,"0","0",2598,FALSE
"MMD",0,1,0,"0","0",2599,FALSE
"MME",0,1,0,"0","0",2600,FALSE
"MMP1",0,1,0,"0","0",2601,FALSE
"MMP11",0,1,0,"0","0",2602,FALSE
"MMP16",0,1,0,"0","0",2603,FALSE
"MMP17",0,1,0,"0","0",2604,FALSE
"MMP8",0,2,0,"0","0",2605,FALSE
"MMP9",0,1,0,"0","0",2606,FALSE
"MMRN2",0,2,0,"0","0",2607,FALSE
"MMS22L",0,2,0,"0","0",2608,FALSE
"MN1",0,1,0,"0","0",2609,FALSE
"MNDA",0,1,0,"0","0",2610,FALSE
"MOCOS",0,2,0,"0","0",2611,FALSE
"MOCS1",0,1,0,"0","0",2612,FALSE
"MOCS3",0,1,0,"0","0",2613,FALSE
"MOGAT2",0,1,0,"0","0",2614,FALSE
"MOK",0,1,0,"0","0",2615,FALSE
"MORC1",0,2,0,"0","0",2616,FALSE
"MORC4",0,3,0,"0","0",2617,FALSE
"MORF4L1",0,1,0,"0","0",2618,FALSE
"MOS",0,2,0,"0","0",2619,FALSE
"MOSPD2",0,1,0,"0","0",2620,FALSE
"MOV10",0,3,0,"0","0",2621,FALSE
"MOXD1",0,2,0,"0","0",2622,FALSE
"MPHOSPH9",0,1,0,"0","0",2623,FALSE
"MPI",0,1,0,"0","0",2624,FALSE
"MPL",0,1,0,"0","0",2625,FALSE
"MPO",3,1,0,"0","0",2626,FALSE
"MPP1",0,1,0,"0","0",2627,FALSE
"MPP6",0,1,0,"0","0",2628,FALSE
"MPPE1",0,1,0,"0","0",2629,FALSE
"MPPED2",0,1,0,"0","0",2630,FALSE
"MPZL2",3,1,0,"0","0",2631,FALSE
"MRAP2",0,1,0,"0","0",2632,FALSE
"MRC2",0,3,0,"0","0",2633,FALSE
"MRE11",1,0,0,"0","0",2634,FALSE
"MRE11A",0,1,0,"0","0",2635,FALSE
"MRGPRG",0,1,0,"0","0",2636,FALSE
"MRGPRX1",0,1,0,"0","0",2637,FALSE
"MROH2A",0,2,0,"0","0",2638,FALSE
"MROH2B",0,2,0,"0","0",2639,FALSE
"MROH7",0,3,0,"0","0",2640,FALSE
"MROH8",0,1,0,"0","0",2641,FALSE
"MROH9",0,2,0,"0","0",2642,FALSE
"MRPL18",0,1,0,"0","0",2643,FALSE
"MRPL38",0,1,0,"0","0",2644,FALSE
"MRPL44",1,1,0,"0","0",2645,FALSE
"MRPS5",0,1,0,"0","0",2646,FALSE
"MRVI1",0,1,0,"0","0",2647,FALSE
"MS4A1",0,1,0,"0","0",2648,FALSE
"MS4A12",0,1,0,"0","0",2649,FALSE
"MS4A14",0,1,0,"0","0",2650,FALSE
"MS4A2",0,1,0,"0","0",2651,FALSE
"MS4A3",0,1,0,"0","0",2652,FALSE
"MS4A5",0,1,0,"0","0",2653,FALSE
"MSANTD2",0,1,0,"0","0",2654,FALSE
"MSGN1",0,2,0,"0","0",2655,FALSE
"MSH2",2,0,0,"0","0",2656,FALSE
"MSH3",0,1,0,"0","0",2657,FALSE
"MSH5",0,1,0,"0","0",2658,FALSE
"MSH6",1,1,0,"0","0",2659,FALSE
"MSL1",0,1,0,"0","0",2660,FALSE
"MSL2",0,1,0,"0","0",2661,FALSE
"MSLN",0,1,0,"0","0",2662,FALSE
"MSMB",0,1,0,"0","0",2663,FALSE
"MSN",0,1,0,"0","0",2664,FALSE
"MSRA",0,1,0,"0","0",2665,FALSE
"MST4",0,2,0,"0","0",2666,FALSE
"MSTN",0,1,0,"0","0",2667,FALSE
"MT-CO1",0,1,0,"0","0",2668,FALSE
"MT-CYB",0,1,0,"0","0",2669,FALSE
"MTF1",0,1,0,"0","0",2670,FALSE
"MTFMT",1,0,0,"0","0",2671,FALSE
"MTHFD1L",0,1,0,"0","0",2672,FALSE
"MTHFSD",0,1,0,"0","0",2673,FALSE
"MTMR11",0,1,0,"0","0",2674,FALSE
"MTMR2",0,2,0,"0","0",2675,FALSE
"MTMR3",0,2,0,"0","0",2676,FALSE
"MTMR8",0,2,0,"0","0",2677,FALSE
"MTMR9",0,2,0,"0","0",2678,FALSE
"MTNR1A",0,2,0,"0","0",2679,FALSE
"MTNR1B",0,1,0,"0","0",2680,FALSE
"MTPN",0,1,0,"0","0",2681,FALSE
"MTR",0,1,0,"0","0",2682,FALSE
"MTRR",0,1,0,"0","0",2683,FALSE
"MTSS1L",0,1,0,"0","0",2684,FALSE
"MTTP",0,2,0,"0","0",2685,FALSE
"MTUS2",0,5,0,"0","0",2686,FALSE
"MUC12",0,2,0,"0","0",2687,FALSE
"MUC13",0,1,0,"0","0",2688,FALSE
"MUC15",0,1,0,"0","0",2689,FALSE
"MUC16",0,12,0,"0","0",2690,FALSE
"MUC19",0,2,0,"0","0",2691,FALSE
"MUC2",0,3,0,"0","0",2692,FALSE
"MUC22",0,2,0,"0","0",2693,FALSE
"MUC4",0,1,0,"0","0",2694,FALSE
"MUC5B",0,1,0,"0","0",2695,FALSE
"MUC6",0,1,0,"0","0",2696,FALSE
"MUM1L1",0,1,0,"0","0",2697,FALSE
"MUSK",0,1,0,"0","0",2698,FALSE
"MUTYH",3,0,0,"0","0",2699,FALSE
"MVB12B",0,1,0,"0","0",2700,FALSE
"MVP",0,1,0,"0","0",2701,FALSE
"MX1",0,1,0,"0","0",2702,FALSE
"MXRA5",0,2,0,"0","0",2703,FALSE
"MXRA8",0,1,0,"0","0",2704,FALSE
"MYBL2",0,1,0,"0","0",2705,FALSE
"MYBPC1",0,1,0,"0","0",2706,FALSE
"MYBPC2",0,1,0,"0","0",2707,FALSE
"MYBPC3",1,1,0,"0","0",2708,FALSE
"MYBPHL",0,1,0,"0","0",2709,FALSE
"MYC",0,1,0,"0","0",2710,FALSE
"MYCBP2",0,4,0,"0","0",2711,FALSE
"MYCBPAP",0,1,0,"0","0",2712,FALSE
"MYCN",0,1,0,"0","0",2713,FALSE
"MYEF2",0,2,0,"0","0",2714,FALSE
"MYF6",0,1,0,"0","0",2715,FALSE
"MYH1",0,3,0,"0","0",2716,FALSE
"MYH11",0,1,0,"0","0",2717,FALSE
"MYH13",0,3,0,"0","0",2718,FALSE
"MYH14",0,3,0,"0","0",2719,FALSE
"MYH15",0,1,0,"0","0",2720,FALSE
"MYH2",0,1,0,"0","0",2721,FALSE
"MYH3",0,3,0,"0","0",2722,FALSE
"MYH4",0,1,0,"0","0",2723,FALSE
"MYH7",0,3,0,"0","0",2724,FALSE
"MYH7B",0,1,0,"0","0",2725,FALSE
"MYH8",0,2,0,"0","0",2726,FALSE
"MYL1",0,1,0,"0","0",2727,FALSE
"MYLIP",0,1,0,"0","0",2728,FALSE
"MYLK2",0,1,0,"0","0",2729,FALSE
"MYLK4",0,1,0,"0","0",2730,FALSE
"MYO10",0,3,0,"0","0",2731,FALSE
"MYO15A",1,5,1,"1","1",3,FALSE
"MYO16",0,3,0,"0","0",2732,FALSE
"MYO18A",0,2,0,"0","0",2733,FALSE
"MYO18B",0,5,0,"0","0",2734,FALSE
"MYO1A",0,3,0,"0","0",2735,FALSE
"MYO1B",0,1,0,"0","0",2736,FALSE
"MYO1F",0,3,0,"0","0",2737,FALSE
"MYO1H",0,1,0,"0","0",2738,FALSE
"MYO3A",0,3,0,"0","0",2739,FALSE
"MYO5A",0,3,0,"0","0",2740,FALSE
"MYO7A",1,1,0,"0","0",2741,FALSE
"MYO7B",0,3,0,"0","0",2742,FALSE
"MYO9B",0,3,0,"0","0",2743,FALSE
"MYOC",0,1,0,"0","0",2744,FALSE
"MYOCD",0,1,0,"0","0",2745,FALSE
"MYOG",0,1,0,"0","0",2746,FALSE
"MYOM1",0,1,0,"0","0",2747,FALSE
"MYOM2",0,2,0,"0","0",2748,FALSE
"MYOM3",0,1,0,"0","0",2749,FALSE
"MYOZ1",0,2,0,"0","0",2750,FALSE
"MYPN",0,2,0,"0","0",2751,FALSE
"MYRF",0,1,0,"0","0",2752,FALSE
"MYRIP",0,2,0,"0","0",2753,FALSE
"MYT1",0,2,0,"0","0",2754,FALSE
"N4BP2",0,2,0,"0","0",2755,FALSE
"NAA16",0,1,0,"0","0",2756,FALSE
"NAA35",0,1,0,"0","0",2757,FALSE
"NAA50",0,1,0,"0","0",2758,FALSE
"NAALADL1",0,1,0,"0","0",2759,FALSE
"NACAD",0,1,0,"0","0",2760,FALSE
"NACC1",0,1,0,"0","0",2761,FALSE
"NADSYN1",1,0,0,"0","0",2762,FALSE
"NAGLU",0,1,0,"0","0",2763,FALSE
"NALCN",0,2,0,"0","0",2764,FALSE
"NANOGNB",0,1,0,"0","0",2765,FALSE
"NAP1L2",0,1,0,"0","0",2766,FALSE
"NAP1L5",0,1,0,"0","0",2767,FALSE
"NAPEPLD",0,1,0,"0","0",2768,FALSE
"NAT10",0,1,0,"0","0",2769,FALSE
"NAT16",0,1,0,"0","0",2770,FALSE
"NAV1",0,2,0,"0","0",2771,FALSE
"NAV2",0,2,0,"0","0",2772,FALSE
"NAV3",0,1,0,"0","0",2773,FALSE
"NBAS",0,2,0,"0","0",2774,FALSE
"NBN",1,0,0,"0","0",2775,FALSE
"NCAM1",0,1,0,"0","0",2776,FALSE
"NCAM2",0,3,0,"0","0",2777,FALSE
"NCAN",0,2,0,"0","0",2778,FALSE
"NCAPD3",0,2,0,"0","0",2779,FALSE
"NCAPH",0,1,0,"0","0",2780,FALSE
"NCDN",0,1,0,"0","0",2781,FALSE
"NCF1",1,0,0,"0","0",2782,FALSE
"NCKAP1L",0,2,0,"0","0",2783,FALSE
"NCKAP5",0,7,0,"0","0",2784,FALSE
"NCKIPSD",0,1,0,"0","0",2785,FALSE
"NCL",0,1,0,"0","0",2786,FALSE
"NCOA1",0,1,0,"0","0",2787,FALSE
"NCOA3",0,1,0,"0","0",2788,FALSE
"NDN",0,1,0,"0","0",2789,FALSE
"NDRG3",0,1,0,"0","0",2790,FALSE
"NDST1",0,2,0,"0","0",2791,FALSE
"NDST3",0,1,0,"0","0",2792,FALSE
"NDST4",0,1,0,"0","0",2793,FALSE
"NDUFAF5",0,1,0,"0","0",2794,FALSE
"NDUFB3",1,0,0,"0","0",2795,FALSE
"NDUFS7",0,1,0,"0","0",2796,FALSE
"NDUFV1",0,1,0,"0","0",2797,FALSE
"NDUFV3",0,1,0,"0","0",2798,FALSE
"NEB",1,5,0,"0","0",2799,FALSE
"NECAB2",0,1,0,"0","0",2800,FALSE
"NECAB3",0,1,0,"0","0",2801,FALSE
"NEDD1",0,1,0,"0","0",2802,FALSE
"NEDD9",0,1,0,"0","0",2803,FALSE
"NEFM",0,1,0,"0","0",2804,FALSE
"NEK1",0,1,0,"0","0",2805,FALSE
"NEK4",0,1,0,"0","0",2806,FALSE
"NELL2",0,1,0,"0","0",2807,FALSE
"NEO1",0,1,0,"0","0",2808,FALSE
"NETO1",0,1,0,"0","0",2809,FALSE
"NEU4",0,1,0,"0","0",2810,FALSE
"NEUROD1",0,1,0,"0","0",2811,FALSE
"NEUROD4",0,1,0,"0","0",2812,FALSE
"NF1",0,2,0,"0","0",2813,FALSE
"NFASC",0,3,0,"0","0",2814,FALSE
"NFAT5",0,4,0,"0","0",2815,FALSE
"NFATC2IP",0,1,0,"0","0",2816,FALSE
"NFIB",0,1,0,"0","0",2817,FALSE
"NFIC",0,1,0,"0","0",2818,FALSE
"NFIX",0,1,0,"0","0",2819,FALSE
"NFKBIZ",0,1,0,"0","0",2820,FALSE
"NGEF",0,1,0,"0","0",2821,FALSE
"NGRN",0,1,0,"0","0",2822,FALSE
"NID1",0,3,0,"0","0",2823,FALSE
"NIN",0,1,0,"0","0",2824,FALSE
"NIPAL3",0,1,0,"0","0",2825,FALSE
"NIPAL4",0,2,0,"0","0",2826,FALSE
"NIPBL",0,3,0,"0","0",2827,FALSE
"NKAIN2",0,1,0,"0","0",2828,FALSE
"NKAP",0,1,0,"0","0",2829,FALSE
"NKX2-4",0,1,0,"0","0",2830,FALSE
"NKX3-1",0,1,0,"0","0",2831,FALSE
"NLGN1",0,2,0,"0","0",2832,FALSE
"NLGN3",0,1,0,"0","0",2833,FALSE
"NLRP10",0,1,0,"0","0",2834,FALSE
"NLRP13",0,2,0,"0","0",2835,FALSE
"NLRP14",0,1,0,"0","0",2836,FALSE
"NLRP2",0,1,0,"0","0",2837,FALSE
"NLRP3",0,1,0,"0","0",2838,FALSE
"NLRP4",0,3,0,"0","0",2839,FALSE
"NLRP5",0,3,0,"0","0",2840,FALSE
"NLRX1",0,1,0,"0","0",2841,FALSE
"NMNAT1",1,0,0,"0","0",2842,FALSE
"NMNAT3",0,1,0,"0","0",2843,FALSE
"NMS",0,1,0,"0","0",2844,FALSE
"NMU",0,1,0,"0","0",2845,FALSE
"NNT",0,2,0,"0","0",2846,FALSE
"NOBOX",0,1,0,"0","0",2847,FALSE
"NOD2",0,1,0,"0","0",2848,FALSE
"NOS1",0,4,0,"0","0",2849,FALSE
"NOS1AP",0,2,0,"0","0",2850,FALSE
"NOS3",0,1,0,"0","0",2851,FALSE
"NOSIP",0,1,0,"0","0",2852,FALSE
"NOTCH1",0,5,0,"0","0",2853,FALSE
"NOTCH2",0,4,0,"0","0",2854,FALSE
"NOTCH4",0,1,0,"0","0",2855,FALSE
"NOTUM",0,1,0,"0","0",2856,FALSE
"NOV",0,2,0,"0","0",2857,FALSE
"NOVA1",0,1,0,"0","0",2858,FALSE
"NOVA2",0,1,0,"0","0",2859,FALSE
"NOX1",0,1,0,"0","0",2860,FALSE
"NOX5",0,1,0,"0","0",2861,FALSE
"NPAP1",0,2,0,"0","0",2862,FALSE
"NPAS3",0,1,0,"0","0",2863,FALSE
"NPAT",0,1,0,"0","0",2864,FALSE
"NPBWR1",0,1,0,"0","0",2865,FALSE
"NPC1",1,0,0,"0","0",2866,FALSE
"NPC1L1",0,2,0,"0","0",2867,FALSE
"NPFFR1",0,1,0,"0","0",2868,FALSE
"NPFFR2",0,1,0,"0","0",2869,FALSE
"NPHP1",0,1,0,"0","0",2870,FALSE
"NPHP3",1,1,0,"0","0",2871,FALSE
"NPHP4",0,1,0,"0","0",2872,FALSE
"NPHS1",1,0,0,"0","0",2873,FALSE
"NPHS2",0,1,0,"0","0",2874,FALSE
"NPLOC4",0,1,0,"0","0",2875,FALSE
"NPR3",0,1,0,"0","0",2876,FALSE
"NPTX1",0,1,0,"0","0",2877,FALSE
"NPY1R",0,1,0,"0","0",2878,FALSE
"NPY4R",0,1,0,"0","0",2879,FALSE
"NR1D1",0,1,0,"0","0",2880,FALSE
"NR1I2",0,1,0,"0","0",2881,FALSE
"NR1I3",0,1,0,"0","0",2882,FALSE
"NR2E1",0,1,0,"0","0",2883,FALSE
"NR2E3",1,0,0,"0","0",2884,FALSE
"NR3C1",0,1,0,"0","0",2885,FALSE
"NR4A2",0,1,0,"0","0",2886,FALSE
"NR4A3",0,2,0,"0","0",2887,FALSE
"NRAP",0,2,0,"0","0",2888,FALSE
"NRAS",0,2,0,"0","0",2889,FALSE
"NRCAM",0,1,0,"0","0",2890,FALSE
"NRDE2",0,1,0,"0","0",2891,FALSE
"NRG1",0,1,0,"0","0",2892,FALSE
"NRIP3",0,1,0,"0","0",2893,FALSE
"NRSN1",0,1,0,"0","0",2894,FALSE
"NRTN",0,1,0,"0","0",2895,FALSE
"NRXN1",0,6,0,"0","0",2896,FALSE
"NRXN2",0,3,0,"0","0",2897,FALSE
"NRXN3",0,1,0,"0","0",2898,FALSE
"NSD1",0,1,0,"0","0",2899,FALSE
"NSF",0,1,0,"0","0",2900,FALSE
"NSG2",0,1,0,"0","0",2901,FALSE
"NSUN7",0,1,0,"0","0",2902,FALSE
"NT5C3B",0,1,0,"0","0",2903,FALSE
"NT5DC2",0,1,0,"0","0",2904,FALSE
"NT5DC4",0,1,0,"0","0",2905,FALSE
"NT5E",0,1,0,"0","0",2906,FALSE
"NTN3",0,1,0,"0","0",2907,FALSE
"NTN4",0,1,0,"0","0",2908,FALSE
"NTNG1",0,1,0,"0","0",2909,FALSE
"NTRK1",0,1,0,"0","0",2910,FALSE
"NTRK2",0,4,0,"0","0",2911,FALSE
"NTRK3",0,3,0,"0","0",2912,FALSE
"NUAK1",0,1,0,"0","0",2913,FALSE
"NUCKS1",0,1,0,"0","0",2914,FALSE
"NUDCD3",0,1,0,"0","0",2915,FALSE
"NUF2",0,2,0,"0","0",2916,FALSE
"NUFIP2",0,1,0,"0","0",2917,FALSE
"NUMA1",0,2,0,"0","0",2918,FALSE
"NUP205",0,1,0,"0","0",2919,FALSE
"NUP210L",0,1,0,"0","0",2920,FALSE
"NUP214",0,1,0,"0","0",2921,FALSE
"NUP98",0,1,0,"0","0",2922,FALSE
"NUTF2",0,1,0,"0","0",2923,FALSE
"NUTM1",0,2,0,"0","0",2924,FALSE
"NWD1",0,3,0,"0","0",2925,FALSE
"NXPE1",0,1,0,"0","0",2926,FALSE
"NYAP2",0,3,0,"0","0",2927,FALSE
"NYNRIN",0,2,0,"0","0",2928,FALSE
"NYX",0,1,0,"0","0",2929,FALSE
"OAS1",0,1,0,"0","0",2930,FALSE
"OAS3",0,1,0,"0","0",2931,FALSE
"OAT",1,0,0,"0","0",2932,FALSE
"OAZ2",0,1,0,"0","0",2933,FALSE
"OBSCN",0,5,0,"0","0",2934,FALSE
"OBSL1",1,1,0,"0","0",2935,FALSE
"OC90",0,1,0,"0","0",2936,FALSE
"OCA2",1,0,0,"0","0",2937,FALSE
"OCSTAMP",0,1,0,"0","0",2938,FALSE
"ODAM",0,1,0,"0","0",2939,FALSE
"ODF2",0,1,0,"0","0",2940,FALSE
"OFD1",0,1,0,"0","0",2941,FALSE
"OGFRL1",0,1,0,"0","0",2942,FALSE
"OLFM1",0,1,0,"0","0",2943,FALSE
"OLFM3",0,1,0,"0","0",2944,FALSE
"OLFML1",0,2,0,"0","0",2945,FALSE
"OLFML2B",0,1,0,"0","0",2946,FALSE
"OMD",0,1,0,"0","0",2947,FALSE
"ONECUT3",0,1,0,"0","0",2948,FALSE
"OOEP",0,1,0,"0","0",2949,FALSE
"OPA1",0,1,0,"0","0",2950,FALSE
"OPN1SW",0,1,0,"0","0",2951,FALSE
"OPN3",0,1,0,"0","0",2952,FALSE
"OPN4",0,1,0,"0","0",2953,FALSE
"OPRD1",0,1,0,"0","0",2954,FALSE
"OPRM1",0,2,0,"0","0",2955,FALSE
"OPTN",1,0,0,"0","0",2956,FALSE
"OR10AG1",0,4,0,"0","0",2957,FALSE
"OR10D3",0,1,0,"0","0",2958,FALSE
"OR10J1",0,1,0,"0","0",2959,FALSE
"OR10J5",0,2,0,"0","0",2960,FALSE
"OR10T2",0,1,0,"0","0",2961,FALSE
"OR10Z1",0,1,0,"0","0",2962,FALSE
"OR11H4",0,1,0,"0","0",2963,FALSE
"OR13A1",0,1,0,"0","0",2964,FALSE
"OR13C3",0,2,0,"0","0",2965,FALSE
"OR13C8",0,1,0,"0","0",2966,FALSE
"OR13J1",0,1,0,"0","0",2967,FALSE
"OR14C36",0,1,0,"0","0",2968,FALSE
"OR14J1",0,2,0,"0","0",2969,FALSE
"OR14K1",0,1,0,"0","0",2970,FALSE
"OR1D2",0,1,0,"0","0",2971,FALSE
"OR1J4",0,1,0,"0","0",2972,FALSE
"OR1N1",0,1,0,"0","0",2973,FALSE
"OR2A12",0,2,0,"0","0",2974,FALSE
"OR2A5",0,1,0,"0","0",2975,FALSE
"OR2AP1",0,1,0,"0","0",2976,FALSE
"OR2B2",0,1,0,"0","0",2977,FALSE
"OR2B3",0,1,0,"0","0",2978,FALSE
"OR2B6",0,1,0,"0","0",2979,FALSE
"OR2G3",0,1,0,"0","0",2980,FALSE
"OR2L13",0,1,0,"0","0",2981,FALSE
"OR2M2",0,1,0,"0","0",2982,FALSE
"OR2T1",0,2,0,"0","0",2983,FALSE
"OR2T10",0,1,0,"0","0",2984,FALSE
"OR2T6",0,1,0,"0","0",2985,FALSE
"OR2Z1",0,1,0,"0","0",2986,FALSE
"OR4A15",0,2,0,"0","0",2987,FALSE
"OR4C15",0,2,0,"0","0",2988,FALSE
"OR4D5",0,1,0,"0","0",2989,FALSE
"OR4F15",0,1,0,"0","0",2990,FALSE
"OR4K1",0,1,0,"0","0",2991,FALSE
"OR4K13",0,1,0,"0","0",2992,FALSE
"OR4K17",0,1,0,"0","0",2993,FALSE
"OR4P4",0,2,0,"0","0",2994,FALSE
"OR51A7",0,1,0,"0","0",2995,FALSE
"OR51G2",0,1,0,"0","0",2996,FALSE
"OR51I1",0,1,0,"0","0",2997,FALSE
"OR51I2",0,1,0,"0","0",2998,FALSE
"OR51L1",0,2,0,"0","0",2999,FALSE
"OR51Q1",0,2,0,"0","0",3000,FALSE
"OR51S1",0,2,0,"0","0",3001,FALSE
"OR52A1",0,1,0,"0","0",3002,FALSE
"OR52B4",0,1,0,"0","0",3003,FALSE
"OR52E4",0,2,0,"0","0",3004,FALSE
"OR52E8",0,1,0,"0","0",3005,FALSE
"OR52M1",0,1,0,"0","0",3006,FALSE
"OR52N1",0,1,0,"0","0",3007,FALSE
"OR52R1",0,1,0,"0","0",3008,FALSE
"OR56B3P",0,1,0,"0","0",3009,FALSE
"OR56B4",0,1,0,"0","0",3010,FALSE
"OR5B17",0,1,0,"0","0",3011,FALSE
"OR5B21",0,1,0,"0","0",3012,FALSE
"OR5D14",0,2,0,"0","0",3013,FALSE
"OR5D16",0,1,0,"0","0",3014,FALSE
"OR5D18",0,1,0,"0","0",3015,FALSE
"OR5J2",0,2,0,"0","0",3016,FALSE
"OR5M11",0,2,0,"0","0",3017,FALSE
"OR5M8",0,1,0,"0","0",3018,FALSE
"OR5M9",0,1,0,"0","0",3019,FALSE
"OR5V1",0,2,0,"0","0",3020,FALSE
"OR6C1",0,2,0,"0","0",3021,FALSE
"OR6C2",0,2,0,"0","0",3022,FALSE
"OR6C3",0,1,0,"0","0",3023,FALSE
"OR6J1",0,1,0,"0","0",3024,FALSE
"OR6K2",0,1,0,"0","0",3025,FALSE
"OR6K6",0,1,0,"0","0",3026,FALSE
"OR6N1",0,1,0,"0","0",3027,FALSE
"OR6X1",0,2,0,"0","0",3028,FALSE
"OR7A17",0,1,0,"0","0",3029,FALSE
"OR7A5",0,1,0,"0","0",3030,FALSE
"OR7C2",0,1,0,"0","0",3031,FALSE
"OR7G3",0,1,0,"0","0",3032,FALSE
"OR8B4",0,1,0,"0","0",3033,FALSE
"OR8D4",0,1,0,"0","0",3034,FALSE
"OR8G5",0,1,0,"0","0",3035,FALSE
"OR8K3",0,2,0,"0","0",3036,FALSE
"OR8K5",0,1,0,"0","0",3037,FALSE
"OR8S1",0,1,0,"0","0",3038,FALSE
"OR8U1",0,1,0,"0","0",3039,FALSE
"OR9G4",0,2,0,"0","0",3040,FALSE
"OR9Q2",0,2,0,"0","0",3041,FALSE
"OSBPL11",0,1,0,"0","0",3042,FALSE
"OSBPL3",0,1,0,"0","0",3043,FALSE
"OTOA",0,2,0,"0","0",3044,FALSE
"OTOF",0,1,0,"0","0",3045,FALSE
"OTOG",0,7,0,"0","0",3046,FALSE
"OTOL1",0,1,0,"0","0",3047,FALSE
"OTOP3",0,1,0,"0","0",3048,FALSE
"OTP",0,1,0,"0","0",3049,FALSE
"OTUD7B",0,1,0,"0","0",3050,FALSE
"OTX2",0,2,0,"0","0",3051,FALSE
"OVCH1",0,3,0,"0","0",3052,FALSE
"OXCT1",0,1,0,"0","0",3053,FALSE
"P2RX1",0,1,0,"0","0",3054,FALSE
"P2RY1",0,1,0,"0","0",3055,FALSE
"P2RY4",0,1,0,"0","0",3056,FALSE
"P2RY6",0,1,0,"0","0",3057,FALSE
"PA2G4",0,1,0,"0","0",3058,FALSE
"PAAF1",0,1,0,"0","0",3059,FALSE
"PABPC1L",0,1,0,"0","0",3060,FALSE
"PABPC5",0,2,0,"0","0",3061,FALSE
"PABPN1L",0,1,0,"0","0",3062,FALSE
"PACS2",0,2,0,"0","0",3063,FALSE
"PACSIN3",0,1,0,"0","0",3064,FALSE
"PADI1",0,1,0,"0","0",3065,FALSE
"PADI2",0,1,0,"0","0",3066,FALSE
"PADI3",1,0,0,"0","0",3067,FALSE
"PADI4",0,1,0,"0","0",3068,FALSE
"PAFAH2",0,1,0,"0","0",3069,FALSE
"PAG1",0,1,0,"0","0",3070,FALSE
"PAH",11,1,0,"0","0",3071,TRUE
"PAK6",0,1,0,"0","0",3072,FALSE
"PAK7",0,1,0,"0","0",3073,FALSE
"PALM",0,3,0,"0","0",3074,FALSE
"PALMD",0,2,0,"0","0",3075,FALSE
"PAMR1",0,2,0,"0","0",3076,FALSE
"PANK1",0,1,0,"0","0",3077,FALSE
"PANK4",0,1,0,"0","0",3078,FALSE
"PANX2",0,2,0,"0","0",3079,FALSE
"PAPPA",0,4,0,"0","0",3080,FALSE
"PAPPA2",0,1,0,"0","0",3081,FALSE
"PAPSS2",0,1,0,"0","0",3082,FALSE
"PAQR9",0,1,0,"0","0",3083,FALSE
"PARD3",0,3,0,"0","0",3084,FALSE
"PARD3B",0,1,0,"0","0",3085,FALSE
"PARK2",0,1,0,"0","0",3086,FALSE
"PARL",0,1,0,"0","0",3087,FALSE
"PARM1",0,1,0,"0","0",3088,FALSE
"PARP12",0,1,0,"0","0",3089,FALSE
"PARP14",0,1,0,"0","0",3090,FALSE
"PARP15",0,1,0,"0","0",3091,FALSE
"PARP6",0,1,0,"0","0",3092,FALSE
"PARP8",0,3,0,"0","0",3093,FALSE
"PARVG",0,1,0,"0","0",3094,FALSE
"PASD1",0,1,0,"0","0",3095,FALSE
"PASK",0,2,0,"0","0",3096,FALSE
"PATZ1",0,1,0,"0","0",3097,FALSE
"PAWR",0,1,0,"0","0",3098,FALSE
"PAX1",0,1,0,"0","0",3099,FALSE
"PAX2",0,3,0,"0","0",3100,FALSE
"PAX3",0,1,0,"0","0",3101,FALSE
"PAX4",0,1,0,"0","0",3102,FALSE
"PAX7",0,1,0,"0","0",3103,FALSE
"PAX8",0,1,0,"0","0",3104,FALSE
"PAXIP1",0,1,0,"0","0",3105,FALSE
"PBX1",0,1,0,"0","0",3106,FALSE
"PBX4",0,1,0,"0","0",3107,FALSE
"PBXIP1",0,1,0,"0","0",3108,FALSE
"PCBP2",0,1,0,"0","0",3109,FALSE
"PCCB",0,1,0,"0","0",3110,FALSE
"PCDH1",0,3,0,"0","0",3111,FALSE
"PCDH10",0,1,0,"0","0",3112,FALSE
"PCDH15",1,5,0,"0","0",3113,FALSE
"PCDH18",0,1,0,"0","0",3114,FALSE
"PCDH7",0,1,0,"0","0",3115,FALSE
"PCDHA1",0,2,0,"0","0",3116,FALSE
"PCDHA10",0,1,0,"0","0",3117,FALSE
"PCDHA12",0,2,0,"0","0",3118,FALSE
"PCDHA13",0,4,0,"0","0",3119,FALSE
"PCDHA2",0,1,0,"0","0",3120,FALSE
"PCDHA4",0,1,0,"0","0",3121,FALSE
"PCDHA6",0,1,0,"0","0",3122,FALSE
"PCDHA9",0,1,0,"0","0",3123,FALSE
"PCDHB1",0,1,0,"0","0",3124,FALSE
"PCDHB16",0,1,0,"0","0",3125,FALSE
"PCDHB17",0,1,0,"0","0",3126,FALSE
"PCDHB4",0,1,0,"0","0",3127,FALSE
"PCDHGA11",0,1,0,"0","0",3128,FALSE
"PCDHGA12",0,1,0,"0","0",3129,FALSE
"PCDHGA2",0,1,0,"0","0",3130,FALSE
"PCDHGA4",0,1,0,"0","0",3131,FALSE
"PCDHGA6",0,1,0,"0","0",3132,FALSE
"PCDHGA7",0,2,0,"0","0",3133,FALSE
"PCDHGA8",0,1,0,"0","0",3134,FALSE
"PCDHGA9",0,1,0,"0","0",3135,FALSE
"PCDHGB1",0,2,0,"0","0",3136,FALSE
"PCDHGB2",0,2,0,"0","0",3137,FALSE
"PCDHGB3",0,1,0,"0","0",3138,FALSE
"PCF11",0,1,0,"0","0",3139,FALSE
"PCK1",0,2,0,"0","0",3140,FALSE
"PCLO",0,2,0,"0","0",3141,FALSE
"PCNT",0,4,0,"0","0",3142,FALSE
"PCNX",0,3,0,"0","0",3143,FALSE
"PCNXL2",0,1,0,"0","0",3144,FALSE
"PCNXL3",0,1,0,"0","0",3145,FALSE
"PCOLCE",0,1,0,"0","0",3146,FALSE
"PCSK1",0,3,0,"0","0",3147,FALSE
"PCSK1N",0,1,0,"0","0",3148,FALSE
"PCSK2",0,1,0,"0","0",3149,FALSE
"PCSK5",0,3,0,"0","0",3150,FALSE
"PDCD11",0,1,0,"0","0",3151,FALSE
"PDE11A",0,1,0,"0","0",3152,FALSE
"PDE1A",0,1,0,"0","0",3153,FALSE
"PDE1B",0,2,0,"0","0",3154,FALSE
"PDE2A",0,1,0,"0","0",3155,FALSE
"PDE3A",0,2,0,"0","0",3156,FALSE
"PDE3B",0,2,0,"0","0",3157,FALSE
"PDE4B",0,1,0,"0","0",3158,FALSE
"PDE4D",0,1,0,"0","0",3159,FALSE
"PDE5A",0,1,0,"0","0",3160,FALSE
"PDE6A",0,1,0,"0","0",3161,FALSE
"PDE6C",0,2,0,"0","0",3162,FALSE
"PDE8B",0,2,0,"0","0",3163,FALSE
"PDE9A",0,1,0,"0","0",3164,FALSE
"PDGFB",0,1,0,"0","0",3165,FALSE
"PDGFD",0,1,0,"0","0",3166,FALSE
"PDGFRB",0,1,0,"0","0",3167,FALSE
"PDHA1",0,1,0,"0","0",3168,FALSE
"PDHA2",0,2,0,"0","0",3169,FALSE
"PDHX",0,1,0,"0","0",3170,FALSE
"PDILT",0,1,0,"0","0",3171,FALSE
"PDK3",0,1,0,"0","0",3172,FALSE
"PDK4",0,1,0,"0","0",3173,FALSE
"PDP1",0,1,0,"0","0",3174,FALSE
"PDX1",0,1,0,"0","0",3175,FALSE
"PDXP",0,1,0,"0","0",3176,FALSE
"PDZD2",0,2,0,"0","0",3177,FALSE
"PDZD3",0,1,0,"0","0",3178,FALSE
"PDZD4",0,2,0,"0","0",3179,FALSE
"PDZD7",0,1,0,"0","0",3180,FALSE
"PDZRN3",0,1,0,"0","0",3181,FALSE
"PDZRN4",0,1,0,"0","0",3182,FALSE
"PELI2",0,2,0,"0","0",3183,FALSE
"PELI3",0,1,0,"0","0",3184,FALSE
"PER2",0,1,0,"0","0",3185,FALSE
"PEX1",1,1,0,"0","0",3186,FALSE
"PEX12",1,0,0,"0","0",3187,FALSE
"PEX5L",0,3,0,"0","0",3188,FALSE
"PEX6",1,0,0,"0","0",3189,FALSE
"PEX7",2,0,0,"0","0",3190,FALSE
"PFKFB2",0,1,0,"0","0",3191,FALSE
"PFKM",0,3,0,"0","0",3192,FALSE
"PFN2",0,1,0,"0","0",3193,FALSE
"PGAM2",1,1,0,"0","0",3194,FALSE
"PGAP1",0,2,0,"0","0",3195,FALSE
"PGAP2",0,1,0,"0","0",3196,FALSE
"PGC",0,1,0,"0","0",3197,FALSE
"PGK1",0,1,0,"0","0",3198,FALSE
"PGK2",0,2,0,"0","0",3199,FALSE
"PGR",0,1,0,"0","0",3200,FALSE
"PGS1",0,1,0,"0","0",3201,FALSE
"PHACTR3",0,2,0,"0","0",3202,FALSE
"PHF12",0,2,0,"0","0",3203,FALSE
"PHF14",0,1,0,"0","0",3204,FALSE
"PHF2",0,2,0,"0","0",3205,FALSE
"PHF20",0,1,0,"0","0",3206,FALSE
"PHF20L1",0,1,0,"0","0",3207,FALSE
"PHF21A",0,1,0,"0","0",3208,FALSE
"PHF21B",0,2,0,"0","0",3209,FALSE
"PHF3",0,3,0,"0","0",3210,FALSE
"PHGDH",0,1,0,"0","0",3211,FALSE
"PHIP",0,1,0,"0","0",3212,FALSE
"PHKA2",0,1,0,"0","0",3213,FALSE
"PHKB",0,3,0,"0","0",3214,FALSE
"PHLDA1",0,1,0,"0","0",3215,FALSE
"PHLPP2",0,2,0,"0","0",3216,FALSE
"PHOSPHO2",0,1,0,"0","0",3217,FALSE
"PHRF1",0,2,0,"0","0",3218,FALSE
"PHYH",0,1,0,"0","0",3219,FALSE
"PHYHIPL",0,1,0,"0","0",3220,FALSE
"PI4KB",0,1,0,"0","0",3221,FALSE
"PIAS2",0,1,0,"0","0",3222,FALSE
"PID1",0,3,0,"0","0",3223,FALSE
"PIDD",0,1,0,"0","0",3224,FALSE
"PIEZO1",0,2,0,"0","0",3225,FALSE
"PIEZO2",0,2,0,"0","0",3226,FALSE
"PIF1",0,1,0,"0","0",3227,FALSE
"PIGG",2,0,0,"0","0",3228,FALSE
"PIGN",0,2,0,"0","0",3229,FALSE
"PIGQ",1,0,0,"0","0",3230,FALSE
"PIGV",0,1,0,"0","0",3231,FALSE
"PIH1D2",0,1,0,"0","0",3232,FALSE
"PIK3AP1",0,1,0,"0","0",3233,FALSE
"PIK3C2A",0,1,0,"0","0",3234,FALSE
"PIK3C2G",0,1,0,"0","0",3235,FALSE
"PIK3CA",0,4,0,"0","0",3236,FALSE
"PIK3CD",0,2,0,"0","0",3237,FALSE
"PIK3CG",0,1,0,"0","0",3238,FALSE
"PIK3R1",0,1,0,"0","0",3239,FALSE
"PIK3R2",0,1,0,"0","0",3240,FALSE
"PIK3R5",0,1,0,"0","0",3241,FALSE
"PIKFYVE",0,1,0,"0","0",3242,FALSE
"PITPNC1",0,1,0,"0","0",3243,FALSE
"PITPNM2",0,2,0,"0","0",3244,FALSE
"PITPNM3",0,1,0,"0","0",3245,FALSE
"PITX2",0,1,0,"0","0",3246,FALSE
"PKDREJ",0,1,0,"0","0",3247,FALSE
"PKHD1",2,9,0,"0","0",3248,TRUE
"PKHD1L1",0,2,0,"0","0",3249,FALSE
"PKIB",0,1,0,"0","0",3250,FALSE
"PKLR",2,1,0,"0","0",3251,FALSE
"PKN1",0,2,0,"0","0",3252,FALSE
"PKP1",0,1,0,"0","0",3253,FALSE
"PKP3",0,1,0,"0","0",3254,FALSE
"PKP4",0,3,0,"0","0",3255,FALSE
"PLA2G12B",0,1,0,"0","0",3256,FALSE
"PLA2G15",0,1,0,"0","0",3257,FALSE
"PLA2G4A",0,2,0,"0","0",3258,FALSE
"PLA2G4C",0,1,0,"0","0",3259,FALSE
"PLA2G7",0,2,0,"0","0",3260,FALSE
"PLAG1",0,3,0,"0","0",3261,FALSE
"PLAU",0,1,0,"0","0",3262,FALSE
"PLCB1",0,1,0,"0","0",3263,FALSE
"PLCB3",0,2,0,"0","0",3264,FALSE
"PLCG1",0,9,0,"0","0",3265,FALSE
"PLCG2",0,2,0,"0","0",3266,FALSE
"PLCH1",0,5,0,"0","0",3267,FALSE
"PLCL1",0,2,0,"0","0",3268,FALSE
"PLCXD2",0,1,0,"0","0",3269,FALSE
"PLCXD3",0,1,0,"0","0",3270,FALSE
"PLD3",0,1,0,"0","0",3271,FALSE
"PLD5",0,2,0,"0","0",3272,FALSE
"PLEC",0,2,0,"0","0",3273,FALSE
"PLEKHA2",0,1,0,"0","0",3274,FALSE
"PLEKHA4",0,2,0,"0","0",3275,FALSE
"PLEKHA5",0,2,0,"0","0",3276,FALSE
"PLEKHA6",0,1,0,"0","0",3277,FALSE
"PLEKHA7",0,1,0,"0","0",3278,FALSE
"PLEKHD1",0,1,0,"0","0",3279,FALSE
"PLEKHG3",0,1,0,"0","0",3280,FALSE
"PLEKHG4B",0,1,0,"0","0",3281,FALSE
"PLEKHH1",0,2,0,"0","0",3282,FALSE
"PLEKHH2",0,2,0,"0","0",3283,FALSE
"PLEKHM3",0,1,0,"0","0",3284,FALSE
"PLEKHN1",0,2,0,"0","0",3285,FALSE
"PLEKHO1",0,1,0,"0","0",3286,FALSE
"PLIN1",0,1,0,"0","0",3287,FALSE
"PLK1",0,1,0,"0","0",3288,FALSE
"PLK5",0,1,0,"0","0",3289,FALSE
"PLOD1",0,1,0,"0","0",3290,FALSE
"PLOD2",0,1,0,"0","0",3291,FALSE
"PLOD3",0,2,0,"0","0",3292,FALSE
"PLSCR4",0,1,0,"0","0",3293,FALSE
"PLXNA1",0,1,0,"0","0",3294,FALSE
"PLXNB1",0,1,0,"0","0",3295,FALSE
"PLXNB2",0,1,0,"0","0",3296,FALSE
"PLXNC1",0,4,0,"0","0",3297,FALSE
"PLXND1",0,2,0,"0","0",3298,FALSE
"PMF1",0,2,0,"0","0",3299,FALSE
"PMFBP1",0,1,0,"0","0",3300,FALSE
"PML",0,1,0,"0","0",3301,FALSE
"PMM2",3,0,0,"0","0",3302,FALSE
"PMP22",0,1,0,"0","0",3303,FALSE
"PMVK",0,1,0,"0","0",3304,FALSE
"PNCK",0,2,0,"0","0",3305,FALSE
"PNISR",0,2,0,"0","0",3306,FALSE
"PNKP",0,1,0,"0","0",3307,FALSE
"PNLIP",0,2,0,"0","0",3308,FALSE
"PNMA3",0,2,0,"0","0",3309,FALSE
"PNPLA1",0,1,0,"0","0",3310,FALSE
"PNPLA6",0,2,0,"0","0",3311,FALSE
"PNPT1",0,1,0,"0","0",3312,FALSE
"POC1A",0,1,0,"0","0",3313,FALSE
"PODN",0,2,0,"0","0",3314,FALSE
"PODNL1",0,1,0,"0","0",3315,FALSE
"PODXL",0,1,0,"0","0",3316,FALSE
"POF1B",0,1,0,"0","0",3317,FALSE
"POGK",0,1,0,"0","0",3318,FALSE
"POGLUT1",0,1,0,"0","0",3319,FALSE
"POLA2",0,1,0,"0","0",3320,FALSE
"POLD2",0,1,0,"0","0",3321,FALSE
"POLE",0,2,0,"0","0",3322,FALSE
"POLG",2,0,0,"0","0",3323,FALSE
"POLM",0,1,0,"0","0",3324,FALSE
"POLR1A",0,1,0,"0","0",3325,FALSE
"POLR1C",0,1,0,"0","0",3326,FALSE
"POLR2E",0,1,0,"0","0",3327,FALSE
"POLR3A",0,1,0,"0","0",3328,FALSE
"POLR3C",0,1,0,"0","0",3329,FALSE
"POLR3D",0,2,0,"0","0",3330,FALSE
"POM121L2",0,3,0,"0","0",3331,FALSE
"POMT1",0,1,0,"0","0",3332,FALSE
"POMT2",1,1,0,"0","0",3333,FALSE
"PON3",0,1,0,"0","0",3334,FALSE
"POP4",0,1,0,"0","0",3335,FALSE
"PORCN",0,2,0,"0","0",3336,FALSE
"POSTN",0,1,0,"0","0",3337,FALSE
"POT1",8,9,4,"4","4",1,TRUE
"POU2F2",0,1,0,"0","0",3338,FALSE
"POU5F2",0,1,0,"0","0",3339,FALSE
"POU6F2",0,1,0,"0","0",3340,FALSE
"PPA2",1,0,0,"0","0",3341,FALSE
"PPBP",0,1,0,"0","0",3342,FALSE
"PPEF2",0,2,0,"0","0",3343,FALSE
"PPFIA2",0,3,0,"0","0",3344,FALSE
"PPFIA4",0,2,0,"0","0",3345,FALSE
"PPFIBP2",0,1,0,"0","0",3346,FALSE
"PPIE",0,1,0,"0","0",3347,FALSE
"PPIG",0,1,0,"0","0",3348,FALSE
"PPL",0,1,0,"0","0",3349,FALSE
"PPM1D",0,1,0,"0","0",3350,FALSE
"PPM1E",0,2,0,"0","0",3351,FALSE
"PPM1H",0,1,0,"0","0",3352,FALSE
"PPM1K",0,1,0,"0","0",3353,FALSE
"PPM1N",0,1,0,"0","0",3354,FALSE
"PPP1CC",0,2,0,"0","0",3355,FALSE
"PPP1R12A",0,1,0,"0","0",3356,FALSE
"PPP1R12C",0,1,0,"0","0",3357,FALSE
"PPP1R13B",0,1,0,"0","0",3358,FALSE
"PPP1R13L",0,1,0,"0","0",3359,FALSE
"PPP1R15B",0,1,0,"0","0",3360,FALSE
"PPP1R16B",0,1,0,"0","0",3361,FALSE
"PPP1R18",0,2,0,"0","0",3362,FALSE
"PPP1R1A",0,1,0,"0","0",3363,FALSE
"PPP1R26",0,2,0,"0","0",3364,FALSE
"PPP1R3C",0,1,0,"0","0",3365,FALSE
"PPP1R3F",0,1,0,"0","0",3366,FALSE
"PPP1R42",0,1,0,"0","0",3367,FALSE
"PPP2R1B",0,1,0,"0","0",3368,FALSE
"PPP2R2B",0,2,0,"0","0",3369,FALSE
"PPP2R2C",0,1,0,"0","0",3370,FALSE
"PPP2R5A",0,1,0,"0","0",3371,FALSE
"PPP3CA",0,2,0,"0","0",3372,FALSE
"PPP4R1",0,1,0,"0","0",3373,FALSE
"PPP4R4",0,2,0,"0","0",3374,FALSE
"PPRC1",0,1,0,"0","0",3375,FALSE
"PPT1",0,1,0,"0","0",3376,FALSE
"PRAM1",0,2,0,"0","0",3377,FALSE
"PRC1",0,1,0,"0","0",3378,FALSE
"PRDM1",0,2,0,"0","0",3379,FALSE
"PRDM10",0,1,0,"0","0",3380,FALSE
"PRDM15",0,1,0,"0","0",3381,FALSE
"PRDM16",0,2,0,"0","0",3382,FALSE
"PRDM2",0,2,0,"0","0",3383,FALSE
"PRDM4",0,1,0,"0","0",3384,FALSE
"PRDM7",0,1,0,"0","0",3385,FALSE
"PRDM9",0,1,0,"0","0",3386,FALSE
"PREX1",0,1,0,"0","0",3387,FALSE
"PREX2",0,2,0,"0","0",3388,FALSE
"PRICKLE2",0,1,0,"0","0",3389,FALSE
"PRIM1",0,1,0,"0","0",3390,FALSE
"PRIMPOL",0,1,0,"0","0",3391,FALSE
"PRKAG3",0,1,0,"0","0",3392,FALSE
"PRKCB",0,1,0,"0","0",3393,FALSE
"PRKCE",0,1,0,"0","0",3394,FALSE
"PRKCG",0,1,0,"0","0",3395,FALSE
"PRKCH",0,1,0,"0","0",3396,FALSE
"PRKCQ",0,1,0,"0","0",3397,FALSE
"PRKD2",0,1,0,"0","0",3398,FALSE
"PRKG2",0,1,0,"0","0",3399,FALSE
"PRLR",0,1,0,"0","0",3400,FALSE
"PRMT7",1,0,0,"0","0",3401,FALSE
"PRODH2",0,1,0,"0","0",3402,FALSE
"PROKR2",0,1,0,"0","0",3403,FALSE
"PROL1",0,2,0,"0","0",3404,FALSE
"PROM1",1,0,0,"0","0",3405,FALSE
"PROM2",0,2,0,"0","0",3406,FALSE
"PROSER2",0,1,0,"0","0",3407,FALSE
"PROX1",0,1,0,"0","0",3408,FALSE
"PRPF18",0,1,0,"0","0",3409,FALSE
"PRPF19",0,1,0,"0","0",3410,FALSE
"PRPF40B",0,1,0,"0","0",3411,FALSE
"PRPF4B",0,1,0,"0","0",3412,FALSE
"PRPH2",0,1,0,"0","0",3413,FALSE
"PRPSAP2",0,1,0,"0","0",3414,FALSE
"PRR14L",0,1,0,"0","0",3415,FALSE
"PRR19",0,1,0,"0","0",3416,FALSE
"PRR7",0,1,0,"0","0",3417,FALSE
"PRRC2B",0,2,0,"0","0",3418,FALSE
"PRRC2C",0,1,0,"0","0",3419,FALSE
"PRSS16",0,1,0,"0","0",3420,FALSE
"PRSS21",0,1,0,"0","0",3421,FALSE
"PRSS22",0,1,0,"0","0",3422,FALSE
"PRSS35",0,1,0,"0","0",3423,FALSE
"PRSS36",0,2,0,"0","0",3424,FALSE
"PRSS42",0,1,0,"0","0",3425,FALSE
"PRSS54",0,1,0,"0","0",3426,FALSE
"PRSS58",0,1,0,"0","0",3427,FALSE
"PRTG",0,3,0,"0","0",3428,FALSE
"PRUNE2",0,1,0,"0","0",3429,FALSE
"PSAT1",1,0,0,"0","0",3430,FALSE
"PSD",0,1,0,"0","0",3431,FALSE
"PSD2",0,2,0,"0","0",3432,FALSE
"PSKH2",0,1,0,"0","0",3433,FALSE
"PSMA4",0,1,0,"0","0",3434,FALSE
"PSMB4",0,1,0,"0","0",3435,FALSE
"PSMC5",0,1,0,"0","0",3436,FALSE
"PSMF1",0,1,0,"0","0",3437,FALSE
"PTAFR",0,1,0,"0","0",3438,FALSE
"PTBP1",0,1,0,"0","0",3439,FALSE
"PTBP3",0,2,0,"0","0",3440,FALSE
"PTCH1",0,3,0,"0","0",3441,FALSE
"PTCH2",0,1,0,"0","0",3442,FALSE
"PTCHD1",0,1,0,"0","0",3443,FALSE
"PTCHD2",0,2,0,"0","0",3444,FALSE
"PTCHD4",0,1,0,"0","0",3445,FALSE
"PTDSS1",0,1,0,"0","0",3446,FALSE
"PTER",0,1,0,"0","0",3447,FALSE
"PTF1A",0,1,0,"0","0",3448,FALSE
"PTGER2",0,1,0,"0","0",3449,FALSE
"PTGES2",0,1,0,"0","0",3450,FALSE
"PTGFR",0,1,0,"0","0",3451,FALSE
"PTGIS",0,1,0,"0","0",3452,FALSE
"PTGR1",0,1,0,"0","0",3453,FALSE
"PTK2",0,1,0,"0","0",3454,FALSE
"PTK2B",0,1,0,"0","0",3455,FALSE
"PTK7",0,3,0,"0","0",3456,FALSE
"PTOV1",0,1,0,"0","0",3457,FALSE
"PTPN2",0,1,0,"0","0",3458,FALSE
"PTPN21",0,1,0,"0","0",3459,FALSE
"PTPN22",0,2,0,"0","0",3460,FALSE
"PTPN3",0,1,0,"0","0",3461,FALSE
"PTPN6",0,1,0,"0","0",3462,FALSE
"PTPRA",0,1,0,"0","0",3463,FALSE
"PTPRB",0,9,0,"0","0",3464,FALSE
"PTPRC",0,1,0,"0","0",3465,FALSE
"PTPRD",0,2,0,"0","0",3466,FALSE
"PTPRJ",0,2,0,"0","0",3467,FALSE
"PTPRK",0,1,0,"0","0",3468,FALSE
"PTPRM",0,1,0,"0","0",3469,FALSE
"PTPRO",0,5,0,"0","0",3470,FALSE
"PTPRQ",0,3,0,"0","0",3471,FALSE
"PTPRR",0,2,0,"0","0",3472,FALSE
"PTPRS",0,2,0,"0","0",3473,FALSE
"PTPRT",0,1,0,"0","0",3474,FALSE
"PTPRU",0,1,0,"0","0",3475,FALSE
"PTTG1IP",0,1,0,"0","0",3476,FALSE
"PTX4",0,1,0,"0","0",3477,FALSE
"PURG",0,1,0,"0","0",3478,FALSE
"PVRL1",0,1,0,"0","0",3479,FALSE
"PWP2",0,1,0,"0","0",3480,FALSE
"PXDN",0,2,0,"0","0",3481,FALSE
"PXDNL",0,5,0,"0","0",3482,FALSE
"PXK",0,1,0,"0","0",3483,FALSE
"PXN",0,1,0,"0","0",3484,FALSE
"PYCR2",0,1,0,"0","0",3485,FALSE
"PYGM",1,0,0,"0","0",3486,FALSE
"PYGO1",0,1,0,"0","0",3487,FALSE
"PYHIN1",0,2,0,"0","0",3488,FALSE
"PYURF",0,1,0,"0","0",3489,FALSE
"PZP",0,1,0,"0","0",3490,FALSE
"QKI",0,2,0,"0","0",3491,FALSE
"QRICH2",0,1,0,"0","0",3492,FALSE
"QRSL1",0,1,0,"0","0",3493,FALSE
"QSER1",0,2,0,"0","0",3494,FALSE
"QSOX2",0,1,0,"0","0",3495,FALSE
"RAB11FIP5",0,1,0,"0","0",3496,FALSE
"RAB21",0,1,0,"0","0",3497,FALSE
"RAB27B",0,1,0,"0","0",3498,FALSE
"RAB3C",0,2,0,"0","0",3499,FALSE
"RAB3GAP2",0,2,0,"0","0",3500,FALSE
"RAB9B",0,1,0,"0","0",3501,FALSE
"RABEP1",0,1,0,"0","0",3502,FALSE
"RABGAP1L",0,1,0,"0","0",3503,FALSE
"RAD50",0,1,0,"0","0",3504,FALSE
"RAD51AP2",0,2,0,"0","0",3505,FALSE
"RAD54L",0,1,0,"0","0",3506,FALSE
"RAD54L2",0,2,0,"0","0",3507,FALSE
"RAET1E",0,1,0,"0","0",3508,FALSE
"RAG1",0,1,0,"0","0",3509,FALSE
"RAG2",0,1,0,"0","0",3510,FALSE
"RAI1",0,1,0,"0","0",3511,FALSE
"RALGAPA1",0,1,0,"0","0",3512,FALSE
"RALGAPB",0,1,0,"0","0",3513,FALSE
"RALY",0,1,0,"0","0",3514,FALSE
"RAMP1",0,1,0,"0","0",3515,FALSE
"RAMP2",0,2,0,"0","0",3516,FALSE
"RAP1GAP",0,2,0,"0","0",3517,FALSE
"RAP1GAP2",0,1,0,"0","0",3518,FALSE
"RAPGEF1",0,1,0,"0","0",3519,FALSE
"RAPGEF3",0,1,0,"0","0",3520,FALSE
"RAPGEF4",0,1,0,"0","0",3521,FALSE
"RAPGEF6",0,1,0,"0","0",3522,FALSE
"RARG",0,1,0,"0","0",3523,FALSE
"RARRES2",0,1,0,"0","0",3524,FALSE
"RARS2",0,1,0,"0","0",3525,FALSE
"RASA1",0,2,0,"0","0",3526,FALSE
"RASAL3",0,1,0,"0","0",3527,FALSE
"RASGEF1B",0,1,0,"0","0",3528,FALSE
"RASGRF1",0,1,0,"0","0",3529,FALSE
"RASGRF2",0,1,0,"0","0",3530,FALSE
"RASGRP1",0,1,0,"0","0",3531,FALSE
"RASGRP2",0,1,0,"0","0",3532,FALSE
"RASGRP3",0,3,0,"0","0",3533,FALSE
"RASSF3",0,2,0,"0","0",3534,FALSE
"RASSF8",0,1,0,"0","0",3535,FALSE
"RAX2",0,1,0,"0","0",3536,FALSE
"RB1CC1",0,1,0,"0","0",3537,FALSE
"RBBP6",0,1,0,"0","0",3538,FALSE
"RBBP8",0,1,0,"0","0",3539,FALSE
"RBKS",0,1,0,"0","0",3540,FALSE
"RBL1",0,1,0,"0","0",3541,FALSE
"RBM14-RBM4",0,1,0,"0","0",3542,FALSE
"RBM25",0,2,0,"0","0",3543,FALSE
"RBM27",0,1,0,"0","0",3544,FALSE
"RBMXL3",0,2,0,"0","0",3545,FALSE
"RBP3",0,3,0,"0","0",3546,FALSE
"RBP7",0,1,0,"0","0",3547,FALSE
"RBPJ",0,1,0,"0","0",3548,FALSE
"RC3H2",0,1,0,"0","0",3549,FALSE
"RCBTB2",0,1,0,"0","0",3550,FALSE
"RCC1",0,1,0,"0","0",3551,FALSE
"RCOR3",0,2,0,"0","0",3552,FALSE
"RDH5",1,0,0,"0","0",3553,FALSE
"RECK",0,1,0,"0","0",3554,FALSE
"RECQL4",1,0,0,"0","0",3555,FALSE
"REL",0,1,0,"0","0",3556,FALSE
"RELB",0,1,0,"0","0",3557,FALSE
"RELN",0,1,0,"0","0",3558,FALSE
"REM2",0,2,0,"0","0",3559,FALSE
"REPS1",0,1,0,"0","0",3560,FALSE
"RERE",0,1,0,"0","0",3561,FALSE
"RERGL",0,1,0,"0","0",3562,FALSE
"RESP18",0,1,0,"0","0",3563,FALSE
"RET",0,3,0,"0","0",3564,FALSE
"REV3L",0,2,0,"0","0",3565,FALSE
"RFK",0,1,0,"0","0",3566,FALSE
"RFPL4B",0,1,0,"0","0",3567,FALSE
"RFTN2",0,1,0,"0","0",3568,FALSE
"RFWD3",0,1,0,"0","0",3569,FALSE
"RFX2",0,1,0,"0","0",3570,FALSE
"RFX5",0,1,0,"0","0",3571,FALSE
"RFX6",0,2,0,"0","0",3572,FALSE
"RFX7",0,1,0,"0","0",3573,FALSE
"RGAG1",0,1,0,"0","0",3574,FALSE
"RGAG4",0,2,0,"0","0",3575,FALSE
"RGL1",0,2,0,"0","0",3576,FALSE
"RGMA",0,1,0,"0","0",3577,FALSE
"RGS10",0,1,0,"0","0",3578,FALSE
"RGS22",0,2,0,"0","0",3579,FALSE
"RGS3",0,2,0,"0","0",3580,FALSE
"RGS6",0,1,0,"0","0",3581,FALSE
"RGS7",0,3,0,"0","0",3582,FALSE
"RGS9BP",0,1,0,"0","0",3583,FALSE
"RGSL1",0,2,0,"0","0",3584,FALSE
"RHBDF2",0,1,0,"0","0",3585,FALSE
"RHCG",0,1,0,"0","0",3586,FALSE
"RHEBL1",0,1,0,"0","0",3587,FALSE
"RHOBTB2",0,1,0,"0","0",3588,FALSE
"RHOH",0,1,0,"0","0",3589,FALSE
"RIBC2",0,1,0,"0","0",3590,FALSE
"RIF1",0,1,0,"0","0",3591,FALSE
"RILPL1",0,1,0,"0","0",3592,FALSE
"RIMBP2",0,3,0,"0","0",3593,FALSE
"RIMS1",0,5,0,"0","0",3594,FALSE
"RIMS2",0,5,0,"0","0",3595,FALSE
"RIMS4",0,1,0,"0","0",3596,FALSE
"RIPK4",0,2,0,"0","0",3597,FALSE
"RIT1",0,1,0,"0","0",3598,FALSE
"RIT2",0,1,0,"0","0",3599,FALSE
"RLBP1",0,1,0,"0","0",3600,FALSE
"RLN1",0,1,0,"0","0",3601,FALSE
"RNASE1",0,1,0,"0","0",3602,FALSE
"RNASE11",0,1,0,"0","0",3603,FALSE
"RNASE12",0,1,0,"0","0",3604,FALSE
"RNASE8",0,1,0,"0","0",3605,FALSE
"RNF111",0,1,0,"0","0",3606,FALSE
"RNF115",0,1,0,"0","0",3607,FALSE
"RNF150",0,1,0,"0","0",3608,FALSE
"RNF157",0,1,0,"0","0",3609,FALSE
"RNF17",0,1,0,"0","0",3610,FALSE
"RNF20",0,1,0,"0","0",3611,FALSE
"RNF213",0,4,0,"0","0",3612,FALSE
"RNF214",0,2,0,"0","0",3613,FALSE
"RNF40",0,1,0,"0","0",3614,FALSE
"RNF6",0,1,0,"0","0",3615,FALSE
"RNMTL1",0,1,0,"0","0",3616,FALSE
"ROBO1",0,4,0,"0","0",3617,FALSE
"ROBO2",0,3,0,"0","0",3618,FALSE
"ROCK1",0,1,0,"0","0",3619,FALSE
"ROR1",0,1,0,"0","0",3620,FALSE
"ROR2",0,2,0,"0","0",3621,FALSE
"RORC",0,1,0,"0","0",3622,FALSE
"ROS1",0,3,0,"0","0",3623,FALSE
"RP1",0,6,0,"0","0",3624,FALSE
"RP1-317E23.6",0,1,0,"0","0",3625,FALSE
"RP1-32I10.10",0,1,0,"0","0",3626,FALSE
"RP11-1055B8.7",0,1,0,"0","0",3627,FALSE
"RP11-1102P16.1",0,1,0,"0","0",3628,FALSE
"RP11-113D6.6",0,1,0,"0","0",3629,FALSE
"RP11-1220K2.2",0,3,0,"0","0",3630,FALSE
"RP11-180C1.1",0,1,0,"0","0",3631,FALSE
"RP11-20I23.1",0,1,0,"0","0",3632,FALSE
"RP11-247C2.2",0,1,0,"0","0",3633,FALSE
"RP11-287D1.3",0,1,0,"0","0",3634,FALSE
"RP11-297N6.4",0,1,0,"0","0",3635,FALSE
"RP11-307N16.6",0,2,0,"0","0",3636,FALSE
"RP11-410N8.4",0,1,0,"0","0",3637,FALSE
"RP11-503N18.3",0,2,0,"0","0",3638,FALSE
"RP11-507M3.1",0,1,0,"0","0",3639,FALSE
"RP11-553A10.1",0,1,0,"0","0",3640,FALSE
"RP11-565P22.6",0,1,0,"0","0",3641,FALSE
"RP11-723O4.6",0,1,0,"0","0",3642,FALSE
"RP11-73M18.2",0,1,0,"0","0",3643,FALSE
"RP11-758M4.1",0,1,0,"0","0",3644,FALSE
"RP11-763F8.1",0,1,0,"0","0",3645,FALSE
"RP11-766F14.2",0,1,0,"0","0",3646,FALSE
"RP11-849H4.2",0,1,0,"0","0",3647,FALSE
"RP11-863K10.7",0,1,0,"0","0",3648,FALSE
"RP1L1",0,3,0,"0","0",3649,FALSE
"RPE65",0,1,0,"0","0",3650,FALSE
"RPGRIP1",0,2,0,"0","0",3651,FALSE
"RPH3AL",0,1,0,"0","0",3652,FALSE
"RPL11",0,1,0,"0","0",3653,FALSE
"RPL27A",0,1,0,"0","0",3654,FALSE
"RPP30",0,1,0,"0","0",3655,FALSE
"RPRD2",0,1,0,"0","0",3656,FALSE
"RPS10-NUDT3",0,1,0,"0","0",3657,FALSE
"RPS19",0,1,0,"0","0",3658,FALSE
"RPS6",0,1,0,"0","0",3659,FALSE
"RPS6KA1",0,1,0,"0","0",3660,FALSE
"RPS6KA3",0,1,0,"0","0",3661,FALSE
"RPS6KA4",0,1,0,"0","0",3662,FALSE
"RPS6KA6",0,1,0,"0","0",3663,FALSE
"RPS6KC1",0,2,0,"0","0",3664,FALSE
"RPTOR",0,2,0,"0","0",3665,FALSE
"RRAGA",0,1,0,"0","0",3666,FALSE
"RRP12",0,1,0,"0","0",3667,FALSE
"RRP36",0,1,0,"0","0",3668,FALSE
"RRS1",0,1,0,"0","0",3669,FALSE
"RSG1",0,1,0,"0","0",3670,FALSE
"RSL1D1",0,1,0,"0","0",3671,FALSE
"RSPH6A",0,2,0,"0","0",3672,FALSE
"RSPH9",0,1,0,"0","0",3673,FALSE
"RSPO3",0,1,0,"0","0",3674,FALSE
"RSPO4",0,1,0,"0","0",3675,FALSE
"RTEL1",1,0,0,"0","0",3676,FALSE
"RTL1",0,1,0,"0","0",3677,FALSE
"RTN1",0,1,0,"0","0",3678,FALSE
"RTN4RL1",0,1,0,"0","0",3679,FALSE
"RTP1",0,1,0,"0","0",3680,FALSE
"RTTN",0,1,0,"0","0",3681,FALSE
"RUFY2",0,2,0,"0","0",3682,FALSE
"RUFY3",0,2,0,"0","0",3683,FALSE
"RUNX1",0,1,0,"0","0",3684,FALSE
"RUNX1T1",0,1,0,"0","0",3685,FALSE
"RUSC1",0,2,0,"0","0",3686,FALSE
"RUSC2",0,1,0,"0","0",3687,FALSE
"RXFP2",0,2,0,"0","0",3688,FALSE
"RYBP",0,1,0,"0","0",3689,FALSE
"RYR1",0,7,0,"0","0",3690,FALSE
"RYR2",0,9,0,"0","0",3691,FALSE
"RYR3",0,5,0,"0","0",3692,FALSE
"S100PBP",0,1,0,"0","0",3693,FALSE
"S1PR5",0,1,0,"0","0",3694,FALSE
"SAA4",0,1,0,"0","0",3695,FALSE
"SACM1L",0,1,0,"0","0",3696,FALSE
"SACS",0,2,0,"0","0",3697,FALSE
"SAFB",0,1,0,"0","0",3698,FALSE
"SAG",0,1,0,"0","0",3699,FALSE
"SALL1",0,1,0,"0","0",3700,FALSE
"SALL3",0,1,0,"0","0",3701,FALSE
"SALL4",0,1,0,"0","0",3702,FALSE
"SAMD9",0,2,0,"0","0",3703,FALSE
"SAMD9L",0,3,0,"0","0",3704,FALSE
"SAMSN1",0,2,0,"0","0",3705,FALSE
"SAP130",0,1,0,"0","0",3706,FALSE
"SARDH",0,2,0,"0","0",3707,FALSE
"SART1",0,1,0,"0","0",3708,FALSE
"SATB2",0,1,0,"0","0",3709,FALSE
"SBDS",1,0,0,"0","0",3710,FALSE
"SBF1",0,1,0,"0","0",3711,FALSE
"SBK1",0,1,0,"0","0",3712,FALSE
"SBNO1",0,1,0,"0","0",3713,FALSE
"SCAF8",0,1,0,"0","0",3714,FALSE
"SCAND3",0,4,0,"0","0",3715,FALSE
"SCARB1",0,2,0,"0","0",3716,FALSE
"SCARB2",1,0,0,"0","0",3717,FALSE
"SCARF1",0,1,0,"0","0",3718,FALSE
"SCARF2",0,4,0,"0","0",3719,FALSE
"SCG2",0,1,0,"0","0",3720,FALSE
"SCG3",0,1,0,"0","0",3721,FALSE
"SCGB1D1",0,1,0,"0","0",3722,FALSE
"SCIN",0,1,0,"0","0",3723,FALSE
"SCLT1",0,1,0,"0","0",3724,FALSE
"SCMH1",0,1,0,"0","0",3725,FALSE
"SCN10A",0,4,0,"0","0",3726,FALSE
"SCN1A",0,4,0,"0","0",3727,FALSE
"SCN2A",0,4,0,"0","0",3728,FALSE
"SCN2B",0,1,0,"0","0",3729,FALSE
"SCN3A",0,2,0,"0","0",3730,FALSE
"SCN4A",0,1,0,"0","0",3731,FALSE
"SCN7A",0,1,0,"0","0",3732,FALSE
"SCN8A",0,1,0,"0","0",3733,FALSE
"SCN9A",0,1,0,"0","0",3734,FALSE
"SCNN1A",0,1,0,"0","0",3735,FALSE
"SCNN1B",0,1,0,"0","0",3736,FALSE
"SCO1",0,1,0,"0","0",3737,FALSE
"SCRIB",0,1,0,"0","0",3738,FALSE
"SCRT2",0,1,0,"0","0",3739,FALSE
"SCUBE1",0,1,0,"0","0",3740,FALSE
"SCUBE2",0,2,0,"0","0",3741,FALSE
"SCYL2",0,1,0,"0","0",3742,FALSE
"SDC3",0,1,0,"0","0",3743,FALSE
"SDCCAG8",0,1,0,"0","0",3744,FALSE
"SDHA",1,0,0,"0","0",3745,FALSE
"SDHD",0,1,0,"0","0",3746,FALSE
"SDK1",0,3,0,"0","0",3747,FALSE
"SDK2",0,1,0,"0","0",3748,FALSE
"SDR9C7",0,1,0,"0","0",3749,FALSE
"SEC14L1",0,2,0,"0","0",3750,FALSE
"SEC14L3",0,1,0,"0","0",3751,FALSE
"SEC22C",0,1,0,"0","0",3752,FALSE
"SEC23IP",0,1,0,"0","0",3753,FALSE
"SEC31B",0,2,0,"0","0",3754,FALSE
"SEC61A1",0,1,0,"0","0",3755,FALSE
"SEC61B",0,1,0,"0","0",3756,FALSE
"SEC61G",0,1,0,"0","0",3757,FALSE
"SEC63",0,1,0,"0","0",3758,FALSE
"SEL1L3",0,1,0,"0","0",3759,FALSE
"SELE",0,2,0,"0","0",3760,FALSE
"SELENON",2,0,0,"0","0",3761,FALSE
"SELL",0,1,0,"0","0",3762,FALSE
"SELP",0,2,0,"0","0",3763,FALSE
"SELPLG",0,1,0,"0","0",3764,FALSE
"SEMA3C",0,2,0,"0","0",3765,FALSE
"SEMA3F",0,1,0,"0","0",3766,FALSE
"SEMA4A",0,2,0,"0","0",3767,FALSE
"SEMA4G",0,1,0,"0","0",3768,FALSE
"SEMA5A",0,2,0,"0","0",3769,FALSE
"SEMA6B",0,1,0,"0","0",3770,FALSE
"SEMA6C",0,1,0,"0","0",3771,FALSE
"SEMA6D",0,1,0,"0","0",3772,FALSE
"SEMA7A",0,2,0,"0","0",3773,FALSE
"SEMG1",0,1,0,"0","0",3774,FALSE
"SEMG2",0,1,0,"0","0",3775,FALSE
"SENP6",0,1,0,"0","0",3776,FALSE
"SEPT8",0,1,0,"0","0",3777,FALSE
"SEPW1",0,1,0,"0","0",3778,FALSE
"SERGEF",0,1,0,"0","0",3779,FALSE
"SERINC2",0,2,0,"0","0",3780,FALSE
"SERPINA1",2,0,0,"0","0",3781,FALSE
"SERPINA10",0,1,0,"0","0",3782,FALSE
"SERPINA11",0,1,0,"0","0",3783,FALSE
"SERPINA12",0,1,0,"0","0",3784,FALSE
"SERPINA4",0,2,0,"0","0",3785,FALSE
"SERPINA7",0,1,0,"0","0",3786,FALSE
"SERPINB10",0,1,0,"0","0",3787,FALSE
"SERPINB12",0,1,0,"0","0",3788,FALSE
"SERPINB13",0,1,0,"0","0",3789,FALSE
"SERPINC1",0,1,0,"0","0",3790,FALSE
"SERPINE2",0,1,0,"0","0",3791,FALSE
"SERPING1",0,1,0,"0","0",3792,FALSE
"SERTAD2",0,1,0,"0","0",3793,FALSE
"SERTAD4",0,2,0,"0","0",3794,FALSE
"SETBP1",0,5,0,"0","0",3795,FALSE
"SETD1A",0,1,0,"0","0",3796,FALSE
"SETD1B",0,1,0,"0","0",3797,FALSE
"SETD2",0,3,0,"0","0",3798,FALSE
"SETD4",0,1,0,"0","0",3799,FALSE
"SETD5",0,1,0,"0","0",3800,FALSE
"SETDB2",0,1,0,"0","0",3801,FALSE
"SEZ6L",0,1,0,"0","0",3802,FALSE
"SEZ6L2",0,2,0,"0","0",3803,FALSE
"SF3B2",0,1,0,"0","0",3804,FALSE
"SF3B3",0,2,0,"0","0",3805,FALSE
"SFMBT1",0,1,0,"0","0",3806,FALSE
"SFMBT2",0,1,0,"0","0",3807,FALSE
"SFRP1",0,2,0,"0","0",3808,FALSE
"SFRP4",0,1,0,"0","0",3809,FALSE
"SFSWAP",0,2,0,"0","0",3810,FALSE
"SGCA",0,1,0,"0","0",3811,FALSE
"SGCD",0,2,0,"0","0",3812,FALSE
"SGCG",0,2,0,"0","0",3813,FALSE
"SGIP1",0,2,0,"0","0",3814,FALSE
"SGK2",0,1,0,"0","0",3815,FALSE
"SGK223",0,2,0,"0","0",3816,FALSE
"SGPP1",0,1,0,"0","0",3817,FALSE
"SGPP2",0,1,0,"0","0",3818,FALSE
"SH2B1",0,1,0,"0","0",3819,FALSE
"SH2B3",0,1,0,"0","0",3820,FALSE
"SH2D2A",0,1,0,"0","0",3821,FALSE
"SH3BP5L",0,2,0,"0","0",3822,FALSE
"SH3GL2",0,1,0,"0","0",3823,FALSE
"SH3GL3",0,1,0,"0","0",3824,FALSE
"SH3RF1",0,1,0,"0","0",3825,FALSE
"SH3RF2",0,3,0,"0","0",3826,FALSE
"SHANK1",0,2,0,"0","0",3827,FALSE
"SHANK2",0,3,0,"0","0",3828,FALSE
"SHANK3",0,1,0,"0","0",3829,FALSE
"SHC3",0,2,0,"0","0",3830,FALSE
"SHCBP1L",0,1,0,"0","0",3831,FALSE
"SHISA6",0,1,0,"0","0",3832,FALSE
"SHISA9",0,1,0,"0","0",3833,FALSE
"SHROOM2",0,2,0,"0","0",3834,FALSE
"SHROOM3",0,2,0,"0","0",3835,FALSE
"SHROOM4",0,1,0,"0","0",3836,FALSE
"SI",0,8,0,"0","0",3837,FALSE
"SIGLEC1",0,2,0,"0","0",3838,FALSE
"SIGLEC8",0,1,0,"0","0",3839,FALSE
"SIGLEC9",0,5,0,"0","0",3840,FALSE
"SIGLECL1",0,1,0,"0","0",3841,FALSE
"SIK1",0,1,0,"0","0",3842,FALSE
"SIK2",0,1,0,"0","0",3843,FALSE
"SIK3",0,3,0,"0","0",3844,FALSE
"SIN3A",0,1,0,"0","0",3845,FALSE
"SIPA1L1",0,2,0,"0","0",3846,FALSE
"SIPA1L2",0,2,0,"0","0",3847,FALSE
"SIX3",0,1,0,"0","0",3848,FALSE
"SKI",0,1,0,"0","0",3849,FALSE
"SKIDA1",0,2,0,"0","0",3850,FALSE
"SKOR1",0,1,0,"0","0",3851,FALSE
"SLAIN1",0,1,0,"0","0",3852,FALSE
"SLAMF1",0,1,0,"0","0",3853,FALSE
"SLC10A4",0,1,0,"0","0",3854,FALSE
"SLC12A1",0,1,0,"0","0",3855,FALSE
"SLC12A2",0,1,0,"0","0",3856,FALSE
"SLC12A3",1,0,0,"0","0",3857,FALSE
"SLC12A4",0,1,0,"0","0",3858,FALSE
"SLC12A6",0,1,0,"0","0",3859,FALSE
"SLC12A8",0,1,0,"0","0",3860,FALSE
"SLC13A1",0,1,0,"0","0",3861,FALSE
"SLC13A3",0,1,0,"0","0",3862,FALSE
"SLC15A2",0,1,0,"0","0",3863,FALSE
"SLC15A3",0,1,0,"0","0",3864,FALSE
"SLC15A5",0,1,0,"0","0",3865,FALSE
"SLC16A10",0,1,0,"0","0",3866,FALSE
"SLC16A12",0,1,0,"0","0",3867,FALSE
"SLC16A2",0,1,0,"0","0",3868,FALSE
"SLC16A9",0,1,0,"0","0",3869,FALSE
"SLC17A3",0,2,0,"0","0",3870,FALSE
"SLC17A4",0,1,0,"0","0",3871,FALSE
"SLC17A7",0,1,0,"0","0",3872,FALSE
"SLC18A1",0,1,0,"0","0",3873,FALSE
"SLC1A1",0,1,0,"0","0",3874,FALSE
"SLC1A2",0,1,0,"0","0",3875,FALSE
"SLC1A5",0,1,0,"0","0",3876,FALSE
"SLC1A7",0,1,0,"0","0",3877,FALSE
"SLC20A2",0,1,0,"0","0",3878,FALSE
"SLC22A10",0,1,0,"0","0",3879,FALSE
"SLC22A11",0,1,0,"0","0",3880,FALSE
"SLC22A12",0,1,0,"0","0",3881,FALSE
"SLC22A13",0,1,0,"0","0",3882,FALSE
"SLC22A15",0,1,0,"0","0",3883,FALSE
"SLC22A2",0,1,0,"0","0",3884,FALSE
"SLC22A25",0,1,0,"0","0",3885,FALSE
"SLC22A5",2,1,0,"0","0",3886,FALSE
"SLC22A6",0,2,0,"0","0",3887,FALSE
"SLC22A8",0,2,0,"0","0",3888,FALSE
"SLC23A1",0,1,0,"0","0",3889,FALSE
"SLC23A3",0,1,0,"0","0",3890,FALSE
"SLC24A1",0,1,0,"0","0",3891,FALSE
"SLC24A2",0,3,0,"0","0",3892,FALSE
"SLC24A3",0,2,0,"0","0",3893,FALSE
"SLC25A2",0,1,0,"0","0",3894,FALSE
"SLC25A20",0,1,0,"0","0",3895,FALSE
"SLC25A23",0,1,0,"0","0",3896,FALSE
"SLC25A24",0,1,0,"0","0",3897,FALSE
"SLC25A26",0,1,0,"0","0",3898,FALSE
"SLC25A27",0,1,0,"0","0",3899,FALSE
"SLC25A28",0,1,0,"0","0",3900,FALSE
"SLC26A2",1,0,0,"0","0",3901,FALSE
"SLC26A3",0,1,0,"0","0",3902,FALSE
"SLC26A4",2,0,0,"0","0",3903,FALSE
"SLC26A6",0,1,0,"0","0",3904,FALSE
"SLC26A7",0,2,0,"0","0",3905,FALSE
"SLC26A8",0,1,0,"0","0",3906,FALSE
"SLC27A2",0,1,0,"0","0",3907,FALSE
"SLC27A3",0,1,0,"0","0",3908,FALSE
"SLC27A5",0,2,0,"0","0",3909,FALSE
"SLC28A3",0,3,0,"0","0",3910,FALSE
"SLC2A7",0,1,0,"0","0",3911,FALSE
"SLC30A1",0,1,0,"0","0",3912,FALSE
"SLC30A10",0,2,0,"0","0",3913,FALSE
"SLC30A3",0,1,0,"0","0",3914,FALSE
"SLC31A1",0,1,0,"0","0",3915,FALSE
"SLC33A1",0,1,0,"0","0",3916,FALSE
"SLC34A3",0,1,0,"0","0",3917,FALSE
"SLC35A5",0,1,0,"0","0",3918,FALSE
"SLC35C2",0,1,0,"0","0",3919,FALSE
"SLC35G2",0,1,0,"0","0",3920,FALSE
"SLC36A3",0,1,0,"0","0",3921,FALSE
"SLC38A1",0,1,0,"0","0",3922,FALSE
"SLC39A10",0,1,0,"0","0",3923,FALSE
"SLC39A11",0,1,0,"0","0",3924,FALSE
"SLC39A2",0,1,0,"0","0",3925,FALSE
"SLC39A4",0,1,0,"0","0",3926,FALSE
"SLC3A1",3,3,0,"0","0",3927,FALSE
"SLC43A2",0,1,0,"0","0",3928,FALSE
"SLC44A1",0,1,0,"0","0",3929,FALSE
"SLC44A2",0,1,0,"0","0",3930,FALSE
"SLC44A3",0,1,0,"0","0",3931,FALSE
"SLC44A4",0,1,0,"0","0",3932,FALSE
"SLC45A1",0,1,0,"0","0",3933,FALSE
"SLC45A2",1,0,0,"0","0",3934,FALSE
"SLC45A4",0,1,0,"0","0",3935,FALSE
"SLC46A3",0,2,0,"0","0",3936,FALSE
"SLC4A10",0,2,0,"0","0",3937,FALSE
"SLC4A2",0,1,0,"0","0",3938,FALSE
"SLC4A3",0,5,0,"0","0",3939,FALSE
"SLC4A4",0,3,0,"0","0",3940,FALSE
"SLC4A8",0,1,0,"0","0",3941,FALSE
"SLC51B",0,1,0,"0","0",3942,FALSE
"SLC5A10",0,1,0,"0","0",3943,FALSE
"SLC5A5",0,2,0,"0","0",3944,FALSE
"SLC5A7",0,2,0,"0","0",3945,FALSE
"SLC5A8",0,3,0,"0","0",3946,FALSE
"SLC5A9",0,1,0,"0","0",3947,FALSE
"SLC6A11",0,1,0,"0","0",3948,FALSE
"SLC6A12",0,1,0,"0","0",3949,FALSE
"SLC6A13",0,1,0,"0","0",3950,FALSE
"SLC6A16",0,1,0,"0","0",3951,FALSE
"SLC6A18",0,1,0,"0","0",3952,FALSE
"SLC6A19",0,1,0,"0","0",3953,FALSE
"SLC6A2",0,3,0,"0","0",3954,FALSE
"SLC6A20",0,1,0,"0","0",3955,FALSE
"SLC6A3",0,1,0,"0","0",3956,FALSE
"SLC6A5",0,1,0,"0","0",3957,FALSE
"SLC7A11",0,1,0,"0","0",3958,FALSE
"SLC7A2",0,1,0,"0","0",3959,FALSE
"SLC7A3",0,2,0,"0","0",3960,FALSE
"SLC7A4",0,1,0,"0","0",3961,FALSE
"SLC7A6",0,1,0,"0","0",3962,FALSE
"SLC7A7",0,1,0,"0","0",3963,FALSE
"SLC8A1",0,2,0,"0","0",3964,FALSE
"SLC8A2",0,2,0,"0","0",3965,FALSE
"SLC8A3",0,1,0,"0","0",3966,FALSE
"SLC9A1",0,1,0,"0","0",3967,FALSE
"SLC9A2",0,1,0,"0","0",3968,FALSE
"SLC9B2",0,1,0,"0","0",3969,FALSE
"SLCO1A2",0,1,0,"0","0",3970,FALSE
"SLCO1B1",0,2,0,"0","0",3971,FALSE
"SLCO1C1",0,2,0,"0","0",3972,FALSE
"SLCO3A1",0,1,0,"0","0",3973,FALSE
"SLCO4C1",0,1,0,"0","0",3974,FALSE
"SLCO5A1",0,2,0,"0","0",3975,FALSE
"SLCO6A1",0,2,0,"0","0",3976,FALSE
"SLFN11",0,1,0,"0","0",3977,FALSE
"SLFN14",0,1,0,"0","0",3978,FALSE
"SLFN5",0,1,0,"0","0",3979,FALSE
"SLIT1",0,1,0,"0","0",3980,FALSE
"SLIT2",0,1,0,"0","0",3981,FALSE
"SLIT3",0,2,0,"0","0",3982,FALSE
"SLITRK2",0,1,0,"0","0",3983,FALSE
"SLITRK3",0,2,0,"0","0",3984,FALSE
"SLITRK4",0,3,0,"0","0",3985,FALSE
"SLITRK5",0,1,0,"0","0",3986,FALSE
"SLITRK6",0,3,0,"0","0",3987,FALSE
"SLK",0,1,0,"0","0",3988,FALSE
"SLN",0,1,0,"0","0",3989,FALSE
"SLPI",0,2,0,"0","0",3990,FALSE
"SLTM",0,1,0,"0","0",3991,FALSE
"SLX4",0,1,0,"0","0",3992,FALSE
"SMAD2",0,1,0,"0","0",3993,FALSE
"SMAD3",0,1,0,"0","0",3994,FALSE
"SMAD7",0,1,0,"0","0",3995,FALSE
"SMARCA4",0,2,0,"0","0",3996,FALSE
"SMARCA5",0,1,0,"0","0",3997,FALSE
"SMARCAL1",0,1,0,"0","0",3998,FALSE
"SMARCB1",0,1,0,"0","0",3999,FALSE
"SMC1A",0,1,0,"0","0",4000,FALSE
"SMC5",0,1,0,"0","0",4001,FALSE
"SMCO3",0,1,0,"0","0",4002,FALSE
"SMG7",0,1,0,"0","0",4003,FALSE
"SMG8",0,1,0,"0","0",4004,FALSE
"SMG9",0,1,0,"0","0",4005,FALSE
"SMIM14",0,1,0,"0","0",4006,FALSE
"SMIM2",0,1,0,"0","0",4007,FALSE
"SMO",0,1,0,"0","0",4008,FALSE
"SMOC1",0,2,0,"0","0",4009,FALSE
"SMPD1",1,0,0,"0","0",4010,FALSE
"SMPD3",0,1,0,"0","0",4011,FALSE
"SMPDL3A",0,1,0,"0","0",4012,FALSE
"SMR3A",0,1,0,"0","0",4013,FALSE
"SMURF1",0,2,0,"0","0",4014,FALSE
"SMURF2",0,2,0,"0","0",4015,FALSE
"SMYD1",0,2,0,"0","0",4016,FALSE
"SMYD2",0,1,0,"0","0",4017,FALSE
"SMYD4",0,1,0,"0","0",4018,FALSE
"SNAI3",0,1,0,"0","0",4019,FALSE
"SNAP25",0,2,0,"0","0",4020,FALSE
"SNCG",0,1,0,"0","0",4021,FALSE
"SND1",0,1,0,"0","0",4022,FALSE
"SNPH",0,1,0,"0","0",4023,FALSE
"SNRNP200",0,5,0,"0","0",4024,FALSE
"SNRNP70",0,1,0,"0","0",4025,FALSE
"SNRPB2",0,1,0,"0","0",4026,FALSE
"SNRPN",0,1,0,"0","0",4027,FALSE
"SNTB1",0,1,0,"0","0",4028,FALSE
"SNTG1",0,2,0,"0","0",4029,FALSE
"SNX13",0,2,0,"0","0",4030,FALSE
"SOBP",0,2,0,"0","0",4031,FALSE
"SOCS7",0,1,0,"0","0",4032,FALSE
"SOGA1",0,1,0,"0","0",4033,FALSE
"SOGA3",0,3,0,"0","0",4034,FALSE
"SOHLH1",0,1,0,"0","0",4035,FALSE
"SON",0,1,0,"0","0",4036,FALSE
"SORBS1",0,2,0,"0","0",4037,FALSE
"SORCS1",0,2,0,"0","0",4038,FALSE
"SORCS3",0,1,0,"0","0",4039,FALSE
"SORL1",0,2,0,"0","0",4040,FALSE
"SORT1",0,1,0,"0","0",4041,FALSE
"SOS2",0,2,0,"0","0",4042,FALSE
"SOSTDC1",0,1,0,"0","0",4043,FALSE
"SOX17",0,2,0,"0","0",4044,FALSE
"SOX2",0,1,0,"0","0",4045,FALSE
"SOX5",0,2,0,"0","0",4046,FALSE
"SOX6",0,1,0,"0","0",4047,FALSE
"SOX9",0,2,0,"0","0",4048,FALSE
"SP1",0,1,0,"0","0",4049,FALSE
"SP110",0,1,0,"0","0",4050,FALSE
"SP3",0,1,0,"0","0",4051,FALSE
"SP4",0,2,0,"0","0",4052,FALSE
"SPAG1",0,1,0,"0","0",4053,FALSE
"SPAG17",0,4,0,"0","0",4054,FALSE
"SPAG9",0,1,0,"0","0",4055,FALSE
"SPAM1",0,1,0,"0","0",4056,FALSE
"SPATA18",0,2,0,"0","0",4057,FALSE
"SPATA20",0,1,0,"0","0",4058,FALSE
"SPATA21",0,1,0,"0","0",4059,FALSE
"SPATA31E1",0,1,0,"0","0",4060,FALSE
"SPATA5",1,0,0,"0","0",4061,FALSE
"SPATA7",0,1,0,"0","0",4062,FALSE
"SPATS2L",0,1,0,"0","0",4063,FALSE
"SPECC1",0,1,0,"0","0",4064,FALSE
"SPEN",0,3,0,"0","0",4065,FALSE
"SPERT",0,4,0,"0","0",4066,FALSE
"SPG21",0,1,0,"0","0",4067,FALSE
"SPG7",1,0,0,"0","0",4068,FALSE
"SPHKAP",0,2,0,"0","0",4069,FALSE
"SPIDR",0,1,0,"0","0",4070,FALSE
"SPINK5",0,2,0,"0","0",4071,FALSE
"SPINT3",0,1,0,"0","0",4072,FALSE
"SPO11",0,1,0,"0","0",4073,FALSE
"SPOCD1",0,1,0,"0","0",4074,FALSE
"SPPL2C",0,1,0,"0","0",4075,FALSE
"SPRED2",0,1,0,"0","0",4076,FALSE
"SPRR4",0,1,0,"0","0",4077,FALSE
"SPTA1",0,6,0,"0","0",4078,FALSE
"SPTAN1",0,1,0,"0","0",4079,FALSE
"SPTB",0,2,0,"0","0",4080,FALSE
"SPTBN1",0,2,0,"0","0",4081,FALSE
"SPTBN2",0,1,0,"0","0",4082,FALSE
"SPTBN4",0,1,0,"0","0",4083,FALSE
"SPTBN5",0,3,0,"0","0",4084,FALSE
"SPTLC2",0,1,0,"0","0",4085,FALSE
"SPTLC3",0,1,0,"0","0",4086,FALSE
"SPZ1",0,1,0,"0","0",4087,FALSE
"SQSTM1",0,1,0,"0","0",4088,FALSE
"SRC",0,1,0,"0","0",4089,FALSE
"SRCAP",0,1,0,"0","0",4090,FALSE
"SRCIN1",0,2,0,"0","0",4091,FALSE
"SRD5A3",0,1,0,"0","0",4092,FALSE
"SRF",0,1,0,"0","0",4093,FALSE
"SRGAP1",0,1,0,"0","0",4094,FALSE
"SRP54",0,1,0,"0","0",4095,FALSE
"SRPR",0,1,0,"0","0",4096,FALSE
"SRPX2",0,1,0,"0","0",4097,FALSE
"SRRM4",0,2,0,"0","0",4098,FALSE
"SS18L1",0,1,0,"0","0",4099,FALSE
"SSBP2",0,1,0,"0","0",4100,FALSE
"SSFA2",0,1,0,"0","0",4101,FALSE
"SSH1",0,1,0,"0","0",4102,FALSE
"SSH2",0,1,0,"0","0",4103,FALSE
"SSMEM1",0,2,0,"0","0",4104,FALSE
"SSPN",0,1,0,"0","0",4105,FALSE
"SSTR2",0,1,0,"0","0",4106,FALSE
"SSTR4",0,2,0,"0","0",4107,FALSE
"ST18",0,2,0,"0","0",4108,FALSE
"ST6GALNAC1",0,1,0,"0","0",4109,FALSE
"ST8SIA1",0,1,0,"0","0",4110,FALSE
"ST8SIA2",0,1,0,"0","0",4111,FALSE
"ST8SIA3",0,1,0,"0","0",4112,FALSE
"ST8SIA6",0,1,0,"0","0",4113,FALSE
"STAB1",0,1,0,"0","0",4114,FALSE
"STAG1",0,1,0,"0","0",4115,FALSE
"STAG2",0,1,0,"0","0",4116,FALSE
"STAR",1,0,0,"0","0",4117,FALSE
"STARD10",0,1,0,"0","0",4118,FALSE
"STARD13",0,2,0,"0","0",4119,FALSE
"STARD7",0,1,0,"0","0",4120,FALSE
"STARD8",0,1,0,"0","0",4121,FALSE
"STARD9",0,2,0,"0","0",4122,FALSE
"STAT1",0,2,0,"0","0",4123,FALSE
"STAT2",0,1,0,"0","0",4124,FALSE
"STAU1",0,1,0,"0","0",4125,FALSE
"STC2",0,1,0,"0","0",4126,FALSE
"STEAP2",0,1,0,"0","0",4127,FALSE
"STEAP4",0,1,0,"0","0",4128,FALSE
"STIL",0,1,0,"0","0",4129,FALSE
"STIP1",0,2,0,"0","0",4130,FALSE
"STK10",0,2,0,"0","0",4131,FALSE
"STK16",0,1,0,"0","0",4132,FALSE
"STK31",0,1,0,"0","0",4133,FALSE
"STK32A",0,1,0,"0","0",4134,FALSE
"STK38L",0,1,0,"0","0",4135,FALSE
"STMN4",0,1,0,"0","0",4136,FALSE
"STMND1",0,1,0,"0","0",4137,FALSE
"STOML1",0,1,0,"0","0",4138,FALSE
"STOML3",0,1,0,"0","0",4139,FALSE
"STRADB",0,1,0,"0","0",4140,FALSE
"STRBP",0,1,0,"0","0",4141,FALSE
"STRC",1,0,0,"0","0",4142,FALSE
"STRN",0,2,0,"0","0",4143,FALSE
"STRN3",0,1,0,"0","0",4144,FALSE
"STRN4",0,1,0,"0","0",4145,FALSE
"STX16-NPEPL1",0,1,0,"0","0",4146,FALSE
"STX17",0,1,0,"0","0",4147,FALSE
"STX1A",0,1,0,"0","0",4148,FALSE
"STXBP1",0,1,0,"0","0",4149,FALSE
"STXBP2",0,2,0,"0","0",4150,FALSE
"STXBP5",0,1,0,"0","0",4151,FALSE
"STXBP6",0,1,0,"0","0",4152,FALSE
"STYK1",0,1,0,"0","0",4153,FALSE
"SUCNR1",0,1,0,"0","0",4154,FALSE
"SUGP1",0,1,0,"0","0",4155,FALSE
"SULF1",0,2,0,"0","0",4156,FALSE
"SULT1C2",0,1,0,"0","0",4157,FALSE
"SULT1C3",0,2,0,"0","0",4158,FALSE
"SULT1E1",0,1,0,"0","0",4159,FALSE
"SULT4A1",0,1,0,"0","0",4160,FALSE
"SUMF1",0,1,0,"0","0",4161,FALSE
"SURF4",0,1,0,"0","0",4162,FALSE
"SVEP1",0,5,0,"0","0",4163,FALSE
"SVOPL",0,1,0,"0","0",4164,FALSE
"SWAP70",0,1,0,"0","0",4165,FALSE
"SWSAP1",0,1,0,"0","0",4166,FALSE
"SYCP2L",0,2,0,"0","0",4167,FALSE
"SYDE2",0,1,0,"0","0",4168,FALSE
"SYNE1",0,1,0,"0","0",4169,FALSE
"SYNE2",0,1,0,"0","0",4170,FALSE
"SYNE3",0,1,0,"0","0",4171,FALSE
"SYNGAP1",0,1,0,"0","0",4172,FALSE
"SYNPO2",0,2,0,"0","0",4173,FALSE
"SYNPR",0,1,0,"0","0",4174,FALSE
"SYP",0,1,0,"0","0",4175,FALSE
"SYPL2",0,3,0,"0","0",4176,FALSE
"SYS1",0,1,0,"0","0",4177,FALSE
"SYT10",0,1,0,"0","0",4178,FALSE
"SYT12",0,2,0,"0","0",4179,FALSE
"SYT14",0,3,0,"0","0",4180,FALSE
"SYT17",0,1,0,"0","0",4181,FALSE
"SYT3",0,1,0,"0","0",4182,FALSE
"SYT4",0,1,0,"0","0",4183,FALSE
"SYT9",0,2,0,"0","0",4184,FALSE
"SYTL2",0,2,0,"0","0",4185,FALSE
"SYTL4",0,1,0,"0","0",4186,FALSE
"SZRD1",0,1,0,"0","0",4187,FALSE
"SZT2",0,1,0,"0","0",4188,FALSE
"TAAR2",0,1,0,"0","0",4189,FALSE
"TAC1",0,1,0,"0","0",4190,FALSE
"TACC1",0,1,0,"0","0",4191,FALSE
"TACC2",0,3,0,"0","0",4192,FALSE
"TAF1",0,1,0,"0","0",4193,FALSE
"TAF1B",0,1,0,"0","0",4194,FALSE
"TAF1L",0,1,0,"0","0",4195,FALSE
"TAF2",0,1,0,"0","0",4196,FALSE
"TAF6L",0,1,0,"0","0",4197,FALSE
"TAGAP",0,1,0,"0","0",4198,FALSE
"TANC2",0,1,0,"0","0",4199,FALSE
"TAOK3",0,1,0,"0","0",4200,FALSE
"TAP2",0,1,0,"0","0",4201,FALSE
"TARSL2",0,1,0,"0","0",4202,FALSE
"TAS1R1",0,1,0,"0","0",4203,FALSE
"TAS1R2",0,1,0,"0","0",4204,FALSE
"TAS2R40",0,1,0,"0","0",4205,FALSE
"TAS2R9",0,1,0,"0","0",4206,FALSE
"TAT",0,4,0,"0","0",4207,FALSE
"TATDN3",0,1,0,"0","0",4208,FALSE
"TBC1D1",0,1,0,"0","0",4209,FALSE
"TBC1D14",0,1,0,"0","0",4210,FALSE
"TBC1D21",0,1,0,"0","0",4211,FALSE
"TBC1D25",0,1,0,"0","0",4212,FALSE
"TBC1D7",0,1,0,"0","0",4213,FALSE
"TBCEL",0,1,0,"0","0",4214,FALSE
"TBKBP1",0,1,0,"0","0",4215,FALSE
"TBL1Y",0,1,0,"0","0",4216,FALSE
"TBL2",0,1,0,"0","0",4217,FALSE
"TBX1",0,2,0,"0","0",4218,FALSE
"TBX10",0,1,0,"0","0",4219,FALSE
"TBX18",0,2,0,"0","0",4220,FALSE
"TBX2",0,1,0,"0","0",4221,FALSE
"TBX22",0,1,0,"0","0",4222,FALSE
"TBX5",0,2,0,"0","0",4223,FALSE
"TBXAS1",0,1,0,"0","0",4224,FALSE
"TCEB3",0,1,0,"0","0",4225,FALSE
"TCEB3B",0,1,0,"0","0",4226,FALSE
"TCERG1",0,1,0,"0","0",4227,FALSE
"TCERG1L",0,1,0,"0","0",4228,FALSE
"TCF12",0,2,0,"0","0",4229,FALSE
"TCF20",0,1,0,"0","0",4230,FALSE
"TCF4",0,3,0,"0","0",4231,FALSE
"TCF7L1",0,1,0,"0","0",4232,FALSE
"TCHH",0,1,0,"0","0",4233,FALSE
"TCHHL1",0,2,0,"0","0",4234,FALSE
"TCL1A",0,1,0,"0","0",4235,FALSE
"TCOF1",0,1,0,"0","0",4236,FALSE
"TCP11L2",0,1,0,"0","0",4237,FALSE
"TCTE1",0,1,0,"0","0",4238,FALSE
"TCTN2",0,1,0,"0","0",4239,FALSE
"TDGF1",0,1,0,"0","0",4240,FALSE
"TDRD1",0,1,0,"0","0",4241,FALSE
"TDRD15",0,7,0,"0","0",4242,FALSE
"TDRD6",0,3,0,"0","0",4243,FALSE
"TDRD9",0,1,0,"0","0",4244,FALSE
"TEAD4",0,1,0,"0","0",4245,FALSE
"TEC",0,2,0,"0","0",4246,FALSE
"TECPR1",0,1,0,"0","0",4247,FALSE
"TECRL",0,1,0,"0","0",4248,FALSE
"TECTA",0,2,0,"0","0",4249,FALSE
"TECTB",0,1,0,"0","0",4250,FALSE
"TEK",0,1,0,"0","0",4251,FALSE
"TENM1",0,3,0,"0","0",4252,FALSE
"TENM2",0,1,0,"0","0",4253,FALSE
"TENM3",0,1,0,"0","0",4254,FALSE
"TENM4",0,2,0,"0","0",4255,FALSE
"TEP1",0,1,0,"0","0",4256,FALSE
"TERT",0,3,0,"0","0",4257,FALSE
"TESC",0,2,0,"0","0",4258,FALSE
"TESK2",0,1,0,"0","0",4259,FALSE
"TESPA1",0,1,0,"0","0",4260,FALSE
"TET1",0,2,0,"0","0",4261,FALSE
"TET2",0,4,0,"0","0",4262,FALSE
"TEX11",0,1,0,"0","0",4263,FALSE
"TEX15",0,1,0,"0","0",4264,FALSE
"TEX19",0,1,0,"0","0",4265,FALSE
"TEX26",0,1,0,"0","0",4266,FALSE
"TEX29",0,1,0,"0","0",4267,FALSE
"TEX37",0,1,0,"0","0",4268,FALSE
"TFAP2A",0,1,0,"0","0",4269,FALSE
"TFAP2C",0,2,0,"0","0",4270,FALSE
"TFAP2D",0,1,0,"0","0",4271,FALSE
"TFDP3",0,1,0,"0","0",4272,FALSE
"TFE3",0,1,0,"0","0",4273,FALSE
"TFEC",0,1,0,"0","0",4274,FALSE
"TFR2",0,1,0,"0","0",4275,FALSE
"TFRC",0,2,0,"0","0",4276,FALSE
"TG",0,4,0,"0","0",4277,FALSE
"TGFBR3",0,1,0,"0","0",4278,FALSE
"TGM1",1,0,0,"0","0",4279,FALSE
"TGM3",0,1,0,"0","0",4280,FALSE
"TGM4",0,1,0,"0","0",4281,FALSE
"TGM5",0,3,0,"0","0",4282,FALSE
"TGM6",0,1,0,"0","0",4283,FALSE
"TGM7",0,1,0,"0","0",4284,FALSE
"TGS1",0,1,0,"0","0",4285,FALSE
"TH",1,2,0,"0","0",4286,FALSE
"THADA",0,1,0,"0","0",4287,FALSE
"THBS1",0,2,0,"0","0",4288,FALSE
"THBS3",0,1,0,"0","0",4289,FALSE
"THBS4",0,1,0,"0","0",4290,FALSE
"THEG",0,1,0,"0","0",4291,FALSE
"THOC2",0,1,0,"0","0",4292,FALSE
"THOC6",2,0,0,"0","0",4293,FALSE
"THOC7",0,1,0,"0","0",4294,FALSE
"THOP1",0,1,0,"0","0",4295,FALSE
"THRAP3",0,1,0,"0","0",4296,FALSE
"THSD7A",0,2,0,"0","0",4297,FALSE
"THSD7B",0,6,0,"0","0",4298,FALSE
"THUMPD2",0,2,0,"0","0",4299,FALSE
"THYN1",0,1,0,"0","0",4300,FALSE
"TIAM1",0,5,0,"0","0",4301,FALSE
"TICAM1",0,2,0,"0","0",4302,FALSE
"TICRR",0,1,0,"0","0",4303,FALSE
"TIE1",0,2,0,"0","0",4304,FALSE
"TIGD4",0,1,0,"0","0",4305,FALSE
"TIMD4",0,1,0,"0","0",4306,FALSE
"TIMM50",0,1,0,"0","0",4307,FALSE
"TIMP2",0,1,0,"0","0",4308,FALSE
"TINAG",0,3,0,"0","0",4309,FALSE
"TIRAP",0,1,0,"0","0",4310,FALSE
"TJP1",0,1,0,"0","0",4311,FALSE
"TJP2",0,2,0,"0","0",4312,FALSE
"TKT",0,1,0,"0","0",4313,FALSE
"TLK1",0,1,0,"0","0",4314,FALSE
"TLL1",0,1,0,"0","0",4315,FALSE
"TLL2",0,1,0,"0","0",4316,FALSE
"TLN1",0,2,0,"0","0",4317,FALSE
"TLN2",0,3,0,"0","0",4318,FALSE
"TLR10",0,1,0,"0","0",4319,FALSE
"TLR2",0,1,0,"0","0",4320,FALSE
"TLR5",0,1,0,"0","0",4321,FALSE
"TLR6",0,1,0,"0","0",4322,FALSE
"TLR7",0,2,0,"0","0",4323,FALSE
"TLR8",0,1,0,"0","0",4324,FALSE
"TLR9",0,2,0,"0","0",4325,FALSE
"TLX3",0,1,0,"0","0",4326,FALSE
"TM7SF3",0,1,0,"0","0",4327,FALSE
"TM9SF1",0,1,0,"0","0",4328,FALSE
"TMC2",0,1,0,"0","0",4329,FALSE
"TMC3",0,1,0,"0","0",4330,FALSE
"TMC6",0,1,0,"0","0",4331,FALSE
"TMCC2",0,1,0,"0","0",4332,FALSE
"TMED9",0,1,0,"0","0",4333,FALSE
"TMEFF1",0,1,0,"0","0",4334,FALSE
"TMEM104",0,2,0,"0","0",4335,FALSE
"TMEM114",0,1,0,"0","0",4336,FALSE
"TMEM125",0,1,0,"0","0",4337,FALSE
"TMEM132B",0,2,0,"0","0",4338,FALSE
"TMEM132C",0,4,0,"0","0",4339,FALSE
"TMEM132D",0,4,0,"0","0",4340,FALSE
"TMEM132E",0,1,0,"0","0",4341,FALSE
"TMEM133",0,1,0,"0","0",4342,FALSE
"TMEM145",0,1,0,"0","0",4343,FALSE
"TMEM151A",0,1,0,"0","0",4344,FALSE
"TMEM161B",0,1,0,"0","0",4345,FALSE
"TMEM167B",0,1,0,"0","0",4346,FALSE
"TMEM17",0,1,0,"0","0",4347,FALSE
"TMEM175",0,1,0,"0","0",4348,FALSE
"TMEM179",0,1,0,"0","0",4349,FALSE
"TMEM198",0,2,0,"0","0",4350,FALSE
"TMEM2",0,1,0,"0","0",4351,FALSE
"TMEM200A",0,2,0,"0","0",4352,FALSE
"TMEM215",0,1,0,"0","0",4353,FALSE
"TMEM222",0,1,0,"0","0",4354,FALSE
"TMEM231",1,0,0,"0","0",4355,FALSE
"TMEM232",0,3,0,"0","0",4356,FALSE
"TMEM237",1,0,0,"0","0",4357,FALSE
"TMEM239",0,1,0,"0","0",4358,FALSE
"TMEM245",0,1,0,"0","0",4359,FALSE
"TMEM246",0,1,0,"0","0",4360,FALSE
"TMEM257",0,1,0,"0","0",4361,FALSE
"TMEM30A",0,1,0,"0","0",4362,FALSE
"TMEM47",0,1,0,"0","0",4363,FALSE
"TMEM55A",0,1,0,"0","0",4364,FALSE
"TMEM57",0,1,0,"0","0",4365,FALSE
"TMEM59",0,1,0,"0","0",4366,FALSE
"TMEM59L",0,3,0,"0","0",4367,FALSE
"TMEM63C",0,1,0,"0","0",4368,FALSE
"TMEM70",1,0,0,"0","0",4369,FALSE
"TMEM99",0,1,0,"0","0",4370,FALSE
"TMEM9B",0,1,0,"0","0",4371,FALSE
"TMPRSS11B",0,1,0,"0","0",4372,FALSE
"TMPRSS11E",0,1,0,"0","0",4373,FALSE
"TMPRSS13",0,1,0,"0","0",4374,FALSE
"TMPRSS15",0,3,0,"0","0",4375,FALSE
"TMPRSS2",0,2,0,"0","0",4376,FALSE
"TMPRSS3",3,1,0,"0","0",4377,FALSE
"TMPRSS4",0,1,0,"0","0",4378,FALSE
"TMPRSS5",0,1,0,"0","0",4379,FALSE
"TMPRSS6",0,2,0,"0","0",4380,FALSE
"TMPRSS7",0,2,0,"0","0",4381,FALSE
"TMTC2",0,1,0,"0","0",4382,FALSE
"TMX3",0,1,0,"0","0",4383,FALSE
"TMX4",0,1,0,"0","0",4384,FALSE
"TNC",0,2,0,"0","0",4385,FALSE
"TNFRSF11B",0,2,0,"0","0",4386,FALSE
"TNFRSF8",0,1,0,"0","0",4387,FALSE
"TNFSF13B",0,1,0,"0","0",4388,FALSE
"TNIP3",0,1,0,"0","0",4389,FALSE
"TNKS1BP1",0,1,0,"0","0",4390,FALSE
"TNNI3",0,1,0,"0","0",4391,FALSE
"TNR",0,3,0,"0","0",4392,FALSE
"TNRC18",0,2,0,"0","0",4393,FALSE
"TNRC6A",0,1,0,"0","0",4394,FALSE
"TNRC6B",0,2,0,"0","0",4395,FALSE
"TNRC6C",0,1,0,"0","0",4396,FALSE
"TNS1",0,1,0,"0","0",4397,FALSE
"TOB2",0,1,0,"0","0",4398,FALSE
"TOM1L1",0,1,0,"0","0",4399,FALSE
"TOP2B",0,1,0,"0","0",4400,FALSE
"TOP3A",1,1,0,"0","0",4401,FALSE
"TOP3B",0,2,0,"0","0",4402,FALSE
"TOPAZ1",0,1,0,"0","0",4403,FALSE
"TOR1B",0,1,0,"0","0",4404,FALSE
"TP53",2,17,0,"0","0",4405,TRUE
"TP53BP1",0,2,0,"0","0",4406,FALSE
"TP63",0,1,0,"0","0",4407,FALSE
"TP73",0,1,0,"0","0",4408,FALSE
"TPCN1",0,1,0,"0","0",4409,FALSE
"TPH1",0,1,0,"0","0",4410,FALSE
"TPH2",0,2,0,"0","0",4411,FALSE
"TPK1",0,1,0,"0","0",4412,FALSE
"TPM3",0,1,0,"0","0",4413,FALSE
"TPO",0,6,0,"0","0",4414,FALSE
"TPP1",1,0,0,"0","0",4415,FALSE
"TPR",0,1,0,"0","0",4416,FALSE
"TPST1",0,1,0,"0","0",4417,FALSE
"TRABD2A",0,1,0,"0","0",4418,FALSE
"TRAF3",0,1,0,"0","0",4419,FALSE
"TRAK1",0,2,0,"0","0",4420,FALSE
"TRANK1",0,2,0,"0","0",4421,FALSE
"TRAPPC11",2,1,0,"0","0",4422,FALSE
"TRAPPC12",0,1,0,"0","0",4423,FALSE
"TRAPPC8",0,1,0,"0","0",4424,FALSE
"TRAPPC9",0,2,0,"0","0",4425,FALSE
"TRERF1",0,1,0,"0","0",4426,FALSE
"TRHDE",0,2,0,"0","0",4427,FALSE
"TRIB2",0,1,0,"0","0",4428,FALSE
"TRIM10",0,1,0,"0","0",4429,FALSE
"TRIM15",0,1,0,"0","0",4430,FALSE
"TRIM17",0,1,0,"0","0",4431,FALSE
"TRIM21",0,1,0,"0","0",4432,FALSE
"TRIM24",0,2,0,"0","0",4433,FALSE
"TRIM32",0,1,0,"0","0",4434,FALSE
"TRIM54",0,1,0,"0","0",4435,FALSE
"TRIM66",0,1,0,"0","0",4436,FALSE
"TRIM68",0,1,0,"0","0",4437,FALSE
"TRIM71",0,2,0,"0","0",4438,FALSE
"TRIO",0,2,0,"0","0",4439,FALSE
"TRIOBP",0,2,0,"0","0",4440,FALSE
"TRIP4",0,2,0,"0","0",4441,FALSE
"TRMT1",0,1,0,"0","0",4442,FALSE
"TRMT11",0,1,0,"0","0",4443,FALSE
"TRPA1",0,1,0,"0","0",4444,FALSE
"TRPC1",0,2,0,"0","0",4445,FALSE
"TRPC4AP",0,1,0,"0","0",4446,FALSE
"TRPM1",0,3,0,"0","0",4447,FALSE
"TRPM2",0,2,0,"0","0",4448,FALSE
"TRPM3",0,3,0,"0","0",4449,FALSE
"TRPM4",0,2,0,"0","0",4450,FALSE
"TRPM6",0,2,0,"0","0",4451,FALSE
"TRPM8",0,1,0,"0","0",4452,FALSE
"TRPV4",0,1,0,"0","0",4453,FALSE
"TRPV5",0,1,0,"0","0",4454,FALSE
"TRPV6",0,1,0,"0","0",4455,FALSE
"TRRAP",0,3,0,"0","0",4456,FALSE
"TSC2",0,5,0,"0","0",4457,FALSE
"TSC22D1",0,1,0,"0","0",4458,FALSE
"TSC22D2",0,1,0,"0","0",4459,FALSE
"TSEN54",1,0,0,"0","0",4460,FALSE
"TSGA10",0,1,0,"0","0",4461,FALSE
"TSHR",1,1,0,"0","0",4462,FALSE
"TSKS",0,1,0,"0","0",4463,FALSE
"TSPAN15",0,1,0,"0","0",4464,FALSE
"TSPAN18",0,1,0,"0","0",4465,FALSE
"TSPAN32",0,2,0,"0","0",4466,FALSE
"TSPAN9",0,1,0,"0","0",4467,FALSE
"TSPYL6",0,1,0,"0","0",4468,FALSE
"TSSC4",0,1,0,"0","0",4469,FALSE
"TSSK1B",0,1,0,"0","0",4470,FALSE
"TSSK3",0,1,0,"0","0",4471,FALSE
"TTC13",0,1,0,"0","0",4472,FALSE
"TTC17",0,1,0,"0","0",4473,FALSE
"TTC21A",0,1,0,"0","0",4474,FALSE
"TTC22",0,1,0,"0","0",4475,FALSE
"TTC26",0,1,0,"0","0",4476,FALSE
"TTC3",0,1,0,"0","0",4477,FALSE
"TTC40",0,4,0,"0","0",4478,FALSE
"TTC5",0,2,0,"0","0",4479,FALSE
"TTC6",0,3,0,"0","0",4480,FALSE
"TTC7B",0,1,0,"0","0",4481,FALSE
"TTF1",0,1,0,"0","0",4482,FALSE
"TTF2",0,1,0,"0","0",4483,FALSE
"TTK",0,1,0,"0","0",4484,FALSE
"TTLL10",0,1,0,"0","0",4485,FALSE
"TTLL2",0,1,0,"0","0",4486,FALSE
"TTLL4",0,1,0,"0","0",4487,FALSE
"TTLL6",0,2,0,"0","0",4488,FALSE
"TTLL7",0,1,0,"0","0",4489,FALSE
"TTN",0,10,0,"0","0",4490,TRUE
"TTPA",1,0,0,"0","0",4491,FALSE
"TTR",2,0,0,"0","0",4492,FALSE
"TUBA8",0,1,0,"0","0",4493,FALSE
"TUBB4A",0,1,0,"0","0",4494,FALSE
"TUBE1",0,1,0,"0","0",4495,FALSE
"TUBGCP4",1,0,0,"0","0",4496,FALSE
"TUBGCP6",0,1,0,"0","0",4497,FALSE
"TUFM",0,1,0,"0","0",4498,FALSE
"TULP2",0,1,0,"0","0",4499,FALSE
"TXNDC15",0,1,0,"0","0",4500,FALSE
"TXNDC5",0,1,0,"0","0",4501,FALSE
"TYR",0,2,0,"0","0",4502,FALSE
"TYRO3",0,1,0,"0","0",4503,FALSE
"TYRP1",0,1,0,"0","0",4504,FALSE
"TYSND1",0,1,0,"0","0",4505,FALSE
"U2AF1",0,1,0,"0","0",4506,FALSE
"U2SURP",0,1,0,"0","0",4507,FALSE
"UBAP2L",0,1,0,"0","0",4508,FALSE
"UBASH3B",0,1,0,"0","0",4509,FALSE
"UBD",0,1,0,"0","0",4510,FALSE
"UBE2U",0,2,0,"0","0",4511,FALSE
"UBE3C",0,1,0,"0","0",4512,FALSE
"UBE4A",0,1,0,"0","0",4513,FALSE
"UBN2",0,1,0,"0","0",4514,FALSE
"UBQLN3",0,1,0,"0","0",4515,FALSE
"UBQLNL",0,1,0,"0","0",4516,FALSE
"UBR1",0,1,0,"0","0",4517,FALSE
"UBR4",0,2,0,"0","0",4518,FALSE
"UBR5",0,1,0,"0","0",4519,FALSE
"UBTF",0,1,0,"0","0",4520,FALSE
"UBXN1",0,1,0,"0","0",4521,FALSE
"UBXN10",0,1,0,"0","0",4522,FALSE
"UBXN7",0,1,0,"0","0",4523,FALSE
"UCP2",0,1,0,"0","0",4524,FALSE
"UFD1L",0,1,0,"0","0",4525,FALSE
"UFL1",0,1,0,"0","0",4526,FALSE
"UGGT1",0,1,0,"0","0",4527,FALSE
"UGT1A6",0,1,0,"0","0",4528,FALSE
"UGT1A7",0,1,0,"0","0",4529,FALSE
"UGT2A1",0,3,0,"0","0",4530,FALSE
"UGT3A1",0,3,0,"0","0",4531,FALSE
"UGT3A2",0,2,0,"0","0",4532,FALSE
"UGT8",0,2,0,"0","0",4533,FALSE
"UHRF1BP1",0,1,0,"0","0",4534,FALSE
"UHRF1BP1L",0,1,0,"0","0",4535,FALSE
"UIMC1",0,1,0,"0","0",4536,FALSE
"ULK1",0,1,0,"0","0",4537,FALSE
"UMOD",0,1,0,"0","0",4538,FALSE
"UNC119B",0,1,0,"0","0",4539,FALSE
"UNC13A",0,1,0,"0","0",4540,FALSE
"UNC13B",0,1,0,"0","0",4541,FALSE
"UNC13C",0,2,0,"0","0",4542,FALSE
"UNC13D",1,1,0,"0","0",4543,FALSE
"UNC45B",0,1,0,"0","0",4544,FALSE
"UNC5C",0,2,0,"0","0",4545,FALSE
"UNC5D",0,4,0,"0","0",4546,FALSE
"UNC79",0,2,0,"0","0",4547,FALSE
"UNC80",0,3,0,"0","0",4548,FALSE
"UNC93A",0,1,0,"0","0",4549,FALSE
"UPF1",0,1,0,"0","0",4550,FALSE
"UPP2",0,1,0,"0","0",4551,FALSE
"UQCRQ",0,1,0,"0","0",4552,FALSE
"URB2",0,1,0,"0","0",4553,FALSE
"USH1C",0,1,0,"0","0",4554,FALSE
"USH2A",3,8,0,"0","0",4555,TRUE
"USO1",0,1,0,"0","0",4556,FALSE
"USP15",0,2,0,"0","0",4557,FALSE
"USP19",0,1,0,"0","0",4558,FALSE
"USP2",0,2,0,"0","0",4559,FALSE
"USP21",0,1,0,"0","0",4560,FALSE
"USP24",0,1,0,"0","0",4561,FALSE
"USP25",0,1,0,"0","0",4562,FALSE
"USP29",0,1,0,"0","0",4563,FALSE
"USP43",0,1,0,"0","0",4564,FALSE
"USP45",0,1,0,"0","0",4565,FALSE
"USP47",0,1,0,"0","0",4566,FALSE
"USP54",0,1,0,"0","0",4567,FALSE
"USP6",0,2,0,"0","0",4568,FALSE
"USP9X",0,1,0,"0","0",4569,FALSE
"UTF1",0,1,0,"0","0",4570,FALSE
"UTP11L",0,1,0,"0","0",4571,FALSE
"UTP20",0,2,0,"0","0",4572,FALSE
"UTP6",0,1,0,"0","0",4573,FALSE
"UVRAG",0,1,0,"0","0",4574,FALSE
"VARS",0,2,0,"0","0",4575,FALSE
"VARS2",1,1,0,"0","0",4576,FALSE
"VAV1",0,1,0,"0","0",4577,FALSE
"VAX1",0,1,0,"0","0",4578,FALSE
"VCAM1",0,1,0,"0","0",4579,FALSE
"VCL",0,1,0,"0","0",4580,FALSE
"VGLL3",0,1,0,"0","0",4581,FALSE
"VIT",0,1,0,"0","0",4582,FALSE
"VLDLR",0,1,0,"0","0",4583,FALSE
"VNN1",0,1,0,"0","0",4584,FALSE
"VNN2",0,1,0,"0","0",4585,FALSE
"VPS13A",1,2,0,"0","0",4586,FALSE
"VPS13B",0,2,0,"0","0",4587,FALSE
"VPS13C",0,1,0,"0","0",4588,FALSE
"VPS13D",0,2,0,"0","0",4589,FALSE
"VPS35",0,1,0,"0","0",4590,FALSE
"VPS41",0,1,0,"0","0",4591,FALSE
"VPS8",0,1,0,"0","0",4592,FALSE
"VRTN",0,1,0,"0","0",4593,FALSE
"VSTM1",0,1,0,"0","0",4594,FALSE
"VTCN1",0,1,0,"0","0",4595,FALSE
"VTI1A",0,1,0,"0","0",4596,FALSE
"VTN",0,1,0,"0","0",4597,FALSE
"VWA3A",0,1,0,"0","0",4598,FALSE
"VWA3B",0,1,0,"0","0",4599,FALSE
"VWA5B1",0,3,0,"0","0",4600,FALSE
"VWA8",0,1,0,"0","0",4601,FALSE
"VWC2",0,1,0,"0","0",4602,FALSE
"VWCE",0,1,0,"0","0",4603,FALSE
"VWDE",0,2,0,"0","0",4604,FALSE
"VWF",3,1,0,"0","0",4605,FALSE
"WAC",0,3,0,"0","0",4606,FALSE
"WAPAL",0,2,0,"0","0",4607,FALSE
"WAS",0,1,0,"0","0",4608,FALSE
"WASF1",0,1,0,"0","0",4609,FALSE
"WDFY3",0,1,0,"0","0",4610,FALSE
"WDFY4",0,2,0,"0","0",4611,FALSE
"WDPCP",0,1,0,"0","0",4612,FALSE
"WDR11",0,1,0,"0","0",4613,FALSE
"WDR13",0,1,0,"0","0",4614,FALSE
"WDR17",0,2,0,"0","0",4615,FALSE
"WDR19",0,2,0,"0","0",4616,FALSE
"WDR20",0,1,0,"0","0",4617,FALSE
"WDR25",0,1,0,"0","0",4618,FALSE
"WDR27",0,2,0,"0","0",4619,FALSE
"WDR33",0,2,0,"0","0",4620,FALSE
"WDR36",0,1,0,"0","0",4621,FALSE
"WDR44",0,1,0,"0","0",4622,FALSE
"WDR45B",0,1,0,"0","0",4623,FALSE
"WDR63",0,1,0,"0","0",4624,FALSE
"WDR64",0,3,0,"0","0",4625,FALSE
"WDR65",0,3,0,"0","0",4626,FALSE
"WDR66",0,1,0,"0","0",4627,FALSE
"WDR7",0,1,0,"0","0",4628,FALSE
"WDR72",1,1,0,"0","0",4629,FALSE
"WDR81",0,1,0,"0","0",4630,FALSE
"WDR87",0,5,0,"0","0",4631,FALSE
"WDR96",0,2,0,"0","0",4632,FALSE
"WEE1",0,1,0,"0","0",4633,FALSE
"WFDC1",0,1,0,"0","0",4634,FALSE
"WFDC12",0,1,0,"0","0",4635,FALSE
"WFDC8",0,1,0,"0","0",4636,FALSE
"WFIKKN2",0,2,0,"0","0",4637,FALSE
"WFS1",2,1,0,"0","0",4638,FALSE
"WHSC1",0,3,0,"0","0",4639,FALSE
"WIF1",0,1,0,"0","0",4640,FALSE
"WIPF3",0,1,0,"0","0",4641,FALSE
"WISP2",0,1,0,"0","0",4642,FALSE
"WIZ",0,1,0,"0","0",4643,FALSE
"WNK2",0,3,0,"0","0",4644,FALSE
"WNK4",0,1,0,"0","0",4645,FALSE
"WNT10A",0,2,0,"0","0",4646,FALSE
"WNT3",0,1,0,"0","0",4647,FALSE
"WNT3A",0,1,0,"0","0",4648,FALSE
"WNT5A",0,1,0,"0","0",4649,FALSE
"WNT6",0,1,0,"0","0",4650,FALSE
"WNT7A",0,1,0,"0","0",4651,FALSE
"WRAP53",0,1,0,"0","0",4652,FALSE
"WSB1",0,1,0,"0","0",4653,FALSE
"WWC1",0,1,0,"0","0",4654,FALSE
"WWC3",0,1,0,"0","0",4655,FALSE
"XDH",0,3,0,"0","0",4656,FALSE
"XIRP1",0,5,0,"0","0",4657,FALSE
"XIRP2",0,2,0,"0","0",4658,FALSE
"XKR6",0,3,0,"0","0",4659,FALSE
"XPC",1,0,0,"0","0",4660,FALSE
"XPNPEP1",0,1,0,"0","0",4661,FALSE
"XPO1",0,1,0,"0","0",4662,FALSE
"XPO4",0,1,0,"0","0",4663,FALSE
"XPO5",0,1,0,"0","0",4664,FALSE
"XPO6",0,1,0,"0","0",4665,FALSE
"XRCC4",1,0,0,"0","0",4666,FALSE
"XRN1",0,1,0,"0","0",4667,FALSE
"XYLT1",0,1,0,"0","0",4668,FALSE
"YAE1D1",0,1,0,"0","0",4669,FALSE
"YARS",0,2,0,"0","0",4670,FALSE
"YIPF2",0,1,0,"0","0",4671,FALSE
"YIPF3",0,1,0,"0","0",4672,FALSE
"YLPM1",0,2,0,"0","0",4673,FALSE
"YME1L1",0,1,0,"0","0",4674,FALSE
"YOD1",0,1,0,"0","0",4675,FALSE
"YPEL3",0,1,0,"0","0",4676,FALSE
"ZAP70",0,1,0,"0","0",4677,FALSE
"ZBBX",0,2,0,"0","0",4678,FALSE
"ZBED2",0,1,0,"0","0",4679,FALSE
"ZBED4",0,1,0,"0","0",4680,FALSE
"ZBP1",0,1,0,"0","0",4681,FALSE
"ZBTB11",0,1,0,"0","0",4682,FALSE
"ZBTB18",0,1,0,"0","0",4683,FALSE
"ZBTB2",0,1,0,"0","0",4684,FALSE
"ZBTB20",0,1,0,"0","0",4685,FALSE
"ZBTB21",0,2,0,"0","0",4686,FALSE
"ZBTB26",0,1,0,"0","0",4687,FALSE
"ZBTB3",0,1,0,"0","0",4688,FALSE
"ZBTB33",0,1,0,"0","0",4689,FALSE
"ZBTB38",0,1,0,"0","0",4690,FALSE
"ZBTB40",0,1,0,"0","0",4691,FALSE
"ZBTB48",0,1,0,"0","0",4692,FALSE
"ZBTB5",0,1,0,"0","0",4693,FALSE
"ZBTB6",0,1,0,"0","0",4694,FALSE
"ZBTB8OS",0,1,0,"0","0",4695,FALSE
"ZC3H12C",0,1,0,"0","0",4696,FALSE
"ZC3H14",0,1,0,"0","0",4697,FALSE
"ZC3H18",0,1,0,"0","0",4698,FALSE
"ZC3H4",0,1,0,"0","0",4699,FALSE
"ZC3H6",0,1,0,"0","0",4700,FALSE
"ZCCHC11",0,1,0,"0","0",4701,FALSE
"ZCCHC14",0,1,0,"0","0",4702,FALSE
"ZCCHC2",0,1,0,"0","0",4703,FALSE
"ZCCHC5",0,1,0,"0","0",4704,FALSE
"ZCCHC7",0,1,0,"0","0",4705,FALSE
"ZDBF2",0,3,0,"0","0",4706,FALSE
"ZDHHC17",0,1,0,"0","0",4707,FALSE
"ZDHHC19",0,1,0,"0","0",4708,FALSE
"ZDHHC8",0,1,0,"0","0",4709,FALSE
"ZEB1",0,1,0,"0","0",4710,FALSE
"ZEB2",0,4,0,"0","0",4711,FALSE
"ZFAND2A",0,1,0,"0","0",4712,FALSE
"ZFAND2B",0,1,0,"0","0",4713,FALSE
"ZFAT",0,2,0,"0","0",4714,FALSE
"ZFC3H1",0,1,0,"0","0",4715,FALSE
"ZFHX2",0,1,0,"0","0",4716,FALSE
"ZFHX3",0,4,0,"0","0",4717,FALSE
"ZFHX4",0,6,0,"0","0",4718,FALSE
"ZFP2",0,1,0,"0","0",4719,FALSE
"ZFP36L2",0,3,0,"0","0",4720,FALSE
"ZFP57",0,1,0,"0","0",4721,FALSE
"ZFP69B",0,1,0,"0","0",4722,FALSE
"ZFP92",0,1,0,"0","0",4723,FALSE
"ZFPL1",0,2,0,"0","0",4724,FALSE
"ZFR2",0,1,0,"0","0",4725,FALSE
"ZFYVE19",0,1,0,"0","0",4726,FALSE
"ZFYVE21",0,1,0,"0","0",4727,FALSE
"ZFYVE26",0,2,0,"0","0",4728,FALSE
"ZFYVE27",0,1,0,"0","0",4729,FALSE
"ZFYVE28",0,2,0,"0","0",4730,FALSE
"ZFYVE9",0,1,0,"0","0",4731,FALSE
"ZIC3",0,1,0,"0","0",4732,FALSE
"ZIM2",0,1,0,"0","0",4733,FALSE
"ZIM3",0,1,0,"0","0",4734,FALSE
"ZKSCAN8",0,1,0,"0","0",4735,FALSE
"ZMIZ2",0,1,0,"0","0",4736,FALSE
"ZMYM1",0,1,0,"0","0",4737,FALSE
"ZNF106",0,1,0,"0","0",4738,FALSE
"ZNF14",0,1,0,"0","0",4739,FALSE
"ZNF142",0,1,0,"0","0",4740,FALSE
"ZNF148",0,1,0,"0","0",4741,FALSE
"ZNF154",0,1,0,"0","0",4742,FALSE
"ZNF165",0,1,0,"0","0",4743,FALSE
"ZNF185",0,2,0,"0","0",4744,FALSE
"ZNF195",0,1,0,"0","0",4745,FALSE
"ZNF197",0,1,0,"0","0",4746,FALSE
"ZNF214",0,1,0,"0","0",4747,FALSE
"ZNF215",0,1,0,"0","0",4748,FALSE
"ZNF221",0,1,0,"0","0",4749,FALSE
"ZNF224",0,1,0,"0","0",4750,FALSE
"ZNF226",0,2,0,"0","0",4751,FALSE
"ZNF229",0,2,0,"0","0",4752,FALSE
"ZNF230",0,1,0,"0","0",4753,FALSE
"ZNF259",0,1,0,"0","0",4754,FALSE
"ZNF267",0,1,0,"0","0",4755,FALSE
"ZNF28",0,1,0,"0","0",4756,FALSE
"ZNF280A",0,1,0,"0","0",4757,FALSE
"ZNF317",0,1,0,"0","0",4758,FALSE
"ZNF318",0,1,0,"0","0",4759,FALSE
"ZNF324",0,2,0,"0","0",4760,FALSE
"ZNF324B",0,1,0,"0","0",4761,FALSE
"ZNF334",0,1,0,"0","0",4762,FALSE
"ZNF343",0,1,0,"0","0",4763,FALSE
"ZNF347",0,1,0,"0","0",4764,FALSE
"ZNF365",0,2,0,"0","0",4765,FALSE
"ZNF37A",0,1,0,"0","0",4766,FALSE
"ZNF385A",0,2,0,"0","0",4767,FALSE
"ZNF385B",0,1,0,"0","0",4768,FALSE
"ZNF404",0,2,0,"0","0",4769,FALSE
"ZNF44",0,1,0,"0","0",4770,FALSE
"ZNF441",0,1,0,"0","0",4771,FALSE
"ZNF469",0,1,0,"0","0",4772,FALSE
"ZNF48",0,1,0,"0","0",4773,FALSE
"ZNF484",0,1,0,"0","0",4774,FALSE
"ZNF485",0,1,0,"0","0",4775,FALSE
"ZNF496",0,1,0,"0","0",4776,FALSE
"ZNF501",0,1,0,"0","0",4777,FALSE
"ZNF513",0,2,0,"0","0",4778,FALSE
"ZNF518B",0,1,0,"0","0",4779,FALSE
"ZNF526",0,1,0,"0","0",4780,FALSE
"ZNF532",0,2,0,"0","0",4781,FALSE
"ZNF541",0,1,0,"0","0",4782,FALSE
"ZNF565",0,1,0,"0","0",4783,FALSE
"ZNF566",0,1,0,"0","0",4784,FALSE
"ZNF568",0,1,0,"0","0",4785,FALSE
"ZNF577",0,2,0,"0","0",4786,FALSE
"ZNF578",0,1,0,"0","0",4787,FALSE
"ZNF579",0,1,0,"0","0",4788,FALSE
"ZNF581",0,1,0,"0","0",4789,FALSE
"ZNF587B",0,1,0,"0","0",4790,FALSE
"ZNF597",0,1,0,"0","0",4791,FALSE
"ZNF606",0,1,0,"0","0",4792,FALSE
"ZNF608",0,1,0,"0","0",4793,FALSE
"ZNF609",0,2,0,"0","0",4794,FALSE
"ZNF618",0,1,0,"0","0",4795,FALSE
"ZNF622",0,1,0,"0","0",4796,FALSE
"ZNF638",0,1,0,"0","0",4797,FALSE
"ZNF641",0,1,0,"0","0",4798,FALSE
"ZNF672",0,1,0,"0","0",4799,FALSE
"ZNF697",0,1,0,"0","0",4800,FALSE
"ZNF707",0,1,0,"0","0",4801,FALSE
"ZNF708",0,1,0,"0","0",4802,FALSE
"ZNF71",0,1,0,"0","0",4803,FALSE
"ZNF711",0,1,0,"0","0",4804,FALSE
"ZNF714",0,1,0,"0","0",4805,FALSE
"ZNF736",0,1,0,"0","0",4806,FALSE
"ZNF747",0,1,0,"0","0",4807,FALSE
"ZNF75D",0,1,0,"0","0",4808,FALSE
"ZNF775",0,1,0,"0","0",4809,FALSE
"ZNF777",0,1,0,"0","0",4810,FALSE
"ZNF778",0,1,0,"0","0",4811,FALSE
"ZNF783",0,1,0,"0","0",4812,FALSE
"ZNF784",0,2,0,"0","0",4813,FALSE
"ZNF786",0,1,0,"0","0",4814,FALSE
"ZNF792",0,1,0,"0","0",4815,FALSE
"ZNF80",0,1,0,"0","0",4816,FALSE
"ZNF804A",0,1,0,"0","0",4817,FALSE
"ZNF804B",0,3,0,"0","0",4818,FALSE
"ZNF808",0,1,0,"0","0",4819,FALSE
"ZNF81",0,1,0,"0","0",4820,FALSE
"ZNF812",0,1,0,"0","0",4821,FALSE
"ZNF831",0,1,0,"0","0",4822,FALSE
"ZNF835",0,1,0,"0","0",4823,FALSE
"ZNF843",0,1,0,"0","0",4824,FALSE
"ZNF862",0,1,0,"0","0",4825,FALSE
"ZNFX1",0,1,0,"0","0",4826,FALSE
"ZNHIT6",0,1,0,"0","0",4827,FALSE
"ZNRF1",0,1,0,"0","0",4828,FALSE
"ZNRF3",0,1,0,"0","0",4829,FALSE
"ZNRF4",0,1,0,"0","0",4830,FALSE
"ZP4",0,1,0,"0","0",4831,FALSE
"ZRANB2",0,1,0,"0","0",4832,FALSE
"ZSCAN10",0,1,0,"0","0",4833,FALSE
"ZSCAN23",0,1,0,"0","0",4834,FALSE
"ZSCAN25",0,1,0,"0","0",4835,FALSE
"ZSCAN4",0,1,0,"0","0",4836,FALSE
"ZSCAN5C",0,1,0,"0","0",4837,FALSE
"ZSWIM4",0,1,0,"0","0",4838,FALSE
"ZSWIM5",0,1,0,"0","0",4839,FALSE
"ZSWIM6",0,1,0,"0","0",4840,FALSE
"ZWILCH",0,1,0,"0","0",4841,FALSE
"ZWINT",0,1,0,"0","0",4842,FALSE
"ZYX",0,2,0,"0","0",4843,FALSE
"ZZEF1",0,2,0,"0","0",4844,FALSE
"ZZZ3",0,2,0,"0","0",4845,FALSE
