"Hugo_Symbol","germline_pv_carrier_count","somatic_nonsyn_carrier_count","germline_and_somatic_count","germline_and_somatic_count_chr","bicarrier_category"
"A4GNT",0,1,0,"0","0"
"AADACL2",0,1,0,"0","0"
"AADAT",0,2,0,"0","0"
"AARS2",1,0,0,"0","0"
"AASS",0,1,0,"0","0"
"AATK",0,1,0,"0","0"
"ABAT",0,1,0,"0","0"
"ABCA1",0,1,0,"0","0"
"ABCA10",0,1,0,"0","0"
"ABCA12",0,3,0,"0","0"
"ABCA13",0,6,0,"0","0"
"ABCA2",0,2,0,"0","0"
"ABCA3",0,1,0,"0","0"
"ABCA4",5,1,0,"0","0"
"ABCA5",0,1,0,"0","0"
"ABCA6",0,3,0,"0","0"
"ABCA7",1,2,0,"0","0"
"ABCA8",0,2,0,"0","0"
"ABCA9",0,1,0,"0","0"
"ABCB1",0,2,0,"0","0"
"ABCB11",1,3,0,"0","0"
"ABCB4",0,2,0,"0","0"
"ABCB5",0,3,0,"0","0"
"ABCB8",0,1,0,"0","0"
"ABCC1",0,1,0,"0","0"
"ABCC10",0,3,0,"0","0"
"ABCC11",0,1,0,"0","0"
"ABCC12",0,2,0,"0","0"
"ABCC3",0,1,0,"0","0"
"ABCC5",0,1,0,"0","0"
"ABCC6",2,2,0,"0","0"
"ABCC8",0,1,0,"0","0"
"ABCC9",0,2,0,"0","0"
"ABCD2",0,2,0,"0","0"
"ABCG2",0,1,0,"0","0"
"ABCG8",0,1,0,"0","0"
"ABHD12",0,1,0,"0","0"
"ABHD2",0,1,0,"0","0"
"ABHD8",0,1,0,"0","0"
"ABI1",0,2,0,"0","0"
"ABL1",0,1,0,"0","0"
"ABL2",0,1,0,"0","0"
"ABLIM2",0,1,0,"0","0"
"ABR",0,1,0,"0","0"
"ABTB1",0,1,0,"0","0"
"ABTB2",0,1,0,"0","0"
"AC007557.1",0,1,0,"0","0"
"AC008060.7",0,1,0,"0","0"
"AC016722.1",0,1,0,"0","0"
"AC023590.1",0,1,0,"0","0"
"AC025287.1",0,2,0,"0","0"
"AC104534.3",0,1,0,"0","0"
"AC138647.1",0,1,0,"0","0"
"AC145676.2",0,1,0,"0","0"
"ACACA",0,1,0,"0","0"
"ACAD10",0,1,0,"0","0"
"ACAD9",0,1,0,"0","0"
"ACADL",0,1,0,"0","0"
"ACADS",1,1,0,"0","0"
"ACADVL",1,2,0,"0","0"
"ACAN",0,4,0,"0","0"
"ACBD3",0,1,0,"0","0"
"ACE",0,3,0,"0","0"
"ACO1",0,1,0,"0","0"
"ACOT6",0,1,0,"0","0"
"ACOT7",0,1,0,"0","0"
"ACOX2",0,1,0,"0","0"
"ACOXL",0,1,0,"0","0"
"ACP5",0,1,0,"0","0"
"ACSBG1",0,1,0,"0","0"
"ACSBG2",0,2,0,"0","0"
"ACSF2",0,1,0,"0","0"
"ACSF3",1,0,0,"0","0"
"ACSL3",0,1,0,"0","0"
"ACSM1",0,1,0,"0","0"
"ACSM3",0,1,0,"0","0"
"ACSS2",0,1,0,"0","0"
"ACTA2",0,2,0,"0","0"
"ACTC1",0,1,0,"0","0"
"ACTL6B",0,2,0,"0","0"
"ACTL7A",0,1,0,"0","0"
"ACTL9",0,1,0,"0","0"
"ACTN2",0,4,0,"0","0"
"ACTR5",0,1,0,"0","0"
"ACTRT1",0,1,0,"0","0"
"ACTRT2",0,1,0,"0","0"
"ACVR1",0,2,0,"0","0"
"ACVR2B",0,2,0,"0","0"
"ADA",1,0,0,"0","0"
"ADAD2",0,1,0,"0","0"
"ADAM11",0,1,0,"0","0"
"ADAM12",0,2,0,"0","0"
"ADAM22",0,2,0,"0","0"
"ADAM23",0,1,0,"0","0"
"ADAM29",0,2,0,"0","0"
"ADAM30",0,2,0,"0","0"
"ADAM32",0,3,0,"0","0"
"ADAM7",0,3,0,"0","0"
"ADAMDEC1",0,1,0,"0","0"
"ADAMTS1",0,1,0,"0","0"
"ADAMTS10",0,2,0,"0","0"
"ADAMTS12",0,2,0,"0","0"
"ADAMTS13",0,2,0,"0","0"
"ADAMTS14",0,1,0,"0","0"
"ADAMTS17",0,2,0,"0","0"
"ADAMTS18",0,1,0,"0","0"
"ADAMTS19",0,1,0,"0","0"
"ADAMTS2",0,3,0,"0","0"
"ADAMTS20",0,2,0,"0","0"
"ADAMTS3",0,1,0,"0","0"
"ADAMTS4",0,1,0,"0","0"
"ADAMTS5",0,1,0,"0","0"
"ADAMTS8",0,1,0,"0","0"
"ADAMTSL2",0,1,0,"0","0"
"ADAMTSL3",0,2,0,"0","0"
"ADAMTSL5",0,1,0,"0","0"
"ADAR",0,1,0,"0","0"
"ADAT2",0,1,0,"0","0"
"ADCK3",0,1,0,"0","0"
"ADCY10",0,2,0,"0","0"
"ADCY2",0,2,0,"0","0"
"ADCY3",0,1,0,"0","0"
"ADCY4",0,1,0,"0","0"
"ADCY6",0,1,0,"0","0"
"ADCY8",0,1,0,"0","0"
"ADCY9",0,1,0,"0","0"
"ADD2",0,2,0,"0","0"
"ADGB",0,2,0,"0","0"
"ADGRV1",2,0,0,"0","0"
"ADH5",0,1,0,"0","0"
"ADH6",0,1,0,"0","0"
"ADNP2",0,1,0,"0","0"
"ADPGK",0,1,0,"0","0"
"ADPRM",0,1,0,"0","0"
"ADRA1B",0,1,0,"0","0"
"ADRBK1",0,1,0,"0","0"
"ADRBK2",0,2,0,"0","0"
"AEBP1",0,1,0,"0","0"
"AF165138.7",0,1,0,"0","0"
"AFAP1",0,1,0,"0","0"
"AFAP1L1",0,1,0,"0","0"
"AFAP1L2",0,1,0,"0","0"
"AFF2",0,1,0,"0","0"
"AFF3",0,2,0,"0","0"
"AFMID",0,1,0,"0","0"
"AFTPH",0,1,0,"0","0"
"AGBL1",0,4,0,"0","0"
"AGBL5",0,1,0,"0","0"
"AGFG2",0,1,0,"0","0"
"AGL",0,3,0,"0","0"
"AGPAT3",0,1,0,"0","0"
"AGPAT5",0,1,0,"0","0"
"AGRN",0,1,0,"0","0"
"AGT",0,1,0,"0","0"
"AGXT",1,0,0,"0","0"
"AHCYL2",0,1,0,"0","0"
"AHI1",0,1,0,"0","0"
"AHNAK2",0,1,0,"0","0"
"AHSP",0,1,0,"0","0"
"AIM1",0,2,0,"0","0"
"AIPL1",1,1,0,"0","0"
"AIRE",0,2,0,"0","0"
"AJAP1",0,2,0,"0","0"
"AK5",0,2,0,"0","0"
"AK9",0,3,0,"0","0"
"AKAP1",0,1,0,"0","0"
"AKAP11",0,1,0,"0","0"
"AKAP12",0,1,0,"0","0"
"AKAP13",0,2,0,"0","0"
"AKAP6",0,2,0,"0","0"
"AKAP8L",0,1,0,"0","0"
"AKAP9",0,1,0,"0","0"
"AKNA",0,1,0,"0","0"
"AKR1B1",0,1,0,"0","0"
"AKR1D1",0,1,0,"0","0"
"AL359195.1",0,1,0,"0","0"
"AL450307.1",0,1,0,"0","0"
"ALB",0,1,0,"0","0"
"ALCAM",0,1,0,"0","0"
"ALDH16A1",0,1,0,"0","0"
"ALDH18A1",0,1,0,"0","0"
"ALDH1A1",0,2,0,"0","0"
"ALDH1A2",0,1,0,"0","0"
"ALDH3A1",0,1,0,"0","0"
"ALDOA",0,1,0,"0","0"
"ALDOB",1,0,0,"0","0"
"ALG1",0,3,0,"0","0"
"ALG5",0,1,0,"0","0"
"ALG8",0,1,0,"0","0"
"ALK",0,4,0,"0","0"
"ALKBH1",0,1,0,"0","0"
"ALLC",0,1,0,"0","0"
"ALMS1",1,3,1,"1","1"
"ALOX15B",0,1,0,"0","0"
"ALPK1",0,4,0,"0","0"
"ALPK3",0,1,0,"0","0"
"ALPL",1,0,0,"0","0"
"ALS2CR11",0,1,0,"0","0"
"ALS2CR12",0,1,0,"0","0"
"ALX3",0,1,0,"0","0"
"AMBP",0,1,0,"0","0"
"AMBRA1",0,1,0,"0","0"
"AMER1",0,3,0,"0","0"
"AMER2",0,1,0,"0","0"
"AMFR",0,1,0,"0","0"
"AMICA1",0,1,0,"0","0"
"AMOTL2",0,1,0,"0","0"
"AMPD1",0,1,0,"0","0"
"AMPH",0,1,0,"0","0"
"ANAPC7",0,1,0,"0","0"
"ANGPT4",0,1,0,"0","0"
"ANGPTL1",0,1,0,"0","0"
"ANGPTL4",0,1,0,"0","0"
"ANK1",0,2,0,"0","0"
"ANK2",0,5,0,"0","0"
"ANK3",0,5,0,"0","0"
"ANKAR",0,1,0,"0","0"
"ANKEF1",0,1,0,"0","0"
"ANKFN1",0,2,0,"0","0"
"ANKFY1",0,1,0,"0","0"
"ANKHD1",0,1,0,"0","0"
"ANKLE2",0,1,0,"0","0"
"ANKRD11",0,1,0,"0","0"
"ANKRD17",0,1,0,"0","0"
"ANKRD23",0,1,0,"0","0"
"ANKRD24",0,3,0,"0","0"
"ANKRD30A",0,1,0,"0","0"
"ANKRD31",0,2,0,"0","0"
"ANKRD34B",0,2,0,"0","0"
"ANKRD34C",0,1,0,"0","0"
"ANKRD35",0,2,0,"0","0"
"ANKRD44",0,1,0,"0","0"
"ANKRD52",0,2,0,"0","0"
"ANKRD60",0,1,0,"0","0"
"ANKRD62",0,1,0,"0","0"
"ANKRD66",0,1,0,"0","0"
"ANKS1B",0,1,0,"0","0"
"ANKS6",0,1,0,"0","0"
"ANO1",0,1,0,"0","0"
"ANO5",2,0,0,"0","0"
"ANO6",0,1,0,"0","0"
"ANO9",0,1,0,"0","0"
"ANPEP",0,1,0,"0","0"
"ANTXRL",0,1,0,"0","0"
"ANXA1",0,1,0,"0","0"
"ANXA11",0,1,0,"0","0"
"ANXA3",0,1,0,"0","0"
"ANXA5",0,1,0,"0","0"
"ANXA6",0,1,0,"0","0"
"ANXA7",0,2,0,"0","0"
"AOX1",0,2,0,"0","0"
"AP000322.53",0,1,0,"0","0"
"AP000350.10",0,1,0,"0","0"
"AP000769.1",0,1,0,"0","0"
"AP3B2",0,1,0,"0","0"
"AP5Z1",1,0,0,"0","0"
"APAF1",0,1,0,"0","0"
"APBA1",0,1,0,"0","0"
"APBA2",0,2,0,"0","0"
"APBA3",0,1,0,"0","0"
"APBB2",0,1,0,"0","0"
"APC",1,1,0,"0","0"
"APC2",0,1,0,"0","0"
"APEX2",0,1,0,"0","0"
"APITD1-CORT",0,1,0,"0","0"
"APLNR",0,1,0,"0","0"
"APOB",0,4,0,"0","0"
"APOBEC3H",0,1,0,"0","0"
"APOBEC4",0,1,0,"0","0"
"APOL1",0,1,0,"0","0"
"APOL5",0,1,0,"0","0"
"AR",0,3,0,"0","0"
"ARAP2",0,3,0,"0","0"
"ARFGEF2",0,3,0,"0","0"
"ARHGAP15",0,1,0,"0","0"
"ARHGAP17",0,1,0,"0","0"
"ARHGAP20",0,3,0,"0","0"
"ARHGAP22",0,2,0,"0","0"
"ARHGAP23",0,1,0,"0","0"
"ARHGAP24",0,1,0,"0","0"
"ARHGAP26",0,1,0,"0","0"
"ARHGAP27",0,1,0,"0","0"
"ARHGAP28",0,1,0,"0","0"
"ARHGAP29",0,1,0,"0","0"
"ARHGAP30",0,2,0,"0","0"
"ARHGAP31",0,1,0,"0","0"
"ARHGAP35",0,2,0,"0","0"
"ARHGAP40",0,1,0,"0","0"
"ARHGAP6",0,1,0,"0","0"
"ARHGAP9",0,2,0,"0","0"
"ARHGDIA",0,1,0,"0","0"
"ARHGEF10L",0,1,0,"0","0"
"ARHGEF17",0,1,0,"0","0"
"ARHGEF19",0,1,0,"0","0"
"ARHGEF33",0,1,0,"0","0"
"ARHGEF4",0,1,0,"0","0"
"ARHGEF40",0,2,0,"0","0"
"ARID1A",0,4,0,"0","0"
"ARID1B",0,1,0,"0","0"
"ARID2",0,2,0,"0","0"
"ARID3A",0,1,0,"0","0"
"ARID3C",0,2,0,"0","0"
"ARID4B",0,1,0,"0","0"
"ARIH2",0,1,0,"0","0"
"ARL14EP",0,1,0,"0","0"
"ARL5A",0,1,0,"0","0"
"ARL6",0,1,0,"0","0"
"ARMC1",0,1,0,"0","0"
"ARMC2",0,1,0,"0","0"
"ARMC3",0,1,0,"0","0"
"ARMC5",0,2,0,"0","0"
"ARMC8",0,1,0,"0","0"
"ARMCX1",0,1,0,"0","0"
"ARNT2",0,2,0,"0","0"
"ARPC1B",0,1,0,"0","0"
"ARPP21",0,1,0,"0","0"
"ARRDC3",0,1,0,"0","0"
"ARSA",4,0,0,"0","0"
"ARSE",0,1,0,"0","0"
"ARSG",0,1,0,"0","0"
"ARSK",0,2,0,"0","0"
"ART3",0,1,0,"0","0"
"ARV1",0,1,0,"0","0"
"ASAP2",0,2,0,"0","0"
"ASAP3",0,1,0,"0","0"
"ASB15",0,1,0,"0","0"
"ASB4",0,1,0,"0","0"
"ASB5",0,1,0,"0","0"
"ASCC2",0,1,0,"0","0"
"ASCL4",0,1,0,"0","0"
"ASH1L",0,1,0,"0","0"
"ASIC5",0,1,0,"0","0"
"ASL",2,1,0,"0","0"
"ASMT",0,1,0,"0","0"
"ASPA",1,0,0,"0","0"
"ASPH",0,1,0,"0","0"
"ASPM",1,3,0,"0","0"
"ASPSCR1",0,1,0,"0","0"
"ASS1",2,0,0,"0","0"
"ASTN1",0,5,0,"0","0"
"ASTN2",0,1,0,"0","0"
"ASXL1",0,6,0,"0","0"
"ASXL3",0,5,0,"0","0"
"ATAD2B",0,1,0,"0","0"
"ATCAY",0,3,0,"0","0"
"ATF5",0,1,0,"0","0"
"ATF7IP",0,1,0,"0","0"
"ATG14",0,1,0,"0","0"
"ATG16L1",0,1,0,"0","0"
"ATG2A",0,1,0,"0","0"
"ATG2B",0,1,0,"0","0"
"ATG4B",0,1,0,"0","0"
"ATHL1",0,1,0,"0","0"
"ATM",1,3,0,"0","0"
"ATP10B",0,1,0,"0","0"
"ATP10D",0,1,0,"0","0"
"ATP11A",0,1,0,"0","0"
"ATP12A",0,1,0,"0","0"
"ATP13A1",0,1,0,"0","0"
"ATP13A4",0,1,0,"0","0"
"ATP1A2",0,1,0,"0","0"
"ATP1A3",0,1,0,"0","0"
"ATP1A4",0,3,0,"0","0"
"ATP1B2",0,1,0,"0","0"
"ATP1B4",0,1,0,"0","0"
"ATP2A3",0,1,0,"0","0"
"ATP2B2",0,1,0,"0","0"
"ATP2B3",0,1,0,"0","0"
"ATP2B4",0,1,0,"0","0"
"ATP5J2-PTCD1",0,2,0,"0","0"
"ATP6V0A4",1,0,0,"0","0"
"ATP6V0D2",0,1,0,"0","0"
"ATP6V1C2",0,1,0,"0","0"
"ATP6V1G3",0,1,0,"0","0"
"ATP7B",1,0,0,"0","0"
"ATP8A1",0,2,0,"0","0"
"ATP8A2",0,1,0,"0","0"
"ATP8B3",0,1,0,"0","0"
"ATP8B4",0,2,0,"0","0"
"ATP9A",0,1,0,"0","0"
"ATPAF2",0,1,0,"0","0"
"ATR",0,2,0,"0","0"
"ATRN",0,1,0,"0","0"
"ATRNL1",0,3,0,"0","0"
"ATRX",0,3,0,"0","0"
"ATXN1L",0,1,0,"0","0"
"ATXN2L",0,1,0,"0","0"
"ATXN7L1",0,2,0,"0","0"
"AUNIP",0,1,0,"0","0"
"AVL9",0,1,0,"0","0"
"AXDND1",0,1,0,"0","0"
"AXIN1",0,2,0,"0","0"
"AXL",0,3,0,"0","0"
"B3GALNT2",0,1,0,"0","0"
"B3GALT2",0,1,0,"0","0"
"B3GAT2",0,2,0,"0","0"
"B3GLCT",1,0,0,"0","0"
"B4GALNT3",0,1,0,"0","0"
"B4GALNT4",0,1,0,"0","0"
"B4GALT6",0,1,0,"0","0"
"BAAT",0,1,0,"0","0"
"BAI1",0,2,0,"0","0"
"BAI2",0,3,0,"0","0"
"BAI3",0,2,0,"0","0"
"BAIAP2",0,1,0,"0","0"
"BANK1",0,1,0,"0","0"
"BAP1",0,1,0,"0","0"
"BARD1",0,2,0,"0","0"
"BARHL2",0,1,0,"0","0"
"BASP1",0,2,0,"0","0"
"BAZ2B",0,1,0,"0","0"
"BBOX1",0,2,0,"0","0"
"BBS10",1,0,0,"0","0"
"BBS2",1,0,0,"0","0"
"BBS9",0,1,0,"0","0"
"BCAN",0,2,0,"0","0"
"BCAP29",0,1,0,"0","0"
"BCAS3",0,2,0,"0","0"
"BCAT2",0,1,0,"0","0"
"BCDIN3D",0,1,0,"0","0"
"BCKDHB",1,0,0,"0","0"
"BCKDK",0,1,0,"0","0"
"BCL11B",0,2,0,"0","0"
"BCL9",0,1,0,"0","0"
"BCMO1",0,2,0,"0","0"
"BCOR",0,2,0,"0","0"
"BCORL1",0,2,0,"0","0"
"BDH2",0,1,0,"0","0"
"BDKRB2",0,1,0,"0","0"
"BDP1",0,2,0,"0","0"
"BEGAIN",0,2,0,"0","0"
"BEST1",2,0,0,"0","0"
"BET1",0,1,0,"0","0"
"BFSP1",0,2,0,"0","0"
"BFSP2",0,1,0,"0","0"
"BHLHB9",0,1,0,"0","0"
"BHLHE23",0,1,0,"0","0"
"BICC1",0,2,0,"0","0"
"BICD1",0,1,0,"0","0"
"BID",0,1,0,"0","0"
"BIN1",0,2,0,"0","0"
"BIRC6",0,2,0,"0","0"
"BIRC8",0,1,0,"0","0"
"BIVM-ERCC5",0,1,0,"0","0"
"BLK",0,1,0,"0","0"
"BMP10",0,1,0,"0","0"
"BMP15",0,1,0,"0","0"
"BMP5",0,1,0,"0","0"
"BMP6",0,2,0,"0","0"
"BMP7",0,2,0,"0","0"
"BMPER",0,1,0,"0","0"
"BMPR1A",0,1,0,"0","0"
"BMPR2",0,1,0,"0","0"
"BNC1",0,3,0,"0","0"
"BNC2",0,2,0,"0","0"
"BNIP1",0,1,0,"0","0"
"BNIP3L",0,1,0,"0","0"
"BOD1L2",0,2,0,"0","0"
"BOK",0,1,0,"0","0"
"BPI",0,2,0,"0","0"
"BPIFB1",0,1,0,"0","0"
"BPIFB2",0,1,0,"0","0"
"BPIFB4",0,1,0,"0","0"
"BPIFC",0,1,0,"0","0"
"BPTF",0,1,0,"0","0"
"BRAF",0,5,0,"0","0"
"BRAT1",1,0,0,"0","0"
"BRCA1",3,0,0,"0","0"
"BRCA2",3,0,0,"0","0"
"BRF2",0,1,0,"0","0"
"BRICD5",0,1,0,"0","0"
"BRINP1",0,4,0,"0","0"
"BRINP2",0,3,0,"0","0"
"BRINP3",0,2,0,"0","0"
"BRIP1",0,1,0,"0","0"
"BRMS1L",0,1,0,"0","0"
"BRPF3",0,2,0,"0","0"
"BRSK1",0,1,0,"0","0"
"BSN",0,3,0,"0","0"
"BSPRY",0,1,0,"0","0"
"BST1",0,1,0,"0","0"
"BST2",0,1,0,"0","0"
"BSX",0,1,0,"0","0"
"BTAF1",0,1,0,"0","0"
"BTBD11",0,1,0,"0","0"
"BTBD18",0,1,0,"0","0"
"BTBD19",0,1,0,"0","0"
"BTC",0,1,0,"0","0"
"BTD",1,1,0,"0","0"
"BTK",0,1,0,"0","0"
"BTN2A1",0,1,0,"0","0"
"BTNL8",0,1,0,"0","0"
"BTNL9",0,1,0,"0","0"
"BUB1",0,1,0,"0","0"
"BUB1B",0,2,0,"0","0"
"BVES",0,1,0,"0","0"
"BZRAP1",0,2,0,"0","0"
"C10orf112",0,1,0,"0","0"
"C10orf137",0,1,0,"0","0"
"C10orf2",0,1,0,"0","0"
"C10orf71",0,1,0,"0","0"
"C10orf76",0,1,0,"0","0"
"C11orf30",0,2,0,"0","0"
"C11orf82",0,1,0,"0","0"
"C11orf96",0,1,0,"0","0"
"C12orf40",0,1,0,"0","0"
"C12orf42",0,1,0,"0","0"
"C12orf5",0,1,0,"0","0"
"C12orf52",0,1,0,"0","0"
"C12orf54",0,1,0,"0","0"
"C12orf55",0,4,0,"0","0"
"C12orf60",0,1,0,"0","0"
"C12orf75",0,2,0,"0","0"
"C14orf105",0,2,0,"0","0"
"C14orf166",0,1,0,"0","0"
"C14orf183",0,1,0,"0","0"
"C14orf23",0,1,0,"0","0"
"C14orf39",0,1,0,"0","0"
"C15orf27",0,1,0,"0","0"
"C15orf52",0,1,0,"0","0"
"C15orf53",0,1,0,"0","0"
"C15orf59",0,2,0,"0","0"
"C16orf54",0,1,0,"0","0"
"C16orf58",0,1,0,"0","0"
"C16orf72",0,1,0,"0","0"
"C16orf87",0,1,0,"0","0"
"C17orf104",0,1,0,"0","0"
"C17orf74",0,1,0,"0","0"
"C17orf85",0,1,0,"0","0"
"C17orf96",0,1,0,"0","0"
"C18orf25",0,1,0,"0","0"
"C18orf63",0,1,0,"0","0"
"C19orf12",0,1,0,"0","0"
"C19orf45",0,1,0,"0","0"
"C19orf57",0,1,0,"0","0"
"C19orf68",0,1,0,"0","0"
"C1QB",0,2,0,"0","0"
"C1QL4",0,1,0,"0","0"
"C1QTNF2",0,1,0,"0","0"
"C1orf101",0,1,0,"0","0"
"C1orf106",0,2,0,"0","0"
"C1orf110",0,1,0,"0","0"
"C1orf115",0,1,0,"0","0"
"C1orf127",0,1,0,"0","0"
"C1orf159",0,1,0,"0","0"
"C1orf168",0,1,0,"0","0"
"C1orf173",0,1,0,"0","0"
"C1orf21",0,1,0,"0","0"
"C1orf43",0,1,0,"0","0"
"C1orf50",0,1,0,"0","0"
"C1orf65",0,2,0,"0","0"
"C1orf68",0,1,0,"0","0"
"C1orf86",0,1,0,"0","0"
"C1orf87",0,1,0,"0","0"
"C1orf94",0,2,0,"0","0"
"C2",1,0,0,"0","0"
"C20orf112",0,1,0,"0","0"
"C20orf173",0,1,0,"0","0"
"C20orf194",0,1,0,"0","0"
"C20orf202",0,1,0,"0","0"
"C20orf26",0,1,0,"0","0"
"C22orf15",0,1,0,"0","0"
"C22orf31",0,1,0,"0","0"
"C22orf43",0,1,0,"0","0"
"C2CD2",0,1,0,"0","0"
"C2orf16",0,2,0,"0","0"
"C2orf44",0,1,0,"0","0"
"C2orf49",0,1,0,"0","0"
"C2orf53",0,1,0,"0","0"
"C2orf57",0,1,0,"0","0"
"C2orf62",0,1,0,"0","0"
"C2orf71",0,3,0,"0","0"
"C2orf78",0,1,0,"0","0"
"C3",0,4,0,"0","0"
"C3orf14",0,1,0,"0","0"
"C3orf18",0,1,0,"0","0"
"C4BPB",0,2,0,"0","0"
"C4orf48",0,1,0,"0","0"
"C5AR2",0,1,0,"0","0"
"C5orf47",0,1,0,"0","0"
"C6",1,2,0,"0","0"
"C6orf118",0,2,0,"0","0"
"C6orf132",0,1,0,"0","0"
"C6orf15",0,1,0,"0","0"
"C6orf58",0,1,0,"0","0"
"C7",0,1,0,"0","0"
"C7orf26",0,1,0,"0","0"
"C7orf31",0,2,0,"0","0"
"C7orf60",0,1,0,"0","0"
"C7orf61",0,1,0,"0","0"
"C7orf72",0,1,0,"0","0"
"C8A",0,1,0,"0","0"
"C8B",1,0,0,"0","0"
"C8G",0,1,0,"0","0"
"C8orf17",0,1,0,"0","0"
"C8orf34",0,1,0,"0","0"
"C8orf44",0,1,0,"0","0"
"C9",1,3,0,"0","0"
"C9orf135",0,1,0,"0","0"
"C9orf172",0,1,0,"0","0"
"C9orf41",0,1,0,"0","0"
"C9orf62",0,1,0,"0","0"
"C9orf64",0,1,0,"0","0"
"C9orf85",0,1,0,"0","0"
"C9orf9",0,1,0,"0","0"
"CA10",0,1,0,"0","0"
"CA14",0,1,0,"0","0"
"CAB39",0,1,0,"0","0"
"CABIN1",0,2,0,"0","0"
"CABLES2",0,1,0,"0","0"
"CABP2",1,0,0,"0","0"
"CACNA1B",0,1,0,"0","0"
"CACNA1C",0,1,0,"0","0"
"CACNA1D",0,4,0,"0","0"
"CACNA1E",0,3,0,"0","0"
"CACNA1F",0,1,0,"0","0"
"CACNA1G",0,2,0,"0","0"
"CACNA1H",0,2,0,"0","0"
"CACNA1I",0,3,0,"0","0"
"CACNA1S",0,3,0,"0","0"
"CACNA2D1",0,3,0,"0","0"
"CACNA2D2",0,1,0,"0","0"
"CACNA2D3",0,3,0,"0","0"
"CACNA2D4",0,1,0,"0","0"
"CACNB2",0,2,0,"0","0"
"CACNB4",0,2,0,"0","0"
"CACNG3",0,2,0,"0","0"
"CAD",0,1,0,"0","0"
"CADM1",0,1,0,"0","0"
"CADM2",0,1,0,"0","0"
"CADM3",0,1,0,"0","0"
"CADPS",0,2,0,"0","0"
"CADPS2",0,3,0,"0","0"
"CALB1",0,1,0,"0","0"
"CALB2",0,1,0,"0","0"
"CALML5",0,1,0,"0","0"
"CAMK1G",0,1,0,"0","0"
"CAMK4",0,3,0,"0","0"
"CAMKMT",0,1,0,"0","0"
"CAMSAP1",0,2,0,"0","0"
"CAMSAP2",0,1,0,"0","0"
"CAMSAP3",0,1,0,"0","0"
"CAP1",0,1,0,"0","0"
"CAPG",0,1,0,"0","0"
"CAPN13",0,2,0,"0","0"
"CAPN14",0,1,0,"0","0"
"CAPN3",1,0,0,"0","0"
"CAPN5",0,2,0,"0","0"
"CAPN8",0,2,0,"0","0"
"CAPN9",0,1,0,"0","0"
"CAPNS1",0,1,0,"0","0"
"CAPS2",0,1,0,"0","0"
"CAPZA3",0,1,0,"0","0"
"CARD10",0,1,0,"0","0"
"CARD11",0,1,0,"0","0"
"CARD14",0,1,0,"0","0"
"CARD17",0,1,0,"0","0"
"CARD6",0,1,0,"0","0"
"CARF",0,1,0,"0","0"
"CARS2",0,1,0,"0","0"
"CASK",0,1,0,"0","0"
"CASKIN1",0,1,0,"0","0"
"CASZ1",0,2,0,"0","0"
"CAT",0,1,0,"0","0"
"CATSPER1",0,2,0,"0","0"
"CATSPER3",0,1,0,"0","0"
"CATSPERD",0,1,0,"0","0"
"CBFA2T2",0,1,0,"0","0"
"CBR3",0,1,0,"0","0"
"CBS",1,0,0,"0","0"
"CBX4",0,2,0,"0","0"
"CCAR1",0,1,0,"0","0"
"CCBE1",0,2,0,"0","0"
"CCDC108",0,2,0,"0","0"
"CCDC109B",0,1,0,"0","0"
"CCDC110",0,1,0,"0","0"
"CCDC129",0,1,0,"0","0"
"CCDC135",0,2,0,"0","0"
"CCDC138",0,1,0,"0","0"
"CCDC147",0,1,0,"0","0"
"CCDC148",0,1,0,"0","0"
"CCDC152",0,1,0,"0","0"
"CCDC158",0,4,0,"0","0"
"CCDC160",0,1,0,"0","0"
"CCDC168",0,2,0,"0","0"
"CCDC17",0,1,0,"0","0"
"CCDC170",0,2,0,"0","0"
"CCDC171",0,2,0,"0","0"
"CCDC172",0,1,0,"0","0"
"CCDC175",0,2,0,"0","0"
"CCDC178",0,3,0,"0","0"
"CCDC18",0,1,0,"0","0"
"CCDC180",0,2,0,"0","0"
"CCDC19",0,2,0,"0","0"
"CCDC22",0,1,0,"0","0"
"CCDC27",0,4,0,"0","0"
"CCDC28A",0,1,0,"0","0"
"CCDC30",0,1,0,"0","0"
"CCDC37",0,1,0,"0","0"
"CCDC38",0,1,0,"0","0"
"CCDC39",2,1,0,"0","0"
"CCDC40",0,1,0,"0","0"
"CCDC63",0,1,0,"0","0"
"CCDC64",0,1,0,"0","0"
"CCDC64B",0,1,0,"0","0"
"CCDC68",0,1,0,"0","0"
"CCDC70",0,1,0,"0","0"
"CCDC73",0,1,0,"0","0"
"CCDC77",0,1,0,"0","0"
"CCDC8",0,1,0,"0","0"
"CCDC83",0,1,0,"0","0"
"CCDC85A",0,3,0,"0","0"
"CCDC88A",0,1,0,"0","0"
"CCDC88C",0,1,0,"0","0"
"CCDC89",0,2,0,"0","0"
"CCDC96",0,1,0,"0","0"
"CCER1",0,1,0,"0","0"
"CCKAR",0,1,0,"0","0"
"CCL24",0,1,0,"0","0"
"CCNA1",0,1,0,"0","0"
"CCNB3",0,1,0,"0","0"
"CCNF",0,1,0,"0","0"
"CCNL2",0,1,0,"0","0"
"CCR4",0,1,0,"0","0"
"CCSAP",0,1,0,"0","0"
"CCSER1",0,1,0,"0","0"
"CCT7",0,1,0,"0","0"
"CD163L1",0,1,0,"0","0"
"CD1A",0,1,0,"0","0"
"CD1B",0,1,0,"0","0"
"CD1D",0,1,0,"0","0"
"CD200R1L",0,1,0,"0","0"
"CD2AP",0,1,0,"0","0"
"CD300LB",0,1,0,"0","0"
"CD300LG",0,1,0,"0","0"
"CD3E",0,1,0,"0","0"
"CD44",0,1,0,"0","0"
"CD6",0,1,0,"0","0"
"CD79A",0,1,0,"0","0"
"CD79B",0,1,0,"0","0"
"CD8A",0,1,0,"0","0"
"CD97",0,1,0,"0","0"
"CDAN1",1,1,0,"0","0"
"CDC14B",0,1,0,"0","0"
"CDC20B",0,1,0,"0","0"
"CDC25B",0,1,0,"0","0"
"CDC42BPB",0,1,0,"0","0"
"CDC42BPG",0,1,0,"0","0"
"CDC42EP2",0,1,0,"0","0"
"CDC7",0,1,0,"0","0"
"CDCA7L",0,1,0,"0","0"
"CDCP1",0,1,0,"0","0"
"CDH10",0,2,0,"0","0"
"CDH11",0,3,0,"0","0"
"CDH12",0,4,0,"0","0"
"CDH15",0,1,0,"0","0"
"CDH17",0,1,0,"0","0"
"CDH20",0,1,0,"0","0"
"CDH23",0,1,0,"0","0"
"CDH24",0,2,0,"0","0"
"CDH26",0,3,0,"0","0"
"CDH6",0,3,0,"0","0"
"CDH7",0,3,0,"0","0"
"CDH8",0,2,0,"0","0"
"CDH9",0,2,0,"0","0"
"CDHR4",0,1,0,"0","0"
"CDHR5",0,2,0,"0","0"
"CDK12",0,1,0,"0","0"
"CDK13",0,2,0,"0","0"
"CDK14",0,1,0,"0","0"
"CDK15",0,1,0,"0","0"
"CDK16",0,1,0,"0","0"
"CDK5R2",0,1,0,"0","0"
"CDK5RAP2",0,1,0,"0","0"
"CDKN1A",0,1,0,"0","0"
"CDKN1C",0,1,0,"0","0"
"CDO1",0,1,0,"0","0"
"CDS2",0,1,0,"0","0"
"CDX4",0,1,0,"0","0"
"CDYL",0,1,0,"0","0"
"CEACAM18",0,1,0,"0","0"
"CEACAM7",0,1,0,"0","0"
"CEBPB",0,1,0,"0","0"
"CECR2",0,1,0,"0","0"
"CELF4",0,1,0,"0","0"
"CELF6",0,1,0,"0","0"
"CELSR2",0,4,0,"0","0"
"CELSR3",0,4,0,"0","0"
"CENPE",0,1,0,"0","0"
"CENPJ",1,0,0,"0","0"
"CEP104",0,1,0,"0","0"
"CEP112",0,1,0,"0","0"
"CEP152",0,2,0,"0","0"
"CEP290",3,1,0,"0","0"
"CEP63",0,1,0,"0","0"
"CEP85L",0,1,0,"0","0"
"CERKL",1,1,0,"0","0"
"CES2",0,1,0,"0","0"
"CETN2",0,1,0,"0","0"
"CETP",0,1,0,"0","0"
"CFB",0,2,0,"0","0"
"CFD",0,1,0,"0","0"
"CFTR",6,4,0,"0","0"
"CGN",0,1,0,"0","0"
"CGNL1",0,2,0,"0","0"
"CGREF1",0,3,0,"0","0"
"CHAF1B",0,1,0,"0","0"
"CHAT",0,1,0,"0","0"
"CHCHD3",0,1,0,"0","0"
"CHD3",0,3,0,"0","0"
"CHD5",0,3,0,"0","0"
"CHD6",0,1,0,"0","0"
"CHD7",0,1,0,"0","0"
"CHD8",0,2,0,"0","0"
"CHD9",0,3,0,"0","0"
"CHEK2",5,0,0,"0","0"
"CHGA",0,2,0,"0","0"
"CHGB",0,3,0,"0","0"
"CHI3L2",0,1,0,"0","0"
"CHKA",0,1,0,"0","0"
"CHL1",0,1,0,"0","0"
"CHN1",0,1,0,"0","0"
"CHN2",0,1,0,"0","0"
"CHPF2",0,1,0,"0","0"
"CHRNA1",0,1,0,"0","0"
"CHRNA9",0,1,0,"0","0"
"CHRNB2",0,2,0,"0","0"
"CHRNB3",0,1,0,"0","0"
"CHRNE",0,1,0,"0","0"
"CHRNG",1,0,0,"0","0"
"CHST12",0,1,0,"0","0"
"CHST13",0,1,0,"0","0"
"CHST4",0,1,0,"0","0"
"CHST7",0,1,0,"0","0"
"CHST8",0,1,0,"0","0"
"CHST9",0,2,0,"0","0"
"CHSY1",0,1,0,"0","0"
"CIB4",0,1,0,"0","0"
"CIC",0,1,0,"0","0"
"CIDEC",0,2,0,"0","0"
"CIITA",0,3,0,"0","0"
"CINP",0,1,0,"0","0"
"CIRH1A",0,1,0,"0","0"
"CISH",0,1,0,"0","0"
"CKMT2",0,1,0,"0","0"
"CLASP1",0,1,0,"0","0"
"CLASRP",0,1,0,"0","0"
"CLCA4",0,1,0,"0","0"
"CLCN1",0,1,0,"0","0"
"CLCN5",0,2,0,"0","0"
"CLCN6",0,1,0,"0","0"
"CLCNKA",0,1,0,"0","0"
"CLDN12",0,1,0,"0","0"
"CLDN16",0,1,0,"0","0"
"CLDN17",0,1,0,"0","0"
"CLDN18",0,1,0,"0","0"
"CLDN4",0,1,0,"0","0"
"CLDN7",0,1,0,"0","0"
"CLDN8",0,1,0,"0","0"
"CLDND1",0,1,0,"0","0"
"CLEC12A",0,1,0,"0","0"
"CLEC12B",0,1,0,"0","0"
"CLEC14A",0,1,0,"0","0"
"CLEC1A",0,1,0,"0","0"
"CLEC3A",0,2,0,"0","0"
"CLEC4C",0,1,0,"0","0"
"CLEC4E",0,1,0,"0","0"
"CLEC4F",0,1,0,"0","0"
"CLECL1",0,1,0,"0","0"
"CLGN",0,1,0,"0","0"
"CLIC5",0,2,0,"0","0"
"CLIC6",0,1,0,"0","0"
"CLIP1",0,1,0,"0","0"
"CLIP2",0,1,0,"0","0"
"CLIP4",0,2,0,"0","0"
"CLLU1",0,1,0,"0","0"
"CLMN",0,1,0,"0","0"
"CLPSL1",0,1,0,"0","0"
"CLSPN",0,1,0,"0","0"
"CLSTN3",0,1,0,"0","0"
"CLTCL1",0,3,0,"0","0"
"CLU",0,1,0,"0","0"
"CMAS",0,1,0,"0","0"
"CMC1",0,1,0,"0","0"
"CMTR2",0,1,0,"0","0"
"CMYA5",0,5,0,"0","0"
"CNBD2",0,2,0,"0","0"
"CNGA1",2,2,0,"0","0"
"CNGA2",0,3,0,"0","0"
"CNGA3",2,3,0,"0","0"
"CNGA4",0,2,0,"0","0"
"CNGB1",0,1,0,"0","0"
"CNGB3",0,3,0,"0","0"
"CNKSR1",0,1,0,"0","0"
"CNKSR2",0,3,0,"0","0"
"CNKSR3",0,1,0,"0","0"
"CNNM2",0,2,0,"0","0"
"CNOT1",0,1,0,"0","0"
"CNOT10",0,1,0,"0","0"
"CNOT4",0,1,0,"0","0"
"CNR1",0,2,0,"0","0"
"CNTD2",0,1,0,"0","0"
"CNTN2",0,3,0,"0","0"
"CNTN3",0,2,0,"0","0"
"CNTN4",0,1,0,"0","0"
"CNTN5",0,5,0,"0","0"
"CNTN6",0,2,0,"0","0"
"CNTNAP1",0,2,0,"0","0"
"CNTNAP2",0,3,0,"0","0"
"CNTNAP4",0,1,0,"0","0"
"CNTNAP5",0,2,0,"0","0"
"COASY",0,1,0,"0","0"
"COBL",0,1,0,"0","0"
"COCH",0,1,0,"0","0"
"COG7",0,1,0,"0","0"
"COL10A1",0,1,0,"0","0"
"COL11A1",0,8,0,"0","0"
"COL11A2",0,1,0,"0","0"
"COL12A1",0,3,0,"0","0"
"COL13A1",0,1,0,"0","0"
"COL14A1",0,1,0,"0","0"
"COL15A1",0,2,0,"0","0"
"COL16A1",0,3,0,"0","0"
"COL19A1",0,4,0,"0","0"
"COL1A1",0,2,0,"0","0"
"COL1A2",0,1,0,"0","0"
"COL20A1",0,1,0,"0","0"
"COL21A1",0,1,0,"0","0"
"COL22A1",0,8,0,"0","0"
"COL24A1",0,3,0,"0","0"
"COL25A1",0,2,0,"0","0"
"COL27A1",0,2,0,"0","0"
"COL28A1",0,1,0,"0","0"
"COL2A1",0,3,0,"0","0"
"COL3A1",0,4,0,"0","0"
"COL4A1",0,3,0,"0","0"
"COL4A3",0,4,0,"0","0"
"COL4A4",0,4,0,"0","0"
"COL4A6",0,1,0,"0","0"
"COL5A1",0,2,0,"0","0"
"COL5A3",0,1,0,"0","0"
"COL6A1",0,3,0,"0","0"
"COL6A3",0,6,0,"0","0"
"COL6A5",0,4,0,"0","0"
"COL6A6",0,2,0,"0","0"
"COL7A1",1,3,0,"0","0"
"COL8A1",0,1,0,"0","0"
"COL8A2",0,2,0,"0","0"
"COL9A1",0,1,0,"0","0"
"COL9A3",0,1,0,"0","0"
"COLEC11",0,1,0,"0","0"
"COLGALT1",0,1,0,"0","0"
"COPA",0,1,0,"0","0"
"CORIN",0,1,0,"0","0"
"CORO1A",0,1,0,"0","0"
"CORO2A",0,1,0,"0","0"
"COX18",0,2,0,"0","0"
"COX4I2",0,1,0,"0","0"
"CPA4",0,1,0,"0","0"
"CPAMD8",0,1,0,"0","0"
"CPB1",0,1,0,"0","0"
"CPB2",0,1,0,"0","0"
"CPEB1",0,2,0,"0","0"
"CPEB4",0,1,0,"0","0"
"CPED1",0,1,0,"0","0"
"CPN1",0,1,0,"0","0"
"CPNE5",0,1,0,"0","0"
"CPOX",0,2,0,"0","0"
"CPPED1",0,2,0,"0","0"
"CPQ",0,1,0,"0","0"
"CPS1",0,3,0,"0","0"
"CPSF1",0,2,0,"0","0"
"CPT1A",0,1,0,"0","0"
"CPT1C",0,1,0,"0","0"
"CPT2",1,0,0,"0","0"
"CPVL",0,1,0,"0","0"
"CPXCR1",0,1,0,"0","0"
"CR2",0,3,0,"0","0"
"CRAMP1L",0,2,0,"0","0"
"CRB1",0,3,0,"0","0"
"CREB3L1",0,1,0,"0","0"
"CREBBP",0,2,0,"0","0"
"CREG1",0,1,0,"0","0"
"CREG2",0,1,0,"0","0"
"CREM",0,1,0,"0","0"
"CRH",0,1,0,"0","0"
"CRIP2",0,1,0,"0","0"
"CRISPLD1",0,1,0,"0","0"
"CRLF1",0,1,0,"0","0"
"CRNN",0,1,0,"0","0"
"CROT",0,1,0,"0","0"
"CRTAP",1,0,0,"0","0"
"CRTC1",0,1,0,"0","0"
"CRTC3",0,1,0,"0","0"
"CRX",0,1,0,"0","0"
"CRYGA",0,1,0,"0","0"
"CRYZL1",0,1,0,"0","0"
"CSAD",0,1,0,"0","0"
"CSDE1",0,1,0,"0","0"
"CSF1R",0,1,0,"0","0"
"CSF2RA",0,1,0,"0","0"
"CSGALNACT2",0,1,0,"0","0"
"CSMD1",0,5,0,"0","0"
"CSMD2",0,3,0,"0","0"
"CSMD3",0,6,0,"0","0"
"CSN1S1",0,1,0,"0","0"
"CSNK1G2",0,1,0,"0","0"
"CSNK2A2",0,1,0,"0","0"
"CSPG4",0,1,0,"0","0"
"CSPP1",0,1,0,"0","0"
"CSRNP1",0,1,0,"0","0"
"CST5",0,1,0,"0","0"
"CST8",0,1,0,"0","0"
"CSTF2",0,1,0,"0","0"
"CTCFL",0,1,0,"0","0"
"CTD-2144E22.5",0,1,0,"0","0"
"CTDSP1",0,1,0,"0","0"
"CTH",0,1,0,"0","0"
"CTIF",0,1,0,"0","0"
"CTNNA1",0,1,0,"0","0"
"CTNND1",0,1,0,"0","0"
"CTNND2",0,1,0,"0","0"
"CTRB1",0,1,0,"0","0"
"CTRC",0,1,0,"0","0"
"CTSA",0,1,0,"0","0"
"CTSH",0,1,0,"0","0"
"CTSO",0,1,0,"0","0"
"CTTN",0,1,0,"0","0"
"CTTNBP2",0,2,0,"0","0"
"CTTNBP2NL",0,2,0,"0","0"
"CTXN2",0,1,0,"0","0"
"CUBN",0,1,0,"0","0"
"CUL1",0,1,0,"0","0"
"CUL4B",0,1,0,"0","0"
"CUL7",0,2,0,"0","0"
"CWH43",0,2,0,"0","0"
"CX3CL1",0,1,0,"0","0"
"CXXC1",0,1,0,"0","0"
"CXorf22",0,5,0,"0","0"
"CXorf64",0,1,0,"0","0"
"CXorf67",0,2,0,"0","0"
"CYB561D1",0,1,0,"0","0"
"CYB5R4",0,1,0,"0","0"
"CYBB",0,3,0,"0","0"
"CYFIP2",0,1,0,"0","0"
"CYGB",0,1,0,"0","0"
"CYP11A1",0,1,0,"0","0"
"CYP17A1",0,1,0,"0","0"
"CYP1A2",0,1,0,"0","0"
"CYP1B1",1,0,0,"0","0"
"CYP21A2",10,0,0,"0","0"
"CYP24A1",0,1,0,"0","0"
"CYP27A1",0,1,0,"0","0"
"CYP27B1",1,1,0,"0","0"
"CYP2C18",0,2,0,"0","0"
"CYP2C8",0,2,0,"0","0"
"CYP2E1",0,1,0,"0","0"
"CYP2J2",0,1,0,"0","0"
"CYP2U1",0,1,0,"0","0"
"CYP39A1",0,1,0,"0","0"
"CYP4F12",0,1,0,"0","0"
"CYP4V2",1,2,0,"0","0"
"CYP4X1",0,1,0,"0","0"
"CYP7B1",1,0,0,"0","0"
"CYTH1",0,1,0,"0","0"
"DAAM2",0,1,0,"0","0"
"DAB2",0,1,0,"0","0"
"DAB2IP",0,1,0,"0","0"
"DACH1",0,4,0,"0","0"
"DACT2",0,1,0,"0","0"
"DAG1",0,1,0,"0","0"
"DAGLA",0,1,0,"0","0"
"DAPK1",0,1,0,"0","0"
"DAPL1",0,1,0,"0","0"
"DAW1",0,1,0,"0","0"
"DAZAP1",0,1,0,"0","0"
"DBH",1,2,0,"0","0"
"DBN1",0,1,0,"0","0"
"DBT",0,1,0,"0","0"
"DBX1",0,1,0,"0","0"
"DCAF12L1",0,3,0,"0","0"
"DCAF12L2",0,1,0,"0","0"
"DCAF8",0,1,0,"0","0"
"DCAF8L1",0,1,0,"0","0"
"DCAF8L2",0,1,0,"0","0"
"DCC",0,4,0,"0","0"
"DCDC1",0,2,0,"0","0"
"DCDC2",0,1,0,"0","0"
"DCDC2B",0,1,0,"0","0"
"DCHS1",0,3,0,"0","0"
"DCHS2",0,2,0,"0","0"
"DCLK2",0,1,0,"0","0"
"DCLK3",0,2,0,"0","0"
"DCLRE1A",0,1,0,"0","0"
"DCST1",0,2,0,"0","0"
"DCT",0,1,0,"0","0"
"DCTN1",0,1,0,"0","0"
"DDC",0,3,0,"0","0"
"DDHD1",0,1,0,"0","0"
"DDI1",0,1,0,"0","0"
"DDR2",0,1,0,"0","0"
"DDX20",0,1,0,"0","0"
"DDX31",0,1,0,"0","0"
"DDX4",0,1,0,"0","0"
"DDX41",0,1,0,"0","0"
"DDX42",0,2,0,"0","0"
"DDX5",0,1,0,"0","0"
"DDX54",0,1,0,"0","0"
"DEAF1",0,3,0,"0","0"
"DEFA5",0,1,0,"0","0"
"DEFB118",0,1,0,"0","0"
"DEFB125",0,1,0,"0","0"
"DENND1C",0,1,0,"0","0"
"DENND2A",0,1,0,"0","0"
"DENND2C",0,2,0,"0","0"
"DENND3",0,1,0,"0","0"
"DENND4C",0,1,0,"0","0"
"DENND5A",0,1,0,"0","0"
"DENND5B",0,1,0,"0","0"
"DENND6A",0,3,0,"0","0"
"DEPDC1B",0,2,0,"0","0"
"DEPDC5",0,2,0,"0","0"
"DEPDC7",0,1,0,"0","0"
"DERA",0,1,0,"0","0"
"DESI1",0,1,0,"0","0"
"DFNA5",0,1,0,"0","0"
"DGAT2L6",0,1,0,"0","0"
"DGCR2",0,1,0,"0","0"
"DGCR8",0,1,0,"0","0"
"DGKB",0,2,0,"0","0"
"DGKD",0,1,0,"0","0"
"DGKG",0,2,0,"0","0"
"DGKH",0,1,0,"0","0"
"DGKI",0,2,0,"0","0"
"DGUOK",1,0,0,"0","0"
"DHCR24",0,1,0,"0","0"
"DHCR7",3,0,0,"0","0"
"DHTKD1",1,1,0,"0","0"
"DHX15",0,1,0,"0","0"
"DHX32",0,1,0,"0","0"
"DHX34",0,1,0,"0","0"
"DHX35",0,1,0,"0","0"
"DHX36",0,1,0,"0","0"
"DHX37",0,1,0,"0","0"
"DHX40",0,1,0,"0","0"
"DIAPH2",0,2,0,"0","0"
"DIAPH3",0,2,0,"0","0"
"DICER1",0,1,0,"0","0"
"DIDO1",0,2,0,"0","0"
"DIO3",0,1,0,"0","0"
"DIP2A",0,1,0,"0","0"
"DIP2B",0,2,0,"0","0"
"DIP2C",0,1,0,"0","0"
"DIRAS2",0,1,0,"0","0"
"DISP1",0,2,0,"0","0"
"DKC1",0,1,0,"0","0"
"DKK2",0,1,0,"0","0"
"DKK3",0,1,0,"0","0"
"DKKL1",0,1,0,"0","0"
"DLD",1,0,0,"0","0"
"DLG1",0,1,0,"0","0"
"DLG2",0,1,0,"0","0"
"DLG5",0,1,0,"0","0"
"DLGAP1",0,1,0,"0","0"
"DLGAP4",0,1,0,"0","0"
"DLGAP5",0,1,0,"0","0"
"DMBT1",0,1,0,"0","0"
"DMD",0,6,0,"0","0"
"DMGDH",0,2,0,"0","0"
"DMP1",0,1,0,"0","0"
"DMRT2",0,1,0,"0","0"
"DMRT3",0,1,0,"0","0"
"DMRTA1",0,1,0,"0","0"
"DMTF1",0,1,0,"0","0"
"DMWD",0,1,0,"0","0"
"DMXL1",0,1,0,"0","0"
"DNAAF1",0,1,0,"0","0"
"DNAH1",0,1,0,"0","0"
"DNAH10",0,4,0,"0","0"
"DNAH11",0,6,0,"0","0"
"DNAH12",0,3,0,"0","0"
"DNAH14",0,2,0,"0","0"
"DNAH17",0,5,0,"0","0"
"DNAH2",0,2,0,"0","0"
"DNAH3",0,2,0,"0","0"
"DNAH5",0,8,0,"0","0"
"DNAH6",0,2,0,"0","0"
"DNAH7",0,5,0,"0","0"
"DNAH8",0,4,0,"0","0"
"DNAH9",0,3,0,"0","0"
"DNAI1",0,2,0,"0","0"
"DNAI2",0,2,0,"0","0"
"DNAJC13",0,1,0,"0","0"
"DNAJC22",0,2,0,"0","0"
"DNAJC30",0,1,0,"0","0"
"DNAJC6",0,2,0,"0","0"
"DNASE1",0,1,0,"0","0"
"DNER",0,1,0,"0","0"
"DNHD1",0,3,0,"0","0"
"DNM1",0,1,0,"0","0"
"DNMT1",0,1,0,"0","0"
"DNMT3A",1,1,0,"0","0"
"DNMT3B",0,2,0,"0","0"
"DOCK1",0,2,0,"0","0"
"DOCK10",0,1,0,"0","0"
"DOCK11",0,1,0,"0","0"
"DOCK2",0,1,0,"0","0"
"DOCK3",0,1,0,"0","0"
"DOCK4",0,1,0,"0","0"
"DOCK5",0,3,0,"0","0"
"DOCK6",0,1,0,"0","0"
"DOCK7",0,1,0,"0","0"
"DOCK9",0,1,0,"0","0"
"DOK5",0,1,0,"0","0"
"DOK6",0,1,0,"0","0"
"DONSON",0,1,0,"0","0"
"DOPEY2",0,2,0,"0","0"
"DOT1L",0,1,0,"0","0"
"DPF3",0,1,0,"0","0"
"DPM1",0,1,0,"0","0"
"DPP6",0,2,0,"0","0"
"DPPA4",0,1,0,"0","0"
"DPY19L3",0,1,0,"0","0"
"DPYD",0,5,0,"0","0"
"DPYS",0,1,0,"0","0"
"DPYSL2",0,1,0,"0","0"
"DPYSL3",0,1,0,"0","0"
"DPYSL4",0,1,0,"0","0"
"DPYSL5",0,1,0,"0","0"
"DQX1",0,1,0,"0","0"
"DRD1",0,1,0,"0","0"
"DRD3",0,1,0,"0","0"
"DSC1",0,1,0,"0","0"
"DSC2",0,1,0,"0","0"
"DSC3",0,1,0,"0","0"
"DSCAM",0,7,0,"0","0"
"DSCAML1",0,3,0,"0","0"
"DSCR3",0,1,0,"0","0"
"DSCR4",0,1,0,"0","0"
"DSEL",0,2,0,"0","0"
"DSG1",0,2,0,"0","0"
"DSG2",0,4,0,"0","0"
"DSG3",0,1,0,"0","0"
"DSP",0,1,0,"0","0"
"DSPP",0,2,0,"0","0"
"DST",0,4,0,"0","0"
"DTHD1",0,2,0,"0","0"
"DTL",0,1,0,"0","0"
"DTNA",0,1,0,"0","0"
"DTX1",0,1,0,"0","0"
"DTX3",0,1,0,"0","0"
"DUOX2",2,4,0,"0","0"
"DUSP16",0,1,0,"0","0"
"DUSP26",0,1,0,"0","0"
"DUSP27",0,1,0,"0","0"
"DVL3",0,1,0,"0","0"
"DYNC1H1",0,1,0,"0","0"
"DYNC1I1",0,1,0,"0","0"
"DYNLT3",0,1,0,"0","0"
"DYRK1A",0,1,0,"0","0"
"DYSF",1,1,0,"0","0"
"DYTN",0,1,0,"0","0"
"DZIP1",0,2,0,"0","0"
"E2F1",0,2,0,"0","0"
"E2F2",0,1,0,"0","0"
"E2F7",0,1,0,"0","0"
"EBAG9",0,1,0,"0","0"
"EBF2",0,1,0,"0","0"
"EBF3",0,1,0,"0","0"
"ECD",0,1,0,"0","0"
"ECE1",0,1,0,"0","0"
"ECH1",0,1,0,"0","0"
"ECM1",0,1,0,"0","0"
"ECT2L",0,1,0,"0","0"
"EDIL3",0,2,0,"0","0"
"EEA1",0,1,0,"0","0"
"EEF1A2",0,2,0,"0","0"
"EFCAB4B",0,1,0,"0","0"
"EFCAB5",0,1,0,"0","0"
"EFCAB6",0,1,0,"0","0"
"EFCAB9",0,1,0,"0","0"
"EFCC1",0,1,0,"0","0"
"EFHC2",0,1,0,"0","0"
"EFNA5",0,1,0,"0","0"
"EFNB3",0,1,0,"0","0"
"EFR3B",0,1,0,"0","0"
"EFTUD2",0,2,0,"0","0"
"EGF",0,1,0,"0","0"
"EGFL6",0,2,0,"0","0"
"EGFL7",0,1,0,"0","0"
"EGFLAM",0,1,0,"0","0"
"EHBP1L1",0,1,0,"0","0"
"EHD2",0,1,0,"0","0"
"EHHADH",0,1,0,"0","0"
"EHMT1",0,1,0,"0","0"
"EHMT2",0,1,0,"0","0"
"EIF2AK1",0,1,0,"0","0"
"EIF2B2",1,0,0,"0","0"
"EIF2B5",1,0,0,"0","0"
"EIF2S1",0,1,0,"0","0"
"EIF3A",0,1,0,"0","0"
"EIF3B",0,1,0,"0","0"
"EIF4G1",0,1,0,"0","0"
"ELAC2",0,1,0,"0","0"
"ELAVL4",0,1,0,"0","0"
"ELFN1",0,1,0,"0","0"
"ELFN2",0,1,0,"0","0"
"ELK1",0,1,0,"0","0"
"ELK3",0,1,0,"0","0"
"ELL",0,1,0,"0","0"
"ELMSAN1",0,2,0,"0","0"
"ELN",0,1,0,"0","0"
"ELOVL2",0,1,0,"0","0"
"ELOVL3",0,1,0,"0","0"
"ELP2",0,1,0,"0","0"
"EMC7",0,1,0,"0","0"
"EMILIN2",0,1,0,"0","0"
"EMILIN3",0,1,0,"0","0"
"EML4",0,1,0,"0","0"
"EML5",0,2,0,"0","0"
"EML6",0,1,0,"0","0"
"ENAH",0,2,0,"0","0"
"ENAM",0,1,0,"0","0"
"ENDOU",0,1,0,"0","0"
"ENG",0,1,0,"0","0"
"ENGASE",0,1,0,"0","0"
"ENHO",0,1,0,"0","0"
"ENO2",0,1,0,"0","0"
"ENOX1",0,1,0,"0","0"
"ENPEP",0,1,0,"0","0"
"ENPP1",0,2,0,"0","0"
"ENPP2",0,1,0,"0","0"
"ENPP3",0,1,0,"0","0"
"ENPP4",0,1,0,"0","0"
"ENPP5",0,1,0,"0","0"
"ENTPD2",0,1,0,"0","0"
"ENY2",0,1,0,"0","0"
"EP300",0,2,0,"0","0"
"EP400",0,1,0,"0","0"
"EPAS1",0,1,0,"0","0"
"EPB41L3",0,4,0,"0","0"
"EPB42",0,1,0,"0","0"
"EPC2",0,1,0,"0","0"
"EPDR1",0,1,0,"0","0"
"EPG5",0,1,0,"0","0"
"EPGN",0,1,0,"0","0"
"EPHA2",0,3,0,"0","0"
"EPHA3",0,2,0,"0","0"
"EPHA4",0,4,0,"0","0"
"EPHA5",0,6,0,"0","0"
"EPHA6",0,2,0,"0","0"
"EPHA7",0,1,0,"0","0"
"EPHB1",0,1,0,"0","0"
"EPHB3",0,1,0,"0","0"
"EPHB4",0,2,0,"0","0"
"EPHB6",0,1,0,"0","0"
"EPN3",0,1,0,"0","0"
"EPOR",0,1,0,"0","0"
"EPPIN-WFDC6",0,2,0,"0","0"
"EPPK1",0,2,0,"0","0"
"EPRS",0,1,0,"0","0"
"EPS15L1",0,1,0,"0","0"
"EPX",0,1,0,"0","0"
"ERAP1",0,1,0,"0","0"
"ERBB2",0,1,0,"0","0"
"ERBB2IP",0,1,0,"0","0"
"ERBB3",0,2,0,"0","0"
"ERBB4",0,3,0,"0","0"
"ERC2",0,1,0,"0","0"
"ERCC2",1,0,0,"0","0"
"ERCC3",2,0,0,"0","0"
"ERCC4",2,2,0,"0","0"
"ERCC5",0,1,0,"0","0"
"ERCC8",1,0,0,"0","0"
"ERF",0,1,0,"0","0"
"ERG",0,2,0,"0","0"
"ERH",0,1,0,"0","0"
"ERI3",0,1,0,"0","0"
"ERLIN2",0,1,0,"0","0"
"ERMN",0,1,0,"0","0"
"ERN1",0,1,0,"0","0"
"ERN2",0,3,0,"0","0"
"ERVMER34-1",0,1,0,"0","0"
"ESCO2",0,2,0,"0","0"
"ESPL1",0,1,0,"0","0"
"ESPNL",0,3,0,"0","0"
"ESR1",0,1,0,"0","0"
"ESRP1",0,1,0,"0","0"
"ESRRG",0,1,0,"0","0"
"ESX1",0,1,0,"0","0"
"ETS2",0,1,0,"0","0"
"ETV1",0,1,0,"0","0"
"ETV3",0,1,0,"0","0"
"EVC2",0,1,0,"0","0"
"EVX2",0,1,0,"0","0"
"EXOC3",0,1,0,"0","0"
"EXOC3L4",0,1,0,"0","0"
"EXOSC3",2,0,0,"0","0"
"EXOSC7",0,1,0,"0","0"
"EXPH5",0,3,0,"0","0"
"EXT1",0,1,0,"0","0"
"EXT2",0,1,0,"0","0"
"EXTL3",0,1,0,"0","0"
"EYA1",0,1,0,"0","0"
"EYA4",0,1,0,"0","0"
"EYS",0,1,0,"0","0"
"F12",0,1,0,"0","0"
"F13B",0,1,0,"0","0"
"F2",0,1,0,"0","0"
"F5",0,2,0,"0","0"
"F7",0,1,0,"0","0"
"F8",0,2,0,"0","0"
"FAAH",0,1,0,"0","0"
"FAAH2",0,1,0,"0","0"
"FABP1",0,2,0,"0","0"
"FADS3",0,1,0,"0","0"
"FADS6",0,1,0,"0","0"
"FAF1",0,1,0,"0","0"
"FAH",1,3,0,"0","0"
"FAM101A",0,1,0,"0","0"
"FAM101B",0,2,0,"0","0"
"FAM111A",0,1,0,"0","0"
"FAM111B",0,2,0,"0","0"
"FAM114A1",0,1,0,"0","0"
"FAM117B",0,1,0,"0","0"
"FAM120A",0,1,0,"0","0"
"FAM120C",0,1,0,"0","0"
"FAM122A",0,2,0,"0","0"
"FAM124A",0,1,0,"0","0"
"FAM124B",0,1,0,"0","0"
"FAM126A",0,1,0,"0","0"
"FAM129C",0,1,0,"0","0"
"FAM131B",0,1,0,"0","0"
"FAM134A",0,2,0,"0","0"
"FAM134C",0,1,0,"0","0"
"FAM135B",0,4,0,"0","0"
"FAM13B",0,2,0,"0","0"
"FAM149A",0,1,0,"0","0"
"FAM155A",0,1,0,"0","0"
"FAM155B",0,1,0,"0","0"
"FAM159B",0,1,0,"0","0"
"FAM161B",0,1,0,"0","0"
"FAM168A",0,1,0,"0","0"
"FAM169B",0,1,0,"0","0"
"FAM170A",0,1,0,"0","0"
"FAM179A",0,1,0,"0","0"
"FAM179B",0,1,0,"0","0"
"FAM181A",0,2,0,"0","0"
"FAM184B",0,1,0,"0","0"
"FAM188B",0,2,0,"0","0"
"FAM188B2",0,1,0,"0","0"
"FAM189A1",0,1,0,"0","0"
"FAM189A2",0,1,0,"0","0"
"FAM193A",0,1,0,"0","0"
"FAM194B",0,3,0,"0","0"
"FAM196A",0,1,0,"0","0"
"FAM19A5",0,1,0,"0","0"
"FAM208B",0,1,0,"0","0"
"FAM210B",0,1,0,"0","0"
"FAM217B",0,1,0,"0","0"
"FAM26D",0,1,0,"0","0"
"FAM47A",0,2,0,"0","0"
"FAM47C",0,1,0,"0","0"
"FAM50B",0,1,0,"0","0"
"FAM65B",0,1,0,"0","0"
"FAM65C",0,2,0,"0","0"
"FAM69A",0,1,0,"0","0"
"FAM69C",0,1,0,"0","0"
"FAM71A",0,1,0,"0","0"
"FAM71E2",0,1,0,"0","0"
"FAM78B",0,1,0,"0","0"
"FAM81B",0,1,0,"0","0"
"FAM83A",0,2,0,"0","0"
"FAM83B",0,4,0,"0","0"
"FAM83G",0,1,0,"0","0"
"FAM83H",0,1,0,"0","0"
"FAM84A",0,1,0,"0","0"
"FAM98A",0,2,0,"0","0"
"FANCA",0,1,0,"0","0"
"FANCD2",1,0,0,"0","0"
"FANCI",1,0,0,"0","0"
"FAP",0,2,0,"0","0"
"FARS2",0,1,0,"0","0"
"FASLG",0,1,0,"0","0"
"FASN",0,4,0,"0","0"
"FAT1",0,5,0,"0","0"
"FAT2",0,3,0,"0","0"
"FAT3",0,5,0,"0","0"
"FAT4",0,2,0,"0","0"
"FAXC",0,1,0,"0","0"
"FBLN1",0,1,0,"0","0"
"FBLN2",0,1,0,"0","0"
"FBN1",0,1,0,"0","0"
"FBN2",0,2,0,"0","0"
"FBN3",0,1,0,"0","0"
"FBP1",0,1,0,"0","0"
"FBP2",0,1,0,"0","0"
"FBRS",0,1,0,"0","0"
"FBRSL1",0,2,0,"0","0"
"FBXL17",0,1,0,"0","0"
"FBXO15",0,1,0,"0","0"
"FBXO18",0,1,0,"0","0"
"FBXO22",0,2,0,"0","0"
"FBXO27",0,1,0,"0","0"
"FBXO38",0,1,0,"0","0"
"FBXO40",0,1,0,"0","0"
"FBXO41",0,2,0,"0","0"
"FBXO42",0,1,0,"0","0"
"FBXW12",0,1,0,"0","0"
"FBXW2",0,1,0,"0","0"
"FBXW7",0,1,0,"0","0"
"FCAR",0,1,0,"0","0"
"FCER1A",0,1,0,"0","0"
"FCHSD1",0,1,0,"0","0"
"FCN2",0,1,0,"0","0"
"FCRL2",0,1,0,"0","0"
"FCRL4",0,2,0,"0","0"
"FCRL5",0,1,0,"0","0"
"FCRLA",0,1,0,"0","0"
"FDXACB1",0,1,0,"0","0"
"FER1L6",0,1,0,"0","0"
"FERD3L",0,2,0,"0","0"
"FERMT1",0,1,0,"0","0"
"FETUB",0,1,0,"0","0"
"FEZF2",0,1,0,"0","0"
"FGA",0,3,0,"0","0"
"FGD1",3,0,0,"0","0"
"FGD3",0,1,0,"0","0"
"FGD5",0,1,0,"0","0"
"FGF10",0,2,0,"0","0"
"FGF12",0,1,0,"0","0"
"FGF14",0,2,0,"0","0"
"FGF2",0,1,0,"0","0"
"FGF20",0,2,0,"0","0"
"FGF21",0,1,0,"0","0"
"FGF7",0,1,0,"0","0"
"FGFR2",0,2,0,"0","0"
"FGG",0,1,0,"0","0"
"FH",1,0,0,"0","0"
"FHL1",0,1,0,"0","0"
"FHOD3",0,1,0,"0","0"
"FIBIN",0,1,0,"0","0"
"FIG4",0,1,0,"0","0"
"FIGF",0,1,0,"0","0"
"FIGN",0,2,0,"0","0"
"FILIP1",0,2,0,"0","0"
"FILIP1L",0,1,0,"0","0"
"FITM2",0,1,0,"0","0"
"FIZ1",0,1,0,"0","0"
"FKBP14",1,0,0,"0","0"
"FKBP15",0,1,0,"0","0"
"FKBP1C",0,1,0,"0","0"
"FKBP3",0,1,0,"0","0"
"FKBPL",0,1,0,"0","0"
"FKRP",2,1,0,"0","0"
"FKTN",1,1,0,"0","0"
"FLG",14,3,0,"0","0"
"FLG2",0,2,0,"0","0"
"FLNB",0,1,0,"0","0"
"FLNC",0,3,0,"0","0"
"FLRT3",0,1,0,"0","0"
"FLT1",0,1,0,"0","0"
"FLT3",0,3,0,"0","0"
"FLT4",0,7,0,"0","0"
"FLVCR2",0,1,0,"0","0"
"FMN1",0,3,0,"0","0"
"FMN2",0,4,0,"0","0"
"FMNL1",0,2,0,"0","0"
"FMNL3",0,1,0,"0","0"
"FMO1",0,4,0,"0","0"
"FMO3",3,0,0,"0","0"
"FMO4",0,1,0,"0","0"
"FMO5",0,1,0,"0","0"
"FMR1NB",0,1,0,"0","0"
"FN1",0,1,0,"0","0"
"FNDC1",0,2,0,"0","0"
"FNDC7",0,2,0,"0","0"
"FNIP1",0,1,0,"0","0"
"FNTA",0,1,0,"0","0"
"FOCAD",0,1,0,"0","0"
"FOLR4",0,2,0,"0","0"
"FOSB",0,1,0,"0","0"
"FOXA2",0,1,0,"0","0"
"FOXE3",0,1,0,"0","0"
"FOXG1",0,1,0,"0","0"
"FOXL1",0,1,0,"0","0"
"FOXL2",0,1,0,"0","0"
"FOXN1",0,1,0,"0","0"
"FOXN3",0,1,0,"0","0"
"FOXN4",0,2,0,"0","0"
"FOXP2",0,1,0,"0","0"
"FOXP3",0,1,0,"0","0"
"FOXP4",0,1,0,"0","0"
"FOXQ1",0,1,0,"0","0"
"FOXR1",0,1,0,"0","0"
"FOXRED2",0,1,0,"0","0"
"FOXS1",0,1,0,"0","0"
"FPGT-TNNI3K",0,2,0,"0","0"
"FRA10AC1",0,1,0,"0","0"
"FRAS1",0,3,0,"0","0"
"FREM2",0,4,0,"0","0"
"FREM3",0,1,0,"0","0"
"FRK",0,2,0,"0","0"
"FRMD3",0,1,0,"0","0"
"FRMD4A",0,1,0,"0","0"
"FRMD6",0,1,0,"0","0"
"FRMPD1",0,2,0,"0","0"
"FRMPD3",0,1,0,"0","0"
"FRMPD4",0,2,0,"0","0"
"FRY",0,5,0,"0","0"
"FRYL",0,1,0,"0","0"
"FRZB",0,1,0,"0","0"
"FSCB",0,4,0,"0","0"
"FSCN1",0,1,0,"0","0"
"FSD1",0,1,0,"0","0"
"FSD2",0,1,0,"0","0"
"FSHR",0,2,0,"0","0"
"FSIP2",0,3,0,"0","0"
"FSTL5",0,2,0,"0","0"
"FTMT",0,3,0,"0","0"
"FUT8",0,1,0,"0","0"
"FUT9",0,1,0,"0","0"
"FXYD1",0,1,0,"0","0"
"FZD1",0,1,0,"0","0"
"FZD8",0,1,0,"0","0"
"G3BP1",0,1,0,"0","0"
"GAA",2,1,0,"0","0"
"GAB1",0,1,0,"0","0"
"GAB4",0,1,0,"0","0"
"GABARAPL2",0,1,0,"0","0"
"GABBR2",0,1,0,"0","0"
"GABRA1",0,2,0,"0","0"
"GABRA2",0,2,0,"0","0"
"GABRA4",0,1,0,"0","0"
"GABRA5",0,1,0,"0","0"
"GABRA6",0,1,0,"0","0"
"GABRB2",0,3,0,"0","0"
"GABRB3",0,1,0,"0","0"
"GABRG2",0,2,0,"0","0"
"GABRG3",0,2,0,"0","0"
"GABRQ",0,1,0,"0","0"
"GAD1",0,2,0,"0","0"
"GAD2",0,1,0,"0","0"
"GADL1",0,1,0,"0","0"
"GAK",0,1,0,"0","0"
"GAL3ST4",0,1,0,"0","0"
"GALNT11",0,1,0,"0","0"
"GALNT12",0,1,0,"0","0"
"GALNT13",0,2,0,"0","0"
"GALNT15",0,1,0,"0","0"
"GALNT18",0,1,0,"0","0"
"GALNT2",0,1,0,"0","0"
"GALNT5",0,3,0,"0","0"
"GALNT7",0,1,0,"0","0"
"GALNT8",0,1,0,"0","0"
"GALR1",0,1,0,"0","0"
"GAPVD1",0,2,0,"0","0"
"GART",0,1,0,"0","0"
"GAS2L3",0,1,0,"0","0"
"GATM",0,1,0,"0","0"
"GBA",4,0,0,"0","0"
"GBE1",1,0,0,"0","0"
"GBP1",0,1,0,"0","0"
"GBP2",0,1,0,"0","0"
"GBP3",0,3,0,"0","0"
"GBP7",0,1,0,"0","0"
"GC",0,1,0,"0","0"
"GCC2",0,1,0,"0","0"
"GCGR",0,1,0,"0","0"
"GCK",0,1,0,"0","0"
"GCM2",0,1,0,"0","0"
"GCN1L1",0,1,0,"0","0"
"GCNT1",0,1,0,"0","0"
"GCSAM",0,1,0,"0","0"
"GDA",0,1,0,"0","0"
"GDF1",0,1,0,"0","0"
"GDF15",0,1,0,"0","0"
"GDF5",0,1,0,"0","0"
"GDF5OS",0,1,0,"0","0"
"GDF9",0,1,0,"0","0"
"GDI2",0,1,0,"0","0"
"GDPD5",0,1,0,"0","0"
"GEM",0,1,0,"0","0"
"GEMIN2",0,1,0,"0","0"
"GET4",0,1,0,"0","0"
"GFI1B",0,2,0,"0","0"
"GFRA1",0,1,0,"0","0"
"GFRA3",0,1,0,"0","0"
"GFRA4",0,1,0,"0","0"
"GGA1",0,1,0,"0","0"
"GGCT",0,1,0,"0","0"
"GGCX",0,1,0,"0","0"
"GGT7",0,1,0,"0","0"
"GHR",0,2,0,"0","0"
"GIF",0,1,0,"0","0"
"GINS3",0,1,0,"0","0"
"GIPC1",0,1,0,"0","0"
"GJA5",0,1,0,"0","0"
"GJB2",13,0,0,"0","0"
"GJB3",0,1,0,"0","0"
"GJB5",0,1,0,"0","0"
"GJD2",0,2,0,"0","0"
"GJD4",0,1,0,"0","0"
"GK",0,1,0,"0","0"
"GK2",0,1,0,"0","0"
"GLB1",1,1,0,"0","0"
"GLB1L2",0,2,0,"0","0"
"GLB1L3",0,1,0,"0","0"
"GLDN",0,1,0,"0","0"
"GLG1",0,1,0,"0","0"
"GLI1",0,2,0,"0","0"
"GLI2",0,2,0,"0","0"
"GLI3",0,5,0,"0","0"
"GLIPR1L1",0,1,0,"0","0"
"GLIS3",0,2,0,"0","0"
"GLP1R",0,1,0,"0","0"
"GLRA4",0,1,0,"0","0"
"GLRB",0,1,0,"0","0"
"GLTSCR1",0,1,0,"0","0"
"GLTSCR1L",0,2,0,"0","0"
"GLYAT",0,1,0,"0","0"
"GLYATL1",0,1,0,"0","0"
"GLYCTK",0,1,0,"0","0"
"GMNC",0,2,0,"0","0"
"GMPPA",0,1,0,"0","0"
"GNA13",0,1,0,"0","0"
"GNAS",0,2,0,"0","0"
"GNAZ",0,1,0,"0","0"
"GNGT2",0,1,0,"0","0"
"GNL3L",0,1,0,"0","0"
"GNPTG",1,0,0,"0","0"
"GNRHR",2,0,0,"0","0"
"GOLGA2",0,1,0,"0","0"
"GOLGA4",0,2,0,"0","0"
"GOLGA5",0,1,0,"0","0"
"GON4L",0,3,0,"0","0"
"GOT1L1",0,2,0,"0","0"
"GP2",0,1,0,"0","0"
"GP9",1,0,0,"0","0"
"GPATCH1",0,2,0,"0","0"
"GPBP1",0,1,0,"0","0"
"GPC3",0,1,0,"0","0"
"GPC6",0,2,0,"0","0"
"GPD2",0,1,0,"0","0"
"GPLD1",0,1,0,"0","0"
"GPR108",0,1,0,"0","0"
"GPR110",0,2,0,"0","0"
"GPR111",0,2,0,"0","0"
"GPR112",0,3,0,"0","0"
"GPR113",0,2,0,"0","0"
"GPR115",0,2,0,"0","0"
"GPR116",0,1,0,"0","0"
"GPR119",0,1,0,"0","0"
"GPR123",0,1,0,"0","0"
"GPR124",0,1,0,"0","0"
"GPR125",0,2,0,"0","0"
"GPR137",0,2,0,"0","0"
"GPR139",0,1,0,"0","0"
"GPR141",0,1,0,"0","0"
"GPR144",0,1,0,"0","0"
"GPR149",0,1,0,"0","0"
"GPR153",0,1,0,"0","0"
"GPR158",0,3,0,"0","0"
"GPR162",0,1,0,"0","0"
"GPR176",0,2,0,"0","0"
"GPR179",0,4,0,"0","0"
"GPR19",0,1,0,"0","0"
"GPR20",0,2,0,"0","0"
"GPR26",0,1,0,"0","0"
"GPR27",0,1,0,"0","0"
"GPR34",0,1,0,"0","0"
"GPR37",0,3,0,"0","0"
"GPR39",0,1,0,"0","0"
"GPR50",0,1,0,"0","0"
"GPR52",0,2,0,"0","0"
"GPR63",0,2,0,"0","0"
"GPR65",0,1,0,"0","0"
"GPR68",0,1,0,"0","0"
"GPR83",0,1,0,"0","0"
"GPR97",0,2,0,"0","0"
"GPR98",0,6,0,"0","0"
"GPRC5B",0,2,0,"0","0"
"GPRIN1",0,1,0,"0","0"
"GPSM2",1,0,0,"0","0"
"GPT",0,1,0,"0","0"
"GPX8",0,1,0,"0","0"
"GRB7",0,1,0,"0","0"
"GREB1",0,2,0,"0","0"
"GREB1L",0,2,0,"0","0"
"GRHL2",0,1,0,"0","0"
"GRIA1",0,3,0,"0","0"
"GRIA2",0,1,0,"0","0"
"GRIA4",0,3,0,"0","0"
"GRID2",0,4,0,"0","0"
"GRID2IP",0,1,0,"0","0"
"GRIK1",0,1,0,"0","0"
"GRIK2",0,3,0,"0","0"
"GRIK3",0,2,0,"0","0"
"GRIK5",0,3,0,"0","0"
"GRIN2A",0,5,0,"0","0"
"GRIN2B",0,5,0,"0","0"
"GRIN3A",0,2,0,"0","0"
"GRIN3B",0,1,0,"0","0"
"GRIP1",0,1,0,"0","0"
"GRIPAP1",0,1,0,"0","0"
"GRK5",0,1,0,"0","0"
"GRM3",0,1,0,"0","0"
"GRM4",0,1,0,"0","0"
"GRM6",0,1,0,"0","0"
"GRM7",0,3,0,"0","0"
"GRM8",0,1,0,"0","0"
"GRXCR1",0,1,0,"0","0"
"GRXCR2",0,1,0,"0","0"
"GSDMA",0,1,0,"0","0"
"GSE1",0,1,0,"0","0"
"GSTA3",0,1,0,"0","0"
"GSTM3",0,1,0,"0","0"
"GSTP1",0,1,0,"0","0"
"GTDC1",0,2,0,"0","0"
"GTF2IRD1",0,2,0,"0","0"
"GTF3C1",0,3,0,"0","0"
"GUCY1A2",0,3,0,"0","0"
"GUCY1B3",0,1,0,"0","0"
"GUCY2C",0,4,0,"0","0"
"GUCY2D",0,1,0,"0","0"
"GYG1",0,1,0,"0","0"
"GYLTL1B",0,2,0,"0","0"
"GYS2",0,1,0,"0","0"
"H1FX",0,1,0,"0","0"
"H2BFM",0,1,0,"0","0"
"H6PD",0,1,0,"0","0"
"HADH",0,1,0,"0","0"
"HADHA",1,0,0,"0","0"
"HAND2",0,1,0,"0","0"
"HAO1",0,2,0,"0","0"
"HAO2",0,1,0,"0","0"
"HAPLN1",0,2,0,"0","0"
"HAPLN3",0,1,0,"0","0"
"HAPLN4",0,1,0,"0","0"
"HAVCR2",0,1,0,"0","0"
"HBB",1,2,0,"0","0"
"HBD",0,1,0,"0","0"
"HBE1",0,2,0,"0","0"
"HBP1",0,1,0,"0","0"
"HCFC1",0,2,0,"0","0"
"HCN1",0,1,0,"0","0"
"HCN3",0,2,0,"0","0"
"HCN4",0,1,0,"0","0"
"HDAC7",0,1,0,"0","0"
"HDAC9",0,3,0,"0","0"
"HDGFL1",0,1,0,"0","0"
"HDHD1",0,1,0,"0","0"
"HDLBP",0,1,0,"0","0"
"HDX",0,2,0,"0","0"
"HEATR1",0,2,0,"0","0"
"HEATR2",0,1,0,"0","0"
"HEATR4",0,2,0,"0","0"
"HEBP1",0,1,0,"0","0"
"HECTD1",0,1,0,"0","0"
"HECTD2",0,1,0,"0","0"
"HECTD4",0,5,0,"0","0"
"HECW1",0,4,0,"0","0"
"HECW2",0,3,0,"0","0"
"HEG1",0,1,0,"0","0"
"HEMGN",0,1,0,"0","0"
"HEMK1",0,1,0,"0","0"
"HENMT1",0,1,0,"0","0"
"HEPACAM",0,1,0,"0","0"
"HEPH",0,1,0,"0","0"
"HERC1",0,4,0,"0","0"
"HERC6",0,1,0,"0","0"
"HEXA",1,0,0,"0","0"
"HFE",0,1,0,"0","0"
"HFE2",0,1,0,"0","0"
"HFM1",0,3,0,"0","0"
"HGF",0,1,0,"0","0"
"HHIPL1",0,1,0,"0","0"
"HHLA1",0,2,0,"0","0"
"HIAT1",0,1,0,"0","0"
"HIBADH",0,1,0,"0","0"
"HIC1",0,1,0,"0","0"
"HIF1AN",0,1,0,"0","0"
"HIF3A",0,1,0,"0","0"
"HINFP",0,1,0,"0","0"
"HIP1",0,1,0,"0","0"
"HIP1R",0,1,0,"0","0"
"HIPK3",0,1,0,"0","0"
"HIPK4",0,1,0,"0","0"
"HIRA",0,1,0,"0","0"
"HIST1H1B",0,1,0,"0","0"
"HIST1H1C",0,1,0,"0","0"
"HIST1H1E",0,1,0,"0","0"
"HIST1H2BA",0,1,0,"0","0"
"HIST1H3F",0,1,0,"0","0"
"HIVEP1",0,4,0,"0","0"
"HIVEP2",0,3,0,"0","0"
"HIVEP3",0,2,0,"0","0"
"HJURP",0,1,0,"0","0"
"HK2",0,1,0,"0","0"
"HKDC1",0,1,0,"0","0"
"HLF",0,1,0,"0","0"
"HM13",0,1,0,"0","0"
"HMCN1",0,4,0,"0","0"
"HMGB1",0,1,0,"0","0"
"HMGB4",0,1,0,"0","0"
"HMGCL",1,1,0,"0","0"
"HMGCLL1",0,1,0,"0","0"
"HMGCS2",0,1,0,"0","0"
"HMGN3",0,1,0,"0","0"
"HMGXB4",0,1,0,"0","0"
"HMOX2",0,1,0,"0","0"
"HNF1A",0,1,0,"0","0"
"HNF4G",0,1,0,"0","0"
"HNRNPA2B1",0,1,0,"0","0"
"HNRNPF",0,1,0,"0","0"
"HNRNPH2",0,2,0,"0","0"
"HNRNPM",0,2,0,"0","0"
"HNRNPR",0,1,0,"0","0"
"HNRNPU",0,2,0,"0","0"
"HNRNPUL1",0,2,0,"0","0"
"HNRNPUL2-BSCL2",0,1,0,"0","0"
"HOMER2",0,1,0,"0","0"
"HOOK1",0,2,0,"0","0"
"HOOK2",0,1,0,"0","0"
"HOOK3",0,1,0,"0","0"
"HOXA2",0,1,0,"0","0"
"HOXA3",0,1,0,"0","0"
"HOXB13",0,1,0,"0","0"
"HOXB3",0,1,0,"0","0"
"HOXB9",0,1,0,"0","0"
"HOXC11",0,1,0,"0","0"
"HOXC13",0,1,0,"0","0"
"HOXC5",0,2,0,"0","0"
"HOXD12",0,1,0,"0","0"
"HOXD3",0,1,0,"0","0"
"HPS1",0,1,0,"0","0"
"HPS6",0,1,0,"0","0"
"HPSE2",0,2,0,"0","0"
"HR",0,1,0,"0","0"
"HRAS",0,3,0,"0","0"
"HRASLS5",0,1,0,"0","0"
"HRG",0,1,0,"0","0"
"HRH1",0,1,0,"0","0"
"HRH3",0,2,0,"0","0"
"HRNR",0,2,0,"0","0"
"HS1BP3",0,1,0,"0","0"
"HS3ST4",0,2,0,"0","0"
"HS6ST2",0,2,0,"0","0"
"HSD11B1",0,1,0,"0","0"
"HSD17B1",0,1,0,"0","0"
"HSD17B11",0,1,0,"0","0"
"HSD17B2",0,1,0,"0","0"
"HSD17B3",1,0,0,"0","0"
"HSD17B8",0,1,0,"0","0"
"HSF4",0,1,0,"0","0"
"HSF5",0,1,0,"0","0"
"HSP90AA1",0,1,0,"0","0"
"HSPA12B",0,2,0,"0","0"
"HSPA1L",0,1,0,"0","0"
"HSPB3",0,1,0,"0","0"
"HSPG2",0,5,0,"0","0"
"HSPH1",0,1,0,"0","0"
"HTR1D",0,2,0,"0","0"
"HTR1F",0,2,0,"0","0"
"HTR2A",0,1,0,"0","0"
"HTR3A",0,1,0,"0","0"
"HTR3E",0,1,0,"0","0"
"HTR4",0,1,0,"0","0"
"HTR5A-AS1",0,1,0,"0","0"
"HTRA1",0,1,0,"0","0"
"HTRA3",0,1,0,"0","0"
"HUWE1",0,3,0,"0","0"
"HYAL4",0,1,0,"0","0"
"HYOU1",0,1,0,"0","0"
"IARS2",0,1,0,"0","0"
"ICAM1",0,1,0,"0","0"
"ICAM5",0,1,0,"0","0"
"ICK",0,1,0,"0","0"
"IDE",0,1,0,"0","0"
"IDH2",0,2,0,"0","0"
"IDUA",1,0,0,"0","0"
"IER5L",0,1,0,"0","0"
"IFIH1",0,2,0,"0","0"
"IFIT1",0,1,0,"0","0"
"IFNA5",0,1,0,"0","0"
"IFNAR2",0,1,0,"0","0"
"IFNB1",0,1,0,"0","0"
"IFNGR2",0,1,0,"0","0"
"IFNLR1",0,1,0,"0","0"
"IFRD2",0,1,0,"0","0"
"IFT172",0,1,0,"0","0"
"IFT52",0,1,0,"0","0"
"IGDCC3",0,2,0,"0","0"
"IGF1R",0,2,0,"0","0"
"IGF2BP1",0,1,0,"0","0"
"IGF2BP2",0,1,0,"0","0"
"IGF2R",0,2,0,"0","0"
"IGFN1",0,2,0,"0","0"
"IGIP",0,1,0,"0","0"
"IGSF1",0,1,0,"0","0"
"IGSF10",0,3,0,"0","0"
"IGSF21",0,1,0,"0","0"
"IGSF23",0,1,0,"0","0"
"IGSF3",0,1,0,"0","0"
"IGSF5",0,1,0,"0","0"
"IGSF9B",0,4,0,"0","0"
"IK",0,1,0,"0","0"
"IKBKAP",0,2,0,"0","0"
"IKZF1",0,1,0,"0","0"
"IKZF2",0,1,0,"0","0"
"IL10RA",0,1,0,"0","0"
"IL12RB1",1,0,0,"0","0"
"IL12RB2",0,2,0,"0","0"
"IL13",0,2,0,"0","0"
"IL13RA1",0,1,0,"0","0"
"IL15",0,1,0,"0","0"
"IL16",0,1,0,"0","0"
"IL17A",0,1,0,"0","0"
"IL18R1",0,1,0,"0","0"
"IL19",0,1,0,"0","0"
"IL1RAP",0,1,0,"0","0"
"IL1RAPL1",0,1,0,"0","0"
"IL1RAPL2",0,3,0,"0","0"
"IL1RN",0,1,0,"0","0"
"IL21",0,1,0,"0","0"
"IL22RA1",0,2,0,"0","0"
"IL2RG",0,1,0,"0","0"
"IL36B",0,1,0,"0","0"
"IL36G",0,1,0,"0","0"
"IL37",0,1,0,"0","0"
"IL6R",0,1,0,"0","0"
"IL7R",0,1,0,"0","0"
"ILDR2",0,1,0,"0","0"
"ILVBL",0,1,0,"0","0"
"IMP4",0,1,0,"0","0"
"IMPACT",0,1,0,"0","0"
"IMPAD1",0,1,0,"0","0"
"IMPG1",0,1,0,"0","0"
"IMPG2",0,1,0,"0","0"
"INADL",0,1,0,"0","0"
"INCENP",0,1,0,"0","0"
"INHBA",0,2,0,"0","0"
"INMT",0,1,0,"0","0"
"INO80E",0,1,0,"0","0"
"INPP4A",0,1,0,"0","0"
"INPP4B",0,2,0,"0","0"
"INSC",0,1,0,"0","0"
"INSL5",0,1,0,"0","0"
"INSM2",0,1,0,"0","0"
"INSR",0,1,0,"0","0"
"INSRR",0,1,0,"0","0"
"INTS1",0,2,0,"0","0"
"INTS2",0,1,0,"0","0"
"INTS4",0,1,0,"0","0"
"INTS6",0,1,0,"0","0"
"INTU",0,1,0,"0","0"
"INVS",0,1,0,"0","0"
"IPO11",0,1,0,"0","0"
"IPO8",0,1,0,"0","0"
"IPPK",0,1,0,"0","0"
"IQCH",0,1,0,"0","0"
"IQGAP3",0,1,0,"0","0"
"IQUB",0,1,0,"0","0"
"IRAK2",0,1,0,"0","0"
"IRAK4",1,1,0,"0","0"
"IRF4",0,1,0,"0","0"
"IRF5",0,1,0,"0","0"
"IRG1",0,2,0,"0","0"
"IRGQ",0,1,0,"0","0"
"IRS1",0,1,0,"0","0"
"IRX1",0,1,0,"0","0"
"IRX3",0,1,0,"0","0"
"ISLR",0,1,0,"0","0"
"ISM2",0,1,0,"0","0"
"ISX",0,1,0,"0","0"
"ITCH",0,1,0,"0","0"
"ITGA11",0,1,0,"0","0"
"ITGA2B",0,1,0,"0","0"
"ITGA3",0,1,0,"0","0"
"ITGA4",0,1,0,"0","0"
"ITGA7",0,1,0,"0","0"
"ITGA8",0,1,0,"0","0"
"ITGA9",0,1,0,"0","0"
"ITGAD",0,1,0,"0","0"
"ITGAL",0,1,0,"0","0"
"ITIH1",0,1,0,"0","0"
"ITIH2",0,1,0,"0","0"
"ITIH5",0,1,0,"0","0"
"ITPR2",0,1,0,"0","0"
"IVL",0,2,0,"0","0"
"IVNS1ABP",0,1,0,"0","0"
"IYD",0,1,0,"0","0"
"JAG2",0,1,0,"0","0"
"JAK1",0,2,0,"0","0"
"JAKMIP1",0,1,0,"0","0"
"JAKMIP2",0,1,0,"0","0"
"JAKMIP3",0,1,0,"0","0"
"JARID2",0,1,0,"0","0"
"JAZF1",0,1,0,"0","0"
"JHDM1D",0,1,0,"0","0"
"JKAMP",0,1,0,"0","0"
"JPH2",0,1,0,"0","0"
"KAL1",0,2,0,"0","0"
"KANK4",0,1,0,"0","0"
"KANSL1",0,1,0,"0","0"
"KANSL1L",0,1,0,"0","0"
"KANSL2",0,1,0,"0","0"
"KAT6B",0,1,0,"0","0"
"KBTBD13",0,1,0,"0","0"
"KBTBD7",0,1,0,"0","0"
"KCMF1",0,1,0,"0","0"
"KCNA10",0,1,0,"0","0"
"KCNA3",0,1,0,"0","0"
"KCNA4",0,3,0,"0","0"
"KCNA5",0,1,0,"0","0"
"KCNA7",0,1,0,"0","0"
"KCNAB1",0,1,0,"0","0"
"KCNAB2",0,1,0,"0","0"
"KCNB1",0,1,0,"0","0"
"KCNC3",0,2,0,"0","0"
"KCNC4",0,1,0,"0","0"
"KCND2",0,1,0,"0","0"
"KCND3",0,1,0,"0","0"
"KCNF1",0,2,0,"0","0"
"KCNG1",0,2,0,"0","0"
"KCNH1",0,1,0,"0","0"
"KCNH3",0,1,0,"0","0"
"KCNH5",0,1,0,"0","0"
"KCNH8",0,4,0,"0","0"
"KCNIP2",0,1,0,"0","0"
"KCNJ2",0,1,0,"0","0"
"KCNJ3",0,1,0,"0","0"
"KCNJ8",0,1,0,"0","0"
"KCNK1",0,1,0,"0","0"
"KCNK12",0,1,0,"0","0"
"KCNK2",0,1,0,"0","0"
"KCNK3",0,1,0,"0","0"
"KCNK9",0,1,0,"0","0"
"KCNMA1",0,1,0,"0","0"
"KCNMB2",0,1,0,"0","0"
"KCNMB4",0,1,0,"0","0"
"KCNN2",0,1,0,"0","0"
"KCNQ2",0,1,0,"0","0"
"KCNQ3",0,1,0,"0","0"
"KCNQ4",0,1,0,"0","0"
"KCNQ5",0,3,0,"0","0"
"KCNS2",0,1,0,"0","0"
"KCNT1",0,2,0,"0","0"
"KCNT2",0,1,0,"0","0"
"KCNU1",0,1,0,"0","0"
"KCTD13",0,1,0,"0","0"
"KCTD14",0,1,0,"0","0"
"KCTD21",0,1,0,"0","0"
"KCTD8",0,2,0,"0","0"
"KDM3B",0,2,0,"0","0"
"KDM4A",0,2,0,"0","0"
"KDM4B",0,1,0,"0","0"
"KDM5A",0,1,0,"0","0"
"KDM5C",0,1,0,"0","0"
"KDM6A",0,1,0,"0","0"
"KDM6B",0,1,0,"0","0"
"KDR",0,12,0,"0","0"
"KEAP1",0,1,0,"0","0"
"KEL",0,1,0,"0","0"
"KIAA0087",0,1,0,"0","0"
"KIAA0125",0,1,0,"0","0"
"KIAA0196",0,1,0,"0","0"
"KIAA0226",0,2,0,"0","0"
"KIAA0232",0,2,0,"0","0"
"KIAA0355",0,1,0,"0","0"
"KIAA0408",0,1,0,"0","0"
"KIAA0556",0,3,0,"0","0"
"KIAA0586",5,2,0,"0","0"
"KIAA0753",0,1,0,"0","0"
"KIAA0895",0,2,0,"0","0"
"KIAA0922",0,1,0,"0","0"
"KIAA1009",0,1,0,"0","0"
"KIAA1107",0,1,0,"0","0"
"KIAA1109",0,3,0,"0","0"
"KIAA1210",0,2,0,"0","0"
"KIAA1211",0,3,0,"0","0"
"KIAA1217",0,1,0,"0","0"
"KIAA1239",0,3,0,"0","0"
"KIAA1244",0,3,0,"0","0"
"KIAA1324",0,1,0,"0","0"
"KIAA1522",0,1,0,"0","0"
"KIAA1549",0,1,0,"0","0"
"KIAA1549L",0,1,0,"0","0"
"KIAA1614",0,1,0,"0","0"
"KIAA1644",0,1,0,"0","0"
"KIAA1737",0,1,0,"0","0"
"KIAA1755",0,1,0,"0","0"
"KIAA1958",0,2,0,"0","0"
"KIAA2022",0,3,0,"0","0"
"KIDINS220",0,1,0,"0","0"
"KIF13A",0,1,0,"0","0"
"KIF13B",0,1,0,"0","0"
"KIF14",0,1,0,"0","0"
"KIF17",0,2,0,"0","0"
"KIF18A",0,1,0,"0","0"
"KIF19",0,2,0,"0","0"
"KIF1A",0,2,0,"0","0"
"KIF1B",0,1,0,"0","0"
"KIF20A",0,1,0,"0","0"
"KIF21A",0,4,0,"0","0"
"KIF24",0,3,0,"0","0"
"KIF25",0,1,0,"0","0"
"KIF26A",0,2,0,"0","0"
"KIF26B",0,2,0,"0","0"
"KIF2B",0,1,0,"0","0"
"KIF3B",0,1,0,"0","0"
"KIF5A",0,1,0,"0","0"
"KIF5C",0,1,0,"0","0"
"KIF7",0,1,0,"0","0"
"KIFC1",0,1,0,"0","0"
"KIFC2",0,1,0,"0","0"
"KIFC3",0,1,0,"0","0"
"KIRREL",0,1,0,"0","0"
"KIRREL3",0,1,0,"0","0"
"KISS1R",0,1,0,"0","0"
"KIT",0,1,0,"0","0"
"KITLG",0,1,0,"0","0"
"KL",0,1,0,"0","0"
"KLB",0,2,0,"0","0"
"KLC4",0,1,0,"0","0"
"KLF14",0,1,0,"0","0"
"KLF17",0,1,0,"0","0"
"KLF2",0,1,0,"0","0"
"KLF3",0,1,0,"0","0"
"KLF8",0,1,0,"0","0"
"KLHDC1",0,2,0,"0","0"
"KLHDC4",0,1,0,"0","0"
"KLHDC7A",0,2,0,"0","0"
"KLHL1",0,1,0,"0","0"
"KLHL11",0,1,0,"0","0"
"KLHL17",0,1,0,"0","0"
"KLHL2",0,1,0,"0","0"
"KLHL20",0,1,0,"0","0"
"KLHL23",0,1,0,"0","0"
"KLHL24",0,1,0,"0","0"
"KLHL28",0,1,0,"0","0"
"KLHL3",0,1,0,"0","0"
"KLHL32",0,1,0,"0","0"
"KLHL33",0,1,0,"0","0"
"KLHL34",0,2,0,"0","0"
"KLHL40",0,1,0,"0","0"
"KLHL7",0,1,0,"0","0"
"KLK10",0,1,0,"0","0"
"KLK13",0,1,0,"0","0"
"KLK4",0,2,0,"0","0"
"KLK5",0,1,0,"0","0"
"KLK8",0,2,0,"0","0"
"KMO",0,1,0,"0","0"
"KMT2A",0,1,0,"0","0"
"KMT2B",0,2,0,"0","0"
"KMT2C",0,3,0,"0","0"
"KMT2D",0,5,0,"0","0"
"KMT2E",0,2,0,"0","0"
"KNDC1",0,1,0,"0","0"
"KNG1",0,1,0,"0","0"
"KNSTRN",0,1,0,"0","0"
"KPNA5",0,1,0,"0","0"
"KPNA6",0,2,0,"0","0"
"KRAS",0,2,0,"0","0"
"KREMEN1",0,1,0,"0","0"
"KRIT1",0,1,0,"0","0"
"KRR1",0,1,0,"0","0"
"KRT1",0,1,0,"0","0"
"KRT10",0,1,0,"0","0"
"KRT13",0,1,0,"0","0"
"KRT2",0,2,0,"0","0"
"KRT3",0,1,0,"0","0"
"KRT32",0,1,0,"0","0"
"KRT71",0,1,0,"0","0"
"KRT72",0,1,0,"0","0"
"KRT78",0,2,0,"0","0"
"KRT8",0,1,0,"0","0"
"KRT80",0,1,0,"0","0"
"KRT82",0,2,0,"0","0"
"KRT83",0,1,0,"0","0"
"KRT84",0,1,0,"0","0"
"KRTAP1-5",0,1,0,"0","0"
"KRTAP10-10",0,1,0,"0","0"
"KRTAP10-11",0,1,0,"0","0"
"KRTAP10-8",0,1,0,"0","0"
"KRTAP11-1",0,1,0,"0","0"
"KRTAP13-4",0,1,0,"0","0"
"KRTAP19-1",0,1,0,"0","0"
"KRTAP19-4",0,1,0,"0","0"
"KRTAP19-7",0,1,0,"0","0"
"KRTAP25-1",0,1,0,"0","0"
"KRTAP27-1",0,1,0,"0","0"
"KRTAP6-1",0,1,0,"0","0"
"KRTCAP2",0,1,0,"0","0"
"KSR1",0,1,0,"0","0"
"KSR2",0,4,0,"0","0"
"KTN1",0,1,0,"0","0"
"KYNU",0,1,0,"0","0"
"L1CAM",0,1,0,"0","0"
"L1TD1",0,1,0,"0","0"
"L3MBTL4",0,2,0,"0","0"
"LACTB",0,1,0,"0","0"
"LAD1",0,2,0,"0","0"
"LAIR1",0,1,0,"0","0"
"LAMA1",0,4,0,"0","0"
"LAMA2",0,4,0,"0","0"
"LAMA3",1,1,0,"0","0"
"LAMA5",0,1,0,"0","0"
"LAMB1",0,2,0,"0","0"
"LAMB2",0,1,0,"0","0"
"LAMB3",1,4,0,"0","0"
"LAMB4",0,2,0,"0","0"
"LAMC1",0,1,0,"0","0"
"LAMC2",0,1,0,"0","0"
"LAMC3",0,3,0,"0","0"
"LARP4",0,1,0,"0","0"
"LAS1L",0,1,0,"0","0"
"LAT2",0,2,0,"0","0"
"LATS1",0,2,0,"0","0"
"LAX1",0,1,0,"0","0"
"LCA5L",0,1,0,"0","0"
"LCAT",0,1,0,"0","0"
"LCE5A",0,1,0,"0","0"
"LCNL1",0,1,0,"0","0"
"LCOR",0,1,0,"0","0"
"LCORL",0,1,0,"0","0"
"LCP1",0,1,0,"0","0"
"LCP2",0,1,0,"0","0"
"LCT",0,1,0,"0","0"
"LCTL",0,1,0,"0","0"
"LDB2",0,1,0,"0","0"
"LDHD",0,1,0,"0","0"
"LDLR",0,1,0,"0","0"
"LDLRAD1",0,1,0,"0","0"
"LDLRAD4",0,1,0,"0","0"
"LEF1",0,2,0,"0","0"
"LEKR1",0,1,0,"0","0"
"LEMD3",0,1,0,"0","0"
"LEPRE1",0,1,0,"0","0"
"LEPREL1",0,2,0,"0","0"
"LGALS16",0,1,0,"0","0"
"LGI1",0,1,0,"0","0"
"LGMN",0,1,0,"0","0"
"LGR5",0,2,0,"0","0"
"LGSN",0,1,0,"0","0"
"LHCGR",0,1,0,"0","0"
"LHX3",0,1,0,"0","0"
"LHX5",0,2,0,"0","0"
"LHX8",0,3,0,"0","0"
"LHX9",0,1,0,"0","0"
"LIG4",0,1,0,"0","0"
"LILRB4",0,1,0,"0","0"
"LILRB5",0,1,0,"0","0"
"LIMA1",0,2,0,"0","0"
"LIMD1",0,1,0,"0","0"
"LIN54",0,1,0,"0","0"
"LIN9",0,1,0,"0","0"
"LINC00696",0,1,0,"0","0"
"LINGO4",0,1,0,"0","0"
"LIPA",1,0,0,"0","0"
"LIPF",0,1,0,"0","0"
"LIPG",0,1,0,"0","0"
"LIPT2",0,1,0,"0","0"
"LMBR1L",0,1,0,"0","0"
"LMNB2",0,1,0,"0","0"
"LMO7",0,1,0,"0","0"
"LMOD1",0,3,0,"0","0"
"LMOD2",0,1,0,"0","0"
"LMTK3",0,1,0,"0","0"
"LMX1A",0,2,0,"0","0"
"LMX1B",0,1,0,"0","0"
"LOH12CR1",0,1,0,"0","0"
"LONRF2",0,1,0,"0","0"
"LPA",0,2,0,"0","0"
"LPAR5",0,1,0,"0","0"
"LPCAT1",0,1,0,"0","0"
"LPGAT1",0,1,0,"0","0"
"LPHN1",0,1,0,"0","0"
"LPHN2",0,2,0,"0","0"
"LPHN3",0,2,0,"0","0"
"LPIN1",0,1,0,"0","0"
"LPIN3",0,1,0,"0","0"
"LPL",0,1,0,"0","0"
"LPPR4",0,2,0,"0","0"
"LPPR5",0,1,0,"0","0"
"LRBA",1,0,0,"0","0"
"LRCH1",0,1,0,"0","0"
"LRCH2",0,1,0,"0","0"
"LRFN1",0,2,0,"0","0"
"LRFN2",0,2,0,"0","0"
"LRFN5",0,2,0,"0","0"
"LRIG1",0,1,0,"0","0"
"LRP1",0,2,0,"0","0"
"LRP10",0,1,0,"0","0"
"LRP1B",0,8,0,"0","0"
"LRP2",0,8,0,"0","0"
"LRP3",0,1,0,"0","0"
"LRP4",0,1,0,"0","0"
"LRP6",0,1,0,"0","0"
"LRPPRC",0,4,0,"0","0"
"LRRC14B",0,1,0,"0","0"
"LRRC15",0,1,0,"0","0"
"LRRC16A",0,2,0,"0","0"
"LRRC16B",0,6,0,"0","0"
"LRRC17",0,1,0,"0","0"
"LRRC2",0,1,0,"0","0"
"LRRC3",0,1,0,"0","0"
"LRRC36",0,2,0,"0","0"
"LRRC4",0,1,0,"0","0"
"LRRC40",0,1,0,"0","0"
"LRRC42",0,1,0,"0","0"
"LRRC46",0,1,0,"0","0"
"LRRC4C",0,2,0,"0","0"
"LRRC53",0,1,0,"0","0"
"LRRC6",0,1,0,"0","0"
"LRRC66",0,1,0,"0","0"
"LRRC7",0,5,0,"0","0"
"LRRC8B",0,1,0,"0","0"
"LRRC8D",0,1,0,"0","0"
"LRRC9",0,2,0,"0","0"
"LRRCC1",0,3,0,"0","0"
"LRRIQ1",0,1,0,"0","0"
"LRRIQ3",0,1,0,"0","0"
"LRRK1",0,1,0,"0","0"
"LRRK2",0,6,0,"0","0"
"LRRN2",0,1,0,"0","0"
"LRRN4",0,1,0,"0","0"
"LRRTM2",0,1,0,"0","0"
"LRRTM3",0,1,0,"0","0"
"LRRTM4",0,1,0,"0","0"
"LRSAM1",0,2,0,"0","0"
"LSAMP",0,1,0,"0","0"
"LSG1",0,1,0,"0","0"
"LSS",0,1,0,"0","0"
"LTF",0,1,0,"0","0"
"LTN1",0,2,0,"0","0"
"LUM",0,1,0,"0","0"
"LUZP2",0,2,0,"0","0"
"LUZP4",0,1,0,"0","0"
"LY75-CD302",0,1,0,"0","0"
"LY9",0,2,0,"0","0"
"LYPLA2",0,1,0,"0","0"
"LYST",0,1,0,"0","0"
"LZTFL1",0,1,0,"0","0"
"LZTR1",1,0,0,"0","0"
"LZTS1",0,1,0,"0","0"
"M1AP",0,2,0,"0","0"
"MAATS1",0,1,0,"0","0"
"MAB21L1",0,1,0,"0","0"
"MACF1",0,3,0,"0","0"
"MADD",0,3,0,"0","0"
"MAEL",0,2,0,"0","0"
"MAF",0,1,0,"0","0"
"MAGEB1",0,1,0,"0","0"
"MAGEB16",0,1,0,"0","0"
"MAGEB2",0,1,0,"0","0"
"MAGEB3",0,2,0,"0","0"
"MAGEB5",0,1,0,"0","0"
"MAGEC1",0,2,0,"0","0"
"MAGEC3",0,1,0,"0","0"
"MAGED1",0,1,0,"0","0"
"MAGED2",0,1,0,"0","0"
"MAGEE1",0,2,0,"0","0"
"MAGEE2",0,1,0,"0","0"
"MAGEL2",0,4,0,"0","0"
"MAGI2",0,1,0,"0","0"
"MAGI3",0,2,0,"0","0"
"MALT1",0,2,0,"0","0"
"MAMDC2",0,1,0,"0","0"
"MAMDC4",0,1,0,"0","0"
"MAML3",0,1,0,"0","0"
"MAN2A1",0,1,0,"0","0"
"MAP10",0,2,0,"0","0"
"MAP1A",0,2,0,"0","0"
"MAP1B",0,2,0,"0","0"
"MAP2",0,2,0,"0","0"
"MAP2K1",0,1,0,"0","0"
"MAP3K10",0,3,0,"0","0"
"MAP3K11",0,1,0,"0","0"
"MAP3K4",0,2,0,"0","0"
"MAP3K6",0,1,0,"0","0"
"MAP3K9",0,3,0,"0","0"
"MAP4K1",0,1,0,"0","0"
"MAP4K3",0,1,0,"0","0"
"MAP4K4",0,1,0,"0","0"
"MAP7",0,2,0,"0","0"
"MAP7D2",0,3,0,"0","0"
"MAP7D3",0,1,0,"0","0"
"MAPK3",0,1,0,"0","0"
"MAPK7",0,1,0,"0","0"
"MAPK8IP1",0,1,0,"0","0"
"MAPK8IP2",0,1,0,"0","0"
"MAPK8IP3",0,1,0,"0","0"
"MAPT",0,2,0,"0","0"
"MARC1",0,1,0,"0","0"
"MARCH10",0,2,0,"0","0"
"MARCH4",0,1,0,"0","0"
"MARK1",0,1,0,"0","0"
"MARK3",0,2,0,"0","0"
"MAS1L",0,1,0,"0","0"
"MASP1",0,1,0,"0","0"
"MASP2",0,1,0,"0","0"
"MAST1",0,2,0,"0","0"
"MAST2",0,1,0,"0","0"
"MAST3",0,1,0,"0","0"
"MAT1A",0,1,0,"0","0"
"MATK",0,1,0,"0","0"
"MATN2",0,3,0,"0","0"
"MATN3",0,1,0,"0","0"
"MATR3",0,1,0,"0","0"
"MBD1",0,2,0,"0","0"
"MBD5",0,1,0,"0","0"
"MBOAT2",0,1,0,"0","0"
"MBTPS2",0,1,0,"0","0"
"MC5R",0,1,0,"0","0"
"MCF2L2",0,1,0,"0","0"
"MCIDAS",0,1,0,"0","0"
"MCM2",0,1,0,"0","0"
"MCM4",0,1,0,"0","0"
"MCM5",0,1,0,"0","0"
"MCOLN2",0,1,0,"0","0"
"MCPH1",2,0,0,"0","0"
"MCTP1",0,1,0,"0","0"
"MCTP2",0,2,0,"0","0"
"MDC1",0,1,0,"0","0"
"MDFIC",0,1,0,"0","0"
"MDGA1",0,1,0,"0","0"
"MDN1",0,3,0,"0","0"
"ME3",0,2,0,"0","0"
"MECOM",0,5,0,"0","0"
"MED1",0,1,0,"0","0"
"MED12",0,3,0,"0","0"
"MED12L",0,4,0,"0","0"
"MED13",0,1,0,"0","0"
"MED13L",0,1,0,"0","0"
"MED14",0,1,0,"0","0"
"MEF2C",0,1,0,"0","0"
"MEFV",4,0,0,"0","0"
"MEGF10",0,1,0,"0","0"
"MEGF11",0,1,0,"0","0"
"MEGF6",0,2,0,"0","0"
"MEGF8",0,3,0,"0","0"
"MEI1",0,1,0,"0","0"
"MEIOB",0,1,0,"0","0"
"MEIS1",0,1,0,"0","0"
"MEP1A",0,1,0,"0","0"
"MEP1B",0,1,0,"0","0"
"MERTK",0,1,0,"0","0"
"MEST",0,1,0,"0","0"
"MET",0,1,0,"0","0"
"METRNL",0,1,0,"0","0"
"METTL11B",0,1,0,"0","0"
"METTL3",0,1,0,"0","0"
"METTL9",0,1,0,"0","0"
"MFAP3L",0,1,0,"0","0"
"MFI2",0,1,0,"0","0"
"MFN2",0,1,0,"0","0"
"MFRP",0,1,0,"0","0"
"MFSD1",0,1,0,"0","0"
"MFSD6",0,1,0,"0","0"
"MFSD6L",0,1,0,"0","0"
"MFSD9",0,2,0,"0","0"
"MGA",0,2,0,"0","0"
"MGAM",0,2,0,"0","0"
"MGAT4C",0,1,0,"0","0"
"MGAT5B",0,1,0,"0","0"
"MGRN1",0,2,0,"0","0"
"MIA3",0,1,0,"0","0"
"MICAL2",0,1,0,"0","0"
"MICALCL",0,1,0,"0","0"
"MICALL2",0,1,0,"0","0"
"MICU2",0,3,0,"0","0"
"MID1",0,1,0,"0","0"
"MID1IP1",0,1,0,"0","0"
"MID2",0,1,0,"0","0"
"MIEF1",0,1,0,"0","0"
"MIOX",0,1,0,"0","0"
"MIP",0,1,0,"0","0"
"MIPEP",0,1,0,"0","0"
"MISP",0,1,0,"0","0"
"MITD1",0,1,0,"0","0"
"MITF",1,1,0,"0","0"
"MKI67",0,5,0,"0","0"
"MKL1",0,1,0,"0","0"
"MKNK2",0,1,0,"0","0"
"MKS1",0,1,0,"0","0"
"MLC1",0,1,0,"0","0"
"MLF2",0,1,0,"0","0"
"MLH3",0,1,0,"0","0"
"MLLT3",0,2,0,"0","0"
"MLLT4",0,2,0,"0","0"
"MLNR",0,1,0,"0","0"
"MLPH",0,1,0,"0","0"
"MLXIPL",0,1,0,"0","0"
"MMAA",1,0,0,"0","0"
"MMAB",1,0,0,"0","0"
"MMD",0,1,0,"0","0"
"MME",0,1,0,"0","0"
"MMP1",0,1,0,"0","0"
"MMP11",0,1,0,"0","0"
"MMP16",0,1,0,"0","0"
"MMP17",0,1,0,"0","0"
"MMP8",0,2,0,"0","0"
"MMP9",0,1,0,"0","0"
"MMRN2",0,2,0,"0","0"
"MMS22L",0,2,0,"0","0"
"MN1",0,1,0,"0","0"
"MNDA",0,1,0,"0","0"
"MOCOS",0,2,0,"0","0"
"MOCS1",0,1,0,"0","0"
"MOCS3",0,1,0,"0","0"
"MOGAT2",0,1,0,"0","0"
"MOK",0,1,0,"0","0"
"MORC1",0,2,0,"0","0"
"MORC4",0,3,0,"0","0"
"MORF4L1",0,1,0,"0","0"
"MOS",0,2,0,"0","0"
"MOSPD2",0,1,0,"0","0"
"MOV10",0,3,0,"0","0"
"MOXD1",0,2,0,"0","0"
"MPHOSPH9",0,1,0,"0","0"
"MPI",0,1,0,"0","0"
"MPL",0,1,0,"0","0"
"MPO",3,1,0,"0","0"
"MPP1",0,1,0,"0","0"
"MPP6",0,1,0,"0","0"
"MPPE1",0,1,0,"0","0"
"MPPED2",0,1,0,"0","0"
"MPZL2",3,1,0,"0","0"
"MRAP2",0,1,0,"0","0"
"MRC2",0,3,0,"0","0"
"MRE11",1,0,0,"0","0"
"MRE11A",0,1,0,"0","0"
"MRGPRG",0,1,0,"0","0"
"MRGPRX1",0,1,0,"0","0"
"MROH2A",0,2,0,"0","0"
"MROH2B",0,2,0,"0","0"
"MROH7",0,3,0,"0","0"
"MROH8",0,1,0,"0","0"
"MROH9",0,2,0,"0","0"
"MRPL18",0,1,0,"0","0"
"MRPL38",0,1,0,"0","0"
"MRPL44",1,1,0,"0","0"
"MRPS5",0,1,0,"0","0"
"MRVI1",0,1,0,"0","0"
"MS4A1",0,1,0,"0","0"
"MS4A12",0,1,0,"0","0"
"MS4A14",0,1,0,"0","0"
"MS4A2",0,1,0,"0","0"
"MS4A3",0,1,0,"0","0"
"MS4A5",0,1,0,"0","0"
"MSANTD2",0,1,0,"0","0"
"MSGN1",0,2,0,"0","0"
"MSH2",2,0,0,"0","0"
"MSH3",0,1,0,"0","0"
"MSH5",0,1,0,"0","0"
"MSH6",1,1,0,"0","0"
"MSL1",0,1,0,"0","0"
"MSL2",0,1,0,"0","0"
"MSLN",0,1,0,"0","0"
"MSMB",0,1,0,"0","0"
"MSN",0,1,0,"0","0"
"MSRA",0,1,0,"0","0"
"MST4",0,2,0,"0","0"
"MSTN",0,1,0,"0","0"
"MT-CO1",0,1,0,"0","0"
"MT-CYB",0,1,0,"0","0"
"MTF1",0,1,0,"0","0"
"MTFMT",1,0,0,"0","0"
"MTHFD1L",0,1,0,"0","0"
"MTHFSD",0,1,0,"0","0"
"MTMR11",0,1,0,"0","0"
"MTMR2",0,2,0,"0","0"
"MTMR3",0,2,0,"0","0"
"MTMR8",0,2,0,"0","0"
"MTMR9",0,2,0,"0","0"
"MTNR1A",0,2,0,"0","0"
"MTNR1B",0,1,0,"0","0"
"MTPN",0,1,0,"0","0"
"MTR",0,1,0,"0","0"
"MTRR",0,1,0,"0","0"
"MTSS1L",0,1,0,"0","0"
"MTTP",0,2,0,"0","0"
"MTUS2",0,5,0,"0","0"
"MUC12",0,2,0,"0","0"
"MUC13",0,1,0,"0","0"
"MUC15",0,1,0,"0","0"
"MUC16",0,12,0,"0","0"
"MUC19",0,2,0,"0","0"
"MUC2",0,3,0,"0","0"
"MUC22",0,2,0,"0","0"
"MUC4",0,1,0,"0","0"
"MUC5B",0,1,0,"0","0"
"MUC6",0,1,0,"0","0"
"MUM1L1",0,1,0,"0","0"
"MUSK",0,1,0,"0","0"
"MUTYH",3,0,0,"0","0"
"MVB12B",0,1,0,"0","0"
"MVP",0,1,0,"0","0"
"MX1",0,1,0,"0","0"
"MXRA5",0,2,0,"0","0"
"MXRA8",0,1,0,"0","0"
"MYBL2",0,1,0,"0","0"
"MYBPC1",0,1,0,"0","0"
"MYBPC2",0,1,0,"0","0"
"MYBPC3",1,1,0,"0","0"
"MYBPHL",0,1,0,"0","0"
"MYC",0,1,0,"0","0"
"MYCBP2",0,4,0,"0","0"
"MYCBPAP",0,1,0,"0","0"
"MYCN",0,1,0,"0","0"
"MYEF2",0,2,0,"0","0"
"MYF6",0,1,0,"0","0"
"MYH1",0,3,0,"0","0"
"MYH11",0,1,0,"0","0"
"MYH13",0,3,0,"0","0"
"MYH14",0,3,0,"0","0"
"MYH15",0,1,0,"0","0"
"MYH2",0,1,0,"0","0"
"MYH3",0,3,0,"0","0"
"MYH4",0,1,0,"0","0"
"MYH7",0,3,0,"0","0"
"MYH7B",0,1,0,"0","0"
"MYH8",0,2,0,"0","0"
"MYL1",0,1,0,"0","0"
"MYLIP",0,1,0,"0","0"
"MYLK2",0,1,0,"0","0"
"MYLK4",0,1,0,"0","0"
"MYO10",0,3,0,"0","0"
"MYO15A",1,5,1,"1","1"
"MYO16",0,3,0,"0","0"
"MYO18A",0,2,0,"0","0"
"MYO18B",0,5,0,"0","0"
"MYO1A",0,3,0,"0","0"
"MYO1B",0,1,0,"0","0"
"MYO1F",0,3,0,"0","0"
"MYO1H",0,1,0,"0","0"
"MYO3A",0,3,0,"0","0"
"MYO5A",0,3,0,"0","0"
"MYO7A",1,1,0,"0","0"
"MYO7B",0,3,0,"0","0"
"MYO9B",0,3,0,"0","0"
"MYOC",0,1,0,"0","0"
"MYOCD",0,1,0,"0","0"
"MYOG",0,1,0,"0","0"
"MYOM1",0,1,0,"0","0"
"MYOM2",0,2,0,"0","0"
"MYOM3",0,1,0,"0","0"
"MYOZ1",0,2,0,"0","0"
"MYPN",0,2,0,"0","0"
"MYRF",0,1,0,"0","0"
"MYRIP",0,2,0,"0","0"
"MYT1",0,2,0,"0","0"
"N4BP2",0,2,0,"0","0"
"NAA16",0,1,0,"0","0"
"NAA35",0,1,0,"0","0"
"NAA50",0,1,0,"0","0"
"NAALADL1",0,1,0,"0","0"
"NACAD",0,1,0,"0","0"
"NACC1",0,1,0,"0","0"
"NADSYN1",1,0,0,"0","0"
"NAGLU",0,1,0,"0","0"
"NALCN",0,2,0,"0","0"
"NANOGNB",0,1,0,"0","0"
"NAP1L2",0,1,0,"0","0"
"NAP1L5",0,1,0,"0","0"
"NAPEPLD",0,1,0,"0","0"
"NAT10",0,1,0,"0","0"
"NAT16",0,1,0,"0","0"
"NAV1",0,2,0,"0","0"
"NAV2",0,2,0,"0","0"
"NAV3",0,1,0,"0","0"
"NBAS",0,2,0,"0","0"
"NBN",1,0,0,"0","0"
"NCAM1",0,1,0,"0","0"
"NCAM2",0,3,0,"0","0"
"NCAN",0,2,0,"0","0"
"NCAPD3",0,2,0,"0","0"
"NCAPH",0,1,0,"0","0"
"NCDN",0,1,0,"0","0"
"NCF1",1,0,0,"0","0"
"NCKAP1L",0,2,0,"0","0"
"NCKAP5",0,7,0,"0","0"
"NCKIPSD",0,1,0,"0","0"
"NCL",0,1,0,"0","0"
"NCOA1",0,1,0,"0","0"
"NCOA3",0,1,0,"0","0"
"NDN",0,1,0,"0","0"
"NDRG3",0,1,0,"0","0"
"NDST1",0,2,0,"0","0"
"NDST3",0,1,0,"0","0"
"NDST4",0,1,0,"0","0"
"NDUFAF5",0,1,0,"0","0"
"NDUFB3",1,0,0,"0","0"
"NDUFS7",0,1,0,"0","0"
"NDUFV1",0,1,0,"0","0"
"NDUFV3",0,1,0,"0","0"
"NEB",1,5,0,"0","0"
"NECAB2",0,1,0,"0","0"
"NECAB3",0,1,0,"0","0"
"NEDD1",0,1,0,"0","0"
"NEDD9",0,1,0,"0","0"
"NEFM",0,1,0,"0","0"
"NEK1",0,1,0,"0","0"
"NEK4",0,1,0,"0","0"
"NELL2",0,1,0,"0","0"
"NEO1",0,1,0,"0","0"
"NETO1",0,1,0,"0","0"
"NEU4",0,1,0,"0","0"
"NEUROD1",0,1,0,"0","0"
"NEUROD4",0,1,0,"0","0"
"NF1",0,2,0,"0","0"
"NFASC",0,3,0,"0","0"
"NFAT5",0,4,0,"0","0"
"NFATC2IP",0,1,0,"0","0"
"NFIB",0,1,0,"0","0"
"NFIC",0,1,0,"0","0"
"NFIX",0,1,0,"0","0"
"NFKBIZ",0,1,0,"0","0"
"NGEF",0,1,0,"0","0"
"NGRN",0,1,0,"0","0"
"NID1",0,3,0,"0","0"
"NIN",0,1,0,"0","0"
"NIPAL3",0,1,0,"0","0"
"NIPAL4",0,2,0,"0","0"
"NIPBL",0,3,0,"0","0"
"NKAIN2",0,1,0,"0","0"
"NKAP",0,1,0,"0","0"
"NKX2-4",0,1,0,"0","0"
"NKX3-1",0,1,0,"0","0"
"NLGN1",0,2,0,"0","0"
"NLGN3",0,1,0,"0","0"
"NLRP10",0,1,0,"0","0"
"NLRP13",0,2,0,"0","0"
"NLRP14",0,1,0,"0","0"
"NLRP2",0,1,0,"0","0"
"NLRP3",0,1,0,"0","0"
"NLRP4",0,3,0,"0","0"
"NLRP5",0,3,0,"0","0"
"NLRX1",0,1,0,"0","0"
"NMNAT1",1,0,0,"0","0"
"NMNAT3",0,1,0,"0","0"
"NMS",0,1,0,"0","0"
"NMU",0,1,0,"0","0"
"NNT",0,2,0,"0","0"
"NOBOX",0,1,0,"0","0"
"NOD2",0,1,0,"0","0"
"NOS1",0,4,0,"0","0"
"NOS1AP",0,2,0,"0","0"
"NOS3",0,1,0,"0","0"
"NOSIP",0,1,0,"0","0"
"NOTCH1",0,5,0,"0","0"
"NOTCH2",0,4,0,"0","0"
"NOTCH4",0,1,0,"0","0"
"NOTUM",0,1,0,"0","0"
"NOV",0,2,0,"0","0"
"NOVA1",0,1,0,"0","0"
"NOVA2",0,1,0,"0","0"
"NOX1",0,1,0,"0","0"
"NOX5",0,1,0,"0","0"
"NPAP1",0,2,0,"0","0"
"NPAS3",0,1,0,"0","0"
"NPAT",0,1,0,"0","0"
"NPBWR1",0,1,0,"0","0"
"NPC1",1,0,0,"0","0"
"NPC1L1",0,2,0,"0","0"
"NPFFR1",0,1,0,"0","0"
"NPFFR2",0,1,0,"0","0"
"NPHP1",0,1,0,"0","0"
"NPHP3",1,1,0,"0","0"
"NPHP4",0,1,0,"0","0"
"NPHS1",1,0,0,"0","0"
"NPHS2",0,1,0,"0","0"
"NPLOC4",0,1,0,"0","0"
"NPR3",0,1,0,"0","0"
"NPTX1",0,1,0,"0","0"
"NPY1R",0,1,0,"0","0"
"NPY4R",0,1,0,"0","0"
"NR1D1",0,1,0,"0","0"
"NR1I2",0,1,0,"0","0"
"NR1I3",0,1,0,"0","0"
"NR2E1",0,1,0,"0","0"
"NR2E3",1,0,0,"0","0"
"NR3C1",0,1,0,"0","0"
"NR4A2",0,1,0,"0","0"
"NR4A3",0,2,0,"0","0"
"NRAP",0,2,0,"0","0"
"NRAS",0,2,0,"0","0"
"NRCAM",0,1,0,"0","0"
"NRDE2",0,1,0,"0","0"
"NRG1",0,1,0,"0","0"
"NRIP3",0,1,0,"0","0"
"NRSN1",0,1,0,"0","0"
"NRTN",0,1,0,"0","0"
"NRXN1",0,6,0,"0","0"
"NRXN2",0,3,0,"0","0"
"NRXN3",0,1,0,"0","0"
"NSD1",0,1,0,"0","0"
"NSF",0,1,0,"0","0"
"NSG2",0,1,0,"0","0"
"NSUN7",0,1,0,"0","0"
"NT5C3B",0,1,0,"0","0"
"NT5DC2",0,1,0,"0","0"
"NT5DC4",0,1,0,"0","0"
"NT5E",0,1,0,"0","0"
"NTN3",0,1,0,"0","0"
"NTN4",0,1,0,"0","0"
"NTNG1",0,1,0,"0","0"
"NTRK1",0,1,0,"0","0"
"NTRK2",0,4,0,"0","0"
"NTRK3",0,3,0,"0","0"
"NUAK1",0,1,0,"0","0"
"NUCKS1",0,1,0,"0","0"
"NUDCD3",0,1,0,"0","0"
"NUF2",0,2,0,"0","0"
"NUFIP2",0,1,0,"0","0"
"NUMA1",0,2,0,"0","0"
"NUP205",0,1,0,"0","0"
"NUP210L",0,1,0,"0","0"
"NUP214",0,1,0,"0","0"
"NUP98",0,1,0,"0","0"
"NUTF2",0,1,0,"0","0"
"NUTM1",0,2,0,"0","0"
"NWD1",0,3,0,"0","0"
"NXPE1",0,1,0,"0","0"
"NYAP2",0,3,0,"0","0"
"NYNRIN",0,2,0,"0","0"
"NYX",0,1,0,"0","0"
"OAS1",0,1,0,"0","0"
"OAS3",0,1,0,"0","0"
"OAT",1,0,0,"0","0"
"OAZ2",0,1,0,"0","0"
"OBSCN",0,5,0,"0","0"
"OBSL1",1,1,0,"0","0"
"OC90",0,1,0,"0","0"
"OCA2",1,0,0,"0","0"
"OCSTAMP",0,1,0,"0","0"
"ODAM",0,1,0,"0","0"
"ODF2",0,1,0,"0","0"
"OFD1",0,1,0,"0","0"
"OGFRL1",0,1,0,"0","0"
"OLFM1",0,1,0,"0","0"
"OLFM3",0,1,0,"0","0"
"OLFML1",0,2,0,"0","0"
"OLFML2B",0,1,0,"0","0"
"OMD",0,1,0,"0","0"
"ONECUT3",0,1,0,"0","0"
"OOEP",0,1,0,"0","0"
"OPA1",0,1,0,"0","0"
"OPN1SW",0,1,0,"0","0"
"OPN3",0,1,0,"0","0"
"OPN4",0,1,0,"0","0"
"OPRD1",0,1,0,"0","0"
"OPRM1",0,2,0,"0","0"
"OPTN",1,0,0,"0","0"
"OR10AG1",0,4,0,"0","0"
"OR10D3",0,1,0,"0","0"
"OR10J1",0,1,0,"0","0"
"OR10J5",0,2,0,"0","0"
"OR10T2",0,1,0,"0","0"
"OR10Z1",0,1,0,"0","0"
"OR11H4",0,1,0,"0","0"
"OR13A1",0,1,0,"0","0"
"OR13C3",0,2,0,"0","0"
"OR13C8",0,1,0,"0","0"
"OR13J1",0,1,0,"0","0"
"OR14C36",0,1,0,"0","0"
"OR14J1",0,2,0,"0","0"
"OR14K1",0,1,0,"0","0"
"OR1D2",0,1,0,"0","0"
"OR1J4",0,1,0,"0","0"
"OR1N1",0,1,0,"0","0"
"OR2A12",0,2,0,"0","0"
"OR2A5",0,1,0,"0","0"
"OR2AP1",0,1,0,"0","0"
"OR2B2",0,1,0,"0","0"
"OR2B3",0,1,0,"0","0"
"OR2B6",0,1,0,"0","0"
"OR2G3",0,1,0,"0","0"
"OR2L13",0,1,0,"0","0"
"OR2M2",0,1,0,"0","0"
"OR2T1",0,2,0,"0","0"
"OR2T10",0,1,0,"0","0"
"OR2T6",0,1,0,"0","0"
"OR2Z1",0,1,0,"0","0"
"OR4A15",0,2,0,"0","0"
"OR4C15",0,2,0,"0","0"
"OR4D5",0,1,0,"0","0"
"OR4F15",0,1,0,"0","0"
"OR4K1",0,1,0,"0","0"
"OR4K13",0,1,0,"0","0"
"OR4K17",0,1,0,"0","0"
"OR4P4",0,2,0,"0","0"
"OR51A7",0,1,0,"0","0"
"OR51G2",0,1,0,"0","0"
"OR51I1",0,1,0,"0","0"
"OR51I2",0,1,0,"0","0"
"OR51L1",0,2,0,"0","0"
"OR51Q1",0,2,0,"0","0"
"OR51S1",0,2,0,"0","0"
"OR52A1",0,1,0,"0","0"
"OR52B4",0,1,0,"0","0"
"OR52E4",0,2,0,"0","0"
"OR52E8",0,1,0,"0","0"
"OR52M1",0,1,0,"0","0"
"OR52N1",0,1,0,"0","0"
"OR52R1",0,1,0,"0","0"
"OR56B3P",0,1,0,"0","0"
"OR56B4",0,1,0,"0","0"
"OR5B17",0,1,0,"0","0"
"OR5B21",0,1,0,"0","0"
"OR5D14",0,2,0,"0","0"
"OR5D16",0,1,0,"0","0"
"OR5D18",0,1,0,"0","0"
"OR5J2",0,2,0,"0","0"
"OR5M11",0,2,0,"0","0"
"OR5M8",0,1,0,"0","0"
"OR5M9",0,1,0,"0","0"
"OR5V1",0,2,0,"0","0"
"OR6C1",0,2,0,"0","0"
"OR6C2",0,2,0,"0","0"
"OR6C3",0,1,0,"0","0"
"OR6J1",0,1,0,"0","0"
"OR6K2",0,1,0,"0","0"
"OR6K6",0,1,0,"0","0"
"OR6N1",0,1,0,"0","0"
"OR6X1",0,2,0,"0","0"
"OR7A17",0,1,0,"0","0"
"OR7A5",0,1,0,"0","0"
"OR7C2",0,1,0,"0","0"
"OR7G3",0,1,0,"0","0"
"OR8B4",0,1,0,"0","0"
"OR8D4",0,1,0,"0","0"
"OR8G5",0,1,0,"0","0"
"OR8K3",0,2,0,"0","0"
"OR8K5",0,1,0,"0","0"
"OR8S1",0,1,0,"0","0"
"OR8U1",0,1,0,"0","0"
"OR9G4",0,2,0,"0","0"
"OR9Q2",0,2,0,"0","0"
"OSBPL11",0,1,0,"0","0"
"OSBPL3",0,1,0,"0","0"
"OTOA",0,2,0,"0","0"
"OTOF",0,1,0,"0","0"
"OTOG",0,7,0,"0","0"
"OTOL1",0,1,0,"0","0"
"OTOP3",0,1,0,"0","0"
"OTP",0,1,0,"0","0"
"OTUD7B",0,1,0,"0","0"
"OTX2",0,2,0,"0","0"
"OVCH1",0,3,0,"0","0"
"OXCT1",0,1,0,"0","0"
"P2RX1",0,1,0,"0","0"
"P2RY1",0,1,0,"0","0"
"P2RY4",0,1,0,"0","0"
"P2RY6",0,1,0,"0","0"
"PA2G4",0,1,0,"0","0"
"PAAF1",0,1,0,"0","0"
"PABPC1L",0,1,0,"0","0"
"PABPC5",0,2,0,"0","0"
"PABPN1L",0,1,0,"0","0"
"PACS2",0,2,0,"0","0"
"PACSIN3",0,1,0,"0","0"
"PADI1",0,1,0,"0","0"
"PADI2",0,1,0,"0","0"
"PADI3",1,0,0,"0","0"
"PADI4",0,1,0,"0","0"
"PAFAH2",0,1,0,"0","0"
"PAG1",0,1,0,"0","0"
"PAH",11,1,0,"0","0"
"PAK6",0,1,0,"0","0"
"PAK7",0,1,0,"0","0"
"PALM",0,3,0,"0","0"
"PALMD",0,2,0,"0","0"
"PAMR1",0,2,0,"0","0"
"PANK1",0,1,0,"0","0"
"PANK4",0,1,0,"0","0"
"PANX2",0,2,0,"0","0"
"PAPPA",0,4,0,"0","0"
"PAPPA2",0,1,0,"0","0"
"PAPSS2",0,1,0,"0","0"
"PAQR9",0,1,0,"0","0"
"PARD3",0,3,0,"0","0"
"PARD3B",0,1,0,"0","0"
"PARK2",0,1,0,"0","0"
"PARL",0,1,0,"0","0"
"PARM1",0,1,0,"0","0"
"PARP12",0,1,0,"0","0"
"PARP14",0,1,0,"0","0"
"PARP15",0,1,0,"0","0"
"PARP6",0,1,0,"0","0"
"PARP8",0,3,0,"0","0"
"PARVG",0,1,0,"0","0"
"PASD1",0,1,0,"0","0"
"PASK",0,2,0,"0","0"
"PATZ1",0,1,0,"0","0"
"PAWR",0,1,0,"0","0"
"PAX1",0,1,0,"0","0"
"PAX2",0,3,0,"0","0"
"PAX3",0,1,0,"0","0"
"PAX4",0,1,0,"0","0"
"PAX7",0,1,0,"0","0"
"PAX8",0,1,0,"0","0"
"PAXIP1",0,1,0,"0","0"
"PBX1",0,1,0,"0","0"
"PBX4",0,1,0,"0","0"
"PBXIP1",0,1,0,"0","0"
"PCBP2",0,1,0,"0","0"
"PCCB",0,1,0,"0","0"
"PCDH1",0,3,0,"0","0"
"PCDH10",0,1,0,"0","0"
"PCDH15",1,5,0,"0","0"
"PCDH18",0,1,0,"0","0"
"PCDH7",0,1,0,"0","0"
"PCDHA1",0,2,0,"0","0"
"PCDHA10",0,1,0,"0","0"
"PCDHA12",0,2,0,"0","0"
"PCDHA13",0,4,0,"0","0"
"PCDHA2",0,1,0,"0","0"
"PCDHA4",0,1,0,"0","0"
"PCDHA6",0,1,0,"0","0"
"PCDHA9",0,1,0,"0","0"
"PCDHB1",0,1,0,"0","0"
"PCDHB16",0,1,0,"0","0"
"PCDHB17",0,1,0,"0","0"
"PCDHB4",0,1,0,"0","0"
"PCDHGA11",0,1,0,"0","0"
"PCDHGA12",0,1,0,"0","0"
"PCDHGA2",0,1,0,"0","0"
"PCDHGA4",0,1,0,"0","0"
"PCDHGA6",0,1,0,"0","0"
"PCDHGA7",0,2,0,"0","0"
"PCDHGA8",0,1,0,"0","0"
"PCDHGA9",0,1,0,"0","0"
"PCDHGB1",0,2,0,"0","0"
"PCDHGB2",0,2,0,"0","0"
"PCDHGB3",0,1,0,"0","0"
"PCF11",0,1,0,"0","0"
"PCK1",0,2,0,"0","0"
"PCLO",0,2,0,"0","0"
"PCNT",0,4,0,"0","0"
"PCNX",0,3,0,"0","0"
"PCNXL2",0,1,0,"0","0"
"PCNXL3",0,1,0,"0","0"
"PCOLCE",0,1,0,"0","0"
"PCSK1",0,3,0,"0","0"
"PCSK1N",0,1,0,"0","0"
"PCSK2",0,1,0,"0","0"
"PCSK5",0,3,0,"0","0"
"PDCD11",0,1,0,"0","0"
"PDE11A",0,1,0,"0","0"
"PDE1A",0,1,0,"0","0"
"PDE1B",0,2,0,"0","0"
"PDE2A",0,1,0,"0","0"
"PDE3A",0,2,0,"0","0"
"PDE3B",0,2,0,"0","0"
"PDE4B",0,1,0,"0","0"
"PDE4D",0,1,0,"0","0"
"PDE5A",0,1,0,"0","0"
"PDE6A",0,1,0,"0","0"
"PDE6C",0,2,0,"0","0"
"PDE8B",0,2,0,"0","0"
"PDE9A",0,1,0,"0","0"
"PDGFB",0,1,0,"0","0"
"PDGFD",0,1,0,"0","0"
"PDGFRB",0,1,0,"0","0"
"PDHA1",0,1,0,"0","0"
"PDHA2",0,2,0,"0","0"
"PDHX",0,1,0,"0","0"
"PDILT",0,1,0,"0","0"
"PDK3",0,1,0,"0","0"
"PDK4",0,1,0,"0","0"
"PDP1",0,1,0,"0","0"
"PDX1",0,1,0,"0","0"
"PDXP",0,1,0,"0","0"
"PDZD2",0,2,0,"0","0"
"PDZD3",0,1,0,"0","0"
"PDZD4",0,2,0,"0","0"
"PDZD7",0,1,0,"0","0"
"PDZRN3",0,1,0,"0","0"
"PDZRN4",0,1,0,"0","0"
"PELI2",0,2,0,"0","0"
"PELI3",0,1,0,"0","0"
"PER2",0,1,0,"0","0"
"PEX1",1,1,0,"0","0"
"PEX12",1,0,0,"0","0"
"PEX5L",0,3,0,"0","0"
"PEX6",1,0,0,"0","0"
"PEX7",2,0,0,"0","0"
"PFKFB2",0,1,0,"0","0"
"PFKM",0,3,0,"0","0"
"PFN2",0,1,0,"0","0"
"PGAM2",1,1,0,"0","0"
"PGAP1",0,2,0,"0","0"
"PGAP2",0,1,0,"0","0"
"PGC",0,1,0,"0","0"
"PGK1",0,1,0,"0","0"
"PGK2",0,2,0,"0","0"
"PGR",0,1,0,"0","0"
"PGS1",0,1,0,"0","0"
"PHACTR3",0,2,0,"0","0"
"PHF12",0,2,0,"0","0"
"PHF14",0,1,0,"0","0"
"PHF2",0,2,0,"0","0"
"PHF20",0,1,0,"0","0"
"PHF20L1",0,1,0,"0","0"
"PHF21A",0,1,0,"0","0"
"PHF21B",0,2,0,"0","0"
"PHF3",0,3,0,"0","0"
"PHGDH",0,1,0,"0","0"
"PHIP",0,1,0,"0","0"
"PHKA2",0,1,0,"0","0"
"PHKB",0,3,0,"0","0"
"PHLDA1",0,1,0,"0","0"
"PHLPP2",0,2,0,"0","0"
"PHOSPHO2",0,1,0,"0","0"
"PHRF1",0,2,0,"0","0"
"PHYH",0,1,0,"0","0"
"PHYHIPL",0,1,0,"0","0"
"PI4KB",0,1,0,"0","0"
"PIAS2",0,1,0,"0","0"
"PID1",0,3,0,"0","0"
"PIDD",0,1,0,"0","0"
"PIEZO1",0,2,0,"0","0"
"PIEZO2",0,2,0,"0","0"
"PIF1",0,1,0,"0","0"
"PIGG",2,0,0,"0","0"
"PIGN",0,2,0,"0","0"
"PIGQ",1,0,0,"0","0"
"PIGV",0,1,0,"0","0"
"PIH1D2",0,1,0,"0","0"
"PIK3AP1",0,1,0,"0","0"
"PIK3C2A",0,1,0,"0","0"
"PIK3C2G",0,1,0,"0","0"
"PIK3CA",0,4,0,"0","0"
"PIK3CD",0,2,0,"0","0"
"PIK3CG",0,1,0,"0","0"
"PIK3R1",0,1,0,"0","0"
"PIK3R2",0,1,0,"0","0"
"PIK3R5",0,1,0,"0","0"
"PIKFYVE",0,1,0,"0","0"
"PITPNC1",0,1,0,"0","0"
"PITPNM2",0,2,0,"0","0"
"PITPNM3",0,1,0,"0","0"
"PITX2",0,1,0,"0","0"
"PKDREJ",0,1,0,"0","0"
"PKHD1",2,9,0,"0","0"
"PKHD1L1",0,2,0,"0","0"
"PKIB",0,1,0,"0","0"
"PKLR",2,1,0,"0","0"
"PKN1",0,2,0,"0","0"
"PKP1",0,1,0,"0","0"
"PKP3",0,1,0,"0","0"
"PKP4",0,3,0,"0","0"
"PLA2G12B",0,1,0,"0","0"
"PLA2G15",0,1,0,"0","0"
"PLA2G4A",0,2,0,"0","0"
"PLA2G4C",0,1,0,"0","0"
"PLA2G7",0,2,0,"0","0"
"PLAG1",0,3,0,"0","0"
"PLAU",0,1,0,"0","0"
"PLCB1",0,1,0,"0","0"
"PLCB3",0,2,0,"0","0"
"PLCG1",0,9,0,"0","0"
"PLCG2",0,2,0,"0","0"
"PLCH1",0,5,0,"0","0"
"PLCL1",0,2,0,"0","0"
"PLCXD2",0,1,0,"0","0"
"PLCXD3",0,1,0,"0","0"
"PLD3",0,1,0,"0","0"
"PLD5",0,2,0,"0","0"
"PLEC",0,2,0,"0","0"
"PLEKHA2",0,1,0,"0","0"
"PLEKHA4",0,2,0,"0","0"
"PLEKHA5",0,2,0,"0","0"
"PLEKHA6",0,1,0,"0","0"
"PLEKHA7",0,1,0,"0","0"
"PLEKHD1",0,1,0,"0","0"
"PLEKHG3",0,1,0,"0","0"
"PLEKHG4B",0,1,0,"0","0"
"PLEKHH1",0,2,0,"0","0"
"PLEKHH2",0,2,0,"0","0"
"PLEKHM3",0,1,0,"0","0"
"PLEKHN1",0,2,0,"0","0"
"PLEKHO1",0,1,0,"0","0"
"PLIN1",0,1,0,"0","0"
"PLK1",0,1,0,"0","0"
"PLK5",0,1,0,"0","0"
"PLOD1",0,1,0,"0","0"
"PLOD2",0,1,0,"0","0"
"PLOD3",0,2,0,"0","0"
"PLSCR4",0,1,0,"0","0"
"PLXNA1",0,1,0,"0","0"
"PLXNB1",0,1,0,"0","0"
"PLXNB2",0,1,0,"0","0"
"PLXNC1",0,4,0,"0","0"
"PLXND1",0,2,0,"0","0"
"PMF1",0,2,0,"0","0"
"PMFBP1",0,1,0,"0","0"
"PML",0,1,0,"0","0"
"PMM2",3,0,0,"0","0"
"PMP22",0,1,0,"0","0"
"PMVK",0,1,0,"0","0"
"PNCK",0,2,0,"0","0"
"PNISR",0,2,0,"0","0"
"PNKP",0,1,0,"0","0"
"PNLIP",0,2,0,"0","0"
"PNMA3",0,2,0,"0","0"
"PNPLA1",0,1,0,"0","0"
"PNPLA6",0,2,0,"0","0"
"PNPT1",0,1,0,"0","0"
"POC1A",0,1,0,"0","0"
"PODN",0,2,0,"0","0"
"PODNL1",0,1,0,"0","0"
"PODXL",0,1,0,"0","0"
"POF1B",0,1,0,"0","0"
"POGK",0,1,0,"0","0"
"POGLUT1",0,1,0,"0","0"
"POLA2",0,1,0,"0","0"
"POLD2",0,1,0,"0","0"
"POLE",0,2,0,"0","0"
"POLG",2,0,0,"0","0"
"POLM",0,1,0,"0","0"
"POLR1A",0,1,0,"0","0"
"POLR1C",0,1,0,"0","0"
"POLR2E",0,1,0,"0","0"
"POLR3A",0,1,0,"0","0"
"POLR3C",0,1,0,"0","0"
"POLR3D",0,2,0,"0","0"
"POM121L2",0,3,0,"0","0"
"POMT1",0,1,0,"0","0"
"POMT2",1,1,0,"0","0"
"PON3",0,1,0,"0","0"
"POP4",0,1,0,"0","0"
"PORCN",0,2,0,"0","0"
"POSTN",0,1,0,"0","0"
"POT1",8,9,4,"4","4"
"POU2F2",0,1,0,"0","0"
"POU5F2",0,1,0,"0","0"
"POU6F2",0,1,0,"0","0"
"PPA2",1,0,0,"0","0"
"PPBP",0,1,0,"0","0"
"PPEF2",0,2,0,"0","0"
"PPFIA2",0,3,0,"0","0"
"PPFIA4",0,2,0,"0","0"
"PPFIBP2",0,1,0,"0","0"
"PPIE",0,1,0,"0","0"
"PPIG",0,1,0,"0","0"
"PPL",0,1,0,"0","0"
"PPM1D",0,1,0,"0","0"
"PPM1E",0,2,0,"0","0"
"PPM1H",0,1,0,"0","0"
"PPM1K",0,1,0,"0","0"
"PPM1N",0,1,0,"0","0"
"PPP1CC",0,2,0,"0","0"
"PPP1R12A",0,1,0,"0","0"
"PPP1R12C",0,1,0,"0","0"
"PPP1R13B",0,1,0,"0","0"
"PPP1R13L",0,1,0,"0","0"
"PPP1R15B",0,1,0,"0","0"
"PPP1R16B",0,1,0,"0","0"
"PPP1R18",0,2,0,"0","0"
"PPP1R1A",0,1,0,"0","0"
"PPP1R26",0,2,0,"0","0"
"PPP1R3C",0,1,0,"0","0"
"PPP1R3F",0,1,0,"0","0"
"PPP1R42",0,1,0,"0","0"
"PPP2R1B",0,1,0,"0","0"
"PPP2R2B",0,2,0,"0","0"
"PPP2R2C",0,1,0,"0","0"
"PPP2R5A",0,1,0,"0","0"
"PPP3CA",0,2,0,"0","0"
"PPP4R1",0,1,0,"0","0"
"PPP4R4",0,2,0,"0","0"
"PPRC1",0,1,0,"0","0"
"PPT1",0,1,0,"0","0"
"PRAM1",0,2,0,"0","0"
"PRC1",0,1,0,"0","0"
"PRDM1",0,2,0,"0","0"
"PRDM10",0,1,0,"0","0"
"PRDM15",0,1,0,"0","0"
"PRDM16",0,2,0,"0","0"
"PRDM2",0,2,0,"0","0"
"PRDM4",0,1,0,"0","0"
"PRDM7",0,1,0,"0","0"
"PRDM9",0,1,0,"0","0"
"PREX1",0,1,0,"0","0"
"PREX2",0,2,0,"0","0"
"PRICKLE2",0,1,0,"0","0"
"PRIM1",0,1,0,"0","0"
"PRIMPOL",0,1,0,"0","0"
"PRKAG3",0,1,0,"0","0"
"PRKCB",0,1,0,"0","0"
"PRKCE",0,1,0,"0","0"
"PRKCG",0,1,0,"0","0"
"PRKCH",0,1,0,"0","0"
"PRKCQ",0,1,0,"0","0"
"PRKD2",0,1,0,"0","0"
"PRKG2",0,1,0,"0","0"
"PRLR",0,1,0,"0","0"
"PRMT7",1,0,0,"0","0"
"PRODH2",0,1,0,"0","0"
"PROKR2",0,1,0,"0","0"
"PROL1",0,2,0,"0","0"
"PROM1",1,0,0,"0","0"
"PROM2",0,2,0,"0","0"
"PROSER2",0,1,0,"0","0"
"PROX1",0,1,0,"0","0"
"PRPF18",0,1,0,"0","0"
"PRPF19",0,1,0,"0","0"
"PRPF40B",0,1,0,"0","0"
"PRPF4B",0,1,0,"0","0"
"PRPH2",0,1,0,"0","0"
"PRPSAP2",0,1,0,"0","0"
"PRR14L",0,1,0,"0","0"
"PRR19",0,1,0,"0","0"
"PRR7",0,1,0,"0","0"
"PRRC2B",0,2,0,"0","0"
"PRRC2C",0,1,0,"0","0"
"PRSS16",0,1,0,"0","0"
"PRSS21",0,1,0,"0","0"
"PRSS22",0,1,0,"0","0"
"PRSS35",0,1,0,"0","0"
"PRSS36",0,2,0,"0","0"
"PRSS42",0,1,0,"0","0"
"PRSS54",0,1,0,"0","0"
"PRSS58",0,1,0,"0","0"
"PRTG",0,3,0,"0","0"
"PRUNE2",0,1,0,"0","0"
"PSAT1",1,0,0,"0","0"
"PSD",0,1,0,"0","0"
"PSD2",0,2,0,"0","0"
"PSKH2",0,1,0,"0","0"
"PSMA4",0,1,0,"0","0"
"PSMB4",0,1,0,"0","0"
"PSMC5",0,1,0,"0","0"
"PSMF1",0,1,0,"0","0"
"PTAFR",0,1,0,"0","0"
"PTBP1",0,1,0,"0","0"
"PTBP3",0,2,0,"0","0"
"PTCH1",0,3,0,"0","0"
"PTCH2",0,1,0,"0","0"
"PTCHD1",0,1,0,"0","0"
"PTCHD2",0,2,0,"0","0"
"PTCHD4",0,1,0,"0","0"
"PTDSS1",0,1,0,"0","0"
"PTER",0,1,0,"0","0"
"PTF1A",0,1,0,"0","0"
"PTGER2",0,1,0,"0","0"
"PTGES2",0,1,0,"0","0"
"PTGFR",0,1,0,"0","0"
"PTGIS",0,1,0,"0","0"
"PTGR1",0,1,0,"0","0"
"PTK2",0,1,0,"0","0"
"PTK2B",0,1,0,"0","0"
"PTK7",0,3,0,"0","0"
"PTOV1",0,1,0,"0","0"
"PTPN2",0,1,0,"0","0"
"PTPN21",0,1,0,"0","0"
"PTPN22",0,2,0,"0","0"
"PTPN3",0,1,0,"0","0"
"PTPN6",0,1,0,"0","0"
"PTPRA",0,1,0,"0","0"
"PTPRB",0,9,0,"0","0"
"PTPRC",0,1,0,"0","0"
"PTPRD",0,2,0,"0","0"
"PTPRJ",0,2,0,"0","0"
"PTPRK",0,1,0,"0","0"
"PTPRM",0,1,0,"0","0"
"PTPRO",0,5,0,"0","0"
"PTPRQ",0,3,0,"0","0"
"PTPRR",0,2,0,"0","0"
"PTPRS",0,2,0,"0","0"
"PTPRT",0,1,0,"0","0"
"PTPRU",0,1,0,"0","0"
"PTTG1IP",0,1,0,"0","0"
"PTX4",0,1,0,"0","0"
"PURG",0,1,0,"0","0"
"PVRL1",0,1,0,"0","0"
"PWP2",0,1,0,"0","0"
"PXDN",0,2,0,"0","0"
"PXDNL",0,5,0,"0","0"
"PXK",0,1,0,"0","0"
"PXN",0,1,0,"0","0"
"PYCR2",0,1,0,"0","0"
"PYGM",1,0,0,"0","0"
"PYGO1",0,1,0,"0","0"
"PYHIN1",0,2,0,"0","0"
"PYURF",0,1,0,"0","0"
"PZP",0,1,0,"0","0"
"QKI",0,2,0,"0","0"
"QRICH2",0,1,0,"0","0"
"QRSL1",0,1,0,"0","0"
"QSER1",0,2,0,"0","0"
"QSOX2",0,1,0,"0","0"
"RAB11FIP5",0,1,0,"0","0"
"RAB21",0,1,0,"0","0"
"RAB27B",0,1,0,"0","0"
"RAB3C",0,2,0,"0","0"
"RAB3GAP2",0,2,0,"0","0"
"RAB9B",0,1,0,"0","0"
"RABEP1",0,1,0,"0","0"
"RABGAP1L",0,1,0,"0","0"
"RAD50",0,1,0,"0","0"
"RAD51AP2",0,2,0,"0","0"
"RAD54L",0,1,0,"0","0"
"RAD54L2",0,2,0,"0","0"
"RAET1E",0,1,0,"0","0"
"RAG1",0,1,0,"0","0"
"RAG2",0,1,0,"0","0"
"RAI1",0,1,0,"0","0"
"RALGAPA1",0,1,0,"0","0"
"RALGAPB",0,1,0,"0","0"
"RALY",0,1,0,"0","0"
"RAMP1",0,1,0,"0","0"
"RAMP2",0,2,0,"0","0"
"RAP1GAP",0,2,0,"0","0"
"RAP1GAP2",0,1,0,"0","0"
"RAPGEF1",0,1,0,"0","0"
"RAPGEF3",0,1,0,"0","0"
"RAPGEF4",0,1,0,"0","0"
"RAPGEF6",0,1,0,"0","0"
"RARG",0,1,0,"0","0"
"RARRES2",0,1,0,"0","0"
"RARS2",0,1,0,"0","0"
"RASA1",0,2,0,"0","0"
"RASAL3",0,1,0,"0","0"
"RASGEF1B",0,1,0,"0","0"
"RASGRF1",0,1,0,"0","0"
"RASGRF2",0,1,0,"0","0"
"RASGRP1",0,1,0,"0","0"
"RASGRP2",0,1,0,"0","0"
"RASGRP3",0,3,0,"0","0"
"RASSF3",0,2,0,"0","0"
"RASSF8",0,1,0,"0","0"
"RAX2",0,1,0,"0","0"
"RB1CC1",0,1,0,"0","0"
"RBBP6",0,1,0,"0","0"
"RBBP8",0,1,0,"0","0"
"RBKS",0,1,0,"0","0"
"RBL1",0,1,0,"0","0"
"RBM14-RBM4",0,1,0,"0","0"
"RBM25",0,2,0,"0","0"
"RBM27",0,1,0,"0","0"
"RBMXL3",0,2,0,"0","0"
"RBP3",0,3,0,"0","0"
"RBP7",0,1,0,"0","0"
"RBPJ",0,1,0,"0","0"
"RC3H2",0,1,0,"0","0"
"RCBTB2",0,1,0,"0","0"
"RCC1",0,1,0,"0","0"
"RCOR3",0,2,0,"0","0"
"RDH5",1,0,0,"0","0"
"RECK",0,1,0,"0","0"
"RECQL4",1,0,0,"0","0"
"REL",0,1,0,"0","0"
"RELB",0,1,0,"0","0"
"RELN",0,1,0,"0","0"
"REM2",0,2,0,"0","0"
"REPS1",0,1,0,"0","0"
"RERE",0,1,0,"0","0"
"RERGL",0,1,0,"0","0"
"RESP18",0,1,0,"0","0"
"RET",0,3,0,"0","0"
"REV3L",0,2,0,"0","0"
"RFK",0,1,0,"0","0"
"RFPL4B",0,1,0,"0","0"
"RFTN2",0,1,0,"0","0"
"RFWD3",0,1,0,"0","0"
"RFX2",0,1,0,"0","0"
"RFX5",0,1,0,"0","0"
"RFX6",0,2,0,"0","0"
"RFX7",0,1,0,"0","0"
"RGAG1",0,1,0,"0","0"
"RGAG4",0,2,0,"0","0"
"RGL1",0,2,0,"0","0"
"RGMA",0,1,0,"0","0"
"RGS10",0,1,0,"0","0"
"RGS22",0,2,0,"0","0"
"RGS3",0,2,0,"0","0"
"RGS6",0,1,0,"0","0"
"RGS7",0,3,0,"0","0"
"RGS9BP",0,1,0,"0","0"
"RGSL1",0,2,0,"0","0"
"RHBDF2",0,1,0,"0","0"
"RHCG",0,1,0,"0","0"
"RHEBL1",0,1,0,"0","0"
"RHOBTB2",0,1,0,"0","0"
"RHOH",0,1,0,"0","0"
"RIBC2",0,1,0,"0","0"
"RIF1",0,1,0,"0","0"
"RILPL1",0,1,0,"0","0"
"RIMBP2",0,3,0,"0","0"
"RIMS1",0,5,0,"0","0"
"RIMS2",0,5,0,"0","0"
"RIMS4",0,1,0,"0","0"
"RIPK4",0,2,0,"0","0"
"RIT1",0,1,0,"0","0"
"RIT2",0,1,0,"0","0"
"RLBP1",0,1,0,"0","0"
"RLN1",0,1,0,"0","0"
"RNASE1",0,1,0,"0","0"
"RNASE11",0,1,0,"0","0"
"RNASE12",0,1,0,"0","0"
"RNASE8",0,1,0,"0","0"
"RNF111",0,1,0,"0","0"
"RNF115",0,1,0,"0","0"
"RNF150",0,1,0,"0","0"
"RNF157",0,1,0,"0","0"
"RNF17",0,1,0,"0","0"
"RNF20",0,1,0,"0","0"
"RNF213",0,4,0,"0","0"
"RNF214",0,2,0,"0","0"
"RNF40",0,1,0,"0","0"
"RNF6",0,1,0,"0","0"
"RNMTL1",0,1,0,"0","0"
"ROBO1",0,4,0,"0","0"
"ROBO2",0,3,0,"0","0"
"ROCK1",0,1,0,"0","0"
"ROR1",0,1,0,"0","0"
"ROR2",0,2,0,"0","0"
"RORC",0,1,0,"0","0"
"ROS1",0,3,0,"0","0"
"RP1",0,6,0,"0","0"
"RP1-317E23.6",0,1,0,"0","0"
"RP1-32I10.10",0,1,0,"0","0"
"RP11-1055B8.7",0,1,0,"0","0"
"RP11-1102P16.1",0,1,0,"0","0"
"RP11-113D6.6",0,1,0,"0","0"
"RP11-1220K2.2",0,3,0,"0","0"
"RP11-180C1.1",0,1,0,"0","0"
"RP11-20I23.1",0,1,0,"0","0"
"RP11-247C2.2",0,1,0,"0","0"
"RP11-287D1.3",0,1,0,"0","0"
"RP11-297N6.4",0,1,0,"0","0"
"RP11-307N16.6",0,2,0,"0","0"
"RP11-410N8.4",0,1,0,"0","0"
"RP11-503N18.3",0,2,0,"0","0"
"RP11-507M3.1",0,1,0,"0","0"
"RP11-553A10.1",0,1,0,"0","0"
"RP11-565P22.6",0,1,0,"0","0"
"RP11-723O4.6",0,1,0,"0","0"
"RP11-73M18.2",0,1,0,"0","0"
"RP11-758M4.1",0,1,0,"0","0"
"RP11-763F8.1",0,1,0,"0","0"
"RP11-766F14.2",0,1,0,"0","0"
"RP11-849H4.2",0,1,0,"0","0"
"RP11-863K10.7",0,1,0,"0","0"
"RP1L1",0,3,0,"0","0"
"RPE65",0,1,0,"0","0"
"RPGRIP1",0,2,0,"0","0"
"RPH3AL",0,1,0,"0","0"
"RPL11",0,1,0,"0","0"
"RPL27A",0,1,0,"0","0"
"RPP30",0,1,0,"0","0"
"RPRD2",0,1,0,"0","0"
"RPS10-NUDT3",0,1,0,"0","0"
"RPS19",0,1,0,"0","0"
"RPS6",0,1,0,"0","0"
"RPS6KA1",0,1,0,"0","0"
"RPS6KA3",0,1,0,"0","0"
"RPS6KA4",0,1,0,"0","0"
"RPS6KA6",0,1,0,"0","0"
"RPS6KC1",0,2,0,"0","0"
"RPTOR",0,2,0,"0","0"
"RRAGA",0,1,0,"0","0"
"RRP12",0,1,0,"0","0"
"RRP36",0,1,0,"0","0"
"RRS1",0,1,0,"0","0"
"RSG1",0,1,0,"0","0"
"RSL1D1",0,1,0,"0","0"
"RSPH6A",0,2,0,"0","0"
"RSPH9",0,1,0,"0","0"
"RSPO3",0,1,0,"0","0"
"RSPO4",0,1,0,"0","0"
"RTEL1",1,0,0,"0","0"
"RTL1",0,1,0,"0","0"
"RTN1",0,1,0,"0","0"
"RTN4RL1",0,1,0,"0","0"
"RTP1",0,1,0,"0","0"
"RTTN",0,1,0,"0","0"
"RUFY2",0,2,0,"0","0"
"RUFY3",0,2,0,"0","0"
"RUNX1",0,1,0,"0","0"
"RUNX1T1",0,1,0,"0","0"
"RUSC1",0,2,0,"0","0"
"RUSC2",0,1,0,"0","0"
"RXFP2",0,2,0,"0","0"
"RYBP",0,1,0,"0","0"
"RYR1",0,7,0,"0","0"
"RYR2",0,9,0,"0","0"
"RYR3",0,5,0,"0","0"
"S100PBP",0,1,0,"0","0"
"S1PR5",0,1,0,"0","0"
"SAA4",0,1,0,"0","0"
"SACM1L",0,1,0,"0","0"
"SACS",0,2,0,"0","0"
"SAFB",0,1,0,"0","0"
"SAG",0,1,0,"0","0"
"SALL1",0,1,0,"0","0"
"SALL3",0,1,0,"0","0"
"SALL4",0,1,0,"0","0"
"SAMD9",0,2,0,"0","0"
"SAMD9L",0,3,0,"0","0"
"SAMSN1",0,2,0,"0","0"
"SAP130",0,1,0,"0","0"
"SARDH",0,2,0,"0","0"
"SART1",0,1,0,"0","0"
"SATB2",0,1,0,"0","0"
"SBDS",1,0,0,"0","0"
"SBF1",0,1,0,"0","0"
"SBK1",0,1,0,"0","0"
"SBNO1",0,1,0,"0","0"
"SCAF8",0,1,0,"0","0"
"SCAND3",0,4,0,"0","0"
"SCARB1",0,2,0,"0","0"
"SCARB2",1,0,0,"0","0"
"SCARF1",0,1,0,"0","0"
"SCARF2",0,4,0,"0","0"
"SCG2",0,1,0,"0","0"
"SCG3",0,1,0,"0","0"
"SCGB1D1",0,1,0,"0","0"
"SCIN",0,1,0,"0","0"
"SCLT1",0,1,0,"0","0"
"SCMH1",0,1,0,"0","0"
"SCN10A",0,4,0,"0","0"
"SCN1A",0,4,0,"0","0"
"SCN2A",0,4,0,"0","0"
"SCN2B",0,1,0,"0","0"
"SCN3A",0,2,0,"0","0"
"SCN4A",0,1,0,"0","0"
"SCN7A",0,1,0,"0","0"
"SCN8A",0,1,0,"0","0"
"SCN9A",0,1,0,"0","0"
"SCNN1A",0,1,0,"0","0"
"SCNN1B",0,1,0,"0","0"
"SCO1",0,1,0,"0","0"
"SCRIB",0,1,0,"0","0"
"SCRT2",0,1,0,"0","0"
"SCUBE1",0,1,0,"0","0"
"SCUBE2",0,2,0,"0","0"
"SCYL2",0,1,0,"0","0"
"SDC3",0,1,0,"0","0"
"SDCCAG8",0,1,0,"0","0"
"SDHA",1,0,0,"0","0"
"SDHD",0,1,0,"0","0"
"SDK1",0,3,0,"0","0"
"SDK2",0,1,0,"0","0"
"SDR9C7",0,1,0,"0","0"
"SEC14L1",0,2,0,"0","0"
"SEC14L3",0,1,0,"0","0"
"SEC22C",0,1,0,"0","0"
"SEC23IP",0,1,0,"0","0"
"SEC31B",0,2,0,"0","0"
"SEC61A1",0,1,0,"0","0"
"SEC61B",0,1,0,"0","0"
"SEC61G",0,1,0,"0","0"
"SEC63",0,1,0,"0","0"
"SEL1L3",0,1,0,"0","0"
"SELE",0,2,0,"0","0"
"SELENON",2,0,0,"0","0"
"SELL",0,1,0,"0","0"
"SELP",0,2,0,"0","0"
"SELPLG",0,1,0,"0","0"
"SEMA3C",0,2,0,"0","0"
"SEMA3F",0,1,0,"0","0"
"SEMA4A",0,2,0,"0","0"
"SEMA4G",0,1,0,"0","0"
"SEMA5A",0,2,0,"0","0"
"SEMA6B",0,1,0,"0","0"
"SEMA6C",0,1,0,"0","0"
"SEMA6D",0,1,0,"0","0"
"SEMA7A",0,2,0,"0","0"
"SEMG1",0,1,0,"0","0"
"SEMG2",0,1,0,"0","0"
"SENP6",0,1,0,"0","0"
"SEPT8",0,1,0,"0","0"
"SEPW1",0,1,0,"0","0"
"SERGEF",0,1,0,"0","0"
"SERINC2",0,2,0,"0","0"
"SERPINA1",2,0,0,"0","0"
"SERPINA10",0,1,0,"0","0"
"SERPINA11",0,1,0,"0","0"
"SERPINA12",0,1,0,"0","0"
"SERPINA4",0,2,0,"0","0"
"SERPINA7",0,1,0,"0","0"
"SERPINB10",0,1,0,"0","0"
"SERPINB12",0,1,0,"0","0"
"SERPINB13",0,1,0,"0","0"
"SERPINC1",0,1,0,"0","0"
"SERPINE2",0,1,0,"0","0"
"SERPING1",0,1,0,"0","0"
"SERTAD2",0,1,0,"0","0"
"SERTAD4",0,2,0,"0","0"
"SETBP1",0,5,0,"0","0"
"SETD1A",0,1,0,"0","0"
"SETD1B",0,1,0,"0","0"
"SETD2",0,3,0,"0","0"
"SETD4",0,1,0,"0","0"
"SETD5",0,1,0,"0","0"
"SETDB2",0,1,0,"0","0"
"SEZ6L",0,1,0,"0","0"
"SEZ6L2",0,2,0,"0","0"
"SF3B2",0,1,0,"0","0"
"SF3B3",0,2,0,"0","0"
"SFMBT1",0,1,0,"0","0"
"SFMBT2",0,1,0,"0","0"
"SFRP1",0,2,0,"0","0"
"SFRP4",0,1,0,"0","0"
"SFSWAP",0,2,0,"0","0"
"SGCA",0,1,0,"0","0"
"SGCD",0,2,0,"0","0"
"SGCG",0,2,0,"0","0"
"SGIP1",0,2,0,"0","0"
"SGK2",0,1,0,"0","0"
"SGK223",0,2,0,"0","0"
"SGPP1",0,1,0,"0","0"
"SGPP2",0,1,0,"0","0"
"SH2B1",0,1,0,"0","0"
"SH2B3",0,1,0,"0","0"
"SH2D2A",0,1,0,"0","0"
"SH3BP5L",0,2,0,"0","0"
"SH3GL2",0,1,0,"0","0"
"SH3GL3",0,1,0,"0","0"
"SH3RF1",0,1,0,"0","0"
"SH3RF2",0,3,0,"0","0"
"SHANK1",0,2,0,"0","0"
"SHANK2",0,3,0,"0","0"
"SHANK3",0,1,0,"0","0"
"SHC3",0,2,0,"0","0"
"SHCBP1L",0,1,0,"0","0"
"SHISA6",0,1,0,"0","0"
"SHISA9",0,1,0,"0","0"
"SHROOM2",0,2,0,"0","0"
"SHROOM3",0,2,0,"0","0"
"SHROOM4",0,1,0,"0","0"
"SI",0,8,0,"0","0"
"SIGLEC1",0,2,0,"0","0"
"SIGLEC8",0,1,0,"0","0"
"SIGLEC9",0,5,0,"0","0"
"SIGLECL1",0,1,0,"0","0"
"SIK1",0,1,0,"0","0"
"SIK2",0,1,0,"0","0"
"SIK3",0,3,0,"0","0"
"SIN3A",0,1,0,"0","0"
"SIPA1L1",0,2,0,"0","0"
"SIPA1L2",0,2,0,"0","0"
"SIX3",0,1,0,"0","0"
"SKI",0,1,0,"0","0"
"SKIDA1",0,2,0,"0","0"
"SKOR1",0,1,0,"0","0"
"SLAIN1",0,1,0,"0","0"
"SLAMF1",0,1,0,"0","0"
"SLC10A4",0,1,0,"0","0"
"SLC12A1",0,1,0,"0","0"
"SLC12A2",0,1,0,"0","0"
"SLC12A3",1,0,0,"0","0"
"SLC12A4",0,1,0,"0","0"
"SLC12A6",0,1,0,"0","0"
"SLC12A8",0,1,0,"0","0"
"SLC13A1",0,1,0,"0","0"
"SLC13A3",0,1,0,"0","0"
"SLC15A2",0,1,0,"0","0"
"SLC15A3",0,1,0,"0","0"
"SLC15A5",0,1,0,"0","0"
"SLC16A10",0,1,0,"0","0"
"SLC16A12",0,1,0,"0","0"
"SLC16A2",0,1,0,"0","0"
"SLC16A9",0,1,0,"0","0"
"SLC17A3",0,2,0,"0","0"
"SLC17A4",0,1,0,"0","0"
"SLC17A7",0,1,0,"0","0"
"SLC18A1",0,1,0,"0","0"
"SLC1A1",0,1,0,"0","0"
"SLC1A2",0,1,0,"0","0"
"SLC1A5",0,1,0,"0","0"
"SLC1A7",0,1,0,"0","0"
"SLC20A2",0,1,0,"0","0"
"SLC22A10",0,1,0,"0","0"
"SLC22A11",0,1,0,"0","0"
"SLC22A12",0,1,0,"0","0"
"SLC22A13",0,1,0,"0","0"
"SLC22A15",0,1,0,"0","0"
"SLC22A2",0,1,0,"0","0"
"SLC22A25",0,1,0,"0","0"
"SLC22A5",2,1,0,"0","0"
"SLC22A6",0,2,0,"0","0"
"SLC22A8",0,2,0,"0","0"
"SLC23A1",0,1,0,"0","0"
"SLC23A3",0,1,0,"0","0"
"SLC24A1",0,1,0,"0","0"
"SLC24A2",0,3,0,"0","0"
"SLC24A3",0,2,0,"0","0"
"SLC25A2",0,1,0,"0","0"
"SLC25A20",0,1,0,"0","0"
"SLC25A23",0,1,0,"0","0"
"SLC25A24",0,1,0,"0","0"
"SLC25A26",0,1,0,"0","0"
"SLC25A27",0,1,0,"0","0"
"SLC25A28",0,1,0,"0","0"
"SLC26A2",1,0,0,"0","0"
"SLC26A3",0,1,0,"0","0"
"SLC26A4",2,0,0,"0","0"
"SLC26A6",0,1,0,"0","0"
"SLC26A7",0,2,0,"0","0"
"SLC26A8",0,1,0,"0","0"
"SLC27A2",0,1,0,"0","0"
"SLC27A3",0,1,0,"0","0"
"SLC27A5",0,2,0,"0","0"
"SLC28A3",0,3,0,"0","0"
"SLC2A7",0,1,0,"0","0"
"SLC30A1",0,1,0,"0","0"
"SLC30A10",0,2,0,"0","0"
"SLC30A3",0,1,0,"0","0"
"SLC31A1",0,1,0,"0","0"
"SLC33A1",0,1,0,"0","0"
"SLC34A3",0,1,0,"0","0"
"SLC35A5",0,1,0,"0","0"
"SLC35C2",0,1,0,"0","0"
"SLC35G2",0,1,0,"0","0"
"SLC36A3",0,1,0,"0","0"
"SLC38A1",0,1,0,"0","0"
"SLC39A10",0,1,0,"0","0"
"SLC39A11",0,1,0,"0","0"
"SLC39A2",0,1,0,"0","0"
"SLC39A4",0,1,0,"0","0"
"SLC3A1",3,3,0,"0","0"
"SLC43A2",0,1,0,"0","0"
"SLC44A1",0,1,0,"0","0"
"SLC44A2",0,1,0,"0","0"
"SLC44A3",0,1,0,"0","0"
"SLC44A4",0,1,0,"0","0"
"SLC45A1",0,1,0,"0","0"
"SLC45A2",1,0,0,"0","0"
"SLC45A4",0,1,0,"0","0"
"SLC46A3",0,2,0,"0","0"
"SLC4A10",0,2,0,"0","0"
"SLC4A2",0,1,0,"0","0"
"SLC4A3",0,5,0,"0","0"
"SLC4A4",0,3,0,"0","0"
"SLC4A8",0,1,0,"0","0"
"SLC51B",0,1,0,"0","0"
"SLC5A10",0,1,0,"0","0"
"SLC5A5",0,2,0,"0","0"
"SLC5A7",0,2,0,"0","0"
"SLC5A8",0,3,0,"0","0"
"SLC5A9",0,1,0,"0","0"
"SLC6A11",0,1,0,"0","0"
"SLC6A12",0,1,0,"0","0"
"SLC6A13",0,1,0,"0","0"
"SLC6A16",0,1,0,"0","0"
"SLC6A18",0,1,0,"0","0"
"SLC6A19",0,1,0,"0","0"
"SLC6A2",0,3,0,"0","0"
"SLC6A20",0,1,0,"0","0"
"SLC6A3",0,1,0,"0","0"
"SLC6A5",0,1,0,"0","0"
"SLC7A11",0,1,0,"0","0"
"SLC7A2",0,1,0,"0","0"
"SLC7A3",0,2,0,"0","0"
"SLC7A4",0,1,0,"0","0"
"SLC7A6",0,1,0,"0","0"
"SLC7A7",0,1,0,"0","0"
"SLC8A1",0,2,0,"0","0"
"SLC8A2",0,2,0,"0","0"
"SLC8A3",0,1,0,"0","0"
"SLC9A1",0,1,0,"0","0"
"SLC9A2",0,1,0,"0","0"
"SLC9B2",0,1,0,"0","0"
"SLCO1A2",0,1,0,"0","0"
"SLCO1B1",0,2,0,"0","0"
"SLCO1C1",0,2,0,"0","0"
"SLCO3A1",0,1,0,"0","0"
"SLCO4C1",0,1,0,"0","0"
"SLCO5A1",0,2,0,"0","0"
"SLCO6A1",0,2,0,"0","0"
"SLFN11",0,1,0,"0","0"
"SLFN14",0,1,0,"0","0"
"SLFN5",0,1,0,"0","0"
"SLIT1",0,1,0,"0","0"
"SLIT2",0,1,0,"0","0"
"SLIT3",0,2,0,"0","0"
"SLITRK2",0,1,0,"0","0"
"SLITRK3",0,2,0,"0","0"
"SLITRK4",0,3,0,"0","0"
"SLITRK5",0,1,0,"0","0"
"SLITRK6",0,3,0,"0","0"
"SLK",0,1,0,"0","0"
"SLN",0,1,0,"0","0"
"SLPI",0,2,0,"0","0"
"SLTM",0,1,0,"0","0"
"SLX4",0,1,0,"0","0"
"SMAD2",0,1,0,"0","0"
"SMAD3",0,1,0,"0","0"
"SMAD7",0,1,0,"0","0"
"SMARCA4",0,2,0,"0","0"
"SMARCA5",0,1,0,"0","0"
"SMARCAL1",0,1,0,"0","0"
"SMARCB1",0,1,0,"0","0"
"SMC1A",0,1,0,"0","0"
"SMC5",0,1,0,"0","0"
"SMCO3",0,1,0,"0","0"
"SMG7",0,1,0,"0","0"
"SMG8",0,1,0,"0","0"
"SMG9",0,1,0,"0","0"
"SMIM14",0,1,0,"0","0"
"SMIM2",0,1,0,"0","0"
"SMO",0,1,0,"0","0"
"SMOC1",0,2,0,"0","0"
"SMPD1",1,0,0,"0","0"
"SMPD3",0,1,0,"0","0"
"SMPDL3A",0,1,0,"0","0"
"SMR3A",0,1,0,"0","0"
"SMURF1",0,2,0,"0","0"
"SMURF2",0,2,0,"0","0"
"SMYD1",0,2,0,"0","0"
"SMYD2",0,1,0,"0","0"
"SMYD4",0,1,0,"0","0"
"SNAI3",0,1,0,"0","0"
"SNAP25",0,2,0,"0","0"
"SNCG",0,1,0,"0","0"
"SND1",0,1,0,"0","0"
"SNPH",0,1,0,"0","0"
"SNRNP200",0,5,0,"0","0"
"SNRNP70",0,1,0,"0","0"
"SNRPB2",0,1,0,"0","0"
"SNRPN",0,1,0,"0","0"
"SNTB1",0,1,0,"0","0"
"SNTG1",0,2,0,"0","0"
"SNX13",0,2,0,"0","0"
"SOBP",0,2,0,"0","0"
"SOCS7",0,1,0,"0","0"
"SOGA1",0,1,0,"0","0"
"SOGA3",0,3,0,"0","0"
"SOHLH1",0,1,0,"0","0"
"SON",0,1,0,"0","0"
"SORBS1",0,2,0,"0","0"
"SORCS1",0,2,0,"0","0"
"SORCS3",0,1,0,"0","0"
"SORL1",0,2,0,"0","0"
"SORT1",0,1,0,"0","0"
"SOS2",0,2,0,"0","0"
"SOSTDC1",0,1,0,"0","0"
"SOX17",0,2,0,"0","0"
"SOX2",0,1,0,"0","0"
"SOX5",0,2,0,"0","0"
"SOX6",0,1,0,"0","0"
"SOX9",0,2,0,"0","0"
"SP1",0,1,0,"0","0"
"SP110",0,1,0,"0","0"
"SP3",0,1,0,"0","0"
"SP4",0,2,0,"0","0"
"SPAG1",0,1,0,"0","0"
"SPAG17",0,4,0,"0","0"
"SPAG9",0,1,0,"0","0"
"SPAM1",0,1,0,"0","0"
"SPATA18",0,2,0,"0","0"
"SPATA20",0,1,0,"0","0"
"SPATA21",0,1,0,"0","0"
"SPATA31E1",0,1,0,"0","0"
"SPATA5",1,0,0,"0","0"
"SPATA7",0,1,0,"0","0"
"SPATS2L",0,1,0,"0","0"
"SPECC1",0,1,0,"0","0"
"SPEN",0,3,0,"0","0"
"SPERT",0,4,0,"0","0"
"SPG21",0,1,0,"0","0"
"SPG7",1,0,0,"0","0"
"SPHKAP",0,2,0,"0","0"
"SPIDR",0,1,0,"0","0"
"SPINK5",0,2,0,"0","0"
"SPINT3",0,1,0,"0","0"
"SPO11",0,1,0,"0","0"
"SPOCD1",0,1,0,"0","0"
"SPPL2C",0,1,0,"0","0"
"SPRED2",0,1,0,"0","0"
"SPRR4",0,1,0,"0","0"
"SPTA1",0,6,0,"0","0"
"SPTAN1",0,1,0,"0","0"
"SPTB",0,2,0,"0","0"
"SPTBN1",0,2,0,"0","0"
"SPTBN2",0,1,0,"0","0"
"SPTBN4",0,1,0,"0","0"
"SPTBN5",0,3,0,"0","0"
"SPTLC2",0,1,0,"0","0"
"SPTLC3",0,1,0,"0","0"
"SPZ1",0,1,0,"0","0"
"SQSTM1",0,1,0,"0","0"
"SRC",0,1,0,"0","0"
"SRCAP",0,1,0,"0","0"
"SRCIN1",0,2,0,"0","0"
"SRD5A3",0,1,0,"0","0"
"SRF",0,1,0,"0","0"
"SRGAP1",0,1,0,"0","0"
"SRP54",0,1,0,"0","0"
"SRPR",0,1,0,"0","0"
"SRPX2",0,1,0,"0","0"
"SRRM4",0,2,0,"0","0"
"SS18L1",0,1,0,"0","0"
"SSBP2",0,1,0,"0","0"
"SSFA2",0,1,0,"0","0"
"SSH1",0,1,0,"0","0"
"SSH2",0,1,0,"0","0"
"SSMEM1",0,2,0,"0","0"
"SSPN",0,1,0,"0","0"
"SSTR2",0,1,0,"0","0"
"SSTR4",0,2,0,"0","0"
"ST18",0,2,0,"0","0"
"ST6GALNAC1",0,1,0,"0","0"
"ST8SIA1",0,1,0,"0","0"
"ST8SIA2",0,1,0,"0","0"
"ST8SIA3",0,1,0,"0","0"
"ST8SIA6",0,1,0,"0","0"
"STAB1",0,1,0,"0","0"
"STAG1",0,1,0,"0","0"
"STAG2",0,1,0,"0","0"
"STAR",1,0,0,"0","0"
"STARD10",0,1,0,"0","0"
"STARD13",0,2,0,"0","0"
"STARD7",0,1,0,"0","0"
"STARD8",0,1,0,"0","0"
"STARD9",0,2,0,"0","0"
"STAT1",0,2,0,"0","0"
"STAT2",0,1,0,"0","0"
"STAU1",0,1,0,"0","0"
"STC2",0,1,0,"0","0"
"STEAP2",0,1,0,"0","0"
"STEAP4",0,1,0,"0","0"
"STIL",0,1,0,"0","0"
"STIP1",0,2,0,"0","0"
"STK10",0,2,0,"0","0"
"STK16",0,1,0,"0","0"
"STK31",0,1,0,"0","0"
"STK32A",0,1,0,"0","0"
"STK38L",0,1,0,"0","0"
"STMN4",0,1,0,"0","0"
"STMND1",0,1,0,"0","0"
"STOML1",0,1,0,"0","0"
"STOML3",0,1,0,"0","0"
"STRADB",0,1,0,"0","0"
"STRBP",0,1,0,"0","0"
"STRC",1,0,0,"0","0"
"STRN",0,2,0,"0","0"
"STRN3",0,1,0,"0","0"
"STRN4",0,1,0,"0","0"
"STX16-NPEPL1",0,1,0,"0","0"
"STX17",0,1,0,"0","0"
"STX1A",0,1,0,"0","0"
"STXBP1",0,1,0,"0","0"
"STXBP2",0,2,0,"0","0"
"STXBP5",0,1,0,"0","0"
"STXBP6",0,1,0,"0","0"
"STYK1",0,1,0,"0","0"
"SUCNR1",0,1,0,"0","0"
"SUGP1",0,1,0,"0","0"
"SULF1",0,2,0,"0","0"
"SULT1C2",0,1,0,"0","0"
"SULT1C3",0,2,0,"0","0"
"SULT1E1",0,1,0,"0","0"
"SULT4A1",0,1,0,"0","0"
"SUMF1",0,1,0,"0","0"
"SURF4",0,1,0,"0","0"
"SVEP1",0,5,0,"0","0"
"SVOPL",0,1,0,"0","0"
"SWAP70",0,1,0,"0","0"
"SWSAP1",0,1,0,"0","0"
"SYCP2L",0,2,0,"0","0"
"SYDE2",0,1,0,"0","0"
"SYNE1",0,1,0,"0","0"
"SYNE2",0,1,0,"0","0"
"SYNE3",0,1,0,"0","0"
"SYNGAP1",0,1,0,"0","0"
"SYNPO2",0,2,0,"0","0"
"SYNPR",0,1,0,"0","0"
"SYP",0,1,0,"0","0"
"SYPL2",0,3,0,"0","0"
"SYS1",0,1,0,"0","0"
"SYT10",0,1,0,"0","0"
"SYT12",0,2,0,"0","0"
"SYT14",0,3,0,"0","0"
"SYT17",0,1,0,"0","0"
"SYT3",0,1,0,"0","0"
"SYT4",0,1,0,"0","0"
"SYT9",0,2,0,"0","0"
"SYTL2",0,2,0,"0","0"
"SYTL4",0,1,0,"0","0"
"SZRD1",0,1,0,"0","0"
"SZT2",0,1,0,"0","0"
"TAAR2",0,1,0,"0","0"
"TAC1",0,1,0,"0","0"
"TACC1",0,1,0,"0","0"
"TACC2",0,3,0,"0","0"
"TAF1",0,1,0,"0","0"
"TAF1B",0,1,0,"0","0"
"TAF1L",0,1,0,"0","0"
"TAF2",0,1,0,"0","0"
"TAF6L",0,1,0,"0","0"
"TAGAP",0,1,0,"0","0"
"TANC2",0,1,0,"0","0"
"TAOK3",0,1,0,"0","0"
"TAP2",0,1,0,"0","0"
"TARSL2",0,1,0,"0","0"
"TAS1R1",0,1,0,"0","0"
"TAS1R2",0,1,0,"0","0"
"TAS2R40",0,1,0,"0","0"
"TAS2R9",0,1,0,"0","0"
"TAT",0,4,0,"0","0"
"TATDN3",0,1,0,"0","0"
"TBC1D1",0,1,0,"0","0"
"TBC1D14",0,1,0,"0","0"
"TBC1D21",0,1,0,"0","0"
"TBC1D25",0,1,0,"0","0"
"TBC1D7",0,1,0,"0","0"
"TBCEL",0,1,0,"0","0"
"TBKBP1",0,1,0,"0","0"
"TBL1Y",0,1,0,"0","0"
"TBL2",0,1,0,"0","0"
"TBX1",0,2,0,"0","0"
"TBX10",0,1,0,"0","0"
"TBX18",0,2,0,"0","0"
"TBX2",0,1,0,"0","0"
"TBX22",0,1,0,"0","0"
"TBX5",0,2,0,"0","0"
"TBXAS1",0,1,0,"0","0"
"TCEB3",0,1,0,"0","0"
"TCEB3B",0,1,0,"0","0"
"TCERG1",0,1,0,"0","0"
"TCERG1L",0,1,0,"0","0"
"TCF12",0,2,0,"0","0"
"TCF20",0,1,0,"0","0"
"TCF4",0,3,0,"0","0"
"TCF7L1",0,1,0,"0","0"
"TCHH",0,1,0,"0","0"
"TCHHL1",0,2,0,"0","0"
"TCL1A",0,1,0,"0","0"
"TCOF1",0,1,0,"0","0"
"TCP11L2",0,1,0,"0","0"
"TCTE1",0,1,0,"0","0"
"TCTN2",0,1,0,"0","0"
"TDGF1",0,1,0,"0","0"
"TDRD1",0,1,0,"0","0"
"TDRD15",0,7,0,"0","0"
"TDRD6",0,3,0,"0","0"
"TDRD9",0,1,0,"0","0"
"TEAD4",0,1,0,"0","0"
"TEC",0,2,0,"0","0"
"TECPR1",0,1,0,"0","0"
"TECRL",0,1,0,"0","0"
"TECTA",0,2,0,"0","0"
"TECTB",0,1,0,"0","0"
"TEK",0,1,0,"0","0"
"TENM1",0,3,0,"0","0"
"TENM2",0,1,0,"0","0"
"TENM3",0,1,0,"0","0"
"TENM4",0,2,0,"0","0"
"TEP1",0,1,0,"0","0"
"TERT",0,3,0,"0","0"
"TESC",0,2,0,"0","0"
"TESK2",0,1,0,"0","0"
"TESPA1",0,1,0,"0","0"
"TET1",0,2,0,"0","0"
"TET2",0,4,0,"0","0"
"TEX11",0,1,0,"0","0"
"TEX15",0,1,0,"0","0"
"TEX19",0,1,0,"0","0"
"TEX26",0,1,0,"0","0"
"TEX29",0,1,0,"0","0"
"TEX37",0,1,0,"0","0"
"TFAP2A",0,1,0,"0","0"
"TFAP2C",0,2,0,"0","0"
"TFAP2D",0,1,0,"0","0"
"TFDP3",0,1,0,"0","0"
"TFE3",0,1,0,"0","0"
"TFEC",0,1,0,"0","0"
"TFR2",0,1,0,"0","0"
"TFRC",0,2,0,"0","0"
"TG",0,4,0,"0","0"
"TGFBR3",0,1,0,"0","0"
"TGM1",1,0,0,"0","0"
"TGM3",0,1,0,"0","0"
"TGM4",0,1,0,"0","0"
"TGM5",0,3,0,"0","0"
"TGM6",0,1,0,"0","0"
"TGM7",0,1,0,"0","0"
"TGS1",0,1,0,"0","0"
"TH",1,2,0,"0","0"
"THADA",0,1,0,"0","0"
"THBS1",0,2,0,"0","0"
"THBS3",0,1,0,"0","0"
"THBS4",0,1,0,"0","0"
"THEG",0,1,0,"0","0"
"THOC2",0,1,0,"0","0"
"THOC6",2,0,0,"0","0"
"THOC7",0,1,0,"0","0"
"THOP1",0,1,0,"0","0"
"THRAP3",0,1,0,"0","0"
"THSD7A",0,2,0,"0","0"
"THSD7B",0,6,0,"0","0"
"THUMPD2",0,2,0,"0","0"
"THYN1",0,1,0,"0","0"
"TIAM1",0,5,0,"0","0"
"TICAM1",0,2,0,"0","0"
"TICRR",0,1,0,"0","0"
"TIE1",0,2,0,"0","0"
"TIGD4",0,1,0,"0","0"
"TIMD4",0,1,0,"0","0"
"TIMM50",0,1,0,"0","0"
"TIMP2",0,1,0,"0","0"
"TINAG",0,3,0,"0","0"
"TIRAP",0,1,0,"0","0"
"TJP1",0,1,0,"0","0"
"TJP2",0,2,0,"0","0"
"TKT",0,1,0,"0","0"
"TLK1",0,1,0,"0","0"
"TLL1",0,1,0,"0","0"
"TLL2",0,1,0,"0","0"
"TLN1",0,2,0,"0","0"
"TLN2",0,3,0,"0","0"
"TLR10",0,1,0,"0","0"
"TLR2",0,1,0,"0","0"
"TLR5",0,1,0,"0","0"
"TLR6",0,1,0,"0","0"
"TLR7",0,2,0,"0","0"
"TLR8",0,1,0,"0","0"
"TLR9",0,2,0,"0","0"
"TLX3",0,1,0,"0","0"
"TM7SF3",0,1,0,"0","0"
"TM9SF1",0,1,0,"0","0"
"TMC2",0,1,0,"0","0"
"TMC3",0,1,0,"0","0"
"TMC6",0,1,0,"0","0"
"TMCC2",0,1,0,"0","0"
"TMED9",0,1,0,"0","0"
"TMEFF1",0,1,0,"0","0"
"TMEM104",0,2,0,"0","0"
"TMEM114",0,1,0,"0","0"
"TMEM125",0,1,0,"0","0"
"TMEM132B",0,2,0,"0","0"
"TMEM132C",0,4,0,"0","0"
"TMEM132D",0,4,0,"0","0"
"TMEM132E",0,1,0,"0","0"
"TMEM133",0,1,0,"0","0"
"TMEM145",0,1,0,"0","0"
"TMEM151A",0,1,0,"0","0"
"TMEM161B",0,1,0,"0","0"
"TMEM167B",0,1,0,"0","0"
"TMEM17",0,1,0,"0","0"
"TMEM175",0,1,0,"0","0"
"TMEM179",0,1,0,"0","0"
"TMEM198",0,2,0,"0","0"
"TMEM2",0,1,0,"0","0"
"TMEM200A",0,2,0,"0","0"
"TMEM215",0,1,0,"0","0"
"TMEM222",0,1,0,"0","0"
"TMEM231",1,0,0,"0","0"
"TMEM232",0,3,0,"0","0"
"TMEM237",1,0,0,"0","0"
"TMEM239",0,1,0,"0","0"
"TMEM245",0,1,0,"0","0"
"TMEM246",0,1,0,"0","0"
"TMEM257",0,1,0,"0","0"
"TMEM30A",0,1,0,"0","0"
"TMEM47",0,1,0,"0","0"
"TMEM55A",0,1,0,"0","0"
"TMEM57",0,1,0,"0","0"
"TMEM59",0,1,0,"0","0"
"TMEM59L",0,3,0,"0","0"
"TMEM63C",0,1,0,"0","0"
"TMEM70",1,0,0,"0","0"
"TMEM99",0,1,0,"0","0"
"TMEM9B",0,1,0,"0","0"
"TMPRSS11B",0,1,0,"0","0"
"TMPRSS11E",0,1,0,"0","0"
"TMPRSS13",0,1,0,"0","0"
"TMPRSS15",0,3,0,"0","0"
"TMPRSS2",0,2,0,"0","0"
"TMPRSS3",3,1,0,"0","0"
"TMPRSS4",0,1,0,"0","0"
"TMPRSS5",0,1,0,"0","0"
"TMPRSS6",0,2,0,"0","0"
"TMPRSS7",0,2,0,"0","0"
"TMTC2",0,1,0,"0","0"
"TMX3",0,1,0,"0","0"
"TMX4",0,1,0,"0","0"
"TNC",0,2,0,"0","0"
"TNFRSF11B",0,2,0,"0","0"
"TNFRSF8",0,1,0,"0","0"
"TNFSF13B",0,1,0,"0","0"
"TNIP3",0,1,0,"0","0"
"TNKS1BP1",0,1,0,"0","0"
"TNNI3",0,1,0,"0","0"
"TNR",0,3,0,"0","0"
"TNRC18",0,2,0,"0","0"
"TNRC6A",0,1,0,"0","0"
"TNRC6B",0,2,0,"0","0"
"TNRC6C",0,1,0,"0","0"
"TNS1",0,1,0,"0","0"
"TOB2",0,1,0,"0","0"
"TOM1L1",0,1,0,"0","0"
"TOP2B",0,1,0,"0","0"
"TOP3A",1,1,0,"0","0"
"TOP3B",0,2,0,"0","0"
"TOPAZ1",0,1,0,"0","0"
"TOR1B",0,1,0,"0","0"
"TP53",2,17,0,"0","0"
"TP53BP1",0,2,0,"0","0"
"TP63",0,1,0,"0","0"
"TP73",0,1,0,"0","0"
"TPCN1",0,1,0,"0","0"
"TPH1",0,1,0,"0","0"
"TPH2",0,2,0,"0","0"
"TPK1",0,1,0,"0","0"
"TPM3",0,1,0,"0","0"
"TPO",0,6,0,"0","0"
"TPP1",1,0,0,"0","0"
"TPR",0,1,0,"0","0"
"TPST1",0,1,0,"0","0"
"TRABD2A",0,1,0,"0","0"
"TRAF3",0,1,0,"0","0"
"TRAK1",0,2,0,"0","0"
"TRANK1",0,2,0,"0","0"
"TRAPPC11",2,1,0,"0","0"
"TRAPPC12",0,1,0,"0","0"
"TRAPPC8",0,1,0,"0","0"
"TRAPPC9",0,2,0,"0","0"
"TRERF1",0,1,0,"0","0"
"TRHDE",0,2,0,"0","0"
"TRIB2",0,1,0,"0","0"
"TRIM10",0,1,0,"0","0"
"TRIM15",0,1,0,"0","0"
"TRIM17",0,1,0,"0","0"
"TRIM21",0,1,0,"0","0"
"TRIM24",0,2,0,"0","0"
"TRIM32",0,1,0,"0","0"
"TRIM54",0,1,0,"0","0"
"TRIM66",0,1,0,"0","0"
"TRIM68",0,1,0,"0","0"
"TRIM71",0,2,0,"0","0"
"TRIO",0,2,0,"0","0"
"TRIOBP",0,2,0,"0","0"
"TRIP4",0,2,0,"0","0"
"TRMT1",0,1,0,"0","0"
"TRMT11",0,1,0,"0","0"
"TRPA1",0,1,0,"0","0"
"TRPC1",0,2,0,"0","0"
"TRPC4AP",0,1,0,"0","0"
"TRPM1",0,3,0,"0","0"
"TRPM2",0,2,0,"0","0"
"TRPM3",0,3,0,"0","0"
"TRPM4",0,2,0,"0","0"
"TRPM6",0,2,0,"0","0"
"TRPM8",0,1,0,"0","0"
"TRPV4",0,1,0,"0","0"
"TRPV5",0,1,0,"0","0"
"TRPV6",0,1,0,"0","0"
"TRRAP",0,3,0,"0","0"
"TSC2",0,5,0,"0","0"
"TSC22D1",0,1,0,"0","0"
"TSC22D2",0,1,0,"0","0"
"TSEN54",1,0,0,"0","0"
"TSGA10",0,1,0,"0","0"
"TSHR",1,1,0,"0","0"
"TSKS",0,1,0,"0","0"
"TSPAN15",0,1,0,"0","0"
"TSPAN18",0,1,0,"0","0"
"TSPAN32",0,2,0,"0","0"
"TSPAN9",0,1,0,"0","0"
"TSPYL6",0,1,0,"0","0"
"TSSC4",0,1,0,"0","0"
"TSSK1B",0,1,0,"0","0"
"TSSK3",0,1,0,"0","0"
"TTC13",0,1,0,"0","0"
"TTC17",0,1,0,"0","0"
"TTC21A",0,1,0,"0","0"
"TTC22",0,1,0,"0","0"
"TTC26",0,1,0,"0","0"
"TTC3",0,1,0,"0","0"
"TTC40",0,4,0,"0","0"
"TTC5",0,2,0,"0","0"
"TTC6",0,3,0,"0","0"
"TTC7B",0,1,0,"0","0"
"TTF1",0,1,0,"0","0"
"TTF2",0,1,0,"0","0"
"TTK",0,1,0,"0","0"
"TTLL10",0,1,0,"0","0"
"TTLL2",0,1,0,"0","0"
"TTLL4",0,1,0,"0","0"
"TTLL6",0,2,0,"0","0"
"TTLL7",0,1,0,"0","0"
"TTN",0,10,0,"0","0"
"TTPA",1,0,0,"0","0"
"TTR",2,0,0,"0","0"
"TUBA8",0,1,0,"0","0"
"TUBB4A",0,1,0,"0","0"
"TUBE1",0,1,0,"0","0"
"TUBGCP4",1,0,0,"0","0"
"TUBGCP6",0,1,0,"0","0"
"TUFM",0,1,0,"0","0"
"TULP2",0,1,0,"0","0"
"TXNDC15",0,1,0,"0","0"
"TXNDC5",0,1,0,"0","0"
"TYR",0,2,0,"0","0"
"TYRO3",0,1,0,"0","0"
"TYRP1",0,1,0,"0","0"
"TYSND1",0,1,0,"0","0"
"U2AF1",0,1,0,"0","0"
"U2SURP",0,1,0,"0","0"
"UBAP2L",0,1,0,"0","0"
"UBASH3B",0,1,0,"0","0"
"UBD",0,1,0,"0","0"
"UBE2U",0,2,0,"0","0"
"UBE3C",0,1,0,"0","0"
"UBE4A",0,1,0,"0","0"
"UBN2",0,1,0,"0","0"
"UBQLN3",0,1,0,"0","0"
"UBQLNL",0,1,0,"0","0"
"UBR1",0,1,0,"0","0"
"UBR4",0,2,0,"0","0"
"UBR5",0,1,0,"0","0"
"UBTF",0,1,0,"0","0"
"UBXN1",0,1,0,"0","0"
"UBXN10",0,1,0,"0","0"
"UBXN7",0,1,0,"0","0"
"UCP2",0,1,0,"0","0"
"UFD1L",0,1,0,"0","0"
"UFL1",0,1,0,"0","0"
"UGGT1",0,1,0,"0","0"
"UGT1A6",0,1,0,"0","0"
"UGT1A7",0,1,0,"0","0"
"UGT2A1",0,3,0,"0","0"
"UGT3A1",0,3,0,"0","0"
"UGT3A2",0,2,0,"0","0"
"UGT8",0,2,0,"0","0"
"UHRF1BP1",0,1,0,"0","0"
"UHRF1BP1L",0,1,0,"0","0"
"UIMC1",0,1,0,"0","0"
"ULK1",0,1,0,"0","0"
"UMOD",0,1,0,"0","0"
"UNC119B",0,1,0,"0","0"
"UNC13A",0,1,0,"0","0"
"UNC13B",0,1,0,"0","0"
"UNC13C",0,2,0,"0","0"
"UNC13D",1,1,0,"0","0"
"UNC45B",0,1,0,"0","0"
"UNC5C",0,2,0,"0","0"
"UNC5D",0,4,0,"0","0"
"UNC79",0,2,0,"0","0"
"UNC80",0,3,0,"0","0"
"UNC93A",0,1,0,"0","0"
"UPF1",0,1,0,"0","0"
"UPP2",0,1,0,"0","0"
"UQCRQ",0,1,0,"0","0"
"URB2",0,1,0,"0","0"
"USH1C",0,1,0,"0","0"
"USH2A",3,8,0,"0","0"
"USO1",0,1,0,"0","0"
"USP15",0,2,0,"0","0"
"USP19",0,1,0,"0","0"
"USP2",0,2,0,"0","0"
"USP21",0,1,0,"0","0"
"USP24",0,1,0,"0","0"
"USP25",0,1,0,"0","0"
"USP29",0,1,0,"0","0"
"USP43",0,1,0,"0","0"
"USP45",0,1,0,"0","0"
"USP47",0,1,0,"0","0"
"USP54",0,1,0,"0","0"
"USP6",0,2,0,"0","0"
"USP9X",0,1,0,"0","0"
"UTF1",0,1,0,"0","0"
"UTP11L",0,1,0,"0","0"
"UTP20",0,2,0,"0","0"
"UTP6",0,1,0,"0","0"
"UVRAG",0,1,0,"0","0"
"VARS",0,2,0,"0","0"
"VARS2",1,1,0,"0","0"
"VAV1",0,1,0,"0","0"
"VAX1",0,1,0,"0","0"
"VCAM1",0,1,0,"0","0"
"VCL",0,1,0,"0","0"
"VGLL3",0,1,0,"0","0"
"VIT",0,1,0,"0","0"
"VLDLR",0,1,0,"0","0"
"VNN1",0,1,0,"0","0"
"VNN2",0,1,0,"0","0"
"VPS13A",1,2,0,"0","0"
"VPS13B",0,2,0,"0","0"
"VPS13C",0,1,0,"0","0"
"VPS13D",0,2,0,"0","0"
"VPS35",0,1,0,"0","0"
"VPS41",0,1,0,"0","0"
"VPS8",0,1,0,"0","0"
"VRTN",0,1,0,"0","0"
"VSTM1",0,1,0,"0","0"
"VTCN1",0,1,0,"0","0"
"VTI1A",0,1,0,"0","0"
"VTN",0,1,0,"0","0"
"VWA3A",0,1,0,"0","0"
"VWA3B",0,1,0,"0","0"
"VWA5B1",0,3,0,"0","0"
"VWA8",0,1,0,"0","0"
"VWC2",0,1,0,"0","0"
"VWCE",0,1,0,"0","0"
"VWDE",0,2,0,"0","0"
"VWF",3,1,0,"0","0"
"WAC",0,3,0,"0","0"
"WAPAL",0,2,0,"0","0"
"WAS",0,1,0,"0","0"
"WASF1",0,1,0,"0","0"
"WDFY3",0,1,0,"0","0"
"WDFY4",0,2,0,"0","0"
"WDPCP",0,1,0,"0","0"
"WDR11",0,1,0,"0","0"
"WDR13",0,1,0,"0","0"
"WDR17",0,2,0,"0","0"
"WDR19",0,2,0,"0","0"
"WDR20",0,1,0,"0","0"
"WDR25",0,1,0,"0","0"
"WDR27",0,2,0,"0","0"
"WDR33",0,2,0,"0","0"
"WDR36",0,1,0,"0","0"
"WDR44",0,1,0,"0","0"
"WDR45B",0,1,0,"0","0"
"WDR63",0,1,0,"0","0"
"WDR64",0,3,0,"0","0"
"WDR65",0,3,0,"0","0"
"WDR66",0,1,0,"0","0"
"WDR7",0,1,0,"0","0"
"WDR72",1,1,0,"0","0"
"WDR81",0,1,0,"0","0"
"WDR87",0,5,0,"0","0"
"WDR96",0,2,0,"0","0"
"WEE1",0,1,0,"0","0"
"WFDC1",0,1,0,"0","0"
"WFDC12",0,1,0,"0","0"
"WFDC8",0,1,0,"0","0"
"WFIKKN2",0,2,0,"0","0"
"WFS1",2,1,0,"0","0"
"WHSC1",0,3,0,"0","0"
"WIF1",0,1,0,"0","0"
"WIPF3",0,1,0,"0","0"
"WISP2",0,1,0,"0","0"
"WIZ",0,1,0,"0","0"
"WNK2",0,3,0,"0","0"
"WNK4",0,1,0,"0","0"
"WNT10A",0,2,0,"0","0"
"WNT3",0,1,0,"0","0"
"WNT3A",0,1,0,"0","0"
"WNT5A",0,1,0,"0","0"
"WNT6",0,1,0,"0","0"
"WNT7A",0,1,0,"0","0"
"WRAP53",0,1,0,"0","0"
"WSB1",0,1,0,"0","0"
"WWC1",0,1,0,"0","0"
"WWC3",0,1,0,"0","0"
"XDH",0,3,0,"0","0"
"XIRP1",0,5,0,"0","0"
"XIRP2",0,2,0,"0","0"
"XKR6",0,3,0,"0","0"
"XPC",1,0,0,"0","0"
"XPNPEP1",0,1,0,"0","0"
"XPO1",0,1,0,"0","0"
"XPO4",0,1,0,"0","0"
"XPO5",0,1,0,"0","0"
"XPO6",0,1,0,"0","0"
"XRCC4",1,0,0,"0","0"
"XRN1",0,1,0,"0","0"
"XYLT1",0,1,0,"0","0"
"YAE1D1",0,1,0,"0","0"
"YARS",0,2,0,"0","0"
"YIPF2",0,1,0,"0","0"
"YIPF3",0,1,0,"0","0"
"YLPM1",0,2,0,"0","0"
"YME1L1",0,1,0,"0","0"
"YOD1",0,1,0,"0","0"
"YPEL3",0,1,0,"0","0"
"ZAP70",0,1,0,"0","0"
"ZBBX",0,2,0,"0","0"
"ZBED2",0,1,0,"0","0"
"ZBED4",0,1,0,"0","0"
"ZBP1",0,1,0,"0","0"
"ZBTB11",0,1,0,"0","0"
"ZBTB18",0,1,0,"0","0"
"ZBTB2",0,1,0,"0","0"
"ZBTB20",0,1,0,"0","0"
"ZBTB21",0,2,0,"0","0"
"ZBTB26",0,1,0,"0","0"
"ZBTB3",0,1,0,"0","0"
"ZBTB33",0,1,0,"0","0"
"ZBTB38",0,1,0,"0","0"
"ZBTB40",0,1,0,"0","0"
"ZBTB48",0,1,0,"0","0"
"ZBTB5",0,1,0,"0","0"
"ZBTB6",0,1,0,"0","0"
"ZBTB8OS",0,1,0,"0","0"
"ZC3H12C",0,1,0,"0","0"
"ZC3H14",0,1,0,"0","0"
"ZC3H18",0,1,0,"0","0"
"ZC3H4",0,1,0,"0","0"
"ZC3H6",0,1,0,"0","0"
"ZCCHC11",0,1,0,"0","0"
"ZCCHC14",0,1,0,"0","0"
"ZCCHC2",0,1,0,"0","0"
"ZCCHC5",0,1,0,"0","0"
"ZCCHC7",0,1,0,"0","0"
"ZDBF2",0,3,0,"0","0"
"ZDHHC17",0,1,0,"0","0"
"ZDHHC19",0,1,0,"0","0"
"ZDHHC8",0,1,0,"0","0"
"ZEB1",0,1,0,"0","0"
"ZEB2",0,4,0,"0","0"
"ZFAND2A",0,1,0,"0","0"
"ZFAND2B",0,1,0,"0","0"
"ZFAT",0,2,0,"0","0"
"ZFC3H1",0,1,0,"0","0"
"ZFHX2",0,1,0,"0","0"
"ZFHX3",0,4,0,"0","0"
"ZFHX4",0,6,0,"0","0"
"ZFP2",0,1,0,"0","0"
"ZFP36L2",0,3,0,"0","0"
"ZFP57",0,1,0,"0","0"
"ZFP69B",0,1,0,"0","0"
"ZFP92",0,1,0,"0","0"
"ZFPL1",0,2,0,"0","0"
"ZFR2",0,1,0,"0","0"
"ZFYVE19",0,1,0,"0","0"
"ZFYVE21",0,1,0,"0","0"
"ZFYVE26",0,2,0,"0","0"
"ZFYVE27",0,1,0,"0","0"
"ZFYVE28",0,2,0,"0","0"
"ZFYVE9",0,1,0,"0","0"
"ZIC3",0,1,0,"0","0"
"ZIM2",0,1,0,"0","0"
"ZIM3",0,1,0,"0","0"
"ZKSCAN8",0,1,0,"0","0"
"ZMIZ2",0,1,0,"0","0"
"ZMYM1",0,1,0,"0","0"
"ZNF106",0,1,0,"0","0"
"ZNF14",0,1,0,"0","0"
"ZNF142",0,1,0,"0","0"
"ZNF148",0,1,0,"0","0"
"ZNF154",0,1,0,"0","0"
"ZNF165",0,1,0,"0","0"
"ZNF185",0,2,0,"0","0"
"ZNF195",0,1,0,"0","0"
"ZNF197",0,1,0,"0","0"
"ZNF214",0,1,0,"0","0"
"ZNF215",0,1,0,"0","0"
"ZNF221",0,1,0,"0","0"
"ZNF224",0,1,0,"0","0"
"ZNF226",0,2,0,"0","0"
"ZNF229",0,2,0,"0","0"
"ZNF230",0,1,0,"0","0"
"ZNF259",0,1,0,"0","0"
"ZNF267",0,1,0,"0","0"
"ZNF28",0,1,0,"0","0"
"ZNF280A",0,1,0,"0","0"
"ZNF317",0,1,0,"0","0"
"ZNF318",0,1,0,"0","0"
"ZNF324",0,2,0,"0","0"
"ZNF324B",0,1,0,"0","0"
"ZNF334",0,1,0,"0","0"
"ZNF343",0,1,0,"0","0"
"ZNF347",0,1,0,"0","0"
"ZNF365",0,2,0,"0","0"
"ZNF37A",0,1,0,"0","0"
"ZNF385A",0,2,0,"0","0"
"ZNF385B",0,1,0,"0","0"
"ZNF404",0,2,0,"0","0"
"ZNF44",0,1,0,"0","0"
"ZNF441",0,1,0,"0","0"
"ZNF469",0,1,0,"0","0"
"ZNF48",0,1,0,"0","0"
"ZNF484",0,1,0,"0","0"
"ZNF485",0,1,0,"0","0"
"ZNF496",0,1,0,"0","0"
"ZNF501",0,1,0,"0","0"
"ZNF513",0,2,0,"0","0"
"ZNF518B",0,1,0,"0","0"
"ZNF526",0,1,0,"0","0"
"ZNF532",0,2,0,"0","0"
"ZNF541",0,1,0,"0","0"
"ZNF565",0,1,0,"0","0"
"ZNF566",0,1,0,"0","0"
"ZNF568",0,1,0,"0","0"
"ZNF577",0,2,0,"0","0"
"ZNF578",0,1,0,"0","0"
"ZNF579",0,1,0,"0","0"
"ZNF581",0,1,0,"0","0"
"ZNF587B",0,1,0,"0","0"
"ZNF597",0,1,0,"0","0"
"ZNF606",0,1,0,"0","0"
"ZNF608",0,1,0,"0","0"
"ZNF609",0,2,0,"0","0"
"ZNF618",0,1,0,"0","0"
"ZNF622",0,1,0,"0","0"
"ZNF638",0,1,0,"0","0"
"ZNF641",0,1,0,"0","0"
"ZNF672",0,1,0,"0","0"
"ZNF697",0,1,0,"0","0"
"ZNF707",0,1,0,"0","0"
"ZNF708",0,1,0,"0","0"
"ZNF71",0,1,0,"0","0"
"ZNF711",0,1,0,"0","0"
"ZNF714",0,1,0,"0","0"
"ZNF736",0,1,0,"0","0"
"ZNF747",0,1,0,"0","0"
"ZNF75D",0,1,0,"0","0"
"ZNF775",0,1,0,"0","0"
"ZNF777",0,1,0,"0","0"
"ZNF778",0,1,0,"0","0"
"ZNF783",0,1,0,"0","0"
"ZNF784",0,2,0,"0","0"
"ZNF786",0,1,0,"0","0"
"ZNF792",0,1,0,"0","0"
"ZNF80",0,1,0,"0","0"
"ZNF804A",0,1,0,"0","0"
"ZNF804B",0,3,0,"0","0"
"ZNF808",0,1,0,"0","0"
"ZNF81",0,1,0,"0","0"
"ZNF812",0,1,0,"0","0"
"ZNF831",0,1,0,"0","0"
"ZNF835",0,1,0,"0","0"
"ZNF843",0,1,0,"0","0"
"ZNF862",0,1,0,"0","0"
"ZNFX1",0,1,0,"0","0"
"ZNHIT6",0,1,0,"0","0"
"ZNRF1",0,1,0,"0","0"
"ZNRF3",0,1,0,"0","0"
"ZNRF4",0,1,0,"0","0"
"ZP4",0,1,0,"0","0"
"ZRANB2",0,1,0,"0","0"
"ZSCAN10",0,1,0,"0","0"
"ZSCAN23",0,1,0,"0","0"
"ZSCAN25",0,1,0,"0","0"
"ZSCAN4",0,1,0,"0","0"
"ZSCAN5C",0,1,0,"0","0"
"ZSWIM4",0,1,0,"0","0"
"ZSWIM5",0,1,0,"0","0"
"ZSWIM6",0,1,0,"0","0"
"ZWILCH",0,1,0,"0","0"
"ZWINT",0,1,0,"0","0"
"ZYX",0,2,0,"0","0"
"ZZEF1",0,2,0,"0","0"
"ZZZ3",0,2,0,"0","0"
