"","og_id","orig.ident","nCount_RNA","nFeature_RNA","Var.5","entity:sample_id","sample_alias","sample_type","individual_alias","data_type","tumor_timepoint","sample_alias_cleaned","LC-SET","LC_BATCH","BX_TIME_DAYS","BX_LOCATION","BX_TYPE","BX_VASOFORMATIVE","BX_EPITHELIOID","BX_SPINDLE_CELL","BX_NUCLEAR_GRADE","STUDY ID","Primary Site (Recombined)","Primary Site (Wagner2024)","Biopsy Location (Wagner2024)","Met Sites at Dx (Wagner2024)","Met Sites Ever (Wagner2024)","Other Cancer","BATCH NUMBER (EHR_EXTRACTED)","AGE AT DX (EHR_EXTRACTED)","SEX (EHR_EXTRACTED)","PRIMARY SITE (EHR_EXTRACTED)","DX BIOPSY LOCATION (EHR_EXTRACTED)","RAAS (EHR_EXTRACTED)","LAAS/STEWART-TREVES (EHR_EXTRACTED)","CUTANEOUS AS (EHR_EXTRACTED)","LOCAL RECURRENCE (EHR_EXTRACTED)","LOCAL RECURRENCE SITE (EHR_EXTRACTED)","LOCAL RECURRENCE DATE 1 (DAYS FROM DX) (EHR_EXTRACTED)","LOCAL RECURRENCE DATE 2 (DAYS FROM DX) (EHR_EXTRACTED)","LOCAL RECURRENCE DATE 3 (DAYS FROM DX) (EHR_EXTRACTED)","LOCAL RECURRENCE DATE 4 (DAYS FROM DX) (EHR_EXTRACTED)","LOCAL RECURRENCE DATE 5 (DAYS FROM DX) (EHR_EXTRACTED)","LOCAL RECURRENCE DATE 6 (DAYS FROM DX) (EHR_EXTRACTED)","DATE METS DX (DAYS FROM DX) (EHR_EXTRACTED)","METS SITES AT METS DX (EHR_EXTRACTED)","METS SITES EVER (EHR_EXTRACTED)","FINAL DATE MEDR (DAYS FROM DX) (EHR_EXTRACTED)","DATE ABSTRACTED (EHR_EXTRACTED)","ABSTRACTED FROM (EHR_EXTRACTED)","ABSTRACTOR (EHR_EXTRACTED)","PRIMARY SITE STANDARDIZED (EHR_EXTRACTED)","LAAS (EHR_EXTRACTED)","HAS METS AT DX (EHR_EXTRACTED)","legacy_shortid (PRD)","PREQUAL_SELF_DESCRIBE (PRD)","AGE OF DIAGNOSIS (PRD)","DIAGNOSIS_LOC (PRD)","DIAGNOSIS_LOC_BONELIMB_DETAILS (PRD)","DIAGNOSIS_LOC_ABDOMINAL_DETAILS (PRD)","DIAGNOSIS_LOC_OTHER_DETAILS (PRD)","EVER_LOCATION (PRD)","EVER_LOCATION_BONELIMB_DETAILS (PRD)","EVER_LOCATION_ABDOMINAL_DETAILS (PRD)","EVER_LOCATION_OTHER_DETAILS (PRD)","CURRENT_LOCATION (PRD)","CURRENT_LOCATION_BONELIMB_DETAILS (PRD)","CURRENT_LOCATION_ABDOMINAL_DETAILS (PRD)","CURRENT_LOCATION_OTHER_DETAILS (PRD)","SURGERY (PRD)","SURGERY_CLEAN_MARGINS (PRD)","RADIATION (PRD)","RADIATION_SURGERY (PRD)","ALL_TREATMENTS (PRD)","CURRENTLY_TREATED (PRD)","CURRENT_THERAPIES (PRD)","OTHER_CANCER (PRD)","OTHER_CANCER_LIST (PRD)","OTHER_CANCER_RADIATION (PRD)","OTHER_CANCER_RADIATION_LOC (PRD)","REFERRAL_SOURCE (PRD)","EXPERIENCE (PRD)","HISPANIC (PRD)","RACE (PRD)","RACE_OTHER_DETAILS (PRD)","DIAGNOSIS_PRIMARY_LOC (PRD)","DIAGNOSIS_PRIMARY_LOC_OTHER_DETAILS (PRD)","DIAGNOSIS_SPREAD (PRD)","DIAGNOSIS_SPREAD_LOC (PRD)","DIAGNOSIS_SPREAD_LOC_BONELIMB_DETAILS (PRD)","POST_DIAGNOSIS_SPREAD (PRD)","POST_DIAGNOSIS_SPREAD_LOC (PRD)","POST_DIAGNOSIS_SPREAD_LOC_BONELIMB_DETAILS (PRD)","POST_DIAGNOSIS_SPREAD_LOC_OTHER_DETAILS (PRD)","LOCAL_RECURRENCE (PRD)","TREATMENT_PAST (PRD)","TREATMENT_NOW (PRD)","DISEASE_FREE_NOW (PRD)","SUPPORT_MEMBERSHIP (PRD)","SUPPORT_MEMBERSHIP_TEXT (PRD)","CONSENT_DOB (PRD)","EHR_EXTRACTED","Age (Combined)","PRIMARY SITE (Combined)","RAAS_LAAS_Class","NUM MET SITES EVER (EHR_EXTRACTED)","library_size","RNA_snn_res.1.5","seurat_clusters","seurat_clusters_renamed","radioresistance_score1","radiation_exposure_score1"
"G136942.ASCProject.0005.T1.v1.RNA.OnPrem","G136942.ASCProject.0005.T1.v1.RNA.OnPrem","SeuratProject",187453.187032675,21224,1,"G136942_ASCProject_0005_T1_v1_RNA_OnPrem","ASCProject_0005_T1","Tumor","ASCProject_0005","RNA","T1","ASCProject_0005_T1","LCSET-12154","LCSET-12154",NA,NA,NA,NA,NA,NA,NA,"ASCProject_0005","Breast (Parenchymal)","Breast (Parenchymal)","Breast","Trunk","Trunk, Distant Lymph Node, Lung",NA,5,"31","F","BREAST (PARENCHYMAL)","LEFT BREAST",0,"NO",0,0,NA,NA,NA,NA,NA,NA,NA,"3615","TRUNK ","TRUNK, OTHER (RIGHT BREAST), EXTREMITY, BONE","4374","11/7/18","5_1, 5_2, 5_3, 5_4, 5_5, 5_6, 5_7, 5_8, 5_9, 5_10, 5_11, ASC_0005_GHS+MDAnderson_PathReport, ASC_5 T1 Pathology","BT","BREAST (PARENCHYMAL)",0,1,"5","DIAGNOSED",31.0739726,"BREAST",NA,NA,NA,"BREAST,OTHER",NA,NA,"Lower right flank","BREAST,OTHER",NA,NA,"Right posterior shoulder","YES","YES","YES","BEFORE","Gem/tax, AIM, taxol,","YES","tremelimumab/durvalumab clinical trial immunotherapy","NO",NA,"NO",NA,"Facebook","glad to have lived long enough to help others with it, I'm the only one I know within a 2 hr drive with AS & glad for FB","NO","WHITE",NA,"BREAST",NA,"NO",NA,NA,"YES","BREAST,OTHER",NA,"lower right flank (back) nad toher breast (right)","NO","chemo, radiation, and surgery","clinical trial -dualimmunotherapy","NO","YES","FB...local sarcoma warriors get together yearly and online to raise patient support funds","6/12/74","True",31,"BREAST (PARENCHYMAL)","Non-RAAS/LAAS",4,31865709,"0","0",1,-0.151724411436369,-0.129264658440576
"G136942.ASCProject.0007.T2.v1.RNA.OnPrem","G136942.ASCProject.0007.T2.v1.RNA.OnPrem","SeuratProject",188410.032639418,21224,2,"G136942_ASCProject_0007_T2_v1_RNA_OnPrem","ASCProject_0007_T2","Tumor","ASCProject_0007","RNA","T2","ASCProject_0007_T2","LCSET-12154","LCSET-12154",5080,"BLADDER WALL",NA,NA,NA,NA,NA,"ASCProject_0007","Other Visceral Organs","Urinary","Bladder","No Mets","No Mets",NA,5,"41","M","VISCERAL ORGAN","BLADDER",0,"NO",0,1,"VISCERAL ORGAN","552",NA,NA,NA,NA,NA,NA,"NO METS","NO METS","582","7/8/21","7_1, 7_2, 7_3, 7_4, ASC_7_T1_Path_manual, ASC_7_T2_Path_manual","IS","VISCERAL ORGAN",0,0,"7","DIAGNOSED",41.86849315,"OTHER",NA,NA,"Bladder","LIVER,SPLEEN,LUNG,LYMPH,BONELIMB,ABDOMINAL","Femur / pelvis","Large intestine , small intestine , sigmoid colon",NA,"LIVER,SPLEEN,LUNG,LYMPH,BONELIMB,ABDOMINAL","Femur / pelvis","Intestines",NA,"YES","YES","YES","AFTER","Aim , gem tax , trc 105 , taxol","NO",NA,"YES","thyroid cancer;2015","YES","Thyroid","Internet","I have the kdr mutation i have never gone more then 4 months NED . I have gone to several different angiosarcoma specialists and hospitals for different treatments and all have been ineffective .","NO","BLACK",NA,"OTHER","bladder","NO",NA,NA,"NO",NA,NA,NA,"YES","Chemotherapy treatment aim","Dixotaxle","YES","YES","Nothing","6/28/73","True",41,"VISCERAL ORGAN","Non-RAAS/LAAS",0,87148606,"4","4",5,0.554945013464883,0.253883948193776
"G136942.ASCProject.0026.T1.v1.RNA.OnPrem","G136942.ASCProject.0026.T1.v1.RNA.OnPrem","SeuratProject",186550.166709435,21224,3,"G136942_ASCProject_0026_T1_v1_RNA_OnPrem","ASCProject_0026_T1","Tumor","ASCProject_0026","RNA","T1","ASCProject_0026_T1","LCSET-12154","LCSET-12154",27,"BREAST","MASTECTOMY","YES","NO","NO","LOW","ASCProject_0026","Breast (Parenchymal)","Breast (Parenchymal)","Breast","Liver","Liver",NA,5,"56","F","BREAST (PARENCHYMAL)","RIGHT BREAST",0,"NO",0,0,NA,NA,NA,NA,NA,NA,NA,"1248","LIVER","LIVER","1679","7/12/21","26_FCS_OCR.pdf, ASC_26_BHB_OCR.pdf, ASC_26_MDA_OCR.pdf, ASC_26_TBBCS_OCR.pdf, ASC_26_T1_Path manual OCR, 26_MSKCC_1.pdf, 26_MSKCC_2.pdf","DS","BREAST (PARENCHYMAL)",0,1,"26","DIAGNOSED",56.51506849,"BREAST",NA,NA,NA,"BREAST,LIVER",NA,NA,NA,"LIVER",NA,NA,NA,"YES","YES","NO",NA,"Taxol. Currently on Lartruvo & Adriamycin","YES","Lartruvo & Adriamycin","NO",NA,"NO",NA,"Facebook AngioSarcomaCancer group page.","My primary breast tumor was 2.5cm.  After consulting with her team, my Sarcoma specialist advised against chemo.  I was NED for 3 years 5 months when it recurred in the left lobe of my Liver.  I began Taxol in September of 2016 & after 17 treatments the lesion had shrunk but other ""suspicious"" sub centimeter nodules were noticeable in my lung & abdomen.  I began Lartruvo & Adriamycin in January of this year.  Interestingly, the Liver lesion presented as  if it were gastritis & was quite painful.","NO","WHITE",NA,NA,NA,NA,NA,NA,NA,NA,NA,NA,NA,NA,NA,NA,NA,NA,"10/9/56","True",56,"BREAST (PARENCHYMAL)","Non-RAAS/LAAS",1,33394848,"0","0",1,-0.0387663636506836,0.0589969968641775
"G136942.ASCProject.0042.T1.v1.RNA.OnPrem","G136942.ASCProject.0042.T1.v1.RNA.OnPrem","SeuratProject",189798.728518463,21224,4,"G136942_ASCProject_0042_T1_v1_RNA_OnPrem","ASCProject_0042_T1","Tumor","ASCProject_0042","RNA","T1","ASCProject_0042_T1","LCSET-12154","LCSET-12154",NA,NA,NA,NA,NA,NA,NA,"ASCProject_0042","HNFS","HNFS","Scalp","No Mets","No Mets",NA,10,"83","F","HNFS","LEFT SCALP",0,"NO",1,0,NA,NA,NA,NA,NA,NA,NA,NA,"NO METS","NO METS","355","2/16/22","ASC_42_MichiganMediine_Path, ASC_42_path, ASC_42_T1_Path","IS","HNFS",0,0,"42","DIAGNOSED",83.2630137,"SCALP",NA,NA,NA,"HEADFACENECK,SCALP",NA,NA,NA,"NED",NA,NA,NA,"NO",NA,"YES",NA,"None",NA,NA,"NO",NA,"NO",NA,"On Facebook",NA,"NO","WHITE",NA,NA,NA,NA,NA,NA,NA,NA,NA,NA,NA,NA,NA,NA,NA,NA,"11/17/32","True",83,"HNFS","Non-RAAS/LAAS",0,77936490,"3","3",4,0.418025398807279,0.142723647482493
"G136942.ASCProject.0067.T1.v1.RNA.OnPrem","G136942.ASCProject.0067.T1.v1.RNA.OnPrem","SeuratProject",183344.418470656,21224,5,"G136942_ASCProject_0067_T1_v1_RNA_OnPrem","ASCProject_0067_T1","Tumor","ASCProject_0067","RNA","T1","ASCProject_0067_T1","LCSET-12154","LCSET-12154",0,"BONELIMB",NA,NA,NA,NA,NA,"ASCProject_0067","Extremities","Lower Extremity","Thigh","No Mets","No Mets",NA,1,"40","F","EXTREMITY","LEFT POSTERIOR THIGH",0,"NO",0,0,NA,NA,NA,NA,NA,NA,NA,NA,"NO METS","NO METS","1425","6/21/21","67 Medical Record, 67_MGH_!, 67_MGH_2, ASC_67_T1_Path","LS","EXTREMITY",0,0,"67","DIAGNOSED",40.22465753,"OTHER",NA,NA,"Left thigh","OTHER",NA,NA,"Left thigh","NED",NA,NA,NA,"YES","YES","YES","BOTH","Taxol","NO",NA,"NO",NA,"NO",NA,"I'm a member of our Facebook group.","My angiosarcoma began as a hemangioma. The hemangioma was normal, I guess, for years, maybe the size of a large gumball, normal skin color. When it turned purple, it began to grow in size, the growth was rapid. I saw several doctors because they didn't know what it was, but they could tell it was growing and bloody. My tumor was removed in 2 stages. In the 1st surgery, nobody knew what it was, & margins weren't clear. The biopsy showed it was AS.  After chemo & rad. I had a 2nd cleanup surgery.","NO","WHITE",NA,NA,NA,NA,NA,NA,NA,NA,NA,NA,NA,NA,NA,NA,NA,NA,"7/21/73","True",40,"BONELIMB","Non-RAAS/LAAS",0,129433659,"0","0",1,0.029275161571638,0.257186549369166
"G136942.ASCProject.0098.T1.v1.RNA.OnPrem","G136942.ASCProject.0098.T1.v1.RNA.OnPrem","SeuratProject",182849.449174134,21224,6,"G136942_ASCProject_0098_T1_v1_RNA_OnPrem","ASCProject_0098_T1","Tumor","ASCProject_0098","RNA","T1","ASCProject_0098_T1","LCSET-12154","LCSET-12154",0,"HEADFACENECKSCALP","EXCISION","YES (FOCAL)","YES","NO","HIGH","ASCProject_0098","HNFS","HNFS","Face","Lung","Lung, Distant Lymph Node",NA,5,"79","M","HNFS","RIGHT EYEBROW",0,"NO",1,1,"HNFS","284",NA,NA,NA,NA,NA,"488","LUNG","LUNG, DISTANT LYMPH NODE","1006","7/26/21","98_Moffitt_1-25_manual_OCR, ASC_98_Moffit_1of3_OCR, ASC_98_Moffit_2of3_OCR, ASC_98_Moffit_3of3_OCR, ASC_98_T1_Path_manual_OCR, ASC_98_Moffitt_B2, ASC_98_Moffitt_A1, ASC_98_Moffitt_A2, ASC_98_Moffitt_B1, ASC_98_MoffittCancer_p.1-31, ASC_98_MoffittCancerInstitute_2-38(out of 60)","IS","HNFS",0,1,"98","DIAGNOSED",78.99726027,"HEADFACENECK",NA,NA,NA,"HEADFACENECK,SCALP",NA,NA,NA,"SCALP",NA,NA,NA,"YES","NO","YES","AFTER","paclitaxel 80mg/m 6 cycles and radiationx35 Pembrolizumab 2mg/kg 1 dose administered, discontinued to exacerbation of rheumatoid arthritis Gemcitabine  & Docetaxel Gembi","YES","Gemcitabine & Docetaxel","YES","Adenocarcinoma;2017","NO",NA,"Angiosarcoma website","Basically healthy until Angiosarcoma was diagnosed.","NO","WHITE",NA,NA,NA,NA,NA,NA,NA,NA,NA,NA,NA,NA,NA,NA,NA,NA,"1/21/37","True",79,"HNFS","Non-RAAS/LAAS",2,36202965,"1","1",2,-0.305423311845425,0.359002239925934
"G136942.ASCProject.0134.T2.v1.RNA.OnPrem","G136942.ASCProject.0134.T2.v1.RNA.OnPrem","SeuratProject",190616.843760547,21224,7,"G136942_ASCProject_0134_T2_v1_RNA_OnPrem","ASCProject_0134_T2","Tumor","ASCProject_0134","RNA","T2","ASCProject_0134_T2","LCSET-12154","LCSET-12154",233,"HEADFACENECKSCALP","PUNCH BIOPSY","YES","NO","NO","HIGH","ASCProject_0134","HNFS","HNFS","Scalp","No Mets","No Mets",NA,5,"62","F","HNFS","SCALP",0,"NO",1,1,"HNFS","863",NA,NA,NA,NA,NA,NA,"NO METS","NO METS","1821","8/13/21","134_1, 134_2, 134_3, 134_4, 134_5, 134_MSK_pgs_1-30_manual, 134_MSK_pgs_31-50_manual, 134_MSK_pgs_50-60_manual, ASC_134_T2_Path_manual, 134_MSK_part2, ASC_134_61pg, ASC_134_62pgs, ASC_134_MSK_part 1 copy, ASC_134_MSK_part 1","IS","HNFS",0,0,"134","DIAGNOSED",62.79452055,"SCALP",NA,NA,NA,"HEADFACENECK,SCALP",NA,NA,NA,"HEADFACENECK,SCALP",NA,NA,NA,"YES","YES","NO",NA,"Taxol chemotherapy, sorafenib, doxil chemotherapy, immunotherapy trial","YES","Immunotherapy trial ( MTIG7192A and Atezolimzumab)","YES","Basil cell carcinma ;2016|Melanoma;2016","NO",NA,"Through the AS Facebook page",NA,"NO","WHITE",NA,NA,NA,NA,NA,NA,NA,NA,NA,NA,NA,NA,NA,NA,NA,NA,"8/31/51","True",62,"HNFS","Non-RAAS/LAAS",0,68577684,"3","3",4,0.289407140293722,-0.00917267895319185
"G141042.ASCProject.0003.T1.v1.RNA.OnPrem","G141042.ASCProject.0003.T1.v1.RNA.OnPrem","SeuratProject",188230.516207901,21224,8,"G141042_ASCProject_0003_T1_v1_RNA_OnPrem","ASCProject_0003_T1","Tumor","ASCProject_0003","RNA","T1","ASCProject_0003_T1","LCSET-12548","LCSET-12548",13,"BREAST","RESECTION","YES","NO","NO","LOW","ASCProject_0003","Breast (Parenchymal)","Breast (Parenchymal)","Breast","No Mets","No Mets",NA,5,"38","F","BREAST (PARENCHYMAL)","RIGHT BREAST",0,"NO",0,0,NA,NA,NA,NA,NA,NA,NA,NA,"NO METS","NO METS","2057","7/14/21","3_1a, 3_1c manual, 3_1e manual, 3_2b, 3_2d manual, 3_2f manual, 2_4h, Path 3 T_1 manual, 3_RMI, 3_RMI_2, 3_RMI_3, 3_SurgeryCenter, ASC_3_CBLpath_1, ASC_3_CBLpath_2, ASC_0003_T1","IS","BREAST (PARENCHYMAL)",0,0,"3","DIAGNOSED",38.8,NA,NA,NA,NA,NA,NA,NA,NA,NA,NA,NA,NA,"YES","YES","YES","AFTER",NA,NA,NA,"YES","mCRC;2014","YES","Pelvis, ankle, c1/c2 neck",NA,"FUAS",NA,NA,NA,"BREAST",NA,"NO",NA,NA,"NO",NA,NA,NA,"NO","AIM, Gemzar/Taxotere, Gemzar alone, Taxol",NA,"YES","YES",NA,"3/24/73","True",38,"BREAST (PARENCHYMAL)","Non-RAAS/LAAS",0,67743096,"0","0",1,-0.00725850608087519,0.048285176758462
"G141042.ASCProject.0030.T1.v1.RNA.OnPrem","G141042.ASCProject.0030.T1.v1.RNA.OnPrem","SeuratProject",187258.01680335,21224,9,"G141042_ASCProject_0030_T1_v1_RNA_OnPrem","ASCProject_0030_T1","Tumor","ASCProject_0030","RNA","T1","ASCProject_0030_T1","LCSET-12548","LCSET-12548",15,"BREAST","MASTECTOMY","YES","NO","YES (FOCAL)","LOW","ASCProject_0030","Breast (Parenchymal)","Breast (Parenchymal)","Breast","No Mets","No Mets",NA,5,"30","F","BREAST (PARENCHYMAL)","LEFT BREAST",0,"NO",0,0,NA,NA,NA,NA,NA,NA,NA,NA,"NO METS","NO METS","1079","7/12/21","30_1, 30_2, 30_3, 30_4, 30_5, Path T1_manual, 30_Barnes, ASC_30_OHA_fu, ASC_30_OncologyHemaAssoci","IS","BREAST (PARENCHYMAL)",0,0,"30","DIAGNOSED",30.8630137,"BREAST",NA,NA,NA,"BREAST",NA,NA,NA,"NED",NA,NA,NA,"YES","YES","YES","AFTER","AIM (adriamycin, ifosfamide, mesna), radiation and taxol","NO",NA,"NO",NA,"NO",NA,"Through the Angiosarcoma facebook page","I was the first case of angiosarcoma for all of my doctors. My surgeon, my radiologist and my oncologist who then referred me to my specialist Dr. Brian Van Tine","NO","WHITE",NA,NA,NA,NA,NA,NA,NA,NA,NA,NA,NA,NA,NA,NA,NA,NA,"4/28/85","True",30,"BREAST (PARENCHYMAL)","Non-RAAS/LAAS",0,37406114,"0","0",1,0.137577193888989,0.230791718599614
"G141042.ASCProject.0059.T1.v1.RNA.OnPrem","G141042.ASCProject.0059.T1.v1.RNA.OnPrem","SeuratProject",184683.14980283,21224,10,"G141042_ASCProject_0059_T1_v1_RNA_OnPrem","ASCProject_0059_T1","Tumor","ASCProject_0059","RNA","T1","ASCProject_0059_T1","LCSET-12548","LCSET-12548",12,"BREAST","MASTECTOMY","NO","YES","NO","HIGH","ASCProject_0059","Breast (Cutaneous)","Breast (Cutaneous)","Breast","No Mets","No Mets",NA,5,"52","F","BREAST (CUTANEOUS)","LEFT BREAST",1,"NO",1,0,NA,NA,NA,NA,NA,NA,NA,NA,"NO METS","NO METS","945","7/12/21","59_1, 59_2, 59_3, PATH 59 T1_MANUAL, ASC_59_DR.CORRIASSO, ASC_59_DR. CORRIASO_3","SS","BREAST (CUTANEOUS)",0,0,"59","DIAGNOSED",52.87123288,"BREAST",NA,NA,NA,"BREAST",NA,NA,NA,"NED",NA,NA,NA,"YES","YES","NO",NA,"6 Month follow up scans for 3 yrs,","NO",NA,"YES","IVDC tripple negative;2008","YES","L. Breast","Support page","After surgery the only treatment they wanted me to do was more radiation,  I refused it.","NO","AMERICAN_INDIAN,WHITE",NA,NA,NA,NA,NA,NA,NA,NA,NA,NA,NA,NA,NA,NA,NA,NA,"7/31/61","True",52,"BREAST (CUTANEOUS)","RAAS",0,50528896,"1","1",2,-0.0682454179640892,0.204720619412655
"G141042.ASCProject.0066.T1.v1.RNA.OnPrem","G141042.ASCProject.0066.T1.v1.RNA.OnPrem","SeuratProject",189903.99124313,21224,11,"G141042_ASCProject_0066_T1_v1_RNA_OnPrem","ASCProject_0066_T1","Tumor","ASCProject_0066","RNA","T1","ASCProject_0066_T1","LCSET-12548","LCSET-12548",94,"BONELIMB",NA,NA,NA,NA,NA,"ASCProject_0066","Musculoskeletal","Bone","Spine","No Mets","No Mets",NA,1,"57","M","OTHER (BONE)","SPINE L1",1,"NO",0,0,NA,NA,NA,NA,NA,NA,NA,NA,"NO METS","NO METS","493","6/8/21","ASC_66_UM_1of2, ASC_66_UM_2of2, Path 66 T1","IS","BONE",0,0,"66","DIAGNOSED",57.82465753,"OTHER",NA,NA,"Lumbar vertebrae","OTHER",NA,NA,"I only had it once - in the lumbar vertebrae","NED",NA,NA,NA,"YES","YES","YES","AFTER","none","NO",NA,"YES","Large B cell non-Hodgkins lymphoma;2010","YES","Chest","facebook","I am adopted so do not know my family medical history","NO","WHITE",NA,NA,NA,NA,NA,NA,NA,NA,NA,NA,NA,NA,NA,NA,NA,NA,"1/18/58","True",57,"BONELIMB","RAAS",0,84494655,"4","4",5,0.0644056461745635,0.181473084962169
"G141042.ASCProject.0084.T1.v1.RNA.OnPrem","G141042.ASCProject.0084.T1.v1.RNA.OnPrem","SeuratProject",191769.751025227,21224,12,"G141042_ASCProject_0084_T1_v1_RNA_OnPrem","ASCProject_0084_T1","Tumor","ASCProject_0084","RNA","T1","ASCProject_0084_T1","LCSET-12627","LCSET-12627",33,"BREAST",NA,NA,NA,NA,NA,"ASCProject_0084","Breast (Parenchymal)","Breast (Parenchymal)","Breast","No Mets","No Mets",NA,2,"56","F","BREAST (PARENCHYMAL)","RIGHT BREAST",0,"NO",0,0,NA,NA,NA,NA,NA,NA,NA,NA,"NO METS","NO METS","1235","6/17/21","84_Ann B Barshinger Penn Med Lancaster, 84 Pathology, Path 84 T1_manual, ASC_84_BarshingerCancer, ASC_0084_PathReport","IS","BREAST (PARENCHYMAL)",0,0,NA,NA,NA,NA,NA,NA,NA,NA,NA,NA,NA,NA,NA,NA,NA,NA,NA,NA,NA,NA,NA,NA,NA,NA,NA,NA,NA,NA,NA,NA,NA,NA,NA,NA,NA,NA,NA,NA,NA,NA,NA,NA,NA,NA,NA,NA,NA,"True",56,"BREAST (PARENCHYMAL)","Non-RAAS/LAAS",0,31077129,"4","4",5,0.324334236531906,-0.00218608778914842
"G141042.ASCProject.0113.T1.v1.RNA.OnPrem","G141042.ASCProject.0113.T1.v1.RNA.OnPrem","SeuratProject",192275.632634978,21224,13,"G141042_ASCProject_0113_T1_v1_RNA_OnPrem","ASCProject_0113_T1","Tumor","ASCProject_0113","RNA","T1","ASCProject_0113_T1","LCSET-12548","LCSET-12548",4,"HEADFACENECKSCALP","EXCISION","YES","NO","NO","LOW","ASCProject_0113","HNFS","HNFS","Forehead","No Mets","No Mets",NA,5,"35","F","HNFS","RIGHT FOREHEAD",0,"NO",1,0,NA,NA,NA,NA,NA,NA,NA,NA,"NO METS","NO METS","2001","8/10/21","113_CN_1_manual_OCR, 113_CN_2_manual_OCR, 113_CN_3_manual_OCR, ASC_113_PSN_1of3_OCR, ASC_113_PSN_2of3_OCR, Path 113 T1_manual_OCR, 113_Valley, ASC_113_CancerCare_fu, ASC_113_CancerCareNW, ASC_113_Plastic_full, ASC_0113_T2","IS","HNFS",0,0,"113","DIAGNOSED",35.85479452,"SCALP",NA,NA,NA,"SCALP",NA,NA,NA,"NED",NA,NA,NA,"YES","NO","YES","AFTER","Taxol, Gemzar, Avastin","NO",NA,"NO",NA,"NO",NA,"Through the Angiosarcoma facebook page","My angiosarcoma showed up as a small bruise like mark on my forehead on my right side above my eye on my temple area at the age of 35. It was diagnosed by biopsy about 4 months after is appeared and was surgically removed a couple weeks after diagnosed. I have been NED for 2 years and 8 months at this time. I have not had anymore tumors since I underwent radiation treatment on my head and scalp.","NO","WHITE",NA,NA,NA,NA,NA,NA,NA,NA,NA,NA,NA,NA,NA,NA,NA,NA,"1/2/78","True",35,"HNFS","Non-RAAS/LAAS",0,57641525,"3","3",4,0.430150742031286,0.0124210553606439
"G141042.ASCProject.0118.T2.v1.RNA.OnPrem","G141042.ASCProject.0118.T2.v1.RNA.OnPrem","SeuratProject",186737.019137001,21224,14,"G141042_ASCProject_0118_T2_v1_RNA_OnPrem","ASCProject_0118_T2","Tumor","ASCProject_0118","RNA","T2","ASCProject_0118_T2","LCSET-12548","LCSET-12548",NA,NA,NA,NA,NA,NA,NA,"ASCProject_0118","Breast (Cutaneous)","Breast (Cutaneous)","Breast","Bone","Bone",NA,9,"45","F","BREAST (CUTANEOUS)","LEFT BREAST",1,"NO",1,0,NA,NA,NA,NA,NA,NA,NA,"13","BONE","BONE","1392","2/1/22","Path 118 T2.pdf, 118_KUHA_0307226.pdf, ASC_118_MDAnderTX_fullMR.pdf","DS","BREAST (CUTANEOUS)",0,1,"118","DIAGNOSED",45.20273973,"BREAST",NA,NA,NA,"BREAST,BONELIMB,OTHER",NA,NA,"Pelvic /spine area","NED",NA,NA,NA,"YES","YES","NO",NA,"Gen/Tax, AIM","NO",NA,"YES","Breast;2005","YES","Right breast~brachy treatment","FB-Angiosarcoma group",NA,"NO","WHITE",NA,NA,NA,NA,NA,NA,NA,NA,NA,NA,NA,NA,NA,NA,NA,NA,"4/29/68","True",45,"BREAST (CUTANEOUS)","RAAS",1,74334054,"1","1",2,0.00846043313846145,0.206941385871566
"G141042.ASCProject.0146.T1.v1.RNA.OnPrem","G141042.ASCProject.0146.T1.v1.RNA.OnPrem","SeuratProject",190035.809276967,21224,15,"G141042_ASCProject_0146_T1_v1_RNA_OnPrem","ASCProject_0146_T1","Tumor","ASCProject_0146","RNA","T1","ASCProject_0146_T1","LCSET-12548","LCSET-12548",49,"BREAST",NA,NA,NA,NA,NA,"ASCProject_0146","Breast (Cutaneous)","Breast (Cutaneous)","Breast","No Mets","No Mets",NA,2,"67","F","BREAST (CUTANEOUS)","RIGHT BREAST",1,"NO",1,1,"RIGHT BREAST SKIN","105",NA,NA,NA,NA,NA,NA,"NO METS","NO METS","1901","6/11/21","146_1, 146_2, PATH 146 T1_MANUAL, ASC_146_DECATUR_ONC","SS","BREAST (CUTANEOUS)",0,0,"146","DIAGNOSED",67.47671233,"BREAST",NA,NA,NA,"BREAST",NA,NA,NA,"NED",NA,NA,NA,"YES","NO","NO",NA,"Taxol,","YES","My Oncologoist Dr Maria Perdekamp has me on a lower dose of Taxol once a week for 3 weeks, skip a week then back to 3 weeks for prevention since AS is such an aggressive cancer.","YES","Carcinoma Insitu Left Breast;1999|Cancer in R. Breast, don't know what kind.;2004","YES","Both breasts.","On internet","I was on a chemo study, CTSU A091103 PHASE 11 STUDY of the ANGIOPOIETIN-1 and-2 PEPTIBODY AMG 386 for the treatment of ANGIOSARCOMA for 8 weeks it kept spreading Dr Perdekamp put me on Taxol, in 8 weeks my CT Scan showed clear.","NO","WHITE",NA,NA,NA,NA,NA,NA,NA,NA,NA,NA,NA,NA,NA,NA,NA,NA,"9/25/44","True",67,"BREAST (CUTANEOUS)","RAAS",0,43244588,"2","2",3,0.340093161953952,0.0149463237464609
"G141042.ASCProject.0164.T1.v1.RNA.OnPrem","G141042.ASCProject.0164.T1.v1.RNA.OnPrem","SeuratProject",187927.483397722,21224,16,"G141042_ASCProject_0164_T1_v1_RNA_OnPrem","ASCProject_0164_T1","Tumor","ASCProject_0164","RNA","T1","ASCProject_0164_T1","LCSET-12548","LCSET-12548",99,"BREAST",NA,NA,NA,NA,NA,"ASCProject_0164","Breast (Cutaneous)","Breast (Cutaneous)","Breast Skin","No Mets","No Mets",NA,1,"57","F","BREAST (CUTANEOUS)","LEFT BREAST SKIN",1,"NO",1,0,NA,NA,NA,NA,NA,NA,NA,NA,"NO METS","NO METS","974","9/10/21","164_1, 164_2, 164_MR, 164_, Path 164 T1_manual","IS","BREAST (CUTANEOUS)",0,0,"164","DIAGNOSED",57.53424658,"BREAST",NA,NA,NA,"BREAST",NA,NA,NA,"NED",NA,NA,NA,"YES","YES","YES","AFTER","None","NO",NA,"YES","Breast Cancer;2007","YES","Breast","Angiosarcoma Facebook group","Secondary angiosarcoma from previous radiation treatment for stage 1 breast cancer therapy in 2007. Bruise on breast appeared in March 2014. Met with breast surgeon, oncologist 3 times, gyn & dermatologist until diagnosis in October 30, 2014. Left breast mastectomy January 2015, clear margins March 2015, proton radiation May/June  2015.","NO","WHITE",NA,NA,NA,NA,NA,NA,NA,NA,NA,NA,NA,NA,NA,NA,NA,NA,"4/3/57","True",57,"BREAST (CUTANEOUS)","RAAS",0,76070560,"2","2",3,0.283758004899408,0.21453308186525
"G141042.ASCProject.0167.T1.v1.RNA.OnPrem","G141042.ASCProject.0167.T1.v1.RNA.OnPrem","SeuratProject",189209.39071868,21224,17,"G141042_ASCProject_0167_T1_v1_RNA_OnPrem","ASCProject_0167_T1","Tumor","ASCProject_0167","RNA","T1","ASCProject_0167_T1","LCSET-12627","LCSET-12627",0,"BREAST",NA,NA,NA,NA,NA,"ASCProject_0167","Breast (Cutaneous)","Breast (Cutaneous)","Breast",NA,NA,NA,5,"65","F","BREAST (CUTANEOUS)","LEFT BREAST ",1,"NO",1,1,"LEFT CHEST WALL SKIN, LEFT CHEST WALL","438","1071",NA,NA,NA,NA,"NOT FOUND IN RECORD","NOT FOUND IN RECORD","NOT FOUND IN RECORD","3353","8/11/21","Path 167 T1_manual_OCR, Path 167 T2_manual_OCR, Path 167 T3_manual_OCR, 167_ArlingtonCancer, 167_ArlingtonCancer_2, 167_TexasHealth, ASC_167_Arlington_new, 167_MR_ASA_1_OCR, 167_MR_ASA_2_OCR, 167_MR_ASA_3_OCR, 167_MR_ASA_4_OCR","SS","BREAST (CUTANEOUS)",0,NA,"167","DIAGNOSED",65.37808219,"BREAST",NA,NA,NA,"BREAST",NA,NA,NA,"NED",NA,NA,NA,"YES","YES","YES","BOTH",NA,"NO",NA,"YES","Breast cancer;2003","YES","Breast","Facebook Angio Sarcoma grouo","Only doctors with Angio Sarcoma experience have any success with this type of cancer","NO","WHITE",NA,NA,NA,NA,NA,NA,NA,NA,NA,NA,NA,NA,NA,NA,NA,NA,"9/1/44","True",65,"BREAST (CUTANEOUS)","RAAS",NA,51881487,"2","2",3,0.172797206780407,0.179286172247872
"G141042.ASCProject.0167.T2.v1.RNA.OnPrem","G141042.ASCProject.0167.T2.v1.RNA.OnPrem","SeuratProject",192014.111136658,21224,18,"G141042_ASCProject_0167_T2_v1_RNA_OnPrem","ASCProject_0167_T2","Tumor","ASCProject_0167","RNA","T2","ASCProject_0167_T2","LCSET-12627","LCSET-12627",73,"BREAST","MASTECTOMY","YES","NO","NO","HIGH","ASCProject_0167","Breast (Cutaneous)","Breast (Cutaneous)","Breast",NA,NA,NA,5,"65","F","BREAST (CUTANEOUS)","LEFT BREAST ",1,"NO",1,1,"LEFT CHEST WALL SKIN, LEFT CHEST WALL","438","1071",NA,NA,NA,NA,"NOT FOUND IN RECORD","NOT FOUND IN RECORD","NOT FOUND IN RECORD","3353","8/11/21","Path 167 T1_manual_OCR, Path 167 T2_manual_OCR, Path 167 T3_manual_OCR, 167_ArlingtonCancer, 167_ArlingtonCancer_2, 167_TexasHealth, ASC_167_Arlington_new, 167_MR_ASA_1_OCR, 167_MR_ASA_2_OCR, 167_MR_ASA_3_OCR, 167_MR_ASA_4_OCR","SS","BREAST (CUTANEOUS)",0,NA,"167","DIAGNOSED",65.37808219,"BREAST",NA,NA,NA,"BREAST",NA,NA,NA,"NED",NA,NA,NA,"YES","YES","YES","BOTH",NA,"NO",NA,"YES","Breast cancer;2003","YES","Breast","Facebook Angio Sarcoma grouo","Only doctors with Angio Sarcoma experience have any success with this type of cancer","NO","WHITE",NA,NA,NA,NA,NA,NA,NA,NA,NA,NA,NA,NA,NA,NA,NA,NA,"9/1/44","True",65,"BREAST (CUTANEOUS)","RAAS",NA,69263971,"2","2",3,0.150054448717929,0.210807749547088
"G141042.ASCProject.0167.T3.v1.RNA.OnPrem","G141042.ASCProject.0167.T3.v1.RNA.OnPrem","SeuratProject",188289.527677279,21224,19,"G141042_ASCProject_0167_T3_v1_RNA_OnPrem","ASCProject_0167_T3","Tumor","ASCProject_0167","RNA","T3","ASCProject_0167_T3","LCSET-12627","LCSET-12627",438,"CHEST","EXCISION","YES","YES","YES","HIGH","ASCProject_0167","Breast (Cutaneous)","Breast (Cutaneous)","Breast",NA,NA,NA,5,"65","F","BREAST (CUTANEOUS)","LEFT BREAST ",1,"NO",1,1,"LEFT CHEST WALL SKIN, LEFT CHEST WALL","438","1071",NA,NA,NA,NA,"NOT FOUND IN RECORD","NOT FOUND IN RECORD","NOT FOUND IN RECORD","3353","8/11/21","Path 167 T1_manual_OCR, Path 167 T2_manual_OCR, Path 167 T3_manual_OCR, 167_ArlingtonCancer, 167_ArlingtonCancer_2, 167_TexasHealth, ASC_167_Arlington_new, 167_MR_ASA_1_OCR, 167_MR_ASA_2_OCR, 167_MR_ASA_3_OCR, 167_MR_ASA_4_OCR","SS","BREAST (CUTANEOUS)",0,NA,"167","DIAGNOSED",65.37808219,"BREAST",NA,NA,NA,"BREAST",NA,NA,NA,"NED",NA,NA,NA,"YES","YES","YES","BOTH",NA,"NO",NA,"YES","Breast cancer;2003","YES","Breast","Facebook Angio Sarcoma grouo","Only doctors with Angio Sarcoma experience have any success with this type of cancer","NO","WHITE",NA,NA,NA,NA,NA,NA,NA,NA,NA,NA,NA,NA,NA,NA,NA,NA,"9/1/44","True",65,"BREAST (CUTANEOUS)","RAAS",NA,32296692,"2","2",3,0.234571346784806,0.142962620103644
"G141042.ASCProject.0179.T1.v1.RNA.OnPrem","G141042.ASCProject.0179.T1.v1.RNA.OnPrem","SeuratProject",187095.616283736,21224,20,"G141042_ASCProject_0179_T1_v1_RNA_OnPrem","ASCProject_0179_T1","Tumor","ASCProject_0179","RNA","T1","ASCProject_0179_T1","LCSET-12627","LCSET-12627",33,"BREAST",NA,NA,NA,NA,NA,"ASCProject_0179","Breast (Parenchymal)","Breast (Parenchymal)","Breast","No Mets","No Mets",NA,1,"46","F","BREAST (PARENCHYMAL)","RIGHT BREAST",0,"NO",0,0,NA,NA,NA,NA,NA,NA,NA,NA,"NO METS","NO METS","1680","6/10/21","ASC_0179_T1_PATHREPORT, 179_TO-M_1_, 179 SOLIS MEDICAL RECORD, PATH 179 T1_MANUAL","SS","BREAST (PARENCHYMAL)",0,0,"179","DIAGNOSED",46.31506849,"BREAST",NA,NA,NA,"BREAST",NA,NA,NA,"NED",NA,NA,NA,"YES","YES","YES","AFTER","Doxorubicin,Mesna,Ifosfamide,Pedfilgrastim,Aloxi,Palonosetron,Dexamethasone sod phosphate,Fosaprepitant dimeglumine,sodium chloride,D5NS,Gabapentin","NO",NA,"DK",NA,"NO",NA,"Internet",NA,"YES","WHITE",NA,NA,NA,NA,NA,NA,NA,NA,NA,NA,NA,NA,NA,NA,NA,NA,"1/18/66","True",46,"BREAST (PARENCHYMAL)","Non-RAAS/LAAS",0,77946664,"0","0",1,0.117333958222959,0.0568883133336424
"RP.1447.ASCProject.0003.T3.v1.RNA.OnPrem","RP.1447.ASCProject.0003.T3.v1.RNA.OnPrem","SeuratProject",161079.07680646,21224,21,"RP-1447_ASCProject_0003_T3_v1_RNA_OnPrem","ASCProject_0003_T3","Tumor","ASCProject_0003","RNA","T3","ASCProject_0003_T3","LCSET-23758","LCSET-23758",26,"BREAST",NA,NA,NA,NA,NA,"ASCProject_0003","Breast (Parenchymal)","Breast (Parenchymal)","Breast","No Mets","No Mets",NA,5,"38","F","BREAST (PARENCHYMAL)","RIGHT BREAST",0,"NO",0,0,NA,NA,NA,NA,NA,NA,NA,NA,"NO METS","NO METS","2057","7/14/21","3_1a, 3_1c manual, 3_1e manual, 3_2b, 3_2d manual, 3_2f manual, 2_4h, Path 3 T_1 manual, 3_RMI, 3_RMI_2, 3_RMI_3, 3_SurgeryCenter, ASC_3_CBLpath_1, ASC_3_CBLpath_2, ASC_0003_T1","IS","BREAST (PARENCHYMAL)",0,0,"3","DIAGNOSED",38.8,NA,NA,NA,NA,NA,NA,NA,NA,NA,NA,NA,NA,"YES","YES","YES","AFTER",NA,NA,NA,"YES","mCRC;2014","YES","Pelvis, ankle, c1/c2 neck",NA,"FUAS",NA,NA,NA,"BREAST",NA,"NO",NA,NA,"NO",NA,NA,NA,"NO","AIM, Gemzar/Taxotere, Gemzar alone, Taxol",NA,"YES","YES",NA,"3/24/73","True",38,"BREAST (PARENCHYMAL)","Non-RAAS/LAAS",0,9490967,"0","0",1,-0.129116178708257,-0.0944224534305906
"RP.1447.ASCProject.0005.T2.v1.RNA.OnPrem","RP.1447.ASCProject.0005.T2.v1.RNA.OnPrem","SeuratProject",185616.550149337,21224,22,"RP-1447_ASCProject_0005_T2_v1_RNA_OnPrem","ASCProject_0005_T2","Tumor","ASCProject_0005","RNA","T2","ASCProject_0005_T2","LCSET-23758","LCSET-23758",3615,"BACK",NA,NA,NA,NA,NA,"ASCProject_0005","Breast (Parenchymal)","Breast (Parenchymal)","Breast","Trunk","Trunk, Distant Lymph Node, Lung",NA,5,"31","F","BREAST (PARENCHYMAL)","LEFT BREAST",0,"NO",0,0,NA,NA,NA,NA,NA,NA,NA,"3615","TRUNK ","TRUNK, OTHER (RIGHT BREAST), EXTREMITY, BONE","4374","11/7/18","5_1, 5_2, 5_3, 5_4, 5_5, 5_6, 5_7, 5_8, 5_9, 5_10, 5_11, ASC_0005_GHS+MDAnderson_PathReport, ASC_5 T1 Pathology","BT","BREAST (PARENCHYMAL)",0,1,"5","DIAGNOSED",31.0739726,"BREAST",NA,NA,NA,"BREAST,OTHER",NA,NA,"Lower right flank","BREAST,OTHER",NA,NA,"Right posterior shoulder","YES","YES","YES","BEFORE","Gem/tax, AIM, taxol,","YES","tremelimumab/durvalumab clinical trial immunotherapy","NO",NA,"NO",NA,"Facebook","glad to have lived long enough to help others with it, I'm the only one I know within a 2 hr drive with AS & glad for FB","NO","WHITE",NA,"BREAST",NA,"NO",NA,NA,"YES","BREAST,OTHER",NA,"lower right flank (back) nad toher breast (right)","NO","chemo, radiation, and surgery","clinical trial -dualimmunotherapy","NO","YES","FB...local sarcoma warriors get together yearly and online to raise patient support funds","6/12/74","True",31,"BREAST (PARENCHYMAL)","Non-RAAS/LAAS",4,76533791,"0","0",1,0.00976033474142213,0.0722951052004479
"RP.1447.ASCProject.0005.T3.v2.RNA.OnPrem","RP.1447.ASCProject.0005.T3.v2.RNA.OnPrem","SeuratProject",184412.436931822,21224,23,"RP-1447_ASCProject_0005_T3_v2_RNA_OnPrem","ASCProject_0005_T3","Tumor","ASCProject_0005","RNA","T3","ASCProject_0005_T3","LCSET-23758","LCSET-23758",3848,"BACK","RESECTION","YES","NO","NO","LOW","ASCProject_0005","Breast (Parenchymal)","Breast (Parenchymal)","Breast","Trunk","Trunk, Distant Lymph Node, Lung",NA,5,"31","F","BREAST (PARENCHYMAL)","LEFT BREAST",0,"NO",0,0,NA,NA,NA,NA,NA,NA,NA,"3615","TRUNK ","TRUNK, OTHER (RIGHT BREAST), EXTREMITY, BONE","4374","11/7/18","5_1, 5_2, 5_3, 5_4, 5_5, 5_6, 5_7, 5_8, 5_9, 5_10, 5_11, ASC_0005_GHS+MDAnderson_PathReport, ASC_5 T1 Pathology","BT","BREAST (PARENCHYMAL)",0,1,"5","DIAGNOSED",31.0739726,"BREAST",NA,NA,NA,"BREAST,OTHER",NA,NA,"Lower right flank","BREAST,OTHER",NA,NA,"Right posterior shoulder","YES","YES","YES","BEFORE","Gem/tax, AIM, taxol,","YES","tremelimumab/durvalumab clinical trial immunotherapy","NO",NA,"NO",NA,"Facebook","glad to have lived long enough to help others with it, I'm the only one I know within a 2 hr drive with AS & glad for FB","NO","WHITE",NA,"BREAST",NA,"NO",NA,NA,"YES","BREAST,OTHER",NA,"lower right flank (back) nad toher breast (right)","NO","chemo, radiation, and surgery","clinical trial -dualimmunotherapy","NO","YES","FB...local sarcoma warriors get together yearly and online to raise patient support funds","6/12/74","True",31,"BREAST (PARENCHYMAL)","Non-RAAS/LAAS",4,106266446,"0","0",1,0.0293665005358577,0.0860465051994943
"RP.1447.ASCProject.0006.T1.v1.RNA.OnPrem","RP.1447.ASCProject.0006.T1.v1.RNA.OnPrem","SeuratProject",188210.986026033,21224,24,"RP-1447_ASCProject_0006_T1_v1_RNA_OnPrem","ASCProject_0006_T1","Tumor","ASCProject_0006","RNA","T1","ASCProject_0006_T1","LCSET-23758","LCSET-23758",0,"LUNG",NA,NA,NA,NA,NA,"ASCProject_0006","Heart","Heart","Lung","Lung","Lung, Brain, Visceral Organ",NA,5,"29","F","CARDIAC","RIGHT LUNG",0,"NO",0,0,NA,NA,NA,NA,NA,NA,NA,"0","LUNG","LUNG, BRAIN, VISCERAL ORGAN","397","7/8/21","ASC_6_MDAnderson, 6_DFCI_searchable ","IS","CARDIAC",0,1,"6","DIAGNOSED",29.88219178,"HEART,LUNG",NA,NA,NA,"HEART,LUNG",NA,NA,NA,"LUNG",NA,NA,NA,"NO",NA,"NO",NA,"taxol, gemcitabine + docetaxol, doxorubicin, olaratumumab + doxirubicin","YES","olaratumumab + doxirubicin","NO",NA,"NO",NA,"Corrie Painter",NA,"NO","WHITE",NA,"HEART",NA,"YES","LUNG",NA,"DK",NA,NA,NA,"DK",NA,"taxol, Gem taxol, and others","NO","NO",NA,"7/22/86","True",29,"HEART","Non-RAAS/LAAS",3,58447876,"4","4",5,0.575434123104673,0.0616386025755293
"RP.1447.ASCProject.0006.T2.v1.RNA.OnPrem","RP.1447.ASCProject.0006.T2.v1.RNA.OnPrem","SeuratProject",158213.125480242,21224,25,"RP-1447_ASCProject_0006_T2_v1_RNA_OnPrem","ASCProject_0006_T2","Tumor","ASCProject_0006","RNA","T2","ASCProject_0006_T2","LCSET-23758","LCSET-23758",387,"OVARY","BILATERAL SALPINGO-OOPHORECTOMY","YES","NO","YES","LOW","ASCProject_0006","Heart","Heart","Lung","Lung","Lung, Brain, Visceral Organ",NA,5,"29","F","CARDIAC","RIGHT LUNG",0,"NO",0,0,NA,NA,NA,NA,NA,NA,NA,"0","LUNG","LUNG, BRAIN, VISCERAL ORGAN","397","7/8/21","ASC_6_MDAnderson, 6_DFCI_searchable ","IS","CARDIAC",0,1,"6","DIAGNOSED",29.88219178,"HEART,LUNG",NA,NA,NA,"HEART,LUNG",NA,NA,NA,"LUNG",NA,NA,NA,"NO",NA,"NO",NA,"taxol, gemcitabine + docetaxol, doxorubicin, olaratumumab + doxirubicin","YES","olaratumumab + doxirubicin","NO",NA,"NO",NA,"Corrie Painter",NA,"NO","WHITE",NA,"HEART",NA,"YES","LUNG",NA,"DK",NA,NA,NA,"DK",NA,"taxol, Gem taxol, and others","NO","NO",NA,"7/22/86","True",29,"HEART","Non-RAAS/LAAS",3,4814446,"0","0",1,-0.0896931551945155,-0.0853665012569813
"RP.1447.ASCProject.0012.T2.v1.RNA.OnPrem","RP.1447.ASCProject.0012.T2.v1.RNA.OnPrem","SeuratProject",191010.467262089,21224,26,"RP-1447_ASCProject_0012_T2_v1_RNA_OnPrem","ASCProject_0012_T2","Tumor","ASCProject_0012","RNA","T2","ASCProject_0012_T2","LCSET-23758","LCSET-23758",-210,"HEADFACENECKSCALP",NA,NA,NA,NA,NA,"ASCProject_0012","HNFS","HNFS","Forehead","No Mets","No Mets",NA,4,"63","F","HNFS","LEFT FOREHEAD SKIN",0,"NO",1,0,NA,NA,NA,NA,NA,NA,NA,NA,"NO METS","NO METS","1454","6/30/21","12_First_Line_OCR, 12_Moffitt_OCR","SS","HNFS",0,0,"12","DIAGNOSED",63.6630137,"HEADFACENECK,SCALP",NA,NA,NA,"HEADFACENECK,SCALP",NA,NA,NA,"NED",NA,NA,NA,"YES","YES","YES","AFTER","taxol","NO",NA,"NO",NA,"NO",NA,"FB","I am blessed.","NO","WHITE",NA,"OTHER","forehead","YES","OTHER",NA,"YES","OTHER",NA,"right above the left ear","NO","taxol 7 months, radiation 5 weeks, 2 surgeries","0","YES","YES","love, love, love and support and information","11/17/48","True",63,"HNFS","Non-RAAS/LAAS",0,36544999,"3","3",4,0.400940388856078,0.0208553631498543
"RP.1447.ASCProject.0013.T1.v1.RNA.OnPrem","RP.1447.ASCProject.0013.T1.v1.RNA.OnPrem","SeuratProject",182680.898172186,21224,27,"RP-1447_ASCProject_0013_T1_v1_RNA_OnPrem","ASCProject_0013_T1","Tumor","ASCProject_0013","RNA","T1","ASCProject_0013_T1","LCSET-23758","LCSET-23758",-623,"BREAST","BIOPSY ","YES","NO","YES","LOW","ASCProject_0013","Breast (Parenchymal)","Breast (Parenchymal)","Breast","No Mets","No Mets",NA,4,"26","F","BREAST (PARENCHYMAL)","LEFT BREAST",0,"NO",0,0,NA,NA,NA,NA,NA,NA,NA,NA,"NO METS","NO METS","1241","6/30/21","13_UCLA_pw_10tracey18, ASC_0013_PROVIDENCE_PATH, ASC_0013_T1_PATHREPORT","SS","BREAST (PARENCHYMAL)",0,0,"13","DIAGNOSED",26.22465753,NA,NA,NA,NA,NA,NA,NA,NA,NA,NA,NA,NA,NA,NA,"NO",NA,NA,NA,NA,"NO",NA,"NO",NA,NA,"I was misdiagnosed initially with a lobular hemangioma and told to get a mammogram when I was 35. I was 24 at the time and was correctly diagnosed at 26.",NA,NA,NA,"BREAST",NA,"NO",NA,NA,"NO",NA,NA,NA,"NO","adriamicina 2 rounds, resection, margin clearing, 4 months of, 36 rounds of radiation, 4 months of weekly taxol.","None","YES","YES","It's awesome and I love it.","10/18/82","True",26,"BREAST (PARENCHYMAL)","Non-RAAS/LAAS",0,44576813,"0","0",1,-0.123341651893982,0.00770446172269246
"RP.1447.ASCProject.0014.T1.v1.RNA.OnPrem","RP.1447.ASCProject.0014.T1.v1.RNA.OnPrem","SeuratProject",185073.746561324,21224,28,"RP-1447_ASCProject_0014_T1_v1_RNA_OnPrem","ASCProject_0014_T1","Tumor","ASCProject_0014","RNA","T1","ASCProject_0014_T1","LCSET-18352","LCSET-18352",NA,NA,NA,NA,NA,NA,NA,"ASCProject_0014","Breast (Parenchymal)","Breast (Parenchymal)","Breast","No Mets","No Mets",NA,9,"29","F","BREAST (PARENCHYMAL)","RIGHT BREAST",0,"NO",0,0,NA,NA,NA,NA,NA,NA,NA,NA,"NO METS","NO METS","2337","1/13/22","14_GW, BHASKAR_RENUKA_BROADINSTITUTE_2362699-1_04_25_17_1245","IS","BREAST (PARENCHYMAL)",0,0,"14","DIAGNOSED",29.4739726,"BREAST",NA,NA,NA,"BREAST",NA,NA,NA,"NED",NA,NA,NA,"YES","YES","NO",NA,NA,"NO",NA,"NO",NA,"NO",NA,"Angiosarcoma facebook group","Three years after my diagnosis (2013) I had a splenectomy because of what turned out to be lymphangioma that we had been seeing on all my scans but had started to grow. In 2015 I had a blood clot in my liver (doctors guessed was caused by birth control or splenectomy). I am very thankful for this research and the angiosarcoma group. FUAS!","NO","SOUTH_EAST_ASIAN",NA,"BREAST",NA,"NO",NA,NA,"NO",NA,NA,NA,"NO",NA,NA,"YES","YES",NA,"11/16/80","True",29,"BREAST (PARENCHYMAL)","Non-RAAS/LAAS",0,54584761,"0","0",1,-0.0215268894404108,0.343885148475469
"RP.1447.ASCProject.0017.T1.v1.RNA.OnPrem","RP.1447.ASCProject.0017.T1.v1.RNA.OnPrem","SeuratProject",187711.112893277,21224,29,"RP-1447_ASCProject_0017_T1_v1_RNA_OnPrem","ASCProject_0017_T1","Tumor","ASCProject_0017","RNA","T1","ASCProject_0017_T1","LCSET-23758","LCSET-23758",0,"HEADFACENECKSCALP","BIOPSY ","YES","YES","NO","HIGH","ASCProject_0017","HNFS","HNFS","Scalp","Liver, Bone, Distant Lymph Node","Liver, Bone, Distant Lymph Node",NA,4,"67","F","HNFS","SKIN, RIGHT FRONTAL SCALP ",0,"NO",1,1,"HNFS, HNFS","231","583",NA,NA,NA,NA,"386","LIVER, BONE, DISTANT LYMPH NODE","LIVER, BONE, DISTANT LYMPH NODE","814","7/1/21","17_Moffitt_1, 17_Moffitt_2, 17_Moffitt_3, 17_Moffitt_4, 17_Venice, ASC_0017_T1_SK, ASC_0017_T2_SK, ASC_17_Path, ASC_17_Path_Suncoast","SS","HNFS",0,1,"17","DIAGNOSED",67.65205479,"SCALP",NA,NA,NA,"SCALP,LIVER,LYMPH,BONELIMB","Mets to liver, bone & lymph nodes reported via PET Scan 1/11/2017",NA,NA,"SCALP,LIVER,LYMPH,BONELIMB",NA,NA,NA,"YES","NO","YES","AFTER","Taxol, Adriamycin, Lartruvo","YES","Regimen	Start Date	End Date	Cycles	Status
				
Adriamycin (doxorubicin)75mg/m2 IVP d1 Cycle 1-8 only; Lartruvo (olaratumab)15mg/kg IV d 1 & 8 q 21 days x 12 Cycles v5.0	02/02/2017	10/05/2017	12/0	Ongoing

Aloxi (Palonosetron hcl) IVP 	Administer IVP.Can be given over 30 sec. Please delete the Aloxi if pt is taking the Akynzeo day of 	treatment.
Decadron IV (Dexamethasone inj   Administer in 50ml NS over 20 min.","NO",NA,"NO",NA,"Facebook",NA,"NO","WHITE",NA,"SCALP",NA,"NO",NA,NA,"YES","LIVER,LYMPH,BONELIMB,OTHER",NA,NA,"YES","Taxol 80 mg/m2 IV q wk / x 12 wks NCCN v5.0
Feb 1, 2016 thru May 9, 2016

Surgical resection of the right scalp 
May  20, 2017

Taxol 80 mg/m2 IV q wk / x 12 wks NCCN v5.0
July 13, 2016 htru Sept  28, 2016
Taxol reduced to 60mg starting 8/3/2016 Radistion Therapy started 8/2/2016 q M-F for 36 treatments

Radiation Therapy started 8/2/2016 q M-F for 36 treatments

Liver Biopsy at Moffitt Jan 11, 2017 showed Stage 4 Liver mets.","Will be starting Adriamycin and Larturo IV therapy on Feb 2, 2107","NO","YES","I formed my own FB page of which family and friends are following my journey.  To date I have 200 people following and supporting my husband and me through this journey.  In addition I do follow the other Public Sarcoma groups.","5/24/48","True",67,"HNFS","Non-RAAS/LAAS",3,70935659,"3","3",4,0.610288702907699,0.0225493701157387
"RP.1447.ASCProject.0017.T2.v1.RNA.OnPrem","RP.1447.ASCProject.0017.T2.v1.RNA.OnPrem","SeuratProject",189814.397887662,21224,30,"RP-1447_ASCProject_0017_T2_v1_RNA_OnPrem","ASCProject_0017_T2","Tumor","ASCProject_0017","RNA","T2","ASCProject_0017_T2","LCSET-23758","LCSET-23758",144,"HEADFACENECKSCALP","RESECTION","YES","YES","NO","HIGH","ASCProject_0017","HNFS","HNFS","Scalp","Liver, Bone, Distant Lymph Node","Liver, Bone, Distant Lymph Node",NA,4,"67","F","HNFS","SKIN, RIGHT FRONTAL SCALP ",0,"NO",1,1,"HNFS, HNFS","231","583",NA,NA,NA,NA,"386","LIVER, BONE, DISTANT LYMPH NODE","LIVER, BONE, DISTANT LYMPH NODE","814","7/1/21","17_Moffitt_1, 17_Moffitt_2, 17_Moffitt_3, 17_Moffitt_4, 17_Venice, ASC_0017_T1_SK, ASC_0017_T2_SK, ASC_17_Path, ASC_17_Path_Suncoast","SS","HNFS",0,1,"17","DIAGNOSED",67.65205479,"SCALP",NA,NA,NA,"SCALP,LIVER,LYMPH,BONELIMB","Mets to liver, bone & lymph nodes reported via PET Scan 1/11/2017",NA,NA,"SCALP,LIVER,LYMPH,BONELIMB",NA,NA,NA,"YES","NO","YES","AFTER","Taxol, Adriamycin, Lartruvo","YES","Regimen	Start Date	End Date	Cycles	Status
				
Adriamycin (doxorubicin)75mg/m2 IVP d1 Cycle 1-8 only; Lartruvo (olaratumab)15mg/kg IV d 1 & 8 q 21 days x 12 Cycles v5.0	02/02/2017	10/05/2017	12/0	Ongoing

Aloxi (Palonosetron hcl) IVP 	Administer IVP.Can be given over 30 sec. Please delete the Aloxi if pt is taking the Akynzeo day of 	treatment.
Decadron IV (Dexamethasone inj   Administer in 50ml NS over 20 min.","NO",NA,"NO",NA,"Facebook",NA,"NO","WHITE",NA,"SCALP",NA,"NO",NA,NA,"YES","LIVER,LYMPH,BONELIMB,OTHER",NA,NA,"YES","Taxol 80 mg/m2 IV q wk / x 12 wks NCCN v5.0
Feb 1, 2016 thru May 9, 2016

Surgical resection of the right scalp 
May  20, 2017

Taxol 80 mg/m2 IV q wk / x 12 wks NCCN v5.0
July 13, 2016 htru Sept  28, 2016
Taxol reduced to 60mg starting 8/3/2016 Radistion Therapy started 8/2/2016 q M-F for 36 treatments

Radiation Therapy started 8/2/2016 q M-F for 36 treatments

Liver Biopsy at Moffitt Jan 11, 2017 showed Stage 4 Liver mets.","Will be starting Adriamycin and Larturo IV therapy on Feb 2, 2107","NO","YES","I formed my own FB page of which family and friends are following my journey.  To date I have 200 people following and supporting my husband and me through this journey.  In addition I do follow the other Public Sarcoma groups.","5/24/48","True",67,"HNFS","Non-RAAS/LAAS",3,60901334,"3","3",4,0.386321651745286,0.0269347278604108
"RP.1447.ASCProject.0024.T2.v1.RNA.OnPrem","RP.1447.ASCProject.0024.T2.v1.RNA.OnPrem","SeuratProject",190795.426297087,21224,31,"RP-1447_ASCProject_0024_T2_v1_RNA_OnPrem","ASCProject_0024_T2","Tumor","ASCProject_0024","RNA","T2","ASCProject_0024_T2","LCSET-23758","LCSET-23758",1258,"LUNG","PNEUMONECTOMY","YES","NO","YES","HIGH","ASCProject_0024","Other Visceral Organs","Lung","Lung","Brain","Brain",NA,5,"27","M","VISCERAL ORGAN","LEFT LUNG LINGULA ",0,"NO",0,1,"VISCERAL ORGAN","951",NA,NA,NA,NA,NA,"1584","BRAIN","BRAIN","3219","7/9/21","ASC_24_RCO_1of9, ASC_24_RCO_2of9, ASC_24_RCO_3of9, ASC_24_RCO_4of9, ASC_24_RCO_5of9, ASC_24_RCO_6of9, ASC_24_RCO_7of9, ASC_24_RCO_8of9, 24_1, 24_2,  24_3,  24_4,  24_5,  24_6,  24_7,  24_8,  24_9, ASC_24_Mayo, ASC_24_MdAnderson","IS","LUNG",0,1,"24","DIAGNOSED",27.39726027,"LUNG",NA,NA,NA,"LUNG,BRAIN,LYMPH",NA,NA,NA,"LUNG",NA,NA,NA,"YES","YES","YES","BOTH","Adriamycin, ifosfamide, and mesna; paclitaxel; docetaxel and gemcitabine; temozolomide; keytruda; adriamycin and olaratumab","YES","Adriamycin and olaratumab","NO",NA,"NO",NA,"Facebook and Dr Corrie Painter","Statistically, I had 5-6 months with a lung primary.  That was almost 8 years and a key reason why statistics aren't the end all.  We are our own best advocate.  I haven't been off treatment since this started, but it has been well worth it.  Living is the goal, and I will do what I need to in order to survive.  If this ends up being a chronic situation, I am prepared to live with that as many people live with chronic diseases.  I've also learned to take news without getting too emotional.","NO","WHITE",NA,NA,NA,NA,NA,NA,NA,NA,NA,NA,NA,NA,NA,NA,NA,NA,"4/16/82","True",27,"LUNG","Non-RAAS/LAAS",1,62703619,"4","4",5,0.586099879739132,0.182577506201255
"RP.1447.ASCProject.0035.T2.v1.RNA.OnPrem","RP.1447.ASCProject.0035.T2.v1.RNA.OnPrem","SeuratProject",185673.317462836,21224,32,"RP-1447_ASCProject_0035_T2_v1_RNA_OnPrem","ASCProject_0035_T2","Tumor","ASCProject_0035","RNA","T2","ASCProject_0035_T2","LCSET-23758","LCSET-23758",13,"HEADFACENECKSCALP",NA,NA,NA,NA,NA,"ASCProject_0035","HNFS","HNFS","Scalp","No Mets","No Mets",NA,4,"59","F","HNFS","SCALP (POSTERIOR VERTEX)",0,"NO",1,1,"HNFS","897",NA,NA,NA,NA,NA,NA,"NO METS","NO METS","2918","7/1/21","35_1, 35_2, 35_3, 35_4, 35_5, ASC_35_DERMATOLOGY","SS","HNFS",0,0,"35","DIAGNOSED",59.97260274,"SCALP",NA,NA,NA,"SCALP",NA,NA,NA,"NED",NA,NA,NA,"YES","YES","YES","AFTER","Chemo--taxol, taxotere, gemcitibene, adrimycin, ifosfomide, mesna","NO",NA,"YES","EHE-epithelial hemangioepithelioma;2011|basal cell carcinoma;1978","NO",NA,"Facebook page","I was first diagnosed with AS and the surgery was the immediate treatment.  After being diagnosed with EHE in January, 2011, I began treatment with chemo, radiation, and more chemo.","NO","WHITE",NA,NA,NA,NA,NA,NA,NA,NA,NA,NA,NA,NA,NA,NA,NA,NA,"7/26/49","True",59,"HNFS","Non-RAAS/LAAS",0,58573087,"3","3",4,0.444590191970875,0.147992418060717
"RP.1447.ASCProject.0036.T1.v1.RNA.OnPrem","RP.1447.ASCProject.0036.T1.v1.RNA.OnPrem","SeuratProject",188891.159993019,21224,33,"RP-1447_ASCProject_0036_T1_v1_RNA_OnPrem","ASCProject_0036_T1","Tumor","ASCProject_0036","RNA","T1","ASCProject_0036_T1","LCSET-23758","LCSET-23758",NA,"LUNG",NA,NA,NA,NA,NA,NA,NA,NA,NA,NA,NA,NA,NA,NA,NA,NA,NA,NA,NA,NA,NA,NA,NA,NA,NA,NA,NA,NA,NA,NA,NA,NA,NA,NA,NA,NA,NA,NA,NA,NA,NA,NA,NA,NA,NA,NA,NA,NA,NA,NA,NA,NA,NA,NA,NA,NA,NA,NA,NA,NA,NA,NA,NA,NA,NA,NA,NA,NA,NA,NA,NA,NA,NA,NA,NA,NA,NA,NA,NA,NA,NA,NA,NA,NA,NA,NA,NA,NA,NA,NA,55738595,"4","4",5,0.30022346247142,0.254946806023069
"RP.1447.ASCProject.0044.T1.v1.RNA.OnPrem","RP.1447.ASCProject.0044.T1.v1.RNA.OnPrem","SeuratProject",186519.983497704,21224,34,"RP-1447_ASCProject_0044_T1_v1_RNA_OnPrem","ASCProject_0044_T1","Tumor","ASCProject_0044","RNA","T1","ASCProject_0044_T1","LCSET-18352","LCSET-18352",NA,NA,NA,NA,NA,NA,NA,"ASCProject_0044","Other Visceral Organs","Lung","Lung","Bone","Bone, Distant Lymph Node",NA,1,"40","M","VISCERAL ORGAN","LEFT LOWER LUNG",0,"NO",0,1,"VISCERAL ORGAN","728",NA,NA,NA,NA,NA,"0","BONE","BONE, DISTANT LYMPH NODES","777","6/8/21","44_NORTHWESTERN, ASC_0044_PATHREPORT, ASC_0044_T1, 44_1, 44_2","SS","LUNG",0,1,"44","DIAGNOSED",40.45479452,"LUNG,BONELIMB","L4 Lumbar and Hip/Pelvic Bone",NA,NA,"LUNG,BONELIMB","L4 Lumbar and Hip/Pelvic Bone",NA,NA,"LUNG,BONELIMB","L4 Lumbar and Hip/Pelvic Bone",NA,NA,"NO",NA,"NO",NA,"Doxorubicin and Orlaratumab","YES","chemotherapy (Doxorubicin and Orlaratumab)","NO",NA,"NO",NA,"Corrie Painter",NA,"NO","WHITE",NA,NA,NA,NA,NA,NA,NA,NA,NA,NA,NA,NA,NA,NA,NA,NA,"8/29/76","True",40,"LUNG","Non-RAAS/LAAS",2,63340196,"4","4",5,0.549461228949653,0.130719974280634
"RP.1447.ASCProject.0045.T1.v1.RNA.OnPrem","RP.1447.ASCProject.0045.T1.v1.RNA.OnPrem","SeuratProject",184426.37171454,21224,35,"RP-1447_ASCProject_0045_T1_v1_RNA_OnPrem","ASCProject_0045_T1","Tumor","ASCProject_0045","RNA","T1","ASCProject_0045_T1","LCSET-23758","LCSET-23758",14,"BREAST","MASTECTOMY","YES","NO","YES","HIGH","ASCProject_0045","Breast (Parenchymal)","Breast (Parenchymal)","Breast","No Mets","No Mets",NA,5,"31","F","BREAST (PARENCHYMAL)","LEFT BREAST",0,"NO",0,0,NA,NA,NA,NA,NA,NA,NA,NA,"NO METS","NO METS","652","7/12/21","45_Banner MD Anderson, 45_Banner_Health_Pathology, ASC_45_BannerMD","IS","BREAST (PARENCHYMAL)",0,0,"45","DIAGNOSED",31.81917808,"BREAST",NA,NA,NA,"BREAST",NA,NA,NA,"NED",NA,NA,NA,"YES","YES","YES","AFTER","AIM I had 4 rounds. 30 treatments of radiation after.","NO",NA,"NO",NA,"NO",NA,"Facebook","I fear of reocurrance and have anxiety close to scan time, like all others. I fear for my kids to end up with some random cancer as well. My scans have been pushed out to every 4 months and will be every 6 soon in May.","NO","WHITE",NA,NA,NA,NA,NA,NA,NA,NA,NA,NA,NA,NA,NA,NA,NA,NA,"6/14/83","True",31,"BREAST (PARENCHYMAL)","Non-RAAS/LAAS",0,42785847,"0","0",1,-0.0182566299959603,0.108504119123712
"RP.1447.ASCProject.0047.T1.v1.RNA.OnPrem","RP.1447.ASCProject.0047.T1.v1.RNA.OnPrem","SeuratProject",187448.48113322,21224,36,"RP-1447_ASCProject_0047_T1_v1_RNA_OnPrem","ASCProject_0047_T1","Tumor","ASCProject_0047","RNA","T1","ASCProject_0047_T1","LCSET-23758","LCSET-23758",0,"BREAST","EXCISION","YES","NO","NO","LOW","ASCProject_0047","Breast (Cutaneous)","Breast (Cutaneous)","Breast","No Mets","No Mets",NA,5,"68","F","BREAST (CUTANEOUS)","RIGHT BREAST ",1,"NO",1,0,NA,NA,NA,NA,NA,NA,NA,NA,"NO METS","NO METS","492","7/6/21","47 MEDICAL RECORD_OCR, SARASOTA_1OF2, SARASOTA_2OF2, FCS_fu, FCS","SS","BREAST (CUTANEOUS)",0,0,"47","DIAGNOSED",68.2630137,"BREAST",NA,NA,NA,"BREAST",NA,NA,NA,"DK",NA,NA,NA,"YES","YES","NO",NA,"CT scans every 4 months-no other TX after double masctectomy","NO",NA,"YES","papillary thyroid cancer-stage IV;2015|Invasive ductal carcinoma stage 1;2015","YES","Left breast","Facebook","I was diagnosed with thyroid cancer in Jan. 2015, then invasive ductal carcinoma in the left. breast for which I had radiation. Dec. 2015 angiosarcoma of right breast-had double mastectomy because margins were not clean. I am being watched with CT's every 4 months-would like more info.","NO","WHITE",NA,NA,NA,NA,NA,NA,NA,NA,NA,NA,NA,NA,NA,NA,NA,NA,"9/13/47","True",68,"BREAST (CUTANEOUS)","RAAS",0,65436714,"0","0",1,0.252136153567562,-0.00339308331146881
"RP.1447.ASCProject.0049.T2.v1.RNA.OnPrem","RP.1447.ASCProject.0049.T2.v1.RNA.OnPrem","SeuratProject",186061.949618595,21224,37,"RP-1447_ASCProject_0049_T2_v1_RNA_OnPrem","ASCProject_0049_T2","Tumor","ASCProject_0049","RNA","T2","ASCProject_0049_T2","LCSET-23758","LCSET-23758",159,"BREAST",NA,NA,NA,NA,NA,"ASCProject_0049","Breast (Parenchymal)","Breast (Parenchymal)","Breast","No Mets","No Mets",NA,2,"29","F","BREAST (PARENCHYMAL)","LEFT BREAST",0,"NO",0,0,NA,NA,NA,NA,NA,NA,NA,NA,"NO METS","NO METS","1462","6/11/21","49_1, 49_2, 49_3, 49_4, ASC_49_SolisMammography","IS","BREAST (PARENCHYMAL)",0,0,"49","DIAGNOSED",29.28493151,"BREAST",NA,NA,NA,"BREAST",NA,NA,NA,"NED",NA,NA,NA,"YES","YES","NO",NA,"Adrimyacin, ifosfamide, mesna (AIM) and Gemcytobine and Taxotere (Gemtax)","NO",NA,"NO",NA,"NO",NA,"Corrie Painter facebook","I did 6 rounds of AIM, surgery and 6 rounds of cleanup Gemtax. Pathology showed clear margins after surgery and also that my tumor had shrunk 93% and of the remaining 7% there were only 1-2% of viable cancer cells left.","NO","AMERICAN_INDIAN,WHITE",NA,NA,NA,NA,NA,NA,NA,NA,NA,NA,NA,NA,NA,NA,NA,NA,"2/25/84","True",29,"BREAST (PARENCHYMAL)","Non-RAAS/LAAS",0,25031554,"4","4",5,0.102487075306442,0.291983365167981
"RP.1447.ASCProject.0055.T2.v1.RNA.OnPrem","RP.1447.ASCProject.0055.T2.v1.RNA.OnPrem","SeuratProject",185711.936455198,21224,38,"RP-1447_ASCProject_0055_T2_v1_RNA_OnPrem","ASCProject_0055_T2","Tumor","ASCProject_0055","RNA","T2","ASCProject_0055_T2","LCSET-23758","LCSET-23758",511,"PECTORALIS MINOR","RESECTION","YES","NO","YES","HIGH","ASCProject_0055","Breast (Parenchymal)","Breast (Parenchymal)","Breast","Lung, Liver","Lung, Liver, Brain, Mediastinum",NA,5,"37","F","BREAST (PARENCHYMAL)","LEFT BREAST",0,"NO",0,1,"TRUNK, REGIONAL LYMPH NODE","482","517",NA,NA,NA,NA,"685","LUNG, LIVER","LUNG, LIVER, BRAIN, OTHER (SOFT TISSUE), OTHER (MEDIASTINUM)","1532","7/9/21","ASC_55_MSKCC_1of3, ASC_55_MSKCC_2of3, ASC_55_MSKCC_3of3, 55_MDA_1, 55_MDA_2, 55_MDA_3, ASC_55_MdAnderson, ASC_55_SloanKettering_1pgFollowup, ASC_55_T1_Path","SS","BREAST (PARENCHYMAL)",0,1,"55","DIAGNOSED",37.85479452,"BREAST",NA,NA,NA,"BREAST,LIVER,LUNG,BRAIN",NA,NA,NA,"LIVER,LUNG",NA,NA,NA,"YES","YES","YES","AFTER","Gemcitabane Docetaxol Adriamycin Ifosfamide Taxol Lartruvo Opdivo","YES","Gemcitabane
Docetaxol","NO",NA,"NO",NA,"Facebook",NA,"NO","WHITE",NA,NA,NA,NA,NA,NA,NA,NA,NA,NA,NA,NA,NA,NA,NA,NA,"11/3/75","True",37,"BREAST (PARENCHYMAL)","Non-RAAS/LAAS",5,43600306,"1","1",2,0.0566102594686608,0.133474211898863
"RP.1447.ASCProject.0061.T1.v1.RNA.OnPrem","RP.1447.ASCProject.0061.T1.v1.RNA.OnPrem","SeuratProject",174540.871714442,21224,39,"RP-1447_ASCProject_0061_T1_v1_RNA_OnPrem","ASCProject_0061_T1","Tumor","ASCProject_0061","RNA","T1","ASCProject_0061_T1","LCSET-18352","LCSET-18352",NA,NA,NA,NA,NA,NA,NA,"ASCProject_0061","Breast (Parenchymal)","Breast (Parenchymal)","Breast","Breast, Bone, Liver","Breast, Bone, Liver",NA,9,"46","F","BREAST (PARENCHYMAL)","RIGHT BREAST",0,"NO",0,0,NA,NA,NA,NA,NA,NA,NA,"1856","OTHER [LEFT BREAST], BONE, LIVER","OTHER [LEFT BREAST], BONE, LIVER","1996","1/19/22","61_BWH, 61_St.Joseph, ASC_61_BWH_Path, ASC_61_DFCI_full, ASC_0061_T1_PathReport, ASC_0061_T1_SK","IS","BREAST (PARENCHYMAL)",0,1,"61","DIAGNOSED",46.29041096,"BREAST",NA,NA,NA,"BREAST",NA,NA,NA,"NED",NA,NA,NA,"YES","YES","YES","AFTER","None","NO",NA,"NO",NA,"NO",NA,"Internet searches, which, led me to the AngioSarcoma Cancer Facebook Page","Diagnosed by Dr. Ophelia Chan @ St. Joseph Hospital, Nashua, NH 09/2013 Via 3D mammogram & punch biopsies. Primary AngioSarcoma in the upper portion of right breast, 7cm. Treated @ Brigham & Womens Hospital. Boston, MA. Simple Mastectomy w/clean margins followed up w/35, (7 wks., M-F) 5 min. Increments of 'low dosage' radiation treatments.  Post-tratment: CT Blood draw every 90 days for 2 yrs.   Dr. Jeffrey Morgan, Oncology, Dana Farber Cancer Inst. Boston, MA Transitioned to every 6 mo.now. NED","NO","WHITE",NA,NA,NA,NA,NA,NA,NA,NA,NA,NA,NA,NA,NA,NA,NA,NA,"5/30/67","True",46,"BREAST (PARENCHYMAL)","Non-RAAS/LAAS",3,5740636,"0","0",1,0.2680124710371,0.195334134320342
"RP.1447.ASCProject.0063.T1.v1.RNA.OnPrem","RP.1447.ASCProject.0063.T1.v1.RNA.OnPrem","SeuratProject",187430.076233271,21224,40,"RP-1447_ASCProject_0063_T1_v1_RNA_OnPrem","ASCProject_0063_T1","Tumor","ASCProject_0063","RNA","T1","ASCProject_0063_T1","LCSET-18352","LCSET-18352",NA,NA,NA,NA,NA,NA,NA,"ASCProject_0063","HNFS","HNFS","Scalp","Distant Lymph Node, Bone, Neck, Head","Distant Lymph Node, Bone, Neck, Head",NA,5,"74","M","HNFS","RIGHT SCALP",0,"NO",1,1,"HNFS","705",NA,NA,NA,NA,NA,"705","DISTANT LYMPH NODE, BONE, OTHER (NECK MUSCLE), OTHER(PARATOID GLAND)","DISTANT LYMPH NODE, BONE, OTHER (NECK MUSCLE), OTHER(PARATOID GLAND)","852","7/12/21","63_1, 63_2, 63_3, 63_4, 63_5, 63_UCSF, ASC_63_MDANDERSON, ASC_0063_T1_ORIGINALPATH, ASC_0063_T1, ASC_0063_T2, ASC_0063_T3_SK","SS","HNFS",0,1,"63","DIAGNOSED",75.46575342,"SCALP",NA,NA,NA,"SCALP",NA,NA,NA,"NED",NA,NA,NA,"YES","YES","YES","AFTER","Taxol","YES","Radiation","YES","Prostat;2007","YES","Prostat","Corrie / Facebook Angiosarcoma page",NA,"NO","WHITE",NA,NA,NA,NA,NA,NA,NA,NA,NA,NA,NA,NA,NA,NA,NA,NA,"1/1/42","True",74,"HNFS","Non-RAAS/LAAS",4,80770651,"3","3",4,0.476199309830879,0.0930936994430027
"RP.1447.ASCProject.0063.T3.v1.RNA.OnPrem","RP.1447.ASCProject.0063.T3.v1.RNA.OnPrem","SeuratProject",190093.039687635,21224,41,"RP-1447_ASCProject_0063_T3_v1_RNA_OnPrem","ASCProject_0063_T3","Tumor","ASCProject_0063","RNA","T3","ASCProject_0063_T3","LCSET-17718","LCSET-17718",-114,"HEADFACENECKSCALP","Resection","YES","NO","NO","HIGH","ASCProject_0063","HNFS","HNFS","Scalp","Distant Lymph Node, Bone, Neck, Head","Distant Lymph Node, Bone, Neck, Head",NA,5,"74","M","HNFS","RIGHT SCALP",0,"NO",1,1,"HNFS","705",NA,NA,NA,NA,NA,"705","DISTANT LYMPH NODE, BONE, OTHER (NECK MUSCLE), OTHER(PARATOID GLAND)","DISTANT LYMPH NODE, BONE, OTHER (NECK MUSCLE), OTHER(PARATOID GLAND)","852","7/12/21","63_1, 63_2, 63_3, 63_4, 63_5, 63_UCSF, ASC_63_MDANDERSON, ASC_0063_T1_ORIGINALPATH, ASC_0063_T1, ASC_0063_T2, ASC_0063_T3_SK","SS","HNFS",0,1,"63","DIAGNOSED",75.46575342,"SCALP",NA,NA,NA,"SCALP",NA,NA,NA,"NED",NA,NA,NA,"YES","YES","YES","AFTER","Taxol","YES","Radiation","YES","Prostat;2007","YES","Prostat","Corrie / Facebook Angiosarcoma page",NA,"NO","WHITE",NA,NA,NA,NA,NA,NA,NA,NA,NA,NA,NA,NA,NA,NA,NA,NA,"1/1/42","True",74,"HNFS","Non-RAAS/LAAS",4,79279185,"3","3",4,0.358738235531577,0.0287035439493373
"RP.1447.ASCProject.0064.T2.v1.RNA.OnPrem","RP.1447.ASCProject.0064.T2.v1.RNA.OnPrem","SeuratProject",188304.70879926,21224,42,"RP-1447_ASCProject_0064_T2_v1_RNA_OnPrem","ASCProject_0064_T2","Tumor","ASCProject_0064","RNA","T2","ASCProject_0064_T2","LCSET-23758","LCSET-23758",4380,"LUNG","RESECTION","YES (FOCAL)","YES","NO","HIGH","ASCProject_0064","HNFS","HNFS","Forehead","Lung","Lung, Bone",NA,5,"32","F","HNFS","LEFT FOREHEAD",0,"NO",1,0,NA,NA,NA,NA,NA,NA,NA,"4146","LUNG","LUNG, BONE","5124","6/15/21","64 OU Medical Record, 64_1, 64_2, 64_3, 64_4, 64_5, 64_6, 64_INTEGRIS_FOLLOWUP, 64_INTEGRIS, ASC_64_MDANDERSON","SS","HNFS",0,1,"64","DIAGNOSED",32.65753425,"SCALP",NA,NA,NA,"SCALP,LUNG",NA,NA,NA,"LUNG",NA,NA,NA,"YES","YES","YES","AFTER","Taxol","YES","Taxol","NO",NA,"NO",NA,"Facebook","I am on my 6th round of taxol. Have had some tumor shrinkage. Possible surgery for removal at some point.","NO","WHITE",NA,NA,NA,NA,NA,NA,NA,NA,NA,NA,NA,NA,NA,NA,NA,NA,"10/12/72","True",32,"HNFS","Non-RAAS/LAAS",2,41409057,"4","4",5,0.606790338020771,0.0990558508053745
"RP.1447.ASCProject.0068.T1.v1.RNA.OnPrem","RP.1447.ASCProject.0068.T1.v1.RNA.OnPrem","SeuratProject",180911.019299258,21224,43,"RP-1447_ASCProject_0068_T1_v1_RNA_OnPrem","ASCProject_0068_T1","Tumor","ASCProject_0068","RNA","T1","ASCProject_0068_T1","LCSET-23758","LCSET-23758",0,"ABDOMEN","EXCISION","YES (FOCAL)","YES","YES","HIGH","ASCProject_0068","Musculoskeletal","Retroperitoneum","Retroperitoneum","No Mets","No Mets",NA,5,"55","F","OTHER (LEFT PELVIS, RETROPERITONEUM)","LEFT PELVIC/RETROPERITONEAL MASS",0,"NO",0,0,NA,NA,NA,NA,NA,NA,NA,NA,"NO METS","NO METS","1883","7/16/21","68_1, 68_2","SS","OTHER",0,0,"68","DIAGNOSED",55.6739726,"ABDOMINAL",NA,"Retroperitoneal 6 x 8 cm tumor",NA,"ABDOMINAL",NA,NA,NA,"NED",NA,NA,NA,"YES","NO","NO",NA,"AIM , switched to a different one due to side effects, but I can't remember what it was","NO",NA,"YES","Vulvar cancer;2001","NO",NA,"Research online","I was seen at M.D.Anderson for scans and orders for treatment by Dr. Ravi.  He worked with a more local oncologist to provide chemo closer to home.","NO","WHITE",NA,NA,NA,NA,NA,NA,NA,NA,NA,NA,NA,NA,NA,NA,NA,NA,"7/12/56","True",55,"OTHER","Non-RAAS/LAAS",0,34925734,"1","1",2,0.126207749838517,0.285500830364736
"RP.1447.ASCProject.0076.T1.v1.RNA.OnPrem","RP.1447.ASCProject.0076.T1.v1.RNA.OnPrem","SeuratProject",184777.839065726,21224,44,"RP-1447_ASCProject_0076_T1_v1_RNA_OnPrem","ASCProject_0076_T1","Tumor","ASCProject_0076","RNA","T1","ASCProject_0076_T1","LCSET-23758","LCSET-23758",42,"BREAST","MASTECTOMY","YES","NO","NO","LOW","ASCProject_0076","Breast (Parenchymal)","Breast (Parenchymal)","Breast","No Mets","No Mets",NA,5,"51","F","BREAST (PARENCHYMAL)","RIGHT BREAST",0,"NO",0,0,NA,NA,NA,NA,NA,NA,NA,NA,"NO METS","NO METS","709","7/20/21","76 SMJH; ASC_76_T1_path","SS","BREAST (PARENCHYMAL)",0,0,"76","DIAGNOSED",51.70136986,"BREAST",NA,NA,NA,"BREAST",NA,NA,NA,"NED",NA,NA,NA,"YES","YES","YES","AFTER","Gemcitibine and Docetaxel","NO",NA,"NO",NA,"NO",NA,"I am in the Angiosarcoma Facebook group","My mother died suddenly and unexpectedly in June 2012. Devastating loss. Noticed breast difference spring 2013. Was also in perimenopause. Thought it was fibrocystic. Mammogram summer 2013 showed thickening but nothing abnormal. Pursued further a few months later. Two biopsies (needle and open) both misdiagnosed as hemangioma or angiolipoma. Pathologists looked at slides again and dx'd AS. Two surgeries, deep tumor, extremely small deep margin on resection. Chemo then Rads. So far, NED.","NO","WHITE",NA,NA,NA,NA,NA,NA,NA,NA,NA,NA,NA,NA,NA,NA,NA,NA,"8/1/62","True",51,"BREAST (PARENCHYMAL)","Non-RAAS/LAAS",0,61526925,"0","0",1,0.335212118659333,0.22528532836651
"RP.1447.ASCProject.0082.T1.v1.RNA.OnPrem","RP.1447.ASCProject.0082.T1.v1.RNA.OnPrem","SeuratProject",191161.364901144,21224,45,"RP-1447_ASCProject_0082_T1_v1_RNA_OnPrem","ASCProject_0082_T1","Tumor","ASCProject_0082","RNA","T1","ASCProject_0082_T1","LCSET-23758","LCSET-23758",0,"HEADFACENECKSCALP",NA,NA,NA,NA,NA,"ASCProject_0082","HNFS","HNFS","Temple","No Mets","No Mets",NA,2,"60","M","HNFS","LEFT TEMPLE",0,"NO",1,0,NA,NA,NA,NA,NA,NA,NA,NA,"NO METS","NO METS","794","6/11/21","ASC_82_MSKCC_1of2, ASC_82_MSKCC_2of2","IS","HNFS",0,0,"82","DIAGNOSED",60.89863014,"HEADFACENECK",NA,NA,NA,"HEADFACENECK",NA,NA,NA,"NED",NA,NA,NA,"YES","YES","NO",NA,"Doxil","NO",NA,"NO",NA,"NO",NA,"Corrie Painter",NA,"NO","WHITE",NA,NA,NA,NA,NA,NA,NA,NA,NA,NA,NA,NA,NA,NA,NA,NA,"2/22/54","True",60,"HNFS","Non-RAAS/LAAS",0,130377683,"3","3",4,0.624730053142022,0.209599742773282
"RP.1447.ASCProject.0088.T3.v1.RNA.OnPrem","RP.1447.ASCProject.0088.T3.v1.RNA.OnPrem","SeuratProject",188673.209549787,21224,46,"RP-1447_ASCProject_0088_T3_v1_RNA_OnPrem","ASCProject_0088_T3","Tumor","ASCProject_0088","RNA","T3","ASCProject_0088_T3","LCSET-23758","LCSET-23758",782,"CHEST",NA,NA,NA,NA,NA,"ASCProject_0088","Breast (Cutaneous)","Breast (Cutaneous)","Breast Skin","No Mets","No Mets",NA,2,"47","F","BREAST (CUTANEOUS)","RIGHT BREAST SKIN",1,"NO",1,1,"RIGHT CHEST WALL SKIN","782",NA,NA,NA,NA,NA,NA,"NO METS","NO METS","1288","4/9/21","88_1, 88_2, 88_3, 88_emailed_1, 88_emailed_2, 88_Mayo_Report_Repeat_1,  88_Mayo_Report_Repeat_2, 88_Mayo_Report, 88_Path ","IS","BREAST (CUTANEOUS)",0,0,"88","DIAGNOSED",47.13424658,"BREAST",NA,NA,NA,"BREAST",NA,NA,NA,"BREAST",NA,NA,NA,"YES","YES","YES","BOTH","Chemotherapies : Adriamycin, Ifosomide, Mesna, Taxol, Paclitaxel, Gemcitabine. I can not find my list, this is what I can remember and then of course all the pre-drugs before your actual chemo Medications: Klor-Con, Magnesium, Carvedilol, Enalapril, Atavan, Zofran, Reglan, Compazine, Magic Mouthwash, Different steroids I cant remember. I may come back to this and add more","YES","Votrient","YES","Invasive Ductal Carcinoma of the Breast;2006|Myelodysplastic Syndrome;2019","YES","The Right Breast","Angiosarcoma Facebook Page","I was diagnosed with Radiation Induced Angiosarcoma in Fall 2013. I received many Chemotherapy treatments locally, but directed by Dr. Ravi from MDAnderson. After 15 months of chemo and surgeries was declared NED in May 2015. In Nov 2015, I had a recurrence where I have had more chemo, surgery and radiation. In Dec 2016 was NED. However news areas of concern have developed and I will be going back the 1st week in April to Rochester. Would love to give more details, however space does not allow.","NO","WHITE",NA,NA,NA,NA,NA,NA,NA,NA,NA,NA,NA,NA,NA,NA,NA,NA,"8/25/66","True",47,"BREAST (CUTANEOUS)","RAAS",0,72222141,"2","2",3,0.258898720157534,0.165205751129077
"RP.1447.ASCProject.0089.T1.v1.RNA.OnPrem","RP.1447.ASCProject.0089.T1.v1.RNA.OnPrem","SeuratProject",184331.106096925,21224,47,"RP-1447_ASCProject_0089_T1_v1_RNA_OnPrem","ASCProject_0089_T1","Tumor","ASCProject_0089","RNA","T1","ASCProject_0089_T1","LCSET-23758","LCSET-23758",0,"BREAST","EXCISION","YES","NO","YES","HIGH","ASCProject_0089","Breast (Parenchymal)","Breast (Parenchymal)","Breast","No Mets","No Mets",NA,5,"34","F","BREAST (PARENCHYMAL)","RIGHT BREAST",0,"NO",0,0,NA,NA,NA,NA,NA,NA,NA,NA,"NO METS","NO METS","1525","7/19/21","89_JHH, 89_UPMC, ASC_89_UPMCPinnacle_new","IS","BREAST (PARENCHYMAL)",0,0,"89","DIAGNOSED",34.39452055,"BREAST",NA,NA,NA,"BREAST",NA,NA,NA,"NED",NA,NA,NA,"YES","YES","NO",NA,"Mastectomy 12 weeks of clean up chemo gemzar and taxotere","NO",NA,"NO",NA,"NO",NA,"Facebook","I was misdiagnosed 6 months before diagnosis...told it was a fibroadenoma benign...was told to follow up in 6 months to recheck size/growth and it didn't really change. This time a biopsy was done which came back with vascular properties. A lumpectomy was next which confirmed diagnosis. 5 cm tumor was taken out but actual size was 3.5 cm as it was surrounded in fat. It had benign low grade and high grade parts.","NO","WHITE",NA,NA,NA,NA,NA,NA,NA,NA,NA,NA,NA,NA,NA,NA,NA,NA,"11/17/78","True",34,"BREAST (PARENCHYMAL)","Non-RAAS/LAAS",0,67023499,"0","0",1,-0.0857640071415506,0.00502487450252076
"RP.1447.ASCProject.0097.T3.v1.RNA.OnPrem","RP.1447.ASCProject.0097.T3.v1.RNA.OnPrem","SeuratProject",188156.11035127,21224,48,"RP-1447_ASCProject_0097_T3_v1_RNA_OnPrem","ASCProject_0097_T3","Tumor","ASCProject_0097","RNA","T3","ASCProject_0097_T3","LCSET-23758","LCSET-23758",2394,"HEADFACENECKSCALP","RESECTION","YES","NO","YES","HIGH","ASCProject_0097","HNFS","HNFS","Neck","Bone","Bone, Skin, Visceral Organ",NA,5,"38","F","HNFS","RIGHT NECK",1,"NO",1,1,"HNFS, HNFS, HNFS, HNFS, HNFS, HNFS","395","1066","2830","3138","3243","4329","425","BONE","BONE, SKIN, VISCERAL ORGAN","4759","7/21/21","97_1_OCR, 97_2_OCR, 97_3_OCR, 97_4_OCR, 97_5_OCR, 97_6_OCR, 97_LutheranHospitalofIndiana","IS","HNFS",0,1,"97","DIAGNOSED",38.47671233,"HEADFACENECK",NA,NA,NA,"HEADFACENECK,LIVER,BONELIMB,OTHER","metastatic disease in thoracic and lumbar vertebrae, sacrum, and left pelvic bones",NA,"cutaneous AS of chest(extensive)","HEADFACENECK,LIVER,BONELIMB,OTHER","metastatic disease in thoracic and lumbar vertebrae, sacrum, and left pelvic bones",NA,"cutaneous AS of chest(extensive)","YES","NO","NO",NA,"5/04 Adriamycin 75mg/m2, four cycles 8/04 Taxol 175mg/m2, four cycles every 3 weeks 4/05 Doxil 40mg/m2, four cycles every 4 weeks 10/05 Sorafenib 400mg PO twice daily 2008 Rapamune added to Sorafenib.  01/12 Pazopanib 800mg PO daily 11/12 Gemcitabine and Docetaxol, three cycles 03/13 Sorafenib 400mg PO twice daily 10/13 Taxol 80mg/m2 and Avastin 10mg/kg, 6 cycles 10/14 Regorafenib 80mg(2 tabs) PO daily 03-11/15 Abraxane IV 06-09/16 Opdivo/Yervoy  03-13-17 Started Keytruda 200mg","YES","03-13-17 Started Keytruda 200mg","YES","Hodgkin's Lymphoma;1982|Squamous cell skin cancer left ear;2006|intraductal breast cancer left, carcinoma in situ right;2011","NO",NA,"I'm a member of angiosarcoma cancer on facebook","02/07 My second wide resection right neck. This time with intra-op radiation(1500cGy)","NO","WHITE",NA,NA,NA,NA,NA,NA,NA,NA,NA,NA,NA,NA,NA,NA,NA,NA,"9/18/65","True",38,"HNFS","RAAS",3,46515294,"2","2",3,-0.0682516414992396,0.066480870132132
"RP.1447.ASCProject.0097.T4.v1.RNA.OnPrem","RP.1447.ASCProject.0097.T4.v1.RNA.OnPrem","SeuratProject",183453.499391051,21224,49,"RP-1447_ASCProject_0097_T4_v1_RNA_OnPrem","ASCProject_0097_T4","Tumor","ASCProject_0097","RNA","T4","ASCProject_0097_T4","LCSET-23758","LCSET-23758",2837,"HEADFACENECKSCALP","RESECTION","YES","NO","YES","HIGH","ASCProject_0097","HNFS","HNFS","Neck","Bone","Bone, Skin, Visceral Organ",NA,5,"38","F","HNFS","RIGHT NECK",1,"NO",1,1,"HNFS, HNFS, HNFS, HNFS, HNFS, HNFS","395","1066","2830","3138","3243","4329","425","BONE","BONE, SKIN, VISCERAL ORGAN","4759","7/21/21","97_1_OCR, 97_2_OCR, 97_3_OCR, 97_4_OCR, 97_5_OCR, 97_6_OCR, 97_LutheranHospitalofIndiana","IS","HNFS",0,1,"97","DIAGNOSED",38.47671233,"HEADFACENECK",NA,NA,NA,"HEADFACENECK,LIVER,BONELIMB,OTHER","metastatic disease in thoracic and lumbar vertebrae, sacrum, and left pelvic bones",NA,"cutaneous AS of chest(extensive)","HEADFACENECK,LIVER,BONELIMB,OTHER","metastatic disease in thoracic and lumbar vertebrae, sacrum, and left pelvic bones",NA,"cutaneous AS of chest(extensive)","YES","NO","NO",NA,"5/04 Adriamycin 75mg/m2, four cycles 8/04 Taxol 175mg/m2, four cycles every 3 weeks 4/05 Doxil 40mg/m2, four cycles every 4 weeks 10/05 Sorafenib 400mg PO twice daily 2008 Rapamune added to Sorafenib.  01/12 Pazopanib 800mg PO daily 11/12 Gemcitabine and Docetaxol, three cycles 03/13 Sorafenib 400mg PO twice daily 10/13 Taxol 80mg/m2 and Avastin 10mg/kg, 6 cycles 10/14 Regorafenib 80mg(2 tabs) PO daily 03-11/15 Abraxane IV 06-09/16 Opdivo/Yervoy  03-13-17 Started Keytruda 200mg","YES","03-13-17 Started Keytruda 200mg","YES","Hodgkin's Lymphoma;1982|Squamous cell skin cancer left ear;2006|intraductal breast cancer left, carcinoma in situ right;2011","NO",NA,"I'm a member of angiosarcoma cancer on facebook","02/07 My second wide resection right neck. This time with intra-op radiation(1500cGy)","NO","WHITE",NA,NA,NA,NA,NA,NA,NA,NA,NA,NA,NA,NA,NA,NA,NA,NA,"9/18/65","True",38,"HNFS","RAAS",3,77875350,"4","4",5,0.0101096606838968,0.325377249179395
"RP.1447.ASCProject.0099.T1A.v1.RNA.OnPrem","RP.1447.ASCProject.0099.T1A.v1.RNA.OnPrem","SeuratProject",187217.849194421,21224,50,"RP-1447_ASCProject_0099_T1A_v1_RNA_OnPrem","ASCProject_0099_T1A","Tumor","ASCProject_0099","RNA","T1A","ASCProject_0099_T1A","LCSET-18352","LCSET-18352",NA,NA,NA,NA,NA,NA,NA,"ASCProject_0099","Breast (Cutaneous)","Breast (Cutaneous)","Breast","No Mets","No Mets",NA,9,"70","F","BREAST (CUTANEOUS)","RIGHT BREAST",1,"NO",1,0,NA,NA,NA,NA,NA,NA,NA,NA,"NO METS","NO METS","268","1/20/21","99_1, 99_2, 99_3, 99_4, ASC_0099_T1A_SK, ASC_0099_T1A","IS","BREAST (CUTANEOUS)",0,0,"99","DIAGNOSED",70.39178082,"BREAST",NA,NA,NA,"BREAST",NA,NA,NA,"BREAST",NA,NA,NA,"NO",NA,"NO",NA,"Paclitaxel chemo once a week since Dec 2016. Will finish up March 23,2017.","YES","Will possibly be put on aggressive chemo and immunotherapy.  Will find out end of March.","YES","Duct al carcinoma in SITU, solid type,low nuclear grade w/of necrosis of right breast;2004","NO",NA,"Corrie Painter","2004 had lumpectomy with 8 weeks of radiation. 2009 had double mastectomy with partial reconstruction. BRCA2 positive  AS present at 6:00 position on right breast. Measuring 1.0cm x 0.9cmx0.5cm . In lower quadrant 6 to 8:00 position there is lesion 4.9cm x 3.5cm x 0.9cm.  No symptoms prior to being diagnosed other than a small raised lesion . My concern is that I am not being considered for surgery. Cancer has not spread but they consider it advanced and multiple.","NO","WHITE",NA,NA,NA,NA,NA,NA,NA,NA,NA,NA,NA,NA,NA,NA,NA,NA,"5/29/46","True",70,"BREAST (CUTANEOUS)","RAAS",0,84325219,"2","2",3,0.222491181935681,0.122577469904591
"RP.1447.ASCProject.0102.T1.v1.RNA.OnPrem","RP.1447.ASCProject.0102.T1.v1.RNA.OnPrem","SeuratProject",185843.786969562,21224,51,"RP-1447_ASCProject_0102_T1_v1_RNA_OnPrem","ASCProject_0102_T1","Tumor","ASCProject_0102","RNA","T1","ASCProject_0102_T1","LCSET-23758","LCSET-23758",0,"BREAST","BIOPSY","YES","NO","YES","LOW","ASCProject_0102","Breast (Parenchymal)","Breast (Parenchymal)","Breast","No Mets","No Mets",NA,5,"31","F","BREAST (PARENCHYMAL)","LEFT BREAST",0,"NO",0,0,NA,NA,NA,NA,NA,NA,NA,NA,"NO METS","NO METS","1285","7/26/21","102_1_OCR, 102_2_OCR, 102_3_OCR, 102_4_OCR","IS","BREAST (PARENCHYMAL)",0,0,"102","DIAGNOSED",31.84931507,"BREAST",NA,NA,NA,"BREAST",NA,NA,NA,"NED",NA,NA,NA,"YES","YES","NO",NA,"AIM; Gem Tax; Taxol","NO",NA,"NO",NA,"NO",NA,"Angiosarcoma Facebook group",NA,"NO","WHITE",NA,NA,NA,NA,NA,NA,NA,NA,NA,NA,NA,NA,NA,NA,NA,NA,"1/3/82","True",31,"BREAST (PARENCHYMAL)","Non-RAAS/LAAS",0,54311504,"0","0",1,-0.251662702382635,-0.0850432009457673
"RP.1447.ASCProject.0102.T2.v2.RNA.OnPrem","RP.1447.ASCProject.0102.T2.v2.RNA.OnPrem","SeuratProject",185126.182324342,21224,52,"RP-1447_ASCProject_0102_T2_v2_RNA_OnPrem","ASCProject_0102_T2","Tumor","ASCProject_0102","RNA","T2","ASCProject_0102_T2","LCSET-23758","LCSET-23758",187,"BREAST","MASTECTOMY","YES","NO","YES","LOW","ASCProject_0102","Breast (Parenchymal)","Breast (Parenchymal)","Breast","No Mets","No Mets",NA,5,"31","F","BREAST (PARENCHYMAL)","LEFT BREAST",0,"NO",0,0,NA,NA,NA,NA,NA,NA,NA,NA,"NO METS","NO METS","1285","7/26/21","102_1_OCR, 102_2_OCR, 102_3_OCR, 102_4_OCR","IS","BREAST (PARENCHYMAL)",0,0,"102","DIAGNOSED",31.84931507,"BREAST",NA,NA,NA,"BREAST",NA,NA,NA,"NED",NA,NA,NA,"YES","YES","NO",NA,"AIM; Gem Tax; Taxol","NO",NA,"NO",NA,"NO",NA,"Angiosarcoma Facebook group",NA,"NO","WHITE",NA,NA,NA,NA,NA,NA,NA,NA,NA,NA,NA,NA,NA,NA,NA,NA,"1/3/82","True",31,"BREAST (PARENCHYMAL)","Non-RAAS/LAAS",0,64730384,"0","0",1,-0.00810826341618309,0.153753489705842
"RP.1447.ASCProject.0105.T1.v1.RNA.OnPrem","RP.1447.ASCProject.0105.T1.v1.RNA.OnPrem","SeuratProject",189808.003564702,21224,53,"RP-1447_ASCProject_0105_T1_v1_RNA_OnPrem","ASCProject_0105_T1","Tumor","ASCProject_0105","RNA","T1","ASCProject_0105_T1","LCSET-18352","LCSET-18352",NA,NA,NA,NA,NA,NA,NA,"ASCProject_0105","Breast (Parenchymal)","Breast (Parenchymal)","Breast","No Mets","No Mets",NA,9,"46","F","BREAST (PARENCHYMAL)","RIGHT BREAST",0,"NO",0,0,NA,NA,NA,NA,NA,NA,NA,NA,"NO METS","NO METS","1789","1/20/22","105_Moffitt_1-30, ASC_105_Moffitt_re-request, ASC_105_Moffitt, ASC_0105_T1_SK, ASC_0105_T1, ASC_105_Tampa_FULL","IS","BREAST (PARENCHYMAL)",0,0,"105","DIAGNOSED",46.57534247,"BREAST",NA,NA,NA,"BREAST",NA,NA,NA,"NED",NA,NA,NA,"YES","YES","YES","AFTER","None","NO",NA,"NO",NA,"NO",NA,"My sister Yuly Hernandez) researched online AS support groups when I was diagnosed and through one of those groups learned about Corrie.",NA,"YES",NA,NA,NA,NA,NA,NA,NA,NA,NA,NA,NA,NA,NA,NA,NA,NA,NA,"8/15/67","True",46,"BREAST (PARENCHYMAL)","Non-RAAS/LAAS",0,67084263,"0","0",1,0.0136435297315742,-0.0152028506547648
"RP.1447.ASCProject.0109.T2.v1.RNA.OnPrem","RP.1447.ASCProject.0109.T2.v1.RNA.OnPrem","SeuratProject",191011.837951678,21224,54,"RP-1447_ASCProject_0109_T2_v1_RNA_OnPrem","ASCProject_0109_T2","Tumor","ASCProject_0109","RNA","T2","ASCProject_0109_T2","LCSET-18352","LCSET-18352",NA,NA,NA,NA,NA,NA,NA,"ASCProject_0109","Breast (Cutaneous)","Breast (Cutaneous)","Breast","Breast","Breast, Liver, Bone Marrow",NA,9,"55","F","BREAST (CUTANEOUS)","LEFT BREAST",1,"NO",1,1,"LEFT BREAST SKIN, LEFT CHEST WALL","610","1492",NA,NA,NA,NA,"1060","OTHER (RIGHT BREAST SKIN)","OTHER(RIGHT BREAST SKIN), LIVER, OTHER [BONE MARROW, PERITONEAL FLUID]","2543","1/24/22","109_Foxchase, ASC_109_FoxChaseCenter_Path, ASC_0109_T1_SK, ASC_0109_T1, ASC_0109_T2_SK, ASC_0109_T2, ASC_109","IS","BREAST (CUTANEOUS)",0,1,"109","DIAGNOSED",55.75616438,"BREAST",NA,NA,NA,"BREAST",NA,NA,NA,"BREAST",NA,NA,NA,"YES","NO","NO",NA,"Surgery no drugs so far","NO",NA,"YES","Breast cancer;2004","YES","Left breast","Facebook group","Difficulty reaching a working diagnosis from the start- labs were in disagreement. Surgery times 4 for ""clean margins"" then appeared 18 months later. Since then are in servallince mode CT every 3 months. Has progressed to right breast small area but has not increased in size in 1 year. Side note have been on Coerg for a heart condition since 2006.","NO","WHITE",NA,NA,NA,NA,NA,NA,NA,NA,NA,NA,NA,NA,NA,NA,NA,NA,"9/12/57","True",55,"BREAST (CUTANEOUS)","RAAS",4,73035168,"2","2",3,0.2726569405764,0.0205038816751362
"RP.1447.ASCProject.0117.T1.v1.RNA.OnPrem","RP.1447.ASCProject.0117.T1.v1.RNA.OnPrem","SeuratProject",184917.950760462,21224,55,"RP-1447_ASCProject_0117_T1_v1_RNA_OnPrem","ASCProject_0117_T1","Tumor","ASCProject_0117","RNA","T1","ASCProject_0117_T1","LCSET-18352","LCSET-18352",NA,NA,NA,NA,NA,NA,NA,"ASCProject_0117","Breast (Parenchymal)","Breast (Parenchymal)","Breast","No Mets","No Mets",NA,9,"40","F","BREAST (PARENCHYMAL)","LEFT BREAST",0,"NO",0,0,NA,NA,NA,NA,NA,NA,NA,NA,"NO METS","NO METS","721","1/14/22","117_STJOSEPH.PDF, 117_TAMPABAY.BAY ","LS","BREAST (PARENCHYMAL)",0,0,"117","DIAGNOSED",40.88493151,"BREAST",NA,NA,NA,"BREAST",NA,NA,NA,"NED",NA,NA,NA,"YES","YES","YES","AFTER","Chemotherapy- Doxorubicin, Ifosfamide, Mesna","NO",NA,"NO",NA,"NO",NA,"Facebook","In April 2016 I found a lump in my breast. The mammogram and ultrasound did not show it was cancerous.   Then I had a biopsy which showed it was angiosarcoma.  I had a left mastectomy about a month after first discovering the lump and the tumor was 8 inches at the largest part.  After that I had 4 sessions of chemo. Each one was slowly administered over 3 days (24 hours a day) while I was in the hospital.  After that I had 25 sessions of radiation.  Currently I am NED.","NO","WHITE",NA,NA,NA,NA,NA,NA,NA,NA,NA,NA,NA,NA,NA,NA,NA,NA,"6/23/75","True",40,"BREAST (PARENCHYMAL)","Non-RAAS/LAAS",0,89988224,"0","0",1,-0.141328234997179,-0.00804520574743783
"RP.1447.ASCProject.0118.T1.v1.RNA.OnPrem","RP.1447.ASCProject.0118.T1.v1.RNA.OnPrem","SeuratProject",187996.848166849,21224,56,"RP-1447_ASCProject_0118_T1_v1_RNA_OnPrem","ASCProject_0118_T1","Tumor","ASCProject_0118","RNA","T1","ASCProject_0118_T1","LCSET-18352","LCSET-18352",NA,NA,NA,NA,NA,NA,NA,"ASCProject_0118","Breast (Cutaneous)","Breast (Cutaneous)","Breast","Bone","Bone",NA,9,"45","F","BREAST (CUTANEOUS)","LEFT BREAST",1,"NO",1,0,NA,NA,NA,NA,NA,NA,NA,"13","BONE","BONE","1392","2/1/22","Path 118 T2.pdf, 118_KUHA_0307226.pdf, ASC_118_MDAnderTX_fullMR.pdf","DS","BREAST (CUTANEOUS)",0,1,"118","DIAGNOSED",45.20273973,"BREAST",NA,NA,NA,"BREAST,BONELIMB,OTHER",NA,NA,"Pelvic /spine area","NED",NA,NA,NA,"YES","YES","NO",NA,"Gen/Tax, AIM","NO",NA,"YES","Breast;2005","YES","Right breast~brachy treatment","FB-Angiosarcoma group",NA,"NO","WHITE",NA,NA,NA,NA,NA,NA,NA,NA,NA,NA,NA,NA,NA,NA,NA,NA,"4/29/68","True",45,"BREAST (CUTANEOUS)","RAAS",1,40328044,"2","2",3,0.208218263438797,0.0180682993333114
"RP.1447.ASCProject.0121.T2A.v1.RNA.OnPrem","RP.1447.ASCProject.0121.T2A.v1.RNA.OnPrem","SeuratProject",184445.39728926,21224,57,"RP-1447_ASCProject_0121_T2A_v1_RNA_OnPrem","ASCProject_0121_T2A","Tumor","ASCProject_0121","RNA","T2A","ASCProject_0121_T2A","LCSET-23758","LCSET-23758",0,"BREAST","CORE BIOPSY ","YES","NO","YES","HIGH","ASCProject_0121","Breast (Parenchymal)","Breast (Parenchymal)","Breast","Liver","Liver",NA,4,"64","F","BREAST (PARENCHYMAL)","LEFT BREAST",0,"NO",0,0,NA,NA,NA,NA,NA,NA,NA,"595","LIVER","LIVER","3605","1/15/20","121_DFCI_1,2, ASC_121_MSK, ASC_121_MSKCC, ASC_0121_T2","AD","BREAST (PARENCHYMAL)",0,1,"121","DIAGNOSED",64.59452055,"BREAST",NA,NA,NA,"BREAST,LIVER",NA,NA,NA,"NED",NA,NA,NA,"YES","YES","NO",NA,"Brivanib.    Doxil","NO",NA,"YES","Gist;2014|Skin cancer a few times;","NO",NA,"Know Dr. Painters father",NA,"NO","WHITE",NA,NA,NA,NA,NA,NA,NA,NA,NA,NA,NA,NA,NA,NA,NA,NA,"3/14/43","True",64,"BREAST (PARENCHYMAL)","Non-RAAS/LAAS",1,48205900,"0","0",1,-0.0653023030468045,-0.0914883674990659
"RP.1447.ASCProject.0134.T1.v1.RNA.OnPrem","RP.1447.ASCProject.0134.T1.v1.RNA.OnPrem","SeuratProject",182599.521673435,21224,58,"RP-1447_ASCProject_0134_T1_v1_RNA_OnPrem","ASCProject_0134_T1","Tumor","ASCProject_0134","RNA","T1","ASCProject_0134_T1","LCSET-23758","LCSET-23758",0,"HEADFACENECKSCALP","BIOPSY","NO","NO","YES","HIGH","ASCProject_0134","HNFS","HNFS","Scalp","No Mets","No Mets",NA,5,"62","F","HNFS","SCALP",0,"NO",1,1,"HNFS","863",NA,NA,NA,NA,NA,NA,"NO METS","NO METS","1821","8/13/21","134_1, 134_2, 134_3, 134_4, 134_5, 134_MSK_pgs_1-30_manual, 134_MSK_pgs_31-50_manual, 134_MSK_pgs_50-60_manual, ASC_134_T2_Path_manual, 134_MSK_part2, ASC_134_61pg, ASC_134_62pgs, ASC_134_MSK_part 1 copy, ASC_134_MSK_part 1","IS","HNFS",0,0,"134","DIAGNOSED",62.79452055,"SCALP",NA,NA,NA,"HEADFACENECK,SCALP",NA,NA,NA,"HEADFACENECK,SCALP",NA,NA,NA,"YES","YES","NO",NA,"Taxol chemotherapy, sorafenib, doxil chemotherapy, immunotherapy trial","YES","Immunotherapy trial ( MTIG7192A and Atezolimzumab)","YES","Basil cell carcinma ;2016|Melanoma;2016","NO",NA,"Through the AS Facebook page",NA,"NO","WHITE",NA,NA,NA,NA,NA,NA,NA,NA,NA,NA,NA,NA,NA,NA,NA,NA,"8/31/51","True",62,"HNFS","Non-RAAS/LAAS",0,24195123,"1","1",2,-0.291670584073161,-0.0453548532124124
"RP.1447.ASCProject.0145.T2.v1.RNA.OnPrem","RP.1447.ASCProject.0145.T2.v1.RNA.OnPrem","SeuratProject",159790.083404763,21224,59,"RP-1447_ASCProject_0145_T2_v1_RNA_OnPrem","ASCProject_0145_T2","Tumor","ASCProject_0145","RNA","T2","ASCProject_0145_T2","LCSET-23758","LCSET-23758",11,"BREAST","EXCISION","YES","NO","YES","HIGH","ASCProject_0145","Breast (Parenchymal)","Breast (Parenchymal)","Breast","Bone, Liver","Bone, Liver",NA,5,"27","F","BREAST (PARENCHYMAL)","RIGHT BREAST",0,"NO",0,0,NA,NA,NA,NA,NA,NA,NA,"318","BONE, LIVER","BONE, LIVER","867","8/2/21","145_DFCI_OCR, 145_LRH_1_manual_OCR","IS","BREAST (PARENCHYMAL)",0,1,"145","DIAGNOSED",28.9369863,"BREAST",NA,NA,NA,"BREAST,LIVER,LUNG,OTHER",NA,NA,"Buttocks","LIVER,LUNG,OTHER",NA,NA,"Buttocks","YES","YES","NO",NA,"Doxil, taxol,gemcitabene, doxorubicin and olaratumab","YES","Doxorubicin and olaratumab","NO",NA,"NO",NA,"Facebook support group",NA,"NO","WHITE",NA,NA,NA,NA,NA,NA,NA,NA,NA,NA,NA,NA,NA,NA,NA,NA,"12/31/86","True",27,"BREAST (PARENCHYMAL)","Non-RAAS/LAAS",2,10266019,"0","0",1,0.19772012087876,-0.154334297264027
"RP.1447.ASCProject.0146.T1A.v1.RNA.OnPrem","RP.1447.ASCProject.0146.T1A.v1.RNA.OnPrem","SeuratProject",185610.725684198,21224,60,"RP-1447_ASCProject_0146_T1A_v1_RNA_OnPrem","ASCProject_0146_T1A","Tumor","ASCProject_0146","RNA","T1A","ASCProject_0146_T1A","LCSET-23758","LCSET-23758",49,"BREAST",NA,NA,NA,NA,NA,"ASCProject_0146","Breast (Cutaneous)","Breast (Cutaneous)","Breast","No Mets","No Mets",NA,2,"67","F","BREAST (CUTANEOUS)","RIGHT BREAST",1,"NO",1,1,"RIGHT BREAST SKIN","105",NA,NA,NA,NA,NA,NA,"NO METS","NO METS","1901","6/11/21","146_1, 146_2, PATH 146 T1_MANUAL, ASC_146_DECATUR_ONC","SS","BREAST (CUTANEOUS)",0,0,"146","DIAGNOSED",67.47671233,"BREAST",NA,NA,NA,"BREAST",NA,NA,NA,"NED",NA,NA,NA,"YES","NO","NO",NA,"Taxol,","YES","My Oncologoist Dr Maria Perdekamp has me on a lower dose of Taxol once a week for 3 weeks, skip a week then back to 3 weeks for prevention since AS is such an aggressive cancer.","YES","Carcinoma Insitu Left Breast;1999|Cancer in R. Breast, don't know what kind.;2004","YES","Both breasts.","On internet","I was on a chemo study, CTSU A091103 PHASE 11 STUDY of the ANGIOPOIETIN-1 and-2 PEPTIBODY AMG 386 for the treatment of ANGIOSARCOMA for 8 weeks it kept spreading Dr Perdekamp put me on Taxol, in 8 weeks my CT Scan showed clear.","NO","WHITE",NA,NA,NA,NA,NA,NA,NA,NA,NA,NA,NA,NA,NA,NA,NA,NA,"9/25/44","True",67,"BREAST (CUTANEOUS)","RAAS",0,69362749,"2","2",3,0.302537346374608,0.157944987416059
"RP.1447.ASCProject.0148.T0.v1.RNA.OnPrem","RP.1447.ASCProject.0148.T0.v1.RNA.OnPrem","SeuratProject",187892.174025575,21224,61,"RP-1447_ASCProject_0148_T0_v1_RNA_OnPrem","ASCProject_0148_T0","Tumor","ASCProject_0148","RNA","T0","ASCProject_0148_T0","LCSET-18352","LCSET-18352",NA,NA,NA,NA,NA,NA,NA,"ASCProject_0148","Breast (Cutaneous)","Breast (Cutaneous)","Breast Skin","No Mets","No Mets",NA,4,"56","F","BREAST (CUTANEOUS)","RIGHT BREAST SKIN",1,"YES",1,1,"RIGHT CHEST WALL SKIN","293",NA,NA,NA,NA,NA,NA,"NO METS","NO METS","465","6/30/21","148_CFCHS_1_manual,148_RRMC, ASC_0148_T1_PathReport, ASC148_PathReport","IS","BREAST (CUTANEOUS)",1,0,"148","DIAGNOSED",56.4630137,"BREAST",NA,NA,NA,"BREAST",NA,NA,NA,"BREAST",NA,NA,NA,"YES","YES","NO",NA,NA,"NO",NA,"YES","Breast ;2009","YES","Breast","Through Sarcoma alliance group on Facebook","I was given a diagnosis of lymphangio sarcoma. I've not seen that specification anywhere else.","NO","WHITE",NA,NA,NA,NA,NA,NA,NA,NA,NA,NA,NA,NA,NA,NA,NA,NA,"10/29/59","True",56,"BREAST (CUTANEOUS)","RAAS & LAAS",0,48048711,"1","1",2,0.0848036972218189,0.131031393716047
"RP.1447.ASCProject.0153.T2.v1.RNA.OnPrem","RP.1447.ASCProject.0153.T2.v1.RNA.OnPrem","SeuratProject",185738.163388045,21224,62,"RP-1447_ASCProject_0153_T2_v1_RNA_OnPrem","ASCProject_0153_T2","Tumor","ASCProject_0153","RNA","T2","ASCProject_0153_T2","LCSET-23758","LCSET-23758",377,"BONELIMB","BIOPSY ","YES","NO","YES","HIGH","ASCProject_0153","Hepatobiliary","Spleen","Liver","Liver, Hepatobiliary","Liver, Hepatobiliary, Bone Marrow, Bone",NA,4,"59","M","SPLEEN","LIVER",0,"NO",0,0,NA,NA,NA,NA,NA,NA,NA,"0","LIVER, OTHER [CELIAC AXIS]","LIVER, OTHER [CELIAC AXIS], OTHER [BONE MARROW], BONE","594","1/16/20","115791FRAZIER_WILLIAM ADANA-FARBER CANCER INSTITUTE06_20_17, ASC_153_1_PathReport, ASC_153_2_PathReport","BT","SPLEEN",0,1,"153","DIAGNOSED",59.90136986,"LIVER,SPLEEN",NA,NA,NA,"LIVER,SPLEEN",NA,NA,NA,"LIVER,SPLEEN",NA,NA,NA,"NO",NA,"NO",NA,"So many chemo's...and radioactive sir spheres in the liver x2.","YES","vinorelbine","NO",NA,"NO",NA,"Corrie Painter, Brad Byron at Texas Tech","Sir Spheres seemed to have really helped the liver in the early stages.","NO","WHITE",NA,NA,NA,NA,NA,NA,NA,NA,NA,NA,NA,NA,NA,NA,NA,NA,"9/21/55","True",59,"SPLEEN","Non-RAAS/LAAS",4,69480307,"0","0",1,0.135828290004465,0.174336540908747
"RP.1447.ASCProject.0164.T0.Whitelisted.v1.RNA.OnPrem","RP.1447.ASCProject.0164.T0.Whitelisted.v1.RNA.OnPrem","SeuratProject",187369.904587442,21224,63,"RP-1447_ASCProject_0164_T0_Whitelisted_v1_RNA_OnPrem","ASCProject_0164_T0_Whitelisted","Tumor","ASCProject_0164_Whitelisted","RNA","T0","ASCProject_0164_T0","LCSET-26033","LCSET-26033",NA,NA,NA,NA,NA,NA,NA,NA,NA,NA,NA,NA,NA,NA,NA,NA,NA,NA,NA,NA,NA,NA,NA,NA,NA,NA,NA,NA,NA,NA,NA,NA,NA,NA,NA,NA,NA,NA,NA,NA,NA,NA,NA,NA,NA,NA,NA,NA,NA,NA,NA,NA,NA,NA,NA,NA,NA,NA,NA,NA,NA,NA,NA,NA,NA,NA,NA,NA,NA,NA,NA,NA,NA,NA,NA,NA,NA,NA,NA,NA,NA,NA,NA,NA,NA,NA,NA,NA,NA,NA,NA,NA,72409416,"2","2",3,0.0500428297686781,0.0806496896063305
"RP.1447.ASCProject.0165.T2.v1.RNA.OnPrem","RP.1447.ASCProject.0165.T2.v1.RNA.OnPrem","SeuratProject",168334.687294976,21224,64,"RP-1447_ASCProject_0165_T2_v1_RNA_OnPrem","ASCProject_0165_T2","Tumor","ASCProject_0165","RNA","T2","ASCProject_0165_T2","LCSET-23758","LCSET-23758",450,"HEADFACENECKSCALP","EXCISION","YES","YES","YES","HIGH","ASCProject_0165","HNFS","HNFS","Scalp","No Mets","No Mets",NA,5,"62","M","HNFS","LEFT SIDE SCALP",0,"NO",1,1,"HNFS, REGIONAL LYMPH NODE","574","574",NA,NA,NA,NA,NA,"NO METS","NO METS","1846","8/31/21","165 Molecular Testing_Redacted, 165_1_OCR, 165_2_OCR, 165_3_START_manual_OCR, 165_StartCenter_1_manual_OCR, MDA_165_1_manual_OCR, MDA_165_2_manual_OCR, MDA_165_3_manual_OCR, MDA_165_4_manual_OCR, MDA_165_5_manual_OCR, MDA_165_6_manual_OCR, 165_1_START, 165_2_START, 165_3_START, 165_Start_combined, 165_Start_followup, ASC_0165_T1","IS","HNFS",0,0,"165","DIAGNOSED",62.54520548,"SCALP",NA,NA,NA,"HEADFACENECK,SCALP,LIVER,LUNG,LYMPH",NA,NA,NA,"NED",NA,NA,NA,"YES","YES","YES","AFTER","Paclitaxel, Taxotare, Gemcitabine, IFOs /Adriamycin, couple oral drug trials, and finally Keytruda","NO",NA,"YES","simple skin cancer- frozen off, numerous years;","NO",NA,"Daughter found facebook group when I was diagnosed","I went to MD Anderson & Dr Ravi for treatment. I stayed with him for 18 months. Three times, he refused to approve me to try immunotherapy. I knew I would die if I stayed there. 
I went to Dr. Lon Smith a the START Center in San Antonio. He had been administering all of my chemo Rx by Ravi. Dr. Smith got me on Keytruda and saved my life.","NO","AMERICAN_INDIAN,WHITE",NA,NA,NA,NA,NA,NA,NA,NA,NA,NA,NA,NA,NA,NA,NA,NA,"7/2/51","True",62,"HNFS","Non-RAAS/LAAS",0,21083829,"1","1",2,-0.057071516612119,-0.310808440555794
"RP.1447.ASCProject.0166.T1.v1.RNA.OnPrem","RP.1447.ASCProject.0166.T1.v1.RNA.OnPrem","SeuratProject",187696.351653328,21224,65,"RP-1447_ASCProject_0166_T1_v1_RNA_OnPrem","ASCProject_0166_T1","Tumor","ASCProject_0166","RNA","T1","ASCProject_0166_T1","LCSET-23758","LCSET-23758",414,"MANDIBULAR NODE","BIOPSY","YES","YES","NO","LOW","ASCProject_0166","HNFS","HNFS","Nose","Lung","Lung, Distant Lymph Node, Liver, Tongue",NA,5,"58","M","HNFS","LEFT NOSE",0,"NO",1,1,"REGIONAL LYMPH NODE, HNFS, HNFS","467","1212","1294",NA,NA,NA,"488","LUNG","LUNG,DISTANT LYMPH NODE, LIVER, OTHER [TONGUE]","2680","8/4/21","166_MayoClinic_1_manual_OCR, 166_MGCC_manual_OCR, 166_SCA_OCR, 166_SCCA_Updated, 166_WPSC_OCR, ASC_166_MayoAZ_fu","IS","HNFS",0,1,"166","DIAGNOSED",58.47945205,"HEADFACENECK",NA,NA,NA,"HEADFACENECK,LIVER,LUNG,LYMPH",NA,NA,NA,"NED",NA,NA,NA,"YES","YES","NO",NA,"Abraxane, trial of TH320 9didnt help), Keytruda","NO",NA,"YES","CLL;2008","NO",NA,"Referred by someone to ?FB, possibly corrie Painter","Appeared on my nose looking like a pimple","NO","WHITE",NA,NA,NA,NA,NA,NA,NA,NA,NA,NA,NA,NA,NA,NA,NA,NA,"3/24/53","True",58,"HNFS","Non-RAAS/LAAS",4,32195591,"3","3",4,0.431231156908432,0.180030295960989
"RP.1447.ASCProject.0170.T1.v1.RNA.OnPrem","RP.1447.ASCProject.0170.T1.v1.RNA.OnPrem","SeuratProject",186086.617566147,21224,66,"RP-1447_ASCProject_0170_T1_v1_RNA_OnPrem","ASCProject_0170_T1","Tumor","ASCProject_0170","RNA","T1","ASCProject_0170_T1","LCSET-23758","LCSET-23758",6,"BREAST","MASTECTOMY","YES","NO","NO","LOW","ASCProject_0170","Breast (Cutaneous)","Breast (Cutaneous)","Breast","No Mets","No Mets",NA,4,"64","F","BREAST (CUTANEOUS)","LEFT BREAST",1,"NO",1,1,"LEFT BREAST SKIN, LEFT BREAST SKIN","339","692",NA,NA,NA,NA,NA,"NO METS","NO METS","970","1/21/20","170_DanaFarber_1, 170_DukeHealth_PathReports, ASC_0170_PathReport, ASC_170_Path","QC","BREAST (CUTANEOUS)",0,0,"170","DIAGNOSED",64.6630137,"OTHER",NA,NA,"Skin - cutaneous","OTHER",NA,NA,"Skin","NED",NA,NA,NA,"YES","YES","YES","AFTER","Paclitaxel","DK",NA,"YES","Breast;2007","YES","Breast","Surgeon",NA,"NO","WHITE",NA,NA,NA,NA,NA,NA,NA,NA,NA,NA,NA,NA,NA,NA,NA,NA,"9/17/50","True",64,"BREAST (CUTANEOUS)","RAAS",0,72461333,"4","4",5,0.300911804758035,0.281598227020959
"RP.1447.ASCProject.0170.T2.v1.RNA.OnPrem","RP.1447.ASCProject.0170.T2.v1.RNA.OnPrem","SeuratProject",188789.261945132,21224,67,"RP-1447_ASCProject_0170_T2_v1_RNA_OnPrem","ASCProject_0170_T2","Tumor","ASCProject_0170","RNA","T2","ASCProject_0170_T2","LCSET-18352","LCSET-18352",NA,NA,NA,NA,NA,NA,NA,"ASCProject_0170","Breast (Cutaneous)","Breast (Cutaneous)","Breast","No Mets","No Mets",NA,4,"64","F","BREAST (CUTANEOUS)","LEFT BREAST",1,"NO",1,1,"LEFT BREAST SKIN, LEFT BREAST SKIN","339","692",NA,NA,NA,NA,NA,"NO METS","NO METS","970","1/21/20","170_DanaFarber_1, 170_DukeHealth_PathReports, ASC_0170_PathReport, ASC_170_Path","QC","BREAST (CUTANEOUS)",0,0,"170","DIAGNOSED",64.6630137,"OTHER",NA,NA,"Skin - cutaneous","OTHER",NA,NA,"Skin","NED",NA,NA,NA,"YES","YES","YES","AFTER","Paclitaxel","DK",NA,"YES","Breast;2007","YES","Breast","Surgeon",NA,"NO","WHITE",NA,NA,NA,NA,NA,NA,NA,NA,NA,NA,NA,NA,NA,NA,NA,NA,"9/17/50","True",64,"BREAST (CUTANEOUS)","RAAS",0,64978186,"2","2",3,0.263033756309918,0.256382073175455
"RP.1447.ASCProject.0172.T1.v1.RNA.OnPrem","RP.1447.ASCProject.0172.T1.v1.RNA.OnPrem","SeuratProject",184861.827301857,21224,68,"RP-1447_ASCProject_0172_T1_v1_RNA_OnPrem","ASCProject_0172_T1","Tumor","ASCProject_0172","RNA","T1","ASCProject_0172_T1","LCSET-23758","LCSET-23758",57,"BREAST","MASTECTOMY","YES","NO","NO","LOW","ASCProject_0172","Breast (Parenchymal)","Breast (Parenchymal)","Breast",NA,NA,NA,4,"49","F","BREAST (PARENCHYMAL)","LEFT BREAST",0,"NO",0,NA,"NOT FOUND IN RECORD","NOT FOUND IN RECORD","NOT FOUND IN RECORD","NOT FOUND IN RECORD","NOT FOUND IN RECORD","NOT FOUND IN RECORD","NOT FOUND IN RECORD","NOT FOUND IN RECORD","NOT FOUND IN RECORD","NOT FOUND IN RECORD","2565","6/2/21","172_StFrancis_MR_manual, 172_StFrancis_no_record, ASC_0172_T1","IS","BREAST (PARENCHYMAL)",0,NA,"172","DIAGNOSED",49.47123288,"BREAST",NA,NA,NA,"BREAST",NA,NA,NA,"NED",NA,NA,NA,"YES","YES","NO",NA,"no chemo no radiation","NO",NA,"NO",NA,"NO",NA,"I belong to Angiosarcoma Awareness FB group founded by Corrie Painter and Lauren Ryan","I found the lump in my breast myself.  When they did the ultrasound it had ""colors"" running through the tumor, so they knew blood flow was there which should not be.  The doctors checked my entire body to see where the primary origin could be before they did my surgery to remove the entire breast even though it was a small tumor they did not want to run the risk of just having a lumpectomy.","NO","WHITE",NA,NA,NA,NA,NA,NA,NA,NA,NA,NA,NA,NA,NA,NA,NA,NA,"9/22/61","True",49,"BREAST (PARENCHYMAL)","Non-RAAS/LAAS",NA,51175869,"0","0",1,-0.0287552703328711,0.0993952370063944
"RP.1447.ASCProject.0173.T1.v1.RNA.OnPrem","RP.1447.ASCProject.0173.T1.v1.RNA.OnPrem","SeuratProject",190147.979268238,21224,69,"RP-1447_ASCProject_0173_T1_v1_RNA_OnPrem","ASCProject_0173_T1","Tumor","ASCProject_0173","RNA","T1","ASCProject_0173_T1","LCSET-18054","LCSET-18054",4,"HEADFACENECKSCALP","Punch Biopsy","YES","NO","NO","LOW","ASCProject_0173","HNFS","HNFS","Face","No Mets","No Mets",NA,3,"66","M","HNFS","BILATERAL CHEEKS, NOSE",0,"NO",1,0,NA,NA,NA,NA,NA,NA,NA,NA,"NO METS","NO METS","2431","6/24/21","173_MEDICAL_RECORD_OCR, 173_SITEMAN, ASC_173_MISSOURI_PATH, ASC_0173_T1_PATHREPORT, ASC_0173_T1_SK, ASC_173_UMISSOURI_NEW","SS","HNFS",0,0,"173","DIAGNOSED",66.10136986,"HEADFACENECK",NA,NA,NA,"HEADFACENECK",NA,NA,NA,"NED",NA,NA,NA,"YES","NO","YES","BEFORE","Taxol","NO",NA,"NO",NA,"NO",NA,"Facebook",NA,"NO","WHITE",NA,NA,NA,NA,NA,NA,NA,NA,NA,NA,NA,NA,NA,NA,NA,NA,"11/10/45","True",66,"HNFS","Non-RAAS/LAAS",0,66001913,"3","3",4,0.556638627829248,-0.0309067819755899
"RP.1447.ASCProject.0179.T1A.v1.RNA.OnPrem","RP.1447.ASCProject.0179.T1A.v1.RNA.OnPrem","SeuratProject",188758.870511686,21224,70,"RP-1447_ASCProject_0179_T1A_v1_RNA_OnPrem","ASCProject_0179_T1A","Tumor","ASCProject_0179","RNA","T1A","ASCProject_0179_T1A","LCSET-18352","LCSET-18352",NA,NA,NA,NA,NA,NA,NA,"ASCProject_0179","Breast (Parenchymal)","Breast (Parenchymal)","Breast","No Mets","No Mets",NA,1,"46","F","BREAST (PARENCHYMAL)","RIGHT BREAST",0,"NO",0,0,NA,NA,NA,NA,NA,NA,NA,NA,"NO METS","NO METS","1680","6/10/21","ASC_0179_T1_PATHREPORT, 179_TO-M_1_, 179 SOLIS MEDICAL RECORD, PATH 179 T1_MANUAL","SS","BREAST (PARENCHYMAL)",0,0,"179","DIAGNOSED",46.31506849,"BREAST",NA,NA,NA,"BREAST",NA,NA,NA,"NED",NA,NA,NA,"YES","YES","YES","AFTER","Doxorubicin,Mesna,Ifosfamide,Pedfilgrastim,Aloxi,Palonosetron,Dexamethasone sod phosphate,Fosaprepitant dimeglumine,sodium chloride,D5NS,Gabapentin","NO",NA,"DK",NA,"NO",NA,"Internet",NA,"YES","WHITE",NA,NA,NA,NA,NA,NA,NA,NA,NA,NA,NA,NA,NA,NA,NA,NA,"1/18/66","True",46,"BREAST (PARENCHYMAL)","Non-RAAS/LAAS",0,51497101,"0","0",1,-0.110742488663739,-0.102158101544672
"RP.1447.ASCProject.0182.T1.v1.RNA.OnPrem","RP.1447.ASCProject.0182.T1.v1.RNA.OnPrem","SeuratProject",184847.227734798,21224,71,"RP-1447_ASCProject_0182_T1_v1_RNA_OnPrem","ASCProject_0182_T1","Tumor","ASCProject_0182","RNA","T1","ASCProject_0182_T1","LCSET-23758","LCSET-23758",42,"BREAST","MASTECTOMY","YES","NO","NO","HIGH","ASCProject_0182","Breast (Parenchymal)","Breast (Parenchymal)","Breast",NA,NA,NA,4,"NOT FOUND IN RECORD","F","BREAST (PARENCHYMAL)","RIGHT BREAST",0,"NOT FOUND IN RECORD",NA,NA,"NOT FOUND IN RECORD","NOT FOUND IN RECORD","NOT FOUND IN RECORD","NOT FOUND IN RECORD","NOT FOUND IN RECORD","NOT FOUND IN RECORD","NOT FOUND IN RECORD","NOT FOUND IN RECORD","NOT FOUND IN RECORD","NOT FOUND IN RECORD","NOT FOUND IN RECORD","6/25/21","182_StElizabeth_2_manual, 182_StElizabeth_manual, ASC_182_PathReport_manual, ASC_182_T1_Pathreport","IS","BREAST (PARENCHYMAL)",NA,NA,"182","DIAGNOSED",56.33150685,"BREAST",NA,NA,NA,"BREAST",NA,NA,NA,"DK",NA,NA,NA,"YES","YES","NO",NA,"None","NO",NA,"NO",NA,"NO",NA,"Facebook AngioSarcoma Group Page","My younger brother had AngioSarcoma in the lining of heart and lungs.  He passed away within 6 months 7/22/2007 at the age of 46.","NO","WHITE",NA,NA,NA,NA,NA,NA,NA,NA,NA,NA,NA,NA,NA,NA,NA,NA,"4/16/58","True",NA,"BREAST (PARENCHYMAL)","Non-RAAS/LAAS",NA,38353640,"0","0",1,0.230111504398856,0.145753138714475
"RP.1447.ASCProject.0184.T1B.v1.RNA.OnPrem","RP.1447.ASCProject.0184.T1B.v1.RNA.OnPrem","SeuratProject",185033.709669826,21224,72,"RP-1447_ASCProject_0184_T1B_v1_RNA_OnPrem","ASCProject_0184_T1B","Tumor","ASCProject_0184","RNA","T1B","ASCProject_0184_T1B","LCSET-18352","LCSET-18352",NA,NA,NA,NA,NA,NA,NA,"ASCProject_0184","Heart","Heart","Bowel","Distant Lymph Node, Visceral Organ","Distant Lymph Node, Visceral Organ",NA,2,"70","M","CARDIAC","SMALL BOWEL",0,"NO",0,0,NA,NA,NA,NA,NA,NA,NA,"0","DISTANT LYMPH NODE, VISCERAL ORGAN","DISTANT LYMPH NODE, VISCERAL ORGAN","373","4/13/21","184_All_SeattleCancer, 184_eMAR,SeattleCancer, Path 184 T1_manual","IS","CARDIAC",0,1,"184","DIAGNOSED",70.94794521,"ABDOMINAL",NA,NA,NA,NA,NA,NA,NA,"ABDOMINAL",NA,NA,NA,"YES","NO","NO",NA,"Chemo weekly  (Paxell)","YES","Weekly Chemo/ Have also tried M. oil","NO",NA,"NO",NA,"Facebook","The operation was not very successful  other than to see how much it had spread throughout my upper intesstine.","NO","AMERICAN_INDIAN",NA,NA,NA,NA,NA,NA,NA,NA,NA,NA,NA,NA,NA,NA,NA,NA,"8/7/45","True",70,"HEART","Non-RAAS/LAAS",2,18617154,"4","4",5,0.703623867163602,0.817115443645655
"RP.1447.ASCProject.0197.T1A.v1.RNA.OnPrem","RP.1447.ASCProject.0197.T1A.v1.RNA.OnPrem","SeuratProject",188948.307734987,21224,73,"RP-1447_ASCProject_0197_T1A_v1_RNA_OnPrem","ASCProject_0197_T1A","Tumor","ASCProject_0197","RNA","T1A","ASCProject_0197_T1A","LCSET-23758","LCSET-23758",60,"SKIN","EXCISION","YES (FOCAL)","YES","NO","HIGH","ASCProject_0197","Extremities","Upper Extremity","Arm","Breast","Breast",NA,4,"62","F","SKIN-CUTANEOUS (ASSOCIATED WITH LYMPHEDEMA)","RIGHT UPPER ARM",0,"YES",1,0,NA,NA,NA,NA,NA,NA,NA,"317","OTHER (RIGHT BREAST SKIN)","OTHER (RIGHT BREAST SKIN)","556","1/16/20","197_TCHO_1, 197_TCHO_2, 197_TCHO_3, 197_TCHO_4, 197_TCHO_5, 197_TCHO_6, ASC_0197_T1A_T1B_PATHREPORT","QC/AD","EXTREMITY",1,1,"197","DIAGNOSED",63.08493151,"BONELIMB,OTHER",NA,NA,NA,"BONELIMB,OTHER",NA,NA,NA,"BONELIMB,OTHER",NA,NA,NA,"YES","NO","NO",NA,"TAXOL","YES","TAXOL","YES","Breast ;1999|Uterus ;2008","YES","Breast armpit back","Facebook","Lymphademia in r arm. several infections in r  arm.  Cysts in r  arm turned out to be angiosarcoma.","NO","WHITE",NA,NA,NA,NA,NA,NA,NA,NA,NA,NA,NA,NA,NA,NA,NA,NA,"1/17/54","True",62,"BONELIMB","LAAS",1,86507466,"2","2",3,0.384882008985191,0.0425147619026518
"RP.1447.ASCProject.0197.T1B.v1.RNA.OnPrem","RP.1447.ASCProject.0197.T1B.v1.RNA.OnPrem","SeuratProject",188136.171221837,21224,74,"RP-1447_ASCProject_0197_T1B_v1_RNA_OnPrem","ASCProject_0197_T1B","Tumor","ASCProject_0197","RNA","T1B","ASCProject_0197_T1B","LCSET-23758","LCSET-23758",60,"SKIN","EXCISION","YES (FOCAL)","YES","NO","HIGH","ASCProject_0197","Extremities","Upper Extremity","Arm","Breast","Breast",NA,4,"62","F","SKIN-CUTANEOUS (ASSOCIATED WITH LYMPHEDEMA)","RIGHT UPPER ARM",0,"YES",1,0,NA,NA,NA,NA,NA,NA,NA,"317","OTHER (RIGHT BREAST SKIN)","OTHER (RIGHT BREAST SKIN)","556","1/16/20","197_TCHO_1, 197_TCHO_2, 197_TCHO_3, 197_TCHO_4, 197_TCHO_5, 197_TCHO_6, ASC_0197_T1A_T1B_PATHREPORT","QC/AD","EXTREMITY",1,1,"197","DIAGNOSED",63.08493151,"BONELIMB,OTHER",NA,NA,NA,"BONELIMB,OTHER",NA,NA,NA,"BONELIMB,OTHER",NA,NA,NA,"YES","NO","NO",NA,"TAXOL","YES","TAXOL","YES","Breast ;1999|Uterus ;2008","YES","Breast armpit back","Facebook","Lymphademia in r arm. several infections in r  arm.  Cysts in r  arm turned out to be angiosarcoma.","NO","WHITE",NA,NA,NA,NA,NA,NA,NA,NA,NA,NA,NA,NA,NA,NA,NA,NA,"1/17/54","True",62,"BONELIMB","LAAS",1,64332765,"2","2",3,0.246069279743876,0.0555395499740179
"RP.1447.ASCProject.0201.T1.v1.RNA.OnPrem","RP.1447.ASCProject.0201.T1.v1.RNA.OnPrem","SeuratProject",187238.463063155,21224,75,"RP-1447_ASCProject_0201_T1_v1_RNA_OnPrem","ASCProject_0201_T1","Tumor","ASCProject_0201","RNA","T1","ASCProject_0201_T1","LCSET-23758","LCSET-23758",0,"BREAST","EXCISION","YES","NO","YES (FOCAL)","HIGH","ASCProject_0201","Breast (Parenchymal)","Breast (Parenchymal)","Breast","Liver","Liver, Retroperitoneum",NA,5,"36","F","BREAST (PARENCHYMAL)","RIGHT BREAST",0,"NO",0,1,"RIGHT BREAST","1315",NA,NA,NA,NA,NA,"3746","LIVER","LIVER, OTHER (RETROPERITONEUM)","5249","1/1/20","201_2_OCR, 201_MR_Texas Oncology some MD Anderson and Baylor_OCR, 201_1_OCRASC_0201_T1_PathReport,ASC_0201_T2_PathReport, ASC_201_TexasOnc (searchable), 201_1_mda, 201_2_mda, 201_3, 201_4, 201_5, 201_6","RR","BREAST (PARENCHYMAL)",0,1,"201","DIAGNOSED",36.14794521,"BREAST",NA,NA,NA,"BREAST,LIVER",NA,NA,NA,"NED",NA,NA,NA,"YES","YES","YES","AFTER","1st time in 2005 only surgery 2nd time in 2008 radiation followed by Gemcitabine/ Tacotere 3rd time in 2015 metastatic liver Angiosarcoma Adriamycin/ Ifosamide","NO",NA,"NO",NA,"NO",NA,"Angiosarcoma Facebook Corrie","This last time it was metastatic after I completed chemo I still had lesion on liver completed chemo in October2015 in November I started drinking sour sop tea. I was scheduled to participate in a clinical trial at MD Anderson in Jan 2016 when I went to do biopsy in Jan they couldn't find lesion big enough to biopsy. I continued drinking sour sop tea 1 cup 3 x a day when I returned to do scans in may to doctors surprise liesion was getting smaller when I returned in July I was NED still drink tea","YES","WHITE",NA,NA,NA,NA,NA,NA,NA,NA,NA,NA,NA,NA,NA,NA,NA,NA,"11/17/68","True",36,"BREAST (PARENCHYMAL)","Non-RAAS/LAAS",2,53904159,"0","0",1,0.00236235457977507,-0.20486629641476
"RP.1447.ASCProject.0201.T2.v1.RNA.OnPrem","RP.1447.ASCProject.0201.T2.v1.RNA.OnPrem","SeuratProject",178452.426222943,21224,76,"RP-1447_ASCProject_0201_T2_v1_RNA_OnPrem","ASCProject_0201_T2","Tumor","ASCProject_0201","RNA","T2","ASCProject_0201_T2","LCSET-23758","LCSET-23758",1415,"BREAST","MASTECTOMY","YES","YES","YES","HIGH","ASCProject_0201","Breast (Parenchymal)","Breast (Parenchymal)","Breast","Liver","Liver, Retroperitoneum",NA,5,"36","F","BREAST (PARENCHYMAL)","RIGHT BREAST",0,"NO",0,1,"RIGHT BREAST","1315",NA,NA,NA,NA,NA,"3746","LIVER","LIVER, OTHER (RETROPERITONEUM)","5249","1/1/20","201_2_OCR, 201_MR_Texas Oncology some MD Anderson and Baylor_OCR, 201_1_OCRASC_0201_T1_PathReport,ASC_0201_T2_PathReport, ASC_201_TexasOnc (searchable), 201_1_mda, 201_2_mda, 201_3, 201_4, 201_5, 201_6","RR","BREAST (PARENCHYMAL)",0,1,"201","DIAGNOSED",36.14794521,"BREAST",NA,NA,NA,"BREAST,LIVER",NA,NA,NA,"NED",NA,NA,NA,"YES","YES","YES","AFTER","1st time in 2005 only surgery 2nd time in 2008 radiation followed by Gemcitabine/ Tacotere 3rd time in 2015 metastatic liver Angiosarcoma Adriamycin/ Ifosamide","NO",NA,"NO",NA,"NO",NA,"Angiosarcoma Facebook Corrie","This last time it was metastatic after I completed chemo I still had lesion on liver completed chemo in October2015 in November I started drinking sour sop tea. I was scheduled to participate in a clinical trial at MD Anderson in Jan 2016 when I went to do biopsy in Jan they couldn't find lesion big enough to biopsy. I continued drinking sour sop tea 1 cup 3 x a day when I returned to do scans in may to doctors surprise liesion was getting smaller when I returned in July I was NED still drink tea","YES","WHITE",NA,NA,NA,NA,NA,NA,NA,NA,NA,NA,NA,NA,NA,NA,NA,NA,"11/17/68","True",36,"BREAST (PARENCHYMAL)","Non-RAAS/LAAS",2,18262752,"0","0",1,-0.120545350735698,-0.114363653774706
"RP.1447.ASCProject.0202.T1.v1.RNA.OnPrem","RP.1447.ASCProject.0202.T1.v1.RNA.OnPrem","SeuratProject",184944.110880765,21224,77,"RP-1447_ASCProject_0202_T1_v1_RNA_OnPrem","ASCProject_0202_T1","Tumor","ASCProject_0202","RNA","T1","ASCProject_0202_T1","LCSET-23758","LCSET-23758",0,"BREAST","EXCISION","YES","NO","YES","HIGH","ASCProject_0202","Breast (Cutaneous)","Breast (Cutaneous)","Breast Skin","No Mets","No Mets",NA,5,"51","F","BREAST (CUTANEOUS)","LEFT BREAST SKIN",1,"NO",1,0,NA,NA,NA,NA,NA,NA,NA,NA,"NO METS","NO METS","1463","5/27/21","202_1, 202_2, 202_3, 202_4, 202_Yavapai_followup","IS","BREAST (CUTANEOUS)",0,0,"202","DIAGNOSED",51.87671233,"BREAST",NA,NA,NA,"BREAST",NA,NA,NA,"NED",NA,NA,NA,"YES","YES","NO",NA,"No other treatment","NO",NA,"YES","Breast Cancer;2007","YES","Breast","Facebook Group",NA,"NO","WHITE",NA,NA,NA,NA,NA,NA,NA,NA,NA,NA,NA,NA,NA,NA,NA,NA,"3/31/63","True",51,"BREAST (CUTANEOUS)","RAAS",0,49629184,"2","2",3,0.153753913766053,0.157325946586145
"RP.1447.ASCProject.0212.T1.v1.RNA.OnPrem","RP.1447.ASCProject.0212.T1.v1.RNA.OnPrem","SeuratProject",186394.344812979,21224,78,"RP-1447_ASCProject_0212_T1_v1_RNA_OnPrem","ASCProject_0212_T1","Tumor","ASCProject_0212","RNA","T1","ASCProject_0212_T1","LCSET-23758","LCSET-23758",0,"HEART",NA,NA,NA,NA,NA,"ASCProject_0212","Heart","Heart","Atrium","Lung","Lung, Liver, Spleen, Visceral Organ, Mediastinum, Bone, Bone Marrow",NA,2,"37","M","CARDIAC","RIGHT ATRIUM",0,"NO",0,1,"CARDIAC","679",NA,NA,NA,NA,NA,"602","LUNG","LUNG, LIVER, SPLEEN,VISCERAL ORGAN, OTHER (MEDIASTINUM), BONE,OTHER( BONE MARROW)","1155","8/6/21","212_1, 212_2, 212_BAYLOR_PATH, 212_BAYLOR, ASC_212_BAYLOR, ASC_0212_T2_PATHREPORT","SS","CARDIAC",0,1,"212","DIAGNOSED",37.34520548,"HEART",NA,NA,NA,"HEART,LIVER,SPLEEN,LUNG",NA,NA,NA,"HEART,LIVER,SPLEEN,LUNG",NA,NA,NA,"YES","NO","NO",NA,"adriamycin, ifosfamide, GemTax, Taxol, Keytruda and Lartruvo","YES","taxol and keytruda","NO",NA,"NO",NA,"via Facebook","I had chest pains related to the tumor, including pericarditis and a cardiac tamponade episode before my cardiologist at UT Southwestern had me get a cardiac MRI in Dallas. From there, I was referred to Dr Reardon at Houston Methodist and he included Dr Ravi of MD Anderson. They put me through a full year of chemo that shrunk the tumor on my right atrium dramatically. Reardon did the surgery and we thought succeeded. We think a small cluster was missed and it returned. Trying again now","NO","WHITE",NA,NA,NA,NA,NA,NA,NA,NA,NA,NA,NA,NA,NA,NA,NA,NA,"7/7/77","True",37,"HEART","Non-RAAS/LAAS",7,57821365,"0","0",1,0.175665704513717,0.00138244062797632
"RP.1447.ASCProject.0218.T1.v1.RNA.OnPrem","RP.1447.ASCProject.0218.T1.v1.RNA.OnPrem","SeuratProject",176869.390669195,21224,79,"RP-1447_ASCProject_0218_T1_v1_RNA_OnPrem","ASCProject_0218_T1","Tumor","ASCProject_0218","RNA","T1","ASCProject_0218_T1","LCSET-18352","LCSET-18352",NA,NA,NA,NA,NA,NA,NA,"ASCProject_0218","Extremities","Lower Extremity","Leg","Distant Lymph Node","Distant Lymph Node",NA,9,"29","M","EXTREMITY","BONE - LEFT TIBIA",0,"NO",0,1,"EXTREMITY ","434",NA,NA,NA,NA,NA,"610","DISTANT LYMPH NODE","DISTANT LYMPH NODE","1179","1/26/22","218_UH_2.PDF, ASC_218_PATH.PDF, ASC_0218_T1_SK.PDF, ASC_218_UT_NEW.PDF","LS","EXTREMITY",0,1,"218","DIAGNOSED",29.45205479,"BONELIMB","Deep Left Proximal tibia",NA,NA,"LYMPH,BONELIMB","Left Tibia & soft tissue in residual limb",NA,NA,"LYMPH,BONELIMB","Soft tissue of left residual limb",NA,NA,"YES","DK","NO",NA,"Paclitaxol","YES","Paclitaxol","NO",NA,"NO",NA,"Facebook community- Angiosarcoma Cancer","Began as large egg sized soft tissue tumor encompassed in the left shin bone. After 1st limb salvage surgery was considered clear margins. Next PET showed activity in limb presumed as natural healing. Lymph nodes were dissected & showed NED. Small area of skin from the surgery never healed before the next surgery. Again an area of skin refused to heal, along with the bone. Which necessitated a BK amputation. 1 wk had to go in & revise weeping wound. 2 wks later AK amputation due to more AS.","NO","WHITE",NA,NA,NA,NA,NA,NA,NA,NA,NA,NA,NA,NA,NA,NA,NA,NA,"1/24/86","True",29,"BONELIMB","Non-RAAS/LAAS",1,3788714,"1","1",2,0.417772886112244,0.731057811909666
"RP.1447.ASCProject.0219.T1.v1.RNA.OnPrem","RP.1447.ASCProject.0219.T1.v1.RNA.OnPrem","SeuratProject",189907.720118849,21224,80,"RP-1447_ASCProject_0219_T1_v1_RNA_OnPrem","ASCProject_0219_T1","Tumor","ASCProject_0219","RNA","T1","ASCProject_0219_T1","LCSET-23758","LCSET-23758",29,"HEADFACENECKSCALP","EXCISION","YES","NO","YES","HIGH","ASCProject_0219","HNFS","HNFS","Forehead","Distant Lymph Node","Distant Lymph Node",NA,3,"69","F","HNFS","LEFT FOREHEAD",0,"NO",1,0,NA,NA,NA,NA,NA,NA,NA,"309","DISTANT LYMPH NODE","DISTANT LYMPH NODE","404","1/10/20","219_DUKEHEALTH, ASC_219_T1_SK, ASC_219_T3_SK","QC/AD","HNFS",0,1,"219","DIAGNOSED",69.86575342,"SCALP",NA,NA,NA,"SCALP",NA,NA,NA,"SCALP",NA,NA,NA,"NO",NA,"NO",NA,NA,"YES","Surgery June 30, 2017","NO",NA,"NO",NA,"Corrie Painter",NA,"NO","WHITE",NA,NA,NA,NA,NA,NA,NA,NA,NA,NA,NA,NA,NA,NA,NA,NA,"8/7/47","True",69,"HNFS","Non-RAAS/LAAS",1,43986143,"3","3",4,0.31305892052943,0.12585067429556
"RP.1447.ASCProject.0219.T3.v1.RNA.OnPrem","RP.1447.ASCProject.0219.T3.v1.RNA.OnPrem","SeuratProject",187783.534727094,21224,81,"RP-1447_ASCProject_0219_T3_v1_RNA_OnPrem","ASCProject_0219_T3","Tumor","ASCProject_0219","RNA","T3","ASCProject_0219_T3","LCSET-23758","LCSET-23758",309,"OTHER","OTHER","NO","NO","YES","HIGH","ASCProject_0219","HNFS","HNFS","Forehead","Distant Lymph Node","Distant Lymph Node",NA,3,"69","F","HNFS","LEFT FOREHEAD",0,"NO",1,0,NA,NA,NA,NA,NA,NA,NA,"309","DISTANT LYMPH NODE","DISTANT LYMPH NODE","404","1/10/20","219_DUKEHEALTH, ASC_219_T1_SK, ASC_219_T3_SK","QC/AD","HNFS",0,1,"219","DIAGNOSED",69.86575342,"SCALP",NA,NA,NA,"SCALP",NA,NA,NA,"SCALP",NA,NA,NA,"NO",NA,"NO",NA,NA,"YES","Surgery June 30, 2017","NO",NA,"NO",NA,"Corrie Painter",NA,"NO","WHITE",NA,NA,NA,NA,NA,NA,NA,NA,NA,NA,NA,NA,NA,NA,NA,NA,"8/7/47","True",69,"HNFS","Non-RAAS/LAAS",1,12282264,"4","4",5,0.310117758956942,0.273827671446615
"RP.1447.ASCProject.0220.T3.v1.RNA.OnPrem","RP.1447.ASCProject.0220.T3.v1.RNA.OnPrem","SeuratProject",184903.272705868,21224,82,"RP-1447_ASCProject_0220_T3_v1_RNA_OnPrem","ASCProject_0220_T3","Tumor","ASCProject_0220","RNA","T3","ASCProject_0220_T3","LCSET-23758","LCSET-23758",1322,"HEADFACENECKSCALP","EXCISION","YES (FOCAL)","YES","YES","HIGH","ASCProject_0220","HNFS","HNFS","Temple","No Mets","No Mets",NA,5,"67","F","HNFS","LEFT TEMPORAL REGION",0,"NO",1,1,"HNFS, HNFS, HNFS, HNFS, HNFS","999","1322","1658","1792","2038",NA,NA,"NO METS","NO METS","3343","1/1/20","220, 220_UCHICAGO, 220_KELLOGG, 220_T1, 220_T2, 220_T3, ASC_PNN3PN_UofChicagoPath.pdf","QC/AD","HNFS",0,0,"220","DIAGNOSED",67.06027397,"HEADFACENECK",NA,NA,NA,"HEADFACENECK",NA,NA,NA,"NED",NA,NA,NA,"YES","NO","YES","AFTER","Taxol chemotherapy","YES","CT scans","NO",NA,"NO",NA,"Dr. Ravi from MD Anderson","I have had 6 surgeries of tumors in the left temporal area and around my left eye.  Radiation three times and chemo with Taxol one time","NO","WHITE",NA,NA,NA,NA,NA,NA,NA,NA,NA,NA,NA,NA,NA,NA,NA,NA,"9/26/42","True",67,"HNFS","Non-RAAS/LAAS",0,62413289,"1","1",2,-0.118641447061259,0.0349184229333108
"RP.1447.ASCProject.0221.T1.v2.RNA.OnPrem","RP.1447.ASCProject.0221.T1.v2.RNA.OnPrem","SeuratProject",180860.801769498,21224,83,"RP-1447_ASCProject_0221_T1_v2_RNA_OnPrem","ASCProject_0221_T1","Tumor","ASCProject_0221","RNA","T1","ASCProject_0221_T1","LCSET-23758","LCSET-23758",0,"BREAST","BIOPSY","YES","NO","YES (FOCAL)","LOW","ASCProject_0221","Breast (Parenchymal)","Breast (Parenchymal)","Breast","No Mets","No Mets",NA,5,"27","F","BREAST (PARENCHYMAL)","LEFT BREAST",0,"NO",0,0,NA,NA,NA,NA,NA,NA,NA,NA,"NO METS","NO METS","1087","8/20/21","221_1_OCR.pdf, 221_2_OCR.pdf, ASC_221_Estabrook_fu.pdf, ASC_0221_T1 &T2_PathReport.pdf","DS","BREAST (PARENCHYMAL)",0,0,"221","DIAGNOSED",27.11232877,"BREAST",NA,NA,NA,"BREAST",NA,NA,NA,"NED",NA,NA,NA,"YES","NO","YES","AFTER","Taxol first, but it didnt change the size. I think Adriamycin and another chemo","NO",NA,"NO",NA,"NO",NA,"My oncologist, Dr. Kirsten Leu","I had noticed that my whole breast suddenly got hard. It wasn't until the third time I went in to the doctor to look at it that they did the biopsy and  diagnosed it. I  had it a year before they actually diagnosed me. I would  love to help with this study to help better understand treating this cancer to benefit myself and others with angiosarcoma.","NO","WHITE",NA,NA,NA,NA,NA,NA,NA,NA,NA,NA,NA,NA,NA,NA,NA,NA,"3/28/89","True",27,"BREAST (PARENCHYMAL)","Non-RAAS/LAAS",0,64643287,"0","0",1,-0.00597791300119077,0.15466873238398
"RP.1447.ASCProject.0221.T2.v1.RNA.OnPrem","RP.1447.ASCProject.0221.T2.v1.RNA.OnPrem","SeuratProject",183282.193897459,21224,84,"RP-1447_ASCProject_0221_T2_v1_RNA_OnPrem","ASCProject_0221_T2","Tumor","ASCProject_0221","RNA","T2","ASCProject_0221_T2","LCSET-23758","LCSET-23758",191,"BREAST","MASTECTOMY","YES","NO","YES (FOCAL)","LOW","ASCProject_0221","Breast (Parenchymal)","Breast (Parenchymal)","Breast","No Mets","No Mets",NA,5,"27","F","BREAST (PARENCHYMAL)","LEFT BREAST",0,"NO",0,0,NA,NA,NA,NA,NA,NA,NA,NA,"NO METS","NO METS","1087","8/20/21","221_1_OCR.pdf, 221_2_OCR.pdf, ASC_221_Estabrook_fu.pdf, ASC_0221_T1 &T2_PathReport.pdf","DS","BREAST (PARENCHYMAL)",0,0,"221","DIAGNOSED",27.11232877,"BREAST",NA,NA,NA,"BREAST",NA,NA,NA,"NED",NA,NA,NA,"YES","NO","YES","AFTER","Taxol first, but it didnt change the size. I think Adriamycin and another chemo","NO",NA,"NO",NA,"NO",NA,"My oncologist, Dr. Kirsten Leu","I had noticed that my whole breast suddenly got hard. It wasn't until the third time I went in to the doctor to look at it that they did the biopsy and  diagnosed it. I  had it a year before they actually diagnosed me. I would  love to help with this study to help better understand treating this cancer to benefit myself and others with angiosarcoma.","NO","WHITE",NA,NA,NA,NA,NA,NA,NA,NA,NA,NA,NA,NA,NA,NA,NA,NA,"3/28/89","True",27,"BREAST (PARENCHYMAL)","Non-RAAS/LAAS",0,33265572,"0","0",1,0.106680027468897,0.186531750099073
"RP.1447.ASCProject.0222.T2.v1.RNA.OnPrem","RP.1447.ASCProject.0222.T2.v1.RNA.OnPrem","SeuratProject",189380.951936605,21224,85,"RP-1447_ASCProject_0222_T2_v1_RNA_OnPrem","ASCProject_0222_T2","Tumor","ASCProject_0222","RNA","T2","ASCProject_0222_T2","LCSET-23758","LCSET-23758",28,"HEADFACENECKSCALP","EXCISION","YES","YES","NO","HIGH","ASCProject_0222","HNFS","HNFS","Nose","Distant Lymph Node","Distant Lymph Node",NA,5,"74","M","HNFS","SKIN UNDERNEATH NOSE",0,"NO",1,1,"HNFS","666",NA,NA,NA,NA,NA,"666","DISTANT LYMPH NODE","DISTANT LYMPH NODE","1360","8/17/21","222_1, 222_2, 222_3, 222_4, 222_5, 222_6, 222_Path, 222_slow_mohs, 222_Dermatopathology_Report, 222_NH","SS","HNFS",0,1,"222","DIAGNOSED",74.46849315,"HEADFACENECK",NA,NA,NA,"HEADFACENECK",NA,NA,NA,"HEADFACENECK",NA,NA,NA,"YES","NO","YES","AFTER","Taxol,  Doxicycline,  Taxotere,  Gemeitabine","YES","Durvalumab with Tremelimurnab  @ MD Anderson  (clinical trial)","NO",NA,"NO",NA,"Corrie Painter on FaceBook",NA,"NO","WHITE",NA,NA,NA,NA,NA,NA,NA,NA,NA,NA,NA,NA,NA,NA,NA,NA,"10/31/39","True",74,"HNFS","Non-RAAS/LAAS",1,68889546,"3","3",4,0.29205197589258,0.0949451223414961
"RP.1447.ASCProject.0247.T1.v1.RNA.OnPrem","RP.1447.ASCProject.0247.T1.v1.RNA.OnPrem","SeuratProject",188652.963477807,21224,86,"RP-1447_ASCProject_0247_T1_v1_RNA_OnPrem","ASCProject_0247_T1","Tumor","ASCProject_0247","RNA","T1","ASCProject_0247_T1","LCSET-18054","LCSET-18054",9,"BREAST","Excision","YES","NO","NO","LOW","ASCProject_0247","Breast (Parenchymal)","Breast (Parenchymal)","Breast","Upper Extremity, Thorax and Trunk","Upper Extremity, Thorax and Trunk",NA,6,"66","F","BREAST (PARENCHYMAL)","RIGHT BREAST",0,"NO",0,0,NA,NA,NA,NA,NA,NA,NA,"1698","EXTREMITY, TRUNK","EXTREMITY, TRUNK, SKIN","3118","4/25/21","247_1, 247_2, 247_3, 247_4, 247_T1, 247_MGH_PATH, 247_T1_SK, 247_T2_PathReport, ASC_247_T2_SK","IS","BREAST (PARENCHYMAL)",0,1,"247","DIAGNOSED",66.30410959,"BREAST",NA,NA,NA,"BREAST,ABDOMINAL,OTHER",NA,"4 yrs after mastectomy, tumors in right flank ","over period of a few years: Right upper arm; left flank, left breast; right chest side","NED",NA,NA,NA,"YES","YES","YES","AFTER","Taxol","NO",NA,"NO",NA,"NO",NA,"Through my medical oncologist, Dr. Gregory Cote","I found the first angiosarcoma in right breast because it felt like a ""thickening.' It did not show up in a mammogram or ultra sound.","NO","WHITE",NA,NA,NA,NA,NA,NA,NA,NA,NA,NA,NA,NA,NA,NA,NA,NA,"3/29/43","True",66,"BREAST (PARENCHYMAL)","Non-RAAS/LAAS",3,59599442,"0","0",1,0.14142344030329,-0.0256433585165254
"RP.1447.ASCProject.0247.T2.v1.RNA.OnPrem","RP.1447.ASCProject.0247.T2.v1.RNA.OnPrem","SeuratProject",186926.464515702,21224,87,"RP-1447_ASCProject_0247_T2_v1_RNA_OnPrem","ASCProject_0247_T2","Tumor","ASCProject_0247","RNA","T2","ASCProject_0247_T2","LCSET-18054","LCSET-18054",NA,NA,NA,NA,NA,NA,NA,"ASCProject_0247","Breast (Parenchymal)","Breast (Parenchymal)","Breast","Upper Extremity, Thorax and Trunk","Upper Extremity, Thorax and Trunk",NA,6,"66","F","BREAST (PARENCHYMAL)","RIGHT BREAST",0,"NO",0,0,NA,NA,NA,NA,NA,NA,NA,"1698","EXTREMITY, TRUNK","EXTREMITY, TRUNK, SKIN","3118","4/25/21","247_1, 247_2, 247_3, 247_4, 247_T1, 247_MGH_PATH, 247_T1_SK, 247_T2_PathReport, ASC_247_T2_SK","IS","BREAST (PARENCHYMAL)",0,1,"247","DIAGNOSED",66.30410959,"BREAST",NA,NA,NA,"BREAST,ABDOMINAL,OTHER",NA,"4 yrs after mastectomy, tumors in right flank ","over period of a few years: Right upper arm; left flank, left breast; right chest side","NED",NA,NA,NA,"YES","YES","YES","AFTER","Taxol","NO",NA,"NO",NA,"NO",NA,"Through my medical oncologist, Dr. Gregory Cote","I found the first angiosarcoma in right breast because it felt like a ""thickening.' It did not show up in a mammogram or ultra sound.","NO","WHITE",NA,NA,NA,NA,NA,NA,NA,NA,NA,NA,NA,NA,NA,NA,NA,NA,"3/29/43","True",66,"BREAST (PARENCHYMAL)","Non-RAAS/LAAS",3,135634702,"0","0",1,0.0796944381569702,-0.0951983813762514
"RP.1447.ASCProject.0264.T1A.v1.RNA.OnPrem","RP.1447.ASCProject.0264.T1A.v1.RNA.OnPrem","SeuratProject",189392.281056987,21224,88,"RP-1447_ASCProject_0264_T1A_v1_RNA_OnPrem","ASCProject_0264_T1A","Tumor","ASCProject_0264","RNA","T1A","ASCProject_0264_T1A","LCSET-20590","LCSET-20590",NA,NA,NA,NA,NA,NA,NA,"ASCProject_0264","Heart","Heart","Lung","Brain","Liver, Spleen, Bone, Brain",NA,9,"56","M","CARDIAC","LUNG",0,"NO",0,0,NA,NA,NA,NA,NA,NA,NA,"-23","BRAIN ","LIVER, SPLEEN, BONE, BRAIN, SKIN","342","1/28/22","ASC_264_ALBANY.PDF, ASC_264_PathReport.PDF, ASC_264_T1A&T1B_PathReport.PDF, ASC_264_SARATOGA_3.PDF,","LS","CARDIAC",0,1,"264","DIAGNOSED",56.68767123,"HEART,LIVER,SPLEEN,LUNG,BRAIN",NA,NA,NA,"HEART,LIVER,SPLEEN,LUNG,BRAIN",NA,NA,NA,"LUNG,BRAIN",NA,NA,NA,"NO",NA,"YES",NA,"Decadron, Propranolol, Gemcitabine, Taxotere","YES","Same as above","NO",NA,"NO",NA,"Facebook Group",NA,"NO","WHITE",NA,NA,NA,NA,NA,NA,NA,NA,NA,NA,NA,NA,NA,NA,NA,NA,"11/6/60","True",56,"HEART","Non-RAAS/LAAS",5,135785438,"4","4",5,0.209056546570398,-0.139910613151306
"RP.1447.ASCProject.0264.T1B.v1.RNA.OnPrem","RP.1447.ASCProject.0264.T1B.v1.RNA.OnPrem","SeuratProject",168006.930431643,21224,89,"RP-1447_ASCProject_0264_T1B_v1_RNA_OnPrem","ASCProject_0264_T1B","Tumor","ASCProject_0264","RNA","T1B","ASCProject_0264_T1B","LCSET-20590","LCSET-20590",NA,NA,NA,NA,NA,NA,NA,"ASCProject_0264","Heart","Heart","Lung","Brain","Liver, Spleen, Bone, Brain",NA,9,"56","M","CARDIAC","LUNG",0,"NO",0,0,NA,NA,NA,NA,NA,NA,NA,"-23","BRAIN ","LIVER, SPLEEN, BONE, BRAIN, SKIN","342","1/28/22","ASC_264_ALBANY.PDF, ASC_264_PathReport.PDF, ASC_264_T1A&T1B_PathReport.PDF, ASC_264_SARATOGA_3.PDF,","LS","CARDIAC",0,1,"264","DIAGNOSED",56.68767123,"HEART,LIVER,SPLEEN,LUNG,BRAIN",NA,NA,NA,"HEART,LIVER,SPLEEN,LUNG,BRAIN",NA,NA,NA,"LUNG,BRAIN",NA,NA,NA,"NO",NA,"YES",NA,"Decadron, Propranolol, Gemcitabine, Taxotere","YES","Same as above","NO",NA,"NO",NA,"Facebook Group",NA,"NO","WHITE",NA,NA,NA,NA,NA,NA,NA,NA,NA,NA,NA,NA,NA,NA,NA,NA,"11/6/60","True",56,"HEART","Non-RAAS/LAAS",5,9293553,"2","2",3,0.387215440333273,0.0784669204355097
"RP.1447.ASCProject.0268.T1B.v1.RNA.OnPrem","RP.1447.ASCProject.0268.T1B.v1.RNA.OnPrem","SeuratProject",186416.376224581,21224,90,"RP-1447_ASCProject_0268_T1B_v1_RNA_OnPrem","ASCProject_0268_T1B","Tumor","ASCProject_0268","RNA","T1B","ASCProject_0268_T1B","LCSET-20214","LCSET-20214",NA,NA,NA,NA,NA,NA,NA,"ASCProject_0268","Breast (Cutaneous)","Breast (Cutaneous)","Breast","No Mets","No Mets",NA,9,"47","F","BREAST (CUTANEOUS)","RIGHT BREAST",1,"NO",1,0,NA,NA,NA,NA,NA,NA,NA,NA,"NO METS","NO METS","358","1/27/22","ASC_268_HENRYFORD_FULL, ASC_268_HENRYFORD","SS","BREAST (CUTANEOUS)",0,0,"268","DIAGNOSED",46.79178082,"BREAST",NA,NA,NA,"BREAST",NA,NA,NA,"NED",NA,NA,NA,"YES","YES","NO",NA,"No medication or chemo yet","NO",NA,"YES","Breast cancer ;2013","YES","Breast","Facebook group","Not sure if I should do chemo taxol","NO","WHITE",NA,NA,NA,NA,NA,NA,NA,NA,NA,NA,NA,NA,NA,NA,NA,NA,"2/27/70","True",47,"BREAST (CUTANEOUS)","RAAS",0,215436329,"0","0",1,0.267944069872668,-0.0248817891668658
"RP.1447.ASCProject.0275.T1.v1.RNA.OnPrem","RP.1447.ASCProject.0275.T1.v1.RNA.OnPrem","SeuratProject",184078.837549431,21224,91,"RP-1447_ASCProject_0275_T1_v1_RNA_OnPrem","ASCProject_0275_T1","Tumor","ASCProject_0275","RNA","T1","ASCProject_0275_T1","LCSET-20590","LCSET-20590",NA,NA,NA,NA,NA,NA,NA,"ASCProject_0275","Breast (Parenchymal)","Breast (Parenchymal)","Breast","No Mets","No Mets",NA,9,"27","F","BREAST (PARENCHYMAL)","LEFT BREAST",0,"NO",0,0,NA,NA,NA,NA,NA,NA,NA,NA,"NO METS","NO METS","457","1/21/22","ASC_275_DFCI_FULL, ASC_275_PATHREPORT","SS","BREAST (PARENCHYMAL)",0,0,"275","DIAGNOSED",27.09315068,"BREAST",NA,NA,NA,"BREAST",NA,NA,NA,"DK",NA,NA,NA,"YES","YES","YES","AFTER",NA,"YES",NA,"NO",NA,"NO",NA,"Facebook","After I had my daughter I breastfed for a year. After breastfeeding for a year I developed a large lump in my left breast. Which first was diagnosed as a clogged milk duct. After it hadn't went away I seen a breast specialist. I had multiple ultrasounds and mammograms, a needlepoint biopsy and core biopsy. Which all came back negative for cancer, but abnormal. My breast specialist decided it would be best to just remove the lump. After two different pathologist and mayo clinic I was diagnosed.","NO","WHITE",NA,NA,NA,NA,NA,NA,NA,NA,NA,NA,NA,NA,NA,NA,NA,NA,"10/5/90","True",27,"BREAST (PARENCHYMAL)","Non-RAAS/LAAS",0,22306221,"0","0",1,-0.0382778601974092,0.021157218055853
"RP.1447.ASCProject.0277.T1.v1.RNA.OnPrem","RP.1447.ASCProject.0277.T1.v1.RNA.OnPrem","SeuratProject",189328.626047693,21224,92,"RP-1447_ASCProject_0277_T1_v1_RNA_OnPrem","ASCProject_0277_T1","Tumor","ASCProject_0277","RNA","T1","ASCProject_0277_T1","LCSET-23758","LCSET-23758",0,"HEADFACENECKSCALP",NA,NA,NA,NA,NA,"ASCProject_0277","HNFS","HNFS","Face","No Mets","No Mets",NA,2,"58","M","HNFS","LEFT CHEEK",0,"NO",1,0,NA,NA,NA,NA,NA,NA,NA,NA,"NO METS","NO METS","2147","6/14/21","277_ROANOKESURGICAL, 277_RVAS, 277_T2, 277_UNC, ASC_0277_T1ANDT2_PATHREPORT","SS","HNFS",0,0,"277","DIAGNOSED",58.88493151,"HEADFACENECK",NA,NA,NA,"HEADFACENECK",NA,NA,NA,"NED",NA,NA,NA,"YES","YES","YES","AFTER","None","NO",NA,"NO",NA,"NO",NA,"Through Facebook Angiosarcoma site","None","NO","WHITE",NA,NA,NA,NA,NA,NA,NA,NA,NA,NA,NA,NA,NA,NA,NA,NA,"11/27/53","True",58,"HNFS","Non-RAAS/LAAS",0,49771883,"3","3",4,0.451267653761484,0.000378376156048077
"RP.1447.ASCProject.0277.T2.v2.RNA.OnPrem","RP.1447.ASCProject.0277.T2.v2.RNA.OnPrem","SeuratProject",189334.536291319,21224,93,"RP-1447_ASCProject_0277_T2_v2_RNA_OnPrem","ASCProject_0277_T2","Tumor","ASCProject_0277","RNA","T2","ASCProject_0277_T2","LCSET-23758","LCSET-23758",21,"HEADFACENECKSCALP","PUNCH BIOPSY ","YES","YES (FOCAL)","NO","HIGH","ASCProject_0277","HNFS","HNFS","Face","No Mets","No Mets",NA,2,"58","M","HNFS","LEFT CHEEK",0,"NO",1,0,NA,NA,NA,NA,NA,NA,NA,NA,"NO METS","NO METS","2147","6/14/21","277_ROANOKESURGICAL, 277_RVAS, 277_T2, 277_UNC, ASC_0277_T1ANDT2_PATHREPORT","SS","HNFS",0,0,"277","DIAGNOSED",58.88493151,"HEADFACENECK",NA,NA,NA,"HEADFACENECK",NA,NA,NA,"NED",NA,NA,NA,"YES","YES","YES","AFTER","None","NO",NA,"NO",NA,"NO",NA,"Through Facebook Angiosarcoma site","None","NO","WHITE",NA,NA,NA,NA,NA,NA,NA,NA,NA,NA,NA,NA,NA,NA,NA,NA,"11/27/53","True",58,"HNFS","Non-RAAS/LAAS",0,37778759,"3","3",4,0.491684876447021,-0.0137048067993355
"RP.1447.ASCProject.0289.T1.v1.RNA.OnPrem","RP.1447.ASCProject.0289.T1.v1.RNA.OnPrem","SeuratProject",180509.25532454,21224,94,"RP-1447_ASCProject_0289_T1_v1_RNA_OnPrem","ASCProject_0289_T1","Tumor","ASCProject_0289","RNA","T1","ASCProject_0289_T1","LCSET-23758","LCSET-23758",1838,"CHEST","EXCISION","YES","YES","NO","HIGH","ASCProject_0289","Breast (Cutaneous)","Breast (Cutaneous)","Breast","Trunk","Trunk, Distant Lymph Node, Lung",NA,5,"62","F","BREAST (CUTANEOUS)","RIGHT BREAST ",1,"NO",1,1,"RIGHT CHEST WALL, RIGHT CHEST WALL, RIGHT CHEST WALL, RIGHT CHEST WALL","1838","1917","1982","2127",NA,NA,"2154","TRUNK","TRUNK, DISTANT LYMPH NODE, LUNG ","2575","8/20/21","289_Moffitt_copy_1,  289_Moffitt_copy_2,  289_Moffitt_copy_3,  289_Moffitt_copy_4,  289_Moffitt_copy_5, 289_Moffitt_Largest","LS","BREAST (CUTANEOUS)",0,1,"289","DIAGNOSED",60.61917808,"BREAST",NA,NA,NA,"BREAST,LYMPH",NA,NA,NA,"BREAST,LUNG,NED",NA,NA,NA,"YES","NO","NO",NA,"doxorubicin,  votrient,","YES","votrient,  thoracentesis to remove fluid in lungs","YES","reast cancer uterine cancer;","NO",NA,"facebook angiosarcoma group","this cancer comes back in me around 5-7 years. We all need a cure","NO","AMERICAN_INDIAN,BLACK,WHITE,OTHER",NA,NA,NA,NA,NA,NA,NA,NA,NA,NA,NA,NA,NA,NA,NA,NA,"11/2/42","True",62,"BREAST (CUTANEOUS)","RAAS",3,35530254,"2","2",3,-0.0613290737659131,0.0923333592269611
"RP.1447.ASCProject.0289.T2.v1.RNA.OnPrem","RP.1447.ASCProject.0289.T2.v1.RNA.OnPrem","SeuratProject",171660.235897374,21224,95,"RP-1447_ASCProject_0289_T2_v1_RNA_OnPrem","ASCProject_0289_T2","Tumor","ASCProject_0289","RNA","T2","ASCProject_0289_T2","LCSET-23758","LCSET-23758",1950,"CHEST","EXCISION","YES","YES","NO","HIGH","ASCProject_0289","Breast (Cutaneous)","Breast (Cutaneous)","Breast","Trunk","Trunk, Distant Lymph Node, Lung",NA,5,"62","F","BREAST (CUTANEOUS)","RIGHT BREAST ",1,"NO",1,1,"RIGHT CHEST WALL, RIGHT CHEST WALL, RIGHT CHEST WALL, RIGHT CHEST WALL","1838","1917","1982","2127",NA,NA,"2154","TRUNK","TRUNK, DISTANT LYMPH NODE, LUNG ","2575","8/20/21","289_Moffitt_copy_1,  289_Moffitt_copy_2,  289_Moffitt_copy_3,  289_Moffitt_copy_4,  289_Moffitt_copy_5, 289_Moffitt_Largest","LS","BREAST (CUTANEOUS)",0,1,"289","DIAGNOSED",60.61917808,"BREAST",NA,NA,NA,"BREAST,LYMPH",NA,NA,NA,"BREAST,LUNG,NED",NA,NA,NA,"YES","NO","NO",NA,"doxorubicin,  votrient,","YES","votrient,  thoracentesis to remove fluid in lungs","YES","reast cancer uterine cancer;","NO",NA,"facebook angiosarcoma group","this cancer comes back in me around 5-7 years. We all need a cure","NO","AMERICAN_INDIAN,BLACK,WHITE,OTHER",NA,NA,NA,NA,NA,NA,NA,NA,NA,NA,NA,NA,NA,NA,NA,NA,"11/2/42","True",62,"BREAST (CUTANEOUS)","RAAS",3,10944389,"1","1",2,-0.249059095747382,0.239806386140808
"RP.1447.ASCProject.0289.T3.v1.RNA.OnPrem","RP.1447.ASCProject.0289.T3.v1.RNA.OnPrem","SeuratProject",179374.373323095,21224,96,"RP-1447_ASCProject_0289_T3_v1_RNA_OnPrem","ASCProject_0289_T3","Tumor","ASCProject_0289","RNA","T3","ASCProject_0289_T3","LCSET-23758","LCSET-23758",2154,"CHEST","RESECTION","YES","YES","NO","HIGH","ASCProject_0289","Breast (Cutaneous)","Breast (Cutaneous)","Breast","Trunk","Trunk, Distant Lymph Node, Lung",NA,5,"62","F","BREAST (CUTANEOUS)","RIGHT BREAST ",1,"NO",1,1,"RIGHT CHEST WALL, RIGHT CHEST WALL, RIGHT CHEST WALL, RIGHT CHEST WALL","1838","1917","1982","2127",NA,NA,"2154","TRUNK","TRUNK, DISTANT LYMPH NODE, LUNG ","2575","8/20/21","289_Moffitt_copy_1,  289_Moffitt_copy_2,  289_Moffitt_copy_3,  289_Moffitt_copy_4,  289_Moffitt_copy_5, 289_Moffitt_Largest","LS","BREAST (CUTANEOUS)",0,1,"289","DIAGNOSED",60.61917808,"BREAST",NA,NA,NA,"BREAST,LYMPH",NA,NA,NA,"BREAST,LUNG,NED",NA,NA,NA,"YES","NO","NO",NA,"doxorubicin,  votrient,","YES","votrient,  thoracentesis to remove fluid in lungs","YES","reast cancer uterine cancer;","NO",NA,"facebook angiosarcoma group","this cancer comes back in me around 5-7 years. We all need a cure","NO","AMERICAN_INDIAN,BLACK,WHITE,OTHER",NA,NA,NA,NA,NA,NA,NA,NA,NA,NA,NA,NA,NA,NA,NA,NA,"11/2/42","True",62,"BREAST (CUTANEOUS)","RAAS",3,40155661,"1","1",2,0.100541342156395,0.0464206431311354
"RP.1447.ASCProject.0325.T1.v1.RNA.OnPrem","RP.1447.ASCProject.0325.T1.v1.RNA.OnPrem","SeuratProject",187113.214725968,21224,97,"RP-1447_ASCProject_0325_T1_v1_RNA_OnPrem","ASCProject_0325_T1","Tumor","ASCProject_0325","RNA","T1","ASCProject_0325_T1","LCSET-23758","LCSET-23758",64,"SKIN","EXCISION","YES","NO","NO","LOW","ASCProject_0325","Extremities","Upper Extremity","Arm","Trunk","Trunk",NA,4,"70","F","SKIN-CUTANEOUS (ASSOCIATED WITH LYMPHEDEMA)","LEFT ARM SKIN",1,"YES",1,1,"OTHER (LEFT AXILLA)","1187",NA,NA,NA,NA,NA,"911","TRUNK ","TRUNK ","1331","1/21/20","325_ARIZONAONCOLOGY_1,2,3, 325_CITYOFHOPE_1, 325_SCS_1,2, ASC_325_PATHREPORT, ASC_0325_T1_PATHREPORT, ASC_0325_T2_PATHREPORT","QC/AD","EXTREMITY",1,1,"325","DIAGNOSED",70.59726027,"OTHER",NA,NA,"Arm between the elbow and shoulder on t0he opposite side of the elbow","LUNG,OTHER",NA,NA,"Between lungs.","LUNG,OTHER",NA,NA,"Arm.   No longer doing scans but you can feel outwardly that it is spread.  They are pretty sure it's in the lungs but not for suree","YES","NO","YES","AFTER","Paclitaxel, targeted therapy","NO",NA,"YES","Breast cancer;1994|Squamas cell minor skin cancer (was removed);2014","YES","Left Breast, left shoulder, and a speck on the right","Angiosarcoma facebook page","The doctor is pretty certain I got the angio sarcoma from having lymphadima from my prior breast cancer 24 ish years ago","NO","WHITE",NA,NA,NA,NA,NA,NA,NA,NA,NA,NA,NA,NA,NA,NA,NA,NA,"7/16/43","True",70,"BONELIMB","RAAS & LAAS",1,43101761,"2","2",3,0.165079798291881,0.0722681542440071
"RP.1447.ASCProject.0341.T1.v1.RNA.OnPrem","RP.1447.ASCProject.0341.T1.v1.RNA.OnPrem","SeuratProject",184873.77193658,21224,98,"RP-1447_ASCProject_0341_T1_v1_RNA_OnPrem","ASCProject_0341_T1","Tumor","ASCProject_0341","RNA","T1","ASCProject_0341_T1","LCSET-18352","LCSET-18352",NA,NA,NA,NA,NA,NA,NA,"ASCProject_0341","Breast (Cutaneous)","Breast (Cutaneous)","Breast","Lung","Lung",NA,9,"71","F","BREAST (CUTANEOUS)","LEFT BREAST",1,"NO",1,0,NA,NA,NA,NA,NA,NA,NA,NA,"NO METS","NO METS","1009","1/26/22","ASC_0341_T1, ASC_341_WashU_full","IS","BREAST (CUTANEOUS)",0,0,"341","DIAGNOSED",71.24657534,"BREAST",NA,NA,NA,"BREAST",NA,NA,NA,"NED",NA,NA,NA,"YES","YES","YES","BEFORE","Taxol","NO",NA,"YES","Breast cancer;2011","YES","Breast---mamo site radiation","Dr. Brian Van Tine",NA,"NO","WHITE",NA,NA,NA,NA,NA,NA,NA,NA,NA,NA,NA,NA,NA,NA,NA,NA,"2/18/45","True",71,"BREAST (CUTANEOUS)","RAAS",0,78134670,"1","1",2,0.177235144700354,0.150881015831587
"RP.1447.ASCProject.0342.T1.v1.RNA.OnPrem","RP.1447.ASCProject.0342.T1.v1.RNA.OnPrem","SeuratProject",168566.505859481,21224,99,"RP-1447_ASCProject_0342_T1_v1_RNA_OnPrem","ASCProject_0342_T1","Tumor","ASCProject_0342","RNA","T1","ASCProject_0342_T1","LCSET-18054","LCSET-18054",41,"BREAST","mastectomy","YES (FOCAL)","NO","YES","HIGH","ASCProject_0342","Breast (Parenchymal)","Breast (Parenchymal)","Breast","Lung","Lung, Liver",NA,3,"41","F","BREAST (PARENCHYMAL)","RIGHT BREAST",0,"NO",0,0,NA,NA,NA,NA,NA,NA,NA,"373","LUNG","LUNG, LIVER","1229","8/9/22","342_MANATEE_60-90, 342_MANATEEMEMORIALHOSPITAL_29-59, MOFFITT_1-52OF114, 342_WEST COAST OBGYN_PT1, 342_WESTCOASTPT2, 342_ANATEEMEMORIALHOSPITAL_1-28, 342_MANATEEMEMORIALHOSPITAL_91, T1_PATHEPORT, 342_T1342_WESTOASTOBGYN_FULL, 342_MR_Manatee-Memorial-Hospital, 342_MR_West-Coast-OBGYN, 342_West-Coast-OBGYN_MolecularReport, 342_West-Coast-OBGYN_Molecular-Tests-and-Images,  ASC_342_Moffit_UpdatedMR(1)_04122022","BT","BREAST (PARENCHYMAL)",0,1,"342","DIAGNOSED",41.0630137,"BREAST",NA,NA,NA,"BREAST",NA,NA,NA,"NED",NA,NA,NA,"YES","YES","YES","AFTER",NA,"YES",NA,"NO",NA,"NO",NA,"Fb sarcona alliance",NA,"NO","OTHER_EAST_ASIAN,WHITE",NA,NA,NA,NA,NA,NA,NA,NA,NA,NA,NA,NA,NA,NA,NA,NA,"1/19/77","True",41,"BREAST (PARENCHYMAL)","Non-RAAS/LAAS",2,13860847,"1","1",2,0.209784594555154,0.154791844257392
"RP.1447.ASCProject.0356.T1.v1.RNA.OnPrem","RP.1447.ASCProject.0356.T1.v1.RNA.OnPrem","SeuratProject",183485.293387328,21224,100,"RP-1447_ASCProject_0356_T1_v1_RNA_OnPrem","ASCProject_0356_T1","Tumor","ASCProject_0356","RNA","T1","ASCProject_0356_T1","LCSET-18352","LCSET-18352",NA,NA,NA,NA,NA,NA,NA,"ASCProject_0356","Breast (Cutaneous)","Breast (Cutaneous)","Breast","Abdomen and Pelvis","Abdomen and Pelvis",NA,6,"57","F","BREAST (CUTANEOUS)","RIGHT BREAST",1,"NO",1,0,NA,NA,NA,NA,NA,NA,NA,"360","OTHER [PERITONEAL CAVITY]","OTHER [PERITONEAL CAVITY]","373","6/4/21","ASC_356_PROLIANCE_A, B, ASC_0356_T2_PATHREPORT, ASC_356_T2_SK_OCR, ASC_PY8QY9_SWEDISH","IS","BREAST (CUTANEOUS)",0,1,"356","DIAGNOSED",57.56164384,"BREAST",NA,NA,NA,"BREAST",NA,NA,NA,"BREAST",NA,NA,NA,"YES","YES","NO",NA,"Surgery, looking to do a 2nd surgery now, Doxorubicin, Taxol, Aloxi","YES","only Surgery to removed all left over radiated skin/deep tissue","YES","breast cancer ;2008","YES","breast/arm pit","researcher friend","After treatment my angioscarcoma has come back surgery and chemo did not work. My oncologist tells me there are no more chemo ect. treatments that would work. gave me 6 months to live and to do another surgery it may get me a year to live. very desperate for more ways to treat so can live longest","NO","WHITE",NA,NA,NA,NA,NA,NA,NA,NA,NA,NA,NA,NA,NA,NA,NA,NA,"6/24/60","True",57,"BREAST (CUTANEOUS)","RAAS",1,43808277,"1","1",2,0.323510957863405,0.647235251619852
"RP.1447.ASCProject.0356.T2.v1.RNA.OnPrem","RP.1447.ASCProject.0356.T2.v1.RNA.OnPrem","SeuratProject",178366.534292319,21224,101,"RP-1447_ASCProject_0356_T2_v1_RNA_OnPrem","ASCProject_0356_T2","Tumor","ASCProject_0356","RNA","T2","ASCProject_0356_T2","LCSET-18054","LCSET-18054",287,"CHEST","Excision","YES (FOCAL)","YES","YES","HIGH","ASCProject_0356","Breast (Cutaneous)","Breast (Cutaneous)","Breast","Abdomen and Pelvis","Abdomen and Pelvis",NA,6,"57","F","BREAST (CUTANEOUS)","RIGHT BREAST",1,"NO",1,0,NA,NA,NA,NA,NA,NA,NA,"360","OTHER [PERITONEAL CAVITY]","OTHER [PERITONEAL CAVITY]","373","6/4/21","ASC_356_PROLIANCE_A, B, ASC_0356_T2_PATHREPORT, ASC_356_T2_SK_OCR, ASC_PY8QY9_SWEDISH","IS","BREAST (CUTANEOUS)",0,1,"356","DIAGNOSED",57.56164384,"BREAST",NA,NA,NA,"BREAST",NA,NA,NA,"BREAST",NA,NA,NA,"YES","YES","NO",NA,"Surgery, looking to do a 2nd surgery now, Doxorubicin, Taxol, Aloxi","YES","only Surgery to removed all left over radiated skin/deep tissue","YES","breast cancer ;2008","YES","breast/arm pit","researcher friend","After treatment my angioscarcoma has come back surgery and chemo did not work. My oncologist tells me there are no more chemo ect. treatments that would work. gave me 6 months to live and to do another surgery it may get me a year to live. very desperate for more ways to treat so can live longest","NO","WHITE",NA,NA,NA,NA,NA,NA,NA,NA,NA,NA,NA,NA,NA,NA,NA,NA,"6/24/60","True",57,"BREAST (CUTANEOUS)","RAAS",1,51787618,"1","1",2,0.157661062553707,0.597324703325992
"RP.1447.ASCProject.0357.T1.v1.RNA.OnPrem","RP.1447.ASCProject.0357.T1.v1.RNA.OnPrem","SeuratProject",187232.445157688,21224,102,"RP-1447_ASCProject_0357_T1_v1_RNA_OnPrem","ASCProject_0357_T1","Tumor","ASCProject_0357","RNA","T1","ASCProject_0357_T1","LCSET-23758","LCSET-23758",0,"MEDIASTINUM","RESECTION","YES","NO","NO","HIGH","ASCProject_0357","Musculoskeletal","Mediastinum","Mediastinum","No Mets","No Mets",NA,3,"62","M","OTHER (MEDIASTINUM)","MEDIASTINUM",0,"NO",0,0,NA,NA,NA,NA,NA,NA,NA,NA,"NO METS","NO METS","94","1/14/20","357_DFCI_FULL, ASC_357_T1_SK, ASC_357_YALE","QC/AD","OTHER",0,0,"357","DIAGNOSED",62.28219178,"OTHER",NA,NA,"Chest","OTHER",NA,NA,"Chest only","OTHER",NA,NA,"Chest only","YES","YES","YES","AFTER","Have not had chemotherapy at this point.","YES","Starting radiation on 9/27/18","NO",NA,"NO",NA,"Pod Cast","A mass was found by coincidence in my mediastinum I was asymptomatic.  The mass was removed and the pathology report indicates that a portion of a teratoma had changed to an angiosarcoma. I am under the care of Dr. Andrew Wagner and Dr. Miranda Lam at Dana Farber.","NO","WHITE",NA,NA,NA,NA,NA,NA,NA,NA,NA,NA,NA,NA,NA,NA,NA,NA,"5/5/56","True",62,"OTHER","Non-RAAS/LAAS",0,21423670,"4","4",5,0.200830131148024,0.203504992004735
"RP.1447.ASCProject.0367.T1.v1.RNA.OnPrem","RP.1447.ASCProject.0367.T1.v1.RNA.OnPrem","SeuratProject",188958.661084029,21224,103,"RP-1447_ASCProject_0367_T1_v1_RNA_OnPrem","ASCProject_0367_T1","Tumor","ASCProject_0367","RNA","T1","ASCProject_0367_T1","LCSET-23758","LCSET-23758",65,"HEADFACENECKSCALP","RESECTION","YES (FOCAL)","YES","NO","HIGH","ASCProject_0367","HNFS","HNFS","Scalp","Lung","Lung",NA,3,"68","M","HNFS","FRONTAL SCALP",0,"NO",1,0,NA,NA,NA,NA,NA,NA,NA,"308","LUNG","LUNG","354","1/14/20","367_KP_FULL, ASC_0367_T1_PATHREPORT, ASC_0367_T1_SK","RR","HNFS",0,1,"367","DIAGNOSED",68.69315068,"SCALP",NA,NA,NA,"SCALP",NA,NA,NA,"NED",NA,NA,NA,"YES","YES","YES","AFTER","None prescribed. Using naturopathic supplements","NO",NA,"NO",NA,"NO",NA,"Found it while searching the web.",NA,"NO","WHITE",NA,NA,NA,NA,NA,NA,NA,NA,NA,NA,NA,NA,NA,NA,NA,NA,"6/10/49","True",68,"HNFS","Non-RAAS/LAAS",1,37690892,"3","3",4,0.541650456494489,0.164946706821489
"RP.1447.ASCProject.0368.T1.v1.RNA.OnPrem","RP.1447.ASCProject.0368.T1.v1.RNA.OnPrem","SeuratProject",184206.037833328,21224,104,"RP-1447_ASCProject_0368_T1_v1_RNA_OnPrem","ASCProject_0368_T1","Tumor","ASCProject_0368","RNA","T1","ASCProject_0368_T1","LCSET-20590","LCSET-20590",NA,NA,NA,NA,NA,NA,NA,"ASCProject_0368","Breast (Cutaneous)","Breast (Cutaneous)","Breast","No Mets","No Mets",NA,9,"65","F","BREAST (CUTANEOUS)","RIGHT BREAST",1,"NO",1,0,NA,NA,NA,NA,NA,NA,NA,NA,"NO METS","NO METS","252","1/25/22","368_NORTHWELL_1-7, ASC_368_PATHREPORT","SS","BREAST (CUTANEOUS)",0,0,"368","DIAGNOSED",65.86849315,"BREAST",NA,NA,NA,"BREAST",NA,NA,NA,"NED",NA,NA,NA,"YES","YES","NO",NA,"4 treatment of Doxiruben followed by 6 cycles of Taxol","NO",NA,"YES","Invasive ducal carcinoma stage1;2012|Basal cell carcinoma;2010","YES","Left Brest for invasive ducal carcinoma following lumpectomy","Both internet and through Dr. Robert G. Maki","I am, of course, curious about about this disease, and wonder if I have a genetic propensity toward developing  it from radiotherapy. I‚Äôm sure you are equally curious, and hope my tissue will provide some more insight into this disease.",NA,"WHITE",NA,NA,NA,NA,NA,NA,NA,NA,NA,NA,NA,NA,NA,NA,NA,NA,"2/4/52","True",65,"BREAST (CUTANEOUS)","RAAS",0,9570062,"1","1",2,-0.141294801135038,0.477503005537066
"RP.1447.ASCProject.0369.UNKNOWN.T1.v1.RNA.OnPrem","RP.1447.ASCProject.0369.UNKNOWN.T1.v1.RNA.OnPrem","SeuratProject",182374.80609265,21224,105,"RP-1447_ASCProject_0369_UNKNOWN_T1_v1_RNA_OnPrem","ASCProject_0369_UNKNOWN_T1","Tumor","ASCProject_0369_UNKNOWN","RNA","T1","ASCProject_0369_T1","LCSET-18352","LCSET-18352",NA,NA,NA,NA,NA,NA,NA,NA,NA,NA,NA,NA,NA,NA,NA,NA,NA,NA,NA,NA,NA,NA,NA,NA,NA,NA,NA,NA,NA,NA,NA,NA,NA,NA,NA,NA,NA,NA,NA,NA,NA,NA,NA,NA,NA,NA,NA,NA,NA,NA,NA,NA,NA,NA,NA,NA,NA,NA,NA,NA,NA,NA,NA,NA,NA,NA,NA,NA,NA,NA,NA,NA,NA,NA,NA,NA,NA,NA,NA,NA,NA,NA,NA,NA,NA,NA,NA,NA,NA,NA,NA,NA,48214506,"1","1",2,0.137081532066764,0.0209111059625506
"RP.1447.ASCProject.0369.UNKNOWN.T1.v2.RNA.OnPrem","RP.1447.ASCProject.0369.UNKNOWN.T1.v2.RNA.OnPrem","SeuratProject",181986.242706835,21224,106,"RP-1447_ASCProject_0369_UNKNOWN_T1_v2_RNA_OnPrem","ASCProject_0369_UNKNOWN_T1","Tumor","ASCProject_0369_UNKNOWN","RNA","T1","ASCProject_0369_T1","LCSET-18352,LCSET-23758","LCSET-18352",NA,NA,NA,NA,NA,NA,NA,NA,NA,NA,NA,NA,NA,NA,NA,NA,NA,NA,NA,NA,NA,NA,NA,NA,NA,NA,NA,NA,NA,NA,NA,NA,NA,NA,NA,NA,NA,NA,NA,NA,NA,NA,NA,NA,NA,NA,NA,NA,NA,NA,NA,NA,NA,NA,NA,NA,NA,NA,NA,NA,NA,NA,NA,NA,NA,NA,NA,NA,NA,NA,NA,NA,NA,NA,NA,NA,NA,NA,NA,NA,NA,NA,NA,NA,NA,NA,NA,NA,NA,NA,NA,NA,113432179,"1","1",2,0.144037525585489,0.0350735086528502
"RP.1447.ASCProject.0372.T1.v1.RNA.OnPrem","RP.1447.ASCProject.0372.T1.v1.RNA.OnPrem","SeuratProject",182700.016386271,21224,107,"RP-1447_ASCProject_0372_T1_v1_RNA_OnPrem","ASCProject_0372_T1","Tumor","ASCProject_0372","RNA","T1","ASCProject_0372_T1","LCSET-18054","LCSET-18054",7,"BREAST","mastectomy","YES","NO","YES","HIGH","ASCProject_0372","Breast (Cutaneous)","Breast (Cutaneous)","Breast","No Mets","No Mets",NA,3,"47","F","BREAST (CUTANEOUS)","RIGHT BREAST",1,"NO",1,0,NA,NA,NA,NA,NA,NA,NA,NA,"NO METS","NO METS","369","7/23/19","372_CHCWM_Full, ASC_0372_T1_PathReport_OCR, ASC_372_T1_SK_OCR","RR","BREAST (CUTANEOUS)",0,0,"372","DIAGNOSED",47.32876712,"BREAST",NA,NA,NA,"BREAST",NA,NA,NA,"BREAST",NA,NA,NA,"YES","NO","NO",NA,"Doxorubicin, ifosfamide, mesna","NO",NA,"YES","DCIS;2013","YES","Right breast","Sarcoma Alliance page on Facebook",NA,"NO","WHITE",NA,NA,NA,NA,NA,NA,NA,NA,NA,NA,NA,NA,NA,NA,NA,NA,"7/16/70","True",47,"BREAST (CUTANEOUS)","RAAS",0,72907323,"1","1",2,0.179477328959365,0.282090487506604
"RP.1447.ASCProject.0375.T1.v2.RNA.OnPrem","RP.1447.ASCProject.0375.T1.v2.RNA.OnPrem","SeuratProject",184300.053484079,21224,108,"RP-1447_ASCProject_0375_T1_v2_RNA_OnPrem","ASCProject_0375_T1","Tumor","ASCProject_0375","RNA","T1","ASCProject_0375_T1","LCSET-23758","LCSET-23758",58,"HEADFACENECKSCALP","OTHER","YES","NO","YES","HIGH","ASCProject_0375","HNFS","HNFS","Nose","No Mets","No Mets",NA,3,"54","M","HNFS","LEFT NOSTRIL",0,"NO",1,1,"HNFS","210",NA,NA,NA,NA,NA,NA,"NO METS","NO METS","498","1/13/20","ASC_0375_T1_PATHREPORT, ASC_0375_T1_SK, ASC_0375_T2_SK, ASC_375_KENTUCKY_FULL_OCR","RR","HNFS",0,0,"375","DIAGNOSED",54.62191781,"HEADFACENECK",NA,NA,NA,"HEADFACENECK",NA,NA,NA,"NED",NA,NA,NA,"YES","NO","YES","AFTER","Taxol; 13 of 18 treatments completed.","YES","I have completed 33 radiation treatments on my nose plus a second 33 radiation treatments on my neck.  I have had 13 out of 18 taxol treatments.","NO",NA,"NO",NA,"Facebook","My original site, soar inside of nose, took 9 months to get properly diagnosed. Then, found it in a submandibular gland that was swollen and removed (after nose tumor surgery).  Neither surgery got clear margins.","NO","WHITE",NA,NA,NA,NA,NA,NA,NA,NA,NA,NA,NA,NA,NA,NA,NA,NA,"12/31/62","True",54,"HNFS","Non-RAAS/LAAS",0,149803703,"3","3",4,0.175475023645888,-0.0821603548745156
"RP.1447.ASCProject.0375.T2.v1.RNA.OnPrem","RP.1447.ASCProject.0375.T2.v1.RNA.OnPrem","SeuratProject",185308.043894789,21224,109,"RP-1447_ASCProject_0375_T2_v1_RNA_OnPrem","ASCProject_0375_T2","Tumor","ASCProject_0375","RNA","T2","ASCProject_0375_T2","LCSET-23758","LCSET-23758",210,"HEADFACENECKSCALP","RESECTION","YES","NO","YES","HIGH","ASCProject_0375","HNFS","HNFS","Nose","No Mets","No Mets",NA,3,"54","M","HNFS","LEFT NOSTRIL",0,"NO",1,1,"HNFS","210",NA,NA,NA,NA,NA,NA,"NO METS","NO METS","498","1/13/20","ASC_0375_T1_PATHREPORT, ASC_0375_T1_SK, ASC_0375_T2_SK, ASC_375_KENTUCKY_FULL_OCR","RR","HNFS",0,0,"375","DIAGNOSED",54.62191781,"HEADFACENECK",NA,NA,NA,"HEADFACENECK",NA,NA,NA,"NED",NA,NA,NA,"YES","NO","YES","AFTER","Taxol; 13 of 18 treatments completed.","YES","I have completed 33 radiation treatments on my nose plus a second 33 radiation treatments on my neck.  I have had 13 out of 18 taxol treatments.","NO",NA,"NO",NA,"Facebook","My original site, soar inside of nose, took 9 months to get properly diagnosed. Then, found it in a submandibular gland that was swollen and removed (after nose tumor surgery).  Neither surgery got clear margins.","NO","WHITE",NA,NA,NA,NA,NA,NA,NA,NA,NA,NA,NA,NA,NA,NA,NA,NA,"12/31/62","True",54,"HNFS","Non-RAAS/LAAS",0,52917897,"1","1",2,0.0702068742035422,0.231758111969521
"RP.1447.ASCProject.0385.T2.v1.RNA.OnPrem","RP.1447.ASCProject.0385.T2.v1.RNA.OnPrem","SeuratProject",188164.798829431,21224,110,"RP-1447_ASCProject_0385_T2_v1_RNA_OnPrem","ASCProject_0385_T2","Tumor","ASCProject_0385","RNA","T2","ASCProject_0385_T2","LCSET-18054","LCSET-18054",153,"BREAST",NA,NA,NA,NA,NA,"ASCProject_0385","Breast (Cutaneous)","Breast (Cutaneous)","Breast","No Mets","No Mets",NA,3,"65","F","BREAST (CUTANEOUS)","LEFT BREAST",1,"NO",1,1,"LEFT CHEST WALL","321",NA,NA,NA,NA,NA,NA,"NO METS","NO METS","673","1/13/20","ASC_0385_T1_PATHREPORT_OCR, ASC_0385_T2_PATHREPORT_OCR, ASC_0385_T3_PATHREPORT_OCR, ASC_385_T1_SK_OCR, ASC_385_T2_SK_OCR, ASC_385_T3_SK_OCR, ASC_385_UKANSAS_FULL.MR","RR","BREAST (CUTANEOUS)",0,0,"385","DIAGNOSED",65.18630137,"BREAST",NA,NA,NA,"BREAST",NA,NA,NA,"BREAST",NA,NA,NA,"YES","NO","NO",NA,"Chemotherapy,-taxitol","YES","CT scans","YES","breast cancer;2012","YES","breast","Oncologist","Had a lumpectomy in 2012 on breast, had radiation afterwards, docs think it caused the angiosarcoma in the same area.  removed breast plus two more surgeries, keeps coming back.  Also have diabetes and chemo made diabetes side effects worse.","NO","WHITE",NA,NA,NA,NA,NA,NA,NA,NA,NA,NA,NA,NA,NA,NA,NA,NA,"3/10/52","True",65,"BREAST (CUTANEOUS)","RAAS",0,99007935,"2","2",3,0.392626911063976,0.0836706464633341
"RP.1447.ASCProject.0385.T3.v1.RNA.OnPrem","RP.1447.ASCProject.0385.T3.v1.RNA.OnPrem","SeuratProject",187545.610036942,21224,111,"RP-1447_ASCProject_0385_T3_v1_RNA_OnPrem","ASCProject_0385_T3","Tumor","ASCProject_0385","RNA","T3","ASCProject_0385_T3","LCSET-18054","LCSET-18054",336,"CHEST","resection","YES","YES","NO","HIGH","ASCProject_0385","Breast (Cutaneous)","Breast (Cutaneous)","Breast","No Mets","No Mets",NA,3,"65","F","BREAST (CUTANEOUS)","LEFT BREAST",1,"NO",1,1,"LEFT CHEST WALL","321",NA,NA,NA,NA,NA,NA,"NO METS","NO METS","673","1/13/20","ASC_0385_T1_PATHREPORT_OCR, ASC_0385_T2_PATHREPORT_OCR, ASC_0385_T3_PATHREPORT_OCR, ASC_385_T1_SK_OCR, ASC_385_T2_SK_OCR, ASC_385_T3_SK_OCR, ASC_385_UKANSAS_FULL.MR","RR","BREAST (CUTANEOUS)",0,0,"385","DIAGNOSED",65.18630137,"BREAST",NA,NA,NA,"BREAST",NA,NA,NA,"BREAST",NA,NA,NA,"YES","NO","NO",NA,"Chemotherapy,-taxitol","YES","CT scans","YES","breast cancer;2012","YES","breast","Oncologist","Had a lumpectomy in 2012 on breast, had radiation afterwards, docs think it caused the angiosarcoma in the same area.  removed breast plus two more surgeries, keeps coming back.  Also have diabetes and chemo made diabetes side effects worse.","NO","WHITE",NA,NA,NA,NA,NA,NA,NA,NA,NA,NA,NA,NA,NA,NA,NA,NA,"3/10/52","True",65,"BREAST (CUTANEOUS)","RAAS",0,94226473,"2","2",3,0.177082348368337,0.00383615816875071
"RP.1447.ASCProject.0387.T1.v1.RNA.OnPrem","RP.1447.ASCProject.0387.T1.v1.RNA.OnPrem","SeuratProject",181953.734829756,21224,112,"RP-1447_ASCProject_0387_T1_v1_RNA_OnPrem","ASCProject_0387_T1","Tumor","ASCProject_0387","RNA","T1","ASCProject_0387_T1","LCSET-18054","LCSET-18054",15,"BREAST","Biopsy","YES (FOCAL)","YES","YES","HIGH","ASCProject_0387","Breast (Cutaneous)","Breast (Cutaneous)","Breast","No Mets","No Mets",NA,3,"66","F","BREAST (CUTANEOUS)","LEFT BREAST",1,"NO",1,0,NA,NA,NA,NA,NA,NA,NA,NA,"NO METS","NO METS","249","1/10/20","ASC_387_UPENN_FULL.MR","RR","BREAST (CUTANEOUS)",0,0,"387","DIAGNOSED",66.1260274,"BREAST",NA,NA,NA,"BREAST",NA,NA,NA,"NED",NA,NA,NA,"YES","YES",NA,NA,"none just surgery","NO",NA,"YES","Breast cancer;2009","YES","Breast same where angio was found","friend who works for Cancer Research","nothing to tell   had surgery  one thing is the  post breast cancer center did not diagnose it  they missed it","NO","NATIVE_HAWAIIAN,WHITE",NA,NA,NA,NA,NA,NA,NA,NA,NA,NA,NA,NA,NA,NA,NA,NA,"3/2/52","True",66,"BREAST (CUTANEOUS)","RAAS",0,166233730,"1","1",2,-0.0285855965377806,0.1834660549235
"RP.1447.ASCProject.0393.T1.v1.RNA.OnPrem","RP.1447.ASCProject.0393.T1.v1.RNA.OnPrem","SeuratProject",183279.517232025,21224,113,"RP-1447_ASCProject_0393_T1_v1_RNA_OnPrem","ASCProject_0393_T1","Tumor","ASCProject_0393","RNA","T1","ASCProject_0393_T1","LCSET-18352","LCSET-18352",NA,NA,NA,NA,NA,NA,NA,"ASCProject_0393","Breast (Cutaneous)","Breast (Cutaneous)","Breast","No Mets","No Mets",NA,9,"75","F","BREAST (CUTANEOUS)","LEFT BREAST",1,"NO",1,1,"LEFT BREAST SKIN","115",NA,NA,NA,NA,NA,NA,"NO METS","NO METS","890","1/26/22","ASC_393_UPENN_FULL, ASC_0393_T1_SK, ASC_0393_T1_PATHREPORT","SS","BREAST (CUTANEOUS)",0,0,"393","DIAGNOSED",75.35342466,"BREAST",NA,NA,NA,"BREAST",NA,NA,NA,"NED",NA,NA,NA,"YES","YES","YES","AFTER","Propanalol","YES","Propanalol","YES","In situ breast cance ;2002","YES","Breast","Cure magazine","Caused by previous radiation","NO","WHITE",NA,NA,NA,NA,NA,NA,NA,NA,NA,NA,NA,NA,NA,NA,NA,NA,"12/12/40","True",75,"BREAST (CUTANEOUS)","RAAS",0,112020713,"1","1",2,0.0977421248418455,0.0495196370450586
"RP.1447.ASCProject.0398.T1.v1.RNA.OnPrem","RP.1447.ASCProject.0398.T1.v1.RNA.OnPrem","SeuratProject",188197.881258826,21224,114,"RP-1447_ASCProject_0398_T1_v1_RNA_OnPrem","ASCProject_0398_T1","Tumor","ASCProject_0398","RNA","T1","ASCProject_0398_T1","LCSET-18352","LCSET-18352",NA,NA,NA,NA,NA,NA,NA,"ASCProject_0398","Breast (Parenchymal)","Breast (Parenchymal)","Breast","No Mets","No Mets",NA,9,"33","F","BREAST (PARENCHYMAL)","LEFT BREAST",0,"NO",0,0,NA,NA,NA,NA,NA,NA,NA,NA,"NO METS","NO METS","209","1/27/22","ASC_398_FOX_PATH, ASC_398_FOXCHASE, ASC_398_MD_ANDERSON, ASC_398_GRANDVIEW_PATH, ASC_298_GRANDVIEW, ASC_398_MSKCC_PATH, ASC_039_T1_PATH REPORT","SS","BREAST (PARENCHYMAL)",0,0,"398","DIAGNOSED",33.39178082,"BREAST",NA,NA,NA,"BREAST",NA,NA,NA,"NED",NA,NA,NA,"YES","YES","NO",NA,"None","NO",NA,"NO",NA,"NO",NA,"Facebook Group",NA,"YES","WHITE",NA,NA,NA,NA,NA,NA,NA,NA,NA,NA,NA,NA,NA,NA,NA,NA,"7/19/85","True",33,"BREAST (PARENCHYMAL)","Non-RAAS/LAAS",0,57103153,"0","0",1,0.187141215869737,0.0687767276304641
"RP.1447.ASCProject.0414.T1.v1.RNA.OnPrem","RP.1447.ASCProject.0414.T1.v1.RNA.OnPrem","SeuratProject",183112.216750986,21224,115,"RP-1447_ASCProject_0414_T1_v1_RNA_OnPrem","ASCProject_0414_T1","Tumor","ASCProject_0414","RNA","T1","ASCProject_0414_T1","LCSET-18352","LCSET-18352",NA,NA,NA,NA,NA,NA,NA,"ASCProject_0414","Breast (Cutaneous)","Breast (Cutaneous)","Breast Skin","No Mets","No Mets",NA,9,"50","F","BREAST (CUTANEOUS)","RIGHT BREAST SKIN",0,"NO",1,0,NA,NA,NA,NA,NA,NA,NA,NA,"NO METS","NO METS","1061","8/12/22","ASC_414_UPMC, ASC_0414_UMPC_MR_fullM_OCR","IS/BT","BREAST (CUTANEOUS)",0,0,"414","DIAGNOSED",50.03561644,"BREAST",NA,NA,NA,NA,NA,NA,NA,"BREAST",NA,NA,NA,"YES","YES","NO",NA,"Plans still being made. Only one week out from surgery. Starting  chemo in 4 weeks.","YES","Chemo and radiation in future after surgical site healed","YES","DCIS;2016","NO",NA,"Facebook post","My AS is cutaneous but was located on my breast at the scar from my reconstruction.","NO","WHITE",NA,NA,NA,NA,NA,NA,NA,NA,NA,NA,NA,NA,NA,NA,NA,NA,"2/28/69","True",50,"BREAST (CUTANEOUS)","Non-RAAS/LAAS",0,11117247,"1","1",2,0.00769854741729681,0.157580127482481
"RP.1447.ASCProject.0422.T3.v1.RNA.OnPrem","RP.1447.ASCProject.0422.T3.v1.RNA.OnPrem","SeuratProject",185113.889273276,21224,116,"RP-1447_ASCProject_0422_T3_v1_RNA_OnPrem","ASCProject_0422_T3","Tumor","ASCProject_0422","RNA","T3","ASCProject_0422_T3","LCSET-18352","LCSET-18352",NA,NA,NA,NA,NA,NA,NA,"ASCProject_0422","Extremities","Lower Extremity","Leg","Distant Lymph Node","Distant Lymph Node, Abdomin and Pelvis",NA,9,"62","F","SKIN-CUTANEOUS (ASSOCIATED WITH LYMPHEDEMA)","LEFT LATERAL LEG",1,"YES",1,0,NA,NA,NA,NA,NA,NA,NA,"262","DISTANT LYMPH NODE","DISTANT LYMPH NODE, OTHER[GROIN]","1736","2/2/22","422_MSK, ASC_0422_T3_PATHREPORT","OA","EXTREMITY",1,1,"422","DIAGNOSED",62.15068493,"OTHER",NA,NA,"Leg","LYMPH,BONELIMB,ABDOMINAL",NA,NA,NA,"LYMPH,BONELIMB,ABDOMINAL","Left leg and lymph nodes in my groin","Lymph nodes in my groin",NA,"NO",NA,"NO",NA,"Multiple chemo therapies, limb profusion in Paris with Dr Bonvolet, Votrient and presently in a trial with Dr. Sandra de‚Äô Angelo at MSK","YES","Immune therapy drugs","YES","Ovarian cancer;1988","YES","Abdominal","Dr. Sandra De‚ÄôAngelo","I have had lymphedema since 1994.  It took me a long time to get diagnosed with the angiosarcoma and I had what looked like bruises for 1-2 years before I could get anyone to biopsy.  My physical therapist who does Manuel lymph drainage was finally able to convince Dr. David Smith to biopsy me in 2014.  He is a plastic surgeon in NYC who is helping long term lymphedema patients..","NO","WHITE",NA,NA,NA,NA,NA,NA,NA,NA,NA,NA,NA,NA,NA,NA,NA,NA,"6/22/52","True",62,"BONELIMB","RAAS & LAAS",2,52269338,"1","1",2,0.344156796617025,0.09774228056955
"RP.1447.ASCProject.0427.T2.v1.RNA.OnPrem","RP.1447.ASCProject.0427.T2.v1.RNA.OnPrem","SeuratProject",189161.649690692,21224,117,"RP-1447_ASCProject_0427_T2_v1_RNA_OnPrem","ASCProject_0427_T2","Tumor","ASCProject_0427","RNA","T2","ASCProject_0427_T2","LCSET-26033","LCSET-26033",NA,NA,NA,NA,NA,NA,NA,"ASCProject_0427","Extremities","Upper Extremity","Shoulder","Bone","Bone, Lung",NA,12,"54","F","EXTREMITY","RIGHT SCAPULA",1,"NO",0,0,NA,NA,NA,NA,NA,NA,NA,"92","BONE","BONE, LUNG, OTHER[PLEURAL MASS,DIAPHRAGM]","1856","4/6/23","ASC_427_MayoFL.pdf","OA","EXTREMITY",0,1,"427","DIAGNOSED",54.32328767,"BONELIMB,OTHER",NA,NA,"right scapula","LUNG",NA,NA,NA,"LUNG",NA,NA,NA,"YES","YES","YES","BEFORE","pazopanib Taxol Gemzar/Taxatere","YES","Keytruda","YES","Hodgkin's disease nodular sclerosing;1996","YES","Chest
neck","internet",NA,"NO","WHITE",NA,NA,NA,NA,NA,NA,NA,NA,NA,NA,NA,NA,NA,NA,NA,NA,"12/18/59","True",54,"BONELIMB","RAAS",4,130780956,"4","4",5,0.2249576589975,0.487386546532491
"RP.1447.ASCProject.P2HVYU.T1.v1.RNA.OnPrem","RP.1447.ASCProject.P2HVYU.T1.v1.RNA.OnPrem","SeuratProject",190861.975304255,21224,118,"RP-1447_ASCProject_P2HVYU_T1_v1_RNA_OnPrem","ASCProject_P2HVYU_T1","Tumor","ASCProject_P2HVYU","RNA","T1","ASCProject_P2HVYU_T1","LCSET-20214","LCSET-20214",NA,NA,NA,NA,NA,NA,NA,"ASCProject_P2HVYU","HNFS","HNFS","Scalp","No Mets","No Mets",NA,9,"69","M","HNFS","SCALP",0,"NO",1,1,"HNFS","609",NA,NA,NA,NA,NA,NA,"NO METS","NO METS","2072","1/19/22","ASC_P2HVYU_PathReport.pdf, ASC_P2HVYU_AscensionProvidence_Full.pdf","DS","HNFS",0,0,NA,NA,NA,NA,NA,NA,NA,NA,NA,NA,NA,NA,NA,NA,NA,NA,NA,NA,NA,NA,NA,NA,NA,NA,NA,NA,NA,NA,NA,NA,NA,NA,NA,NA,NA,NA,NA,NA,NA,NA,NA,NA,NA,NA,NA,NA,NA,"True",69,"HNFS","Non-RAAS/LAAS",0,117668670,"3","3",4,0.253194267573708,-0.00822074693186003
"RP.1447.ASCProject.P8B8WN.T2.v1.RNA.OnPrem","RP.1447.ASCProject.P8B8WN.T2.v1.RNA.OnPrem","SeuratProject",184783.03021427,21224,119,"RP-1447_ASCProject_P8B8WN_T2_v1_RNA_OnPrem","ASCProject_P8B8WN_T2","Tumor","ASCProject_P8B8WN","RNA","T2","ASCProject_P8B8WN_T2","LCSET-18352","LCSET-18352",NA,NA,NA,NA,NA,NA,NA,"ASCProject_P8B8WN","Breast (Cutaneous)","Breast (Cutaneous)","Breast","No Mets","No Mets",NA,9,"56","F","BREAST (CUTANEOUS)","LEFT BREAST",1,"NO",1,1,"LEFT CHEST WALL SKIN","2429",NA,NA,NA,NA,NA,NA,"NO METS","NO METS","2450","1/18/22","ASC_P8B8WN_vanderbilt.pdf, ASC_P8B8WN_T2_PathReport.pdf, ASC_P8B8WN_Dermatology.pdf","DS","BREAST (CUTANEOUS)",0,0,"P8B8WN","DIAGNOSED",56,"BREAST",NA,NA,NA,"BREAST",NA,NA,NA,"BREAST",NA,NA,NA,"YES","NO","NO",NA,"None (only surgery)","YES","Upcoming chemo and surgery ","YES","Breast ;","YES","Breast","Oncologist ",NA,"NO","WHITE",NA,NA,NA,NA,NA,NA,NA,NA,NA,NA,NA,NA,NA,NA,NA,NA,NA,"True",56,"BREAST (CUTANEOUS)","RAAS",0,74289036,"1","1",2,0.252812533039917,0.366528827705158
"RP.1447.ASCProject.PWNLUF.T1.v1.RNA.OnPrem","RP.1447.ASCProject.PWNLUF.T1.v1.RNA.OnPrem","SeuratProject",184692.946469118,21224,120,"RP-1447_ASCProject_PWNLUF_T1_v1_RNA_OnPrem","ASCProject_PWNLUF_T1","Tumor","ASCProject_PWNLUF","RNA","T1","ASCProject_PWNLUF_T1","LCSET-20590","LCSET-20590",NA,NA,NA,NA,NA,NA,NA,"ASCProject_PWNLUF","Breast (Cutaneous)","Breast (Cutaneous)","Breast",NA,NA,NA,9,"68","F","BREAST (CUTANEOUS)","LEFT BREAST",1,"NO",1,NA,NA,NA,NA,NA,NA,NA,NA,NA,"NOT FOUND IN RECORD",NA,"62","1/31/22","ASC_PWNLUF_MOUTNSINAICHELSEA, ASC_PWNLUF_T1_PATHREPORT","OA","BREAST (CUTANEOUS)",0,NA,NA,NA,NA,NA,NA,NA,NA,NA,NA,NA,NA,NA,NA,NA,NA,NA,NA,NA,NA,NA,NA,NA,NA,NA,NA,NA,NA,NA,NA,NA,NA,NA,NA,NA,NA,NA,NA,NA,NA,NA,NA,NA,NA,NA,NA,NA,NA,"True",68,"BREAST (CUTANEOUS)","RAAS",NA,96124079,"1","1",2,0.0830960361307564,0.317022580091798
"RP.1447.ASCProject.PXPTMJ.T1.v1.RNA.OnPrem","RP.1447.ASCProject.PXPTMJ.T1.v1.RNA.OnPrem","SeuratProject",184077.190051071,21224,121,"RP-1447_ASCProject_PXPTMJ_T1_v1_RNA_OnPrem","ASCProject_PXPTMJ_T1","Tumor","ASCProject_PXPTMJ","RNA","T1","ASCProject_PXPTMJ_T1","LCSET-18352","LCSET-18352",NA,NA,NA,NA,NA,NA,NA,"ASCProject_PXPTMJ","HNFS","HNFS","Face",NA,NA,NA,9,"78","M","HNFS","RIGHT MEDIAL CHEEK",0,"NO",1,NA,NA,NA,NA,NA,NA,NA,NA,NA,"NOT FOUND IN RECORD",NA,"294","2/2/22","ASC_PXPTMJ_NEBRASKAMETHODIST, ASC_PXPTMJ_SUTTONDERMATOLOGY_FULL, ASC_PXPTMJ_T1_PATHREPORT","OA","HNFS",0,NA,"PXPTMJ","DIAGNOSED",79,"HEADFACENECK",NA,NA,NA,"HEADFACENECK",NA,NA,NA,"NED",NA,NA,NA,"YES","YES","YES","AFTER","none","YES","awaiting proshetic nose next week","YES","squamas cell about 2007  basel cell numerous times;","NO",NA,"angio sarcoma facebook site","retired railroad ralatively healthy I thought in 1995, managed family ag propertty using weed killers each summer until noticed I would get breating problems around them so stopped in 2012. ","NO","WHITE",NA,NA,NA,NA,NA,NA,NA,NA,NA,NA,NA,NA,NA,NA,NA,NA,NA,"True",78,"HNFS","Non-RAAS/LAAS",NA,41698194,"3","3",4,0.328292693559533,0.345427092694671
"RP.1447.ASCProject.PY6FJH.T1.v1.RNA.OnPrem","RP.1447.ASCProject.PY6FJH.T1.v1.RNA.OnPrem","SeuratProject",188622.098701029,21224,122,"RP-1447_ASCProject_PY6FJH_T1_v1_RNA_OnPrem","ASCProject_PY6FJH_T1","Tumor","ASCProject_PY6FJH","RNA","T1","ASCProject_PY6FJH_T1","LCSET-18352","LCSET-18352",NA,NA,NA,NA,NA,NA,NA,"ASCProject_PY6FJH","HNFS","HNFS",NA,NA,NA,NA,NA,NA,NA,NA,NA,NA,NA,NA,NA,NA,NA,NA,NA,NA,NA,NA,NA,NA,NA,NA,NA,NA,NA,NA,NA,NA,"PY6FJH","DIAGNOSED",63.15616438,"SCALP",NA,NA,NA,"SCALP",NA,NA,NA,"NED",NA,NA,NA,"YES","YES","YES","BEFORE","Chemotherapy Taxol","NO",NA,"NO",NA,"NO",NA,"Dr Brian VanTine","I was treated for scalp folliculitis before angiosarcoma","NO","WHITE",NA,NA,NA,NA,NA,NA,NA,NA,NA,NA,NA,NA,NA,NA,NA,NA,"11/21/53","False",63.15616438,"HNFS",NA,NA,69658906,"4","4",5,0.261518110283349,0.380839068776043
