"entity:sample_id"	"sample_alias"	"sample_type"	"individual_alias"	"data_type"	"tumor_timepoint"	"sample_alias_cleaned"	"LC-SET"	"LC_BATCH"	"BX_TIME_DAYS"	"BX_LOCATION"	"BX_TYPE"	"BX_VASOFORMATIVE"	"BX_EPITHELIOID"	"BX_SPINDLE_CELL"	"BX_NUCLEAR_GRADE"	"STUDY ID"	"Primary Site (Recombined)"	"Mets Sites Ever (Recombined)"	"Primary Site (Wagner2024)"	"Biopsy Location (Wagner2024)"	"Met Sites at Dx (Wagner2024)"	"Met Sites Ever (Wagner2024)"	"Other Cancer"	"BATCH NUMBER (EHR_EXTRACTED)"	"AGE AT DX (EHR_EXTRACTED)"	"SEX (EHR_EXTRACTED)"	"PRIMARY SITE (EHR_EXTRACTED)"	"DX BIOPSY LOCATION (EHR_EXTRACTED)"	"RAAS (EHR_EXTRACTED)"	"LAAS/STEWART-TREVES (EHR_EXTRACTED)"	"CUTANEOUS AS (EHR_EXTRACTED)"	"LOCAL RECURRENCE (EHR_EXTRACTED)"	"LOCAL RECURRENCE SITE (EHR_EXTRACTED)"	"LOCAL RECURRENCE DATE 1 (DAYS FROM DX) (EHR_EXTRACTED)"	"LOCAL RECURRENCE DATE 2 (DAYS FROM DX) (EHR_EXTRACTED)"	"LOCAL RECURRENCE DATE 3 (DAYS FROM DX) (EHR_EXTRACTED)"	"LOCAL RECURRENCE DATE 4 (DAYS FROM DX) (EHR_EXTRACTED)"	"LOCAL RECURRENCE DATE 5 (DAYS FROM DX) (EHR_EXTRACTED)"	"LOCAL RECURRENCE DATE 6 (DAYS FROM DX) (EHR_EXTRACTED)"	"DATE METS DX (DAYS FROM DX) (EHR_EXTRACTED)"	"METS SITES AT METS DX (EHR_EXTRACTED)"	"METS SITES EVER (EHR_EXTRACTED)"	"FINAL DATE MEDR (DAYS FROM DX) (EHR_EXTRACTED)"	"PRIMARY SITE STANDARDIZED (EHR_EXTRACTED)"	"LAAS (EHR_EXTRACTED)"	"HAS METS AT DX (EHR_EXTRACTED)"	"legacy_shortid (PRD)"	"PREQUAL_SELF_DESCRIBE (PRD)"	"AGE OF DIAGNOSIS (PRD)"	"DIAGNOSIS_LOC (PRD)"	"EVER_LOCATION (PRD)"	"CURRENT_LOCATION (PRD)"	"SURGERY (PRD)"	"SURGERY_CLEAN_MARGINS (PRD)"	"RADIATION (PRD)"	"RADIATION_SURGERY (PRD)"	"CURRENTLY_TREATED (PRD)"	"OTHER_CANCER (PRD)"	"OTHER_CANCER_RADIATION (PRD)"	"HISPANIC (PRD)"	"RACE (PRD)"	"DIAGNOSIS_PRIMARY_LOC (PRD)"	"DIAGNOSIS_SPREAD (PRD)"	"DIAGNOSIS_SPREAD_LOC (PRD)"	"POST_DIAGNOSIS_SPREAD (PRD)"	"POST_DIAGNOSIS_SPREAD_LOC (PRD)"	"LOCAL_RECURRENCE (PRD)"	"DISEASE_FREE_NOW (PRD)"	"SUPPORT_MEMBERSHIP (PRD)"	"EHR_EXTRACTED"	"Age (Combined)"	"PRIMARY SITE (Combined)"	"RAAS_LAAS_Class"	"NUM MET SITES EVER (EHR_EXTRACTED)"	"Tumor_Sample_Barcode"	"Age"	"PrimarySite"
"RP-1447_ASCProject_0003_SALIVA_v1_Exome_OnPrem"	"ASCProject_0003_SALIVA"	"Normal"	"ASCProject_0003"	"DNA"	""	"ASCProject_0003_SALIVA"	""	""	NA	""	""	""	""	""	""	"ASCProject_0003"	"Breast (Parenchymal)"	"No Mets"	"Breast (Parenchymal)"	"Breast"	"No Mets"	"No Mets"	NA	5	"38"	"F"	"BREAST (PARENCHYMAL)"	"RIGHT BREAST"	0	"NO"	0	0	""	""	""	""	""	""	""	""	"NO METS"	"NO METS"	"2057"	"BREAST (PARENCHYMAL)"	0	0	"3"	"DIAGNOSED"	38.8	""	""	""	"YES"	"YES"	"YES"	"AFTER"	""	"YES"	"YES"	""	""	"BREAST"	"NO"	""	"NO"	""	"NO"	"YES"	"YES"	"True"	38	"BREAST (PARENCHYMAL)"	"Non-RAAS/LAAS"	0	"ASCProject_0003_SALIVA"	38	"Breast (Parenchymal)"
"RP-1447_ASCProject_0003_T1_v1_Exome_OnPrem"	"ASCProject_0003_T1"	"Tumor"	"ASCProject_0003"	"DNA"	"T1"	"ASCProject_0003_T1"	""	""	13	"BREAST"	"RESECTION"	"YES"	"NO"	"NO"	"LOW"	"ASCProject_0003"	"Breast (Parenchymal)"	"No Mets"	"Breast (Parenchymal)"	"Breast"	"No Mets"	"No Mets"	NA	5	"38"	"F"	"BREAST (PARENCHYMAL)"	"RIGHT BREAST"	0	"NO"	0	0	""	""	""	""	""	""	""	""	"NO METS"	"NO METS"	"2057"	"BREAST (PARENCHYMAL)"	0	0	"3"	"DIAGNOSED"	38.8	""	""	""	"YES"	"YES"	"YES"	"AFTER"	""	"YES"	"YES"	""	""	"BREAST"	"NO"	""	"NO"	""	"NO"	"YES"	"YES"	"True"	38	"BREAST (PARENCHYMAL)"	"Non-RAAS/LAAS"	0	"ASCProject_0003_T1"	38	"Breast (Parenchymal)"
"RP-1447_ASCProject_0003_T3_v2_Exome_OnPrem"	"ASCProject_0003_T3"	"Tumor"	"ASCProject_0003"	"DNA"	"T3"	"ASCProject_0003_T3"	""	""	26	"BREAST"	""	""	""	""	""	"ASCProject_0003"	"Breast (Parenchymal)"	"No Mets"	"Breast (Parenchymal)"	"Breast"	"No Mets"	"No Mets"	NA	5	"38"	"F"	"BREAST (PARENCHYMAL)"	"RIGHT BREAST"	0	"NO"	0	0	""	""	""	""	""	""	""	""	"NO METS"	"NO METS"	"2057"	"BREAST (PARENCHYMAL)"	0	0	"3"	"DIAGNOSED"	38.8	""	""	""	"YES"	"YES"	"YES"	"AFTER"	""	"YES"	"YES"	""	""	"BREAST"	"NO"	""	"NO"	""	"NO"	"YES"	"YES"	"True"	38	"BREAST (PARENCHYMAL)"	"Non-RAAS/LAAS"	0	"ASCProject_0003_T3"	38	"Breast (Parenchymal)"
"RP-1447_ASCProject_0005_BLOOD_Normal_v1_Exome_OnPrem"	"ASCProject_0005_BLOOD_Normal"	"Normal"	"ASCProject_0005"	"DNA"	""	"ASCProject_0005_BLOOD_Normal"	""	""	NA	""	""	""	""	""	""	"ASCProject_0005"	"Breast (Parenchymal)"	"Trunk, Breast, Extremities, Bone"	"Breast (Parenchymal)"	"Breast"	"Trunk"	"Trunk, Breast, Extremities, Bone"	NA	5	"31"	"F"	"BREAST (PARENCHYMAL)"	"LEFT BREAST"	0	"NO"	0	0	""	""	""	""	""	""	""	"3615"	"TRUNK "	"TRUNK, OTHER (RIGHT BREAST), EXTREMITY, BONE"	"4374"	"BREAST (PARENCHYMAL)"	0	1	"5"	"DIAGNOSED"	31.0739726	"BREAST"	"BREAST,OTHER"	"BREAST,OTHER"	"YES"	"YES"	"YES"	"BEFORE"	"YES"	"NO"	"NO"	"NO"	"WHITE"	"BREAST"	"NO"	""	"YES"	"BREAST,OTHER"	"NO"	"NO"	"YES"	"True"	31	"BREAST (PARENCHYMAL)"	"Non-RAAS/LAAS"	4	"ASCProject_0005_BLOOD_Normal"	31	"Breast (Parenchymal)"
"RP-1447_ASCProject_0005_BLOOD_v1_Exome_OnPrem"	"ASCProject_0005_BLOOD"	"Tumor"	"ASCProject_0005"	"DNA"	"BLOOD"	"ASCProject_0005_BLOOD"	""	""	4338	"BLOOD BIOPSY"	"BLOOD BIOPSY"	""	""	""	""	"ASCProject_0005"	"Breast (Parenchymal)"	"Trunk, Breast, Extremities, Bone"	"Breast (Parenchymal)"	"Breast"	"Trunk"	"Trunk, Breast, Extremities, Bone"	NA	5	"31"	"F"	"BREAST (PARENCHYMAL)"	"LEFT BREAST"	0	"NO"	0	0	""	""	""	""	""	""	""	"3615"	"TRUNK "	"TRUNK, OTHER (RIGHT BREAST), EXTREMITY, BONE"	"4374"	"BREAST (PARENCHYMAL)"	0	1	"5"	"DIAGNOSED"	31.0739726	"BREAST"	"BREAST,OTHER"	"BREAST,OTHER"	"YES"	"YES"	"YES"	"BEFORE"	"YES"	"NO"	"NO"	"NO"	"WHITE"	"BREAST"	"NO"	""	"YES"	"BREAST,OTHER"	"NO"	"NO"	"YES"	"True"	31	"BREAST (PARENCHYMAL)"	"Non-RAAS/LAAS"	4	"ASCProject_0005_BLOOD"	31	"Breast (Parenchymal)"
"RP-1447_ASCProject_0005_SALIVA_v3_Exome_OnPrem"	"ASCProject_0005_SALIVA"	"Normal"	"ASCProject_0005"	"DNA"	""	"ASCProject_0005_SALIVA"	""	""	NA	""	""	""	""	""	""	"ASCProject_0005"	"Breast (Parenchymal)"	"Trunk, Breast, Extremities, Bone"	"Breast (Parenchymal)"	"Breast"	"Trunk"	"Trunk, Breast, Extremities, Bone"	NA	5	"31"	"F"	"BREAST (PARENCHYMAL)"	"LEFT BREAST"	0	"NO"	0	0	""	""	""	""	""	""	""	"3615"	"TRUNK "	"TRUNK, OTHER (RIGHT BREAST), EXTREMITY, BONE"	"4374"	"BREAST (PARENCHYMAL)"	0	1	"5"	"DIAGNOSED"	31.0739726	"BREAST"	"BREAST,OTHER"	"BREAST,OTHER"	"YES"	"YES"	"YES"	"BEFORE"	"YES"	"NO"	"NO"	"NO"	"WHITE"	"BREAST"	"NO"	""	"YES"	"BREAST,OTHER"	"NO"	"NO"	"YES"	"True"	31	"BREAST (PARENCHYMAL)"	"Non-RAAS/LAAS"	4	"ASCProject_0005_SALIVA"	31	"Breast (Parenchymal)"
"RP-1447_ASCProject_0005_T2_v1_Exome_OnPrem"	"ASCProject_0005_T2"	"Tumor"	"ASCProject_0005"	"DNA"	"T2"	"ASCProject_0005_T2"	""	""	3615	"BACK"	""	""	""	""	""	"ASCProject_0005"	"Breast (Parenchymal)"	"Trunk, Breast, Extremities, Bone"	"Breast (Parenchymal)"	"Breast"	"Trunk"	"Trunk, Breast, Extremities, Bone"	NA	5	"31"	"F"	"BREAST (PARENCHYMAL)"	"LEFT BREAST"	0	"NO"	0	0	""	""	""	""	""	""	""	"3615"	"TRUNK "	"TRUNK, OTHER (RIGHT BREAST), EXTREMITY, BONE"	"4374"	"BREAST (PARENCHYMAL)"	0	1	"5"	"DIAGNOSED"	31.0739726	"BREAST"	"BREAST,OTHER"	"BREAST,OTHER"	"YES"	"YES"	"YES"	"BEFORE"	"YES"	"NO"	"NO"	"NO"	"WHITE"	"BREAST"	"NO"	""	"YES"	"BREAST,OTHER"	"NO"	"NO"	"YES"	"True"	31	"BREAST (PARENCHYMAL)"	"Non-RAAS/LAAS"	4	"ASCProject_0005_T2"	31	"Breast (Parenchymal)"
"RP-1447_ASCProject_0005_T3_v2_Exome_OnPrem"	"ASCProject_0005_T3"	"Tumor"	"ASCProject_0005"	"DNA"	"T3"	"ASCProject_0005_T3"	""	""	3848	"BACK"	"RESECTION"	"YES"	"NO"	"NO"	"LOW"	"ASCProject_0005"	"Breast (Parenchymal)"	"Trunk, Breast, Extremities, Bone"	"Breast (Parenchymal)"	"Breast"	"Trunk"	"Trunk, Breast, Extremities, Bone"	NA	5	"31"	"F"	"BREAST (PARENCHYMAL)"	"LEFT BREAST"	0	"NO"	0	0	""	""	""	""	""	""	""	"3615"	"TRUNK "	"TRUNK, OTHER (RIGHT BREAST), EXTREMITY, BONE"	"4374"	"BREAST (PARENCHYMAL)"	0	1	"5"	"DIAGNOSED"	31.0739726	"BREAST"	"BREAST,OTHER"	"BREAST,OTHER"	"YES"	"YES"	"YES"	"BEFORE"	"YES"	"NO"	"NO"	"NO"	"WHITE"	"BREAST"	"NO"	""	"YES"	"BREAST,OTHER"	"NO"	"NO"	"YES"	"True"	31	"BREAST (PARENCHYMAL)"	"Non-RAAS/LAAS"	4	"ASCProject_0005_T3"	31	"Breast (Parenchymal)"
"RP-1447_ASCProject_0006_BLOOD_Normal_v4_Exome_OnPrem"	"ASCProject_0006_BLOOD_Normal"	"Normal"	"ASCProject_0006"	"DNA"	""	"ASCProject_0006_BLOOD_Normal"	""	""	NA	""	""	""	""	""	""	"ASCProject_0006"	"Heart"	"Lung, Brain, Visceral Organ"	"Heart"	"Lung"	"Lung"	"Lung, Brain, Visceral Organ"	NA	5	"29"	"F"	"CARDIAC"	"RIGHT LUNG"	0	"NO"	0	0	""	""	""	""	""	""	""	"0"	"LUNG"	"LUNG, BRAIN, VISCERAL ORGAN"	"397"	"CARDIAC"	0	1	"6"	"DIAGNOSED"	29.88219178	"HEART,LUNG"	"HEART,LUNG"	"LUNG"	"NO"	""	"NO"	""	"YES"	"NO"	"NO"	"NO"	"WHITE"	"HEART"	"YES"	"LUNG"	"DK"	""	"DK"	"NO"	"NO"	"True"	29	"HEART"	"Non-RAAS/LAAS"	3	"ASCProject_0006_BLOOD_Normal"	29	"Heart"
"RP-1447_ASCProject_0006_BLOOD_v1_Exome_OnPrem"	"ASCProject_0006_BLOOD"	"Tumor"	"ASCProject_0006"	"DNA"	"BLOOD"	"ASCProject_0006_BLOOD"	""	""	313	"BLOOD BIOPSY"	"BLOOD BIOPSY"	""	""	""	""	"ASCProject_0006"	"Heart"	"Lung, Brain, Visceral Organ"	"Heart"	"Lung"	"Lung"	"Lung, Brain, Visceral Organ"	NA	5	"29"	"F"	"CARDIAC"	"RIGHT LUNG"	0	"NO"	0	0	""	""	""	""	""	""	""	"0"	"LUNG"	"LUNG, BRAIN, VISCERAL ORGAN"	"397"	"CARDIAC"	0	1	"6"	"DIAGNOSED"	29.88219178	"HEART,LUNG"	"HEART,LUNG"	"LUNG"	"NO"	""	"NO"	""	"YES"	"NO"	"NO"	"NO"	"WHITE"	"HEART"	"YES"	"LUNG"	"DK"	""	"DK"	"NO"	"NO"	"True"	29	"HEART"	"Non-RAAS/LAAS"	3	"ASCProject_0006_BLOOD"	29	"Heart"
"RP-1447_ASCProject_0006_T1_v2_Exome_OnPrem"	"ASCProject_0006_T1"	"Tumor"	"ASCProject_0006"	"DNA"	"T1"	"ASCProject_0006_T1"	""	""	0	"LUNG"	""	""	""	""	""	"ASCProject_0006"	"Heart"	"Lung, Brain, Visceral Organ"	"Heart"	"Lung"	"Lung"	"Lung, Brain, Visceral Organ"	NA	5	"29"	"F"	"CARDIAC"	"RIGHT LUNG"	0	"NO"	0	0	""	""	""	""	""	""	""	"0"	"LUNG"	"LUNG, BRAIN, VISCERAL ORGAN"	"397"	"CARDIAC"	0	1	"6"	"DIAGNOSED"	29.88219178	"HEART,LUNG"	"HEART,LUNG"	"LUNG"	"NO"	""	"NO"	""	"YES"	"NO"	"NO"	"NO"	"WHITE"	"HEART"	"YES"	"LUNG"	"DK"	""	"DK"	"NO"	"NO"	"True"	29	"HEART"	"Non-RAAS/LAAS"	3	"ASCProject_0006_T1"	29	"Heart"
"RP-1447_ASCProject_0006_T2_v2_Exome_OnPrem"	"ASCProject_0006_T2"	"Tumor"	"ASCProject_0006"	"DNA"	"T2"	"ASCProject_0006_T2"	""	""	387	"OVARY"	"BILATERAL SALPINGO-OOPHORECTOMY"	"YES"	"NO"	"YES"	"LOW"	"ASCProject_0006"	"Heart"	"Lung, Brain, Visceral Organ"	"Heart"	"Lung"	"Lung"	"Lung, Brain, Visceral Organ"	NA	5	"29"	"F"	"CARDIAC"	"RIGHT LUNG"	0	"NO"	0	0	""	""	""	""	""	""	""	"0"	"LUNG"	"LUNG, BRAIN, VISCERAL ORGAN"	"397"	"CARDIAC"	0	1	"6"	"DIAGNOSED"	29.88219178	"HEART,LUNG"	"HEART,LUNG"	"LUNG"	"NO"	""	"NO"	""	"YES"	"NO"	"NO"	"NO"	"WHITE"	"HEART"	"YES"	"LUNG"	"DK"	""	"DK"	"NO"	"NO"	"True"	29	"HEART"	"Non-RAAS/LAAS"	3	"ASCProject_0006_T2"	29	"Heart"
"RP-1447_ASCProject_0007_SALIVA_v1_Exome_OnPrem"	"ASCProject_0007_SALIVA"	"Normal"	"ASCProject_0007"	"DNA"	""	"ASCProject_0007_SALIVA"	""	""	NA	""	""	""	""	""	""	"ASCProject_0007"	"Other Visceral Organs"	"No Mets"	"Urinary"	"Bladder"	"No Mets"	"No Mets"	NA	5	"41"	"M"	"VISCERAL ORGAN"	"BLADDER"	0	"NO"	0	1	"VISCERAL ORGAN"	"552"	""	""	""	""	""	""	"NO METS"	"NO METS"	"582"	"VISCERAL ORGAN"	0	0	"7"	"DIAGNOSED"	41.86849315	"OTHER"	"LIVER,SPLEEN,LUNG,LYMPH,BONELIMB,ABDOMINAL"	"LIVER,SPLEEN,LUNG,LYMPH,BONELIMB,ABDOMINAL"	"YES"	"YES"	"YES"	"AFTER"	"NO"	"YES"	"YES"	"NO"	"BLACK"	"OTHER"	"NO"	""	"NO"	""	"YES"	"YES"	"YES"	"True"	41	"VISCERAL ORGAN"	"Non-RAAS/LAAS"	0	"ASCProject_0007_SALIVA"	41	"Other Visceral Organs"
"RP-1447_ASCProject_0007_T1_v2_Exome_OnPrem"	"ASCProject_0007_T1"	"Tumor"	"ASCProject_0007"	"DNA"	"T1"	"ASCProject_0007_T1"	""	""	181	"BLADDER WALL"	"RESECTION"	"YES"	"YES"	"YES"	"HIGH"	"ASCProject_0007"	"Other Visceral Organs"	"No Mets"	"Urinary"	"Bladder"	"No Mets"	"No Mets"	NA	5	"41"	"M"	"VISCERAL ORGAN"	"BLADDER"	0	"NO"	0	1	"VISCERAL ORGAN"	"552"	""	""	""	""	""	""	"NO METS"	"NO METS"	"582"	"VISCERAL ORGAN"	0	0	"7"	"DIAGNOSED"	41.86849315	"OTHER"	"LIVER,SPLEEN,LUNG,LYMPH,BONELIMB,ABDOMINAL"	"LIVER,SPLEEN,LUNG,LYMPH,BONELIMB,ABDOMINAL"	"YES"	"YES"	"YES"	"AFTER"	"NO"	"YES"	"YES"	"NO"	"BLACK"	"OTHER"	"NO"	""	"NO"	""	"YES"	"YES"	"YES"	"True"	41	"VISCERAL ORGAN"	"Non-RAAS/LAAS"	0	"ASCProject_0007_T1"	41	"Other Visceral Organs"
"RP-1447_ASCProject_0007_T2_v2_Exome_OnPrem"	"ASCProject_0007_T2"	"Tumor"	"ASCProject_0007"	"DNA"	"T2"	"ASCProject_0007_T2"	""	""	5080	"BLADDER WALL"	""	""	""	""	""	"ASCProject_0007"	"Other Visceral Organs"	"No Mets"	"Urinary"	"Bladder"	"No Mets"	"No Mets"	NA	5	"41"	"M"	"VISCERAL ORGAN"	"BLADDER"	0	"NO"	0	1	"VISCERAL ORGAN"	"552"	""	""	""	""	""	""	"NO METS"	"NO METS"	"582"	"VISCERAL ORGAN"	0	0	"7"	"DIAGNOSED"	41.86849315	"OTHER"	"LIVER,SPLEEN,LUNG,LYMPH,BONELIMB,ABDOMINAL"	"LIVER,SPLEEN,LUNG,LYMPH,BONELIMB,ABDOMINAL"	"YES"	"YES"	"YES"	"AFTER"	"NO"	"YES"	"YES"	"NO"	"BLACK"	"OTHER"	"NO"	""	"NO"	""	"YES"	"YES"	"YES"	"True"	41	"VISCERAL ORGAN"	"Non-RAAS/LAAS"	0	"ASCProject_0007_T2"	41	"Other Visceral Organs"
"RP-1447_ASCProject_0008_SALIVA_v1_Exome_OnPrem"	"ASCProject_0008_SALIVA"	"Normal"	"ASCProject_0008"	"DNA"	""	"ASCProject_0008_SALIVA"	""	""	NA	""	""	""	""	""	""	"ASCProject_0008"	"Hepatobiliary"	"No Mets"	"Liver"	"Liver"	"No Mets"	"No Mets"	NA	3	"39"	"F"	"VISCERAL ORGAN"	"LIVER"	0	"NO"	0	0	""	""	""	""	""	""	""	""	"NO METS"	"NO METS"	"1530"	"LIVER"	0	0	"8"	"DIAGNOSED"	39.93972603	"LIVER"	"LIVER"	"NED"	"YES"	"YES"	"NO"	""	"NO"	"YES"	"NO"	"NO"	"SOUTH_EAST_ASIAN"	"LIVER"	"NO"	""	"NO"	""	"NO"	"YES"	"YES"	"True"	39	"LIVER"	"Non-RAAS/LAAS"	0	"ASCProject_0008_SALIVA"	39	"Hepatobiliary"
"RP-1447_ASCProject_0008_T1_v1_Exome_OnPrem"	"ASCProject_0008_T1"	"Tumor"	"ASCProject_0008"	"DNA"	"T1"	"ASCProject_0008_T1"	""	""	0	"LIVER"	"Partial hepatectomy"	"YES (FOCAL)"	"YES"	"YES"	"HIGH"	"ASCProject_0008"	"Hepatobiliary"	"No Mets"	"Liver"	"Liver"	"No Mets"	"No Mets"	NA	3	"39"	"F"	"VISCERAL ORGAN"	"LIVER"	0	"NO"	0	0	""	""	""	""	""	""	""	""	"NO METS"	"NO METS"	"1530"	"LIVER"	0	0	"8"	"DIAGNOSED"	39.93972603	"LIVER"	"LIVER"	"NED"	"YES"	"YES"	"NO"	""	"NO"	"YES"	"NO"	"NO"	"SOUTH_EAST_ASIAN"	"LIVER"	"NO"	""	"NO"	""	"NO"	"YES"	"YES"	"True"	39	"LIVER"	"Non-RAAS/LAAS"	0	"ASCProject_0008_T1"	39	"Hepatobiliary"
"RP-1447_ASCProject_0009_SALIVA_v2_Exome_OnPrem"	"ASCProject_0009_SALIVA"	"Normal"	"ASCProject_0009"	"DNA"	""	"ASCProject_0009_SALIVA"	""	""	NA	""	""	""	""	""	""	"ASCProject_0009"	"Breast (NOS)"	"Not Extracted"	"Breast (NOS)"	""	""	""	NA	NA	""	""	""	""	NA	""	NA	NA	""	""	""	""	""	""	""	""	""	""	""	""	NA	NA	"9"	"DIAGNOSED"	57.25205479	"BREAST"	"BREAST"	"NED"	"YES"	"YES"	"NO"	""	"NO"	"YES"	"YES"	"NO"	"WHITE"	"BREAST"	"NO"	""	"NO"	""	"NO"	"YES"	"YES"	"False"	57.25205479	"BREAST (NOS)"	""	NA	"ASCProject_0009_SALIVA"	57.25205479	"Breast (NOS)"
"RP-1447_ASCProject_0010_SALIVA_v1_Exome_OnPrem"	"ASCProject_0010_SALIVA"	"Normal"	"ASCProject_0010"	"DNA"	""	"ASCProject_0010_SALIVA"	""	""	NA	""	""	""	""	""	""	"ASCProject_0010"	"Heart"	"Not Extracted"	"Heart"	""	""	""	NA	NA	""	""	""	""	NA	""	NA	NA	""	""	""	""	""	""	""	""	""	""	""	""	NA	NA	"10"	"DIAGNOSED"	45.08219178	"HEART"	"HEART"	"NED,OTHER"	"YES"	"NO"	"YES"	"AFTER"	"NO"	"NO"	"NO"	"NO"	"WHITE"	"HEART"	"NO"	""	"NO"	""	"NO"	"YES"	"NO"	"False"	45.08219178	"HEART"	""	NA	"ASCProject_0010_SALIVA"	45.08219178	"Heart"
"RP-1447_ASCProject_0011_SALIVA_v1_Exome_OnPrem"	"ASCProject_0011_SALIVA"	"Normal"	"ASCProject_0011"	"DNA"	""	"ASCProject_0011_SALIVA"	""	""	NA	""	""	""	""	""	""	"ASCProject_0011"	"Breast (Parenchymal)"	"No Mets"	"Breast (Parenchymal)"	"Breast"	"No Mets"	"No Mets"	NA	5	"33"	"F"	"BREAST (PARENCHYMAL)"	"RIGHT BREAST"	0	"NO"	0	0	""	""	""	""	""	""	""	""	"NO METS"	"NO METS"	"2909"	"BREAST (PARENCHYMAL)"	0	0	"11"	"DIAGNOSED"	33.95342466	"BREAST"	"BREAST"	"NED"	"YES"	"YES"	"YES"	"BEFORE"	"NO"	"NO"	"NO"	"NO"	"WHITE"	"BREAST"	"NO"	""	"NO"	""	"NO"	"YES"	"YES"	"True"	33	"BREAST (PARENCHYMAL)"	"Non-RAAS/LAAS"	0	"ASCProject_0011_SALIVA"	33	"Breast (Parenchymal)"
"RP-1447_ASCProject_0011_T1_v1_Exome_OnPrem"	"ASCProject_0011_T1"	"Tumor"	"ASCProject_0011"	"DNA"	"T1"	"ASCProject_0011_T1"	""	""	0	"BREAST"	"BIOPSY"	"YES"	"NO"	"YES"	"HIGH"	"ASCProject_0011"	"Breast (Parenchymal)"	"No Mets"	"Breast (Parenchymal)"	"Breast"	"No Mets"	"No Mets"	NA	5	"33"	"F"	"BREAST (PARENCHYMAL)"	"RIGHT BREAST"	0	"NO"	0	0	""	""	""	""	""	""	""	""	"NO METS"	"NO METS"	"2909"	"BREAST (PARENCHYMAL)"	0	0	"11"	"DIAGNOSED"	33.95342466	"BREAST"	"BREAST"	"NED"	"YES"	"YES"	"YES"	"BEFORE"	"NO"	"NO"	"NO"	"NO"	"WHITE"	"BREAST"	"NO"	""	"NO"	""	"NO"	"YES"	"YES"	"True"	33	"BREAST (PARENCHYMAL)"	"Non-RAAS/LAAS"	0	"ASCProject_0011_T1"	33	"Breast (Parenchymal)"
"RP-1447_ASCProject_0012_SALIVA_v2_Exome_OnPrem"	"ASCProject_0012_SALIVA"	"Normal"	"ASCProject_0012"	"DNA"	""	"ASCProject_0012_SALIVA"	""	""	NA	""	""	""	""	""	""	"ASCProject_0012"	"HNFS"	"No Mets"	"HNFS"	"Forehead"	"No Mets"	"No Mets"	NA	4	"63"	"F"	"HNFS"	"LEFT FOREHEAD SKIN"	0	"NO"	1	0	""	""	""	""	""	""	""	""	"NO METS"	"NO METS"	"1454"	"HNFS"	0	0	"12"	"DIAGNOSED"	63.6630137	"HEADFACENECK,SCALP"	"HEADFACENECK,SCALP"	"NED"	"YES"	"YES"	"YES"	"AFTER"	"NO"	"NO"	"NO"	"NO"	"WHITE"	"OTHER"	"YES"	"OTHER"	"YES"	"OTHER"	"NO"	"YES"	"YES"	"True"	63	"HNFS"	"Non-RAAS/LAAS"	0	"ASCProject_0012_SALIVA"	63	"HNFS"
"RP-1447_ASCProject_0012_T2_v2_Exome_OnPrem"	"ASCProject_0012_T2"	"Tumor"	"ASCProject_0012"	"DNA"	"T2"	"ASCProject_0012_T2"	""	""	-210	"HEADFACENECKSCALP"	""	""	""	""	""	"ASCProject_0012"	"HNFS"	"No Mets"	"HNFS"	"Forehead"	"No Mets"	"No Mets"	NA	4	"63"	"F"	"HNFS"	"LEFT FOREHEAD SKIN"	0	"NO"	1	0	""	""	""	""	""	""	""	""	"NO METS"	"NO METS"	"1454"	"HNFS"	0	0	"12"	"DIAGNOSED"	63.6630137	"HEADFACENECK,SCALP"	"HEADFACENECK,SCALP"	"NED"	"YES"	"YES"	"YES"	"AFTER"	"NO"	"NO"	"NO"	"NO"	"WHITE"	"OTHER"	"YES"	"OTHER"	"YES"	"OTHER"	"NO"	"YES"	"YES"	"True"	63	"HNFS"	"Non-RAAS/LAAS"	0	"ASCProject_0012_T2"	63	"HNFS"
"RP-1447_ASCProject_0013_SALIVA_v3_Exome_OnPrem"	"ASCProject_0013_SALIVA"	"Normal"	"ASCProject_0013"	"DNA"	""	"ASCProject_0013_SALIVA"	""	""	NA	""	""	""	""	""	""	"ASCProject_0013"	"Breast (Parenchymal)"	"No Mets"	"Breast (Parenchymal)"	"Breast"	"No Mets"	"No Mets"	NA	4	"26"	"F"	"BREAST (PARENCHYMAL)"	"LEFT BREAST"	0	"NO"	0	0	""	""	""	""	""	""	""	""	"NO METS"	"NO METS"	"1241"	"BREAST (PARENCHYMAL)"	0	0	"13"	"DIAGNOSED"	26.22465753	""	""	""	""	""	"NO"	""	""	"NO"	"NO"	""	""	"BREAST"	"NO"	""	"NO"	""	"NO"	"YES"	"YES"	"True"	26	"BREAST (PARENCHYMAL)"	"Non-RAAS/LAAS"	0	"ASCProject_0013_SALIVA"	26	"Breast (Parenchymal)"
"RP-1447_ASCProject_0013_T1_v3_Exome_OnPrem"	"ASCProject_0013_T1"	"Tumor"	"ASCProject_0013"	"DNA"	"T1"	"ASCProject_0013_T1"	""	""	-623	"BREAST"	"BIOPSY "	"YES"	"NO"	"YES"	"LOW"	"ASCProject_0013"	"Breast (Parenchymal)"	"No Mets"	"Breast (Parenchymal)"	"Breast"	"No Mets"	"No Mets"	NA	4	"26"	"F"	"BREAST (PARENCHYMAL)"	"LEFT BREAST"	0	"NO"	0	0	""	""	""	""	""	""	""	""	"NO METS"	"NO METS"	"1241"	"BREAST (PARENCHYMAL)"	0	0	"13"	"DIAGNOSED"	26.22465753	""	""	""	""	""	"NO"	""	""	"NO"	"NO"	""	""	"BREAST"	"NO"	""	"NO"	""	"NO"	"YES"	"YES"	"True"	26	"BREAST (PARENCHYMAL)"	"Non-RAAS/LAAS"	0	"ASCProject_0013_T1"	26	"Breast (Parenchymal)"
"RP-1447_ASCProject_0014_SALIVA_v1_Exome_OnPrem"	"ASCProject_0014_SALIVA"	"Normal"	"ASCProject_0014"	"DNA"	""	"ASCProject_0014_SALIVA"	""	""	NA	""	""	""	""	""	""	"ASCProject_0014"	"Breast (Parenchymal)"	"No Mets"	"Breast (Parenchymal)"	"Breast"	"No Mets"	"No Mets"	NA	9	"29"	"F"	"BREAST (PARENCHYMAL)"	"RIGHT BREAST"	0	"NO"	0	0	""	""	""	""	""	""	""	""	"NO METS"	"NO METS"	"2337"	"BREAST (PARENCHYMAL)"	0	0	"14"	"DIAGNOSED"	29.4739726	"BREAST"	"BREAST"	"NED"	"YES"	"YES"	"NO"	""	"NO"	"NO"	"NO"	"NO"	"SOUTH_EAST_ASIAN"	"BREAST"	"NO"	""	"NO"	""	"NO"	"YES"	"YES"	"True"	29	"BREAST (PARENCHYMAL)"	"Non-RAAS/LAAS"	0	"ASCProject_0014_SALIVA"	29	"Breast (Parenchymal)"
"RP-1447_ASCProject_0015_SALIVA_v1_Exome_OnPrem"	"ASCProject_0015_SALIVA"	"Normal"	"ASCProject_0015"	"DNA"	""	"ASCProject_0015_SALIVA"	""	""	NA	""	""	""	""	""	""	"ASCProject_0015"	"HNFS"	"Distant Lymph Node"	"HNFS"	"Scalp"	"Distant Lymph Node"	"Distant Lymph Node"	NA	2	"66"	"M"	"HNFS"	"RIGHT SCALP"	0	"NO"	1	1	"HNFS"	"1472"	""	""	""	""	""	"23"	"DISTANT LYMPH NODE"	"DISTANT LYMPH NODE"	"1952"	"HNFS"	0	1	"15"	"DIAGNOSED"	66.10136986	"SCALP"	"HEADFACENECK,SCALP"	"SCALP"	"YES"	"YES"	"YES"	"AFTER"	"YES"	"YES"	"NO"	"NO"	"WHITE"	"SCALP"	"YES"	"LYMPH"	"YES"	"SCALP"	"YES"	"DK"	"NO"	"True"	66	"HNFS"	"Non-RAAS/LAAS"	1	"ASCProject_0015_SALIVA"	66	"HNFS"
"RP-1447_ASCProject_0016_SALIVA_v1_Exome_OnPrem"	"ASCProject_0016_SALIVA"	"Normal"	"ASCProject_0016"	"DNA"	""	"ASCProject_0016_SALIVA"	""	""	NA	""	""	""	""	""	""	"ASCProject_0016"	"Heart"	"Not Extracted"	"Heart"	""	""	""	NA	NA	""	""	""	""	NA	""	NA	NA	""	""	""	""	""	""	""	""	""	""	""	""	NA	NA	"16"	"DIAGNOSED"	21.2739726	"HEART,BONELIMB,DK"	"HEART,LUNG,BONELIMB"	"HEART,BONELIMB"	"YES"	"YES"	"NO"	""	"YES"	"NO"	"NO"	"YES"	"WHITE"	"HEART"	"YES"	"LUNG,BONELIMB"	"YES"	"BONELIMB"	"DK"	"NO"	"NO"	"False"	21.2739726	""	""	NA	"ASCProject_0016_SALIVA"	21.2739726	"Heart"
"RP-1447_ASCProject_0017_BLOOD_Normal_v1_Exome_OnPrem"	"ASCProject_0017_BLOOD_Normal"	"Normal"	"ASCProject_0017"	"DNA"	""	"ASCProject_0017_BLOOD_Normal"	""	""	NA	""	""	""	""	""	""	"ASCProject_0017"	"HNFS"	"Liver, Bone, Distant Lymph Node"	"HNFS"	"Scalp"	"Liver, Bone, Distant Lymph Node"	"Liver, Bone, Distant Lymph Node"	NA	4	"67"	"F"	"HNFS"	"SKIN, RIGHT FRONTAL SCALP "	0	"NO"	1	1	"HNFS, HNFS"	"231"	"583"	""	""	""	""	"386"	"LIVER, BONE, DISTANT LYMPH NODE"	"LIVER, BONE, DISTANT LYMPH NODE"	"814"	"HNFS"	0	1	"17"	"DIAGNOSED"	67.65205479	"SCALP"	"SCALP,LIVER,LYMPH,BONELIMB"	"SCALP,LIVER,LYMPH,BONELIMB"	"YES"	"NO"	"YES"	"AFTER"	"YES"	"NO"	"NO"	"NO"	"WHITE"	"SCALP"	"NO"	""	"YES"	"LIVER,LYMPH,BONELIMB,OTHER"	"YES"	"NO"	"YES"	"True"	67	"HNFS"	"Non-RAAS/LAAS"	3	"ASCProject_0017_BLOOD_Normal"	67	"HNFS"
"RP-1447_ASCProject_0017_BLOOD_v1_Exome_OnPrem"	"ASCProject_0017_BLOOD"	"Tumor"	"ASCProject_0017"	"DNA"	"BLOOD"	"ASCProject_0017_BLOOD"	""	""	504	"BLOOD BIOPSY"	"BLOOD BIOPSY"	""	""	""	""	"ASCProject_0017"	"HNFS"	"Liver, Bone, Distant Lymph Node"	"HNFS"	"Scalp"	"Liver, Bone, Distant Lymph Node"	"Liver, Bone, Distant Lymph Node"	NA	4	"67"	"F"	"HNFS"	"SKIN, RIGHT FRONTAL SCALP "	0	"NO"	1	1	"HNFS, HNFS"	"231"	"583"	""	""	""	""	"386"	"LIVER, BONE, DISTANT LYMPH NODE"	"LIVER, BONE, DISTANT LYMPH NODE"	"814"	"HNFS"	0	1	"17"	"DIAGNOSED"	67.65205479	"SCALP"	"SCALP,LIVER,LYMPH,BONELIMB"	"SCALP,LIVER,LYMPH,BONELIMB"	"YES"	"NO"	"YES"	"AFTER"	"YES"	"NO"	"NO"	"NO"	"WHITE"	"SCALP"	"NO"	""	"YES"	"LIVER,LYMPH,BONELIMB,OTHER"	"YES"	"NO"	"YES"	"True"	67	"HNFS"	"Non-RAAS/LAAS"	3	"ASCProject_0017_BLOOD"	67	"HNFS"
"RP-1447_ASCProject_0017_SALIVA_v3_Exome_OnPrem"	"ASCProject_0017_SALIVA"	"Normal"	"ASCProject_0017"	"DNA"	""	"ASCProject_0017_SALIVA"	""	""	NA	""	""	""	""	""	""	"ASCProject_0017"	"HNFS"	"Liver, Bone, Distant Lymph Node"	"HNFS"	"Scalp"	"Liver, Bone, Distant Lymph Node"	"Liver, Bone, Distant Lymph Node"	NA	4	"67"	"F"	"HNFS"	"SKIN, RIGHT FRONTAL SCALP "	0	"NO"	1	1	"HNFS, HNFS"	"231"	"583"	""	""	""	""	"386"	"LIVER, BONE, DISTANT LYMPH NODE"	"LIVER, BONE, DISTANT LYMPH NODE"	"814"	"HNFS"	0	1	"17"	"DIAGNOSED"	67.65205479	"SCALP"	"SCALP,LIVER,LYMPH,BONELIMB"	"SCALP,LIVER,LYMPH,BONELIMB"	"YES"	"NO"	"YES"	"AFTER"	"YES"	"NO"	"NO"	"NO"	"WHITE"	"SCALP"	"NO"	""	"YES"	"LIVER,LYMPH,BONELIMB,OTHER"	"YES"	"NO"	"YES"	"True"	67	"HNFS"	"Non-RAAS/LAAS"	3	"ASCProject_0017_SALIVA"	67	"HNFS"
"RP-1447_ASCProject_0017_T1_v1_Exome_OnPrem"	"ASCProject_0017_T1"	"Tumor"	"ASCProject_0017"	"DNA"	"T1"	"ASCProject_0017_T1"	""	""	0	"HEADFACENECKSCALP"	"BIOPSY "	"YES"	"YES"	"NO"	"HIGH"	"ASCProject_0017"	"HNFS"	"Liver, Bone, Distant Lymph Node"	"HNFS"	"Scalp"	"Liver, Bone, Distant Lymph Node"	"Liver, Bone, Distant Lymph Node"	NA	4	"67"	"F"	"HNFS"	"SKIN, RIGHT FRONTAL SCALP "	0	"NO"	1	1	"HNFS, HNFS"	"231"	"583"	""	""	""	""	"386"	"LIVER, BONE, DISTANT LYMPH NODE"	"LIVER, BONE, DISTANT LYMPH NODE"	"814"	"HNFS"	0	1	"17"	"DIAGNOSED"	67.65205479	"SCALP"	"SCALP,LIVER,LYMPH,BONELIMB"	"SCALP,LIVER,LYMPH,BONELIMB"	"YES"	"NO"	"YES"	"AFTER"	"YES"	"NO"	"NO"	"NO"	"WHITE"	"SCALP"	"NO"	""	"YES"	"LIVER,LYMPH,BONELIMB,OTHER"	"YES"	"NO"	"YES"	"True"	67	"HNFS"	"Non-RAAS/LAAS"	3	"ASCProject_0017_T1"	67	"HNFS"
"RP-1447_ASCProject_0017_T2_v2_Exome_OnPrem"	"ASCProject_0017_T2"	"Tumor"	"ASCProject_0017"	"DNA"	"T2"	"ASCProject_0017_T2"	""	""	144	"HEADFACENECKSCALP"	"RESECTION"	"YES"	"YES"	"NO"	"HIGH"	"ASCProject_0017"	"HNFS"	"Liver, Bone, Distant Lymph Node"	"HNFS"	"Scalp"	"Liver, Bone, Distant Lymph Node"	"Liver, Bone, Distant Lymph Node"	NA	4	"67"	"F"	"HNFS"	"SKIN, RIGHT FRONTAL SCALP "	0	"NO"	1	1	"HNFS, HNFS"	"231"	"583"	""	""	""	""	"386"	"LIVER, BONE, DISTANT LYMPH NODE"	"LIVER, BONE, DISTANT LYMPH NODE"	"814"	"HNFS"	0	1	"17"	"DIAGNOSED"	67.65205479	"SCALP"	"SCALP,LIVER,LYMPH,BONELIMB"	"SCALP,LIVER,LYMPH,BONELIMB"	"YES"	"NO"	"YES"	"AFTER"	"YES"	"NO"	"NO"	"NO"	"WHITE"	"SCALP"	"NO"	""	"YES"	"LIVER,LYMPH,BONELIMB,OTHER"	"YES"	"NO"	"YES"	"True"	67	"HNFS"	"Non-RAAS/LAAS"	3	"ASCProject_0017_T2"	67	"HNFS"
"RP-1447_ASCProject_0020_SALIVA_v2_Exome_OnPrem"	"ASCProject_0020_SALIVA"	"Normal"	"ASCProject_0020"	"DNA"	""	"ASCProject_0020_SALIVA"	""	""	NA	""	""	""	""	""	""	"ASCProject_0020"	"Breast (Cutaneous)"	"No Mets"	"Breast (Cutaneous)"	"Thorax and trunk"	"No Mets"	"No Mets"	NA	3	"53"	"F"	"SKIN-CUTANEOUS (ASSOCIATED WITH PRIOR RT)"	"RIGHT ANTERIOR CHEST WALL LESION"	1	"NO"	1	0	""	""	""	""	""	""	""	""	"NO METS"	"NO METS"	"1809"	"BREAST (CUTANEOUS)"	0	0	"20"	"DIAGNOSED"	53.07945205	"OTHER"	"OTHER"	"NED"	"YES"	"YES"	"YES"	"AFTER"	"NO"	"YES"	"YES"	"NO"	"WHITE"	""	""	""	""	""	""	""	""	"True"	53	"BREAST (CUTANEOUS)"	"RAAS"	0	"ASCProject_0020_SALIVA"	53	"Breast (Cutaneous)"
"RP-1447_ASCProject_0020_T1_v2_Exome_OnPrem"	"ASCProject_0020_T1"	"Tumor"	"ASCProject_0020"	"DNA"	"T1"	"ASCProject_0020_T1"	""	""	21	"BONELIMB"	"Resection"	"YES (FOCAL)"	"YES"	"YES"	"HIGH"	"ASCProject_0020"	"Breast (Cutaneous)"	"No Mets"	"Breast (Cutaneous)"	"Thorax and trunk"	"No Mets"	"No Mets"	NA	3	"53"	"F"	"SKIN-CUTANEOUS (ASSOCIATED WITH PRIOR RT)"	"RIGHT ANTERIOR CHEST WALL LESION"	1	"NO"	1	0	""	""	""	""	""	""	""	""	"NO METS"	"NO METS"	"1809"	"BREAST (CUTANEOUS)"	0	0	"20"	"DIAGNOSED"	53.07945205	"OTHER"	"OTHER"	"NED"	"YES"	"YES"	"YES"	"AFTER"	"NO"	"YES"	"YES"	"NO"	"WHITE"	""	""	""	""	""	""	""	""	"True"	53	"BREAST (CUTANEOUS)"	"RAAS"	0	"ASCProject_0020_T1"	53	"Breast (Cutaneous)"
"RP-1447_ASCProject_0021_SALIVA_v1_Exome_OnPrem"	"ASCProject_0021_SALIVA"	"Normal"	"ASCProject_0021"	"DNA"	""	"ASCProject_0021_SALIVA"	""	""	NA	""	""	""	""	""	""	"ASCProject_0021"	"Breast (NOS)"	"Not Extracted"	"Breast (NOS)"	""	""	""	NA	NA	""	""	""	""	NA	""	NA	NA	""	""	""	""	""	""	""	""	""	""	""	""	NA	NA	"21"	"DIAGNOSED"	31.58630137	"BREAST"	"BREAST"	"NED"	"YES"	"YES"	"YES"	"AFTER"	"NO"	"NO"	"NO"	"NO"	"WHITE"	""	""	""	""	""	""	""	""	"False"	31.58630137	"BREAST (NOS)"	""	NA	"ASCProject_0021_SALIVA"	31.58630137	"Breast (NOS)"
"RP-1447_ASCProject_0023_SALIVA_v1_Exome_OnPrem"	"ASCProject_0023_SALIVA"	"Normal"	"ASCProject_0023"	"DNA"	""	"ASCProject_0023_SALIVA"	""	""	NA	""	""	""	""	""	""	"ASCProject_0023"	"HNFS"	""	"HNFS"	"Lip"	""	""	NA	8	"22"	"M"	"HNFS"	"LEFT LOWER LIP"	0	"NO"	1	NA	"NOT FOUND IN RECORD"	"NOT FOUND IN RECORD"	"NOT FOUND IN RECORD"	"NOT FOUND IN RECORD"	"NOT FOUND IN RECORD"	"NOT FOUND IN RECORD"	"NOT FOUND IN RECORD"	"NOT FOUND IN RECORD"	"NOT FOUND IN RECORD"	"NOT FOUND IN RECORD"	"12965"	"HNFS"	0	NA	"23"	"DIAGNOSED"	22.00273973	"HEADFACENECK"	"HEADFACENECK"	"NED"	"YES"	"YES"	"YES"	"AFTER"	"NO"	"YES"	"NO"	"NO"	"WHITE"	""	""	""	""	""	""	""	""	"True"	22	"HNFS"	"Non-RAAS/LAAS"	NA	"ASCProject_0023_SALIVA"	22	"HNFS"
"RP-1447_ASCProject_0024_BLOOD_Normal_v1_Exome_OnPrem"	"ASCProject_0024_BLOOD_Normal"	"Normal"	"ASCProject_0024"	"DNA"	""	"ASCProject_0024_BLOOD_Normal"	""	""	NA	""	""	""	""	""	""	"ASCProject_0024"	"Other Visceral Organs"	"Brain"	"Lung"	"Lung"	"Brain"	"Brain"	NA	5	"27"	"M"	"VISCERAL ORGAN"	"LEFT LUNG LINGULA "	0	"NO"	0	1	"VISCERAL ORGAN"	"951"	""	""	""	""	""	"1584"	"BRAIN"	"BRAIN"	"3219"	"LUNG"	0	1	"24"	"DIAGNOSED"	27.39726027	"LUNG"	"LUNG,BRAIN,LYMPH"	"LUNG"	"YES"	"YES"	"YES"	"BOTH"	"YES"	"NO"	"NO"	"NO"	"WHITE"	""	""	""	""	""	""	""	""	"True"	27	"LUNG"	"Non-RAAS/LAAS"	1	"ASCProject_0024_BLOOD_Normal"	27	"Other Visceral Organs"
"RP-1447_ASCProject_0024_SALIVA_v3_Exome_OnPrem"	"ASCProject_0024_SALIVA"	"Normal"	"ASCProject_0024"	"DNA"	""	"ASCProject_0024_SALIVA"	""	""	NA	""	""	""	""	""	""	"ASCProject_0024"	"Other Visceral Organs"	"Brain"	"Lung"	"Lung"	"Brain"	"Brain"	NA	5	"27"	"M"	"VISCERAL ORGAN"	"LEFT LUNG LINGULA "	0	"NO"	0	1	"VISCERAL ORGAN"	"951"	""	""	""	""	""	"1584"	"BRAIN"	"BRAIN"	"3219"	"LUNG"	0	1	"24"	"DIAGNOSED"	27.39726027	"LUNG"	"LUNG,BRAIN,LYMPH"	"LUNG"	"YES"	"YES"	"YES"	"BOTH"	"YES"	"NO"	"NO"	"NO"	"WHITE"	""	""	""	""	""	""	""	""	"True"	27	"LUNG"	"Non-RAAS/LAAS"	1	"ASCProject_0024_SALIVA"	27	"Other Visceral Organs"
"RP-1447_ASCProject_0024_T2_v1_Exome_OnPrem"	"ASCProject_0024_T2"	"Tumor"	"ASCProject_0024"	"DNA"	"T2"	"ASCProject_0024_T2"	""	""	1258	"LUNG"	"PNEUMONECTOMY"	"YES"	"NO"	"YES"	"HIGH"	"ASCProject_0024"	"Other Visceral Organs"	"Brain"	"Lung"	"Lung"	"Brain"	"Brain"	NA	5	"27"	"M"	"VISCERAL ORGAN"	"LEFT LUNG LINGULA "	0	"NO"	0	1	"VISCERAL ORGAN"	"951"	""	""	""	""	""	"1584"	"BRAIN"	"BRAIN"	"3219"	"LUNG"	0	1	"24"	"DIAGNOSED"	27.39726027	"LUNG"	"LUNG,BRAIN,LYMPH"	"LUNG"	"YES"	"YES"	"YES"	"BOTH"	"YES"	"NO"	"NO"	"NO"	"WHITE"	""	""	""	""	""	""	""	""	"True"	27	"LUNG"	"Non-RAAS/LAAS"	1	"ASCProject_0024_T2"	27	"Other Visceral Organs"
"RP-1447_ASCProject_0025_SALIVA_v1_Exome_OnPrem"	"ASCProject_0025_SALIVA"	"Normal"	"ASCProject_0025"	"DNA"	""	"ASCProject_0025_SALIVA"	""	""	NA	""	""	""	""	""	""	"ASCProject_0025"	"Breast (Parenchymal)"	"Visceral Organ, Liver, Bone, Distant Lymph Node"	"Breast (Parenchymal)"	"Breast"	"Ovary"	"Ovary, Liver, Bone, Distant Lymph Node"	NA	9	"28"	"F"	"BREAST (PARENCHYMAL)"	"LEFT BREAST"	0	"NO"	0	0	""	""	""	""	""	""	""	"609"	"OTHER [LEFT OVARY, PARAOVARIAN/MESORECTAL SOFT TISSUE]"	"OTHER [LEFT OVARY, PARAOVARIAN/MESORECTAL SOFT TISSUE, PERITONEUM], LIVER, BONE, DISTANT LYMPH NODE"	"1503"	"BREAST (PARENCHYMAL)"	0	1	"25"	"DIAGNOSED"	28.99452055	"BREAST"	"OTHER"	"NED"	"YES"	"YES"	"NO"	""	"YES"	"NO"	"NO"	"NO"	"WHITE"	""	""	""	""	""	""	""	""	"True"	28	"BREAST (PARENCHYMAL)"	"Non-RAAS/LAAS"	6	"ASCProject_0025_SALIVA"	28	"Breast (Parenchymal)"
"RP-1447_ASCProject_0026_BLOOD_Normal_v2_Exome_OnPrem"	"ASCProject_0026_BLOOD_Normal"	"Normal"	"ASCProject_0026"	"DNA"	""	"ASCProject_0026_BLOOD_Normal"	""	""	NA	""	""	""	""	""	""	"ASCProject_0026"	"Breast (Parenchymal)"	"Liver"	"Breast (Parenchymal)"	"Breast"	"Liver"	"Liver"	NA	5	"56"	"F"	"BREAST (PARENCHYMAL)"	"RIGHT BREAST"	0	"NO"	0	0	""	""	""	""	""	""	""	"1248"	"LIVER"	"LIVER"	"1679"	"BREAST (PARENCHYMAL)"	0	1	"26"	"DIAGNOSED"	56.51506849	"BREAST"	"BREAST,LIVER"	"LIVER"	"YES"	"YES"	"NO"	""	"YES"	"NO"	"NO"	"NO"	"WHITE"	""	""	""	""	""	""	""	""	"True"	56	"BREAST (PARENCHYMAL)"	"Non-RAAS/LAAS"	1	"ASCProject_0026_BLOOD_Normal"	56	"Breast (Parenchymal)"
"RP-1447_ASCProject_0026_BLOOD_v1_Exome_OnPrem"	"ASCProject_0026_BLOOD"	"Tumor"	"ASCProject_0026"	"DNA"	"BLOOD"	"ASCProject_0026_BLOOD"	""	""	NA	""	""	""	""	""	""	"ASCProject_0026"	"Breast (Parenchymal)"	"Liver"	"Breast (Parenchymal)"	"Breast"	"Liver"	"Liver"	NA	5	"56"	"F"	"BREAST (PARENCHYMAL)"	"RIGHT BREAST"	0	"NO"	0	0	""	""	""	""	""	""	""	"1248"	"LIVER"	"LIVER"	"1679"	"BREAST (PARENCHYMAL)"	0	1	"26"	"DIAGNOSED"	56.51506849	"BREAST"	"BREAST,LIVER"	"LIVER"	"YES"	"YES"	"NO"	""	"YES"	"NO"	"NO"	"NO"	"WHITE"	""	""	""	""	""	""	""	""	"True"	56	"BREAST (PARENCHYMAL)"	"Non-RAAS/LAAS"	1	"ASCProject_0026_BLOOD"	56	"Breast (Parenchymal)"
"RP-1447_ASCProject_0026_T1_v2_Exome_OnPrem"	"ASCProject_0026_T1"	"Tumor"	"ASCProject_0026"	"DNA"	"T1"	"ASCProject_0026_T1"	""	""	27	"BREAST"	"MASTECTOMY"	"YES"	"NO"	"NO"	"LOW"	"ASCProject_0026"	"Breast (Parenchymal)"	"Liver"	"Breast (Parenchymal)"	"Breast"	"Liver"	"Liver"	NA	5	"56"	"F"	"BREAST (PARENCHYMAL)"	"RIGHT BREAST"	0	"NO"	0	0	""	""	""	""	""	""	""	"1248"	"LIVER"	"LIVER"	"1679"	"BREAST (PARENCHYMAL)"	0	1	"26"	"DIAGNOSED"	56.51506849	"BREAST"	"BREAST,LIVER"	"LIVER"	"YES"	"YES"	"NO"	""	"YES"	"NO"	"NO"	"NO"	"WHITE"	""	""	""	""	""	""	""	""	"True"	56	"BREAST (PARENCHYMAL)"	"Non-RAAS/LAAS"	1	"ASCProject_0026_T1"	56	"Breast (Parenchymal)"
"RP-1447_ASCProject_0027_SALIVA_v1_Exome_OnPrem"	"ASCProject_0027_SALIVA"	"Normal"	"ASCProject_0027"	"DNA"	""	"ASCProject_0027_SALIVA"	""	""	NA	""	""	""	""	""	""	"ASCProject_0027"	"Breast (NOS)"	"Not Extracted"	"Breast (NOS)"	""	""	""	NA	NA	""	""	""	""	NA	""	NA	NA	""	""	""	""	""	""	""	""	""	""	""	""	NA	NA	"27"	"DIAGNOSED"	67.57534247	"BREAST"	"BREAST"	"NED"	"YES"	"YES"	"NO"	""	"NO"	"YES"	"YES"	"NO"	"WHITE"	""	""	""	""	""	""	""	""	"False"	67.57534247	"BREAST (NOS)"	""	NA	"ASCProject_0027_SALIVA"	67.57534247	"Breast (NOS)"
"RP-1447_ASCProject_0028_SALIVA_v1_Exome_OnPrem"	"ASCProject_0028_SALIVA"	"Normal"	"ASCProject_0028"	"DNA"	""	"ASCProject_0028_SALIVA"	""	""	NA	""	""	""	""	""	""	"ASCProject_0028"	"Extremities"	"Not Extracted"	"Lower Extremity"	""	""	""	NA	NA	""	""	""	""	NA	""	NA	NA	""	""	""	""	""	""	""	""	""	""	""	""	NA	NA	"28"	"DIAGNOSED"	70.07945205	"OTHER"	"OTHER"	"NED"	"YES"	"YES"	"NO"	""	"NO"	"NO"	"NO"	"NO"	"AMERICAN_INDIAN,WHITE"	""	""	""	""	""	""	""	""	"False"	70.07945205	"OTHER"	""	NA	"ASCProject_0028_SALIVA"	70.07945205	"Extremities"
"RP-1447_ASCProject_0030_SALIVA_v2_Exome_OnPrem"	"ASCProject_0030_SALIVA"	"Normal"	"ASCProject_0030"	"DNA"	""	"ASCProject_0030_SALIVA"	""	""	NA	""	""	""	""	""	""	"ASCProject_0030"	"Breast (Parenchymal)"	"No Mets"	"Breast (Parenchymal)"	"Breast"	"No Mets"	"No Mets"	NA	5	"30"	"F"	"BREAST (PARENCHYMAL)"	"LEFT BREAST"	0	"NO"	0	0	""	""	""	""	""	""	""	""	"NO METS"	"NO METS"	"1079"	"BREAST (PARENCHYMAL)"	0	0	"30"	"DIAGNOSED"	30.8630137	"BREAST"	"BREAST"	"NED"	"YES"	"YES"	"YES"	"AFTER"	"NO"	"NO"	"NO"	"NO"	"WHITE"	""	""	""	""	""	""	""	""	"True"	30	"BREAST (PARENCHYMAL)"	"Non-RAAS/LAAS"	0	"ASCProject_0030_SALIVA"	30	"Breast (Parenchymal)"
"RP-1447_ASCProject_0030_T1_v1_Exome_OnPrem"	"ASCProject_0030_T1"	"Tumor"	"ASCProject_0030"	"DNA"	"T1"	"ASCProject_0030_T1"	""	""	15	"BREAST"	"MASTECTOMY"	"YES"	"NO"	"YES (FOCAL)"	"LOW"	"ASCProject_0030"	"Breast (Parenchymal)"	"No Mets"	"Breast (Parenchymal)"	"Breast"	"No Mets"	"No Mets"	NA	5	"30"	"F"	"BREAST (PARENCHYMAL)"	"LEFT BREAST"	0	"NO"	0	0	""	""	""	""	""	""	""	""	"NO METS"	"NO METS"	"1079"	"BREAST (PARENCHYMAL)"	0	0	"30"	"DIAGNOSED"	30.8630137	"BREAST"	"BREAST"	"NED"	"YES"	"YES"	"YES"	"AFTER"	"NO"	"NO"	"NO"	"NO"	"WHITE"	""	""	""	""	""	""	""	""	"True"	30	"BREAST (PARENCHYMAL)"	"Non-RAAS/LAAS"	0	"ASCProject_0030_T1"	30	"Breast (Parenchymal)"
"RP-1447_ASCProject_0032_SALIVA_2_v1_Exome_OnPrem"	"ASCProject_0032_SALIVA_2"	"Normal"	"ASCProject_0032"	"DNA"	""	"ASCProject_0032_SALIVA_2"	""	""	NA	""	""	""	""	""	""	"ASCProject_0032"	"HNFS"	"Not Extracted"	"HNFS"	""	""	""	NA	NA	""	""	""	""	NA	""	NA	NA	""	""	""	""	""	""	""	""	""	""	""	""	NA	NA	"32"	"DIAGNOSED"	27.8109589	"HEADFACENECK"	"HEADFACENECK"	"HEADFACENECK"	"NO"	""	"YES"	""	"YES"	"NO"	"NO"	"NO"	"WHITE"	""	""	""	""	""	""	""	""	"False"	27.8109589	"HNFS"	""	NA	"ASCProject_0032_SALIVA_2"	27.8109589	"HNFS"
"RP-1447_ASCProject_0034_SALIVA_v1_Exome_OnPrem"	"ASCProject_0034_SALIVA"	"Normal"	"ASCProject_0034"	"DNA"	""	"ASCProject_0034_SALIVA"	""	""	NA	""	""	""	""	""	""	"ASCProject_0034"	"Other Rare Sites"	"No Mets"	"Penis"	"Penis"	"No Mets"	"No Mets"	NA	12	"57"	"M"	"OTHER [PENIS]"	"SCROTUM"	0	"NO"	0	0	""	""	""	""	""	""	""	""	"NO METS"	"NO METS"	"1582"	"OTHER"	0	0	"34"	"DIAGNOSED"	57.83287671	"OTHER"	""	"OTHER"	"NO"	""	"NO"	""	"YES"	"NO"	"NO"	"NO"	"WHITE"	""	""	""	""	""	""	""	""	"True"	57	"OTHER"	"Non-RAAS/LAAS"	0	"ASCProject_0034_SALIVA"	57	"Other Rare Sites"
"RP-1447_ASCProject_0035_SALIVA_v3_Exome_OnPrem"	"ASCProject_0035_SALIVA"	"Normal"	"ASCProject_0035"	"DNA"	""	"ASCProject_0035_SALIVA"	""	""	NA	""	""	""	""	""	""	"ASCProject_0035"	"HNFS"	"No Mets"	"HNFS"	"Scalp"	"No Mets"	"No Mets"	NA	4	"59"	"F"	"HNFS"	"SCALP (POSTERIOR VERTEX)"	0	"NO"	1	1	"HNFS"	"897"	""	""	""	""	""	""	"NO METS"	"NO METS"	"2918"	"HNFS"	0	0	"35"	"DIAGNOSED"	59.97260274	"SCALP"	"SCALP"	"NED"	"YES"	"YES"	"YES"	"AFTER"	"NO"	"YES"	"NO"	"NO"	"WHITE"	""	""	""	""	""	""	""	""	"True"	59	"HNFS"	"Non-RAAS/LAAS"	0	"ASCProject_0035_SALIVA"	59	"HNFS"
"RP-1447_ASCProject_0035_T2_v3_Exome_OnPrem"	"ASCProject_0035_T2"	"Tumor"	"ASCProject_0035"	"DNA"	"T2"	"ASCProject_0035_T2"	""	""	13	"HEADFACENECKSCALP"	""	""	""	""	""	"ASCProject_0035"	"HNFS"	"No Mets"	"HNFS"	"Scalp"	"No Mets"	"No Mets"	NA	4	"59"	"F"	"HNFS"	"SCALP (POSTERIOR VERTEX)"	0	"NO"	1	1	"HNFS"	"897"	""	""	""	""	""	""	"NO METS"	"NO METS"	"2918"	"HNFS"	0	0	"35"	"DIAGNOSED"	59.97260274	"SCALP"	"SCALP"	"NED"	"YES"	"YES"	"YES"	"AFTER"	"NO"	"YES"	"NO"	"NO"	"WHITE"	""	""	""	""	""	""	""	""	"True"	59	"HNFS"	"Non-RAAS/LAAS"	0	"ASCProject_0035_T2"	59	"HNFS"
"RP-1447_ASCProject_0036_BLOOD_v1_Exome_OnPrem"	"ASCProject_0036_BLOOD"	"Unknown"	"ASCProject_0036"	"DNA"	""	"ASCProject_0036_BLOOD"	""	""	NA	""	""	""	""	""	""	""	""	""	""	""	""	""	NA	NA	""	""	""	""	NA	""	NA	NA	""	""	""	""	""	""	""	""	""	""	""	""	NA	NA	""	""	NA	""	""	""	""	""	""	""	""	""	""	""	""	""	""	""	""	""	""	""	""	""	NA	""	""	NA	"ASCProject_0036_BLOOD"	NA	""
"RP-1447_ASCProject_0036_SALIVA_v2_Exome_OnPrem"	"ASCProject_0036_SALIVA"	"Normal"	"ASCProject_0036"	"DNA"	""	"ASCProject_0036_SALIVA"	""	""	NA	""	""	""	""	""	""	""	""	""	""	""	""	""	NA	NA	""	""	""	""	NA	""	NA	NA	""	""	""	""	""	""	""	""	""	""	""	""	NA	NA	""	""	NA	""	""	""	""	""	""	""	""	""	""	""	""	""	""	""	""	""	""	""	""	""	NA	""	""	NA	"ASCProject_0036_SALIVA"	NA	""
"RP-1447_ASCProject_0036_T1_v2_Exome_OnPrem"	"ASCProject_0036_T1"	"Tumor"	"ASCProject_0036"	"DNA"	"T1"	"ASCProject_0036_T1"	""	""	NA	"LUNG"	""	""	""	""	""	""	""	""	""	""	""	""	NA	NA	""	""	""	""	NA	""	NA	NA	""	""	""	""	""	""	""	""	""	""	""	""	NA	NA	""	""	NA	""	""	""	""	""	""	""	""	""	""	""	""	""	""	""	""	""	""	""	""	""	NA	""	""	NA	"ASCProject_0036_T1"	NA	""
"RP-1447_ASCProject_0038_SALIVA_v2_Exome_OnPrem"	"ASCProject_0038_SALIVA"	"Normal"	"ASCProject_0038"	"DNA"	""	"ASCProject_0038_SALIVA"	""	""	NA	""	""	""	""	""	""	"ASCProject_0038"	"HNFS"	"Bone"	"HNFS"	"Scalp"	"Bone"	"Bone"	NA	5	"63"	"M"	"HNFS"	"ANTERIOR SCALP"	0	"NO"	1	1	"HNFS,HNFS"	"128"	"269"	""	""	""	""	"577"	"BONE"	"BONE"	"758"	"HNFS"	0	1	"38"	"DIAGNOSED"	63.07671233	"HEADFACENECK"	"HEADFACENECK"	"HEADFACENECK"	"YES"	"YES"	"NO"	""	"YES"	"NO"	"NO"	"NO"	"WHITE"	""	""	""	""	""	""	""	""	"True"	63	"HNFS"	"Non-RAAS/LAAS"	1	"ASCProject_0038_SALIVA"	63	"HNFS"
"RP-1447_ASCProject_0038_T1_v3_Exome_OnPrem"	"ASCProject_0038_T1"	"Tumor"	"ASCProject_0038"	"DNA"	"T1"	"ASCProject_0038_T1"	""	""	0	"HEADFACENECKSCALP"	"EXCISION"	"YES"	"NO"	"NO"	"LOW"	"ASCProject_0038"	"HNFS"	"Bone"	"HNFS"	"Scalp"	"Bone"	"Bone"	NA	5	"63"	"M"	"HNFS"	"ANTERIOR SCALP"	0	"NO"	1	1	"HNFS,HNFS"	"128"	"269"	""	""	""	""	"577"	"BONE"	"BONE"	"758"	"HNFS"	0	1	"38"	"DIAGNOSED"	63.07671233	"HEADFACENECK"	"HEADFACENECK"	"HEADFACENECK"	"YES"	"YES"	"NO"	""	"YES"	"NO"	"NO"	"NO"	"WHITE"	""	""	""	""	""	""	""	""	"True"	63	"HNFS"	"Non-RAAS/LAAS"	1	"ASCProject_0038_T1"	63	"HNFS"
"RP-1447_ASCProject_0039_SALIVA_v1_Exome_OnPrem"	"ASCProject_0039_SALIVA"	"Normal"	"ASCProject_0039"	"DNA"	""	"ASCProject_0039_SALIVA"	""	""	NA	""	""	""	""	""	""	"ASCProject_0039"	"Extremities"	"Not Extracted"	"Upper Extremity"	""	""	""	NA	NA	""	""	""	""	NA	""	NA	NA	""	""	""	""	""	""	""	""	""	""	""	""	NA	NA	"39"	"DIAGNOSED"	46.7260274	"BONELIMB"	"BONELIMB"	"NED"	"YES"	"YES"	"YES"	"AFTER"	"NO"	"YES"	"YES"	"NO"	"WHITE"	""	""	""	""	""	""	""	""	"False"	46.7260274	"BONELIMB"	""	NA	"ASCProject_0039_SALIVA"	46.7260274	"Extremities"
"RP-1447_ASCProject_0042_SALIVA_v1_Exome_OnPrem"	"ASCProject_0042_SALIVA"	"Normal"	"ASCProject_0042"	"DNA"	""	"ASCProject_0042_SALIVA"	""	""	NA	""	""	""	""	""	""	"ASCProject_0042"	"HNFS"	"No Mets"	"HNFS"	"Scalp"	"No Mets"	"No Mets"	NA	10	"83"	"F"	"HNFS"	"LEFT SCALP"	0	"NO"	1	0	""	""	""	""	""	""	""	""	"NO METS"	"NO METS"	"355"	"HNFS"	0	0	"42"	"DIAGNOSED"	83.2630137	"SCALP"	"HEADFACENECK,SCALP"	"NED"	"NO"	""	"YES"	""	""	"NO"	"NO"	"NO"	"WHITE"	""	""	""	""	""	""	""	""	"True"	83	"HNFS"	"Non-RAAS/LAAS"	0	"ASCProject_0042_SALIVA"	83	"HNFS"
"RP-1447_ASCProject_0044_BLOOD_Normal_v2_Exome_OnPrem"	"ASCProject_0044_BLOOD_Normal"	"Normal"	"ASCProject_0044"	"DNA"	""	"ASCProject_0044_BLOOD_Normal"	""	""	NA	""	""	""	""	""	""	"ASCProject_0044"	"Other Visceral Organs"	"Bone, Distant Lymph Node"	"Lung"	"Lung"	"Bone"	"Bone, Distant Lymph Node"	NA	1	"40"	"M"	"VISCERAL ORGAN"	"LEFT LOWER LUNG"	0	"NO"	0	1	"VISCERAL ORGAN"	"728"	""	""	""	""	""	"0"	"BONE"	"BONE, DISTANT LYMPH NODES"	"777"	"LUNG"	0	1	"44"	"DIAGNOSED"	40.45479452	"LUNG,BONELIMB"	"LUNG,BONELIMB"	"LUNG,BONELIMB"	"NO"	""	"NO"	""	"YES"	"NO"	"NO"	"NO"	"WHITE"	""	""	""	""	""	""	""	""	"True"	40	"LUNG"	"Non-RAAS/LAAS"	2	"ASCProject_0044_BLOOD_Normal"	40	"Other Visceral Organs"
"RP-1447_ASCProject_0044_BLOOD_v1_Exome_OnPrem"	"ASCProject_0044_BLOOD"	"Tumor"	"ASCProject_0044"	"DNA"	"BLOOD"	"ASCProject_0044_BLOOD"	""	""	NA	""	""	""	""	""	""	"ASCProject_0044"	"Other Visceral Organs"	"Bone, Distant Lymph Node"	"Lung"	"Lung"	"Bone"	"Bone, Distant Lymph Node"	NA	1	"40"	"M"	"VISCERAL ORGAN"	"LEFT LOWER LUNG"	0	"NO"	0	1	"VISCERAL ORGAN"	"728"	""	""	""	""	""	"0"	"BONE"	"BONE, DISTANT LYMPH NODES"	"777"	"LUNG"	0	1	"44"	"DIAGNOSED"	40.45479452	"LUNG,BONELIMB"	"LUNG,BONELIMB"	"LUNG,BONELIMB"	"NO"	""	"NO"	""	"YES"	"NO"	"NO"	"NO"	"WHITE"	""	""	""	""	""	""	""	""	"True"	40	"LUNG"	"Non-RAAS/LAAS"	2	"ASCProject_0044_BLOOD"	40	"Other Visceral Organs"
"RP-1447_ASCProject_0044_SALIVA_v4_Exome_OnPrem"	"ASCProject_0044_SALIVA"	"Normal"	"ASCProject_0044"	"DNA"	""	"ASCProject_0044_SALIVA"	""	""	NA	""	""	""	""	""	""	"ASCProject_0044"	"Other Visceral Organs"	"Bone, Distant Lymph Node"	"Lung"	"Lung"	"Bone"	"Bone, Distant Lymph Node"	NA	1	"40"	"M"	"VISCERAL ORGAN"	"LEFT LOWER LUNG"	0	"NO"	0	1	"VISCERAL ORGAN"	"728"	""	""	""	""	""	"0"	"BONE"	"BONE, DISTANT LYMPH NODES"	"777"	"LUNG"	0	1	"44"	"DIAGNOSED"	40.45479452	"LUNG,BONELIMB"	"LUNG,BONELIMB"	"LUNG,BONELIMB"	"NO"	""	"NO"	""	"YES"	"NO"	"NO"	"NO"	"WHITE"	""	""	""	""	""	""	""	""	"True"	40	"LUNG"	"Non-RAAS/LAAS"	2	"ASCProject_0044_SALIVA"	40	"Other Visceral Organs"
"RP-1447_ASCProject_0045_SALIVA_v3_Exome_OnPrem"	"ASCProject_0045_SALIVA"	"Normal"	"ASCProject_0045"	"DNA"	""	"ASCProject_0045_SALIVA"	""	""	NA	""	""	""	""	""	""	"ASCProject_0045"	"Breast (Parenchymal)"	"No Mets"	"Breast (Parenchymal)"	"Breast"	"No Mets"	"No Mets"	NA	5	"31"	"F"	"BREAST (PARENCHYMAL)"	"LEFT BREAST"	0	"NO"	0	0	""	""	""	""	""	""	""	""	"NO METS"	"NO METS"	"652"	"BREAST (PARENCHYMAL)"	0	0	"45"	"DIAGNOSED"	31.81917808	"BREAST"	"BREAST"	"NED"	"YES"	"YES"	"YES"	"AFTER"	"NO"	"NO"	"NO"	"NO"	"WHITE"	""	""	""	""	""	""	""	""	"True"	31	"BREAST (PARENCHYMAL)"	"Non-RAAS/LAAS"	0	"ASCProject_0045_SALIVA"	31	"Breast (Parenchymal)"
"RP-1447_ASCProject_0045_T1_v3_Exome_OnPrem"	"ASCProject_0045_T1"	"Tumor"	"ASCProject_0045"	"DNA"	"T1"	"ASCProject_0045_T1"	""	""	14	"BREAST"	"MASTECTOMY"	"YES"	"NO"	"YES"	"HIGH"	"ASCProject_0045"	"Breast (Parenchymal)"	"No Mets"	"Breast (Parenchymal)"	"Breast"	"No Mets"	"No Mets"	NA	5	"31"	"F"	"BREAST (PARENCHYMAL)"	"LEFT BREAST"	0	"NO"	0	0	""	""	""	""	""	""	""	""	"NO METS"	"NO METS"	"652"	"BREAST (PARENCHYMAL)"	0	0	"45"	"DIAGNOSED"	31.81917808	"BREAST"	"BREAST"	"NED"	"YES"	"YES"	"YES"	"AFTER"	"NO"	"NO"	"NO"	"NO"	"WHITE"	""	""	""	""	""	""	""	""	"True"	31	"BREAST (PARENCHYMAL)"	"Non-RAAS/LAAS"	0	"ASCProject_0045_T1"	31	"Breast (Parenchymal)"
"RP-1447_ASCProject_0046_SALIVA_v1_Exome_OnPrem"	"ASCProject_0046_SALIVA"	"Normal"	"ASCProject_0046"	"DNA"	""	"ASCProject_0046_SALIVA"	""	""	NA	""	""	""	""	""	""	"ASCProject_0046"	"HNFS"	"Not Extracted"	"HNFS"	""	""	""	NA	NA	""	""	""	""	NA	""	NA	NA	""	""	""	""	""	""	""	""	""	""	""	""	NA	NA	"46"	"DIAGNOSED"	59.52876712	"SCALP"	"SCALP"	"NED"	"YES"	"YES"	""	""	"NO"	"NO"	"NO"	"NO"	"AMERICAN_INDIAN,WHITE"	""	""	""	""	""	""	""	""	"False"	59.52876712	"HNFS"	""	NA	"ASCProject_0046_SALIVA"	59.52876712	"HNFS"
"RP-1447_ASCProject_0047_BLOOD_BC_v1_Exome_OnPrem"	"ASCProject_0047_BLOOD_BC"	"Normal"	"ASCProject_0047"	"DNA"	""	"ASCProject_0047_BLOOD_BC"	""	""	NA	""	""	""	""	""	""	"ASCProject_0047"	"Breast (Cutaneous)"	"No Mets"	"Breast (Cutaneous)"	"Breast"	"No Mets"	"No Mets"	NA	5	"68"	"F"	"BREAST (CUTANEOUS)"	"RIGHT BREAST "	1	"NO"	1	0	""	""	""	""	""	""	""	""	"NO METS"	"NO METS"	"492"	"BREAST (CUTANEOUS)"	0	0	"47"	"DIAGNOSED"	68.2630137	"BREAST"	"BREAST"	"DK"	"YES"	"YES"	"NO"	""	"NO"	"YES"	"YES"	"NO"	"WHITE"	""	""	""	""	""	""	""	""	"True"	68	"BREAST (CUTANEOUS)"	"RAAS"	0	"ASCProject_0047_BLOOD_BC"	68	"Breast (Cutaneous)"
"RP-1447_ASCProject_0047_T1_v2_Exome_OnPrem"	"ASCProject_0047_T1"	"Tumor"	"ASCProject_0047"	"DNA"	"T1"	"ASCProject_0047_T1"	""	""	0	"BREAST"	"EXCISION"	"YES"	"NO"	"NO"	"LOW"	"ASCProject_0047"	"Breast (Cutaneous)"	"No Mets"	"Breast (Cutaneous)"	"Breast"	"No Mets"	"No Mets"	NA	5	"68"	"F"	"BREAST (CUTANEOUS)"	"RIGHT BREAST "	1	"NO"	1	0	""	""	""	""	""	""	""	""	"NO METS"	"NO METS"	"492"	"BREAST (CUTANEOUS)"	0	0	"47"	"DIAGNOSED"	68.2630137	"BREAST"	"BREAST"	"DK"	"YES"	"YES"	"NO"	""	"NO"	"YES"	"YES"	"NO"	"WHITE"	""	""	""	""	""	""	""	""	"True"	68	"BREAST (CUTANEOUS)"	"RAAS"	0	"ASCProject_0047_T1"	68	"Breast (Cutaneous)"
"RP-1447_ASCProject_0049_SALIVA_v3_Exome_OnPrem"	"ASCProject_0049_SALIVA"	"Normal"	"ASCProject_0049"	"DNA"	""	"ASCProject_0049_SALIVA"	""	""	NA	""	""	""	""	""	""	"ASCProject_0049"	"Breast (Parenchymal)"	"No Mets"	"Breast (Parenchymal)"	"Breast"	"No Mets"	"No Mets"	NA	2	"29"	"F"	"BREAST (PARENCHYMAL)"	"LEFT BREAST"	0	"NO"	0	0	""	""	""	""	""	""	""	""	"NO METS"	"NO METS"	"1462"	"BREAST (PARENCHYMAL)"	0	0	"49"	"DIAGNOSED"	29.28493151	"BREAST"	"BREAST"	"NED"	"YES"	"YES"	"NO"	""	"NO"	"NO"	"NO"	"NO"	"AMERICAN_INDIAN,WHITE"	""	""	""	""	""	""	""	""	"True"	29	"BREAST (PARENCHYMAL)"	"Non-RAAS/LAAS"	0	"ASCProject_0049_SALIVA"	29	"Breast (Parenchymal)"
"RP-1447_ASCProject_0049_T2_v3_Exome_OnPrem"	"ASCProject_0049_T2"	"Tumor"	"ASCProject_0049"	"DNA"	"T2"	"ASCProject_0049_T2"	""	""	159	"BREAST"	""	""	""	""	""	"ASCProject_0049"	"Breast (Parenchymal)"	"No Mets"	"Breast (Parenchymal)"	"Breast"	"No Mets"	"No Mets"	NA	2	"29"	"F"	"BREAST (PARENCHYMAL)"	"LEFT BREAST"	0	"NO"	0	0	""	""	""	""	""	""	""	""	"NO METS"	"NO METS"	"1462"	"BREAST (PARENCHYMAL)"	0	0	"49"	"DIAGNOSED"	29.28493151	"BREAST"	"BREAST"	"NED"	"YES"	"YES"	"NO"	""	"NO"	"NO"	"NO"	"NO"	"AMERICAN_INDIAN,WHITE"	""	""	""	""	""	""	""	""	"True"	29	"BREAST (PARENCHYMAL)"	"Non-RAAS/LAAS"	0	"ASCProject_0049_T2"	29	"Breast (Parenchymal)"
"RP-1447_ASCProject_0051_SALIVA_v1_Exome_OnPrem"	"ASCProject_0051_SALIVA"	"Normal"	"ASCProject_0051"	"DNA"	""	"ASCProject_0051_SALIVA"	""	""	NA	""	""	""	""	""	""	"ASCProject_0051"	"Extremities"	"Not Extracted"	"Upper Extremity"	""	""	""	NA	NA	""	""	""	""	NA	""	NA	NA	""	""	""	""	""	""	""	""	""	""	""	""	NA	NA	"51"	"DIAGNOSED"	13.5369863	"BONELIMB"	"BONELIMB"	"BONELIMB"	"YES"	"YES"	"NO"	""	"NO"	"NO"	"NO"	"NO"	"WHITE"	""	""	""	""	""	""	""	""	"False"	13.5369863	"BONELIMB"	""	NA	"ASCProject_0051_SALIVA"	13.5369863	"Extremities"
"RP-1447_ASCProject_0052_SALIVA_v1_Exome_OnPrem"	"ASCProject_0052_SALIVA"	"Normal"	"ASCProject_0052"	"DNA"	""	"ASCProject_0052_SALIVA"	""	""	NA	""	""	""	""	""	""	"ASCProject_0052"	"Extremities"	"Lung"	"Lower Extremity"	"Hip"	"Lung"	"Lung"	NA	12	"27"	"M"	"EXTREMITY"	"LEFT FEMUR/LEFT HIP MASS"	0	"NO"	0	0	""	""	""	""	""	""	""	"5"	"LUNG"	"LUNG, EXTREMITY"	"1394"	"EXTREMITY"	0	1	"52"	"DIAGNOSED"	27.57808219	"BONELIMB"	"LUNG,OTHER"	"NED"	"YES"	"YES"	"NO"	""	"NO"	"NO"	"NO"	"YES"	"WHITE"	""	""	""	""	""	""	""	""	"True"	27	"BONELIMB"	"Non-RAAS/LAAS"	2	"ASCProject_0052_SALIVA"	27	"Extremities"
"RP-1447_ASCProject_0052_T1_v1_Exome_OnPrem"	"ASCProject_0052_T1"	"Tumor"	"ASCProject_0052"	"DNA"	"T1"	"ASCProject_0052_T1"	""	""	25	"BONELIMB"	""	""	""	""	""	"ASCProject_0052"	"Extremities"	"Lung"	"Lower Extremity"	"Hip"	"Lung"	"Lung"	NA	12	"27"	"M"	"EXTREMITY"	"LEFT FEMUR/LEFT HIP MASS"	0	"NO"	0	0	""	""	""	""	""	""	""	"5"	"LUNG"	"LUNG, EXTREMITY"	"1394"	"EXTREMITY"	0	1	"52"	"DIAGNOSED"	27.57808219	"BONELIMB"	"LUNG,OTHER"	"NED"	"YES"	"YES"	"NO"	""	"NO"	"NO"	"NO"	"YES"	"WHITE"	""	""	""	""	""	""	""	""	"True"	27	"BONELIMB"	"Non-RAAS/LAAS"	2	"ASCProject_0052_T1"	27	"Extremities"
"RP-1447_ASCProject_0055_BLOOD_Normal_v1_Exome_OnPrem"	"ASCProject_0055_BLOOD_Normal"	"Normal"	"ASCProject_0055"	"DNA"	""	"ASCProject_0055_BLOOD_Normal"	""	""	NA	""	""	""	""	""	""	"ASCProject_0055"	"Breast (Parenchymal)"	"Lung, Liver, Brain,  Other Soft Tissues"	"Breast (Parenchymal)"	"Breast"	"Lung, Liver"	"Lung, Liver, Brain, Mediastinum"	NA	5	"37"	"F"	"BREAST (PARENCHYMAL)"	"LEFT BREAST"	0	"NO"	0	1	"TRUNK, REGIONAL LYMPH NODE"	"482"	"517"	""	""	""	""	"685"	"LUNG, LIVER"	"LUNG, LIVER, BRAIN, OTHER (SOFT TISSUE), OTHER (MEDIASTINUM)"	"1532"	"BREAST (PARENCHYMAL)"	0	1	"55"	"DIAGNOSED"	37.85479452	"BREAST"	"BREAST,LIVER,LUNG,BRAIN"	"LIVER,LUNG"	"YES"	"YES"	"YES"	"AFTER"	"YES"	"NO"	"NO"	"NO"	"WHITE"	""	""	""	""	""	""	""	""	"True"	37	"BREAST (PARENCHYMAL)"	"Non-RAAS/LAAS"	5	"ASCProject_0055_BLOOD_Normal"	37	"Breast (Parenchymal)"
"RP-1447_ASCProject_0055_BLOOD_v1_Exome_OnPrem"	"ASCProject_0055_BLOOD"	"Tumor"	"ASCProject_0055"	"DNA"	"BLOOD"	"ASCProject_0055_BLOOD"	""	""	1351	"BLOOD BIOPSY"	"BLOOD BIOPSY"	""	""	""	""	"ASCProject_0055"	"Breast (Parenchymal)"	"Lung, Liver, Brain,  Other Soft Tissues"	"Breast (Parenchymal)"	"Breast"	"Lung, Liver"	"Lung, Liver, Brain, Mediastinum"	NA	5	"37"	"F"	"BREAST (PARENCHYMAL)"	"LEFT BREAST"	0	"NO"	0	1	"TRUNK, REGIONAL LYMPH NODE"	"482"	"517"	""	""	""	""	"685"	"LUNG, LIVER"	"LUNG, LIVER, BRAIN, OTHER (SOFT TISSUE), OTHER (MEDIASTINUM)"	"1532"	"BREAST (PARENCHYMAL)"	0	1	"55"	"DIAGNOSED"	37.85479452	"BREAST"	"BREAST,LIVER,LUNG,BRAIN"	"LIVER,LUNG"	"YES"	"YES"	"YES"	"AFTER"	"YES"	"NO"	"NO"	"NO"	"WHITE"	""	""	""	""	""	""	""	""	"True"	37	"BREAST (PARENCHYMAL)"	"Non-RAAS/LAAS"	5	"ASCProject_0055_BLOOD"	37	"Breast (Parenchymal)"
"RP-1447_ASCProject_0055_SALIVA_v3_Exome_OnPrem"	"ASCProject_0055_SALIVA"	"Normal"	"ASCProject_0055"	"DNA"	""	"ASCProject_0055_SALIVA"	""	""	NA	""	""	""	""	""	""	"ASCProject_0055"	"Breast (Parenchymal)"	"Lung, Liver, Brain,  Other Soft Tissues"	"Breast (Parenchymal)"	"Breast"	"Lung, Liver"	"Lung, Liver, Brain, Mediastinum"	NA	5	"37"	"F"	"BREAST (PARENCHYMAL)"	"LEFT BREAST"	0	"NO"	0	1	"TRUNK, REGIONAL LYMPH NODE"	"482"	"517"	""	""	""	""	"685"	"LUNG, LIVER"	"LUNG, LIVER, BRAIN, OTHER (SOFT TISSUE), OTHER (MEDIASTINUM)"	"1532"	"BREAST (PARENCHYMAL)"	0	1	"55"	"DIAGNOSED"	37.85479452	"BREAST"	"BREAST,LIVER,LUNG,BRAIN"	"LIVER,LUNG"	"YES"	"YES"	"YES"	"AFTER"	"YES"	"NO"	"NO"	"NO"	"WHITE"	""	""	""	""	""	""	""	""	"True"	37	"BREAST (PARENCHYMAL)"	"Non-RAAS/LAAS"	5	"ASCProject_0055_SALIVA"	37	"Breast (Parenchymal)"
"RP-1447_ASCProject_0055_T1_v2_Exome_OnPrem"	"ASCProject_0055_T1"	"Tumor"	"ASCProject_0055"	"DNA"	"T1"	"ASCProject_0055_T1"	""	""	18	"BREAST"	"MASTECTOMY"	"YES"	"YES"	"NO"	"HIGH"	"ASCProject_0055"	"Breast (Parenchymal)"	"Lung, Liver, Brain,  Other Soft Tissues"	"Breast (Parenchymal)"	"Breast"	"Lung, Liver"	"Lung, Liver, Brain, Mediastinum"	NA	5	"37"	"F"	"BREAST (PARENCHYMAL)"	"LEFT BREAST"	0	"NO"	0	1	"TRUNK, REGIONAL LYMPH NODE"	"482"	"517"	""	""	""	""	"685"	"LUNG, LIVER"	"LUNG, LIVER, BRAIN, OTHER (SOFT TISSUE), OTHER (MEDIASTINUM)"	"1532"	"BREAST (PARENCHYMAL)"	0	1	"55"	"DIAGNOSED"	37.85479452	"BREAST"	"BREAST,LIVER,LUNG,BRAIN"	"LIVER,LUNG"	"YES"	"YES"	"YES"	"AFTER"	"YES"	"NO"	"NO"	"NO"	"WHITE"	""	""	""	""	""	""	""	""	"True"	37	"BREAST (PARENCHYMAL)"	"Non-RAAS/LAAS"	5	"ASCProject_0055_T1"	37	"Breast (Parenchymal)"
"RP-1447_ASCProject_0055_T2_v2_Exome_OnPrem"	"ASCProject_0055_T2"	"Tumor"	"ASCProject_0055"	"DNA"	"T2"	"ASCProject_0055_T2"	""	""	511	"PECTORALIS MINOR"	"RESECTION"	"YES"	"NO"	"YES"	"HIGH"	"ASCProject_0055"	"Breast (Parenchymal)"	"Lung, Liver, Brain,  Other Soft Tissues"	"Breast (Parenchymal)"	"Breast"	"Lung, Liver"	"Lung, Liver, Brain, Mediastinum"	NA	5	"37"	"F"	"BREAST (PARENCHYMAL)"	"LEFT BREAST"	0	"NO"	0	1	"TRUNK, REGIONAL LYMPH NODE"	"482"	"517"	""	""	""	""	"685"	"LUNG, LIVER"	"LUNG, LIVER, BRAIN, OTHER (SOFT TISSUE), OTHER (MEDIASTINUM)"	"1532"	"BREAST (PARENCHYMAL)"	0	1	"55"	"DIAGNOSED"	37.85479452	"BREAST"	"BREAST,LIVER,LUNG,BRAIN"	"LIVER,LUNG"	"YES"	"YES"	"YES"	"AFTER"	"YES"	"NO"	"NO"	"NO"	"WHITE"	""	""	""	""	""	""	""	""	"True"	37	"BREAST (PARENCHYMAL)"	"Non-RAAS/LAAS"	5	"ASCProject_0055_T2"	37	"Breast (Parenchymal)"
"RP-1447_ASCProject_0056_SALIVA_v1_Exome_OnPrem"	"ASCProject_0056_SALIVA"	"Normal"	"ASCProject_0056"	"DNA"	""	"ASCProject_0056_SALIVA"	""	""	NA	""	""	""	""	""	""	"ASCProject_0056"	"Breast (NOS)"	"Not Extracted"	"Breast (NOS)"	""	""	""	NA	NA	""	""	""	""	NA	""	NA	NA	""	""	""	""	""	""	""	""	""	""	""	""	NA	NA	"56"	"DIAGNOSED"	70.20273973	"BREAST"	"BREAST"	"NED"	"YES"	"YES"	"NO"	""	"NO"	"YES"	"YES"	"NO"	"WHITE"	""	""	""	""	""	""	""	""	"False"	70.20273973	"BREAST (NOS)"	""	NA	"ASCProject_0056_SALIVA"	70.20273973	"Breast (NOS)"
"RP-1447_ASCProject_0057_SALIVA_v1_Exome_OnPrem"	"ASCProject_0057_SALIVA"	"Normal"	"ASCProject_0057"	"DNA"	""	"ASCProject_0057_SALIVA"	""	""	NA	""	""	""	""	""	""	"ASCProject_0057"	"Breast (Cutaneous)"	"No Mets"	"Breast (Cutaneous)"	"Breast Skin"	"No Mets"	"No Mets"	NA	4	"71"	"F"	"BREAST (CUTANEOUS)"	"RIGHT UPPER OUTER BREAST SKIN"	1	"NO"	1	1	"RIGHT CHEST WALL SKIN"	"270"	""	""	""	""	""	""	"NO METS"	"NO METS"	"1512"	"BREAST (CUTANEOUS)"	0	0	"57"	"DIAGNOSED"	71.12876712	"BREAST"	"BREAST"	"NED"	"YES"	"YES"	"NO"	""	"NO"	"YES"	"YES"	"NO"	"WHITE"	""	""	""	""	""	""	""	""	"True"	71	"BREAST (CUTANEOUS)"	"RAAS"	0	"ASCProject_0057_SALIVA"	71	"Breast (Cutaneous)"
"RP-1447_ASCProject_0058_SALIVA_v1_Exome_OnPrem"	"ASCProject_0058_SALIVA"	"Normal"	"ASCProject_0058"	"DNA"	""	"ASCProject_0058_SALIVA"	""	""	NA	""	""	""	""	""	""	"ASCProject_0058"	"HNFS"	"No Mets"	"HNFS"	"Nose"	"No Mets"	"No Mets"	NA	8	"41"	"M"	"HNFS"	"SKIN OF NOSE"	0	"NO"	1	0	""	""	""	""	""	""	""	""	"NO METS"	"NO METS"	"5088"	"HNFS"	0	0	"58"	"DIAGNOSED"	41.67671233	"HEADFACENECK"	"HEADFACENECK"	"NED"	"YES"	"YES"	"YES"	"AFTER"	"NO"	"NO"	"DK"	"NO"	"WHITE"	""	""	""	""	""	""	""	""	"True"	41	"HNFS"	"Non-RAAS/LAAS"	0	"ASCProject_0058_SALIVA"	41	"HNFS"
"RP-1447_ASCProject_0059_SALIVA_v2_Exome_OnPrem"	"ASCProject_0059_SALIVA"	"Normal"	"ASCProject_0059"	"DNA"	""	"ASCProject_0059_SALIVA"	""	""	NA	""	""	""	""	""	""	"ASCProject_0059"	"Breast (Cutaneous)"	"No Mets"	"Breast (Cutaneous)"	"Breast"	"No Mets"	"No Mets"	NA	5	"52"	"F"	"BREAST (CUTANEOUS)"	"LEFT BREAST"	1	"NO"	1	0	""	""	""	""	""	""	""	""	"NO METS"	"NO METS"	"945"	"BREAST (CUTANEOUS)"	0	0	"59"	"DIAGNOSED"	52.87123288	"BREAST"	"BREAST"	"NED"	"YES"	"YES"	"NO"	""	"NO"	"YES"	"YES"	"NO"	"AMERICAN_INDIAN,WHITE"	""	""	""	""	""	""	""	""	"True"	52	"BREAST (CUTANEOUS)"	"RAAS"	0	"ASCProject_0059_SALIVA"	52	"Breast (Cutaneous)"
"RP-1447_ASCProject_0059_T1_v1_Exome_OnPrem"	"ASCProject_0059_T1"	"Tumor"	"ASCProject_0059"	"DNA"	"T1"	"ASCProject_0059_T1"	""	""	12	"BREAST"	"MASTECTOMY"	"NO"	"YES"	"NO"	"HIGH"	"ASCProject_0059"	"Breast (Cutaneous)"	"No Mets"	"Breast (Cutaneous)"	"Breast"	"No Mets"	"No Mets"	NA	5	"52"	"F"	"BREAST (CUTANEOUS)"	"LEFT BREAST"	1	"NO"	1	0	""	""	""	""	""	""	""	""	"NO METS"	"NO METS"	"945"	"BREAST (CUTANEOUS)"	0	0	"59"	"DIAGNOSED"	52.87123288	"BREAST"	"BREAST"	"NED"	"YES"	"YES"	"NO"	""	"NO"	"YES"	"YES"	"NO"	"AMERICAN_INDIAN,WHITE"	""	""	""	""	""	""	""	""	"True"	52	"BREAST (CUTANEOUS)"	"RAAS"	0	"ASCProject_0059_T1"	52	"Breast (Cutaneous)"
"RP-1447_ASCProject_0060_SALIVA_v1_Exome_OnPrem"	"ASCProject_0060_SALIVA"	"Normal"	"ASCProject_0060"	"DNA"	""	"ASCProject_0060_SALIVA"	""	""	NA	""	""	""	""	""	""	"ASCProject_0060"	"Breast (NOS)"	"Not Extracted"	"Breast (NOS)"	""	""	""	NA	NA	""	""	""	""	NA	""	NA	NA	""	""	""	""	""	""	""	""	""	""	""	""	NA	NA	"60"	"DIAGNOSED"	46.29041096	"BREAST"	"BREAST"	"NED"	"YES"	"YES"	"YES"	"BEFORE"	"NO"	"NO"	"NO"	"NO"	"WHITE"	""	""	""	""	""	""	""	""	"False"	46.29041096	"BREAST (NOS)"	""	NA	"ASCProject_0060_SALIVA"	46.29041096	"Breast (NOS)"
"RP-1447_ASCProject_0061_SALIVA_v1_Exome_OnPrem"	"ASCProject_0061_SALIVA"	"Normal"	"ASCProject_0061"	"DNA"	""	"ASCProject_0061_SALIVA"	""	""	NA	""	""	""	""	""	""	"ASCProject_0061"	"Breast (Parenchymal)"	"Breast, Bone, Liver"	"Breast (Parenchymal)"	"Breast"	"Breast, Bone, Liver"	"Breast, Bone, Liver"	NA	9	"46"	"F"	"BREAST (PARENCHYMAL)"	"RIGHT BREAST"	0	"NO"	0	0	""	""	""	""	""	""	""	"1856"	"OTHER [LEFT BREAST], BONE, LIVER"	"OTHER [LEFT BREAST], BONE, LIVER"	"1996"	"BREAST (PARENCHYMAL)"	0	1	"61"	"DIAGNOSED"	46.29041096	"BREAST"	"BREAST"	"NED"	"YES"	"YES"	"YES"	"AFTER"	"NO"	"NO"	"NO"	"NO"	"WHITE"	""	""	""	""	""	""	""	""	"True"	46	"BREAST (PARENCHYMAL)"	"Non-RAAS/LAAS"	3	"ASCProject_0061_SALIVA"	46	"Breast (Parenchymal)"
"RP-1447_ASCProject_0063_SALIVA_v1_Exome_OnPrem"	"ASCProject_0063_SALIVA"	"Normal"	"ASCProject_0063"	"DNA"	""	"ASCProject_0063_SALIVA"	""	""	NA	""	""	""	""	""	""	"ASCProject_0063"	"HNFS"	"Distant Lymph Node, Bone, Other Soft Tissues"	"HNFS"	"Scalp"	"Distant Lymph Node, Bone, Neck, Head"	"Distant Lymph Node, Bone, Neck, Head"	NA	5	"74"	"M"	"HNFS"	"RIGHT SCALP"	0	"NO"	1	1	"HNFS"	"705"	""	""	""	""	""	"705"	"DISTANT LYMPH NODE, BONE, OTHER (NECK MUSCLE), OTHER(PARATOID GLAND)"	"DISTANT LYMPH NODE, BONE, OTHER (NECK MUSCLE), OTHER(PARATOID GLAND)"	"852"	"HNFS"	0	1	"63"	"DIAGNOSED"	75.46575342	"SCALP"	"SCALP"	"NED"	"YES"	"YES"	"YES"	"AFTER"	"YES"	"YES"	"YES"	"NO"	"WHITE"	""	""	""	""	""	""	""	""	"True"	74	"HNFS"	"Non-RAAS/LAAS"	4	"ASCProject_0063_SALIVA"	74	"HNFS"
"RP-1447_ASCProject_0063_T2_v1_Exome_OnPrem"	"ASCProject_0063_T2"	"Tumor"	"ASCProject_0063"	"DNA"	"T2"	"ASCProject_0063_T2"	""	""	108	"HEADFACENECKSCALP"	"RESECTION"	"YES"	"NO"	"YES"	"HIGH"	"ASCProject_0063"	"HNFS"	"Distant Lymph Node, Bone, Other Soft Tissues"	"HNFS"	"Scalp"	"Distant Lymph Node, Bone, Neck, Head"	"Distant Lymph Node, Bone, Neck, Head"	NA	5	"74"	"M"	"HNFS"	"RIGHT SCALP"	0	"NO"	1	1	"HNFS"	"705"	""	""	""	""	""	"705"	"DISTANT LYMPH NODE, BONE, OTHER (NECK MUSCLE), OTHER(PARATOID GLAND)"	"DISTANT LYMPH NODE, BONE, OTHER (NECK MUSCLE), OTHER(PARATOID GLAND)"	"852"	"HNFS"	0	1	"63"	"DIAGNOSED"	75.46575342	"SCALP"	"SCALP"	"NED"	"YES"	"YES"	"YES"	"AFTER"	"YES"	"YES"	"YES"	"NO"	"WHITE"	""	""	""	""	""	""	""	""	"True"	74	"HNFS"	"Non-RAAS/LAAS"	4	"ASCProject_0063_T2"	74	"HNFS"
"RP-1447_ASCProject_0063_T3_v1_Exome_OnPrem"	"ASCProject_0063_T3"	"Tumor"	"ASCProject_0063"	"DNA"	"T3"	"ASCProject_0063_T3"	""	""	-114	"HEADFACENECKSCALP"	"Resection"	"YES"	"NO"	"NO"	"HIGH"	"ASCProject_0063"	"HNFS"	"Distant Lymph Node, Bone, Other Soft Tissues"	"HNFS"	"Scalp"	"Distant Lymph Node, Bone, Neck, Head"	"Distant Lymph Node, Bone, Neck, Head"	NA	5	"74"	"M"	"HNFS"	"RIGHT SCALP"	0	"NO"	1	1	"HNFS"	"705"	""	""	""	""	""	"705"	"DISTANT LYMPH NODE, BONE, OTHER (NECK MUSCLE), OTHER(PARATOID GLAND)"	"DISTANT LYMPH NODE, BONE, OTHER (NECK MUSCLE), OTHER(PARATOID GLAND)"	"852"	"HNFS"	0	1	"63"	"DIAGNOSED"	75.46575342	"SCALP"	"SCALP"	"NED"	"YES"	"YES"	"YES"	"AFTER"	"YES"	"YES"	"YES"	"NO"	"WHITE"	""	""	""	""	""	""	""	""	"True"	74	"HNFS"	"Non-RAAS/LAAS"	4	"ASCProject_0063_T3"	74	"HNFS"
"RP-1447_ASCProject_0064_SALIVA_v2_Exome_OnPrem"	"ASCProject_0064_SALIVA"	"Normal"	"ASCProject_0064"	"DNA"	""	"ASCProject_0064_SALIVA"	""	""	NA	""	""	""	""	""	""	"ASCProject_0064"	"HNFS"	"Lung, Bone"	"HNFS"	"Forehead"	"Lung"	"Lung, Bone"	NA	5	"32"	"F"	"HNFS"	"LEFT FOREHEAD"	0	"NO"	1	0	""	""	""	""	""	""	""	"4146"	"LUNG"	"LUNG, BONE"	"5124"	"HNFS"	0	1	"64"	"DIAGNOSED"	32.65753425	"SCALP"	"SCALP,LUNG"	"LUNG"	"YES"	"YES"	"YES"	"AFTER"	"YES"	"NO"	"NO"	"NO"	"WHITE"	""	""	""	""	""	""	""	""	"True"	32	"HNFS"	"Non-RAAS/LAAS"	2	"ASCProject_0064_SALIVA"	32	"HNFS"
"RP-1447_ASCProject_0064_T1_v1_Exome_OnPrem"	"ASCProject_0064_T1"	"Tumor"	"ASCProject_0064"	"DNA"	"T1"	"ASCProject_0064_T1"	""	""	0	"HEADFACENECKSCALP"	"EXCISION"	"YES"	"YES"	"YES"	"HIGH"	"ASCProject_0064"	"HNFS"	"Lung, Bone"	"HNFS"	"Forehead"	"Lung"	"Lung, Bone"	NA	5	"32"	"F"	"HNFS"	"LEFT FOREHEAD"	0	"NO"	1	0	""	""	""	""	""	""	""	"4146"	"LUNG"	"LUNG, BONE"	"5124"	"HNFS"	0	1	"64"	"DIAGNOSED"	32.65753425	"SCALP"	"SCALP,LUNG"	"LUNG"	"YES"	"YES"	"YES"	"AFTER"	"YES"	"NO"	"NO"	"NO"	"WHITE"	""	""	""	""	""	""	""	""	"True"	32	"HNFS"	"Non-RAAS/LAAS"	2	"ASCProject_0064_T1"	32	"HNFS"
"RP-1447_ASCProject_0064_T2_v3_Exome_OnPrem"	"ASCProject_0064_T2"	"Tumor"	"ASCProject_0064"	"DNA"	"T2"	"ASCProject_0064_T2"	""	""	4380	"LUNG"	"RESECTION"	"YES (FOCAL)"	"YES"	"NO"	"HIGH"	"ASCProject_0064"	"HNFS"	"Lung, Bone"	"HNFS"	"Forehead"	"Lung"	"Lung, Bone"	NA	5	"32"	"F"	"HNFS"	"LEFT FOREHEAD"	0	"NO"	1	0	""	""	""	""	""	""	""	"4146"	"LUNG"	"LUNG, BONE"	"5124"	"HNFS"	0	1	"64"	"DIAGNOSED"	32.65753425	"SCALP"	"SCALP,LUNG"	"LUNG"	"YES"	"YES"	"YES"	"AFTER"	"YES"	"NO"	"NO"	"NO"	"WHITE"	""	""	""	""	""	""	""	""	"True"	32	"HNFS"	"Non-RAAS/LAAS"	2	"ASCProject_0064_T2"	32	"HNFS"
"RP-1447_ASCProject_0065_SALIVA_v1_Exome_OnPrem"	"ASCProject_0065_SALIVA"	"Normal"	"ASCProject_0065"	"DNA"	""	"ASCProject_0065_SALIVA"	""	""	NA	""	""	""	""	""	""	"ASCProject_0065"	"Musculoskeletal"	"No Mets"	"Retroperitoneum"	"Retroperitoneum"	"No Mets"	"No Mets"	NA	9	"60"	"F"	"OTHER (LEFT RETROPERITONEUM, ADRENAL GLAND)"	"LEFT RETROPERITONEAL MASS/ADRENAL GLAND"	0	"NO"	0	0	""	""	""	""	""	""	""	""	"NO METS"	"NO METS"	"2501"	"OTHER"	0	0	"65"	"DIAGNOSED"	60.22191781	"SPLEEN,OTHER"	"OTHER"	"NED"	"YES"	"YES"	"NO"	""	"NO"	"YES"	"NO"	"NO"	"WHITE"	""	""	""	""	""	""	""	""	"True"	60	"OTHER"	"Non-RAAS/LAAS"	0	"ASCProject_0065_SALIVA"	60	"Musculoskeletal"
"RP-1447_ASCProject_0066_SALIVA_v2_Exome_OnPrem"	"ASCProject_0066_SALIVA"	"Normal"	"ASCProject_0066"	"DNA"	""	"ASCProject_0066_SALIVA"	""	""	NA	""	""	""	""	""	""	"ASCProject_0066"	"Musculoskeletal"	"No Mets"	"Bone"	"Spine"	"No Mets"	"No Mets"	NA	1	"57"	"M"	"OTHER (BONE)"	"SPINE L1"	1	"NO"	0	0	""	""	""	""	""	""	""	""	"NO METS"	"NO METS"	"493"	"BONE"	0	0	"66"	"DIAGNOSED"	57.82465753	"OTHER"	"OTHER"	"NED"	"YES"	"YES"	"YES"	"AFTER"	"NO"	"YES"	"YES"	"NO"	"WHITE"	""	""	""	""	""	""	""	""	"True"	57	"BONELIMB"	"RAAS"	0	"ASCProject_0066_SALIVA"	57	"Musculoskeletal"
"RP-1447_ASCProject_0066_T1_v1_Exome_OnPrem"	"ASCProject_0066_T1"	"Tumor"	"ASCProject_0066"	"DNA"	"T1"	"ASCProject_0066_T1"	""	""	94	"BONELIMB"	""	""	""	""	""	"ASCProject_0066"	"Musculoskeletal"	"No Mets"	"Bone"	"Spine"	"No Mets"	"No Mets"	NA	1	"57"	"M"	"OTHER (BONE)"	"SPINE L1"	1	"NO"	0	0	""	""	""	""	""	""	""	""	"NO METS"	"NO METS"	"493"	"BONE"	0	0	"66"	"DIAGNOSED"	57.82465753	"OTHER"	"OTHER"	"NED"	"YES"	"YES"	"YES"	"AFTER"	"NO"	"YES"	"YES"	"NO"	"WHITE"	""	""	""	""	""	""	""	""	"True"	57	"BONELIMB"	"RAAS"	0	"ASCProject_0066_T1"	57	"Musculoskeletal"
"RP-1447_ASCProject_0067_SALIVA_v1_Exome_OnPrem"	"ASCProject_0067_SALIVA"	"Normal"	"ASCProject_0067"	"DNA"	""	"ASCProject_0067_SALIVA"	""	""	NA	""	""	""	""	""	""	"ASCProject_0067"	"Extremities"	"No Mets"	"Lower Extremity"	"Thigh"	"No Mets"	"No Mets"	NA	1	"40"	"F"	"EXTREMITY"	"LEFT POSTERIOR THIGH"	0	"NO"	0	0	""	""	""	""	""	""	""	""	"NO METS"	"NO METS"	"1425"	"EXTREMITY"	0	0	"67"	"DIAGNOSED"	40.22465753	"OTHER"	"OTHER"	"NED"	"YES"	"YES"	"YES"	"BOTH"	"NO"	"NO"	"NO"	"NO"	"WHITE"	""	""	""	""	""	""	""	""	"True"	40	"BONELIMB"	"Non-RAAS/LAAS"	0	"ASCProject_0067_SALIVA"	40	"Extremities"
"RP-1447_ASCProject_0067_T1_v2_Exome_OnPrem"	"ASCProject_0067_T1"	"Tumor"	"ASCProject_0067"	"DNA"	"T1"	"ASCProject_0067_T1"	""	""	0	"BONELIMB"	""	""	""	""	""	"ASCProject_0067"	"Extremities"	"No Mets"	"Lower Extremity"	"Thigh"	"No Mets"	"No Mets"	NA	1	"40"	"F"	"EXTREMITY"	"LEFT POSTERIOR THIGH"	0	"NO"	0	0	""	""	""	""	""	""	""	""	"NO METS"	"NO METS"	"1425"	"EXTREMITY"	0	0	"67"	"DIAGNOSED"	40.22465753	"OTHER"	"OTHER"	"NED"	"YES"	"YES"	"YES"	"BOTH"	"NO"	"NO"	"NO"	"NO"	"WHITE"	""	""	""	""	""	""	""	""	"True"	40	"BONELIMB"	"Non-RAAS/LAAS"	0	"ASCProject_0067_T1"	40	"Extremities"
"RP-1447_ASCProject_0068_SALIVA_v3_Exome_OnPrem"	"ASCProject_0068_SALIVA"	"Normal"	"ASCProject_0068"	"DNA"	""	"ASCProject_0068_SALIVA"	""	""	NA	""	""	""	""	""	""	"ASCProject_0068"	"Musculoskeletal"	"No Mets"	"Retroperitoneum"	"Retroperitoneum"	"No Mets"	"No Mets"	NA	5	"55"	"F"	"OTHER (LEFT PELVIS, RETROPERITONEUM)"	"LEFT PELVIC/RETROPERITONEAL MASS"	0	"NO"	0	0	""	""	""	""	""	""	""	""	"NO METS"	"NO METS"	"1883"	"OTHER"	0	0	"68"	"DIAGNOSED"	55.6739726	"ABDOMINAL"	"ABDOMINAL"	"NED"	"YES"	"NO"	"NO"	""	"NO"	"YES"	"NO"	"NO"	"WHITE"	""	""	""	""	""	""	""	""	"True"	55	"OTHER"	"Non-RAAS/LAAS"	0	"ASCProject_0068_SALIVA"	55	"Musculoskeletal"
"RP-1447_ASCProject_0068_T1_v3_Exome_OnPrem"	"ASCProject_0068_T1"	"Tumor"	"ASCProject_0068"	"DNA"	"T1"	"ASCProject_0068_T1"	""	""	0	"ABDOMEN"	"EXCISION"	"YES (FOCAL)"	"YES"	"YES"	"HIGH"	"ASCProject_0068"	"Musculoskeletal"	"No Mets"	"Retroperitoneum"	"Retroperitoneum"	"No Mets"	"No Mets"	NA	5	"55"	"F"	"OTHER (LEFT PELVIS, RETROPERITONEUM)"	"LEFT PELVIC/RETROPERITONEAL MASS"	0	"NO"	0	0	""	""	""	""	""	""	""	""	"NO METS"	"NO METS"	"1883"	"OTHER"	0	0	"68"	"DIAGNOSED"	55.6739726	"ABDOMINAL"	"ABDOMINAL"	"NED"	"YES"	"NO"	"NO"	""	"NO"	"YES"	"NO"	"NO"	"WHITE"	""	""	""	""	""	""	""	""	"True"	55	"OTHER"	"Non-RAAS/LAAS"	0	"ASCProject_0068_T1"	55	"Musculoskeletal"
"RP-1447_ASCProject_0069_SALIVA_v1_Exome_OnPrem"	"ASCProject_0069_SALIVA"	"Normal"	"ASCProject_0069"	"DNA"	""	"ASCProject_0069_SALIVA"	""	""	NA	""	""	""	""	""	""	"ASCProject_0069"	"Breast (NOS)"	"Not Extracted"	"Breast (NOS)"	""	""	""	NA	NA	""	""	""	""	NA	""	NA	NA	""	""	""	""	""	""	""	""	""	""	""	""	NA	NA	"69"	"DIAGNOSED"	65.64109589	"BREAST"	"BREAST"	"NED"	"YES"	"YES"	"NO"	""	"NO"	"YES"	"YES"	"NO"	"WHITE"	""	""	""	""	""	""	""	""	"False"	65.64109589	"BREAST (NOS)"	""	NA	"ASCProject_0069_SALIVA"	65.64109589	"Breast (NOS)"
"RP-1447_ASCProject_0073_SALIVA_v3_Exome_OnPrem"	"ASCProject_0073_SALIVA"	"Normal"	"ASCProject_0073"	"DNA"	""	"ASCProject_0073_SALIVA"	""	""	NA	""	""	""	""	""	""	"ASCProject_0073"	"Breast (Parenchymal)"	"No Mets"	"Breast (Parenchymal)"	"Breast"	"No Mets"	"No Mets"	NA	5	"50"	"F"	"BREAST (PARENCHYMAL)"	"LEFT BREAST"	0	"NO"	0	0	""	""	""	""	""	""	""	""	"NO METS"	"NO METS"	"357"	"BREAST (PARENCHYMAL)"	0	0	"73"	"DIAGNOSED"	50.09863014	"BREAST"	"BREAST"	"NED"	"YES"	"YES"	"NO"	""	"NO"	"YES"	"NO"	"NO"	"WHITE"	""	""	""	""	""	""	""	""	"True"	50	"BREAST (PARENCHYMAL)"	"Non-RAAS/LAAS"	0	"ASCProject_0073_SALIVA"	50	"Breast (Parenchymal)"
"RP-1447_ASCProject_0073_T1_v3_Exome_OnPrem"	"ASCProject_0073_T1"	"Tumor"	"ASCProject_0073"	"DNA"	"T1"	"ASCProject_0073_T1"	""	""	0	"BREAST"	"LUMPECTOMY"	"YES"	"NO"	"YES"	"LOW"	"ASCProject_0073"	"Breast (Parenchymal)"	"No Mets"	"Breast (Parenchymal)"	"Breast"	"No Mets"	"No Mets"	NA	5	"50"	"F"	"BREAST (PARENCHYMAL)"	"LEFT BREAST"	0	"NO"	0	0	""	""	""	""	""	""	""	""	"NO METS"	"NO METS"	"357"	"BREAST (PARENCHYMAL)"	0	0	"73"	"DIAGNOSED"	50.09863014	"BREAST"	"BREAST"	"NED"	"YES"	"YES"	"NO"	""	"NO"	"YES"	"NO"	"NO"	"WHITE"	""	""	""	""	""	""	""	""	"True"	50	"BREAST (PARENCHYMAL)"	"Non-RAAS/LAAS"	0	"ASCProject_0073_T1"	50	"Breast (Parenchymal)"
"RP-1447_ASCProject_0074_SALIVA_2_v1_Exome_OnPrem"	"ASCProject_0074_SALIVA_2"	"Normal"	"ASCProject_0074"	"DNA"	""	"ASCProject_0074_SALIVA_2"	""	""	NA	""	""	""	""	""	""	"ASCProject_0074"	"HNFS"	"No Mets"	"HNFS"	"Lip"	"No Mets"	"No Mets"	NA	12	"83"	"M"	"HNFS"	"RIGHT UPPER LIP"	0	"NO"	1	0	""	""	""	""	""	""	""	""	"NO METS"	"NO METS"	"161"	"HNFS"	0	0	"74"	"DIAGNOSED"	84.04383562	"HEADFACENECK"	"HEADFACENECK"	"HEADFACENECK"	"NO"	""	"YES"	"BEFORE"	"YES"	"YES"	"NO"	"NO"	"BLACK,WHITE"	""	""	""	""	""	""	""	""	"True"	83	"HNFS"	"Non-RAAS/LAAS"	0	"ASCProject_0074_SALIVA_2"	83	"HNFS"
"RP-1447_ASCProject_0076_SALIVA_v3_Exome_OnPrem"	"ASCProject_0076_SALIVA"	"Normal"	"ASCProject_0076"	"DNA"	""	"ASCProject_0076_SALIVA"	""	""	NA	""	""	""	""	""	""	"ASCProject_0076"	"Breast (Parenchymal)"	"No Mets"	"Breast (Parenchymal)"	"Breast"	"No Mets"	"No Mets"	NA	5	"51"	"F"	"BREAST (PARENCHYMAL)"	"RIGHT BREAST"	0	"NO"	0	0	""	""	""	""	""	""	""	""	"NO METS"	"NO METS"	"709"	"BREAST (PARENCHYMAL)"	0	0	"76"	"DIAGNOSED"	51.70136986	"BREAST"	"BREAST"	"NED"	"YES"	"YES"	"YES"	"AFTER"	"NO"	"NO"	"NO"	"NO"	"WHITE"	""	""	""	""	""	""	""	""	"True"	51	"BREAST (PARENCHYMAL)"	"Non-RAAS/LAAS"	0	"ASCProject_0076_SALIVA"	51	"Breast (Parenchymal)"
"RP-1447_ASCProject_0076_T1_v3_Exome_OnPrem"	"ASCProject_0076_T1"	"Tumor"	"ASCProject_0076"	"DNA"	"T1"	"ASCProject_0076_T1"	""	""	42	"BREAST"	"MASTECTOMY"	"YES"	"NO"	"NO"	"LOW"	"ASCProject_0076"	"Breast (Parenchymal)"	"No Mets"	"Breast (Parenchymal)"	"Breast"	"No Mets"	"No Mets"	NA	5	"51"	"F"	"BREAST (PARENCHYMAL)"	"RIGHT BREAST"	0	"NO"	0	0	""	""	""	""	""	""	""	""	"NO METS"	"NO METS"	"709"	"BREAST (PARENCHYMAL)"	0	0	"76"	"DIAGNOSED"	51.70136986	"BREAST"	"BREAST"	"NED"	"YES"	"YES"	"YES"	"AFTER"	"NO"	"NO"	"NO"	"NO"	"WHITE"	""	""	""	""	""	""	""	""	"True"	51	"BREAST (PARENCHYMAL)"	"Non-RAAS/LAAS"	0	"ASCProject_0076_T1"	51	"Breast (Parenchymal)"
"RP-1447_ASCProject_0078_SALIVA_v1_Exome_OnPrem"	"ASCProject_0078_SALIVA"	"Normal"	"ASCProject_0078"	"DNA"	""	"ASCProject_0078_SALIVA"	""	""	NA	""	""	""	""	""	""	"ASCProject_0078"	"Breast (Cutaneous)"	"No Mets"	"Breast (Cutaneous)"	"Breast Skin"	"No Mets"	"No Mets"	NA	11	"64"	"F"	"BREAST (CUTANEOUS)"	"LEFT BREAST SKIN"	1	"NO"	1	1	"LEFT CHEST WALL SKIN, LEFT CHEST WALL SKIN, LEFT CHEST WALL SKIN, LEFT CHEST WALL SKIN, LEFT CHEST WALL SKIN"	"1962"	"2345"	"2904"	"3136"	"3653"	""	""	"NO METS"	"NO METS"	"4178"	"BREAST (CUTANEOUS)"	0	0	"78"	"DIAGNOSED"	64.82465753	"BREAST"	"BREAST,LYMPH"	"BREAST"	"YES"	"YES"	"NO"	""	"NO"	"YES"	"YES"	"NO"	"WHITE"	""	""	""	""	""	""	""	""	"True"	64	"BREAST (CUTANEOUS)"	"RAAS"	0	"ASCProject_0078_SALIVA"	64	"Breast (Cutaneous)"
"RP-1447_ASCProject_0080_SALIVA_v1_Exome_OnPrem"	"ASCProject_0080_SALIVA"	"Normal"	"ASCProject_0080"	"DNA"	""	"ASCProject_0080_SALIVA"	""	""	NA	""	""	""	""	""	""	"ASCProject_0080"	"HNFS"	"Not Extracted"	"HNFS"	""	""	""	NA	NA	""	""	""	""	NA	""	NA	NA	""	""	""	""	""	""	""	""	""	""	""	""	NA	NA	"80"	"DIAGNOSED"	72.78356164	"SCALP"	"SCALP"	"SCALP"	"NO"	""	"NO"	""	"YES"	"YES"	"NO"	"NO"	"WHITE"	""	""	""	""	""	""	""	""	"False"	72.78356164	"HNFS"	""	NA	"ASCProject_0080_SALIVA"	72.78356164	"HNFS"
"RP-1447_ASCProject_0081_SALIVA_v1_Exome_OnPrem"	"ASCProject_0081_SALIVA"	"Normal"	"ASCProject_0081"	"DNA"	""	"ASCProject_0081_SALIVA"	""	""	NA	""	""	""	""	""	""	"ASCProject_0081"	"Breast (NOS)"	"Not Extracted"	"Breast (NOS)"	""	""	""	NA	NA	""	""	""	""	NA	""	NA	NA	""	""	""	""	""	""	""	""	""	""	""	""	NA	NA	"81"	"DIAGNOSED"	20.83287671	"BREAST"	"BREAST"	"NED"	"YES"	"YES"	"YES"	"AFTER"	"NO"	"NO"	"NO"	"NO"	"WHITE"	""	""	""	""	""	""	""	""	"False"	20.83287671	"BREAST (NOS)"	""	NA	"ASCProject_0081_SALIVA"	20.83287671	"Breast (NOS)"
"RP-1447_ASCProject_0082_SALIVA_v2_Exome_OnPrem"	"ASCProject_0082_SALIVA"	"Normal"	"ASCProject_0082"	"DNA"	""	"ASCProject_0082_SALIVA"	""	""	NA	""	""	""	""	""	""	"ASCProject_0082"	"HNFS"	"No Mets"	"HNFS"	"Temple"	"No Mets"	"No Mets"	NA	2	"60"	"M"	"HNFS"	"LEFT TEMPLE"	0	"NO"	1	0	""	""	""	""	""	""	""	""	"NO METS"	"NO METS"	"794"	"HNFS"	0	0	"82"	"DIAGNOSED"	60.89863014	"HEADFACENECK"	"HEADFACENECK"	"NED"	"YES"	"YES"	"NO"	""	"NO"	"NO"	"NO"	"NO"	"WHITE"	""	""	""	""	""	""	""	""	"True"	60	"HNFS"	"Non-RAAS/LAAS"	0	"ASCProject_0082_SALIVA"	60	"HNFS"
"RP-1447_ASCProject_0082_T1_v2_Exome_OnPrem"	"ASCProject_0082_T1"	"Tumor"	"ASCProject_0082"	"DNA"	"T1"	"ASCProject_0082_T1"	""	""	0	"HEADFACENECKSCALP"	""	""	""	""	""	"ASCProject_0082"	"HNFS"	"No Mets"	"HNFS"	"Temple"	"No Mets"	"No Mets"	NA	2	"60"	"M"	"HNFS"	"LEFT TEMPLE"	0	"NO"	1	0	""	""	""	""	""	""	""	""	"NO METS"	"NO METS"	"794"	"HNFS"	0	0	"82"	"DIAGNOSED"	60.89863014	"HEADFACENECK"	"HEADFACENECK"	"NED"	"YES"	"YES"	"NO"	""	"NO"	"NO"	"NO"	"NO"	"WHITE"	""	""	""	""	""	""	""	""	"True"	60	"HNFS"	"Non-RAAS/LAAS"	0	"ASCProject_0082_T1"	60	"HNFS"
"RP-1447_ASCProject_0084_SALIVA_v1_Exome_OnPrem"	"ASCProject_0084_SALIVA"	"Normal"	"ASCProject_0084"	"DNA"	""	"ASCProject_0084_SALIVA"	""	""	NA	""	""	""	""	""	""	"ASCProject_0084"	"Breast (Parenchymal)"	"No Mets"	"Breast (Parenchymal)"	"Breast"	"No Mets"	"No Mets"	NA	2	"56"	"F"	"BREAST (PARENCHYMAL)"	"RIGHT BREAST"	0	"NO"	0	0	""	""	""	""	""	""	""	""	"NO METS"	"NO METS"	"1235"	"BREAST (PARENCHYMAL)"	0	0	""	""	NA	""	""	""	""	""	""	""	""	""	""	""	""	""	""	""	""	""	""	""	""	"True"	56	"BREAST (PARENCHYMAL)"	"Non-RAAS/LAAS"	0	"ASCProject_0084_SALIVA"	56	"Breast (Parenchymal)"
"RP-1447_ASCProject_0084_T1_v1_Exome_OnPrem"	"ASCProject_0084_T1"	"Tumor"	"ASCProject_0084"	"DNA"	"T1"	"ASCProject_0084_T1"	""	""	33	"BREAST"	""	""	""	""	""	"ASCProject_0084"	"Breast (Parenchymal)"	"No Mets"	"Breast (Parenchymal)"	"Breast"	"No Mets"	"No Mets"	NA	2	"56"	"F"	"BREAST (PARENCHYMAL)"	"RIGHT BREAST"	0	"NO"	0	0	""	""	""	""	""	""	""	""	"NO METS"	"NO METS"	"1235"	"BREAST (PARENCHYMAL)"	0	0	""	""	NA	""	""	""	""	""	""	""	""	""	""	""	""	""	""	""	""	""	""	""	""	"True"	56	"BREAST (PARENCHYMAL)"	"Non-RAAS/LAAS"	0	"ASCProject_0084_T1"	56	"Breast (Parenchymal)"
"RP-1447_ASCProject_0086_SALIVA_v1_Exome_OnPrem"	"ASCProject_0086_SALIVA"	"Normal"	"ASCProject_0086"	"DNA"	""	"ASCProject_0086_SALIVA"	""	""	NA	""	""	""	""	""	""	"ASCProject_0086"	"Breast (NOS)"	"Not Extracted"	"Breast (NOS)"	""	""	""	NA	NA	""	""	""	""	NA	""	NA	NA	""	""	""	""	""	""	""	""	""	""	""	""	NA	NA	"86"	"DIAGNOSED"	56.07123288	"BREAST"	"BREAST"	"NED"	"YES"	"YES"	"NO"	""	"NO"	"NO"	"NO"	"NO"	"WHITE"	""	""	""	""	""	""	""	""	"False"	56.07123288	"BREAST (NOS)"	""	NA	"ASCProject_0086_SALIVA"	56.07123288	"Breast (NOS)"
"RP-1447_ASCProject_0088_BLOOD_2_P_v1_Exome_OnPrem"	"ASCProject_0088_BLOOD_2_P"	"Tumor"	"ASCProject_0088"	"DNA"	"BLOOD"	"ASCProject_0088_BLOOD_2_P"	""	""	NA	""	""	""	""	""	""	"ASCProject_0088"	"Breast (Cutaneous)"	"No Mets"	"Breast (Cutaneous)"	"Breast Skin"	"No Mets"	"No Mets"	NA	2	"47"	"F"	"BREAST (CUTANEOUS)"	"RIGHT BREAST SKIN"	1	"NO"	1	1	"RIGHT CHEST WALL SKIN"	"782"	""	""	""	""	""	""	"NO METS"	"NO METS"	"1288"	"BREAST (CUTANEOUS)"	0	0	"88"	"DIAGNOSED"	47.13424658	"BREAST"	"BREAST"	"BREAST"	"YES"	"YES"	"YES"	"BOTH"	"YES"	"YES"	"YES"	"NO"	"WHITE"	""	""	""	""	""	""	""	""	"True"	47	"BREAST (CUTANEOUS)"	"RAAS"	0	"ASCProject_0088_BLOOD_2_P"	47	"Breast (Cutaneous)"
"RP-1447_ASCProject_0088_SALIVA_v1_Exome_OnPrem"	"ASCProject_0088_SALIVA"	"Normal"	"ASCProject_0088"	"DNA"	""	"ASCProject_0088_SALIVA"	""	""	NA	""	""	""	""	""	""	"ASCProject_0088"	"Breast (Cutaneous)"	"No Mets"	"Breast (Cutaneous)"	"Breast Skin"	"No Mets"	"No Mets"	NA	2	"47"	"F"	"BREAST (CUTANEOUS)"	"RIGHT BREAST SKIN"	1	"NO"	1	1	"RIGHT CHEST WALL SKIN"	"782"	""	""	""	""	""	""	"NO METS"	"NO METS"	"1288"	"BREAST (CUTANEOUS)"	0	0	"88"	"DIAGNOSED"	47.13424658	"BREAST"	"BREAST"	"BREAST"	"YES"	"YES"	"YES"	"BOTH"	"YES"	"YES"	"YES"	"NO"	"WHITE"	""	""	""	""	""	""	""	""	"True"	47	"BREAST (CUTANEOUS)"	"RAAS"	0	"ASCProject_0088_SALIVA"	47	"Breast (Cutaneous)"
"RP-1447_ASCProject_0088_T3_v2_Exome_OnPrem"	"ASCProject_0088_T3"	"Tumor"	"ASCProject_0088"	"DNA"	"T3"	"ASCProject_0088_T3"	""	""	782	"CHEST"	""	""	""	""	""	"ASCProject_0088"	"Breast (Cutaneous)"	"No Mets"	"Breast (Cutaneous)"	"Breast Skin"	"No Mets"	"No Mets"	NA	2	"47"	"F"	"BREAST (CUTANEOUS)"	"RIGHT BREAST SKIN"	1	"NO"	1	1	"RIGHT CHEST WALL SKIN"	"782"	""	""	""	""	""	""	"NO METS"	"NO METS"	"1288"	"BREAST (CUTANEOUS)"	0	0	"88"	"DIAGNOSED"	47.13424658	"BREAST"	"BREAST"	"BREAST"	"YES"	"YES"	"YES"	"BOTH"	"YES"	"YES"	"YES"	"NO"	"WHITE"	""	""	""	""	""	""	""	""	"True"	47	"BREAST (CUTANEOUS)"	"RAAS"	0	"ASCProject_0088_T3"	47	"Breast (Cutaneous)"
"RP-1447_ASCProject_0089_SALIVA_v2_Exome_OnPrem"	"ASCProject_0089_SALIVA"	"Normal"	"ASCProject_0089"	"DNA"	""	"ASCProject_0089_SALIVA"	""	""	NA	""	""	""	""	""	""	"ASCProject_0089"	"Breast (Parenchymal)"	"No Mets"	"Breast (Parenchymal)"	"Breast"	"No Mets"	"No Mets"	NA	5	"34"	"F"	"BREAST (PARENCHYMAL)"	"RIGHT BREAST"	0	"NO"	0	0	""	""	""	""	""	""	""	""	"NO METS"	"NO METS"	"1525"	"BREAST (PARENCHYMAL)"	0	0	"89"	"DIAGNOSED"	34.39452055	"BREAST"	"BREAST"	"NED"	"YES"	"YES"	"NO"	""	"NO"	"NO"	"NO"	"NO"	"WHITE"	""	""	""	""	""	""	""	""	"True"	34	"BREAST (PARENCHYMAL)"	"Non-RAAS/LAAS"	0	"ASCProject_0089_SALIVA"	34	"Breast (Parenchymal)"
"RP-1447_ASCProject_0089_T1_v3_Exome_OnPrem"	"ASCProject_0089_T1"	"Tumor"	"ASCProject_0089"	"DNA"	"T1"	"ASCProject_0089_T1"	""	""	0	"BREAST"	"EXCISION"	"YES"	"NO"	"YES"	"HIGH"	"ASCProject_0089"	"Breast (Parenchymal)"	"No Mets"	"Breast (Parenchymal)"	"Breast"	"No Mets"	"No Mets"	NA	5	"34"	"F"	"BREAST (PARENCHYMAL)"	"RIGHT BREAST"	0	"NO"	0	0	""	""	""	""	""	""	""	""	"NO METS"	"NO METS"	"1525"	"BREAST (PARENCHYMAL)"	0	0	"89"	"DIAGNOSED"	34.39452055	"BREAST"	"BREAST"	"NED"	"YES"	"YES"	"NO"	""	"NO"	"NO"	"NO"	"NO"	"WHITE"	""	""	""	""	""	""	""	""	"True"	34	"BREAST (PARENCHYMAL)"	"Non-RAAS/LAAS"	0	"ASCProject_0089_T1"	34	"Breast (Parenchymal)"
"RP-1447_ASCProject_0090_SALIVA_v1_Exome_OnPrem"	"ASCProject_0090_SALIVA"	"Normal"	"ASCProject_0090"	"DNA"	""	"ASCProject_0090_SALIVA"	""	""	NA	""	""	""	""	""	""	"ASCProject_0090"	"Breast (NOS)"	"Not Extracted"	"Breast (NOS)"	""	""	""	NA	NA	""	""	""	""	NA	""	NA	NA	""	""	""	""	""	""	""	""	""	""	""	""	NA	NA	"90"	"DIAGNOSED"	44.04657534	"BREAST"	"BREAST"	"NED"	"YES"	"YES"	"YES"	"AFTER"	"NO"	"NO"	"NO"	"NO"	"WHITE"	""	""	""	""	""	""	""	""	"False"	44.04657534	"BREAST (NOS)"	""	NA	"ASCProject_0090_SALIVA"	44.04657534	"Breast (NOS)"
"RP-1447_ASCProject_0091_SALIVA_v1_Exome_OnPrem"	"ASCProject_0091_SALIVA"	"Normal"	"ASCProject_0091"	"DNA"	""	"ASCProject_0091_SALIVA"	""	""	NA	""	""	""	""	""	""	"ASCProject_0091"	"HNFS"	"Not Extracted"	"HNFS"	""	""	""	NA	NA	""	""	""	""	NA	""	NA	NA	""	""	""	""	""	""	""	""	""	""	""	""	NA	NA	"91"	"DIAGNOSED"	60.72328767	"HEADFACENECK"	"HEADFACENECK"	"NED"	"YES"	"YES"	"YES"	"AFTER"	"NO"	"YES"	"NO"	"NO"	"WHITE"	""	""	""	""	""	""	""	""	"False"	60.72328767	"HNFS"	""	NA	"ASCProject_0091_SALIVA"	60.72328767	"HNFS"
"RP-1447_ASCProject_0092_SALIVA_v1_Exome_OnPrem"	"ASCProject_0092_SALIVA"	"Normal"	"ASCProject_0092"	"DNA"	""	"ASCProject_0092_SALIVA"	""	""	NA	""	""	""	""	""	""	"ASCProject_0092"	"Breast (Parenchymal)"	"No Mets"	"Breast (Parenchymal)"	"Breast"	"No Mets"	"No Mets"	NA	9	"54"	"F"	"BREAST (PARENCHYMAL)"	"LEFT BREAST"	0	"NO"	0	0	""	""	""	""	""	""	""	""	"NO METS"	"NO METS"	"2218"	"BREAST (PARENCHYMAL)"	0	0	"92"	"DIAGNOSED"	54.80273973	"BREAST"	"BREAST"	"NED"	"YES"	"YES"	"NO"	""	"NO"	"NO"	"NO"	"NO"	"WHITE"	""	""	""	""	""	""	""	""	"True"	54	"BREAST (PARENCHYMAL)"	"Non-RAAS/LAAS"	0	"ASCProject_0092_SALIVA"	54	"Breast (Parenchymal)"
"RP-1447_ASCProject_0093_SALIVA_v1_Exome_OnPrem"	"ASCProject_0093_SALIVA"	"Normal"	"ASCProject_0093"	"DNA"	""	"ASCProject_0093_SALIVA"	""	""	NA	""	""	""	""	""	""	"ASCProject_0093"	"Breast (NOS)"	"Not Extracted"	"Breast (NOS)"	""	""	""	NA	NA	""	""	""	""	NA	""	NA	NA	""	""	""	""	""	""	""	""	""	""	""	""	NA	NA	"93"	"DIAGNOSED"	71.29589041	"BREAST"	"BREAST"	"NED"	"YES"	"YES"	"NO"	""	"NO"	"YES"	"YES"	"NO"	"WHITE"	""	""	""	""	""	""	""	""	"False"	71.29589041	"BREAST (NOS)"	""	NA	"ASCProject_0093_SALIVA"	71.29589041	"Breast (NOS)"
"RP-1447_ASCProject_0094_NORMAL_v2_Exome_OnPrem"	"ASCProject_0094_NORMAL"	"Normal"	"ASCProject_0094"	"DNA"	""	"ASCProject_0094_NORMAL"	""	""	NA	""	""	""	""	""	""	"ASCProject_0094"	"Breast (Parenchymal)"	"Breast, Bone, Lung, Other Soft Tissues"	"Breast (Parenchymal)"	"Breast"	"Breast"	"Breast, Bone, Lung, HNFS"	NA	2	"56"	"F"	"BREAST (PARENCHYMAL)"	"LEFT BREAST"	0	"NO"	0	0	""	""	""	""	""	""	""	"548"	"OTHER [RIGHT BREAST]"	"OTHER [RIGHT BREAST], BONE, LUNG, HNFS"	"1061"	"BREAST (PARENCHYMAL)"	0	1	""	""	NA	""	""	""	""	""	""	""	""	""	""	""	""	""	""	""	""	""	""	""	""	"True"	56	"BREAST (PARENCHYMAL)"	"Non-RAAS/LAAS"	4	"ASCProject_0094_NORMAL"	56	"Breast (Parenchymal)"
"RP-1447_ASCProject_0094_T1_v2_Exome_OnPrem"	"ASCProject_0094_T1"	"Tumor"	"ASCProject_0094"	"DNA"	"T1"	"ASCProject_0094_T1"	""	""	77	"BREAST"	"MASTECTOMY"	"YES"	"NO"	"YES"	"HIGH"	"ASCProject_0094"	"Breast (Parenchymal)"	"Breast, Bone, Lung, Other Soft Tissues"	"Breast (Parenchymal)"	"Breast"	"Breast"	"Breast, Bone, Lung, HNFS"	NA	2	"56"	"F"	"BREAST (PARENCHYMAL)"	"LEFT BREAST"	0	"NO"	0	0	""	""	""	""	""	""	""	"548"	"OTHER [RIGHT BREAST]"	"OTHER [RIGHT BREAST], BONE, LUNG, HNFS"	"1061"	"BREAST (PARENCHYMAL)"	0	1	""	""	NA	""	""	""	""	""	""	""	""	""	""	""	""	""	""	""	""	""	""	""	""	"True"	56	"BREAST (PARENCHYMAL)"	"Non-RAAS/LAAS"	4	"ASCProject_0094_T1"	56	"Breast (Parenchymal)"
"RP-1447_ASCProject_0094_T2_v2_Exome_OnPrem"	"ASCProject_0094_T2"	"Tumor"	"ASCProject_0094"	"DNA"	"T2"	"ASCProject_0094_T2"	""	""	556	"BREAST"	"MASTECTOMY"	"YES"	"NO"	"YES"	"HIGH"	"ASCProject_0094"	"Breast (Parenchymal)"	"Breast, Bone, Lung, Other Soft Tissues"	"Breast (Parenchymal)"	"Breast"	"Breast"	"Breast, Bone, Lung, HNFS"	NA	2	"56"	"F"	"BREAST (PARENCHYMAL)"	"LEFT BREAST"	0	"NO"	0	0	""	""	""	""	""	""	""	"548"	"OTHER [RIGHT BREAST]"	"OTHER [RIGHT BREAST], BONE, LUNG, HNFS"	"1061"	"BREAST (PARENCHYMAL)"	0	1	""	""	NA	""	""	""	""	""	""	""	""	""	""	""	""	""	""	""	""	""	""	""	""	"True"	56	"BREAST (PARENCHYMAL)"	"Non-RAAS/LAAS"	4	"ASCProject_0094_T2"	56	"Breast (Parenchymal)"
"RP-1447_ASCProject_0095_BLOOD_BC_v1_Exome_OnPrem"	"ASCProject_0095_BLOOD_BC"	"Normal"	"ASCProject_0095"	"DNA"	""	"ASCProject_0095_BLOOD_BC"	""	""	NA	""	""	""	""	""	""	"ASCProject_0095"	"Extremities"	"No Mets"	"Lower Extremity"	"Glute"	"No Mets"	"No Mets"	NA	3	"47"	"F"	"OTHER (RIGHT GLUTE)"	"RIGHT GLUTEAL MASS"	1	"NO"	1	1	"NOT FOUND IN RECORD"	"946"	""	""	""	""	""	""	"NO METS"	"NO METS"	"2011"	"OTHER"	0	0	"95"	"DIAGNOSED"	46.95616438	"OTHER"	"BONELIMB,OTHER"	"OTHER"	"YES"	"YES"	"YES"	"BOTH"	"YES"	"YES"	"YES"	"NO"	"WHITE"	""	""	""	""	""	""	""	""	"True"	47	"OTHER"	"RAAS"	0	"ASCProject_0095_BLOOD_BC"	47	"Extremities"
"RP-1447_ASCProject_0096_BLOOD_BC_v1_Exome_OnPrem"	"ASCProject_0096_BLOOD_BC"	"Normal"	"ASCProject_0096"	"DNA"	""	"ASCProject_0096_BLOOD_BC"	""	""	NA	""	""	""	""	""	""	"ASCProject_0096"	"HNFS"	"Not Extracted"	"HNFS"	""	""	""	NA	NA	""	""	""	""	NA	""	NA	NA	""	""	""	""	""	""	""	""	""	""	""	""	NA	NA	"96"	"DIAGNOSED"	60.50410959	"HEADFACENECK"	"HEADFACENECK,LUNG,LYMPH"	"HEADFACENECK,LUNG,LYMPH"	"YES"	"YES"	"YES"	"BEFORE"	"YES"	"NO"	"NO"	"NO"	"WHITE"	""	""	""	""	""	""	""	""	"False"	60.50410959	"HNFS"	""	NA	"ASCProject_0096_BLOOD_BC"	60.50410959	"HNFS"
"RP-1447_ASCProject_0097_BLOOD_Normal_v1_Exome_OnPrem"	"ASCProject_0097_BLOOD_Normal"	"Normal"	"ASCProject_0097"	"DNA"	""	"ASCProject_0097_BLOOD_Normal"	""	""	NA	""	""	""	""	""	""	"ASCProject_0097"	"HNFS"	"Bone, Other Soft Tissues, Visceral Organ"	"HNFS"	"Neck"	"Bone"	"Bone, Skin, Visceral Organ"	NA	5	"38"	"F"	"HNFS"	"RIGHT NECK"	1	"NO"	1	1	"HNFS, HNFS, HNFS, HNFS, HNFS, HNFS"	"395"	"1066"	"2830"	"3138"	"3243"	"4329"	"425"	"BONE"	"BONE, SKIN, VISCERAL ORGAN"	"4759"	"HNFS"	0	1	"97"	"DIAGNOSED"	38.47671233	"HEADFACENECK"	"HEADFACENECK,LIVER,BONELIMB,OTHER"	"HEADFACENECK,LIVER,BONELIMB,OTHER"	"YES"	"NO"	"NO"	""	"YES"	"YES"	"NO"	"NO"	"WHITE"	""	""	""	""	""	""	""	""	"True"	38	"HNFS"	"RAAS"	3	"ASCProject_0097_BLOOD_Normal"	38	"HNFS"
"RP-1447_ASCProject_0097_SALIVA_2_v3_Exome_OnPrem"	"ASCProject_0097_SALIVA_2"	"Normal"	"ASCProject_0097"	"DNA"	""	"ASCProject_0097_SALIVA_2"	""	""	NA	""	""	""	""	""	""	"ASCProject_0097"	"HNFS"	"Bone, Other Soft Tissues, Visceral Organ"	"HNFS"	"Neck"	"Bone"	"Bone, Skin, Visceral Organ"	NA	5	"38"	"F"	"HNFS"	"RIGHT NECK"	1	"NO"	1	1	"HNFS, HNFS, HNFS, HNFS, HNFS, HNFS"	"395"	"1066"	"2830"	"3138"	"3243"	"4329"	"425"	"BONE"	"BONE, SKIN, VISCERAL ORGAN"	"4759"	"HNFS"	0	1	"97"	"DIAGNOSED"	38.47671233	"HEADFACENECK"	"HEADFACENECK,LIVER,BONELIMB,OTHER"	"HEADFACENECK,LIVER,BONELIMB,OTHER"	"YES"	"NO"	"NO"	""	"YES"	"YES"	"NO"	"NO"	"WHITE"	""	""	""	""	""	""	""	""	"True"	38	"HNFS"	"RAAS"	3	"ASCProject_0097_SALIVA_2"	38	"HNFS"
"RP-1447_ASCProject_0097_T2_v2_Exome_OnPrem"	"ASCProject_0097_T2"	"Tumor"	"ASCProject_0097"	"DNA"	"T2"	"ASCProject_0097_T2"	""	""	1092	"HEADFACENECKSCALP"	"EXCISION"	"YES"	"NO"	"YES"	"HIGH"	"ASCProject_0097"	"HNFS"	"Bone, Other Soft Tissues, Visceral Organ"	"HNFS"	"Neck"	"Bone"	"Bone, Skin, Visceral Organ"	NA	5	"38"	"F"	"HNFS"	"RIGHT NECK"	1	"NO"	1	1	"HNFS, HNFS, HNFS, HNFS, HNFS, HNFS"	"395"	"1066"	"2830"	"3138"	"3243"	"4329"	"425"	"BONE"	"BONE, SKIN, VISCERAL ORGAN"	"4759"	"HNFS"	0	1	"97"	"DIAGNOSED"	38.47671233	"HEADFACENECK"	"HEADFACENECK,LIVER,BONELIMB,OTHER"	"HEADFACENECK,LIVER,BONELIMB,OTHER"	"YES"	"NO"	"NO"	""	"YES"	"YES"	"NO"	"NO"	"WHITE"	""	""	""	""	""	""	""	""	"True"	38	"HNFS"	"RAAS"	3	"ASCProject_0097_T2"	38	"HNFS"
"RP-1447_ASCProject_0097_T3_v2_Exome_OnPrem"	"ASCProject_0097_T3"	"Tumor"	"ASCProject_0097"	"DNA"	"T3"	"ASCProject_0097_T3"	""	""	2394	"HEADFACENECKSCALP"	"RESECTION"	"YES"	"NO"	"YES"	"HIGH"	"ASCProject_0097"	"HNFS"	"Bone, Other Soft Tissues, Visceral Organ"	"HNFS"	"Neck"	"Bone"	"Bone, Skin, Visceral Organ"	NA	5	"38"	"F"	"HNFS"	"RIGHT NECK"	1	"NO"	1	1	"HNFS, HNFS, HNFS, HNFS, HNFS, HNFS"	"395"	"1066"	"2830"	"3138"	"3243"	"4329"	"425"	"BONE"	"BONE, SKIN, VISCERAL ORGAN"	"4759"	"HNFS"	0	1	"97"	"DIAGNOSED"	38.47671233	"HEADFACENECK"	"HEADFACENECK,LIVER,BONELIMB,OTHER"	"HEADFACENECK,LIVER,BONELIMB,OTHER"	"YES"	"NO"	"NO"	""	"YES"	"YES"	"NO"	"NO"	"WHITE"	""	""	""	""	""	""	""	""	"True"	38	"HNFS"	"RAAS"	3	"ASCProject_0097_T3"	38	"HNFS"
"RP-1447_ASCProject_0097_T4_v2_Exome_OnPrem"	"ASCProject_0097_T4"	"Tumor"	"ASCProject_0097"	"DNA"	"T4"	"ASCProject_0097_T4"	""	""	2837	"HEADFACENECKSCALP"	"RESECTION"	"YES"	"NO"	"YES"	"HIGH"	"ASCProject_0097"	"HNFS"	"Bone, Other Soft Tissues, Visceral Organ"	"HNFS"	"Neck"	"Bone"	"Bone, Skin, Visceral Organ"	NA	5	"38"	"F"	"HNFS"	"RIGHT NECK"	1	"NO"	1	1	"HNFS, HNFS, HNFS, HNFS, HNFS, HNFS"	"395"	"1066"	"2830"	"3138"	"3243"	"4329"	"425"	"BONE"	"BONE, SKIN, VISCERAL ORGAN"	"4759"	"HNFS"	0	1	"97"	"DIAGNOSED"	38.47671233	"HEADFACENECK"	"HEADFACENECK,LIVER,BONELIMB,OTHER"	"HEADFACENECK,LIVER,BONELIMB,OTHER"	"YES"	"NO"	"NO"	""	"YES"	"YES"	"NO"	"NO"	"WHITE"	""	""	""	""	""	""	""	""	"True"	38	"HNFS"	"RAAS"	3	"ASCProject_0097_T4"	38	"HNFS"
"RP-1447_ASCProject_0098_SALIVA_v1_Exome_OnPrem"	"ASCProject_0098_SALIVA"	"Normal"	"ASCProject_0098"	"DNA"	""	"ASCProject_0098_SALIVA"	""	""	NA	""	""	""	""	""	""	"ASCProject_0098"	"HNFS"	"Lung, Distant Lymph Node"	"HNFS"	"Face"	"Lung"	"Lung, Distant Lymph Node"	NA	5	"79"	"M"	"HNFS"	"RIGHT EYEBROW"	0	"NO"	1	1	"HNFS"	"284"	""	""	""	""	""	"488"	"LUNG"	"LUNG, DISTANT LYMPH NODE"	"1006"	"HNFS"	0	1	"98"	"DIAGNOSED"	78.99726027	"HEADFACENECK"	"HEADFACENECK,SCALP"	"SCALP"	"YES"	"NO"	"YES"	"AFTER"	"YES"	"YES"	"NO"	"NO"	"WHITE"	""	""	""	""	""	""	""	""	"True"	79	"HNFS"	"Non-RAAS/LAAS"	2	"ASCProject_0098_SALIVA"	79	"HNFS"
"RP-1447_ASCProject_0098_T1_v2_Exome_OnPrem"	"ASCProject_0098_T1"	"Tumor"	"ASCProject_0098"	"DNA"	"T1"	"ASCProject_0098_T1"	""	""	0	"HEADFACENECKSCALP"	"EXCISION"	"YES (FOCAL)"	"YES"	"NO"	"HIGH"	"ASCProject_0098"	"HNFS"	"Lung, Distant Lymph Node"	"HNFS"	"Face"	"Lung"	"Lung, Distant Lymph Node"	NA	5	"79"	"M"	"HNFS"	"RIGHT EYEBROW"	0	"NO"	1	1	"HNFS"	"284"	""	""	""	""	""	"488"	"LUNG"	"LUNG, DISTANT LYMPH NODE"	"1006"	"HNFS"	0	1	"98"	"DIAGNOSED"	78.99726027	"HEADFACENECK"	"HEADFACENECK,SCALP"	"SCALP"	"YES"	"NO"	"YES"	"AFTER"	"YES"	"YES"	"NO"	"NO"	"WHITE"	""	""	""	""	""	""	""	""	"True"	79	"HNFS"	"Non-RAAS/LAAS"	2	"ASCProject_0098_T1"	79	"HNFS"
"RP-1447_ASCProject_0099_SALIVA_v1_Exome_OnPrem"	"ASCProject_0099_SALIVA"	"Normal"	"ASCProject_0099"	"DNA"	""	"ASCProject_0099_SALIVA"	""	""	NA	""	""	""	""	""	""	"ASCProject_0099"	"Breast (Cutaneous)"	"No Mets"	"Breast (Cutaneous)"	"Breast"	"No Mets"	"No Mets"	NA	9	"70"	"F"	"BREAST (CUTANEOUS)"	"RIGHT BREAST"	1	"NO"	1	0	""	""	""	""	""	""	""	""	"NO METS"	"NO METS"	"268"	"BREAST (CUTANEOUS)"	0	0	"99"	"DIAGNOSED"	70.39178082	"BREAST"	"BREAST"	"BREAST"	"NO"	""	"NO"	""	"YES"	"YES"	"NO"	"NO"	"WHITE"	""	""	""	""	""	""	""	""	"True"	70	"BREAST (CUTANEOUS)"	"RAAS"	0	"ASCProject_0099_SALIVA"	70	"Breast (Cutaneous)"
"RP-1447_ASCProject_0100_SALIVA_v1_Exome_OnPrem"	"ASCProject_0100_SALIVA"	"Normal"	"ASCProject_0100"	"DNA"	""	"ASCProject_0100_SALIVA"	""	""	NA	""	""	""	""	""	""	"ASCProject_0100"	"HNFS"	"Not Extracted"	"HNFS"	""	""	""	NA	NA	""	""	""	""	NA	""	NA	NA	""	""	""	""	""	""	""	""	""	""	""	""	NA	NA	"100"	"DIAGNOSED"	63.36712329	"HEADFACENECK"	"HEADFACENECK"	"NED"	"YES"	"NO"	"YES"	"AFTER"	"NO"	"NO"	"NO"	"NO"	"WHITE"	""	""	""	""	""	""	""	""	"False"	63.36712329	"HNFS"	""	NA	"ASCProject_0100_SALIVA"	63.36712329	"HNFS"
"RP-1447_ASCProject_0101_SALIVA_v2_Exome_OnPrem"	"ASCProject_0101_SALIVA"	"Normal"	"ASCProject_0101"	"DNA"	""	"ASCProject_0101_SALIVA"	""	""	NA	""	""	""	""	""	""	"ASCProject_0101"	"Extremities"	"Lung"	"Upper Extremity"	"Shoulder"	"Lung"	"Lung"	NA	2	"37"	"M"	"EXTREMITY"	"RIGHT SHOULDER"	0	"NO"	0	0	""	""	""	""	""	""	""	"407"	"LUNG"	"LUNG"	"538"	"EXTREMITY"	0	1	""	""	NA	""	""	""	""	""	""	""	""	""	""	""	""	""	""	""	""	""	""	""	""	"True"	37	"BONELIMB"	"Non-RAAS/LAAS"	1	"ASCProject_0101_SALIVA"	37	"Extremities"
"RP-1447_ASCProject_0101_T1_v1_Exome_OnPrem"	"ASCProject_0101_T1"	"Tumor"	"ASCProject_0101"	"DNA"	"T1"	"ASCProject_0101_T1"	""	""	0	"BONELIMB"	""	""	""	""	""	"ASCProject_0101"	"Extremities"	"Lung"	"Upper Extremity"	"Shoulder"	"Lung"	"Lung"	NA	2	"37"	"M"	"EXTREMITY"	"RIGHT SHOULDER"	0	"NO"	0	0	""	""	""	""	""	""	""	"407"	"LUNG"	"LUNG"	"538"	"EXTREMITY"	0	1	""	""	NA	""	""	""	""	""	""	""	""	""	""	""	""	""	""	""	""	""	""	""	""	"True"	37	"BONELIMB"	"Non-RAAS/LAAS"	1	"ASCProject_0101_T1"	37	"Extremities"
"RP-1447_ASCProject_0101_T2_v2_Exome_OnPrem"	"ASCProject_0101_T2"	"Tumor"	"ASCProject_0101"	"DNA"	"T2"	"ASCProject_0101_T2"	""	""	407	"LUNG"	""	""	""	""	""	"ASCProject_0101"	"Extremities"	"Lung"	"Upper Extremity"	"Shoulder"	"Lung"	"Lung"	NA	2	"37"	"M"	"EXTREMITY"	"RIGHT SHOULDER"	0	"NO"	0	0	""	""	""	""	""	""	""	"407"	"LUNG"	"LUNG"	"538"	"EXTREMITY"	0	1	""	""	NA	""	""	""	""	""	""	""	""	""	""	""	""	""	""	""	""	""	""	""	""	"True"	37	"BONELIMB"	"Non-RAAS/LAAS"	1	"ASCProject_0101_T2"	37	"Extremities"
"RP-1447_ASCProject_0102_SALIVA_v1_Exome_OnPrem"	"ASCProject_0102_SALIVA"	"Normal"	"ASCProject_0102"	"DNA"	""	"ASCProject_0102_SALIVA"	""	""	NA	""	""	""	""	""	""	"ASCProject_0102"	"Breast (Parenchymal)"	"No Mets"	"Breast (Parenchymal)"	"Breast"	"No Mets"	"No Mets"	NA	5	"31"	"F"	"BREAST (PARENCHYMAL)"	"LEFT BREAST"	0	"NO"	0	0	""	""	""	""	""	""	""	""	"NO METS"	"NO METS"	"1285"	"BREAST (PARENCHYMAL)"	0	0	"102"	"DIAGNOSED"	31.84931507	"BREAST"	"BREAST"	"NED"	"YES"	"YES"	"NO"	""	"NO"	"NO"	"NO"	"NO"	"WHITE"	""	""	""	""	""	""	""	""	"True"	31	"BREAST (PARENCHYMAL)"	"Non-RAAS/LAAS"	0	"ASCProject_0102_SALIVA"	31	"Breast (Parenchymal)"
"RP-1447_ASCProject_0102_T1_v1_Exome_OnPrem"	"ASCProject_0102_T1"	"Tumor"	"ASCProject_0102"	"DNA"	"T1"	"ASCProject_0102_T1"	""	""	0	"BREAST"	"BIOPSY"	"YES"	"NO"	"YES"	"LOW"	"ASCProject_0102"	"Breast (Parenchymal)"	"No Mets"	"Breast (Parenchymal)"	"Breast"	"No Mets"	"No Mets"	NA	5	"31"	"F"	"BREAST (PARENCHYMAL)"	"LEFT BREAST"	0	"NO"	0	0	""	""	""	""	""	""	""	""	"NO METS"	"NO METS"	"1285"	"BREAST (PARENCHYMAL)"	0	0	"102"	"DIAGNOSED"	31.84931507	"BREAST"	"BREAST"	"NED"	"YES"	"YES"	"NO"	""	"NO"	"NO"	"NO"	"NO"	"WHITE"	""	""	""	""	""	""	""	""	"True"	31	"BREAST (PARENCHYMAL)"	"Non-RAAS/LAAS"	0	"ASCProject_0102_T1"	31	"Breast (Parenchymal)"
"RP-1447_ASCProject_0102_T2_v1_Exome_OnPrem"	"ASCProject_0102_T2"	"Tumor"	"ASCProject_0102"	"DNA"	"T2"	"ASCProject_0102_T2"	""	""	187	"BREAST"	"MASTECTOMY"	"YES"	"NO"	"YES"	"LOW"	"ASCProject_0102"	"Breast (Parenchymal)"	"No Mets"	"Breast (Parenchymal)"	"Breast"	"No Mets"	"No Mets"	NA	5	"31"	"F"	"BREAST (PARENCHYMAL)"	"LEFT BREAST"	0	"NO"	0	0	""	""	""	""	""	""	""	""	"NO METS"	"NO METS"	"1285"	"BREAST (PARENCHYMAL)"	0	0	"102"	"DIAGNOSED"	31.84931507	"BREAST"	"BREAST"	"NED"	"YES"	"YES"	"NO"	""	"NO"	"NO"	"NO"	"NO"	"WHITE"	""	""	""	""	""	""	""	""	"True"	31	"BREAST (PARENCHYMAL)"	"Non-RAAS/LAAS"	0	"ASCProject_0102_T2"	31	"Breast (Parenchymal)"
"RP-1447_ASCProject_0103_SALIVA_v1_Exome_OnPrem"	"ASCProject_0103_SALIVA"	"Normal"	"ASCProject_0103"	"DNA"	""	"ASCProject_0103_SALIVA"	""	""	NA	""	""	""	""	""	""	"ASCProject_0103"	"Breast (NOS)"	"Not Extracted"	"Breast (NOS)"	""	""	""	NA	NA	""	""	""	""	NA	""	NA	NA	""	""	""	""	""	""	""	""	""	""	""	""	NA	NA	"103"	"DIAGNOSED"	46.04657534	"BREAST"	"BREAST"	"NED"	"YES"	"YES"	"NO"	""	"NO"	"NO"	"NO"	"NO"	"BLACK"	""	""	""	""	""	""	""	""	"False"	46.04657534	"BREAST (NOS)"	""	NA	"ASCProject_0103_SALIVA"	46.04657534	"Breast (NOS)"
"RP-1447_ASCProject_0105_SALIVA_v1_Exome_OnPrem"	"ASCProject_0105_SALIVA"	"Normal"	"ASCProject_0105"	"DNA"	""	"ASCProject_0105_SALIVA"	""	""	NA	""	""	""	""	""	""	"ASCProject_0105"	"Breast (Parenchymal)"	"No Mets"	"Breast (Parenchymal)"	"Breast"	"No Mets"	"No Mets"	NA	9	"46"	"F"	"BREAST (PARENCHYMAL)"	"RIGHT BREAST"	0	"NO"	0	0	""	""	""	""	""	""	""	""	"NO METS"	"NO METS"	"1789"	"BREAST (PARENCHYMAL)"	0	0	"105"	"DIAGNOSED"	46.57534247	"BREAST"	"BREAST"	"NED"	"YES"	"YES"	"YES"	"AFTER"	"NO"	"NO"	"NO"	"YES"	""	""	""	""	""	""	""	""	""	"True"	46	"BREAST (PARENCHYMAL)"	"Non-RAAS/LAAS"	0	"ASCProject_0105_SALIVA"	46	"Breast (Parenchymal)"
"RP-1447_ASCProject_0108_SALIVA_v1_Exome_OnPrem"	"ASCProject_0108_SALIVA"	"Normal"	"ASCProject_0108"	"DNA"	""	"ASCProject_0108_SALIVA"	""	""	NA	""	""	""	""	""	""	"ASCProject_0108"	"Musculoskeletal"	"Not Extracted"	"Pelvis"	""	""	""	NA	NA	""	""	""	""	NA	""	NA	NA	""	""	""	""	""	""	""	""	""	""	""	""	NA	NA	"108"	"DIAGNOSED"	58.01643836	"LUNG,BONELIMB,OTHER"	"LUNG,BONELIMB,OTHER"	"NED"	"NO"	""	"NO"	""	"YES"	"NO"	"NO"	"NO"	"BLACK,WHITE"	""	""	""	""	""	""	""	""	"False"	58.01643836	""	""	NA	"ASCProject_0108_SALIVA"	58.01643836	"Musculoskeletal"
"RP-1447_ASCProject_0109_SALIVA_v1_Exome_OnPrem"	"ASCProject_0109_SALIVA"	"Normal"	"ASCProject_0109"	"DNA"	""	"ASCProject_0109_SALIVA"	""	""	NA	""	""	""	""	""	""	"ASCProject_0109"	"Breast (Cutaneous)"	"Breast, Liver, Bone"	"Breast (Cutaneous)"	"Breast"	"Breast"	"Breast, Liver, Bone Marrow"	NA	9	"55"	"F"	"BREAST (CUTANEOUS)"	"LEFT BREAST"	1	"NO"	1	1	"LEFT BREAST SKIN, LEFT CHEST WALL"	"610"	"1492"	""	""	""	""	"1060"	"OTHER (RIGHT BREAST SKIN)"	"OTHER(RIGHT BREAST SKIN), LIVER, OTHER [BONE MARROW, PERITONEAL FLUID]"	"2543"	"BREAST (CUTANEOUS)"	0	1	"109"	"DIAGNOSED"	55.75616438	"BREAST"	"BREAST"	"BREAST"	"YES"	"NO"	"NO"	""	"NO"	"YES"	"YES"	"NO"	"WHITE"	""	""	""	""	""	""	""	""	"True"	55	"BREAST (CUTANEOUS)"	"RAAS"	4	"ASCProject_0109_SALIVA"	55	"Breast (Cutaneous)"
"RP-1447_ASCProject_0113_SALIVA_v2_Exome_OnPrem"	"ASCProject_0113_SALIVA"	"Normal"	"ASCProject_0113"	"DNA"	""	"ASCProject_0113_SALIVA"	""	""	NA	""	""	""	""	""	""	"ASCProject_0113"	"HNFS"	"No Mets"	"HNFS"	"Forehead"	"No Mets"	"No Mets"	NA	5	"35"	"F"	"HNFS"	"RIGHT FOREHEAD"	0	"NO"	1	0	""	""	""	""	""	""	""	""	"NO METS"	"NO METS"	"2001"	"HNFS"	0	0	"113"	"DIAGNOSED"	35.85479452	"SCALP"	"SCALP"	"NED"	"YES"	"NO"	"YES"	"AFTER"	"NO"	"NO"	"NO"	"NO"	"WHITE"	""	""	""	""	""	""	""	""	"True"	35	"HNFS"	"Non-RAAS/LAAS"	0	"ASCProject_0113_SALIVA"	35	"HNFS"
"RP-1447_ASCProject_0113_T1_v1_Exome_OnPrem"	"ASCProject_0113_T1"	"Tumor"	"ASCProject_0113"	"DNA"	"T1"	"ASCProject_0113_T1"	""	""	4	"HEADFACENECKSCALP"	"EXCISION"	"YES"	"NO"	"NO"	"LOW"	"ASCProject_0113"	"HNFS"	"No Mets"	"HNFS"	"Forehead"	"No Mets"	"No Mets"	NA	5	"35"	"F"	"HNFS"	"RIGHT FOREHEAD"	0	"NO"	1	0	""	""	""	""	""	""	""	""	"NO METS"	"NO METS"	"2001"	"HNFS"	0	0	"113"	"DIAGNOSED"	35.85479452	"SCALP"	"SCALP"	"NED"	"YES"	"NO"	"YES"	"AFTER"	"NO"	"NO"	"NO"	"NO"	"WHITE"	""	""	""	""	""	""	""	""	"True"	35	"HNFS"	"Non-RAAS/LAAS"	0	"ASCProject_0113_T1"	35	"HNFS"
"RP-1447_ASCProject_0116_SALIVA_v1_Exome_OnPrem"	"ASCProject_0116_SALIVA"	"Normal"	"ASCProject_0116"	"DNA"	""	"ASCProject_0116_SALIVA"	""	""	NA	""	""	""	""	""	""	"ASCProject_0116"	"Extremities"	"Not Extracted"	"Lower Extremity"	""	""	""	NA	NA	""	""	""	""	NA	""	NA	NA	""	""	""	""	""	""	""	""	""	""	""	""	NA	NA	"116"	"DIAGNOSED"	83.60821918	"OTHER"	"LUNG"	"LUNG"	"YES"	"YES"	"YES"	"AFTER"	"YES"	"YES"	"NO"	"NO"	"WHITE"	""	""	""	""	""	""	""	""	"False"	83.60821918	"OTHER"	""	NA	"ASCProject_0116_SALIVA"	83.60821918	"Extremities"
"RP-1447_ASCProject_0117_SALIVA_v1_Exome_OnPrem"	"ASCProject_0117_SALIVA"	"Normal"	"ASCProject_0117"	"DNA"	""	"ASCProject_0117_SALIVA"	""	""	NA	""	""	""	""	""	""	"ASCProject_0117"	"Breast (Parenchymal)"	"No Mets"	"Breast (Parenchymal)"	"Breast"	"No Mets"	"No Mets"	NA	9	"40"	"F"	"BREAST (PARENCHYMAL)"	"LEFT BREAST"	0	"NO"	0	0	""	""	""	""	""	""	""	""	"NO METS"	"NO METS"	"721"	"BREAST (PARENCHYMAL)"	0	0	"117"	"DIAGNOSED"	40.88493151	"BREAST"	"BREAST"	"NED"	"YES"	"YES"	"YES"	"AFTER"	"NO"	"NO"	"NO"	"NO"	"WHITE"	""	""	""	""	""	""	""	""	"True"	40	"BREAST (PARENCHYMAL)"	"Non-RAAS/LAAS"	0	"ASCProject_0117_SALIVA"	40	"Breast (Parenchymal)"
"RP-1447_ASCProject_0118_SALIVA_v1_Exome_OnPrem"	"ASCProject_0118_SALIVA"	"Normal"	"ASCProject_0118"	"DNA"	""	"ASCProject_0118_SALIVA"	""	""	NA	""	""	""	""	""	""	"ASCProject_0118"	"Breast (Cutaneous)"	"Bone"	"Breast (Cutaneous)"	"Breast"	"Bone"	"Bone"	NA	9	"45"	"F"	"BREAST (CUTANEOUS)"	"LEFT BREAST"	1	"NO"	1	0	""	""	""	""	""	""	""	"13"	"BONE"	"BONE"	"1392"	"BREAST (CUTANEOUS)"	0	1	"118"	"DIAGNOSED"	45.20273973	"BREAST"	"BREAST,BONELIMB,OTHER"	"NED"	"YES"	"YES"	"NO"	""	"NO"	"YES"	"YES"	"NO"	"WHITE"	""	""	""	""	""	""	""	""	"True"	45	"BREAST (CUTANEOUS)"	"RAAS"	1	"ASCProject_0118_SALIVA"	45	"Breast (Cutaneous)"
"RP-1447_ASCProject_0119_SALIVA_v1_Exome_OnPrem"	"ASCProject_0119_SALIVA"	"Normal"	"ASCProject_0119"	"DNA"	""	"ASCProject_0119_SALIVA"	""	""	NA	""	""	""	""	""	""	"ASCProject_0119"	"Breast (NOS)"	"Not Extracted"	"Breast (NOS)"	""	""	""	NA	NA	""	""	""	""	NA	""	NA	NA	""	""	""	""	""	""	""	""	""	""	""	""	NA	NA	"119"	"DIAGNOSED"	45.64931507	"BREAST"	"BREAST"	"NED"	"YES"	"YES"	"NO"	""	"NO"	"NO"	"NO"	"NO"	"WHITE"	""	""	""	""	""	""	""	""	"False"	45.64931507	"BREAST (NOS)"	""	NA	"ASCProject_0119_SALIVA"	45.64931507	"Breast (NOS)"
"RP-1447_ASCProject_0120_SALIVA_v1_Exome_OnPrem"	"ASCProject_0120_SALIVA"	"Normal"	"ASCProject_0120"	"DNA"	""	"ASCProject_0120_SALIVA"	""	""	NA	""	""	""	""	""	""	"ASCProject_0120"	"HNFS"	"No Mets"	"HNFS"	"Scalp"	"No Mets"	"No Mets"	NA	12	"56"	"F"	"HNFS"	"SCALP"	0	"NO"	1	1	"HNFS"	"395"	"761"	"1034"	""	""	""	""	"NO METS"	"NO METS"	"1291"	"HNFS"	0	0	"120"	"DIAGNOSED"	57	"SCALP"	"SCALP"	"SCALP"	"YES"	"NO"	"YES"	"AFTER"	"YES"	"NO"	"NO"	"NO"	"BLACK"	""	""	""	""	""	""	""	""	"True"	56	"HNFS"	"Non-RAAS/LAAS"	0	"ASCProject_0120_SALIVA"	56	"HNFS"
"RP-1447_ASCProject_0121_SALIVA_v2_Exome_OnPrem"	"ASCProject_0121_SALIVA"	"Normal"	"ASCProject_0121"	"DNA"	""	"ASCProject_0121_SALIVA"	""	""	NA	""	""	""	""	""	""	"ASCProject_0121"	"Breast (Parenchymal)"	"Liver"	"Breast (Parenchymal)"	"Breast"	"Liver"	"Liver"	NA	4	"64"	"F"	"BREAST (PARENCHYMAL)"	"LEFT BREAST"	0	"NO"	0	0	""	""	""	""	""	""	""	"595"	"LIVER"	"LIVER"	"3605"	"BREAST (PARENCHYMAL)"	0	1	"121"	"DIAGNOSED"	64.59452055	"BREAST"	"BREAST,LIVER"	"NED"	"YES"	"YES"	"NO"	""	"NO"	"YES"	"NO"	"NO"	"WHITE"	""	""	""	""	""	""	""	""	"True"	64	"BREAST (PARENCHYMAL)"	"Non-RAAS/LAAS"	1	"ASCProject_0121_SALIVA"	64	"Breast (Parenchymal)"
"RP-1447_ASCProject_0121_T2A_v4_Exome_OnPrem"	"ASCProject_0121_T2A"	"Tumor"	"ASCProject_0121"	"DNA"	"T2A"	"ASCProject_0121_T2A"	""	""	0	"BREAST"	"CORE BIOPSY "	"YES"	"NO"	"YES"	"HIGH"	"ASCProject_0121"	"Breast (Parenchymal)"	"Liver"	"Breast (Parenchymal)"	"Breast"	"Liver"	"Liver"	NA	4	"64"	"F"	"BREAST (PARENCHYMAL)"	"LEFT BREAST"	0	"NO"	0	0	""	""	""	""	""	""	""	"595"	"LIVER"	"LIVER"	"3605"	"BREAST (PARENCHYMAL)"	0	1	"121"	"DIAGNOSED"	64.59452055	"BREAST"	"BREAST,LIVER"	"NED"	"YES"	"YES"	"NO"	""	"NO"	"YES"	"NO"	"NO"	"WHITE"	""	""	""	""	""	""	""	""	"True"	64	"BREAST (PARENCHYMAL)"	"Non-RAAS/LAAS"	1	"ASCProject_0121_T2A"	64	"Breast (Parenchymal)"
"RP-1447_ASCProject_0123_SALIVA_v1_Exome_OnPrem"	"ASCProject_0123_SALIVA"	"Normal"	"ASCProject_0123"	"DNA"	""	"ASCProject_0123_SALIVA"	""	""	NA	""	""	""	""	""	""	"ASCProject_0123"	"HNFS"	"Not Extracted"	"HNFS"	""	""	""	NA	NA	""	""	""	""	NA	""	NA	NA	""	""	""	""	""	""	""	""	""	""	""	""	NA	NA	"123"	"DIAGNOSED"	70.78082192	"SCALP"	"SCALP"	"NED"	"NO"	""	"YES"	""	"NO"	""	"NO"	"NO"	"WHITE"	""	""	""	""	""	""	""	""	"False"	70.78082192	"HNFS"	""	NA	"ASCProject_0123_SALIVA"	70.78082192	"HNFS"
"RP-1447_ASCProject_0131_SALIVA_v1_Exome_OnPrem"	"ASCProject_0131_SALIVA"	"Normal"	"ASCProject_0131"	"DNA"	""	"ASCProject_0131_SALIVA"	""	""	NA	""	""	""	""	""	""	"ASCProject_0131"	"Breast (NOS)"	"Not Extracted"	"Breast (NOS)"	""	""	""	NA	NA	""	""	""	""	NA	""	NA	NA	""	""	""	""	""	""	""	""	""	""	""	""	NA	NA	"131"	"DIAGNOSED"	63.50958904	"BREAST"	"BREAST"	"NED"	"YES"	"YES"	"NO"	""	"NO"	"YES"	"YES"	"NO"	"WHITE"	""	""	""	""	""	""	""	""	"False"	63.50958904	"BREAST (NOS)"	""	NA	"ASCProject_0131_SALIVA"	63.50958904	"Breast (NOS)"
"RP-1447_ASCProject_0132_SALIVA_v1_Exome_OnPrem"	"ASCProject_0132_SALIVA"	"Normal"	"ASCProject_0132"	"DNA"	""	"ASCProject_0132_SALIVA"	""	""	NA	""	""	""	""	""	""	"ASCProject_0132"	"Musculoskeletal"	"Not Extracted"	"Trunk"	""	""	""	NA	NA	""	""	""	""	NA	""	NA	NA	""	""	""	""	""	""	""	""	""	""	""	""	NA	NA	"132"	"DIAGNOSED"	46.83561644	"OTHER"	"OTHER"	"NED"	"YES"	"YES"	"YES"	"AFTER"	"NO"	"NO"	"NO"	"NO"	"WHITE"	""	""	""	""	""	""	""	""	"False"	46.83561644	"OTHER"	""	NA	"ASCProject_0132_SALIVA"	46.83561644	"Musculoskeletal"
"RP-1447_ASCProject_0134_SALIVA_v1_Exome_OnPrem"	"ASCProject_0134_SALIVA"	"Normal"	"ASCProject_0134"	"DNA"	""	"ASCProject_0134_SALIVA"	""	""	NA	""	""	""	""	""	""	"ASCProject_0134"	"HNFS"	"No Mets"	"HNFS"	"Scalp"	"No Mets"	"No Mets"	NA	5	"62"	"F"	"HNFS"	"SCALP"	0	"NO"	1	1	"HNFS"	"863"	""	""	""	""	""	""	"NO METS"	"NO METS"	"1821"	"HNFS"	0	0	"134"	"DIAGNOSED"	62.79452055	"SCALP"	"HEADFACENECK,SCALP"	"HEADFACENECK,SCALP"	"YES"	"YES"	"NO"	""	"YES"	"YES"	"NO"	"NO"	"WHITE"	""	""	""	""	""	""	""	""	"True"	62	"HNFS"	"Non-RAAS/LAAS"	0	"ASCProject_0134_SALIVA"	62	"HNFS"
"RP-1447_ASCProject_0134_T1_v1_Exome_OnPrem"	"ASCProject_0134_T1"	"Tumor"	"ASCProject_0134"	"DNA"	"T1"	"ASCProject_0134_T1"	""	""	0	"HEADFACENECKSCALP"	"BIOPSY"	"NO"	"NO"	"YES"	"HIGH"	"ASCProject_0134"	"HNFS"	"No Mets"	"HNFS"	"Scalp"	"No Mets"	"No Mets"	NA	5	"62"	"F"	"HNFS"	"SCALP"	0	"NO"	1	1	"HNFS"	"863"	""	""	""	""	""	""	"NO METS"	"NO METS"	"1821"	"HNFS"	0	0	"134"	"DIAGNOSED"	62.79452055	"SCALP"	"HEADFACENECK,SCALP"	"HEADFACENECK,SCALP"	"YES"	"YES"	"NO"	""	"YES"	"YES"	"NO"	"NO"	"WHITE"	""	""	""	""	""	""	""	""	"True"	62	"HNFS"	"Non-RAAS/LAAS"	0	"ASCProject_0134_T1"	62	"HNFS"
"RP-1447_ASCProject_0134_T2_v2_Exome_OnPrem"	"ASCProject_0134_T2"	"Tumor"	"ASCProject_0134"	"DNA"	"T2"	"ASCProject_0134_T2"	""	""	233	"HEADFACENECKSCALP"	"PUNCH BIOPSY"	"YES"	"NO"	"NO"	"HIGH"	"ASCProject_0134"	"HNFS"	"No Mets"	"HNFS"	"Scalp"	"No Mets"	"No Mets"	NA	5	"62"	"F"	"HNFS"	"SCALP"	0	"NO"	1	1	"HNFS"	"863"	""	""	""	""	""	""	"NO METS"	"NO METS"	"1821"	"HNFS"	0	0	"134"	"DIAGNOSED"	62.79452055	"SCALP"	"HEADFACENECK,SCALP"	"HEADFACENECK,SCALP"	"YES"	"YES"	"NO"	""	"YES"	"YES"	"NO"	"NO"	"WHITE"	""	""	""	""	""	""	""	""	"True"	62	"HNFS"	"Non-RAAS/LAAS"	0	"ASCProject_0134_T2"	62	"HNFS"
"RP-1447_ASCProject_0135_SALIVA_v1_Exome_OnPrem"	"ASCProject_0135_SALIVA"	"Normal"	"ASCProject_0135"	"DNA"	""	"ASCProject_0135_SALIVA"	""	""	NA	""	""	""	""	""	""	"ASCProject_0135"	"Breast (Cutaneous)"	"Distant Lymph Node"	"Breast (Cutaneous)"	"Breast"	"Distant Lymph Node"	"Distant Lymph Node"	NA	4	"66"	"F"	"BREAST (CUTANEOUS)"	"RIGHT BREAST "	1	"NO"	1	1	"REGIONAL LYMPH NODE"	"119"	""	""	""	""	""	"119"	"DISTANT LYMPH NODE"	"DISTANT LYMPH NODE"	"1027"	"BREAST (CUTANEOUS)"	0	1	"135"	"DIAGNOSED"	66.71780822	"BREAST"	"BREAST"	"NED"	"YES"	"YES"	"NO"	""	"NO"	"YES"	"YES"	"NO"	"WHITE"	""	""	""	""	""	""	""	""	"True"	66	"BREAST (CUTANEOUS)"	"RAAS"	1	"ASCProject_0135_SALIVA"	66	"Breast (Cutaneous)"
"RP-1447_ASCProject_0135_T2_v3_Exome_OnPrem"	"ASCProject_0135_T2"	"Tumor"	"ASCProject_0135"	"DNA"	"T2"	"ASCProject_0135_T2"	""	""	37	"BREAST"	"MASTECTOMY"	"NO"	"YES"	"NO"	"HIGH"	"ASCProject_0135"	"Breast (Cutaneous)"	"Distant Lymph Node"	"Breast (Cutaneous)"	"Breast"	"Distant Lymph Node"	"Distant Lymph Node"	NA	4	"66"	"F"	"BREAST (CUTANEOUS)"	"RIGHT BREAST "	1	"NO"	1	1	"REGIONAL LYMPH NODE"	"119"	""	""	""	""	""	"119"	"DISTANT LYMPH NODE"	"DISTANT LYMPH NODE"	"1027"	"BREAST (CUTANEOUS)"	0	1	"135"	"DIAGNOSED"	66.71780822	"BREAST"	"BREAST"	"NED"	"YES"	"YES"	"NO"	""	"NO"	"YES"	"YES"	"NO"	"WHITE"	""	""	""	""	""	""	""	""	"True"	66	"BREAST (CUTANEOUS)"	"RAAS"	1	"ASCProject_0135_T2"	66	"Breast (Cutaneous)"
"RP-1447_ASCProject_0136_SALIVA_v1_Exome_OnPrem"	"ASCProject_0136_SALIVA"	"Normal"	"ASCProject_0136"	"DNA"	""	"ASCProject_0136_SALIVA"	""	""	NA	""	""	""	""	""	""	"ASCProject_0136"	"Extremities"	"Not Extracted"	"Upper Extremity"	""	""	""	NA	NA	""	""	""	""	NA	""	NA	NA	""	""	""	""	""	""	""	""	""	""	""	""	NA	NA	"136"	"DIAGNOSED"	19.43835616	"OTHER"	"OTHER"	""	"YES"	"YES"	"NO"	""	"NO"	"NO"	"NO"	"NO"	"WHITE"	""	""	""	""	""	""	""	""	"False"	19.43835616	"OTHER"	""	NA	"ASCProject_0136_SALIVA"	19.43835616	"Extremities"
"RP-1447_ASCProject_0145_BLOOD_Normal_v2_Exome_OnPrem"	"ASCProject_0145_BLOOD_Normal"	"Normal"	"ASCProject_0145"	"DNA"	""	"ASCProject_0145_BLOOD_Normal"	""	""	NA	""	""	""	""	""	""	"ASCProject_0145"	"Breast (Parenchymal)"	"Bone, Liver"	"Breast (Parenchymal)"	"Breast"	"Bone, Liver"	"Bone, Liver"	NA	5	"27"	"F"	"BREAST (PARENCHYMAL)"	"RIGHT BREAST"	0	"NO"	0	0	""	""	""	""	""	""	""	"318"	"BONE, LIVER"	"BONE, LIVER"	"867"	"BREAST (PARENCHYMAL)"	0	1	"145"	"DIAGNOSED"	28.9369863	"BREAST"	"BREAST,LIVER,LUNG,OTHER"	"LIVER,LUNG,OTHER"	"YES"	"YES"	"NO"	""	"YES"	"NO"	"NO"	"NO"	"WHITE"	""	""	""	""	""	""	""	""	"True"	27	"BREAST (PARENCHYMAL)"	"Non-RAAS/LAAS"	2	"ASCProject_0145_BLOOD_Normal"	27	"Breast (Parenchymal)"
"RP-1447_ASCProject_0145_BLOOD_v1_Exome_OnPrem"	"ASCProject_0145_BLOOD"	"Tumor"	"ASCProject_0145"	"DNA"	"BLOOD"	"ASCProject_0145_BLOOD"	""	""	NA	""	""	""	""	""	""	"ASCProject_0145"	"Breast (Parenchymal)"	"Bone, Liver"	"Breast (Parenchymal)"	"Breast"	"Bone, Liver"	"Bone, Liver"	NA	5	"27"	"F"	"BREAST (PARENCHYMAL)"	"RIGHT BREAST"	0	"NO"	0	0	""	""	""	""	""	""	""	"318"	"BONE, LIVER"	"BONE, LIVER"	"867"	"BREAST (PARENCHYMAL)"	0	1	"145"	"DIAGNOSED"	28.9369863	"BREAST"	"BREAST,LIVER,LUNG,OTHER"	"LIVER,LUNG,OTHER"	"YES"	"YES"	"NO"	""	"YES"	"NO"	"NO"	"NO"	"WHITE"	""	""	""	""	""	""	""	""	"True"	27	"BREAST (PARENCHYMAL)"	"Non-RAAS/LAAS"	2	"ASCProject_0145_BLOOD"	27	"Breast (Parenchymal)"
"RP-1447_ASCProject_0145_SALIVA_v4_Exome_OnPrem"	"ASCProject_0145_SALIVA"	"Normal"	"ASCProject_0145"	"DNA"	""	"ASCProject_0145_SALIVA"	""	""	NA	""	""	""	""	""	""	"ASCProject_0145"	"Breast (Parenchymal)"	"Bone, Liver"	"Breast (Parenchymal)"	"Breast"	"Bone, Liver"	"Bone, Liver"	NA	5	"27"	"F"	"BREAST (PARENCHYMAL)"	"RIGHT BREAST"	0	"NO"	0	0	""	""	""	""	""	""	""	"318"	"BONE, LIVER"	"BONE, LIVER"	"867"	"BREAST (PARENCHYMAL)"	0	1	"145"	"DIAGNOSED"	28.9369863	"BREAST"	"BREAST,LIVER,LUNG,OTHER"	"LIVER,LUNG,OTHER"	"YES"	"YES"	"NO"	""	"YES"	"NO"	"NO"	"NO"	"WHITE"	""	""	""	""	""	""	""	""	"True"	27	"BREAST (PARENCHYMAL)"	"Non-RAAS/LAAS"	2	"ASCProject_0145_SALIVA"	27	"Breast (Parenchymal)"
"RP-1447_ASCProject_0145_T2_v2_Exome_OnPrem"	"ASCProject_0145_T2"	"Tumor"	"ASCProject_0145"	"DNA"	"T2"	"ASCProject_0145_T2"	""	""	11	"BREAST"	"EXCISION"	"YES"	"NO"	"YES"	"HIGH"	"ASCProject_0145"	"Breast (Parenchymal)"	"Bone, Liver"	"Breast (Parenchymal)"	"Breast"	"Bone, Liver"	"Bone, Liver"	NA	5	"27"	"F"	"BREAST (PARENCHYMAL)"	"RIGHT BREAST"	0	"NO"	0	0	""	""	""	""	""	""	""	"318"	"BONE, LIVER"	"BONE, LIVER"	"867"	"BREAST (PARENCHYMAL)"	0	1	"145"	"DIAGNOSED"	28.9369863	"BREAST"	"BREAST,LIVER,LUNG,OTHER"	"LIVER,LUNG,OTHER"	"YES"	"YES"	"NO"	""	"YES"	"NO"	"NO"	"NO"	"WHITE"	""	""	""	""	""	""	""	""	"True"	27	"BREAST (PARENCHYMAL)"	"Non-RAAS/LAAS"	2	"ASCProject_0145_T2"	27	"Breast (Parenchymal)"
"RP-1447_ASCProject_0146_SALIVA_v2_Exome_OnPrem"	"ASCProject_0146_SALIVA"	"Normal"	"ASCProject_0146"	"DNA"	""	"ASCProject_0146_SALIVA"	""	""	NA	""	""	""	""	""	""	"ASCProject_0146"	"Breast (Cutaneous)"	"No Mets"	"Breast (Cutaneous)"	"Breast"	"No Mets"	"No Mets"	NA	2	"67"	"F"	"BREAST (CUTANEOUS)"	"RIGHT BREAST"	1	"NO"	1	1	"RIGHT BREAST SKIN"	"105"	""	""	""	""	""	""	"NO METS"	"NO METS"	"1901"	"BREAST (CUTANEOUS)"	0	0	"146"	"DIAGNOSED"	67.47671233	"BREAST"	"BREAST"	"NED"	"YES"	"NO"	"NO"	""	"YES"	"YES"	"YES"	"NO"	"WHITE"	""	""	""	""	""	""	""	""	"True"	67	"BREAST (CUTANEOUS)"	"RAAS"	0	"ASCProject_0146_SALIVA"	67	"Breast (Cutaneous)"
"RP-1447_ASCProject_0146_T1A_v1_Exome_OnPrem"	"ASCProject_0146_T1A"	"Tumor"	"ASCProject_0146"	"DNA"	"T1A"	"ASCProject_0146_T1A"	""	""	49	"BREAST"	""	""	""	""	""	"ASCProject_0146"	"Breast (Cutaneous)"	"No Mets"	"Breast (Cutaneous)"	"Breast"	"No Mets"	"No Mets"	NA	2	"67"	"F"	"BREAST (CUTANEOUS)"	"RIGHT BREAST"	1	"NO"	1	1	"RIGHT BREAST SKIN"	"105"	""	""	""	""	""	""	"NO METS"	"NO METS"	"1901"	"BREAST (CUTANEOUS)"	0	0	"146"	"DIAGNOSED"	67.47671233	"BREAST"	"BREAST"	"NED"	"YES"	"NO"	"NO"	""	"YES"	"YES"	"YES"	"NO"	"WHITE"	""	""	""	""	""	""	""	""	"True"	67	"BREAST (CUTANEOUS)"	"RAAS"	0	"ASCProject_0146_T1A"	67	"Breast (Cutaneous)"
"RP-1447_ASCProject_0146_T1_v1_Exome_OnPrem"	"ASCProject_0146_T1"	"Tumor"	"ASCProject_0146"	"DNA"	"T1"	"ASCProject_0146_T1"	""	""	49	"BREAST"	""	""	""	""	""	"ASCProject_0146"	"Breast (Cutaneous)"	"No Mets"	"Breast (Cutaneous)"	"Breast"	"No Mets"	"No Mets"	NA	2	"67"	"F"	"BREAST (CUTANEOUS)"	"RIGHT BREAST"	1	"NO"	1	1	"RIGHT BREAST SKIN"	"105"	""	""	""	""	""	""	"NO METS"	"NO METS"	"1901"	"BREAST (CUTANEOUS)"	0	0	"146"	"DIAGNOSED"	67.47671233	"BREAST"	"BREAST"	"NED"	"YES"	"NO"	"NO"	""	"YES"	"YES"	"YES"	"NO"	"WHITE"	""	""	""	""	""	""	""	""	"True"	67	"BREAST (CUTANEOUS)"	"RAAS"	0	"ASCProject_0146_T1"	67	"Breast (Cutaneous)"
"RP-1447_ASCProject_0148_SALIVA_2_v1_Exome_OnPrem"	"ASCProject_0148_SALIVA_2"	"Normal"	"ASCProject_0148"	"DNA"	""	"ASCProject_0148_SALIVA_2"	""	""	NA	""	""	""	""	""	""	"ASCProject_0148"	"Breast (Cutaneous)"	"No Mets"	"Breast (Cutaneous)"	"Breast Skin"	"No Mets"	"No Mets"	NA	4	"56"	"F"	"BREAST (CUTANEOUS)"	"RIGHT BREAST SKIN"	1	"YES"	1	1	"RIGHT CHEST WALL SKIN"	"293"	""	""	""	""	""	""	"NO METS"	"NO METS"	"465"	"BREAST (CUTANEOUS)"	1	0	"148"	"DIAGNOSED"	56.4630137	"BREAST"	"BREAST"	"BREAST"	"YES"	"YES"	"NO"	""	"NO"	"YES"	"YES"	"NO"	"WHITE"	""	""	""	""	""	""	""	""	"True"	56	"BREAST (CUTANEOUS)"	"RAAS & LAAS"	0	"ASCProject_0148_SALIVA_2"	56	"Breast (Cutaneous)"
"RP-1447_ASCProject_0153_SALIVA_v1_Exome_OnPrem"	"ASCProject_0153_SALIVA"	"Normal"	"ASCProject_0153"	"DNA"	""	"ASCProject_0153_SALIVA"	""	""	NA	""	""	""	""	""	""	"ASCProject_0153"	"Hepatobiliary"	"Liver, Other Soft Tissues, Bone"	"Spleen"	"Liver"	"Liver, Hepatobiliary"	"Liver, Hepatobiliary, Bone Marrow, Bone"	NA	4	"59"	"M"	"SPLEEN"	"LIVER"	0	"NO"	0	0	""	""	""	""	""	""	""	"0"	"LIVER, OTHER [CELIAC AXIS]"	"LIVER, OTHER [CELIAC AXIS], OTHER [BONE MARROW], BONE"	"594"	"SPLEEN"	0	1	"153"	"DIAGNOSED"	59.90136986	"LIVER,SPLEEN"	"LIVER,SPLEEN"	"LIVER,SPLEEN"	"NO"	""	"NO"	""	"YES"	"NO"	"NO"	"NO"	"WHITE"	""	""	""	""	""	""	""	""	"True"	59	"SPLEEN"	"Non-RAAS/LAAS"	4	"ASCProject_0153_SALIVA"	59	"Hepatobiliary"
"RP-1447_ASCProject_0153_T2_v3_Exome_OnPrem"	"ASCProject_0153_T2"	"Tumor"	"ASCProject_0153"	"DNA"	"T2"	"ASCProject_0153_T2"	""	""	377	"BONELIMB"	"BIOPSY "	"YES"	"NO"	"YES"	"HIGH"	"ASCProject_0153"	"Hepatobiliary"	"Liver, Other Soft Tissues, Bone"	"Spleen"	"Liver"	"Liver, Hepatobiliary"	"Liver, Hepatobiliary, Bone Marrow, Bone"	NA	4	"59"	"M"	"SPLEEN"	"LIVER"	0	"NO"	0	0	""	""	""	""	""	""	""	"0"	"LIVER, OTHER [CELIAC AXIS]"	"LIVER, OTHER [CELIAC AXIS], OTHER [BONE MARROW], BONE"	"594"	"SPLEEN"	0	1	"153"	"DIAGNOSED"	59.90136986	"LIVER,SPLEEN"	"LIVER,SPLEEN"	"LIVER,SPLEEN"	"NO"	""	"NO"	""	"YES"	"NO"	"NO"	"NO"	"WHITE"	""	""	""	""	""	""	""	""	"True"	59	"SPLEEN"	"Non-RAAS/LAAS"	4	"ASCProject_0153_T2"	59	"Hepatobiliary"
"RP-1447_ASCProject_0157_SALIVA_v1_Exome_OnPrem"	"ASCProject_0157_SALIVA"	"Normal"	"ASCProject_0157"	"DNA"	""	"ASCProject_0157_SALIVA"	""	""	NA	""	""	""	""	""	""	"ASCProject_0157"	"Breast (Parenchymal)"	"No Mets"	"Breast (Parenchymal)"	"Breast"	"No Mets"	"No Mets"	NA	9	"49"	"F"	"BREAST (PARENCHYMAL)"	"LEFT BREAST"	0	"NO"	0	0	""	""	""	""	""	""	""	""	"NO METS"	"NO METS"	"1879"	"BREAST (PARENCHYMAL)"	0	0	"157"	"DIAGNOSED"	49.28219178	"BREAST"	"BREAST"	"NED"	"YES"	"YES"	"NO"	""	"NO"	"NO"	"NO"	"NO"	"WHITE"	""	""	""	""	""	""	""	""	"True"	49	"BREAST (PARENCHYMAL)"	"Non-RAAS/LAAS"	0	"ASCProject_0157_SALIVA"	49	"Breast (Parenchymal)"
"RP-1447_ASCProject_0158_SALIVA_v1_Exome_OnPrem"	"ASCProject_0158_SALIVA"	"Normal"	"ASCProject_0158"	"DNA"	""	"ASCProject_0158_SALIVA"	""	""	NA	""	""	""	""	""	""	"ASCProject_0158"	"Other Visceral Organs"	"Distant Lymph Node"	"Bowel"	"Bowel"	"Distant Lymph Node"	"Distant Lymph Node"	NA	9	"50"	"M"	"VISCERAL ORGAN"	"SMALL BOWEL"	0	"NO"	0	NA	"NOT FOUND IN RECORD"	"NOT FOUND IN RECORD"	"NOT FOUND IN RECORD"	"NOT FOUND IN RECORD"	"NOT FOUND IN RECORD"	"NOT FOUND IN RECORD"	"NOT FOUND IN RECORD"	"87"	"DISTANT LYMPH NODE"	"DISTANT LYMPH NODE"	"1978"	"VISCERAL ORGAN"	0	1	"158"	"DIAGNOSED"	50.23561644	"ABDOMINAL"	"LYMPH,ABDOMINAL"	"NED"	"YES"	"YES"	"NO"	""	"NO"	"YES"	"NO"	"NO"	"WHITE"	""	""	""	""	""	""	""	""	"True"	50	"VISCERAL ORGAN"	"Non-RAAS/LAAS"	1	"ASCProject_0158_SALIVA"	50	"Other Visceral Organs"
"RP-1447_ASCProject_0159_SALIVA_v2_Exome_OnPrem"	"ASCProject_0159_SALIVA"	"Normal"	"ASCProject_0159"	"DNA"	""	"ASCProject_0159_SALIVA"	""	""	NA	""	""	""	""	""	""	"ASCProject_0159"	"Breast (Cutaneous)"	"Lung"	"Breast (Cutaneous)"	"Thorax and trunk"	"Lung"	"Lung"	NA	4	"60"	"F"	"BREAST (CUTANEOUS)"	"LEFT CHEST WALL SKIN"	1	"NO"	1	0	""	""	""	""	""	""	""	"273"	"LUNG"	"LUNG"	"2718"	"BREAST (CUTANEOUS)"	0	1	"159"	"DIAGNOSED"	61.11232877	"BREAST"	"OTHER"	"OTHER"	"YES"	"DK"	"YES"	"AFTER"	"NO"	"YES"	"YES"	"NO"	"WHITE"	""	""	""	""	""	""	""	""	"True"	60	"BREAST (CUTANEOUS)"	"RAAS"	1	"ASCProject_0159_SALIVA"	60	"Breast (Cutaneous)"
"RP-1447_ASCProject_0159_T1_v4_Exome_OnPrem"	"ASCProject_0159_T1"	"Tumor"	"ASCProject_0159"	"DNA"	"T1"	"ASCProject_0159_T1"	""	""	45	"BREAST"	"MASTECTOMY"	"YES"	"NO"	"YES"	"HIGH"	"ASCProject_0159"	"Breast (Cutaneous)"	"Lung"	"Breast (Cutaneous)"	"Thorax and trunk"	"Lung"	"Lung"	NA	4	"60"	"F"	"BREAST (CUTANEOUS)"	"LEFT CHEST WALL SKIN"	1	"NO"	1	0	""	""	""	""	""	""	""	"273"	"LUNG"	"LUNG"	"2718"	"BREAST (CUTANEOUS)"	0	1	"159"	"DIAGNOSED"	61.11232877	"BREAST"	"OTHER"	"OTHER"	"YES"	"DK"	"YES"	"AFTER"	"NO"	"YES"	"YES"	"NO"	"WHITE"	""	""	""	""	""	""	""	""	"True"	60	"BREAST (CUTANEOUS)"	"RAAS"	1	"ASCProject_0159_T1"	60	"Breast (Cutaneous)"
"RP-1447_ASCProject_0164_SALIVA_v1_Exome_OnPrem"	"ASCProject_0164_SALIVA"	"Normal"	"ASCProject_0164"	"DNA"	""	"ASCProject_0164_SALIVA"	""	""	NA	""	""	""	""	""	""	"ASCProject_0164"	"Breast (Cutaneous)"	"No Mets"	"Breast (Cutaneous)"	"Breast Skin"	"No Mets"	"No Mets"	NA	1	"57"	"F"	"BREAST (CUTANEOUS)"	"LEFT BREAST SKIN"	1	"NO"	1	0	""	""	""	""	""	""	""	""	"NO METS"	"NO METS"	"974"	"BREAST (CUTANEOUS)"	0	0	"164"	"DIAGNOSED"	57.53424658	"BREAST"	"BREAST"	"NED"	"YES"	"YES"	"YES"	"AFTER"	"NO"	"YES"	"YES"	"NO"	"WHITE"	""	""	""	""	""	""	""	""	"True"	57	"BREAST (CUTANEOUS)"	"RAAS"	0	"ASCProject_0164_SALIVA"	57	"Breast (Cutaneous)"
"RP-1447_ASCProject_0164_T1_v1_Exome_OnPrem"	"ASCProject_0164_T1"	"Tumor"	"ASCProject_0164"	"DNA"	"T1"	"ASCProject_0164_T1"	""	""	99	"BREAST"	""	""	""	""	""	"ASCProject_0164"	"Breast (Cutaneous)"	"No Mets"	"Breast (Cutaneous)"	"Breast Skin"	"No Mets"	"No Mets"	NA	1	"57"	"F"	"BREAST (CUTANEOUS)"	"LEFT BREAST SKIN"	1	"NO"	1	0	""	""	""	""	""	""	""	""	"NO METS"	"NO METS"	"974"	"BREAST (CUTANEOUS)"	0	0	"164"	"DIAGNOSED"	57.53424658	"BREAST"	"BREAST"	"NED"	"YES"	"YES"	"YES"	"AFTER"	"NO"	"YES"	"YES"	"NO"	"WHITE"	""	""	""	""	""	""	""	""	"True"	57	"BREAST (CUTANEOUS)"	"RAAS"	0	"ASCProject_0164_T1"	57	"Breast (Cutaneous)"
"RP-1447_ASCProject_0165_BLOOD_BC_v1_Exome_OnPrem"	"ASCProject_0165_BLOOD_BC"	"Normal"	"ASCProject_0165"	"DNA"	""	"ASCProject_0165_BLOOD_BC"	""	""	NA	""	""	""	""	""	""	"ASCProject_0165"	"HNFS"	"No Mets"	"HNFS"	"Scalp"	"No Mets"	"No Mets"	NA	5	"62"	"M"	"HNFS"	"LEFT SIDE SCALP"	0	"NO"	1	1	"HNFS, REGIONAL LYMPH NODE"	"574"	"574"	""	""	""	""	""	"NO METS"	"NO METS"	"1846"	"HNFS"	0	0	"165"	"DIAGNOSED"	62.54520548	"SCALP"	"HEADFACENECK,SCALP,LIVER,LUNG,LYMPH"	"NED"	"YES"	"YES"	"YES"	"AFTER"	"NO"	"YES"	"NO"	"NO"	"AMERICAN_INDIAN,WHITE"	""	""	""	""	""	""	""	""	"True"	62	"HNFS"	"Non-RAAS/LAAS"	0	"ASCProject_0165_BLOOD_BC"	62	"HNFS"
"RP-1447_ASCProject_0165_T2_v3_Exome_OnPrem"	"ASCProject_0165_T2"	"Tumor"	"ASCProject_0165"	"DNA"	"T2"	"ASCProject_0165_T2"	""	""	450	"HEADFACENECKSCALP"	"EXCISION"	"YES"	"YES"	"YES"	"HIGH"	"ASCProject_0165"	"HNFS"	"No Mets"	"HNFS"	"Scalp"	"No Mets"	"No Mets"	NA	5	"62"	"M"	"HNFS"	"LEFT SIDE SCALP"	0	"NO"	1	1	"HNFS, REGIONAL LYMPH NODE"	"574"	"574"	""	""	""	""	""	"NO METS"	"NO METS"	"1846"	"HNFS"	0	0	"165"	"DIAGNOSED"	62.54520548	"SCALP"	"HEADFACENECK,SCALP,LIVER,LUNG,LYMPH"	"NED"	"YES"	"YES"	"YES"	"AFTER"	"NO"	"YES"	"NO"	"NO"	"AMERICAN_INDIAN,WHITE"	""	""	""	""	""	""	""	""	"True"	62	"HNFS"	"Non-RAAS/LAAS"	0	"ASCProject_0165_T2"	62	"HNFS"
"RP-1447_ASCProject_0166_SALIVA_2_v1_Exome_OnPrem"	"ASCProject_0166_SALIVA_2"	"Normal"	"ASCProject_0166"	"DNA"	""	"ASCProject_0166_SALIVA_2"	""	""	NA	""	""	""	""	""	""	"ASCProject_0166"	"HNFS"	"Lung, Distant Lymph Node, Liver,  Other Soft Tissues"	"HNFS"	"Nose"	"Lung"	"Lung, Distant Lymph Node, Liver, Tongue"	NA	5	"58"	"M"	"HNFS"	"LEFT NOSE"	0	"NO"	1	1	"REGIONAL LYMPH NODE, HNFS, HNFS"	"467"	"1212"	"1294"	""	""	""	"488"	"LUNG"	"LUNG,DISTANT LYMPH NODE, LIVER, OTHER [TONGUE]"	"2680"	"HNFS"	0	1	"166"	"DIAGNOSED"	58.47945205	"HEADFACENECK"	"HEADFACENECK,LIVER,LUNG,LYMPH"	"NED"	"YES"	"YES"	"NO"	""	"NO"	"YES"	"NO"	"NO"	"WHITE"	""	""	""	""	""	""	""	""	"True"	58	"HNFS"	"Non-RAAS/LAAS"	4	"ASCProject_0166_SALIVA_2"	58	"HNFS"
"RP-1447_ASCProject_0166_T1_v2_Exome_OnPrem"	"ASCProject_0166_T1"	"Tumor"	"ASCProject_0166"	"DNA"	"T1"	"ASCProject_0166_T1"	""	""	414	"MANDIBULAR NODE"	"BIOPSY"	"YES"	"YES"	"NO"	"LOW"	"ASCProject_0166"	"HNFS"	"Lung, Distant Lymph Node, Liver,  Other Soft Tissues"	"HNFS"	"Nose"	"Lung"	"Lung, Distant Lymph Node, Liver, Tongue"	NA	5	"58"	"M"	"HNFS"	"LEFT NOSE"	0	"NO"	1	1	"REGIONAL LYMPH NODE, HNFS, HNFS"	"467"	"1212"	"1294"	""	""	""	"488"	"LUNG"	"LUNG,DISTANT LYMPH NODE, LIVER, OTHER [TONGUE]"	"2680"	"HNFS"	0	1	"166"	"DIAGNOSED"	58.47945205	"HEADFACENECK"	"HEADFACENECK,LIVER,LUNG,LYMPH"	"NED"	"YES"	"YES"	"NO"	""	"NO"	"YES"	"NO"	"NO"	"WHITE"	""	""	""	""	""	""	""	""	"True"	58	"HNFS"	"Non-RAAS/LAAS"	4	"ASCProject_0166_T1"	58	"HNFS"
"RP-1447_ASCProject_0167_SALIVA_v2_Exome_OnPrem"	"ASCProject_0167_SALIVA"	"Normal"	"ASCProject_0167"	"DNA"	""	"ASCProject_0167_SALIVA"	""	""	NA	""	""	""	""	""	""	"ASCProject_0167"	"Breast (Cutaneous)"	""	"Breast (Cutaneous)"	"Breast"	""	""	NA	5	"65"	"F"	"BREAST (CUTANEOUS)"	"LEFT BREAST "	1	"NO"	1	1	"LEFT CHEST WALL SKIN, LEFT CHEST WALL"	"438"	"1071"	""	""	""	""	"NOT FOUND IN RECORD"	"NOT FOUND IN RECORD"	"NOT FOUND IN RECORD"	"3353"	"BREAST (CUTANEOUS)"	0	NA	"167"	"DIAGNOSED"	65.37808219	"BREAST"	"BREAST"	"NED"	"YES"	"YES"	"YES"	"BOTH"	"NO"	"YES"	"YES"	"NO"	"WHITE"	""	""	""	""	""	""	""	""	"True"	65	"BREAST (CUTANEOUS)"	"RAAS"	NA	"ASCProject_0167_SALIVA"	65	"Breast (Cutaneous)"
"RP-1447_ASCProject_0167_T1_v2_Exome_OnPrem"	"ASCProject_0167_T1"	"Tumor"	"ASCProject_0167"	"DNA"	"T1"	"ASCProject_0167_T1"	""	""	0	"BREAST"	""	""	""	""	""	"ASCProject_0167"	"Breast (Cutaneous)"	""	"Breast (Cutaneous)"	"Breast"	""	""	NA	5	"65"	"F"	"BREAST (CUTANEOUS)"	"LEFT BREAST "	1	"NO"	1	1	"LEFT CHEST WALL SKIN, LEFT CHEST WALL"	"438"	"1071"	""	""	""	""	"NOT FOUND IN RECORD"	"NOT FOUND IN RECORD"	"NOT FOUND IN RECORD"	"3353"	"BREAST (CUTANEOUS)"	0	NA	"167"	"DIAGNOSED"	65.37808219	"BREAST"	"BREAST"	"NED"	"YES"	"YES"	"YES"	"BOTH"	"NO"	"YES"	"YES"	"NO"	"WHITE"	""	""	""	""	""	""	""	""	"True"	65	"BREAST (CUTANEOUS)"	"RAAS"	NA	"ASCProject_0167_T1"	65	"Breast (Cutaneous)"
"RP-1447_ASCProject_0167_T2_v2_Exome_OnPrem"	"ASCProject_0167_T2"	"Tumor"	"ASCProject_0167"	"DNA"	"T2"	"ASCProject_0167_T2"	""	""	73	"BREAST"	"MASTECTOMY"	"YES"	"NO"	"NO"	"HIGH"	"ASCProject_0167"	"Breast (Cutaneous)"	""	"Breast (Cutaneous)"	"Breast"	""	""	NA	5	"65"	"F"	"BREAST (CUTANEOUS)"	"LEFT BREAST "	1	"NO"	1	1	"LEFT CHEST WALL SKIN, LEFT CHEST WALL"	"438"	"1071"	""	""	""	""	"NOT FOUND IN RECORD"	"NOT FOUND IN RECORD"	"NOT FOUND IN RECORD"	"3353"	"BREAST (CUTANEOUS)"	0	NA	"167"	"DIAGNOSED"	65.37808219	"BREAST"	"BREAST"	"NED"	"YES"	"YES"	"YES"	"BOTH"	"NO"	"YES"	"YES"	"NO"	"WHITE"	""	""	""	""	""	""	""	""	"True"	65	"BREAST (CUTANEOUS)"	"RAAS"	NA	"ASCProject_0167_T2"	65	"Breast (Cutaneous)"
"RP-1447_ASCProject_0167_T3_v1_Exome_OnPrem"	"ASCProject_0167_T3"	"Tumor"	"ASCProject_0167"	"DNA"	"T3"	"ASCProject_0167_T3"	""	""	438	"CHEST"	"EXCISION"	"YES"	"YES"	"YES"	"HIGH"	"ASCProject_0167"	"Breast (Cutaneous)"	""	"Breast (Cutaneous)"	"Breast"	""	""	NA	5	"65"	"F"	"BREAST (CUTANEOUS)"	"LEFT BREAST "	1	"NO"	1	1	"LEFT CHEST WALL SKIN, LEFT CHEST WALL"	"438"	"1071"	""	""	""	""	"NOT FOUND IN RECORD"	"NOT FOUND IN RECORD"	"NOT FOUND IN RECORD"	"3353"	"BREAST (CUTANEOUS)"	0	NA	"167"	"DIAGNOSED"	65.37808219	"BREAST"	"BREAST"	"NED"	"YES"	"YES"	"YES"	"BOTH"	"NO"	"YES"	"YES"	"NO"	"WHITE"	""	""	""	""	""	""	""	""	"True"	65	"BREAST (CUTANEOUS)"	"RAAS"	NA	"ASCProject_0167_T3"	65	"Breast (Cutaneous)"
"RP-1447_ASCProject_0168_SALIVA_v1_Exome_OnPrem"	"ASCProject_0168_SALIVA"	"Normal"	"ASCProject_0168"	"DNA"	""	"ASCProject_0168_SALIVA"	""	""	NA	""	""	""	""	""	""	"ASCProject_0168"	"Missing or Unknown"	"Liver, Lung, Distant Lymph Node, Visceral Organ"	"Primary Site Unknown"	"Liver"	"Liver, Lung, Distant Lymph Node, Visceral Organ"	"Liver, Lung, Distant Lymph Node, Visceral Organ"	NA	12	"20"	"M"	"OTHER [PRIMARY SITE UNKNOWN]"	"LIVER"	0	"NO"	0	0	""	""	""	""	""	""	""	"0"	"LIVER, LUNG, DISTANT LYMPH NODE, VISCERAL ORGAN"	"LIVER, LUNG, DISTANT LYMPH NODE, VISCERAL ORGAN"	"217"	"OTHER"	0	1	"168"	"DIAGNOSED"	21.01369863	"LIVER,LUNG,ABDOMINAL"	"LIVER,LUNG,ABDOMINAL"	"LIVER,LUNG,ABDOMINAL"	"NO"	""	"NO"	""	"YES"	"NO"	"NO"	"NO"	"WHITE"	""	""	""	""	""	""	""	""	"True"	20	"OTHER"	"Non-RAAS/LAAS"	4	"ASCProject_0168_SALIVA"	20	"Missing or Unknown"
"RP-1447_ASCProject_0170_SALIVA_v1_Exome_OnPrem"	"ASCProject_0170_SALIVA"	"Normal"	"ASCProject_0170"	"DNA"	""	"ASCProject_0170_SALIVA"	""	""	NA	""	""	""	""	""	""	"ASCProject_0170"	"Breast (Cutaneous)"	"No Mets"	"Breast (Cutaneous)"	"Breast"	"No Mets"	"No Mets"	NA	4	"64"	"F"	"BREAST (CUTANEOUS)"	"LEFT BREAST"	1	"NO"	1	1	"LEFT BREAST SKIN, LEFT BREAST SKIN"	"339"	"692"	""	""	""	""	""	"NO METS"	"NO METS"	"970"	"BREAST (CUTANEOUS)"	0	0	"170"	"DIAGNOSED"	64.6630137	"OTHER"	"OTHER"	"NED"	"YES"	"YES"	"YES"	"AFTER"	"DK"	"YES"	"YES"	"NO"	"WHITE"	""	""	""	""	""	""	""	""	"True"	64	"BREAST (CUTANEOUS)"	"RAAS"	0	"ASCProject_0170_SALIVA"	64	"Breast (Cutaneous)"
"RP-1447_ASCProject_0170_T1_v4_Exome_OnPrem"	"ASCProject_0170_T1"	"Tumor"	"ASCProject_0170"	"DNA"	"T1"	"ASCProject_0170_T1"	""	""	6	"BREAST"	"MASTECTOMY"	"YES"	"NO"	"NO"	"LOW"	"ASCProject_0170"	"Breast (Cutaneous)"	"No Mets"	"Breast (Cutaneous)"	"Breast"	"No Mets"	"No Mets"	NA	4	"64"	"F"	"BREAST (CUTANEOUS)"	"LEFT BREAST"	1	"NO"	1	1	"LEFT BREAST SKIN, LEFT BREAST SKIN"	"339"	"692"	""	""	""	""	""	"NO METS"	"NO METS"	"970"	"BREAST (CUTANEOUS)"	0	0	"170"	"DIAGNOSED"	64.6630137	"OTHER"	"OTHER"	"NED"	"YES"	"YES"	"YES"	"AFTER"	"DK"	"YES"	"YES"	"NO"	"WHITE"	""	""	""	""	""	""	""	""	"True"	64	"BREAST (CUTANEOUS)"	"RAAS"	0	"ASCProject_0170_T1"	64	"Breast (Cutaneous)"
"RP-1447_ASCProject_0172_SALIVA_v1_Exome_OnPrem"	"ASCProject_0172_SALIVA"	"Normal"	"ASCProject_0172"	"DNA"	""	"ASCProject_0172_SALIVA"	""	""	NA	""	""	""	""	""	""	"ASCProject_0172"	"Breast (Parenchymal)"	""	"Breast (Parenchymal)"	"Breast"	""	""	NA	4	"49"	"F"	"BREAST (PARENCHYMAL)"	"LEFT BREAST"	0	"NO"	0	NA	"NOT FOUND IN RECORD"	"NOT FOUND IN RECORD"	"NOT FOUND IN RECORD"	"NOT FOUND IN RECORD"	"NOT FOUND IN RECORD"	"NOT FOUND IN RECORD"	"NOT FOUND IN RECORD"	"NOT FOUND IN RECORD"	"NOT FOUND IN RECORD"	"NOT FOUND IN RECORD"	"2565"	"BREAST (PARENCHYMAL)"	0	NA	"172"	"DIAGNOSED"	49.47123288	"BREAST"	"BREAST"	"NED"	"YES"	"YES"	"NO"	""	"NO"	"NO"	"NO"	"NO"	"WHITE"	""	""	""	""	""	""	""	""	"True"	49	"BREAST (PARENCHYMAL)"	"Non-RAAS/LAAS"	NA	"ASCProject_0172_SALIVA"	49	"Breast (Parenchymal)"
"RP-1447_ASCProject_0172_T1_v3_Exome_OnPrem"	"ASCProject_0172_T1"	"Tumor"	"ASCProject_0172"	"DNA"	"T1"	"ASCProject_0172_T1"	""	""	57	"BREAST"	"MASTECTOMY"	"YES"	"NO"	"NO"	"LOW"	"ASCProject_0172"	"Breast (Parenchymal)"	""	"Breast (Parenchymal)"	"Breast"	""	""	NA	4	"49"	"F"	"BREAST (PARENCHYMAL)"	"LEFT BREAST"	0	"NO"	0	NA	"NOT FOUND IN RECORD"	"NOT FOUND IN RECORD"	"NOT FOUND IN RECORD"	"NOT FOUND IN RECORD"	"NOT FOUND IN RECORD"	"NOT FOUND IN RECORD"	"NOT FOUND IN RECORD"	"NOT FOUND IN RECORD"	"NOT FOUND IN RECORD"	"NOT FOUND IN RECORD"	"2565"	"BREAST (PARENCHYMAL)"	0	NA	"172"	"DIAGNOSED"	49.47123288	"BREAST"	"BREAST"	"NED"	"YES"	"YES"	"NO"	""	"NO"	"NO"	"NO"	"NO"	"WHITE"	""	""	""	""	""	""	""	""	"True"	49	"BREAST (PARENCHYMAL)"	"Non-RAAS/LAAS"	NA	"ASCProject_0172_T1"	49	"Breast (Parenchymal)"
"RP-1447_ASCProject_0173_SALIVA_v1_Exome_OnPrem"	"ASCProject_0173_SALIVA"	"Normal"	"ASCProject_0173"	"DNA"	""	"ASCProject_0173_SALIVA"	""	""	NA	""	""	""	""	""	""	"ASCProject_0173"	"HNFS"	"No Mets"	"HNFS"	"Face"	"No Mets"	"No Mets"	NA	3	"66"	"M"	"HNFS"	"BILATERAL CHEEKS, NOSE"	0	"NO"	1	0	""	""	""	""	""	""	""	""	"NO METS"	"NO METS"	"2431"	"HNFS"	0	0	"173"	"DIAGNOSED"	66.10136986	"HEADFACENECK"	"HEADFACENECK"	"NED"	"YES"	"NO"	"YES"	"BEFORE"	"NO"	"NO"	"NO"	"NO"	"WHITE"	""	""	""	""	""	""	""	""	"True"	66	"HNFS"	"Non-RAAS/LAAS"	0	"ASCProject_0173_SALIVA"	66	"HNFS"
"RP-1447_ASCProject_0173_T1_v1_Exome_OnPrem"	"ASCProject_0173_T1"	"Tumor"	"ASCProject_0173"	"DNA"	"T1"	"ASCProject_0173_T1"	""	""	4	"HEADFACENECKSCALP"	"Punch Biopsy"	"YES"	"NO"	"NO"	"LOW"	"ASCProject_0173"	"HNFS"	"No Mets"	"HNFS"	"Face"	"No Mets"	"No Mets"	NA	3	"66"	"M"	"HNFS"	"BILATERAL CHEEKS, NOSE"	0	"NO"	1	0	""	""	""	""	""	""	""	""	"NO METS"	"NO METS"	"2431"	"HNFS"	0	0	"173"	"DIAGNOSED"	66.10136986	"HEADFACENECK"	"HEADFACENECK"	"NED"	"YES"	"NO"	"YES"	"BEFORE"	"NO"	"NO"	"NO"	"NO"	"WHITE"	""	""	""	""	""	""	""	""	"True"	66	"HNFS"	"Non-RAAS/LAAS"	0	"ASCProject_0173_T1"	66	"HNFS"
"RP-1447_ASCProject_0175_SALIVA_v1_Exome_OnPrem"	"ASCProject_0175_SALIVA"	"Normal"	"ASCProject_0175"	"DNA"	""	"ASCProject_0175_SALIVA"	""	""	NA	""	""	""	""	""	""	"ASCProject_0175"	"Breast (Cutaneous)"	"No Mets"	"Breast (Cutaneous)"	"Breast"	"No Mets"	"No Mets"	NA	3	"71"	"F"	"BREAST (CUTANEOUS)"	"RIGHT BREAST"	1	"NO"	1	0	""	""	""	""	""	""	""	""	"NO METS"	"NO METS"	"2681"	"BREAST (CUTANEOUS)"	0	0	"175"	"DIAGNOSED"	71.38630137	"BREAST"	"BREAST"	"NED"	"YES"	"YES"	"NO"	""	"NO"	"YES"	"YES"	"NO"	"WHITE"	""	""	""	""	""	""	""	""	"True"	71	"BREAST (CUTANEOUS)"	"RAAS"	0	"ASCProject_0175_SALIVA"	71	"Breast (Cutaneous)"
"RP-1447_ASCProject_0175_T1_v1_Exome_OnPrem"	"ASCProject_0175_T1"	"Tumor"	"ASCProject_0175"	"DNA"	"T1"	"ASCProject_0175_T1"	""	""	-715	"BREAST"	"Biopsy"	"YES"	"YES"	"YES"	"HIGH"	"ASCProject_0175"	"Breast (Cutaneous)"	"No Mets"	"Breast (Cutaneous)"	"Breast"	"No Mets"	"No Mets"	NA	3	"71"	"F"	"BREAST (CUTANEOUS)"	"RIGHT BREAST"	1	"NO"	1	0	""	""	""	""	""	""	""	""	"NO METS"	"NO METS"	"2681"	"BREAST (CUTANEOUS)"	0	0	"175"	"DIAGNOSED"	71.38630137	"BREAST"	"BREAST"	"NED"	"YES"	"YES"	"NO"	""	"NO"	"YES"	"YES"	"NO"	"WHITE"	""	""	""	""	""	""	""	""	"True"	71	"BREAST (CUTANEOUS)"	"RAAS"	0	"ASCProject_0175_T1"	71	"Breast (Cutaneous)"
"RP-1447_ASCProject_0176_SALIVA_v1_Exome_OnPrem"	"ASCProject_0176_SALIVA"	"Normal"	"ASCProject_0176"	"DNA"	""	"ASCProject_0176_SALIVA"	""	""	NA	""	""	""	""	""	""	"ASCProject_0176"	"Breast (NOS)"	"Not Extracted"	"Breast (NOS)"	""	""	""	NA	NA	""	""	""	""	NA	""	NA	NA	""	""	""	""	""	""	""	""	""	""	""	""	NA	NA	"176"	"DIAGNOSED"	38.07671233	"BREAST"	"BREAST"	"NED"	"YES"	"YES"	"NO"	""	"NO"	"NO"	"NO"	"NO"	"WHITE"	""	""	""	""	""	""	""	""	"False"	38.07671233	"BREAST (NOS)"	""	NA	"ASCProject_0176_SALIVA"	38.07671233	"Breast (NOS)"
"RP-1447_ASCProject_0177_SALIVA_v1_Exome_OnPrem"	"ASCProject_0177_SALIVA"	"Normal"	"ASCProject_0177"	"DNA"	""	"ASCProject_0177_SALIVA"	""	""	NA	""	""	""	""	""	""	"ASCProject_0177"	"Breast (NOS)"	"Not Extracted"	"Breast (NOS)"	""	""	""	NA	NA	""	""	""	""	NA	""	NA	NA	""	""	""	""	""	""	""	""	""	""	""	""	NA	NA	"177"	"DIAGNOSED"	62.14246575	"BREAST"	"BREAST"	"NED"	"YES"	"YES"	"YES"	"AFTER"	"NO"	"YES"	"YES"	"NO"	"WHITE"	""	""	""	""	""	""	""	""	"False"	62.14246575	"BREAST (NOS)"	""	NA	"ASCProject_0177_SALIVA"	62.14246575	"Breast (NOS)"
"RP-1447_ASCProject_0179_SALIVA_v2_Exome_OnPrem"	"ASCProject_0179_SALIVA"	"Normal"	"ASCProject_0179"	"DNA"	""	"ASCProject_0179_SALIVA"	""	""	NA	""	""	""	""	""	""	"ASCProject_0179"	"Breast (Parenchymal)"	"No Mets"	"Breast (Parenchymal)"	"Breast"	"No Mets"	"No Mets"	NA	1	"46"	"F"	"BREAST (PARENCHYMAL)"	"RIGHT BREAST"	0	"NO"	0	0	""	""	""	""	""	""	""	""	"NO METS"	"NO METS"	"1680"	"BREAST (PARENCHYMAL)"	0	0	"179"	"DIAGNOSED"	46.31506849	"BREAST"	"BREAST"	"NED"	"YES"	"YES"	"YES"	"AFTER"	"NO"	"DK"	"NO"	"YES"	"WHITE"	""	""	""	""	""	""	""	""	"True"	46	"BREAST (PARENCHYMAL)"	"Non-RAAS/LAAS"	0	"ASCProject_0179_SALIVA"	46	"Breast (Parenchymal)"
"RP-1447_ASCProject_0179_T1_v1_Exome_OnPrem"	"ASCProject_0179_T1"	"Tumor"	"ASCProject_0179"	"DNA"	"T1"	"ASCProject_0179_T1"	""	""	33	"BREAST"	""	""	""	""	""	"ASCProject_0179"	"Breast (Parenchymal)"	"No Mets"	"Breast (Parenchymal)"	"Breast"	"No Mets"	"No Mets"	NA	1	"46"	"F"	"BREAST (PARENCHYMAL)"	"RIGHT BREAST"	0	"NO"	0	0	""	""	""	""	""	""	""	""	"NO METS"	"NO METS"	"1680"	"BREAST (PARENCHYMAL)"	0	0	"179"	"DIAGNOSED"	46.31506849	"BREAST"	"BREAST"	"NED"	"YES"	"YES"	"YES"	"AFTER"	"NO"	"DK"	"NO"	"YES"	"WHITE"	""	""	""	""	""	""	""	""	"True"	46	"BREAST (PARENCHYMAL)"	"Non-RAAS/LAAS"	0	"ASCProject_0179_T1"	46	"Breast (Parenchymal)"
"RP-1447_ASCProject_0180_SALIVA_v1_Exome_OnPrem"	"ASCProject_0180_SALIVA"	"Normal"	"ASCProject_0180"	"DNA"	""	"ASCProject_0180_SALIVA"	""	""	NA	""	""	""	""	""	""	"ASCProject_0180"	"HNFS"	"Not Extracted"	"HNFS"	""	""	""	NA	NA	""	""	""	""	NA	""	NA	NA	""	""	""	""	""	""	""	""	""	""	""	""	NA	NA	"180"	"DIAGNOSED"	55.80273973	"HEADFACENECK"	"HEADFACENECK"	"NED"	"YES"	"YES"	"NO"	""	"YES"	"NO"	"NO"	"NO"	"WHITE"	""	""	""	""	""	""	""	""	"False"	55.80273973	"HNFS"	""	NA	"ASCProject_0180_SALIVA"	55.80273973	"HNFS"
"RP-1447_ASCProject_0182_SALIVA_v1_Exome_OnPrem"	"ASCProject_0182_SALIVA"	"Normal"	"ASCProject_0182"	"DNA"	""	"ASCProject_0182_SALIVA"	""	""	NA	""	""	""	""	""	""	"ASCProject_0182"	"Breast (Parenchymal)"	""	"Breast (Parenchymal)"	"Breast"	""	""	NA	4	"NOT FOUND IN RECORD"	"F"	"BREAST (PARENCHYMAL)"	"RIGHT BREAST"	0	"NOT FOUND IN RECORD"	NA	NA	"NOT FOUND IN RECORD"	"NOT FOUND IN RECORD"	"NOT FOUND IN RECORD"	"NOT FOUND IN RECORD"	"NOT FOUND IN RECORD"	"NOT FOUND IN RECORD"	"NOT FOUND IN RECORD"	"NOT FOUND IN RECORD"	"NOT FOUND IN RECORD"	"NOT FOUND IN RECORD"	"NOT FOUND IN RECORD"	"BREAST (PARENCHYMAL)"	NA	NA	"182"	"DIAGNOSED"	56.33150685	"BREAST"	"BREAST"	"DK"	"YES"	"YES"	"NO"	""	"NO"	"NO"	"NO"	"NO"	"WHITE"	""	""	""	""	""	""	""	""	"True"	NA	"BREAST (PARENCHYMAL)"	"Non-RAAS/LAAS"	NA	"ASCProject_0182_SALIVA"	NA	"Breast (Parenchymal)"
"RP-1447_ASCProject_0182_T1_v3_Exome_OnPrem"	"ASCProject_0182_T1"	"Tumor"	"ASCProject_0182"	"DNA"	"T1"	"ASCProject_0182_T1"	""	""	42	"BREAST"	"MASTECTOMY"	"YES"	"NO"	"NO"	"HIGH"	"ASCProject_0182"	"Breast (Parenchymal)"	""	"Breast (Parenchymal)"	"Breast"	""	""	NA	4	"NOT FOUND IN RECORD"	"F"	"BREAST (PARENCHYMAL)"	"RIGHT BREAST"	0	"NOT FOUND IN RECORD"	NA	NA	"NOT FOUND IN RECORD"	"NOT FOUND IN RECORD"	"NOT FOUND IN RECORD"	"NOT FOUND IN RECORD"	"NOT FOUND IN RECORD"	"NOT FOUND IN RECORD"	"NOT FOUND IN RECORD"	"NOT FOUND IN RECORD"	"NOT FOUND IN RECORD"	"NOT FOUND IN RECORD"	"NOT FOUND IN RECORD"	"BREAST (PARENCHYMAL)"	NA	NA	"182"	"DIAGNOSED"	56.33150685	"BREAST"	"BREAST"	"DK"	"YES"	"YES"	"NO"	""	"NO"	"NO"	"NO"	"NO"	"WHITE"	""	""	""	""	""	""	""	""	"True"	NA	"BREAST (PARENCHYMAL)"	"Non-RAAS/LAAS"	NA	"ASCProject_0182_T1"	NA	"Breast (Parenchymal)"
"RP-1447_ASCProject_0184_T1_v1_Exome_OnPrem"	"ASCProject_0184_T1"	"Tumor"	"ASCProject_0184"	"DNA"	"T1"	"ASCProject_0184_T1"	""	""	NA	""	""	""	""	""	""	"ASCProject_0184"	"Heart"	"Distant Lymph Node, Visceral Organ"	"Heart"	"Bowel"	"Distant Lymph Node, Visceral Organ"	"Distant Lymph Node, Visceral Organ"	NA	2	"70"	"M"	"CARDIAC"	"SMALL BOWEL"	0	"NO"	0	0	""	""	""	""	""	""	""	"0"	"DISTANT LYMPH NODE, VISCERAL ORGAN"	"DISTANT LYMPH NODE, VISCERAL ORGAN"	"373"	"CARDIAC"	0	1	"184"	"DIAGNOSED"	70.94794521	"ABDOMINAL"	""	"ABDOMINAL"	"YES"	"NO"	"NO"	""	"YES"	"NO"	"NO"	"NO"	"AMERICAN_INDIAN"	""	""	""	""	""	""	""	""	"True"	70	"HEART"	"Non-RAAS/LAAS"	2	"ASCProject_0184_T1"	70	"Heart"
"RP-1447_ASCProject_0187_SALIVA_v1_Exome_OnPrem"	"ASCProject_0187_SALIVA"	"Normal"	"ASCProject_0187"	"DNA"	""	"ASCProject_0187_SALIVA"	""	""	NA	""	""	""	""	""	""	"ASCProject_0187"	"HNFS"	"No Mets"	"HNFS"	"Scalp"	"No Mets"	"No Mets"	NA	12	"64"	"F"	"HNFS"	"SCALP"	0	"NO"	1	0	""	""	""	""	""	""	""	""	"NO METS"	"NO METS"	"685"	"HNFS"	0	0	"187"	"DIAGNOSED"	64.81643836	"SCALP"	"SCALP,LIVER"	"LIVER"	"YES"	"NO"	"YES"	"AFTER"	"YES"	"YES"	"NO"	"NO"	"WHITE"	""	""	""	""	""	""	""	""	"True"	64	"HNFS"	"Non-RAAS/LAAS"	0	"ASCProject_0187_SALIVA"	64	"HNFS"
"RP-1447_ASCProject_0189_SALIVA_v1_Exome_OnPrem"	"ASCProject_0189_SALIVA"	"Normal"	"ASCProject_0189"	"DNA"	""	"ASCProject_0189_SALIVA"	""	""	NA	""	""	""	""	""	""	"ASCProject_0189"	"Extremities"	"Not Extracted"	"Upper Extremity"	""	""	""	NA	NA	""	""	""	""	NA	""	NA	NA	""	""	""	""	""	""	""	""	""	""	""	""	NA	NA	"189"	"DIAGNOSED"	36.49315068	"BONELIMB"	""	"LUNG"	"YES"	"NO"	"NO"	""	"YES"	"NO"	"YES"	"NO"	"JAPANESE"	""	""	""	""	""	""	""	""	"False"	36.49315068	"BONELIMB"	""	NA	"ASCProject_0189_SALIVA"	36.49315068	"Extremities"
"RP-1447_ASCProject_0193_SALIVA_v1_Exome_OnPrem"	"ASCProject_0193_SALIVA"	"Normal"	"ASCProject_0193"	"DNA"	""	"ASCProject_0193_SALIVA"	""	""	NA	""	""	""	""	""	""	"ASCProject_0193"	"HNFS"	"No Mets"	"HNFS"	"Forehead"	"No Mets"	"No Mets"	NA	12	"43"	"F"	"HNFS"	"LEFT FOREHEAD"	0	"NO"	1	0	""	""	""	""	""	""	""	""	"NO METS"	"NO METS"	"538"	"HNFS"	0	0	"193"	"DIAGNOSED"	43.06027397	"SCALP"	"HEADFACENECK,SCALP,LUNG"	"HEADFACENECK,SCALP,LUNG"	"NO"	""	"YES"	"BEFORE"	"NO"	"YES"	"NO"	"NO"	"WHITE,OTHER"	""	""	""	""	""	""	""	""	"True"	43	"HNFS"	"Non-RAAS/LAAS"	0	"ASCProject_0193_SALIVA"	43	"HNFS"
"RP-1447_ASCProject_0194_SALIVA_v3_Exome_OnPrem"	"ASCProject_0194_SALIVA"	"Normal"	"ASCProject_0194"	"DNA"	""	"ASCProject_0194_SALIVA"	""	""	NA	""	""	""	""	""	""	"ASCProject_0194"	"Heart"	"Bone, Brain"	"Heart"	"Pericardium"	"Bone"	"Bone, Brain"	NA	5	"32"	"M"	"CARDIAC"	"PERICARDIUM"	0	"NO"	0	0	""	""	""	""	""	""	""	"420"	"BONE"	"BONE, BRAIN"	"896"	"CARDIAC"	0	1	"194"	"DIAGNOSED"	32.29589041	"HEART"	"OTHER"	"HEART,OTHER"	"YES"	"NO"	"NO"	""	"YES"	"NO"	"NO"	"NO"	"WHITE"	""	""	""	""	""	""	""	""	"True"	32	"HEART"	"Non-RAAS/LAAS"	2	"ASCProject_0194_SALIVA"	32	"Heart"
"RP-1447_ASCProject_0194_T2_v3_Exome_OnPrem"	"ASCProject_0194_T2"	"Tumor"	"ASCProject_0194"	"DNA"	"T2"	"ASCProject_0194_T2"	""	""	304	"HEART"	"RESECTION"	"YES"	"YES"	"YES"	"HIGH"	"ASCProject_0194"	"Heart"	"Bone, Brain"	"Heart"	"Pericardium"	"Bone"	"Bone, Brain"	NA	5	"32"	"M"	"CARDIAC"	"PERICARDIUM"	0	"NO"	0	0	""	""	""	""	""	""	""	"420"	"BONE"	"BONE, BRAIN"	"896"	"CARDIAC"	0	1	"194"	"DIAGNOSED"	32.29589041	"HEART"	"OTHER"	"HEART,OTHER"	"YES"	"NO"	"NO"	""	"YES"	"NO"	"NO"	"NO"	"WHITE"	""	""	""	""	""	""	""	""	"True"	32	"HEART"	"Non-RAAS/LAAS"	2	"ASCProject_0194_T2"	32	"Heart"
"RP-1447_ASCProject_0194_T1_v3_Exome_OnPrem"	"ASCProject_0194_T1"	"Tumor"	"ASCProject_0194"	"DNA"	"T1"	"ASCProject_0194_T1"	""	""	NA	""	""	""	""	""	""	"ASCProject_0194"	"Heart"	"Bone, Brain"	"Heart"	"Pericardium"	"Bone"	"Bone, Brain"	NA	5	"32"	"M"	"CARDIAC"	"PERICARDIUM"	0	"NO"	0	0	""	""	""	""	""	""	""	"420"	"BONE"	"BONE, BRAIN"	"896"	"CARDIAC"	0	1	"194"	"DIAGNOSED"	32.29589041	"HEART"	"OTHER"	"HEART,OTHER"	"YES"	"NO"	"NO"	""	"YES"	"NO"	"NO"	"NO"	"WHITE"	""	""	""	""	""	""	""	""	"True"	32	"HEART"	"Non-RAAS/LAAS"	2	"ASCProject_0194_T1"	32	"Heart"
"RP-1447_ASCProject_0196_SALIVA_v1_Exome_OnPrem"	"ASCProject_0196_SALIVA"	"Normal"	"ASCProject_0196"	"DNA"	""	"ASCProject_0196_SALIVA"	""	""	NA	""	""	""	""	""	""	"ASCProject_0196"	"Breast (NOS)"	"Not Extracted"	"Breast (NOS)"	""	""	""	NA	NA	""	""	""	""	NA	""	NA	NA	""	""	""	""	""	""	""	""	""	""	""	""	NA	NA	"196"	"DIAGNOSED"	23.93150685	"BREAST"	"BREAST"	"NED"	"YES"	"YES"	"NO"	""	"NO"	"NO"	"NO"	"NO"	"NATIVE_HAWAIIAN,WHITE"	""	""	""	""	""	""	""	""	"False"	23.93150685	"BREAST (NOS)"	""	NA	"ASCProject_0196_SALIVA"	23.93150685	"Breast (NOS)"
"RP-1447_ASCProject_0197_SALIVA_v2_Exome_OnPrem"	"ASCProject_0197_SALIVA"	"Normal"	"ASCProject_0197"	"DNA"	""	"ASCProject_0197_SALIVA"	""	""	NA	""	""	""	""	""	""	"ASCProject_0197"	"Extremities"	"Breast"	"Upper Extremity"	"Arm"	"Breast"	"Breast"	NA	4	"62"	"F"	"SKIN-CUTANEOUS (ASSOCIATED WITH LYMPHEDEMA)"	"RIGHT UPPER ARM"	0	"YES"	1	0	""	""	""	""	""	""	""	"317"	"OTHER (RIGHT BREAST SKIN)"	"OTHER (RIGHT BREAST SKIN)"	"556"	"EXTREMITY"	1	1	"197"	"DIAGNOSED"	63.08493151	"BONELIMB,OTHER"	"BONELIMB,OTHER"	"BONELIMB,OTHER"	"YES"	"NO"	"NO"	""	"YES"	"YES"	"YES"	"NO"	"WHITE"	""	""	""	""	""	""	""	""	"True"	62	"BONELIMB"	"LAAS"	1	"ASCProject_0197_SALIVA"	62	"Extremities"
"RP-1447_ASCProject_0197_T1A_v4_Exome_OnPrem"	"ASCProject_0197_T1A"	"Tumor"	"ASCProject_0197"	"DNA"	"T1A"	"ASCProject_0197_T1A"	""	""	60	"SKIN"	"EXCISION"	"YES (FOCAL)"	"YES"	"NO"	"HIGH"	"ASCProject_0197"	"Extremities"	"Breast"	"Upper Extremity"	"Arm"	"Breast"	"Breast"	NA	4	"62"	"F"	"SKIN-CUTANEOUS (ASSOCIATED WITH LYMPHEDEMA)"	"RIGHT UPPER ARM"	0	"YES"	1	0	""	""	""	""	""	""	""	"317"	"OTHER (RIGHT BREAST SKIN)"	"OTHER (RIGHT BREAST SKIN)"	"556"	"EXTREMITY"	1	1	"197"	"DIAGNOSED"	63.08493151	"BONELIMB,OTHER"	"BONELIMB,OTHER"	"BONELIMB,OTHER"	"YES"	"NO"	"NO"	""	"YES"	"YES"	"YES"	"NO"	"WHITE"	""	""	""	""	""	""	""	""	"True"	62	"BONELIMB"	"LAAS"	1	"ASCProject_0197_T1A"	62	"Extremities"
"RP-1447_ASCProject_0197_T1B_v4_Exome_OnPrem"	"ASCProject_0197_T1B"	"Tumor"	"ASCProject_0197"	"DNA"	"T1B"	"ASCProject_0197_T1B"	""	""	60	"SKIN"	"EXCISION"	"YES (FOCAL)"	"YES"	"NO"	"HIGH"	"ASCProject_0197"	"Extremities"	"Breast"	"Upper Extremity"	"Arm"	"Breast"	"Breast"	NA	4	"62"	"F"	"SKIN-CUTANEOUS (ASSOCIATED WITH LYMPHEDEMA)"	"RIGHT UPPER ARM"	0	"YES"	1	0	""	""	""	""	""	""	""	"317"	"OTHER (RIGHT BREAST SKIN)"	"OTHER (RIGHT BREAST SKIN)"	"556"	"EXTREMITY"	1	1	"197"	"DIAGNOSED"	63.08493151	"BONELIMB,OTHER"	"BONELIMB,OTHER"	"BONELIMB,OTHER"	"YES"	"NO"	"NO"	""	"YES"	"YES"	"YES"	"NO"	"WHITE"	""	""	""	""	""	""	""	""	"True"	62	"BONELIMB"	"LAAS"	1	"ASCProject_0197_T1B"	62	"Extremities"
"RP-1447_ASCProject_0201_SALIVA_v1_Exome_OnPrem"	"ASCProject_0201_SALIVA"	"Normal"	"ASCProject_0201"	"DNA"	""	"ASCProject_0201_SALIVA"	""	""	NA	""	""	""	""	""	""	"ASCProject_0201"	"Breast (Parenchymal)"	"Liver, Other Soft Tissues"	"Breast (Parenchymal)"	"Breast"	"Liver"	"Liver, Retroperitoneum"	NA	5	"36"	"F"	"BREAST (PARENCHYMAL)"	"RIGHT BREAST"	0	"NO"	0	1	"RIGHT BREAST"	"1315"	""	""	""	""	""	"3746"	"LIVER"	"LIVER, OTHER (RETROPERITONEUM)"	"5249"	"BREAST (PARENCHYMAL)"	0	1	"201"	"DIAGNOSED"	36.14794521	"BREAST"	"BREAST,LIVER"	"NED"	"YES"	"YES"	"YES"	"AFTER"	"NO"	"NO"	"NO"	"YES"	"WHITE"	""	""	""	""	""	""	""	""	"True"	36	"BREAST (PARENCHYMAL)"	"Non-RAAS/LAAS"	2	"ASCProject_0201_SALIVA"	36	"Breast (Parenchymal)"
"RP-1447_ASCProject_0201_T1_v1_Exome_OnPrem"	"ASCProject_0201_T1"	"Tumor"	"ASCProject_0201"	"DNA"	"T1"	"ASCProject_0201_T1"	""	""	0	"BREAST"	"EXCISION"	"YES"	"NO"	"YES (FOCAL)"	"HIGH"	"ASCProject_0201"	"Breast (Parenchymal)"	"Liver, Other Soft Tissues"	"Breast (Parenchymal)"	"Breast"	"Liver"	"Liver, Retroperitoneum"	NA	5	"36"	"F"	"BREAST (PARENCHYMAL)"	"RIGHT BREAST"	0	"NO"	0	1	"RIGHT BREAST"	"1315"	""	""	""	""	""	"3746"	"LIVER"	"LIVER, OTHER (RETROPERITONEUM)"	"5249"	"BREAST (PARENCHYMAL)"	0	1	"201"	"DIAGNOSED"	36.14794521	"BREAST"	"BREAST,LIVER"	"NED"	"YES"	"YES"	"YES"	"AFTER"	"NO"	"NO"	"NO"	"YES"	"WHITE"	""	""	""	""	""	""	""	""	"True"	36	"BREAST (PARENCHYMAL)"	"Non-RAAS/LAAS"	2	"ASCProject_0201_T1"	36	"Breast (Parenchymal)"
"RP-1447_ASCProject_0201_T2_v1_Exome_OnPrem"	"ASCProject_0201_T2"	"Tumor"	"ASCProject_0201"	"DNA"	"T2"	"ASCProject_0201_T2"	""	""	1415	"BREAST"	"MASTECTOMY"	"YES"	"YES"	"YES"	"HIGH"	"ASCProject_0201"	"Breast (Parenchymal)"	"Liver, Other Soft Tissues"	"Breast (Parenchymal)"	"Breast"	"Liver"	"Liver, Retroperitoneum"	NA	5	"36"	"F"	"BREAST (PARENCHYMAL)"	"RIGHT BREAST"	0	"NO"	0	1	"RIGHT BREAST"	"1315"	""	""	""	""	""	"3746"	"LIVER"	"LIVER, OTHER (RETROPERITONEUM)"	"5249"	"BREAST (PARENCHYMAL)"	0	1	"201"	"DIAGNOSED"	36.14794521	"BREAST"	"BREAST,LIVER"	"NED"	"YES"	"YES"	"YES"	"AFTER"	"NO"	"NO"	"NO"	"YES"	"WHITE"	""	""	""	""	""	""	""	""	"True"	36	"BREAST (PARENCHYMAL)"	"Non-RAAS/LAAS"	2	"ASCProject_0201_T2"	36	"Breast (Parenchymal)"
"RP-1447_ASCProject_0202_SALIVA_v3_Exome_OnPrem"	"ASCProject_0202_SALIVA"	"Normal"	"ASCProject_0202"	"DNA"	""	"ASCProject_0202_SALIVA"	""	""	NA	""	""	""	""	""	""	"ASCProject_0202"	"Breast (Cutaneous)"	"No Mets"	"Breast (Cutaneous)"	"Breast Skin"	"No Mets"	"No Mets"	NA	5	"51"	"F"	"BREAST (CUTANEOUS)"	"LEFT BREAST SKIN"	1	"NO"	1	0	""	""	""	""	""	""	""	""	"NO METS"	"NO METS"	"1463"	"BREAST (CUTANEOUS)"	0	0	"202"	"DIAGNOSED"	51.87671233	"BREAST"	"BREAST"	"NED"	"YES"	"YES"	"NO"	""	"NO"	"YES"	"YES"	"NO"	"WHITE"	""	""	""	""	""	""	""	""	"True"	51	"BREAST (CUTANEOUS)"	"RAAS"	0	"ASCProject_0202_SALIVA"	51	"Breast (Cutaneous)"
"RP-1447_ASCProject_0202_T1_v3_Exome_OnPrem"	"ASCProject_0202_T1"	"Tumor"	"ASCProject_0202"	"DNA"	"T1"	"ASCProject_0202_T1"	""	""	0	"BREAST"	"EXCISION"	"YES"	"NO"	"YES"	"HIGH"	"ASCProject_0202"	"Breast (Cutaneous)"	"No Mets"	"Breast (Cutaneous)"	"Breast Skin"	"No Mets"	"No Mets"	NA	5	"51"	"F"	"BREAST (CUTANEOUS)"	"LEFT BREAST SKIN"	1	"NO"	1	0	""	""	""	""	""	""	""	""	"NO METS"	"NO METS"	"1463"	"BREAST (CUTANEOUS)"	0	0	"202"	"DIAGNOSED"	51.87671233	"BREAST"	"BREAST"	"NED"	"YES"	"YES"	"NO"	""	"NO"	"YES"	"YES"	"NO"	"WHITE"	""	""	""	""	""	""	""	""	"True"	51	"BREAST (CUTANEOUS)"	"RAAS"	0	"ASCProject_0202_T1"	51	"Breast (Cutaneous)"
"RP-1447_ASCProject_0205_SALIVA_v1_Exome_OnPrem"	"ASCProject_0205_SALIVA"	"Normal"	"ASCProject_0205"	"DNA"	""	"ASCProject_0205_SALIVA"	""	""	NA	""	""	""	""	""	""	"ASCProject_0205"	"HNFS"	"Distant Lymph Node, Lung"	"HNFS"	"Nose"	"Distant Lymph Node"	"Distant Lymph Node, Lung"	NA	9	"56"	"M"	"HNFS"	"NOSE"	0	"NO"	1	1	"HNFS"	""	""	""	""	""	""	"164"	"DISTANT LYMPH NODE"	"DISTANT LYMPH NODE, LUNG, OTHER (PLEURA)"	"507"	"HNFS"	0	1	"205"	"DIAGNOSED"	56.62191781	"HEADFACENECK"	"HEADFACENECK,LYMPH"	"LYMPH"	"YES"	"YES"	"YES"	"AFTER"	"YES"	"NO"	"NO"	"NO"	"WHITE"	""	""	""	""	""	""	""	""	"True"	56	"HNFS"	"Non-RAAS/LAAS"	3	"ASCProject_0205_SALIVA"	56	"HNFS"
"RP-1447_ASCProject_0207_T1_v4_Exome_OnPrem"	"ASCProject_0207_T1"	"Tumor"	"ASCProject_0207"	"DNA"	"T1"	"ASCProject_0207_T1"	""	""	NA	""	""	""	""	""	""	"ASCProject_0207"	"Musculoskeletal"	"Other Soft Tissues, Bone"	"Bone"	"Paraspinal Soft Tissue"	"Palate, Bone"	"Palate, Bone"	NA	3	"28"	"F"	"OTHER (BONE)"	"LEFT PARASPINAL SOFT TISSUE"	0	"NO"	0	0	""	""	""	""	""	""	""	"5"	"OTHER (PALATE), BONE"	"OTHER (PALATE), BONE"	"155"	"BONE"	0	1	""	""	NA	""	""	""	""	""	""	""	""	""	""	""	""	""	""	""	""	""	""	""	""	"True"	28	"BONELIMB"	"Non-RAAS/LAAS"	2	"ASCProject_0207_T1"	28	"Musculoskeletal"
"RP-1447_ASCProject_0207_T2_v4_Exome_OnPrem"	"ASCProject_0207_T2"	"Tumor"	"ASCProject_0207"	"DNA"	"T2"	"ASCProject_0207_T2"	""	""	NA	""	""	""	""	""	""	"ASCProject_0207"	"Musculoskeletal"	"Other Soft Tissues, Bone"	"Bone"	"Paraspinal Soft Tissue"	"Palate, Bone"	"Palate, Bone"	NA	3	"28"	"F"	"OTHER (BONE)"	"LEFT PARASPINAL SOFT TISSUE"	0	"NO"	0	0	""	""	""	""	""	""	""	"5"	"OTHER (PALATE), BONE"	"OTHER (PALATE), BONE"	"155"	"BONE"	0	1	""	""	NA	""	""	""	""	""	""	""	""	""	""	""	""	""	""	""	""	""	""	""	""	"True"	28	"BONELIMB"	"Non-RAAS/LAAS"	2	"ASCProject_0207_T2"	28	"Musculoskeletal"
"RP-1447_ASCProject_0208_SALIVA_v1_Exome_OnPrem"	"ASCProject_0208_SALIVA"	"Normal"	"ASCProject_0208"	"DNA"	""	"ASCProject_0208_SALIVA"	""	""	NA	""	""	""	""	""	""	"ASCProject_0208"	"Breast (NOS)"	"Not Extracted"	"Breast (NOS)"	""	""	""	NA	NA	""	""	""	""	NA	""	NA	NA	""	""	""	""	""	""	""	""	""	""	""	""	NA	NA	"208"	"DIAGNOSED"	48.99452055	"BREAST"	"BREAST"	"NED"	"YES"	"YES"	"NO"	""	"DK"	"NO"	"NO"	"NO"	"OTHER"	""	""	""	""	""	""	""	""	"False"	48.99452055	"BREAST (NOS)"	""	NA	"ASCProject_0208_SALIVA"	48.99452055	"Breast (NOS)"
"RP-1447_ASCProject_0212_SALIVA_v2_Exome_OnPrem"	"ASCProject_0212_SALIVA"	"Normal"	"ASCProject_0212"	"DNA"	""	"ASCProject_0212_SALIVA"	""	""	NA	""	""	""	""	""	""	"ASCProject_0212"	"Heart"	"Lung, Liver, Spleen, Visceral Organ,  Other Soft Tissues, Bone"	"Heart"	"Atrium"	"Lung"	"Lung, Liver, Spleen, Visceral Organ, Mediastinum, Bone, Bone Marrow"	NA	2	"37"	"M"	"CARDIAC"	"RIGHT ATRIUM"	0	"NO"	0	1	"CARDIAC"	"679"	""	""	""	""	""	"602"	"LUNG"	"LUNG, LIVER, SPLEEN,VISCERAL ORGAN, OTHER (MEDIASTINUM), BONE,OTHER( BONE MARROW)"	"1155"	"CARDIAC"	0	1	"212"	"DIAGNOSED"	37.34520548	"HEART"	"HEART,LIVER,SPLEEN,LUNG"	"HEART,LIVER,SPLEEN,LUNG"	"YES"	"NO"	"NO"	""	"YES"	"NO"	"NO"	"NO"	"WHITE"	""	""	""	""	""	""	""	""	"True"	37	"HEART"	"Non-RAAS/LAAS"	7	"ASCProject_0212_SALIVA"	37	"Heart"
"RP-1447_ASCProject_0212_T1_v3_Exome_OnPrem"	"ASCProject_0212_T1"	"Tumor"	"ASCProject_0212"	"DNA"	"T1"	"ASCProject_0212_T1"	""	""	0	"HEART"	""	""	""	""	""	"ASCProject_0212"	"Heart"	"Lung, Liver, Spleen, Visceral Organ,  Other Soft Tissues, Bone"	"Heart"	"Atrium"	"Lung"	"Lung, Liver, Spleen, Visceral Organ, Mediastinum, Bone, Bone Marrow"	NA	2	"37"	"M"	"CARDIAC"	"RIGHT ATRIUM"	0	"NO"	0	1	"CARDIAC"	"679"	""	""	""	""	""	"602"	"LUNG"	"LUNG, LIVER, SPLEEN,VISCERAL ORGAN, OTHER (MEDIASTINUM), BONE,OTHER( BONE MARROW)"	"1155"	"CARDIAC"	0	1	"212"	"DIAGNOSED"	37.34520548	"HEART"	"HEART,LIVER,SPLEEN,LUNG"	"HEART,LIVER,SPLEEN,LUNG"	"YES"	"NO"	"NO"	""	"YES"	"NO"	"NO"	"NO"	"WHITE"	""	""	""	""	""	""	""	""	"True"	37	"HEART"	"Non-RAAS/LAAS"	7	"ASCProject_0212_T1"	37	"Heart"
"RP-1447_ASCProject_0214_SALIVA_v1_Exome_OnPrem"	"ASCProject_0214_SALIVA"	"Normal"	"ASCProject_0214"	"DNA"	""	"ASCProject_0214_SALIVA"	""	""	NA	""	""	""	""	""	""	"ASCProject_0214"	"Musculoskeletal"	"No Mets"	"Trunk"	"Back"	"No Mets"	"No Mets"	NA	12	"67"	"M"	"TRUNK"	"MID BACK"	0	"NO"	1	0	""	""	""	""	""	""	""	""	"NO METS"	"NO METS"	"511"	"OTHER"	0	0	"214"	"DIAGNOSED"	67.58082192	"OTHER"	"OTHER"	"OTHER"	"YES"	"DK"	"NO"	""	"NO"	"YES"	"NO"	"NO"	"WHITE"	""	""	""	""	""	""	""	""	"True"	67	"OTHER"	"Non-RAAS/LAAS"	0	"ASCProject_0214_SALIVA"	67	"Musculoskeletal"
"RP-1447_ASCProject_0216_SALIVA_v1_Exome_OnPrem"	"ASCProject_0216_SALIVA"	"Normal"	"ASCProject_0216"	"DNA"	""	"ASCProject_0216_SALIVA"	""	""	NA	""	""	""	""	""	""	"ASCProject_0216"	"Breast (NOS)"	"Not Extracted"	"Breast (NOS)"	""	""	""	NA	NA	""	""	""	""	NA	""	NA	NA	""	""	""	""	""	""	""	""	""	""	""	""	NA	NA	"216"	"DIAGNOSED"	64.7260274	"BREAST"	"BREAST"	"NED"	"YES"	"YES"	"NO"	""	"NO"	"YES"	"YES"	"NO"	"WHITE"	""	""	""	""	""	""	""	""	"False"	64.7260274	"BREAST (NOS)"	""	NA	"ASCProject_0216_SALIVA"	64.7260274	"Breast (NOS)"
"RP-1447_ASCProject_0217_SALIVA_v1_Exome_OnPrem"	"ASCProject_0217_SALIVA"	"Normal"	"ASCProject_0217"	"DNA"	""	"ASCProject_0217_SALIVA"	""	""	NA	""	""	""	""	""	""	"ASCProject_0217"	"HNFS"	"No Mets"	"HNFS"	"Scalp"	"No Mets"	"No Mets"	NA	12	"88"	"F"	"HNFS"	"LEFT PARIETAL SCALP"	0	"NO"	1	1	"HNFS"	"598"	""	""	""	""	""	""	"NO METS"	"NO METS"	"706"	"HNFS"	0	0	"217"	"DIAGNOSED"	88.08219178	"SCALP"	"SCALP"	"SCALP"	"NO"	""	"NO"	""	"YES"	"YES"	"NO"	"NO"	"WHITE"	""	""	""	""	""	""	""	""	"True"	88	"HNFS"	"Non-RAAS/LAAS"	0	"ASCProject_0217_SALIVA"	88	"HNFS"
"RP-1447_ASCProject_0218_SALIVA_v1_Exome_OnPrem"	"ASCProject_0218_SALIVA"	"Normal"	"ASCProject_0218"	"DNA"	""	"ASCProject_0218_SALIVA"	""	""	NA	""	""	""	""	""	""	"ASCProject_0218"	"Extremities"	"Distant Lymph Node"	"Lower Extremity"	"Leg"	"Distant Lymph Node"	"Distant Lymph Node"	NA	9	"29"	"M"	"EXTREMITY"	"BONE - LEFT TIBIA"	0	"NO"	0	1	"EXTREMITY "	"434"	""	""	""	""	""	"610"	"DISTANT LYMPH NODE"	"DISTANT LYMPH NODE"	"1179"	"EXTREMITY"	0	1	"218"	"DIAGNOSED"	29.45205479	"BONELIMB"	"LYMPH,BONELIMB"	"LYMPH,BONELIMB"	"YES"	"DK"	"NO"	""	"YES"	"NO"	"NO"	"NO"	"WHITE"	""	""	""	""	""	""	""	""	"True"	29	"BONELIMB"	"Non-RAAS/LAAS"	1	"ASCProject_0218_SALIVA"	29	"Extremities"
"RP-1447_ASCProject_0219_SALIVA_v2_Exome_OnPrem"	"ASCProject_0219_SALIVA"	"Normal"	"ASCProject_0219"	"DNA"	""	"ASCProject_0219_SALIVA"	""	""	NA	""	""	""	""	""	""	"ASCProject_0219"	"HNFS"	"Distant Lymph Node"	"HNFS"	"Forehead"	"Distant Lymph Node"	"Distant Lymph Node"	NA	3	"69"	"F"	"HNFS"	"LEFT FOREHEAD"	0	"NO"	1	0	""	""	""	""	""	""	""	"309"	"DISTANT LYMPH NODE"	"DISTANT LYMPH NODE"	"404"	"HNFS"	0	1	"219"	"DIAGNOSED"	69.86575342	"SCALP"	"SCALP"	"SCALP"	"NO"	""	"NO"	""	"YES"	"NO"	"NO"	"NO"	"WHITE"	""	""	""	""	""	""	""	""	"True"	69	"HNFS"	"Non-RAAS/LAAS"	1	"ASCProject_0219_SALIVA"	69	"HNFS"
"RP-1447_ASCProject_0219_T1_v2_Exome_OnPrem"	"ASCProject_0219_T1"	"Tumor"	"ASCProject_0219"	"DNA"	"T1"	"ASCProject_0219_T1"	""	""	29	"HEADFACENECKSCALP"	"EXCISION"	"YES"	"NO"	"YES"	"HIGH"	"ASCProject_0219"	"HNFS"	"Distant Lymph Node"	"HNFS"	"Forehead"	"Distant Lymph Node"	"Distant Lymph Node"	NA	3	"69"	"F"	"HNFS"	"LEFT FOREHEAD"	0	"NO"	1	0	""	""	""	""	""	""	""	"309"	"DISTANT LYMPH NODE"	"DISTANT LYMPH NODE"	"404"	"HNFS"	0	1	"219"	"DIAGNOSED"	69.86575342	"SCALP"	"SCALP"	"SCALP"	"NO"	""	"NO"	""	"YES"	"NO"	"NO"	"NO"	"WHITE"	""	""	""	""	""	""	""	""	"True"	69	"HNFS"	"Non-RAAS/LAAS"	1	"ASCProject_0219_T1"	69	"HNFS"
"RP-1447_ASCProject_0219_T3_v2_Exome_OnPrem"	"ASCProject_0219_T3"	"Tumor"	"ASCProject_0219"	"DNA"	"T3"	"ASCProject_0219_T3"	""	""	309	"OTHER"	"OTHER"	"NO"	"NO"	"YES"	"HIGH"	"ASCProject_0219"	"HNFS"	"Distant Lymph Node"	"HNFS"	"Forehead"	"Distant Lymph Node"	"Distant Lymph Node"	NA	3	"69"	"F"	"HNFS"	"LEFT FOREHEAD"	0	"NO"	1	0	""	""	""	""	""	""	""	"309"	"DISTANT LYMPH NODE"	"DISTANT LYMPH NODE"	"404"	"HNFS"	0	1	"219"	"DIAGNOSED"	69.86575342	"SCALP"	"SCALP"	"SCALP"	"NO"	""	"NO"	""	"YES"	"NO"	"NO"	"NO"	"WHITE"	""	""	""	""	""	""	""	""	"True"	69	"HNFS"	"Non-RAAS/LAAS"	1	"ASCProject_0219_T3"	69	"HNFS"
"RP-1447_ASCProject_0220_SALIVA_v1_Exome_OnPrem"	"ASCProject_0220_SALIVA"	"Normal"	"ASCProject_0220"	"DNA"	""	"ASCProject_0220_SALIVA"	""	""	NA	""	""	""	""	""	""	"ASCProject_0220"	"HNFS"	"No Mets"	"HNFS"	"Temple"	"No Mets"	"No Mets"	NA	5	"67"	"F"	"HNFS"	"LEFT TEMPORAL REGION"	0	"NO"	1	1	"HNFS, HNFS, HNFS, HNFS, HNFS"	"999"	"1322"	"1658"	"1792"	"2038"	""	""	"NO METS"	"NO METS"	"3343"	"HNFS"	0	0	"220"	"DIAGNOSED"	67.06027397	"HEADFACENECK"	"HEADFACENECK"	"NED"	"YES"	"NO"	"YES"	"AFTER"	"YES"	"NO"	"NO"	"NO"	"WHITE"	""	""	""	""	""	""	""	""	"True"	67	"HNFS"	"Non-RAAS/LAAS"	0	"ASCProject_0220_SALIVA"	67	"HNFS"
"RP-1447_ASCProject_0220_T1_v1_Exome_OnPrem"	"ASCProject_0220_T1"	"Tumor"	"ASCProject_0220"	"DNA"	"T1"	"ASCProject_0220_T1"	""	""	0	"HEADFACENECKSCALP"	"EXCISION"	"YES"	"NO"	"NO"	"LOW"	"ASCProject_0220"	"HNFS"	"No Mets"	"HNFS"	"Temple"	"No Mets"	"No Mets"	NA	5	"67"	"F"	"HNFS"	"LEFT TEMPORAL REGION"	0	"NO"	1	1	"HNFS, HNFS, HNFS, HNFS, HNFS"	"999"	"1322"	"1658"	"1792"	"2038"	""	""	"NO METS"	"NO METS"	"3343"	"HNFS"	0	0	"220"	"DIAGNOSED"	67.06027397	"HEADFACENECK"	"HEADFACENECK"	"NED"	"YES"	"NO"	"YES"	"AFTER"	"YES"	"NO"	"NO"	"NO"	"WHITE"	""	""	""	""	""	""	""	""	"True"	67	"HNFS"	"Non-RAAS/LAAS"	0	"ASCProject_0220_T1"	67	"HNFS"
"RP-1447_ASCProject_0220_T3_v1_Exome_OnPrem"	"ASCProject_0220_T3"	"Tumor"	"ASCProject_0220"	"DNA"	"T3"	"ASCProject_0220_T3"	""	""	1322	"HEADFACENECKSCALP"	"EXCISION"	"YES (FOCAL)"	"YES"	"YES"	"HIGH"	"ASCProject_0220"	"HNFS"	"No Mets"	"HNFS"	"Temple"	"No Mets"	"No Mets"	NA	5	"67"	"F"	"HNFS"	"LEFT TEMPORAL REGION"	0	"NO"	1	1	"HNFS, HNFS, HNFS, HNFS, HNFS"	"999"	"1322"	"1658"	"1792"	"2038"	""	""	"NO METS"	"NO METS"	"3343"	"HNFS"	0	0	"220"	"DIAGNOSED"	67.06027397	"HEADFACENECK"	"HEADFACENECK"	"NED"	"YES"	"NO"	"YES"	"AFTER"	"YES"	"NO"	"NO"	"NO"	"WHITE"	""	""	""	""	""	""	""	""	"True"	67	"HNFS"	"Non-RAAS/LAAS"	0	"ASCProject_0220_T3"	67	"HNFS"
"RP-1447_ASCProject_0221_SALIVA_v3_Exome_OnPrem"	"ASCProject_0221_SALIVA"	"Normal"	"ASCProject_0221"	"DNA"	""	"ASCProject_0221_SALIVA"	""	""	NA	""	""	""	""	""	""	"ASCProject_0221"	"Breast (Parenchymal)"	"No Mets"	"Breast (Parenchymal)"	"Breast"	"No Mets"	"No Mets"	NA	5	"27"	"F"	"BREAST (PARENCHYMAL)"	"LEFT BREAST"	0	"NO"	0	0	""	""	""	""	""	""	""	""	"NO METS"	"NO METS"	"1087"	"BREAST (PARENCHYMAL)"	0	0	"221"	"DIAGNOSED"	27.11232877	"BREAST"	"BREAST"	"NED"	"YES"	"NO"	"YES"	"AFTER"	"NO"	"NO"	"NO"	"NO"	"WHITE"	""	""	""	""	""	""	""	""	"True"	27	"BREAST (PARENCHYMAL)"	"Non-RAAS/LAAS"	0	"ASCProject_0221_SALIVA"	27	"Breast (Parenchymal)"
"RP-1447_ASCProject_0221_T1_v3_Exome_OnPrem"	"ASCProject_0221_T1"	"Tumor"	"ASCProject_0221"	"DNA"	"T1"	"ASCProject_0221_T1"	""	""	0	"BREAST"	"BIOPSY"	"YES"	"NO"	"YES (FOCAL)"	"LOW"	"ASCProject_0221"	"Breast (Parenchymal)"	"No Mets"	"Breast (Parenchymal)"	"Breast"	"No Mets"	"No Mets"	NA	5	"27"	"F"	"BREAST (PARENCHYMAL)"	"LEFT BREAST"	0	"NO"	0	0	""	""	""	""	""	""	""	""	"NO METS"	"NO METS"	"1087"	"BREAST (PARENCHYMAL)"	0	0	"221"	"DIAGNOSED"	27.11232877	"BREAST"	"BREAST"	"NED"	"YES"	"NO"	"YES"	"AFTER"	"NO"	"NO"	"NO"	"NO"	"WHITE"	""	""	""	""	""	""	""	""	"True"	27	"BREAST (PARENCHYMAL)"	"Non-RAAS/LAAS"	0	"ASCProject_0221_T1"	27	"Breast (Parenchymal)"
"RP-1447_ASCProject_0221_T2_v3_Exome_OnPrem"	"ASCProject_0221_T2"	"Tumor"	"ASCProject_0221"	"DNA"	"T2"	"ASCProject_0221_T2"	""	""	191	"BREAST"	"MASTECTOMY"	"YES"	"NO"	"YES (FOCAL)"	"LOW"	"ASCProject_0221"	"Breast (Parenchymal)"	"No Mets"	"Breast (Parenchymal)"	"Breast"	"No Mets"	"No Mets"	NA	5	"27"	"F"	"BREAST (PARENCHYMAL)"	"LEFT BREAST"	0	"NO"	0	0	""	""	""	""	""	""	""	""	"NO METS"	"NO METS"	"1087"	"BREAST (PARENCHYMAL)"	0	0	"221"	"DIAGNOSED"	27.11232877	"BREAST"	"BREAST"	"NED"	"YES"	"NO"	"YES"	"AFTER"	"NO"	"NO"	"NO"	"NO"	"WHITE"	""	""	""	""	""	""	""	""	"True"	27	"BREAST (PARENCHYMAL)"	"Non-RAAS/LAAS"	0	"ASCProject_0221_T2"	27	"Breast (Parenchymal)"
"RP-1447_ASCProject_0222_SALIVA_v3_Exome_OnPrem"	"ASCProject_0222_SALIVA"	"Normal"	"ASCProject_0222"	"DNA"	""	"ASCProject_0222_SALIVA"	""	""	NA	""	""	""	""	""	""	"ASCProject_0222"	"HNFS"	"Distant Lymph Node"	"HNFS"	"Nose"	"Distant Lymph Node"	"Distant Lymph Node"	NA	5	"74"	"M"	"HNFS"	"SKIN UNDERNEATH NOSE"	0	"NO"	1	1	"HNFS"	"666"	""	""	""	""	""	"666"	"DISTANT LYMPH NODE"	"DISTANT LYMPH NODE"	"1360"	"HNFS"	0	1	"222"	"DIAGNOSED"	74.46849315	"HEADFACENECK"	"HEADFACENECK"	"HEADFACENECK"	"YES"	"NO"	"YES"	"AFTER"	"YES"	"NO"	"NO"	"NO"	"WHITE"	""	""	""	""	""	""	""	""	"True"	74	"HNFS"	"Non-RAAS/LAAS"	1	"ASCProject_0222_SALIVA"	74	"HNFS"
"RP-1447_ASCProject_0222_T2_v3_Exome_OnPrem"	"ASCProject_0222_T2"	"Tumor"	"ASCProject_0222"	"DNA"	"T2"	"ASCProject_0222_T2"	""	""	28	"HEADFACENECKSCALP"	"EXCISION"	"YES"	"YES"	"NO"	"HIGH"	"ASCProject_0222"	"HNFS"	"Distant Lymph Node"	"HNFS"	"Nose"	"Distant Lymph Node"	"Distant Lymph Node"	NA	5	"74"	"M"	"HNFS"	"SKIN UNDERNEATH NOSE"	0	"NO"	1	1	"HNFS"	"666"	""	""	""	""	""	"666"	"DISTANT LYMPH NODE"	"DISTANT LYMPH NODE"	"1360"	"HNFS"	0	1	"222"	"DIAGNOSED"	74.46849315	"HEADFACENECK"	"HEADFACENECK"	"HEADFACENECK"	"YES"	"NO"	"YES"	"AFTER"	"YES"	"NO"	"NO"	"NO"	"WHITE"	""	""	""	""	""	""	""	""	"True"	74	"HNFS"	"Non-RAAS/LAAS"	1	"ASCProject_0222_T2"	74	"HNFS"
"RP-1447_ASCProject_0223_SALIVA_v1_Exome_OnPrem"	"ASCProject_0223_SALIVA"	"Normal"	"ASCProject_0223"	"DNA"	""	"ASCProject_0223_SALIVA"	""	""	NA	""	""	""	""	""	""	"ASCProject_0223"	"Musculoskeletal"	"Not Extracted"	"Trunk"	""	""	""	NA	NA	""	""	""	""	NA	""	NA	NA	""	""	""	""	""	""	""	""	""	""	""	""	NA	NA	"223"	"DIAGNOSED"	71.75068493	"OTHER"	"OTHER"	"NED"	"YES"	"YES"	"YES"	"BEFORE"	"NO"	"YES"	"YES"	"NO"	"WHITE"	""	""	""	""	""	""	""	""	"False"	71.75068493	"OTHER"	""	NA	"ASCProject_0223_SALIVA"	71.75068493	"Musculoskeletal"
"RP-1447_ASCProject_0225_SALIVA_v1_Exome_OnPrem"	"ASCProject_0225_SALIVA"	"Normal"	"ASCProject_0225"	"DNA"	""	"ASCProject_0225_SALIVA"	""	""	NA	""	""	""	""	""	""	"ASCProject_0225"	"HNFS"	"No Mets"	"HNFS"	"Scalp"	"No Mets"	"No Mets"	NA	3	"63"	"M"	"HNFS"	"SCALP"	0	"NO"	1	0	""	""	""	""	""	""	""	""	"NO METS"	"NO METS"	"783"	"HNFS"	0	0	"225"	"DIAGNOSED"	62.85753425	"SCALP"	"HEADFACENECK,SCALP"	"HEADFACENECK,SCALP"	"YES"	"NO"	"YES"	"AFTER"	"YES"	"NO"	"NO"	"NO"	"WHITE"	""	""	""	""	""	""	""	""	"True"	63	"HNFS"	"Non-RAAS/LAAS"	0	"ASCProject_0225_SALIVA"	63	"HNFS"
"RP-1447_ASCProject_0226_SALIVA_v1_Exome_OnPrem"	"ASCProject_0226_SALIVA"	"Normal"	"ASCProject_0226"	"DNA"	""	"ASCProject_0226_SALIVA"	""	""	NA	""	""	""	""	""	""	"ASCProject_0226"	"Missing or Unknown"	""	""	""	""	""	NA	9	"NOT FOUND IN RECORD"	"F"	"NOT FOUND IN RECORD"	"NOT FOUND IN RECORD"	NA	"NOT FOUND IN RECORD"	NA	NA	"NOT FOUND IN RECORD"	"NOT FOUND IN RECORD"	"NOT FOUND IN RECORD"	"NOT FOUND IN RECORD"	"NOT FOUND IN RECORD"	"NOT FOUND IN RECORD"	"NOT FOUND IN RECORD"	"NOT FOUND IN RECORD"	"NOT FOUND IN RECORD"	"NOT FOUND IN RECORD"	"NOT FOUND IN RECORD"	""	NA	NA	"226"	"DIAGNOSED"	44.89315068	"LUNG,ABDOMINAL"	"LUNG,ABDOMINAL"	"LUNG,ABDOMINAL"	"YES"	"NO"	"YES"	"AFTER"	"YES"	"NO"	"NO"	"NO"	"WHITE"	""	""	""	""	""	""	""	""	"True"	NA	""	""	NA	"ASCProject_0226_SALIVA"	NA	"Missing or Unknown"
"RP-1447_ASCProject_0235_BLOOD_BC_v1_Exome_OnPrem"	"ASCProject_0235_BLOOD_BC"	"Normal"	"ASCProject_0235"	"DNA"	""	"ASCProject_0235_BLOOD_BC"	""	""	NA	""	""	""	""	""	""	"ASCProject_0235"	"Extremities"	"Lung"	"Lower Extremity"	"Thigh"	"Lung"	"Lung"	NA	12	"29"	"F"	"EXTREMITY"	"RIGHT THIGH"	0	"NO"	0	0	""	""	""	""	""	""	""	"593"	"LUNG"	"LUNG"	"1738"	"EXTREMITY"	0	1	"235"	"DIAGNOSED"	29.94794521	"BONELIMB,OTHER"	"LUNG,BONELIMB"	"LUNG"	"YES"	"YES"	"YES"	"BEFORE"	"YES"	"NO"	"NO"	"YES"	"WHITE"	""	""	""	""	""	""	""	""	"True"	29	"BONELIMB"	"Non-RAAS/LAAS"	1	"ASCProject_0235_BLOOD_BC"	29	"Extremities"
"RP-1447_ASCProject_0237_SALIVA_v1_Exome_OnPrem"	"ASCProject_0237_SALIVA"	"Normal"	"ASCProject_0237"	"DNA"	""	"ASCProject_0237_SALIVA"	""	""	NA	""	""	""	""	""	""	"ASCProject_0237"	"Breast (Cutaneous)"	"No Mets"	"Breast (Cutaneous)"	"Breast Skin"	"No Mets"	"No Mets"	NA	12	"71"	"F"	"BREAST (CUTANEOUS)"	"RIGHT BREAST SKIN"	1	"NO"	1	1	"RIGHT BREAST"	"141"	""	""	""	""	""	""	"NO METS"	"NO METS"	"674"	"BREAST (CUTANEOUS)"	0	0	"237"	"DIAGNOSED"	71.72876712	"BREAST"	"BREAST"	"BREAST"	"NO"	""	"NO"	""	"YES"	"YES"	"YES"	""	"WHITE"	""	""	""	""	""	""	""	""	"True"	71	"BREAST (CUTANEOUS)"	"RAAS"	0	"ASCProject_0237_SALIVA"	71	"Breast (Cutaneous)"
"RP-1447_ASCProject_0241_SALIVA_v1_Exome_OnPrem"	"ASCProject_0241_SALIVA"	"Normal"	"ASCProject_0241"	"DNA"	""	"ASCProject_0241_SALIVA"	""	""	NA	""	""	""	""	""	""	"ASCProject_0241"	"Hepatobiliary"	"No Mets"	"Liver"	"Liver"	"No Mets"	"No Mets"	NA	12	"55"	"M"	"VISCERAL ORGAN"	"LIVER"	0	"NO"	0	0	""	""	""	""	""	""	""	""	"NO METS"	"NO METS"	"5"	"LIVER"	0	0	"241"	"DIAGNOSED"	50.91232877	"LIVER"	"LIVER"	"LIVER"	"NO"	""	"NO"	""	"YES"	"NO"	"NO"	"NO"	"WHITE"	""	""	""	""	""	""	""	""	"True"	55	"LIVER"	"Non-RAAS/LAAS"	0	"ASCProject_0241_SALIVA"	55	"Hepatobiliary"
"RP-1447_ASCProject_0243_SALIVA_v1_Exome_OnPrem"	"ASCProject_0243_SALIVA"	"Normal"	"ASCProject_0243"	"DNA"	""	"ASCProject_0243_SALIVA"	""	""	NA	""	""	""	""	""	""	"ASCProject_0243"	"Hepatobiliary"	"Bone, Spleen, Distant Lymph Node"	"Liver"	"Liver"	"Bone, Spleen, Distant Lymph Node"	"Bone, Spleen, Distant Lymph Node"	NA	12	"51"	"F"	"LIVER"	"LIVER"	0	"NO"	0	0	""	""	""	""	""	""	""	"0"	"BONE, SPLEEN, DISTANT LYMPH NODE"	"BONE, SPLEEN, DISTANT LYMPH NODE"	"70"	"LIVER"	0	1	"243"	"DIAGNOSED"	51.65205479	"LIVER,SPLEEN,BONELIMB"	"LIVER,SPLEEN,BONELIMB"	"LIVER,SPLEEN,BONELIMB"	"NO"	""	"NO"	""	"NO"	"NO"	"NO"	"NO"	"WHITE"	""	""	""	""	""	""	""	""	"True"	51	"LIVER"	"Non-RAAS/LAAS"	3	"ASCProject_0243_SALIVA"	51	"Hepatobiliary"
"RP-1447_ASCProject_0247_SALIVA_v1_Exome_OnPrem"	"ASCProject_0247_SALIVA"	"Normal"	"ASCProject_0247"	"DNA"	""	"ASCProject_0247_SALIVA"	""	""	NA	""	""	""	""	""	""	"ASCProject_0247"	"Breast (Parenchymal)"	"Extremities, Trunk,  Other Soft Tissues"	"Breast (Parenchymal)"	"Breast"	"Upper Extremity, Thorax and Trunk"	"Upper Extremity, Thorax and Trunk"	NA	6	"66"	"F"	"BREAST (PARENCHYMAL)"	"RIGHT BREAST"	0	"NO"	0	0	""	""	""	""	""	""	""	"1698"	"EXTREMITY, TRUNK"	"EXTREMITY, TRUNK, SKIN"	"3118"	"BREAST (PARENCHYMAL)"	0	1	"247"	"DIAGNOSED"	66.30410959	"BREAST"	"BREAST,ABDOMINAL,OTHER"	"NED"	"YES"	"YES"	"YES"	"AFTER"	"NO"	"NO"	"NO"	"NO"	"WHITE"	""	""	""	""	""	""	""	""	"True"	66	"BREAST (PARENCHYMAL)"	"Non-RAAS/LAAS"	3	"ASCProject_0247_SALIVA"	66	"Breast (Parenchymal)"
"RP-1447_ASCProject_0247_T1_v1_Exome_OnPrem"	"ASCProject_0247_T1"	"Tumor"	"ASCProject_0247"	"DNA"	"T1"	"ASCProject_0247_T1"	""	""	9	"BREAST"	"Excision"	"YES"	"NO"	"NO"	"LOW"	"ASCProject_0247"	"Breast (Parenchymal)"	"Extremities, Trunk,  Other Soft Tissues"	"Breast (Parenchymal)"	"Breast"	"Upper Extremity, Thorax and Trunk"	"Upper Extremity, Thorax and Trunk"	NA	6	"66"	"F"	"BREAST (PARENCHYMAL)"	"RIGHT BREAST"	0	"NO"	0	0	""	""	""	""	""	""	""	"1698"	"EXTREMITY, TRUNK"	"EXTREMITY, TRUNK, SKIN"	"3118"	"BREAST (PARENCHYMAL)"	0	1	"247"	"DIAGNOSED"	66.30410959	"BREAST"	"BREAST,ABDOMINAL,OTHER"	"NED"	"YES"	"YES"	"YES"	"AFTER"	"NO"	"NO"	"NO"	"NO"	"WHITE"	""	""	""	""	""	""	""	""	"True"	66	"BREAST (PARENCHYMAL)"	"Non-RAAS/LAAS"	3	"ASCProject_0247_T1"	66	"Breast (Parenchymal)"
"RP-1447_ASCProject_0252_SALIVA_v1_Exome_OnPrem"	"ASCProject_0252_SALIVA"	"Normal"	"ASCProject_0252"	"DNA"	""	"ASCProject_0252_SALIVA"	""	""	NA	""	""	""	""	""	""	"ASCProject_0252"	"Musculoskeletal"	"Liver"	"Bone"	"Bone"	"Liver"	"Liver"	NA	9	"53"	"F"	"OTHER (BONE)"	"L1 VERTEBRAE "	0	"NO"	0	0	""	""	""	""	""	""	""	"280"	"LIVER"	"LIVER"	"912"	"BONE"	0	1	"252"	"DIAGNOSED"	53.02191781	"BONELIMB"	"BONELIMB"	"BONELIMB"	"NO"	""	"NO"	""	"YES"	"NO"	"NO"	"NO"	"WHITE"	""	""	""	""	""	""	""	""	"True"	53	"BONELIMB"	"Non-RAAS/LAAS"	1	"ASCProject_0252_SALIVA"	53	"Musculoskeletal"
"RP-1447_ASCProject_0257_SALIVA_v1_Exome_OnPrem"	"ASCProject_0257_SALIVA"	"Normal"	"ASCProject_0257"	"DNA"	""	"ASCProject_0257_SALIVA"	""	""	NA	""	""	""	""	""	""	"ASCProject_0257"	"Heart"	"Lung"	"Heart"	"Atrium"	"Lung"	"Lung"	NA	9	"75"	"F"	"CARDIAC"	"RIGHT ATRIUM"	0	"NO"	0	0	""	""	""	""	""	""	""	"35"	"LUNG"	"LUNG"	"817"	"CARDIAC"	0	1	"257"	"DIAGNOSED"	75.50410959	"HEART"	"HEART"	"HEART"	"YES"	"NO"	"YES"	"AFTER"	"NO"	"NO"	"NO"	"NO"	"WHITE"	""	""	""	""	""	""	""	""	"True"	75	"HEART"	"Non-RAAS/LAAS"	1	"ASCProject_0257_SALIVA"	75	"Heart"
"RP-1447_ASCProject_0258_SALIVA_v1_Exome_OnPrem"	"ASCProject_0258_SALIVA"	"Normal"	"ASCProject_0258"	"DNA"	""	"ASCProject_0258_SALIVA"	""	""	NA	""	""	""	""	""	""	"ASCProject_0258"	"Breast (Parenchymal)"	"No Mets"	"Breast (Parenchymal)"	"Breast"	"No Mets"	"No Mets"	NA	3	"48"	"F"	"BREAST (PARENCHYMAL)"	"RIGHT BREAST"	0	"NO"	0	0	""	""	""	""	""	""	""	""	"NO METS"	"NO METS"	"681"	"BREAST (PARENCHYMAL)"	0	0	"258"	"DIAGNOSED"	48.81643836	"BREAST"	"BREAST"	"OTHER"	"YES"	"YES"	"NO"	""	"YES"	"NO"	"NO"	"NO"	"WHITE"	""	""	""	""	""	""	""	""	"True"	48	"BREAST (PARENCHYMAL)"	"Non-RAAS/LAAS"	0	"ASCProject_0258_SALIVA"	48	"Breast (Parenchymal)"
"RP-1447_ASCProject_0258_T1_v1_Exome_OnPrem"	"ASCProject_0258_T1"	"Tumor"	"ASCProject_0258"	"DNA"	"T1"	"ASCProject_0258_T1"	""	""	17	"BREAST"	"Excision"	"YES"	"YES"	"YES"	"HIGH"	"ASCProject_0258"	"Breast (Parenchymal)"	"No Mets"	"Breast (Parenchymal)"	"Breast"	"No Mets"	"No Mets"	NA	3	"48"	"F"	"BREAST (PARENCHYMAL)"	"RIGHT BREAST"	0	"NO"	0	0	""	""	""	""	""	""	""	""	"NO METS"	"NO METS"	"681"	"BREAST (PARENCHYMAL)"	0	0	"258"	"DIAGNOSED"	48.81643836	"BREAST"	"BREAST"	"OTHER"	"YES"	"YES"	"NO"	""	"YES"	"NO"	"NO"	"NO"	"WHITE"	""	""	""	""	""	""	""	""	"True"	48	"BREAST (PARENCHYMAL)"	"Non-RAAS/LAAS"	0	"ASCProject_0258_T1"	48	"Breast (Parenchymal)"
"RP-1447_ASCProject_0259_SALIVA_v1_Exome_OnPrem"	"ASCProject_0259_SALIVA"	"Normal"	"ASCProject_0259"	"DNA"	""	"ASCProject_0259_SALIVA"	""	""	NA	""	""	""	""	""	""	"ASCProject_0259"	"Hepatobiliary"	"Not Extracted"	"Liver"	""	""	""	NA	NA	""	""	""	""	NA	""	NA	NA	""	""	""	""	""	""	""	""	""	""	""	""	NA	NA	"259"	"DIAGNOSED"	76.05205479	"LIVER,LYMPH"	"LIVER,LYMPH"	"LIVER,LYMPH"	"NO"	""	"NO"	""	"YES"	"NO"	"NO"	"NO"	"WHITE"	""	""	""	""	""	""	""	""	"False"	76.05205479	""	""	NA	"ASCProject_0259_SALIVA"	76.05205479	"Hepatobiliary"
"RP-1447_ASCProject_0261_SALIVA_v2_Exome_OnPrem"	"ASCProject_0261_SALIVA"	"Normal"	"ASCProject_0261"	"DNA"	""	"ASCProject_0261_SALIVA"	""	""	NA	""	""	""	""	""	""	"ASCProject_0261"	"Hepatobiliary"	"Bone, Liver, Lung"	"Spleen"	"Spleen"	"Bone, Liver"	"Bone, Liver, Lung"	NA	5	"62"	"M"	"SPLEEN"	"SPLEEN"	0	"NO"	0	1	"OTHER (LUQ ABDOMEN) , SPLEEN"	"83"	"727"	""	""	""	""	"0"	"BONE, LIVER"	"BONE, LIVER, OTHER(DIAPHRAGM)"	"729"	"SPLEEN"	0	1	"261"	"DIAGNOSED"	62.86575342	"SPLEEN"	"SPLEEN,ABDOMINAL"	"ABDOMINAL"	"YES"	"YES"	"NO"	""	"YES"	"YES"	"NO"	"NO"	"WHITE"	""	""	""	""	""	""	""	""	"True"	62	"SPLEEN"	"Non-RAAS/LAAS"	3	"ASCProject_0261_SALIVA"	62	"Hepatobiliary"
"RP-1447_ASCProject_0261_T1_v1_Exome_OnPrem"	"ASCProject_0261_T1"	"Tumor"	"ASCProject_0261"	"DNA"	"T1"	"ASCProject_0261_T1"	""	""	0	"SPLEEN"	"SPLENECTOMY"	"NO"	"YES"	"NO"	"HIGH"	"ASCProject_0261"	"Hepatobiliary"	"Bone, Liver, Lung"	"Spleen"	"Spleen"	"Bone, Liver"	"Bone, Liver, Lung"	NA	5	"62"	"M"	"SPLEEN"	"SPLEEN"	0	"NO"	0	1	"OTHER (LUQ ABDOMEN) , SPLEEN"	"83"	"727"	""	""	""	""	"0"	"BONE, LIVER"	"BONE, LIVER, OTHER(DIAPHRAGM)"	"729"	"SPLEEN"	0	1	"261"	"DIAGNOSED"	62.86575342	"SPLEEN"	"SPLEEN,ABDOMINAL"	"ABDOMINAL"	"YES"	"YES"	"NO"	""	"YES"	"YES"	"NO"	"NO"	"WHITE"	""	""	""	""	""	""	""	""	"True"	62	"SPLEEN"	"Non-RAAS/LAAS"	3	"ASCProject_0261_T1"	62	"Hepatobiliary"
"RP-1447_ASCProject_0264_BLOOD_BC_v1_Exome_OnPrem"	"ASCProject_0264_BLOOD_BC"	"Normal"	"ASCProject_0264"	"DNA"	""	"ASCProject_0264_BLOOD_BC"	""	""	NA	""	""	""	""	""	""	"ASCProject_0264"	"Heart"	"Liver, Spleen, Bone, Brain"	"Heart"	"Lung"	"Brain"	"Liver, Spleen, Bone, Brain"	NA	9	"56"	"M"	"CARDIAC"	"LUNG"	0	"NO"	0	0	""	""	""	""	""	""	""	"-23"	"BRAIN "	"LIVER, SPLEEN, BONE, BRAIN, SKIN"	"342"	"CARDIAC"	0	1	"264"	"DIAGNOSED"	56.68767123	"HEART,LIVER,SPLEEN,LUNG,BRAIN"	"HEART,LIVER,SPLEEN,LUNG,BRAIN"	"LUNG,BRAIN"	"NO"	""	"YES"	""	"YES"	"NO"	"NO"	"NO"	"WHITE"	""	""	""	""	""	""	""	""	"True"	56	"HEART"	"Non-RAAS/LAAS"	5	"ASCProject_0264_BLOOD_BC"	56	"Heart"
"RP-1447_ASCProject_0266_SALIVA_v1_Exome_OnPrem"	"ASCProject_0266_SALIVA"	"Normal"	"ASCProject_0266"	"DNA"	""	"ASCProject_0266_SALIVA"	""	""	NA	""	""	""	""	""	""	"ASCProject_0266"	"Extremities"	"Not Extracted"	"Lower Extremity"	""	""	""	NA	NA	""	""	""	""	NA	""	NA	NA	""	""	""	""	""	""	""	""	""	""	""	""	NA	NA	"266"	"DIAGNOSED"	37.4	"LUNG,OTHER"	"LUNG,OTHER"	"LUNG,OTHER"	"YES"	"YES"	"NO"	""	"YES"	"NO"	"NO"	"NO"	"WHITE"	""	""	""	""	""	""	""	""	"False"	37.4	""	""	NA	"ASCProject_0266_SALIVA"	37.4	"Extremities"
"RP-1447_ASCProject_0267_SALIVA_v1_Exome_OnPrem"	"ASCProject_0267_SALIVA"	"Normal"	"ASCProject_0267"	"DNA"	""	"ASCProject_0267_SALIVA"	""	""	NA	""	""	""	""	""	""	"ASCProject_0267"	"Breast (Parenchymal)"	"No Mets"	"Breast (Parenchymal)"	"Breast"	"No Mets"	"No Mets"	NA	12	"35"	"F"	"BREAST (PARENCHYMAL)"	"LEFT BREAST"	0	"NO"	0	0	""	""	""	""	""	""	""	""	"NO METS"	"NO METS"	"109"	"BREAST (PARENCHYMAL)"	0	0	"267"	"DIAGNOSED"	35	"BREAST"	"BREAST"	"BREAST"	"NO"	""	"NO"	""	"YES"	"NO"	"NO"	"NO"	"WHITE"	""	""	""	""	""	""	""	""	"True"	35	"BREAST (PARENCHYMAL)"	"Non-RAAS/LAAS"	0	"ASCProject_0267_SALIVA"	35	"Breast (Parenchymal)"
"RP-1447_ASCProject_0268_SALIVA_v1_Exome_OnPrem"	"ASCProject_0268_SALIVA"	"Normal"	"ASCProject_0268"	"DNA"	""	"ASCProject_0268_SALIVA"	""	""	NA	""	""	""	""	""	""	"ASCProject_0268"	"Breast (Cutaneous)"	"No Mets"	"Breast (Cutaneous)"	"Breast"	"No Mets"	"No Mets"	NA	9	"47"	"F"	"BREAST (CUTANEOUS)"	"RIGHT BREAST"	1	"NO"	1	0	""	""	""	""	""	""	""	""	"NO METS"	"NO METS"	"358"	"BREAST (CUTANEOUS)"	0	0	"268"	"DIAGNOSED"	46.79178082	"BREAST"	"BREAST"	"NED"	"YES"	"YES"	"NO"	""	"NO"	"YES"	"YES"	"NO"	"WHITE"	""	""	""	""	""	""	""	""	"True"	47	"BREAST (CUTANEOUS)"	"RAAS"	0	"ASCProject_0268_SALIVA"	47	"Breast (Cutaneous)"
"RP-1447_ASCProject_0270_BLOOD_BC_v1_Exome_OnPrem"	"ASCProject_0270_BLOOD_BC"	"Normal"	"ASCProject_0270"	"DNA"	""	"ASCProject_0270_BLOOD_BC"	""	""	NA	""	""	""	""	""	""	"ASCProject_0270"	"Heart"	"Liver, Bone"	"Heart"	"Liver"	"Liver"	"Liver, Bone"	NA	12	"45"	"F"	"CARDIAC"	"LIVER"	0	"NO"	0	NA	""	""	""	""	""	""	""	"0"	"LIVER"	"LIVER, BONE"	"358"	"CARDIAC"	0	1	"270"	"DIAGNOSED"	45.89041096	"HEART,LIVER,BONELIMB"	"HEART,LIVER,BONELIMB,OTHER"	"HEART,LIVER,BONELIMB,OTHER"	"NO"	""	"NO"	""	"YES"	"NO"	"NO"	"NO"	"WHITE"	""	""	""	""	""	""	""	""	"True"	45	"HEART"	"Non-RAAS/LAAS"	2	"ASCProject_0270_BLOOD_BC"	45	"Heart"
"RP-1447_ASCProject_0275_SALIVA_v1_Exome_OnPrem"	"ASCProject_0275_SALIVA"	"Normal"	"ASCProject_0275"	"DNA"	""	"ASCProject_0275_SALIVA"	""	""	NA	""	""	""	""	""	""	"ASCProject_0275"	"Breast (Parenchymal)"	"No Mets"	"Breast (Parenchymal)"	"Breast"	"No Mets"	"No Mets"	NA	9	"27"	"F"	"BREAST (PARENCHYMAL)"	"LEFT BREAST"	0	"NO"	0	0	""	""	""	""	""	""	""	""	"NO METS"	"NO METS"	"457"	"BREAST (PARENCHYMAL)"	0	0	"275"	"DIAGNOSED"	27.09315068	"BREAST"	"BREAST"	"DK"	"YES"	"YES"	"YES"	"AFTER"	"YES"	"NO"	"NO"	"NO"	"WHITE"	""	""	""	""	""	""	""	""	"True"	27	"BREAST (PARENCHYMAL)"	"Non-RAAS/LAAS"	0	"ASCProject_0275_SALIVA"	27	"Breast (Parenchymal)"
"RP-1447_ASCProject_0277_SALIVA_v3_Exome_OnPrem"	"ASCProject_0277_SALIVA"	"Normal"	"ASCProject_0277"	"DNA"	""	"ASCProject_0277_SALIVA"	""	""	NA	""	""	""	""	""	""	"ASCProject_0277"	"HNFS"	"No Mets"	"HNFS"	"Face"	"No Mets"	"No Mets"	NA	2	"58"	"M"	"HNFS"	"LEFT CHEEK"	0	"NO"	1	0	""	""	""	""	""	""	""	""	"NO METS"	"NO METS"	"2147"	"HNFS"	0	0	"277"	"DIAGNOSED"	58.88493151	"HEADFACENECK"	"HEADFACENECK"	"NED"	"YES"	"YES"	"YES"	"AFTER"	"NO"	"NO"	"NO"	"NO"	"WHITE"	""	""	""	""	""	""	""	""	"True"	58	"HNFS"	"Non-RAAS/LAAS"	0	"ASCProject_0277_SALIVA"	58	"HNFS"
"RP-1447_ASCProject_0277_T1_v3_Exome_OnPrem"	"ASCProject_0277_T1"	"Tumor"	"ASCProject_0277"	"DNA"	"T1"	"ASCProject_0277_T1"	""	""	0	"HEADFACENECKSCALP"	""	""	""	""	""	"ASCProject_0277"	"HNFS"	"No Mets"	"HNFS"	"Face"	"No Mets"	"No Mets"	NA	2	"58"	"M"	"HNFS"	"LEFT CHEEK"	0	"NO"	1	0	""	""	""	""	""	""	""	""	"NO METS"	"NO METS"	"2147"	"HNFS"	0	0	"277"	"DIAGNOSED"	58.88493151	"HEADFACENECK"	"HEADFACENECK"	"NED"	"YES"	"YES"	"YES"	"AFTER"	"NO"	"NO"	"NO"	"NO"	"WHITE"	""	""	""	""	""	""	""	""	"True"	58	"HNFS"	"Non-RAAS/LAAS"	0	"ASCProject_0277_T1"	58	"HNFS"
"RP-1447_ASCProject_0277_T2_v2_Exome_OnPrem"	"ASCProject_0277_T2"	"Tumor"	"ASCProject_0277"	"DNA"	"T2"	"ASCProject_0277_T2"	""	""	21	"HEADFACENECKSCALP"	"PUNCH BIOPSY "	"YES"	"YES (FOCAL)"	"NO"	"HIGH"	"ASCProject_0277"	"HNFS"	"No Mets"	"HNFS"	"Face"	"No Mets"	"No Mets"	NA	2	"58"	"M"	"HNFS"	"LEFT CHEEK"	0	"NO"	1	0	""	""	""	""	""	""	""	""	"NO METS"	"NO METS"	"2147"	"HNFS"	0	0	"277"	"DIAGNOSED"	58.88493151	"HEADFACENECK"	"HEADFACENECK"	"NED"	"YES"	"YES"	"YES"	"AFTER"	"NO"	"NO"	"NO"	"NO"	"WHITE"	""	""	""	""	""	""	""	""	"True"	58	"HNFS"	"Non-RAAS/LAAS"	0	"ASCProject_0277_T2"	58	"HNFS"
"RP-1447_ASCProject_0278_SALIVA_v1_Exome_OnPrem"	"ASCProject_0278_SALIVA"	"Normal"	"ASCProject_0278"	"DNA"	""	"ASCProject_0278_SALIVA"	""	""	NA	""	""	""	""	""	""	"ASCProject_0278"	"Breast (NOS)"	"Not Extracted"	"Breast (NOS)"	""	""	""	NA	NA	""	""	""	""	NA	""	NA	NA	""	""	""	""	""	""	""	""	""	""	""	""	NA	NA	"278"	"DIAGNOSED"	74.90684932	"BREAST"	"BREAST"	"NED"	"YES"	"NO"	"NO"	""	"YES"	"YES"	"YES"	"NO"	"WHITE"	""	""	""	""	""	""	""	""	"False"	74.90684932	"BREAST (NOS)"	""	NA	"ASCProject_0278_SALIVA"	74.90684932	"Breast (NOS)"
"RP-1447_ASCProject_0285_SALIVA_v1_Exome_OnPrem"	"ASCProject_0285_SALIVA"	"Normal"	"ASCProject_0285"	"DNA"	""	"ASCProject_0285_SALIVA"	""	""	NA	""	""	""	""	""	""	"ASCProject_0285"	"Breast (NOS)"	"Not Extracted"	"Breast (NOS)"	""	""	""	NA	NA	""	""	""	""	NA	""	NA	NA	""	""	""	""	""	""	""	""	""	""	""	""	NA	NA	"285"	"DIAGNOSED"	59.85479452	"BREAST"	"BREAST"	"NED"	"YES"	"YES"	"NO"	""	"NO"	"NO"	"NO"	"NO"	"JAPANESE,WHITE"	""	""	""	""	""	""	""	""	"False"	59.85479452	"BREAST (NOS)"	""	NA	"ASCProject_0285_SALIVA"	59.85479452	"Breast (NOS)"
"RP-1447_ASCProject_0288_SALIVA_v1_Exome_OnPrem"	"ASCProject_0288_SALIVA"	"Normal"	"ASCProject_0288"	"DNA"	""	"ASCProject_0288_SALIVA"	""	""	NA	""	""	""	""	""	""	"ASCProject_0288"	"Other Rare Sites"	"Not Extracted"	"Nerve"	""	""	""	NA	NA	""	""	""	""	NA	""	NA	NA	""	""	""	""	""	""	""	""	""	""	""	""	NA	NA	"288"	"DIAGNOSED"	65.49315068	"LUNG,OTHER"	"LUNG,OTHER"	"LUNG,OTHER"	"NO"	""	"YES"	""	"YES"	"YES"	"YES"	"NO"	"WHITE"	""	""	""	""	""	""	""	""	"False"	65.49315068	""	""	NA	"ASCProject_0288_SALIVA"	65.49315068	"Other Rare Sites"
"RP-1447_ASCProject_0289_SALIVA_v3_Exome_OnPrem"	"ASCProject_0289_SALIVA"	"Normal"	"ASCProject_0289"	"DNA"	""	"ASCProject_0289_SALIVA"	""	""	NA	""	""	""	""	""	""	"ASCProject_0289"	"Breast (Cutaneous)"	"Trunk, Distant Lymph Node, Lung"	"Breast (Cutaneous)"	"Breast"	"Trunk"	"Trunk, Distant Lymph Node, Lung"	NA	5	"62"	"F"	"BREAST (CUTANEOUS)"	"RIGHT BREAST "	1	"NO"	1	1	"RIGHT CHEST WALL, RIGHT CHEST WALL, RIGHT CHEST WALL, RIGHT CHEST WALL"	"1838"	"1917"	"1982"	"2127"	""	""	"2154"	"TRUNK"	"TRUNK, DISTANT LYMPH NODE, LUNG "	"2575"	"BREAST (CUTANEOUS)"	0	1	"289"	"DIAGNOSED"	60.61917808	"BREAST"	"BREAST,LYMPH"	"BREAST,LUNG,NED"	"YES"	"NO"	"NO"	""	"YES"	"YES"	"NO"	"NO"	"AMERICAN_INDIAN,BLACK,WHITE,OTHER"	""	""	""	""	""	""	""	""	"True"	62	"BREAST (CUTANEOUS)"	"RAAS"	3	"ASCProject_0289_SALIVA"	62	"Breast (Cutaneous)"
"RP-1447_ASCProject_0289_T1_v3_Exome_OnPrem"	"ASCProject_0289_T1"	"Tumor"	"ASCProject_0289"	"DNA"	"T1"	"ASCProject_0289_T1"	""	""	1838	"CHEST"	"EXCISION"	"YES"	"YES"	"NO"	"HIGH"	"ASCProject_0289"	"Breast (Cutaneous)"	"Trunk, Distant Lymph Node, Lung"	"Breast (Cutaneous)"	"Breast"	"Trunk"	"Trunk, Distant Lymph Node, Lung"	NA	5	"62"	"F"	"BREAST (CUTANEOUS)"	"RIGHT BREAST "	1	"NO"	1	1	"RIGHT CHEST WALL, RIGHT CHEST WALL, RIGHT CHEST WALL, RIGHT CHEST WALL"	"1838"	"1917"	"1982"	"2127"	""	""	"2154"	"TRUNK"	"TRUNK, DISTANT LYMPH NODE, LUNG "	"2575"	"BREAST (CUTANEOUS)"	0	1	"289"	"DIAGNOSED"	60.61917808	"BREAST"	"BREAST,LYMPH"	"BREAST,LUNG,NED"	"YES"	"NO"	"NO"	""	"YES"	"YES"	"NO"	"NO"	"AMERICAN_INDIAN,BLACK,WHITE,OTHER"	""	""	""	""	""	""	""	""	"True"	62	"BREAST (CUTANEOUS)"	"RAAS"	3	"ASCProject_0289_T1"	62	"Breast (Cutaneous)"
"RP-1447_ASCProject_0289_T2_v3_Exome_OnPrem"	"ASCProject_0289_T2"	"Tumor"	"ASCProject_0289"	"DNA"	"T2"	"ASCProject_0289_T2"	""	""	1950	"CHEST"	"EXCISION"	"YES"	"YES"	"NO"	"HIGH"	"ASCProject_0289"	"Breast (Cutaneous)"	"Trunk, Distant Lymph Node, Lung"	"Breast (Cutaneous)"	"Breast"	"Trunk"	"Trunk, Distant Lymph Node, Lung"	NA	5	"62"	"F"	"BREAST (CUTANEOUS)"	"RIGHT BREAST "	1	"NO"	1	1	"RIGHT CHEST WALL, RIGHT CHEST WALL, RIGHT CHEST WALL, RIGHT CHEST WALL"	"1838"	"1917"	"1982"	"2127"	""	""	"2154"	"TRUNK"	"TRUNK, DISTANT LYMPH NODE, LUNG "	"2575"	"BREAST (CUTANEOUS)"	0	1	"289"	"DIAGNOSED"	60.61917808	"BREAST"	"BREAST,LYMPH"	"BREAST,LUNG,NED"	"YES"	"NO"	"NO"	""	"YES"	"YES"	"NO"	"NO"	"AMERICAN_INDIAN,BLACK,WHITE,OTHER"	""	""	""	""	""	""	""	""	"True"	62	"BREAST (CUTANEOUS)"	"RAAS"	3	"ASCProject_0289_T2"	62	"Breast (Cutaneous)"
"RP-1447_ASCProject_0289_T3_v3_Exome_OnPrem"	"ASCProject_0289_T3"	"Tumor"	"ASCProject_0289"	"DNA"	"T3"	"ASCProject_0289_T3"	""	""	2154	"CHEST"	"RESECTION"	"YES"	"YES"	"NO"	"HIGH"	"ASCProject_0289"	"Breast (Cutaneous)"	"Trunk, Distant Lymph Node, Lung"	"Breast (Cutaneous)"	"Breast"	"Trunk"	"Trunk, Distant Lymph Node, Lung"	NA	5	"62"	"F"	"BREAST (CUTANEOUS)"	"RIGHT BREAST "	1	"NO"	1	1	"RIGHT CHEST WALL, RIGHT CHEST WALL, RIGHT CHEST WALL, RIGHT CHEST WALL"	"1838"	"1917"	"1982"	"2127"	""	""	"2154"	"TRUNK"	"TRUNK, DISTANT LYMPH NODE, LUNG "	"2575"	"BREAST (CUTANEOUS)"	0	1	"289"	"DIAGNOSED"	60.61917808	"BREAST"	"BREAST,LYMPH"	"BREAST,LUNG,NED"	"YES"	"NO"	"NO"	""	"YES"	"YES"	"NO"	"NO"	"AMERICAN_INDIAN,BLACK,WHITE,OTHER"	""	""	""	""	""	""	""	""	"True"	62	"BREAST (CUTANEOUS)"	"RAAS"	3	"ASCProject_0289_T3"	62	"Breast (Cutaneous)"
"RP-1447_ASCProject_0290_SALIVA_v2_Exome_OnPrem"	"ASCProject_0290_SALIVA"	"Normal"	"ASCProject_0290"	"DNA"	""	"ASCProject_0290_SALIVA"	""	""	NA	""	""	""	""	""	""	"ASCProject_0290"	"Hepatobiliary"	"Liver"	"Spleen"	"Spleen"	"Liver"	"Liver"	NA	4	"37"	"F"	"SPLEEN"	"SPLEEN"	0	"NO"	0	0	""	""	""	""	""	""	""	"392"	"LIVER"	"LIVER"	"1311"	"SPLEEN"	0	1	"290"	"DIAGNOSED"	37.44657534	"SPLEEN"	"LIVER,SPLEEN"	"LIVER"	"YES"	"YES"	"YES"	"AFTER"	"NO"	"NO"	"NO"	"NO"	"WHITE"	""	""	""	""	""	""	""	""	"True"	37	"SPLEEN"	"Non-RAAS/LAAS"	1	"ASCProject_0290_SALIVA"	37	"Hepatobiliary"
"RP-1447_ASCProject_0290_T1_v4_Exome_OnPrem"	"ASCProject_0290_T1"	"Tumor"	"ASCProject_0290"	"DNA"	"T1"	"ASCProject_0290_T1"	""	""	0	"SPLEEN"	"SPLENECTOMY"	"YES (FOCAL)"	"NO"	"YES"	"HIGH"	"ASCProject_0290"	"Hepatobiliary"	"Liver"	"Spleen"	"Spleen"	"Liver"	"Liver"	NA	4	"37"	"F"	"SPLEEN"	"SPLEEN"	0	"NO"	0	0	""	""	""	""	""	""	""	"392"	"LIVER"	"LIVER"	"1311"	"SPLEEN"	0	1	"290"	"DIAGNOSED"	37.44657534	"SPLEEN"	"LIVER,SPLEEN"	"LIVER"	"YES"	"YES"	"YES"	"AFTER"	"NO"	"NO"	"NO"	"NO"	"WHITE"	""	""	""	""	""	""	""	""	"True"	37	"SPLEEN"	"Non-RAAS/LAAS"	1	"ASCProject_0290_T1"	37	"Hepatobiliary"
"RP-1447_ASCProject_0293_BLOOD_BC_v1_Exome_OnPrem"	"ASCProject_0293_BLOOD_BC"	"Normal"	"ASCProject_0293"	"DNA"	""	"ASCProject_0293_BLOOD_BC"	""	""	NA	""	""	""	""	""	""	"ASCProject_0293"	"Hepatobiliary"	"Lung"	"Liver"	"Liver"	"Lung"	"Lung"	NA	7	"3"	"F"	"VISCERAL ORGAN"	"LIVER"	0	"NO"	0	1	"VISCERAL ORGAN"	"197"	""	""	""	""	""	"197"	"LUNG"	"LUNG"	"374"	"LIVER"	0	1	"293"	"DIAGNOSED"	2.539726027	"LIVER"	"LIVER"	"LIVER"	"NO"	""	"NO"	""	"YES"	"NO"	"NO"	"NO"	"WHITE"	""	""	""	""	""	""	""	""	"True"	3	"LIVER"	"Non-RAAS/LAAS"	1	"ASCProject_0293_BLOOD_BC"	3	"Hepatobiliary"
"RP-1447_ASCProject_0293_BLOOD_P_v1_Exome_OnPrem"	"ASCProject_0293_BLOOD_P"	"Tumor"	"ASCProject_0293"	"DNA"	"BLOOD"	"ASCProject_0293_BLOOD_P"	""	""	163	"BLOOD BIOPSY"	"BLOOD BIOPSY"	""	""	""	""	"ASCProject_0293"	"Hepatobiliary"	"Lung"	"Liver"	"Liver"	"Lung"	"Lung"	NA	7	"3"	"F"	"VISCERAL ORGAN"	"LIVER"	0	"NO"	0	1	"VISCERAL ORGAN"	"197"	""	""	""	""	""	"197"	"LUNG"	"LUNG"	"374"	"LIVER"	0	1	"293"	"DIAGNOSED"	2.539726027	"LIVER"	"LIVER"	"LIVER"	"NO"	""	"NO"	""	"YES"	"NO"	"NO"	"NO"	"WHITE"	""	""	""	""	""	""	""	""	"True"	3	"LIVER"	"Non-RAAS/LAAS"	1	"ASCProject_0293_BLOOD_P"	3	"Hepatobiliary"
"RP-1447_ASCProject_0294_BLOOD_BC_v1_Exome_OnPrem"	"ASCProject_0294_BLOOD_BC"	"Normal"	"ASCProject_0294"	"DNA"	""	"ASCProject_0294_BLOOD_BC"	""	""	NA	""	""	""	""	""	""	"ASCProject_0294"	"HNFS"	"No Mets"	"HNFS"	"Scalp"	"No Mets"	"No Mets"	NA	7	"70"	"M"	"HNFS"	"SCALP VERTEX"	0	"NO"	1	1	"HNFS"	"323"	""	""	""	""	""	""	"NO METS"	"NO METS"	"421"	"HNFS"	0	0	"294"	"DIAGNOSED"	70.66027397	"SCALP"	"SCALP"	"SCALP"	"NO"	""	"NO"	""	"YES"	"YES"	"YES"	"NO"	"AMERICAN_INDIAN,WHITE"	""	""	""	""	""	""	""	""	"True"	70	"HNFS"	"Non-RAAS/LAAS"	0	"ASCProject_0294_BLOOD_BC"	70	"HNFS"
"RP-1447_ASCProject_0294_BLOOD_P_v1_Exome_OnPrem"	"ASCProject_0294_BLOOD_P"	"Tumor"	"ASCProject_0294"	"DNA"	"BLOOD"	"ASCProject_0294_BLOOD_P"	""	""	196	"BLOOD BIOPSY"	"BLOOD BIOPSY"	""	""	""	""	"ASCProject_0294"	"HNFS"	"No Mets"	"HNFS"	"Scalp"	"No Mets"	"No Mets"	NA	7	"70"	"M"	"HNFS"	"SCALP VERTEX"	0	"NO"	1	1	"HNFS"	"323"	""	""	""	""	""	""	"NO METS"	"NO METS"	"421"	"HNFS"	0	0	"294"	"DIAGNOSED"	70.66027397	"SCALP"	"SCALP"	"SCALP"	"NO"	""	"NO"	""	"YES"	"YES"	"YES"	"NO"	"AMERICAN_INDIAN,WHITE"	""	""	""	""	""	""	""	""	"True"	70	"HNFS"	"Non-RAAS/LAAS"	0	"ASCProject_0294_BLOOD_P"	70	"HNFS"
"RP-1447_ASCProject_0299_SALIVA_v1_Exome_OnPrem"	"ASCProject_0299_SALIVA"	"Normal"	"ASCProject_0299"	"DNA"	""	"ASCProject_0299_SALIVA"	""	""	NA	""	""	""	""	""	""	"ASCProject_0299"	"Breast (NOS)"	"Not Extracted"	"Breast (NOS)"	""	""	""	NA	NA	""	""	""	""	NA	""	NA	NA	""	""	""	""	""	""	""	""	""	""	""	""	NA	NA	"299"	"DIAGNOSED"	75.72328767	"BREAST"	"BREAST,BONELIMB"	"BONELIMB"	"YES"	"YES"	"YES"	"AFTER"	"YES"	"YES"	"NO"	"NO"	"AMERICAN_INDIAN"	""	""	""	""	""	""	""	""	"False"	75.72328767	"BREAST (NOS)"	""	NA	"ASCProject_0299_SALIVA"	75.72328767	"Breast (NOS)"
"RP-1447_ASCProject_0300_BLOOD_BC_v1_Exome_OnPrem"	"ASCProject_0300_BLOOD_BC"	"Normal"	"ASCProject_0300"	"DNA"	""	"ASCProject_0300_BLOOD_BC"	""	""	NA	""	""	""	""	""	""	"ASCProject_0300"	"Heart"	"Not Extracted"	"Heart"	""	""	""	NA	NA	""	""	""	""	NA	""	NA	NA	""	""	""	""	""	""	""	""	""	""	""	""	NA	NA	"300"	"DIAGNOSED"	42.91506849	"HEART"	"HEART,LIVER"	"LIVER"	"NO"	""	"YES"	""	"YES"	"NO"	"NO"	"NO"	"BLACK"	""	""	""	""	""	""	""	""	"False"	42.91506849	"HEART"	""	NA	"ASCProject_0300_BLOOD_BC"	42.91506849	"Heart"
"RP-1447_ASCProject_0303_SALIVA_v1_Exome_OnPrem"	"ASCProject_0303_SALIVA"	"Normal"	"ASCProject_0303"	"DNA"	""	"ASCProject_0303_SALIVA"	""	""	NA	""	""	""	""	""	""	"ASCProject_0303"	"HNFS"	"Not Extracted"	"HNFS"	""	""	""	NA	NA	""	""	""	""	NA	""	NA	NA	""	""	""	""	""	""	""	""	""	""	""	""	NA	NA	"303"	"DIAGNOSED"	67.76438356	"HEADFACENECK"	"HEADFACENECK,LYMPH,BONELIMB,DK"	"NED"	"NO"	""	"YES"	""	"NO"	"YES"	"NO"	"NO"	"WHITE"	""	""	""	""	""	""	""	""	"False"	67.76438356	"HNFS"	""	NA	"ASCProject_0303_SALIVA"	67.76438356	"HNFS"
"RP-1447_ASCProject_0304_SALIVA_v1_Exome_OnPrem"	"ASCProject_0304_SALIVA"	"Normal"	"ASCProject_0304"	"DNA"	""	"ASCProject_0304_SALIVA"	""	""	NA	""	""	""	""	""	""	"ASCProject_0304"	"HNFS"	"Not Extracted"	"HNFS"	""	""	""	NA	NA	""	""	""	""	NA	""	NA	NA	""	""	""	""	""	""	""	""	""	""	""	""	NA	NA	"304"	"DIAGNOSED"	85.63561644	"SCALP"	"DK"	"SCALP"	"YES"	"YES"	"NO"	""	"YES"	"YES"	"NO"	"NO"	"WHITE"	""	""	""	""	""	""	""	""	"False"	85.63561644	"HNFS"	""	NA	"ASCProject_0304_SALIVA"	85.63561644	"HNFS"
"RP-1447_ASCProject_0305_SALIVA_v1_Exome_OnPrem"	"ASCProject_0305_SALIVA"	"Normal"	"ASCProject_0305"	"DNA"	""	"ASCProject_0305_SALIVA"	""	""	NA	""	""	""	""	""	""	"ASCProject_0305"	"Other Visceral Organs"	"Not Extracted"	"Kidney"	""	""	""	NA	NA	""	""	""	""	NA	""	NA	NA	""	""	""	""	""	""	""	""	""	""	""	""	NA	NA	"305"	"DIAGNOSED"	71	"ABDOMINAL"	"ABDOMINAL"	""	"YES"	"DK"	"NO"	""	"NO"	"NO"	"NO"	"NO"	"WHITE"	""	""	""	""	""	""	""	""	"False"	71	"VISCERAL ORGAN"	""	NA	"ASCProject_0305_SALIVA"	71	"Other Visceral Organs"
"RP-1447_ASCProject_0306_SALIVA_v1_Exome_OnPrem"	"ASCProject_0306_SALIVA"	"Normal"	"ASCProject_0306"	"DNA"	""	"ASCProject_0306_SALIVA"	""	""	NA	""	""	""	""	""	""	"ASCProject_0306"	"HNFS"	"Not Extracted"	"HNFS"	""	""	""	NA	NA	""	""	""	""	NA	""	NA	NA	""	""	""	""	""	""	""	""	""	""	""	""	NA	NA	"306"	"DIAGNOSED"	50.31506849	"HEADFACENECK"	"HEADFACENECK"	"NED"	"YES"	"YES"	"YES"	"BEFORE"	"NO"	"NO"	"NO"	"NO"	"WHITE"	""	""	""	""	""	""	""	""	"False"	50.31506849	"HNFS"	""	NA	"ASCProject_0306_SALIVA"	50.31506849	"HNFS"
"RP-1447_ASCProject_0309_BLOOD_BC_v2_Exome_OnPrem"	"ASCProject_0309_BLOOD_BC"	"Normal"	"ASCProject_0309"	"DNA"	""	"ASCProject_0309_BLOOD_BC"	""	""	NA	""	""	""	""	""	""	"ASCProject_0309"	"Breast (Parenchymal)"	""	"Breast (Parenchymal)"	"Breast"	""	""	NA	9	"49"	"F"	"BREAST (PARENCHYMAL)"	"RIGHT BREAST"	0	"NO"	0	NA	""	""	""	""	""	""	""	"NOT FOUND IN RECORD"	"NOT FOUND IN RECORD"	"NOT FOUND IN RECORD"	"25"	"BREAST (PARENCHYMAL)"	0	NA	"309"	"DIAGNOSED"	49.52328767	"BREAST"	"BREAST"	"BREAST"	"NO"	""	"NO"	""	"YES"	"NO"	"NO"	"NO"	"WHITE"	""	""	""	""	""	""	""	""	"True"	49	"BREAST (PARENCHYMAL)"	"Non-RAAS/LAAS"	NA	"ASCProject_0309_BLOOD_BC"	49	"Breast (Parenchymal)"
"RP-1447_ASCProject_0309_BLOOD_P_v2_Exome_OnPrem"	"ASCProject_0309_BLOOD_P"	"Tumor"	"ASCProject_0309"	"DNA"	"BLOOD"	"ASCProject_0309_BLOOD_P"	""	""	NA	""	""	""	""	""	""	"ASCProject_0309"	"Breast (Parenchymal)"	""	"Breast (Parenchymal)"	"Breast"	""	""	NA	9	"49"	"F"	"BREAST (PARENCHYMAL)"	"RIGHT BREAST"	0	"NO"	0	NA	""	""	""	""	""	""	""	"NOT FOUND IN RECORD"	"NOT FOUND IN RECORD"	"NOT FOUND IN RECORD"	"25"	"BREAST (PARENCHYMAL)"	0	NA	"309"	"DIAGNOSED"	49.52328767	"BREAST"	"BREAST"	"BREAST"	"NO"	""	"NO"	""	"YES"	"NO"	"NO"	"NO"	"WHITE"	""	""	""	""	""	""	""	""	"True"	49	"BREAST (PARENCHYMAL)"	"Non-RAAS/LAAS"	NA	"ASCProject_0309_BLOOD_P"	49	"Breast (Parenchymal)"
"RP-1447_ASCProject_0310_SALIVA_v1_Exome_OnPrem"	"ASCProject_0310_SALIVA"	"Normal"	"ASCProject_0310"	"DNA"	""	"ASCProject_0310_SALIVA"	""	""	NA	""	""	""	""	""	""	"ASCProject_0310"	"Breast (NOS)"	"Not Extracted"	"Breast (NOS)"	""	""	""	NA	NA	""	""	""	""	NA	""	NA	NA	""	""	""	""	""	""	""	""	""	""	""	""	NA	NA	"310"	"DIAGNOSED"	74.0109589	"BREAST"	"BREAST"	"DK"	"YES"	"YES"	"NO"	""	"YES"	"YES"	"YES"	"NO"	"WHITE"	""	""	""	""	""	""	""	""	"False"	74.0109589	"BREAST (NOS)"	""	NA	"ASCProject_0310_SALIVA"	74.0109589	"Breast (NOS)"
"RP-1447_ASCProject_0321_BLOOD_BC_v1_Exome_OnPrem"	"ASCProject_0321_BLOOD_BC"	"Normal"	"ASCProject_0321"	"DNA"	""	"ASCProject_0321_BLOOD_BC"	""	""	NA	""	""	""	""	""	""	"ASCProject_0321"	"Extremities"	""	"Lower Extremity"	"Leg"	""	""	NA	7	"67"	"F"	"SKIN-CUTANEOUS (ASSOCIATED WITH LYMPHEDEMA)"	"RIGHT FORELEG"	0	"YES"	1	NA	"NOT FOUND IN RECORD"	"NOT FOUND IN RECORD"	"NOT FOUND IN RECORD"	"NOT FOUND IN RECORD"	"NOT FOUND IN RECORD"	"NOT FOUND IN RECORD"	"NOT FOUND IN RECORD"	"NOT FOUND IN RECORD"	"NOT FOUND IN RECORD"	"NOT FOUND IN RECORD"	"39"	"EXTREMITY"	1	NA	"321"	"DIAGNOSED"	67.16986301	"OTHER"	"OTHER"	"OTHER"	"YES"	"NO"	"NO"	""	"YES"	"NO"	"NO"	"NO"	"WHITE"	""	""	""	""	""	""	""	""	"True"	67	"BONELIMB"	"LAAS"	NA	"ASCProject_0321_BLOOD_BC"	67	"Extremities"
"RP-1447_ASCProject_0321_BLOOD_P_v1_Exome_OnPrem"	"ASCProject_0321_BLOOD_P"	"Tumor"	"ASCProject_0321"	"DNA"	"BLOOD"	"ASCProject_0321_BLOOD_P"	""	""	309	"BLOOD BIOPSY"	"BLOOD BIOPSY"	""	""	""	""	"ASCProject_0321"	"Extremities"	""	"Lower Extremity"	"Leg"	""	""	NA	7	"67"	"F"	"SKIN-CUTANEOUS (ASSOCIATED WITH LYMPHEDEMA)"	"RIGHT FORELEG"	0	"YES"	1	NA	"NOT FOUND IN RECORD"	"NOT FOUND IN RECORD"	"NOT FOUND IN RECORD"	"NOT FOUND IN RECORD"	"NOT FOUND IN RECORD"	"NOT FOUND IN RECORD"	"NOT FOUND IN RECORD"	"NOT FOUND IN RECORD"	"NOT FOUND IN RECORD"	"NOT FOUND IN RECORD"	"39"	"EXTREMITY"	1	NA	"321"	"DIAGNOSED"	67.16986301	"OTHER"	"OTHER"	"OTHER"	"YES"	"NO"	"NO"	""	"YES"	"NO"	"NO"	"NO"	"WHITE"	""	""	""	""	""	""	""	""	"True"	67	"BONELIMB"	"LAAS"	NA	"ASCProject_0321_BLOOD_P"	67	"Extremities"
"RP-1447_ASCProject_0322_SALIVA_v1_Exome_OnPrem"	"ASCProject_0322_SALIVA"	"Normal"	"ASCProject_0322"	"DNA"	""	"ASCProject_0322_SALIVA"	""	""	NA	""	""	""	""	""	""	"ASCProject_0322"	"Breast (NOS)"	"Not Extracted"	"Breast (NOS)"	""	""	""	NA	NA	""	""	""	""	NA	""	NA	NA	""	""	""	""	""	""	""	""	""	""	""	""	NA	NA	"322"	"DIAGNOSED"	70.73150685	"BREAST"	"BREAST"	"LUNG,NED"	"YES"	"YES"	"NO"	""	"YES"	"YES"	"YES"	"NO"	"WHITE"	""	""	""	""	""	""	""	""	"False"	70.73150685	"BREAST (NOS)"	""	NA	"ASCProject_0322_SALIVA"	70.73150685	"Breast (NOS)"
"RP-1447_ASCProject_0325_SALIVA_v2_Exome_OnPrem"	"ASCProject_0325_SALIVA"	"Normal"	"ASCProject_0325"	"DNA"	""	"ASCProject_0325_SALIVA"	""	""	NA	""	""	""	""	""	""	"ASCProject_0325"	"Extremities"	"Trunk"	"Upper Extremity"	"Arm"	"Trunk"	"Trunk"	NA	4	"70"	"F"	"SKIN-CUTANEOUS (ASSOCIATED WITH LYMPHEDEMA)"	"LEFT ARM SKIN"	1	"YES"	1	1	"OTHER (LEFT AXILLA)"	"1187"	""	""	""	""	""	"911"	"TRUNK "	"TRUNK "	"1331"	"EXTREMITY"	1	1	"325"	"DIAGNOSED"	70.59726027	"OTHER"	"LUNG,OTHER"	"LUNG,OTHER"	"YES"	"NO"	"YES"	"AFTER"	"NO"	"YES"	"YES"	"NO"	"WHITE"	""	""	""	""	""	""	""	""	"True"	70	"BONELIMB"	"RAAS & LAAS"	1	"ASCProject_0325_SALIVA"	70	"Extremities"
"RP-1447_ASCProject_0325_T1_v4_Exome_OnPrem"	"ASCProject_0325_T1"	"Tumor"	"ASCProject_0325"	"DNA"	"T1"	"ASCProject_0325_T1"	""	""	64	"SKIN"	"EXCISION"	"YES"	"NO"	"NO"	"LOW"	"ASCProject_0325"	"Extremities"	"Trunk"	"Upper Extremity"	"Arm"	"Trunk"	"Trunk"	NA	4	"70"	"F"	"SKIN-CUTANEOUS (ASSOCIATED WITH LYMPHEDEMA)"	"LEFT ARM SKIN"	1	"YES"	1	1	"OTHER (LEFT AXILLA)"	"1187"	""	""	""	""	""	"911"	"TRUNK "	"TRUNK "	"1331"	"EXTREMITY"	1	1	"325"	"DIAGNOSED"	70.59726027	"OTHER"	"LUNG,OTHER"	"LUNG,OTHER"	"YES"	"NO"	"YES"	"AFTER"	"NO"	"YES"	"YES"	"NO"	"WHITE"	""	""	""	""	""	""	""	""	"True"	70	"BONELIMB"	"RAAS & LAAS"	1	"ASCProject_0325_T1"	70	"Extremities"
"RP-1447_ASCProject_0332_SALIVA_v1_Exome_OnPrem"	"ASCProject_0332_SALIVA"	"Normal"	"ASCProject_0332"	"DNA"	""	"ASCProject_0332_SALIVA"	""	""	NA	""	""	""	""	""	""	"ASCProject_0332"	"Breast (Cutaneous)"	"Lung"	"Breast (Cutaneous)"	"Breast"	"Lung"	"Lung"	NA	9	"75"	"F"	"BREAST (CUTANEOUS)"	"LEFT BREAST"	1	"NO"	1	0	""	""	""	""	""	""	""	"150"	"LUNG"	"LUNG"	"3424"	"BREAST (CUTANEOUS)"	0	1	"332"	"DIAGNOSED"	75.75616438	"BREAST"	"LUNG"	"NED"	"YES"	"YES"	"NO"	""	"NO"	"YES"	"YES"	"NO"	"WHITE"	""	""	""	""	""	""	""	""	"True"	75	"BREAST (CUTANEOUS)"	"RAAS"	1	"ASCProject_0332_SALIVA"	75	"Breast (Cutaneous)"
"RP-1447_ASCProject_0335_BLOOD_BC_v1_Exome_OnPrem"	"ASCProject_0335_BLOOD_BC"	"Normal"	"ASCProject_0335"	"DNA"	""	"ASCProject_0335_BLOOD_BC"	""	""	NA	""	""	""	""	""	""	"ASCProject_0335"	"HNFS"	"Lung"	"HNFS"	"Temple"	"Lung"	"Lung"	NA	3	"35"	"F"	"HNFS"	"RIGHT TEMPLE"	0	"NO"	1	0	""	""	""	""	""	""	""	"89"	"LUNG "	"LUNG"	"314"	"HNFS"	0	1	"335"	"DIAGNOSED"	35.41643836	"HEADFACENECK"	"HEADFACENECK,LUNG"	"LUNG"	"YES"	"YES"	"NO"	""	"NO"	"NO"	"NO"	"NO"	"CHINESE"	""	""	""	""	""	""	""	""	"True"	35	"HNFS"	"Non-RAAS/LAAS"	1	"ASCProject_0335_BLOOD_BC"	35	"HNFS"
"RP-1447_ASCProject_0335_BLOOD_P_v1_Exome_OnPrem"	"ASCProject_0335_BLOOD_P"	"Tumor"	"ASCProject_0335"	"DNA"	"BLOOD"	"ASCProject_0335_BLOOD_P"	""	""	199	"BLOOD BIOPSY"	"BLOOD BIOPSY"	""	""	""	""	"ASCProject_0335"	"HNFS"	"Lung"	"HNFS"	"Temple"	"Lung"	"Lung"	NA	3	"35"	"F"	"HNFS"	"RIGHT TEMPLE"	0	"NO"	1	0	""	""	""	""	""	""	""	"89"	"LUNG "	"LUNG"	"314"	"HNFS"	0	1	"335"	"DIAGNOSED"	35.41643836	"HEADFACENECK"	"HEADFACENECK,LUNG"	"LUNG"	"YES"	"YES"	"NO"	""	"NO"	"NO"	"NO"	"NO"	"CHINESE"	""	""	""	""	""	""	""	""	"True"	35	"HNFS"	"Non-RAAS/LAAS"	1	"ASCProject_0335_BLOOD_P"	35	"HNFS"
"RP-1447_ASCProject_0340_SALIVA_v2_Exome_OnPrem"	"ASCProject_0340_SALIVA"	"Normal"	"ASCProject_0340"	"DNA"	""	"ASCProject_0340_SALIVA"	""	""	NA	""	""	""	""	""	""	"ASCProject_0340"	"HNFS"	"No Mets"	"HNFS"	"Scalp"	"No Mets"	"No Mets"	NA	3	"87"	"M"	"HNFS"	"SCALP"	0	"NO"	1	1	"HNFS"	"87"	""	""	""	""	""	""	"NO METS"	"NO METS"	"1065"	"HNFS"	0	0	"340"	"DIAGNOSED"	87.17260274	"SCALP"	"SCALP"	"NED"	"YES"	"YES"	"YES"	"AFTER"	"NO"	"NO"	"NO"	"NO"	"WHITE"	""	""	""	""	""	""	""	""	"True"	87	"HNFS"	"Non-RAAS/LAAS"	0	"ASCProject_0340_SALIVA"	87	"HNFS"
"RP-1447_ASCProject_0340_T1_v2_Exome_OnPrem"	"ASCProject_0340_T1"	"Tumor"	"ASCProject_0340"	"DNA"	"T1"	"ASCProject_0340_T1"	""	""	42	"HEADFACENECKSCALP"	"REEXCISION"	"YES"	"NO"	"YES"	"HIGH"	"ASCProject_0340"	"HNFS"	"No Mets"	"HNFS"	"Scalp"	"No Mets"	"No Mets"	NA	3	"87"	"M"	"HNFS"	"SCALP"	0	"NO"	1	1	"HNFS"	"87"	""	""	""	""	""	""	"NO METS"	"NO METS"	"1065"	"HNFS"	0	0	"340"	"DIAGNOSED"	87.17260274	"SCALP"	"SCALP"	"NED"	"YES"	"YES"	"YES"	"AFTER"	"NO"	"NO"	"NO"	"NO"	"WHITE"	""	""	""	""	""	""	""	""	"True"	87	"HNFS"	"Non-RAAS/LAAS"	0	"ASCProject_0340_T1"	87	"HNFS"
"RP-1447_ASCProject_0341_SALIVA_v1_Exome_OnPrem"	"ASCProject_0341_SALIVA"	"Normal"	"ASCProject_0341"	"DNA"	""	"ASCProject_0341_SALIVA"	""	""	NA	""	""	""	""	""	""	"ASCProject_0341"	"Breast (Cutaneous)"	"Lung"	"Breast (Cutaneous)"	"Breast"	"Lung"	"Lung"	NA	9	"71"	"F"	"BREAST (CUTANEOUS)"	"LEFT BREAST"	1	"NO"	1	0	""	""	""	""	""	""	""	""	"NO METS"	"NO METS"	"1009"	"BREAST (CUTANEOUS)"	0	0	"341"	"DIAGNOSED"	71.24657534	"BREAST"	"BREAST"	"NED"	"YES"	"YES"	"YES"	"BEFORE"	"NO"	"YES"	"YES"	"NO"	"WHITE"	""	""	""	""	""	""	""	""	"True"	71	"BREAST (CUTANEOUS)"	"RAAS"	0	"ASCProject_0341_SALIVA"	71	"Breast (Cutaneous)"
"RP-1447_ASCProject_0342_SALIVA_v1_Exome_OnPrem"	"ASCProject_0342_SALIVA"	"Normal"	"ASCProject_0342"	"DNA"	""	"ASCProject_0342_SALIVA"	""	""	NA	""	""	""	""	""	""	"ASCProject_0342"	"Breast (Parenchymal)"	"Lung, Liver"	"Breast (Parenchymal)"	"Breast"	"Lung"	"Lung, Liver"	NA	3	"41"	"F"	"BREAST (PARENCHYMAL)"	"RIGHT BREAST"	0	"NO"	0	0	""	""	""	""	""	""	""	"373"	"LUNG"	"LUNG, LIVER"	"1229"	"BREAST (PARENCHYMAL)"	0	1	"342"	"DIAGNOSED"	41.0630137	"BREAST"	"BREAST"	"NED"	"YES"	"YES"	"YES"	"AFTER"	"YES"	"NO"	"NO"	"NO"	"OTHER_EAST_ASIAN,WHITE"	""	""	""	""	""	""	""	""	"True"	41	"BREAST (PARENCHYMAL)"	"Non-RAAS/LAAS"	2	"ASCProject_0342_SALIVA"	41	"Breast (Parenchymal)"
"RP-1447_ASCProject_0342_T1_v1_Exome_OnPrem"	"ASCProject_0342_T1"	"Tumor"	"ASCProject_0342"	"DNA"	"T1"	"ASCProject_0342_T1"	""	""	41	"BREAST"	"mastectomy"	"YES (FOCAL)"	"NO"	"YES"	"HIGH"	"ASCProject_0342"	"Breast (Parenchymal)"	"Lung, Liver"	"Breast (Parenchymal)"	"Breast"	"Lung"	"Lung, Liver"	NA	3	"41"	"F"	"BREAST (PARENCHYMAL)"	"RIGHT BREAST"	0	"NO"	0	0	""	""	""	""	""	""	""	"373"	"LUNG"	"LUNG, LIVER"	"1229"	"BREAST (PARENCHYMAL)"	0	1	"342"	"DIAGNOSED"	41.0630137	"BREAST"	"BREAST"	"NED"	"YES"	"YES"	"YES"	"AFTER"	"YES"	"NO"	"NO"	"NO"	"OTHER_EAST_ASIAN,WHITE"	""	""	""	""	""	""	""	""	"True"	41	"BREAST (PARENCHYMAL)"	"Non-RAAS/LAAS"	2	"ASCProject_0342_T1"	41	"Breast (Parenchymal)"
"RP-1447_ASCProject_0343_BLOOD_BC_v1_Exome_OnPrem"	"ASCProject_0343_BLOOD_BC"	"Normal"	"ASCProject_0343"	"DNA"	""	"ASCProject_0343_BLOOD_BC"	""	""	NA	""	""	""	""	""	""	"ASCProject_0343"	"Heart"	"Lung, Bone, Liver, Visceral Organ"	"Heart"	"Lung"	"Lung"	"Lung, Bone, Liver, Visceral Organ"	NA	3	"34"	"F"	"CARDIAC"	"RIGHT LUNG"	0	"NO"	0	0	""	""	""	""	""	""	""	"0"	"LUNG"	"LUNG, BONE, LIVER, VISCERAL ORGAN"	"339"	"CARDIAC"	0	1	"343"	"DIAGNOSED"	34.9260274	"HEART,LUNG"	"HEART,LUNG"	"HEART,LUNG"	"NO"	""	"NO"	""	"YES"	"NO"	"NO"	"NO"	"WHITE"	""	""	""	""	""	""	""	""	"True"	34	"HEART"	"Non-RAAS/LAAS"	4	"ASCProject_0343_BLOOD_BC"	34	"Heart"
"RP-1447_ASCProject_0343_BLOOD_P_v1_Exome_OnPrem"	"ASCProject_0343_BLOOD_P"	"Tumor"	"ASCProject_0343"	"DNA"	"BLOOD"	"ASCProject_0343_BLOOD_P"	""	""	155	"BLOOD BIOPSY"	"BLOOD BIOPSY"	""	""	""	""	"ASCProject_0343"	"Heart"	"Lung, Bone, Liver, Visceral Organ"	"Heart"	"Lung"	"Lung"	"Lung, Bone, Liver, Visceral Organ"	NA	3	"34"	"F"	"CARDIAC"	"RIGHT LUNG"	0	"NO"	0	0	""	""	""	""	""	""	""	"0"	"LUNG"	"LUNG, BONE, LIVER, VISCERAL ORGAN"	"339"	"CARDIAC"	0	1	"343"	"DIAGNOSED"	34.9260274	"HEART,LUNG"	"HEART,LUNG"	"HEART,LUNG"	"NO"	""	"NO"	""	"YES"	"NO"	"NO"	"NO"	"WHITE"	""	""	""	""	""	""	""	""	"True"	34	"HEART"	"Non-RAAS/LAAS"	4	"ASCProject_0343_BLOOD_P"	34	"Heart"
"RP-1447_ASCProject_0345_SALIVA_v1_Exome_OnPrem"	"ASCProject_0345_SALIVA"	"Normal"	"ASCProject_0345"	"DNA"	""	"ASCProject_0345_SALIVA"	""	""	NA	""	""	""	""	""	""	"ASCProject_0345"	"Breast (Cutaneous)"	"No Mets"	"Breast (Cutaneous)"	"Breast Skin"	"No Mets"	"No Mets"	NA	3	"67"	"F"	"BREAST (CUTANEOUS)"	"LEFT BREAST SKIN"	1	"NO"	1	0	""	""	""	""	""	""	""	""	"NO METS"	"NO METS"	"1733"	"BREAST (CUTANEOUS)"	0	0	"345"	"DIAGNOSED"	67.06849315	"BREAST"	"BREAST"	"NED"	"YES"	"YES"	"NO"	""	"YES"	"YES"	"YES"	"NO"	"WHITE"	""	""	""	""	""	""	""	""	"True"	67	"BREAST (CUTANEOUS)"	"RAAS"	0	"ASCProject_0345_SALIVA"	67	"Breast (Cutaneous)"
"RP-1447_ASCProject_0351_BLOOD_BC_v1_Exome_OnPrem"	"ASCProject_0351_BLOOD_BC"	"Normal"	"ASCProject_0351"	"DNA"	""	"ASCProject_0351_BLOOD_BC"	""	""	NA	""	""	""	""	""	""	"ASCProject_0351"	"HNFS"	"No Mets"	"HNFS"	"Nose"	"No Mets"	"No Mets"	NA	3	"61"	"M"	"HNFS"	"NOSE"	0	"NO"	1	0	""	""	""	""	""	""	""	""	"NO METS"	"NO METS"	"87"	"HNFS"	0	0	"351"	"DIAGNOSED"	61.49041096	"HEADFACENECK"	"HEADFACENECK"	"HEADFACENECK"	"YES"	"YES"	"NO"	""	"YES"	"YES"	"NO"	"NO"	"WHITE"	""	""	""	""	""	""	""	""	"True"	61	"HNFS"	"Non-RAAS/LAAS"	0	"ASCProject_0351_BLOOD_BC"	61	"HNFS"
"RP-1447_ASCProject_0351_BLOOD_P_v1_Exome_OnPrem"	"ASCProject_0351_BLOOD_P"	"Tumor"	"ASCProject_0351"	"DNA"	"BLOOD"	"ASCProject_0351_BLOOD_P"	""	""	88	"BLOOD BIOPSY"	"BLOOD BIOPSY"	""	""	""	""	"ASCProject_0351"	"HNFS"	"No Mets"	"HNFS"	"Nose"	"No Mets"	"No Mets"	NA	3	"61"	"M"	"HNFS"	"NOSE"	0	"NO"	1	0	""	""	""	""	""	""	""	""	"NO METS"	"NO METS"	"87"	"HNFS"	0	0	"351"	"DIAGNOSED"	61.49041096	"HEADFACENECK"	"HEADFACENECK"	"HEADFACENECK"	"YES"	"YES"	"NO"	""	"YES"	"YES"	"NO"	"NO"	"WHITE"	""	""	""	""	""	""	""	""	"True"	61	"HNFS"	"Non-RAAS/LAAS"	0	"ASCProject_0351_BLOOD_P"	61	"HNFS"
"RP-1447_ASCProject_0353_BLOOD_BC_v1_Exome_OnPrem"	"ASCProject_0353_BLOOD_BC"	"Normal"	"ASCProject_0353"	"DNA"	""	"ASCProject_0353_BLOOD_BC"	""	""	NA	""	""	""	""	""	""	"ASCProject_0353"	"Other Rare Sites"	"No Mets"	"Brain"	"Brain"	"No Mets"	"No Mets"	NA	12	"68"	"F"	"OTHER[BRAIN]"	"BRAIN"	0	"NO"	0	1	"OTHER[BRAIN]"	"0"	""	""	""	""	""	""	"NOT METS"	"NO METS"	"721"	"OTHER"	0	0	"353"	"DIAGNOSED"	68.7890411	"BRAIN"	"BRAIN"	"BRAIN"	"YES"	"YES"	"YES"	"AFTER"	"NO"	"YES"	""	"NO"	"WHITE"	""	""	""	""	""	""	""	""	"True"	68	"OTHER"	"Non-RAAS/LAAS"	0	"ASCProject_0353_BLOOD_BC"	68	"Other Rare Sites"
"RP-1447_ASCProject_0353_BLOOD_P_v1_Exome_OnPrem"	"ASCProject_0353_BLOOD_P"	"Tumor"	"ASCProject_0353"	"DNA"	"BLOOD"	"ASCProject_0353_BLOOD_P"	""	""	203	"BLOOD BIOPSY"	"BLOOD BIOPSY"	""	""	""	""	"ASCProject_0353"	"Other Rare Sites"	"No Mets"	"Brain"	"Brain"	"No Mets"	"No Mets"	NA	12	"68"	"F"	"OTHER[BRAIN]"	"BRAIN"	0	"NO"	0	1	"OTHER[BRAIN]"	"0"	""	""	""	""	""	""	"NOT METS"	"NO METS"	"721"	"OTHER"	0	0	"353"	"DIAGNOSED"	68.7890411	"BRAIN"	"BRAIN"	"BRAIN"	"YES"	"YES"	"YES"	"AFTER"	"NO"	"YES"	""	"NO"	"WHITE"	""	""	""	""	""	""	""	""	"True"	68	"OTHER"	"Non-RAAS/LAAS"	0	"ASCProject_0353_BLOOD_P"	68	"Other Rare Sites"
"RP-1447_ASCProject_0355_SALIVA_v1_Exome_OnPrem"	"ASCProject_0355_SALIVA"	"Normal"	"ASCProject_0355"	"DNA"	""	"ASCProject_0355_SALIVA"	""	""	NA	""	""	""	""	""	""	"ASCProject_0355"	"HNFS"	""	"HNFS"	"Scalp"	""	""	NA	12	"51"	"M"	"HNFS"	"SCALP"	0	"NO"	1	NA	""	""	""	""	""	""	""	""	"NOT FOUND IN RECORD"	"NOT FOUND IN RECORD"	"286"	"HNFS"	0	NA	"355"	"DIAGNOSED"	52.04109589	"SCALP"	"SCALP"	"SCALP"	"NO"	""	"NO"	""	"YES"	"NO"	"NO"	"NO"	"WHITE"	""	""	""	""	""	""	""	""	"True"	51	"HNFS"	"Non-RAAS/LAAS"	NA	"ASCProject_0355_SALIVA"	51	"HNFS"
"RP-1447_ASCProject_0356_SALIVA_v1_Exome_OnPrem"	"ASCProject_0356_SALIVA"	"Normal"	"ASCProject_0356"	"DNA"	""	"ASCProject_0356_SALIVA"	""	""	NA	""	""	""	""	""	""	"ASCProject_0356"	"Breast (Cutaneous)"	"Trunk"	"Breast (Cutaneous)"	"Breast"	"Abdomin and Pelvis"	"Abdomin and Pelvis"	NA	6	"57"	"F"	"BREAST (CUTANEOUS)"	"RIGHT BREAST"	1	"NO"	1	0	""	""	""	""	""	""	""	"360"	"OTHER [PERITONEAL CAVITY]"	"OTHER [PERITONEAL CAVITY]"	"373"	"BREAST (CUTANEOUS)"	0	1	"356"	"DIAGNOSED"	57.56164384	"BREAST"	"BREAST"	"BREAST"	"YES"	"YES"	"NO"	""	"YES"	"YES"	"YES"	"NO"	"WHITE"	""	""	""	""	""	""	""	""	"True"	57	"BREAST (CUTANEOUS)"	"RAAS"	1	"ASCProject_0356_SALIVA"	57	"Breast (Cutaneous)"
"RP-1447_ASCProject_0356_T2_v1_Exome_OnPrem"	"ASCProject_0356_T2"	"Tumor"	"ASCProject_0356"	"DNA"	"T2"	"ASCProject_0356_T2"	""	""	287	"CHEST"	"Excision"	"YES (FOCAL)"	"YES"	"YES"	"HIGH"	"ASCProject_0356"	"Breast (Cutaneous)"	"Trunk"	"Breast (Cutaneous)"	"Breast"	"Abdomin and Pelvis"	"Abdomin and Pelvis"	NA	6	"57"	"F"	"BREAST (CUTANEOUS)"	"RIGHT BREAST"	1	"NO"	1	0	""	""	""	""	""	""	""	"360"	"OTHER [PERITONEAL CAVITY]"	"OTHER [PERITONEAL CAVITY]"	"373"	"BREAST (CUTANEOUS)"	0	1	"356"	"DIAGNOSED"	57.56164384	"BREAST"	"BREAST"	"BREAST"	"YES"	"YES"	"NO"	""	"YES"	"YES"	"YES"	"NO"	"WHITE"	""	""	""	""	""	""	""	""	"True"	57	"BREAST (CUTANEOUS)"	"RAAS"	1	"ASCProject_0356_T2"	57	"Breast (Cutaneous)"
"RP-1447_ASCProject_0357_SALIVA_2_v2_Exome_OnPrem"	"ASCProject_0357_SALIVA_2"	"Normal"	"ASCProject_0357"	"DNA"	""	"ASCProject_0357_SALIVA_2"	""	""	NA	""	""	""	""	""	""	"ASCProject_0357"	"Musculoskeletal"	"No Mets"	"Mediastinum"	"Mediastinum"	"No Mets"	"No Mets"	NA	3	"62"	"M"	"OTHER (MEDIASTINUM)"	"MEDIASTINUM"	0	"NO"	0	0	""	""	""	""	""	""	""	""	"NO METS"	"NO METS"	"94"	"OTHER"	0	0	"357"	"DIAGNOSED"	62.28219178	"OTHER"	"OTHER"	"OTHER"	"YES"	"YES"	"YES"	"AFTER"	"YES"	"NO"	"NO"	"NO"	"WHITE"	""	""	""	""	""	""	""	""	"True"	62	"OTHER"	"Non-RAAS/LAAS"	0	"ASCProject_0357_SALIVA_2"	62	"Musculoskeletal"
"RP-1447_ASCProject_0357_T1_v2_Exome_OnPrem"	"ASCProject_0357_T1"	"Tumor"	"ASCProject_0357"	"DNA"	"T1"	"ASCProject_0357_T1"	""	""	0	"MEDIASTINUM"	"RESECTION"	"YES"	"NO"	"NO"	"HIGH"	"ASCProject_0357"	"Musculoskeletal"	"No Mets"	"Mediastinum"	"Mediastinum"	"No Mets"	"No Mets"	NA	3	"62"	"M"	"OTHER (MEDIASTINUM)"	"MEDIASTINUM"	0	"NO"	0	0	""	""	""	""	""	""	""	""	"NO METS"	"NO METS"	"94"	"OTHER"	0	0	"357"	"DIAGNOSED"	62.28219178	"OTHER"	"OTHER"	"OTHER"	"YES"	"YES"	"YES"	"AFTER"	"YES"	"NO"	"NO"	"NO"	"WHITE"	""	""	""	""	""	""	""	""	"True"	62	"OTHER"	"Non-RAAS/LAAS"	0	"ASCProject_0357_T1"	62	"Musculoskeletal"
"RP-1447_ASCProject_0361_SALIVA_v1_Exome_OnPrem"	"ASCProject_0361_SALIVA"	"Normal"	"ASCProject_0361"	"DNA"	""	"ASCProject_0361_SALIVA"	""	""	NA	""	""	""	""	""	""	"ASCProject_0361"	"Breast (Cutaneous)"	""	"Breast (Cutaneous)"	"Chest Wall"	""	""	NA	12	"62"	"F"	"BREAST (CUTANEOUS)"	"LEFT CHEST WALL"	1	"NO"	1	1	"LEFT CHEST WALL"	"187"	""	""	""	""	""	""	"NOT FOUND IN RECORD"	"NOT FOUND IN RECORD"	"476"	"BREAST (CUTANEOUS)"	0	NA	"361"	"DIAGNOSED"	59.56438356	"BREAST"	"BREAST"	"BREAST"	"YES"	"NO"	"YES"	"BOTH"	"YES"	"YES"	"YES"	"NO"	"AMERICAN_INDIAN"	""	""	""	""	""	""	""	""	"True"	62	"BREAST (CUTANEOUS)"	"RAAS"	NA	"ASCProject_0361_SALIVA"	62	"Breast (Cutaneous)"
"RP-1447_ASCProject_0367_SALIVA_v2_Exome_OnPrem"	"ASCProject_0367_SALIVA"	"Normal"	"ASCProject_0367"	"DNA"	""	"ASCProject_0367_SALIVA"	""	""	NA	""	""	""	""	""	""	"ASCProject_0367"	"HNFS"	"Lung"	"HNFS"	"Scalp"	"Lung"	"Lung"	NA	3	"68"	"M"	"HNFS"	"FRONTAL SCALP"	0	"NO"	1	0	""	""	""	""	""	""	""	"308"	"LUNG"	"LUNG"	"354"	"HNFS"	0	1	"367"	"DIAGNOSED"	68.69315068	"SCALP"	"SCALP"	"NED"	"YES"	"YES"	"YES"	"AFTER"	"NO"	"NO"	"NO"	"NO"	"WHITE"	""	""	""	""	""	""	""	""	"True"	68	"HNFS"	"Non-RAAS/LAAS"	1	"ASCProject_0367_SALIVA"	68	"HNFS"
"RP-1447_ASCProject_0367_T1_v2_Exome_OnPrem"	"ASCProject_0367_T1"	"Tumor"	"ASCProject_0367"	"DNA"	"T1"	"ASCProject_0367_T1"	""	""	65	"HEADFACENECKSCALP"	"RESECTION"	"YES (FOCAL)"	"YES"	"NO"	"HIGH"	"ASCProject_0367"	"HNFS"	"Lung"	"HNFS"	"Scalp"	"Lung"	"Lung"	NA	3	"68"	"M"	"HNFS"	"FRONTAL SCALP"	0	"NO"	1	0	""	""	""	""	""	""	""	"308"	"LUNG"	"LUNG"	"354"	"HNFS"	0	1	"367"	"DIAGNOSED"	68.69315068	"SCALP"	"SCALP"	"NED"	"YES"	"YES"	"YES"	"AFTER"	"NO"	"NO"	"NO"	"NO"	"WHITE"	""	""	""	""	""	""	""	""	"True"	68	"HNFS"	"Non-RAAS/LAAS"	1	"ASCProject_0367_T1"	68	"HNFS"
"RP-1447_ASCProject_0368_BLOOD_BC_v1_Exome_OnPrem"	"ASCProject_0368_BLOOD_BC"	"Normal"	"ASCProject_0368"	"DNA"	""	"ASCProject_0368_BLOOD_BC"	""	""	NA	""	""	""	""	""	""	"ASCProject_0368"	"Breast (Cutaneous)"	"No Mets"	"Breast (Cutaneous)"	"Breast"	"No Mets"	"No Mets"	NA	9	"65"	"F"	"BREAST (CUTANEOUS)"	"RIGHT BREAST"	1	"NO"	1	0	""	""	""	""	""	""	""	""	"NO METS"	"NO METS"	"252"	"BREAST (CUTANEOUS)"	0	0	"368"	"DIAGNOSED"	65.86849315	"BREAST"	"BREAST"	"NED"	"YES"	"YES"	"NO"	""	"NO"	"YES"	"YES"	""	"WHITE"	""	""	""	""	""	""	""	""	"True"	65	"BREAST (CUTANEOUS)"	"RAAS"	0	"ASCProject_0368_BLOOD_BC"	65	"Breast (Cutaneous)"
"RP-1447_ASCProject_0369_BLOOD_BC_v1_Exome_OnPrem"	"ASCProject_0369_BLOOD_BC"	"Normal"	"ASCProject_0369"	"DNA"	""	"ASCProject_0369_BLOOD_BC"	""	""	NA	""	""	""	""	""	""	"ASCProject_0369"	"Other Visceral Organs"	"No Mets"	"Ovary"	"Ovary"	"No Mets"	"No Mets"	NA	10	"38"	"F"	"VISCERAL ORGAN"	"OVARY"	0	"NO"	0	0	""	""	""	""	""	""	""	""	"NO METS"	"NO METS"	"190"	"VISCERAL ORGAN"	0	0	"369"	"DIAGNOSED"	39.02191781	"ABDOMINAL"	"ABDOMINAL"	"DK"	"YES"	"DK"	"NO"	""	"YES"	"NO"	"NO"	"NO"	"WHITE"	""	""	""	""	""	""	""	""	"True"	38	"VISCERAL ORGAN"	"Non-RAAS/LAAS"	0	"ASCProject_0369_BLOOD_BC"	38	"Other Visceral Organs"
"RP-1447_ASCProject_0371_SALIVA_v1_Exome_OnPrem"	"ASCProject_0371_SALIVA"	"Normal"	"ASCProject_0371"	"DNA"	""	"ASCProject_0371_SALIVA"	""	""	NA	""	""	""	""	""	""	"ASCProject_0371"	"Heart"	"Not Extracted"	"Heart"	""	""	""	NA	NA	""	""	""	""	NA	""	NA	NA	""	""	""	""	""	""	""	""	""	""	""	""	NA	NA	"371"	"DIAGNOSED"	25.24931507	"HEART"	"HEART"	"HEART"	"YES"	"NO"	"NO"	""	"YES"	"NO"	"NO"	"YES"	"OTHER"	""	""	""	""	""	""	""	""	"False"	25.24931507	"HEART"	""	NA	"ASCProject_0371_SALIVA"	25.24931507	"Heart"
"RP-1447_ASCProject_0372_SALIVA_v1_Exome_OnPrem"	"ASCProject_0372_SALIVA"	"Normal"	"ASCProject_0372"	"DNA"	""	"ASCProject_0372_SALIVA"	""	""	NA	""	""	""	""	""	""	"ASCProject_0372"	"Breast (Cutaneous)"	"No Mets"	"Breast (Cutaneous)"	"Breast"	"No Mets"	"No Mets"	NA	3	"47"	"F"	"BREAST (CUTANEOUS)"	"RIGHT BREAST"	1	"NO"	1	0	""	""	""	""	""	""	""	""	"NO METS"	"NO METS"	"369"	"BREAST (CUTANEOUS)"	0	0	"372"	"DIAGNOSED"	47.32876712	"BREAST"	"BREAST"	"BREAST"	"YES"	"NO"	"NO"	""	"NO"	"YES"	"YES"	"NO"	"WHITE"	""	""	""	""	""	""	""	""	"True"	47	"BREAST (CUTANEOUS)"	"RAAS"	0	"ASCProject_0372_SALIVA"	47	"Breast (Cutaneous)"
"RP-1447_ASCProject_0372_T1_v1_Exome_OnPrem"	"ASCProject_0372_T1"	"Tumor"	"ASCProject_0372"	"DNA"	"T1"	"ASCProject_0372_T1"	""	""	7	"BREAST"	"mastectomy"	"YES"	"NO"	"YES"	"HIGH"	"ASCProject_0372"	"Breast (Cutaneous)"	"No Mets"	"Breast (Cutaneous)"	"Breast"	"No Mets"	"No Mets"	NA	3	"47"	"F"	"BREAST (CUTANEOUS)"	"RIGHT BREAST"	1	"NO"	1	0	""	""	""	""	""	""	""	""	"NO METS"	"NO METS"	"369"	"BREAST (CUTANEOUS)"	0	0	"372"	"DIAGNOSED"	47.32876712	"BREAST"	"BREAST"	"BREAST"	"YES"	"NO"	"NO"	""	"NO"	"YES"	"YES"	"NO"	"WHITE"	""	""	""	""	""	""	""	""	"True"	47	"BREAST (CUTANEOUS)"	"RAAS"	0	"ASCProject_0372_T1"	47	"Breast (Cutaneous)"
"RP-1447_ASCProject_0373_BLOOD_BC_v2_Exome_OnPrem"	"ASCProject_0373_BLOOD_BC"	"Normal"	"ASCProject_0373"	"DNA"	""	"ASCProject_0373_BLOOD_BC"	""	""	NA	""	""	""	""	""	""	"ASCProject_0373"	"Heart"	"Not Extracted"	"Heart"	""	""	""	NA	NA	""	""	""	""	NA	""	NA	NA	""	""	""	""	""	""	""	""	""	""	""	""	NA	NA	"373"	"DIAGNOSED"	58.59726027	"HEART"	"HEART,LUNG,BRAIN,LYMPH"	"HEART"	"NO"	""	"YES"	""	"YES"	"NO"	"NO"	"NO"	"WHITE"	""	""	""	""	""	""	""	""	"False"	58.59726027	"HEART"	""	NA	"ASCProject_0373_BLOOD_BC"	58.59726027	"Heart"
"RP-1447_ASCProject_0373_BLOOD_P_v2_Exome_OnPrem"	"ASCProject_0373_BLOOD_P"	"Tumor"	"ASCProject_0373"	"DNA"	"BLOOD"	"ASCProject_0373_BLOOD_P"	""	""	NA	""	""	""	""	""	""	"ASCProject_0373"	"Heart"	"Not Extracted"	"Heart"	""	""	""	NA	NA	""	""	""	""	NA	""	NA	NA	""	""	""	""	""	""	""	""	""	""	""	""	NA	NA	"373"	"DIAGNOSED"	58.59726027	"HEART"	"HEART,LUNG,BRAIN,LYMPH"	"HEART"	"NO"	""	"YES"	""	"YES"	"NO"	"NO"	"NO"	"WHITE"	""	""	""	""	""	""	""	""	"False"	58.59726027	"HEART"	""	NA	"ASCProject_0373_BLOOD_P"	58.59726027	"Heart"
"RP-1447_ASCProject_0375_SALIVA_v2_Exome_OnPrem"	"ASCProject_0375_SALIVA"	"Normal"	"ASCProject_0375"	"DNA"	""	"ASCProject_0375_SALIVA"	""	""	NA	""	""	""	""	""	""	"ASCProject_0375"	"HNFS"	"No Mets"	"HNFS"	"Nose"	"No Mets"	"No Mets"	NA	3	"54"	"M"	"HNFS"	"LEFT NOSTRIL"	0	"NO"	1	1	"HNFS"	"210"	""	""	""	""	""	""	"NO METS"	"NO METS"	"498"	"HNFS"	0	0	"375"	"DIAGNOSED"	54.62191781	"HEADFACENECK"	"HEADFACENECK"	"NED"	"YES"	"NO"	"YES"	"AFTER"	"YES"	"NO"	"NO"	"NO"	"WHITE"	""	""	""	""	""	""	""	""	"True"	54	"HNFS"	"Non-RAAS/LAAS"	0	"ASCProject_0375_SALIVA"	54	"HNFS"
"RP-1447_ASCProject_0375_T1_v2_Exome_OnPrem"	"ASCProject_0375_T1"	"Tumor"	"ASCProject_0375"	"DNA"	"T1"	"ASCProject_0375_T1"	""	""	58	"HEADFACENECKSCALP"	"OTHER"	"YES"	"NO"	"YES"	"HIGH"	"ASCProject_0375"	"HNFS"	"No Mets"	"HNFS"	"Nose"	"No Mets"	"No Mets"	NA	3	"54"	"M"	"HNFS"	"LEFT NOSTRIL"	0	"NO"	1	1	"HNFS"	"210"	""	""	""	""	""	""	"NO METS"	"NO METS"	"498"	"HNFS"	0	0	"375"	"DIAGNOSED"	54.62191781	"HEADFACENECK"	"HEADFACENECK"	"NED"	"YES"	"NO"	"YES"	"AFTER"	"YES"	"NO"	"NO"	"NO"	"WHITE"	""	""	""	""	""	""	""	""	"True"	54	"HNFS"	"Non-RAAS/LAAS"	0	"ASCProject_0375_T1"	54	"HNFS"
"RP-1447_ASCProject_0375_T2_v2_Exome_OnPrem"	"ASCProject_0375_T2"	"Tumor"	"ASCProject_0375"	"DNA"	"T2"	"ASCProject_0375_T2"	""	""	210	"HEADFACENECKSCALP"	"RESECTION"	"YES"	"NO"	"YES"	"HIGH"	"ASCProject_0375"	"HNFS"	"No Mets"	"HNFS"	"Nose"	"No Mets"	"No Mets"	NA	3	"54"	"M"	"HNFS"	"LEFT NOSTRIL"	0	"NO"	1	1	"HNFS"	"210"	""	""	""	""	""	""	"NO METS"	"NO METS"	"498"	"HNFS"	0	0	"375"	"DIAGNOSED"	54.62191781	"HEADFACENECK"	"HEADFACENECK"	"NED"	"YES"	"NO"	"YES"	"AFTER"	"YES"	"NO"	"NO"	"NO"	"WHITE"	""	""	""	""	""	""	""	""	"True"	54	"HNFS"	"Non-RAAS/LAAS"	0	"ASCProject_0375_T2"	54	"HNFS"
"RP-1447_ASCProject_0378_SALIVA_v1_Exome_OnPrem"	"ASCProject_0378_SALIVA"	"Normal"	"ASCProject_0378"	"DNA"	""	"ASCProject_0378_SALIVA"	""	""	NA	""	""	""	""	""	""	"ASCProject_0378"	"HNFS"	"Not Extracted"	"HNFS"	""	""	""	NA	NA	""	""	""	""	NA	""	NA	NA	""	""	""	""	""	""	""	""	""	""	""	""	NA	NA	"378"	"DIAGNOSED"	61.7890411	"HEADFACENECK"	"HEADFACENECK,LYMPH"	"NED"	"YES"	"YES"	"YES"	"AFTER"	"NO"	"YES"	"YES"	"NO"	"WHITE"	""	""	""	""	""	""	""	""	"False"	61.7890411	"HNFS"	""	NA	"ASCProject_0378_SALIVA"	61.7890411	"HNFS"
"RP-1447_ASCProject_0382_SALIVA_v1_Exome_OnPrem"	"ASCProject_0382_SALIVA"	"Normal"	"ASCProject_0382"	"DNA"	""	"ASCProject_0382_SALIVA"	""	""	NA	""	""	""	""	""	""	"ASCProject_0382"	"Breast (NOS)"	"Not Extracted"	"Breast (NOS)"	""	""	""	NA	NA	""	""	""	""	NA	""	NA	NA	""	""	""	""	""	""	""	""	""	""	""	""	NA	NA	"382"	"DIAGNOSED"	60.73972603	"BREAST"	"BREAST"	"NED"	"YES"	"YES"	"NO"	""	"NO"	"YES"	""	"NO"	"WHITE"	""	""	""	""	""	""	""	""	"False"	60.73972603	"BREAST (NOS)"	""	NA	"ASCProject_0382_SALIVA"	60.73972603	"Breast (NOS)"
"RP-1447_ASCProject_0385_BLOOD_BC_v1_Exome_OnPrem"	"ASCProject_0385_BLOOD_BC"	"Normal"	"ASCProject_0385"	"DNA"	""	"ASCProject_0385_BLOOD_BC"	""	""	NA	""	""	""	""	""	""	"ASCProject_0385"	"Breast (Cutaneous)"	"No Mets"	"Breast (Cutaneous)"	"Breast"	"No Mets"	"No Mets"	NA	3	"65"	"F"	"BREAST (CUTANEOUS)"	"LEFT BREAST"	1	"NO"	1	1	"LEFT CHEST WALL"	"321"	""	""	""	""	""	""	"NO METS"	"NO METS"	"673"	"BREAST (CUTANEOUS)"	0	0	"385"	"DIAGNOSED"	65.18630137	"BREAST"	"BREAST"	"BREAST"	"YES"	"NO"	"NO"	""	"YES"	"YES"	"YES"	"NO"	"WHITE"	""	""	""	""	""	""	""	""	"True"	65	"BREAST (CUTANEOUS)"	"RAAS"	0	"ASCProject_0385_BLOOD_BC"	65	"Breast (Cutaneous)"
"RP-1447_ASCProject_0385_T2_v1_Exome_OnPrem"	"ASCProject_0385_T2"	"Tumor"	"ASCProject_0385"	"DNA"	"T2"	"ASCProject_0385_T2"	""	""	153	"BREAST"	""	""	""	""	""	"ASCProject_0385"	"Breast (Cutaneous)"	"No Mets"	"Breast (Cutaneous)"	"Breast"	"No Mets"	"No Mets"	NA	3	"65"	"F"	"BREAST (CUTANEOUS)"	"LEFT BREAST"	1	"NO"	1	1	"LEFT CHEST WALL"	"321"	""	""	""	""	""	""	"NO METS"	"NO METS"	"673"	"BREAST (CUTANEOUS)"	0	0	"385"	"DIAGNOSED"	65.18630137	"BREAST"	"BREAST"	"BREAST"	"YES"	"NO"	"NO"	""	"YES"	"YES"	"YES"	"NO"	"WHITE"	""	""	""	""	""	""	""	""	"True"	65	"BREAST (CUTANEOUS)"	"RAAS"	0	"ASCProject_0385_T2"	65	"Breast (Cutaneous)"
"RP-1447_ASCProject_0385_T3_v1_Exome_OnPrem"	"ASCProject_0385_T3"	"Tumor"	"ASCProject_0385"	"DNA"	"T3"	"ASCProject_0385_T3"	""	""	336	"CHEST"	"resection"	"YES"	"YES"	"NO"	"HIGH"	"ASCProject_0385"	"Breast (Cutaneous)"	"No Mets"	"Breast (Cutaneous)"	"Breast"	"No Mets"	"No Mets"	NA	3	"65"	"F"	"BREAST (CUTANEOUS)"	"LEFT BREAST"	1	"NO"	1	1	"LEFT CHEST WALL"	"321"	""	""	""	""	""	""	"NO METS"	"NO METS"	"673"	"BREAST (CUTANEOUS)"	0	0	"385"	"DIAGNOSED"	65.18630137	"BREAST"	"BREAST"	"BREAST"	"YES"	"NO"	"NO"	""	"YES"	"YES"	"YES"	"NO"	"WHITE"	""	""	""	""	""	""	""	""	"True"	65	"BREAST (CUTANEOUS)"	"RAAS"	0	"ASCProject_0385_T3"	65	"Breast (Cutaneous)"
"RP-1447_ASCProject_0387_SALIVA_v1_Exome_OnPrem"	"ASCProject_0387_SALIVA"	"Normal"	"ASCProject_0387"	"DNA"	""	"ASCProject_0387_SALIVA"	""	""	NA	""	""	""	""	""	""	"ASCProject_0387"	"Breast (Cutaneous)"	"No Mets"	"Breast (Cutaneous)"	"Breast"	"No Mets"	"No Mets"	NA	3	"66"	"F"	"BREAST (CUTANEOUS)"	"LEFT BREAST"	1	"NO"	1	0	""	""	""	""	""	""	""	""	"NO METS"	"NO METS"	"249"	"BREAST (CUTANEOUS)"	0	0	"387"	"DIAGNOSED"	66.1260274	"BREAST"	"BREAST"	"NED"	"YES"	"YES"	""	""	"NO"	"YES"	"YES"	"NO"	"NATIVE_HAWAIIAN,WHITE"	""	""	""	""	""	""	""	""	"True"	66	"BREAST (CUTANEOUS)"	"RAAS"	0	"ASCProject_0387_SALIVA"	66	"Breast (Cutaneous)"
"RP-1447_ASCProject_0387_T1_v1_Exome_OnPrem"	"ASCProject_0387_T1"	"Tumor"	"ASCProject_0387"	"DNA"	"T1"	"ASCProject_0387_T1"	""	""	15	"BREAST"	"Biopsy"	"YES (FOCAL)"	"YES"	"YES"	"HIGH"	"ASCProject_0387"	"Breast (Cutaneous)"	"No Mets"	"Breast (Cutaneous)"	"Breast"	"No Mets"	"No Mets"	NA	3	"66"	"F"	"BREAST (CUTANEOUS)"	"LEFT BREAST"	1	"NO"	1	0	""	""	""	""	""	""	""	""	"NO METS"	"NO METS"	"249"	"BREAST (CUTANEOUS)"	0	0	"387"	"DIAGNOSED"	66.1260274	"BREAST"	"BREAST"	"NED"	"YES"	"YES"	""	""	"NO"	"YES"	"YES"	"NO"	"NATIVE_HAWAIIAN,WHITE"	""	""	""	""	""	""	""	""	"True"	66	"BREAST (CUTANEOUS)"	"RAAS"	0	"ASCProject_0387_T1"	66	"Breast (Cutaneous)"
"RP-1447_ASCProject_0388_SALIVA_v1_Exome_OnPrem"	"ASCProject_0388_SALIVA"	"Normal"	"ASCProject_0388"	"DNA"	""	"ASCProject_0388_SALIVA"	""	""	NA	""	""	""	""	""	""	"ASCProject_0388"	"Heart"	"Not Extracted"	"Heart"	""	""	""	NA	NA	""	""	""	""	NA	""	NA	NA	""	""	""	""	""	""	""	""	""	""	""	""	NA	NA	"388"	"DIAGNOSED"	63.2	"HEART,LUNG"	"HEART,LUNG"	"HEART,LUNG"	"NO"	""	"NO"	""	"NO"	"NO"	"NO"	"NO"	"WHITE"	""	""	""	""	""	""	""	""	"False"	63.2	""	""	NA	"ASCProject_0388_SALIVA"	63.2	"Heart"
"RP-1447_ASCProject_0389_BLOOD_BC_v1_Exome_OnPrem"	"ASCProject_0389_BLOOD_BC"	"Normal"	"ASCProject_0389"	"DNA"	""	"ASCProject_0389_BLOOD_BC"	""	""	NA	""	""	""	""	""	""	"ASCProject_0389"	"Breast (Parenchymal)"	""	"Breast (Parenchymal)"	"Breast"	""	""	NA	12	"63"	"F"	"BREAST (PARENCHYMAL)"	"LEFT BREAST"	NA	"NOT FOUND IN RECORD"	NA	NA	""	""	""	""	""	""	""	""	"NOT FOUND IN RECORD"	"NOT FOUND IN RECORD"	"1108"	"BREAST (PARENCHYMAL)"	NA	NA	"389"	"DIAGNOSED"	63.62465753	"BREAST"	"BREAST"	"NED"	"YES"	"YES"	"NO"	""	"NO"	"YES"	"NO"	"NO"	"WHITE"	""	""	""	""	""	""	""	""	"True"	63	"BREAST (PARENCHYMAL)"	""	NA	"ASCProject_0389_BLOOD_BC"	63	"Breast (Parenchymal)"
"RP-1447_ASCProject_0393_SALIVA_v1_Exome_OnPrem"	"ASCProject_0393_SALIVA"	"Normal"	"ASCProject_0393"	"DNA"	""	"ASCProject_0393_SALIVA"	""	""	NA	""	""	""	""	""	""	"ASCProject_0393"	"Breast (Cutaneous)"	"No Mets"	"Breast (Cutaneous)"	"Breast"	"No Mets"	"No Mets"	NA	9	"75"	"F"	"BREAST (CUTANEOUS)"	"LEFT BREAST"	1	"NO"	1	1	"LEFT BREAST SKIN"	"115"	""	""	""	""	""	""	"NO METS"	"NO METS"	"890"	"BREAST (CUTANEOUS)"	0	0	"393"	"DIAGNOSED"	75.35342466	"BREAST"	"BREAST"	"NED"	"YES"	"YES"	"YES"	"AFTER"	"YES"	"YES"	"YES"	"NO"	"WHITE"	""	""	""	""	""	""	""	""	"True"	75	"BREAST (CUTANEOUS)"	"RAAS"	0	"ASCProject_0393_SALIVA"	75	"Breast (Cutaneous)"
"RP-1447_ASCProject_0394_SALIVA_v1_Exome_OnPrem"	"ASCProject_0394_SALIVA"	"Normal"	"ASCProject_0394"	"DNA"	""	"ASCProject_0394_SALIVA"	""	""	NA	""	""	""	""	""	""	"ASCProject_0394"	"Missing or Unknown"	"Liver, Bone"	""	"Liver"	"Liver"	"Liver, Bone"	NA	12	"38"	"F"	"NOT FOUND IN RECORD"	"LIVER"	0	"NO"	NA	NA	""	""	""	""	""	""	""	"0"	"LIVER"	"LIVER, BONE"	"17"	""	0	1	"394"	"DIAGNOSED"	38.68493151	"DK"	"LIVER,LUNG,BONELIMB"	"LIVER,LUNG,BONELIMB"	"NO"	""	"NO"	""	"YES"	"NO"	"NO"	"NO"	"WHITE"	""	""	""	""	""	""	""	""	"True"	38	""	"Non-RAAS/LAAS"	2	"ASCProject_0394_SALIVA"	38	"Missing or Unknown"
"RP-1447_ASCProject_0401_SALIVA_v2_Exome_OnPrem"	"ASCProject_0401_SALIVA"	"Normal"	"ASCProject_0401"	"DNA"	""	"ASCProject_0401_SALIVA"	""	""	NA	""	""	""	""	""	""	"ASCProject_0401"	"Other Visceral Organs"	"No Mets"	"Kidney"	"Adrenal Gland"	"No Mets"	"No Mets"	NA	9	"55"	"M"	"VISCERAL ORGAN"	"ADRENAL GLAND"	0	"NO"	0	0	""	""	""	""	""	""	""	""	"NO METS"	"NO METS"	"64"	"VISCERAL ORGAN"	0	0	"401"	"DIAGNOSED"	55.36712329	"LIVER,LYMPH,ABDOMINAL,OTHER"	"OTHER"	"NED"	"YES"	"NO"	"NO"	""	"YES"	"NO"	"NO"	"NO"	"WHITE"	""	""	""	""	""	""	""	""	"True"	55	"VISCERAL ORGAN"	"Non-RAAS/LAAS"	0	"ASCProject_0401_SALIVA"	55	"Other Visceral Organs"
"RP-1447_ASCProject_0401_T1A_v2_Exome_OnPrem"	"ASCProject_0401_T1A"	"Tumor"	"ASCProject_0401"	"DNA"	"T1A"	"ASCProject_0401_T1A"	""	""	9	"KIDNEY"	"Resection"	"YES"	"YES"	"NO"	"HIGH"	"ASCProject_0401"	"Other Visceral Organs"	"No Mets"	"Kidney"	"Adrenal Gland"	"No Mets"	"No Mets"	NA	9	"55"	"M"	"VISCERAL ORGAN"	"ADRENAL GLAND"	0	"NO"	0	0	""	""	""	""	""	""	""	""	"NO METS"	"NO METS"	"64"	"VISCERAL ORGAN"	0	0	"401"	"DIAGNOSED"	55.36712329	"LIVER,LYMPH,ABDOMINAL,OTHER"	"OTHER"	"NED"	"YES"	"NO"	"NO"	""	"YES"	"NO"	"NO"	"NO"	"WHITE"	""	""	""	""	""	""	""	""	"True"	55	"VISCERAL ORGAN"	"Non-RAAS/LAAS"	0	"ASCProject_0401_T1A"	55	"Other Visceral Organs"
"RP-1447_ASCProject_0403_SALIVA_v1_Exome_OnPrem"	"ASCProject_0403_SALIVA"	"Normal"	"ASCProject_0403"	"DNA"	""	"ASCProject_0403_SALIVA"	""	""	NA	""	""	""	""	""	""	"ASCProject_0403"	"Breast (Parenchymal)"	"No Mets"	"Breast (Parenchymal)"	"Breast"	"No Mets"	"No Mets"	NA	9	"61"	"F"	"BREAST (PARENCHYMAL)"	"RIGHT BREAST"	0	"NO"	0	0	""	""	""	""	""	""	""	""	"NO METS"	"NO METS"	"48"	"BREAST (PARENCHYMAL)"	0	0	"403"	"DIAGNOSED"	61.23835616	"BREAST"	"BREAST"	"NED"	"YES"	"DK"	"NO"	""	"NO"	"NO"	"NO"	"NO"	"WHITE"	""	""	""	""	""	""	""	""	"True"	61	"BREAST (PARENCHYMAL)"	"Non-RAAS/LAAS"	0	"ASCProject_0403_SALIVA"	61	"Breast (Parenchymal)"
"RP-1447_ASCProject_0411_SALIVA_v1_Exome_OnPrem"	"ASCProject_0411_SALIVA"	"Normal"	"ASCProject_0411"	"DNA"	""	"ASCProject_0411_SALIVA"	""	""	NA	""	""	""	""	""	""	"ASCProject_0411"	"Breast (Cutaneous)"	""	"Breast (Cutaneous)"	"Breast"	""	""	NA	12	"59"	"F"	"BREAST (CUTANEOUS)"	"RIGHT BREAST"	1	"NO"	1	0	""	""	""	""	""	""	""	""	""	""	"647"	"BREAST (CUTANEOUS)"	0	1	"411"	"DIAGNOSED"	59.82739726	"BREAST,OTHER"	"BREAST,OTHER"	"NED"	"YES"	"YES"	"YES"	"AFTER"	"NO"	"YES"	"YES"	"NO"	"WHITE"	""	""	""	""	""	""	""	""	"True"	59	"BREAST (CUTANEOUS)"	"RAAS"	NA	"ASCProject_0411_SALIVA"	59	"Breast (Cutaneous)"
"RP-1447_ASCProject_0412_SALIVA_v1_Exome_OnPrem"	"ASCProject_0412_SALIVA"	"Normal"	"ASCProject_0412"	"DNA"	""	"ASCProject_0412_SALIVA"	""	""	NA	""	""	""	""	""	""	"ASCProject_0412"	"HNFS"	""	"HNFS"	"Nose"	""	""	NA	12	"62"	"M"	"HNFS"	"LEFT NOSE"	0	"NO"	1	0	""	""	""	""	""	""	""	""	""	""	"413"	"HNFS"	0	1	"412"	"DIAGNOSED"	62.5369863	"HEADFACENECK"	"HEADFACENECK"	"DK"	"YES"	"YES"	"NO"	""	"YES"	"NO"	"NO"	"NO"	"WHITE"	""	""	""	""	""	""	""	""	"True"	62	"HNFS"	"Non-RAAS/LAAS"	NA	"ASCProject_0412_SALIVA"	62	"HNFS"
"RP-1447_ASCProject_0413_BLOOD_BC_v1_Exome_OnPrem"	"ASCProject_0413_BLOOD_BC"	"Normal"	"ASCProject_0413"	"DNA"	""	"ASCProject_0413_BLOOD_BC"	""	""	NA	""	""	""	""	""	""	"ASCProject_0413"	"Breast (NOS)"	"Not Extracted"	"Breast (NOS)"	""	""	""	NA	NA	""	""	""	""	NA	""	NA	NA	""	""	""	""	""	""	""	""	""	""	""	""	NA	NA	"413"	"DIAGNOSED"	65.08767123	"BREAST"	"BREAST"	"NED"	"YES"	"YES"	"NO"	""	"NO"	"YES"	"YES"	"NO"	"WHITE"	""	""	""	""	""	""	""	""	"False"	65.08767123	"BREAST (NOS)"	""	NA	"ASCProject_0413_BLOOD_BC"	65.08767123	"Breast (NOS)"
"RP-1447_ASCProject_0414_SALIVA_v1_Exome_OnPrem"	"ASCProject_0414_SALIVA"	"Normal"	"ASCProject_0414"	"DNA"	""	"ASCProject_0414_SALIVA"	""	""	NA	""	""	""	""	""	""	"ASCProject_0414"	"Breast (Cutaneous)"	"No Mets"	"Breast (Cutaneous)"	"Breast Skin"	"No Mets"	"No Mets"	NA	9	"50"	"F"	"BREAST (CUTANEOUS)"	"RIGHT BREAST SKIN"	0	"NO"	1	0	""	""	""	""	""	""	""	""	"NO METS"	"NO METS"	"1061"	"BREAST (CUTANEOUS)"	0	0	"414"	"DIAGNOSED"	50.03561644	"BREAST"	""	"BREAST"	"YES"	"YES"	"NO"	""	"YES"	"YES"	"NO"	"NO"	"WHITE"	""	""	""	""	""	""	""	""	"True"	50	"BREAST (CUTANEOUS)"	"Non-RAAS/LAAS"	0	"ASCProject_0414_SALIVA"	50	"Breast (Cutaneous)"
"RP-1447_ASCProject_0415_SALIVA_v1_Exome_OnPrem"	"ASCProject_0415_SALIVA"	"Normal"	"ASCProject_0415"	"DNA"	""	"ASCProject_0415_SALIVA"	""	""	NA	""	""	""	""	""	""	"ASCProject_0415"	"Extremities"	"Distant Lymph Node"	"Lower Extremity"	"Thigh"	"Distant Lymph Node"	"Distant Lymph Node"	NA	12	"69"	"M"	"EXTREMITY"	"RIGHT THIGH"	0	"NO"	0	0	""	""	""	""	""	""	""	"43"	"DISTANT LYMPH NODE"	"DISTANT LYMPH NODE"	"115"	"EXTREMITY"	0	1	"415"	"DIAGNOSED"	69.8739726	"BONELIMB"	"DK"	"DK"	"YES"	"NO"	"YES"	"AFTER"	"YES"	"YES"	"YES"	"NO"	"WHITE"	""	""	""	""	""	""	""	""	"True"	69	"BONELIMB"	"Non-RAAS/LAAS"	1	"ASCProject_0415_SALIVA"	69	"Extremities"
"RP-1447_ASCProject_0417_SALIVA_v1_Exome_OnPrem"	"ASCProject_0417_SALIVA"	"Normal"	"ASCProject_0417"	"DNA"	""	"ASCProject_0417_SALIVA"	""	""	NA	""	""	""	""	""	""	"ASCProject_0417"	"Other Visceral Organs"	"Distant Lymph Node,  Other Soft Tissues"	"Lung"	"Lung"	"Distant Lymph Node, Neck"	"Distant Lymph Node, Neck"	NA	12	"66"	"M"	"VISCERAL ORGAN"	"LEFT LUNG"	0	"NO"	0	NA	""	""	""	""	""	""	""	"14"	"DISTANT LYMPH NODE [LEFT INTRATHORACIC, LOWER NECK]"	"DISTANT LYMPH NODE [LEFT INTRATHORACIC, LOWER NECK]"	"79"	"LUNG"	0	1	"417"	"DIAGNOSED"	66.1260274	"LUNG"	"LUNG"	"LUNG"	"NO"	""	"NO"	""	"YES"	"NO"	"NO"	"DK"	"WHITE"	""	""	""	""	""	""	""	""	"True"	66	"LUNG"	"Non-RAAS/LAAS"	2	"ASCProject_0417_SALIVA"	66	"Other Visceral Organs"
"RP-1447_ASCProject_0418_SALIVA_v1_Exome_OnPrem"	"ASCProject_0418_SALIVA"	"Normal"	"ASCProject_0418"	"DNA"	""	"ASCProject_0418_SALIVA"	""	""	NA	""	""	""	""	""	""	"ASCProject_0418"	"Hepatobiliary"	"No Mets"	"Spleen"	"Spleen"	"No Mets"	"No Mets"	NA	9	"56"	"F"	"SPLEEN"	"SPLEEN"	0	"NO"	0	1	"OTHER [SPLENECTOMY BED]"	"124"	""	""	""	""	""	"124"	"NO METS"	"NO METS"	"144"	"SPLEEN"	0	0	"418"	"DIAGNOSED"	56.92328767	"SPLEEN"	"ABDOMINAL"	"ABDOMINAL"	"YES"	"YES"	"NO"	""	"NO"	"YES"	"NO"	"NO"	"WHITE"	""	""	""	""	""	""	""	""	"True"	56	"SPLEEN"	"Non-RAAS/LAAS"	0	"ASCProject_0418_SALIVA"	56	"Hepatobiliary"
"RP-1447_ASCProject_0420_SALIVA_v1_Exome_OnPrem"	"ASCProject_0420_SALIVA"	"Normal"	"ASCProject_0420"	"DNA"	""	"ASCProject_0420_SALIVA"	""	""	NA	""	""	""	""	""	""	"ASCProject_0420"	"Breast (Parenchymal)"	"No Mets"	"Breast (Parenchymal)"	"Breast"	"No Mets"	"No Mets"	NA	9	"36"	"F"	"BREAST (PARENCHYMAL)"	"LEFT BREAST"	0	"NO"	0	0	""	""	""	""	""	""	""	""	"NO METS"	"NO METS"	"1347"	"BREAST (PARENCHYMAL)"	0	0	"420"	"DIAGNOSED"	36.6109589	"BREAST"	"BREAST"	"NED"	"YES"	"YES"	"NO"	""	"NO"	"NO"	"NO"	"NO"	"WHITE"	""	""	""	""	""	""	""	""	"True"	36	"BREAST (PARENCHYMAL)"	"Non-RAAS/LAAS"	0	"ASCProject_0420_SALIVA"	36	"Breast (Parenchymal)"
"RP-1447_ASCProject_0422_BLOOD_BC_v1_Exome_OnPrem"	"ASCProject_0422_BLOOD_BC"	"Normal"	"ASCProject_0422"	"DNA"	""	"ASCProject_0422_BLOOD_BC"	""	""	NA	""	""	""	""	""	""	"ASCProject_0422"	"Extremities"	"Distant Lymph Node, Trunk"	"Lower Extremity"	"Leg"	"Distant Lymph Node"	"Distant Lymph Node, Abdomin and Pelvis"	NA	9	"62"	"F"	"SKIN-CUTANEOUS (ASSOCIATED WITH LYMPHEDEMA)"	"LEFT LATERAL LEG"	1	"YES"	1	0	""	""	""	""	""	""	""	"262"	"DISTANT LYMPH NODE"	"DISTANT LYMPH NODE, OTHER[GROIN]"	"1736"	"EXTREMITY"	1	1	"422"	"DIAGNOSED"	62.15068493	"OTHER"	"LYMPH,BONELIMB,ABDOMINAL"	"LYMPH,BONELIMB,ABDOMINAL"	"NO"	""	"NO"	""	"YES"	"YES"	"YES"	"NO"	"WHITE"	""	""	""	""	""	""	""	""	"True"	62	"BONELIMB"	"RAAS & LAAS"	2	"ASCProject_0422_BLOOD_BC"	62	"Extremities"
"RP-1447_ASCProject_0427_SALIVA_v1_Exome_OnPrem"	"ASCProject_0427_SALIVA"	"Normal"	"ASCProject_0427"	"DNA"	""	"ASCProject_0427_SALIVA"	""	""	NA	""	""	""	""	""	""	"ASCProject_0427"	"Extremities"	"Bone, Lung,  Other Soft Tissues"	"Upper Extremity"	"Shoulder"	"Bone"	"Bone, Lung"	NA	12	"54"	"F"	"EXTREMITY"	"RIGHT SCAPULA"	1	"NO"	0	0	""	""	""	""	""	""	""	"92"	"BONE"	"BONE, LUNG, OTHER[PLEURAL MASS,DIAPHRAGM]"	"1856"	"EXTREMITY"	0	1	"427"	"DIAGNOSED"	54.32328767	"BONELIMB,OTHER"	"LUNG"	"LUNG"	"YES"	"YES"	"YES"	"BEFORE"	"YES"	"YES"	"YES"	"NO"	"WHITE"	""	""	""	""	""	""	""	""	"True"	54	"BONELIMB"	"RAAS"	4	"ASCProject_0427_SALIVA"	54	"Extremities"
"RP-1447_ASCProject_0428_SALIVA_v1_Exome_OnPrem"	"ASCProject_0428_SALIVA"	"Normal"	"ASCProject_0428"	"DNA"	""	"ASCProject_0428_SALIVA"	""	""	NA	""	""	""	""	""	""	"ASCProject_0428"	"Extremities"	"Not Extracted"	"Lower Extremity"	""	""	""	NA	NA	""	""	""	""	NA	""	NA	NA	""	""	""	""	""	""	""	""	""	""	""	""	NA	NA	"428"	"DIAGNOSED"	48.19452055	"OTHER"	"OTHER"	"OTHER"	"NO"	""	"YES"	""	"NO"	"NO"	"NO"	"YES"	""	""	""	""	""	""	""	""	""	"False"	48.19452055	"OTHER"	""	NA	"ASCProject_0428_SALIVA"	48.19452055	"Extremities"
"RP-1447_ASCProject_0430_SALIVA_v1_Exome_OnPrem"	"ASCProject_0430_SALIVA"	"Normal"	"ASCProject_0430"	"DNA"	""	"ASCProject_0430_SALIVA"	""	""	NA	""	""	""	""	""	""	"ASCProject_0430"	"Breast (NOS)"	"Not Extracted"	"Breast (NOS)"	""	""	""	NA	NA	""	""	""	""	NA	""	NA	NA	""	""	""	""	""	""	""	""	""	""	""	""	NA	NA	"430"	"DIAGNOSED"	32.06849315	"BREAST"	"BREAST"	"BREAST"	"YES"	"YES"	"YES"	"BEFORE"	"YES"	"NO"	"NO"	"NO"	"CHINESE"	""	""	""	""	""	""	""	""	"False"	32.06849315	"BREAST (NOS)"	""	NA	"ASCProject_0430_SALIVA"	32.06849315	"Breast (NOS)"
"RP-1447_ASCProject_0432_SALIVA_v1_Exome_OnPrem"	"ASCProject_0432_SALIVA"	"Normal"	"ASCProject_0432"	"DNA"	""	"ASCProject_0432_SALIVA"	""	""	NA	""	""	""	""	""	""	"ASCProject_0432"	"Extremities"	"Not Extracted"	"Upper Extremity"	""	""	""	NA	NA	""	""	""	""	NA	""	NA	NA	""	""	""	""	""	""	""	""	""	""	""	""	NA	NA	"432"	"DIAGNOSED"	54.71506849	"OTHER"	"OTHER"	"NED"	"YES"	"YES"	"NO"	""	"NO"	"NO"	"NO"	"NO"	"WHITE"	""	""	""	""	""	""	""	""	"False"	54.71506849	"OTHER"	""	NA	"ASCProject_0432_SALIVA"	54.71506849	"Extremities"
"RP-1447_ASCProject_0435_SALIVA_v1_Exome_OnPrem"	"ASCProject_0435_SALIVA"	"Normal"	"ASCProject_0435"	"DNA"	""	"ASCProject_0435_SALIVA"	""	""	NA	""	""	""	""	""	""	"ASCProject_0435"	"Breast (NOS)"	"Not Extracted"	"Breast (NOS)"	""	""	""	NA	NA	""	""	""	""	NA	""	NA	NA	""	""	""	""	""	""	""	""	""	""	""	""	NA	NA	"435"	"DIAGNOSED"	59.10136986	"BREAST"	"BREAST"	"NED"	"YES"	"YES"	"NO"	""	"NO"	"YES"	"YES"	"NO"	"WHITE"	""	""	""	""	""	""	""	""	"False"	59.10136986	"BREAST (NOS)"	""	NA	"ASCProject_0435_SALIVA"	59.10136986	"Breast (NOS)"
"RP-1447_ASCProject_P47D8Z_SALIVA_v1_Exome_OnPrem"	"ASCProject_P47D8Z_SALIVA"	"Normal"	"ASCProject_P47D8Z"	"DNA"	""	"ASCProject_P47D8Z_SALIVA"	""	""	NA	""	""	""	""	""	""	"ASCProject_P47D8Z"	"Breast (NOS)"	"Not Extracted"	"Breast (NOS)"	""	""	""	NA	NA	""	""	""	""	NA	""	NA	NA	""	""	""	""	""	""	""	""	""	""	""	""	NA	NA	"P47D8Z"	"DIAGNOSED"	68.94794521	"BREAST"	"BREAST"	"NED"	"YES"	"YES"	"NO"	""	"YES"	"YES"	"YES"	"NO"	"WHITE"	""	""	""	""	""	""	""	""	"False"	68.94794521	"BREAST (NOS)"	""	NA	"ASCProject_P47D8Z_SALIVA"	68.94794521	"Breast (NOS)"
"RP-1447_ASCProject_P68AP7_SALIVA_v1_Exome_OnPrem"	"ASCProject_P68AP7_SALIVA"	"Normal"	"ASCProject_P68AP7"	"DNA"	""	"ASCProject_P68AP7_SALIVA"	""	""	NA	""	""	""	""	""	""	"ASCProject_P68AP7"	"HNFS"	"Not Extracted"	"HNFS"	""	""	""	NA	NA	""	""	""	""	NA	""	NA	NA	""	""	""	""	""	""	""	""	""	""	""	""	NA	NA	"P68AP7"	"DIAGNOSED"	77	"HEADFACENECK"	"HEADFACENECK"	"HEADFACENECK"	"NO"	""	"NO"	""	"YES"	"YES"	"NO"	"NO"	"WHITE"	""	""	""	""	""	""	""	""	"False"	77	"HNFS"	""	NA	"ASCProject_P68AP7_SALIVA"	77	"HNFS"
"RP-1447_ASCProject_P6YLY9_SALIVA_v1_Exome_OnPrem"	"ASCProject_P6YLY9_SALIVA"	"Normal"	"ASCProject_P6YLY9"	"DNA"	""	"ASCProject_P6YLY9_SALIVA"	""	""	NA	""	""	""	""	""	""	"ASCProject_P6YLY9"	"Breast (Parenchymal)"	"Lung, Bone"	"Breast (Parenchymal)"	"Breast"	"Lung"	"Lung, Bone"	NA	12	"43"	"F"	"BREAST (PARENCHYMAL)"	"RIGHT BREAST"	0	"NO"	0	0	""	""	""	""	""	""	""	"18"	"LUNG"	"LUNG,BONE"	"39"	"BREAST (PARENCHYMAL)"	0	1	""	""	NA	""	""	""	""	""	""	""	""	""	""	""	""	""	""	""	""	""	""	""	""	"True"	43	"BREAST (PARENCHYMAL)"	"Non-RAAS/LAAS"	2	"ASCProject_P6YLY9_SALIVA"	43	"Breast (Parenchymal)"
"RP-1447_ASCProject_P739VX_SALIVA_v1_Exome_OnPrem"	"ASCProject_P739VX_SALIVA"	"Normal"	"ASCProject_P739VX"	"DNA"	""	"ASCProject_P739VX_SALIVA"	""	""	NA	""	""	""	""	""	""	"ASCProject_P739VX"	"Extremities"	"Not Extracted"	"Upper Extremity"	""	""	""	NA	NA	""	""	""	""	NA	""	NA	NA	""	""	""	""	""	""	""	""	""	""	""	""	NA	NA	"P739VX"	"DIAGNOSED"	67	"OTHER"	"BONELIMB"	"DK"	"YES"	"YES"	"YES"	"BOTH"	"YES"	"NO"	"NO"	"NO"	"WHITE"	""	""	""	""	""	""	""	""	"False"	67	"OTHER"	""	NA	"ASCProject_P739VX_SALIVA"	67	"Extremities"
"RP-1447_ASCProject_P8B8WN_SALIVA_v1_Exome_OnPrem"	"ASCProject_P8B8WN_SALIVA"	"Normal"	"ASCProject_P8B8WN"	"DNA"	""	"ASCProject_P8B8WN_SALIVA"	""	""	NA	""	""	""	""	""	""	"ASCProject_P8B8WN"	"Breast (Cutaneous)"	"No Mets"	"Breast (Cutaneous)"	"Breast"	"No Mets"	"No Mets"	NA	9	"56"	"F"	"BREAST (CUTANEOUS)"	"LEFT BREAST"	1	"NO"	1	1	"LEFT CHEST WALL SKIN"	"2429"	""	""	""	""	""	""	"NO METS"	"NO METS"	"2450"	"BREAST (CUTANEOUS)"	0	0	"P8B8WN"	"DIAGNOSED"	56	"BREAST"	"BREAST"	"BREAST"	"YES"	"NO"	"NO"	""	"YES"	"YES"	"YES"	"NO"	"WHITE"	""	""	""	""	""	""	""	""	"True"	56	"BREAST (CUTANEOUS)"	"RAAS"	0	"ASCProject_P8B8WN_SALIVA"	56	"Breast (Cutaneous)"
"RP-1447_ASCProject_PAMWDK_BLOOD_BC_v1_Exome_OnPrem"	"ASCProject_PAMWDK_BLOOD_BC"	"Normal"	"ASCProject_PAMWDK"	"DNA"	""	"ASCProject_PAMWDK_BLOOD_BC"	""	""	NA	""	""	""	""	""	""	"ASCProject_PAMWDK"	"Breast (Cutaneous)"	"No Mets"	"Breast (Cutaneous)"	"Breast Skin"	"No Mets"	"No Mets"	NA	9	"72"	"F"	"BREAST (CUTANEOUS)"	"LEFT BREAST SKIN"	1	"NO"	1	0	""	""	""	""	""	""	""	""	"NO METS"	"NO METS"	"61"	"BREAST (CUTANEOUS)"	0	0	"PAMWDK"	"DIAGNOSED"	72.22191781	"BREAST"	"BREAST"	"DK"	"YES"	"YES"	"DK"	""	"YES"	"YES"	"YES"	"NO"	"WHITE"	""	""	""	""	""	""	""	""	"True"	72	"BREAST (CUTANEOUS)"	"RAAS"	0	"ASCProject_PAMWDK_BLOOD_BC"	72	"Breast (Cutaneous)"
"RP-1447_ASCProject_PBHQJN_SALIVA_v1_Exome_OnPrem"	"ASCProject_PBHQJN_SALIVA"	"Normal"	"ASCProject_PBHQJN"	"DNA"	""	"ASCProject_PBHQJN_SALIVA"	""	""	NA	""	""	""	""	""	""	"ASCProject_PBHQJN"	"Breast (NOS)"	"Not Extracted"	"Breast (NOS)"	""	""	""	NA	NA	""	""	""	""	NA	""	NA	NA	""	""	""	""	""	""	""	""	""	""	""	""	NA	NA	"PBHQJN"	"DIAGNOSED"	58	"BREAST"	"BREAST"	"NED"	"YES"	"YES"	"YES"	"AFTER"	"YES"	"NO"	"NO"	"NO"	"WHITE"	""	""	""	""	""	""	""	""	"False"	58	"BREAST (NOS)"	""	NA	"ASCProject_PBHQJN_SALIVA"	58	"Breast (NOS)"
"RP-1447_ASCProject_PBPCT2_SALIVA_v1_Exome_OnPrem"	"ASCProject_PBPCT2_SALIVA"	"Normal"	"ASCProject_PBPCT2"	"DNA"	""	"ASCProject_PBPCT2_SALIVA"	""	""	NA	""	""	""	""	""	""	"ASCProject_PBPCT2"	"Other Visceral Organs"	"Not Extracted"	"Lung"	""	""	""	NA	NA	""	""	""	""	NA	""	NA	NA	""	""	""	""	""	""	""	""	""	""	""	""	NA	NA	"PBPCT2"	"DIAGNOSED"	49	"LUNG"	"HEART,LUNG"	"LUNG"	"NO"	""	"NO"	""	"YES"	"NO"	"NO"	"NO"	"WHITE"	""	""	""	""	""	""	""	""	"False"	49	"LUNG"	""	NA	"ASCProject_PBPCT2_SALIVA"	49	"Other Visceral Organs"
"RP-1447_ASCProject_PE46M9_SALIVA_v1_Exome_OnPrem"	"ASCProject_PE46M9_SALIVA"	"Normal"	"ASCProject_PE46M9"	"DNA"	""	"ASCProject_PE46M9_SALIVA"	""	""	NA	""	""	""	""	""	""	"ASCProject_PE46M9"	"HNFS"	"Not Extracted"	"HNFS"	""	""	""	NA	NA	""	""	""	""	NA	""	NA	NA	""	""	""	""	""	""	""	""	""	""	""	""	NA	NA	"PE46M9"	"DIAGNOSED"	83	"HEADFACENECK"	"HEADFACENECK"	"NED"	"YES"	"NO"	"YES"	"AFTER"	"NO"	"YES"	"NO"	"NO"	"WHITE"	""	""	""	""	""	""	""	""	"False"	83	"HNFS"	""	NA	"ASCProject_PE46M9_SALIVA"	83	"HNFS"
"RP-1447_ASCProject_PJT8MW_SALIVA_v1_Exome_OnPrem"	"ASCProject_PJT8MW_SALIVA"	"Normal"	"ASCProject_PJT8MW"	"DNA"	""	"ASCProject_PJT8MW_SALIVA"	""	""	NA	""	""	""	""	""	""	"ASCProject_PJT8MW"	"Extremities"	"Not Extracted"	"Lower Extremity"	""	""	""	NA	NA	""	""	""	""	NA	""	NA	NA	""	""	""	""	""	""	""	""	""	""	""	""	NA	NA	"PJT8MW"	"DIAGNOSED"	73	"BONELIMB"	"LYMPH,BONELIMB"	"LYMPH,BONELIMB"	"YES"	"YES"	"NO"	""	"NO"	"YES"	"NO"	"NO"	"WHITE"	""	""	""	""	""	""	""	""	"False"	73	"BONELIMB"	""	NA	"ASCProject_PJT8MW_SALIVA"	73	"Extremities"
"RP-1447_ASCProject_PKYCDL_SALIVA_v1_Exome_OnPrem"	"ASCProject_PKYCDL_SALIVA"	"Normal"	"ASCProject_PKYCDL"	"DNA"	""	"ASCProject_PKYCDL_SALIVA"	""	""	NA	""	""	""	""	""	""	"ASCProject_PKYCDL"	"HNFS"	"Not Extracted"	"HNFS"	""	""	""	NA	NA	""	""	""	""	NA	""	NA	NA	""	""	""	""	""	""	""	""	""	""	""	""	NA	NA	"PKYCDL"	"DIAGNOSED"	64	"HEADFACENECK,SCALP"	"HEADFACENECK,SCALP"	"NED"	"NO"	""	"YES"	""	"NO"	"NO"	"NO"	"NO"	"WHITE"	""	""	""	""	""	""	""	""	"False"	64	""	""	NA	"ASCProject_PKYCDL_SALIVA"	64	"HNFS"
"RP-1447_ASCProject_PN38F9_SALIVA_v1_Exome_OnPrem"	"ASCProject_PN38F9_SALIVA"	"Normal"	"ASCProject_PN38F9"	"DNA"	""	"ASCProject_PN38F9_SALIVA"	""	""	NA	""	""	""	""	""	""	"ASCProject_PN38F9"	"Breast (Cutaneous)"	"No Mets"	"Breast (Cutaneous)"	"Breast"	"No Mets"	"No Mets"	NA	9	"71"	"F"	"BREAST (CUTANEOUS)"	"LEFT BREAST"	1	"NO"	1	1	"LEFT CHEST WALL"	"318"	""	""	""	""	""	""	"NO METS"	"NO METS"	"366"	"BREAST (CUTANEOUS)"	0	0	"PN38F9"	"DIAGNOSED"	71	"BREAST"	"BREAST"	"BREAST"	"YES"	"YES"	"NO"	""	"YES"	"YES"	"YES"	"NO"	"WHITE"	""	""	""	""	""	""	""	""	"True"	71	"BREAST (CUTANEOUS)"	"RAAS"	0	"ASCProject_PN38F9_SALIVA"	71	"Breast (Cutaneous)"
"RP-1447_ASCProject_PQHM2E_SALIVA_v1_Exome_OnPrem"	"ASCProject_PQHM2E_SALIVA"	"Normal"	"ASCProject_PQHM2E"	"DNA"	""	"ASCProject_PQHM2E_SALIVA"	""	""	NA	""	""	""	""	""	""	"ASCProject_PQHM2E"	"Breast (NOS)"	"Not Extracted"	"Breast (NOS)"	""	""	""	NA	NA	""	""	""	""	NA	""	NA	NA	""	""	""	""	""	""	""	""	""	""	""	""	NA	NA	"PQHM2E"	"DIAGNOSED"	36	"BREAST"	"BREAST"	"NED"	"YES"	"YES"	"NO"	""	"NO"	"NO"	"NO"	"NO"	"WHITE"	""	""	""	""	""	""	""	""	"False"	36	"BREAST (NOS)"	""	NA	"ASCProject_PQHM2E_SALIVA"	36	"Breast (NOS)"
"RP-1447_ASCProject_PTLPDP_SALIVA_v1_Exome_OnPrem"	"ASCProject_PTLPDP_SALIVA"	"Normal"	"ASCProject_PTLPDP"	"DNA"	""	"ASCProject_PTLPDP_SALIVA"	""	""	NA	""	""	""	""	""	""	"ASCProject_PTLPDP"	"HNFS"	"Not Extracted"	"HNFS"	""	""	""	NA	NA	""	""	""	""	NA	""	NA	NA	""	""	""	""	""	""	""	""	""	""	""	""	NA	NA	"PTLPDP"	"DIAGNOSED"	68	"HEADFACENECK"	"SCALP,LUNG,LYMPH"	"LUNG,LYMPH"	"YES"	"YES"	"NO"	""	"YES"	"YES"	"NO"	"NO"	"AMERICAN_INDIAN"	""	""	""	""	""	""	""	""	"False"	68	"HNFS"	""	NA	"ASCProject_PTLPDP_SALIVA"	68	"HNFS"
"RP-1447_ASCProject_PY6FJH_SALIVA_v1_Exome_OnPrem"	"ASCProject_PY6FJH_SALIVA"	"Normal"	"ASCProject_PY6FJH"	"DNA"	""	"ASCProject_PY6FJH_SALIVA"	""	""	NA	""	""	""	""	""	""	"ASCProject_PY6FJH"	"HNFS"	"Not Extracted"	"HNFS"	""	""	""	NA	NA	""	""	""	""	NA	""	NA	NA	""	""	""	""	""	""	""	""	""	""	""	""	NA	NA	"PY6FJH"	"DIAGNOSED"	63.15616438	"SCALP"	"SCALP"	"NED"	"YES"	"YES"	"YES"	"BEFORE"	"NO"	"NO"	"NO"	"NO"	"WHITE"	""	""	""	""	""	""	""	""	"False"	63.15616438	"HNFS"	""	NA	"ASCProject_PY6FJH_SALIVA"	63.15616438	"HNFS"
"RP-1447_ASCProject_PYMFBV_SALIVA_v1_Exome_OnPrem"	"ASCProject_PYMFBV_SALIVA"	"Normal"	"ASCProject_PYMFBV"	"DNA"	""	"ASCProject_PYMFBV_SALIVA"	""	""	NA	""	""	""	""	""	""	"ASCProject_PYMFBV"	"Extremities"	"Lung"	"Upper Extremity"	"Arm"	"Lung"	"Lung"	NA	9	"60"	"M"	"EXTREMITY"	"LEFT UPPER EXTREMITY AV FISTULA "	0	"NO"	0	0	""	""	""	""	""	""	""	"42"	"LUNG"	"LUNG"	"50"	"EXTREMITY"	0	1	"PYMFBV"	"DIAGNOSED"	60	"OTHER"	""	"DK"	"NO"	""	"NO"	""	"NO"	"NO"	"NO"	"NO"	"WHITE"	""	""	""	""	""	""	""	""	"True"	60	"BONELIMB"	"Non-RAAS/LAAS"	1	"ASCProject_PYMFBV_SALIVA"	60	"Extremities"
"RP-1447_ASCProject_PYYKC9_SALIVA_v1_Exome_OnPrem"	"ASCProject_PYYKC9_SALIVA"	"Normal"	"ASCProject_PYYKC9"	"DNA"	""	"ASCProject_PYYKC9_SALIVA"	""	""	NA	""	""	""	""	""	""	"ASCProject_PYYKC9"	"Heart"	"Not Extracted"	"Heart"	""	""	""	NA	NA	""	""	""	""	NA	""	NA	NA	""	""	""	""	""	""	""	""	""	""	""	""	NA	NA	"PYYKC9"	"DIAGNOSED"	42	"HEART"	"HEART"	"HEART"	"NO"	""	"NO"	""	"YES"	"NO"	"NO"	"NO"	"OTHER"	""	""	""	""	""	""	""	""	"False"	42	"HEART"	""	NA	"ASCProject_PYYKC9_SALIVA"	42	"Heart"
"RP-1447_ASCProject_PZCXCF_SALIVA_v1_Exome_OnPrem"	"ASCProject_PZCXCF_SALIVA"	"Normal"	"ASCProject_PZCXCF"	"DNA"	""	"ASCProject_PZCXCF_SALIVA"	""	""	NA	""	""	""	""	""	""	"ASCProject_PZCXCF"	"Hepatobiliary"	"Liver, Bone"	"Spleen"	"Spleen"	"Liver"	"Liver, Bone"	NA	9	"59"	"M"	"SPLEEN"	"SPLEEN"	0	"NO"	0	0	""	""	""	""	""	""	""	"0"	"LIVER"	"LIVER, BONE"	"49"	"SPLEEN"	0	1	"PZCXCF"	"DIAGNOSED"	59	"LIVER,SPLEEN"	"LIVER,SPLEEN"	"LIVER,SPLEEN"	"YES"	"YES"	"NO"	""	"NO"	"NO"	"NO"	"NO"	"WHITE"	""	""	""	""	""	""	""	""	"True"	59	"SPLEEN"	"Non-RAAS/LAAS"	2	"ASCProject_PZCXCF_SALIVA"	59	"Hepatobiliary"
"G136942_ASCProject_0005_T1_v1_RNA_OnPrem"	"ASCProject_0005_T1"	"Tumor"	"ASCProject_0005"	"RNA"	"T1"	"ASCProject_0005_T1"	"LCSET-12154"	"LCSET-12154"	NA	""	""	""	""	""	""	"ASCProject_0005"	"Breast (Parenchymal)"	"Trunk, Breast, Extremities, Bone"	"Breast (Parenchymal)"	"Breast"	"Trunk"	"Trunk, Breast, Extremities, Bone"	NA	5	"31"	"F"	"BREAST (PARENCHYMAL)"	"LEFT BREAST"	0	"NO"	0	0	""	""	""	""	""	""	""	"3615"	"TRUNK "	"TRUNK, OTHER (RIGHT BREAST), EXTREMITY, BONE"	"4374"	"BREAST (PARENCHYMAL)"	0	1	"5"	"DIAGNOSED"	31.0739726	"BREAST"	"BREAST,OTHER"	"BREAST,OTHER"	"YES"	"YES"	"YES"	"BEFORE"	"YES"	"NO"	"NO"	"NO"	"WHITE"	"BREAST"	"NO"	""	"YES"	"BREAST,OTHER"	"NO"	"NO"	"YES"	"True"	31	"BREAST (PARENCHYMAL)"	"Non-RAAS/LAAS"	4	"ASCProject_0005_T1"	31	"Breast (Parenchymal)"
"G136942_ASCProject_0007_T1_v1_RNA_OnPrem"	"ASCProject_0007_T1"	"Tumor"	"ASCProject_0007"	"RNA"	"T1"	"ASCProject_0007_T1"	"LCSET-12154"	"LCSET-12154"	181	"BLADDER WALL"	"RESECTION"	"YES"	"YES"	"YES"	"HIGH"	"ASCProject_0007"	"Other Visceral Organs"	"No Mets"	"Urinary"	"Bladder"	"No Mets"	"No Mets"	NA	5	"41"	"M"	"VISCERAL ORGAN"	"BLADDER"	0	"NO"	0	1	"VISCERAL ORGAN"	"552"	""	""	""	""	""	""	"NO METS"	"NO METS"	"582"	"VISCERAL ORGAN"	0	0	"7"	"DIAGNOSED"	41.86849315	"OTHER"	"LIVER,SPLEEN,LUNG,LYMPH,BONELIMB,ABDOMINAL"	"LIVER,SPLEEN,LUNG,LYMPH,BONELIMB,ABDOMINAL"	"YES"	"YES"	"YES"	"AFTER"	"NO"	"YES"	"YES"	"NO"	"BLACK"	"OTHER"	"NO"	""	"NO"	""	"YES"	"YES"	"YES"	"True"	41	"VISCERAL ORGAN"	"Non-RAAS/LAAS"	0	"ASCProject_0007_T1"	41	"Other Visceral Organs"
"G136942_ASCProject_0007_T2_v1_RNA_OnPrem"	"ASCProject_0007_T2"	"Tumor"	"ASCProject_0007"	"RNA"	"T2"	"ASCProject_0007_T2"	"LCSET-12154"	"LCSET-12154"	5080	"BLADDER WALL"	""	""	""	""	""	"ASCProject_0007"	"Other Visceral Organs"	"No Mets"	"Urinary"	"Bladder"	"No Mets"	"No Mets"	NA	5	"41"	"M"	"VISCERAL ORGAN"	"BLADDER"	0	"NO"	0	1	"VISCERAL ORGAN"	"552"	""	""	""	""	""	""	"NO METS"	"NO METS"	"582"	"VISCERAL ORGAN"	0	0	"7"	"DIAGNOSED"	41.86849315	"OTHER"	"LIVER,SPLEEN,LUNG,LYMPH,BONELIMB,ABDOMINAL"	"LIVER,SPLEEN,LUNG,LYMPH,BONELIMB,ABDOMINAL"	"YES"	"YES"	"YES"	"AFTER"	"NO"	"YES"	"YES"	"NO"	"BLACK"	"OTHER"	"NO"	""	"NO"	""	"YES"	"YES"	"YES"	"True"	41	"VISCERAL ORGAN"	"Non-RAAS/LAAS"	0	"ASCProject_0007_T2"	41	"Other Visceral Organs"
"G136942_ASCProject_0026_T1_v1_RNA_OnPrem"	"ASCProject_0026_T1"	"Tumor"	"ASCProject_0026"	"RNA"	"T1"	"ASCProject_0026_T1"	"LCSET-12154"	"LCSET-12154"	27	"BREAST"	"MASTECTOMY"	"YES"	"NO"	"NO"	"LOW"	"ASCProject_0026"	"Breast (Parenchymal)"	"Liver"	"Breast (Parenchymal)"	"Breast"	"Liver"	"Liver"	NA	5	"56"	"F"	"BREAST (PARENCHYMAL)"	"RIGHT BREAST"	0	"NO"	0	0	""	""	""	""	""	""	""	"1248"	"LIVER"	"LIVER"	"1679"	"BREAST (PARENCHYMAL)"	0	1	"26"	"DIAGNOSED"	56.51506849	"BREAST"	"BREAST,LIVER"	"LIVER"	"YES"	"YES"	"NO"	""	"YES"	"NO"	"NO"	"NO"	"WHITE"	""	""	""	""	""	""	""	""	"True"	56	"BREAST (PARENCHYMAL)"	"Non-RAAS/LAAS"	1	"ASCProject_0026_T1"	56	"Breast (Parenchymal)"
"G136942_ASCProject_0042_T1_v1_RNA_OnPrem"	"ASCProject_0042_T1"	"Tumor"	"ASCProject_0042"	"RNA"	"T1"	"ASCProject_0042_T1"	"LCSET-12154"	"LCSET-12154"	NA	""	""	""	""	""	""	"ASCProject_0042"	"HNFS"	"No Mets"	"HNFS"	"Scalp"	"No Mets"	"No Mets"	NA	10	"83"	"F"	"HNFS"	"LEFT SCALP"	0	"NO"	1	0	""	""	""	""	""	""	""	""	"NO METS"	"NO METS"	"355"	"HNFS"	0	0	"42"	"DIAGNOSED"	83.2630137	"SCALP"	"HEADFACENECK,SCALP"	"NED"	"NO"	""	"YES"	""	""	"NO"	"NO"	"NO"	"WHITE"	""	""	""	""	""	""	""	""	"True"	83	"HNFS"	"Non-RAAS/LAAS"	0	"ASCProject_0042_T1"	83	"HNFS"
"G136942_ASCProject_0055_T1_v1_RNA_OnPrem"	"ASCProject_0055_T1"	"Tumor"	"ASCProject_0055"	"RNA"	"T1"	"ASCProject_0055_T1"	"LCSET-12154"	"LCSET-12154"	18	"BREAST"	"MASTECTOMY"	"YES"	"YES"	"NO"	"HIGH"	"ASCProject_0055"	"Breast (Parenchymal)"	"Lung, Liver, Brain,  Other Soft Tissues"	"Breast (Parenchymal)"	"Breast"	"Lung, Liver"	"Lung, Liver, Brain, Mediastinum"	NA	5	"37"	"F"	"BREAST (PARENCHYMAL)"	"LEFT BREAST"	0	"NO"	0	1	"TRUNK, REGIONAL LYMPH NODE"	"482"	"517"	""	""	""	""	"685"	"LUNG, LIVER"	"LUNG, LIVER, BRAIN, OTHER (SOFT TISSUE), OTHER (MEDIASTINUM)"	"1532"	"BREAST (PARENCHYMAL)"	0	1	"55"	"DIAGNOSED"	37.85479452	"BREAST"	"BREAST,LIVER,LUNG,BRAIN"	"LIVER,LUNG"	"YES"	"YES"	"YES"	"AFTER"	"YES"	"NO"	"NO"	"NO"	"WHITE"	""	""	""	""	""	""	""	""	"True"	37	"BREAST (PARENCHYMAL)"	"Non-RAAS/LAAS"	5	"ASCProject_0055_T1"	37	"Breast (Parenchymal)"
"G136942_ASCProject_0067_T1_v1_RNA_OnPrem"	"ASCProject_0067_T1"	"Tumor"	"ASCProject_0067"	"RNA"	"T1"	"ASCProject_0067_T1"	"LCSET-12154"	"LCSET-12154"	0	"BONELIMB"	""	""	""	""	""	"ASCProject_0067"	"Extremities"	"No Mets"	"Lower Extremity"	"Thigh"	"No Mets"	"No Mets"	NA	1	"40"	"F"	"EXTREMITY"	"LEFT POSTERIOR THIGH"	0	"NO"	0	0	""	""	""	""	""	""	""	""	"NO METS"	"NO METS"	"1425"	"EXTREMITY"	0	0	"67"	"DIAGNOSED"	40.22465753	"OTHER"	"OTHER"	"NED"	"YES"	"YES"	"YES"	"BOTH"	"NO"	"NO"	"NO"	"NO"	"WHITE"	""	""	""	""	""	""	""	""	"True"	40	"BONELIMB"	"Non-RAAS/LAAS"	0	"ASCProject_0067_T1"	40	"Extremities"
"G136942_ASCProject_0098_T1_v1_RNA_OnPrem"	"ASCProject_0098_T1"	"Tumor"	"ASCProject_0098"	"RNA"	"T1"	"ASCProject_0098_T1"	"LCSET-12154"	"LCSET-12154"	0	"HEADFACENECKSCALP"	"EXCISION"	"YES (FOCAL)"	"YES"	"NO"	"HIGH"	"ASCProject_0098"	"HNFS"	"Lung, Distant Lymph Node"	"HNFS"	"Face"	"Lung"	"Lung, Distant Lymph Node"	NA	5	"79"	"M"	"HNFS"	"RIGHT EYEBROW"	0	"NO"	1	1	"HNFS"	"284"	""	""	""	""	""	"488"	"LUNG"	"LUNG, DISTANT LYMPH NODE"	"1006"	"HNFS"	0	1	"98"	"DIAGNOSED"	78.99726027	"HEADFACENECK"	"HEADFACENECK,SCALP"	"SCALP"	"YES"	"NO"	"YES"	"AFTER"	"YES"	"YES"	"NO"	"NO"	"WHITE"	""	""	""	""	""	""	""	""	"True"	79	"HNFS"	"Non-RAAS/LAAS"	2	"ASCProject_0098_T1"	79	"HNFS"
"G136942_ASCProject_0134_T2_v1_RNA_OnPrem"	"ASCProject_0134_T2"	"Tumor"	"ASCProject_0134"	"RNA"	"T2"	"ASCProject_0134_T2"	"LCSET-12154"	"LCSET-12154"	233	"HEADFACENECKSCALP"	"PUNCH BIOPSY"	"YES"	"NO"	"NO"	"HIGH"	"ASCProject_0134"	"HNFS"	"No Mets"	"HNFS"	"Scalp"	"No Mets"	"No Mets"	NA	5	"62"	"F"	"HNFS"	"SCALP"	0	"NO"	1	1	"HNFS"	"863"	""	""	""	""	""	""	"NO METS"	"NO METS"	"1821"	"HNFS"	0	0	"134"	"DIAGNOSED"	62.79452055	"SCALP"	"HEADFACENECK,SCALP"	"HEADFACENECK,SCALP"	"YES"	"YES"	"NO"	""	"YES"	"YES"	"NO"	"NO"	"WHITE"	""	""	""	""	""	""	""	""	"True"	62	"HNFS"	"Non-RAAS/LAAS"	0	"ASCProject_0134_T2"	62	"HNFS"
"G141042_ASCProject_0003_T1_v1_RNA_OnPrem"	"ASCProject_0003_T1"	"Tumor"	"ASCProject_0003"	"RNA"	"T1"	"ASCProject_0003_T1"	"LCSET-12548"	"LCSET-12548"	13	"BREAST"	"RESECTION"	"YES"	"NO"	"NO"	"LOW"	"ASCProject_0003"	"Breast (Parenchymal)"	"No Mets"	"Breast (Parenchymal)"	"Breast"	"No Mets"	"No Mets"	NA	5	"38"	"F"	"BREAST (PARENCHYMAL)"	"RIGHT BREAST"	0	"NO"	0	0	""	""	""	""	""	""	""	""	"NO METS"	"NO METS"	"2057"	"BREAST (PARENCHYMAL)"	0	0	"3"	"DIAGNOSED"	38.8	""	""	""	"YES"	"YES"	"YES"	"AFTER"	""	"YES"	"YES"	""	""	"BREAST"	"NO"	""	"NO"	""	"NO"	"YES"	"YES"	"True"	38	"BREAST (PARENCHYMAL)"	"Non-RAAS/LAAS"	0	"ASCProject_0003_T1"	38	"Breast (Parenchymal)"
"G141042_ASCProject_0011_T1_v1_RNA_OnPrem"	"ASCProject_0011_T1"	"Tumor"	"ASCProject_0011"	"RNA"	"T1"	"ASCProject_0011_T1"	"LCSET-12627"	"LCSET-12627"	0	"BREAST"	"BIOPSY"	"YES"	"NO"	"YES"	"HIGH"	"ASCProject_0011"	"Breast (Parenchymal)"	"No Mets"	"Breast (Parenchymal)"	"Breast"	"No Mets"	"No Mets"	NA	5	"33"	"F"	"BREAST (PARENCHYMAL)"	"RIGHT BREAST"	0	"NO"	0	0	""	""	""	""	""	""	""	""	"NO METS"	"NO METS"	"2909"	"BREAST (PARENCHYMAL)"	0	0	"11"	"DIAGNOSED"	33.95342466	"BREAST"	"BREAST"	"NED"	"YES"	"YES"	"YES"	"BEFORE"	"NO"	"NO"	"NO"	"NO"	"WHITE"	"BREAST"	"NO"	""	"NO"	""	"NO"	"YES"	"YES"	"True"	33	"BREAST (PARENCHYMAL)"	"Non-RAAS/LAAS"	0	"ASCProject_0011_T1"	33	"Breast (Parenchymal)"
"G141042_ASCProject_0030_T1_v1_RNA_OnPrem"	"ASCProject_0030_T1"	"Tumor"	"ASCProject_0030"	"RNA"	"T1"	"ASCProject_0030_T1"	"LCSET-12548"	"LCSET-12548"	15	"BREAST"	"MASTECTOMY"	"YES"	"NO"	"YES (FOCAL)"	"LOW"	"ASCProject_0030"	"Breast (Parenchymal)"	"No Mets"	"Breast (Parenchymal)"	"Breast"	"No Mets"	"No Mets"	NA	5	"30"	"F"	"BREAST (PARENCHYMAL)"	"LEFT BREAST"	0	"NO"	0	0	""	""	""	""	""	""	""	""	"NO METS"	"NO METS"	"1079"	"BREAST (PARENCHYMAL)"	0	0	"30"	"DIAGNOSED"	30.8630137	"BREAST"	"BREAST"	"NED"	"YES"	"YES"	"YES"	"AFTER"	"NO"	"NO"	"NO"	"NO"	"WHITE"	""	""	""	""	""	""	""	""	"True"	30	"BREAST (PARENCHYMAL)"	"Non-RAAS/LAAS"	0	"ASCProject_0030_T1"	30	"Breast (Parenchymal)"
"G141042_ASCProject_0059_T1_v1_RNA_OnPrem"	"ASCProject_0059_T1"	"Tumor"	"ASCProject_0059"	"RNA"	"T1"	"ASCProject_0059_T1"	"LCSET-12548"	"LCSET-12548"	12	"BREAST"	"MASTECTOMY"	"NO"	"YES"	"NO"	"HIGH"	"ASCProject_0059"	"Breast (Cutaneous)"	"No Mets"	"Breast (Cutaneous)"	"Breast"	"No Mets"	"No Mets"	NA	5	"52"	"F"	"BREAST (CUTANEOUS)"	"LEFT BREAST"	1	"NO"	1	0	""	""	""	""	""	""	""	""	"NO METS"	"NO METS"	"945"	"BREAST (CUTANEOUS)"	0	0	"59"	"DIAGNOSED"	52.87123288	"BREAST"	"BREAST"	"NED"	"YES"	"YES"	"NO"	""	"NO"	"YES"	"YES"	"NO"	"AMERICAN_INDIAN,WHITE"	""	""	""	""	""	""	""	""	"True"	52	"BREAST (CUTANEOUS)"	"RAAS"	0	"ASCProject_0059_T1"	52	"Breast (Cutaneous)"
"G141042_ASCProject_0066_T1_v1_RNA_OnPrem"	"ASCProject_0066_T1"	"Tumor"	"ASCProject_0066"	"RNA"	"T1"	"ASCProject_0066_T1"	"LCSET-12548"	"LCSET-12548"	94	"BONELIMB"	""	""	""	""	""	"ASCProject_0066"	"Musculoskeletal"	"No Mets"	"Bone"	"Spine"	"No Mets"	"No Mets"	NA	1	"57"	"M"	"OTHER (BONE)"	"SPINE L1"	1	"NO"	0	0	""	""	""	""	""	""	""	""	"NO METS"	"NO METS"	"493"	"BONE"	0	0	"66"	"DIAGNOSED"	57.82465753	"OTHER"	"OTHER"	"NED"	"YES"	"YES"	"YES"	"AFTER"	"NO"	"YES"	"YES"	"NO"	"WHITE"	""	""	""	""	""	""	""	""	"True"	57	"BONELIMB"	"RAAS"	0	"ASCProject_0066_T1"	57	"Musculoskeletal"
"G141042_ASCProject_0084_T1_v1_RNA_OnPrem"	"ASCProject_0084_T1"	"Tumor"	"ASCProject_0084"	"RNA"	"T1"	"ASCProject_0084_T1"	"LCSET-12627"	"LCSET-12627"	33	"BREAST"	""	""	""	""	""	"ASCProject_0084"	"Breast (Parenchymal)"	"No Mets"	"Breast (Parenchymal)"	"Breast"	"No Mets"	"No Mets"	NA	2	"56"	"F"	"BREAST (PARENCHYMAL)"	"RIGHT BREAST"	0	"NO"	0	0	""	""	""	""	""	""	""	""	"NO METS"	"NO METS"	"1235"	"BREAST (PARENCHYMAL)"	0	0	""	""	NA	""	""	""	""	""	""	""	""	""	""	""	""	""	""	""	""	""	""	""	""	"True"	56	"BREAST (PARENCHYMAL)"	"Non-RAAS/LAAS"	0	"ASCProject_0084_T1"	56	"Breast (Parenchymal)"
"G141042_ASCProject_0113_T1_v1_RNA_OnPrem"	"ASCProject_0113_T1"	"Tumor"	"ASCProject_0113"	"RNA"	"T1"	"ASCProject_0113_T1"	"LCSET-12548"	"LCSET-12548"	4	"HEADFACENECKSCALP"	"EXCISION"	"YES"	"NO"	"NO"	"LOW"	"ASCProject_0113"	"HNFS"	"No Mets"	"HNFS"	"Forehead"	"No Mets"	"No Mets"	NA	5	"35"	"F"	"HNFS"	"RIGHT FOREHEAD"	0	"NO"	1	0	""	""	""	""	""	""	""	""	"NO METS"	"NO METS"	"2001"	"HNFS"	0	0	"113"	"DIAGNOSED"	35.85479452	"SCALP"	"SCALP"	"NED"	"YES"	"NO"	"YES"	"AFTER"	"NO"	"NO"	"NO"	"NO"	"WHITE"	""	""	""	""	""	""	""	""	"True"	35	"HNFS"	"Non-RAAS/LAAS"	0	"ASCProject_0113_T1"	35	"HNFS"
"G141042_ASCProject_0118_T2_v1_RNA_OnPrem"	"ASCProject_0118_T2"	"Tumor"	"ASCProject_0118"	"RNA"	"T2"	"ASCProject_0118_T2"	"LCSET-12548"	"LCSET-12548"	NA	""	""	""	""	""	""	"ASCProject_0118"	"Breast (Cutaneous)"	"Bone"	"Breast (Cutaneous)"	"Breast"	"Bone"	"Bone"	NA	9	"45"	"F"	"BREAST (CUTANEOUS)"	"LEFT BREAST"	1	"NO"	1	0	""	""	""	""	""	""	""	"13"	"BONE"	"BONE"	"1392"	"BREAST (CUTANEOUS)"	0	1	"118"	"DIAGNOSED"	45.20273973	"BREAST"	"BREAST,BONELIMB,OTHER"	"NED"	"YES"	"YES"	"NO"	""	"NO"	"YES"	"YES"	"NO"	"WHITE"	""	""	""	""	""	""	""	""	"True"	45	"BREAST (CUTANEOUS)"	"RAAS"	1	"ASCProject_0118_T2"	45	"Breast (Cutaneous)"
"G141042_ASCProject_0146_T1_v1_RNA_OnPrem"	"ASCProject_0146_T1"	"Tumor"	"ASCProject_0146"	"RNA"	"T1"	"ASCProject_0146_T1"	"LCSET-12548"	"LCSET-12548"	49	"BREAST"	""	""	""	""	""	"ASCProject_0146"	"Breast (Cutaneous)"	"No Mets"	"Breast (Cutaneous)"	"Breast"	"No Mets"	"No Mets"	NA	2	"67"	"F"	"BREAST (CUTANEOUS)"	"RIGHT BREAST"	1	"NO"	1	1	"RIGHT BREAST SKIN"	"105"	""	""	""	""	""	""	"NO METS"	"NO METS"	"1901"	"BREAST (CUTANEOUS)"	0	0	"146"	"DIAGNOSED"	67.47671233	"BREAST"	"BREAST"	"NED"	"YES"	"NO"	"NO"	""	"YES"	"YES"	"YES"	"NO"	"WHITE"	""	""	""	""	""	""	""	""	"True"	67	"BREAST (CUTANEOUS)"	"RAAS"	0	"ASCProject_0146_T1"	67	"Breast (Cutaneous)"
"G141042_ASCProject_0164_T1_v1_RNA_OnPrem"	"ASCProject_0164_T1"	"Tumor"	"ASCProject_0164"	"RNA"	"T1"	"ASCProject_0164_T1"	"LCSET-12548"	"LCSET-12548"	99	"BREAST"	""	""	""	""	""	"ASCProject_0164"	"Breast (Cutaneous)"	"No Mets"	"Breast (Cutaneous)"	"Breast Skin"	"No Mets"	"No Mets"	NA	1	"57"	"F"	"BREAST (CUTANEOUS)"	"LEFT BREAST SKIN"	1	"NO"	1	0	""	""	""	""	""	""	""	""	"NO METS"	"NO METS"	"974"	"BREAST (CUTANEOUS)"	0	0	"164"	"DIAGNOSED"	57.53424658	"BREAST"	"BREAST"	"NED"	"YES"	"YES"	"YES"	"AFTER"	"NO"	"YES"	"YES"	"NO"	"WHITE"	""	""	""	""	""	""	""	""	"True"	57	"BREAST (CUTANEOUS)"	"RAAS"	0	"ASCProject_0164_T1"	57	"Breast (Cutaneous)"
"G141042_ASCProject_0167_T1_v1_RNA_OnPrem"	"ASCProject_0167_T1"	"Tumor"	"ASCProject_0167"	"RNA"	"T1"	"ASCProject_0167_T1"	"LCSET-12627"	"LCSET-12627"	0	"BREAST"	""	""	""	""	""	"ASCProject_0167"	"Breast (Cutaneous)"	""	"Breast (Cutaneous)"	"Breast"	""	""	NA	5	"65"	"F"	"BREAST (CUTANEOUS)"	"LEFT BREAST "	1	"NO"	1	1	"LEFT CHEST WALL SKIN, LEFT CHEST WALL"	"438"	"1071"	""	""	""	""	"NOT FOUND IN RECORD"	"NOT FOUND IN RECORD"	"NOT FOUND IN RECORD"	"3353"	"BREAST (CUTANEOUS)"	0	NA	"167"	"DIAGNOSED"	65.37808219	"BREAST"	"BREAST"	"NED"	"YES"	"YES"	"YES"	"BOTH"	"NO"	"YES"	"YES"	"NO"	"WHITE"	""	""	""	""	""	""	""	""	"True"	65	"BREAST (CUTANEOUS)"	"RAAS"	NA	"ASCProject_0167_T1"	65	"Breast (Cutaneous)"
"G141042_ASCProject_0167_T2_v1_RNA_OnPrem"	"ASCProject_0167_T2"	"Tumor"	"ASCProject_0167"	"RNA"	"T2"	"ASCProject_0167_T2"	"LCSET-12627"	"LCSET-12627"	73	"BREAST"	"MASTECTOMY"	"YES"	"NO"	"NO"	"HIGH"	"ASCProject_0167"	"Breast (Cutaneous)"	""	"Breast (Cutaneous)"	"Breast"	""	""	NA	5	"65"	"F"	"BREAST (CUTANEOUS)"	"LEFT BREAST "	1	"NO"	1	1	"LEFT CHEST WALL SKIN, LEFT CHEST WALL"	"438"	"1071"	""	""	""	""	"NOT FOUND IN RECORD"	"NOT FOUND IN RECORD"	"NOT FOUND IN RECORD"	"3353"	"BREAST (CUTANEOUS)"	0	NA	"167"	"DIAGNOSED"	65.37808219	"BREAST"	"BREAST"	"NED"	"YES"	"YES"	"YES"	"BOTH"	"NO"	"YES"	"YES"	"NO"	"WHITE"	""	""	""	""	""	""	""	""	"True"	65	"BREAST (CUTANEOUS)"	"RAAS"	NA	"ASCProject_0167_T2"	65	"Breast (Cutaneous)"
"G141042_ASCProject_0167_T3_v1_RNA_OnPrem"	"ASCProject_0167_T3"	"Tumor"	"ASCProject_0167"	"RNA"	"T3"	"ASCProject_0167_T3"	"LCSET-12627"	"LCSET-12627"	438	"CHEST"	"EXCISION"	"YES"	"YES"	"YES"	"HIGH"	"ASCProject_0167"	"Breast (Cutaneous)"	""	"Breast (Cutaneous)"	"Breast"	""	""	NA	5	"65"	"F"	"BREAST (CUTANEOUS)"	"LEFT BREAST "	1	"NO"	1	1	"LEFT CHEST WALL SKIN, LEFT CHEST WALL"	"438"	"1071"	""	""	""	""	"NOT FOUND IN RECORD"	"NOT FOUND IN RECORD"	"NOT FOUND IN RECORD"	"3353"	"BREAST (CUTANEOUS)"	0	NA	"167"	"DIAGNOSED"	65.37808219	"BREAST"	"BREAST"	"NED"	"YES"	"YES"	"YES"	"BOTH"	"NO"	"YES"	"YES"	"NO"	"WHITE"	""	""	""	""	""	""	""	""	"True"	65	"BREAST (CUTANEOUS)"	"RAAS"	NA	"ASCProject_0167_T3"	65	"Breast (Cutaneous)"
"G141042_ASCProject_0179_T1_v1_RNA_OnPrem"	"ASCProject_0179_T1"	"Tumor"	"ASCProject_0179"	"RNA"	"T1"	"ASCProject_0179_T1"	"LCSET-12627"	"LCSET-12627"	33	"BREAST"	""	""	""	""	""	"ASCProject_0179"	"Breast (Parenchymal)"	"No Mets"	"Breast (Parenchymal)"	"Breast"	"No Mets"	"No Mets"	NA	1	"46"	"F"	"BREAST (PARENCHYMAL)"	"RIGHT BREAST"	0	"NO"	0	0	""	""	""	""	""	""	""	""	"NO METS"	"NO METS"	"1680"	"BREAST (PARENCHYMAL)"	0	0	"179"	"DIAGNOSED"	46.31506849	"BREAST"	"BREAST"	"NED"	"YES"	"YES"	"YES"	"AFTER"	"NO"	"DK"	"NO"	"YES"	"WHITE"	""	""	""	""	""	""	""	""	"True"	46	"BREAST (PARENCHYMAL)"	"Non-RAAS/LAAS"	0	"ASCProject_0179_T1"	46	"Breast (Parenchymal)"
"G141042_ASCProject_0184_T1_v1_RNA_OnPrem"	"ASCProject_0184_T1"	"Tumor"	"ASCProject_0184"	"RNA"	"T1"	"ASCProject_0184_T1"	"LCSET-12627"	"LCSET-12627"	NA	""	""	""	""	""	""	"ASCProject_0184"	"Heart"	"Distant Lymph Node, Visceral Organ"	"Heart"	"Bowel"	"Distant Lymph Node, Visceral Organ"	"Distant Lymph Node, Visceral Organ"	NA	2	"70"	"M"	"CARDIAC"	"SMALL BOWEL"	0	"NO"	0	0	""	""	""	""	""	""	""	"0"	"DISTANT LYMPH NODE, VISCERAL ORGAN"	"DISTANT LYMPH NODE, VISCERAL ORGAN"	"373"	"CARDIAC"	0	1	"184"	"DIAGNOSED"	70.94794521	"ABDOMINAL"	""	"ABDOMINAL"	"YES"	"NO"	"NO"	""	"YES"	"NO"	"NO"	"NO"	"AMERICAN_INDIAN"	""	""	""	""	""	""	""	""	"True"	70	"HEART"	"Non-RAAS/LAAS"	2	"ASCProject_0184_T1"	70	"Heart"
"RP-1447_ASCProject_0003_T3_v1_RNA_OnPrem"	"ASCProject_0003_T3"	"Tumor"	"ASCProject_0003"	"RNA"	"T3"	"ASCProject_0003_T3"	"LCSET-23758"	"LCSET-23758"	26	"BREAST"	""	""	""	""	""	"ASCProject_0003"	"Breast (Parenchymal)"	"No Mets"	"Breast (Parenchymal)"	"Breast"	"No Mets"	"No Mets"	NA	5	"38"	"F"	"BREAST (PARENCHYMAL)"	"RIGHT BREAST"	0	"NO"	0	0	""	""	""	""	""	""	""	""	"NO METS"	"NO METS"	"2057"	"BREAST (PARENCHYMAL)"	0	0	"3"	"DIAGNOSED"	38.8	""	""	""	"YES"	"YES"	"YES"	"AFTER"	""	"YES"	"YES"	""	""	"BREAST"	"NO"	""	"NO"	""	"NO"	"YES"	"YES"	"True"	38	"BREAST (PARENCHYMAL)"	"Non-RAAS/LAAS"	0	"ASCProject_0003_T3"	38	"Breast (Parenchymal)"
"RP-1447_ASCProject_0005_T2_v1_RNA_OnPrem"	"ASCProject_0005_T2"	"Tumor"	"ASCProject_0005"	"RNA"	"T2"	"ASCProject_0005_T2"	"LCSET-23758"	"LCSET-23758"	3615	"BACK"	""	""	""	""	""	"ASCProject_0005"	"Breast (Parenchymal)"	"Trunk, Breast, Extremities, Bone"	"Breast (Parenchymal)"	"Breast"	"Trunk"	"Trunk, Breast, Extremities, Bone"	NA	5	"31"	"F"	"BREAST (PARENCHYMAL)"	"LEFT BREAST"	0	"NO"	0	0	""	""	""	""	""	""	""	"3615"	"TRUNK "	"TRUNK, OTHER (RIGHT BREAST), EXTREMITY, BONE"	"4374"	"BREAST (PARENCHYMAL)"	0	1	"5"	"DIAGNOSED"	31.0739726	"BREAST"	"BREAST,OTHER"	"BREAST,OTHER"	"YES"	"YES"	"YES"	"BEFORE"	"YES"	"NO"	"NO"	"NO"	"WHITE"	"BREAST"	"NO"	""	"YES"	"BREAST,OTHER"	"NO"	"NO"	"YES"	"True"	31	"BREAST (PARENCHYMAL)"	"Non-RAAS/LAAS"	4	"ASCProject_0005_T2"	31	"Breast (Parenchymal)"
"RP-1447_ASCProject_0005_T3_v2_RNA_OnPrem"	"ASCProject_0005_T3"	"Tumor"	"ASCProject_0005"	"RNA"	"T3"	"ASCProject_0005_T3"	"LCSET-23758"	"LCSET-23758"	3848	"BACK"	"RESECTION"	"YES"	"NO"	"NO"	"LOW"	"ASCProject_0005"	"Breast (Parenchymal)"	"Trunk, Breast, Extremities, Bone"	"Breast (Parenchymal)"	"Breast"	"Trunk"	"Trunk, Breast, Extremities, Bone"	NA	5	"31"	"F"	"BREAST (PARENCHYMAL)"	"LEFT BREAST"	0	"NO"	0	0	""	""	""	""	""	""	""	"3615"	"TRUNK "	"TRUNK, OTHER (RIGHT BREAST), EXTREMITY, BONE"	"4374"	"BREAST (PARENCHYMAL)"	0	1	"5"	"DIAGNOSED"	31.0739726	"BREAST"	"BREAST,OTHER"	"BREAST,OTHER"	"YES"	"YES"	"YES"	"BEFORE"	"YES"	"NO"	"NO"	"NO"	"WHITE"	"BREAST"	"NO"	""	"YES"	"BREAST,OTHER"	"NO"	"NO"	"YES"	"True"	31	"BREAST (PARENCHYMAL)"	"Non-RAAS/LAAS"	4	"ASCProject_0005_T3"	31	"Breast (Parenchymal)"
"RP-1447_ASCProject_0006_T1_v1_RNA_OnPrem"	"ASCProject_0006_T1"	"Tumor"	"ASCProject_0006"	"RNA"	"T1"	"ASCProject_0006_T1"	"LCSET-23758"	"LCSET-23758"	0	"LUNG"	""	""	""	""	""	"ASCProject_0006"	"Heart"	"Lung, Brain, Visceral Organ"	"Heart"	"Lung"	"Lung"	"Lung, Brain, Visceral Organ"	NA	5	"29"	"F"	"CARDIAC"	"RIGHT LUNG"	0	"NO"	0	0	""	""	""	""	""	""	""	"0"	"LUNG"	"LUNG, BRAIN, VISCERAL ORGAN"	"397"	"CARDIAC"	0	1	"6"	"DIAGNOSED"	29.88219178	"HEART,LUNG"	"HEART,LUNG"	"LUNG"	"NO"	""	"NO"	""	"YES"	"NO"	"NO"	"NO"	"WHITE"	"HEART"	"YES"	"LUNG"	"DK"	""	"DK"	"NO"	"NO"	"True"	29	"HEART"	"Non-RAAS/LAAS"	3	"ASCProject_0006_T1"	29	"Heart"
"RP-1447_ASCProject_0006_T2_v1_RNA_OnPrem"	"ASCProject_0006_T2"	"Tumor"	"ASCProject_0006"	"RNA"	"T2"	"ASCProject_0006_T2"	"LCSET-23758"	"LCSET-23758"	387	"OVARY"	"BILATERAL SALPINGO-OOPHORECTOMY"	"YES"	"NO"	"YES"	"LOW"	"ASCProject_0006"	"Heart"	"Lung, Brain, Visceral Organ"	"Heart"	"Lung"	"Lung"	"Lung, Brain, Visceral Organ"	NA	5	"29"	"F"	"CARDIAC"	"RIGHT LUNG"	0	"NO"	0	0	""	""	""	""	""	""	""	"0"	"LUNG"	"LUNG, BRAIN, VISCERAL ORGAN"	"397"	"CARDIAC"	0	1	"6"	"DIAGNOSED"	29.88219178	"HEART,LUNG"	"HEART,LUNG"	"LUNG"	"NO"	""	"NO"	""	"YES"	"NO"	"NO"	"NO"	"WHITE"	"HEART"	"YES"	"LUNG"	"DK"	""	"DK"	"NO"	"NO"	"True"	29	"HEART"	"Non-RAAS/LAAS"	3	"ASCProject_0006_T2"	29	"Heart"
"RP-1447_ASCProject_0008_T1_v1_RNA_OnPrem"	"ASCProject_0008_T1"	"Tumor"	"ASCProject_0008"	"RNA"	"T1"	"ASCProject_0008_T1"	"LCSET-18054"	"LCSET-18054"	0	"LIVER"	"Partial hepatectomy"	"YES (FOCAL)"	"YES"	"YES"	"HIGH"	"ASCProject_0008"	"Hepatobiliary"	"No Mets"	"Liver"	"Liver"	"No Mets"	"No Mets"	NA	3	"39"	"F"	"VISCERAL ORGAN"	"LIVER"	0	"NO"	0	0	""	""	""	""	""	""	""	""	"NO METS"	"NO METS"	"1530"	"LIVER"	0	0	"8"	"DIAGNOSED"	39.93972603	"LIVER"	"LIVER"	"NED"	"YES"	"YES"	"NO"	""	"NO"	"YES"	"NO"	"NO"	"SOUTH_EAST_ASIAN"	"LIVER"	"NO"	""	"NO"	""	"NO"	"YES"	"YES"	"True"	39	"LIVER"	"Non-RAAS/LAAS"	0	"ASCProject_0008_T1"	39	"Hepatobiliary"
"RP-1447_ASCProject_0012_T2_v1_RNA_OnPrem"	"ASCProject_0012_T2"	"Tumor"	"ASCProject_0012"	"RNA"	"T2"	"ASCProject_0012_T2"	"LCSET-23758"	"LCSET-23758"	-210	"HEADFACENECKSCALP"	""	""	""	""	""	"ASCProject_0012"	"HNFS"	"No Mets"	"HNFS"	"Forehead"	"No Mets"	"No Mets"	NA	4	"63"	"F"	"HNFS"	"LEFT FOREHEAD SKIN"	0	"NO"	1	0	""	""	""	""	""	""	""	""	"NO METS"	"NO METS"	"1454"	"HNFS"	0	0	"12"	"DIAGNOSED"	63.6630137	"HEADFACENECK,SCALP"	"HEADFACENECK,SCALP"	"NED"	"YES"	"YES"	"YES"	"AFTER"	"NO"	"NO"	"NO"	"NO"	"WHITE"	"OTHER"	"YES"	"OTHER"	"YES"	"OTHER"	"NO"	"YES"	"YES"	"True"	63	"HNFS"	"Non-RAAS/LAAS"	0	"ASCProject_0012_T2"	63	"HNFS"
"RP-1447_ASCProject_0013_T1_v1_RNA_OnPrem"	"ASCProject_0013_T1"	"Tumor"	"ASCProject_0013"	"RNA"	"T1"	"ASCProject_0013_T1"	"LCSET-23758"	"LCSET-23758"	-623	"BREAST"	"BIOPSY "	"YES"	"NO"	"YES"	"LOW"	"ASCProject_0013"	"Breast (Parenchymal)"	"No Mets"	"Breast (Parenchymal)"	"Breast"	"No Mets"	"No Mets"	NA	4	"26"	"F"	"BREAST (PARENCHYMAL)"	"LEFT BREAST"	0	"NO"	0	0	""	""	""	""	""	""	""	""	"NO METS"	"NO METS"	"1241"	"BREAST (PARENCHYMAL)"	0	0	"13"	"DIAGNOSED"	26.22465753	""	""	""	""	""	"NO"	""	""	"NO"	"NO"	""	""	"BREAST"	"NO"	""	"NO"	""	"NO"	"YES"	"YES"	"True"	26	"BREAST (PARENCHYMAL)"	"Non-RAAS/LAAS"	0	"ASCProject_0013_T1"	26	"Breast (Parenchymal)"
"RP-1447_ASCProject_0014_T1_v1_RNA_OnPrem"	"ASCProject_0014_T1"	"Tumor"	"ASCProject_0014"	"RNA"	"T1"	"ASCProject_0014_T1"	"LCSET-18352"	"LCSET-18352"	NA	""	""	""	""	""	""	"ASCProject_0014"	"Breast (Parenchymal)"	"No Mets"	"Breast (Parenchymal)"	"Breast"	"No Mets"	"No Mets"	NA	9	"29"	"F"	"BREAST (PARENCHYMAL)"	"RIGHT BREAST"	0	"NO"	0	0	""	""	""	""	""	""	""	""	"NO METS"	"NO METS"	"2337"	"BREAST (PARENCHYMAL)"	0	0	"14"	"DIAGNOSED"	29.4739726	"BREAST"	"BREAST"	"NED"	"YES"	"YES"	"NO"	""	"NO"	"NO"	"NO"	"NO"	"SOUTH_EAST_ASIAN"	"BREAST"	"NO"	""	"NO"	""	"NO"	"YES"	"YES"	"True"	29	"BREAST (PARENCHYMAL)"	"Non-RAAS/LAAS"	0	"ASCProject_0014_T1"	29	"Breast (Parenchymal)"
"RP-1447_ASCProject_0017_T1_v1_RNA_OnPrem"	"ASCProject_0017_T1"	"Tumor"	"ASCProject_0017"	"RNA"	"T1"	"ASCProject_0017_T1"	"LCSET-23758"	"LCSET-23758"	0	"HEADFACENECKSCALP"	"BIOPSY "	"YES"	"YES"	"NO"	"HIGH"	"ASCProject_0017"	"HNFS"	"Liver, Bone, Distant Lymph Node"	"HNFS"	"Scalp"	"Liver, Bone, Distant Lymph Node"	"Liver, Bone, Distant Lymph Node"	NA	4	"67"	"F"	"HNFS"	"SKIN, RIGHT FRONTAL SCALP "	0	"NO"	1	1	"HNFS, HNFS"	"231"	"583"	""	""	""	""	"386"	"LIVER, BONE, DISTANT LYMPH NODE"	"LIVER, BONE, DISTANT LYMPH NODE"	"814"	"HNFS"	0	1	"17"	"DIAGNOSED"	67.65205479	"SCALP"	"SCALP,LIVER,LYMPH,BONELIMB"	"SCALP,LIVER,LYMPH,BONELIMB"	"YES"	"NO"	"YES"	"AFTER"	"YES"	"NO"	"NO"	"NO"	"WHITE"	"SCALP"	"NO"	""	"YES"	"LIVER,LYMPH,BONELIMB,OTHER"	"YES"	"NO"	"YES"	"True"	67	"HNFS"	"Non-RAAS/LAAS"	3	"ASCProject_0017_T1"	67	"HNFS"
"RP-1447_ASCProject_0017_T2_v1_RNA_OnPrem"	"ASCProject_0017_T2"	"Tumor"	"ASCProject_0017"	"RNA"	"T2"	"ASCProject_0017_T2"	"LCSET-23758"	"LCSET-23758"	144	"HEADFACENECKSCALP"	"RESECTION"	"YES"	"YES"	"NO"	"HIGH"	"ASCProject_0017"	"HNFS"	"Liver, Bone, Distant Lymph Node"	"HNFS"	"Scalp"	"Liver, Bone, Distant Lymph Node"	"Liver, Bone, Distant Lymph Node"	NA	4	"67"	"F"	"HNFS"	"SKIN, RIGHT FRONTAL SCALP "	0	"NO"	1	1	"HNFS, HNFS"	"231"	"583"	""	""	""	""	"386"	"LIVER, BONE, DISTANT LYMPH NODE"	"LIVER, BONE, DISTANT LYMPH NODE"	"814"	"HNFS"	0	1	"17"	"DIAGNOSED"	67.65205479	"SCALP"	"SCALP,LIVER,LYMPH,BONELIMB"	"SCALP,LIVER,LYMPH,BONELIMB"	"YES"	"NO"	"YES"	"AFTER"	"YES"	"NO"	"NO"	"NO"	"WHITE"	"SCALP"	"NO"	""	"YES"	"LIVER,LYMPH,BONELIMB,OTHER"	"YES"	"NO"	"YES"	"True"	67	"HNFS"	"Non-RAAS/LAAS"	3	"ASCProject_0017_T2"	67	"HNFS"
"RP-1447_ASCProject_0020_T1_v1_RNA_OnPrem"	"ASCProject_0020_T1"	"Tumor"	"ASCProject_0020"	"RNA"	"T1"	"ASCProject_0020_T1"	"LCSET-17718"	"LCSET-17718"	21	"BONELIMB"	"Resection"	"YES (FOCAL)"	"YES"	"YES"	"HIGH"	"ASCProject_0020"	"Breast (Cutaneous)"	"No Mets"	"Breast (Cutaneous)"	"Thorax and trunk"	"No Mets"	"No Mets"	NA	3	"53"	"F"	"SKIN-CUTANEOUS (ASSOCIATED WITH PRIOR RT)"	"RIGHT ANTERIOR CHEST WALL LESION"	1	"NO"	1	0	""	""	""	""	""	""	""	""	"NO METS"	"NO METS"	"1809"	"BREAST (CUTANEOUS)"	0	0	"20"	"DIAGNOSED"	53.07945205	"OTHER"	"OTHER"	"NED"	"YES"	"YES"	"YES"	"AFTER"	"NO"	"YES"	"YES"	"NO"	"WHITE"	""	""	""	""	""	""	""	""	"True"	53	"BREAST (CUTANEOUS)"	"RAAS"	0	"ASCProject_0020_T1"	53	"Breast (Cutaneous)"
"RP-1447_ASCProject_0024_T2_v1_RNA_OnPrem"	"ASCProject_0024_T2"	"Tumor"	"ASCProject_0024"	"RNA"	"T2"	"ASCProject_0024_T2"	"LCSET-23758"	"LCSET-23758"	1258	"LUNG"	"PNEUMONECTOMY"	"YES"	"NO"	"YES"	"HIGH"	"ASCProject_0024"	"Other Visceral Organs"	"Brain"	"Lung"	"Lung"	"Brain"	"Brain"	NA	5	"27"	"M"	"VISCERAL ORGAN"	"LEFT LUNG LINGULA "	0	"NO"	0	1	"VISCERAL ORGAN"	"951"	""	""	""	""	""	"1584"	"BRAIN"	"BRAIN"	"3219"	"LUNG"	0	1	"24"	"DIAGNOSED"	27.39726027	"LUNG"	"LUNG,BRAIN,LYMPH"	"LUNG"	"YES"	"YES"	"YES"	"BOTH"	"YES"	"NO"	"NO"	"NO"	"WHITE"	""	""	""	""	""	""	""	""	"True"	27	"LUNG"	"Non-RAAS/LAAS"	1	"ASCProject_0024_T2"	27	"Other Visceral Organs"
"RP-1447_ASCProject_0025_T1_v2_RNA_OnPrem"	"ASCProject_0025_T1"	"Tumor"	"ASCProject_0025"	"RNA"	"T1"	"ASCProject_0025_T1"	"LCSET-19328"	"LCSET-19328"	NA	""	""	""	""	""	""	"ASCProject_0025"	"Breast (Parenchymal)"	"Visceral Organ, Liver, Bone, Distant Lymph Node"	"Breast (Parenchymal)"	"Breast"	"Ovary"	"Ovary, Liver, Bone, Distant Lymph Node"	NA	9	"28"	"F"	"BREAST (PARENCHYMAL)"	"LEFT BREAST"	0	"NO"	0	0	""	""	""	""	""	""	""	"609"	"OTHER [LEFT OVARY, PARAOVARIAN/MESORECTAL SOFT TISSUE]"	"OTHER [LEFT OVARY, PARAOVARIAN/MESORECTAL SOFT TISSUE, PERITONEUM], LIVER, BONE, DISTANT LYMPH NODE"	"1503"	"BREAST (PARENCHYMAL)"	0	1	"25"	"DIAGNOSED"	28.99452055	"BREAST"	"OTHER"	"NED"	"YES"	"YES"	"NO"	""	"YES"	"NO"	"NO"	"NO"	"WHITE"	""	""	""	""	""	""	""	""	"True"	28	"BREAST (PARENCHYMAL)"	"Non-RAAS/LAAS"	6	"ASCProject_0025_T1"	28	"Breast (Parenchymal)"
"RP-1447_ASCProject_0025_T2_v2_RNA_OnPrem"	"ASCProject_0025_T2"	"Tumor"	"ASCProject_0025"	"RNA"	"T2"	"ASCProject_0025_T2"	"LCSET-19328"	"LCSET-19328"	NA	""	""	""	""	""	""	"ASCProject_0025"	"Breast (Parenchymal)"	"Visceral Organ, Liver, Bone, Distant Lymph Node"	"Breast (Parenchymal)"	"Breast"	"Ovary"	"Ovary, Liver, Bone, Distant Lymph Node"	NA	9	"28"	"F"	"BREAST (PARENCHYMAL)"	"LEFT BREAST"	0	"NO"	0	0	""	""	""	""	""	""	""	"609"	"OTHER [LEFT OVARY, PARAOVARIAN/MESORECTAL SOFT TISSUE]"	"OTHER [LEFT OVARY, PARAOVARIAN/MESORECTAL SOFT TISSUE, PERITONEUM], LIVER, BONE, DISTANT LYMPH NODE"	"1503"	"BREAST (PARENCHYMAL)"	0	1	"25"	"DIAGNOSED"	28.99452055	"BREAST"	"OTHER"	"NED"	"YES"	"YES"	"NO"	""	"YES"	"NO"	"NO"	"NO"	"WHITE"	""	""	""	""	""	""	""	""	"True"	28	"BREAST (PARENCHYMAL)"	"Non-RAAS/LAAS"	6	"ASCProject_0025_T2"	28	"Breast (Parenchymal)"
"RP-1447_ASCProject_0035_T2_v1_RNA_OnPrem"	"ASCProject_0035_T2"	"Tumor"	"ASCProject_0035"	"RNA"	"T2"	"ASCProject_0035_T2"	"LCSET-23758"	"LCSET-23758"	13	"HEADFACENECKSCALP"	""	""	""	""	""	"ASCProject_0035"	"HNFS"	"No Mets"	"HNFS"	"Scalp"	"No Mets"	"No Mets"	NA	4	"59"	"F"	"HNFS"	"SCALP (POSTERIOR VERTEX)"	0	"NO"	1	1	"HNFS"	"897"	""	""	""	""	""	""	"NO METS"	"NO METS"	"2918"	"HNFS"	0	0	"35"	"DIAGNOSED"	59.97260274	"SCALP"	"SCALP"	"NED"	"YES"	"YES"	"YES"	"AFTER"	"NO"	"YES"	"NO"	"NO"	"WHITE"	""	""	""	""	""	""	""	""	"True"	59	"HNFS"	"Non-RAAS/LAAS"	0	"ASCProject_0035_T2"	59	"HNFS"
"RP-1447_ASCProject_0036_T1_v1_RNA_OnPrem"	"ASCProject_0036_T1"	"Tumor"	"ASCProject_0036"	"RNA"	"T1"	"ASCProject_0036_T1"	"LCSET-23758"	"LCSET-23758"	NA	"LUNG"	""	""	""	""	""	""	""	""	""	""	""	""	NA	NA	""	""	""	""	NA	""	NA	NA	""	""	""	""	""	""	""	""	""	""	""	""	NA	NA	""	""	NA	""	""	""	""	""	""	""	""	""	""	""	""	""	""	""	""	""	""	""	""	""	NA	""	""	NA	"ASCProject_0036_T1"	NA	""
"RP-1447_ASCProject_0038_T1_v1_RNA_OnPrem"	"ASCProject_0038_T1"	"Tumor"	"ASCProject_0038"	"RNA"	"T1"	"ASCProject_0038_T1"	"LCSET-23758"	"LCSET-23758"	0	"HEADFACENECKSCALP"	"EXCISION"	"YES"	"NO"	"NO"	"LOW"	"ASCProject_0038"	"HNFS"	"Bone"	"HNFS"	"Scalp"	"Bone"	"Bone"	NA	5	"63"	"M"	"HNFS"	"ANTERIOR SCALP"	0	"NO"	1	1	"HNFS,HNFS"	"128"	"269"	""	""	""	""	"577"	"BONE"	"BONE"	"758"	"HNFS"	0	1	"38"	"DIAGNOSED"	63.07671233	"HEADFACENECK"	"HEADFACENECK"	"HEADFACENECK"	"YES"	"YES"	"NO"	""	"YES"	"NO"	"NO"	"NO"	"WHITE"	""	""	""	""	""	""	""	""	"True"	63	"HNFS"	"Non-RAAS/LAAS"	1	"ASCProject_0038_T1"	63	"HNFS"
"RP-1447_ASCProject_0038_T2_v1_RNA_OnPrem"	"ASCProject_0038_T2"	"Tumor"	"ASCProject_0038"	"RNA"	"T2"	"ASCProject_0038_T2"	"LCSET-26033"	"LCSET-26033"	NA	""	""	""	""	""	""	"ASCProject_0038"	"HNFS"	"Bone"	"HNFS"	"Scalp"	"Bone"	"Bone"	NA	5	"63"	"M"	"HNFS"	"ANTERIOR SCALP"	0	"NO"	1	1	"HNFS,HNFS"	"128"	"269"	""	""	""	""	"577"	"BONE"	"BONE"	"758"	"HNFS"	0	1	"38"	"DIAGNOSED"	63.07671233	"HEADFACENECK"	"HEADFACENECK"	"HEADFACENECK"	"YES"	"YES"	"NO"	""	"YES"	"NO"	"NO"	"NO"	"WHITE"	""	""	""	""	""	""	""	""	"True"	63	"HNFS"	"Non-RAAS/LAAS"	1	"ASCProject_0038_T2"	63	"HNFS"
"RP-1447_ASCProject_0044_T1_v1_RNA_OnPrem"	"ASCProject_0044_T1"	"Tumor"	"ASCProject_0044"	"RNA"	"T1"	"ASCProject_0044_T1"	"LCSET-18352"	"LCSET-18352"	NA	""	""	""	""	""	""	"ASCProject_0044"	"Other Visceral Organs"	"Bone, Distant Lymph Node"	"Lung"	"Lung"	"Bone"	"Bone, Distant Lymph Node"	NA	1	"40"	"M"	"VISCERAL ORGAN"	"LEFT LOWER LUNG"	0	"NO"	0	1	"VISCERAL ORGAN"	"728"	""	""	""	""	""	"0"	"BONE"	"BONE, DISTANT LYMPH NODES"	"777"	"LUNG"	0	1	"44"	"DIAGNOSED"	40.45479452	"LUNG,BONELIMB"	"LUNG,BONELIMB"	"LUNG,BONELIMB"	"NO"	""	"NO"	""	"YES"	"NO"	"NO"	"NO"	"WHITE"	""	""	""	""	""	""	""	""	"True"	40	"LUNG"	"Non-RAAS/LAAS"	2	"ASCProject_0044_T1"	40	"Other Visceral Organs"
"RP-1447_ASCProject_0045_T1_v1_RNA_OnPrem"	"ASCProject_0045_T1"	"Tumor"	"ASCProject_0045"	"RNA"	"T1"	"ASCProject_0045_T1"	"LCSET-23758"	"LCSET-23758"	14	"BREAST"	"MASTECTOMY"	"YES"	"NO"	"YES"	"HIGH"	"ASCProject_0045"	"Breast (Parenchymal)"	"No Mets"	"Breast (Parenchymal)"	"Breast"	"No Mets"	"No Mets"	NA	5	"31"	"F"	"BREAST (PARENCHYMAL)"	"LEFT BREAST"	0	"NO"	0	0	""	""	""	""	""	""	""	""	"NO METS"	"NO METS"	"652"	"BREAST (PARENCHYMAL)"	0	0	"45"	"DIAGNOSED"	31.81917808	"BREAST"	"BREAST"	"NED"	"YES"	"YES"	"YES"	"AFTER"	"NO"	"NO"	"NO"	"NO"	"WHITE"	""	""	""	""	""	""	""	""	"True"	31	"BREAST (PARENCHYMAL)"	"Non-RAAS/LAAS"	0	"ASCProject_0045_T1"	31	"Breast (Parenchymal)"
"RP-1447_ASCProject_0047_T1_v1_RNA_OnPrem"	"ASCProject_0047_T1"	"Tumor"	"ASCProject_0047"	"RNA"	"T1"	"ASCProject_0047_T1"	"LCSET-23758"	"LCSET-23758"	0	"BREAST"	"EXCISION"	"YES"	"NO"	"NO"	"LOW"	"ASCProject_0047"	"Breast (Cutaneous)"	"No Mets"	"Breast (Cutaneous)"	"Breast"	"No Mets"	"No Mets"	NA	5	"68"	"F"	"BREAST (CUTANEOUS)"	"RIGHT BREAST "	1	"NO"	1	0	""	""	""	""	""	""	""	""	"NO METS"	"NO METS"	"492"	"BREAST (CUTANEOUS)"	0	0	"47"	"DIAGNOSED"	68.2630137	"BREAST"	"BREAST"	"DK"	"YES"	"YES"	"NO"	""	"NO"	"YES"	"YES"	"NO"	"WHITE"	""	""	""	""	""	""	""	""	"True"	68	"BREAST (CUTANEOUS)"	"RAAS"	0	"ASCProject_0047_T1"	68	"Breast (Cutaneous)"
"RP-1447_ASCProject_0049_T2_v1_RNA_OnPrem"	"ASCProject_0049_T2"	"Tumor"	"ASCProject_0049"	"RNA"	"T2"	"ASCProject_0049_T2"	"LCSET-23758"	"LCSET-23758"	159	"BREAST"	""	""	""	""	""	"ASCProject_0049"	"Breast (Parenchymal)"	"No Mets"	"Breast (Parenchymal)"	"Breast"	"No Mets"	"No Mets"	NA	2	"29"	"F"	"BREAST (PARENCHYMAL)"	"LEFT BREAST"	0	"NO"	0	0	""	""	""	""	""	""	""	""	"NO METS"	"NO METS"	"1462"	"BREAST (PARENCHYMAL)"	0	0	"49"	"DIAGNOSED"	29.28493151	"BREAST"	"BREAST"	"NED"	"YES"	"YES"	"NO"	""	"NO"	"NO"	"NO"	"NO"	"AMERICAN_INDIAN,WHITE"	""	""	""	""	""	""	""	""	"True"	29	"BREAST (PARENCHYMAL)"	"Non-RAAS/LAAS"	0	"ASCProject_0049_T2"	29	"Breast (Parenchymal)"
"RP-1447_ASCProject_0052_T1_v1_RNA_OnPrem"	"ASCProject_0052_T1"	"Tumor"	"ASCProject_0052"	"RNA"	"T1"	"ASCProject_0052_T1"	"LCSET-23758"	"LCSET-23758"	25	"BONELIMB"	""	""	""	""	""	"ASCProject_0052"	"Extremities"	"Lung"	"Lower Extremity"	"Hip"	"Lung"	"Lung"	NA	12	"27"	"M"	"EXTREMITY"	"LEFT FEMUR/LEFT HIP MASS"	0	"NO"	0	0	""	""	""	""	""	""	""	"5"	"LUNG"	"LUNG, EXTREMITY"	"1394"	"EXTREMITY"	0	1	"52"	"DIAGNOSED"	27.57808219	"BONELIMB"	"LUNG,OTHER"	"NED"	"YES"	"YES"	"NO"	""	"NO"	"NO"	"NO"	"YES"	"WHITE"	""	""	""	""	""	""	""	""	"True"	27	"BONELIMB"	"Non-RAAS/LAAS"	2	"ASCProject_0052_T1"	27	"Extremities"
"RP-1447_ASCProject_0055_T2_v1_RNA_OnPrem"	"ASCProject_0055_T2"	"Tumor"	"ASCProject_0055"	"RNA"	"T2"	"ASCProject_0055_T2"	"LCSET-23758"	"LCSET-23758"	511	"PECTORALIS MINOR"	"RESECTION"	"YES"	"NO"	"YES"	"HIGH"	"ASCProject_0055"	"Breast (Parenchymal)"	"Lung, Liver, Brain,  Other Soft Tissues"	"Breast (Parenchymal)"	"Breast"	"Lung, Liver"	"Lung, Liver, Brain, Mediastinum"	NA	5	"37"	"F"	"BREAST (PARENCHYMAL)"	"LEFT BREAST"	0	"NO"	0	1	"TRUNK, REGIONAL LYMPH NODE"	"482"	"517"	""	""	""	""	"685"	"LUNG, LIVER"	"LUNG, LIVER, BRAIN, OTHER (SOFT TISSUE), OTHER (MEDIASTINUM)"	"1532"	"BREAST (PARENCHYMAL)"	0	1	"55"	"DIAGNOSED"	37.85479452	"BREAST"	"BREAST,LIVER,LUNG,BRAIN"	"LIVER,LUNG"	"YES"	"YES"	"YES"	"AFTER"	"YES"	"NO"	"NO"	"NO"	"WHITE"	""	""	""	""	""	""	""	""	"True"	37	"BREAST (PARENCHYMAL)"	"Non-RAAS/LAAS"	5	"ASCProject_0055_T2"	37	"Breast (Parenchymal)"
"RP-1447_ASCProject_0061_T1_v1_RNA_OnPrem"	"ASCProject_0061_T1"	"Tumor"	"ASCProject_0061"	"RNA"	"T1"	"ASCProject_0061_T1"	"LCSET-18352"	"LCSET-18352"	NA	""	""	""	""	""	""	"ASCProject_0061"	"Breast (Parenchymal)"	"Breast, Bone, Liver"	"Breast (Parenchymal)"	"Breast"	"Breast, Bone, Liver"	"Breast, Bone, Liver"	NA	9	"46"	"F"	"BREAST (PARENCHYMAL)"	"RIGHT BREAST"	0	"NO"	0	0	""	""	""	""	""	""	""	"1856"	"OTHER [LEFT BREAST], BONE, LIVER"	"OTHER [LEFT BREAST], BONE, LIVER"	"1996"	"BREAST (PARENCHYMAL)"	0	1	"61"	"DIAGNOSED"	46.29041096	"BREAST"	"BREAST"	"NED"	"YES"	"YES"	"YES"	"AFTER"	"NO"	"NO"	"NO"	"NO"	"WHITE"	""	""	""	""	""	""	""	""	"True"	46	"BREAST (PARENCHYMAL)"	"Non-RAAS/LAAS"	3	"ASCProject_0061_T1"	46	"Breast (Parenchymal)"
"RP-1447_ASCProject_0063_T1_v1_RNA_OnPrem"	"ASCProject_0063_T1"	"Tumor"	"ASCProject_0063"	"RNA"	"T1"	"ASCProject_0063_T1"	"LCSET-18352"	"LCSET-18352"	NA	""	""	""	""	""	""	"ASCProject_0063"	"HNFS"	"Distant Lymph Node, Bone, Other Soft Tissues"	"HNFS"	"Scalp"	"Distant Lymph Node, Bone, Neck, Head"	"Distant Lymph Node, Bone, Neck, Head"	NA	5	"74"	"M"	"HNFS"	"RIGHT SCALP"	0	"NO"	1	1	"HNFS"	"705"	""	""	""	""	""	"705"	"DISTANT LYMPH NODE, BONE, OTHER (NECK MUSCLE), OTHER(PARATOID GLAND)"	"DISTANT LYMPH NODE, BONE, OTHER (NECK MUSCLE), OTHER(PARATOID GLAND)"	"852"	"HNFS"	0	1	"63"	"DIAGNOSED"	75.46575342	"SCALP"	"SCALP"	"NED"	"YES"	"YES"	"YES"	"AFTER"	"YES"	"YES"	"YES"	"NO"	"WHITE"	""	""	""	""	""	""	""	""	"True"	74	"HNFS"	"Non-RAAS/LAAS"	4	"ASCProject_0063_T1"	74	"HNFS"
"RP-1447_ASCProject_0063_T3_v1_RNA_OnPrem"	"ASCProject_0063_T3"	"Tumor"	"ASCProject_0063"	"RNA"	"T3"	"ASCProject_0063_T3"	"LCSET-17718"	"LCSET-17718"	-114	"HEADFACENECKSCALP"	"Resection"	"YES"	"NO"	"NO"	"HIGH"	"ASCProject_0063"	"HNFS"	"Distant Lymph Node, Bone, Other Soft Tissues"	"HNFS"	"Scalp"	"Distant Lymph Node, Bone, Neck, Head"	"Distant Lymph Node, Bone, Neck, Head"	NA	5	"74"	"M"	"HNFS"	"RIGHT SCALP"	0	"NO"	1	1	"HNFS"	"705"	""	""	""	""	""	"705"	"DISTANT LYMPH NODE, BONE, OTHER (NECK MUSCLE), OTHER(PARATOID GLAND)"	"DISTANT LYMPH NODE, BONE, OTHER (NECK MUSCLE), OTHER(PARATOID GLAND)"	"852"	"HNFS"	0	1	"63"	"DIAGNOSED"	75.46575342	"SCALP"	"SCALP"	"NED"	"YES"	"YES"	"YES"	"AFTER"	"YES"	"YES"	"YES"	"NO"	"WHITE"	""	""	""	""	""	""	""	""	"True"	74	"HNFS"	"Non-RAAS/LAAS"	4	"ASCProject_0063_T3"	74	"HNFS"
"RP-1447_ASCProject_0064_T2_v1_RNA_OnPrem"	"ASCProject_0064_T2"	"Tumor"	"ASCProject_0064"	"RNA"	"T2"	"ASCProject_0064_T2"	"LCSET-23758"	"LCSET-23758"	4380	"LUNG"	"RESECTION"	"YES (FOCAL)"	"YES"	"NO"	"HIGH"	"ASCProject_0064"	"HNFS"	"Lung, Bone"	"HNFS"	"Forehead"	"Lung"	"Lung, Bone"	NA	5	"32"	"F"	"HNFS"	"LEFT FOREHEAD"	0	"NO"	1	0	""	""	""	""	""	""	""	"4146"	"LUNG"	"LUNG, BONE"	"5124"	"HNFS"	0	1	"64"	"DIAGNOSED"	32.65753425	"SCALP"	"SCALP,LUNG"	"LUNG"	"YES"	"YES"	"YES"	"AFTER"	"YES"	"NO"	"NO"	"NO"	"WHITE"	""	""	""	""	""	""	""	""	"True"	32	"HNFS"	"Non-RAAS/LAAS"	2	"ASCProject_0064_T2"	32	"HNFS"
"RP-1447_ASCProject_0065_T1A_v1_RNA_OnPrem"	"ASCProject_0065_T1A"	"Tumor"	"ASCProject_0065"	"RNA"	"T1A"	"ASCProject_0065_T1A"	"LCSET-20590"	"LCSET-20590"	NA	""	""	""	""	""	""	"ASCProject_0065"	"Musculoskeletal"	"No Mets"	"Retroperitoneum"	"Retroperitoneum"	"No Mets"	"No Mets"	NA	9	"60"	"F"	"OTHER (LEFT RETROPERITONEUM, ADRENAL GLAND)"	"LEFT RETROPERITONEAL MASS/ADRENAL GLAND"	0	"NO"	0	0	""	""	""	""	""	""	""	""	"NO METS"	"NO METS"	"2501"	"OTHER"	0	0	"65"	"DIAGNOSED"	60.22191781	"SPLEEN,OTHER"	"OTHER"	"NED"	"YES"	"YES"	"NO"	""	"NO"	"YES"	"NO"	"NO"	"WHITE"	""	""	""	""	""	""	""	""	"True"	60	"OTHER"	"Non-RAAS/LAAS"	0	"ASCProject_0065_T1A"	60	"Musculoskeletal"
"RP-1447_ASCProject_0065_T1B_v1_RNA_OnPrem"	"ASCProject_0065_T1B"	"Tumor"	"ASCProject_0065"	"RNA"	"T1B"	"ASCProject_0065_T1B"	"LCSET-20590"	"LCSET-20590"	NA	""	""	""	""	""	""	"ASCProject_0065"	"Musculoskeletal"	"No Mets"	"Retroperitoneum"	"Retroperitoneum"	"No Mets"	"No Mets"	NA	9	"60"	"F"	"OTHER (LEFT RETROPERITONEUM, ADRENAL GLAND)"	"LEFT RETROPERITONEAL MASS/ADRENAL GLAND"	0	"NO"	0	0	""	""	""	""	""	""	""	""	"NO METS"	"NO METS"	"2501"	"OTHER"	0	0	"65"	"DIAGNOSED"	60.22191781	"SPLEEN,OTHER"	"OTHER"	"NED"	"YES"	"YES"	"NO"	""	"NO"	"YES"	"NO"	"NO"	"WHITE"	""	""	""	""	""	""	""	""	"True"	60	"OTHER"	"Non-RAAS/LAAS"	0	"ASCProject_0065_T1B"	60	"Musculoskeletal"
"RP-1447_ASCProject_0068_T1_v1_RNA_OnPrem"	"ASCProject_0068_T1"	"Tumor"	"ASCProject_0068"	"RNA"	"T1"	"ASCProject_0068_T1"	"LCSET-23758"	"LCSET-23758"	0	"ABDOMEN"	"EXCISION"	"YES (FOCAL)"	"YES"	"YES"	"HIGH"	"ASCProject_0068"	"Musculoskeletal"	"No Mets"	"Retroperitoneum"	"Retroperitoneum"	"No Mets"	"No Mets"	NA	5	"55"	"F"	"OTHER (LEFT PELVIS, RETROPERITONEUM)"	"LEFT PELVIC/RETROPERITONEAL MASS"	0	"NO"	0	0	""	""	""	""	""	""	""	""	"NO METS"	"NO METS"	"1883"	"OTHER"	0	0	"68"	"DIAGNOSED"	55.6739726	"ABDOMINAL"	"ABDOMINAL"	"NED"	"YES"	"NO"	"NO"	""	"NO"	"YES"	"NO"	"NO"	"WHITE"	""	""	""	""	""	""	""	""	"True"	55	"OTHER"	"Non-RAAS/LAAS"	0	"ASCProject_0068_T1"	55	"Musculoskeletal"
"RP-1447_ASCProject_0076_T1_v1_RNA_OnPrem"	"ASCProject_0076_T1"	"Tumor"	"ASCProject_0076"	"RNA"	"T1"	"ASCProject_0076_T1"	"LCSET-23758"	"LCSET-23758"	42	"BREAST"	"MASTECTOMY"	"YES"	"NO"	"NO"	"LOW"	"ASCProject_0076"	"Breast (Parenchymal)"	"No Mets"	"Breast (Parenchymal)"	"Breast"	"No Mets"	"No Mets"	NA	5	"51"	"F"	"BREAST (PARENCHYMAL)"	"RIGHT BREAST"	0	"NO"	0	0	""	""	""	""	""	""	""	""	"NO METS"	"NO METS"	"709"	"BREAST (PARENCHYMAL)"	0	0	"76"	"DIAGNOSED"	51.70136986	"BREAST"	"BREAST"	"NED"	"YES"	"YES"	"YES"	"AFTER"	"NO"	"NO"	"NO"	"NO"	"WHITE"	""	""	""	""	""	""	""	""	"True"	51	"BREAST (PARENCHYMAL)"	"Non-RAAS/LAAS"	0	"ASCProject_0076_T1"	51	"Breast (Parenchymal)"
"RP-1447_ASCProject_0078_T6_v1_RNA_OnPrem"	"ASCProject_0078_T6"	"Tumor"	"ASCProject_0078"	"RNA"	"T6"	"ASCProject_0078_T6"	"LCSET-24411"	"LCSET-24411"	NA	""	""	""	""	""	""	"ASCProject_0078"	"Breast (Cutaneous)"	"No Mets"	"Breast (Cutaneous)"	"Breast Skin"	"No Mets"	"No Mets"	NA	11	"64"	"F"	"BREAST (CUTANEOUS)"	"LEFT BREAST SKIN"	1	"NO"	1	1	"LEFT CHEST WALL SKIN, LEFT CHEST WALL SKIN, LEFT CHEST WALL SKIN, LEFT CHEST WALL SKIN, LEFT CHEST WALL SKIN"	"1962"	"2345"	"2904"	"3136"	"3653"	""	""	"NO METS"	"NO METS"	"4178"	"BREAST (CUTANEOUS)"	0	0	"78"	"DIAGNOSED"	64.82465753	"BREAST"	"BREAST,LYMPH"	"BREAST"	"YES"	"YES"	"NO"	""	"NO"	"YES"	"YES"	"NO"	"WHITE"	""	""	""	""	""	""	""	""	"True"	64	"BREAST (CUTANEOUS)"	"RAAS"	0	"ASCProject_0078_T6"	64	"Breast (Cutaneous)"
"RP-1447_ASCProject_0078_T8_v1_RNA_OnPrem"	"ASCProject_0078_T8"	"Tumor"	"ASCProject_0078"	"RNA"	"T8"	"ASCProject_0078_T8"	"LCSET-24411"	"LCSET-24411"	NA	""	""	""	""	""	""	"ASCProject_0078"	"Breast (Cutaneous)"	"No Mets"	"Breast (Cutaneous)"	"Breast Skin"	"No Mets"	"No Mets"	NA	11	"64"	"F"	"BREAST (CUTANEOUS)"	"LEFT BREAST SKIN"	1	"NO"	1	1	"LEFT CHEST WALL SKIN, LEFT CHEST WALL SKIN, LEFT CHEST WALL SKIN, LEFT CHEST WALL SKIN, LEFT CHEST WALL SKIN"	"1962"	"2345"	"2904"	"3136"	"3653"	""	""	"NO METS"	"NO METS"	"4178"	"BREAST (CUTANEOUS)"	0	0	"78"	"DIAGNOSED"	64.82465753	"BREAST"	"BREAST,LYMPH"	"BREAST"	"YES"	"YES"	"NO"	""	"NO"	"YES"	"YES"	"NO"	"WHITE"	""	""	""	""	""	""	""	""	"True"	64	"BREAST (CUTANEOUS)"	"RAAS"	0	"ASCProject_0078_T8"	64	"Breast (Cutaneous)"
"RP-1447_ASCProject_0082_T1_v1_RNA_OnPrem"	"ASCProject_0082_T1"	"Tumor"	"ASCProject_0082"	"RNA"	"T1"	"ASCProject_0082_T1"	"LCSET-23758"	"LCSET-23758"	0	"HEADFACENECKSCALP"	""	""	""	""	""	"ASCProject_0082"	"HNFS"	"No Mets"	"HNFS"	"Temple"	"No Mets"	"No Mets"	NA	2	"60"	"M"	"HNFS"	"LEFT TEMPLE"	0	"NO"	1	0	""	""	""	""	""	""	""	""	"NO METS"	"NO METS"	"794"	"HNFS"	0	0	"82"	"DIAGNOSED"	60.89863014	"HEADFACENECK"	"HEADFACENECK"	"NED"	"YES"	"YES"	"NO"	""	"NO"	"NO"	"NO"	"NO"	"WHITE"	""	""	""	""	""	""	""	""	"True"	60	"HNFS"	"Non-RAAS/LAAS"	0	"ASCProject_0082_T1"	60	"HNFS"
"RP-1447_ASCProject_0088_T3_v1_RNA_OnPrem"	"ASCProject_0088_T3"	"Tumor"	"ASCProject_0088"	"RNA"	"T3"	"ASCProject_0088_T3"	"LCSET-23758"	"LCSET-23758"	782	"CHEST"	""	""	""	""	""	"ASCProject_0088"	"Breast (Cutaneous)"	"No Mets"	"Breast (Cutaneous)"	"Breast Skin"	"No Mets"	"No Mets"	NA	2	"47"	"F"	"BREAST (CUTANEOUS)"	"RIGHT BREAST SKIN"	1	"NO"	1	1	"RIGHT CHEST WALL SKIN"	"782"	""	""	""	""	""	""	"NO METS"	"NO METS"	"1288"	"BREAST (CUTANEOUS)"	0	0	"88"	"DIAGNOSED"	47.13424658	"BREAST"	"BREAST"	"BREAST"	"YES"	"YES"	"YES"	"BOTH"	"YES"	"YES"	"YES"	"NO"	"WHITE"	""	""	""	""	""	""	""	""	"True"	47	"BREAST (CUTANEOUS)"	"RAAS"	0	"ASCProject_0088_T3"	47	"Breast (Cutaneous)"
"RP-1447_ASCProject_0089_T1_v1_RNA_OnPrem"	"ASCProject_0089_T1"	"Tumor"	"ASCProject_0089"	"RNA"	"T1"	"ASCProject_0089_T1"	"LCSET-23758"	"LCSET-23758"	0	"BREAST"	"EXCISION"	"YES"	"NO"	"YES"	"HIGH"	"ASCProject_0089"	"Breast (Parenchymal)"	"No Mets"	"Breast (Parenchymal)"	"Breast"	"No Mets"	"No Mets"	NA	5	"34"	"F"	"BREAST (PARENCHYMAL)"	"RIGHT BREAST"	0	"NO"	0	0	""	""	""	""	""	""	""	""	"NO METS"	"NO METS"	"1525"	"BREAST (PARENCHYMAL)"	0	0	"89"	"DIAGNOSED"	34.39452055	"BREAST"	"BREAST"	"NED"	"YES"	"YES"	"NO"	""	"NO"	"NO"	"NO"	"NO"	"WHITE"	""	""	""	""	""	""	""	""	"True"	34	"BREAST (PARENCHYMAL)"	"Non-RAAS/LAAS"	0	"ASCProject_0089_T1"	34	"Breast (Parenchymal)"
"RP-1447_ASCProject_0092_T1_v1_RNA_OnPrem"	"ASCProject_0092_T1"	"Tumor"	"ASCProject_0092"	"RNA"	"T1"	"ASCProject_0092_T1"	"LCSET-20214"	"LCSET-20214"	NA	""	""	""	""	""	""	"ASCProject_0092"	"Breast (Parenchymal)"	"No Mets"	"Breast (Parenchymal)"	"Breast"	"No Mets"	"No Mets"	NA	9	"54"	"F"	"BREAST (PARENCHYMAL)"	"LEFT BREAST"	0	"NO"	0	0	""	""	""	""	""	""	""	""	"NO METS"	"NO METS"	"2218"	"BREAST (PARENCHYMAL)"	0	0	"92"	"DIAGNOSED"	54.80273973	"BREAST"	"BREAST"	"NED"	"YES"	"YES"	"NO"	""	"NO"	"NO"	"NO"	"NO"	"WHITE"	""	""	""	""	""	""	""	""	"True"	54	"BREAST (PARENCHYMAL)"	"Non-RAAS/LAAS"	0	"ASCProject_0092_T1"	54	"Breast (Parenchymal)"
"RP-1447_ASCProject_0097_T2_v1_RNA_OnPrem"	"ASCProject_0097_T2"	"Tumor"	"ASCProject_0097"	"RNA"	"T2"	"ASCProject_0097_T2"	"LCSET-23758"	"LCSET-23758"	1092	"HEADFACENECKSCALP"	"EXCISION"	"YES"	"NO"	"YES"	"HIGH"	"ASCProject_0097"	"HNFS"	"Bone, Other Soft Tissues, Visceral Organ"	"HNFS"	"Neck"	"Bone"	"Bone, Skin, Visceral Organ"	NA	5	"38"	"F"	"HNFS"	"RIGHT NECK"	1	"NO"	1	1	"HNFS, HNFS, HNFS, HNFS, HNFS, HNFS"	"395"	"1066"	"2830"	"3138"	"3243"	"4329"	"425"	"BONE"	"BONE, SKIN, VISCERAL ORGAN"	"4759"	"HNFS"	0	1	"97"	"DIAGNOSED"	38.47671233	"HEADFACENECK"	"HEADFACENECK,LIVER,BONELIMB,OTHER"	"HEADFACENECK,LIVER,BONELIMB,OTHER"	"YES"	"NO"	"NO"	""	"YES"	"YES"	"NO"	"NO"	"WHITE"	""	""	""	""	""	""	""	""	"True"	38	"HNFS"	"RAAS"	3	"ASCProject_0097_T2"	38	"HNFS"
"RP-1447_ASCProject_0097_T3_v1_RNA_OnPrem"	"ASCProject_0097_T3"	"Tumor"	"ASCProject_0097"	"RNA"	"T3"	"ASCProject_0097_T3"	"LCSET-23758"	"LCSET-23758"	2394	"HEADFACENECKSCALP"	"RESECTION"	"YES"	"NO"	"YES"	"HIGH"	"ASCProject_0097"	"HNFS"	"Bone, Other Soft Tissues, Visceral Organ"	"HNFS"	"Neck"	"Bone"	"Bone, Skin, Visceral Organ"	NA	5	"38"	"F"	"HNFS"	"RIGHT NECK"	1	"NO"	1	1	"HNFS, HNFS, HNFS, HNFS, HNFS, HNFS"	"395"	"1066"	"2830"	"3138"	"3243"	"4329"	"425"	"BONE"	"BONE, SKIN, VISCERAL ORGAN"	"4759"	"HNFS"	0	1	"97"	"DIAGNOSED"	38.47671233	"HEADFACENECK"	"HEADFACENECK,LIVER,BONELIMB,OTHER"	"HEADFACENECK,LIVER,BONELIMB,OTHER"	"YES"	"NO"	"NO"	""	"YES"	"YES"	"NO"	"NO"	"WHITE"	""	""	""	""	""	""	""	""	"True"	38	"HNFS"	"RAAS"	3	"ASCProject_0097_T3"	38	"HNFS"
"RP-1447_ASCProject_0097_T4_v1_RNA_OnPrem"	"ASCProject_0097_T4"	"Tumor"	"ASCProject_0097"	"RNA"	"T4"	"ASCProject_0097_T4"	"LCSET-23758"	"LCSET-23758"	2837	"HEADFACENECKSCALP"	"RESECTION"	"YES"	"NO"	"YES"	"HIGH"	"ASCProject_0097"	"HNFS"	"Bone, Other Soft Tissues, Visceral Organ"	"HNFS"	"Neck"	"Bone"	"Bone, Skin, Visceral Organ"	NA	5	"38"	"F"	"HNFS"	"RIGHT NECK"	1	"NO"	1	1	"HNFS, HNFS, HNFS, HNFS, HNFS, HNFS"	"395"	"1066"	"2830"	"3138"	"3243"	"4329"	"425"	"BONE"	"BONE, SKIN, VISCERAL ORGAN"	"4759"	"HNFS"	0	1	"97"	"DIAGNOSED"	38.47671233	"HEADFACENECK"	"HEADFACENECK,LIVER,BONELIMB,OTHER"	"HEADFACENECK,LIVER,BONELIMB,OTHER"	"YES"	"NO"	"NO"	""	"YES"	"YES"	"NO"	"NO"	"WHITE"	""	""	""	""	""	""	""	""	"True"	38	"HNFS"	"RAAS"	3	"ASCProject_0097_T4"	38	"HNFS"
"RP-1447_ASCProject_0099_T1A_v1_RNA_OnPrem"	"ASCProject_0099_T1A"	"Tumor"	"ASCProject_0099"	"RNA"	"T1A"	"ASCProject_0099_T1A"	"LCSET-18352"	"LCSET-18352"	NA	""	""	""	""	""	""	"ASCProject_0099"	"Breast (Cutaneous)"	"No Mets"	"Breast (Cutaneous)"	"Breast"	"No Mets"	"No Mets"	NA	9	"70"	"F"	"BREAST (CUTANEOUS)"	"RIGHT BREAST"	1	"NO"	1	0	""	""	""	""	""	""	""	""	"NO METS"	"NO METS"	"268"	"BREAST (CUTANEOUS)"	0	0	"99"	"DIAGNOSED"	70.39178082	"BREAST"	"BREAST"	"BREAST"	"NO"	""	"NO"	""	"YES"	"YES"	"NO"	"NO"	"WHITE"	""	""	""	""	""	""	""	""	"True"	70	"BREAST (CUTANEOUS)"	"RAAS"	0	"ASCProject_0099_T1A"	70	"Breast (Cutaneous)"
"RP-1447_ASCProject_0101_T1_v1_RNA_OnPrem"	"ASCProject_0101_T1"	"Tumor"	"ASCProject_0101"	"RNA"	"T1"	"ASCProject_0101_T1"	"LCSET-23758"	"LCSET-23758"	0	"BONELIMB"	""	""	""	""	""	"ASCProject_0101"	"Extremities"	"Lung"	"Upper Extremity"	"Shoulder"	"Lung"	"Lung"	NA	2	"37"	"M"	"EXTREMITY"	"RIGHT SHOULDER"	0	"NO"	0	0	""	""	""	""	""	""	""	"407"	"LUNG"	"LUNG"	"538"	"EXTREMITY"	0	1	""	""	NA	""	""	""	""	""	""	""	""	""	""	""	""	""	""	""	""	""	""	""	""	"True"	37	"BONELIMB"	"Non-RAAS/LAAS"	1	"ASCProject_0101_T1"	37	"Extremities"
"RP-1447_ASCProject_0102_T1_v1_RNA_OnPrem"	"ASCProject_0102_T1"	"Tumor"	"ASCProject_0102"	"RNA"	"T1"	"ASCProject_0102_T1"	"LCSET-23758"	"LCSET-23758"	0	"BREAST"	"BIOPSY"	"YES"	"NO"	"YES"	"LOW"	"ASCProject_0102"	"Breast (Parenchymal)"	"No Mets"	"Breast (Parenchymal)"	"Breast"	"No Mets"	"No Mets"	NA	5	"31"	"F"	"BREAST (PARENCHYMAL)"	"LEFT BREAST"	0	"NO"	0	0	""	""	""	""	""	""	""	""	"NO METS"	"NO METS"	"1285"	"BREAST (PARENCHYMAL)"	0	0	"102"	"DIAGNOSED"	31.84931507	"BREAST"	"BREAST"	"NED"	"YES"	"YES"	"NO"	""	"NO"	"NO"	"NO"	"NO"	"WHITE"	""	""	""	""	""	""	""	""	"True"	31	"BREAST (PARENCHYMAL)"	"Non-RAAS/LAAS"	0	"ASCProject_0102_T1"	31	"Breast (Parenchymal)"
"RP-1447_ASCProject_0102_T2_v2_RNA_OnPrem"	"ASCProject_0102_T2"	"Tumor"	"ASCProject_0102"	"RNA"	"T2"	"ASCProject_0102_T2"	"LCSET-23758"	"LCSET-23758"	187	"BREAST"	"MASTECTOMY"	"YES"	"NO"	"YES"	"LOW"	"ASCProject_0102"	"Breast (Parenchymal)"	"No Mets"	"Breast (Parenchymal)"	"Breast"	"No Mets"	"No Mets"	NA	5	"31"	"F"	"BREAST (PARENCHYMAL)"	"LEFT BREAST"	0	"NO"	0	0	""	""	""	""	""	""	""	""	"NO METS"	"NO METS"	"1285"	"BREAST (PARENCHYMAL)"	0	0	"102"	"DIAGNOSED"	31.84931507	"BREAST"	"BREAST"	"NED"	"YES"	"YES"	"NO"	""	"NO"	"NO"	"NO"	"NO"	"WHITE"	""	""	""	""	""	""	""	""	"True"	31	"BREAST (PARENCHYMAL)"	"Non-RAAS/LAAS"	0	"ASCProject_0102_T2"	31	"Breast (Parenchymal)"
"RP-1447_ASCProject_0105_T1_v1_RNA_OnPrem"	"ASCProject_0105_T1"	"Tumor"	"ASCProject_0105"	"RNA"	"T1"	"ASCProject_0105_T1"	"LCSET-18352"	"LCSET-18352"	NA	""	""	""	""	""	""	"ASCProject_0105"	"Breast (Parenchymal)"	"No Mets"	"Breast (Parenchymal)"	"Breast"	"No Mets"	"No Mets"	NA	9	"46"	"F"	"BREAST (PARENCHYMAL)"	"RIGHT BREAST"	0	"NO"	0	0	""	""	""	""	""	""	""	""	"NO METS"	"NO METS"	"1789"	"BREAST (PARENCHYMAL)"	0	0	"105"	"DIAGNOSED"	46.57534247	"BREAST"	"BREAST"	"NED"	"YES"	"YES"	"YES"	"AFTER"	"NO"	"NO"	"NO"	"YES"	""	""	""	""	""	""	""	""	""	"True"	46	"BREAST (PARENCHYMAL)"	"Non-RAAS/LAAS"	0	"ASCProject_0105_T1"	46	"Breast (Parenchymal)"
"RP-1447_ASCProject_0109_T2_v1_RNA_OnPrem"	"ASCProject_0109_T2"	"Tumor"	"ASCProject_0109"	"RNA"	"T2"	"ASCProject_0109_T2"	"LCSET-18352"	"LCSET-18352"	NA	""	""	""	""	""	""	"ASCProject_0109"	"Breast (Cutaneous)"	"Breast, Liver, Bone"	"Breast (Cutaneous)"	"Breast"	"Breast"	"Breast, Liver, Bone Marrow"	NA	9	"55"	"F"	"BREAST (CUTANEOUS)"	"LEFT BREAST"	1	"NO"	1	1	"LEFT BREAST SKIN, LEFT CHEST WALL"	"610"	"1492"	""	""	""	""	"1060"	"OTHER (RIGHT BREAST SKIN)"	"OTHER(RIGHT BREAST SKIN), LIVER, OTHER [BONE MARROW, PERITONEAL FLUID]"	"2543"	"BREAST (CUTANEOUS)"	0	1	"109"	"DIAGNOSED"	55.75616438	"BREAST"	"BREAST"	"BREAST"	"YES"	"NO"	"NO"	""	"NO"	"YES"	"YES"	"NO"	"WHITE"	""	""	""	""	""	""	""	""	"True"	55	"BREAST (CUTANEOUS)"	"RAAS"	4	"ASCProject_0109_T2"	55	"Breast (Cutaneous)"
"RP-1447_ASCProject_0117_T1_v1_RNA_OnPrem"	"ASCProject_0117_T1"	"Tumor"	"ASCProject_0117"	"RNA"	"T1"	"ASCProject_0117_T1"	"LCSET-18352"	"LCSET-18352"	NA	""	""	""	""	""	""	"ASCProject_0117"	"Breast (Parenchymal)"	"No Mets"	"Breast (Parenchymal)"	"Breast"	"No Mets"	"No Mets"	NA	9	"40"	"F"	"BREAST (PARENCHYMAL)"	"LEFT BREAST"	0	"NO"	0	0	""	""	""	""	""	""	""	""	"NO METS"	"NO METS"	"721"	"BREAST (PARENCHYMAL)"	0	0	"117"	"DIAGNOSED"	40.88493151	"BREAST"	"BREAST"	"NED"	"YES"	"YES"	"YES"	"AFTER"	"NO"	"NO"	"NO"	"NO"	"WHITE"	""	""	""	""	""	""	""	""	"True"	40	"BREAST (PARENCHYMAL)"	"Non-RAAS/LAAS"	0	"ASCProject_0117_T1"	40	"Breast (Parenchymal)"
"RP-1447_ASCProject_0118_T1_v1_RNA_OnPrem"	"ASCProject_0118_T1"	"Tumor"	"ASCProject_0118"	"RNA"	"T1"	"ASCProject_0118_T1"	"LCSET-18352"	"LCSET-18352"	NA	""	""	""	""	""	""	"ASCProject_0118"	"Breast (Cutaneous)"	"Bone"	"Breast (Cutaneous)"	"Breast"	"Bone"	"Bone"	NA	9	"45"	"F"	"BREAST (CUTANEOUS)"	"LEFT BREAST"	1	"NO"	1	0	""	""	""	""	""	""	""	"13"	"BONE"	"BONE"	"1392"	"BREAST (CUTANEOUS)"	0	1	"118"	"DIAGNOSED"	45.20273973	"BREAST"	"BREAST,BONELIMB,OTHER"	"NED"	"YES"	"YES"	"NO"	""	"NO"	"YES"	"YES"	"NO"	"WHITE"	""	""	""	""	""	""	""	""	"True"	45	"BREAST (CUTANEOUS)"	"RAAS"	1	"ASCProject_0118_T1"	45	"Breast (Cutaneous)"
"RP-1447_ASCProject_0121_T2A_v1_RNA_OnPrem"	"ASCProject_0121_T2A"	"Tumor"	"ASCProject_0121"	"RNA"	"T2A"	"ASCProject_0121_T2A"	"LCSET-23758"	"LCSET-23758"	0	"BREAST"	"CORE BIOPSY "	"YES"	"NO"	"YES"	"HIGH"	"ASCProject_0121"	"Breast (Parenchymal)"	"Liver"	"Breast (Parenchymal)"	"Breast"	"Liver"	"Liver"	NA	4	"64"	"F"	"BREAST (PARENCHYMAL)"	"LEFT BREAST"	0	"NO"	0	0	""	""	""	""	""	""	""	"595"	"LIVER"	"LIVER"	"3605"	"BREAST (PARENCHYMAL)"	0	1	"121"	"DIAGNOSED"	64.59452055	"BREAST"	"BREAST,LIVER"	"NED"	"YES"	"YES"	"NO"	""	"NO"	"YES"	"NO"	"NO"	"WHITE"	""	""	""	""	""	""	""	""	"True"	64	"BREAST (PARENCHYMAL)"	"Non-RAAS/LAAS"	1	"ASCProject_0121_T2A"	64	"Breast (Parenchymal)"
"RP-1447_ASCProject_0134_T1_v1_RNA_OnPrem"	"ASCProject_0134_T1"	"Tumor"	"ASCProject_0134"	"RNA"	"T1"	"ASCProject_0134_T1"	"LCSET-23758"	"LCSET-23758"	0	"HEADFACENECKSCALP"	"BIOPSY"	"NO"	"NO"	"YES"	"HIGH"	"ASCProject_0134"	"HNFS"	"No Mets"	"HNFS"	"Scalp"	"No Mets"	"No Mets"	NA	5	"62"	"F"	"HNFS"	"SCALP"	0	"NO"	1	1	"HNFS"	"863"	""	""	""	""	""	""	"NO METS"	"NO METS"	"1821"	"HNFS"	0	0	"134"	"DIAGNOSED"	62.79452055	"SCALP"	"HEADFACENECK,SCALP"	"HEADFACENECK,SCALP"	"YES"	"YES"	"NO"	""	"YES"	"YES"	"NO"	"NO"	"WHITE"	""	""	""	""	""	""	""	""	"True"	62	"HNFS"	"Non-RAAS/LAAS"	0	"ASCProject_0134_T1"	62	"HNFS"
"RP-1447_ASCProject_0135_T2_v1_RNA_OnPrem"	"ASCProject_0135_T2"	"Tumor"	"ASCProject_0135"	"RNA"	"T2"	"ASCProject_0135_T2"	"LCSET-23758"	"LCSET-23758"	37	"BREAST"	"MASTECTOMY"	"NO"	"YES"	"NO"	"HIGH"	"ASCProject_0135"	"Breast (Cutaneous)"	"Distant Lymph Node"	"Breast (Cutaneous)"	"Breast"	"Distant Lymph Node"	"Distant Lymph Node"	NA	4	"66"	"F"	"BREAST (CUTANEOUS)"	"RIGHT BREAST "	1	"NO"	1	1	"REGIONAL LYMPH NODE"	"119"	""	""	""	""	""	"119"	"DISTANT LYMPH NODE"	"DISTANT LYMPH NODE"	"1027"	"BREAST (CUTANEOUS)"	0	1	"135"	"DIAGNOSED"	66.71780822	"BREAST"	"BREAST"	"NED"	"YES"	"YES"	"NO"	""	"NO"	"YES"	"YES"	"NO"	"WHITE"	""	""	""	""	""	""	""	""	"True"	66	"BREAST (CUTANEOUS)"	"RAAS"	1	"ASCProject_0135_T2"	66	"Breast (Cutaneous)"
"RP-1447_ASCProject_0145_T2_v1_RNA_OnPrem"	"ASCProject_0145_T2"	"Tumor"	"ASCProject_0145"	"RNA"	"T2"	"ASCProject_0145_T2"	"LCSET-23758"	"LCSET-23758"	11	"BREAST"	"EXCISION"	"YES"	"NO"	"YES"	"HIGH"	"ASCProject_0145"	"Breast (Parenchymal)"	"Bone, Liver"	"Breast (Parenchymal)"	"Breast"	"Bone, Liver"	"Bone, Liver"	NA	5	"27"	"F"	"BREAST (PARENCHYMAL)"	"RIGHT BREAST"	0	"NO"	0	0	""	""	""	""	""	""	""	"318"	"BONE, LIVER"	"BONE, LIVER"	"867"	"BREAST (PARENCHYMAL)"	0	1	"145"	"DIAGNOSED"	28.9369863	"BREAST"	"BREAST,LIVER,LUNG,OTHER"	"LIVER,LUNG,OTHER"	"YES"	"YES"	"NO"	""	"YES"	"NO"	"NO"	"NO"	"WHITE"	""	""	""	""	""	""	""	""	"True"	27	"BREAST (PARENCHYMAL)"	"Non-RAAS/LAAS"	2	"ASCProject_0145_T2"	27	"Breast (Parenchymal)"
"RP-1447_ASCProject_0146_T1A_v1_RNA_OnPrem"	"ASCProject_0146_T1A"	"Tumor"	"ASCProject_0146"	"RNA"	"T1A"	"ASCProject_0146_T1A"	"LCSET-23758"	"LCSET-23758"	49	"BREAST"	""	""	""	""	""	"ASCProject_0146"	"Breast (Cutaneous)"	"No Mets"	"Breast (Cutaneous)"	"Breast"	"No Mets"	"No Mets"	NA	2	"67"	"F"	"BREAST (CUTANEOUS)"	"RIGHT BREAST"	1	"NO"	1	1	"RIGHT BREAST SKIN"	"105"	""	""	""	""	""	""	"NO METS"	"NO METS"	"1901"	"BREAST (CUTANEOUS)"	0	0	"146"	"DIAGNOSED"	67.47671233	"BREAST"	"BREAST"	"NED"	"YES"	"NO"	"NO"	""	"YES"	"YES"	"YES"	"NO"	"WHITE"	""	""	""	""	""	""	""	""	"True"	67	"BREAST (CUTANEOUS)"	"RAAS"	0	"ASCProject_0146_T1A"	67	"Breast (Cutaneous)"
"RP-1447_ASCProject_0148_T0_v1_RNA_OnPrem"	"ASCProject_0148_T0"	"Tumor"	"ASCProject_0148"	"RNA"	"T0"	"ASCProject_0148_T0"	"LCSET-18352"	"LCSET-18352"	NA	""	""	""	""	""	""	"ASCProject_0148"	"Breast (Cutaneous)"	"No Mets"	"Breast (Cutaneous)"	"Breast Skin"	"No Mets"	"No Mets"	NA	4	"56"	"F"	"BREAST (CUTANEOUS)"	"RIGHT BREAST SKIN"	1	"YES"	1	1	"RIGHT CHEST WALL SKIN"	"293"	""	""	""	""	""	""	"NO METS"	"NO METS"	"465"	"BREAST (CUTANEOUS)"	1	0	"148"	"DIAGNOSED"	56.4630137	"BREAST"	"BREAST"	"BREAST"	"YES"	"YES"	"NO"	""	"NO"	"YES"	"YES"	"NO"	"WHITE"	""	""	""	""	""	""	""	""	"True"	56	"BREAST (CUTANEOUS)"	"RAAS & LAAS"	0	"ASCProject_0148_T0"	56	"Breast (Cutaneous)"
"RP-1447_ASCProject_0153_T2_v1_RNA_OnPrem"	"ASCProject_0153_T2"	"Tumor"	"ASCProject_0153"	"RNA"	"T2"	"ASCProject_0153_T2"	"LCSET-23758"	"LCSET-23758"	377	"BONELIMB"	"BIOPSY "	"YES"	"NO"	"YES"	"HIGH"	"ASCProject_0153"	"Hepatobiliary"	"Liver, Other Soft Tissues, Bone"	"Spleen"	"Liver"	"Liver, Hepatobiliary"	"Liver, Hepatobiliary, Bone Marrow, Bone"	NA	4	"59"	"M"	"SPLEEN"	"LIVER"	0	"NO"	0	0	""	""	""	""	""	""	""	"0"	"LIVER, OTHER [CELIAC AXIS]"	"LIVER, OTHER [CELIAC AXIS], OTHER [BONE MARROW], BONE"	"594"	"SPLEEN"	0	1	"153"	"DIAGNOSED"	59.90136986	"LIVER,SPLEEN"	"LIVER,SPLEEN"	"LIVER,SPLEEN"	"NO"	""	"NO"	""	"YES"	"NO"	"NO"	"NO"	"WHITE"	""	""	""	""	""	""	""	""	"True"	59	"SPLEEN"	"Non-RAAS/LAAS"	4	"ASCProject_0153_T2"	59	"Hepatobiliary"
"RP-1447_ASCProject_0157_T1_v1_RNA_OnPrem"	"ASCProject_0157_T1"	"Tumor"	"ASCProject_0157"	"RNA"	"T1"	"ASCProject_0157_T1"	"LCSET-18352"	"LCSET-18352"	NA	""	""	""	""	""	""	"ASCProject_0157"	"Breast (Parenchymal)"	"No Mets"	"Breast (Parenchymal)"	"Breast"	"No Mets"	"No Mets"	NA	9	"49"	"F"	"BREAST (PARENCHYMAL)"	"LEFT BREAST"	0	"NO"	0	0	""	""	""	""	""	""	""	""	"NO METS"	"NO METS"	"1879"	"BREAST (PARENCHYMAL)"	0	0	"157"	"DIAGNOSED"	49.28219178	"BREAST"	"BREAST"	"NED"	"YES"	"YES"	"NO"	""	"NO"	"NO"	"NO"	"NO"	"WHITE"	""	""	""	""	""	""	""	""	"True"	49	"BREAST (PARENCHYMAL)"	"Non-RAAS/LAAS"	0	"ASCProject_0157_T1"	49	"Breast (Parenchymal)"
"RP-1447_ASCProject_0158_T1B_v1_RNA_OnPrem"	"ASCProject_0158_T1B"	"Tumor"	"ASCProject_0158"	"RNA"	"T1B"	"ASCProject_0158_T1B"	"LCSET-18352"	"LCSET-18352"	NA	""	""	""	""	""	""	"ASCProject_0158"	"Other Visceral Organs"	"Distant Lymph Node"	"Bowel"	"Bowel"	"Distant Lymph Node"	"Distant Lymph Node"	NA	9	"50"	"M"	"VISCERAL ORGAN"	"SMALL BOWEL"	0	"NO"	0	NA	"NOT FOUND IN RECORD"	"NOT FOUND IN RECORD"	"NOT FOUND IN RECORD"	"NOT FOUND IN RECORD"	"NOT FOUND IN RECORD"	"NOT FOUND IN RECORD"	"NOT FOUND IN RECORD"	"87"	"DISTANT LYMPH NODE"	"DISTANT LYMPH NODE"	"1978"	"VISCERAL ORGAN"	0	1	"158"	"DIAGNOSED"	50.23561644	"ABDOMINAL"	"LYMPH,ABDOMINAL"	"NED"	"YES"	"YES"	"NO"	""	"NO"	"YES"	"NO"	"NO"	"WHITE"	""	""	""	""	""	""	""	""	"True"	50	"VISCERAL ORGAN"	"Non-RAAS/LAAS"	1	"ASCProject_0158_T1B"	50	"Other Visceral Organs"
"RP-1447_ASCProject_0164_T0_Whitelisted_v1_RNA_OnPrem"	"ASCProject_0164_T0_Whitelisted"	"Tumor"	"ASCProject_0164_Whitelisted"	"RNA"	"T0"	"ASCProject_0164_T0"	"LCSET-26033"	"LCSET-26033"	NA	""	""	""	""	""	""	""	""	""	""	""	""	""	NA	NA	""	""	""	""	NA	""	NA	NA	""	""	""	""	""	""	""	""	""	""	""	""	NA	NA	""	""	NA	""	""	""	""	""	""	""	""	""	""	""	""	""	""	""	""	""	""	""	""	""	NA	""	""	NA	"ASCProject_0164_T0"	NA	""
"RP-1447_ASCProject_0165_T2_v1_RNA_OnPrem"	"ASCProject_0165_T2"	"Tumor"	"ASCProject_0165"	"RNA"	"T2"	"ASCProject_0165_T2"	"LCSET-23758"	"LCSET-23758"	450	"HEADFACENECKSCALP"	"EXCISION"	"YES"	"YES"	"YES"	"HIGH"	"ASCProject_0165"	"HNFS"	"No Mets"	"HNFS"	"Scalp"	"No Mets"	"No Mets"	NA	5	"62"	"M"	"HNFS"	"LEFT SIDE SCALP"	0	"NO"	1	1	"HNFS, REGIONAL LYMPH NODE"	"574"	"574"	""	""	""	""	""	"NO METS"	"NO METS"	"1846"	"HNFS"	0	0	"165"	"DIAGNOSED"	62.54520548	"SCALP"	"HEADFACENECK,SCALP,LIVER,LUNG,LYMPH"	"NED"	"YES"	"YES"	"YES"	"AFTER"	"NO"	"YES"	"NO"	"NO"	"AMERICAN_INDIAN,WHITE"	""	""	""	""	""	""	""	""	"True"	62	"HNFS"	"Non-RAAS/LAAS"	0	"ASCProject_0165_T2"	62	"HNFS"
"RP-1447_ASCProject_0166_T1_v1_RNA_OnPrem"	"ASCProject_0166_T1"	"Tumor"	"ASCProject_0166"	"RNA"	"T1"	"ASCProject_0166_T1"	"LCSET-23758"	"LCSET-23758"	414	"MANDIBULAR NODE"	"BIOPSY"	"YES"	"YES"	"NO"	"LOW"	"ASCProject_0166"	"HNFS"	"Lung, Distant Lymph Node, Liver,  Other Soft Tissues"	"HNFS"	"Nose"	"Lung"	"Lung, Distant Lymph Node, Liver, Tongue"	NA	5	"58"	"M"	"HNFS"	"LEFT NOSE"	0	"NO"	1	1	"REGIONAL LYMPH NODE, HNFS, HNFS"	"467"	"1212"	"1294"	""	""	""	"488"	"LUNG"	"LUNG,DISTANT LYMPH NODE, LIVER, OTHER [TONGUE]"	"2680"	"HNFS"	0	1	"166"	"DIAGNOSED"	58.47945205	"HEADFACENECK"	"HEADFACENECK,LIVER,LUNG,LYMPH"	"NED"	"YES"	"YES"	"NO"	""	"NO"	"YES"	"NO"	"NO"	"WHITE"	""	""	""	""	""	""	""	""	"True"	58	"HNFS"	"Non-RAAS/LAAS"	4	"ASCProject_0166_T1"	58	"HNFS"
"RP-1447_ASCProject_0170_T1_v1_RNA_OnPrem"	"ASCProject_0170_T1"	"Tumor"	"ASCProject_0170"	"RNA"	"T1"	"ASCProject_0170_T1"	"LCSET-23758"	"LCSET-23758"	6	"BREAST"	"MASTECTOMY"	"YES"	"NO"	"NO"	"LOW"	"ASCProject_0170"	"Breast (Cutaneous)"	"No Mets"	"Breast (Cutaneous)"	"Breast"	"No Mets"	"No Mets"	NA	4	"64"	"F"	"BREAST (CUTANEOUS)"	"LEFT BREAST"	1	"NO"	1	1	"LEFT BREAST SKIN, LEFT BREAST SKIN"	"339"	"692"	""	""	""	""	""	"NO METS"	"NO METS"	"970"	"BREAST (CUTANEOUS)"	0	0	"170"	"DIAGNOSED"	64.6630137	"OTHER"	"OTHER"	"NED"	"YES"	"YES"	"YES"	"AFTER"	"DK"	"YES"	"YES"	"NO"	"WHITE"	""	""	""	""	""	""	""	""	"True"	64	"BREAST (CUTANEOUS)"	"RAAS"	0	"ASCProject_0170_T1"	64	"Breast (Cutaneous)"
"RP-1447_ASCProject_0170_T2_v1_RNA_OnPrem"	"ASCProject_0170_T2"	"Tumor"	"ASCProject_0170"	"RNA"	"T2"	"ASCProject_0170_T2"	"LCSET-18352"	"LCSET-18352"	NA	""	""	""	""	""	""	"ASCProject_0170"	"Breast (Cutaneous)"	"No Mets"	"Breast (Cutaneous)"	"Breast"	"No Mets"	"No Mets"	NA	4	"64"	"F"	"BREAST (CUTANEOUS)"	"LEFT BREAST"	1	"NO"	1	1	"LEFT BREAST SKIN, LEFT BREAST SKIN"	"339"	"692"	""	""	""	""	""	"NO METS"	"NO METS"	"970"	"BREAST (CUTANEOUS)"	0	0	"170"	"DIAGNOSED"	64.6630137	"OTHER"	"OTHER"	"NED"	"YES"	"YES"	"YES"	"AFTER"	"DK"	"YES"	"YES"	"NO"	"WHITE"	""	""	""	""	""	""	""	""	"True"	64	"BREAST (CUTANEOUS)"	"RAAS"	0	"ASCProject_0170_T2"	64	"Breast (Cutaneous)"
"RP-1447_ASCProject_0172_T1_v1_RNA_OnPrem"	"ASCProject_0172_T1"	"Tumor"	"ASCProject_0172"	"RNA"	"T1"	"ASCProject_0172_T1"	"LCSET-23758"	"LCSET-23758"	57	"BREAST"	"MASTECTOMY"	"YES"	"NO"	"NO"	"LOW"	"ASCProject_0172"	"Breast (Parenchymal)"	""	"Breast (Parenchymal)"	"Breast"	""	""	NA	4	"49"	"F"	"BREAST (PARENCHYMAL)"	"LEFT BREAST"	0	"NO"	0	NA	"NOT FOUND IN RECORD"	"NOT FOUND IN RECORD"	"NOT FOUND IN RECORD"	"NOT FOUND IN RECORD"	"NOT FOUND IN RECORD"	"NOT FOUND IN RECORD"	"NOT FOUND IN RECORD"	"NOT FOUND IN RECORD"	"NOT FOUND IN RECORD"	"NOT FOUND IN RECORD"	"2565"	"BREAST (PARENCHYMAL)"	0	NA	"172"	"DIAGNOSED"	49.47123288	"BREAST"	"BREAST"	"NED"	"YES"	"YES"	"NO"	""	"NO"	"NO"	"NO"	"NO"	"WHITE"	""	""	""	""	""	""	""	""	"True"	49	"BREAST (PARENCHYMAL)"	"Non-RAAS/LAAS"	NA	"ASCProject_0172_T1"	49	"Breast (Parenchymal)"
"RP-1447_ASCProject_0173_T1_v1_RNA_OnPrem"	"ASCProject_0173_T1"	"Tumor"	"ASCProject_0173"	"RNA"	"T1"	"ASCProject_0173_T1"	"LCSET-18054"	"LCSET-18054"	4	"HEADFACENECKSCALP"	"Punch Biopsy"	"YES"	"NO"	"NO"	"LOW"	"ASCProject_0173"	"HNFS"	"No Mets"	"HNFS"	"Face"	"No Mets"	"No Mets"	NA	3	"66"	"M"	"HNFS"	"BILATERAL CHEEKS, NOSE"	0	"NO"	1	0	""	""	""	""	""	""	""	""	"NO METS"	"NO METS"	"2431"	"HNFS"	0	0	"173"	"DIAGNOSED"	66.10136986	"HEADFACENECK"	"HEADFACENECK"	"NED"	"YES"	"NO"	"YES"	"BEFORE"	"NO"	"NO"	"NO"	"NO"	"WHITE"	""	""	""	""	""	""	""	""	"True"	66	"HNFS"	"Non-RAAS/LAAS"	0	"ASCProject_0173_T1"	66	"HNFS"
"RP-1447_ASCProject_0175_T1_v1_RNA_OnPrem"	"ASCProject_0175_T1"	"Tumor"	"ASCProject_0175"	"RNA"	"T1"	"ASCProject_0175_T1"	"LCSET-18054"	"LCSET-18054"	-715	"BREAST"	"Biopsy"	"YES"	"YES"	"YES"	"HIGH"	"ASCProject_0175"	"Breast (Cutaneous)"	"No Mets"	"Breast (Cutaneous)"	"Breast"	"No Mets"	"No Mets"	NA	3	"71"	"F"	"BREAST (CUTANEOUS)"	"RIGHT BREAST"	1	"NO"	1	0	""	""	""	""	""	""	""	""	"NO METS"	"NO METS"	"2681"	"BREAST (CUTANEOUS)"	0	0	"175"	"DIAGNOSED"	71.38630137	"BREAST"	"BREAST"	"NED"	"YES"	"YES"	"NO"	""	"NO"	"YES"	"YES"	"NO"	"WHITE"	""	""	""	""	""	""	""	""	"True"	71	"BREAST (CUTANEOUS)"	"RAAS"	0	"ASCProject_0175_T1"	71	"Breast (Cutaneous)"
"RP-1447_ASCProject_0179_T1A_v1_RNA_OnPrem"	"ASCProject_0179_T1A"	"Tumor"	"ASCProject_0179"	"RNA"	"T1A"	"ASCProject_0179_T1A"	"LCSET-18352"	"LCSET-18352"	NA	""	""	""	""	""	""	"ASCProject_0179"	"Breast (Parenchymal)"	"No Mets"	"Breast (Parenchymal)"	"Breast"	"No Mets"	"No Mets"	NA	1	"46"	"F"	"BREAST (PARENCHYMAL)"	"RIGHT BREAST"	0	"NO"	0	0	""	""	""	""	""	""	""	""	"NO METS"	"NO METS"	"1680"	"BREAST (PARENCHYMAL)"	0	0	"179"	"DIAGNOSED"	46.31506849	"BREAST"	"BREAST"	"NED"	"YES"	"YES"	"YES"	"AFTER"	"NO"	"DK"	"NO"	"YES"	"WHITE"	""	""	""	""	""	""	""	""	"True"	46	"BREAST (PARENCHYMAL)"	"Non-RAAS/LAAS"	0	"ASCProject_0179_T1A"	46	"Breast (Parenchymal)"
"RP-1447_ASCProject_0182_T1_v1_RNA_OnPrem"	"ASCProject_0182_T1"	"Tumor"	"ASCProject_0182"	"RNA"	"T1"	"ASCProject_0182_T1"	"LCSET-23758"	"LCSET-23758"	42	"BREAST"	"MASTECTOMY"	"YES"	"NO"	"NO"	"HIGH"	"ASCProject_0182"	"Breast (Parenchymal)"	""	"Breast (Parenchymal)"	"Breast"	""	""	NA	4	"NOT FOUND IN RECORD"	"F"	"BREAST (PARENCHYMAL)"	"RIGHT BREAST"	0	"NOT FOUND IN RECORD"	NA	NA	"NOT FOUND IN RECORD"	"NOT FOUND IN RECORD"	"NOT FOUND IN RECORD"	"NOT FOUND IN RECORD"	"NOT FOUND IN RECORD"	"NOT FOUND IN RECORD"	"NOT FOUND IN RECORD"	"NOT FOUND IN RECORD"	"NOT FOUND IN RECORD"	"NOT FOUND IN RECORD"	"NOT FOUND IN RECORD"	"BREAST (PARENCHYMAL)"	NA	NA	"182"	"DIAGNOSED"	56.33150685	"BREAST"	"BREAST"	"DK"	"YES"	"YES"	"NO"	""	"NO"	"NO"	"NO"	"NO"	"WHITE"	""	""	""	""	""	""	""	""	"True"	NA	"BREAST (PARENCHYMAL)"	"Non-RAAS/LAAS"	NA	"ASCProject_0182_T1"	NA	"Breast (Parenchymal)"
"RP-1447_ASCProject_0184_T1B_v1_RNA_OnPrem"	"ASCProject_0184_T1B"	"Tumor"	"ASCProject_0184"	"RNA"	"T1B"	"ASCProject_0184_T1B"	"LCSET-18352"	"LCSET-18352"	NA	""	""	""	""	""	""	"ASCProject_0184"	"Heart"	"Distant Lymph Node, Visceral Organ"	"Heart"	"Bowel"	"Distant Lymph Node, Visceral Organ"	"Distant Lymph Node, Visceral Organ"	NA	2	"70"	"M"	"CARDIAC"	"SMALL BOWEL"	0	"NO"	0	0	""	""	""	""	""	""	""	"0"	"DISTANT LYMPH NODE, VISCERAL ORGAN"	"DISTANT LYMPH NODE, VISCERAL ORGAN"	"373"	"CARDIAC"	0	1	"184"	"DIAGNOSED"	70.94794521	"ABDOMINAL"	""	"ABDOMINAL"	"YES"	"NO"	"NO"	""	"YES"	"NO"	"NO"	"NO"	"AMERICAN_INDIAN"	""	""	""	""	""	""	""	""	"True"	70	"HEART"	"Non-RAAS/LAAS"	2	"ASCProject_0184_T1B"	70	"Heart"
"RP-1447_ASCProject_0197_T1A_v1_RNA_OnPrem"	"ASCProject_0197_T1A"	"Tumor"	"ASCProject_0197"	"RNA"	"T1A"	"ASCProject_0197_T1A"	"LCSET-23758"	"LCSET-23758"	60	"SKIN"	"EXCISION"	"YES (FOCAL)"	"YES"	"NO"	"HIGH"	"ASCProject_0197"	"Extremities"	"Breast"	"Upper Extremity"	"Arm"	"Breast"	"Breast"	NA	4	"62"	"F"	"SKIN-CUTANEOUS (ASSOCIATED WITH LYMPHEDEMA)"	"RIGHT UPPER ARM"	0	"YES"	1	0	""	""	""	""	""	""	""	"317"	"OTHER (RIGHT BREAST SKIN)"	"OTHER (RIGHT BREAST SKIN)"	"556"	"EXTREMITY"	1	1	"197"	"DIAGNOSED"	63.08493151	"BONELIMB,OTHER"	"BONELIMB,OTHER"	"BONELIMB,OTHER"	"YES"	"NO"	"NO"	""	"YES"	"YES"	"YES"	"NO"	"WHITE"	""	""	""	""	""	""	""	""	"True"	62	"BONELIMB"	"LAAS"	1	"ASCProject_0197_T1A"	62	"Extremities"
"RP-1447_ASCProject_0197_T1B_v1_RNA_OnPrem"	"ASCProject_0197_T1B"	"Tumor"	"ASCProject_0197"	"RNA"	"T1B"	"ASCProject_0197_T1B"	"LCSET-23758"	"LCSET-23758"	60	"SKIN"	"EXCISION"	"YES (FOCAL)"	"YES"	"NO"	"HIGH"	"ASCProject_0197"	"Extremities"	"Breast"	"Upper Extremity"	"Arm"	"Breast"	"Breast"	NA	4	"62"	"F"	"SKIN-CUTANEOUS (ASSOCIATED WITH LYMPHEDEMA)"	"RIGHT UPPER ARM"	0	"YES"	1	0	""	""	""	""	""	""	""	"317"	"OTHER (RIGHT BREAST SKIN)"	"OTHER (RIGHT BREAST SKIN)"	"556"	"EXTREMITY"	1	1	"197"	"DIAGNOSED"	63.08493151	"BONELIMB,OTHER"	"BONELIMB,OTHER"	"BONELIMB,OTHER"	"YES"	"NO"	"NO"	""	"YES"	"YES"	"YES"	"NO"	"WHITE"	""	""	""	""	""	""	""	""	"True"	62	"BONELIMB"	"LAAS"	1	"ASCProject_0197_T1B"	62	"Extremities"
"RP-1447_ASCProject_0201_T1_v1_RNA_OnPrem"	"ASCProject_0201_T1"	"Tumor"	"ASCProject_0201"	"RNA"	"T1"	"ASCProject_0201_T1"	"LCSET-23758"	"LCSET-23758"	0	"BREAST"	"EXCISION"	"YES"	"NO"	"YES (FOCAL)"	"HIGH"	"ASCProject_0201"	"Breast (Parenchymal)"	"Liver, Other Soft Tissues"	"Breast (Parenchymal)"	"Breast"	"Liver"	"Liver, Retroperitoneum"	NA	5	"36"	"F"	"BREAST (PARENCHYMAL)"	"RIGHT BREAST"	0	"NO"	0	1	"RIGHT BREAST"	"1315"	""	""	""	""	""	"3746"	"LIVER"	"LIVER, OTHER (RETROPERITONEUM)"	"5249"	"BREAST (PARENCHYMAL)"	0	1	"201"	"DIAGNOSED"	36.14794521	"BREAST"	"BREAST,LIVER"	"NED"	"YES"	"YES"	"YES"	"AFTER"	"NO"	"NO"	"NO"	"YES"	"WHITE"	""	""	""	""	""	""	""	""	"True"	36	"BREAST (PARENCHYMAL)"	"Non-RAAS/LAAS"	2	"ASCProject_0201_T1"	36	"Breast (Parenchymal)"
"RP-1447_ASCProject_0201_T2_v1_RNA_OnPrem"	"ASCProject_0201_T2"	"Tumor"	"ASCProject_0201"	"RNA"	"T2"	"ASCProject_0201_T2"	"LCSET-23758"	"LCSET-23758"	1415	"BREAST"	"MASTECTOMY"	"YES"	"YES"	"YES"	"HIGH"	"ASCProject_0201"	"Breast (Parenchymal)"	"Liver, Other Soft Tissues"	"Breast (Parenchymal)"	"Breast"	"Liver"	"Liver, Retroperitoneum"	NA	5	"36"	"F"	"BREAST (PARENCHYMAL)"	"RIGHT BREAST"	0	"NO"	0	1	"RIGHT BREAST"	"1315"	""	""	""	""	""	"3746"	"LIVER"	"LIVER, OTHER (RETROPERITONEUM)"	"5249"	"BREAST (PARENCHYMAL)"	0	1	"201"	"DIAGNOSED"	36.14794521	"BREAST"	"BREAST,LIVER"	"NED"	"YES"	"YES"	"YES"	"AFTER"	"NO"	"NO"	"NO"	"YES"	"WHITE"	""	""	""	""	""	""	""	""	"True"	36	"BREAST (PARENCHYMAL)"	"Non-RAAS/LAAS"	2	"ASCProject_0201_T2"	36	"Breast (Parenchymal)"
"RP-1447_ASCProject_0202_T1_v1_RNA_OnPrem"	"ASCProject_0202_T1"	"Tumor"	"ASCProject_0202"	"RNA"	"T1"	"ASCProject_0202_T1"	"LCSET-23758"	"LCSET-23758"	0	"BREAST"	"EXCISION"	"YES"	"NO"	"YES"	"HIGH"	"ASCProject_0202"	"Breast (Cutaneous)"	"No Mets"	"Breast (Cutaneous)"	"Breast Skin"	"No Mets"	"No Mets"	NA	5	"51"	"F"	"BREAST (CUTANEOUS)"	"LEFT BREAST SKIN"	1	"NO"	1	0	""	""	""	""	""	""	""	""	"NO METS"	"NO METS"	"1463"	"BREAST (CUTANEOUS)"	0	0	"202"	"DIAGNOSED"	51.87671233	"BREAST"	"BREAST"	"NED"	"YES"	"YES"	"NO"	""	"NO"	"YES"	"YES"	"NO"	"WHITE"	""	""	""	""	""	""	""	""	"True"	51	"BREAST (CUTANEOUS)"	"RAAS"	0	"ASCProject_0202_T1"	51	"Breast (Cutaneous)"
"RP-1447_ASCProject_0205_T1_v1_RNA_OnPrem"	"ASCProject_0205_T1"	"Tumor"	"ASCProject_0205"	"RNA"	"T1"	"ASCProject_0205_T1"	"LCSET-20590"	"LCSET-20590"	NA	""	""	""	""	""	""	"ASCProject_0205"	"HNFS"	"Distant Lymph Node, Lung"	"HNFS"	"Nose"	"Distant Lymph Node"	"Distant Lymph Node, Lung"	NA	9	"56"	"M"	"HNFS"	"NOSE"	0	"NO"	1	1	"HNFS"	""	""	""	""	""	""	"164"	"DISTANT LYMPH NODE"	"DISTANT LYMPH NODE, LUNG, OTHER (PLEURA)"	"507"	"HNFS"	0	1	"205"	"DIAGNOSED"	56.62191781	"HEADFACENECK"	"HEADFACENECK,LYMPH"	"LYMPH"	"YES"	"YES"	"YES"	"AFTER"	"YES"	"NO"	"NO"	"NO"	"WHITE"	""	""	""	""	""	""	""	""	"True"	56	"HNFS"	"Non-RAAS/LAAS"	3	"ASCProject_0205_T1"	56	"HNFS"
"RP-1447_ASCProject_0207_T1_v1_RNA_OnPrem"	"ASCProject_0207_T1"	"Tumor"	"ASCProject_0207"	"RNA"	"T1"	"ASCProject_0207_T1"	"LCSET-23758"	"LCSET-23758"	NA	""	""	""	""	""	""	"ASCProject_0207"	"Musculoskeletal"	"Other Soft Tissues, Bone"	"Bone"	"Paraspinal Soft Tissue"	"Palate, Bone"	"Palate, Bone"	NA	3	"28"	"F"	"OTHER (BONE)"	"LEFT PARASPINAL SOFT TISSUE"	0	"NO"	0	0	""	""	""	""	""	""	""	"5"	"OTHER (PALATE), BONE"	"OTHER (PALATE), BONE"	"155"	"BONE"	0	1	""	""	NA	""	""	""	""	""	""	""	""	""	""	""	""	""	""	""	""	""	""	""	""	"True"	28	"BONELIMB"	"Non-RAAS/LAAS"	2	"ASCProject_0207_T1"	28	"Musculoskeletal"
"RP-1447_ASCProject_0207_T2_v1_RNA_OnPrem"	"ASCProject_0207_T2"	"Tumor"	"ASCProject_0207"	"RNA"	"T2"	"ASCProject_0207_T2"	"LCSET-23758"	"LCSET-23758"	NA	""	""	""	""	""	""	"ASCProject_0207"	"Musculoskeletal"	"Other Soft Tissues, Bone"	"Bone"	"Paraspinal Soft Tissue"	"Palate, Bone"	"Palate, Bone"	NA	3	"28"	"F"	"OTHER (BONE)"	"LEFT PARASPINAL SOFT TISSUE"	0	"NO"	0	0	""	""	""	""	""	""	""	"5"	"OTHER (PALATE), BONE"	"OTHER (PALATE), BONE"	"155"	"BONE"	0	1	""	""	NA	""	""	""	""	""	""	""	""	""	""	""	""	""	""	""	""	""	""	""	""	"True"	28	"BONELIMB"	"Non-RAAS/LAAS"	2	"ASCProject_0207_T2"	28	"Musculoskeletal"
"RP-1447_ASCProject_0212_T1_v1_RNA_OnPrem"	"ASCProject_0212_T1"	"Tumor"	"ASCProject_0212"	"RNA"	"T1"	"ASCProject_0212_T1"	"LCSET-23758"	"LCSET-23758"	0	"HEART"	""	""	""	""	""	"ASCProject_0212"	"Heart"	"Lung, Liver, Spleen, Visceral Organ,  Other Soft Tissues, Bone"	"Heart"	"Atrium"	"Lung"	"Lung, Liver, Spleen, Visceral Organ, Mediastinum, Bone, Bone Marrow"	NA	2	"37"	"M"	"CARDIAC"	"RIGHT ATRIUM"	0	"NO"	0	1	"CARDIAC"	"679"	""	""	""	""	""	"602"	"LUNG"	"LUNG, LIVER, SPLEEN,VISCERAL ORGAN, OTHER (MEDIASTINUM), BONE,OTHER( BONE MARROW)"	"1155"	"CARDIAC"	0	1	"212"	"DIAGNOSED"	37.34520548	"HEART"	"HEART,LIVER,SPLEEN,LUNG"	"HEART,LIVER,SPLEEN,LUNG"	"YES"	"NO"	"NO"	""	"YES"	"NO"	"NO"	"NO"	"WHITE"	""	""	""	""	""	""	""	""	"True"	37	"HEART"	"Non-RAAS/LAAS"	7	"ASCProject_0212_T1"	37	"Heart"
"RP-1447_ASCProject_0218_T1_v1_RNA_OnPrem"	"ASCProject_0218_T1"	"Tumor"	"ASCProject_0218"	"RNA"	"T1"	"ASCProject_0218_T1"	"LCSET-18352"	"LCSET-18352"	NA	""	""	""	""	""	""	"ASCProject_0218"	"Extremities"	"Distant Lymph Node"	"Lower Extremity"	"Leg"	"Distant Lymph Node"	"Distant Lymph Node"	NA	9	"29"	"M"	"EXTREMITY"	"BONE - LEFT TIBIA"	0	"NO"	0	1	"EXTREMITY "	"434"	""	""	""	""	""	"610"	"DISTANT LYMPH NODE"	"DISTANT LYMPH NODE"	"1179"	"EXTREMITY"	0	1	"218"	"DIAGNOSED"	29.45205479	"BONELIMB"	"LYMPH,BONELIMB"	"LYMPH,BONELIMB"	"YES"	"DK"	"NO"	""	"YES"	"NO"	"NO"	"NO"	"WHITE"	""	""	""	""	""	""	""	""	"True"	29	"BONELIMB"	"Non-RAAS/LAAS"	1	"ASCProject_0218_T1"	29	"Extremities"
"RP-1447_ASCProject_0219_T1_v1_RNA_OnPrem"	"ASCProject_0219_T1"	"Tumor"	"ASCProject_0219"	"RNA"	"T1"	"ASCProject_0219_T1"	"LCSET-23758"	"LCSET-23758"	29	"HEADFACENECKSCALP"	"EXCISION"	"YES"	"NO"	"YES"	"HIGH"	"ASCProject_0219"	"HNFS"	"Distant Lymph Node"	"HNFS"	"Forehead"	"Distant Lymph Node"	"Distant Lymph Node"	NA	3	"69"	"F"	"HNFS"	"LEFT FOREHEAD"	0	"NO"	1	0	""	""	""	""	""	""	""	"309"	"DISTANT LYMPH NODE"	"DISTANT LYMPH NODE"	"404"	"HNFS"	0	1	"219"	"DIAGNOSED"	69.86575342	"SCALP"	"SCALP"	"SCALP"	"NO"	""	"NO"	""	"YES"	"NO"	"NO"	"NO"	"WHITE"	""	""	""	""	""	""	""	""	"True"	69	"HNFS"	"Non-RAAS/LAAS"	1	"ASCProject_0219_T1"	69	"HNFS"
"RP-1447_ASCProject_0219_T3_v1_RNA_OnPrem"	"ASCProject_0219_T3"	"Tumor"	"ASCProject_0219"	"RNA"	"T3"	"ASCProject_0219_T3"	"LCSET-23758"	"LCSET-23758"	309	"OTHER"	"OTHER"	"NO"	"NO"	"YES"	"HIGH"	"ASCProject_0219"	"HNFS"	"Distant Lymph Node"	"HNFS"	"Forehead"	"Distant Lymph Node"	"Distant Lymph Node"	NA	3	"69"	"F"	"HNFS"	"LEFT FOREHEAD"	0	"NO"	1	0	""	""	""	""	""	""	""	"309"	"DISTANT LYMPH NODE"	"DISTANT LYMPH NODE"	"404"	"HNFS"	0	1	"219"	"DIAGNOSED"	69.86575342	"SCALP"	"SCALP"	"SCALP"	"NO"	""	"NO"	""	"YES"	"NO"	"NO"	"NO"	"WHITE"	""	""	""	""	""	""	""	""	"True"	69	"HNFS"	"Non-RAAS/LAAS"	1	"ASCProject_0219_T3"	69	"HNFS"
"RP-1447_ASCProject_0220_T3_v1_RNA_OnPrem"	"ASCProject_0220_T3"	"Tumor"	"ASCProject_0220"	"RNA"	"T3"	"ASCProject_0220_T3"	"LCSET-23758"	"LCSET-23758"	1322	"HEADFACENECKSCALP"	"EXCISION"	"YES (FOCAL)"	"YES"	"YES"	"HIGH"	"ASCProject_0220"	"HNFS"	"No Mets"	"HNFS"	"Temple"	"No Mets"	"No Mets"	NA	5	"67"	"F"	"HNFS"	"LEFT TEMPORAL REGION"	0	"NO"	1	1	"HNFS, HNFS, HNFS, HNFS, HNFS"	"999"	"1322"	"1658"	"1792"	"2038"	""	""	"NO METS"	"NO METS"	"3343"	"HNFS"	0	0	"220"	"DIAGNOSED"	67.06027397	"HEADFACENECK"	"HEADFACENECK"	"NED"	"YES"	"NO"	"YES"	"AFTER"	"YES"	"NO"	"NO"	"NO"	"WHITE"	""	""	""	""	""	""	""	""	"True"	67	"HNFS"	"Non-RAAS/LAAS"	0	"ASCProject_0220_T3"	67	"HNFS"
"RP-1447_ASCProject_0221_T1_v2_RNA_OnPrem"	"ASCProject_0221_T1"	"Tumor"	"ASCProject_0221"	"RNA"	"T1"	"ASCProject_0221_T1"	"LCSET-23758"	"LCSET-23758"	0	"BREAST"	"BIOPSY"	"YES"	"NO"	"YES (FOCAL)"	"LOW"	"ASCProject_0221"	"Breast (Parenchymal)"	"No Mets"	"Breast (Parenchymal)"	"Breast"	"No Mets"	"No Mets"	NA	5	"27"	"F"	"BREAST (PARENCHYMAL)"	"LEFT BREAST"	0	"NO"	0	0	""	""	""	""	""	""	""	""	"NO METS"	"NO METS"	"1087"	"BREAST (PARENCHYMAL)"	0	0	"221"	"DIAGNOSED"	27.11232877	"BREAST"	"BREAST"	"NED"	"YES"	"NO"	"YES"	"AFTER"	"NO"	"NO"	"NO"	"NO"	"WHITE"	""	""	""	""	""	""	""	""	"True"	27	"BREAST (PARENCHYMAL)"	"Non-RAAS/LAAS"	0	"ASCProject_0221_T1"	27	"Breast (Parenchymal)"
"RP-1447_ASCProject_0221_T2_v1_RNA_OnPrem"	"ASCProject_0221_T2"	"Tumor"	"ASCProject_0221"	"RNA"	"T2"	"ASCProject_0221_T2"	"LCSET-23758"	"LCSET-23758"	191	"BREAST"	"MASTECTOMY"	"YES"	"NO"	"YES (FOCAL)"	"LOW"	"ASCProject_0221"	"Breast (Parenchymal)"	"No Mets"	"Breast (Parenchymal)"	"Breast"	"No Mets"	"No Mets"	NA	5	"27"	"F"	"BREAST (PARENCHYMAL)"	"LEFT BREAST"	0	"NO"	0	0	""	""	""	""	""	""	""	""	"NO METS"	"NO METS"	"1087"	"BREAST (PARENCHYMAL)"	0	0	"221"	"DIAGNOSED"	27.11232877	"BREAST"	"BREAST"	"NED"	"YES"	"NO"	"YES"	"AFTER"	"NO"	"NO"	"NO"	"NO"	"WHITE"	""	""	""	""	""	""	""	""	"True"	27	"BREAST (PARENCHYMAL)"	"Non-RAAS/LAAS"	0	"ASCProject_0221_T2"	27	"Breast (Parenchymal)"
"RP-1447_ASCProject_0222_T2_v1_RNA_OnPrem"	"ASCProject_0222_T2"	"Tumor"	"ASCProject_0222"	"RNA"	"T2"	"ASCProject_0222_T2"	"LCSET-23758"	"LCSET-23758"	28	"HEADFACENECKSCALP"	"EXCISION"	"YES"	"YES"	"NO"	"HIGH"	"ASCProject_0222"	"HNFS"	"Distant Lymph Node"	"HNFS"	"Nose"	"Distant Lymph Node"	"Distant Lymph Node"	NA	5	"74"	"M"	"HNFS"	"SKIN UNDERNEATH NOSE"	0	"NO"	1	1	"HNFS"	"666"	""	""	""	""	""	"666"	"DISTANT LYMPH NODE"	"DISTANT LYMPH NODE"	"1360"	"HNFS"	0	1	"222"	"DIAGNOSED"	74.46849315	"HEADFACENECK"	"HEADFACENECK"	"HEADFACENECK"	"YES"	"NO"	"YES"	"AFTER"	"YES"	"NO"	"NO"	"NO"	"WHITE"	""	""	""	""	""	""	""	""	"True"	74	"HNFS"	"Non-RAAS/LAAS"	1	"ASCProject_0222_T2"	74	"HNFS"
"RP-1447_ASCProject_0226_T1C_v1_RNA_OnPrem"	"ASCProject_0226_T1C"	"Tumor"	"ASCProject_0226"	"RNA"	"T1C"	"ASCProject_0226_T1C"	"LCSET-18352"	"LCSET-18352"	NA	""	""	""	""	""	""	"ASCProject_0226"	"Missing or Unknown"	""	""	""	""	""	NA	9	"NOT FOUND IN RECORD"	"F"	"NOT FOUND IN RECORD"	"NOT FOUND IN RECORD"	NA	"NOT FOUND IN RECORD"	NA	NA	"NOT FOUND IN RECORD"	"NOT FOUND IN RECORD"	"NOT FOUND IN RECORD"	"NOT FOUND IN RECORD"	"NOT FOUND IN RECORD"	"NOT FOUND IN RECORD"	"NOT FOUND IN RECORD"	"NOT FOUND IN RECORD"	"NOT FOUND IN RECORD"	"NOT FOUND IN RECORD"	"NOT FOUND IN RECORD"	""	NA	NA	"226"	"DIAGNOSED"	44.89315068	"LUNG,ABDOMINAL"	"LUNG,ABDOMINAL"	"LUNG,ABDOMINAL"	"YES"	"NO"	"YES"	"AFTER"	"YES"	"NO"	"NO"	"NO"	"WHITE"	""	""	""	""	""	""	""	""	"True"	NA	""	""	NA	"ASCProject_0226_T1C"	NA	"Missing or Unknown"
"RP-1447_ASCProject_0247_T1_v1_RNA_OnPrem"	"ASCProject_0247_T1"	"Tumor"	"ASCProject_0247"	"RNA"	"T1"	"ASCProject_0247_T1"	"LCSET-18054"	"LCSET-18054"	9	"BREAST"	"Excision"	"YES"	"NO"	"NO"	"LOW"	"ASCProject_0247"	"Breast (Parenchymal)"	"Extremities, Trunk,  Other Soft Tissues"	"Breast (Parenchymal)"	"Breast"	"Upper Extremity, Thorax and Trunk"	"Upper Extremity, Thorax and Trunk"	NA	6	"66"	"F"	"BREAST (PARENCHYMAL)"	"RIGHT BREAST"	0	"NO"	0	0	""	""	""	""	""	""	""	"1698"	"EXTREMITY, TRUNK"	"EXTREMITY, TRUNK, SKIN"	"3118"	"BREAST (PARENCHYMAL)"	0	1	"247"	"DIAGNOSED"	66.30410959	"BREAST"	"BREAST,ABDOMINAL,OTHER"	"NED"	"YES"	"YES"	"YES"	"AFTER"	"NO"	"NO"	"NO"	"NO"	"WHITE"	""	""	""	""	""	""	""	""	"True"	66	"BREAST (PARENCHYMAL)"	"Non-RAAS/LAAS"	3	"ASCProject_0247_T1"	66	"Breast (Parenchymal)"
"RP-1447_ASCProject_0247_T2_v1_RNA_OnPrem"	"ASCProject_0247_T2"	"Tumor"	"ASCProject_0247"	"RNA"	"T2"	"ASCProject_0247_T2"	"LCSET-18054"	"LCSET-18054"	NA	""	""	""	""	""	""	"ASCProject_0247"	"Breast (Parenchymal)"	"Extremities, Trunk,  Other Soft Tissues"	"Breast (Parenchymal)"	"Breast"	"Upper Extremity, Thorax and Trunk"	"Upper Extremity, Thorax and Trunk"	NA	6	"66"	"F"	"BREAST (PARENCHYMAL)"	"RIGHT BREAST"	0	"NO"	0	0	""	""	""	""	""	""	""	"1698"	"EXTREMITY, TRUNK"	"EXTREMITY, TRUNK, SKIN"	"3118"	"BREAST (PARENCHYMAL)"	0	1	"247"	"DIAGNOSED"	66.30410959	"BREAST"	"BREAST,ABDOMINAL,OTHER"	"NED"	"YES"	"YES"	"YES"	"AFTER"	"NO"	"NO"	"NO"	"NO"	"WHITE"	""	""	""	""	""	""	""	""	"True"	66	"BREAST (PARENCHYMAL)"	"Non-RAAS/LAAS"	3	"ASCProject_0247_T2"	66	"Breast (Parenchymal)"
"RP-1447_ASCProject_0264_T1A_v1_RNA_OnPrem"	"ASCProject_0264_T1A"	"Tumor"	"ASCProject_0264"	"RNA"	"T1A"	"ASCProject_0264_T1A"	"LCSET-20590"	"LCSET-20590"	NA	""	""	""	""	""	""	"ASCProject_0264"	"Heart"	"Liver, Spleen, Bone, Brain"	"Heart"	"Lung"	"Brain"	"Liver, Spleen, Bone, Brain"	NA	9	"56"	"M"	"CARDIAC"	"LUNG"	0	"NO"	0	0	""	""	""	""	""	""	""	"-23"	"BRAIN "	"LIVER, SPLEEN, BONE, BRAIN, SKIN"	"342"	"CARDIAC"	0	1	"264"	"DIAGNOSED"	56.68767123	"HEART,LIVER,SPLEEN,LUNG,BRAIN"	"HEART,LIVER,SPLEEN,LUNG,BRAIN"	"LUNG,BRAIN"	"NO"	""	"YES"	""	"YES"	"NO"	"NO"	"NO"	"WHITE"	""	""	""	""	""	""	""	""	"True"	56	"HEART"	"Non-RAAS/LAAS"	5	"ASCProject_0264_T1A"	56	"Heart"
"RP-1447_ASCProject_0264_T1B_v1_RNA_OnPrem"	"ASCProject_0264_T1B"	"Tumor"	"ASCProject_0264"	"RNA"	"T1B"	"ASCProject_0264_T1B"	"LCSET-20590"	"LCSET-20590"	NA	""	""	""	""	""	""	"ASCProject_0264"	"Heart"	"Liver, Spleen, Bone, Brain"	"Heart"	"Lung"	"Brain"	"Liver, Spleen, Bone, Brain"	NA	9	"56"	"M"	"CARDIAC"	"LUNG"	0	"NO"	0	0	""	""	""	""	""	""	""	"-23"	"BRAIN "	"LIVER, SPLEEN, BONE, BRAIN, SKIN"	"342"	"CARDIAC"	0	1	"264"	"DIAGNOSED"	56.68767123	"HEART,LIVER,SPLEEN,LUNG,BRAIN"	"HEART,LIVER,SPLEEN,LUNG,BRAIN"	"LUNG,BRAIN"	"NO"	""	"YES"	""	"YES"	"NO"	"NO"	"NO"	"WHITE"	""	""	""	""	""	""	""	""	"True"	56	"HEART"	"Non-RAAS/LAAS"	5	"ASCProject_0264_T1B"	56	"Heart"
"RP-1447_ASCProject_0268_T1B_v1_RNA_OnPrem"	"ASCProject_0268_T1B"	"Tumor"	"ASCProject_0268"	"RNA"	"T1B"	"ASCProject_0268_T1B"	"LCSET-20214"	"LCSET-20214"	NA	""	""	""	""	""	""	"ASCProject_0268"	"Breast (Cutaneous)"	"No Mets"	"Breast (Cutaneous)"	"Breast"	"No Mets"	"No Mets"	NA	9	"47"	"F"	"BREAST (CUTANEOUS)"	"RIGHT BREAST"	1	"NO"	1	0	""	""	""	""	""	""	""	""	"NO METS"	"NO METS"	"358"	"BREAST (CUTANEOUS)"	0	0	"268"	"DIAGNOSED"	46.79178082	"BREAST"	"BREAST"	"NED"	"YES"	"YES"	"NO"	""	"NO"	"YES"	"YES"	"NO"	"WHITE"	""	""	""	""	""	""	""	""	"True"	47	"BREAST (CUTANEOUS)"	"RAAS"	0	"ASCProject_0268_T1B"	47	"Breast (Cutaneous)"
"RP-1447_ASCProject_0275_T1_v1_RNA_OnPrem"	"ASCProject_0275_T1"	"Tumor"	"ASCProject_0275"	"RNA"	"T1"	"ASCProject_0275_T1"	"LCSET-20590"	"LCSET-20590"	NA	""	""	""	""	""	""	"ASCProject_0275"	"Breast (Parenchymal)"	"No Mets"	"Breast (Parenchymal)"	"Breast"	"No Mets"	"No Mets"	NA	9	"27"	"F"	"BREAST (PARENCHYMAL)"	"LEFT BREAST"	0	"NO"	0	0	""	""	""	""	""	""	""	""	"NO METS"	"NO METS"	"457"	"BREAST (PARENCHYMAL)"	0	0	"275"	"DIAGNOSED"	27.09315068	"BREAST"	"BREAST"	"DK"	"YES"	"YES"	"YES"	"AFTER"	"YES"	"NO"	"NO"	"NO"	"WHITE"	""	""	""	""	""	""	""	""	"True"	27	"BREAST (PARENCHYMAL)"	"Non-RAAS/LAAS"	0	"ASCProject_0275_T1"	27	"Breast (Parenchymal)"
"RP-1447_ASCProject_0277_T1_v1_RNA_OnPrem"	"ASCProject_0277_T1"	"Tumor"	"ASCProject_0277"	"RNA"	"T1"	"ASCProject_0277_T1"	"LCSET-23758"	"LCSET-23758"	0	"HEADFACENECKSCALP"	""	""	""	""	""	"ASCProject_0277"	"HNFS"	"No Mets"	"HNFS"	"Face"	"No Mets"	"No Mets"	NA	2	"58"	"M"	"HNFS"	"LEFT CHEEK"	0	"NO"	1	0	""	""	""	""	""	""	""	""	"NO METS"	"NO METS"	"2147"	"HNFS"	0	0	"277"	"DIAGNOSED"	58.88493151	"HEADFACENECK"	"HEADFACENECK"	"NED"	"YES"	"YES"	"YES"	"AFTER"	"NO"	"NO"	"NO"	"NO"	"WHITE"	""	""	""	""	""	""	""	""	"True"	58	"HNFS"	"Non-RAAS/LAAS"	0	"ASCProject_0277_T1"	58	"HNFS"
"RP-1447_ASCProject_0277_T2_v2_RNA_OnPrem"	"ASCProject_0277_T2"	"Tumor"	"ASCProject_0277"	"RNA"	"T2"	"ASCProject_0277_T2"	"LCSET-23758"	"LCSET-23758"	21	"HEADFACENECKSCALP"	"PUNCH BIOPSY "	"YES"	"YES (FOCAL)"	"NO"	"HIGH"	"ASCProject_0277"	"HNFS"	"No Mets"	"HNFS"	"Face"	"No Mets"	"No Mets"	NA	2	"58"	"M"	"HNFS"	"LEFT CHEEK"	0	"NO"	1	0	""	""	""	""	""	""	""	""	"NO METS"	"NO METS"	"2147"	"HNFS"	0	0	"277"	"DIAGNOSED"	58.88493151	"HEADFACENECK"	"HEADFACENECK"	"NED"	"YES"	"YES"	"YES"	"AFTER"	"NO"	"NO"	"NO"	"NO"	"WHITE"	""	""	""	""	""	""	""	""	"True"	58	"HNFS"	"Non-RAAS/LAAS"	0	"ASCProject_0277_T2"	58	"HNFS"
"RP-1447_ASCProject_0289_T1_v1_RNA_OnPrem"	"ASCProject_0289_T1"	"Tumor"	"ASCProject_0289"	"RNA"	"T1"	"ASCProject_0289_T1"	"LCSET-23758"	"LCSET-23758"	1838	"CHEST"	"EXCISION"	"YES"	"YES"	"NO"	"HIGH"	"ASCProject_0289"	"Breast (Cutaneous)"	"Trunk, Distant Lymph Node, Lung"	"Breast (Cutaneous)"	"Breast"	"Trunk"	"Trunk, Distant Lymph Node, Lung"	NA	5	"62"	"F"	"BREAST (CUTANEOUS)"	"RIGHT BREAST "	1	"NO"	1	1	"RIGHT CHEST WALL, RIGHT CHEST WALL, RIGHT CHEST WALL, RIGHT CHEST WALL"	"1838"	"1917"	"1982"	"2127"	""	""	"2154"	"TRUNK"	"TRUNK, DISTANT LYMPH NODE, LUNG "	"2575"	"BREAST (CUTANEOUS)"	0	1	"289"	"DIAGNOSED"	60.61917808	"BREAST"	"BREAST,LYMPH"	"BREAST,LUNG,NED"	"YES"	"NO"	"NO"	""	"YES"	"YES"	"NO"	"NO"	"AMERICAN_INDIAN,BLACK,WHITE,OTHER"	""	""	""	""	""	""	""	""	"True"	62	"BREAST (CUTANEOUS)"	"RAAS"	3	"ASCProject_0289_T1"	62	"Breast (Cutaneous)"
"RP-1447_ASCProject_0289_T2_v1_RNA_OnPrem"	"ASCProject_0289_T2"	"Tumor"	"ASCProject_0289"	"RNA"	"T2"	"ASCProject_0289_T2"	"LCSET-23758"	"LCSET-23758"	1950	"CHEST"	"EXCISION"	"YES"	"YES"	"NO"	"HIGH"	"ASCProject_0289"	"Breast (Cutaneous)"	"Trunk, Distant Lymph Node, Lung"	"Breast (Cutaneous)"	"Breast"	"Trunk"	"Trunk, Distant Lymph Node, Lung"	NA	5	"62"	"F"	"BREAST (CUTANEOUS)"	"RIGHT BREAST "	1	"NO"	1	1	"RIGHT CHEST WALL, RIGHT CHEST WALL, RIGHT CHEST WALL, RIGHT CHEST WALL"	"1838"	"1917"	"1982"	"2127"	""	""	"2154"	"TRUNK"	"TRUNK, DISTANT LYMPH NODE, LUNG "	"2575"	"BREAST (CUTANEOUS)"	0	1	"289"	"DIAGNOSED"	60.61917808	"BREAST"	"BREAST,LYMPH"	"BREAST,LUNG,NED"	"YES"	"NO"	"NO"	""	"YES"	"YES"	"NO"	"NO"	"AMERICAN_INDIAN,BLACK,WHITE,OTHER"	""	""	""	""	""	""	""	""	"True"	62	"BREAST (CUTANEOUS)"	"RAAS"	3	"ASCProject_0289_T2"	62	"Breast (Cutaneous)"
"RP-1447_ASCProject_0289_T3_v1_RNA_OnPrem"	"ASCProject_0289_T3"	"Tumor"	"ASCProject_0289"	"RNA"	"T3"	"ASCProject_0289_T3"	"LCSET-23758"	"LCSET-23758"	2154	"CHEST"	"RESECTION"	"YES"	"YES"	"NO"	"HIGH"	"ASCProject_0289"	"Breast (Cutaneous)"	"Trunk, Distant Lymph Node, Lung"	"Breast (Cutaneous)"	"Breast"	"Trunk"	"Trunk, Distant Lymph Node, Lung"	NA	5	"62"	"F"	"BREAST (CUTANEOUS)"	"RIGHT BREAST "	1	"NO"	1	1	"RIGHT CHEST WALL, RIGHT CHEST WALL, RIGHT CHEST WALL, RIGHT CHEST WALL"	"1838"	"1917"	"1982"	"2127"	""	""	"2154"	"TRUNK"	"TRUNK, DISTANT LYMPH NODE, LUNG "	"2575"	"BREAST (CUTANEOUS)"	0	1	"289"	"DIAGNOSED"	60.61917808	"BREAST"	"BREAST,LYMPH"	"BREAST,LUNG,NED"	"YES"	"NO"	"NO"	""	"YES"	"YES"	"NO"	"NO"	"AMERICAN_INDIAN,BLACK,WHITE,OTHER"	""	""	""	""	""	""	""	""	"True"	62	"BREAST (CUTANEOUS)"	"RAAS"	3	"ASCProject_0289_T3"	62	"Breast (Cutaneous)"
"RP-1447_ASCProject_0325_T1_v1_RNA_OnPrem"	"ASCProject_0325_T1"	"Tumor"	"ASCProject_0325"	"RNA"	"T1"	"ASCProject_0325_T1"	"LCSET-23758"	"LCSET-23758"	64	"SKIN"	"EXCISION"	"YES"	"NO"	"NO"	"LOW"	"ASCProject_0325"	"Extremities"	"Trunk"	"Upper Extremity"	"Arm"	"Trunk"	"Trunk"	NA	4	"70"	"F"	"SKIN-CUTANEOUS (ASSOCIATED WITH LYMPHEDEMA)"	"LEFT ARM SKIN"	1	"YES"	1	1	"OTHER (LEFT AXILLA)"	"1187"	""	""	""	""	""	"911"	"TRUNK "	"TRUNK "	"1331"	"EXTREMITY"	1	1	"325"	"DIAGNOSED"	70.59726027	"OTHER"	"LUNG,OTHER"	"LUNG,OTHER"	"YES"	"NO"	"YES"	"AFTER"	"NO"	"YES"	"YES"	"NO"	"WHITE"	""	""	""	""	""	""	""	""	"True"	70	"BONELIMB"	"RAAS & LAAS"	1	"ASCProject_0325_T1"	70	"Extremities"
"RP-1447_ASCProject_0332_T2_v1_RNA_OnPrem"	"ASCProject_0332_T2"	"Tumor"	"ASCProject_0332"	"RNA"	"T2"	"ASCProject_0332_T2"	"LCSET-18352"	"LCSET-18352"	NA	""	""	""	""	""	""	"ASCProject_0332"	"Breast (Cutaneous)"	"Lung"	"Breast (Cutaneous)"	"Breast"	"Lung"	"Lung"	NA	9	"75"	"F"	"BREAST (CUTANEOUS)"	"LEFT BREAST"	1	"NO"	1	0	""	""	""	""	""	""	""	"150"	"LUNG"	"LUNG"	"3424"	"BREAST (CUTANEOUS)"	0	1	"332"	"DIAGNOSED"	75.75616438	"BREAST"	"LUNG"	"NED"	"YES"	"YES"	"NO"	""	"NO"	"YES"	"YES"	"NO"	"WHITE"	""	""	""	""	""	""	""	""	"True"	75	"BREAST (CUTANEOUS)"	"RAAS"	1	"ASCProject_0332_T2"	75	"Breast (Cutaneous)"
"RP-1447_ASCProject_0341_T1_v1_RNA_OnPrem"	"ASCProject_0341_T1"	"Tumor"	"ASCProject_0341"	"RNA"	"T1"	"ASCProject_0341_T1"	"LCSET-18352"	"LCSET-18352"	NA	""	""	""	""	""	""	"ASCProject_0341"	"Breast (Cutaneous)"	"Lung"	"Breast (Cutaneous)"	"Breast"	"Lung"	"Lung"	NA	9	"71"	"F"	"BREAST (CUTANEOUS)"	"LEFT BREAST"	1	"NO"	1	0	""	""	""	""	""	""	""	""	"NO METS"	"NO METS"	"1009"	"BREAST (CUTANEOUS)"	0	0	"341"	"DIAGNOSED"	71.24657534	"BREAST"	"BREAST"	"NED"	"YES"	"YES"	"YES"	"BEFORE"	"NO"	"YES"	"YES"	"NO"	"WHITE"	""	""	""	""	""	""	""	""	"True"	71	"BREAST (CUTANEOUS)"	"RAAS"	0	"ASCProject_0341_T1"	71	"Breast (Cutaneous)"
"RP-1447_ASCProject_0342_T1_v1_RNA_OnPrem"	"ASCProject_0342_T1"	"Tumor"	"ASCProject_0342"	"RNA"	"T1"	"ASCProject_0342_T1"	"LCSET-18054"	"LCSET-18054"	41	"BREAST"	"mastectomy"	"YES (FOCAL)"	"NO"	"YES"	"HIGH"	"ASCProject_0342"	"Breast (Parenchymal)"	"Lung, Liver"	"Breast (Parenchymal)"	"Breast"	"Lung"	"Lung, Liver"	NA	3	"41"	"F"	"BREAST (PARENCHYMAL)"	"RIGHT BREAST"	0	"NO"	0	0	""	""	""	""	""	""	""	"373"	"LUNG"	"LUNG, LIVER"	"1229"	"BREAST (PARENCHYMAL)"	0	1	"342"	"DIAGNOSED"	41.0630137	"BREAST"	"BREAST"	"NED"	"YES"	"YES"	"YES"	"AFTER"	"YES"	"NO"	"NO"	"NO"	"OTHER_EAST_ASIAN,WHITE"	""	""	""	""	""	""	""	""	"True"	41	"BREAST (PARENCHYMAL)"	"Non-RAAS/LAAS"	2	"ASCProject_0342_T1"	41	"Breast (Parenchymal)"
"RP-1447_ASCProject_0356_T1_v1_RNA_OnPrem"	"ASCProject_0356_T1"	"Tumor"	"ASCProject_0356"	"RNA"	"T1"	"ASCProject_0356_T1"	"LCSET-18352"	"LCSET-18352"	NA	""	""	""	""	""	""	"ASCProject_0356"	"Breast (Cutaneous)"	"Trunk"	"Breast (Cutaneous)"	"Breast"	"Abdomin and Pelvis"	"Abdomin and Pelvis"	NA	6	"57"	"F"	"BREAST (CUTANEOUS)"	"RIGHT BREAST"	1	"NO"	1	0	""	""	""	""	""	""	""	"360"	"OTHER [PERITONEAL CAVITY]"	"OTHER [PERITONEAL CAVITY]"	"373"	"BREAST (CUTANEOUS)"	0	1	"356"	"DIAGNOSED"	57.56164384	"BREAST"	"BREAST"	"BREAST"	"YES"	"YES"	"NO"	""	"YES"	"YES"	"YES"	"NO"	"WHITE"	""	""	""	""	""	""	""	""	"True"	57	"BREAST (CUTANEOUS)"	"RAAS"	1	"ASCProject_0356_T1"	57	"Breast (Cutaneous)"
"RP-1447_ASCProject_0356_T2_v1_RNA_OnPrem"	"ASCProject_0356_T2"	"Tumor"	"ASCProject_0356"	"RNA"	"T2"	"ASCProject_0356_T2"	"LCSET-18054"	"LCSET-18054"	287	"CHEST"	"Excision"	"YES (FOCAL)"	"YES"	"YES"	"HIGH"	"ASCProject_0356"	"Breast (Cutaneous)"	"Trunk"	"Breast (Cutaneous)"	"Breast"	"Abdomin and Pelvis"	"Abdomin and Pelvis"	NA	6	"57"	"F"	"BREAST (CUTANEOUS)"	"RIGHT BREAST"	1	"NO"	1	0	""	""	""	""	""	""	""	"360"	"OTHER [PERITONEAL CAVITY]"	"OTHER [PERITONEAL CAVITY]"	"373"	"BREAST (CUTANEOUS)"	0	1	"356"	"DIAGNOSED"	57.56164384	"BREAST"	"BREAST"	"BREAST"	"YES"	"YES"	"NO"	""	"YES"	"YES"	"YES"	"NO"	"WHITE"	""	""	""	""	""	""	""	""	"True"	57	"BREAST (CUTANEOUS)"	"RAAS"	1	"ASCProject_0356_T2"	57	"Breast (Cutaneous)"
"RP-1447_ASCProject_0357_T1_v1_RNA_OnPrem"	"ASCProject_0357_T1"	"Tumor"	"ASCProject_0357"	"RNA"	"T1"	"ASCProject_0357_T1"	"LCSET-23758"	"LCSET-23758"	0	"MEDIASTINUM"	"RESECTION"	"YES"	"NO"	"NO"	"HIGH"	"ASCProject_0357"	"Musculoskeletal"	"No Mets"	"Mediastinum"	"Mediastinum"	"No Mets"	"No Mets"	NA	3	"62"	"M"	"OTHER (MEDIASTINUM)"	"MEDIASTINUM"	0	"NO"	0	0	""	""	""	""	""	""	""	""	"NO METS"	"NO METS"	"94"	"OTHER"	0	0	"357"	"DIAGNOSED"	62.28219178	"OTHER"	"OTHER"	"OTHER"	"YES"	"YES"	"YES"	"AFTER"	"YES"	"NO"	"NO"	"NO"	"WHITE"	""	""	""	""	""	""	""	""	"True"	62	"OTHER"	"Non-RAAS/LAAS"	0	"ASCProject_0357_T1"	62	"Musculoskeletal"
"RP-1447_ASCProject_0367_T1_v1_RNA_OnPrem"	"ASCProject_0367_T1"	"Tumor"	"ASCProject_0367"	"RNA"	"T1"	"ASCProject_0367_T1"	"LCSET-23758"	"LCSET-23758"	65	"HEADFACENECKSCALP"	"RESECTION"	"YES (FOCAL)"	"YES"	"NO"	"HIGH"	"ASCProject_0367"	"HNFS"	"Lung"	"HNFS"	"Scalp"	"Lung"	"Lung"	NA	3	"68"	"M"	"HNFS"	"FRONTAL SCALP"	0	"NO"	1	0	""	""	""	""	""	""	""	"308"	"LUNG"	"LUNG"	"354"	"HNFS"	0	1	"367"	"DIAGNOSED"	68.69315068	"SCALP"	"SCALP"	"NED"	"YES"	"YES"	"YES"	"AFTER"	"NO"	"NO"	"NO"	"NO"	"WHITE"	""	""	""	""	""	""	""	""	"True"	68	"HNFS"	"Non-RAAS/LAAS"	1	"ASCProject_0367_T1"	68	"HNFS"
"RP-1447_ASCProject_0368_T1_v1_RNA_OnPrem"	"ASCProject_0368_T1"	"Tumor"	"ASCProject_0368"	"RNA"	"T1"	"ASCProject_0368_T1"	"LCSET-20590"	"LCSET-20590"	NA	""	""	""	""	""	""	"ASCProject_0368"	"Breast (Cutaneous)"	"No Mets"	"Breast (Cutaneous)"	"Breast"	"No Mets"	"No Mets"	NA	9	"65"	"F"	"BREAST (CUTANEOUS)"	"RIGHT BREAST"	1	"NO"	1	0	""	""	""	""	""	""	""	""	"NO METS"	"NO METS"	"252"	"BREAST (CUTANEOUS)"	0	0	"368"	"DIAGNOSED"	65.86849315	"BREAST"	"BREAST"	"NED"	"YES"	"YES"	"NO"	""	"NO"	"YES"	"YES"	""	"WHITE"	""	""	""	""	""	""	""	""	"True"	65	"BREAST (CUTANEOUS)"	"RAAS"	0	"ASCProject_0368_T1"	65	"Breast (Cutaneous)"
"RP-1447_ASCProject_0369_UNKNOWN_T1_v1_RNA_OnPrem"	"ASCProject_0369_UNKNOWN_T1"	"Tumor"	"ASCProject_0369_UNKNOWN"	"RNA"	"T1"	"ASCProject_0369_T1"	"LCSET-18352"	"LCSET-18352"	NA	""	""	""	""	""	""	""	""	""	""	""	""	""	NA	NA	""	""	""	""	NA	""	NA	NA	""	""	""	""	""	""	""	""	""	""	""	""	NA	NA	""	""	NA	""	""	""	""	""	""	""	""	""	""	""	""	""	""	""	""	""	""	""	""	""	NA	""	""	NA	"ASCProject_0369_T1"	NA	""
"RP-1447_ASCProject_0369_UNKNOWN_T1_v2_RNA_OnPrem"	"ASCProject_0369_UNKNOWN_T1"	"Tumor"	"ASCProject_0369_UNKNOWN"	"RNA"	"T1"	"ASCProject_0369_T1"	"LCSET-18352,LCSET-23758"	"LCSET-18352"	NA	""	""	""	""	""	""	""	""	""	""	""	""	""	NA	NA	""	""	""	""	NA	""	NA	NA	""	""	""	""	""	""	""	""	""	""	""	""	NA	NA	""	""	NA	""	""	""	""	""	""	""	""	""	""	""	""	""	""	""	""	""	""	""	""	""	NA	""	""	NA	"ASCProject_0369_T1"	NA	""
"RP-1447_ASCProject_0372_T1_v1_RNA_OnPrem"	"ASCProject_0372_T1"	"Tumor"	"ASCProject_0372"	"RNA"	"T1"	"ASCProject_0372_T1"	"LCSET-18054"	"LCSET-18054"	7	"BREAST"	"mastectomy"	"YES"	"NO"	"YES"	"HIGH"	"ASCProject_0372"	"Breast (Cutaneous)"	"No Mets"	"Breast (Cutaneous)"	"Breast"	"No Mets"	"No Mets"	NA	3	"47"	"F"	"BREAST (CUTANEOUS)"	"RIGHT BREAST"	1	"NO"	1	0	""	""	""	""	""	""	""	""	"NO METS"	"NO METS"	"369"	"BREAST (CUTANEOUS)"	0	0	"372"	"DIAGNOSED"	47.32876712	"BREAST"	"BREAST"	"BREAST"	"YES"	"NO"	"NO"	""	"NO"	"YES"	"YES"	"NO"	"WHITE"	""	""	""	""	""	""	""	""	"True"	47	"BREAST (CUTANEOUS)"	"RAAS"	0	"ASCProject_0372_T1"	47	"Breast (Cutaneous)"
"RP-1447_ASCProject_0375_T1_v2_RNA_OnPrem"	"ASCProject_0375_T1"	"Tumor"	"ASCProject_0375"	"RNA"	"T1"	"ASCProject_0375_T1"	"LCSET-23758"	"LCSET-23758"	58	"HEADFACENECKSCALP"	"OTHER"	"YES"	"NO"	"YES"	"HIGH"	"ASCProject_0375"	"HNFS"	"No Mets"	"HNFS"	"Nose"	"No Mets"	"No Mets"	NA	3	"54"	"M"	"HNFS"	"LEFT NOSTRIL"	0	"NO"	1	1	"HNFS"	"210"	""	""	""	""	""	""	"NO METS"	"NO METS"	"498"	"HNFS"	0	0	"375"	"DIAGNOSED"	54.62191781	"HEADFACENECK"	"HEADFACENECK"	"NED"	"YES"	"NO"	"YES"	"AFTER"	"YES"	"NO"	"NO"	"NO"	"WHITE"	""	""	""	""	""	""	""	""	"True"	54	"HNFS"	"Non-RAAS/LAAS"	0	"ASCProject_0375_T1"	54	"HNFS"
"RP-1447_ASCProject_0375_T2_v1_RNA_OnPrem"	"ASCProject_0375_T2"	"Tumor"	"ASCProject_0375"	"RNA"	"T2"	"ASCProject_0375_T2"	"LCSET-23758"	"LCSET-23758"	210	"HEADFACENECKSCALP"	"RESECTION"	"YES"	"NO"	"YES"	"HIGH"	"ASCProject_0375"	"HNFS"	"No Mets"	"HNFS"	"Nose"	"No Mets"	"No Mets"	NA	3	"54"	"M"	"HNFS"	"LEFT NOSTRIL"	0	"NO"	1	1	"HNFS"	"210"	""	""	""	""	""	""	"NO METS"	"NO METS"	"498"	"HNFS"	0	0	"375"	"DIAGNOSED"	54.62191781	"HEADFACENECK"	"HEADFACENECK"	"NED"	"YES"	"NO"	"YES"	"AFTER"	"YES"	"NO"	"NO"	"NO"	"WHITE"	""	""	""	""	""	""	""	""	"True"	54	"HNFS"	"Non-RAAS/LAAS"	0	"ASCProject_0375_T2"	54	"HNFS"
"RP-1447_ASCProject_0385_T1_v1_RNA_OnPrem"	"ASCProject_0385_T1"	"Tumor"	"ASCProject_0385"	"RNA"	"T1"	"ASCProject_0385_T1"	"LCSET-18054"	"LCSET-18054"	NA	""	""	""	""	""	""	"ASCProject_0385"	"Breast (Cutaneous)"	"No Mets"	"Breast (Cutaneous)"	"Breast"	"No Mets"	"No Mets"	NA	3	"65"	"F"	"BREAST (CUTANEOUS)"	"LEFT BREAST"	1	"NO"	1	1	"LEFT CHEST WALL"	"321"	""	""	""	""	""	""	"NO METS"	"NO METS"	"673"	"BREAST (CUTANEOUS)"	0	0	"385"	"DIAGNOSED"	65.18630137	"BREAST"	"BREAST"	"BREAST"	"YES"	"NO"	"NO"	""	"YES"	"YES"	"YES"	"NO"	"WHITE"	""	""	""	""	""	""	""	""	"True"	65	"BREAST (CUTANEOUS)"	"RAAS"	0	"ASCProject_0385_T1"	65	"Breast (Cutaneous)"
"RP-1447_ASCProject_0385_T2_v1_RNA_OnPrem"	"ASCProject_0385_T2"	"Tumor"	"ASCProject_0385"	"RNA"	"T2"	"ASCProject_0385_T2"	"LCSET-18054"	"LCSET-18054"	153	"BREAST"	""	""	""	""	""	"ASCProject_0385"	"Breast (Cutaneous)"	"No Mets"	"Breast (Cutaneous)"	"Breast"	"No Mets"	"No Mets"	NA	3	"65"	"F"	"BREAST (CUTANEOUS)"	"LEFT BREAST"	1	"NO"	1	1	"LEFT CHEST WALL"	"321"	""	""	""	""	""	""	"NO METS"	"NO METS"	"673"	"BREAST (CUTANEOUS)"	0	0	"385"	"DIAGNOSED"	65.18630137	"BREAST"	"BREAST"	"BREAST"	"YES"	"NO"	"NO"	""	"YES"	"YES"	"YES"	"NO"	"WHITE"	""	""	""	""	""	""	""	""	"True"	65	"BREAST (CUTANEOUS)"	"RAAS"	0	"ASCProject_0385_T2"	65	"Breast (Cutaneous)"
"RP-1447_ASCProject_0385_T3_v1_RNA_OnPrem"	"ASCProject_0385_T3"	"Tumor"	"ASCProject_0385"	"RNA"	"T3"	"ASCProject_0385_T3"	"LCSET-18054"	"LCSET-18054"	336	"CHEST"	"resection"	"YES"	"YES"	"NO"	"HIGH"	"ASCProject_0385"	"Breast (Cutaneous)"	"No Mets"	"Breast (Cutaneous)"	"Breast"	"No Mets"	"No Mets"	NA	3	"65"	"F"	"BREAST (CUTANEOUS)"	"LEFT BREAST"	1	"NO"	1	1	"LEFT CHEST WALL"	"321"	""	""	""	""	""	""	"NO METS"	"NO METS"	"673"	"BREAST (CUTANEOUS)"	0	0	"385"	"DIAGNOSED"	65.18630137	"BREAST"	"BREAST"	"BREAST"	"YES"	"NO"	"NO"	""	"YES"	"YES"	"YES"	"NO"	"WHITE"	""	""	""	""	""	""	""	""	"True"	65	"BREAST (CUTANEOUS)"	"RAAS"	0	"ASCProject_0385_T3"	65	"Breast (Cutaneous)"
"RP-1447_ASCProject_0387_T1_v1_RNA_OnPrem"	"ASCProject_0387_T1"	"Tumor"	"ASCProject_0387"	"RNA"	"T1"	"ASCProject_0387_T1"	"LCSET-18054"	"LCSET-18054"	15	"BREAST"	"Biopsy"	"YES (FOCAL)"	"YES"	"YES"	"HIGH"	"ASCProject_0387"	"Breast (Cutaneous)"	"No Mets"	"Breast (Cutaneous)"	"Breast"	"No Mets"	"No Mets"	NA	3	"66"	"F"	"BREAST (CUTANEOUS)"	"LEFT BREAST"	1	"NO"	1	0	""	""	""	""	""	""	""	""	"NO METS"	"NO METS"	"249"	"BREAST (CUTANEOUS)"	0	0	"387"	"DIAGNOSED"	66.1260274	"BREAST"	"BREAST"	"NED"	"YES"	"YES"	""	""	"NO"	"YES"	"YES"	"NO"	"NATIVE_HAWAIIAN,WHITE"	""	""	""	""	""	""	""	""	"True"	66	"BREAST (CUTANEOUS)"	"RAAS"	0	"ASCProject_0387_T1"	66	"Breast (Cutaneous)"
"RP-1447_ASCProject_0393_T1_v1_RNA_OnPrem"	"ASCProject_0393_T1"	"Tumor"	"ASCProject_0393"	"RNA"	"T1"	"ASCProject_0393_T1"	"LCSET-18352"	"LCSET-18352"	NA	""	""	""	""	""	""	"ASCProject_0393"	"Breast (Cutaneous)"	"No Mets"	"Breast (Cutaneous)"	"Breast"	"No Mets"	"No Mets"	NA	9	"75"	"F"	"BREAST (CUTANEOUS)"	"LEFT BREAST"	1	"NO"	1	1	"LEFT BREAST SKIN"	"115"	""	""	""	""	""	""	"NO METS"	"NO METS"	"890"	"BREAST (CUTANEOUS)"	0	0	"393"	"DIAGNOSED"	75.35342466	"BREAST"	"BREAST"	"NED"	"YES"	"YES"	"YES"	"AFTER"	"YES"	"YES"	"YES"	"NO"	"WHITE"	""	""	""	""	""	""	""	""	"True"	75	"BREAST (CUTANEOUS)"	"RAAS"	0	"ASCProject_0393_T1"	75	"Breast (Cutaneous)"
"RP-1447_ASCProject_0398_T1_v1_RNA_OnPrem"	"ASCProject_0398_T1"	"Tumor"	"ASCProject_0398"	"RNA"	"T1"	"ASCProject_0398_T1"	"LCSET-18352"	"LCSET-18352"	NA	""	""	""	""	""	""	"ASCProject_0398"	"Breast (Parenchymal)"	"No Mets"	"Breast (Parenchymal)"	"Breast"	"No Mets"	"No Mets"	NA	9	"33"	"F"	"BREAST (PARENCHYMAL)"	"LEFT BREAST"	0	"NO"	0	0	""	""	""	""	""	""	""	""	"NO METS"	"NO METS"	"209"	"BREAST (PARENCHYMAL)"	0	0	"398"	"DIAGNOSED"	33.39178082	"BREAST"	"BREAST"	"NED"	"YES"	"YES"	"NO"	""	"NO"	"NO"	"NO"	"YES"	"WHITE"	""	""	""	""	""	""	""	""	"True"	33	"BREAST (PARENCHYMAL)"	"Non-RAAS/LAAS"	0	"ASCProject_0398_T1"	33	"Breast (Parenchymal)"
"RP-1447_ASCProject_0401_T1A_v1_RNA_OnPrem"	"ASCProject_0401_T1A"	"Tumor"	"ASCProject_0401"	"RNA"	"T1A"	"ASCProject_0401_T1A"	"LCSET-17718"	"LCSET-17718"	9	"KIDNEY"	"Resection"	"YES"	"YES"	"NO"	"HIGH"	"ASCProject_0401"	"Other Visceral Organs"	"No Mets"	"Kidney"	"Adrenal Gland"	"No Mets"	"No Mets"	NA	9	"55"	"M"	"VISCERAL ORGAN"	"ADRENAL GLAND"	0	"NO"	0	0	""	""	""	""	""	""	""	""	"NO METS"	"NO METS"	"64"	"VISCERAL ORGAN"	0	0	"401"	"DIAGNOSED"	55.36712329	"LIVER,LYMPH,ABDOMINAL,OTHER"	"OTHER"	"NED"	"YES"	"NO"	"NO"	""	"YES"	"NO"	"NO"	"NO"	"WHITE"	""	""	""	""	""	""	""	""	"True"	55	"VISCERAL ORGAN"	"Non-RAAS/LAAS"	0	"ASCProject_0401_T1A"	55	"Other Visceral Organs"
"RP-1447_ASCProject_0401_T1B_v1_RNA_OnPrem"	"ASCProject_0401_T1B"	"Tumor"	"ASCProject_0401"	"RNA"	"T1B"	"ASCProject_0401_T1B"	"LCSET-18352"	"LCSET-18352"	NA	""	""	""	""	""	""	"ASCProject_0401"	"Other Visceral Organs"	"No Mets"	"Kidney"	"Adrenal Gland"	"No Mets"	"No Mets"	NA	9	"55"	"M"	"VISCERAL ORGAN"	"ADRENAL GLAND"	0	"NO"	0	0	""	""	""	""	""	""	""	""	"NO METS"	"NO METS"	"64"	"VISCERAL ORGAN"	0	0	"401"	"DIAGNOSED"	55.36712329	"LIVER,LYMPH,ABDOMINAL,OTHER"	"OTHER"	"NED"	"YES"	"NO"	"NO"	""	"YES"	"NO"	"NO"	"NO"	"WHITE"	""	""	""	""	""	""	""	""	"True"	55	"VISCERAL ORGAN"	"Non-RAAS/LAAS"	0	"ASCProject_0401_T1B"	55	"Other Visceral Organs"
"RP-1447_ASCProject_0403_T1_v1_RNA_OnPrem"	"ASCProject_0403_T1"	"Tumor"	"ASCProject_0403"	"RNA"	"T1"	"ASCProject_0403_T1"	"LCSET-20590"	"LCSET-20590"	NA	""	""	""	""	""	""	"ASCProject_0403"	"Breast (Parenchymal)"	"No Mets"	"Breast (Parenchymal)"	"Breast"	"No Mets"	"No Mets"	NA	9	"61"	"F"	"BREAST (PARENCHYMAL)"	"RIGHT BREAST"	0	"NO"	0	0	""	""	""	""	""	""	""	""	"NO METS"	"NO METS"	"48"	"BREAST (PARENCHYMAL)"	0	0	"403"	"DIAGNOSED"	61.23835616	"BREAST"	"BREAST"	"NED"	"YES"	"DK"	"NO"	""	"NO"	"NO"	"NO"	"NO"	"WHITE"	""	""	""	""	""	""	""	""	"True"	61	"BREAST (PARENCHYMAL)"	"Non-RAAS/LAAS"	0	"ASCProject_0403_T1"	61	"Breast (Parenchymal)"
"RP-1447_ASCProject_0414_T1_v1_RNA_OnPrem"	"ASCProject_0414_T1"	"Tumor"	"ASCProject_0414"	"RNA"	"T1"	"ASCProject_0414_T1"	"LCSET-18352"	"LCSET-18352"	NA	""	""	""	""	""	""	"ASCProject_0414"	"Breast (Cutaneous)"	"No Mets"	"Breast (Cutaneous)"	"Breast Skin"	"No Mets"	"No Mets"	NA	9	"50"	"F"	"BREAST (CUTANEOUS)"	"RIGHT BREAST SKIN"	0	"NO"	1	0	""	""	""	""	""	""	""	""	"NO METS"	"NO METS"	"1061"	"BREAST (CUTANEOUS)"	0	0	"414"	"DIAGNOSED"	50.03561644	"BREAST"	""	"BREAST"	"YES"	"YES"	"NO"	""	"YES"	"YES"	"NO"	"NO"	"WHITE"	""	""	""	""	""	""	""	""	"True"	50	"BREAST (CUTANEOUS)"	"Non-RAAS/LAAS"	0	"ASCProject_0414_T1"	50	"Breast (Cutaneous)"
"RP-1447_ASCProject_0418_T1_v1_RNA_OnPrem"	"ASCProject_0418_T1"	"Tumor"	"ASCProject_0418"	"RNA"	"T1"	"ASCProject_0418_T1"	"LCSET-20590"	"LCSET-20590"	NA	""	""	""	""	""	""	"ASCProject_0418"	"Hepatobiliary"	"No Mets"	"Spleen"	"Spleen"	"No Mets"	"No Mets"	NA	9	"56"	"F"	"SPLEEN"	"SPLEEN"	0	"NO"	0	1	"OTHER [SPLENECTOMY BED]"	"124"	""	""	""	""	""	"124"	"NO METS"	"NO METS"	"144"	"SPLEEN"	0	0	"418"	"DIAGNOSED"	56.92328767	"SPLEEN"	"ABDOMINAL"	"ABDOMINAL"	"YES"	"YES"	"NO"	""	"NO"	"YES"	"NO"	"NO"	"WHITE"	""	""	""	""	""	""	""	""	"True"	56	"SPLEEN"	"Non-RAAS/LAAS"	0	"ASCProject_0418_T1"	56	"Hepatobiliary"
"RP-1447_ASCProject_0420_T1_v1_RNA_OnPrem"	"ASCProject_0420_T1"	"Tumor"	"ASCProject_0420"	"RNA"	"T1"	"ASCProject_0420_T1"	"LCSET-18352"	"LCSET-18352"	NA	""	""	""	""	""	""	"ASCProject_0420"	"Breast (Parenchymal)"	"No Mets"	"Breast (Parenchymal)"	"Breast"	"No Mets"	"No Mets"	NA	9	"36"	"F"	"BREAST (PARENCHYMAL)"	"LEFT BREAST"	0	"NO"	0	0	""	""	""	""	""	""	""	""	"NO METS"	"NO METS"	"1347"	"BREAST (PARENCHYMAL)"	0	0	"420"	"DIAGNOSED"	36.6109589	"BREAST"	"BREAST"	"NED"	"YES"	"YES"	"NO"	""	"NO"	"NO"	"NO"	"NO"	"WHITE"	""	""	""	""	""	""	""	""	"True"	36	"BREAST (PARENCHYMAL)"	"Non-RAAS/LAAS"	0	"ASCProject_0420_T1"	36	"Breast (Parenchymal)"
"RP-1447_ASCProject_0422_T3_v1_RNA_OnPrem"	"ASCProject_0422_T3"	"Tumor"	"ASCProject_0422"	"RNA"	"T3"	"ASCProject_0422_T3"	"LCSET-18352"	"LCSET-18352"	NA	""	""	""	""	""	""	"ASCProject_0422"	"Extremities"	"Distant Lymph Node, Trunk"	"Lower Extremity"	"Leg"	"Distant Lymph Node"	"Distant Lymph Node, Abdomin and Pelvis"	NA	9	"62"	"F"	"SKIN-CUTANEOUS (ASSOCIATED WITH LYMPHEDEMA)"	"LEFT LATERAL LEG"	1	"YES"	1	0	""	""	""	""	""	""	""	"262"	"DISTANT LYMPH NODE"	"DISTANT LYMPH NODE, OTHER[GROIN]"	"1736"	"EXTREMITY"	1	1	"422"	"DIAGNOSED"	62.15068493	"OTHER"	"LYMPH,BONELIMB,ABDOMINAL"	"LYMPH,BONELIMB,ABDOMINAL"	"NO"	""	"NO"	""	"YES"	"YES"	"YES"	"NO"	"WHITE"	""	""	""	""	""	""	""	""	"True"	62	"BONELIMB"	"RAAS & LAAS"	2	"ASCProject_0422_T3"	62	"Extremities"
"RP-1447_ASCProject_0427_T2_v1_RNA_OnPrem"	"ASCProject_0427_T2"	"Tumor"	"ASCProject_0427"	"RNA"	"T2"	"ASCProject_0427_T2"	"LCSET-26033"	"LCSET-26033"	NA	""	""	""	""	""	""	"ASCProject_0427"	"Extremities"	"Bone, Lung,  Other Soft Tissues"	"Upper Extremity"	"Shoulder"	"Bone"	"Bone, Lung"	NA	12	"54"	"F"	"EXTREMITY"	"RIGHT SCAPULA"	1	"NO"	0	0	""	""	""	""	""	""	""	"92"	"BONE"	"BONE, LUNG, OTHER[PLEURAL MASS,DIAPHRAGM]"	"1856"	"EXTREMITY"	0	1	"427"	"DIAGNOSED"	54.32328767	"BONELIMB,OTHER"	"LUNG"	"LUNG"	"YES"	"YES"	"YES"	"BEFORE"	"YES"	"YES"	"YES"	"NO"	"WHITE"	""	""	""	""	""	""	""	""	"True"	54	"BONELIMB"	"RAAS"	4	"ASCProject_0427_T2"	54	"Extremities"
"RP-1447_ASCProject_0427_T5_v1_RNA_OnPrem"	"ASCProject_0427_T5"	"Tumor"	"ASCProject_0427"	"RNA"	"T5"	"ASCProject_0427_T5"	"LCSET-26033"	"LCSET-26033"	NA	""	""	""	""	""	""	"ASCProject_0427"	"Extremities"	"Bone, Lung,  Other Soft Tissues"	"Upper Extremity"	"Shoulder"	"Bone"	"Bone, Lung"	NA	12	"54"	"F"	"EXTREMITY"	"RIGHT SCAPULA"	1	"NO"	0	0	""	""	""	""	""	""	""	"92"	"BONE"	"BONE, LUNG, OTHER[PLEURAL MASS,DIAPHRAGM]"	"1856"	"EXTREMITY"	0	1	"427"	"DIAGNOSED"	54.32328767	"BONELIMB,OTHER"	"LUNG"	"LUNG"	"YES"	"YES"	"YES"	"BEFORE"	"YES"	"YES"	"YES"	"NO"	"WHITE"	""	""	""	""	""	""	""	""	"True"	54	"BONELIMB"	"RAAS"	4	"ASCProject_0427_T5"	54	"Extremities"
"RP-1447_ASCProject_P2HVYU_T1_v1_RNA_OnPrem"	"ASCProject_P2HVYU_T1"	"Tumor"	"ASCProject_P2HVYU"	"RNA"	"T1"	"ASCProject_P2HVYU_T1"	"LCSET-20214"	"LCSET-20214"	NA	""	""	""	""	""	""	"ASCProject_P2HVYU"	"HNFS"	"No Mets"	"HNFS"	"Scalp"	"No Mets"	"No Mets"	NA	9	"69"	"M"	"HNFS"	"SCALP"	0	"NO"	1	1	"HNFS"	"609"	""	""	""	""	""	""	"NO METS"	"NO METS"	"2072"	"HNFS"	0	0	""	""	NA	""	""	""	""	""	""	""	""	""	""	""	""	""	""	""	""	""	""	""	""	"True"	69	"HNFS"	"Non-RAAS/LAAS"	0	"ASCProject_P2HVYU_T1"	69	"HNFS"
"RP-1447_ASCProject_P8B8WN_T2_v1_RNA_OnPrem"	"ASCProject_P8B8WN_T2"	"Tumor"	"ASCProject_P8B8WN"	"RNA"	"T2"	"ASCProject_P8B8WN_T2"	"LCSET-18352"	"LCSET-18352"	NA	""	""	""	""	""	""	"ASCProject_P8B8WN"	"Breast (Cutaneous)"	"No Mets"	"Breast (Cutaneous)"	"Breast"	"No Mets"	"No Mets"	NA	9	"56"	"F"	"BREAST (CUTANEOUS)"	"LEFT BREAST"	1	"NO"	1	1	"LEFT CHEST WALL SKIN"	"2429"	""	""	""	""	""	""	"NO METS"	"NO METS"	"2450"	"BREAST (CUTANEOUS)"	0	0	"P8B8WN"	"DIAGNOSED"	56	"BREAST"	"BREAST"	"BREAST"	"YES"	"NO"	"NO"	""	"YES"	"YES"	"YES"	"NO"	"WHITE"	""	""	""	""	""	""	""	""	"True"	56	"BREAST (CUTANEOUS)"	"RAAS"	0	"ASCProject_P8B8WN_T2"	56	"Breast (Cutaneous)"
"RP-1447_ASCProject_PGXPR8_T2_v1_RNA_OnPrem"	"ASCProject_PGXPR8_T2"	"Tumor"	"ASCProject_PGXPR8"	"RNA"	"T2"	"ASCProject_PGXPR8_T2"	"LCSET-20590"	"LCSET-20590"	NA	""	""	""	""	""	""	"ASCProject_PGXPR8"	"Musculoskeletal"	"Visceral Organ, Lung"	"Bone"	"Abdomin and Pelvis"	"Visceral Organ"	"Visceral Organ, Lung"	NA	9	"44"	"F"	"OTHER (BONE)"	"LEFT PELVIC MASS"	0	"NO"	0	0	""	""	""	""	""	""	""	"0"	"VISCERAL ORGAN"	"VISCERAL ORGAN, LUNG"	"254"	"BONE"	0	1	""	""	NA	""	""	""	""	""	""	""	""	""	""	""	""	""	""	""	""	""	""	""	""	"True"	44	"BONELIMB"	"Non-RAAS/LAAS"	2	"ASCProject_PGXPR8_T2"	44	"Musculoskeletal"
"RP-1447_ASCProject_PHCG7A_T1_v1_RNA_OnPrem"	"ASCProject_PHCG7A_T1"	"Tumor"	"ASCProject_PHCG7A"	"RNA"	"T1"	"ASCProject_PHCG7A_T1"	"LCSET-26033"	"LCSET-26033"	NA	""	""	""	""	""	""	""	""	""	""	""	""	""	NA	NA	""	""	""	""	NA	""	NA	NA	""	""	""	""	""	""	""	""	""	""	""	""	NA	NA	""	""	NA	""	""	""	""	""	""	""	""	""	""	""	""	""	""	""	""	""	""	""	""	""	NA	""	""	NA	"ASCProject_PHCG7A_T1"	NA	""
"RP-1447_ASCProject_PRDZ3M_T2_v1_RNA_OnPrem"	"ASCProject_PRDZ3M_T2"	"Tumor"	"ASCProject_PRDZ3M"	"RNA"	"T2"	"ASCProject_PRDZ3M_T2"	"LCSET-20590"	"LCSET-20590"	NA	""	""	""	""	""	""	"ASCProject_PRDZ3M"	"Extremities"	"Lung, Distant Lymph Node, Bone, Trunk"	"Upper Extremity"	"Shoulder"	"Lung"	"Lung, Distant Lymph Node, Bone, Trunk"	NA	9	"51"	"M"	"SKIN-CUTANEOUS (ASSOCIATED WITH LYMPHEDEMA)"	"ERYTHEMATOUS LESION ON LEFT SCAPULAR/LEFT UPPER BACK"	0	"YES"	1	1	"EXTREMITY "	"1333"	""	""	""	""	""	"1554"	"LUNG"	"LUNG, DISTANT LYMPH NODE, BONE, TRUNK"	"1773"	"OTHER"	1	1	""	""	NA	""	""	""	""	""	""	""	""	""	""	""	""	""	""	""	""	""	""	""	""	"True"	51	"OTHER"	"LAAS"	4	"ASCProject_PRDZ3M_T2"	51	"Extremities"
"RP-1447_ASCProject_PWNLUF_T1_v1_RNA_OnPrem"	"ASCProject_PWNLUF_T1"	"Tumor"	"ASCProject_PWNLUF"	"RNA"	"T1"	"ASCProject_PWNLUF_T1"	"LCSET-20590"	"LCSET-20590"	NA	""	""	""	""	""	""	"ASCProject_PWNLUF"	"Breast (Cutaneous)"	""	"Breast (Cutaneous)"	"Breast"	""	""	NA	9	"68"	"F"	"BREAST (CUTANEOUS)"	"LEFT BREAST"	1	"NO"	1	NA	""	""	""	""	""	""	""	""	"NOT FOUND IN RECORD"	""	"62"	"BREAST (CUTANEOUS)"	0	NA	""	""	NA	""	""	""	""	""	""	""	""	""	""	""	""	""	""	""	""	""	""	""	""	"True"	68	"BREAST (CUTANEOUS)"	"RAAS"	NA	"ASCProject_PWNLUF_T1"	68	"Breast (Cutaneous)"
"RP-1447_ASCProject_PXPTMJ_T1_v1_RNA_OnPrem"	"ASCProject_PXPTMJ_T1"	"Tumor"	"ASCProject_PXPTMJ"	"RNA"	"T1"	"ASCProject_PXPTMJ_T1"	"LCSET-18352"	"LCSET-18352"	NA	""	""	""	""	""	""	"ASCProject_PXPTMJ"	"HNFS"	""	"HNFS"	"Face"	""	""	NA	9	"78"	"M"	"HNFS"	"RIGHT MEDIAL CHEEK"	0	"NO"	1	NA	""	""	""	""	""	""	""	""	"NOT FOUND IN RECORD"	""	"294"	"HNFS"	0	NA	"PXPTMJ"	"DIAGNOSED"	79	"HEADFACENECK"	"HEADFACENECK"	"NED"	"YES"	"YES"	"YES"	"AFTER"	"YES"	"YES"	"NO"	"NO"	"WHITE"	""	""	""	""	""	""	""	""	"True"	78	"HNFS"	"Non-RAAS/LAAS"	NA	"ASCProject_PXPTMJ_T1"	78	"HNFS"
"RP-1447_ASCProject_PY6FJH_T1_v1_RNA_OnPrem"	"ASCProject_PY6FJH_T1"	"Tumor"	"ASCProject_PY6FJH"	"RNA"	"T1"	"ASCProject_PY6FJH_T1"	"LCSET-18352"	"LCSET-18352"	NA	""	""	""	""	""	""	"ASCProject_PY6FJH"	"HNFS"	"Not Extracted"	"HNFS"	""	""	""	NA	NA	""	""	""	""	NA	""	NA	NA	""	""	""	""	""	""	""	""	""	""	""	""	NA	NA	"PY6FJH"	"DIAGNOSED"	63.15616438	"SCALP"	"SCALP"	"NED"	"YES"	"YES"	"YES"	"BEFORE"	"NO"	"NO"	"NO"	"NO"	"WHITE"	""	""	""	""	""	""	""	""	"False"	63.15616438	"HNFS"	""	NA	"ASCProject_PY6FJH_T1"	63.15616438	"HNFS"
