"","p_val","avg_log2FC","pct.1","pct.2","p_val_adj","cluster","gene"
"COL15A1",2.4238930235416e-17,4.03844039550273,1,1,5.14447055316469e-13,"1","COL15A1"
"APLNR",5.69767706822604e-17,4.67730531553748,1,1,1.20927498096029e-12,"1","APLNR"
"PKD1L1",1.67815681395128e-16,4.42928953852038,1,1,3.56172002193019e-12,"1","PKD1L1"
"NOTCH4",2.02149586721922e-16,3.42765453761159,1,1,4.29042282858606e-12,"1","NOTCH4"
"DLC1",4.85876761654005e-16,2.16926186941933,1,1,1.03122483893446e-11,"1","DLC1"
"NRP1",4.85876761654005e-16,2.30884794037996,1,1,1.03122483893446e-11,"1","NRP1"
"LPHN2",8.40609054218174e-16,2.3989345282541,1,1,1.78410865667265e-11,"1","LPHN2"
"SEPT4",8.79342935666417e-16,2.4925492611135,1,1,1.8663174466584e-11,"1","SEPT4"
"CYYR1",9.59771042560156e-16,3.18418118468094,1,1,2.03701806072967e-11,"1","CYYR1"
"MAGED2",2.71548555340099e-15,1.99629994666842,1,1,5.76334653853827e-11,"1","MAGED2"
"BTNL9",3.39395990123475e-15,4.85867689247976,1,1,7.20334049438064e-11,"1","BTNL9"
"FLT1",3.54889351681712e-15,2.92499249356093,1,1,7.53217160009265e-11,"1","FLT1"
"HSPG2",4.23959605709644e-15,2.00560745139993,1,1,8.99811867158148e-11,"1","HSPG2"
"EBF2",4.8379541720518e-15,3.3062449546938,1,1,1.02680739347627e-10,"1","EBF2"
"ESAM",5.29133481680129e-15,2.7105495194803,1,1,1.12303290151791e-10,"1","ESAM"
"CD36",6.04157883487683e-15,3.11536529521921,1,1,1.28226469191426e-10,"1","CD36"
"COL4A1",6.3142093064591e-15,2.82139219356087,1,1,1.34012778320288e-10,"1","COL4A1"
"ENPEP",6.59625114918152e-15,2.74579677204508,1,1,1.39998834390229e-10,"1","ENPEP"
"SCN4B",7.86977952723874e-15,2.71160853363192,1,1,1.67028200686115e-10,"1","SCN4B"
"IGFBP3",8.20677277898629e-15,3.81733933603063,1,1,1.74180545461205e-10,"1","IGFBP3"
"ADAMTS9",8.2234011650954e-15,2.36514996255733,1,1,1.74533466327985e-10,"1","ADAMTS9"
"NEURL1B",9.71857116866625e-15,2.44328026702567,1,1,2.06266954483772e-10,"1","NEURL1B"
"DACH1",1.06937986321259e-14,3.06956502952031,1,1,2.26965182168241e-10,"1","DACH1"
"PLEKHG2",1.06980917777173e-14,1.90099476678655,1,1,2.27056299890271e-10,"1","PLEKHG2"
"ARHGAP28",1.88441839145394e-14,2.78687357560852,1,1,3.99948959402185e-10,"1","ARHGAP28"
"NYNRIN",2.14610571879573e-14,2.0634653227551,1,1,4.55489477757205e-10,"1","NYNRIN"
"PCDH17",3.03075096581353e-14,4.68531471443471,1,1,6.43246584984263e-10,"1","PCDH17"
"DAAM2",3.30287722803567e-14,2.34857172692081,1,1,7.0100266287829e-10,"1","DAAM2"
"MYO1B",3.75669773287777e-14,1.97314906763401,1,1,7.97321526825978e-10,"1","MYO1B"
"UBTFL6",3.82514869515897e-14,2.17335616169075,1,1,8.11849559060541e-10,"1","UBTFL6"
"GJC1",4.65253108955693e-14,2.77251646284005,1,1,9.87453198447562e-10,"1","GJC1"
"RGS5",4.65253108955693e-14,3.0979341035577,1,1,9.87453198447562e-10,"1","RGS5"
"SEMA6D",5.06766382753954e-14,2.75986721618194,1,1,1.07556097075699e-09,"1","SEMA6D"
"GPR176",1.13133197205546e-13,2.15743916267696,1,1,2.40113897749051e-09,"1","GPR176"
"AIF1L",1.17993490228794e-13,4.8075635980534,1,1,2.50429383661593e-09,"1","AIF1L"
"ZNF366",1.23058830395555e-13,3.05690063409736,1,1,2.61180061631526e-09,"1","ZNF366"
"HSD3BP4",1.23281398996683e-13,2.1549199092815,1,1,2.61652441230561e-09,"1","HSD3BP4"
"PDE1B",1.54073797427143e-13,2.27467414523515,1,1,3.27006227659368e-09,"1","PDE1B"
"FOLH1",1.81355107266941e-13,4.55711463200325,1,1,3.84908079663356e-09,"1","FOLH1"
"ZNF423",1.95357441149812e-13,1.82451309582576,1,1,4.14626633096361e-09,"1","ZNF423"
"C1orf54",2.03594876367218e-13,2.24163395930065,1,1,4.32109765601783e-09,"1","C1orf54"
"CAPN11",2.15686585560756e-13,2.94090840736695,1,1,4.57773209194149e-09,"1","CAPN11"
"PCDH1",2.25976722932413e-13,2.87610117204046,1,1,4.79612996751753e-09,"1","PCDH1"
"CORO2B",2.37939394574363e-13,2.57345072729339,1,1,5.05002571044628e-09,"1","CORO2B"
"SHROOM4",2.61344723341596e-13,2.74303810198193,1,1,5.54678040820204e-09,"1","SHROOM4"
"NID2",2.95923553001818e-13,2.21998246527408,1,1,6.28068148891058e-09,"1","NID2"
"LFNG",3.71337392997923e-13,2.22369126905851,1,1,7.88126482898792e-09,"1","LFNG"
"JAM3",3.95035569782999e-13,2.33083343219592,1,1,8.38423493307437e-09,"1","JAM3"
"VASH1",4.11628668338249e-13,1.97063052015192,1,1,8.73640685681099e-09,"1","VASH1"
"NDST1",4.85121867164741e-13,1.6281595039176,1,1,1.02962265087045e-08,"1","NDST1"
"SEMA6C",5.26555347658474e-13,1.8253327380099,1,1,1.11756106987035e-08,"1","SEMA6C"
"KIRREL",5.95298101660286e-13,1.42621709022115,1,1,1.26346069096379e-08,"1","KIRREL"
"SLC16A2",6.07528674751136e-13,1.80359039820508,1,1,1.28941885929181e-08,"1","SLC16A2"
"EBF3",6.72772277249326e-13,2.22102846893593,1,1,1.42789188123397e-08,"1","EBF3"
"CD93",7.29940031876365e-13,1.92501484038095,1,1,1.5492247236544e-08,"1","CD93"
"COL4A2",7.29940031876365e-13,2.42275153271449,1,1,1.5492247236544e-08,"1","COL4A2"
"CLEC14A",7.60252763139344e-13,1.4533143198766,1,1,1.61356046448694e-08,"1","CLEC14A"
"GPR116",7.60252763139344e-13,1.80053780454331,1,1,1.61356046448694e-08,"1","GPR116"
"PDGFRB",8.58798079932908e-13,1.8019274551148,1,1,1.8227130448496e-08,"1","PDGFRB"
"CCDC36",9.68189986295757e-13,2.37471428911272,1,1,2.05488642691412e-08,"1","CCDC36"
"CTC-339O9.2",1.06351533171181e-12,2.37862672562008,1,1,2.25720494002515e-08,"1","CTC-339O9.2"
"RASAL2",1.09496397292756e-12,1.52087714435136,1,1,2.32395153614146e-08,"1","RASAL2"
"GUCY1B3",1.13999071583962e-12,1.58283177492249,1,1,2.41951629529801e-08,"1","GUCY1B3"
"EPAS1",1.18703506126871e-12,1.51647060685587,1,1,2.51936321403672e-08,"1","EPAS1"
"NPR1",1.18703506126871e-12,2.39813383628494,1,1,2.51936321403672e-08,"1","NPR1"
"NOTCH3",1.51125280587485e-12,2.02579743652461,1,1,3.20748295518878e-08,"1","NOTCH3"
"DACT1",1.57301622584588e-12,2.29632880156598,1,1,3.33856963773529e-08,"1","DACT1"
"CLVS1",1.60754713921997e-12,3.8358779114208,1,1,3.41185804828046e-08,"1","CLVS1"
"ENG",1.63752948315162e-12,1.42493150513767,1,1,3.475492575041e-08,"1","ENG"
"SNRK",1.70449325372254e-12,1.29726904697155,1,1,3.61761648170072e-08,"1","SNRK"
"OLFML2B",1.84657909628158e-12,2.12645785325769,1,1,3.91917947394802e-08,"1","OLFML2B"
"ATG4A",1.99959863427948e-12,1.83347985772577,1,1,4.24394814139477e-08,"1","ATG4A"
"SPRY4",1.99959863427948e-12,2.39211053826326,1,1,4.24394814139477e-08,"1","SPRY4"
"CSPG4",2.00026541946429e-12,1.96344648732935,1,1,4.24536332627101e-08,"1","CSPG4"
"ADRA1B",2.05040727291032e-12,2.94766164006349,1,1,4.35178439602487e-08,"1","ADRA1B"
"ITGA7",2.08174552720386e-12,1.9491682111287,1,1,4.41829670693747e-08,"1","ITGA7"
"CD34",2.25440507333603e-12,2.2167632705378,1,1,4.78474932764838e-08,"1","CD34"
"TMCC3",2.34233383759143e-12,2.00979675680444,1,1,4.97136933690404e-08,"1","TMCC3"
"DCLK2",2.34544048127344e-12,1.71426413376157,1,1,4.97796287745475e-08,"1","DCLK2"
"TRO",2.43947419519976e-12,2.63643876988426,1,1,5.17754003189197e-08,"1","TRO"
"COL5A3",2.54055904721079e-12,2.08638005274199,1,1,5.39208252180019e-08,"1","COL5A3"
"RCBTB2",2.75066288776811e-12,1.5703514274301,1,1,5.83800691299904e-08,"1","RCBTB2"
"PKD2",2.86201276733764e-12,1.5575729467814,1,1,6.0743358973974e-08,"1","PKD2"
"PTPRG",3.09813465166741e-12,1.28425754575088,1,1,6.5754809846989e-08,"1","PTPRG"
"CSPG4P13",3.20117763376466e-12,3.17305441665103,1,1,6.79417940990211e-08,"1","CSPG4P13"
"CPNE5",3.27826853075155e-12,2.35151182902151,1,1,6.9577971296671e-08,"1","CPNE5"
"LOXL2",3.92707395166749e-12,0.647822843085102,1,1,8.33482175501909e-08,"1","LOXL2"
"CACNB3",4.24762018275607e-12,1.86525046700302,1,1,9.01514907588148e-08,"1","CACNB3"
"MYO15B",4.24899506874128e-12,1.76334975297602,1,1,9.0180671338965e-08,"1","MYO15B"
"ARHGEF15",4.78093442258780e-12,1.66697967265042,1,1,1.01470552185004e-07,"1","ARHGEF15"
"CACNA1H",5.37627081542796e-12,2.28830439364225,1,1,1.14105971786643e-07,"1","CACNA1H"
"GUCY1A2",5.37627081542796e-12,2.51582971680245,1,1,1.14105971786643e-07,"1","GUCY1A2"
"PABPC4L",5.56779702193384e-12,2.18980675447781,1,1,1.18170923993524e-07,"1","PABPC4L"
"PEAK1",6.28895842456402e-12,1.2682809755959,1,1,1.33476853602947e-07,"1","PEAK1"
"MCAM",6.53936032902886e-12,1.36498267186086,1,1,1.38791383623308e-07,"1","MCAM"
"SIPA1L2",7.35064752310815e-12,1.68657596739359,1,1,1.56010143030447e-07,"1","SIPA1L2"
"RP11-183E9.2",7.44454170884859e-12,2.97085885915524,1,1,1.58002953228602e-07,"1","RP11-183E9.2"
"RGCC",7.64239137192198e-12,1.44152337021868,1,1,1.62202114477672e-07,"1","RGCC"
"SLC6A1",8.36679664803661e-12,2.53329400933982,1,1,1.77576892057929e-07,"1","SLC6A1"
"RAPH1",8.58738646567214e-12,1.5418821083363,1,1,1.82258690347425e-07,"1","RAPH1"
"RFTN2",9.6315036992305e-12,1.8116018540238,1,1,2.04419034512468e-07,"1","RFTN2"
"FHOD1",1.00273223913324e-11,1.47357802829086,1,1,2.12819890433639e-07,"1","FHOD1"
"NCKAP5L",1.12600213160859e-11,1.37921135901579,1,1,2.38982692412608e-07,"1","NCKAP5L"
"KCNC4",1.14785303076962e-11,2.62465530528977,1,1,2.43620327250544e-07,"1","KCNC4"
"BGN",1.17030088167523e-11,1.68188968858358,1,1,2.48384659126751e-07,"1","BGN"
"NOSTRIN",1.21592841943933e-11,2.7988948264814,1,1,2.58068647741803e-07,"1","NOSTRIN"
"ITGA1",1.21630541374576e-11,1.72769603616316,1,1,2.581486610134e-07,"1","ITGA1"
"MCF2L",1.21630541374576e-11,2.10135906062236,1,1,2.581486610134e-07,"1","MCF2L"
"OSBP2",1.36152695586986e-11,0.568067859346879,1,1,2.8897048111382e-07,"1","OSBP2"
"ZBTB18",1.39063062502723e-11,1.48042862913688,1,1,2.95147443855779e-07,"1","ZBTB18"
"FXYD6",1.78498540733014e-11,2.28807115730813,1,1,3.78845302851749e-07,"1","FXYD6"
"FRMD4A",1.85509836098598e-11,1.29071629424767,1,1,3.93726076135664e-07,"1","FRMD4A"
"LHFP",1.92717221508484e-11,2.11089231316902,1,1,4.09023030929607e-07,"1","LHFP"
"EBF4",2.07853847092213e-11,1.94589752635931,1,1,4.41149005068513e-07,"1","EBF4"
"TBX3",2.11451835851888e-11,1.44819819582381,1,1,4.48785376412046e-07,"1","TBX3"
"PDGFB",2.16073361104021e-11,1.87925469446345,1,1,4.58594101607173e-07,"1","PDGFB"
"SEC14L1",2.16089704993664e-11,1.62368990893806,1,1,4.58628789878553e-07,"1","SEC14L1"
"SPECC1",2.16089704993664e-11,1.42972834922458,1,1,4.58628789878553e-07,"1","SPECC1"
"DENND5A",2.2447493004866e-11,0.929428390063979,1,1,4.76425591535275e-07,"1","DENND5A"
"TBX2",2.6129932419257e-11,2.0476775046269,1,1,5.5458168566631e-07,"1","TBX2"
"SOX17",2.90163207097368e-11,2.70824421069388,1,1,6.15842390743455e-07,"1","SOX17"
"C8orf4",2.91553686641553e-11,2.26120919040476,1,1,6.18793544528031e-07,"1","C8orf4"
"PMEPA1",3.03609400918383e-11,1.56879480619662,1,1,6.44380592509177e-07,"1","PMEPA1"
"RAPGEF3",3.15774870182471e-11,2.0219863454902,1,1,6.70200584475277e-07,"1","RAPGEF3"
"MMP15",3.27685076013677e-11,2.02170450923502,1,1,6.95478805331428e-07,"1","MMP15"
"TSHZ3",3.27904242069867e-11,1.58645123341391,1,1,6.95943963369085e-07,"1","TSHZ3"
"ITGA6",3.40539762477437e-11,1.3564931684613,1,1,7.22761591882113e-07,"1","ITGA6"
"PALM2",3.73214560794683e-11,2.08965807003041,1,1,7.92110583830636e-07,"1","PALM2"
"MIR1283-1",3.8502114737185e-11,3.51106641748941,1,1,8.17168883182015e-07,"1","MIR1283-1"
"PTP4A2P2",4.0745306411225e-11,2.08391674013747,1,1,8.6477838327184e-07,"1","PTP4A2P2"
"ACTA2",4.11066871401183e-11,1.52845274429168,1,1,8.72448327861871e-07,"1","ACTA2"
"LIMS2",4.59910927039158e-11,1.90061692313101,1,1,9.76114951547908e-07,"1","LIMS2"
"HSD3BP5",4.69985112455505e-11,2.17108898502006,1,1,9.97496402675563e-07,"1","HSD3BP5"
"PLCL1",4.7760692311844e-11,1.78891265745187,1,1,1.01367293362658e-06,"1","PLCL1"
"FGFR1",4.95823553036447e-11,1.09934861739875,1,1,1.05233590896456e-06,"1","FGFR1"
"MMRN2",4.95823553036447e-11,1.40262416197016,1,1,1.05233590896456e-06,"1","MMRN2"
"ROBO4",5.54648180511006e-11,1.76198842898215,1,1,1.17718529831656e-06,"1","ROBO4"
"TMEM88",5.74899428252812e-11,1.72840172930208,1,1,1.22016654652377e-06,"1","TMEM88"
"MADCAM1",5.78226874444205e-11,4.04938472091692,1,1,1.22722871832038e-06,"1","MADCAM1"
"ASB9",5.95650709453057e-11,2.05062301397043,1,1,1.26420906574317e-06,"1","ASB9"
"LAMB1",6.20282132773188e-11,1.27291357462556,1,1,1.31648679859781e-06,"1","LAMB1"
"SSTR2",6.75566669832721e-11,3.57756766570385,1,1,1.43382270005297e-06,"1","SSTR2"
"MIR512-1",6.77914154748041e-11,3.71935692509781,1,1,1.43880500203724e-06,"1","MIR512-1"
"NEDD9",6.93443355004439e-11,1.91048497218885,1,1,1.47176417666142e-06,"1","NEDD9"
"VWF",7.19725335249061e-11,2.03718911655497,1,1,1.52754505153261e-06,"1","VWF"
"RP11-118D22.3",7.37388147837411e-11,2.68508889513377,1,1,1.56503260497012e-06,"1","RP11-118D22.3"
"FOXS1",7.45472830373904e-11,2.09705505656886,1,1,1.58219153518557e-06,"1","FOXS1"
"ID3",7.75077872767049e-11,1.51145934373639,1,1,1.64502527716078e-06,"1","ID3"
"RP11-664I21.6",8.01170581588847e-11,1.90811872643326,1,1,1.70040444236417e-06,"1","RP11-664I21.6"
"PLVAP",8.04150612476613e-11,1.95852916696466,1,1,1.70672925992036e-06,"1","PLVAP"
"ADCY6",8.04380262160623e-11,1.3919554026341,1,1,1.70721666840971e-06,"1","ADCY6"
"KCNJ8",8.3351648302512e-11,1.6812716933462,1,1,1.76905538357251e-06,"1","KCNJ8"
"CPNE2",8.66147502336947e-11,1.50161433969675,1,1,1.83831145895994e-06,"1","CPNE2"
"EPB41L1",8.98746676328375e-11,1.50243274022125,1,1,1.90749994583934e-06,"1","EPB41L1"
"ATP1B2",9.63755184902894e-11,2.23099096270211,1,1,2.0454740044379e-06,"1","ATP1B2"
"MECOM",1.00390930147721e-10,1.66310630991365,1,1,2.13069710145522e-06,"1","MECOM"
"ZNF697",1.04127299067399e-10,1.92855354115233,1,1,2.20999779540648e-06,"1","ZNF697"
"OR5AK2",1.04553548871698e-10,2.789226276056,1,1,2.21904452125293e-06,"1","OR5AK2"
"HECW2",1.12107058952517e-10,1.70961903398663,1,1,2.37936021920823e-06,"1","HECW2"
"DOCK4",1.16301703875215e-10,1.49066664375074,1,1,2.46838736304756e-06,"1","DOCK4"
"ABI2",1.20649633885109e-10,0.909672713396493,1,1,2.56066782957755e-06,"1","ABI2"
"KALRN",1.34668704729807e-10,1.32605353372577,1,1,2.85820858918543e-06,"1","KALRN"
"ARHGAP31",1.39686318006935e-10,1.21007100579835,1,1,2.96470241337918e-06,"1","ARHGAP31"
"EPS8",1.39686318006935e-10,1.41618425013111,1,1,2.96470241337918e-06,"1","EPS8"
"PRCP",1.39686318006935e-10,2.03637420385724,1,1,2.96470241337918e-06,"1","PRCP"
"EXOC3L2",1.49692979286737e-10,2.32273316565594,1,1,3.1770837923817e-06,"1","EXOC3L2"
"PALMD",1.50233986511975e-10,1.7216049798014,1,1,3.18856612973016e-06,"1","PALMD"
"ENTPD1",1.55860592530185e-10,1.58337649921628,1,1,3.30798521586066e-06,"1","ENTPD1"
"EFEMP2",1.93885479066426e-10,1.07794935603961,1,1,4.11502540770583e-06,"1","EFEMP2"
"SEMA5B",2.08185024938812e-10,2.24456851077007,1,1,4.41851896930134e-06,"1","SEMA5B"
"AKAP2",2.08469641256957e-10,0.733105360688242,1,1,4.42455966603765e-06,"1","AKAP2"
"CDH24",2.14396040508653e-10,1.67721669319917,1,1,4.55034156375565e-06,"1","CDH24"
"TTYH2",2.15863642260666e-10,2.1404304832739,1,1,4.58148994334037e-06,"1","TTYH2"
"ANO1",2.16158250304205e-10,1.42450188868735,1,1,4.58774270445645e-06,"1","ANO1"
"CCDC102B",2.16158250304205e-10,1.88072473715747,1,1,4.58774270445645e-06,"1","CCDC102B"
"PLXND1",2.24123622828835e-10,1.4372882454145,1,1,4.75679977091919e-06,"1","PLXND1"
"PTK2",2.24123622828835e-10,0.90298076994047,1,1,4.75679977091919e-06,"1","PTK2"
"LHX6",2.40352396644871e-10,4.04351270314811,1,1,5.10123926639073e-06,"1","LHX6"
"SOX13",2.49779052701104e-10,1.64133046761503,1,1,5.30131061452823e-06,"1","SOX13"
"RIMKLB",2.73312680940096e-10,1.59265604290782,1,1,5.80078834027259e-06,"1","RIMKLB"
"CCDC85A",2.74197892525304e-10,2.7626793992907,1,1,5.81957607095706e-06,"1","CCDC85A"
"LRCH1",2.78295250617974e-10,0.867219660252502,1,1,5.90653839911589e-06,"1","LRCH1"
"PRND",2.80360412399257e-10,3.54514527370257,1,1,5.95036939276184e-06,"1","PRND"
"EFNB3",2.8530363637728e-10,1.92374024408402,1,1,6.05528437847139e-06,"1","EFNB3"
"COX4I2",2.86169227058446e-10,1.91266674870975,1,1,6.07365567508846e-06,"1","COX4I2"
"VSIG2",3.20105771894683e-10,1.99558023242959,1,1,6.79392490269275e-06,"1","VSIG2"
"PTPRM",3.8427635479107e-10,1.48763189750269,1,1,8.15588135408567e-06,"1","PTPRM"
"CDH6",3.89026771022221e-10,2.4734624921574,1,1,8.25670418817563e-06,"1","CDH6"
"HEYL",3.90292619464163e-10,1.93708419625585,1,1,8.2835705555074e-06,"1","HEYL"
"GUCY1A3",3.98243475479632e-10,1.30161382358338,1,1,8.4523195235797e-06,"1","GUCY1A3"
"PITPNM2",4.27567356444708e-10,1.3409530047355,1,1,9.07468957318248e-06,"1","PITPNM2"
"DPY19L2P1",4.51740418192343e-10,3.41113654557824,1,1,9.58773863571429e-06,"1","DPY19L2P1"
"GPR17",4.5863353972987e-10,2.4863512672314,1,1,9.73403824722676e-06,"1","GPR17"
"EXOC3L1",4.92933451878358e-10,1.93258548615852,1,1,1.04620195826663e-05,"1","EXOC3L1"
"DCBLD1",4.93062668425208e-10,1.22114026770303,1,1,1.04647620746566e-05,"1","DCBLD1"
"AFAP1L2",5.10841920710675e-10,1.6942203722707,1,1,1.08421089251634e-05,"1","AFAP1L2"
"HIGD1B",5.16868537653408e-10,1.60222185298674,1,1,1.09700178431559e-05,"1","HIGD1B"
"DNAH8",5.95856309231483e-10,4.16646944125085,1,1,1.2646454307129e-05,"1","DNAH8"
"LINGO1",6.19248873101376e-10,2.00918517713894,1,1,1.31429380827036e-05,"1","LINGO1"
"KITLG",6.31297688293276e-10,2.34529779086952,1,1,1.33986621363365e-05,"1","KITLG"
"LPL",6.77865347351997e-10,3.11555109413392,1,1,1.43870141321988e-05,"1","LPL"
"FAM198B",7.02162690970034e-10,1.90291351231772,1,1,1.4902700953148e-05,"1","FAM198B"
"ZEB1",7.53332824443577e-10,1.11215999888509,1,1,1.59887358659905e-05,"1","ZEB1"
"KIF26A",8.08134002091558e-10,1.87456971440069,1,1,1.71518360603912e-05,"1","KIF26A"
"MEOX2",8.36760205334216e-10,2.02466489028021,1,1,1.77593985980134e-05,"1","MEOX2"
"FMNL3",8.97696224974933e-10,1.1549046331305,1,1,1.9052704678868e-05,"1","FMNL3"
"SULT1C3",9.27307274674465e-10,3.38527486830724,1,1,1.96811695976908e-05,"1","SULT1C3"
"PSAT1P3",9.54850779482462e-10,3.01894310050991,1,1,2.02657529437358e-05,"1","PSAT1P3"
"GLUD2",1.05038605780236e-09,1.98265555329471,1,1,2.22933936907972e-05,"1","GLUD2"
"AVPR1A",1.06655863378643e-09,2.11377731834718,1,1,2.26366404434832e-05,"1","AVPR1A"
"SEMA5A",1.10679225930713e-09,1.3533601294339,1,1,2.34905589115345e-05,"1","SEMA5A"
"C7orf69",1.12842499559028e-09,0.933271426544851,1,1,2.39496921064082e-05,"1","C7orf69"
"CTTNBP2",1.18577096132248e-09,2.93690630779051,1,1,2.51668028831082e-05,"1","CTTNBP2"
"RP11-22B23.1",1.33961992514087e-09,1.5381133260744,1,1,2.84320932911899e-05,"1","RP11-22B23.1"
"XAF1",1.33961992514087e-09,1.56448066974315,1,1,2.84320932911899e-05,"1","XAF1"
"COL25A1",1.47837494904822e-09,2.79997698784807,1,1,3.13770299185995e-05,"1","COL25A1"
"KIAA1217",1.62014267877851e-09,1.14276660621793,1,1,3.43859082143951e-05,"1","KIAA1217"
"ITPKB",1.73568471417366e-09,1.11365641331126,1,1,3.68381723736218e-05,"1","ITPKB"
"MEIS3",1.79598752580954e-09,1.12462652448329,1,1,3.81180392477816e-05,"1","MEIS3"
"ST5",1.79642834934369e-09,1.02055293037348,1,1,3.81273952864706e-05,"1","ST5"
"DDX12P",1.89132978225732e-09,2.00940600407447,1,1,4.01415832986293e-05,"1","DDX12P"
"GPR161",1.92184141084097e-09,1.47230486285435,1,1,4.07891621036887e-05,"1","GPR161"
"TMEM47",2.09511874373261e-09,1.64714640280067,1,1,4.4466800216981e-05,"1","TMEM47"
"LXN",2.13259290227981e-09,1.95106095454546,1,1,4.52621517579867e-05,"1","LXN"
"APBB2",2.28357428775416e-09,1.34358243477774,1,1,4.84665806832943e-05,"1","APBB2"
"COLGALT1",2.28357428775416e-09,1.2905120655813,1,1,4.84665806832943e-05,"1","COLGALT1"
"KL",2.29982194751876e-09,2.34493552235102,1,1,4.88114210141382e-05,"1","KL"
"OR5AK1P",2.36272148534138e-09,1.26092207847985,1,1,5.01464008048854e-05,"1","OR5AK1P"
"SHANK3",2.36291998950374e-09,1.05179256145524,1,1,5.01506138572274e-05,"1","SHANK3"
"CA8",2.43258005830814e-09,1.88810353227321,1,1,5.16290791575321e-05,"1","CA8"
"ANO3",2.618342363578e-09,2.70045584772267,1,1,5.55716983245795e-05,"1","ANO3"
"HERC1",2.70802735026395e-09,0.840844514400015,1,1,5.74751724820021e-05,"1","HERC1"
"IGF2",2.80001879866725e-09,1.09396611938643,1,1,5.94275989829137e-05,"1","IGF2"
"DPY19L2",2.80102571602496e-09,1.6997079069179,1,1,5.94489697969138e-05,"1","DPY19L2"
"ARHGEF26",2.80169717350684e-09,1.5689480295726,1,1,5.94632208105091e-05,"1","ARHGEF26"
"PXDN",2.80169717350684e-09,1.10628124184662,1,1,5.94632208105091e-05,"1","PXDN"
"A2M",2.89851928358455e-09,1.0558398172872,1,1,6.15181732747985e-05,"1","A2M"
"EEPD1",2.99788063784833e-09,1.30203894211313,1,1,6.36270186576929e-05,"1","EEPD1"
"BCORL1",2.9985966604154e-09,1.10311638177598,1,1,6.36422155206566e-05,"1","BCORL1"
"COL12A1",2.9985966604154e-09,1.50402378504002,1,1,6.36422155206566e-05,"1","COL12A1"
"UACA",2.9985966604154e-09,1.46565595711153,1,1,6.36422155206566e-05,"1","UACA"
"GPR85",3.04956464893578e-09,2.07824031846841,1,1,6.47239601090129e-05,"1","GPR85"
"FARP1",3.10203554086222e-09,1.10249349905121,1,1,6.58376023192597e-05,"1","FARP1"
"MAPK11",3.3125477688703e-09,1.25162644737487,1,1,7.03055138465032e-05,"1","MAPK11"
"SMARCA1",3.43363453452743e-09,1.21335904268943,1,1,7.28754593608102e-05,"1","SMARCA1"
"MYLK",3.55165047765773e-09,1.04122871449022,1,1,7.53802297378076e-05,"1","MYLK"
"AKT3",3.79874999597518e-09,1.15437046826642,1,1,8.06246699145772e-05,"1","AKT3"
"TMEM44",3.86400374486309e-09,1.50091006015538,1,1,8.20096154809743e-05,"1","TMEM44"
"LRRC3B",3.88326618102139e-09,2.79523404826151,1,1,8.2418441425998e-05,"1","LRRC3B"
"GPIHBP1",4.20254201372817e-09,3.36928606030491,1,1,8.91947516993666e-05,"1","GPIHBP1"
"CAV1",4.34721590436192e-09,1.49296050731251,1,1,9.22653103541774e-05,"1","CAV1"
"KANK2",4.34721590436192e-09,1.4128461583054,1,1,9.22653103541774e-05,"1","KANK2"
"FZD4",4.64798993779884e-09,1.61150480145382,1,1,9.86489384398427e-05,"1","FZD4"
"MEG3",4.64880282229735e-09,1.91042451347474,1,1,9.8666191100439e-05,"1","MEG3"
"CHD3",4.64907381185164e-09,0.961294337557739,1,1,9.86719425827393e-05,"1","CHD3"
"TENC1",4.64907381185164e-09,1.19275952300133,1,1,9.86719425827393e-05,"1","TENC1"
"F2R",4.8075560205079e-09,1.63133957073723,1,1,0.00010203556897926,"1","F2R"
"LDB2",4.97129037130919e-09,1.21655186101242,1,1,0.000105510666840666,"1","LDB2"
"SPARC",4.97129037130919e-09,1.46687645326056,1,1,0.000105510666840666,"1","SPARC"
"TBC1D9",4.97129037130919e-09,0.743253504352495,1,1,0.000105510666840666,"1","TBC1D9"
"CDH13",5.14044567419903e-09,1.71035742826463,1,1,0.0001091008189892,"1","CDH13"
"PURG",5.28340940477545e-09,1.71275567463882,1,1,0.000112135081206954,"1","PURG"
"PDE3A",5.31396597764435e-09,1.34342797375427,1,1,0.000112783613909524,"1","PDE3A"
"ILK",5.68220504900777e-09,1.15194884603463,1,1,0.000120599119960141,"1","ILK"
"STARD9",5.87483958666081e-09,1.39373000119127,1,1,0.000124687595387289,"1","STARD9"
"KCNAB1",6.04458284106281e-09,1.81977318846269,1,1,0.000128290226218717,"1","KCNAB1"
"GDPD5",6.07347223483157e-09,1.04380732513043,1,1,0.000128903374712065,"1","GDPD5"
"SEPT7P8",6.21787086198964e-09,1.1811817112584,1,1,0.000131968091174868,"1","SEPT7P8"
"BEND7",6.23628961709467e-09,1.65817202687707,1,1,0.000132359010833217,"1","BEND7"
"TAOK2",6.27935216549473e-09,0.80061511325097,1,1,0.00013327297036046,"1","TAOK2"
"EBF1",6.49164195189054e-09,1.1072305019424,1,1,0.000137778608786925,"1","EBF1"
"TSPAN13",6.49164195189054e-09,1.60191940019165,1,1,0.000137778608786925,"1","TSPAN13"
"SNORA11",6.71090585331878e-09,1.4633904506144,1,1,0.000142432265830838,"1","SNORA11"
"RP11-1055B8.7",6.93736595734818e-09,1.32473676378805,1,1,0.000147238655078758,"1","RP11-1055B8.7"
"SYDE1",7.17084318622265e-09,1.16302689078326,1,1,0.000152193975784389,"1","SYDE1"
"RP11-3B7.1",7.31501670884687e-09,2.2315956461475,1,1,0.000155253914628566,"1","RP11-3B7.1"
"MYH13",7.37190275755587e-09,0.96622794629579,1,1,0.000156461264126366,"1","MYH13"
"DCHS1",7.41279750149941e-09,1.3788141453288,1,1,0.000157329214171824,"1","DCHS1"
"MXRA5",7.6622481082187e-09,1.37862821979302,1,1,0.000162623553848834,"1","MXRA5"
"ENC1",8.46057097338051e-09,1.23652718616853,1,1,0.000179567158339028,"1","ENC1"
"TET1",8.46057097338051e-09,1.1182466710866,1,1,0.000179567158339028,"1","TET1"
"PPM1H",8.71671383412757e-09,1.74402099595086,1,1,0.000185003534415524,"1","PPM1H"
"PHLDB2",8.74422335639765e-09,0.965870484758888,1,1,0.000185587396516184,"1","PHLDB2"
"ZNF660",8.87202355144256e-09,2.13788530032845,1,1,0.000188299827855817,"1","ZNF660"
"S1PR3",9.31025781838219e-09,1.57438777086602,1,1,0.000197600911937344,"1","S1PR3"
"CYGB",9.32906613557203e-09,2.13767198244717,1,1,0.000198000099661381,"1","CYGB"
"VCL",9.33952970178779e-09,1.01207523632031,1,1,0.000198222178390744,"1","VCL"
"FAT4",9.6517753413757e-09,1.0658670789625,1,1,0.000204849279845358,"1","FAT4"
"ZHX3",9.6517753413757e-09,1.34867454744401,1,1,0.000204849279845358,"1","ZHX3"
"ADAMTSL3",9.79250471475694e-09,2.03851111013735,1,1,0.000207836120066001,"1","ADAMTSL3"
"PRRT2",9.80619806647326e-09,2.01346785105586,1,1,0.000208126747762829,"1","PRRT2"
"TINAGL1",9.97415880218475e-09,0.855619612486233,1,1,0.000211691546417569,"1","TINAGL1"
"EXT2",1.0306998908309e-08,0.707531835201021,1,1,0.000218755744829951,"1","EXT2"
"AFAP1L1",1.06506241657786e-08,1.74015377211915,1,1,0.000226048847294486,"1","AFAP1L1"
"ADRA2B",1.06729546980171e-08,2.17990554722001,1,1,0.000226522790510714,"1","ADRA2B"
"EFHD1",1.16074476220211e-08,1.99420098750422,1,1,0.000246356468329775,"1","EFHD1"
"EDNRA",1.17489973080377e-08,1.48950454653729,1,1,0.000249360718865791,"1","EDNRA"
"SH3RF1",1.17496471302979e-08,1.00872922133568,1,1,0.000249374510693443,"1","SH3RF1"
"RAPGEF2",1.25427394765601e-08,1.03390202889289,1,1,0.000266207102650512,"1","RAPGEF2"
"KIAA1462",1.29585531062006e-08,1.3037392603388,1,1,0.000275032331126001,"1","KIAA1462"
"FGD1",1.38231638777405e-08,1.25908384660413,1,1,0.000293382830141165,"1","FGD1"
"RGAG4",1.4759844657859e-08,0.982755913693754,1,1,0.000313262943018399,"1","RGAG4"
"TTC28",1.4759844657859e-08,0.871530862131969,1,1,0.000313262943018399,"1","TTC28"
"CDH5",1.52468565920074e-08,1.39528479254331,1,1,0.000323599284308765,"1","CDH5"
"RP11-192P3.5",1.52468565920074e-08,1.39416364907461,1,1,0.000323599284308765,"1","RP11-192P3.5"
"ABCG2",1.54877497667322e-08,1.87082685784354,1,1,0.000328712001049125,"1","ABCG2"
"SOBP",1.57486060384971e-08,1.00552525187265,1,1,0.000334248414561062,"1","SOBP"
"COL4A2-AS2",1.62187782508378e-08,2.22515845177707,1,1,0.000344227349595783,"1","COL4A2-AS2"
"MAP2K6",1.67525087512349e-08,1.62971600689483,1,1,0.000355555245736209,"1","MAP2K6"
"LPP",1.7355746158818e-08,0.875878335020015,1,1,0.000368358356474753,"1","LPP"
"KIAA0895L",1.81831226061654e-08,1.08625160674028,1,1,0.000385918594193255,"1","KIAA0895L"
"MPRIP",1.85138227154233e-08,0.858460278178526,1,1,0.000392937373312145,"1","MPRIP"
"SOX11",1.89332494906722e-08,3.26960378891931,1,1,0.000401839287190028,"1","SOX11"
"LZTS1",1.90345127970157e-08,1.44057885868469,1,1,0.000403988499603862,"1","LZTS1"
"TBKBP1",1.9120658254715e-08,1.28386978673945,1,1,0.000405816850798071,"1","TBKBP1"
"GPR162",1.9657992797814e-08,0.955355628906318,1,1,0.000417221239140804,"1","GPR162"
"VAX2",1.98103474103055e-08,1.88249168446445,1,1,0.000420454813436324,"1","VAX2"
"HOXB2",2.00565224956036e-08,4.71745896122527,1,1,0.000425679633446691,"1","HOXB2"
"KCTD15",2.03928059213838e-08,1.54376757964407,1,1,0.000432816912875451,"1","KCTD15"
"CRYBG3",2.17469670263971e-08,1.07683252935273,1,1,0.000461557628168251,"1","CRYBG3"
"LTK",2.23133594822069e-08,0.967686789234774,1,1,0.00047357874165036,"1","LTK"
"FAM101B",2.23895411428057e-08,2.2640551859881,1,1,0.000475195621214909,"1","FAM101B"
"PLEKHG1",2.24563872388734e-08,0.87247603834728,1,1,0.000476614362757849,"1","PLEKHG1"
"ATP7B",2.31833232353666e-08,1.14883896452855,1,1,0.000492042852347422,"1","ATP7B"
"GJA5",2.36653875276143e-08,1.46921382254383,1,1,0.000502274184886087,"1","GJA5"
"ETS1",2.39432418692466e-08,0.781527976424965,1,1,0.00050817136543289,"1","ETS1"
"GPR124",2.55254608807036e-08,1.51075678604299,1,1,0.000541752381732053,"1","GPR124"
"C8orf58",2.63486085326685e-08,1.43467371430277,1,1,0.000559222867497357,"1","C8orf58"
"SPRY1",2.63541646298672e-08,1.52731801124262,1,1,0.000559340790104302,"1","SPRY1"
"ANO2",2.67641506708785e-08,1.5263298057215,1,1,0.000568042333838725,"1","ANO2"
"PCDH9",2.67768386524343e-08,1.65852885262729,1,1,0.000568311623559266,"1","PCDH9"
"GAREML",2.80081266912067e-08,1.39969287923798,1,1,0.000594444480894172,"1","GAREML"
"RNF157",2.80906162633818e-08,1.60313093494261,1,1,0.000596195239574015,"1","RNF157"
"RBP7",2.86673222178418e-08,2.85557568925915,1,1,0.000608435246751475,"1","RBP7"
"RBPMS2",2.87501704792726e-08,3.58636232101383,1,1,0.000610193618252081,"1","RBPMS2"
"KCP",2.94113537630974e-08,1.57871071524717,1,1,0.00062422657226798,"1","KCP"
"ARHGEF17",2.99378678958157e-08,1.41827963750904,1,1,0.000635401308220793,"1","ARHGEF17"
"LINC00961",3.15084526569144e-08,2.34152827015363,1,1,0.000668735399190351,"1","LINC00961"
"ADAP2",3.18861289598385e-08,1.71653631234552,1,1,0.000676751201043611,"1","ADAP2"
"ARHGAP42",3.18861289598385e-08,0.973234294235741,1,1,0.000676751201043611,"1","ARHGAP42"
"UCHL3",3.18960980725655e-08,0.45167880652328,1,1,0.00067696278549213,"1","UCHL3"
"ZNF618",3.19027456626375e-08,0.530900315252358,1,1,0.000677103873943819,"1","ZNF618"
"GRB10",3.29315375121011e-08,1.32156158570556,1,1,0.000698938952156834,"1","GRB10"
"RAP2A",3.29315375121011e-08,0.810058649830621,1,1,0.000698938952156834,"1","RAP2A"
"TAGLN",3.39924802440816e-08,1.03182503876016,1,1,0.000721456400700387,"1","TAGLN"
"RTL1",3.48690720495578e-08,2.35414533444884,1,1,0.000740061185179815,"1","RTL1"
"EDNRB",3.50865446698095e-08,2.12765282971794,1,1,0.000744676824072036,"1","EDNRB"
"NHSL2",3.50865446698095e-08,1.18387496261082,1,1,0.000744676824072036,"1","NHSL2"
"FAM219A",3.56444642523728e-08,1.30335570534528,1,1,0.000756518109292361,"1","FAM219A"
"PRSS35",3.61177026537163e-08,2.6083518544561,1,1,0.000766562121122475,"1","PRSS35"
"FLRT2",3.62072426877865e-08,1.75324611820757,1,1,0.00076846251880558,"1","FLRT2"
"ZNF462",3.62147298214106e-08,1.17723139477722,1,1,0.000768621425729619,"1","ZNF462"
"GFRAL",3.69338091472204e-08,2.07497983123176,1,1,0.000783883165340605,"1","GFRAL"
"SCN4A",3.78091574591394e-08,3.17084266606936,1,1,0.000802461557912774,"1","SCN4A"
"CAMTA1",3.85776042730233e-08,0.770919718243443,1,1,0.000818771073090647,"1","CAMTA1"
"CDC42EP1",3.98144399220266e-08,1.44913449704159,1,1,0.000845021672905092,"1","CDC42EP1"
"ANKRD30A",4.07023879774151e-08,0.409196011609172,1,1,0.000863867482432659,"1","ANKRD30A"
"HOXC6",4.2144754488561e-08,1.30813409833592,1,1,0.000894480269265219,"1","HOXC6"
"DCBLD2",4.30749223323207e-08,1.13695538309124,1,1,0.000914222151581174,"1","DCBLD2"
"DCLK3",4.45033592701225e-08,1.83714300210477,1,1,0.000944539297149081,"1","DCLK3"
"ADCY1",4.48820929989159e-08,1.644410366101,1,1,0.00095257754180899,"1","ADCY1"
"MRVI1",4.51346071535437e-08,1.16629235073362,1,1,0.000957936902226812,"1","MRVI1"
"CDKL5",4.51576243122041e-08,1.66017102854685,1,1,0.00095842541840222,"1","CDKL5"
"FAM13C",4.51576243122041e-08,1.36541609734888,1,1,0.00095842541840222,"1","FAM13C"
"ITPR1",4.51576243122041e-08,0.962525243024643,1,1,0.00095842541840222,"1","ITPR1"
"PRRG3",4.65509975866877e-08,2.4010018099462,1,1,0.00098799837277986,"1","PRRG3"
"PPARG",4.65960253191812e-08,0.728710821245645,1,1,0.000988954041374302,"1","PPARG"
"TEAD2",4.6598396251522e-08,1.23537004649971,1,1,0.000989004362042304,"1","TEAD2"
"LRRC17",4.78789636737587e-08,1.66024013704975,1,1,0.00101618312501185,"1","LRRC17"
"CYTH3",4.96148246417744e-08,1.06722477897937,1,1,0.00105302503819702,"1","CYTH3"
"GPR63",5.17558419119208e-08,1.96406359262033,1,1,0.00109846598873861,"1","GPR63"
"NPDC1",5.2820144631081e-08,0.205827570152879,1,1,0.00112105474965006,"1","NPDC1"
"BCAR3",5.44944324741151e-08,0.896039479577134,1,1,0.00115658983483062,"1","BCAR3"
"GAPDHP33",5.6184719770331e-08,1.16595439704783,1,1,0.00119246449240551,"1","GAPDHP33"
"POPDC2",5.76590524937285e-08,1.9324609196078,1,1,0.00122375573012689,"1","POPDC2"
"AASS",5.98437447642952e-08,1.05186370177198,1,1,0.0012701236388774,"1","AASS"
"PHLDB1",6.17363338775478e-08,0.96947910971198,1,1,0.00131029195021707,"1","PHLDB1"
"PRKAR2B",6.3686857977e-08,1.98392966226858,1,1,0.00135168987370385,"1","PRKAR2B"
"PCDHAC2",6.41544519115616e-08,1.90388078255838,1,1,0.00136161408737098,"1","PCDHAC2"
"MYO10",6.56970281810642e-08,1.20047824182335,1,1,0.00139435372611491,"1","MYO10"
"LRRC55",6.60480180898865e-08,2.17078858048543,1,1,0.00140180313593975,"1","LRRC55"
"ATP8A2P1",6.6326430377924e-08,0.690095254874906,1,1,0.00140771215834106,"1","ATP8A2P1"
"PIK3R6",6.97095425287432e-08,1.77496955680241,1,1,0.00147951533063005,"1","PIK3R6"
"C17orf72",7.16762359755898e-08,0.534145779195709,1,1,0.00152125643234592,"1","C17orf72"
"ZEB2",7.43701202157479e-08,1.17559448077597,1,1,0.00157843143145903,"1","ZEB2"
"THSD7B",7.44701424336651e-08,2.87237484622919,1,1,0.00158055430301211,"1","THSD7B"
"COL18A1-AS1",7.86469968028354e-08,2.03162438239196,1,1,0.00166920386014338,"1","COL18A1-AS1"
"RNF135",8.15125184274021e-08,0.98095950209111,1,1,0.00173002169110318,"1","RNF135"
"NEK3",8.15765647914536e-08,0.847800038966392,1,1,0.00173138101113381,"1","NEK3"
"MOCS1",8.15885783427668e-08,1.16172327694811,1,1,0.00173163598674688,"1","MOCS1"
"NRXN3",8.62722882490881e-08,1.54930621981873,1,1,0.00183104304579865,"1","NRXN3"
"TCF4",8.67800865212742e-08,0.927575284907732,1,1,0.00184182055632752,"1","TCF4"
"GPR4",9.70879521043374e-08,1.51826872529565,1,1,0.00206059469546246,"1","GPR4"
"MPDZ",9.81300287071776e-08,1.16684246610598,1,1,0.00208271172928114,"1","MPDZ"
"CTD-2270N23.1",1.0108676883035e-07,1.16671825525579,1,1,0.00214546558165534,"1","CTD-2270N23.1"
"THSD7A",1.04331244615716e-07,1.40335767794526,1,1,0.00221432633572396,"1","THSD7A"
"ITGB1",1.07572436807048e-07,0.939174246696535,1,1,0.00228311739879278,"1","ITGB1"
"EDA",1.17215445830484e-07,1.28090847157693,1,1,0.0024877806223062,"1","EDA"
"PLXDC1",1.17868891110779e-07,1.42436886698896,1,1,0.00250164934493517,"1","PLXDC1"
"ADAMTS12",1.17891479738127e-07,1.21822198444394,1,1,0.00250212876596201,"1","ADAMTS12"
"GTDC1",1.19501594435632e-07,0.978903984460477,1,1,0.00253630184030186,"1","GTDC1"
"ZNF641",1.1964467403866e-07,0.940602660398822,1,1,0.00253933856179651,"1","ZNF641"
"CACNG8",1.21205824790186e-07,2.81705634606632,1,1,0.0025724724253469,"1","CACNG8"
"ADAMTS2",1.25296228395902e-07,1.1812629639954,1,1,0.00265928715147462,"1","ADAMTS2"
"CACNA1A",1.41452330645145e-07,1.21337482498539,1,1,0.00300218426561256,"1","CACNA1A"
"CLMN",1.45823565172423e-07,1.13533690160719,1,1,0.00309495934721951,"1","CLMN"
"PRKG1",1.48047400560858e-07,0.798132564086149,1,1,0.00314215802950365,"1","PRKG1"
"MED12",1.5031110285883e-07,0.830505011279399,1,1,0.00319020284707581,"1","MED12"
"KCNB1",1.51419626423993e-07,1.71685978874031,1,1,0.00321373015122283,"1","KCNB1"
"TNS3",1.54924761070072e-07,0.89580169715931,1,1,0.00328812312895121,"1","TNS3"
"CD248",1.64566406552579e-07,1.42964544891164,1,1,0.00349275741267194,"1","CD248"
"CPE",1.64566406552579e-07,1.58126302551264,1,1,0.00349275741267194,"1","CPE"
"KIAA0195",1.64566406552579e-07,0.780664291143943,1,1,0.00349275741267194,"1","KIAA0195"
"TYRO3",1.8004106395467e-07,1.703957010432,1,1,0.00382119154137392,"1","TYRO3"
"HGSNAT",1.80124891557639e-07,0.788834263815634,1,1,0.00382297069841932,"1","HGSNAT"
"MTSS1",1.80124891557639e-07,0.7761117264739,1,1,0.00382297069841932,"1","MTSS1"
"PKP4",1.80124891557639e-07,1.11001861771709,1,1,0.00382297069841932,"1","PKP4"
"RP11-466L17.1",1.83017994013749e-07,0.993024153400123,1,1,0.0038843739049478,"1","RP11-466L17.1"
"PAPSS2",1.8841946522393e-07,0.919922166595754,1,1,0.0039990147299127,"1","PAPSS2"
"RP11-380D23.1",1.89590190689077e-07,1.39847152095885,1,1,0.00402386220718498,"1","RP11-380D23.1"
"SYCP2L",1.90215835158106e-07,2.25424606474066,1,1,0.00403714088539565,"1","SYCP2L"
"ANXA6",1.97100951108001e-07,0.970999342977272,1,1,0.00418327058631622,"1","ANXA6"
"PGS1",1.97100951108001e-07,0.649703614804203,1,1,0.00418327058631622,"1","PGS1"
"CTB-79E8.3",2.03058293808521e-07,2.07187892686622,1,1,0.00430970922779205,"1","CTB-79E8.3"
"COL18A1",2.03095793506585e-07,0.272621116550717,1,1,0.00431050512138376,"1","COL18A1"
"LIN7A",2.05782704779408e-07,1.15705919862294,1,1,0.00436753212623815,"1","LIN7A"
"JAM2",2.06149415386781e-07,1.59880662417546,1,1,0.00437531519216905,"1","JAM2"
"TNN",2.14431888689924e-07,2.58978083852372,1,1,0.00455110240555496,"1","TNN"
"TNFRSF1B",2.15618573639637e-07,1.01541537992552,1,1,0.00457628860692765,"1","TNFRSF1B"
"LPAR4",2.20471192788797e-07,1.42033023831455,1,1,0.00467928059574943,"1","LPAR4"
"ARHGEF40",2.22156590776535e-07,1.33904926109609,1,1,0.00471505148264117,"1","ARHGEF40"
"FABP4",2.22156590776535e-07,2.18948663277846,1,1,0.00471505148264117,"1","FABP4"
"FCGRT",2.22156590776535e-07,1.08946739245825,1,1,0.00471505148264117,"1","FCGRT"
"TGFB1I1",2.28885973129974e-07,0.956726889961296,1,1,0.00485787589371057,"1","TGFB1I1"
"SLC26A10",2.4271909430212e-07,0.746915900337084,1,1,0.0051514700574682,"1","SLC26A10"
"PCDHB9",2.57172288603895e-07,1.33798749927478,1,1,0.00545822465332906,"1","PCDHB9"
"MSANTD2",2.57780261983244e-07,0.964043076527783,1,1,0.00547112828033238,"1","MSANTD2"
"VAMP5",2.57780261983244e-07,1.62338184472857,1,1,0.00547112828033238,"1","VAMP5"
"FAT1",2.65597041752666e-07,0.973295423976108,1,1,0.00563703161415858,"1","FAT1"
"PRPF40B",2.65597041752666e-07,1.07608430643838,1,1,0.00563703161415858,"1","PRPF40B"
"THY1",2.73592938750897e-07,1.49790611451294,1,1,0.00580673653204905,"1","THY1"
"NIPSNAP3B",2.75614936803965e-07,1.73125844851173,1,1,0.00584965141872735,"1","NIPSNAP3B"
"IGFBP7",2.81821085636175e-07,1.16204041987814,1,1,0.00598137072154218,"1","IGFBP7"
"TMEM178A",3.13152159214618e-07,2.25084274568276,1,1,0.00664634142717105,"1","TMEM178A"
"PDE9A",3.1690476332125e-07,0.697646436768146,1,1,0.0067259866967302,"1","PDE9A"
"PLCL2",3.17188460861864e-07,1.04383223157434,1,1,0.00673200789333221,"1","PLCL2"
"CACNA1C",3.26678634915005e-07,0.992820495142301,1,1,0.00693342734743607,"1","CACNA1C"
"EOGT",3.26678634915005e-07,0.923338471333476,1,1,0.00693342734743607,"1","EOGT"
"ST8SIA4",3.31378119942389e-07,1.26991013380452,1,1,0.00703316921765727,"1","ST8SIA4"
"FAM160B1",3.31511155903127e-07,0.488220333839116,1,1,0.00703599277288797,"1","FAM160B1"
"CD300LG",3.40919885912705e-07,3.54072582486588,1,1,0.00723568365861126,"1","CD300LG"
"SORD",3.56269076334479e-07,0.17739325008522,1,1,0.00756145487612299,"1","SORD"
"NEDD4",3.56822729435257e-07,0.493743707394483,1,1,0.00757320560953389,"1","NEDD4"
"ARHGEF25",3.60755251175246e-07,1.12061977351478,1,1,0.00765666945094343,"1","ARHGEF25"
"C11orf96",3.78391877541501e-07,1.0572240961216,1,1,0.00803098920894082,"1","C11orf96"
"LRFN5",3.85879979032361e-07,1.78125935176214,1,1,0.00818991667498282,"1","LRFN5"
"DISC1",3.8957431120333e-07,1.27922372773056,1,1,0.00826832518097947,"1","DISC1"
"DENND3",3.89643008115568e-07,0.972788303339172,1,1,0.00826978320424482,"1","DENND3"
"PDLIM7",4.01198983605483e-07,0.799252588189123,1,1,0.00851504722804277,"1","PDLIM7"
"BMPR2",4.13121621835354e-07,0.529045849256573,1,1,0.00876809330183356,"1","BMPR2"
"TSPAN18",4.13121621835354e-07,1.27559252430714,1,1,0.00876809330183356,"1","TSPAN18"
"CHST1",4.23804531937513e-07,1.9275207204932,1,1,0.00899482738584178,"1","CHST1"
"RNF152",4.25367086903354e-07,1.23102992040224,1,1,0.00902799105243679,"1","RNF152"
"HRC",4.33768364454015e-07,0.460066798025531,1,1,0.00920629976717202,"1","HRC"
"ERF",4.37962373257311e-07,1.04680968159813,1,1,0.00929531341001317,"1","ERF"
"NREP",4.44374785160936e-07,1.47346742550144,1,1,0.00943141044025571,"1","NREP"
"KIAA1161",4.91291568513966e-07,1.2356096095039,1,1,0.0104271722501404,"1","KIAA1161"
"RASL12",5.20176712790615e-07,1.4129906324183,1,1,0.011040230552268,"1","RASL12"
"MUC3A",5.31698422396539e-07,2.59605027201022,1,1,0.0112847673169441,"1","MUC3A"
"PRCD",5.35469595570326e-07,1.46737248754122,1,1,0.0113648066963846,"1","PRCD"
"RFX8",5.35469595570326e-07,1.70799112955191,1,1,0.0113648066963846,"1","RFX8"
"ATXN1",5.36762503861258e-07,0.894936632475051,1,1,0.0113922473819513,"1","ATXN1"
"PELO",5.44564633751985e-07,1.07583663875071,1,1,0.0115578397867521,"1","PELO"
"GRID1",5.5204894973479e-07,0.930916850746591,1,1,0.0117166869091712,"1","GRID1"
"ZSWIM6",5.52523553662714e-07,0.630789934945224,1,1,0.0117267599029374,"1","ZSWIM6"
"AGTR1",5.59913588240571e-07,2.12819964103076,1,1,0.0118836059968179,"1","AGTR1"
"RARB",5.72939552199504e-07,1.1669717454279,1,1,0.0121600690558823,"1","RARB"
"RRN3P1",5.84518969670824e-07,0.949061881237228,1,1,0.0124058306122936,"1","RRN3P1"
"FGF1",5.93768980638258e-07,0.975901084241389,1,1,0.0126021528450664,"1","FGF1"
"LIPI",5.97624465976213e-07,2.31340863547284,1,1,0.0126839816658791,"1","LIPI"
"TSPAN12",6.11251364316124e-07,1.04035333731018,1,1,0.0129731989562454,"1","TSPAN12"
"LPHN1",6.20147478060562e-07,0.848738615266663,1,1,0.0131620100743574,"1","LPHN1"
"SPARCL1",6.20147478060562e-07,1.14227580474556,1,1,0.0131620100743574,"1","SPARCL1"
"FAM26E",6.50779322535891e-07,2.96624434379134,1,1,0.0138121403415017,"1","FAM26E"
"RCN3",6.56884318448533e-07,0.169404825524042,1,1,0.0139417127747517,"1","RCN3"
"TMSB15B",6.67889913176506e-07,1.08369406934121,1,1,0.0141752955172582,"1","TMSB15B"
"ZNF454",6.7260471687959e-07,1.08644744394076,1,1,0.0142753625110524,"1","ZNF454"
"UBTD2",6.75458535983085e-07,0.830838402097404,1,1,0.014335931967705,"1","UBTD2"
"INPP5A",6.76030528062298e-07,1.03790976378294,1,1,0.0143480719275942,"1","INPP5A"
"AFF2",7.15345801216419e-07,1.46645808376621,1,1,0.0151824992850173,"1","AFF2"
"KIAA0355",7.15948948659747e-07,0.846381681848079,1,1,0.0151953004863545,"1","KIAA0355"
"NISCH",7.15948948659747e-07,0.807081434956203,1,1,0.0151953004863545,"1","NISCH"
"TPM1",7.15948948659747e-07,0.847157682260075,1,1,0.0151953004863545,"1","TPM1"
"SORBS3",7.36750417973859e-07,0.887677697382422,1,1,0.0156367908710772,"1","SORBS3"
"RP1",7.3834815434421e-07,0.341320147471134,1,1,0.0156707012278015,"1","RP1"
"EML3",7.58133524645405e-07,0.746938725129233,1,1,0.0160906259270741,"1","EML3"
"BTNL3",7.58687137054168e-07,1.69540494346884,1,1,0.0161023757968377,"1","BTNL3"
"SPRED1",7.80113850185515e-07,0.880881816046877,1,1,0.0165571363563374,"1","SPRED1"
"WTIP",8.02036991969848e-07,1.46601232947709,1,1,0.0170224331175681,"1","WTIP"
"OIT3",8.17241488454074e-07,3.03931634480634,1,1,0.0173451333509493,"1","OIT3"
"FERMT2",8.25930481576933e-07,0.824533498760662,1,1,0.0175295485409888,"1","FERMT2"
"SNTB1",8.4965861294405e-07,1.24628001414926,1,1,0.0180331544011245,"1","SNTB1"
"PGBD1",8.49799977100919e-07,0.900537531520442,1,1,0.0180361547139899,"1","PGBD1"
"FHL5",8.5421190349066e-07,2.02487760438787,1,1,0.0181297934396858,"1","FHL5"
"NLK",8.61946677343472e-07,0.785017559506523,1,1,0.0182939562799378,"1","NLK"
"DGAT1",8.74187962895657e-07,0.78146771493379,1,1,0.0185537653244974,"1","DGAT1"
"DYRK2",8.74296806824562e-07,0.864094434772596,1,1,0.0185560754280445,"1","DYRK2"
"CBL",8.74333090674377e-07,0.813868606042249,1,1,0.018556845516473,"1","CBL"
"LDHB",8.74333090674377e-07,0.82281459031228,1,1,0.018556845516473,"1","LDHB"
"KCTD9P1",8.76391965147067e-07,1.23265324355054,1,1,0.0186005430682813,"1","KCTD9P1"
"MXRA5P1",8.91384053630377e-07,1.89600589457794,1,1,0.0189187351542511,"1","MXRA5P1"
"GJA4",8.99510241326654e-07,0.754758415013395,1,1,0.0190912053619169,"1","GJA4"
"ARHGAP18",8.99547489974599e-07,1.18045675436601,1,1,0.0190919959272209,"1","ARHGAP18"
"RAMP2",8.99547489974599e-07,0.990887195518347,1,1,0.0190919959272209,"1","RAMP2"
"PIP4K2B",9.79461860226201e-07,0.307306257444347,1,1,0.0207880985214409,"1","PIP4K2B"
"REM1",9.8671223793437e-07,1.50687719399856,1,1,0.0209419805379191,"1","REM1"
"TREH",1.00411810876766e-06,1.64766352486716,1,1,0.0213114027404849,"1","TREH"
"ASAP2",1.00758719698201e-06,0.696232568381131,1,1,0.0213850306687462,"1","ASAP2"
"DMPK",1.00758719698201e-06,0.715791127667279,1,1,0.0213850306687462,"1","DMPK"
"IMPDH1P11",1.02919413558257e-06,1.78613980396694,1,1,0.0218436163336045,"1","IMPDH1P11"
"MFGE8",1.05119463482367e-06,0.789521379443048,1,1,0.0223105549294977,"1","MFGE8"
"BMP1",1.06618806680164e-06,0.991921184979663,1,1,0.0226287755297979,"1","BMP1"
"SOGA2",1.09666043605008e-06,0.428787781954025,1,1,0.0232755210947269,"1","SOGA2"
"C1orf61",1.10015561930984e-06,1.54841908937496,1,1,0.0233497028642319,"1","C1orf61"
"JAG2",1.11223190614893e-06,1.33940254313567,1,1,0.0236060099761049,"1","JAG2"
"ARHGAP26",1.12806192276282e-06,0.678859770182623,1,1,0.0239419862487182,"1","ARHGAP26"
"ASAP1",1.12806192276282e-06,0.583308614531767,1,1,0.0239419862487182,"1","ASAP1"
"TLN1",1.12806192276282e-06,0.601311785583754,1,1,0.0239419862487182,"1","TLN1"
"RP11-341B24.3",1.1543542055197e-06,1.87690510041107,1,1,0.0245000136579501,"1","RP11-341B24.3"
"DGKH",1.16028047252073e-06,0.933330241503846,1,1,0.0246257927487801,"1","DGKH"
"FAM171A2",1.22145314457157e-06,0.970229620941126,1,1,0.025924121540387,"1","FAM171A2"
"EVA1A",1.22323289604145e-06,0.675580842776696,1,1,0.0259618949855837,"1","EVA1A"
"STEAP4",1.22323289604145e-06,1.62365640250136,1,1,0.0259618949855837,"1","STEAP4"
"C4orf32",1.22719569419836e-06,1.84495755843544,1,1,0.0260460014136659,"1","C4orf32"
"ENOX1",1.25395977680467e-06,1.15127067197704,1,1,0.0266140423029023,"1","ENOX1"
"PABPC4",1.26233623860587e-06,0.50322764788945,1,1,0.026791824328171,"1","PABPC4"
"PHC1",1.28011263129532e-06,0.837799996597496,1,1,0.0271691104866118,"1","PHC1"
"MIR4435-1HG",1.29197809957603e-06,1.35302833986241,1,1,0.0274209431854016,"1","MIR4435-1HG"
"CTNND1",1.29823422539627e-06,0.58231586042071,1,1,0.0275537231998105,"1","CTNND1"
"TMEM132A",1.29823422539627e-06,0.670484112647689,1,1,0.0275537231998105,"1","TMEM132A"
"ZBTB46",1.29823422539627e-06,0.561769299539183,1,1,0.0275537231998105,"1","ZBTB46"
"YEATS2",1.33511308128992e-06,0.968088576514962,1,1,0.0283364400372973,"1","YEATS2"
"RP11-26H16.1",1.36094224962355e-06,1.54247805881779,1,1,0.0288846383060101,"1","RP11-26H16.1"
"IQCJ-SCHIP1",1.40994240499011e-06,0.863185267887335,1,1,0.0299246176035101,"1","IQCJ-SCHIP1"
"C1QTNF9",1.4366415970109e-06,2.70230410867221,1,1,0.0304912812549593,"1","C1QTNF9"
"PPP1R14A",1.43920175718757e-06,1.12326668713699,1,1,0.0305456180945491,"1","PPP1R14A"
"PRR16",1.43920175718757e-06,1.05057226714286,1,1,0.0305456180945491,"1","PRR16"
"CLGN",1.44580339625713e-06,2.31103643664343,1,1,0.0306857312821612,"1","CLGN"
"SLC9A5",1.44986879992144e-06,1.11684810289275,1,1,0.0307720154095326,"1","SLC9A5"
"GEM",1.49272171510681e-06,1.25033258562083,1,1,0.031681525681427,"1","GEM"
"TLE2",1.49272171510681e-06,1.52078108111986,1,1,0.031681525681427,"1","TLE2"
"SPON2",1.53489608148533e-06,0.749316813722681,1,1,0.0325766344334447,"1","SPON2"
"ADAMTSL2",1.59835024867474e-06,1.24791060366731,1,1,0.0339233856778726,"1","ADAMTSL2"
"NAV3",1.60050246439469e-06,1.27542902121519,1,1,0.0339690643043128,"1","NAV3"
"HP1BP3",1.62296402285562e-06,0.520882124195925,1,1,0.0344457884210876,"1","HP1BP3"
"TRERF1",1.62296402285562e-06,0.967335330020539,1,1,0.0344457884210876,"1","TRERF1"
"TUSC3",1.6686677067307e-06,0.84740802195315,1,1,0.0354158034076524,"1","TUSC3"
"ZNF436",1.69191430106328e-06,1.33148578146812,1,1,0.0359091891257671,"1","ZNF436"
"HERC2",1.71560708178734e-06,0.522156145895934,1,1,0.0364120447038545,"1","HERC2"
"KCNE4",1.75241820774682e-06,1.68286580518958,1,1,0.0371933240412185,"1","KCNE4"
"GSC",1.75612303223613e-06,1.82145975160785,1,1,0.0372719552361796,"1","GSC"
"CCDC92",1.7638140619794e-06,0.754943419531942,1,1,0.0374351896514507,"1","CCDC92"
"PDE8A",1.7638140619794e-06,0.476941053864483,1,1,0.0374351896514507,"1","PDE8A"
"TEK",1.7638140619794e-06,1.0439177760648,1,1,0.0374351896514507,"1","TEK"
"ACAN",1.81083647860407e-06,2.03713551455841,1,1,0.0384331934218927,"1","ACAN"
"TMEM204",1.81303721493593e-06,1.38622692523525,1,1,0.0384799018498001,"1","TMEM204"
"ZNF99",1.82372906833985e-06,1.89784383941878,1,1,0.0387068257464451,"1","ZNF99"
"CYB5D1",1.86008574175846e-06,3.17080780917593,1,1,0.0394784597830815,"1","CYB5D1"
"WDR86",1.88390353338653e-06,1.94092534957196,1,1,0.0399839685925958,"1","WDR86"
"SRGAP1",1.8900200330931e-06,0.804901464010349,1,1,0.040113785182368,"1","SRGAP1"
"PLEKHG5",1.9163716134873e-06,0.852319056338462,1,1,0.0406730711246544,"1","PLEKHG5"
"KCNMB4",1.95318015193859e-06,1.99126778693353,1,1,0.0414542955447446,"1","KCNMB4"
"TFPI2",1.96569532199762e-06,0.633912563473995,1,1,0.0417199175140774,"1","TFPI2"
"SGK223",1.96998406918558e-06,1.23567084999608,1,1,0.0418109418843947,"1","SGK223"
"RHOBTB1",2.02495718064072e-06,0.924986336703711,1,1,0.0429776912019186,"1","RHOBTB1"
"FNDC3B",2.08156368541528e-06,0.620022472472034,1,1,0.0441791076592539,"1","FNDC3B"
"HIP1",2.08156368541528e-06,0.733449363455286,1,1,0.0441791076592539,"1","HIP1"
"MYO1E",2.08156368541528e-06,0.682578260051546,1,1,0.0441791076592539,"1","MYO1E"
"GSN",2.13960551212682e-06,1.28564740168821,1,1,0.0454109873893796,"1","GSN"
"RP11-481A20.11",2.15956331720641e-06,1.83579973300712,1,1,0.0458345718443889,"1","RP11-481A20.11"
"TCEAL7",2.16303718603124e-06,2.00703079982524,1,1,0.045908301236327,"1","TCEAL7"
"CAV2",2.19911517456006e-06,1.06735521675306,1,1,0.0466740204648627,"1","CAV2"
"SPIN1",2.19919997618475e-06,0.591228127420855,1,1,0.0466758202945451,"1","SPIN1"
"OXCT2",2.25335810434069e-06,0.213845029032274,1,1,0.0478252724065268,"1","OXCT2"
"NES",2.26038671303552e-06,1.03411607680886,1,1,0.0479744475974658,"1","NES"
"KCNJ2",2.28420224382502e-06,1.83035316770143,1,1,0.0484799084229423,"1","KCNJ2"
"SARDH",2.28420224382502e-06,1.31491349705992,1,1,0.0484799084229423,"1","SARDH"
"PCDHB10",2.30853040953138e-06,1.08089257658394,1,1,0.0489962494118939,"1","PCDHB10"
"CDK14",2.32284962268479e-06,0.812040286909358,1,1,0.0493001603918619,"1","CDK14"
"STARD13",2.32320631701838e-06,0.631953787136915,1,1,0.0493077308723981,"1","STARD13"
"LRRC4",2.35433847771495e-06,0.937647104378277,1,1,0.0499684798510221,"1","LRRC4"
"SYTL4",2.38587200596357e-06,0.911396392737506,1,1,0.0506377474545708,"1","SYTL4"
"CASC10",2.42721481101637e-06,1.29028420174737,1,1,0.0515152071490115,"1","CASC10"
"MYL9",2.55556968566047e-06,0.923449265658403,1,1,0.0542394110084579,"1","MYL9"
"CBR1",2.57985253867322e-06,0.713675919174216,1,1,0.0547547902808004,"1","CBR1"
"GRIK3",2.57985253867322e-06,2.41557725640084,1,1,0.0547547902808004,"1","GRIK3"
"SLFN12",2.59067441349741e-06,1.02369779494598,1,1,0.054984473752069,"1","SLFN12"
"TAF1C",2.66328805092135e-06,1.02359663516995,1,1,0.0565256255927547,"1","TAF1C"
"HCAR1",2.7266898036768e-06,1.13587950851505,1,1,0.0578712643932365,"1","HCAR1"
"IL3RA",2.73639934615052e-06,1.0682094196924,1,1,0.0580773397226986,"1","IL3RA"
"KIT",2.73639934615052e-06,1.06037570316128,1,1,0.0580773397226986,"1","KIT"
"ARAP3",2.73681383910741e-06,0.922226414659857,1,1,0.0580861369212157,"1","ARAP3"
"LPAR6",2.81228539184022e-06,1.23782909979428,1,1,0.0596879451564169,"1","LPAR6"
"SYCP2",2.85065855168373e-06,1.88248792965904,1,1,0.0605023771009354,"1","SYCP2"
"AGBL4",2.87875243363389e-06,1.44200108532,1,1,0.0610986416514456,"1","AGBL4"
"ARSD",2.88365754546066e-06,0.448076791211667,1,1,0.061202747744857,"1","ARSD"
"SEPT8",2.88975179813817e-06,0.683594554302919,1,1,0.0613320921636845,"1","SEPT8"
"SH3KBP1",2.88975179813817e-06,0.665659421685419,1,1,0.0613320921636845,"1","SH3KBP1"
"CCDC60",2.92884798321167e-06,1.27670590183891,1,1,0.0621618695956845,"1","CCDC60"
"ZNF114",2.95864084891518e-06,1.62432307041633,1,1,0.0627941933773758,"1","ZNF114"
"TOMM34",2.96814687509029e-06,0.254495065399977,1,1,0.0629959492769164,"1","TOMM34"
"RP11-680G10.1",3.01827860779387e-06,0.876933300787668,1,1,0.0640599451718172,"1","RP11-680G10.1"
"RUSC2",3.05087141430668e-06,0.827984190466292,1,1,0.0647516948972449,"1","RUSC2"
"TNS1",3.05087141430668e-06,0.992128089655822,1,1,0.0647516948972449,"1","TNS1"
"MPP3",3.13345554594014e-06,0.708201646874944,1,1,0.0665044605070335,"1","MPP3"
"ABCC9",3.1346287682298e-06,1.05213532904185,1,1,0.0665293609769093,"1","ABCC9"
"DCP2",3.1346287682298e-06,0.789563002081806,1,1,0.0665293609769093,"1","DCP2"
"HDAC7",3.1346287682298e-06,0.735655456791992,1,1,0.0665293609769093,"1","HDAC7"
"KLF7",3.22058931790503e-06,0.759884742208245,1,1,0.0683537876832163,"1","KLF7"
"RP11-244F12.3",3.25310192196845e-06,1.20387024902273,1,1,0.0690438351918584,"1","RP11-244F12.3"
"NFATC4",3.264291219952e-06,1.26875505753708,1,1,0.0692813168522612,"1","NFATC4"
"RNF146",3.264291219952e-06,0.794404064156543,1,1,0.0692813168522612,"1","RNF146"
"CSRP1",3.30880828063264e-06,0.36438929943418,1,1,0.0702261469481471,"1","CSRP1"
"PCDH12",3.30880828063264e-06,1.05054076670467,1,1,0.0702261469481471,"1","PCDH12"
"ZNF578",3.38768627510135e-06,0.57735435251422,1,1,0.0719002535027511,"1","ZNF578"
"RBMS3",3.3988367191912e-06,1.05799931033106,1,1,0.0721369105281141,"1","RBMS3"
"AGRN",3.3993421824643e-06,0.976582877600112,1,1,0.0721476384806223,"1","AGRN"
"CDK6",3.3993421824643e-06,0.65997323739073,1,1,0.0721476384806223,"1","CDK6"
"GRPEL2",3.3993421824643e-06,1.85859512177501,1,1,0.0721476384806223,"1","GRPEL2"
"LRRC32",3.3993421824643e-06,1.04069233995909,1,1,0.0721476384806223,"1","LRRC32"
"MAP4K3",3.3993421824643e-06,0.831817260205383,1,1,0.0721476384806223,"1","MAP4K3"
"CRIM1",3.58758762620239e-06,0.719023723845755,1,1,0.0761429597785195,"1","CRIM1"
"LZTS2",3.58758762620239e-06,1.54269650608072,1,1,0.0761429597785195,"1","LZTS2"
"INPPL1",3.68541902825626e-06,0.22075032418082,1,1,0.0782193334557108,"1","INPPL1"
"ITGA11",3.78566570759063e-06,1.0492317541615,1,1,0.0803469689779036,"1","ITGA11"
"FRYL",3.78580515078973e-06,0.70304747935193,1,1,0.0803499285203611,"1","FRYL"
"TIMP4",3.8370768591856e-06,2.42269627556426,1,1,0.0814381192593552,"1","TIMP4"
"TMC7",3.88081345999257e-06,1.23797361206617,1,1,0.0823663848748823,"1","TMC7"
"FAM20C",3.8886666056389e-06,1.49116784983439,1,1,0.0825330600380799,"1","FAM20C"
"RANBP17",3.99435066975794e-06,1.00168791038693,1,1,0.0847760986149425,"1","RANBP17"
"ZIK1",4.03593028383056e-06,0.917672580162522,1,1,0.0856585843440199,"1","ZIK1"
"LGI4",4.08495765825198e-06,1.35077409161664,1,1,0.0866991413387401,"1","LGI4"
"SULT1C2",4.08955170377042e-06,2.27162328457722,1,1,0.0867966453608233,"1","SULT1C2"
"RAPGEF1",4.102934508048e-06,0.621355700774131,1,1,0.0870806819988107,"1","RAPGEF1"
"GPRASP2",4.20558480835421e-06,0.945773475730384,1,1,0.0892593319725098,"1","GPRASP2"
"ARHGAP1",4.32833259384085e-06,0.666316551115841,1,1,0.0918645309716783,"1","ARHGAP1"
"MYOM1",4.38491410457627e-06,0.400691223840482,1,1,0.0930654169555268,"1","MYOM1"
"ZNF189",4.50495400101436e-06,1.06349871378701,1,1,0.0956131437175287,"1","ZNF189"
"HOXB9",4.59357177957887e-06,1.25111453939602,1,1,0.097493967449782,"1","HOXB9"
"DLG4",4.62662733540101e-06,0.709964228278547,1,1,0.0981955385665511,"1","DLG4"
"GIMAP2",4.67932262254321e-06,1.02047473952342,1,1,0.0993139433408571,"1","GIMAP2"
"PHGDH",4.68812984407946e-06,1.6297556498558,1,1,0.0995008678107425,"1","PHGDH"
"COL5A1",4.68880788581826e-06,0.916114160374267,1,1,0.0995152585686068,"1","COL5A1"
"DENND2A",4.68880788581826e-06,1.02866812602352,1,1,0.0995152585686068,"1","DENND2A"
"RERG",4.72337335781007e-06,0.827503798558235,1,1,0.100248876146161,"1","RERG"
"KIAA0408",4.74561411340788e-06,2.34812656140531,1,1,0.100720913942969,"1","KIAA0408"
"PGR",4.80065949816258e-06,1.38751745373626,1,1,0.101889197189003,"1","PGR"
"KLF11",4.94491497267252e-06,0.804530818935149,1,1,0.104950875380002,"1","KLF11"
"TMEM38B",5.00920401060992e-06,1.39682382688551,1,1,0.106315345921185,"1","TMEM38B"
"NCK2",5.07721100474274e-06,1.12271609364589,1,1,0.10775872636466,"1","NCK2"
"UBE2Q2P1",5.0777578765365e-06,0.592088572898799,1,1,0.107770333171611,"1","UBE2Q2P1"
"PCDHB6",5.16119751670484e-06,1.40402780398041,1,1,0.109541256094544,"1","PCDHB6"
"PARVA",5.21438833458006e-06,0.895820464769312,1,1,0.110670178013127,"1","PARVA"
"RP11-5N11.1",5.27497159899629e-06,0.668728987683878,1,1,0.111955997217097,"1","RP11-5N11.1"
"MAP10",5.49397164001281e-06,1.04314622327556,1,1,0.116604054087632,"1","MAP10"
"TRIO",5.49789037998494e-06,0.433898803792186,1,1,0.1166872254248,"1","TRIO"
"SH3BP4",5.64311017748987e-06,0.673805178770369,1,1,0.119769370407045,"1","SH3BP4"
"ARMCX2",5.6443145477464e-06,0.998678923125556,1,1,0.11979493196137,"1","ARMCX2"
"NFASC",5.6443145477464e-06,0.836566850088804,1,1,0.11979493196137,"1","NFASC"
"SLC7A2",5.64491681170403e-06,0.844049536261306,1,1,0.119807714411606,"1","SLC7A2"
"DOCK6",5.64511757803583e-06,0.926197516250419,1,1,0.119811975476233,"1","DOCK6"
"LRP6",5.95097265215593e-06,0.554956608326133,1,1,0.126303443569358,"1","LRP6"
"ITGB1P1",6.27176671790249e-06,0.817820373770138,1,1,0.133111976820763,"1","ITGB1P1"
"SKIL",6.27265062614698e-06,0.553265643524401,1,1,0.133130736889343,"1","SKIL"
"AC091492.2",6.390027154092e-06,1.3013528127306,1,1,0.135621936318449,"1","AC091492.2"
"ZNF135",6.43174668185372e-06,1.07822210511439,1,1,0.136507391575663,"1","ZNF135"
"BAIAP2-AS1",6.56009087038489e-06,1.01653028267649,1,1,0.139231368633049,"1","BAIAP2-AS1"
"NLRP12",6.58315903460505e-06,1.24730094491494,1,1,0.139720967350458,"1","NLRP12"
"BTN2A3P",6.60629329740574e-06,1.01564838898101,1,1,0.140211968944139,"1","BTN2A3P"
"CACHD1",6.61069629147573e-06,0.768338314739985,1,1,0.140305418090281,"1","CACHD1"
"PDK4",6.61092809426445e-06,1.92281812415224,1,1,0.140310337872669,"1","PDK4"
"JPH1",6.71892399418993e-06,1.14566828030289,1,1,0.142602442852687,"1","JPH1"
"SLC48A1",6.78559454083781e-06,0.432950620466572,1,1,0.144017458534742,"1","SLC48A1"
"FAM149B1",6.78654408515995e-06,0.679333064487359,1,1,0.144037611663435,"1","FAM149B1"
"RP11-114H24.2",6.91329802191388e-06,3.27881690473454,1,1,0.1467278372171,"1","RP11-114H24.2"
"ELAVL2",7.00779331982906e-06,0.669798296745364,1,1,0.148733405420052,"1","ELAVL2"
"TRIM71",7.37747043371665e-06,2.38968751481143,1,1,0.156579432485202,"1","TRIM71"
"ANK1",7.5200601418334e-06,3.83737774287581,1,1,0.159605756450272,"1","ANK1"
"ZNF217",7.53466860780608e-06,0.508708417112313,1,1,0.159915806532076,"1","ZNF217"
"FAM124B",7.65752128591256e-06,1.53449438831267,1,1,0.162523231772208,"1","FAM124B"
"GRIN2A",7.67503983491241e-06,2.91253256370153,1,1,0.162895045456181,"1","GRIN2A"
"TECTA",7.7187118563642e-06,0.773848591715367,1,1,0.163821940439474,"1","TECTA"
"CCDC130",7.72832537733299e-06,0.166254705854145,1,1,0.164025977808515,"1","CCDC130"
"PTPRN2",7.73260117566731e-06,1.17082596763401,1,1,0.164116727352363,"1","PTPRN2"
"ELOVL2",7.7768437143702e-06,1.14376059201196,1,1,0.165055730993793,"1","ELOVL2"
"YPEL4",7.8139379987282e-06,1.58322772404044,1,1,0.165843020085007,"1","YPEL4"
"PCDHA10",7.83856245620142e-06,3.16014937180466,1,1,0.166365649570419,"1","PCDHA10"
"SLIT1",7.83856245620142e-06,0.892625875136721,1,1,0.166365649570419,"1","SLIT1"
"HAAO",8.32689813764185e-06,0.965719058537964,1,1,0.176730086073311,"1","HAAO"
"FAM69B",8.35553763836755e-06,1.30217098311637,1,1,0.177337930836713,"1","FAM69B"
"MAP2",8.35840597865182e-06,0.81261787547785,1,1,0.177398808490906,"1","MAP2"
"NF1",8.3612751178161e-06,0.583243570948191,1,1,0.177459703100529,"1","NF1"
"PVRL2",8.3612751178161e-06,0.790519042734662,1,1,0.177459703100529,"1","PVRL2"
"TMEM119",8.55643610442276e-06,1.82011025453743,1,1,0.181601799880269,"1","TMEM119"
"ARHGAP35",8.58108586970529e-06,0.510159919377472,1,1,0.182124966498625,"1","ARHGAP35"
"MIR143HG",8.74817987161339e-06,0.812907598693698,1,1,0.185671369595123,"1","MIR143HG"
"CLDN15",8.78958205345848e-06,1.43577297979124,1,1,0.186550089502603,"1","CLDN15"
"PREX2",8.80641286391302e-06,1.1729055141218,1,1,0.18690730662369,"1","PREX2"
"TRPC4",8.83448876785341e-06,1.22350030485373,1,1,0.187503189608921,"1","TRPC4"
"CMTM1",9.02015656282608e-06,2.01706550453129,1,1,0.191443802889421,"1","CMTM1"
"ANKRD50",9.03738736768898e-06,0.912526569661583,1,1,0.191809509491831,"1","ANKRD50"
"DGKZ",9.03738736768898e-06,0.518993384411456,1,1,0.191809509491831,"1","DGKZ"
"OXER1",9.24769418003285e-06,1.64016741707676,1,1,0.196273061277017,"1","OXER1"
"SEMA6B",9.26784055849622e-06,0.400618157141018,1,1,0.196700648013524,"1","SEMA6B"
"ZNF382",9.44603689538815e-06,1.00204023222355,1,1,0.200482687067718,"1","ZNF382"
"ISYNA1",9.51681871014559e-06,0.866546128255397,1,1,0.20198496030413,"1","ISYNA1"
"SMTN",9.51681871014559e-06,0.542071132457647,1,1,0.20198496030413,"1","SMTN"
"GABRQ",9.67866731086599e-06,3.02006697606131,1,1,0.20542003500582,"1","GABRQ"
"PTCHD4",9.69309562034605e-06,1.4007163293449,1,1,0.205726261446224,"1","PTCHD4"
"HERC2P9",9.76555300430358e-06,0.62583305491221,1,1,0.207264096963339,"1","HERC2P9"
"MBNL2",9.76555300430358e-06,0.656553483224517,1,1,0.207264096963339,"1","MBNL2"
"FAM167B",9.91374756841052e-06,0.338036963033352,1,1,0.210409378391945,"1","FAM167B"
"MPZL3",9.99211774036548e-06,0.115151021460006,1,1,0.212072706921517,"1","MPZL3"
"PBX1",1.00137286829005e-05,1.66192778148387,1,1,0.212531377565881,"1","PBX1"
"PCDHB19P",1.00528644767008e-05,0.678105639172045,1,1,0.213361995653499,"1","PCDHB19P"
"LCA5",1.01499877804729e-05,0.683976405875409,1,1,0.215423340652757,"1","LCA5"
"CMPK1",1.02817757937377e-05,0.280419953676414,1,1,0.218220409446288,"1","CMPK1"
"H19",1.02817757937377e-05,0.928241104908075,1,1,0.218220409446288,"1","H19"
"TCF15",1.07365641328014e-05,1.24093636730307,1,1,0.227872837154577,"1","TCF15"
"CAMK2N1",1.07935719611725e-05,1.51552614932639,1,1,0.229082771303925,"1","CAMK2N1"
"MPP4",1.08057036860073e-05,1.40280346244173,1,1,0.22934025503182,"1","MPP4"
"RARA",1.08239976007457e-05,0.582028403867556,1,1,0.229728525078227,"1","RARA"
"TP53I11",1.08239976007457e-05,0.861368226010187,1,1,0.229728525078227,"1","TP53I11"
"FUT1",1.10741024779927e-05,1.49166089429299,1,1,0.235036750992918,"1","FUT1"
"ZNF853",1.12169649174929e-05,1.18559311103053,1,1,0.238068863408869,"1","ZNF853"
"TBX5",1.1279032225632e-05,1.62958493395347,1,1,0.239386179956814,"1","TBX5"
"PCDHB12",1.13722015872941e-05,1.14855803870523,1,1,0.24136360648873,"1","PCDHB12"
"PHKB",1.13934571740645e-05,0.808030582552661,1,1,0.241814735062344,"1","PHKB"
"ZNF627",1.16872483766203e-05,0.783876832905149,1,1,0.248050159545389,"1","ZNF627"
"HOXB-AS3",1.19437836553819e-05,1.93301706942494,1,1,0.253494864301825,"1","HOXB-AS3"
"DNM3",1.19898572671494e-05,1.27571808243435,1,1,0.254472730637978,"1","DNM3"
"CNTNAP1",1.1991448560455e-05,0.672068009492353,1,1,0.254506504247098,"1","CNTNAP1"
"ZBTB10",1.1991448560455e-05,0.653431062749103,1,1,0.254506504247098,"1","ZBTB10"
"ZSCAN12",1.22527850348752e-05,0.846149639470122,1,1,0.260053109580192,"1","ZSCAN12"
"DMWD",1.22999352828302e-05,0.782102412306436,1,1,0.261053826442788,"1","DMWD"
"MAST4",1.23015637531986e-05,0.654850380838027,1,1,0.261088389097887,"1","MAST4"
"ZNF667",1.23421312421391e-05,0.895562780464381,1,1,0.26194939348316,"1","ZNF667"
"AP001597.1",1.23784169375292e-05,0.742960309580113,1,1,0.262719521082119,"1","AP001597.1"
"PAMR1",1.25694064562985e-05,1.06964721715429,1,1,0.266773082628478,"1","PAMR1"
"HOXB3",1.26047478450129e-05,2.13255261347109,1,1,0.267523168262554,"1","HOXB3"
"TMC4",1.26109928466129e-05,1.36502769219389,1,1,0.267655712176511,"1","TMC4"
"AUTS2",1.26193233851773e-05,0.643471986503091,1,1,0.267832519527004,"1","AUTS2"
"HIPK2",1.26193233851773e-05,0.590403850413832,1,1,0.267832519527004,"1","HIPK2"
"RASD2",1.29263165830455e-05,0.377379734985176,1,1,0.274348143158557,"1","RASD2"
"HNRNPA1P22",1.29363811821446e-05,0.89977771137649,1,1,0.274561754209838,"1","HNRNPA1P22"
"TRPC1",1.29363811821446e-05,0.876286276103231,1,1,0.274561754209838,"1","TRPC1"
"MAMLD1",1.2943200510812e-05,1.19543067297542,1,1,0.274706487641474,"1","MAMLD1"
"AMBRA1",1.32784932174334e-05,0.549627423804807,1,1,0.281822740046807,"1","AMBRA1"
"FKBP9",1.32784932174334e-05,0.677457334297248,1,1,0.281822740046807,"1","FKBP9"
"OAZ2",1.32784932174334e-05,1.00484013043178,1,1,0.281822740046807,"1","OAZ2"
"MEG8",1.34949642714294e-05,1.09104313550679,1,1,0.286417121696817,"1","MEG8"
"AC093616.4",1.36113463156313e-05,1.4939981099234,1,1,0.288887214202959,"1","AC093616.4"
"VASH2",1.36158085055544e-05,2.38484694625224,1,1,0.288981919721887,"1","VASH2"
"EHD2",1.36202718695472e-05,0.655367296714491,1,1,0.28907665015927,"1","EHD2"
"NR3C1",1.36202718695472e-05,0.611257925028923,1,1,0.28907665015927,"1","NR3C1"
"DOK6",1.39448728275985e-05,1.06413715975704,1,1,0.29596598089295,"1","DOK6"
"GPR173",1.39612994289819e-05,0.805768241673027,1,1,0.296314619080712,"1","GPR173"
"HLX",1.43198239594929e-05,1.08815580202615,1,1,0.303923943716278,"1","HLX"
"ZNF677",1.44339856197006e-05,0.820873394622442,1,1,0.306346910792525,"1","ZNF677"
"LMOD1",1.46966787105625e-05,0.836279257552931,1,1,0.311922308952979,"1","LMOD1"
"NR2F2",1.46966787105625e-05,0.860201372769069,1,1,0.311922308952979,"1","NR2F2"
"PLCB1",1.46966787105625e-05,0.722722675919535,1,1,0.311922308952979,"1","PLCB1"
"SHROOM1",1.54308342336961e-05,0.259926621396312,1,1,0.327504025775966,"1","SHROOM1"
"MKL1",1.62585919789551e-05,0.557458171486383,1,1,0.345072356161344,"1","MKL1"
"WWC3",1.62585919789551e-05,0.639739581778699,1,1,0.345072356161344,"1","WWC3"
"PCDHGA1",1.63136572022759e-05,0.811319430754253,1,1,0.346241060461103,"1","PCDHGA1"
"AC005481.5",1.63149055634092e-05,1.01566165031159,1,1,0.346267555677796,"1","AC005481.5"
"FRMD3",1.64593103470343e-05,0.928038720762597,1,1,0.349332402805455,"1","FRMD3"
"MCU",1.64593103470343e-05,0.690472287641375,1,1,0.349332402805455,"1","MCU"
"RP11-280O24.3",1.66431262358825e-05,0.939350873173943,1,1,0.353233711230371,"1","RP11-280O24.3"
"GPX8",1.70670153321974e-05,0.611624714026219,1,1,0.362230333410559,"1","GPX8"
"COL5A2",1.70976852975487e-05,0.756588286924057,1,1,0.362881272755174,"1","COL5A2"
"ZNF729",1.72040948349183e-05,0.639664248284149,1,1,0.365139708776306,"1","ZNF729"
"ZNF518B",1.73082755425647e-05,0.748375228171941,1,1,0.367350840115393,"1","ZNF518B"
"HAVCR1P1",1.73294327139644e-05,1.1479308708148,1,1,0.367799879921181,"1","HAVCR1P1"
"MGAT3",1.74402448981096e-05,0.628194665955874,1,1,0.370151757717478,"1","MGAT3"
"CDC42EP4",1.75129395614703e-05,1.03143038799218,1,1,0.371694629252646,"1","CDC42EP4"
"DGKE",1.75303100884842e-05,1.16802663229674,1,1,0.372063301317989,"1","DGKE"
"EXD3",1.75303100884842e-05,0.443323990971935,1,1,0.372063301317989,"1","EXD3"
"LMBR1L",1.75325524476943e-05,0.875688116795891,1,1,0.372110893149864,"1","LMBR1L"
"TBX15",1.79664799599015e-05,1.21410587870748,1,1,0.381320570668948,"1","TBX15"
"SOCS2",1.79756521173305e-05,0.867683208694551,1,1,0.381515240538222,"1","SOCS2"
"PTH1R",1.88988789911219e-05,1.55413057105585,1,1,0.401109807707571,"1","PTH1R"
"NPM1P6",1.89006785608224e-05,1.59222941972844,1,1,0.401148001774895,"1","NPM1P6"
"BCAM",1.93797146654476e-05,1.00220314371189,1,1,0.411315064059459,"1","BCAM"
"MAP3K12",1.93797146654476e-05,0.371099022533468,1,1,0.411315064059459,"1","MAP3K12"
"PML",1.93797146654476e-05,0.436488083881564,1,1,0.411315064059459,"1","PML"
"STK10",1.93797146654476e-05,0.539321211461452,1,1,0.411315064059459,"1","STK10"
"SYTL2",1.93797146654476e-05,1.1138301378896,1,1,0.411315064059459,"1","SYTL2"
"CTB-55B8.1",1.97570696867736e-05,0.887334921823038,1,1,0.419324047032082,"1","CTB-55B8.1"
"SH3BGRL",2.011841593325e-05,0.976853971379812,1,1,0.426993259767299,"1","SH3BGRL"
"GDF11",2.03585773185764e-05,0.864797855935834,1,1,0.432090445009466,"1","GDF11"
"AMT",2.0371408768798e-05,0.792147803127724,1,1,0.432362779708969,"1","AMT"
"HTRA1",2.0371408768798e-05,0.762615775687799,1,1,0.432362779708969,"1","HTRA1"
"PPP1R32",2.05723232916356e-05,0.637804192848913,1,1,0.436626989541674,"1","PPP1R32"
"NID1",2.08851958438506e-05,0.792964909576533,1,1,0.443267396589885,"1","NID1"
"SH2D3C",2.08851958438506e-05,0.814019830937809,1,1,0.443267396589885,"1","SH2D3C"
"H3F3BP1",2.11163525246001e-05,0.910241681561724,1,1,0.448173465982112,"1","H3F3BP1"
"CCDC144CP",2.13737482919361e-05,1.53149760106393,1,1,0.453636433748051,"1","CCDC144CP"
"ATF7",2.16783887801552e-05,0.603707002012875,1,1,0.460102123470014,"1","ATF7"
"ZNF880",2.16783887801552e-05,0.831886957636598,1,1,0.460102123470014,"1","ZNF880"
"RBM38",2.18924271986668e-05,1.10707467103528,1,1,0.464644874864505,"1","RBM38"
"RP11-368I7.4",2.1982098577974e-05,1.20347315353179,1,1,0.46654806021892,"1","RP11-368I7.4"
"GNA15",2.219990548484e-05,0.48657859161259,1,1,0.471170794010244,"1","GNA15"
"SLC12A5",2.23860551369151e-05,1.4394117548897,1,1,0.475121634225886,"1","SLC12A5"
"NDRG2",2.25016112646025e-05,0.909660981104206,1,1,0.477574197479924,"1","NDRG2"
"PRKCH",2.25016112646025e-05,0.614421586439995,1,1,0.477574197479924,"1","PRKCH"
"RPL5P14",2.27723113540631e-05,0.882503268882818,1,1,0.483319536178636,"1","RPL5P14"
"LARGE",2.27816223426452e-05,0.95269083905346,1,1,0.483517152600301,"1","LARGE"
"PCDHB17",2.29420714060477e-05,1.81078578106379,1,1,0.486922523521957,"1","PCDHB17"
"ARHGAP24",2.30520355414185e-05,0.758412961756139,1,1,0.489256402331067,"1","ARHGAP24"
"ABL2",2.30663835791825e-05,0.516173555840954,1,1,0.489560925084568,"1","ABL2"
"MBD5",2.30663835791825e-05,0.616280316689824,1,1,0.489560925084568,"1","MBD5"
"AC021860.1",2.32365638777222e-05,1.55216652804656,1,1,0.493172831740775,"1","AC021860.1"
"C3orf62",2.33465482163285e-05,0.784587737942118,1,1,0.495507139343355,"1","C3orf62"
"PPP1R26",2.33465482163285e-05,0.833158473861474,1,1,0.495507139343355,"1","PPP1R26"
"RHOBTB2",2.36416943638868e-05,0.771687851302223,1,1,0.501771321179133,"1","RHOBTB2"
"SLC16A1",2.36416943638868e-05,0.613248038755977,1,1,0.501771321179133,"1","SLC16A1"
"ARHGDIB",2.36446290966392e-05,0.781715577313385,1,1,0.50183360794707,"1","ARHGDIB"
"WSB1",2.36446290966392e-05,0.626295328162414,1,1,0.50183360794707,"1","WSB1"
"C9orf153",2.38834695472207e-05,0.677781603881899,1,1,0.506902757670211,"1","C9orf153"
"SOX7",2.42359006792007e-05,1.40632499839069,1,1,0.514382756015357,"1","SOX7"
"ZNF528",2.48350890147157e-05,0.846642241764116,1,1,0.527099929248325,"1","ZNF528"
"RP11-819M15.1",2.50196794396819e-05,1.01775102521818,1,1,0.531017676427809,"1","RP11-819M15.1"
"KLHDC8B",2.51240593771132e-05,0.858528094478631,1,1,0.53323303621985,"1","KLHDC8B"
"hsa-mir-125a",2.51299906047947e-05,1.81541733944585,1,1,0.533358920596162,"1","hsa-mir-125a"
"ZNF98",2.52397659816128e-05,1.38532852153961,1,1,0.535688793193751,"1","ZNF98"
"UBE2CP3",2.5291205046125e-05,0.71770570208721,1,1,0.536780535898957,"1","UBE2CP3"
"SCRN2",2.6031223408863e-05,0.844921242204554,1,1,0.552486685629709,"1","SCRN2"
"UNC5C",2.6031223408863e-05,1.73991497524226,1,1,0.552486685629709,"1","UNC5C"
"ANKRD20A18P",2.6317783257633e-05,0.96270973752466,1,1,0.558568631860002,"1","ANKRD20A18P"
"ZNF418",2.67455081654962e-05,0.903385231613669,1,1,0.567646665304492,"1","ZNF418"
"ARPC5L",2.67487865297958e-05,0.405712895486328,1,1,0.567716245308386,"1","ARPC5L"
"TMSB15A",2.70279536767882e-05,0.777746231259975,1,1,0.573641288836153,"1","TMSB15A"
"DPRXP4",2.73140591817938e-05,1.13404498480041,1,1,0.579713592074391,"1","DPRXP4"
"FGF12",2.74037440978175e-05,0.691549387508367,1,1,0.581617064732079,"1","FGF12"
"PIP5K1C",2.74144620893544e-05,0.548822637630252,1,1,0.581844543384457,"1","PIP5K1C"
"RAB9B",2.75117170215791e-05,1.34754522277409,1,1,0.583908682065996,"1","RAB9B"
"LOXL3",2.87758529002664e-05,0.94668056356547,1,1,0.610738701955254,"1","LOXL3"
"PKDCC",2.87758529002664e-05,1.4592490595666,1,1,0.610738701955254,"1","PKDCC"
"CXXC4",2.88931584754345e-05,0.989827382152052,1,1,0.613228395482621,"1","CXXC4"
"THRA",2.91473628477906e-05,0.933718833838359,1,1,0.618623629081507,"1","THRA"
"ASTN1",2.93417622937063e-05,2.10021665490993,1,1,0.622749562921622,"1","ASTN1"
"KIF25",3.01759170159651e-05,0.606199074751704,1,1,0.640453662746844,"1","KIF25"
"MYH9",3.02380261937367e-05,0.630623630664232,1,1,0.641771867935867,"1","MYH9"
"ASPA",3.04574987000068e-05,1.18718244409019,1,1,0.646429952408944,"1","ASPA"
"EDIL3",3.05321958731895e-05,0.670678613080197,1,1,0.648015325212575,"1","EDIL3"
"PGAM1P2",3.05392756648286e-05,0.653919749758154,1,1,0.648165586710323,"1","PGAM1P2"
"KCNA6",3.10575749695156e-05,2.08685600198448,1,1,0.659165971153,"1","KCNA6"
"APLN",3.1096993633224e-05,0.324464940963662,1,1,0.660002592871546,"1","APLN"
"MAGEH1",3.1671204972808e-05,0.683907348300322,1,1,0.672189654342877,"1","MAGEH1"
"ADCY10P1",3.17035654816112e-05,1.43256480230533,1,1,0.672876473781716,"1","ADCY10P1"
"ZSCAN2",3.17322977468654e-05,0.981304673726376,1,1,0.673486287379471,"1","ZSCAN2"
"ADAMTS3",3.24528502875906e-05,1.2010580971766,1,1,0.688779294503823,"1","ADAMTS3"
"AOC3",3.25338460373481e-05,1.83214917723615,1,1,0.690498348296675,"1","AOC3"
"SHISA6",3.27775364270188e-05,1.14771254356651,1,1,0.695670433127048,"1","SHISA6"
"MPP2",3.27811719185924e-05,1.41402439770689,1,1,0.695747592800204,"1","MPP2"
"ZNF209P",3.31420137738971e-05,0.715448791147249,1,1,0.703406100337191,"1","ZNF209P"
"ZSCAN9",3.33166161758716e-05,0.596752433384937,1,1,0.707111861716699,"1","ZSCAN9"
"FAM106B",3.38237743645767e-05,0.943414221334947,1,1,0.717875787113775,"1","FAM106B"
"DGKI",3.41366774868204e-05,0.926562042152959,1,1,0.724516842980276,"1","DGKI"
"EFCAB14",3.41570786625507e-05,0.586301546905542,1,1,0.724949837533976,"1","EFCAB14"
"DOK4",3.45734551649169e-05,0.771336260316456,1,1,0.733787012420197,"1","DOK4"
"MFSD6L",3.4882406628298e-05,1.1621111107648,1,1,0.740344198278996,"1","MFSD6L"
"CALD1",3.49967359552101e-05,0.714122632012451,1,1,0.742770723913379,"1","CALD1"
"TLN2",3.49967359552101e-05,1.57705236773008,1,1,0.742770723913379,"1","TLN2"
"APOLD1",3.58549053157141e-05,2.21545723244922,1,1,0.760984510420717,"1","APOLD1"
"NR5A2",3.58559708625773e-05,0.702911629720932,1,1,0.761007125587342,"1","NR5A2"
"LURAP1L",3.61156720645643e-05,1.29066605463846,1,1,0.766519023898314,"1","LURAP1L"
"RNF180",3.62553783264531e-05,0.827043107451095,1,1,0.76948414960064,"1","RNF180"
"RASL11A",3.66047281780744e-05,1.11288393771865,1,1,0.776898750851452,"1","RASL11A"
"LAMB2",3.67352125848797e-05,0.548973668625592,1,1,0.779668151901486,"1","LAMB2"
"DMRT3",3.69962046419832e-05,0.946582224127194,1,1,0.785207447321451,"1","DMRT3"
"PCDHA13",3.70294170945834e-05,2.18813424995129,1,1,0.785912348415438,"1","PCDHA13"
"FCN3",3.72001033223788e-05,0.813807557900237,1,1,0.789534992914168,"1","FCN3"
"RASA4",3.76126505514781e-05,1.21846864116418,1,1,0.798290895304572,"1","RASA4"
"BCL9",3.76337863906477e-05,0.678366583972856,1,1,0.798739482355107,"1","BCL9"
"CTD-2290C23.1",3.79757187694232e-05,1.02168873577895,1,1,0.805996655162237,"1","CTD-2290C23.1"
"RP11-477G18.2",3.85327430842469e-05,1.46219790200067,1,1,0.817818939220055,"1","RP11-477G18.2"
"CORO6",3.94567582207165e-05,0.556697837044315,1,1,0.837430236476488,"1","CORO6"
"C17orf82",3.99060476092609e-05,0.6412889765438,1,1,0.846965954458953,"1","C17orf82"
"CPM",4.04492721272492e-05,1.19895074372735,1,1,0.858495351628738,"1","CPM"
"HTR1F",4.07738478834364e-05,1.39659591280264,1,1,0.865384147478054,"1","HTR1F"
"SHC2",4.0939340616485e-05,0.364648547098968,1,1,0.868896565244277,"1","SHC2"
"MRPL21",4.09501378087458e-05,0.178178123217645,1,1,0.869125724852821,"1","MRPL21"
"TMEM132E",4.11456346393759e-05,1.09191068551047,1,1,0.873274949586115,"1","TMEM132E"
"INVS",4.14471662402353e-05,0.532606635959308,1,1,0.879674656282754,"1","INVS"
"PTPDC1",4.1947461647329e-05,0.618212962949793,1,1,0.890292926002912,"1","PTPDC1"
"DEFB134",4.30482618729226e-05,0.906677537818325,1,1,0.91365630999091,"1","DEFB134"
"AQP7",4.32795362355907e-05,2.60783058877968,1,1,0.918564877064176,"1","AQP7"
"RNF182",4.35050930334047e-05,1.65829192414524,1,1,0.923352094540981,"1","RNF182"
"MGMT",4.40001430005484e-05,0.917183312617581,1,1,0.933859035043639,"1","MGMT"
"RGS4",4.40750249404497e-05,1.15715852930186,1,1,0.935448329336105,"1","RGS4"
"SYCE1",4.423925541365e-05,2.54018974202633,1,1,0.938933956899308,"1","SYCE1"
"MAN2C1",4.45438553925819e-05,0.596922516053873,1,1,0.945398786852158,"1","MAN2C1"
"PPM1E",4.48887350666556e-05,1.0143075777405,1,1,0.952718513054699,"1","PPM1E"
"CYFIP1",4.56239689621059e-05,0.435130740976259,1,1,0.968323117251736,"1","CYFIP1"
"KBTBD2",4.56239689621059e-05,0.507039725048791,1,1,0.968323117251736,"1","KBTBD2"
"EGFL8",4.61719598453399e-05,0.792406096174389,1,1,0.979953675757494,"1","EGFL8"
"KIAA0040",4.65671437346746e-05,0.599623499028114,1,1,0.988341058624734,"1","KIAA0040"
"AKR1E2",4.67153941151904e-05,0.659903135839434,1,1,0.991487524700802,"1","AKR1E2"
"DOCK9",4.67288895759611e-05,0.680790330771821,1,1,0.991773952360199,"1","DOCK9"
"RBFOX2",4.78591519169831e-05,0.367445479255959,1,1,1,"1","RBFOX2"
"RGL2",4.78591519169831e-05,0.448581022497642,1,1,1,"1","RGL2"
"LRP12",4.90012192331326e-05,0.772723638991183,1,1,1,"1","LRP12"
"QKI",4.90153013408876e-05,0.551346578884186,1,1,1,"1","QKI"
"STAT5B",5.01978940695538e-05,0.574474835652921,1,1,1,"1","STAT5B"
"PCDHB11",5.05598263700742e-05,1.1326662758147,1,1,1,"1","PCDHB11"
"SDHCP1",5.06920572616866e-05,2.81631530200102,1,1,1,"1","SDHCP1"
"RP11-138H8.2",5.12314040213332e-05,0.877671579460136,1,1,1,"1","RP11-138H8.2"
"ITGA5",5.14074973873723e-05,0.542949537425706,1,1,1,"1","ITGA5"
"IZUMO1",5.17780247280208e-05,1.0319055477053,1,1,1,"1","IZUMO1"
"CLIC4",5.2644689840694e-05,1.08933693808014,1,1,1,"1","CLIC4"
"RHOB",5.2644689840694e-05,1.28152645368641,1,1,1,"1","RHOB"
"HOXB8",5.27878495623423e-05,1.62260699215431,1,1,1,"1","HOXB8"
"NDUFA4L2",5.38242738459649e-05,0.500176110949209,1,1,1,"1","NDUFA4L2"
"IGHA2",5.38794108870857e-05,1.33789703627223,1,1,1,"1","IGHA2"
"RIN3",5.39100614404234e-05,0.525390483735276,1,1,1,"1","RIN3"
"TRIM56",5.39100614404234e-05,0.998659344491347,1,1,1,"1","TRIM56"
"PCDHGA3",5.44234954625841e-05,1.16950713306924,1,1,1,"1","PCDHGA3"
"CHSY3",5.45519528770022e-05,0.484756232306916,1,1,1,"1","CHSY3"
"CLEC4F",5.46366245191703e-05,1.35999437296617,1,1,1,"1","CLEC4F"
"OR6B1",5.47888330276171e-05,2.40012853122009,1,1,1,"1","OR6B1"
"HORMAD1",5.51165972286308e-05,0.809644332275537,1,1,1,"1","HORMAD1"
"ZNF808",5.51885601528922e-05,1.01577081678574,1,1,1,"1","ZNF808"
"TBC1D12",5.5204213867791e-05,0.389687089053947,1,1,1,"1","TBC1D12"
"RNF144A",5.58606920540429e-05,0.472156147386643,1,1,1,"1","RNF144A"
"C11orf84",5.65277606833506e-05,0.83059756667098,1,1,1,"1","C11orf84"
"C20orf194",5.65277606833506e-05,0.59331640806613,1,1,1,"1","C20orf194"
"SH2B3",5.65277606833506e-05,0.540062910111175,1,1,1,"1","SH2B3"
"CD276",5.78796947137922e-05,0.886630728625015,1,1,1,"1","CD276"
"RGL3",5.89909087213253e-05,0.763794041292243,1,1,1,"1","RGL3"
"SIRPB2",5.98279475852527e-05,0.829469436380959,1,1,1,"1","SIRPB2"
"TSPYL5",5.99104094345554e-05,0.761742436956643,1,1,1,"1","TSPYL5"
"RP11-647F2.2",6.04243048980894e-05,3.71377387372529,1,1,1,"1","RP11-647F2.2"
"MAGEA12",6.05592379609835e-05,1.68890075613457,1,1,1,"1","MAGEA12"
"CTDSP1",6.0681085735176e-05,0.421950018278748,1,1,1,"1","CTDSP1"
"LRRC37A3",6.0681085735176e-05,1.19651748993155,1,1,1,"1","LRRC37A3"
"NBEAL1",6.0681085735176e-05,0.766709404346084,1,1,1,"1","NBEAL1"
"EXOSC2",6.13990791296436e-05,0.107268599553162,1,1,1,"1","EXOSC2"
"ANGPT1",6.14981346532268e-05,1.09986214795705,1,1,1,"1","ANGPT1"
"ZNF583",6.1920201043506e-05,0.498964255301898,1,1,1,"1","ZNF583"
"RP11-757F18.3",6.19717672270496e-05,1.29247619820905,1,1,1,"1","RP11-757F18.3"
"CCDC8",6.20938217403393e-05,1.36000791328567,1,1,1,"1","CCDC8"
"ADAM12",6.21285907942403e-05,1.33261639722643,1,1,1,"1","ADAM12"
"TRANK1",6.21285907942403e-05,0.688707025379166,1,1,1,"1","TRANK1"
"C17orf47",6.26406939106497e-05,1.7507474611456,1,1,1,"1","C17orf47"
"GLI2",6.2803068241087e-05,0.908188855373975,1,1,1,"1","GLI2"
"KIAA1211L",6.50207680636549e-05,0.841436612436732,1,1,1,"1","KIAA1211L"
"EPB41L4A",6.51204211426817e-05,0.603539787152885,1,1,1,"1","EPB41L4A"
"DISP1",6.66327496774265e-05,0.828009631766914,1,1,1,"1","DISP1"
"ZBTB8A",6.66512551706224e-05,0.579810743110588,1,1,1,"1","ZBTB8A"
"USP32P3",6.71999070954122e-05,1.18663073099094,1,1,1,"1","USP32P3"
"RPL7L1P12",6.75667314518549e-05,1.37659088524775,1,1,1,"1","RPL7L1P12"
"ZNF69",6.81462722926019e-05,0.534728042968608,1,1,1,"1","ZNF69"
"EFNB1",6.82520518204622e-05,0.248088814271853,1,1,1,"1","EFNB1"
"SNAI1",6.91701170836108e-05,0.766580913379631,1,1,1,"1","SNAI1"
"NOX4",6.98312403146748e-05,0.471358435155693,1,1,1,"1","NOX4"
"TNFRSF25",6.98698261660948e-05,0.811832106365079,1,1,1,"1","TNFRSF25"
"MYH4",7.11993270094342e-05,1.72953355309423,1,1,1,"1","MYH4"
"RP5-1166A24.1",7.14090756280323e-05,0.719668545577353,1,1,1,"1","RP5-1166A24.1"
"KCNQ3",7.29737737890367e-05,0.551901519267176,1,1,1,"1","KCNQ3"
"SLC9C1",7.31022608508359e-05,1.05474849710833,1,1,1,"1","SLC9C1"
"PYROXD2",7.31746108781481e-05,0.713774755244765,1,1,1,"1","PYROXD2"
"DDAH2",7.32148290122544e-05,1.09851032130061,1,1,1,"1","DDAH2"
"RBPMS",7.32148290122544e-05,0.687027128597819,1,1,1,"1","RBPMS"
"CFLAR",7.49435901457724e-05,0.644059324631986,1,1,1,"1","CFLAR"
"CMTM3",7.49435901457724e-05,0.799531416626349,1,1,1,"1","CMTM3"
"SPRED2",7.58203035708888e-05,0.746437864764692,1,1,1,"1","SPRED2"
"SPTLC1P1",7.61131974815451e-05,0.897631920979114,1,1,1,"1","SPTLC1P1"
"ZNF229",7.62508127644065e-05,1.30418778286082,1,1,1,"1","ZNF229"
"PHF1",7.67109041857404e-05,1.29565160374803,1,1,1,"1","PHF1"
"PCDHA5",7.67862977556391e-05,2.25658233082905,1,1,1,"1","PCDHA5"
"OPN5",7.79596312139513e-05,1.89214103912074,1,1,1,"1","OPN5"
"RFTN1",7.85175748507484e-05,0.392826481122341,1,1,1,"1","RFTN1"
"SERPINH1",7.85175748507484e-05,0.558598753685487,1,1,1,"1","SERPINH1"
"SLCO1C1",7.91483382685366e-05,0.983156205947168,1,1,1,"1","SLCO1C1"
"MS4A7",8.03622370848184e-05,0.722886213964737,1,1,1,"1","MS4A7"
"ZNF736",8.03644212886302e-05,0.850507823232476,1,1,1,"1","ZNF736"
"CTD-2224J9.8",8.10047989584922e-05,1.31202176303023,1,1,1,"1","CTD-2224J9.8"
"B3GALT1",8.10251123950046e-05,0.805492968615194,1,1,1,"1","B3GALT1"
"HOXC9",8.21917535042947e-05,1.2080746745819,1,1,1,"1","HOXC9"
"JPH2",8.36824712396106e-05,1.74883650317994,1,1,1,"1","JPH2"
"SLC35E2B",8.41797211254526e-05,1.88808184989071,1,1,1,"1","SLC35E2B"
"CHN2",8.60244428487735e-05,0.659501313687098,1,1,1,"1","CHN2"
"MSL1",8.61544437759755e-05,0.689600357480202,1,1,1,"1","MSL1"
"ETNK2",8.69600173529849e-05,2.37449761841019,1,1,1,"1","ETNK2"
"TMEM37",8.78863636041258e-05,1.30926762423,1,1,1,"1","TMEM37"
"CEP41",8.81610202266944e-05,0.810629547047204,1,1,1,"1","CEP41"
"PDE10A",8.81610202266944e-05,0.459738101984753,1,1,1,"1","PDE10A"
"KSR1",9.02310741765041e-05,0.402118941735971,1,1,1,"1","KSR1"
"GOLGA8M",9.03386878501178e-05,2.17417802115323,1,1,1,"1","GOLGA8M"
"BEAN1",9.12186836850604e-05,1.19159088990615,1,1,1,"1","BEAN1"
"MAGEC1",9.21908748217769e-05,0.207921361955552,1,1,1,"1","MAGEC1"
"ARHGEF6",9.23370754460655e-05,0.698141777969649,1,1,1,"1","ARHGEF6"
"BCL6B",9.23370754460655e-05,0.7522340563585,1,1,1,"1","BCL6B"
"SEC24C",9.23370754460655e-05,0.271044127531859,1,1,1,"1","SEC24C"
"MIR145",9.26960036461912e-05,1.15953374279133,1,1,1,"1","MIR145"
"SLC12A3",9.32872986825079e-05,2.76913827020447,1,1,1,"1","SLC12A3"
"RP11-262D11.2",9.3320122520907e-05,0.720809973531821,1,1,1,"1","RP11-262D11.2"
"ABLIM3",9.34049091203248e-05,1.32145234124707,1,1,1,"1","ABLIM3"
"LBH",9.4348394757115e-05,0.691552079366435,1,1,1,"1","LBH"
"MEIS3P1",9.44302618181865e-05,0.769472087505386,1,1,1,"1","MEIS3P1"
"HMGXB3",9.44894414128577e-05,0.858968264390601,1,1,1,"1","HMGXB3"
"TRIB2",9.44894414128577e-05,0.548303681427186,1,1,1,"1","TRIB2"
"KLHL24",9.66788377754958e-05,0.600181909498197,1,1,1,"1","KLHL24"
"FGD4",9.66891245822461e-05,0.72769224801678,1,1,1,"1","FGD4"
"FKBP9L",9.66891245822461e-05,1.06381426997075,1,1,1,"1","FKBP9L"
"SLC9A3R2",9.66891245822461e-05,0.657266027561914,1,1,1,"1","SLC9A3R2"
"SPATS2",9.66891245822461e-05,0.561731735605633,1,1,1,"1","SPATS2"
"MYL4",9.82159518184234e-05,2.48257455483913,1,1,1,"1","MYL4"
"SMARCD3",9.89108534001084e-05,0.671398085536744,1,1,1,"1","SMARCD3"
"SHISA5",9.89370954314257e-05,0.513202623907031,1,1,1,"1","SHISA5"
"SLC27A1",9.89370954314257e-05,2.04687826562125,1,1,1,"1","SLC27A1"
"GBP3",0.000101223630670616,0.860278533578391,1,1,1,"1","GBP3"
"TSC2",0.000101234342712921,0.512123363450197,1,1,1,"1","TSC2"
"PRX",0.000103570943097468,0.399569417100087,1,1,1,"1","PRX"
"OR2A25",0.000104299397192327,1.65877755223329,1,1,1,"1","OR2A25"
"RP11-383H13.1",0.000104320082897028,0.568231467646644,1,1,1,"1","RP11-383H13.1"
"CDAN1",0.000105980714811231,0.758549220857699,1,1,1,"1","CDAN1"
"CDC42BPA",0.000105980714811231,0.380903618377854,1,1,1,"1","CDC42BPA"
"DYNC1LI2",0.000105980714811231,0.506813278754365,1,1,1,"1","DYNC1LI2"
"FAM178A",0.000105980714811231,0.570321779067598,1,1,1,"1","FAM178A"
"PON2",0.000105980714811231,0.699739780369526,1,1,1,"1","PON2"
"SCARF1",0.000105980714811231,0.212155230547358,1,1,1,"1","SCARF1"
"RP11-151F5.2",0.000107399993339254,0.998362890332475,1,1,1,"1","RP11-151F5.2"
"TEAD1",0.000110936528213802,0.517293629613697,1,1,1,"1","TEAD1"
"NRF1",0.000113483803606542,0.791362821235545,1,1,1,"1","NRF1"
"TCN2",0.000113483803606542,1.32235649189376,1,1,1,"1","TCN2"
"RHOC",0.00011349565038082,0.451341033071696,1,1,1,"1","RHOC"
"MARK1",0.000116049959519821,0.816909408380186,1,1,1,"1","MARK1"
"CDK10",0.000116110382829797,0.58407611086287,1,1,1,"1","CDK10"
"CLIP2",0.000116110382829797,0.564965831200347,1,1,1,"1","CLIP2"
"COG2",0.000116110382829797,0.244032312723986,1,1,1,"1","COG2"
"CUL7",0.000116110382829797,0.477342079249294,1,1,1,"1","CUL7"
"ENAH",0.000116110382829797,0.956593133762556,1,1,1,"1","ENAH"
"PDHA2",0.000116971629272926,0.819738820917177,1,1,1,"1","PDHA2"
"ACACB",0.000118781851111639,1.92810974000553,1,1,1,"1","ACACB"
"MAP2K3",0.000121511201641918,0.194662829713675,1,1,1,"1","MAP2K3"
"VAMP8",0.000121511201641918,0.249378264829435,1,1,1,"1","VAMP8"
"MPPED2",0.000122132263130479,0.59443445686612,1,1,1,"1","MPPED2"
"TMEM133",0.000123384556001683,0.510032664325424,1,1,1,"1","TMEM133"
"GRK5",0.000124299602045432,0.862853788751874,1,1,1,"1","GRK5"
"LUZP1",0.000124299602045432,0.523409846211287,1,1,1,"1","LUZP1"
"ZNF532",0.000124299602045432,0.559280749018104,1,1,1,"1","ZNF532"
"CEP112",0.000127148241505565,0.700672620290703,1,1,1,"1","CEP112"
"RNF122",0.000128847352659405,0.551113864277296,1,1,1,"1","RNF122"
"C11orf95",0.000129871473890336,0.21622000793489,1,1,1,"1","C11orf95"
"GBP4",0.00013004497749719,0.668802038829199,1,1,1,"1","GBP4"
"VASN",0.000130054992616867,0.793355388772914,1,1,1,"1","VASN"
"MBTPS1",0.000130058331118514,0.408083278175251,1,1,1,"1","MBTPS1"
"AKAP13",0.000133031104252402,0.240756263516584,1,1,1,"1","AKAP13"
"DOCK1",0.000136067816911365,0.29267840547174,1,1,1,"1","DOCK1"
"NT5DC2",0.000136067816911365,0.415003697640671,1,1,1,"1","NT5DC2"
"PTGES3P1",0.000136067816911365,0.578396021802375,1,1,1,"1","PTGES3P1"
"RP5-874C20.3",0.000138971450489597,0.811803182581926,1,1,1,"1","RP5-874C20.3"
"ATF2",0.000139169748104626,0.399023309523397,1,1,1,"1","ATF2"
"TCF7L1",0.000139169748104626,0.625500294990125,1,1,1,"1","TCF7L1"
"UBA7",0.000139169748104626,0.631273078384869,1,1,1,"1","UBA7"
"GPHN",0.000140741998686719,0.621012356180902,1,1,1,"1","GPHN"
"FAM117A",0.000142302068177604,0.212504776954646,1,1,1,"1","FAM117A"
"IGFBP2",0.000142323746581627,0.59197329011853,1,1,1,"1","IGFBP2"
"ZNF333",0.000142334586708151,0.697432154294434,1,1,1,"1","ZNF333"
"ADAM3B",0.00014317497936014,0.573396303620719,1,1,1,"1","ADAM3B"
"AC073109.2",0.000145132744581507,0.583885419050391,1,1,1,"1","AC073109.2"
"FAM184A",0.000145368222530205,1.15324650241842,1,1,1,"1","FAM184A"
"SCHIP1",0.000145445550792705,0.77916005575992,1,1,1,"1","SCHIP1"
"KLHL9",0.000145574499406276,0.41260496557069,1,1,1,"1","KLHL9"
"NIN",0.000145574499406276,0.410390187921941,1,1,1,"1","NIN"
"ZNF329",0.000146906119547297,0.429156281275052,1,1,1,"1","ZNF329"
"PDE1C",0.000148564515594382,0.454571103830528,1,1,1,"1","PDE1C"
"AGAP2",0.00014887999595132,0.771566182316569,1,1,1,"1","AGAP2"
"TMEM8A",0.00014887999595132,0.859422194601198,1,1,1,"1","TMEM8A"
"RP11-611O2.6",0.000150149243798006,1.19187293861308,1,1,1,"1","RP11-611O2.6"
"BDH2",0.000150426312692775,0.633863860219773,1,1,1,"1","BDH2"
"RP11-656G20.1",0.000151852205605291,0.653588273985275,1,1,1,"1","RP11-656G20.1"
"TSC22D2",0.000155625937151782,0.404615098586749,1,1,1,"1","TSC22D2"
"GABBR1",0.00015570410533565,0.70360582755643,1,1,1,"1","GABBR1"
"GNE",0.00015570410533565,0.596269693649422,1,1,1,"1","GNE"
"MAP4K4",0.00015570410533565,0.161809926835158,1,1,1,"1","MAP4K4"
"DNAJB5",0.000157416087134993,0.397431085177413,1,1,1,"1","DNAJB5"
"KIFC3",0.000157451611909717,0.744187115683543,1,1,1,"1","KIFC3"
"LINC00478",0.000158918018801032,1.17346667833845,1,1,1,"1","LINC00478"
"VILL",0.000159185682609709,0.673224214453933,1,1,1,"1","VILL"
"SGCB",0.000159221556628453,0.438921545352137,1,1,1,"1","SGCB"
"ANKRD40",0.000159225543001333,0.465048170353153,1,1,1,"1","ANKRD40"
"THSD1",0.000161010212545058,0.986371336694964,1,1,1,"1","THSD1"
"GIPC3",0.000161347126508342,1.35524338906756,1,1,1,"1","GIPC3"
"CC2D2A",0.000162805568794569,0.369069360485422,1,1,1,"1","CC2D2A"
"RP11-56A10.1",0.000162896358542703,0.360001434198205,1,1,1,"1","RP11-56A10.1"
"ZNF676",0.000163477591096806,1.42149004879846,1,1,1,"1","ZNF676"
"ATP6V0E2",0.000165997571449285,1.21334624920213,1,1,1,"1","ATP6V0E2"
"NFYA",0.000166452991055096,0.547365756450123,1,1,1,"1","NFYA"
"HDAC9",0.000166477858747566,0.762359899487526,1,1,1,"1","HDAC9"
"ANKIB1",0.000166494438739945,0.383031044813588,1,1,1,"1","ANKIB1"
"SLC29A1",0.000166494438739945,0.92634870649669,1,1,1,"1","SLC29A1"
"TBCD",0.000166494438739945,0.309497734228085,1,1,1,"1","TBCD"
"TMEM63A",0.000166494438739945,0.43792602193178,1,1,1,"1","TMEM63A"
"TBCEL",0.000168355648766867,1.61148645152899,1,1,1,"1","TBCEL"
"BMF",0.000170008305866566,0.679415329405092,1,1,1,"1","BMF"
"INTS3",0.000170244877280517,0.459249059311997,1,1,1,"1","INTS3"
"MAPK10",0.000171446610483373,0.762866240039711,1,1,1,"1","MAPK10"
"MAGI3",0.000174031582141169,0.203227621547182,1,1,1,"1","MAGI3"
"SLC6A16",0.000174031582141169,0.866757159236052,1,1,1,"1","SLC6A16"
"FAM19A5",0.000176203369371684,1.14561418915958,1,1,1,"1","FAM19A5"
"VWFP1",0.000176973145980655,0.419955546325431,1,1,1,"1","VWFP1"
"AC068491.3",0.000177020626810194,1.051014089793,1,1,1,"1","AC068491.3"
"PCDHGA2",0.00017745867413266,0.818203728782485,1,1,1,"1","PCDHGA2"
"MYL6",0.000177980994553025,0.651011839748541,1,1,1,"1","MYL6"
"PDLIM5",0.000177985388611724,0.560378961925263,1,1,1,"1","PDLIM5"
"SMURF2",0.000177985388611724,0.479267567798239,1,1,1,"1","SMURF2"
"GNAI1",0.000179967146969995,0.94102312532323,1,1,1,"1","GNAI1"
"NLGN2",0.000181933808501455,0.597278800364926,1,1,1,"1","NLGN2"
"TTC23",0.000181933808501455,0.50678763137536,1,1,1,"1","TTC23"
"ARHGAP10",0.000181978605055988,0.622284034762341,1,1,1,"1","ARHGAP10"
"OR10S1",0.000182662817362877,0.828392083727501,1,1,1,"1","OR10S1"
"GALNT16",0.000185964603378589,0.875252119922948,1,1,1,"1","GALNT16"
"MSRA",0.000186037668399288,0.623063241415522,1,1,1,"1","MSRA"
"SLC12A4",0.000186055937964726,0.631513810571171,1,1,1,"1","SLC12A4"
"PCDHA2",0.000186447145319457,2.14938630812626,1,1,1,"1","PCDHA2"
"PCDHGB7",0.000189828171753493,0.991603302648622,1,1,1,"1","PCDHGB7"
"CPS1",0.000190056100402657,2.01669161298247,1,1,1,"1","CPS1"
"MOSPD1",0.000190172468247372,0.217965334535254,1,1,1,"1","MOSPD1"
"CASKIN2",0.000190214373530128,0.459661509492609,1,1,1,"1","CASKIN2"
"PCGF2",0.000190219030092925,0.430780673276399,1,1,1,"1","PCGF2"
"RBMS2",0.000190219030092925,0.453049410246734,1,1,1,"1","RBMS2"
"PPIAP19",0.000191558625989396,1.24940856179436,1,1,1,"1","PPIAP19"
"ACCS",0.000194422085329769,0.628018949631402,1,1,1,"1","ACCS"
"SUCNR1",0.000198798817743326,1.72248888730843,1,1,1,"1","SUCNR1"
"TAF1",0.000198809209362671,0.480904372983399,1,1,1,"1","TAF1"
"OXTR",0.000201751559553091,0.289919858322435,1,1,1,"1","OXTR"
"ECM2",0.000203219997160704,0.772634759626706,1,1,1,"1","ECM2"
"CHD7",0.00020323972972299,0.708625436411367,1,1,1,"1","CHD7"
"TANC2",0.00020323972972299,0.479970135549621,1,1,1,"1","TANC2"
"GLIS2",0.000207662318022539,0.796944444481246,1,1,1,"1","GLIS2"
"BTBD3",0.000207712592876736,0.608272261457509,1,1,1,"1","BTBD3"
"DIAPH2",0.000207762876669891,0.790192266337993,1,1,1,"1","DIAPH2"
"PABPC5",0.000208227754135773,0.910073099731417,1,1,1,"1","PABPC5"
"RP1-197B17.3",0.000209535116759737,0.52075888805593,1,1,1,"1","RP1-197B17.3"
"CLEC1A",0.000209882097137023,0.593847988835513,1,1,1,"1","CLEC1A"
"RPS26P56",0.000210803497217489,1.13694994059761,1,1,1,"1","RPS26P56"
"ULBP2",0.000212074451763372,0.960610376917229,1,1,1,"1","ULBP2"
"CHRNA7",0.000212231059409862,0.629702298327215,1,1,1,"1","CHRNA7"
"CDYL2",0.000212359940124402,0.596478603196205,1,1,1,"1","CDYL2"
"GGT5",0.000212359940124402,1.03790030656744,1,1,1,"1","GGT5"
"AGAP1",0.000212380443455991,0.49521445072266,1,1,1,"1","AGAP1"
"TM4SF18",0.000214544125693076,0.757020236499853,1,1,1,"1","TM4SF18"
"ZNF34",0.00021680180455637,0.634433514955106,1,1,1,"1","ZNF34"
"C17orf85",0.000217094254848693,0.322822892156513,1,1,1,"1","C17orf85"
"GOT2",0.000217094254848693,0.984372013201281,1,1,1,"1","GOT2"
"ITGA2",0.000217094254848693,0.924974681821478,1,1,1,"1","ITGA2"
"RPL3P6",0.00021948255629495,0.425764010872564,1,1,1,"1","RPL3P6"
"MOB3C",0.000221852916994114,0.973560697690234,1,1,1,"1","MOB3C"
"ITM2A",0.000221884866244255,1.32581784477878,1,1,1,"1","ITM2A"
"ABL1",0.000221906167615961,0.591940466974286,1,1,1,"1","ABL1"
"MEF2C",0.000221906167615961,0.591220305741537,1,1,1,"1","MEF2C"
"AC145676.2",0.000223149009992721,1.70334875131424,1,1,1,"1","AC145676.2"
"JDP2",0.000224161381415681,1.05610888489085,1,1,1,"1","JDP2"
"ZNF257",0.000224161381415681,0.512571503877227,1,1,1,"1","ZNF257"
"ABCC8",0.000225737418657361,1.09941754248868,1,1,1,"1","ABCC8"
"PCDH18",0.000226763796665727,0.872320412760084,1,1,1,"1","PCDH18"
"CEP68",0.000226818071018221,0.507887824810695,1,1,1,"1","CEP68"
"KLHDC10",0.000226818071018221,0.3561144352601,1,1,1,"1","KLHDC10"
"CHST2",0.000229257325718024,0.901982839333396,1,1,1,"1","CHST2"
"HSPA9P1",0.000231721265108072,0.444016717166759,1,1,1,"1","HSPA9P1"
"ITGA2B",0.000235341091367315,0.922696375244275,1,1,1,"1","ITGA2B"
"ZNF177",0.000236273711066008,0.744803195875321,1,1,1,"1","ZNF177"
"FLYWCH2",0.00023663399496203,1.82507178085644,1,1,1,"1","FLYWCH2"
"CDH8",0.000238970991558781,1.10312978388701,1,1,1,"1","CDH8"
"ISL1",0.000240021654263733,1.75261691933116,1,1,1,"1","ISL1"
"WNK3",0.000240911429587151,0.862666631973649,1,1,1,"1","WNK3"
"AFAP1",0.000242150132868778,0.421055550579718,1,1,1,"1","AFAP1"
"PHACTR1",0.000242150132868778,0.528566146266348,1,1,1,"1","PHACTR1"
"ADAM22",0.00024750454148739,0.656550599961534,1,1,1,"1","ADAM22"
"PDIA3P",0.00024750454148739,0.436106200900623,1,1,1,"1","PDIA3P"
"GSN-AS1",0.000251635620316001,1.18769590150347,1,1,1,"1","GSN-AS1"
"SALL2",0.000252230592317284,0.631509940011398,1,1,1,"1","SALL2"
"ANKRD23",0.000252611911307949,1.80513271871242,1,1,1,"1","ANKRD23"
"SELENBP1",0.000252886243344767,1.15464508963791,1,1,1,"1","SELENBP1"
"TTL",0.000252922041761005,0.633010497207692,1,1,1,"1","TTL"
"LMCD1",0.000252945909420485,0.40528564525831,1,1,1,"1","LMCD1"
"FAM131B",0.000255419906689089,0.931023103772201,1,1,1,"1","FAM131B"
"CNTNAP5",0.00025667842191905,2.41173229217849,1,1,1,"1","CNTNAP5"
"TRAF4",0.000258474992580041,0.937813057526922,1,1,1,"1","TRAF4"
"MGP",0.000258499314221763,0.639413340176883,1,1,1,"1","MGP"
"PCDH19",0.000261103925687194,0.929722109963466,1,1,1,"1","PCDH19"
"AC007401.2",0.000261918501114473,1.32886894250577,1,1,1,"1","AC007401.2"
"TESC",0.000262806303826628,2.06041861986749,1,1,1,"1","TESC"
"TRAPPC3",0.000264166886895941,0.254557578430701,1,1,1,"1","TRAPPC3"
"MACROD1",0.000266825318490795,0.52944857179504,1,1,1,"1","MACROD1"
"AMOTL2",0.000269950795101426,0.976862475160411,1,1,1,"1","AMOTL2"
"HOXC5",0.00027325625734197,0.924199306210085,1,1,1,"1","HOXC5"
"UBE2CP1",0.000274440624718435,0.964545909398707,1,1,1,"1","UBE2CP1"
"TMEM233",0.000274475860369785,0.412019339684422,1,1,1,"1","TMEM233"
"AK3P5",0.000275724606541224,0.350759827201468,1,1,1,"1","AK3P5"
"SMAD7",0.000275827512789478,1.20127081656737,1,1,1,"1","SMAD7"
"ZFP28",0.000275827512789478,0.835658438229775,1,1,1,"1","ZFP28"
"DCAF5",0.000275853243699477,0.556585398031785,1,1,1,"1","DCAF5"
"RHCE",0.000276996973799169,2.03892385854286,1,1,1,"1","RHCE"
"VSTM4",0.000278784691148645,0.550982530149001,1,1,1,"1","VSTM4"
"BBS9",0.000281876475309968,0.307098690739849,1,1,1,"1","BBS9"
"SDC2",0.000284702605968106,0.564314488101449,1,1,1,"1","SDC2"
"AC135178.1",0.000286922426560257,0.830464245018193,1,1,1,"1","AC135178.1"
"PRTG",0.00028795599662127,1.1919083461098,1,1,1,"1","PRTG"
"DNMT3A",0.000288022770873815,0.600695060983144,1,1,1,"1","DNMT3A"
"S100PBP",0.000288022770873815,0.791622601182057,1,1,1,"1","S100PBP"
"SLC16A14",0.000290032134862653,0.706419007560616,1,1,1,"1","SLC16A14"
"KDELC1P1",0.000290502193668051,1.19425874807951,1,1,1,"1","KDELC1P1"
"PCDHAC1",0.000290877230800846,1.27943883237331,1,1,1,"1","PCDHAC1"
"RP1-37N7.3",0.000293478830771588,1.1704154903511,1,1,1,"1","RP1-37N7.3"
"ZKSCAN4",0.000293913624335857,1.43545338284778,1,1,1,"1","ZKSCAN4"
"CSTF2T",0.000294287646636179,0.375883636759541,1,1,1,"1","CSTF2T"
"DDR2",0.000294287646636179,0.984086178861588,1,1,1,"1","DDR2"
"KLC2",0.000294294450222101,0.491593073561974,1,1,1,"1","KLC2"
"SNORD114-2",0.000297204124350797,0.903686759252098,1,1,1,"1","SNORD114-2"
"EGFLAM",0.000297409377564947,1.20730199865756,1,1,1,"1","EGFLAM"
"CDKN1C",0.000300112038844675,1.0769606344515,1,1,1,"1","CDKN1C"
"VASP",0.000300693872651961,0.12633748081625,1,1,1,"1","VASP"
"GRIN3A",0.000300770996516281,2.48347956091152,1,1,1,"1","GRIN3A"
"SLC51B",0.00030244868212553,0.932859325057779,1,1,1,"1","SLC51B"
"HDX",0.000303354969680682,0.742901322787061,1,1,1,"1","HDX"
"ARHGAP29",0.000307223437509266,0.123175332458615,1,1,1,"1","ARHGAP29"
"PPP2R2A",0.000307223437509266,0.453242818495788,1,1,1,"1","PPP2R2A"
"BSPRY",0.00030771607027286,1.0618975788638,1,1,1,"1","BSPRY"
"ADORA3",0.000312305876234176,0.477313497816803,1,1,1,"1","ADORA3"
"HNMT",0.000313856811567413,0.739033967744085,1,1,1,"1","HNMT"
"C19orf80",0.000320067675135439,0.919932830791632,1,1,1,"1","C19orf80"
"MAPK6PS3",0.000320609522500288,0.176190542803102,1,1,1,"1","MAPK6PS3"
"DYSF",0.000320682795677458,0.535105152306429,1,1,1,"1","DYSF"
"FADS3",0.000320682795677458,0.907417042290025,1,1,1,"1","FADS3"
"CXorf36",0.000327617593264074,0.634741420188888,1,1,1,"1","CXorf36"
"LAMA4",0.000327617593264074,0.4978859283577,1,1,1,"1","LAMA4"
"TSPY26P",0.00033045398797469,0.907140269699317,1,1,1,"1","TSPY26P"
"ZNF570",0.00033454049793656,0.512577442938149,1,1,1,"1","ZNF570"
"ZBTB34",0.000334692543043322,0.472728967136527,1,1,1,"1","ZBTB34"
"PCBP4",0.000341902508893266,0.828135874107877,1,1,1,"1","PCBP4"
"USP28",0.000341902508893266,0.38841396498656,1,1,1,"1","USP28"
"PHLPP1",0.000341910253586336,0.621929596445057,1,1,1,"1","PHLPP1"
"SH3PXD2A",0.000341910253586336,0.305571907371238,1,1,1,"1","SH3PXD2A"
"ANKRD29",0.000344917351251424,0.691816627211608,1,1,1,"1","ANKRD29"
"ADIPOR1",0.000345565655045694,0.195883567639138,1,1,1,"1","ADIPOR1"
"TMEM150C",0.000345697350262628,0.180958511018941,1,1,1,"1","TMEM150C"
"KCNQ1",0.000349194499752895,1.09118804618236,1,1,1,"1","KCNQ1"
"HIP1R",0.000349265488840452,0.680947279548558,1,1,1,"1","HIP1R"
"RPS12P5",0.000350114641521407,0.596948659458675,1,1,1,"1","RPS12P5"
"ZNF442",0.0003507386888429,0.691743238888654,1,1,1,"1","ZNF442"
"WISP1",0.000351698478565731,1.42003001852904,1,1,1,"1","WISP1"
"PTH2R",0.000355821414178104,0.610302320362443,1,1,1,"1","PTH2R"
"TNFRSF1A",0.000356784610331225,0.570875189969602,1,1,1,"1","TNFRSF1A"
"SPINK9",0.000363331568490851,0.686021168010937,1,1,1,"1","SPINK9"
"MAPK8",0.000364413964349961,0.403910407869231,1,1,1,"1","MAPK8"
"FBXO38",0.00036444669466036,0.450593389062103,1,1,1,"1","FBXO38"
"PDE5A",0.000372095768920694,0.653523982200266,1,1,1,"1","PDE5A"
"ZNF154",0.000372229083359214,0.950798408769378,1,1,1,"1","ZNF154"
"HERC2P2",0.000372262417292529,0.902186555297952,1,1,1,"1","HERC2P2"
"KIAA0754",0.000372262417292529,0.49064242533742,1,1,1,"1","KIAA0754"
"TIMP3",0.000372262417292529,0.698217787365518,1,1,1,"1","TIMP3"
"PCDHA8",0.000372794319186009,1.91628915192326,1,1,1,"1","PCDHA8"
"OR51E1",0.000376506049789725,0.929585378428962,1,1,1,"1","OR51E1"
"C3orf72",0.000376688448255094,1.24441964239336,1,1,1,"1","C3orf72"
"PCDHB5",0.000378370701784492,0.571666744214474,1,1,1,"1","PCDHB5"
"SLC2A13",0.00037993764378382,0.604252964582535,1,1,1,"1","SLC2A13"
"ADARB1",0.000380226124547653,0.42950382811194,1,1,1,"1","ADARB1"
"CTAGE14P",0.000381358867367016,0.343104716003694,1,1,1,"1","CTAGE14P"
"PPIE",0.000384271719213384,0.320391532313216,1,1,1,"1","PPIE"
"CREB1",0.000388331586718906,0.313444319824702,1,1,1,"1","CREB1"
"NBR1",0.000388366158028212,0.413058456204396,1,1,1,"1","NBR1"
"RHOBTB3",0.000388366158028212,0.604693724725454,1,1,1,"1","RHOBTB3"
"ST3GAL2",0.000388366158028212,0.451279368260417,1,1,1,"1","ST3GAL2"
"ADORA2A",0.000390003734000742,1.77584867061779,1,1,1,"1","ADORA2A"
"CRHBP",0.000391752818383295,2.46002349999849,1,1,1,"1","CRHBP"
"ZNF221",0.000392187414574806,0.738772588278854,1,1,1,"1","ZNF221"
"PRKD1",0.000396483979853324,0.852428244195302,1,1,1,"1","PRKD1"
"ARHGAP6",0.000396651182836357,0.593763443689284,1,1,1,"1","ARHGAP6"
"GNAI2",0.000396659984381759,0.597845010412115,1,1,1,"1","GNAI2"
"OLFML3",0.000400557901688104,1.34846561981143,1,1,1,"1","OLFML3"
"METTL17",0.000400779869219302,0.367604788764211,1,1,1,"1","METTL17"
"HOXD3",0.000404617374447397,0.828279538055941,1,1,1,"1","HOXD3"
"OSBPL7",0.000404939840332482,1.30378225555067,1,1,1,"1","OSBPL7"
"ZNF471",0.000404939840332482,1.6464968345957,1,1,1,"1","ZNF471"
"HDAC5",0.000405119066881562,0.73086135623679,1,1,1,"1","HDAC5"
"IL24",0.000406313337021963,2.25349165434736,1,1,1,"1","IL24"
"ADORA2A-AS1",0.000407573362890388,0.472403815160483,1,1,1,"1","ADORA2A-AS1"
"GIPR",0.000408657946074874,0.650660330886309,1,1,1,"1","GIPR"
"PCDHB3",0.000412980308311344,0.910002413074981,1,1,1,"1","PCDHB3"
"SYT7",0.000416606584809102,0.618247707056632,1,1,1,"1","SYT7"
"GNG2",0.000418032090268868,0.937401682323296,1,1,1,"1","GNG2"
"PCDHB4",0.000421765053791948,0.39580263190706,1,1,1,"1","PCDHB4"
"MYRF",0.000422219986074257,0.628873005322639,1,1,1,"1","MYRF"
"TICAM1",0.000422452228262557,0.652184059597451,1,1,1,"1","TICAM1"
"ZBTB37",0.000422507979851062,0.429638990935342,1,1,1,"1","ZBTB37"
"PTPN12",0.000422545150472335,0.421283281205632,1,1,1,"1","PTPN12"
"XIST",0.000422545150472335,0.842332924426085,1,1,1,"1","XIST"
"RP11-365H23.1",0.000425004899789608,0.134104493759823,1,1,1,"1","RP11-365H23.1"
"CCL8",0.000428083860397809,1.74640790210205,1,1,1,"1","CCL8"
"LGALS1",0.00043151835142826,0.522029794794086,1,1,1,"1","LGALS1"
"REL",0.00043151835142826,0.100266444692945,1,1,1,"1","REL"
"SAMD1",0.00043151835142826,0.52087688224927,1,1,1,"1","SAMD1"
"FATE1",0.000432032027729304,1.12177637152524,1,1,1,"1","FATE1"
"PCDHB7",0.000440129937438839,1.61068034009068,1,1,1,"1","PCDHB7"
"ZNF449",0.000440659575709298,0.872261535248112,1,1,1,"1","ZNF449"
"C14orf37",0.000448384563946387,0.884170204723349,1,1,1,"1","C14orf37"
"PPP1R26P1",0.000448824990166339,1.16420819560227,1,1,1,"1","PPP1R26P1"
"ZNF304",0.000449961719303384,1.09419905920116,1,1,1,"1","ZNF304"
"CREBBP",0.000450000953068336,0.355768867362354,1,1,1,"1","CREBBP"
"OLFML2A",0.000450000953068336,1.21678054248747,1,1,1,"1","OLFML2A"
"PALLD",0.000450000953068336,0.426264580587901,1,1,1,"1","PALLD"
"SSH2",0.000450000953068336,0.607800101034663,1,1,1,"1","SSH2"
"FAM115B",0.000454636715745967,0.536047640632122,1,1,1,"1","FAM115B"
"EIF3M",0.000459516862007114,0.30942072142582,1,1,1,"1","EIF3M"
"OGFRL1",0.000459516862007114,0.417676065962866,1,1,1,"1","OGFRL1"
"CBLN4",0.000463478292771478,2.22250544277428,1,1,1,"1","CBLN4"
"CTAGE3P",0.00046548761586577,1.00627741458633,1,1,1,"1","CTAGE3P"
"USP51",0.000468864530115001,0.679659709635793,1,1,1,"1","USP51"
"TRAF5",0.000469210103409246,0.628662651102577,1,1,1,"1","TRAF5"
"RAI1",0.000469220270043904,0.546865098347098,1,1,1,"1","RAI1"
"MEOX1",0.000470721171811835,0.787980419794762,1,1,1,"1","MEOX1"
"FAM26F",0.000471215933881207,0.603587698787372,1,1,1,"1","FAM26F"
"CDK17",0.00047911456467954,0.387534696302716,1,1,1,"1","CDK17"
"PACS2",0.00047911456467954,0.483203228050154,1,1,1,"1","PACS2"
"ZNF354C",0.000483768966374123,0.624627785507105,1,1,1,"1","ZNF354C"
"C9orf47",0.000487367139638119,1.84940157485879,1,1,1,"1","C9orf47"
"AOC4P",0.00048793997569439,1.53123889113891,1,1,1,"1","AOC4P"
"NUMA1",0.000489203188094924,0.43345542079857,1,1,1,"1","NUMA1"
"SASH1",0.000489203188094924,0.362383315669337,1,1,1,"1","SASH1"
"TLE3",0.000489203188094924,0.459147846921542,1,1,1,"1","TLE3"
"ARSE",0.000495546288935169,4.06582637464553,1,1,1,"1","ARSE"
"ICAM2",0.000499114340528016,0.666269757705141,1,1,1,"1","ICAM2"
"AOC2",0.000504329507249965,0.889107029842151,1,1,1,"1","AOC2"
"ZNF223",0.000509759142229204,0.773599892380521,1,1,1,"1","ZNF223"
"ZKSCAN7",0.000514373329029461,0.724227068447306,1,1,1,"1","ZKSCAN7"
"CYP26B1",0.000519337886669588,1.14482216780621,1,1,1,"1","CYP26B1"
"CHST3",0.00052055916407872,0.847116990811477,1,1,1,"1","CHST3"
"GLCE",0.00052055916407872,0.526146096743433,1,1,1,"1","GLCE"
"EFNB2",0.000520670288862261,0.599353168386477,1,1,1,"1","EFNB2"
"AC105020.1",0.000525153482429523,1.19660717113911,1,1,1,"1","AC105020.1"
"CCDC148",0.00052746540539393,1.29735239164434,1,1,1,"1","CCDC148"
"GNL1",0.000531571769267848,0.395684642042708,1,1,1,"1","GNL1"
"PTGES2",0.000542639583597637,0.355154716972557,1,1,1,"1","PTGES2"
"ZNF738",0.000542639583597637,0.298709142864002,1,1,1,"1","ZNF738"
"CLASP1",0.000542685636129358,0.349683171854313,1,1,1,"1","CLASP1"
"HBA1",0.000542685636129358,3.41340707613908,1,1,1,"1","HBA1"
"PTPRB",0.000542685636129358,0.41431781101333,1,1,1,"1","PTPRB"
"KRBOX4",0.000554003957509653,0.852058420876686,1,1,1,"1","KRBOX4"
"FLI1",0.000554015675760594,0.509598845894118,1,1,1,"1","FLI1"
"STAT6",0.000554015675760594,0.334328263179632,1,1,1,"1","STAT6"
"TRIM10",0.000557427752640138,3.20417298087662,1,1,1,"1","TRIM10"
"HSD17B8",0.000563600253819343,0.396244529901582,1,1,1,"1","HSD17B8"
"EPOR",0.000565518030200941,0.557555160332608,1,1,1,"1","EPOR"
"PLEKHA2",0.000565565734579933,0.539170086155583,1,1,1,"1","PLEKHA2"
"HSD17B1P1",0.000567494204763883,0.544604424211094,1,1,1,"1","HSD17B1P1"
"ANKS1B",0.000570414446343137,0.542434307273155,1,1,1,"1","ANKS1B"
"ADAMTS17",0.000571003487267445,0.356846435961497,1,1,1,"1","ADAMTS17"
"SFMBT2",0.000577339719917032,1.03922800785943,1,1,1,"1","SFMBT2"
"PCDHA9",0.000582431848070557,1.73133020780076,1,1,1,"1","PCDHA9"
"RNF113B",0.000586628384936393,0.653965988717392,1,1,1,"1","RNF113B"
"ZNF781",0.000586628384936393,0.750651454110779,1,1,1,"1","ZNF781"
"NDUFA9P1",0.000588650138965996,0.851782386117273,1,1,1,"1","NDUFA9P1"
"WWC2",0.000589341600827559,0.173267151028671,1,1,1,"1","WWC2"
"BTNL8",0.00059456436285046,3.02484605271914,1,1,1,"1","BTNL8"
"BEX4",0.000598814268107319,0.728764158621413,1,1,1,"1","BEX4"
"FABP12",0.000603246083743736,0.673518317658804,1,1,1,"1","FABP12"
"CRISPLD1",0.000608243878426931,0.208952174842166,1,1,1,"1","CRISPLD1"
"RP11-677M14.6",0.000611937039137141,0.718931625498788,1,1,1,"1","RP11-677M14.6"
"LRRC14",0.000613994071875953,0.88903308497758,1,1,1,"1","LRRC14"
"ERC1",0.000614045239166485,0.473607549659285,1,1,1,"1","ERC1"
"RP11-329A14.1",0.000618243286686371,1.06574204220543,1,1,1,"1","RP11-329A14.1"
"UBE2G1",0.000620357055664807,0.123054695591696,1,1,1,"1","UBE2G1"
"RP11-521J5.1",0.00062602658188836,0.122078598714815,1,1,1,"1","RP11-521J5.1"
"AIMP1",0.000626755250781914,0.311032747828769,1,1,1,"1","AIMP1"
"MAP1A",0.000626755250781914,0.477000363766287,1,1,1,"1","MAP1A"
"PATL1",0.000626755250781914,0.105181656841498,1,1,1,"1","PATL1"
"RFX3",0.000626755250781914,0.557306120436001,1,1,1,"1","RFX3"
"MAB21L1",0.000631037590405946,1.16836666960842,1,1,1,"1","MAB21L1"
"CTB-167G5.3",0.000632071759508244,0.973588111951385,1,1,1,"1","CTB-167G5.3"
"DCLK1",0.000632742172825937,0.920581676238845,1,1,1,"1","DCLK1"
"IFIT1B",0.00063490078164392,3.03072928613915,1,1,1,"1","IFIT1B"
"PPP2CB",0.000639709668030974,0.117632892236333,1,1,1,"1","PPP2CB"
"RAB13",0.000639709668030974,0.387581674126551,1,1,1,"1","RAB13"
"MAPRE2",0.000652858871697406,0.279444355452934,1,1,1,"1","MAPRE2"
"CTGF",0.000652912781103512,0.333357297968227,1,1,1,"1","CTGF"
"MMP19",0.000659473016035175,0.691671136487157,1,1,1,"1","MMP19"
"OR2S2",0.00065948708574514,0.865951490840132,1,1,1,"1","OR2S2"
"AC005477.1",0.000662063651616987,1.50679422983204,1,1,1,"1","AC005477.1"
"C10orf11",0.000665601301665865,0.322424146187833,1,1,1,"1","C10orf11"
"RP11-281O15.4",0.000665620153664797,0.721522636457221,1,1,1,"1","RP11-281O15.4"
"MAST2",0.00066636894697402,0.457569359099164,1,1,1,"1","MAST2"
"CTC-301O7.4",0.000670913589979346,0.102209542978581,1,1,1,"1","CTC-301O7.4"
"BCAS3",0.000680082590273343,0.428798270872399,1,1,1,"1","BCAS3"
"EP300",0.000680082590273343,0.381576849200005,1,1,1,"1","EP300"
"SULF1",0.000694058204168623,0.940647607315853,1,1,1,"1","SULF1"
"JAZF1",0.000700644644489723,0.926174331520524,1,1,1,"1","JAZF1"
"CEACAM19",0.000705127896170464,0.876020921685267,1,1,1,"1","CEACAM19"
"HBA2",0.000708300351251487,4.09993252602258,1,1,1,"1","HBA2"
"LDLRAP1",0.000708300351251487,0.484692464554877,1,1,1,"1","LDLRAP1"
"PDZD2",0.000708300351251487,0.892790923560128,1,1,1,"1","PDZD2"
"CDH18",0.00071528132318934,0.39218126008563,1,1,1,"1","CDH18"
"MMP16",0.000715377157300402,0.52088128035739,1,1,1,"1","MMP16"
"LRRC36",0.000719586151779514,0.386921579342889,1,1,1,"1","LRRC36"
"ARHGEF2",0.000722813664434519,0.389875788092137,1,1,1,"1","ARHGEF2"
"STAB1",0.000722813664434519,0.442498952201934,1,1,1,"1","STAB1"
"PCDHB18",0.000736766118328624,0.184394103455956,1,1,1,"1","PCDHB18"
"PCDHA7",0.000740966504846078,1.3926420707357,1,1,1,"1","PCDHA7"
"PLEKHG4",0.000745087304702266,0.663246323103429,1,1,1,"1","PLEKHG4"
"AC016251.1",0.000749934434121148,1.30281355895943,1,1,1,"1","AC016251.1"
"KIAA1432",0.000752672677792984,0.3659682254134,1,1,1,"1","KIAA1432"
"ANKMY1",0.000767966133674658,0.639551861194134,1,1,1,"1","ANKMY1"
"CTTNBP2NL",0.000768028003582644,0.484331623918742,1,1,1,"1","CTTNBP2NL"
"SH3TC1",0.000768028003582644,1.00272439789102,1,1,1,"1","SH3TC1"
"SPIDR",0.000768028003582644,0.327764849271002,1,1,1,"1","SPIDR"
"TPTE2P6",0.000768916903597875,0.821474305345896,1,1,1,"1","TPTE2P6"
"DGKB",0.000770906255622706,0.775181879405341,1,1,1,"1","DGKB"
"SNPH",0.000771361261178377,0.672895563072926,1,1,1,"1","SNPH"
"NT5C1A",0.000781183987847428,0.211703054092661,1,1,1,"1","NT5C1A"
"SETD5",0.00078367374855201,0.278017550977406,1,1,1,"1","SETD5"
"CX3CL1",0.000790274877760101,1.40569726592341,1,1,1,"1","CX3CL1"
"MYADM",0.000799614910956008,1.08762966858132,1,1,1,"1","MYADM"
"HSDL2",0.000815791451844107,0.526885140159004,1,1,1,"1","HSDL2"
"OR7E158P",0.000817564485752247,0.633265061375427,1,1,1,"1","OR7E158P"
"HOMEZ",0.000823517208692455,0.608657253651186,1,1,1,"1","HOMEZ"
"CHST14",0.000823927519651649,2.32849914705493,1,1,1,"1","CHST14"
"DTX3",0.000823927519651649,0.845700942172853,1,1,1,"1","DTX3"
"OR8B12",0.000826229730455022,0.93008969965895,1,1,1,"1","OR8B12"
"IL4R",0.000832403861413933,0.414804202426403,1,1,1,"1","IL4R"
"SPTBN1",0.000832403861413933,0.544404782262657,1,1,1,"1","SPTBN1"
"SOX5",0.000848672771833734,0.61079176519012,1,1,1,"1","SOX5"
"ZNF160",0.000849194671456157,0.691771402580528,1,1,1,"1","ZNF160"
"CLIC1",0.000849262029176754,0.456242775076277,1,1,1,"1","CLIC1"
"HMBOX1",0.000849262029176754,0.343940913626884,1,1,1,"1","HMBOX1"
"ZNF252P",0.000857215086208146,0.472981673474738,1,1,1,"1","ZNF252P"
"TNRC6A",0.000866436375726677,0.413734601712118,1,1,1,"1","TNRC6A"
"TSPAN15",0.000866436375726677,0.415763274736619,1,1,1,"1","TSPAN15"
"HOMER3",0.000883932288321742,0.190790908937192,1,1,1,"1","HOMER3"
"CASC15",0.000883936059411657,0.658784337314298,1,1,1,"1","CASC15"
"PCGF3",0.000892784972281442,0.793496540101764,1,1,1,"1","PCGF3"
"RP11-47A17.2",0.000898309162404539,0.480488821137923,1,1,1,"1","RP11-47A17.2"
"MIR548J",0.000900428292641116,0.166778430786056,1,1,1,"1","MIR548J"
"SEPT7",0.000901755234951998,0.43586354269657,1,1,1,"1","SEPT7"
"HAND2",0.000903489999098345,0.748943167757734,1,1,1,"1","HAND2"
"DPRX",0.000905238883004528,1.33096852050324,1,1,1,"1","DPRX"
"SAA1",0.000905691892184561,2.69767467809842,1,1,1,"1","SAA1"
"ABCC12",0.000907564157599086,0.881357781704413,1,1,1,"1","ABCC12"
"TULP3",0.000910773214148229,0.476313730159543,1,1,1,"1","TULP3"
"PCDHA3",0.000917677859740967,1.95839183625535,1,1,1,"1","PCDHA3"
"CCDC104",0.000919910765336212,0.121420528753113,1,1,1,"1","CCDC104"
"NRDE2",0.000919910765336212,0.66908202628283,1,1,1,"1","NRDE2"
"SPRY2",0.000919910765336212,0.751182891309865,1,1,1,"1","SPRY2"
"NGF",0.000936165217755943,2.00128826443678,1,1,1,"1","NGF"
"TTC12",0.000938331241583957,1.2918439951929,1,1,1,"1","TTC12"
"RUNX1T1",0.000938386193980514,0.513638377645508,1,1,1,"1","RUNX1T1"
"RAD54L2",0.000938404511926969,0.24319853197817,1,1,1,"1","RAD54L2"
"RUNX1",0.000938404511926969,0.395377510863881,1,1,1,"1","RUNX1"
"SENP7",0.000938404511926969,0.694951477825263,1,1,1,"1","SENP7"
"OR10Q1",0.000950535203341705,0.577842586032322,1,1,1,"1","OR10Q1"
"EEF1B2P2",0.00095499711509767,0.336233394694117,1,1,1,"1","EEF1B2P2"
"RPS20P22",0.00095499711509767,0.449186937958624,1,1,1,"1","RPS20P22"
"SLC4A4",0.000956199458741143,0.23555329221562,1,1,1,"1","SLC4A4"
"PLK2",0.000957242190924167,0.560577612202415,1,1,1,"1","PLK2"
"FLT1P1",0.000965095655632163,1.09563377924772,1,1,1,"1","FLT1P1"
"MDGA1",0.000976050841225022,0.674194623291887,1,1,1,"1","MDGA1"
"STIM2",0.00097642960329691,0.460158860961929,1,1,1,"1","STIM2"
"TIA1",0.00097642960329691,0.483038936106212,1,1,1,"1","TIA1"
"TMEM106A",0.000985965317471763,0.93915721457331,1,1,1,"1","TMEM106A"
"TGFB3",0.000986137196792966,0.75317282906671,1,1,1,"1","TGFB3"
"BEST3",0.00099551925907287,0.776139812600984,1,1,1,"1","BEST3"
"PATE4",0.000995922904254121,0.404113000507532,1,1,1,"1","PATE4"
"CSGALNACT1",0.000995972635813778,0.563944987971464,1,1,1,"1","CSGALNACT1"
"WDFY1",0.000995972635813778,0.385991482301179,1,1,1,"1","WDFY1"
"BCYRN1",0.00099637465165685,0.384685456794641,1,1,1,"1","BCYRN1"
"CCL22",0.000996412533048617,0.424542696527892,1,1,1,"1","CCL22"
"MEIS3P2",0.000999982587014378,0.144683737251222,1,1,1,"1","MEIS3P2"
"LHX8",0.00100603421304833,3.22020579126069,1,1,1,"1","LHX8"
"VWA1",0.0010142333003708,1.26556455749899,1,1,1,"1","VWA1"
"FRY",0.00101587726208149,0.610466856876194,1,1,1,"1","FRY"
"C9",0.00102100375201766,0.399415727040758,1,1,1,"1","C9"
"LRP2",0.00102267028839018,0.729664791913319,1,1,1,"1","LRP2"
"PLIN1",0.00103545287985319,3.09802416746771,1,1,1,"1","PLIN1"
"MEX3B",0.00104572301535083,2.35276244257231,1,1,1,"1","MEX3B"
"PCDHB14",0.00104640539896922,0.495633710520774,1,1,1,"1","PCDHB14"
"KCNE3",0.00104944482414158,1.09668019596337,1,1,1,"1","KCNE3"
"PCDHB15",0.00105566251084776,1.03847780237767,1,1,1,"1","PCDHB15"
"ZNF284",0.00105566251084776,0.834674703650656,1,1,1,"1","ZNF284"
"GPR64",0.00105639085208917,1.16629557583419,1,1,1,"1","GPR64"
"USHBP1",0.00107761598973977,0.699837773399388,1,1,1,"1","USHBP1"
"TCF7L2",0.00107782176407526,0.537149945184641,1,1,1,"1","TCF7L2"
"DACT3",0.00108505928556326,0.102580640519916,1,1,1,"1","DACT3"
"ZNF319",0.00109881591046448,0.755511825041815,1,1,1,"1","ZNF319"
"FAM188B",0.00109915059362722,0.947792669809372,1,1,1,"1","FAM188B"
"FKRP",0.00109915059362722,1.46212538228652,1,1,1,"1","FKRP"
"CASP10",0.00109923427499817,0.515216204882158,1,1,1,"1","CASP10"
"CD40",0.00109923427499817,0.721588370772084,1,1,1,"1","CD40"
"RGS3",0.00109923427499817,0.428009889371985,1,1,1,"1","RGS3"
"CYP2F1P",0.00111331576621019,0.687218945047748,1,1,1,"1","CYP2F1P"
"CTC-265F19.1",0.0011223626755583,1.74666392249222,1,1,1,"1","CTC-265F19.1"
"FRZB",0.00112596976926967,0.727781402235193,1,1,1,"1","FRZB"
"ZNF334",0.00114065175580211,0.778841172956724,1,1,1,"1","ZNF334"
"OSBPL10",0.00114322259768962,0.317922188542354,1,1,1,"1","OSBPL10"
"LUC7L",0.0011432442176458,0.492138243084831,1,1,1,"1","LUC7L"
"ZNF723",0.0011447566923477,0.615178274774133,1,1,1,"1","ZNF723"
"TCEANC",0.00115090536665854,1.36056650721599,1,1,1,"1","TCEANC"
"RP11-1007G5.2",0.0011542256945285,0.31351032906967,1,1,1,"1","RP11-1007G5.2"
"GRIN2C",0.0011861992108364,0.637823998390285,1,1,1,"1","GRIN2C"
"C3orf70",0.00118762738787765,0.590113361111291,1,1,1,"1","C3orf70"
"CMC1",0.00118843123610771,3.24938846947259,1,1,1,"1","CMC1"
"SIX5",0.00118878861724995,0.168939169952404,1,1,1,"1","SIX5"
"EGFL7",0.00118887797361934,0.260864432728681,1,1,1,"1","EGFL7"
"PCDHA6",0.00119388474660223,1.63395259109912,1,1,1,"1","PCDHA6"
"EXTL3",0.00120052390981234,1.07303523857012,1,1,1,"1","EXTL3"
"FBXL20",0.0012122297825871,0.438213776549782,1,1,1,"1","FBXL20"
"MARCKS",0.00121232060913784,0.763387275979269,1,1,1,"1","MARCKS"
"RRAGA",0.00121232060913784,0.604573171761954,1,1,1,"1","RRAGA"
"ZNF703",0.00121232060913784,0.675049109147778,1,1,1,"1","ZNF703"
"RGS21",0.00121648284540283,0.747111536299515,1,1,1,"1","RGS21"
"SIX1",0.00121745058110738,0.899042992813538,1,1,1,"1","SIX1"
"SLC35F1",0.00121745058110738,1.17554073562085,1,1,1,"1","SLC35F1"
"NEK6",0.00123616650518021,0.227881767692327,1,1,1,"1","NEK6"
"TSC22D1",0.00123616650518021,0.604212768524288,1,1,1,"1","TSC22D1"
"AEBP1",0.00123618958505144,0.944073668313493,1,1,1,"1","AEBP1"
"DMTF1",0.00123618958505144,0.591737790995879,1,1,1,"1","DMTF1"
"LINC00654",0.00125546803908349,0.906771984388902,1,1,1,"1","LINC00654"
"RAMP3",0.00125917869430967,1.41004966574139,1,1,1,"1","RAMP3"
"LIFR",0.00126049190112481,0.599490729313075,1,1,1,"1","LIFR"
"SNX9",0.00126049190112481,0.373840999884582,1,1,1,"1","SNX9"
"PCDHGB1",0.00127198022984816,0.623656090755693,1,1,1,"1","PCDHGB1"
"FAM214B",0.00127278412735556,1.74764972176919,1,1,1,"1","FAM214B"
"APOL5",0.00127486823107506,0.704248883302805,1,1,1,"1","APOL5"
"SNAP25",0.00128179847765934,0.641597219955104,1,1,1,"1","SNAP25"
"CCSER1",0.001284757881604,1.18158685839668,1,1,1,"1","CCSER1"
"MXRA8",0.00128513929269835,0.462098078431124,1,1,1,"1","MXRA8"
"EHD4",0.00128523465707423,0.607955816389635,1,1,1,"1","EHD4"
"FBXO10",0.00129753310612207,0.301463372191282,1,1,1,"1","FBXO10"
"RIOK1",0.00131042505371388,0.701951956754076,1,1,1,"1","RIOK1"
"JRK",0.00133582415774376,0.522261625724095,1,1,1,"1","JRK"
"EPB41L4A-AS2",0.00134185732692269,0.681506739881854,1,1,1,"1","EPB41L4A-AS2"
"NR0B2",0.00135451906565533,0.705941428204712,1,1,1,"1","NR0B2"
"RP11-718B12.5",0.00135996131936447,0.463166992709965,1,1,1,"1","RP11-718B12.5"
"CNRIP1",0.00136192784807197,0.321920356694829,1,1,1,"1","CNRIP1"
"FRAS1",0.00136215305972757,0.391329005197949,1,1,1,"1","FRAS1"
"MT1L",0.00138171137352039,0.598723589813215,1,1,1,"1","MT1L"
"HSPA8P1",0.00138456367584875,0.381114118480065,1,1,1,"1","HSPA8P1"
"AMIGO2",0.00138570611903463,0.39476510823506,1,1,1,"1","AMIGO2"
"HADHAP1",0.00138570611903463,0.363125537353721,1,1,1,"1","HADHAP1"
"GPER1",0.00138733198488937,1.12972118669282,1,1,1,"1","GPER1"
"TNFRSF10D",0.00138786574282821,0.360278428578079,1,1,1,"1","TNFRSF10D"
"EML1",0.00138850134337509,0.480452715761254,1,1,1,"1","EML1"
"SAMD14",0.00138865391572031,0.514463505294177,1,1,1,"1","SAMD14"
"NCOA2",0.00138875563668491,0.487755020894539,1,1,1,"1","NCOA2"
"UBXN7-AS1",0.0013909133987799,1.15980014667798,1,1,1,"1","UBXN7-AS1"
"ZSCAN20",0.00140132591988495,0.123950402404056,1,1,1,"1","ZSCAN20"
"SUPT3H",0.00141490637679004,0.701958106180658,1,1,1,"1","SUPT3H"
"ZNF821",0.00141529388362049,0.172307445375507,1,1,1,"1","ZNF821"
"CCNYL1",0.00141570730031628,0.252881267316663,1,1,1,"1","CCNYL1"
"FN1",0.00141581066676121,1.13511557221323,1,1,1,"1","FN1"
"MAGEA6",0.00141958397823305,1.90278829022115,1,1,1,"1","MAGEA6"
"HIC2",0.00142925916030386,0.722109787282582,1,1,1,"1","HIC2"
"ARHGAP33",0.00142949359565696,0.636435359007924,1,1,1,"1","ARHGAP33"
"ATP6V1B1",0.00144188086085597,0.776809808938413,1,1,1,"1","ATP6V1B1"
"CGRRF1",0.00144243201108488,0.578022751852515,1,1,1,"1","CGRRF1"
"MTMR9",0.00144282577356064,0.623163837760272,1,1,1,"1","MTMR9"
"TCF25",0.00144335089875568,0.38029760647709,1,1,1,"1","TCF25"
"TRAK2",0.00144335089875568,0.921742175163612,1,1,1,"1","TRAK2"
"GRM6",0.00144567605736289,0.213070470980984,1,1,1,"1","GRM6"
"ZNF862",0.0014570407231872,0.992313964928615,1,1,1,"1","ZNF862"
"ZNF263",0.0014572789387381,0.305065624073976,1,1,1,"1","ZNF263"
"GABRA2",0.0014659925756092,1.03181147249042,1,1,1,"1","GABRA2"
"EMCN",0.00146818454368482,0.727461429404647,1,1,1,"1","EMCN"
"ADAMTSL1",0.00147085058087023,0.930380029230378,1,1,1,"1","ADAMTSL1"
"ALDH1A1",0.00148531921824834,0.757558489116336,1,1,1,"1","ALDH1A1"
"C1QTNF5",0.00149980996340428,0.737711852754238,1,1,1,"1","C1QTNF5"
"RP11-121L10.3",0.00149991840555467,0.570109671555713,1,1,1,"1","RP11-121L10.3"
"LMX1A",0.00150047881400045,0.938586001909892,1,1,1,"1","LMX1A"
"COX19",0.00150987115150768,2.16606801495966,1,1,1,"1","COX19"
"NMUR1",0.00152487056853021,0.507469869557998,1,1,1,"1","NMUR1"
"OR13H1",0.00152523008348802,1.79958968797658,1,1,1,"1","OR13H1"
"FAHD1",0.00152741960150492,0.129764153769875,1,1,1,"1","FAHD1"
"ISOC1",0.00152885149213299,0.735857623680413,1,1,1,"1","ISOC1"
"UST",0.00152885149213299,1.25923606717535,1,1,1,"1","UST"
"PLAC9",0.00152896167346612,1.10504871227336,1,1,1,"1","PLAC9"
"TESK1",0.00152896167346612,0.612729846423333,1,1,1,"1","TESK1"
"LINC00552",0.00153727604763054,1.43970092067516,1,1,1,"1","LINC00552"
"TCEA2",0.0015433990990858,0.247400230390157,1,1,1,"1","TCEA2"
"ZNF805",0.00155841018734763,0.301141653593485,1,1,1,"1","ZNF805"
"PIWIL4",0.00157113044235748,0.343187565826248,1,1,1,"1","PIWIL4"
"TCEAL8",0.00157321681107919,0.827884954532676,1,1,1,"1","TCEAL8"
"NETO2",0.00157347068030566,0.175859711089538,1,1,1,"1","NETO2"
"RNF125",0.00157347068030566,0.958663443525653,1,1,1,"1","RNF125"
"PRKAA1",0.00158860805757956,0.37376814645291,1,1,1,"1","PRKAA1"
"AL590822.1",0.00160310314390621,0.661743342962584,1,1,1,"1","AL590822.1"
"ELF4",0.00160382202894029,0.256277917265042,1,1,1,"1","ELF4"
"SLCO3A1",0.00160382202894029,0.306230961453776,1,1,1,"1","SLCO3A1"
"FFAR2",0.0016055932841122,0.993510761173495,1,1,1,"1","FFAR2"
"HOXB5",0.00160668367386055,0.472537178311455,1,1,1,"1","HOXB5"
"LRRIQ4",0.00161715271465504,1.17483639489187,1,1,1,"1","LRRIQ4"
"ASPN",0.00161911229685581,0.23836657185678,1,1,1,"1","ASPN"
"DEPTOR",0.00161911229685581,0.568714315273118,1,1,1,"1","DEPTOR"
"TRAK1",0.00161922784123593,0.319270659176951,1,1,1,"1","TRAK1"
"RP11-234K24.3",0.00162713552902901,0.603733500684049,1,1,1,"1","RP11-234K24.3"
"ZBED3",0.00164275245760886,0.106993525730223,1,1,1,"1","ZBED3"
"FBLN5",0.00165036064336481,0.562115397025046,1,1,1,"1","FBLN5"
"CCIN",0.00165337433847452,0.684156723066602,1,1,1,"1","CCIN"
"ZNF608",0.00166614756210644,0.718288093093173,1,1,1,"1","ZNF608"
"SOX12",0.00168207331318228,0.396909110979772,1,1,1,"1","SOX12"
"ZNF630",0.00169564631274521,0.77897545097078,1,1,1,"1","ZNF630"
"PARM1",0.00171331627545007,0.474224763006314,1,1,1,"1","PARM1"
"AKT1",0.00171437598837935,0.389017819392244,1,1,1,"1","AKT1"
"FSTL1",0.00171437598837935,0.676110389816586,1,1,1,"1","FSTL1"
"OSBPL9",0.00171437598837935,0.147899472947831,1,1,1,"1","OSBPL9"
"UCP2",0.00171437598837935,0.157244671617626,1,1,1,"1","UCP2"
"SOGA3",0.00173004496339608,1.33796741884334,1,1,1,"1","SOGA3"
"ZCCHC24",0.00174614098869257,0.600911208601413,1,1,1,"1","ZCCHC24"
"CTNNB1",0.00174721744083579,0.635713431809563,1,1,1,"1","CTNNB1"
"SYNPO2",0.00174721744083579,0.32591361688478,1,1,1,"1","SYNPO2"
"WDR60",0.00174721744083579,0.507404645811903,1,1,1,"1","WDR60"
"GPR158",0.0017631930618177,1.10651831072622,1,1,1,"1","GPR158"
"CTPS2",0.00176382318633135,0.354729127962797,1,1,1,"1","CTPS2"
"ADAMTS18",0.00176645536797914,2.37131406652912,1,1,1,"1","ADAMTS18"
"ACVRL1",0.00178063646275509,0.573240132980676,1,1,1,"1","ACVRL1"
"KIAA1841",0.00178063646275509,0.40599222681357,1,1,1,"1","KIAA1841"
"RASSF2",0.00179646341463471,0.465108742192671,1,1,1,"1","RASSF2"
"F2RL2",0.00181353154266174,1.09370302035865,1,1,1,"1","F2RL2"
"SENP5",0.00181464215671641,0.480724190462329,1,1,1,"1","SENP5"
"TUT1",0.00181464215671641,0.534880966524691,1,1,1,"1","TUT1"
"GPRASP1",0.00183183589789681,0.527407792835776,1,1,1,"1","GPRASP1"
"KIAA1755",0.00184537799520612,0.832425688982177,1,1,1,"1","KIAA1755"
"ZNF727",0.00184537799520612,0.500084809165868,1,1,1,"1","ZNF727"
"RPL21P123",0.00184743909148914,1.32814601376787,1,1,1,"1","RPL21P123"
"TECPR2",0.0018492437483779,0.302100584183766,1,1,1,"1","TECPR2"
"RP11-686D22.3",0.00185785401841674,0.524753044318897,1,1,1,"1","RP11-686D22.3"
"SLC45A1",0.0018640432370304,0.957340590963994,1,1,1,"1","SLC45A1"
"ACSL6",0.00186617225490858,2.14000633435461,1,1,1,"1","ACSL6"
"NINJ2",0.00186959084629376,0.31320615187304,1,1,1,"1","NINJ2"
"SRPX2",0.00188431962791476,0.818707728607643,1,1,1,"1","SRPX2"
"KCNJ16",0.00189049245102324,0.451282371972614,1,1,1,"1","KCNJ16"
"FAM102B",0.00191993964745087,0.428934410585718,1,1,1,"1","FAM102B"
"ITPRIPL2",0.00191993964745087,0.524551637602038,1,1,1,"1","ITPRIPL2"
"ZNF331",0.0019201391449682,1.09256782255376,1,1,1,"1","ZNF331"
"GPATCH2L",0.00192027215059171,0.404651413112237,1,1,1,"1","GPATCH2L"
"GAPDHP44",0.00192416697026892,0.645626060839554,1,1,1,"1","GAPDHP44"
"RIMS3",0.00192884742675831,1.34545614945907,1,1,1,"1","RIMS3"
"UNC45B",0.00194223499935385,0.207628646956733,1,1,1,"1","UNC45B"
"NUTM2D",0.0019560427047303,0.639779620135911,1,1,1,"1","NUTM2D"
"SLC5A4",0.00195638035374368,0.284269032070627,1,1,1,"1","SLC5A4"
"ZNF850",0.00195658296079992,0.325356875023939,1,1,1,"1","ZNF850"
"MIR151A",0.00197444325999159,0.350641253057397,1,1,1,"1","MIR151A"
"TMEM144",0.00199091846529542,0.77208289209608,1,1,1,"1","TMEM144"
"ZKSCAN2",0.00199311214777597,1.38129341047214,1,1,1,"1","ZKSCAN2"
"CARD8",0.00199379798553795,0.392023582738371,1,1,1,"1","CARD8"
"CIC",0.00199379798553795,0.416012603774199,1,1,1,"1","CIC"
"MRPL11",0.00199379798553795,0.17195397951718,1,1,1,"1","MRPL11"
"PCDHA11",0.00199909188368759,1.72773828400595,1,1,1,"1","PCDHA11"
"PTGDR",0.0020188693939963,1.05065182274754,1,1,1,"1","PTGDR"
"CMPK2",0.00202957208284482,0.81697668277457,1,1,1,"1","CMPK2"
"SYT17",0.00203082536900888,0.619306256890525,1,1,1,"1","SYT17"
"COL16A1",0.00203152184921577,0.676740807340362,1,1,1,"1","COL16A1"
"CYP20A1",0.00203152184921577,0.578889834871553,1,1,1,"1","CYP20A1"
"EGLN2",0.00203152184921577,0.408408963799975,1,1,1,"1","EGLN2"
"MAP7D3",0.00203152184921577,0.611714354527471,1,1,1,"1","MAP7D3"
"TMEM74B",0.00206212806007034,0.743821645539873,1,1,1,"1","TMEM74B"
"HOXA4",0.00206919235853059,1.15569340901179,1,1,1,"1","HOXA4"
"PTRF",0.00206989962208031,0.656117296706626,1,1,1,"1","PTRF"
"GPX7",0.00208634453110808,0.459521376412386,1,1,1,"1","GPX7"
"SPR",0.00210592606223626,0.829117128643139,1,1,1,"1","SPR"
"BHLHB9",0.00210693088400978,0.331001800221163,1,1,1,"1","BHLHB9"
"GFPT1",0.00210894142792749,0.254820066804292,1,1,1,"1","GFPT1"
"GBX1",0.00214185175749696,1.77530512105198,1,1,1,"1","GBX1"
"PCDHGB8P",0.00214428429218282,0.593064503399111,1,1,1,"1","PCDHGB8P"
"RP11-154D3.1",0.00214584139018289,0.315614193565979,1,1,1,"1","RP11-154D3.1"
"CTNNA1",0.00214865752416703,0.305820954427968,1,1,1,"1","CTNNA1"
"HAX1",0.00214865752416703,0.254251741631219,1,1,1,"1","HAX1"
"RP11-212P7.1",0.00216748579198383,0.638774200753311,1,1,1,"1","RP11-212P7.1"
"RBM34",0.00218295406989806,0.264303835769288,1,1,1,"1","RBM34"
"RP11-396M11.1",0.00219121689843348,0.462459582669709,1,1,1,"1","RP11-396M11.1"
"ADCYAP1R1",0.00220638601938137,1.29296293184456,1,1,1,"1","ADCYAP1R1"
"ZNF701",0.0022082130994589,0.645636492801064,1,1,1,"1","ZNF701"
"PCDHA4",0.00221308907633262,1.86471516809003,1,1,1,"1","PCDHA4"
"CTB-167G5.5",0.0022136443160591,1.33029474451458,1,1,1,"1","CTB-167G5.5"
"ZNF470",0.00222699764858926,0.589600006524657,1,1,1,"1","ZNF470"
"SH2B2",0.00222940245905689,0.750812197189147,1,1,1,"1","SH2B2"
"GDF1",0.00222977835661725,1.65592662847108,1,1,1,"1","GDF1"
"SEPT11",0.00223015429361931,0.339131377907265,1,1,1,"1","SEPT11"
"LETM1P2",0.00225526971285093,0.33926282373883,1,1,1,"1","LETM1P2"
"GTF2F2P1",0.00227355390989459,0.492853061175994,1,1,1,"1","GTF2F2P1"
"CCRL2",0.00227566650103351,1.43956235407027,1,1,1,"1","CCRL2"
"OR2A5",0.00227586300582997,3.26709434756962,1,1,1,"1","OR2A5"
"PCDHGC5",0.00228678443318118,0.517525451966815,1,1,1,"1","PCDHGC5"
"RP11-404P21.9",0.00229493095582176,0.729666838109116,1,1,1,"1","RP11-404P21.9"
"TEX38",0.00230340746823067,1.31223225612353,1,1,1,"1","TEX38"
"ANO6",0.00231447471333377,0.455406472167958,1,1,1,"1","ANO6"
"FBXL19",0.00231447471333377,0.494584921830983,1,1,1,"1","FBXL19"
"KDM6B",0.00231447471333377,0.311770604746322,1,1,1,"1","KDM6B"
"NBEA",0.00231447471333377,0.801594997261518,1,1,1,"1","NBEA"
"PTPN9",0.00231447471333377,0.42669075586498,1,1,1,"1","PTPN9"
"MRI1",0.00233561569563347,0.476496134145746,1,1,1,"1","MRI1"
"RP11-380G5.3",0.00234907488575131,0.882290507977823,1,1,1,"1","RP11-380G5.3"
"CPAMD8",0.00235756351822904,1.57572737129826,1,1,1,"1","CPAMD8"
"DGKD",0.0023577208938049,0.311669558408813,1,1,1,"1","DGKD"
"DNAJC13",0.0023577208938049,0.312209417495932,1,1,1,"1","DNAJC13"
"LAMC1",0.0023577208938049,0.442419682343328,1,1,1,"1","LAMC1"
"MPRIPP1",0.0023577208938049,0.29395906148577,1,1,1,"1","MPRIPP1"
"PREX1",0.0023577208938049,0.344075455624385,1,1,1,"1","PREX1"
"RP5-867C24.1",0.00237622603185693,0.238432325685075,1,1,1,"1","RP5-867C24.1"
"ACYP2",0.00237922389631752,0.858755957255859,1,1,1,"1","ACYP2"
"NDN",0.00237940206098801,0.691538075698105,1,1,1,"1","NDN"
"KCNH2",0.00239739104660904,1.76215211182592,1,1,1,"1","KCNH2"
"AGO4",0.0024017057908861,0.40737558174083,1,1,1,"1","AGO4"
"BAZ2B",0.0024017057908861,0.492370930042547,1,1,1,"1","BAZ2B"
"GSE1",0.0024017057908861,0.643729982892303,1,1,1,"1","GSE1"
"SLFN11",0.0024017057908861,0.510498772415609,1,1,1,"1","SLFN11"
"ZNF704",0.0024017057908861,0.426773343374036,1,1,1,"1","ZNF704"
"FIGLA",0.00241069339580035,0.606387550119278,1,1,1,"1","FIGLA"
"SYN2",0.00241248558871954,1.4399550913662,1,1,1,"1","SYN2"
"B3GALT5",0.00241749835894883,0.631616662523951,1,1,1,"1","B3GALT5"
"DEFB132",0.00242126824006561,2.36818115574884,1,1,1,"1","DEFB132"
"HOXB4",0.0024235763343888,0.777820704621915,1,1,1,"1","HOXB4"
"TCTEX1D1",0.00242379824266105,0.625399739382138,1,1,1,"1","TCTEX1D1"
"STK33",0.00244502168323728,1.29741369015732,1,1,1,"1","STK33"
"EXOC5",0.00244644063534779,0.612856181306622,1,1,1,"1","EXOC5"
"RP11-834C11.4",0.00247435860484569,0.291125409718907,1,1,1,"1","RP11-834C11.4"
"ZFP2",0.00248289119529632,0.707193651556485,1,1,1,"1","ZFP2"
"PCDHGC4",0.00248963236510264,0.542654538987513,1,1,1,"1","PCDHGC4"
"KHK",0.00250313012228592,1.57442242773696,1,1,1,"1","KHK"
"ABCB5",0.00250601871706951,0.799802971951038,1,1,1,"1","ABCB5"
"RP11-486G15.1",0.00250958581321095,0.313970887163874,1,1,1,"1","RP11-486G15.1"
"HOXA2",0.00251455927649215,0.620936321081228,1,1,1,"1","HOXA2"
"MSLN",0.00252009817612796,0.356667266873343,1,1,1,"1","MSLN"
"SNORD99",0.00253778799621169,7.10781295067531,1,1,1,"1","SNORD99"
"FILIP1L",0.00253820581369859,0.249317341715972,1,1,1,"1","FILIP1L"
"AF186192.1",0.00254325083394553,0.391908771970396,1,1,1,"1","AF186192.1"
"TDRP",0.00255809907652435,2.17734250045282,1,1,1,"1","TDRP"
"TSHZ2",0.00258508968785752,0.802819751230212,1,1,1,"1","TSHZ2"
"BTN2A1",0.00258525933752299,0.886089376016113,1,1,1,"1","BTN2A1"
"EXOC7",0.00258525933752299,0.374011192989375,1,1,1,"1","EXOC7"
"FNBP1L",0.00258525933752299,0.465411021991819,1,1,1,"1","FNBP1L"
"NPM1",0.00258525933752299,0.59577847789096,1,1,1,"1","NPM1"
"ZNF586",0.00258525933752299,0.326010976608149,1,1,1,"1","ZNF586"
"PKNOX2",0.00259812294011258,0.510801787620125,1,1,1,"1","PKNOX2"
"TSPAN31",0.00260904124801503,1.02855505434271,1,1,1,"1","TSPAN31"
"B4GALNT1",0.00261746722773075,2.09693136369789,1,1,1,"1","B4GALNT1"
"FAM153C",0.00261940093211936,0.104100341651382,1,1,1,"1","FAM153C"
"RP3-522P13.2",0.0026509155029637,2.99802435429301,1,1,1,"1","RP3-522P13.2"
"CRISPLD2",0.00268176734292637,0.499324529568579,1,1,1,"1","CRISPLD2"
"MEGF8",0.00268176734292637,0.435849077049472,1,1,1,"1","MEGF8"
"ZYX",0.00268176734292637,0.207784160888572,1,1,1,"1","ZYX"
"PCDHB2",0.002728763009932,1.0741568227798,1,1,1,"1","PCDHB2"
"BSN",0.00273106851560466,0.355857769469326,1,1,1,"1","BSN"
"BUD31",0.00273106851560466,0.694476607743708,1,1,1,"1","BUD31"
"CDC42BPB",0.00273124591126114,0.2057073730954,1,1,1,"1","CDC42BPB"
"CRTC3",0.00273124591126114,0.406683969956131,1,1,1,"1","CRTC3"
"DAB2IP",0.00273124591126114,0.462223739132256,1,1,1,"1","DAB2IP"
"ZNF445",0.00273124591126114,0.426203462616744,1,1,1,"1","ZNF445"
"TNFAIP6",0.0027360129719881,0.675663062502471,1,1,1,"1","TNFAIP6"
"BID",0.0027558499059214,0.928559965908136,1,1,1,"1","BID"
"H1FOO",0.00276247892758128,0.983819482628549,1,1,1,"1","H1FOO"
"PZP",0.00278151215716613,0.519869161375905,1,1,1,"1","PZP"
"SSBP2",0.00280657549824332,0.42645817650298,1,1,1,"1","SSBP2"
"ZBTB22",0.00280698358741676,1.62354140198626,1,1,1,"1","ZBTB22"
"OPCML",0.00281054012663225,0.350096206129042,1,1,1,"1","OPCML"
"ZNF347",0.00283111495162628,0.607024451392984,1,1,1,"1","ZNF347"
"OMG",0.00283253081788487,1.29676530451126,1,1,1,"1","OMG"
"RPA3",0.00288380049578336,0.527675482364325,1,1,1,"1","RPA3"
"IFFO1",0.00288454217482211,0.199060794375731,1,1,1,"1","IFFO1"
"ZNF426",0.00288454217482211,0.224653021699407,1,1,1,"1","ZNF426"
"ZNF629",0.00288454217482211,0.14197884918562,1,1,1,"1","ZNF629"
"SMARCAL1",0.00288468125247579,0.427467792886716,1,1,1,"1","SMARCAL1"
"PROSER2",0.00292985549640011,0.387923825971207,1,1,1,"1","PROSER2"
"ANO8",0.00293756507443326,0.754625352855795,1,1,1,"1","ANO8"
"STARD4-AS1",0.00294533231191662,0.727892415129284,1,1,1,"1","STARD4-AS1"
"ALX4",0.00294893430996149,1.98844649307776,1,1,1,"1","ALX4"
"FMO2",0.00295657101363279,0.599482652878011,1,1,1,"1","FMO2"
"CPSF1P1",0.00299042520143058,1.02006653743963,1,1,1,"1","CPSF1P1"
"ADAMTS10",0.00299118899914525,0.374064431528712,1,1,1,"1","ADAMTS10"
"ATP2B4",0.00299137996691454,0.501747156243663,1,1,1,"1","ATP2B4"
"KIAA1549",0.00299137996691454,0.511848780952285,1,1,1,"1","KIAA1549"
"MAP4",0.00299137996691454,0.249100211197057,1,1,1,"1","MAP4"
"KRBA2",0.00301691621284811,0.855446648099766,1,1,1,"1","KRBA2"
"HCRTR1",0.00303220728651473,0.273032430981427,1,1,1,"1","HCRTR1"
"PRKD2",0.0030460442074291,0.482731207153119,1,1,1,"1","PRKD2"
"LHFPL2",0.00307322860099897,0.456635755533663,1,1,1,"1","LHFPL2"
"NHLRC2",0.00307366779879192,0.440673661151546,1,1,1,"1","NHLRC2"
"RP11-364P2.2",0.0030826118539562,0.368798699141532,1,1,1,"1","RP11-364P2.2"
"COL6A3",0.00310161806343451,1.28009995194994,1,1,1,"1","COL6A3"
"ZNF679",0.00311354133757505,0.39902917605178,1,1,1,"1","ZNF679"
"ZNF285",0.00314386809707927,0.903189290916753,1,1,1,"1","ZNF285"
"TFR2",0.00314715240692792,2.52523549129679,1,1,1,"1","TFR2"
"ZNF415",0.00314715240692792,0.547827488064971,1,1,1,"1","ZNF415"
"CTRL",0.00315213254158959,1.85702287965113,1,1,1,"1","CTRL"
"RP11-254B13.4",0.00315711738468687,0.59971620757215,1,1,1,"1","RP11-254B13.4"
"ZKSCAN5",0.00315791539655994,0.25175496584041,1,1,1,"1","ZKSCAN5"
"HNRNPA1P25",0.00317440719178651,0.623204449034688,1,1,1,"1","HNRNPA1P25"
"FECH",0.00321549770861255,1.54454672546013,1,1,1,"1","FECH"
"KANSL1",0.0032155483201916,0.539411816261254,1,1,1,"1","KANSL1"
"RUSC1",0.0032155483201916,0.357895331727711,1,1,1,"1","RUSC1"
"SCTR",0.00322881987489101,0.282064367731763,1,1,1,"1","SCTR"
"RP11-686G8.1",0.00323621523911814,0.593453071714826,1,1,1,"1","RP11-686G8.1"
"SLC26A7",0.00324525046028401,0.597236386708397,1,1,1,"1","SLC26A7"
"C18orf54",0.00327341849525359,0.404979449819672,1,1,1,"1","C18orf54"
"SLC16A5",0.00327341849525359,0.404128807195509,1,1,1,"1","SLC16A5"
"TNFSF12",0.00327341849525359,0.353779232498198,1,1,1,"1","TNFSF12"
"ZNF606",0.00327372658208397,0.513669686469203,1,1,1,"1","ZNF606"
"ZNF264",0.00327388063196848,0.40947618870252,1,1,1,"1","ZNF264"
"ITM2C",0.00327393198288841,0.455600513785349,1,1,1,"1","ITM2C"
"LTBP2",0.00327393198288841,0.30525356223621,1,1,1,"1","LTBP2"
"SNX3",0.00327393198288841,0.594983620939718,1,1,1,"1","SNX3"
"SSPO",0.00327393198288841,0.426535416149544,1,1,1,"1","SSPO"
"RP11-885B4.2",0.00329092748614743,0.334633417711277,1,1,1,"1","RP11-885B4.2"
"C10orf131",0.00330417984881883,0.687692012150409,1,1,1,"1","C10orf131"
"ZNF90",0.00332703132811006,0.518146827234107,1,1,1,"1","ZNF90"
"OAS2",0.00333327978788757,0.884641135330856,1,1,1,"1","OAS2"
"ERVFRD-1",0.00339339436178662,1.70657575067682,1,1,1,"1","ERVFRD-1"
"PDE1A",0.00339339436178662,0.209484312880752,1,1,1,"1","PDE1A"
"NANOGP4",0.00340319384059582,0.711233448818064,1,1,1,"1","NANOGP4"
"CCDC14",0.00342408680511031,0.62648353443727,1,1,1,"1","CCDC14"
"NDUFS3",0.00342408680511031,0.240968672357766,1,1,1,"1","NDUFS3"
"CBLN1",0.00344053981909901,1.45607887569737,1,1,1,"1","CBLN1"
"SPG20",0.00345487057338662,0.711699148270828,1,1,1,"1","SPG20"
"MARCKSL1",0.00345492419662605,1.30453527339398,1,1,1,"1","MARCKSL1"
"PLEKHO1",0.00345492419662605,0.197848326754446,1,1,1,"1","PLEKHO1"
"E2F2",0.00347705508258662,1.24643025113449,1,1,1,"1","E2F2"
"MMP20",0.00351235697752418,1.43888791654976,1,1,1,"1","MMP20"
"A1BG",0.00351534574243234,0.305824394902519,1,1,1,"1","A1BG"
"PPP6R1",0.00351724941374157,0.936105024821991,1,1,1,"1","PPP6R1"
"KCNIP2",0.00352391590849917,1.31126485476429,1,1,1,"1","KCNIP2"
"BST2",0.00358037526925587,0.906959841312576,1,1,1,"1","BST2"
"ANTXR1",0.00358059600285763,0.401124758357053,1,1,1,"1","ANTXR1"
"GNAS",0.00358059600285763,0.145395232793128,1,1,1,"1","GNAS"
"PPP1R12A",0.00358059600285763,0.349143726558861,1,1,1,"1","PPP1R12A"
"WDFY3",0.00358059600285763,0.377361793863102,1,1,1,"1","WDFY3"
"CSAG1",0.00359279452602259,1.20717616579831,1,1,1,"1","CSAG1"
"GSTM5P1",0.00359624370812487,0.570621078662912,1,1,1,"1","GSTM5P1"
"P2RY1",0.00364027825605743,0.952384214900814,1,1,1,"1","P2RY1"
"ZNF197",0.00364385922754285,0.530182234954111,1,1,1,"1","ZNF197"
"VOPP1",0.00364475479317398,0.417667718055329,1,1,1,"1","VOPP1"
"RSAD2",0.00367699948096464,0.780261114470077,1,1,1,"1","RSAD2"
"LDHAL6B",0.00370475805732362,0.710171956832305,1,1,1,"1","LDHAL6B"
"MORF4L2",0.00371041243650965,0.29541563907447,1,1,1,"1","MORF4L2"
"LGALS12",0.00372731097980074,1.74829075488559,1,1,1,"1","LGALS12"
"C8orf76",0.00374295628990221,0.524575443603794,1,1,1,"1","C8orf76"
"RP11-45M22.3",0.00376425349397102,0.400721528776657,1,1,1,"1","RP11-45M22.3"
"ZNF788",0.00377489673319546,0.409741241964781,1,1,1,"1","ZNF788"
"CCDC102A",0.00377576046762015,0.265053409517748,1,1,1,"1","CCDC102A"
"BRPF3",0.00377691229297828,0.25261502716705,1,1,1,"1","BRPF3"
"ZNF469",0.00377691229297828,0.304673299776727,1,1,1,"1","ZNF469"
"KRT18P15",0.00379699529379981,0.824753656874284,1,1,1,"1","KRT18P15"
"LCAT",0.00384425987424562,0.602819102709992,1,1,1,"1","LCAT"
"CSPP1",0.00384449354827724,0.34227768522554,1,1,1,"1","CSPP1"
"GAS6",0.00384449354827724,0.699018519919306,1,1,1,"1","GAS6"
"NAV1",0.00384449354827724,0.302279348548556,1,1,1,"1","NAV1"
"RIMBP2",0.00384596254696253,0.164929704203789,1,1,1,"1","RIMBP2"
"C1orf51",0.00387375423530123,1.62566239272914,1,1,1,"1","C1orf51"
"GPR21",0.00387375423530123,0.542093237390816,1,1,1,"1","GPR21"
"PAXIP1-AS2",0.00388007203246636,0.56290325808629,1,1,1,"1","PAXIP1-AS2"
"RAB6C",0.00390102664050613,1.02465784930569,1,1,1,"1","RAB6C"
"EPHB1",0.00391257915938501,0.409966266607203,1,1,1,"1","EPHB1"
"TRIM13",0.00391311240513582,0.712218079169279,1,1,1,"1","TRIM13"
"CDC27",0.00391317165726958,0.22746969615952,1,1,1,"1","CDC27"
"CSAG4",0.00392544166047176,0.830797715246957,1,1,1,"1","CSAG4"
"LRRC10B",0.00395144680263488,0.843055146371634,1,1,1,"1","LRRC10B"
"SEZ6L2",0.00396975406451715,0.151829029482569,1,1,1,"1","SEZ6L2"
"ACSM2A",0.00397333130701074,0.369986177565128,1,1,1,"1","ACSM2A"
"SPATA2L",0.00398085925273466,0.760088688883059,1,1,1,"1","SPATA2L"
"CHD9",0.00398296225705111,0.353232609214544,1,1,1,"1","CHD9"
"RP11-625H11.1",0.00400193437588817,1.19693758840347,1,1,1,"1","RP11-625H11.1"
"U52111.12",0.00404177370628105,1.66444642599156,1,1,1,"1","U52111.12"
"MARC2",0.0040526623236733,0.885578702780883,1,1,1,"1","MARC2"
"SUPT7L",0.00405388116843818,0.333038566036896,1,1,1,"1","SUPT7L"
"TNK2",0.00405388116843818,0.333966605857054,1,1,1,"1","TNK2"
"WDR7",0.00405388116843818,0.217091372768266,1,1,1,"1","WDR7"
"CCND2",0.00408915498708112,0.670044161912752,1,1,1,"1","CCND2"
"LRRTM2",0.00408915498708112,0.39190008788788,1,1,1,"1","LRRTM2"
"RP11-867G23.3",0.00411235912093533,0.210455240220622,1,1,1,"1","RP11-867G23.3"
"PBX2P1",0.00415214706184012,0.245841903108522,1,1,1,"1","PBX2P1"
"RP11-173E2.1",0.00415274519823753,0.695275532058439,1,1,1,"1","RP11-173E2.1"
"C2orf43",0.00416178776119125,0.730843360708427,1,1,1,"1","C2orf43"
"PCDHGB2",0.00416178776119125,0.221429701022389,1,1,1,"1","PCDHGB2"
"GIT2",0.00416234793928071,0.307726326901447,1,1,1,"1","GIT2"
"PEG3",0.00419390470936508,1.84653306426255,1,1,1,"1","PEG3"
"RP11-278J6.1",0.00419390470936508,0.675497145833086,1,1,1,"1","RP11-278J6.1"
"C14orf28",0.00419565876332678,0.992546933271145,1,1,1,"1","C14orf28"
"HCCS",0.00419854133923111,0.381034669884986,1,1,1,"1","HCCS"
"RING1",0.00419916813683155,0.890456244375827,1,1,1,"1","RING1"
"C9orf64",0.00423401135401145,0.571532658519946,1,1,1,"1","C9orf64"
"LRRC4B",0.00426781457854945,1.28658012938284,1,1,1,"1","LRRC4B"
"RGS6",0.00434340210027844,1.84098473291458,1,1,1,"1","RGS6"
"APOL1",0.0043478738137541,0.182305586321085,1,1,1,"1","APOL1"
"SLC25A29",0.00434890503325425,0.411808927456736,1,1,1,"1","SLC25A29"
"DVL3",0.00434916285999129,0.448895039669427,1,1,1,"1","DVL3"
"AC000089.3",0.00438676363244791,0.114700980135103,1,1,1,"1","AC000089.3"
"HSPA8P5",0.00442466007042639,0.442619821923564,1,1,1,"1","HSPA8P5"
"C12orf23",0.00442590181562142,0.59205899098518,1,1,1,"1","C12orf23"
"BRAP",0.00442596717613948,0.130286527924033,1,1,1,"1","BRAP"
"ZBTB16",0.00442596717613948,1.83568845057005,1,1,1,"1","ZBTB16"
"SMOX",0.00446417032467018,1.11891664697633,1,1,1,"1","SMOX"
"ZBTB12P1",0.00450167941502747,0.568629430132097,1,1,1,"1","ZBTB12P1"
"ZNF251",0.00450393239648033,0.594146097181511,1,1,1,"1","ZNF251"
"GTF3C4",0.00450399867035337,0.12309820548348,1,1,1,"1","GTF3C4"
"HBB",0.00450399867035337,4.62090297297738,1,1,1,"1","HBB"
"RCN1",0.00450399867035337,0.408521569976113,1,1,1,"1","RCN1"
"ZNF71",0.0045324763137112,0.676731625486621,1,1,1,"1","ZNF71"
"MTFMT",0.00458260253989956,0.315613997022234,1,1,1,"1","MTFMT"
"SHROOM2",0.00458300570397984,0.63139166628172,1,1,1,"1","SHROOM2"
"SERPINE1",0.00458327449121806,0.257548654121383,1,1,1,"1","SERPINE1"
"FMO1",0.00465564017528757,0.945465254173984,1,1,1,"1","FMO1"
"ZMYND19",0.00466142770089963,1.00870075399584,1,1,1,"1","ZMYND19"
"SULT1C4",0.00466353945865015,0.231843289298656,1,1,1,"1","SULT1C4"
"OBSL1",0.00466374385103993,1.37282245160513,1,1,1,"1","OBSL1"
"COMMD3",0.00466381198296344,1.35581085170097,1,1,1,"1","COMMD3"
"DSE",0.00466381198296344,0.64744041107695,1,1,1,"1","DSE"
"ZSCAN22",0.00473423869949947,0.427388465192648,1,1,1,"1","ZSCAN22"
"DDX26B",0.0047442472592601,0.205548439816026,1,1,1,"1","DDX26B"
"TTC31",0.00474555961017633,0.629665975345221,1,1,1,"1","TTC31"
"IGFBP4",0.00474562868695399,0.542357408822362,1,1,1,"1","IGFBP4"
"PRRC2B",0.00474562868695399,0.372891792634046,1,1,1,"1","PRRC2B"
"METTL2A",0.00478695272629139,1.29715330842328,1,1,1,"1","METTL2A"
"PDP1",0.00478695272629139,0.485175726260103,1,1,1,"1","PDP1"
"PCBP1-AS1",0.00479693672337554,0.561848379115833,1,1,1,"1","PCBP1-AS1"
"STXBP5L",0.00481492209178546,1.08034094622577,1,1,1,"1","STXBP5L"
"CSAD",0.0048286723108876,0.344013764560923,1,1,1,"1","CSAD"
"GPR56",0.0048286723108876,0.115516348881275,1,1,1,"1","GPR56"
"TMEM255B",0.0048286723108876,0.163494735900896,1,1,1,"1","TMEM255B"
"DIP2A",0.00482874234317769,0.188030552102887,1,1,1,"1","DIP2A"
"FMNL2",0.00482874234317769,0.823880515910901,1,1,1,"1","FMNL2"
"RBM5",0.00482874234317769,0.341510788606836,1,1,1,"1","RBM5"
"TMEM219",0.00482874234317769,0.777394723589483,1,1,1,"1","TMEM219"
"COL6A4P1",0.00483055158255177,0.55769801013318,1,1,1,"1","COL6A4P1"
"DBX2",0.00485705351528705,1.24720092641897,1,1,1,"1","DBX2"
"RP11-53I6.1",0.00487237351833846,0.463413837269805,1,1,1,"1","RP11-53I6.1"
"ADAM21",0.00488092606384347,0.784994092637071,1,1,1,"1","ADAM21"
"HMGB3P9",0.00488877792583839,0.548772455002467,1,1,1,"1","HMGB3P9"
"CTD-2619J13.9",0.00489756509187987,0.337382913521335,1,1,1,"1","CTD-2619J13.9"
"KIAA1549L",0.00491175103039519,0.439545789965671,1,1,1,"1","KIAA1549L"
"ODF3L2",0.0049585118124072,0.675331542299585,1,1,1,"1","ODF3L2"
"ZNF585A",0.00499749307245159,1.23760352200905,1,1,1,"1","ZNF585A"
"ZNF768",0.00499821274436934,0.451715109850005,1,1,1,"1","ZNF768"
"KIAA1614",0.0049986445753752,0.48930034532696,1,1,1,"1","KIAA1614"
"HIST1H2AJ",0.00508575358494555,0.80554826467452,1,1,1,"1","HIST1H2AJ"
"QRICH2",0.00508575358494555,0.39475076048998,1,1,1,"1","QRICH2"
"TBRG1",0.00508575358494555,0.164975889308934,1,1,1,"1","TBRG1"
"ATP8B1",0.00508597247214315,0.356732589983562,1,1,1,"1","ATP8B1"
"PTPN21",0.00508604543571137,0.242799278361529,1,1,1,"1","PTPN21"
"SNORA36C",0.00513320147898891,0.215269134260513,1,1,1,"1","SNORA36C"
"CYP2A7",0.0051474088304303,0.166079110337776,1,1,1,"1","CYP2A7"
"GJC2",0.00517193998788248,1.60358181571471,1,1,1,"1","GJC2"
"NQO1",0.00517452832525496,0.841838172526232,1,1,1,"1","NQO1"
"PRDX6",0.00517452832525496,0.592842357264864,1,1,1,"1","PRDX6"
"AC022007.5",0.00519801611757161,0.715031711752321,1,1,1,"1","AC022007.5"
"ZNF572",0.00523714908417122,0.547496150420479,1,1,1,"1","ZNF572"
"ZNF599",0.00523714908417122,0.483975407554633,1,1,1,"1","ZNF599"
"KLHL5",0.00526439989833783,0.401823866726097,1,1,1,"1","KLHL5"
"RP11-983P16.4",0.00531321616104247,0.394881391001912,1,1,1,"1","RP11-983P16.4"
"LGALS3BP",0.00535560312425664,0.539674925365476,1,1,1,"1","LGALS3BP"
"FAM193B",0.0053556791178712,0.359351284385099,1,1,1,"1","FAM193B"
"HOXA3",0.00543568400985148,0.458069395463752,1,1,1,"1","HOXA3"
"KNG1",0.00544797450053804,1.66322748612725,1,1,1,"1","KNG1"
"DAB2",0.00544838515576437,0.374669538949032,1,1,1,"1","DAB2"
"EEF1A1P3",0.00548249229761325,0.713216589633223,1,1,1,"1","EEF1A1P3"
"OR2F1",0.00548654356591158,1.45428293646015,1,1,1,"1","OR2F1"
"ARMCX3",0.00554222511977058,0.20381610018223,1,1,1,"1","ARMCX3"
"KIF13A",0.0055425373943968,0.45708355786379,1,1,1,"1","KIF13A"
"MRPL33",0.0055425373943968,0.74426446429721,1,1,1,"1","MRPL33"
"SEC14L1P1",0.00557720189410503,0.379816336051087,1,1,1,"1","SEC14L1P1"
"TNRC18P1",0.005587411468231,0.198306429922885,1,1,1,"1","TNRC18P1"
"ORAI2",0.00558937602491456,0.921378913579986,1,1,1,"1","ORAI2"
"PLCXD2",0.00560939436645427,1.42772911246823,1,1,1,"1","PLCXD2"
"TWF1P1",0.00562076271188615,0.676779198697343,1,1,1,"1","TWF1P1"
"SPATS2L",0.00563807630353682,0.388231513273304,1,1,1,"1","SPATS2L"
"PIK3CA",0.00563815542808693,0.401298533072882,1,1,1,"1","PIK3CA"
"PLOD1",0.00563815542808693,0.365967820060476,1,1,1,"1","PLOD1"
"AC004878.5",0.00565795556813932,0.482329115589437,1,1,1,"1","AC004878.5"
"NAB2",0.00573365536156085,0.621703210117536,1,1,1,"1","NAB2"
"ZDHHC1",0.00573493830432047,0.405500465816866,1,1,1,"1","ZDHHC1"
"RP11-252A24.2",0.00573525906455736,0.440354703003816,1,1,1,"1","RP11-252A24.2"
"SEC24D",0.00573525906455736,0.419532087986532,1,1,1,"1","SEC24D"
"MARC1",0.00578154910096397,1.20378130917616,1,1,1,"1","MARC1"
"TMED10P1",0.00581600404540414,0.821405352120539,1,1,1,"1","TMED10P1"
"CHRD",0.00583354325437862,0.403493570136789,1,1,1,"1","CHRD"
"RP11-556K13.1",0.00583354325437862,1.18350326328615,1,1,1,"1","RP11-556K13.1"
"ARHGEF11",0.00583386832639624,0.313524221998044,1,1,1,"1","ARHGEF11"
"C16orf62",0.00583386832639624,0.393635311407486,1,1,1,"1","C16orf62"
"DPYSL2",0.00583386832639624,0.222555725931528,1,1,1,"1","DPYSL2"
"HYAL2",0.00583386832639624,0.761809927551759,1,1,1,"1","HYAL2"
"RP11-530N7.2",0.00586804512513979,0.550353093730047,1,1,1,"1","RP11-530N7.2"
"CMTM8",0.00587687381471956,0.651925507601435,1,1,1,"1","CMTM8"
"DNALI1",0.00592042271790892,1.30602504825707,1,1,1,"1","DNALI1"
"RHBDL3",0.00592117562115606,0.61022600210803,1,1,1,"1","RHBDL3"
"GABRP",0.00592412487529837,1.20855883067413,1,1,1,"1","GABRP"
"CTD-3099C6.9",0.00592939233529145,0.640089198590678,1,1,1,"1","CTD-3099C6.9"
"GOLIM4",0.00593400345251443,0.509241714895598,1,1,1,"1","GOLIM4"
"LIPE",0.00593400345251443,2.31048633280306,1,1,1,"1","LIPE"
"PDS5B",0.00593400345251443,0.198270107146943,1,1,1,"1","PDS5B"
"PLOD3",0.00593400345251443,0.418387866492246,1,1,1,"1","PLOD3"
"RPL13P6",0.00594608367147551,0.210525798058868,1,1,1,"1","RPL13P6"
"CHST11",0.00598382055061779,0.360904523423935,1,1,1,"1","CHST11"
"ZNF793",0.00601733884534224,0.507950157447,1,1,1,"1","ZNF793"
"RP11-61L23.2",0.00602867646638577,0.498361630872859,1,1,1,"1","RP11-61L23.2"
"TSSK3",0.00603485033068462,0.196022908258426,1,1,1,"1","TSSK3"
"ARMCX6",0.00603535106452082,0.385636422336837,1,1,1,"1","ARMCX6"
"SLC16A12",0.00608156941814428,0.758129388661695,1,1,1,"1","SLC16A12"
"HOXB6",0.00609167128166584,0.538250821382341,1,1,1,"1","HOXB6"
"ZSCAN23",0.00609167128166584,0.535413803568408,1,1,1,"1","ZSCAN23"
"AC022498.1",0.0061287891199219,0.547250128659881,1,1,1,"1","AC022498.1"
"EIF5AP4",0.0061318314342586,0.327133927098199,1,1,1,"1","EIF5AP4"
"ALDH2",0.00613893334355717,0.474961380468546,1,1,1,"1","ALDH2"
"TBCK",0.00613893334355717,0.295899926676029,1,1,1,"1","TBCK"
"SLFN13",0.00619106657727628,0.572809950015177,1,1,1,"1","SLFN13"
"DACH2",0.00621448948208045,0.955493880509859,1,1,1,"1","DACH2"
"MB21D2",0.00623657330183398,0.408385850472859,1,1,1,"1","MB21D2"
"ALKBH1",0.00628954591187847,0.413991757944595,1,1,1,"1","ALKBH1"
"ADAD2",0.00630835001051339,1.07675094051833,1,1,1,"1","ADAD2"
"QRFPR",0.006327577962532,0.139246277191258,1,1,1,"1","QRFPR"
"SCARNA21",0.00634292318138227,0.315337061726655,1,1,1,"1","SCARNA21"
"ZBTB1",0.00635021503050863,0.575657483520747,1,1,1,"1","ZBTB1"
"S1PR1",0.00645829073439659,0.410923321609175,1,1,1,"1","S1PR1"
"ZFAND5",0.00645829073439659,0.40409618580555,1,1,1,"1","ZFAND5"
"SLC7A10",0.00649795163498831,0.882529242534199,1,1,1,"1","SLC7A10"
"TRPA1",0.00654842232256035,0.49901569685467,1,1,1,"1","TRPA1"
"TUSC5",0.00655268160237725,2.69222988475447,1,1,1,"1","TUSC5"
"LPCAT2",0.00656766178902427,0.161422835622584,1,1,1,"1","LPCAT2"
"FAM193A",0.00656801835980861,0.186190969157419,1,1,1,"1","FAM193A"
"IPO9",0.00656801835980861,0.346856979637771,1,1,1,"1","IPO9"
"LIMA1",0.00656801835980861,0.469155553405656,1,1,1,"1","LIMA1"
"ZNF610",0.00664658744007226,0.222286302159452,1,1,1,"1","ZNF610"
"TAS2R5",0.00665956572395799,0.785923070816361,1,1,1,"1","TAS2R5"
"RP11-16E12.2",0.00666469052005233,1.02145918398204,1,1,1,"1","RP11-16E12.2"
"C10orf76",0.00667941970030339,0.187784894755854,1,1,1,"1","C10orf76"
"HIC1",0.00667941970030339,0.783536036215045,1,1,1,"1","HIC1"
"NEU3",0.00667941970030339,0.805648637678878,1,1,1,"1","NEU3"
"RP11-466H18.1",0.00667941970030339,2.20385131703029,1,1,1,"1","RP11-466H18.1"
"ACTG1P10",0.00670978190574843,0.458504821670282,1,1,1,"1","ACTG1P10"
"HOXC8",0.00675095111123498,0.709460764211785,1,1,1,"1","HOXC8"
"NANOS3",0.00675983924561857,0.703587913598971,1,1,1,"1","NANOS3"
"EMILIN2",0.00679251677723404,0.913296269444229,1,1,1,"1","EMILIN2"
"CTD-3236F5.1",0.00682339465102114,0.760026722125659,1,1,1,"1","CTD-3236F5.1"
"PIGZ",0.00683452073818592,0.498515650278121,1,1,1,"1","PIGZ"
"PRKACA",0.0068496160623722,0.384935600664473,1,1,1,"1","PRKACA"
"RPA4",0.00685552343022101,0.648001440418176,1,1,1,"1","RPA4"
"CEL",0.00688695391165877,0.683653916897731,1,1,1,"1","CEL"
"ZSCAN18",0.00690214170924519,1.06607378373524,1,1,1,"1","ZSCAN18"
"MAGEA3",0.00690645238423742,1.56365072231195,1,1,1,"1","MAGEA3"
"CERS5",0.00690733184115415,0.409703025388584,1,1,1,"1","CERS5"
"SP2",0.00696529733220615,0.308847277008343,1,1,1,"1","SP2"
"AC019181.3",0.00699649441125394,0.549742224388522,1,1,1,"1","AC019181.3"
"VGLL3",0.00702200932381518,0.473860891873152,1,1,1,"1","VGLL3"
"HDAC8",0.00702379346445718,1.46636480667226,1,1,1,"1","HDAC8"
"FRS3",0.00707488768259597,1.2244733684339,1,1,1,"1","FRS3"
"SPATA6",0.00708273038527574,0.442140108783542,1,1,1,"1","SPATA6"
"NGFR",0.00713079513098492,0.366784132900522,1,1,1,"1","NGFR"
"C1QTNF1",0.00713687978045363,0.152473847298342,1,1,1,"1","C1QTNF1"
"MXI1",0.00714125480730038,0.156869346818571,1,1,1,"1","MXI1"
"RPF1",0.00714182556686801,0.687929951093324,1,1,1,"1","RPF1"
"ADAM15",0.0071422060865654,0.351752632652236,1,1,1,"1","ADAM15"
"TXNDC17",0.0071422060865654,0.263454695433296,1,1,1,"1","TXNDC17"
"USP4",0.0071422060865654,0.303266304867272,1,1,1,"1","USP4"
"RP11-421N8.1",0.00718803781364723,1.03973268426532,1,1,1,"1","RP11-421N8.1"
"RPS14P4",0.00721148604842731,0.556309973095448,1,1,1,"1","RPS14P4"
"RP11-117N2.2",0.00722727811608262,0.570153989432846,1,1,1,"1","RP11-117N2.2"
"RPL5P12",0.00725691548623106,1.51763317669962,1,1,1,"1","RPL5P12"
"KLHL23",0.00726038374318198,0.541191833515288,1,1,1,"1","KLHL23"
"RAG1",0.00726038374318198,0.697326827662446,1,1,1,"1","RAG1"
"KHDRBS3",0.0072613473019582,0.419909870760478,1,1,1,"1","KHDRBS3"
"FUT11",0.00726192546937606,0.17639464155439,1,1,1,"1","FUT11"
"KDR",0.00726231092771781,0.926633915714234,1,1,1,"1","KDR"
"KLF1",0.00731051932553815,1.39913342776023,1,1,1,"1","KLF1"
"ATXN7L1",0.00732294339352388,0.650436050043155,1,1,1,"1","ATXN7L1"
"FAM212A",0.00738080902962819,0.664213105415662,1,1,1,"1","FAM212A"
"CYP1B1",0.00738227294927892,0.454887646884217,1,1,1,"1","CYP1B1"
"GNG11",0.00738422507794073,0.579299143601496,1,1,1,"1","GNG11"
"VWA5B2",0.00739569725759479,0.514301488265259,1,1,1,"1","VWA5B2"
"TPM3P8",0.00740123801021496,0.301440627406723,1,1,1,"1","TPM3P8"
"PDCL3P3",0.00740341222832557,1.52049748898001,1,1,1,"1","PDCL3P3"
"TRIM32",0.00744488557109564,0.362851001172587,1,1,1,"1","TRIM32"
"RP11-673E1.3",0.00746305486314928,0.563031848739792,1,1,1,"1","RP11-673E1.3"
"AC003080.4",0.00749815621695656,0.316087047571999,1,1,1,"1","AC003080.4"
"ZNF132",0.0075024361254463,0.45164352433757,1,1,1,"1","ZNF132"
"NICN1",0.00750599462885787,0.472567815816133,1,1,1,"1","NICN1"
"PDGFA",0.00750797195461661,0.345756872279361,1,1,1,"1","PDGFA"
"OTUD7A",0.00754210861636309,0.792172231323443,1,1,1,"1","OTUD7A"
"TP73-AS1",0.00762796812304816,1.50152254342515,1,1,1,"1","TP73-AS1"
"MGST1",0.00763007053123788,0.296926332318783,1,1,1,"1","MGST1"
"ZNF211",0.00763257378990411,0.613708531287793,1,1,1,"1","ZNF211"
"TTLL11",0.00763317463534672,0.267263699740898,1,1,1,"1","TTLL11"
"PIK3IP1",0.0077590302609705,0.331892609202667,1,1,1,"1","PIK3IP1"
"BTBD19",0.00776065302672898,0.110821522121265,1,1,1,"1","BTBD19"
"EMP1",0.00776095731483338,0.391944702269708,1,1,1,"1","EMP1"
"CTD-2206G10.1",0.00777913851524418,0.403090279024886,1,1,1,"1","CTD-2206G10.1"
"FAM162B",0.00780684900789957,0.457138005615915,1,1,1,"1","FAM162B"
"PLEKHA8",0.00782541106932466,0.344224741624808,1,1,1,"1","PLEKHA8"
"SH3TC2",0.00782541106932466,0.235984322092779,1,1,1,"1","SH3TC2"
"ARIH2",0.00789044668736565,0.325257981953794,1,1,1,"1","ARIH2"
"SMARCC2",0.00789044668736565,0.257352596429872,1,1,1,"1","SMARCC2"
"POM121L9P",0.00793881357344391,0.613695014291098,1,1,1,"1","POM121L9P"
"HSPA8P4",0.00799465874244509,0.363649088748847,1,1,1,"1","HSPA8P4"
"SRGAP2B",0.00802176341330969,0.11915744397389,1,1,1,"1","SRGAP2B"
"ULBP1",0.00803284549758877,0.412490154055527,1,1,1,"1","ULBP1"
"SPOCK3",0.00804867380200399,0.550718156910392,1,1,1,"1","SPOCK3"
"TMEM200A",0.00813765783633991,0.419890084917212,1,1,1,"1","TMEM200A"
"BAI2",0.00814239478486753,0.725516890530432,1,1,1,"1","BAI2"
"SNRPGP10",0.00814239478486753,1.17575945107209,1,1,1,"1","SNRPGP10"
"C2orf40",0.00814898791519712,0.940923092461265,1,1,1,"1","C2orf40"
"DET1",0.00815292638581945,0.58435093620048,1,1,1,"1","DET1"
"PBX2",0.00815503354153766,0.309546717749784,1,1,1,"1","PBX2"
"ZSCAN1",0.00816739567372393,0.625344678583046,1,1,1,"1","ZSCAN1"
"SPATA31C2",0.00817987441728763,3.36582539435714,1,1,1,"1","SPATA31C2"
"RP11-313F23.5",0.00827062157588324,0.160977195498852,1,1,1,"1","RP11-313F23.5"
"NXT2",0.008277482731218,0.358350625543435,1,1,1,"1","NXT2"
"SHF",0.00828430771856276,0.176866822807023,1,1,1,"1","SHF"
"GTF2H4",0.00828814803386325,0.329489293072173,1,1,1,"1","GTF2H4"
"ZNF596",0.00828921494908803,0.504576783397878,1,1,1,"1","ZNF596"
"ZNF75D",0.00828985513181613,0.503073076019973,1,1,1,"1","ZNF75D"
"ZNF621",0.00829028193429845,0.334623612987787,1,1,1,"1","ZNF621"
"CA2",0.00835489810089146,1.11604568915369,1,1,1,"1","CA2"
"AC003101.1",0.00838824923095138,0.552839601938135,1,1,1,"1","AC003101.1"
"IKZF4",0.00841845977691055,0.535633395631649,1,1,1,"1","IKZF4"
"ANP32E",0.0084275336992526,1.22441830021785,1,1,1,"1","ANP32E"
"FHL1",0.0084275336992526,0.598847011795545,1,1,1,"1","FHL1"
"RPL7L1P9",0.00844751846385059,0.531476787568506,1,1,1,"1","RPL7L1P9"
"CSPG4P11",0.00848778771087809,0.429953551034369,1,1,1,"1","CSPG4P11"
"NLRP3",0.00849583146926365,1.82244751892518,1,1,1,"1","NLRP3"
"ZNF611",0.00849681002763336,0.443075300833705,1,1,1,"1","ZNF611"
"FAM194A",0.00856251724862838,1.49414094966783,1,1,1,"1","FAM194A"
"RSU1",0.00856681419075745,0.307566478715291,1,1,1,"1","RSU1"
"ZFP36L1",0.00856681419075745,0.487212746874622,1,1,1,"1","ZFP36L1"
"HERC2P4",0.00863612220706542,0.322721140648392,1,1,1,"1","HERC2P4"
"MICU3",0.00868379176249305,0.593669615638799,1,1,1,"1","MICU3"
"AF186192.5",0.0087052288809737,0.657547704098006,1,1,1,"1","AF186192.5"
"PCDHGA5",0.00870593329435358,0.957737212334012,1,1,1,"1","PCDHGA5"
"PRICKLE2",0.00870593329435358,0.327218961157802,1,1,1,"1","PRICKLE2"
"DAGLA",0.00870770584504435,0.562180500923249,1,1,1,"1","DAGLA"
"EFCAB13",0.00870770584504435,0.191049113204716,1,1,1,"1","EFCAB13"
"DDX17",0.00870814901114053,0.400978527476568,1,1,1,"1","DDX17"
"METAP2",0.00870814901114053,0.39437038361018,1,1,1,"1","METAP2"
"RBM6",0.00870814901114053,0.392255347001889,1,1,1,"1","RBM6"
"QPRT",0.00874773889627058,0.703277648311198,1,1,1,"1","QPRT"
"CAPN5",0.00877848003521185,0.195047221669736,1,1,1,"1","CAPN5"
"MAP3K10",0.00877948337746903,0.341714150541916,1,1,1,"1","MAP3K10"
"SLC1A2",0.00881501215921282,0.41176488870785,1,1,1,"1","SLC1A2"
"RHOT1P2",0.00884817206339007,1.542380566806,1,1,1,"1","RHOT1P2"
"ANKS1A",0.00885156401196075,0.524586246959945,1,1,1,"1","ANKS1A"
"CBLB",0.00885156401196075,0.39294936340686,1,1,1,"1","CBLB"
"GALNT7",0.00885156401196075,0.400857708835904,1,1,1,"1","GALNT7"
"AC007276.5",0.00892001226110672,0.326910338967087,1,1,1,"1","AC007276.5"
"CTA-351J1.1",0.00896462881844196,0.469990859422762,1,1,1,"1","CTA-351J1.1"
"ALMS1",0.00899708529525708,0.440139327627648,1,1,1,"1","ALMS1"
"DDX56",0.00899708529525708,0.307167918141214,1,1,1,"1","DDX56"
"MCC",0.00899708529525708,0.48710085320573,1,1,1,"1","MCC"
"RASGRP2",0.00899708529525708,0.555781836196626,1,1,1,"1","RASGRP2"
"CIDEC",0.0091425328729818,2.70095329942883,1,1,1,"1","CIDEC"
"MSR1",0.00914427920480983,0.959006426118874,1,1,1,"1","MSR1"
"RP11-253E3.1",0.00914462421120918,0.940523435768579,1,1,1,"1","RP11-253E3.1"
"ABCG4",0.00916228817939665,1.14787084070312,1,1,1,"1","ABCG4"
"LIX1L",0.00929443594301172,0.765299229674643,1,1,1,"1","LIX1L"
"TTLL5",0.0092945523772352,0.296869000953293,1,1,1,"1","TTLL5"
"ACSS3",0.00936043859973577,0.616952495773432,1,1,1,"1","ACSS3"
"SLC7A3",0.00938279146459428,0.513908413233219,1,1,1,"1","SLC7A3"
"RDH5",0.00943995156976222,1.70239782427871,1,1,1,"1","RDH5"
"ENPP1",0.00944419421227905,0.427004292830018,1,1,1,"1","ENPP1"
"ZNF93",0.0094453728914777,0.414005617424845,1,1,1,"1","ZNF93"
"EIF4A2P2",0.00944560416193952,0.636772102992618,1,1,1,"1","EIF4A2P2"
"CPXM1",0.00944608013392828,0.54703686381897,1,1,1,"1","CPXM1"
"COL6A2",0.00944655164344975,0.48378356372319,1,1,1,"1","COL6A2"
"SIRT1",0.00944655164344975,0.411652089631096,1,1,1,"1","SIRT1"
"LRMP",0.00951341919194467,0.459162206075598,1,1,1,"1","LRMP"
"DZIP1",0.00952219350493193,0.460602059732821,1,1,1,"1","DZIP1"
"OPRL1",0.0095666637255919,0.836754869063583,1,1,1,"1","OPRL1"
"GALR1",0.0095824295603796,1.06922145415703,1,1,1,"1","GALR1"
"COL8A1",0.00959408241798024,0.398320093008049,1,1,1,"1","COL8A1"
"ZNF709",0.00959658779116657,0.337680316860739,1,1,1,"1","ZNF709"
"B3GALNT1",0.00959837754084021,1.12075563063747,1,1,1,"1","B3GALNT1"
"C7orf26",0.00960076412960923,0.401474382796362,1,1,1,"1","C7orf26"
"CYTH2",0.00960076412960923,0.26755298018362,1,1,1,"1","CYTH2"
"EHMT1",0.00960076412960923,0.318114046005789,1,1,1,"1","EHMT1"
"VAV2",0.00967858880360373,0.210748003062397,1,1,1,"1","VAV2"
"CTD-2368P22.1",0.00973065713711656,0.42381226634881,1,1,1,"1","CTD-2368P22.1"
"RUSC1-AS1",0.00974272548951075,0.421524853802534,1,1,1,"1","RUSC1-AS1"
"MIR497HG",0.00974707189470821,0.496871685089548,1,1,1,"1","MIR497HG"
"RAD1",0.00975045309018245,0.139985542392518,1,1,1,"1","RAD1"
"COL3A1",0.00975721720841662,1.03109568076773,1,1,1,"1","COL3A1"
"FAM120C",0.00975721720841662,0.668424309778832,1,1,1,"1","FAM120C"
"RPS6KC1",0.00975721720841662,0.353384269338349,1,1,1,"1","RPS6KC1"
"C17orf80",0.00983507713754131,0.409942434393244,1,1,1,"1","C17orf80"
"NUAK1",0.00983507713754131,0.49154600975459,1,1,1,"1","NUAK1"
"RP11-347I19.8",0.00990126856365373,2.08947665752828,1,1,1,"1","RP11-347I19.8"
"ANGPTL2",0.00991593851026188,0.247913088267937,1,1,1,"1","ANGPTL2"
"CMAS",0.00991593851026188,0.322876629878495,1,1,1,"1","CMAS"
"TMPO",0.00991593851026188,0.49907575797668,1,1,1,"1","TMPO"
"GPR180",0.00999492806990473,0.31882521707897,1,1,1,"1","GPR180"
"UTP14C",0.00999603540872316,0.238539030062713,1,1,1,"1","UTP14C"
"ST6GALNAC5",1.24618726761389e-09,3.46896777023569,1,1,2.64490785678371e-05,"5","ST6GALNAC5"
"ODAM",2.66347290463025e-08,3.60001617041887,1,1,0.000565295489278725,"5","ODAM"
"PTGS2",7.04678686160913e-08,4.70678581405506,1,1,0.00149561004350792,"5","PTGS2"
"C7",1.24829178004553e-07,3.14598353571144,1,1,0.00264937447396864,"5","C7"
"WFDC2",1.92437377442788e-07,4.5664003680329,1,1,0.00408429089884573,"5","WFDC2"
"SERPINA1",4.25995354357746e-07,3.62450304393718,1,1,0.00904132540088881,"5","SERPINA1"
"MATN3",4.55607320680898e-07,2.66890333471192,1,1,0.00966980977413137,"5","MATN3"
"SLC11A1",5.13507696356036e-07,3.43061093752484,1,1,0.0108986873474605,"5","SLC11A1"
"KYNU",5.34688049626423e-07,1.26507429788971,1,1,0.0113482191652712,"5","KYNU"
"RGS2",5.79841657347888e-07,2.32580230389559,1,1,0.0123065593355516,"5","RGS2"
"VNN3",6.09863760139789e-07,3.19352648462509,1,1,0.0129437484452069,"5","VNN3"
"OLR1",7.15469129919136e-07,2.79259355465987,1,1,0.0151851168134038,"5","OLR1"
"CXCL3",7.37883489086152e-07,0.786506984410378,1,1,0.0156608391723645,"5","CXCL3"
"IGKV1-9",9.43294230156236e-07,6.54322895105584,1,1,0.0200204767408359,"5","IGKV1-9"
"PTPRD",1.02277307559255e-06,3.34707653071929,1,1,0.0217073357563762,"5","PTPRD"
"GALNT5",1.0519242751209e-06,2.77495171515973,1,1,0.0223260408151661,"5","GALNT5"
"C4B",1.10487913243367e-06,3.09168521659306,1,1,0.0234499547067722,"5","C4B"
"GALNTL6",1.21361207672868e-06,1.78519749594922,1,1,0.0257577027164895,"5","GALNTL6"
"FAM46C",1.27432940545541e-06,1.08447456907236,1,1,0.0270463673013857,"5","FAM46C"
"TSPAN1",1.42186911576862e-06,4.61299486380907,1,1,0.0301777501130732,"5","TSPAN1"
"SULT1B1",1.47963975431048e-06,2.68385107912291,1,1,0.0314038741454856,"5","SULT1B1"
"NCAM1",1.58837901464059e-06,2.67115295420526,1,1,0.0337117562067318,"5","NCAM1"
"NCR3LG1",1.70027067826205e-06,0.978169047768574,1,1,0.0360865448754336,"5","NCR3LG1"
"FPR1",1.70550629548214e-06,2.85351994636435,1,1,0.036197665615313,"5","FPR1"
"RSPO3",1.70994694359575e-06,1.53698958408735,1,1,0.0362919139308762,"5","RSPO3"
"ALPL",1.71912782449678e-06,1.60779835815292,1,1,0.0364867689471197,"5","ALPL"
"THBS1",1.72481890524716e-06,1.9204619218664,1,1,0.0366075564449657,"5","THBS1"
"ANXA3",1.7778717263959e-06,2.45145262170528,1,1,0.0377335495210266,"5","ANXA3"
"HSH2D",1.7778717263959e-06,1.63723425799607,1,1,0.0377335495210266,"5","HSH2D"
"MLPH",1.91667462206432e-06,3.35555826848557,1,1,0.0406795021786931,"5","MLPH"
"GADD45B",1.92491482275784e-06,1.88833567587669,1,1,0.0408543921982124,"5","GADD45B"
"PLS1",1.95438873148047e-06,2.11401173490816,1,1,0.0414799464369415,"5","PLS1"
"CSF3R",1.99592027091277e-06,3.38558298109923,1,1,0.0423614118298527,"5","CSF3R"
"C4A",1.99747248483979e-06,1.91578290528673,1,1,0.0423943560182397,"5","C4A"
"CXCL2",2.11883629473134e-06,1.96545496783702,1,1,0.044970181519378,"5","CXCL2"
"IGLV1-41",2.16933249024584e-06,3.45534502687014,1,1,0.0460419127729777,"5","IGLV1-41"
"KCNMA1",2.3095013898568e-06,2.40099266066803,1,1,0.0490168574983207,"5","KCNMA1"
"FUT8",2.48352433502931e-06,1.44562058759886,1,1,0.052710320486662,"5","FUT8"
"COL8A11",2.66645182527348e-06,1.83224894426127,1,1,0.0565927735396044,"5","COL8A1"
"CXCL1",2.82331191192807e-06,5.07142739977693,1,1,0.0599219720187614,"5","CXCL1"
"PLCH1",2.88742675231496e-06,1.6338752292893,1,1,0.0612827453911326,"5","PLCH1"
"IL6",3.07284962850821e-06,2.53421041822361,1,1,0.0652181605154583,"5","IL6"
"FMO21",3.17993923571938e-06,2.40740681127215,1,1,0.0674910303389082,"5","FMO2"
"MAP3K8",3.19913893448535e-06,1.39748261018056,1,1,0.0678985247455171,"5","MAP3K8"
"OSMR",3.56247933778531e-06,1.67577939798299,1,1,0.0756100614651554,"5","OSMR"
"APOA2",3.67935754614682e-06,1.97972357500368,1,1,0.0780906845594201,"5","APOA2"
"NCAM2",3.76257515836819e-06,2.04207276409447,1,1,0.0798568951612064,"5","NCAM2"
"TNIK",3.82605993093884e-06,1.27304164657017,1,1,0.0812042959742458,"5","TNIK"
"SELP",4.06563751547272e-06,1.66254022813852,1,1,0.086289090628393,"5","SELP"
"MGAM",4.35250495145041e-06,4.18127268147793,1,1,0.0923775650895835,"5","MGAM"
"MAP3K5",4.41054395795401e-06,1.32921685188319,1,1,0.0936093849636159,"5","MAP3K5"
"SAT1",4.41054395795401e-06,1.56116920512595,1,1,0.0936093849636159,"5","SAT1"
"IGLV4-69",4.52454786307282e-06,4.15763440173738,1,1,0.0960290038458574,"5","IGLV4-69"
"EVA1C",4.56616262636233e-06,1.27443454518324,1,1,0.0969122355819141,"5","EVA1C"
"AC012317.1",4.61779118404075e-06,1.56728521187078,1,1,0.0980080000900808,"5","AC012317.1"
"KCNQ5",4.84000702105976e-06,1.70581317872776,1,1,0.102724309014972,"5","KCNQ5"
"FAM157C",5.06455196086596e-06,1.42999965253346,1,1,0.107490050817419,"5","FAM157C"
"FBP1",5.20816042440082e-06,1.69046107176512,1,1,0.110537996847483,"5","FBP1"
"CD55",5.26179197010243e-06,1.56106073857583,1,1,0.111676272773454,"5","CD55"
"SLPI",5.34196376632241e-06,4.28366700829294,1,1,0.113377838976427,"5","SLPI"
"KIF5A",5.36207881553122e-06,2.08061783793181,1,1,0.113804760780835,"5","KIF5A"
"GPRC5A",6.7133708586246e-06,4.86800968009948,1,1,0.142484583103449,"5","GPRC5A"
"WT1-AS",6.88530371625412e-06,1.47326682123062,1,1,0.146133686073777,"5","WT1-AS"
"EPDR1",6.92406932303089e-06,1.16239140453025,1,1,0.146956447312008,"5","EPDR1"
"EFEMP1",6.95941789051855e-06,2.06216883946431,1,1,0.147706685308366,"5","EFEMP1"
"IGKV1D-16",7.33850068038625e-06,0.951861975378328,1,1,0.155752338440518,"5","IGKV1D-16"
"GLUL",7.45941104530578e-06,1.29391631047504,1,1,0.15831854002557,"5","GLUL"
"PLAC8",7.94829754796939e-06,3.15913566715292,1,1,0.168694667158102,"5","PLAC8"
"CSDC2",8.0019247520259e-06,1.22055320776229,1,1,0.169832850936998,"5","CSDC2"
"NR4A3",8.27145132540851e-06,2.5150155924487,1,1,0.17555328293047,"5","NR4A3"
"COLCA1",8.33082957619815e-06,1.60752989224733,1,1,0.17681352692523,"5","COLCA1"
"BAG2",8.55408440785958e-06,1.14385923683989,1,1,0.181551887472412,"5","BAG2"
"TREM1",8.69596481613945e-06,0.636384697843287,1,1,0.184563157257744,"5","TREM1"
"MUC4",8.8610714315231e-06,6.42815031573191,1,1,0.188067380062646,"5","MUC4"
"SOCS3",8.86288650035403e-06,1.92348994441611,1,1,0.188105903083514,"5","SOCS3"
"IGLV1-40",8.92199635602319e-06,3.09953481862487,1,1,0.189360450660236,"5","IGLV1-40"
"EMR3",9.55665686568319e-06,1.43672547207302,1,1,0.20283048531726,"5","EMR3"
"CCDC68",1.00114964578995e-05,2.12785896190347,1,1,0.212484000822458,"5","CCDC68"
"ANO5",1.00912723582233e-05,3.82691003692453,1,1,0.214177164530932,"5","ANO5"
"GPC4",1.04898366305331e-05,1.55992302803262,1,1,0.222636292646434,"5","GPC4"
"TRIB1",1.05194859478929e-05,1.42898971201475,1,1,0.223265569758078,"5","TRIB1"
"TCEAL2",1.05207687467482e-05,2.15860029712172,1,1,0.223292795880984,"5","TCEAL2"
"SMR3B",1.10867180368456e-05,9.71849425514929,1,1,0.23530450361401,"5","SMR3B"
"IGHV3-20",1.11728535476768e-05,1.82142670268933,1,1,0.237132643695891,"5","IGHV3-20"
"SLAIN1",1.11786104658856e-05,1.56833384021665,1,1,0.237254828527957,"5","SLAIN1"
"TBXAS1",1.1260677729038e-05,1.47648618806446,1,1,0.238996624121102,"5","TBXAS1"
"PLXNC1",1.12610535761794e-05,1.13881960700753,1,1,0.239004601100832,"5","PLXNC1"
"ZFP36",1.12610535761794e-05,1.7575702065005,1,1,0.239004601100832,"5","ZFP36"
"SYTL3",1.16286112039233e-05,1.5840843090257,1,1,0.246805644192069,"5","SYTL3"
"IGKV2D-28",1.16855944939326e-05,2.68581905016315,1,1,0.248015057539226,"5","IGKV2D-28"
"IGLV2-11",1.1830218989502e-05,2.05328916668278,1,1,0.251084567833191,"5","IGLV2-11"
"C16orf89",1.22800840991088e-05,2.61089887673292,1,1,0.260632504919484,"5","C16orf89"
"IGLV1-51",1.23183770195442e-05,4.18432651411832,1,1,0.261445233862807,"5","IGLV1-51"
"ICAM5",1.27426629439526e-05,1.42229939660345,1,1,0.270450278322451,"5","ICAM5"
"FCRL5",1.40588781651403e-05,1.79065610485552,1,1,0.298385630176938,"5","FCRL5"
"ICAM1",1.42648002794066e-05,1.71947601949685,1,1,0.302756121130125,"5","ICAM1"
"NFKBIZ",1.42694553687534e-05,1.65869062332297,1,1,0.302854920746422,"5","NFKBIZ"
"IGHV2-5",1.44048009270306e-05,6.63136312740768,1,1,0.305727494875298,"5","IGHV2-5"
"CEACAM4",1.45142384852651e-05,1.76651444522371,1,1,0.308050197611267,"5","CEACAM4"
"ALCAM",1.52510757699079e-05,1.74312844049308,1,1,0.323688832140525,"5","ALCAM"
"IGHV3-43",1.5575277765691e-05,1.85923518774696,1,1,0.330569695299026,"5","IGHV3-43"
"SOHLH2",1.59306583307882e-05,0.465299944153003,1,1,0.338112292412649,"5","SOHLH2"
"STEAP2",1.62885469103604e-05,1.826149573326,1,1,0.345708119625489,"5","STEAP2"
"SERPINB1",1.63126986462974e-05,1.47806541977404,1,1,0.346220716069016,"5","SERPINB1"
"FRMPD3",1.65886149441165e-05,1.23173347080713,1,1,0.352076763573928,"5","FRMPD3"
"HS3ST2",1.71920349128695e-05,1.57901530811409,1,1,0.364883748990742,"5","HS3ST2"
"IGKV1D-27",1.73871748233389e-05,2.12658036070373,1,1,0.369025398450545,"5","IGKV1D-27"
"LETM2",1.9240046987726e-05,2.05890481257982,1,1,0.408350757267497,"5","LETM2"
"NR4A2",1.9268108509489e-05,2.34577153059167,1,1,0.408946335005394,"5","NR4A2"
"IGLV1-44",1.93152171047722e-05,3.58304302129869,1,1,0.409946167831685,"5","IGLV1-44"
"SLC4A41",1.98885284643122e-05,2.44472157257588,1,1,0.422114128126563,"5","SLC4A4"
"MSI2",1.99017229904595e-05,1.08847477947187,1,1,0.422394168749512,"5","MSI2"
"BHLHE40",1.992372933694e-05,1.25717617193277,1,1,0.422861231447214,"5","BHLHE40"
"CFB",1.992372933694e-05,1.23927376826677,1,1,0.422861231447214,"5","CFB"
"NUCB2",1.992372933694e-05,1.4437141997335,1,1,0.422861231447214,"5","NUCB2"
"ZCCHC12",2.01249700720813e-05,0.817085599523569,1,1,0.427132364809854,"5","ZCCHC12"
"CYP21A1P",2.03962315952183e-05,0.645295176212676,1,1,0.432889619376912,"5","CYP21A1P"
"ARNT2",2.04873491113776e-05,1.27151804905793,1,1,0.434823497539877,"5","ARNT2"
"MYEF2",2.04873491113776e-05,1.89789880861014,1,1,0.434823497539877,"5","MYEF2"
"CEBPD",2.05810977629315e-05,1.59693928222404,1,1,0.436813218920457,"5","CEBPD"
"SORL1",2.05940553182449e-05,1.65866224172025,1,1,0.43708823007443,"5","SORL1"
"IGJ",2.12484612170062e-05,2.79214603209603,1,1,0.45097734086974,"5","IGJ"
"IGLV5-45",2.13099426540851e-05,1.39470415082982,1,1,0.452282222890302,"5","IGLV5-45"
"IGHV3-53",2.16591198615766e-05,1.81763388359818,1,1,0.459693159942101,"5","IGHV3-53"
"COL4A3",2.19927940670546e-05,3.79203774519225,1,1,0.466775061279168,"5","COL4A3"
"KIAA1244",2.19927940670546e-05,2.04788296422258,1,1,0.466775061279168,"5","KIAA1244"
"IGHA1",2.19969194499784e-05,3.26121013404913,1,1,0.466862618406341,"5","IGHA1"
"TMEM59L",2.29723623399147e-05,1.02647346524923,1,1,0.48756541830235,"5","TMEM59L"
"BMP5",2.32869238246305e-05,3.24302528206674,1,1,0.494241671253959,"5","BMP5"
"NKX2-1",2.34591699814236e-05,5.37099778703505,1,1,0.497897423685735,"5","NKX2-1"
"NCF2",2.34963042024755e-05,1.23668013547582,1,1,0.49868556039334,"5","NCF2"
"CR1",2.42654498162658e-05,1.21878876178835,1,1,0.515009906900424,"5","CR1"
"BAMBI",2.45676256763668e-05,2.98921042110117,1,1,0.521423287355208,"5","BAMBI"
"CD38",2.56353322641341e-05,1.50861893266503,1,1,0.544084291973982,"5","CD38"
"FGFRL1",2.59209456862941e-05,0.805613365622822,1,1,0.550146151245905,"5","FGFRL1"
"SRGN",2.59233363119809e-05,3.39040697009149,1,1,0.550196889885482,"5","SRGN"
"HPD",2.63958980147242e-05,0.756550428971071,1,1,0.560226539464506,"5","HPD"
"DCC",2.6567289525659e-05,3.06703315018358,1,1,0.563864152892586,"5","DCC"
"IGHV3-13",2.66300998327699e-05,3.94882253398297,1,1,0.565197238850708,"5","IGHV3-13"
"PTPRO",2.66499931706914e-05,1.43906810273793,1,1,0.565619455054755,"5","PTPRO"
"LITAF",2.67843065869357e-05,1.52422791900712,1,1,0.568470123001123,"5","LITAF"
"EGR1",2.67851272065265e-05,1.53746148124858,1,1,0.568487539831318,"5","EGR1"
"RXFP1",2.68383371808505e-05,3.00161272308538,1,1,0.56961686832637,"5","RXFP1"
"CRTAC1",2.72908986796594e-05,1.76137176300923,1,1,0.57922203357709,"5","CRTAC1"
"ALDH1A3",2.76563737450661e-05,2.16534170134682,1,1,0.586978876365284,"5","ALDH1A3"
"IGHA21",2.85719697268292e-05,2.13718074769511,1,1,0.606411485482222,"5","IGHA2"
"CDKL2",2.86866552598902e-05,2.60637772078765,1,1,0.608845571235909,"5","CDKL2"
"RYR2",2.95163344058715e-05,1.97857722601676,1,1,0.626454681430217,"5","RYR2"
"GSTA1",2.9907434897625e-05,4.31691554941276,1,1,0.634755398267193,"5","GSTA1"
"SYDE2",3.04764947425614e-05,1.72407220467514,1,1,0.646833124416122,"5","SYDE2"
"IGKV6-21",3.1173368616748e-05,1.32035582563196,1,1,0.66162357552186,"5","IGKV6-21"
"WDR65",3.21079374469946e-05,2.74959900426794,1,1,0.681458864375013,"5","WDR65"
"ADAMTS1",3.25502053943444e-05,2.67623597532096,1,1,0.690845559289565,"5","ADAMTS1"
"BEST1",3.35626680627205e-05,1.90035622270937,1,1,0.712334066963179,"5","BEST1"
"RGS1",3.57976473065835e-05,1.61934109172616,1,1,0.759769266434929,"5","RGS1"
"PSTPIP2",3.58200011065349e-05,1.40062529690519,1,1,0.760243703485097,"5","PSTPIP2"
"CLC",3.61894351229542e-05,3.36465776587033,1,1,0.76808457104958,"5","CLC"
"RPL17P26",3.62901991414784e-05,0.825021540545482,1,1,0.770223186578738,"5","RPL17P26"
"SERPINA3",3.67881689528447e-05,2.78668250864778,1,1,0.780792097855177,"5","SERPINA3"
"PIP5K1B",3.684821663592e-05,2.2327577367571,1,1,0.782066549880767,"5","PIP5K1B"
"HAS1",3.80490380237803e-05,1.8331115260776,1,1,0.807552783016712,"5","HAS1"
"IGHV3-11",3.81751012128126e-05,2.72722813958463,1,1,0.810228348140735,"5","IGHV3-11"
"SLC2A3",3.82366376635532e-05,1.22430952169749,1,1,0.811534397771252,"5","SLC2A3"
"VMP1",4.07653634236381e-05,0.789332592484516,1,1,0.865204073303296,"5","VMP1"
"FGF9",4.10432987472824e-05,1.14103646693717,1,1,0.871102972612322,"5","FGF9"
"IGKV1D-39",4.12613720592413e-05,2.49606860553011,1,1,0.875731360585337,"5","IGKV1D-39"
"DNAJC1",4.20884683112647e-05,0.347232378279982,1,1,0.893285651438282,"5","DNAJC1"
"GPR142",4.22256374501626e-05,0.69079246959995,1,1,0.896196929242251,"5","GPR142"
"HTRA4",4.24295105056451e-05,1.55470175258478,1,1,0.900523930971811,"5","HTRA4"
"AREG",4.25986809211243e-05,2.1958218526213,1,1,0.904114403869941,"5","AREG"
"KCNH21",4.25986809211243e-05,0.797275952334608,1,1,0.904114403869941,"5","KCNH2"
"ARSJ",4.33814534187367e-05,1.3166164169905,1,1,0.920727967359267,"5","ARSJ"
"DSTN",4.34522485798964e-05,1.25519113387557,1,1,0.922230523859721,"5","DSTN"
"FOSB",4.34522485798964e-05,2.20775662157584,1,1,0.922230523859721,"5","FOSB"
"NR4A1",4.48578778593406e-05,2.20447195879962,1,1,0.952063599686644,"5","NR4A1"
"VNN2",4.5224051920278e-05,1.85145297235101,1,1,0.959835277955981,"5","VNN2"
"PTPN22",4.62597207764674e-05,1.19690537775442,1,1,0.981816313759745,"5","PTPN22"
"CHIAP2",4.70835654013767e-05,2.78770655581464,1,1,0.999301592078818,"5","CHIAP2"
"DDAH1",4.77719974711754e-05,0.861855021386722,1,1,1,"5","DDAH1"
"IGLV3-10",4.78292638257395e-05,7.00293958191596,1,1,1,"5","IGLV3-10"
"AREGB",4.85301715648363e-05,0.870789144383638,1,1,1,"5","AREGB"
"LIF",4.85496934512087e-05,0.66484859344224,1,1,1,"5","LIF"
"NOS1AP",4.86967647665502e-05,0.590249293000216,1,1,1,"5","NOS1AP"
"DLEC1",4.93239065334117e-05,4.61805386835799,1,1,1,"5","DLEC1"
"RP11-701P16.2",5.03175385141668e-05,1.37552026140435,1,1,1,"5","RP11-701P16.2"
"LRRC6",5.07488550032139e-05,0.985231178042602,1,1,1,"5","LRRC6"
"BMP3",5.08910688684075e-05,1.70063228782931,1,1,1,"5","BMP3"
"CYTIP",5.08943366541034e-05,1.4588247651211,1,1,1,"5","CYTIP"
"MARC21",5.08943366541034e-05,0.831183056835339,1,1,1,"5","MARC2"
"PDE4D",5.09089025665383e-05,1.16312868653961,1,1,1,"5","PDE4D"
"PLOD2",5.09220146482576e-05,0.856733101989487,1,1,1,"5","PLOD2"
"BRINP3",5.09959960051382e-05,1.84034730134786,1,1,1,"5","BRINP3"
"PLAT",5.25555768183856e-05,3.25461650979711,1,1,1,"5","PLAT"
"RAD17P1",5.31621166383885e-05,2.08538347418523,1,1,1,"5","RAD17P1"
"IGHV5-51",5.35425009829092e-05,4.61623333092251,1,1,1,"5","IGHV5-51"
"SGMS2",5.4110913468212e-05,1.46015547775653,1,1,1,"5","SGMS2"
"AKAP6",5.41863341784437e-05,4.10014054383712,1,1,1,"5","AKAP6"
"IGKV1-12",5.45342161692473e-05,2.44241291609328,1,1,1,"5","IGKV1-12"
"TSPAN2",5.46925993770022e-05,1.51759984091327,1,1,1,"5","TSPAN2"
"BAI3",5.50922724085789e-05,1.94149503763143,1,1,1,"5","BAI3"
"MAP3K13",5.57133781021979e-05,1.47685647613456,1,1,1,"5","MAP3K13"
"MGAT4A",5.59585751024564e-05,0.874266310644,1,1,1,"5","MGAT4A"
"FOXF1",5.61982990606475e-05,2.21505664291163,1,1,1,"5","FOXF1"
"TENM3",5.76698084541718e-05,1.86219618679503,1,1,1,"5","TENM3"
"DEFA3",5.77094704411311e-05,4.53810420916161,1,1,1,"5","DEFA3"
"RUNX2",5.77447266710938e-05,1.71370968549801,1,1,1,"5","RUNX2"
"IGHV3-49",5.78961550089214e-05,4.65778192653708,1,1,1,"5","IGHV3-49"
"SPOCD1",5.86687266794904e-05,1.17963690936605,1,1,1,"5","SPOCD1"
"KCNJ15",5.95680312350255e-05,2.31328548304641,1,1,1,"5","KCNJ15"
"MCTP2",5.95680312350255e-05,1.32214690318064,1,1,1,"5","MCTP2"
"IGHV3-72",5.97203333176882e-05,0.784373188290287,1,1,1,"5","IGHV3-72"
"TGFB2",6.0057978809604e-05,1.79555065861452,1,1,1,"5","TGFB2"
"MIPOL1",6.12909926162858e-05,0.833366191150841,1,1,1,"5","MIPOL1"
"MROH7",6.1401064262381e-05,1.12106330656681,1,1,1,"5","MROH7"
"HERC5",6.14372146629265e-05,0.901141587875456,1,1,1,"5","HERC5"
"GATA6",6.14906094859927e-05,2.93699572029709,1,1,1,"5","GATA6"
"ADAM9",6.14975017420469e-05,0.704751033131032,1,1,1,"5","ADAM9"
"CLIC6",6.17515423279455e-05,1.99382855537235,1,1,1,"5","CLIC6"
"BST1",6.31586663360561e-05,1.13068196860574,1,1,1,"5","BST1"
"COL4A4",6.33884833182105e-05,2.49510833917261,1,1,1,"5","COL4A4"
"FAM157A",6.34108454738958e-05,1.57561539488078,1,1,1,"5","FAM157A"
"ALOX5",6.34486952626788e-05,1.37081148525046,1,1,1,"5","ALOX5"
"DMBT1",6.49096784997915e-05,7.6208768140337,1,1,1,"5","DMBT1"
"PCSK1",6.51620447495499e-05,0.927107365959069,1,1,1,"5","PCSK1"
"FAM47E-STBD1",6.74290777431193e-05,1.12368854644209,1,1,1,"5","FAM47E-STBD1"
"BIN2",6.75263804552253e-05,1.11372590492788,1,1,1,"5","BIN2"
"PDLIM3",6.75319973592775e-05,2.90029569348406,1,1,1,"5","PDLIM3"
"CLU",6.75338697403105e-05,2.15146151385982,1,1,1,"5","CLU"
"IGHV2-26",6.82003116740708e-05,2.81424717755523,1,1,1,"5","IGHV2-26"
"STEAP1",6.87960907525858e-05,1.23041326809413,1,1,1,"5","STEAP1"
"APLP1",6.98746542693761e-05,1.47841892702765,1,1,1,"5","APLP1"
"IGKV2-28",7.04982376633761e-05,3.56995003031252,1,1,1,"5","IGKV2-28"
"SLCO4A1",7.16279738075547e-05,1.28914506821894,1,1,1,"5","SLCO4A1"
"ADAM23",7.17543598486127e-05,1.5254461812407,1,1,1,"5","ADAM23"
"FAM65B",7.18453052629912e-05,1.19553135073965,1,1,1,"5","FAM65B"
"PRUNE2",7.18571742136843e-05,2.64310566981552,1,1,1,"5","PRUNE2"
"CYR61",7.18650876817107e-05,1.92974803537886,1,1,1,"5","CYR61"
"IGLV3-25",7.23165740049796e-05,2.78998859255648,1,1,1,"5","IGLV3-25"
"SLC15A2",7.35481389433379e-05,2.71275211602637,1,1,1,"5","SLC15A2"
"FCGR2A",7.4107652011511e-05,1.39611226422275,1,1,1,"5","FCGR2A"
"PTPRJ",7.41259516643577e-05,0.924425504854987,1,1,1,"5","PTPRJ"
"NEXN",7.41279851725001e-05,2.08593464598735,1,1,1,"5","NEXN"
"GRIK5",7.57002762966626e-05,1.72379743376271,1,1,1,"5","GRIK5"
"UNC5C1",7.62827482065665e-05,0.332291741377215,1,1,1,"5","UNC5C"
"DNAJB9",7.63411832410889e-05,1.07376087163468,1,1,1,"5","DNAJB9"
"NNMT",7.64497962060695e-05,1.74797938948536,1,1,1,"5","NNMT"
"ERRFI1",7.64560659397866e-05,1.75875613603353,1,1,1,"5","ERRFI1"
"IGHV1-18",7.71195529906068e-05,5.09484862863067,1,1,1,"5","IGHV1-18"
"NCEH1",7.87372532925522e-05,1.13889598255835,1,1,1,"5","NCEH1"
"IGLV3-1",8.05273800100908e-05,4.03031926078611,1,1,1,"5","IGLV3-1"
"IGHV3-15",8.08433238150196e-05,4.70376843128941,1,1,1,"5","IGHV3-15"
"ALDH3B1",8.12042993191337e-05,1.13590204569548,1,1,1,"5","ALDH3B1"
"DGKG",8.28439903072941e-05,2.12920185587726,1,1,1,"5","DGKG"
"TOX",8.28439903072941e-05,1.30325718718703,1,1,1,"5","TOX"
"FGD3",8.36808642532846e-05,0.970918338521233,1,1,1,"5","FGD3"
"RAB3IP",8.3744284904634e-05,0.462223170243838,1,1,1,"5","RAB3IP"
"CYP2C8",8.4603623970171e-05,0.668815621301542,1,1,1,"5","CYP2C8"
"CCDC181",8.49134712639608e-05,1.09186216544228,1,1,1,"5","CCDC181"
"C3orf36",8.52087959598749e-05,0.627641585154413,1,1,1,"5","C3orf36"
"FGG",8.57090781317738e-05,3.4226338210476,1,1,1,"5","FGG"
"PPFIA2",8.64081239662003e-05,1.92786992022838,1,1,1,"5","PPFIA2"
"MAP9",8.64803487342247e-05,0.696085669141945,1,1,1,"5","MAP9"
"CCDC69",8.64896714041234e-05,0.816628222110843,1,1,1,"5","CCDC69"
"CCPG1",8.64896714041234e-05,0.972375294278667,1,1,1,"5","CCPG1"
"SLC9A7P1",8.7680252984057e-05,0.770981540510169,1,1,1,"5","SLC9A7P1"
"LILRA5",9.08456239744893e-05,1.22649034573521,1,1,1,"5","LILRA5"
"FGF7",9.18222711512448e-05,1.48227660719316,1,1,1,"5","FGF7"
"SPI1",9.19501382895295e-05,1.0361237877521,1,1,1,"5","SPI1"
"SMAD9",9.42612629576451e-05,1.59953572572146,1,1,1,"5","SMAD9"
"FN3K",9.48136164372746e-05,0.816662224721096,1,1,1,"5","FN3K"
"LRRK2",9.48161442159691e-05,4.03372529908332,1,1,1,"5","LRRK2"
"EYA4",9.67365351321965e-05,2.08347317676305,1,1,1,"5","EYA4"
"CYP2U1",9.6814148623778e-05,1.0131341159359,1,1,1,"5","CYP2U1"
"FCAR",9.99694657550671e-05,3.11847083319257,1,1,1,"5","FCAR"
"RGS18",0.000100196059178718,1.72302848364115,1,1,1,"5","RGS18"
"RARRES2",0.000100728289705011,1.04719583749241,1,1,1,"5","RARRES2"
"DNAH5",0.000100754957270578,5.23423756221684,1,1,1,"5","DNAH5"
"PLCE1",0.000100781630178154,1.4379215791796,1,1,1,"5","PLCE1"
"PTGIS",0.000100781630178154,2.82512274381531,1,1,1,"5","PTGIS"
"IGKV1-27",0.000103232332584807,3.23791159094188,1,1,1,"5","IGKV1-27"
"SSX2IP",0.000103840784614569,1.08274617237754,1,1,1,"5","SSX2IP"
"LYZ",0.000103892834982212,5.59360640467612,1,1,1,"5","LYZ"
"ENAM",0.000103899142446335,0.802580197595487,1,1,1,"5","ENAM"
"LMO3",0.000104663330450641,2.01529614334008,1,1,1,"5","LMO3"
"HHIP",0.000105532847123508,4.21163773926805,1,1,1,"5","HHIP"
"KMO",0.000105825391382699,1.25613789698235,1,1,1,"5","KMO"
"MT1M",0.000108237155277938,1.37521647001055,1,1,1,"5","MT1M"
"IGKV3-20",0.000109573498893698,4.05258496938407,1,1,1,"5","IGKV3-20"
"MNDA",0.000110155258787035,2.28520206416771,1,1,1,"5","MNDA"
"IGLC3",0.000110340063768098,2.78824491841514,1,1,1,"5","IGLC3"
"SHROOM3",0.000110386301522887,3.42217482746924,1,1,1,"5","SHROOM3"
"KIF19",0.000111388167172127,0.728581586960402,1,1,1,"5","KIF19"
"KCNK3",0.00011287414382025,2.36483947482872,1,1,1,"5","KCNK3"
"NECAB3",0.000112944549409547,1.17351975239134,1,1,1,"5","NECAB3"
"TTLL7",0.000113687319575141,1.41331000394724,1,1,1,"5","TTLL7"
"SLC19A2",0.000113731824441973,2.09873235228911,1,1,1,"5","SLC19A2"
"ENPP4",0.00011466653250717,1.40562718725558,1,1,1,"5","ENPP4"
"FOXA2",0.000115863478449587,4.07770734064531,1,1,1,"5","FOXA2"
"TLE6",0.000118340800634596,1.0286911980637,1,1,1,"5","TLE6"
"C1orf168",0.000118488626836653,2.63526806705023,1,1,1,"5","C1orf168"
"SPEG",0.000120871963237064,3.22928316737414,1,1,1,"5","SPEG"
"APOBEC3H",0.000121968670193289,0.737574652285309,1,1,1,"5","APOBEC3H"
"WIF1",0.000122519522334352,2.97129176641254,1,1,1,"5","WIF1"
"HSPB8",0.000124301240295975,2.51686565832194,1,1,1,"5","HSPB8"
"RP11-512F24.1",0.000124567823881865,1.14526530812047,1,1,1,"5","RP11-512F24.1"
"BMPR1B",0.000126534984453205,2.82474152163541,1,1,1,"5","BMPR1B"
"IGLV2-8",0.000126534984453205,1.91123028033281,1,1,1,"5","IGLV2-8"
"EAF1",0.000128188594947937,0.651044657977737,1,1,1,"5","EAF1"
"CDH11",0.000128373324506996,1.14229067099444,1,1,1,"5","CDH11"
"IGLV3-21",0.000129995500174515,5.02881254868982,1,1,1,"5","IGLV3-21"
"IGKV1D-12",0.000130512564201296,2.70365478192809,1,1,1,"5","IGKV1D-12"
"FAM227B",0.000131055627554194,0.526866746004032,1,1,1,"5","FAM227B"
"A1CF",0.000131316779281667,1.44222241521782,1,1,1,"5","A1CF"
"WT1",0.000132009700045158,0.700142386221083,1,1,1,"5","WT1"
"TAGAP",0.000132095135359097,1.14304647084034,1,1,1,"5","TAGAP"
"CYFIP2",0.000132281409515446,0.980725863255628,1,1,1,"5","CYFIP2"
"PRDM16",0.000135544614261403,2.63240825616575,1,1,1,"5","PRDM16"
"IGKV1-5",0.000135735253532402,3.06578240276378,1,1,1,"5","IGKV1-5"
"NUP210L",0.000135891380234146,1.05800480591057,1,1,1,"5","NUP210L"
"FMOD",0.000136113658409489,1.54388690274088,1,1,1,"5","FMOD"
"BTG2",0.000136238809319266,1.63087428909317,1,1,1,"5","BTG2"
"ZNF385B",0.000138518151267435,2.93337728534503,1,1,1,"5","ZNF385B"
"EDN1",0.000139858680346342,2.00722669961131,1,1,1,"5","EDN1"
"BZRAP1",0.000140147281427924,1.88905352216189,1,1,1,"5","BZRAP1"
"IGLV7-46",0.00014215589198261,2.13682803230089,1,1,1,"5","IGLV7-46"
"KHDRBS2",0.000142527665091933,1.80172078332967,1,1,1,"5","KHDRBS2"
"AATK",0.000144396145185149,1.89511940433441,1,1,1,"5","AATK"
"SLC22A4",0.000144575584018413,1.07612984956406,1,1,1,"5","SLC22A4"
"IGKV1-6",0.000144676913470821,2.58293168568982,1,1,1,"5","IGKV1-6"
"IL7R",0.000144700190327179,1.79277346229452,1,1,1,"5","IL7R"
"HPN",0.000147716848938034,1.54140306515453,1,1,1,"5","HPN"
"PKP2",0.000148461996867763,1.70314439046051,1,1,1,"5","PKP2"
"DNAL1",0.000148766099070719,0.788713048538183,1,1,1,"5","DNAL1"
"SFRP5",0.000151047670154317,1.09184575270801,1,1,1,"5","SFRP5"
"MPO",0.000151546608214507,4.64455569997952,1,1,1,"5","MPO"
"C1QL1",0.000152649104163262,0.912678937904895,1,1,1,"5","C1QL1"
"CEP70",0.000153449400697967,1.33295854060136,1,1,1,"5","CEP70"
"FAT3",0.000153449400697967,2.64316240364547,1,1,1,"5","FAT3"
"IRS2",0.000153569094830986,1.36966411148726,1,1,1,"5","IRS2"
"SULF11",0.000153584544294876,1.46004118638903,1,1,1,"5","SULF1"
"SHISA3",0.00015523894384532,1.60407991186756,1,1,1,"5","SHISA3"
"ANG",0.000156418804701169,0.961371503625882,1,1,1,"5","ANG"
"IGHV3-21",0.000156418804701169,2.83717759010358,1,1,1,"5","IGHV3-21"
"IGHV3-64",0.000156770242368913,0.810123439418513,1,1,1,"5","IGHV3-64"
"KAL1",0.000157993030353655,2.96387246210748,1,1,1,"5","KAL1"
"BMP2",0.000158076209261788,1.05294357531592,1,1,1,"5","BMP2"
"DUSP1",0.000158214913103398,1.78356799781383,1,1,1,"5","DUSP1"
"ITGAX",0.000158214913103398,1.31099551853057,1,1,1,"5","ITGAX"
"PDGFRA",0.000158214913103398,1.18231275956153,1,1,1,"5","PDGFRA"
"IGLV2-14",0.000162488755453577,2.54221762718361,1,1,1,"5","IGLV2-14"
"PDE8B",0.000162895072860054,1.69178446972286,1,1,1,"5","PDE8B"
"ARL6IP5",0.000162972358356402,0.867064773725827,1,1,1,"5","ARL6IP5"
"ASAH1",0.00016297642676799,0.806725840786051,1,1,1,"5","ASAH1"
"ACADL",0.000164491177670412,2.65499980285295,1,1,1,"5","ACADL"
"NKX3-1",0.000166931318408784,0.894673641188465,1,1,1,"5","NKX3-1"
"TMC5",0.000167372070056652,3.08227144216397,1,1,1,"5","TMC5"
"C5AR1",0.000167638845255892,1.20717482889609,1,1,1,"5","C5AR1"
"SLC1A1",0.000167726449526338,1.67726848599961,1,1,1,"5","SLC1A1"
"F5",0.000167855832146227,2.0852021428036,1,1,1,"5","F5"
"PTPN1",0.000167868356970701,0.201618216287457,1,1,1,"5","PTPN1"
"SLN",0.000169654631241257,2.13734886190424,1,1,1,"5","SLN"
"CACNG4",0.000170493854905893,1.11589933685897,1,1,1,"5","CACNG4"
"IGHV3-74",0.000171950714954712,2.44302024236139,1,1,1,"5","IGHV3-74"
"TMEM200A1",0.000172200907396573,0.821675171634217,1,1,1,"5","TMEM200A"
"IGHG3",0.000172547148830737,3.45062347720389,1,1,1,"5","IGHG3"
"CYP27A1",0.000172906758284044,0.754870528124366,1,1,1,"5","CYP27A1"
"FAM3B",0.000174157436295658,1.87289717995905,1,1,1,"5","FAM3B"
"RBM11",0.000175378678647949,1.47918081524493,1,1,1,"5","RBM11"
"MIR645",0.000176487813031024,0.27970082239584,1,1,1,"5","MIR645"
"CASS4",0.000177358438241741,1.85954720704937,1,1,1,"5","CASS4"
"PIGR",0.000177477027990368,5.91350224176737,1,1,1,"5","PIGR"
"MCL1",0.000178082718959457,1.08555970541546,1,1,1,"5","MCL1"
"IGKV1D-33",0.000179416425083394,2.62756841894794,1,1,1,"5","IGKV1D-33"
"CXCR1",0.000180720378028648,2.31084762895801,1,1,1,"5","CXCR1"
"FCGR1A",0.000182660965423946,1.24641631539117,1,1,1,"5","FCGR1A"
"ABAT",0.000183151643782627,0.644266582432573,1,1,1,"5","ABAT"
"EML5",0.000183151643782627,1.06320473527281,1,1,1,"5","EML5"
"CMAHP",0.000183404113655507,1.25489298132961,1,1,1,"5","CMAHP"
"IL1R1",0.000183404113655507,0.901011486454951,1,1,1,"5","IL1R1"
"IGHV4-4",0.000184785338296839,2.31113414979141,1,1,1,"5","IGHV4-4"
"BANK1",0.000188319985921759,0.977045852036657,1,1,1,"5","BANK1"
"ATP1B1",0.000188856218907433,1.53306504167922,1,1,1,"5","ATP1B1"
"KIAA1199",0.00018887010192516,0.646774607262127,1,1,1,"5","KIAA1199"
"DPYD",0.000188874729765014,1.0186274225582,1,1,1,"5","DPYD"
"C1QTNF11",0.000194232698814989,2.41122273462102,1,1,1,"5","C1QTNF1"
"IGHV3-23",0.000194232698814989,2.89652293462858,1,1,1,"5","IGHV3-23"
"MPZL2",0.000194232698814989,0.649413452288091,1,1,1,"5","MPZL2"
"NCF1B",0.000194232698814989,1.07743271705666,1,1,1,"5","NCF1B"
"NEDD4L",0.000194479453645276,1.77264203795959,1,1,1,"5","NEDD4L"
"SLIT2",0.000194498444346187,1.36246932288082,1,1,1,"5","SLIT2"
"IGHV3-48",0.00019698729414077,1.09844996995435,1,1,1,"5","IGHV3-48"
"CP",0.000200108807145956,2.24107382360712,1,1,1,"5","CP"
"RRM2B",0.000200230524000678,0.382631679180774,1,1,1,"5","RRM2B"
"CD59",0.000200279225989898,1.29510993629073,1,1,1,"5","CD59"
"FOLR3",0.000201175441467198,0.854555651571399,1,1,1,"5","FOLR3"
"PCBP3",0.000202173677633709,1.00124781476136,1,1,1,"5","PCBP3"
"SLITRK3",0.00020240962790745,0.944983799784248,1,1,1,"5","SLITRK3"
"MUC1",0.000206046320476836,4.2545165267538,1,1,1,"5","MUC1"
"FGR",0.000206216140457412,1.02870112422708,1,1,1,"5","FGR"
"CPXM2",0.000206221136718913,1.79505854619424,1,1,1,"5","CPXM2"
"AC018892.9",0.000207755741690252,0.497877459632628,1,1,1,"5","AC018892.9"
"SYTL5",0.000211355202368893,1.00237845969203,1,1,1,"5","SYTL5"
"RP11-677N16.1",0.000211483957010785,0.853019913713513,1,1,1,"5","RP11-677N16.1"
"AC107021.1",0.000211563708531455,0.656441675281194,1,1,1,"5","AC107021.1"
"TNFSF13",0.000212225853681995,0.713294834698427,1,1,1,"5","TNFSF13"
"ACSL4",0.00021232833391947,0.510049775184381,1,1,1,"5","ACSL4"
"MYO1F",0.00021232833391947,0.993501194947804,1,1,1,"5","MYO1F"
"RP11-290F20.3",0.000212672573922077,0.855800987106976,1,1,1,"5","RP11-290F20.3"
"NME5",0.000214336152231518,1.8064281616757,1,1,1,"5","NME5"
"GPR114",0.000214346489682844,0.894654782993184,1,1,1,"5","GPR114"
"BPIFB1",0.000217812455326377,11.3174800803285,1,1,1,"5","BPIFB1"
"SLC4A1",0.000219875842892234,1.15189493659476,1,1,1,"5","SLC4A1"
"BEX5",0.000220359967497549,1.00498816282242,1,1,1,"5","BEX5"
"SLC26A8",0.000222051415969803,1.50040566967018,1,1,1,"5","SLC26A8"
"CDH2",0.000223099556688251,3.19638698956928,1,1,1,"5","CDH2"
"ANKRD1",0.00022328375319385,2.48589577971378,1,1,1,"5","ANKRD1"
"PTGER2",0.000223517679710347,0.986176531257476,1,1,1,"5","PTGER2"
"POU2AF1",0.000224415997749071,2.02272849154626,1,1,1,"5","POU2AF1"
"KIAA1644",0.000224442052016132,1.22350835979639,1,1,1,"5","KIAA1644"
"IGHD",0.000224753946021384,2.38390657562862,1,1,1,"5","IGHD"
"TLR2",0.000225034141811587,2.04754449754922,1,1,1,"5","TLR2"
"ADAMTS8",0.000226372191896315,2.27835578555041,1,1,1,"5","ADAMTS8"
"FAM47E",0.000228603529219719,0.869218694243733,1,1,1,"5","FAM47E"
"HSD17B3",0.000229687518777592,0.798409821220575,1,1,1,"5","HSD17B3"
"SIX2",0.000231042087208179,1.45529696684345,1,1,1,"5","SIX2"
"SELK",0.000231375216118119,0.590721083199433,1,1,1,"5","SELK"
"LMO7",0.000231679161173325,2.81056224577947,1,1,1,"5","LMO7"
"TXNDC11",0.000231684690146349,1.04794059865459,1,1,1,"5","TXNDC11"
"ZBTB38",0.000231684690146349,0.812039692073565,1,1,1,"5","ZBTB38"
"IGHV4-55",0.000234958684926705,1.1947124690094,1,1,1,"5","IGHV4-55"
"CFI",0.000238383203143591,1.12692136884833,1,1,1,"5","CFI"
"IL5",0.000242744026696952,0.915007872049515,1,1,1,"5","IL5"
"PLAG1",0.000243386298344263,0.711278257440179,1,1,1,"5","PLAG1"
"S1PR4",0.000243386298344263,0.190701103664235,1,1,1,"5","S1PR4"
"TIPARP",0.000245437913592741,1.82521559811201,1,1,1,"5","TIPARP"
"PRKCA",0.000245472794980303,0.50713141442187,1,1,1,"5","PRKCA"
"XBP1",0.000245496051245629,2.10575665074775,1,1,1,"5","XBP1"
"SLC6A3",0.000247886091377122,2.42829767160076,1,1,1,"5","SLC6A3"
"IL18RAP",0.000250524529454584,3.10906915002868,1,1,1,"5","IL18RAP"
"IGHV1-46",0.000252038847749004,2.02032762080567,1,1,1,"5","IGHV1-46"
"MEIS1",0.000252628251186452,1.81803124942449,1,1,1,"5","MEIS1"
"CDK141",0.000252664017907947,0.977836442883028,1,1,1,"5","CDK14"
"TCF21",0.00025395537591841,2.33663166008576,1,1,1,"5","TCF21"
"GPA33",0.000254202446942545,1.35619899939136,1,1,1,"5","GPA33"
"DPY19L2P2",0.000257858757651464,1.48186809035188,1,1,1,"5","DPY19L2P2"
"DPEP2",0.000259069714922853,0.664918355351508,1,1,1,"5","DPEP2"
"SDSL",0.000259069714922853,0.918466806404616,1,1,1,"5","SDSL"
"SLC22A15",0.000259069714922853,1.88965276829593,1,1,1,"5","SLC22A15"
"TPO",0.000259069714922853,1.4557162883137,1,1,1,"5","TPO"
"SLC41A2",0.000259734752477033,0.907668464125637,1,1,1,"5","SLC41A2"
"GPC6",0.000259863021384366,1.39085853029084,1,1,1,"5","GPC6"
"ANKRD42",0.000260052454854123,0.57755390271557,1,1,1,"5","ANKRD42"
"GMIP",0.000260076905190385,0.605660610731817,1,1,1,"5","GMIP"
"PANX2",0.000263196129489353,0.8374319551138,1,1,1,"5","PANX2"
"PKIA",0.000264175201975978,1.44591134185379,1,1,1,"5","PKIA"
"AQP4",0.000266068619411496,4.16870859210947,1,1,1,"5","AQP4"
"RP11-1220K2.2",0.000266291957961793,2.91128318164734,1,1,1,"5","RP11-1220K2.2"
"PTPRU",0.000267542844575916,0.826173031077742,1,1,1,"5","PTPRU"
"MSLN1",0.000268457220688357,2.25927827528158,1,1,1,"5","MSLN"
"CAMK2A",0.000268532739947219,1.52538831545891,1,1,1,"5","CAMK2A"
"DARC",0.000271885682047742,1.26613169019327,1,1,1,"5","DARC"
"BCAS1",0.000274815194715119,3.01684067209536,1,1,1,"5","BCAS1"
"ZNF274",0.000275402513048593,0.569622648279266,1,1,1,"5","ZNF274"
"C2",0.000275466758978355,1.40177577939423,1,1,1,"5","C2"
"MISP",0.000276385893871928,4.75554229203978,1,1,1,"5","MISP"
"IGLV6-57",0.000276474288614525,4.96118273919951,1,1,1,"5","IGLV6-57"
"IGKV3-15",0.000278139967363655,5.16657451523645,1,1,1,"5","IGKV3-15"
"NXPE2",0.000279636328454476,1.30270566625864,1,1,1,"5","NXPE2"
"CELA2B",0.000281155137129521,0.580726162428805,1,1,1,"5","CELA2B"
"ERC2",0.000282170338618544,0.201073254881669,1,1,1,"5","ERC2"
"ASPDH",0.00028239261236745,0.497819077507634,1,1,1,"5","ASPDH"
"BMP6",0.000282688302438643,2.30059111821391,1,1,1,"5","BMP6"
"BCL3",0.000283477904738553,1.05577455742349,1,1,1,"5","BCL3"
"UAP1",0.000283477904738553,0.928792946309638,1,1,1,"5","UAP1"
"ST8SIA6",0.000283976471542316,1.03053295846053,1,1,1,"5","ST8SIA6"
"CCL4",0.000290594429160452,0.49503122162638,1,1,1,"5","CCL4"
"NCF1",0.000291470702482067,1.37500484641433,1,1,1,"5","NCF1"
"ADAMTSL4",0.000291706948101519,1.27209400787944,1,1,1,"5","ADAMTSL4"
"COL10A1",0.000291706948101519,0.565845964185895,1,1,1,"5","COL10A1"
"FOS",0.000291706948101519,1.54462782507084,1,1,1,"5","FOS"
"SHC3",0.000296461221598987,1.14000208828014,1,1,1,"5","SHC3"
"IGKV3-11",0.000297022302885847,3.93778859342513,1,1,1,"5","IGKV3-11"
"CNTN4",0.000297647810805574,0.987214984741481,1,1,1,"5","CNTN4"
"RAB20",0.000298639567613599,0.860374208975424,1,1,1,"5","RAB20"
"TTC25",0.000299329689355035,1.32745491232849,1,1,1,"5","TTC25"
"HK3",0.000300131671563123,0.667754757962594,1,1,1,"5","HK3"
"ARID5B",0.000300159353745488,1.16923101861935,1,1,1,"5","ARID5B"
"NAMPT",0.000300159353745488,1.84615341903823,1,1,1,"5","NAMPT"
"NTNG2",0.000302471904236406,0.700164150550844,1,1,1,"5","NTNG2"
"UGT2B17",0.000304767309073621,1.71058913496137,1,1,1,"5","UGT2B17"
"LDLRAD1",0.000306164396203132,1.37043086002428,1,1,1,"5","LDLRAD1"
"CACNA2D4",0.000307990333645314,0.562494852951968,1,1,1,"5","CACNA2D4"
"SEPT5",0.000308833616479451,1.81065273681835,1,1,1,"5","SEPT5"
"GABARAPL1",0.000308840709930603,0.606389240908282,1,1,1,"5","GABARAPL1"
"LOXL4",0.000316885176991871,0.23154221909873,1,1,1,"5","LOXL4"
"GGT1",0.000317349791414401,1.57008067068625,1,1,1,"5","GGT1"
"SYTL41",0.00031761135231099,1.13687077244205,1,1,1,"5","SYTL4"
"USP44",0.000318968290157742,1.21251540578877,1,1,1,"5","USP44"
"CCL18",0.000320874002295574,2.86093314145515,1,1,1,"5","CCL18"
"IGKV1-17",0.000321013975327813,2.17134301146091,1,1,1,"5","IGKV1-17"
"SLC7A14",0.000323178487694996,1.33729361919299,1,1,1,"5","SLC7A14"
"ADAMTSL4-AS1",0.000324209276388061,0.827858631701897,1,1,1,"5","ADAMTSL4-AS1"
"PRAM1",0.000326496211308588,1.31245795218826,1,1,1,"5","PRAM1"
"IGKV2-24",0.000328942919076231,1.60746488772863,1,1,1,"5","IGKV2-24"
"CHI3L1",0.000335058134028329,1.02000273428994,1,1,1,"5","CHI3L1"
"PLSCR1",0.000336308633941643,0.71952862337419,1,1,1,"5","PLSCR1"
"ATP13A3",0.00033631626919443,0.616960074110906,1,1,1,"5","ATP13A3"
"HERPUD1",0.00033631626919443,0.830334652380213,1,1,1,"5","HERPUD1"
"PPP1R15A",0.00033631626919443,0.788388615145724,1,1,1,"5","PPP1R15A"
"CXCL6",0.000343335746011092,6.99068362398428,1,1,1,"5","CXCL6"
"BRSK2",0.000344682625073576,0.659566582016906,1,1,1,"5","BRSK2"
"FOXA1",0.000345150779049516,3.92303159549425,1,1,1,"5","FOXA1"
"MRAS",0.000345533919800583,0.65880935355985,1,1,1,"5","MRAS"
"SLA",0.000345698103572548,1.18117667362061,1,1,1,"5","SLA"
"FGGY",0.000345940572210557,0.43932359245683,1,1,1,"5","FGGY"
"SPON1",0.000345940572210557,2.02458919391124,1,1,1,"5","SPON1"
"CASC4",0.000345971867356614,0.858899352096266,1,1,1,"5","CASC4"
"FNDC3A",0.000345971867356614,0.674490792560835,1,1,1,"5","FNDC3A"
"STOM",0.000345971867356614,0.844044042358519,1,1,1,"5","STOM"
"TNFRSF10B",0.000345971867356614,0.218174682874768,1,1,1,"5","TNFRSF10B"
"LPPR3",0.000352251933621463,1.07225261829302,1,1,1,"5","LPPR3"
"SH3BGR",0.000353598725328116,1.9002567572467,1,1,1,"5","SH3BGR"
"SEMA3B",0.000355213328329343,2.52959750839316,1,1,1,"5","SEMA3B"
"LILRB2",0.000355806134078582,1.0442591005446,1,1,1,"5","LILRB2"
"CCL11",0.000355826751319764,2.09103673229832,1,1,1,"5","CCL11"
"SOD2",0.000355886297194625,1.09062451205229,1,1,1,"5","SOD2"
"RP11-351M8.1",0.000361486623310425,0.997913657628347,1,1,1,"5","RP11-351M8.1"
"IGKV3D-15",0.000365379023623216,1.92685161720831,1,1,1,"5","IGKV3D-15"
"ERBB4",0.000365606154749986,2.72247786157115,1,1,1,"5","ERBB4"
"GPD1L",0.000365983805765712,0.792273317974971,1,1,1,"5","GPD1L"
"ARHGAP9",0.000366057726576967,0.90230177758971,1,1,1,"5","ARHGAP9"
"IGHG1",0.000366057726576967,4.49855647865922,1,1,1,"5","IGHG1"
"GLRB",0.000368425311247965,1.20494795929117,1,1,1,"5","GLRB"
"WNT9A",0.000370075184549169,0.347991712367486,1,1,1,"5","WNT9A"
"NTM",0.000375810876013479,1.21951821133426,1,1,1,"5","NTM"
"ADAM28",0.00037643317083159,0.991145784463038,1,1,1,"5","ADAM28"
"PIM2",0.000376483659346898,2.42298476965268,1,1,1,"5","PIM2"
"EPB41L3",0.000376517321039285,0.92506966147609,1,1,1,"5","EPB41L3"
"AMPD1",0.000377479413824263,1.52947617684412,1,1,1,"5","AMPD1"
"MDH1B",0.000378956689215179,2.30991844985488,1,1,1,"5","MDH1B"
"PCSK4",0.000384824960631095,0.730502326481988,1,1,1,"5","PCSK4"
"FGF2",0.000386213488579127,0.702360825869262,1,1,1,"5","FGF2"
"GFPT2",0.000387074699551973,1.95955308440779,1,1,1,"5","GFPT2"
"SFRP4",0.000387160895775163,2.12550032746719,1,1,1,"5","SFRP4"
"ZHX2",0.000387238484058504,0.84268872224051,1,1,1,"5","ZHX2"
"CHSY1",0.000387247105662097,0.768856971072037,1,1,1,"5","CHSY1"
"SEMA4D",0.000387247105662097,0.768048949620072,1,1,1,"5","SEMA4D"
"FPR2",0.000391585358060043,2.34606060972436,1,1,1,"5","FPR2"
"SGCA",0.000393337888379391,1.55364966277724,1,1,1,"5","SGCA"
"PRSS16",0.000393778702288926,0.866093819279236,1,1,1,"5","PRSS16"
"IGHV3-7",0.000396322397686833,2.72391137637561,1,1,1,"5","IGHV3-7"
"CACNA2D2",0.000396806694366889,4.16286165548914,1,1,1,"5","CACNA2D2"
"PDK3",0.000397767725197043,0.749787440814629,1,1,1,"5","PDK3"
"COLEC12",0.000398085493002377,1.16077194758938,1,1,1,"5","COLEC12"
"RAB23",0.000398085493002377,1.37265860840383,1,1,1,"5","RAB23"
"RP1-261D10.1",0.000398085493002377,0.568187141907416,1,1,1,"5","RP1-261D10.1"
"GK",0.000398253276515865,1.24053592287312,1,1,1,"5","GK"
"CADPS2",0.000398262108619222,0.968930255318346,1,1,1,"5","CADPS2"
"CHRDL2",0.000400868892844581,2.9118293044495,1,1,1,"5","CHRDL2"
"KSR2",0.000407290446972389,0.390332062225289,1,1,1,"5","KSR2"
"SLC44A4",0.000407582322284802,3.57728119888258,1,1,1,"5","SLC44A4"
"IL8",0.000408078422213672,1.5438697157097,1,1,1,"5","IL8"
"B4GALT1",0.000409533105559946,0.667392897461522,1,1,1,"5","B4GALT1"
"PCGF5",0.000409533105559946,1.06120037875684,1,1,1,"5","PCGF5"
"IGHM",0.000409560246334851,1.00316103209529,1,1,1,"5","IGHM"
"ATP1A1",0.000409569293543473,0.932128961448097,1,1,1,"5","ATP1A1"
"RAB11FIP1",0.000409569293543473,1.46336455890837,1,1,1,"5","RAB11FIP1"
"PLEKHB1",0.000412002043922256,1.4781473058109,1,1,1,"5","PLEKHB1"
"AGTR2",0.000414092977262968,1.54237987900331,1,1,1,"5","AGTR2"
"ACOXL",0.000414748277382579,6.15928469522358,1,1,1,"5","ACOXL"
"ADH1C",0.000414748277382579,1.80179949258456,1,1,1,"5","ADH1C"
"FBXO34",0.000420851517177745,0.401197602131424,1,1,1,"5","FBXO34"
"ZDHHC2",0.000420990463757195,0.89361372591123,1,1,1,"5","ZDHHC2"
"GFI1",0.000431004223419722,1.0077468012241,1,1,1,"5","GFI1"
"IGLV2-18",0.000431665228168315,2.74616421838706,1,1,1,"5","IGLV2-18"
"MANBA",0.000433088828451878,0.830453709332524,1,1,1,"5","MANBA"
"SERPINE11",0.000433088828451878,2.67093896674336,1,1,1,"5","SERPINE1"
"FAIM2",0.000434363116025483,0.910732202190305,1,1,1,"5","FAIM2"
"IL5RA",0.000437397454404395,0.172981722973974,1,1,1,"5","IL5RA"
"IGLV2-23",0.000438025612807474,3.55176661861231,1,1,1,"5","IGLV2-23"
"SCIN",0.000440908274151724,1.26425585799606,1,1,1,"5","SCIN"
"ABCB1",0.000444150425560728,0.791417880513761,1,1,1,"5","ABCB1"
"MTHFS",0.000444499835070428,0.631881812734012,1,1,1,"5","MTHFS"
"CPEB4",0.000445306157908039,0.714108454903943,1,1,1,"5","CPEB4"
"CLCNKB",0.000449341350676231,0.455443661827337,1,1,1,"5","CLCNKB"
"IGKV4-1",0.000452313335218316,3.27668539893634,1,1,1,"5","IGKV4-1"
"CDO1",0.000453350545220621,0.809672023608318,1,1,1,"5","CDO1"
"MEFV",0.000456670956220844,1.74304030798055,1,1,1,"5","MEFV"
"ABCC6",0.000457307249204386,2.04419653150748,1,1,1,"5","ABCC6"
"CLEC4E",0.000457320224098988,2.9334761791382,1,1,1,"5","CLEC4E"
"BMPER",0.000457516169000236,3.72874699585585,1,1,1,"5","BMPER"
"MUC5B",0.000457854562786097,8.80440541348214,1,1,1,"5","MUC5B"
"SIGLEC12",0.00045922096282278,0.404543018390905,1,1,1,"5","SIGLEC12"
"TCEAL5",0.000462353429845472,0.583602385105062,1,1,1,"5","TCEAL5"
"IGHV1-69",0.000462475058403798,3.97455416251663,1,1,1,"5","IGHV1-69"
"SNAI11",0.000467041823738379,0.984668883891771,1,1,1,"5","SNAI1"
"C1RL",0.000470538632559613,0.894973430979926,1,1,1,"5","C1RL"
"SDC4",0.000470538632559613,1.45836932319618,1,1,1,"5","SDC4"
"OLFM4",0.000481579141184099,4.49139583334802,1,1,1,"5","OLFM4"
"C6orf118",0.000482599753779867,3.34191996610915,1,1,1,"5","C6orf118"
"CADM1",0.000482706140329488,2.88862333716874,1,1,1,"5","CADM1"
"GXYLT2",0.000483915990728052,1.05490409463016,1,1,1,"5","GXYLT2"
"SEMA4A",0.000483957747683061,1.21411109159248,1,1,1,"5","SEMA4A"
"IGHV1-24",0.000486691655527455,4.80246375706585,1,1,1,"5","IGHV1-24"
"DNALI11",0.000495756794784878,0.844520030751626,1,1,1,"5","DNALI1"
"IRF4",0.000496236784328631,2.82211101061607,1,1,1,"5","IRF4"
"TMOD1",0.000496621010719722,1.62119431162652,1,1,1,"5","TMOD1"
"ITGAM",0.000497507661491363,1.19861312346153,1,1,1,"5","ITGAM"
"C11orf961",0.000497518350798033,1.29229252885308,1,1,1,"5","C11orf96"
"VEGFA",0.000497518350798033,1.69902631501558,1,1,1,"5","VEGFA"
"FAM157B",0.0005036812591427,1.15390238735047,1,1,1,"5","FAM157B"
"SRPX",0.000510120409684382,2.11640018903993,1,1,1,"5","SRPX"
"IGHG2",0.000510819937148017,2.55106765189698,1,1,1,"5","IGHG2"
"IGLC2",0.000511049615959496,2.4494774326034,1,1,1,"5","IGLC2"
"PLAUR",0.000511432574737271,1.40319769074837,1,1,1,"5","PLAUR"
"NPAP1",0.000511577721308007,1.37590848720832,1,1,1,"5","NPAP1"
"CD177",0.000517219712771274,1.34554431852585,1,1,1,"5","CD177"
"ENPP5",0.000517484595127575,1.35652002560452,1,1,1,"5","ENPP5"
"IGHV1-2",0.000520305751606974,1.07024243503925,1,1,1,"5","IGHV1-2"
"APOBEC3A",0.000525248962882377,2.86453528459445,1,1,1,"5","APOBEC3A"
"ITGA10",0.000525484791170859,2.93816055806013,1,1,1,"5","ITGA10"
"CASP9",0.000525596817531373,0.668809376510302,1,1,1,"5","CASP9"
"SCUBE1",0.000527844325367669,0.395867341530815,1,1,1,"5","SCUBE1"
"C1orf110",0.000529310838771143,2.97956082581765,1,1,1,"5","C1orf110"
"IGHV3-33",0.000532594620835844,2.32683184975983,1,1,1,"5","IGHV3-33"
"IGHV4-39",0.000533958549659218,2.7426221383594,1,1,1,"5","IGHV4-39"
"CBLN41",0.000536880684197604,0.155058616446054,1,1,1,"5","CBLN4"
"FAM196B",0.000539392843093137,0.557778432655871,1,1,1,"5","FAM196B"
"GULP1",0.000539954439122746,1.20811533071456,1,1,1,"5","GULP1"
"DHRS7",0.000540344357842446,0.697725432235988,1,1,1,"5","DHRS7"
"IL17RA",0.000540355829015328,0.850636573037686,1,1,1,"5","IL17RA"
"P4HA2",0.000540355829015328,1.00979665092058,1,1,1,"5","P4HA2"
"MSLNL",0.000546950540600488,0.662164507873081,1,1,1,"5","MSLNL"
"CCDC67",0.000549784064762616,1.28095727695502,1,1,1,"5","CCDC67"
"ASRGL1",0.000552803009654185,0.947607999509616,1,1,1,"5","ASRGL1"
"EMR1",0.000564093335967153,1.601537806661,1,1,1,"5","EMR1"
"SH2D2A",0.000569356025390824,0.687898169873128,1,1,1,"5","SH2D2A"
"COL24A1",0.000570376604958991,2.1120617540989,1,1,1,"5","COL24A1"
"PLEKHA7",0.000570376604958991,1.19679518616628,1,1,1,"5","PLEKHA7"
"CEACAM3",0.000578265256648364,0.986774801424055,1,1,1,"5","CEACAM3"
"MYBPHL",0.000580407210401157,1.22884679362735,1,1,1,"5","MYBPHL"
"SEZ6L21",0.000583907306694264,1.96483327959842,1,1,1,"5","SEZ6L2"
"TMEM2",0.000586609797702877,0.642931519837191,1,1,1,"5","TMEM2"
"GJB7",0.000590602088350612,0.882461182208461,1,1,1,"5","GJB7"
"FOLR1",0.000595805905025054,4.47403263942878,1,1,1,"5","FOLR1"
"ATP2A3",0.000602703487398246,1.58956621088005,1,1,1,"5","ATP2A3"
"ST6GAL1",0.000602703487398246,0.889339223220109,1,1,1,"5","ST6GAL1"
"PTK2B",0.000602829408094606,1.17539093415705,1,1,1,"5","PTK2B"
"KRT7",0.000610025331945882,2.75974512813601,1,1,1,"5","KRT7"
"GS1-124K5.10",0.000613620657390731,0.441554796785709,1,1,1,"5","GS1-124K5.10"
"SLC25A37",0.000619207884701836,0.407643530922897,1,1,1,"5","SLC25A37"
"DENND5B",0.000619336739254105,0.748690737210255,1,1,1,"5","DENND5B"
"FOXP4",0.000619414060894241,0.89415194354649,1,1,1,"5","FOXP4"
"MAN2B2",0.000619452724220006,0.590348337827859,1,1,1,"5","MAN2B2"
"AF131215.5",0.000625828195871274,0.868696300625649,1,1,1,"5","AF131215.5"
"SLC28A2",0.000633468331690685,0.95161517440123,1,1,1,"5","SLC28A2"
"GKAP1",0.000635420914596361,0.788751060892995,1,1,1,"5","GKAP1"
"TMEM176A",0.000635420914596361,0.969978654139789,1,1,1,"5","TMEM176A"
"GALNT15",0.000636066656329011,0.154319417861279,1,1,1,"5","GALNT15"
"PTGER4",0.000636066656329011,0.77917964677629,1,1,1,"5","PTGER4"
"IFI30",0.00063651498842169,0.871520313737545,1,1,1,"5","IFI30"
"AKNA",0.000636528177964364,0.716479863466308,1,1,1,"5","AKNA"
"DOCK2",0.000636528177964364,0.846613833102552,1,1,1,"5","DOCK2"
"MDM2",0.000636528177964364,0.501264617755201,1,1,1,"5","MDM2"
"SCAND3",0.000652194424941889,0.139964875254773,1,1,1,"5","SCAND3"
"TPK1",0.000652408784576491,0.496962415685443,1,1,1,"5","TPK1"
"ZCWPW1",0.000653892112240699,0.743666859452636,1,1,1,"5","ZCWPW1"
"ERN1",0.000653973087865062,0.890620974840408,1,1,1,"5","ERN1"
"PDE3B",0.000653973087865062,0.665055064892886,1,1,1,"5","PDE3B"
"C3",0.000654027075457167,1.18215886334775,1,1,1,"5","C3"
"NKD1",0.000668030443826559,1.39997595338777,1,1,1,"5","NKD1"
"UNC13D",0.000671958670895602,0.89235374402619,1,1,1,"5","UNC13D"
"ASB2",0.000678909355006936,1.61838455602745,1,1,1,"5","ASB2"
"KNDC1",0.000680915819085218,2.12113101542413,1,1,1,"5","KNDC1"
"DNAH7",0.000689188419616602,3.44582592303544,1,1,1,"5","DNAH7"
"IL13RA1",0.000690092190088335,0.993130102815446,1,1,1,"5","IL13RA1"
"LILRA6",0.000690092190088335,0.315878969951743,1,1,1,"5","LILRA6"
"SIAE",0.000690233477768747,0.902653310336438,1,1,1,"5","SIAE"
"SHH",0.000695213084688748,1.23161494656722,1,1,1,"5","SHH"
"IGHV3-30",0.000699459294032333,4.75536953033912,1,1,1,"5","IGHV3-30"
"FHOD3",0.000708738652650538,1.44507551029024,1,1,1,"5","FHOD3"
"CAMK2D",0.000709230127893034,0.738386694576,1,1,1,"5","CAMK2D"
"S100A6",0.000709230127893034,1.00360850725831,1,1,1,"5","S100A6"
"GPR133",0.000728444789815594,1.89646724218874,1,1,1,"5","GPR133"
"FMN1",0.000728577912380032,0.792559188149641,1,1,1,"5","FMN1"
"PAPSS21",0.000728577912380032,1.31091025383352,1,1,1,"5","PAPSS2"
"MTMR8",0.000738187986410553,0.881343630303443,1,1,1,"5","MTMR8"
"CCDC110",0.000742935590671276,0.819968059831925,1,1,1,"5","CCDC110"
"ZBP1",0.000745105965383176,1.48969082126824,1,1,1,"5","ZBP1"
"SFTA3",0.000747513498029585,5.4822435916164,1,1,1,"5","SFTA3"
"AKR1C1",0.00074827886005172,0.590359353291197,1,1,1,"5","AKR1C1"
"CELF2",0.00074827886005172,1.08334222895554,1,1,1,"5","CELF2"
"ITGAE",0.00074827886005172,0.28484805207461,1,1,1,"5","ITGAE"
"MAPK4",0.00076732441817867,1.01847616203769,1,1,1,"5","MAPK4"
"HFE",0.000768226590258068,0.595733294899174,1,1,1,"5","HFE"
"LILRB4",0.000768226590258068,0.579327540514734,1,1,1,"5","LILRB4"
"AF131215.3",0.000776769005013784,0.700658117117431,1,1,1,"5","AF131215.3"
"CCL3",0.000780784757723454,0.661873969339601,1,1,1,"5","CCL3"
"NEK5",0.000780784757723454,3.18504255685961,1,1,1,"5","NEK5"
"INMT",0.000786140021461442,1.96547687080608,1,1,1,"5","INMT"
"RP11-342M21.2",0.000786309640732861,0.332643477986664,1,1,1,"5","RP11-342M21.2"
"MAGI2",0.000787719848185127,1.2669886108841,1,1,1,"5","MAGI2"
"HHIPL2",0.000795257853982494,0.291028505367013,1,1,1,"5","HHIPL2"
"KCNK17",0.000798956244750291,1.70462785907402,1,1,1,"5","KCNK17"
"AC022498.11",0.000809050535127449,1.02108984030503,1,1,1,"5","AC022498.1"
"CFHR1",0.000810425802900443,0.99919826423001,1,1,1,"5","CFHR1"
"SAMSN1",0.000810830595637442,2.00588640596144,1,1,1,"5","SAMSN1"
"ASS1",0.000810927766339636,0.628890203330567,1,1,1,"5","ASS1"
"KCNH1",0.000816954153799288,1.31870610654633,1,1,1,"5","KCNH1"
"PFKFB2",0.000832836156278937,0.704632091644953,1,1,1,"5","PFKFB2"
"IGLV5-37",0.00084826348489767,0.782767488971359,1,1,1,"5","IGLV5-37"
"RGL31",0.000852567974510864,1.06200376410436,1,1,1,"5","RGL3"
"PDE10A1",0.00085529252807757,0.964547101661669,1,1,1,"5","PDE10A"
"IL4R1",0.000855360293806075,0.804561687656825,1,1,1,"5","IL4R"
"LEPR",0.000855360293806075,1.67033573254731,1,1,1,"5","LEPR"
"ZMYND15",0.000876924085643145,1.04139896444895,1,1,1,"5","ZMYND15"
"IDUA",0.000878361305449801,0.55106382476807,1,1,1,"5","IDUA"
"RCAN1",0.000878361305449801,0.914249828595088,1,1,1,"5","RCAN1"
"CATSPER3",0.000878613380059234,1.57623891558073,1,1,1,"5","CATSPER3"
"ABCC6P1",0.000882808004256321,1.53425563903998,1,1,1,"5","ABCC6P1"
"PCDP1",0.000891534860092754,5.40164107366535,1,1,1,"5","PCDP1"
"SOX6",0.000900978331680303,0.855352415254526,1,1,1,"5","SOX6"
"FCGR3A",0.000901615829221453,1.13343883346706,1,1,1,"5","FCGR3A"
"RP11-213G2.3",0.00090177525113226,0.608799851253476,1,1,1,"5","RP11-213G2.3"
"PANX1",0.000901792965851472,0.194783779856902,1,1,1,"5","PANX1"
"RAB27A",0.000901792965851472,0.804602283208782,1,1,1,"5","RAB27A"
"GGTLC1",0.00090631999853367,3.05345513940168,1,1,1,"5","GGTLC1"
"PEBP4",0.000915049157026863,3.11886099723729,1,1,1,"5","PEBP4"
"C19orf59",0.000916630587345628,4.89834305599912,1,1,1,"5","C19orf59"
"ZNF214",0.000917929431980956,0.522388815005909,1,1,1,"5","ZNF214"
"C18orf32",0.000925966576440909,0.244078686345873,1,1,1,"5","C18orf32"
"CEP120",0.000926075264926775,0.469363565603457,1,1,1,"5","CEP120"
"CTSZ",0.000926147728688285,0.75812996552261,1,1,1,"5","CTSZ"
"FNIP2",0.000926147728688285,0.754082718337543,1,1,1,"5","FNIP2"
"SCIMP",0.000930150171758277,0.509517999602913,1,1,1,"5","SCIMP"
"KLF15",0.000942521507623757,1.24461751029857,1,1,1,"5","KLF15"
"RPL21P8",0.00094685533115101,0.539534730289168,1,1,1,"5","RPL21P8"
"HHAT",0.000947871560711567,1.03676184422321,1,1,1,"5","HHAT"
"IFITM10",0.000949369523838325,1.66562909471915,1,1,1,"5","IFITM10"
"HSPA6",0.000950276470777141,1.45246614485914,1,1,1,"5","HSPA6"
"CAPN9",0.000950706799175333,3.23503596537984,1,1,1,"5","CAPN9"
"CSF2RA",0.000950739422991902,0.423009345070945,1,1,1,"5","CSF2RA"
"DENND1C",0.000950739422991902,0.669921014260046,1,1,1,"5","DENND1C"
"RILPL2",0.000950906122875954,0.299944488017216,1,1,1,"5","RILPL2"
"CTSS",0.000950924646297351,1.15569260161475,1,1,1,"5","CTSS"
"EIF4A2",0.000950924646297351,0.712624452785857,1,1,1,"5","EIF4A2"
"IGHV2-70",0.000954475232769299,4.41809121665566,1,1,1,"5","IGHV2-70"
"MYOCD",0.000955718047667392,2.61684815770395,1,1,1,"5","MYOCD"
"GYPA",0.00096057452181032,2.33765925097032,1,1,1,"5","GYPA"
"VMO1",0.000965747268359427,0.841546522452065,1,1,1,"5","VMO1"
"METTL7A",0.000975651643695574,0.928173279632677,1,1,1,"5","METTL7A"
"PIM1",0.000976124972323437,0.532807955059734,1,1,1,"5","PIM1"
"TSPAN8",0.000976265251333719,1.61595550439627,1,1,1,"5","TSPAN8"
"LAIR1",0.000976295408313784,0.695973773062663,1,1,1,"5","LAIR1"
"SPG201",0.000976295408313784,0.758421048310215,1,1,1,"5","SPG20"
"TGM2",0.000976314346877631,2.69572629222383,1,1,1,"5","TGM2"
"SCG2",0.000991527060309664,1.5440778385547,1,1,1,"5","SCG2"
"CA1",0.00100000892779952,1.89126364799493,1,1,1,"5","CA1"
"IL18R1",0.00100000892779952,1.57437021911976,1,1,1,"5","IL18R1"
"ACSS31",0.00100070504032448,1.25225745338416,1,1,1,"5","ACSS3"
"CYP3A43",0.00100154072857139,0.555302834946051,1,1,1,"5","CYP3A43"
"AL627309.1",0.00100213695652304,1.93989981272432,1,1,1,"5","AL627309.1"
"STAT3",0.00100233056380866,0.69394369434303,1,1,1,"5","STAT3"
"ZFAND51",0.00100233056380866,1.25519747283901,1,1,1,"5","ZFAND5"
"IGKV1-33",0.00102166344108796,5.04774972224763,1,1,1,"5","IGKV1-33"
"METTL15P1",0.00102463886945192,1.58280426477329,1,1,1,"5","METTL15P1"
"MZB1",0.00102463886945192,3.39490110965226,1,1,1,"5","MZB1"
"CXCL16",0.00102787925976485,0.518938076087688,1,1,1,"5","CXCL16"
"NEK7",0.00102896750660168,0.589176859778629,1,1,1,"5","NEK7"
"CPD",0.00102898730002638,0.699480540662904,1,1,1,"5","CPD"
"NXF3",0.00102930147419253,1.33733898526053,1,1,1,"5","NXF3"
"FIBIN",0.00103340012777183,1.47824284416241,1,1,1,"5","FIBIN"
"TNFRSF11B",0.00104895092674994,2.26627478325092,1,1,1,"5","TNFRSF11B"
"IGHJ4",0.00104956863500121,2.61865371128404,1,1,1,"5","IGHJ4"
"SEMA3E",0.00105050414544581,2.44521588242678,1,1,1,"5","SEMA3E"
"SMTNL1",0.00105185370307077,1.67138389930495,1,1,1,"5","SMTNL1"
"CACNA1F",0.00105296381413065,1.24933391766215,1,1,1,"5","CACNA1F"
"SDK2",0.00105460012654178,1.37417944075216,1,1,1,"5","SDK2"
"ATF3",0.00105621790026996,1.10857711582073,1,1,1,"5","ATF3"
"UGCG",0.00105629883234292,0.604393675002921,1,1,1,"5","UGCG"
"MMP8",0.00106100830994757,3.72185201435989,1,1,1,"5","MMP8"
"RP11-16E12.21",0.00106181630339678,0.278824414051043,1,1,1,"5","RP11-16E12.2"
"CES1",0.00107973600908647,1.92722590865006,1,1,1,"5","CES1"
"CLUL1",0.00108070553756539,0.94232616943456,1,1,1,"5","CLUL1"
"RP11-448G4.2",0.00108070553756539,0.629045456770784,1,1,1,"5","RP11-448G4.2"
"SDK1",0.00108386612703946,1.10178430430329,1,1,1,"5","SDK1"
"HIF1A",0.00108427971581214,0.654668763544983,1,1,1,"5","HIF1A"
"TNFSF13B",0.00111040999417797,0.733825376679155,1,1,1,"5","TNFSF13B"
"PTAFR",0.00111176140689597,1.12616572684851,1,1,1,"5","PTAFR"
"ALOX5AP",0.00111220507694639,1.9456857371847,1,1,1,"5","ALOX5AP"
"RNASET2",0.00111294478814089,0.449129930159449,1,1,1,"5","RNASET2"
"MIA",0.001117854691294,0.498711568524927,1,1,1,"5","MIA"
"GPR88",0.00113091473268311,0.198894660405379,1,1,1,"5","GPR88"
"ASPHD1",0.00113622170750374,2.3202879430858,1,1,1,"5","ASPHD1"
"CLDN11",0.00113874798429626,3.25857053886267,1,1,1,"5","CLDN11"
"EAF2",0.00113874798429626,1.83016195083352,1,1,1,"5","EAF2"
"DLG2",0.00113971848750285,1.48247924492946,1,1,1,"5","DLG2"
"S100A12",0.00114122122418515,3.69381926560734,1,1,1,"5","S100A12"
"RP13-93L13.2",0.00114187712246389,1.07674354492159,1,1,1,"5","RP13-93L13.2"
"SELPLG",0.00114187712246389,1.13751832836072,1,1,1,"5","SELPLG"
"PRELP",0.00114209313477379,1.51682789299593,1,1,1,"5","PRELP"
"PHF15",0.00114222275514943,0.580779835177486,1,1,1,"5","PHF15"
"PFKFB3",0.00114230917414574,0.923115138222649,1,1,1,"5","PFKFB3"
"CCL20",0.00115036290669906,1.49854366778793,1,1,1,"5","CCL20"
"ACTN2",0.00116237019860502,3.11081915944643,1,1,1,"5","ACTN2"
"IGHV4-61",0.00116308356418427,2.4696978228623,1,1,1,"5","IGHV4-61"
"SPINK13",0.00116437474942273,0.134907396727584,1,1,1,"5","SPINK13"
"DFNB31",0.00117194673992541,0.722996660752937,1,1,1,"5","DFNB31"
"PLCB2",0.00117238829025518,0.429710091651863,1,1,1,"5","PLCB2"
"TCEAL3",0.00117238829025518,0.538294798940107,1,1,1,"5","TCEAL3"
"CHRM2",0.001172477893391,2.3151299991574,1,1,1,"5","CHRM2"
"IGHV4-59",0.00118146384143365,3.19345695067248,1,1,1,"5","IGHV4-59"
"BPIFB4",0.00118251912218204,2.10593686445723,1,1,1,"5","BPIFB4"
"VWA3B",0.0011948964926475,6.05347202634294,1,1,1,"5","VWA3B"
"ADAP1",0.00119842743442724,0.229827093654738,1,1,1,"5","ADAP1"
"MED12L",0.00119947853239591,1.46103402401364,1,1,1,"5","MED12L"
"SCARNA17",0.00120240826840692,1.04203104944111,1,1,1,"5","SCARNA17"
"SLC22A5",0.0012027466182574,0.590590788676352,1,1,1,"5","SLC22A5"
"FAM20A",0.00120319784905722,0.964360309064563,1,1,1,"5","FAM20A"
"IGLV1-47",0.0012043373395332,1.08287449367492,1,1,1,"5","IGLV1-47"
"LMOD2",0.00121997412745291,1.46268522113955,1,1,1,"5","LMOD2"
"CTD-3193O13.9",0.00123095321137965,1.77602659815088,1,1,1,"5","CTD-3193O13.9"
"FSTL3",0.00123198898825323,2.01888608194634,1,1,1,"5","FSTL3"
"LRP11",0.00123346308096566,0.535642012589454,1,1,1,"5","LRP11"
"MSR11",0.00123466163564601,0.829313713186222,1,1,1,"5","MSR1"
"FMNL1",0.00123473080640548,0.765544930125122,1,1,1,"5","FMNL1"
"KRT8",0.00123473080640548,2.9057151705294,1,1,1,"5","KRT8"
"SAMD4A",0.00123473080640548,0.960523451079943,1,1,1,"5","SAMD4A"
"SSC5D",0.00123473080640548,1.67194571452028,1,1,1,"5","SSC5D"
"CYB5R4",0.00123475386389199,0.506554053765049,1,1,1,"5","CYB5R4"
"TMEM150B",0.00123599139994934,1.07032645382868,1,1,1,"5","TMEM150B"
"AGT",0.00124794311050848,2.02038343773947,1,1,1,"5","AGT"
"PDZRN4",0.00125392395623571,1.84711734674244,1,1,1,"5","PDZRN4"
"SLC17A3",0.00125509753130353,1.69120382409868,1,1,1,"5","SLC17A3"
"TP53TG5",0.00125638247526065,0.529390274760003,1,1,1,"5","TP53TG5"
"IGKV3D-20",0.00125883902802744,2.63026127362663,1,1,1,"5","IGKV3D-20"
"SPAG16",0.00126575372776861,1.17842232487579,1,1,1,"5","SPAG16"
"HIN1L",0.00126660150504031,0.668229526990844,1,1,1,"5","HIN1L"
"APBB1IP",0.00126704909333425,0.696304736580835,1,1,1,"5","APBB1IP"
"IGHV6-1",0.00128919800574277,1.75312851515227,1,1,1,"5","IGHV6-1"
"FZD2",0.00129329805420405,0.722159600340941,1,1,1,"5","FZD2"
"SERPINF2",0.00129329805420405,0.739762397864354,1,1,1,"5","SERPINF2"
"C10orf112",0.00129488196460829,1.09040927079376,1,1,1,"5","C10orf112"
"GCA",0.00129814978797366,1.69364640151047,1,1,1,"5","GCA"
"TRAV21",0.00129843493297866,0.6165101475311,1,1,1,"5","TRAV21"
"SORCS2",0.00129932848849757,1.15229684425203,1,1,1,"5","SORCS2"
"CD53",0.00129968945533442,1.14046549745166,1,1,1,"5","CD53"
"CYP1B11",0.00129968945533442,1.40581298688293,1,1,1,"5","CYP1B1"
"ZFYVE28",0.00129993013639239,0.470242321159125,1,1,1,"5","ZFYVE28"
"STXBP2",0.00130007455904381,1.04140610283812,1,1,1,"5","STXBP2"
"FRRS1L",0.00131561003450355,0.73597071580083,1,1,1,"5","FRRS1L"
"COL19A1",0.00131740971066522,1.77578288880195,1,1,1,"5","COL19A1"
"FAM149A",0.00132704352617645,0.81102728294746,1,1,1,"5","FAM149A"
"KCNH8",0.00132704352617645,0.560762313018621,1,1,1,"5","KCNH8"
"CTSE",0.00132881639939547,4.01574015983073,1,1,1,"5","CTSE"
"PF4",0.00132907242133936,3.20066108030079,1,1,1,"5","PF4"
"RP11-146D12.2",0.00132965084859881,0.581468112995911,1,1,1,"5","RP11-146D12.2"
"RASGRP4",0.00133111620089344,0.861510794522593,1,1,1,"5","RASGRP4"
"CCDC108",0.00133317363521341,3.4982160939802,1,1,1,"5","CCDC108"
"TNFRSF6B",0.00133320476686233,0.764920457179022,1,1,1,"5","TNFRSF6B"
"PPP1R12B",0.00133406538698074,1.00512276600962,1,1,1,"5","PPP1R12B"
"ALDOAP2",0.00133860568998978,0.18095440916526,1,1,1,"5","ALDOAP2"
"CYSLTR2",0.0013403251185538,0.948342028025372,1,1,1,"5","CYSLTR2"
"ARMC4",0.00134695489253654,2.58643203824388,1,1,1,"5","ARMC4"
"DKK1",0.00134695489253654,1.8325151250429,1,1,1,"5","DKK1"
"IGKV3D-11",0.00134710885340228,1.2539246868298,1,1,1,"5","IGKV3D-11"
"MUSK",0.00134837079058068,1.26745923896806,1,1,1,"5","MUSK"
"LILRA3",0.00135298545687841,1.18409658367746,1,1,1,"5","LILRA3"
"ZDHHC11",0.00135737233833543,0.987253518878962,1,1,1,"5","ZDHHC11"
"RP11-779O18.2",0.00136424667450787,0.394612180584145,1,1,1,"5","RP11-779O18.2"
"GLIPR1",0.00136827107808321,1.09548052757567,1,1,1,"5","GLIPR1"
"RAP1GAP",0.00136827107808321,1.0937569075054,1,1,1,"5","RAP1GAP"
"SDHAP3",0.00136867303610785,0.721083996662218,1,1,1,"5","SDHAP3"
"TREM2",0.00136923924980753,0.733512042833294,1,1,1,"5","TREM2"
"IGHV1-58",0.00137846542350385,0.672340223550895,1,1,1,"5","IGHV1-58"
"CD300LF",0.00138225206171961,0.593057034895484,1,1,1,"5","CD300LF"
"RGN",0.00138998687771712,1.4071627797706,1,1,1,"5","RGN"
"BDNF",0.00139266571997283,1.14808576619048,1,1,1,"5","BDNF"
"GNAO1",0.00139266571997283,0.857046148904105,1,1,1,"5","GNAO1"
"IGLL5",0.00139432825423326,1.53422732119993,1,1,1,"5","IGLL5"
"SIGLEC14",0.00140008188901446,0.808641177334435,1,1,1,"5","SIGLEC14"
"MIR499A",0.00140096210242947,0.417019882499444,1,1,1,"5","MIR499A"
"ABCC3",0.0014042102182835,0.599632961236832,1,1,1,"5","ABCC3"
"PARP8",0.00140428721877271,0.909208422599715,1,1,1,"5","PARP8"
"STK4",0.00140428721877271,0.479174974973116,1,1,1,"5","STK4"
"CD163",0.00140431288621315,1.05363781601509,1,1,1,"5","CD163"
"RUNX11",0.00140431288621315,1.03582727248645,1,1,1,"5","RUNX1"
"OR51B6",0.00140938519461905,0.412056803415503,1,1,1,"5","OR51B6"
"ADH1A",0.00143368853489238,1.37554670488076,1,1,1,"5","ADH1A"
"UBXN2B",0.00143978386374999,0.715744728961731,1,1,1,"5","UBXN2B"
"FBXO32",0.00144067513033355,1.89775501343317,1,1,1,"5","FBXO32"
"GPCPD1",0.00144070134947905,0.935919903193028,1,1,1,"5","GPCPD1"
"PDLIM1",0.00144070134947905,1.31624037497555,1,1,1,"5","PDLIM1"
"ATP5J2P6",0.00144947763663155,0.435349610151937,1,1,1,"5","ATP5J2P6"
"IGKV1-16",0.0014552167552496,3.04673139287332,1,1,1,"5","IGKV1-16"
"RGS11",0.00147031059338736,0.829778945041518,1,1,1,"5","RGS11"
"KCNS1",0.00147402143879737,0.681909553545108,1,1,1,"5","KCNS1"
"MEPE",0.00147538400585978,8.11124657873368,1,1,1,"5","MEPE"
"PCDHB41",0.00147570866188167,0.993434109449328,1,1,1,"5","PCDHB4"
"RP11-407N17.3",0.00147570866188167,0.621715781356539,1,1,1,"5","RP11-407N17.3"
"ADAMTS6",0.00147742161611529,1.23607669731605,1,1,1,"5","ADAMTS6"
"SRGAP3",0.00147768938153601,1.1991973872106,1,1,1,"5","SRGAP3"
"PER1",0.00147795717839832,1.22052806304667,1,1,1,"5","PER1"
"GTF2A1L",0.00148339168384811,0.963008102796895,1,1,1,"5","GTF2A1L"
"MLC1",0.00151370222633322,2.44086459000269,1,1,1,"5","MLC1"
"COL8A2",0.00151380238454006,0.132884653338422,1,1,1,"5","COL8A2"
"NBL1",0.00151582544279196,0.896064457141206,1,1,1,"5","NBL1"
"ZNF483",0.00151582544279196,0.826483543464112,1,1,1,"5","ZNF483"
"FAM20C1",0.0015160716095595,0.939082957115069,1,1,1,"5","FAM20C"
"FRA10AC1",0.0015160716095595,0.606622792570267,1,1,1,"5","FRA10AC1"
"TSC22D3",0.00151609896301767,0.601735429042177,1,1,1,"5","TSC22D3"
"GIN1",0.0015309511474294,0.565547961835604,1,1,1,"5","GIN1"
"PLEKHG4B",0.00154900743132836,0.528583563922478,1,1,1,"5","PLEKHG4B"
"C7orf31",0.00155054051491843,0.864801335762614,1,1,1,"5","C7orf31"
"IGLV3-9",0.00155198114143536,1.65654363285585,1,1,1,"5","IGLV3-9"
"INSC",0.00155198114143536,3.4785275658786,1,1,1,"5","INSC"
"LRRN1",0.0015528001106696,1.55400068327137,1,1,1,"5","LRRN1"
"C7orf63",0.00155458697158761,1.56154294297427,1,1,1,"5","C7orf63"
"KLF9",0.00155511770109841,1.20175826879746,1,1,1,"5","KLF9"
"ELF3",0.0015558918754687,3.64840554901399,1,1,1,"5","ELF3"
"FAM151A",0.00156762474330767,0.942519298801297,1,1,1,"5","FAM151A"
"RBP2",0.00157740136467682,3.58873493207697,1,1,1,"5","RBP2"
"FER1L4",0.00159411813083107,1.12564591037669,1,1,1,"5","FER1L4"
"C14orf39",0.00159440361927824,1.24355391023671,1,1,1,"5","C14orf39"
"MAOA",0.00159454594765244,0.795120959578959,1,1,1,"5","MAOA"
"TCEA3",0.00159454594765244,1.32728622370366,1,1,1,"5","TCEA3"
"CTSD",0.00159511648499147,1.20870988211037,1,1,1,"5","CTSD"
"TOX3",0.00159537536807908,1.30093012473103,1,1,1,"5","TOX3"
"MYOC",0.00160978371583193,0.960023583335403,1,1,1,"5","MYOC"
"IGLV3-27",0.00161248512443664,1.55683373105652,1,1,1,"5","IGLV3-27"
"MAATS1",0.00161976793837392,2.8471227835757,1,1,1,"5","MAATS1"
"COLEC10",0.00162227355718975,0.104048172574153,1,1,1,"5","COLEC10"
"RP11-10J21.3",0.00162575082960391,0.319831052161074,1,1,1,"5","RP11-10J21.3"
"SDS",0.00162771225505568,0.787910680372464,1,1,1,"5","SDS"
"FTH1P12",0.00163122846161426,0.531700764992463,1,1,1,"5","FTH1P12"
"GALM",0.00163253738487403,0.494333235358956,1,1,1,"5","GALM"
"SHANK2",0.00163440012584871,1.57035008125791,1,1,1,"5","SHANK2"
"PDGFC",0.00163544851700261,0.943382842648415,1,1,1,"5","PDGFC"
"SEC63P1",0.00163544851700261,1.17273979851241,1,1,1,"5","SEC63P1"
"CECR1",0.0016359146071625,0.74549509129111,1,1,1,"5","CECR1"
"TIMP1",0.00163603114302408,1.35360549034853,1,1,1,"5","TIMP1"
"TEX15",0.00163688561469223,2.01962240755897,1,1,1,"5","TEX15"
"IGKV5-2",0.00164194594476521,2.87693248853071,1,1,1,"5","IGKV5-2"
"PADI4",0.0016569325644675,2.69649165875059,1,1,1,"5","PADI4"
"RP11-723P16.3",0.00165998976854564,0.996898514707722,1,1,1,"5","RP11-723P16.3"
"LRRIQ1",0.00166751114428835,4.58189121987812,1,1,1,"5","LRRIQ1"
"AMIGO1",0.00167137275242191,0.512065351919203,1,1,1,"5","AMIGO1"
"TNIP3",0.00167289227306672,2.86979531028149,1,1,1,"5","TNIP3"
"GZMH",0.0016743975271752,0.635600908795345,1,1,1,"5","GZMH"
"CCL23",0.00167604230664425,0.579680609666767,1,1,1,"5","CCL23"
"PARP11",0.00167624413065003,0.528693128395838,1,1,1,"5","PARP11"
"CLEC7A",0.00167787985834075,1.11856097336608,1,1,1,"5","CLEC7A"
"TSHB",0.00168091919512332,0.382166823202029,1,1,1,"5","TSHB"
"CD24P4",0.00168636502475067,1.46605687912634,1,1,1,"5","CD24P4"
"IGHV4-31",0.00168636502475067,3.43725820406581,1,1,1,"5","IGHV4-31"
"CTB-47B11.3",0.00169063277664406,0.480136748458053,1,1,1,"5","CTB-47B11.3"
"IGKV1-39",0.00169212811171371,3.88320034944749,1,1,1,"5","IGKV1-39"
"CADM3",0.00169422237943187,1.01477257222695,1,1,1,"5","CADM3"
"TXK",0.00170973777234737,0.632214566032534,1,1,1,"5","TXK"
"RP11-37J13.1",0.00171025634556338,0.570342225060539,1,1,1,"5","RP11-37J13.1"
"LILRB3",0.00171712949192241,0.355990589739715,1,1,1,"5","LILRB3"
"ATF7IP2",0.00171970926373223,1.12829334502256,1,1,1,"5","ATF7IP2"
"NACAD",0.00171970926373223,0.646952727053215,1,1,1,"5","NACAD"
"UBE2D1",0.00171970926373223,0.356382548037685,1,1,1,"5","UBE2D1"
"IGHV1-45",0.00171990697947264,0.794215104062465,1,1,1,"5","IGHV1-45"
"FAM168A",0.00172046849111861,0.550260545343615,1,1,1,"5","FAM168A"
"BNC2",0.00172077224202274,0.826684439140472,1,1,1,"5","BNC2"
"NPC2",0.00172077224202274,1.2134998028206,1,1,1,"5","NPC2"
"HNRNPA1P9",0.00172716460677367,0.831252682082258,1,1,1,"5","HNRNPA1P9"
"FOXC2",0.00175578374363419,0.925765839225887,1,1,1,"5","FOXC2"
"WDR96",0.00176203575660487,4.26558073491605,1,1,1,"5","WDR96"
"MST4",0.00176290349042197,0.564638852378986,1,1,1,"5","MST4"
"NAP1L5",0.00176290349042197,0.2781020425937,1,1,1,"5","NAP1L5"
"NTPCR",0.0017640195483347,0.97725383795869,1,1,1,"5","NTPCR"
"SH2B21",0.0017640195483347,0.544581429825154,1,1,1,"5","SH2B2"
"PIK3R5",0.00176451571858361,0.5718649487793,1,1,1,"5","PIK3R5"
"CREB3L1",0.00176460876040617,1.26399140639672,1,1,1,"5","CREB3L1"
"CTGF1",0.00176463977504184,1.78681446029323,1,1,1,"5","CTGF"
"TMEM170B",0.00176773092361351,0.825173683740156,1,1,1,"5","TMEM170B"
"IL15",0.00177273431374049,0.58254869357275,1,1,1,"5","IL15"
"PTPRQ",0.00178808297169085,1.90885175766744,1,1,1,"5","PTPRQ"
"NLRP14",0.00179631870676799,1.32270463641738,1,1,1,"5","NLRP14"
"TRPC3",0.00180467448802082,1.16636723990669,1,1,1,"5","TRPC3"
"LRRN2",0.00180573613218888,0.528429860137859,1,1,1,"5","LRRN2"
"EVI2A",0.00180687475394699,0.733524420177105,1,1,1,"5","EVI2A"
"SELL",0.00180687475394699,0.928453891626376,1,1,1,"5","SELL"
"IKZF3",0.00180776066419627,0.406551889775022,1,1,1,"5","IKZF3"
"TNXA",0.00180890009740608,0.885309515559848,1,1,1,"5","TNXA"
"PIK3CD",0.00180950164897897,0.604707331086381,1,1,1,"5","PIK3CD"
"ANK3",0.00180953331311067,1.28947469763261,1,1,1,"5","ANK3"
"ELL2",0.00180953331311067,1.25540684344023,1,1,1,"5","ELL2"
"GGA2",0.00180953331311067,0.38415948458524,1,1,1,"5","GGA2"
"PARVG",0.00180953331311067,0.708480154754522,1,1,1,"5","PARVG"
"SYNPO",0.00180953331311067,1.33332824908348,1,1,1,"5","SYNPO"
"IGKV1D-8",0.00181133511348531,0.724704683339942,1,1,1,"5","IGKV1D-8"
"ORM1",0.00184053858790566,1.12900904466653,1,1,1,"5","ORM1"
"OTC",0.00184376622426722,0.978385007171758,1,1,1,"5","OTC"
"DDX43",0.00184837138252405,1.07305210935369,1,1,1,"5","DDX43"
"PDE6B",0.00184837138252405,0.488059711283608,1,1,1,"5","PDE6B"
"RARRES1",0.00185434316982781,1.20869502766183,1,1,1,"5","RARRES1"
"MCF2",0.00189914898535251,0.812425481817804,1,1,1,"5","MCF2"
"HLA-DMB",0.00189971414315038,0.608050742830299,1,1,1,"5","HLA-DMB"
"MT2A",0.00190245173534357,0.944649725063968,1,1,1,"5","MT2A"
"RNF13",0.00190245173534357,0.283860800225515,1,1,1,"5","RNF13"
"CCNL1",0.00190248473358865,0.822918479485839,1,1,1,"5","CCNL1"
"ERLEC1",0.00190248473358865,0.536694554514536,1,1,1,"5","ERLEC1"
"NME8",0.00190611210483174,0.667784957602063,1,1,1,"5","NME8"
"KCTD14",0.00192444754554204,0.660464768777347,1,1,1,"5","KCTD14"
"LCN10",0.00193027585325794,0.746711720095686,1,1,1,"5","LCN10"
"IGLV1-36",0.00193657902798946,1.16698339218913,1,1,1,"5","IGLV1-36"
"CD86",0.00194318528899784,0.442532522722974,1,1,1,"5","CD86"
"NTNG1",0.00194593762903274,1.67376283828946,1,1,1,"5","NTNG1"
"IL1B",0.00194654738766905,1.37344512729862,1,1,1,"5","IL1B"
"RDH10",0.00194870105641695,1.2438879130421,1,1,1,"5","RDH10"
"RARRES3",0.00194940805650772,0.659105877507873,1,1,1,"5","RARRES3"
"NCF4",0.00195055306648898,1.0602136207607,1,1,1,"5","NCF4"
"WLS",0.00195058674967639,0.86342155956638,1,1,1,"5","WLS"
"RNF212",0.00195960859342087,0.654487435266361,1,1,1,"5","RNF212"
"FAM81B",0.00197369814069049,3.38189969822359,1,1,1,"5","FAM81B"
"AF131215.4",0.00198639681083503,0.86753961538399,1,1,1,"5","AF131215.4"
"CCDC169",0.00198716043236776,0.935862288797466,1,1,1,"5","CCDC169"
"TACR2",0.00198731320187467,0.893791456780413,1,1,1,"5","TACR2"
"RARB1",0.00199413533716014,0.447002115881164,1,1,1,"5","RARB"
"EDIL31",0.001996916402947,2.05064837099122,1,1,1,"5","EDIL3"
"DNAJC25",0.00199945926294287,0.248633291230993,1,1,1,"5","DNAJC25"
"TMEM30A",0.00199976866864913,0.490415866621952,1,1,1,"5","TMEM30A"
"FTL",0.00199980304892118,0.489123641291567,1,1,1,"5","FTL"
"VCAN",0.00199980304892118,1.22438277425601,1,1,1,"5","VCAN"
"ARC",0.00200027282607337,0.546126376520428,1,1,1,"5","ARC"
"CXCL17",0.00200130393966406,3.08539028833125,1,1,1,"5","CXCL17"
"AGR3",0.00201694760595497,3.63521720053093,1,1,1,"5","AGR3"
"IGHV4-34",0.00203422982585282,2.10507630458012,1,1,1,"5","IGHV4-34"
"FAM134B",0.00204819225097752,0.892214997496684,1,1,1,"5","FAM134B"
"CDH19",0.00204912509750618,3.82665788470727,1,1,1,"5","CDH19"
"SIMC1",0.00205001633510466,0.534263217989304,1,1,1,"5","SIMC1"
"BICC1",0.00205015669149951,0.843740096923604,1,1,1,"5","BICC1"
"PDLIM51",0.00205015669149951,0.59998245398144,1,1,1,"5","PDLIM5"
"TOR1AIP1",0.00205015669149951,0.604826907250359,1,1,1,"5","TOR1AIP1"
"NLGN1",0.00205437916356671,1.08139057308411,1,1,1,"5","NLGN1"
"ARSI",0.00206065615213679,1.132444272421,1,1,1,"5","ARSI"
"COL28A1",0.00207740747565764,3.50886071999869,1,1,1,"5","COL28A1"
"TCN1",0.00208119257702476,4.01899848755962,1,1,1,"5","TCN1"
"GZMB",0.00209144461761195,0.879218588979921,1,1,1,"5","GZMB"
"MR1",0.00209737648930439,0.896736144153707,1,1,1,"5","MR1"
"MT1E",0.00209737648930439,0.951134734974449,1,1,1,"5","MT1E"
"CACNA1E",0.00209866430822406,1.48568606623126,1,1,1,"5","CACNA1E"
"CLDN12",0.00209866430822406,0.257360550329745,1,1,1,"5","CLDN12"
"SIGLEC9",0.0020996662874908,0.583657200961174,1,1,1,"5","SIGLEC9"
"CXCR4",0.00210163533319879,1.28489458261721,1,1,1,"5","CXCR4"
"FYB",0.00210167114472946,0.531437890119903,1,1,1,"5","FYB"
"SPIDR1",0.00210167114472946,0.392143726216243,1,1,1,"5","SPIDR"
"IGKV1-8",0.00211249048531378,1.67162343690528,1,1,1,"5","IGKV1-8"
"CHD5",0.002145580744291,1.10805543312071,1,1,1,"5","CHD5"
"DNAH10",0.00215232430674253,5.01294340892056,1,1,1,"5","DNAH10"
"NTRK3",0.00215232430674253,1.97778506157382,1,1,1,"5","NTRK3"
"GBE1",0.00215433374253737,0.247975966650092,1,1,1,"5","GBE1"
"JUNB",0.00215437028857594,1.63324060472111,1,1,1,"5","JUNB"
"TAS2R41",0.00216549111885417,0.591496947421042,1,1,1,"5","TAS2R41"
"KCNMB2",0.00216582119890612,0.646073189374547,1,1,1,"5","KCNMB2"
"SLC52A3",0.00217694600369971,1.58594455086538,1,1,1,"5","SLC52A3"
"PI15",0.00218593866187346,1.75586704014924,1,1,1,"5","PI15"
"DMRTA1",0.00218602014127443,0.95074368285206,1,1,1,"5","DMRTA1"
"SYNC",0.00220514714694793,0.969919040723157,1,1,1,"5","SYNC"
"ATOH8",0.00220619059744503,1.83879684982358,1,1,1,"5","ATOH8"
"CAMP",0.00220635911603385,2.5941161813064,1,1,1,"5","CAMP"
"HYDIN",0.00220790550528209,2.59702682936435,1,1,1,"5","HYDIN"
"DNAJC21",0.00220824112783489,0.582348401122825,1,1,1,"5","DNAJC21"
"PMP22",0.00220824112783489,0.664093718473254,1,1,1,"5","PMP22"
"ANTXR11",0.00220827842119147,0.9024905326716,1,1,1,"5","ANTXR1"
"CD46",0.00220827842119147,0.654521380050326,1,1,1,"5","CD46"
"HEXB",0.00220827842119147,0.692816766656314,1,1,1,"5","HEXB"
"DNAAF1",0.00222029696059945,5.00193076725891,1,1,1,"5","DNAAF1"
"RRAD",0.00222029696059945,5.15398535784604,1,1,1,"5","RRAD"
"ZSCAN231",0.0022421724125113,0.605221262917302,1,1,1,"5","ZSCAN23"
"CHST9",0.00224675179557668,3.7780744016112,1,1,1,"5","CHST9"
"OR51B2",0.00225101325934425,0.881690720405977,1,1,1,"5","OR51B2"
"BMP4",0.00225255311705176,1.17553507912117,1,1,1,"5","BMP4"
"EPCAM",0.0022612898720161,1.25342671833427,1,1,1,"5","EPCAM"
"GDF15",0.00226326805225991,1.38714570716339,1,1,1,"5","GDF15"
"DOCK11",0.00226338221083768,0.612192900131735,1,1,1,"5","DOCK11"
"CUX1",0.00226342026449199,0.220072433277899,1,1,1,"5","CUX1"
"CHGB",0.00228720306084713,1.08352609803154,1,1,1,"5","CHGB"
"BHLHE40-AS1",0.00229816159190367,0.433817724229256,1,1,1,"5","BHLHE40-AS1"
"BEX2",0.00230798851664201,0.504807346123879,1,1,1,"5","BEX2"
"SLC44A3",0.00231516459261267,0.898270226848553,1,1,1,"5","SLC44A3"
"XKR6",0.00231656089694557,0.789506347274484,1,1,1,"5","XKR6"
"ROR2",0.00231904450423469,1.04067375981512,1,1,1,"5","ROR2"
"CYP4V2",0.00231966566377377,0.867774146417453,1,1,1,"5","CYP4V2"
"DNAJC5B",0.00232404278558617,0.958304759681097,1,1,1,"5","DNAJC5B"
"OR52D1",0.00234887719942144,1.08135908199705,1,1,1,"5","OR52D1"
"USP43",0.00235066281992852,1.48280485069842,1,1,1,"5","USP43"
"EXOSC3P1",0.00235538617897354,0.694456425033096,1,1,1,"5","EXOSC3P1"
"TMEM92",0.00235554825615599,1.04851875406393,1,1,1,"5","TMEM92"
"SCGB3A2",0.00236777041979725,3.29131726794789,1,1,1,"5","SCGB3A2"
"EIF5A2",0.00237417998001344,0.613009995953007,1,1,1,"5","EIF5A2"
"CNKSR1",0.0023752883746636,1.46470451538012,1,1,1,"5","CNKSR1"
"CEBPB",0.00237734767028077,1.12144045205722,1,1,1,"5","CEBPB"
"FNDC3B1",0.00237750612332223,0.57751233387437,1,1,1,"5","FNDC3B"
"FOXP1",0.00237750612332223,0.697682530675674,1,1,1,"5","FOXP1"
"CHDH",0.00239069767488556,1.05653346940583,1,1,1,"5","CHDH"
"TNFSF14",0.0024032687331055,0.695267954650697,1,1,1,"5","TNFSF14"
"NPTXR",0.00240911548101802,0.417818195631643,1,1,1,"5","NPTXR"
"KLHDC9",0.00241815598166606,0.831028991017975,1,1,1,"5","KLHDC9"
"RNASE2",0.0024244745093438,5.16956477636178,1,1,1,"5","RNASE2"
"CTAGE5",0.00243569354792691,0.275895622228855,1,1,1,"5","CTAGE5"
"IL6R",0.00243609762938379,0.613676845161633,1,1,1,"5","IL6R"
"FUCA1",0.00243646133802072,1.08329531726425,1,1,1,"5","FUCA1"
"SIK1",0.00243646133802072,1.03630956980964,1,1,1,"5","SIK1"
"C1R",0.00243650175215734,1.06587652019032,1,1,1,"5","C1R"
"SERPING1",0.00243650175215734,1.05671583016032,1,1,1,"5","SERPING1"
"CYP17A1",0.00245010579853858,1.0050863677145,1,1,1,"5","CYP17A1"
"CSF3",0.00245873571042494,2.39821773131659,1,1,1,"5","CSF3"
"IGHGP",0.0024818549511977,4.29493253660436,1,1,1,"5","IGHGP"
"SMOC1",0.0024818549511977,0.763262972010711,1,1,1,"5","SMOC1"
"MAPK101",0.002490037359281,1.64358591417537,1,1,1,"5","MAPK10"
"SCN8A",0.00249188994887896,0.402528836278183,1,1,1,"5","SCN8A"
"RGS10",0.0024953915962297,0.635231601950247,1,1,1,"5","RGS10"
"TBC1D8B",0.00249600984779739,0.147841659956542,1,1,1,"5","TBC1D8B"
"SKIL1",0.00249683432967224,0.95011467394464,1,1,1,"5","SKIL"
"PKNOX21",0.0025243540458318,1.65607739824694,1,1,1,"5","PKNOX2"
"SLC5A8",0.00253418991833123,3.20126144179156,1,1,1,"5","SLC5A8"
"RP13-36G14.3",0.00254652007684993,1.09983588513321,1,1,1,"5","RP13-36G14.3"
"MYOM2",0.00255499956764681,2.48426752931334,1,1,1,"5","MYOM2"
"PARP15",0.00255705907900477,0.402188311823712,1,1,1,"5","PARP15"
"LAT2",0.00255768974504592,0.369145932320896,1,1,1,"5","LAT2"
"PRDM6",0.00255844667014336,2.07347907336966,1,1,1,"5","PRDM6"
"ASPH",0.00255853078140676,0.480672634663389,1,1,1,"5","ASPH"
"DAP",0.00255853078140676,0.822509767393527,1,1,1,"5","DAP"
"NET1",0.00255853078140676,0.774296008551502,1,1,1,"5","NET1"
"SLCO2B1",0.00255853078140676,0.606879307190752,1,1,1,"5","SLCO2B1"
"SLMAP",0.00255853078140676,0.558238829436423,1,1,1,"5","SLMAP"
"TAGLN1",0.00255853078140676,1.53251790666506,1,1,1,"5","TAGLN"
"TPP1",0.00255853078140676,0.453289004052539,1,1,1,"5","TPP1"
"CCDC37",0.0025802517987033,3.28190893941271,1,1,1,"5","CCDC37"
"IGKJ4",0.00258399297718252,0.777093219231139,1,1,1,"5","IGKJ4"
"WDR17",0.00259766295065506,1.78330152828238,1,1,1,"5","WDR17"
"P2RX5",0.00261921688394935,0.893690208330332,1,1,1,"5","P2RX5"
"C9orf72",0.00262076061961537,0.562295164480034,1,1,1,"5","C9orf72"
"DENND1B",0.00262118953375933,0.632965971834334,1,1,1,"5","DENND1B"
"LUM",0.00262161849080954,1.1719984356009,1,1,1,"5","LUM"
"TRGC1",0.00262831663362982,0.469696387802255,1,1,1,"5","TRGC1"
"PPP1R14A1",0.00267650997211317,1.12897808980543,1,1,1,"5","PPP1R14A"
"HSPB7",0.00267891183458866,1.98906903188023,1,1,1,"5","HSPB7"
"RFX2",0.0026808779719643,1.38340839214223,1,1,1,"5","RFX2"
"RP3-425P12.4",0.00268367577119912,1.59098258433005,1,1,1,"5","RP3-425P12.4"
"MAGI31",0.00268568778836674,1.64747352380875,1,1,1,"5","MAGI3"
"FOSL1",0.00268612530503619,1.01853510774725,1,1,1,"5","FOSL1"
"PTPRC",0.00268612530503619,0.846131511234194,1,1,1,"5","PTPRC"
"NFAM1",0.00273933500395812,1.09896938766226,1,1,1,"5","NFAM1"
"PLA1A",0.00273933500395812,1.27526860460547,1,1,1,"5","PLA1A"
"OR2D3",0.00274082776991294,1.02459603108701,1,1,1,"5","OR2D3"
"SYT9",0.00274082776991294,1.20784057802848,1,1,1,"5","SYT9"
"C5AR2",0.0027422728588753,0.899071033150314,1,1,1,"5","C5AR2"
"ZC2HC1C",0.0027422728588753,0.951936170614925,1,1,1,"5","ZC2HC1C"
"CCDC112",0.00275163332078102,0.830256112556507,1,1,1,"5","CCDC112"
"ATHL1",0.00275190104750033,1.49611647720922,1,1,1,"5","ATHL1"
"SLCO2A1",0.00275190104750033,1.36203231757081,1,1,1,"5","SLCO2A1"
"SRPX21",0.00275190104750033,0.818805117489479,1,1,1,"5","SRPX2"
"SAMD11",0.00278252271449938,2.91408790443574,1,1,1,"5","SAMD11"
"TMEM156",0.0027886666904345,0.310990351117489,1,1,1,"5","TMEM156"
"GSTA2",0.00279139214445408,4.27874724553499,1,1,1,"5","GSTA2"
"DIO3OS",0.00280297416295045,0.885372754850131,1,1,1,"5","DIO3OS"
"PCOLCE2",0.00280297416295045,0.130515279469588,1,1,1,"5","PCOLCE2"
"PTPRH",0.00280950875912328,1.54846855261971,1,1,1,"5","PTPRH"
"MYL91",0.00281905492130063,1.19232585079549,1,1,1,"5","MYL9"
"SATB1",0.00281946448122027,0.684089567776635,1,1,1,"5","SATB1"
"SAMHD1",0.00281950999010394,0.696257720623244,1,1,1,"5","SAMHD1"
"SIK2",0.00281950999010394,0.205397895709417,1,1,1,"5","SIK2"
"PCDH11Y",0.00283230123781966,3.99015481139376,1,1,1,"5","PCDH11Y"
"PDE4C",0.00283292380878438,0.831766179530648,1,1,1,"5","PDE4C"
"C1orf145",0.00286406804779325,0.500128485516095,1,1,1,"5","C1orf145"
"SLC51A",0.00287158299134445,0.796689913618755,1,1,1,"5","SLC51A"
"RP11-61L23.21",0.00288454918179401,0.288799083586255,1,1,1,"5","RP11-61L23.2"
"FAM101A",0.00288657966174905,1.60713986650258,1,1,1,"5","FAM101A"
"SLC22A3",0.0028868218964185,2.19643975537074,1,1,1,"5","SLC22A3"
"CD8A",0.00288751784166284,0.668868999665698,1,1,1,"5","CD8A"
"MME",0.00288798186148334,0.798060184688602,1,1,1,"5","MME"
"RRAS2",0.00288826029500448,0.426203899044427,1,1,1,"5","RRAS2"
"GALC",0.00288839951784822,0.802197996265399,1,1,1,"5","GALC"
"SCARNA5",0.00288844592636401,0.830536844790938,1,1,1,"5","SCARNA5"
"AZU1",0.00289572622348638,4.40383701800403,1,1,1,"5","AZU1"
"CTD-3185P2.1",0.00290868611362849,0.596274222853106,1,1,1,"5","CTD-3185P2.1"
"LCA5L",0.00294172164272365,0.564815815239028,1,1,1,"5","LCA5L"
"TRIQK",0.00294172164272365,0.760653739655533,1,1,1,"5","TRIQK"
"NALCN",0.0029485170232735,0.608631538020353,1,1,1,"5","NALCN"
"C1orf132",0.00295324159958151,0.643423531842108,1,1,1,"5","C1orf132"
"C5orf56",0.00295626772133564,0.865755832827691,1,1,1,"5","C5orf56"
"RAD17P2",0.00295719121418975,0.386536689662545,1,1,1,"5","RAD17P2"
"FAM105A",0.00295726107452063,0.491041506570634,1,1,1,"5","FAM105A"
"SLC9A8",0.00295844390005174,0.423577233362575,1,1,1,"5","SLC9A8"
"ACP5",0.00295872782059072,1.81396822014949,1,1,1,"5","ACP5"
"CLIC41",0.00295891711007094,0.427941535177837,1,1,1,"5","CLIC4"
"FLT4",0.00295891711007094,0.704375370598765,1,1,1,"5","FLT4"
"KIAA0247",0.00295891711007094,0.648146910645297,1,1,1,"5","KIAA0247"
"MT1JP",0.00297400155108847,0.775517700518716,1,1,1,"5","MT1JP"
"IER3",0.00303047128882285,2.27917833733619,1,1,1,"5","IER3"
"RP11-12A20.7",0.00303090554216257,1.56766923642053,1,1,1,"5","RP11-12A20.7"
"CNNM4",0.00303095379484118,0.652846323154352,1,1,1,"5","CNNM4"
"TMEM252",0.00303174039587816,0.80172602022691,1,1,1,"5","TMEM252"
"TTC40",0.00303515360162178,4.92335736661499,1,1,1,"5","TTC40"
"XK",0.00304127361566818,1.94647648532668,1,1,1,"5","XK"
"HCN4",0.00304877832740641,1.77331615519184,1,1,1,"5","HCN4"
"RP11-419L20.2",0.00304877832740641,0.32271055683141,1,1,1,"5","RP11-419L20.2"
"IGLV3-19",0.00307199429583807,7.52540106104848,1,1,1,"5","IGLV3-19"
"ZNF391",0.00307710917093165,0.635878257279536,1,1,1,"5","ZNF391"
"RMDN2",0.00309868635908709,0.848842781133584,1,1,1,"5","RMDN2"
"DPP4",0.00310438994586749,1.13634670092333,1,1,1,"5","DPP4"
"ABI3BP",0.00310458673334496,0.915097366999085,1,1,1,"5","ABI3BP"
"EPC2",0.00310458673334496,0.498543571564234,1,1,1,"5","EPC2"
"TMF1",0.00310458673334496,0.409807255439262,1,1,1,"5","TMF1"
"IGHV5-78",0.00312059888599829,0.50675513903677,1,1,1,"5","IGHV5-78"
"PKD2L1",0.00313380220195006,0.843378146535807,1,1,1,"5","PKD2L1"
"CLDN3",0.00314813435360659,0.928030258558785,1,1,1,"5","CLDN3"
"CCDC158",0.00315116101963903,1.19094498107951,1,1,1,"5","CCDC158"
"WBSCR17",0.00315183269220757,1.06537468033418,1,1,1,"5","WBSCR17"
"ZNF215",0.00315707412699718,1.48692641981704,1,1,1,"5","ZNF215"
"CLCNKA",0.00316695754643882,0.544632836179453,1,1,1,"5","CLCNKA"
"IGHV4OR15-8",0.00316787349193162,3.33953701370942,1,1,1,"5","IGHV4OR15-8"
"RP11-43D4.2",0.00317157752059104,0.384035936926651,1,1,1,"5","RP11-43D4.2"
"IGHG4",0.00317809193758654,3.5288168993219,1,1,1,"5","IGHG4"
"DCDC1",0.00317858688661739,3.06679675629565,1,1,1,"5","DCDC1"
"EMP3",0.00317934562545146,0.875720762730555,1,1,1,"5","EMP3"
"RNF144B",0.00317934562545146,0.388224361755743,1,1,1,"5","RNF144B"
"ALPK1",0.00317979702537146,0.442893384817346,1,1,1,"5","ALPK1"
"ATP6V1D",0.00317979702537146,0.488165452796,1,1,1,"5","ATP6V1D"
"CSRNP1",0.00317984718328053,1.44929275508954,1,1,1,"5","CSRNP1"
"ZNF888",0.00318918111229457,0.371614668863733,1,1,1,"5","ZNF888"
"IGHV3-73",0.00320649448246519,5.54699308291681,1,1,1,"5","IGHV3-73"
"ANKRD45",0.00321079989189035,1.27300458905371,1,1,1,"5","ANKRD45"
"OSM",0.00321171180724508,1.30903771860965,1,1,1,"5","OSM"
"OR7E14P",0.00322761883425239,0.77434424646537,1,1,1,"5","OR7E14P"
"IL1RL1",0.00325390415229498,0.714460555515624,1,1,1,"5","IL1RL1"
"SLC22A17",0.00325390415229498,0.91937392977681,1,1,1,"5","SLC22A17"
"CHL1",0.00325497751203965,1.62091045659509,1,1,1,"5","CHL1"
"NFIL3",0.00325656238072472,0.478861106315708,1,1,1,"5","NFIL3"
"RFT1",0.00325656238072472,0.418386134804264,1,1,1,"5","RFT1"
"TYROBP",0.00325671577949106,1.39427589394635,1,1,1,"5","TYROBP"
"CNN2",0.00325676691336916,0.670833933633993,1,1,1,"5","CNN2"
"ITGA3",0.00325676691336916,0.998086030785476,1,1,1,"5","ITGA3"
"MGP1",0.00325676691336916,1.70556808941031,1,1,1,"5","MGP"
"THBS2",0.00325676691336916,1.07151556195948,1,1,1,"5","THBS2"
"SIGLEC10",0.0033204899751388,0.553401933542691,1,1,1,"5","SIGLEC10"
"C4BPB",0.0033230387844349,1.07298597559203,1,1,1,"5","C4BPB"
"PLCXD3",0.00333093406702314,0.912353310768511,1,1,1,"5","PLCXD3"
"COL13A1",0.00333355409898755,0.412031821454125,1,1,1,"5","COL13A1"
"S100A9",0.00333433578805245,0.333629677924982,1,1,1,"5","S100A9"
"DYNLT1",0.00333532608371045,0.403791450885809,1,1,1,"5","DYNLT1"
"CSGALNACT2",0.00333537820936977,0.435318192552909,1,1,1,"5","CSGALNACT2"
"MERTK",0.00333537820936977,0.68204701933891,1,1,1,"5","MERTK"
"RNF130",0.00333537820936977,0.645973135998823,1,1,1,"5","RNF130"
"LRRTM4",0.00334774747945316,1.55090407869587,1,1,1,"5","LRRTM4"
"MS4A3",0.00338584949660316,5.31249614348033,1,1,1,"5","MS4A3"
"HLA-K",0.00340403630520836,0.614699553241955,1,1,1,"5","HLA-K"
"C17orf107",0.00341385450085774,0.97670172198324,1,1,1,"5","C17orf107"
"IQCG",0.00341385450085774,1.19519558230752,1,1,1,"5","IQCG"
"TMEM67",0.00341385450085774,1.26489943248384,1,1,1,"5","TMEM67"
"RPL24P8",0.00341465130432184,0.495359272474289,1,1,1,"5","RPL24P8"
"SORBS2",0.00341518256776364,1.80310349421894,1,1,1,"5","SORBS2"
"JMJD6",0.00341550134930375,0.396915562975137,1,1,1,"5","JMJD6"
"CTNNAL1",0.00341571388011181,0.664762893130966,1,1,1,"5","CTNNAL1"
"GALNT2",0.00341571388011181,0.770531255895001,1,1,1,"5","GALNT2"
"HIPK3",0.00341571388011181,0.624686386503424,1,1,1,"5","HIPK3"
"RP11-311D14.1",0.00342439559861142,1.87578384286026,1,1,1,"5","RP11-311D14.1"
"ADRB1",0.0034431736001068,0.708838831911267,1,1,1,"5","ADRB1"
"AQP9",0.00344556067323168,1.31638849407981,1,1,1,"5","AQP9"
"CES1P1",0.00345184313238035,1.24695287373974,1,1,1,"5","CES1P1"
"TULP2",0.00347812664837512,1.15342488152528,1,1,1,"5","TULP2"
"MED30",0.00349325976697953,0.646995690675924,1,1,1,"5","MED30"
"VEPH1",0.00349477521139593,2.09107885917441,1,1,1,"5","VEPH1"
"STK31",0.00349728030359052,0.904909333387462,1,1,1,"5","STK31"
"GALNT10",0.00349775310615489,0.715938227750286,1,1,1,"5","GALNT10"
"SUGT1P",0.00350683818918149,0.641147644483517,1,1,1,"5","SUGT1P"
"HNRNPA1P251",0.00353681719791511,0.856113833278478,1,1,1,"5","HNRNPA1P25"
"SLC34A2",0.00355085979728134,3.81461221169748,1,1,1,"5","SLC34A2"
"TNR",0.00356103977726413,1.1279494724171,1,1,1,"5","TNR"
"IKZF2",0.00357259137845729,0.986428791162949,1,1,1,"5","IKZF2"
"SASH3",0.00357705736902828,0.618294320811515,1,1,1,"5","SASH3"
"RAB15",0.00358058837369539,1.06376594392593,1,1,1,"5","RAB15"
"CARD11",0.00358114027824138,0.493066024320678,1,1,1,"5","CARD11"
"ALMS1P",0.00358137033882088,0.829686069583039,1,1,1,"5","ALMS1P"
"PABPC1P4",0.00358147144497804,0.539196719652256,1,1,1,"5","PABPC1P4"
"MSRB3",0.00358163703509895,0.889600746106645,1,1,1,"5","MSRB3"
"C1S",0.00358169223280631,0.819851326261713,1,1,1,"5","C1S"
"TNFAIP3",0.00358169223280631,1.16189036209391,1,1,1,"5","TNFAIP3"
"AC005358.1",0.00358213074353342,1.86254032857428,1,1,1,"5","AC005358.1"
"TMEM232",0.00358654103707375,2.17345591412791,1,1,1,"5","TMEM232"
"CA3",0.00362166762557449,0.684406169449023,1,1,1,"5","CA3"
"DCDC2",0.00362227864144803,1.3081743042729,1,1,1,"5","DCDC2"
"LPA",0.00363222641256774,1.18244568149679,1,1,1,"5","LPA"
"KRTCAP3",0.00364185960672262,1.01900332786992,1,1,1,"5","KRTCAP3"
"ABCA13",0.00366543459325169,6.24013172391507,1,1,1,"5","ABCA13"
"IL2RG",0.0036668406793493,0.486233402252466,1,1,1,"5","IL2RG"
"KRT18",0.00366734694772687,1.36272691512647,1,1,1,"5","KRT18"
"TRIM22",0.00366734694772687,0.83603504627461,1,1,1,"5","TRIM22"
"DNAJC3",0.00366740320229767,0.51672600902722,1,1,1,"5","DNAJC3"
"TGFBR1",0.00366740320229767,0.658871229742285,1,1,1,"5","TGFBR1"
"FAM177B",0.00371963378042142,0.684281416534175,1,1,1,"5","FAM177B"
"ADHFE1",0.00375176554401464,0.873051905375108,1,1,1,"5","ADHFE1"
"MIR22HG",0.00375176554401464,0.783326911756577,1,1,1,"5","MIR22HG"
"BIRC3",0.00375440187514026,0.623359760281566,1,1,1,"5","BIRC3"
"NPAS4",0.00375474582418883,1.00150720785053,1,1,1,"5","NPAS4"
"FBLN1",0.00375497513378173,1.67833523491888,1,1,1,"5","FBLN1"
"LONRF2",0.00378293980041823,0.950587091935835,1,1,1,"5","LONRF2"
"IGLJ1",0.00379345923836403,1.92831606305351,1,1,1,"5","IGLJ1"
"SLC14A2",0.00379694578289826,0.369234779937354,1,1,1,"5","SLC14A2"
"RPS6KA6",0.00380483817691168,0.78551294936293,1,1,1,"5","RPS6KA6"
"NTRK1",0.00381180999221394,2.08847759955309,1,1,1,"5","NTRK1"
"TMEM71",0.00383160388698276,1.27094722372626,1,1,1,"5","TMEM71"
"FZD5",0.00383481145528559,0.301443590981341,1,1,1,"5","FZD5"
"NLGN4X",0.00383743699242707,0.399052296485754,1,1,1,"5","NLGN4X"
"SCD5",0.00383743699242707,0.676461686592935,1,1,1,"5","SCD5"
"WAS",0.00384438512380994,0.908012041288778,1,1,1,"5","WAS"
"ERMN",0.00384479316697882,0.758010205239485,1,1,1,"5","ERMN"
"AC145676.21",0.00384992033288282,0.749050781030036,1,1,1,"5","AC145676.2"
"C1orf111",0.00387810648495226,0.465707897534234,1,1,1,"5","C1orf111"
"RP11-175P13.3",0.00387810648495226,0.717118575562459,1,1,1,"5","RP11-175P13.3"
"RIC3",0.00390881401271751,0.984081227574992,1,1,1,"5","RIC3"
"SNRPGP9",0.00392276130827484,0.59572327166072,1,1,1,"5","SNRPGP9"
"OR51I2",0.00392501841161246,0.578399432234747,1,1,1,"5","OR51I2"
"PPAPDC1B",0.0039352492638618,0.142716659294308,1,1,1,"5","PPAPDC1B"
"THBD",0.00393560640120358,1.18213834627468,1,1,1,"5","THBD"
"P4HA1",0.00393578497692901,0.423015622686625,1,1,1,"5","P4HA1"
"TCEAL71",0.00396041517816955,0.292324258267719,1,1,1,"5","TCEAL7"
"CFTR",0.00398387709715379,3.74643187236372,1,1,1,"5","CFTR"
"KLHL30",0.00398387709715379,1.67433641865687,1,1,1,"5","KLHL30"
"KCND3",0.00400717251830171,0.886206113272014,1,1,1,"5","KCND3"
"SIX4",0.00400717251830171,1.24245032848772,1,1,1,"5","SIX4"
"PLA2G2A",0.00402194028541791,1.47373781253572,1,1,1,"5","PLA2G2A"
"MAOB",0.00402412179815913,0.552731490462323,1,1,1,"5","MAOB"
"MN1",0.00402709217928138,0.828067801916628,1,1,1,"5","MN1"
"SERPINA6",0.00402774445278101,3.99184011953462,1,1,1,"5","SERPINA6"
"RP11-401L13.5",0.00402783301424021,0.750837182141701,1,1,1,"5","RP11-401L13.5"
"CC2D2A1",0.00402897205491416,0.843086561115211,1,1,1,"5","CC2D2A"
"SP140",0.00402897205491416,0.136633992926921,1,1,1,"5","SP140"
"WDR35",0.00402897205491416,0.686651372984727,1,1,1,"5","WDR35"
"CACNA1C1",0.00402921465648362,0.990296753512663,1,1,1,"5","CACNA1C"
"CTSH",0.00402921465648362,1.16957811665687,1,1,1,"5","CTSH"
"SGK1",0.00402921465648362,0.707983327566332,1,1,1,"5","SGK1"
"SIRT11",0.00402921465648362,0.482113366912555,1,1,1,"5","SIRT1"
"CAPN14",0.0041058888771698,0.427145087488727,1,1,1,"5","CAPN14"
"AC017028.1",0.00410694001207951,0.627374797560581,1,1,1,"5","AC017028.1"
"LBP",0.00411136655245078,2.00465633492373,1,1,1,"5","LBP"
"VSIG4",0.0041239733031126,1.00714576344146,1,1,1,"5","VSIG4"
"PBX3",0.00412434404362024,0.596404937875441,1,1,1,"5","PBX3"
"CD99L2",0.00412459121463426,0.460727663497581,1,1,1,"5","CD99L2"
"DYNC2H1",0.00412459121463426,0.98978809962588,1,1,1,"5","DYNC2H1"
"SORT1",0.00412459121463426,0.881859283725506,1,1,1,"5","SORT1"
"STAU2",0.00412459121463426,0.269910825007727,1,1,1,"5","STAU2"
"OR52K2",0.00416621396515525,0.58162462746356,1,1,1,"5","OR52K2"
"SFTPA1",0.00417060012968416,3.5350881889957,1,1,1,"5","SFTPA1"
"LHCGR",0.00418747150769838,1.37797811714196,1,1,1,"5","LHCGR"
"FCGR1C",0.0041934237994759,0.619049235879229,1,1,1,"5","FCGR1C"
"FCRL1",0.00420879271114429,0.383453657004381,1,1,1,"5","FCRL1"
"DNAH11",0.00422075299884534,4.85954085687674,1,1,1,"5","DNAH11"
"MGLL",0.00422194901440432,0.300793786173308,1,1,1,"5","MGLL"
"SGCB1",0.00422194901440432,0.697800988826454,1,1,1,"5","SGCB"
"PROS1",0.00422201196798557,0.796269012385979,1,1,1,"5","PROS1"
"SYNE1",0.00422201196798557,1.07511589663901,1,1,1,"5","SYNE1"
"HEMGN",0.00429239177216946,1.51068075585334,1,1,1,"5","HEMGN"
"IGKV1D-13",0.00429822282103543,0.604781215879829,1,1,1,"5","IGKV1D-13"
"SUMO2P8",0.0043138234081568,1.17284597583992,1,1,1,"5","SUMO2P8"
"SNX24",0.00431613014894242,0.101995076259646,1,1,1,"5","SNX24"
"PDXK",0.00432151529096839,0.510772193848219,1,1,1,"5","PDXK"
"IGLV10-54",0.00432959923365998,0.306537865457923,1,1,1,"5","IGLV10-54"
"RP11-90H3.1",0.00439347307592879,1.76531250737078,1,1,1,"5","RP11-90H3.1"
"WI2-89927D4.1",0.00441113183800208,0.482998337348581,1,1,1,"5","WI2-89927D4.1"
"HEPACAM2",0.00441598885687612,0.751724091831861,1,1,1,"5","HEPACAM2"
"ABHD3",0.0044208540186098,0.440868119186561,1,1,1,"5","ABHD3"
"MAP6",0.0044208540186098,0.714982275876674,1,1,1,"5","MAP6"
"CHST111",0.00442248689953909,0.88199184325212,1,1,1,"5","CHST11"
"CRISPLD21",0.00442314014827039,1.33872525015012,1,1,1,"5","CRISPLD2"
"ZNF667-AS1",0.00447281323564822,0.805527321705375,1,1,1,"5","ZNF667-AS1"
"AC123768.3",0.00448560096158379,0.644233228915787,1,1,1,"5","AC123768.3"
"KCNE31",0.00450274175702157,0.289427873740291,1,1,1,"5","KCNE3"
"LGR6",0.0045148306316365,2.41423602065414,1,1,1,"5","LGR6"
"LRRC25",0.00452320063554865,0.726529637627126,1,1,1,"5","LRRC25"
"POLB",0.00452665993845808,0.15554063018468,1,1,1,"5","POLB"
"PSD4",0.00452685955951573,0.531806832501045,1,1,1,"5","PSD4"
"LRRFIP2",0.00452692610098076,0.295459584941518,1,1,1,"5","LRRFIP2"
"KIF1A",0.00452920728277188,2.88191338910008,1,1,1,"5","KIF1A"
"CEACAM6",0.00453092475772771,4.80387559179275,1,1,1,"5","CEACAM6"
"ARMC3",0.00453454864837452,4.86566809778417,1,1,1,"5","ARMC3"
"SCN7A",0.00456856893674343,3.58035400658357,1,1,1,"5","SCN7A"
"RSPO4",0.00457416095749569,0.252543361964417,1,1,1,"5","RSPO4"
"AC104809.3",0.00459480169614025,3.16619959771534,1,1,1,"5","AC104809.3"
"PRKCG",0.00459648241413172,0.267787831032916,1,1,1,"5","PRKCG"
"RETN",0.00460508468761198,1.82038637888708,1,1,1,"5","RETN"
"BATF2",0.00460828070443977,0.637619918136084,1,1,1,"5","BATF2"
"TMEM255A",0.00461355285327808,1.34576628557735,1,1,1,"5","TMEM255A"
"AP000322.54",0.00461801657241079,0.850841875501287,1,1,1,"5","AP000322.54"
"SAMD12",0.0046197887101997,1.35369713076894,1,1,1,"5","SAMD12"
"CD22",0.00462478444682329,0.489436930982549,1,1,1,"5","CD22"
"TVP23B",0.00462478444682329,0.925923816049083,1,1,1,"5","TVP23B"
"BTK",0.00463054155775105,0.652331381772534,1,1,1,"5","BTK"
"MAPK8IP1",0.00463155793989491,0.681749905447417,1,1,1,"5","MAPK8IP1"
"PDE3A1",0.00463264222018704,1.30480228253115,1,1,1,"5","PDE3A"
"DIXDC1",0.00463291331273399,1.03932962522518,1,1,1,"5","DIXDC1"
"IGLV3-16",0.00463344878141877,1.25510401732001,1,1,1,"5","IGLV3-16"
"ZBED2",0.00470679035891625,0.531332309245483,1,1,1,"5","ZBED2"
"LINGO3",0.00471605491759106,1.0498480074809,1,1,1,"5","LINGO3"
"P4HTM",0.00473976216206883,0.22942046799781,1,1,1,"5","P4HTM"
"ARHGAP15",0.00474045233058749,0.974253020464451,1,1,1,"5","ARHGAP15"
"RBM47",0.00474045233058749,0.925493810931014,1,1,1,"5","RBM47"
"GPD2",0.0047410735307714,0.135041657688589,1,1,1,"5","GPD2"
"THSD4",0.0047411425558513,0.416258785781118,1,1,1,"5","THSD4"
"RP13-726E6.2",0.00478305432730761,0.480662091418944,1,1,1,"5","RP13-726E6.2"
"LCN12",0.00479304798899087,0.604063453811589,1,1,1,"5","LCN12"
"CILP2",0.0047944851096783,1.7854348098702,1,1,1,"5","CILP2"
"ADAM29",0.00482994252051112,0.596738117781307,1,1,1,"5","ADAM29"
"MST1L",0.00483620413326411,0.331433542841873,1,1,1,"5","MST1L"
"TNFSF15",0.00483862562635685,0.424475606652058,1,1,1,"5","TNFSF15"
"PLA2G7",0.00484771958268684,0.506875668499681,1,1,1,"5","PLA2G7"
"MXD1",0.00484919523513631,1.14070660349231,1,1,1,"5","MXD1"
"PFN2",0.00485024942732514,1.12710382343755,1,1,1,"5","PFN2"
"NFASC1",0.00485137404110979,1.01435252827861,1,1,1,"5","NFASC"
"PPDPF",0.00485158492252627,0.88485569509146,1,1,1,"5","PPDPF"
"BBX",0.00485165521747785,0.336152709590678,1,1,1,"5","BBX"
"EHBP1L1",0.00485165521747785,0.533057322515276,1,1,1,"5","EHBP1L1"
"PCDH20",0.00486037070327169,1.23944831218893,1,1,1,"5","PCDH20"
"CATSPERB",0.0049244969659033,1.19574373621509,1,1,1,"5","CATSPERB"
"FEN1P1",0.00493195385483544,0.458584887314235,1,1,1,"5","FEN1P1"
"FBXO16",0.00494404392814113,0.652153957978891,1,1,1,"5","FBXO16"
"CD96",0.00494875881401339,0.827261414155332,1,1,1,"5","CD96"
"NPR3",0.00494875881401339,0.714363489665834,1,1,1,"5","NPR3"
"C5orf58",0.00495207435577848,0.798383708476067,1,1,1,"5","C5orf58"
"WNT5A",0.00495590738368426,0.687012245070481,1,1,1,"5","WNT5A"
"IGLV7-43",0.00496399644910908,1.18846251726507,1,1,1,"5","IGLV7-43"
"FYCO1",0.00496449330571384,1.10471028703122,1,1,1,"5","FYCO1"
"CLEC5A",0.00496813868753128,0.941501158793978,1,1,1,"5","CLEC5A"
"AC002400.1",0.00497281188378241,0.450257749712971,1,1,1,"5","AC002400.1"
"GALNT13",0.00504830558887907,1.42444218403823,1,1,1,"5","GALNT13"
"CELF6",0.0050588762264355,0.557107496190971,1,1,1,"5","CELF6"
"LINC00937",0.0050588762264355,0.463595712818165,1,1,1,"5","LINC00937"
"COLQ",0.00507357858541872,0.828162742673763,1,1,1,"5","COLQ"
"SPTA1",0.00507561841749156,0.145128510723566,1,1,1,"5","SPTA1"
"RAC2",0.00507897056453822,0.649370362963703,1,1,1,"5","RAC2"
"DOPEY2",0.00507969945573791,0.35125188843049,1,1,1,"5","DOPEY2"
"SEC23B",0.00507969945573791,0.126140327249217,1,1,1,"5","SEC23B"
"HNRNPA1P71",0.00512567534740531,0.720121449387518,1,1,1,"5","HNRNPA1P71"
"CD19",0.00515584659505983,0.670846144821555,1,1,1,"5","CD19"
"CSPG5",0.00516286566410672,0.575050295440237,1,1,1,"5","CSPG5"
"ZC3H12B",0.00519316157772808,0.667346648409165,1,1,1,"5","ZC3H12B"
"GEM1",0.00519702006328398,0.970104308913349,1,1,1,"5","GEM"
"NFATC1",0.00519724271687692,0.343571143197668,1,1,1,"5","NFATC1"
"ATP10A",0.00519731693592078,1.15724654776363,1,1,1,"5","ATP10A"
"TNFRSF21",0.00519731693592078,1.11299996872424,1,1,1,"5","TNFRSF21"
"MUC13",0.00522384958147403,3.59302147654275,1,1,1,"5","MUC13"
"FUT3",0.00522738760045202,0.865350622088444,1,1,1,"5","FUT3"
"KALP",0.00526612569537411,0.376854463546691,1,1,1,"5","KALP"
"RGS17",0.00528306868834424,0.491697506966529,1,1,1,"5","RGS17"
"HFM1",0.00528992301955405,0.365116126805352,1,1,1,"5","HFM1"
"VWA7",0.00528992301955405,0.992681997339451,1,1,1,"5","VWA7"
"EPB41L4B",0.00529580208552514,0.823224301785402,1,1,1,"5","EPB41L4B"
"EGFL6",0.00530492934400496,2.25703050255784,1,1,1,"5","EGFL6"
"TMPRSS2",0.00530524666067487,3.05806510471983,1,1,1,"5","TMPRSS2"
"DRD4",0.0053131588832213,0.498210237703942,1,1,1,"5","DRD4"
"TCEAL1",0.00531708739410515,0.373502676182564,1,1,1,"5","TCEAL1"
"FOXO3",0.00531731408807884,0.492041534602254,1,1,1,"5","FOXO3"
"UBE2B",0.00531731408807884,0.698376843873092,1,1,1,"5","UBE2B"
"VAV21",0.00531731408807884,0.315850074289793,1,1,1,"5","VAV2"
"CCRL21",0.00534373019241029,0.653046028824411,1,1,1,"5","CCRL2"
"CHGA",0.00535264951337779,2.67749591155234,1,1,1,"5","CHGA"
"CTC-308K20.1",0.00536350143576504,0.589712144952925,1,1,1,"5","CTC-308K20.1"
"AGR2",0.00536569659937275,4.03532123008129,1,1,1,"5","AGR2"
"CDK20",0.00541798400173561,0.660601783879091,1,1,1,"5","CDK20"
"CYP2B6",0.0054282763554516,0.64549218831422,1,1,1,"5","CYP2B6"
"CLEC3A",0.00543298199692231,1.53964747608911,1,1,1,"5","CLEC3A"
"ANKRD20A5P",0.00543350194033761,1.15331765920301,1,1,1,"5","ANKRD20A5P"
"SLC37A1",0.00543842363003791,0.782126947631356,1,1,1,"5","SLC37A1"
"INHBA",0.00543919286637849,1.99346818613435,1,1,1,"5","INHBA"
"UNC93B1",0.00543919286637849,0.501776038449597,1,1,1,"5","UNC93B1"
"ITPR11",0.00543996216280538,0.616448889296326,1,1,1,"5","ITPR1"
"NCOA7",0.00543996216280538,0.577675201410845,1,1,1,"5","NCOA7"
"UBR2",0.00543996216280538,0.411583430782876,1,1,1,"5","UBR2"
"ZNF728",0.00553661171809826,0.926250232380706,1,1,1,"5","ZNF728"
"CHI3L2",0.00554786415704977,0.8223293986022,1,1,1,"5","CHI3L2"
"TTPA",0.00554879151378138,0.438075686745954,1,1,1,"5","TTPA"
"PCED1B",0.00555568575022394,0.613967766660295,1,1,1,"5","PCED1B"
"U2AF1L4",0.00556233887262127,0.378874024275255,1,1,1,"5","U2AF1L4"
"NFKBID",0.00556429650713564,0.661458570597045,1,1,1,"5","NFKBID"
"TMEM64",0.00556476639581278,0.191103509477617,1,1,1,"5","TMEM64"
"GYG1",0.00556507966705842,0.687344313337245,1,1,1,"5","GYG1"
"KDM5D",0.0055713282496113,1.69697824435259,1,1,1,"5","KDM5D"
"FAM107A",0.00557501454869558,0.861871013413676,1,1,1,"5","FAM107A"
"DUSP26",0.00560065032126987,2.37271682149651,1,1,1,"5","DUSP26"
"FBN3",0.00562793582072115,0.864619826870328,1,1,1,"5","FBN3"
"LRRC3",0.00566014731430312,0.789081610460849,1,1,1,"5","LRRC3"
"DTNA",0.00567526323588701,1.61989970639235,1,1,1,"5","DTNA"
"MIR24-2",0.00567526323588701,0.839105064550498,1,1,1,"5","MIR24-2"
"MID1IP1",0.00568322537913529,0.221712719435924,1,1,1,"5","MID1IP1"
"HILS1",0.00568412124194631,0.564253482300817,1,1,1,"5","HILS1"
"INTU",0.0056911936418728,1.10576148271733,1,1,1,"5","INTU"
"FHAD1",0.0056924691317559,1.03551696695557,1,1,1,"5","FHAD1"
"FAM49B",0.00569270830354747,0.176886994806694,1,1,1,"5","FAM49B"
"EIF2AK3",0.00569278802870172,0.445097319349262,1,1,1,"5","EIF2AK3"
"ZBTB161",0.00569278802870172,0.961737661532091,1,1,1,"5","ZBTB16"
"MAGEE2",0.00571470997606437,0.366908425156783,1,1,1,"5","MAGEE2"
"ABCG5",0.00573102166240177,0.451788380105532,1,1,1,"5","ABCG5"
"ODF3L1",0.0057435133460028,0.785608150529209,1,1,1,"5","ODF3L1"
"KCNE1",0.00574478729141703,0.608748851297793,1,1,1,"5","KCNE1"
"MIR635",0.00575580176186189,0.413988252490535,1,1,1,"5","MIR635"
"KLHL13",0.00580529524420359,1.60317539915465,1,1,1,"5","KLHL13"
"AMPH",0.00581631917186251,2.19696942738482,1,1,1,"5","AMPH"
"BCL2A1",0.00581631917186251,1.25057844262719,1,1,1,"5","BCL2A1"
"BHLHE41",0.00582232228279639,1.16809157403024,1,1,1,"5","BHLHE41"
"CREBRF",0.00582305262147002,0.425450794620943,1,1,1,"5","CREBRF"
"PCSK5",0.00582305262147002,1.00210979463954,1,1,1,"5","PCSK5"
"SLC33A1",0.00582305262147002,0.382983092920785,1,1,1,"5","SLC33A1"
"PPP1R10",0.00582313377329827,0.471088948928369,1,1,1,"5","PPP1R10"
"SNAP91",0.00589438710824349,0.52369864018789,1,1,1,"5","SNAP91"
"HLF",0.00593800733723343,0.908510914043424,1,1,1,"5","HLF"
"WISP11",0.00594254370052724,0.746356091425708,1,1,1,"5","WISP1"
"AMIGO21",0.00594625667208042,1.43500150893632,1,1,1,"5","AMIGO2"
"BET1L",0.00595451223582472,0.713434412632674,1,1,1,"5","BET1L"
"CDKN1A",0.005955833704014,1.56072864214932,1,1,1,"5","CDKN1A"
"SMAD71",0.005955833704014,0.641184852572149,1,1,1,"5","SMAD7"
"EVI2B",0.00595608149704941,1.23192370766607,1,1,1,"5","EVI2B"
"CFH",0.00595616409597346,1.00746441747158,1,1,1,"5","CFH"
"ITGB2",0.00595616409597346,0.693145809089682,1,1,1,"5","ITGB2"
"SEC62",0.00595616409597346,0.461145957463707,1,1,1,"5","SEC62"
"STK17B",0.00595616409597346,0.95781414870406,1,1,1,"5","STK17B"
"DNAH12",0.00604494791285017,4.5779016293326,1,1,1,"5","DNAH12"
"CASQ2",0.00606136812786296,1.54914321936585,1,1,1,"5","CASQ2"
"MUC5AC",0.00606136812786296,6.54733876383907,1,1,1,"5","MUC5AC"
"GOLGA8N",0.00606790941998617,0.170802724907553,1,1,1,"5","GOLGA8N"
"GPR98",0.00608184335851726,3.87855539905352,1,1,1,"5","GPR98"
"LMBRD1",0.00609159060468733,0.701445304829239,1,1,1,"5","LMBRD1"
"IRS1",0.00609184280078402,1.43008673654916,1,1,1,"5","IRS1"
"IGKV2D-29",0.00609295370579237,1.4324666002975,1,1,1,"5","IGKV2D-29"
"MGAT4C",0.00617336695726453,0.78529684496274,1,1,1,"5","MGAT4C"
"GNAZ",0.00618657491930508,0.634705044522081,1,1,1,"5","GNAZ"
"AKAP3",0.00619693551512251,0.790122086400819,1,1,1,"5","AKAP3"
"IP6K3",0.00621293176749664,2.46255827226053,1,1,1,"5","IP6K3"
"ADAM32",0.00621636262159774,0.252308141854474,1,1,1,"5","ADAM32"
"RNASE6",0.00622020855191659,0.654510614939216,1,1,1,"5","RNASE6"
"ACPL2",0.00622328622015203,0.643609822781627,1,1,1,"5","ACPL2"
"CCL5",0.00622568052990717,0.764518428358397,1,1,1,"5","CCL5"
"RASSF8",0.00623038508469157,0.610061257818003,1,1,1,"5","RASSF8"
"BCL2L1",0.00623047063979316,0.336026953592455,1,1,1,"5","BCL2L1"
"ISCU",0.00623047063979316,0.634800879601322,1,1,1,"5","ISCU"
"TMEM35",0.00623660019629577,0.534299627851228,1,1,1,"5","TMEM35"
"FBXO2",0.00623852305848326,1.38530016812479,1,1,1,"5","FBXO2"
"PRIMA1",0.00623915276500232,1.32270885807865,1,1,1,"5","PRIMA1"
"WDR86-AS1",0.00627300616192551,0.808748698460587,1,1,1,"5","WDR86-AS1"
"WFDC1",0.00627300616192551,2.55332384967456,1,1,1,"5","WFDC1"
"RP11-332L8.1",0.00628907325192464,0.552748703947703,1,1,1,"5","RP11-332L8.1"
"SOGA31",0.00632318855229436,0.366283887551129,1,1,1,"5","SOGA3"
"AIM2",0.00633229629955515,0.537578033074412,1,1,1,"5","AIM2"
"C2ORF15",0.00633810282744969,0.910559142750419,1,1,1,"5","C2ORF15"
"HAS2",0.00635270584865511,0.596463132694707,1,1,1,"5","HAS2"
"PYGO1",0.00635748764971377,1.04442502495628,1,1,1,"5","PYGO1"
"PAPPA",0.00636879777404564,1.79393169949876,1,1,1,"5","PAPPA"
"AFF3",0.00637010348336964,1.42469152869757,1,1,1,"5","AFF3"
"CD48",0.00637097403612865,0.835963030840462,1,1,1,"5","CD48"
"CYTH1",0.0063714963984561,0.317986571443319,1,1,1,"5","CYTH1"
"MYH11",0.00637184465278763,3.50612091965152,1,1,1,"5","MYH11"
"SPIB",0.00639883717513488,0.427256283141512,1,1,1,"5","SPIB"
"IFITM5",0.00643109964118851,0.407787624624667,1,1,1,"5","IFITM5"
"CD300C",0.00644401956606627,0.214566676743278,1,1,1,"5","CD300C"
"RHOT1P1",0.00645600296120529,0.652353703117903,1,1,1,"5","RHOT1P1"
"NAP1L2",0.00646658645267973,0.611949459329777,1,1,1,"5","NAP1L2"
"TRABD2B",0.00649078689891358,1.15167427562892,1,1,1,"5","TRABD2B"
"ALDH1A2",0.00650148936328862,0.447281101617762,1,1,1,"5","ALDH1A2"
"CRYM",0.00651195026627735,0.360654772011433,1,1,1,"5","CRYM"
"RP11-592N21.1",0.00651521291721029,0.850632664956686,1,1,1,"5","RP11-592N21.1"
"TMED5",0.00651574446279498,0.513949132407458,1,1,1,"5","TMED5"
"AHI1",0.00651609883940475,0.880649693107177,1,1,1,"5","AHI1"
"FTLP3",0.00651609883940475,0.168066625531571,1,1,1,"5","FTLP3"
"SP100",0.00651609883940475,0.326904869225427,1,1,1,"5","SP100"
"TNFRSF17",0.00651649474886154,1.26118873746047,1,1,1,"5","TNFRSF17"
"MLK4",0.00663752826670238,1.13771686828204,1,1,1,"5","MLK4"
"IGHV1-8",0.00664047762426647,2.37196634468351,1,1,1,"5","IGHV1-8"
"GSPT2",0.00665571374770458,0.639032333503859,1,1,1,"5","GSPT2"
"FCER1G",0.00665823659975236,0.768257199438045,1,1,1,"5","FCER1G"
"RASSF5",0.00666012907305541,0.69823424400966,1,1,1,"5","RASSF5"
"ME2",0.0066629232477513,0.449788911675345,1,1,1,"5","ME2"
"SPATA7",0.0066629232477513,0.593181233260504,1,1,1,"5","SPATA7"
"BCL6",0.00666328383189681,1.22852104981256,1,1,1,"5","BCL6"
"TCEA1",0.00666328383189681,0.308280049776634,1,1,1,"5","TCEA1"
"OR52K1",0.00668845563669213,0.751318403872935,1,1,1,"5","OR52K1"
"IGLC7",0.00675123235045724,2.16680810279583,1,1,1,"5","IGLC7"
"BEND6",0.0067621900859465,0.426272463075778,1,1,1,"5","BEND6"
"PBX4",0.00677178584811949,0.161335237943341,1,1,1,"5","PBX4"
"PLA2G10",0.00677913497531502,0.560182271857698,1,1,1,"5","PLA2G10"
"PLN",0.00681024114352832,1.64140835142566,1,1,1,"5","PLN"
"SWT1",0.00681024114352832,0.123496056963486,1,1,1,"5","SWT1"
"CCDC125",0.00681253379313871,0.80738329749563,1,1,1,"5","CCDC125"
"NLRP31",0.00681253379313871,0.451318642138855,1,1,1,"5","NLRP3"
"MVP",0.00681345096759286,1.09367114145859,1,1,1,"5","MVP"
"RASSF6",0.0068237295255842,1.18264650575599,1,1,1,"5","RASSF6"
"HIGD1AP14",0.00684764259206097,0.529424708318015,1,1,1,"5","HIGD1AP14"
"NCMAP",0.00687312383673869,1.20562161349974,1,1,1,"5","NCMAP"
"LINC00243",0.00687836816350536,0.493517869568253,1,1,1,"5","LINC00243"
"TLDC2",0.00691449900788361,0.639983947179459,1,1,1,"5","TLDC2"
"WNT2",0.006925054752118,1.14516797137122,1,1,1,"5","WNT2"
"SPINT2",0.00696142764679769,0.435842928759923,1,1,1,"5","SPINT2"
"CTSB",0.00696665229470134,0.681084265649982,1,1,1,"5","CTSB"
"DNAJB4",0.00696665229470134,0.482849359638758,1,1,1,"5","DNAJB4"
"LTBP3",0.00696665229470134,0.904930444613203,1,1,1,"5","LTBP3"
"QSOX1",0.00696665229470134,1.53050727636992,1,1,1,"5","QSOX1"
"ST6GALNAC1",0.00700165059187949,3.37266699710421,1,1,1,"5","ST6GALNAC1"
"PTPRN",0.00702549671690106,1.80813722552687,1,1,1,"5","PTPRN"
"RNF1221",0.00708842917834384,0.54463903670762,1,1,1,"5","RNF122"
"EFCAB6",0.00709581705426439,2.0914910434269,1,1,1,"5","EFCAB6"
"CYSTM1",0.00711961834272168,0.638445761680412,1,1,1,"5","CYSTM1"
"SYS1",0.00711961834272168,0.508746842516896,1,1,1,"5","SYS1"
"TMEM8B",0.00711961834272168,0.501919571954623,1,1,1,"5","TMEM8B"
"KIAA0513",0.00712199128480619,0.577817657088261,1,1,1,"5","KIAA0513"
"ARF4",0.00712284564575272,0.631519066215523,1,1,1,"5","ARF4"
"CD74",0.00712294057807337,0.626724914013113,1,1,1,"5","CD74"
"IDS",0.00712294057807337,0.433407919457547,1,1,1,"5","IDS"
"NFKBIA",0.00712294057807337,1.07920872858377,1,1,1,"5","NFKBIA"
"SYK",0.00712294057807337,0.357474381035649,1,1,1,"5","SYK"
"TMTC1",0.00712294057807337,0.6321226585709,1,1,1,"5","TMTC1"
"TMEM130",0.00712368399513649,1.23535675877793,1,1,1,"5","TMEM130"
"FAM209B",0.00716055807008581,0.728305698359764,1,1,1,"5","FAM209B"
"OR51M1",0.00716055807008581,0.75216116603139,1,1,1,"5","OR51M1"
"CTC-232P5.4",0.00717490202457255,0.484190142322076,1,1,1,"5","CTC-232P5.4"
"FAM221B",0.00718426805711174,0.854267517100077,1,1,1,"5","FAM221B"
"NLRP6",0.00718910644863312,2.16033808436609,1,1,1,"5","NLRP6"
"MTUS2",0.00720379025990419,5.12923005809114,1,1,1,"5","MTUS2"
"CCNA1",0.00721083244763828,0.972257315070507,1,1,1,"5","CCNA1"
"RHOF",0.00725477726823543,0.630120711401441,1,1,1,"5","RHOF"
"GOLGA8R",0.00727078554698479,0.71330833311497,1,1,1,"5","GOLGA8R"
"HMGN1P3",0.00727425966049168,0.542368876183041,1,1,1,"5","HMGN1P3"
"SPEF2",0.0072804380080777,2.11615139555877,1,1,1,"5","SPEF2"
"MYO1G",0.00728198302409984,0.51278450089624,1,1,1,"5","MYO1G"
"LGALS3BP1",0.00728227273371242,1.15798890624009,1,1,1,"5","LGALS3BP"
"PRSS23",0.00728227273371242,0.775002605396363,1,1,1,"5","PRSS23"
"SERPINF1",0.00728227273371242,1.0253925971149,1,1,1,"5","SERPINF1"
"ITGAL",0.00728236930492421,0.797584719414868,1,1,1,"5","ITGAL"
"PNRC1",0.00728236930492421,0.470760789126505,1,1,1,"5","PNRC1"
"STX7",0.00728236930492421,0.527193921017876,1,1,1,"5","STX7"
"TPM11",0.00728236930492421,1.10842954285614,1,1,1,"5","TPM1"
"CTD-2114J12.1",0.00728720162171335,0.802168736398308,1,1,1,"5","CTD-2114J12.1"
"CNR1",0.00735012266032526,0.182998147391835,1,1,1,"5","CNR1"
"PCDH10",0.00737312668587808,2.87026110223509,1,1,1,"5","PCDH10"
"IGKV2-29",0.00737771209773112,0.463020407578046,1,1,1,"5","IGKV2-29"
"CASP5",0.00737835077348623,0.395445777404628,1,1,1,"5","CASP5"
"MCF2L2",0.00742339786532537,0.70236772264526,1,1,1,"5","MCF2L2"
"C5orf15",0.00744155496261966,0.407765802046535,1,1,1,"5","C5orf15"
"CDC42EP3",0.00744155496261966,0.884281521329783,1,1,1,"5","CDC42EP3"
"APOBR",0.00744401039809393,0.712320816697554,1,1,1,"5","APOBR"
"NAMPTL",0.00744459976543708,0.579656538030013,1,1,1,"5","NAMPTL"
"EBAG9",0.00744489445822883,0.566092363857635,1,1,1,"5","EBAG9"
"MS4A6A",0.00744489445822883,0.677356390740631,1,1,1,"5","MS4A6A"
"CDH23",0.00744499269051053,0.42009944381897,1,1,1,"5","CDH23"
"LTBP4",0.00744499269051053,0.908748754818973,1,1,1,"5","LTBP4"
"C6",0.00746030773735421,1.98961322859008,1,1,1,"5","C6"
"GAL3ST1",0.00749882387590516,0.550294182156058,1,1,1,"5","GAL3ST1"
"PTPLA",0.00749921280512067,0.711400496938921,1,1,1,"5","PTPLA"
"CTC-534B23.1",0.00751436680292285,0.153405835130538,1,1,1,"5","CTC-534B23.1"
"GPR20",0.00752745154404429,0.209808847349022,1,1,1,"5","GPR20"
"CCR1",0.00758890062860564,0.649923850929087,1,1,1,"5","CCR1"
"CPB2",0.00760114809983212,0.382921436123244,1,1,1,"5","CPB2"
"CHN21",0.00760527145279868,0.316237616607047,1,1,1,"5","CHN2"
"CST7",0.00760527145279868,2.97485219951126,1,1,1,"5","CST7"
"LMTK3",0.00760736903926705,0.62244323228856,1,1,1,"5","LMTK3"
"NLRC4",0.00760736903926705,0.907674012724062,1,1,1,"5","NLRC4"
"SLC16A3",0.00760986655739738,1.76528608393782,1,1,1,"5","SLC16A3"
"CHPF",0.00761046602504807,0.332892238249917,1,1,1,"5","CHPF"
"HCK",0.00761046602504807,0.840015209108492,1,1,1,"5","HCK"
"GBP2",0.00761076576806183,0.681482563830279,1,1,1,"5","GBP2"
"SETBP1",0.00761086568376097,0.735681542930404,1,1,1,"5","SETBP1"
"INSRR",0.00768189440152385,1.83206351680116,1,1,1,"5","INSRR"
"SMTNL2",0.0077167074942423,3.20996429267972,1,1,1,"5","SMTNL2"
"RP11-661D19.1",0.00774309900773959,0.336291828298354,1,1,1,"5","RP11-661D19.1"
"HRH2",0.00775100813480501,0.624925644380106,1,1,1,"5","HRH2"
"MARCO",0.0077678542728717,3.27806718970887,1,1,1,"5","MARCO"
"APOC1P1",0.00777082560443198,0.250990726920952,1,1,1,"5","APOC1P1"
"DNAJC15",0.00777648762371698,0.508605300974086,1,1,1,"5","DNAJC15"
"RPL5P24",0.00777801167050155,0.293179815632961,1,1,1,"5","RPL5P24"
"DHRS3",0.00777902778739782,0.811233556219667,1,1,1,"5","DHRS3"
"OSTM1",0.00777902778739782,0.298942818355721,1,1,1,"5","OSTM1"
"IRF2BP2",0.00777963749044613,0.474844314669189,1,1,1,"5","IRF2BP2"
"PLXDC2",0.00777963749044613,0.79518551826941,1,1,1,"5","PLXDC2"
"ECHDC2",0.00778004397285752,1.01107289502866,1,1,1,"5","ECHDC2"
"NCKAP1L",0.00778004397285752,0.579813010823177,1,1,1,"5","NCKAP1L"
"TMX4",0.00778004397285752,0.53751209869284,1,1,1,"5","TMX4"
"TMEM236",0.0078215199499871,0.383749329674885,1,1,1,"5","TMEM236"
"TNNC1",0.0078215199499871,2.24885855446772,1,1,1,"5","TNNC1"
"SELE",0.00786847996871776,1.20960916163577,1,1,1,"5","SELE"
"C19orf77",0.00788236488030411,2.90832477036072,1,1,1,"5","C19orf77"
"GPR171",0.00789481599039865,0.788975957455811,1,1,1,"5","GPR171"
"VSTM2L",0.00790785739878318,0.857500280622807,1,1,1,"5","VSTM2L"
"LSAMP",0.00792305397168703,1.08788454744387,1,1,1,"5","LSAMP"
"ZDHHC15",0.00793946557869095,0.812074720881943,1,1,1,"5","ZDHHC15"
"GNAL",0.00794390497779182,0.481297785583322,1,1,1,"5","GNAL"
"DKK3",0.00795217059393421,1.01453942054937,1,1,1,"5","DKK3"
"RICTOR",0.00795258399076527,0.567417693963083,1,1,1,"5","RICTOR"
"ZNF204P",0.00799278258057107,1.0366103191815,1,1,1,"5","ZNF204P"
"PPBP",0.00802909018221471,3.53475381047658,1,1,1,"5","PPBP"
"IL10",0.00806979487351813,0.71973044600929,1,1,1,"5","IL10"
"KCNK1",0.00806979487351813,0.446932509684888,1,1,1,"5","KCNK1"
"P2RX1",0.00811121055117767,1.54669911312286,1,1,1,"5","P2RX1"
"ADAMDEC1",0.0081154496512258,1.18893161361071,1,1,1,"5","ADAMDEC1"
"PDCD1LG2",0.00811593568284536,0.514879158838445,1,1,1,"5","PDCD1LG2"
"SNURF",0.00811593568284536,0.326723356702802,1,1,1,"5","SNURF"
"COQ10B",0.00812749193500418,0.417007639474701,1,1,1,"5","COQ10B"
"ACVR1",0.00812843781900783,0.394818710129154,1,1,1,"5","ACVR1"
"PHC3",0.00812854292070783,0.730861938508067,1,1,1,"5","PHC3"
"RHOQ",0.00812854292070783,0.387708208101945,1,1,1,"5","RHOQ"
"TNFRSF1A1",0.00812854292070783,0.440302498100237,1,1,1,"5","TNFRSF1A"
"SIRPD",0.00813823075601049,0.461551518619936,1,1,1,"5","SIRPD"
"GNG7",0.00814591325096558,0.563919029066852,1,1,1,"5","GNG7"
"CCDC11",0.00824823771533151,2.78277671189528,1,1,1,"5","CCDC11"
"IGHJ3",0.00825492533586217,1.83679349907297,1,1,1,"5","IGHJ3"
"GPR132",0.00827744066721256,0.64761471970388,1,1,1,"5","GPR132"
"SMIM11",0.00829515856281965,0.600108782526521,1,1,1,"5","SMIM11"
"ITIH4",0.00830199471501933,2.88486010277042,1,1,1,"5","ITIH4"
"KCNQ11",0.00830690997147601,0.203970109615128,1,1,1,"5","KCNQ1"
"CPED1",0.00830755120113819,0.871985359001492,1,1,1,"5","CPED1"
"LY75",0.00830755120113819,0.556323020821917,1,1,1,"5","LY75"
"MS4A4A",0.00830755120113819,0.517171662628378,1,1,1,"5","MS4A4A"
"CYBRD1",0.00830797870158599,0.819479633976819,1,1,1,"5","CYBRD1"
"MEF2D",0.00830797870158599,0.53014109184382,1,1,1,"5","MEF2D"
"PLXNA2",0.00830797870158599,0.909024100297252,1,1,1,"5","PLXNA2"
"RBL2",0.00830797870158599,0.484955103454361,1,1,1,"5","RBL2"
"C1orf228",0.00835005504048902,1.10946640900615,1,1,1,"5","C1orf228"
"ANTXRLP1",0.00835736267448813,0.555551350541789,1,1,1,"5","ANTXRLP1"
"TREML1",0.0083675201366004,1.12360239406823,1,1,1,"5","TREML1"
"RP11-208G20.2",0.00837001979913848,0.118729354045106,1,1,1,"5","RP11-208G20.2"
"SLC22A10",0.00839476846603841,0.584819462269433,1,1,1,"5","SLC22A10"
"NEURL2",0.00841755018801684,0.543928582699515,1,1,1,"5","NEURL2"
"PLD5",0.00841755018801684,1.44253708602044,1,1,1,"5","PLD5"
"ATP6V1E2",0.00842525901163465,0.424523661924335,1,1,1,"5","ATP6V1E2"
"IGKV2D-40",0.00843393077758843,1.93215763527934,1,1,1,"5","IGKV2D-40"
"SIGLEC7",0.00845989807236031,0.5247090595574,1,1,1,"5","SIGLEC7"
"MMP191",0.00848986332715611,1.55363376881873,1,1,1,"5","MMP19"
"SLC12A7",0.00849051534240334,0.793947249880684,1,1,1,"5","SLC12A7"
"ABCC4",0.00849084135954582,1.19272451672631,1,1,1,"5","ABCC4"
"DES",0.00849084135954582,4.62854646380733,1,1,1,"5","DES"
"CYBB",0.00849095003333683,0.989085284111539,1,1,1,"5","CYBB"
"FTH1",0.00849095003333683,0.826053535346922,1,1,1,"5","FTH1"
"IGHV1OR15-3",0.00850409308589378,0.962252414946782,1,1,1,"5","IGHV1OR15-3"
"SLCO1A2",0.00850997284906857,0.586342207689494,1,1,1,"5","SLCO1A2"
"PCDH11X",0.00851780104024889,1.89322035081799,1,1,1,"5","PCDH11X"
"RP11-305M3.2",0.00857768392425143,0.622287813260103,1,1,1,"5","RP11-305M3.2"
"OR52B6",0.00858758887288523,0.447163352983445,1,1,1,"5","OR52B6"
"PROK2",0.00859624354458719,1.62999866417691,1,1,1,"5","PROK2"
"CCDC13",0.0086157504819718,1.0551048250574,1,1,1,"5","CCDC13"
"NSUN7",0.0086157504819718,2.01990094177624,1,1,1,"5","NSUN7"
"ZDHHC11B",0.00864182897319652,1.81669356463682,1,1,1,"5","ZDHHC11B"
"CCDC81",0.00865322464135378,1.43495658881487,1,1,1,"5","CCDC81"
"ITGA8",0.00867364948854375,3.87898388243045,1,1,1,"5","ITGA8"
"PLEKHA5",0.00867740588748683,0.986217449938461,1,1,1,"5","PLEKHA5"
"TSPYL2",0.00867740588748683,1.1146264958244,1,1,1,"5","TSPYL2"
"AAK1",0.00867751638223079,0.315601003162083,1,1,1,"5","AAK1"
"PTTG1IP",0.00867751638223079,0.687997508094838,1,1,1,"5","PTTG1IP"
"RNF145",0.00867751638223079,0.670268641829812,1,1,1,"5","RNF145"
"TFRC",0.00867751638223079,1.20194131786803,1,1,1,"5","TFRC"
"USP53",0.00867751638223079,1.22560492848829,1,1,1,"5","USP53"
"RP5-1022P6.3",0.00874033110486483,1.13559278121268,1,1,1,"5","RP5-1022P6.3"
"NUGGC",0.00882689374371498,1.54656873365554,1,1,1,"5","NUGGC"
"ABO",0.0088583039860342,0.362999602074899,1,1,1,"5","ABO"
"TLR3",0.00886549133830741,0.407381731354585,1,1,1,"5","TLR3"
"CAPRIN2",0.00886773798610386,0.615560239541004,1,1,1,"5","CAPRIN2"
"LMOD3",0.00892494972073945,3.05138243844383,1,1,1,"5","LMOD3"
"C21orf49",0.00896872203720256,0.949511462107598,1,1,1,"5","C21orf49"
"C10orf107",0.00898783154247612,2.01350737273155,1,1,1,"5","C10orf107"
"LDOC1",0.00900978586346935,0.642107345395704,1,1,1,"5","LDOC1"
"SFTPA2",0.00904323094813075,2.88461580444632,1,1,1,"5","SFTPA2"
"GYPB",0.00904953710362983,0.734634131030994,1,1,1,"5","GYPB"
"TRPC11",0.00905939185123924,0.895480689395626,1,1,1,"5","TRPC1"
"DYNC2LI1",0.0090612190348554,0.397813232971469,1,1,1,"5","DYNC2LI1"
"HEMK1",0.0090612190348554,0.407839962571492,1,1,1,"5","HEMK1"
"RNF19B",0.00906156165227703,0.422497550985575,1,1,1,"5","RNF19B"
"ATM",0.00906167585952235,0.416715559768701,1,1,1,"5","ATM"
"TMPRSS11A",0.00908145796240271,0.755746985941968,1,1,1,"5","TMPRSS11A"
"MIA2",0.00908667716741541,2.49772165746776,1,1,1,"5","MIA2"
"FAXC",0.0092344807456771,0.860179474686825,1,1,1,"5","FAXC"
"APOBEC3G",0.00924964199711414,0.405814911733369,1,1,1,"5","APOBEC3G"
"AMN1",0.00925706995436824,0.316524860852297,1,1,1,"5","AMN1"
"APOL11",0.00925706995436824,0.876566831144077,1,1,1,"5","APOL1"
"SCARA3",0.00925706995436824,1.0136863791829,1,1,1,"5","SCARA3"
"ABTB1",0.00925823084044286,1.05769401125537,1,1,1,"5","ABTB1"
"FCGR2B",0.00925823084044286,0.741601120021778,1,1,1,"5","FCGR2B"
"ABCA7",0.00925939179887725,0.60103836575237,1,1,1,"5","ABCA7"
"GNPTAB",0.00925939179887725,0.37490129723491,1,1,1,"5","GNPTAB"
"TMED10",0.00925939179887725,0.536201281131419,1,1,1,"5","TMED10"
"CRP",0.0092670504485762,1.23629898135423,1,1,1,"5","CRP"
"CNN2P4",0.00930133893123111,0.435088122760279,1,1,1,"5","CNN2P4"
"GJB1",0.00931729839202474,1.68787103349392,1,1,1,"5","GJB1"
"CLEC12A",0.00932623821654044,1.89409419033322,1,1,1,"5","CLEC12A"
"CNKSR2",0.00941803908330255,0.773638494501107,1,1,1,"5","CNKSR2"
"KRT19",0.00944148578246768,2.72954223151238,1,1,1,"5","KRT19"
"NPHP1",0.00945681829945934,1.14836924363272,1,1,1,"5","NPHP1"
"RRN3P2",0.00945681829945934,0.841310190981179,1,1,1,"5","RRN3P2"
"PDZRN3",0.00945858822794083,0.713004373928278,1,1,1,"5","PDZRN3"
"PRKD11",0.00945858822794083,0.883008052598226,1,1,1,"5","PRKD1"
"COL14A1",0.00946094838740561,1.15931630655088,1,1,1,"5","COL14A1"
"NCOA3",0.00946094838740561,0.53635081268823,1,1,1,"5","NCOA3"
"NPL",0.00946094838740561,0.430459935820643,1,1,1,"5","NPL"
"GPR110",0.0094783674003556,3.91889004812632,1,1,1,"5","GPR110"
"SNTG2",0.00953013663948424,1.45458657574611,1,1,1,"5","SNTG2"
"MIR597",0.00956134485795199,0.458693775404688,1,1,1,"5","MIR597"
"OR52H1",0.00961043153298179,0.716799209485986,1,1,1,"5","OR52H1"
"RGS22",0.00963213179596782,1.42306634745601,1,1,1,"5","RGS22"
"REM2",0.00964150736761317,0.33935926718206,1,1,1,"5","REM2"
"SGCD",0.00965633535344409,0.902330103755245,1,1,1,"5","SGCD"
"DZIP11",0.00966520948546826,0.623008440410031,1,1,1,"5","DZIP1"
"IRF1",0.00966520948546826,0.593459306545114,1,1,1,"5","IRF1"
"F8",0.00966628904537346,0.314066142667592,1,1,1,"5","F8"
"MLKL",0.00966628904537346,0.366747258859492,1,1,1,"5","MLKL"
"PTPN6",0.00966628904537346,0.345887853832274,1,1,1,"5","PTPN6"
"LMAN1",0.00966640900013606,0.720340580542789,1,1,1,"5","LMAN1"
"C4BPA",0.00971433774280113,4.00476388443087,1,1,1,"5","C4BPA"
"FAM47A",0.00974246454158084,0.704984290447502,1,1,1,"5","FAM47A"
"CTB-56J15.1",0.00980943511408515,0.445130686331655,1,1,1,"5","CTB-56J15.1"
"HNF4G",0.00981260999068146,1.53550001679536,1,1,1,"5","HNF4G"
"SLC16A6P1",0.00984099904722118,0.493439340691063,1,1,1,"5","SLC16A6P1"
"DOK2",0.00986901148699464,0.142012624841557,1,1,1,"5","DOK2"
"CACNB2",0.00987157108689332,0.401370810158379,1,1,1,"5","CACNB2"
"CACNA1D",0.00987339957146654,2.49717517116751,1,1,1,"5","CACNA1D"
"TMTC2",0.00987339957146654,0.953652675558972,1,1,1,"5","TMTC2"
"GDAP1",0.0098746186532752,0.652279545847396,1,1,1,"5","GDAP1"
"HPS5",0.00987571588989243,0.475184546145718,1,1,1,"5","HPS5"
"VAMP2",0.00987571588989243,0.383993992248232,1,1,1,"5","VAMP2"
"JUN",0.00987583780875562,0.743444010165863,1,1,1,"5","JUN"
"NEK1",0.00987583780875562,0.564298040457672,1,1,1,"5","NEK1"
"RP11-461O14.1",0.00998199268623465,0.341550291207321,1,1,1,"5","RP11-461O14.1"
"KRTAP24-1",8.72953591039594e-18,3.50080353502912,1,1,1.85275670162243e-13,"4","KRTAP24-1"
"UGT2A2",3.20736267261078e-17,2.47156714216698,1,1,6.80730653634911e-13,"4","UGT2A2"
"PNPLA5",2.61188591673674e-16,4.88660464953539,1,1,5.54346666968206e-12,"4","PNPLA5"
"KRTAP26-1",2.7536777197802e-16,2.17661420248093,1,1,5.84440559246149e-12,"4","KRTAP26-1"
"UGT2A1",2.56634744000342e-15,1.48982717707277,1,1,5.44681580666326e-11,"4","UGT2A1"
"AADACL3",4.43053077093231e-15,7.43360332321571,1,1,9.40335850822673e-11,"4","AADACL3"
"KRT33A",7.98747751735356e-15,4.6008140385823,1,1,1.69526222828312e-10,"4","KRT33A"
"CARD18",1.01816559676339e-14,4.25901590008864,1,1,2.16095466257062e-10,"4","CARD18"
"KRT82",3.12206733036221e-14,3.65256633142029,1,1,6.62627570196076e-10,"4","KRT82"
"PRR9",4.29274585927125e-14,5.98987482859891,1,1,9.1109238117173e-10,"4","PRR9"
"HMGB3P8",4.68297326201658e-14,2.78462450848852,1,1,9.93914245130399e-10,"4","HMGB3P8"
"C10orf99",5.6161168985125e-14,4.36574691451576,1,1,1.19196465054029e-09,"4","C10orf99"
"CYP4F2",5.91070803833504e-14,4.76183911920625,1,1,1.25448867405623e-09,"4","CYP4F2"
"KRTAP19-5",6.20358785048467e-14,2.51228661380183,1,1,1.31664948538687e-09,"4","KRTAP19-5"
"PNLIPRP3",7.33977610768406e-14,7.30841816011701,1,1,1.55779408109486e-09,"4","PNLIPRP3"
"KRT34",1.07323279772785e-13,2.88898455843554,1,1,2.27782928989758e-09,"4","KRT34"
"FETUB",1.31124837956296e-13,3.5821895463086,1,1,2.78299356078442e-09,"4","FETUB"
"KRTAP2-2",1.33443105538736e-13,2.98806650402004,1,1,2.83219647195414e-09,"4","KRTAP2-2"
"C1orf158",1.63780209739426e-13,2.27663073240788,1,1,3.47607117150958e-09,"4","C1orf158"
"SLC1A6",2.62227250899637e-13,2.32258651954152,1,1,5.56551117309389e-09,"4","SLC1A6"
"KRTAP4-2",3.42962014720919e-13,3.98316109815746,1,1,7.27902580043678e-09,"4","KRTAP4-2"
"PGLYRP4",3.7397682035261e-13,3.23796803121924,1,1,7.93728403516379e-09,"4","PGLYRP4"
"SPRR4",3.95146597372701e-13,6.44486142314007,1,1,8.38659138263821e-09,"4","SPRR4"
"ARSF",6.36075366907325e-13,3.58955763220191,1,1,1.35000635872411e-08,"4","ARSF"
"KRT75",7.0597787408333e-13,3.0670784573282,1,1,1.49836743995446e-08,"4","KRT75"
"TMPRSS11E",7.17967624812752e-13,5.63581371492095,1,1,1.52381448690259e-08,"4","TMPRSS11E"
"KRTAP9-9",7.76119056432576e-13,7.63153689980855,1,1,1.6472350853725e-08,"4","KRTAP9-9"
"NEU2",8.23789629931978e-13,3.65093848633058,1,1,1.74841111056763e-08,"4","NEU2"
"FADS6",8.69615461374162e-13,2.41441582706753,1,1,1.84567185522052e-08,"4","FADS6"
"TGM6",8.69615461374162e-13,4.35468620028611,1,1,1.84567185522052e-08,"4","TGM6"
"KRT17P1",9.61641535246874e-13,4.00599669998622,1,1,2.04098799440797e-08,"4","KRT17P1"
"UNC93A",9.61641535246874e-13,4.23696982621605,1,1,2.04098799440797e-08,"4","UNC93A"
"KRT28",9.92328600823915e-13,3.29644337602439,1,1,2.10611822238868e-08,"4","KRT28"
"SPRR1B",1.01806343039265e-12,6.69316099394119,1,1,2.16073782466537e-08,"4","SPRR1B"
"MC5R",1.07450102655953e-12,3.0609254551585,1,1,2.28052097876994e-08,"4","MC5R"
"KRT74",1.13169254457998e-12,5.87911785322298,1,1,2.40190425661654e-08,"4","KRT74"
"SPRR1A",1.14696452349566e-12,3.78054803898327,1,1,2.43431750466718e-08,"4","SPRR1A"
"SPRR2D",1.72341722195576e-12,5.06423729550966,1,1,3.65778071187891e-08,"4","SPRR2D"
"CASP1P2",1.9263043511182e-12,1.65361716931245,1,1,4.08838835481327e-08,"4","CASP1P2"
"KRTAP19-1",1.93456133690347e-12,2.01426726581229,1,1,4.10591298144392e-08,"4","KRTAP19-1"
"KLK6",2.1202389291648e-12,1.70067483928991,1,1,4.49999510325937e-08,"4","KLK6"
"KRTAP9-2",2.22144913038531e-12,2.92355191793296,1,1,4.71480363432979e-08,"4","KRTAP9-2"
"SERPINB3",2.46595486370258e-12,3.66969774583364,1,1,5.23374260272236e-08,"4","SERPINB3"
"CYP4F8",2.53398047193358e-12,6.59615462065081,1,1,5.37812015363183e-08,"4","CYP4F8"
"GJB6",2.7479876661429e-12,5.94002451628139,1,1,5.83232902262168e-08,"4","GJB6"
"KRTAP4-9",2.9338944137445e-12,6.57038104393119,1,1,6.22689750373133e-08,"4","KRTAP4-9"
"SLC15A1",3.10704062184688e-12,5.83216731990485,1,1,6.59438301580781e-08,"4","SLC15A1"
"KRT79",3.4301084499794e-12,8.17939565530906,1,1,7.28006217423628e-08,"4","KRT79"
"FA2H",3.5746162785043e-12,6.10195059480024,1,1,7.58676558949752e-08,"4","FA2H"
"BPIFC",3.67114034339588e-12,4.29237904256548,1,1,7.79162826482341e-08,"4","BPIFC"
"SPRR2B",3.90281382026536e-12,2.8033772774842,1,1,8.2833320521312e-08,"4","SPRR2B"
"HMGCS1",3.9282086044385e-12,3.76458622920944,1,1,8.33722994206027e-08,"4","HMGCS1"
"KLK13",4.19843627705375e-12,4.27905294649772,1,1,8.91076115441888e-08,"4","KLK13"
"KRTAP1-3",4.27433298672733e-12,4.06997970523379,1,1,9.07184433103008e-08,"4","KRTAP1-3"
"ATP12A",4.57747559890357e-12,5.46406131598809,1,1,9.71523421111293e-08,"4","ATP12A"
"ELOVL3",4.57747559890357e-12,6.62949314075406,1,1,9.71523421111293e-08,"4","ELOVL3"
"S100A7",5.23961395490136e-12,5.11439317785989,1,1,1.11205566578826e-07,"4","S100A7"
"SPRR2G",5.51542201513812e-12,8.07602306531443,1,1,1.17059316849291e-07,"4","SPRR2G"
"CKMT1A",5.69488753724281e-12,4.25265243905817,1,1,1.20868293090441e-07,"4","CKMT1A"
"SERPINB13",5.7934835180755e-12,3.95858416302316,1,1,1.22960894187634e-07,"4","SERPINB13"
"DHCR7",5.79971866568532e-12,3.9965347444497,1,1,1.23093228960505e-07,"4","DHCR7"
"ACSBG1",6.21468417980397e-12,7.22491713738262,1,1,1.3190045703216e-07,"4","ACSBG1"
"CWH43",6.21664353402699e-12,4.57217837725361,1,1,1.31942042366189e-07,"4","CWH43"
"CYP4F22",6.33852453477725e-12,5.32129037162345,1,1,1.34528844726112e-07,"4","CYP4F22"
"CKMT1B",7.05387396926908e-12,4.28851422211319,1,1,1.49711421123767e-07,"4","CKMT1B"
"ALDH3B2",7.0912967335794e-12,5.52720327305871,1,1,1.50505681873489e-07,"4","ALDH3B2"
"ELOVL4",7.32577518820836e-12,5.23979422334098,1,1,1.55482252594534e-07,"4","ELOVL4"
"KLK7",7.34153227752052e-12,4.94297498535059,1,1,1.55816681058095e-07,"4","KLK7"
"ADTRP",7.48750120803514e-12,4.34603015978358,1,1,1.58914725639338e-07,"4","ADTRP"
"AC025627.9",7.68387472104985e-12,2.06094698607342,1,1,1.63082557079562e-07,"4","AC025627.9"
"GJB2",8.23942431811456e-12,3.65510654907209,1,1,1.74873541727663e-07,"4","GJB2"
"KRT6B",8.59207880675971e-12,4.08151208889355,1,1,1.82358280594668e-07,"4","KRT6B"
"KRTAP3-3",9.26779376959933e-12,6.91562762765701,1,1,1.96699654965976e-07,"4","KRTAP3-3"
"SPRR2E",9.39589953336786e-12,6.34463202270477,1,1,1.99418571696199e-07,"4","SPRR2E"
"PLA2G4E",9.47089793258827e-12,4.56523878161318,1,1,2.01010337721253e-07,"4","PLA2G4E"
"GSDMA",1.10866195590742e-11,4.9469917317726,1,1,2.3530241352179e-07,"4","GSDMA"
"KRT6A",1.13182055174815e-11,5.0514548768627,1,1,2.40217593903027e-07,"4","KRT6A"
"SPINK5",1.14015258160668e-11,4.74446345766745,1,1,2.41985983920202e-07,"4","SPINK5"
"PADI1",1.16014978560478e-11,4.22643792358436,1,1,2.46230190496758e-07,"4","PADI1"
"PLA2G4D",1.21030444250335e-11,4.27474016136604,1,1,2.56875014876911e-07,"4","PLA2G4D"
"CTSV",1.23615950432308e-11,5.27521112836209,1,1,2.6236249319753e-07,"4","CTSV"
"CERS3",1.27047270544491e-11,4.48021114182403,1,1,2.69645127003628e-07,"4","CERS3"
"CST6",1.30319359582219e-11,4.30126932936746,1,1,2.76589808777301e-07,"4","CST6"
"TMEM45A",1.31451931721589e-11,3.54293482338416,1,1,2.78993579885901e-07,"4","TMEM45A"
"DHCR24",1.31655174298059e-11,4.03271297983175,1,1,2.79424941930201e-07,"4","DHCR24"
"CASP14",1.33917464105269e-11,4.03313143796406,1,1,2.84226425817023e-07,"4","CASP14"
"PNPLA3",1.38723898103256e-11,5.19164754853396,1,1,2.94427601334351e-07,"4","PNPLA3"
"KRT85",1.45573179046758e-11,5.45655355746351,1,1,3.0896451520884e-07,"4","KRT85"
"KLK10",1.49942864995618e-11,3.68140345723883,1,1,3.182387366667e-07,"4","KLK10"
"ACER1",1.50695716284491e-11,4.12388171070521,1,1,3.19836588242203e-07,"4","ACER1"
"PGLYRP3",1.50794335438843e-11,3.07388378777955,1,1,3.20045897535401e-07,"4","PGLYRP3"
"TAGLN3",1.56361178266461e-11,2.16553726735306,1,1,3.31860964752737e-07,"4","TAGLN3"
"DNASE1L2",1.642929603497e-11,4.63204712695942,1,1,3.48695379046204e-07,"4","DNASE1L2"
"SGPP2",1.79769565412707e-11,4.19203949920347,1,1,3.8154292563193e-07,"4","SGPP2"
"CHRNA9",1.80521848487096e-11,2.39143568587954,1,1,3.83139571229013e-07,"4","CHRNA9"
"RHCG",1.81401543420439e-11,3.21078103770086,1,1,3.8500663575554e-07,"4","RHCG"
"S100A7A",1.99229237657914e-11,3.44290381733454,1,1,4.22844134005156e-07,"4","S100A7A"
"ENDOU",2.12834510181302e-11,3.40406795043144,1,1,4.51719964408796e-07,"4","ENDOU"
"CPA4",2.17210701168938e-11,4.85855077473558,1,1,4.61007992160954e-07,"4","CPA4"
"RASAL1",2.31840564391128e-11,3.36469221586983,1,1,4.9205841386373e-07,"4","RASAL1"
"CALML5",2.42199279956146e-11,4.96613648570927,1,1,5.14043751778925e-07,"4","CALML5"
"PSORS1C2",2.42199279956146e-11,2.71176465864096,1,1,5.14043751778925e-07,"4","PSORS1C2"
"A2ML1",2.50379527394659e-11,4.27892874616508,1,1,5.31405508942424e-07,"4","A2ML1"
"ATP6V1C2",2.54210996356128e-11,4.27774706447986,1,1,5.39537418666247e-07,"4","ATP6V1C2"
"AWAT2",2.58867464647858e-11,7.51595021392273,1,1,5.49420306968613e-07,"4","AWAT2"
"FAM25A",2.70091241727138e-11,4.13989204961494,1,1,5.73241651441679e-07,"4","FAM25A"
"GJB3",2.82521387807518e-11,3.96601235865056,1,1,5.99623393482676e-07,"4","GJB3"
"CLCA2",2.9051144305063e-11,2.74636830489371,1,1,6.16581486730656e-07,"4","CLCA2"
"S100A2",2.9051144305063e-11,3.51328595380706,1,1,6.16581486730656e-07,"4","S100A2"
"ABHD12B",2.93483747487029e-11,3.85595486096504,1,1,6.2288990566647e-07,"4","ABHD12B"
"SULT2B1",2.97210154435307e-11,4.60398639482175,1,1,6.30798831773497e-07,"4","SULT2B1"
"ZBTB7C",3.06839466220266e-11,2.74074177382245,1,1,6.51236083105893e-07,"4","ZBTB7C"
"MSMO1",3.08306114634394e-11,4.26732814976759,1,1,6.54348897700039e-07,"4","MSMO1"
"KRT17",3.18342727757798e-11,4.26204210692641,1,1,6.75650605393151e-07,"4","KRT17"
"ALOX15B",3.19151072344403e-11,7.60876595056771,1,1,6.77366235943762e-07,"4","ALOX15B"
"CA6",3.21609261062372e-11,3.67334223069459,1,1,6.82583495678779e-07,"4","CA6"
"SERPINB4",3.23591659112473e-11,3.73540004344186,1,1,6.86790937300312e-07,"4","SERPINB4"
"IGFL2",3.32978914394097e-11,1.70258664331651,1,1,7.06714447910032e-07,"4","IGFL2"
"LIPK",3.42506541094145e-11,3.64976099575393,1,1,7.26935882818212e-07,"4","LIPK"
"EPHX3",3.45915521207762e-11,3.26910516414662,1,1,7.34171102211355e-07,"4","EPHX3"
"ACPP",3.4962979128245e-11,3.62066904476633,1,1,7.42054269017871e-07,"4","ACPP"
"PLA2G2F",3.56335605590726e-11,4.5123077003999,1,1,7.56286689305758e-07,"4","PLA2G2F"
"KRT71",3.59636507825333e-11,2.5685694973342,1,1,7.63292524208487e-07,"4","KRT71"
"KRT6C",3.60042674507729e-11,5.73295023073498,1,1,7.64154572375203e-07,"4","KRT6C"
"FAM83A",3.7466165122291e-11,2.27200842357394,1,1,7.95181888555504e-07,"4","FAM83A"
"DAPL1",3.83859682408294e-11,4.50297316248253,1,1,8.14703789943364e-07,"4","DAPL1"
"PSAPL1",3.88130386367373e-11,4.28539151806301,1,1,8.23767932026112e-07,"4","PSAPL1"
"KRTAP4-6",3.98212253988317e-11,4.60849076996142,1,1,8.45165687864804e-07,"4","KRTAP4-6"
"SERPINB12",4.02523954750683e-11,3.08724764896802,1,1,8.54316841562849e-07,"4","SERPINB12"
"ABCA12",4.05251601223529e-11,4.11336897697591,1,1,8.60105998436819e-07,"4","ABCA12"
"GRHL1",4.07795170183847e-11,3.49912486853465,1,1,8.65504469198198e-07,"4","GRHL1"
"DSG3",4.11075664809281e-11,2.70132615957853,1,1,8.72466990991218e-07,"4","DSG3"
"TGM5",4.16114152247967e-11,4.4576312380762,1,1,8.83160676731085e-07,"4","TGM5"
"KRT9",4.23092521668914e-11,3.00110587609435,1,1,8.97971567990102e-07,"4","KRT9"
"CSTA",4.25727772134544e-11,4.39420637033229,1,1,9.03564623578356e-07,"4","CSTA"
"KLK8",4.26365005700465e-11,3.30596509642922,1,1,9.04917088098667e-07,"4","KLK8"
"NCCRP1",4.62585407353216e-11,4.91291697959995,1,1,9.81791268566467e-07,"4","NCCRP1"
"SRD5A1",4.69822668013782e-11,2.92816469540458,1,1,9.97151630592451e-07,"4","SRD5A1"
"GJB5",4.8295930300147e-11,3.3723273208091,1,1,1.02503282469032e-06,"4","GJB5"
"KRTAP9-3",4.90008940141887e-11,7.37485891968876,1,1,1.03999497455714e-06,"4","KRTAP9-3"
"HR",4.91821284700437e-11,3.88865347657744,1,1,1.04384149464821e-06,"4","HR"
"KRTAP9-4",5.07988219118143e-11,2.88466403490699,1,1,1.07815419625635e-06,"4","KRTAP9-4"
"RAB38",5.22851161807708e-11,3.30529702279678,1,1,1.10969930582068e-06,"4","RAB38"
"LY6G6C",5.76982711289111e-11,3.52064623391256,1,1,1.22458810644001e-06,"4","LY6G6C"
"LYPD3",5.87791346663153e-11,3.90622919373273,1,1,1.24752835415788e-06,"4","LYPD3"
"TGM1",5.89325764815135e-11,3.76193278432553,1,1,1.25078500324364e-06,"4","TGM1"
"SLC9A2",6.04913305430155e-11,2.45425083953763,1,1,1.28386799944496e-06,"4","SLC9A2"
"HAL",6.13629402610153e-11,4.01139465014983,1,1,1.30236704409979e-06,"4","HAL"
"TENM2",6.44754350355547e-11,4.08105628653057,1,1,1.36842663319461e-06,"4","TENM2"
"GDA",6.64044900967837e-11,4.02464771024803,1,1,1.40936889781414e-06,"4","GDA"
"PKP3",7.07105115606317e-11,4.38721389263846,1,1,1.50075989736285e-06,"4","PKP3"
"S100A14",7.37600620729637e-11,3.40469002116837,1,1,1.56548355743658e-06,"4","S100A14"
"HMGCR",7.46848444977978e-11,2.40066142710373,1,1,1.58511113962126e-06,"4","HMGCR"
"KRTAP4-4",7.99750988595875e-11,4.03876478532617,1,1,1.69739149819589e-06,"4","KRTAP4-4"
"THEM5",8.09227576636063e-11,2.95096822889174,1,1,1.71750460865238e-06,"4","THEM5"
"KRT27",8.09446687289081e-11,3.84579832221084,1,1,1.71796964910234e-06,"4","KRT27"
"RAB25",8.37662132244489e-11,4.25428617319269,1,1,1.7778541094757e-06,"4","RAB25"
"DSG4",8.43210306342419e-11,6.96295319165842,1,1,1.78962955418115e-06,"4","DSG4"
"KRT16",8.43965237878075e-11,5.44867993829071,1,1,1.79123182087243e-06,"4","KRT16"
"KRTDAP",8.68361020276063e-11,3.74375506333936,1,1,1.84300942943392e-06,"4","KRTDAP"
"SFN",9.07181142226276e-11,3.58359518117487,1,1,1.92540125626105e-06,"4","SFN"
"MUCL1",9.75877514781057e-11,1.74895801015819,1,1,2.07120243737131e-06,"4","MUCL1"
"IVL",1.06621988891269e-10,2.99886685769433,1,1,2.2629450922283e-06,"4","IVL"
"TMEM79",1.12374196678104e-10,2.97623422611852,1,1,2.38502995029607e-06,"4","TMEM79"
"GRHL3",1.12552672855659e-10,3.77216794702347,1,1,2.38881792868851e-06,"4","GRHL3"
"ME1",1.12658984092814e-10,3.28611238766888,1,1,2.39107427838589e-06,"4","ME1"
"RDH12",1.15454975049671e-10,3.36073334011309,1,1,2.45041639045423e-06,"4","RDH12"
"MOGAT2",1.3187223225193e-10,1.52075806958006,1,1,2.79885625731497e-06,"4","MOGAT2"
"LCE3E",1.31902003455593e-10,3.54363704041218,1,1,2.7994881213415e-06,"4","LCE3E"
"LY6D",1.34846839908426e-10,3.02859242888811,1,1,2.86198933021643e-06,"4","LY6D"
"SEC14L6",1.37085159189865e-10,7.15088860992662,1,1,2.9094954186457e-06,"4","SEC14L6"
"GJB4",1.39911535420555e-10,2.49716709417852,1,1,2.96948242776585e-06,"4","GJB4"
"LAD1",1.40463313974424e-10,3.75800525874986,1,1,2.98119337579317e-06,"4","LAD1"
"TP73",1.43600205355037e-10,2.13961895510963,1,1,3.0477707584553e-06,"4","TP73"
"KLK5",1.44697236759942e-10,3.9501526259104,1,1,3.07105415299301e-06,"4","KLK5"
"ATG9B",1.45966915579125e-10,4.24996645954249,1,1,3.09800181625134e-06,"4","ATG9B"
"ASPRV1",1.47352673290831e-10,3.94782320637995,1,1,3.12741313792459e-06,"4","ASPRV1"
"HAO2",1.61556265906858e-10,3.98023208623477,1,1,3.42887018760716e-06,"4","HAO2"
"FRMPD1",1.63331217896855e-10,3.32373041354797,1,1,3.46654176864286e-06,"4","FRMPD1"
"RHOV",1.68218693665409e-10,2.53088336167918,1,1,3.57027355435464e-06,"4","RHOV"
"TMEM40",1.69056691609754e-10,2.61493220054421,1,1,3.58805922272542e-06,"4","TMEM40"
"CNFN",1.69680503211082e-10,4.75811752667956,1,1,3.60129900015201e-06,"4","CNFN"
"TM7SF2",1.69728091302499e-10,3.08657785867356,1,1,3.60230900980424e-06,"4","TM7SF2"
"OTUB2",1.74155600905148e-10,3.60521009148129,1,1,3.69627847361086e-06,"4","OTUB2"
"WFDC12",1.80005409868584e-10,3.57463937439001,1,1,3.82043481905082e-06,"4","WFDC12"
"IRX6",1.82203004407548e-10,3.27490303799158,1,1,3.8670765655458e-06,"4","IRX6"
"KRTAP1-1",1.88908486047744e-10,5.3034393623972,1,1,4.00939370787732e-06,"4","KRTAP1-1"
"TRPV3",1.91478879896477e-10,3.30086594214842,1,1,4.06394774692282e-06,"4","TRPV3"
"LCE3D",2.00755485668908e-10,4.73642834879119,1,1,4.2608344278369e-06,"4","LCE3D"
"CLDN1",2.01061834986531e-10,3.27751147163516,1,1,4.26733638575414e-06,"4","CLDN1"
"ABHD5",2.12687554119888e-10,3.04492057215104,1,1,4.5140806486405e-06,"4","ABHD5"
"TPI1P4",2.19804558733044e-10,1.21062080291241,1,1,4.66513195455013e-06,"4","TPI1P4"
"SPINT1",2.21950026373139e-10,3.14260256983385,1,1,4.71066735974349e-06,"4","SPINT1"
"TRIM29",2.25601259333861e-10,3.78882085524009,1,1,4.78816112810186e-06,"4","TRIM29"
"KRTAP4-12",2.26006470165663e-10,5.29925313761945,1,1,4.79676132279604e-06,"4","KRTAP4-12"
"OVOL1",2.30100150338787e-10,3.94754207335974,1,1,4.88364559079041e-06,"4","OVOL1"
"DGAT2",2.31371142433348e-10,3.60410792829821,1,1,4.91062112700537e-06,"4","DGAT2"
"ACAT2",2.32537838658983e-10,2.69957387150544,1,1,4.93538308769826e-06,"4","ACAT2"
"REEP6",2.3976383753539e-10,3.18781214596175,1,1,5.08874768785112e-06,"4","REEP6"
"KRTAP1-5",2.41772399462876e-10,1.63973807175382,1,1,5.13137740620008e-06,"4","KRTAP1-5"
"SPRR2A",2.42397653457513e-10,3.41930176189953,1,1,5.14464779698225e-06,"4","SPRR2A"
"GPT2",2.42792912966397e-10,1.97491049809662,1,1,5.15303678479882e-06,"4","GPT2"
"BARX2",2.54201835428954e-10,2.77246966142452,1,1,5.39517975514412e-06,"4","BARX2"
"CASZ1",2.54452644428285e-10,2.93780691057753,1,1,5.40050292534593e-06,"4","CASZ1"
"DSC2",2.65992069999249e-10,2.98904890793241,1,1,5.64541569366406e-06,"4","DSC2"
"PKLR",2.68322919478899e-10,2.93115330328226,1,1,5.69488564302014e-06,"4","PKLR"
"PAPL",2.80767893057417e-10,4.21804626910748,1,1,5.95901776225062e-06,"4","PAPL"
"DIO2",3.00983426060844e-10,3.48179928314462,1,1,6.38807223471535e-06,"4","DIO2"
"SDC1",3.0362145528392e-10,2.87407737239214,1,1,6.44406176694592e-06,"4","SDC1"
"CRAT",3.04335250551051e-10,4.20533752329838,1,1,6.4592113576955e-06,"4","CRAT"
"SPTSSB",3.04523228664889e-10,2.76942691871665,1,1,6.46320100518361e-06,"4","SPTSSB"
"KRTAP2-4",3.06894954329042e-10,3.98974226345719,1,1,6.51353851067958e-06,"4","KRTAP2-4"
"PRSS27",3.11777941687097e-10,1.77566245416376,1,1,6.61717503436694e-06,"4","PRSS27"
"HYAL4",3.1264794642709e-10,1.31470947889617,1,1,6.63564001496856e-06,"4","HYAL4"
"ESRP1",3.14708924352042e-10,2.17042206200518,1,1,6.67938221044773e-06,"4","ESRP1"
"PERP",3.17461308370314e-10,3.79466834576952,1,1,6.73779880885155e-06,"4","PERP"
"IDE",3.18206036810595e-10,1.98229402114955,1,1,6.75360492526807e-06,"4","IDE"
"PADI3",3.34166104467028e-10,4.25152969036099,1,1,7.0923414012082e-06,"4","PADI3"
"LCE2D",3.37432373511532e-10,2.80906610110712,1,1,7.16166469540875e-06,"4","LCE2D"
"KRT4",3.39498690349263e-10,3.69325526797638,1,1,7.20552020397275e-06,"4","KRT4"
"AWAT1",3.4302021987615e-10,6.34455402536071,1,1,7.28026114665141e-06,"4","AWAT1"
"TMPRSS13",3.44017905326517e-10,3.53464065075184,1,1,7.30143602265e-06,"4","TMPRSS13"
"PRSS22",3.57326817695657e-10,2.95259166060368,1,1,7.58390437877262e-06,"4","PRSS22"
"DMKN",3.58340529058634e-10,3.72900506409054,1,1,7.60541938874044e-06,"4","DMKN"
"FAM84A",3.63318395775807e-10,1.81237505434764,1,1,7.71106963194573e-06,"4","FAM84A"
"TIAM1",3.63626076581809e-10,2.37593605706658,1,1,7.71759984937232e-06,"4","TIAM1"
"UGT1A7",3.91938159711089e-10,2.18028365313924,1,1,8.31849550170816e-06,"4","UGT1A7"
"CAPNS2",3.97064450961607e-10,2.81997094407136,1,1,8.42729590720914e-06,"4","CAPNS2"
"IGSF3",3.97097306041611e-10,2.19033389651478,1,1,8.42799322342714e-06,"4","IGSF3"
"MVK",3.97334053510897e-10,2.42749063666485,1,1,8.43301795171527e-06,"4","MVK"
"FAM25HP",3.99700101677253e-10,1.88284403331161,1,1,8.48323495799802e-06,"4","FAM25HP"
"LGALS7B",4.01630498537794e-10,3.48081542429056,1,1,8.52420570096615e-06,"4","LGALS7B"
"B4GALNT2",4.13197467157713e-10,2.22336081835985,1,1,8.76970304295529e-06,"4","B4GALNT2"
"SH3D21",4.1535443436584e-10,2.0076611459247,1,1,8.8154825149806e-06,"4","SH3D21"
"FAM167A",4.2190224840699e-10,2.54180175159711,1,1,8.95445332018995e-06,"4","FAM167A"
"ARG1",4.2788640267695e-10,3.40450855806281,1,1,9.08146101041559e-06,"4","ARG1"
"PMFBP1",4.2788640267695e-10,3.26546318288246,1,1,9.08146101041559e-06,"4","PMFBP1"
"TPD52L1",4.31744484820653e-10,2.61058274138553,1,1,9.16334494583354e-06,"4","TPD52L1"
"TP63",4.33142190742366e-10,3.07239833123822,1,1,9.19300985631598e-06,"4","TP63"
"GPR87",4.57092508845307e-10,3.49472695348408,1,1,9.70133140773279e-06,"4","GPR87"
"PAX1",4.67892133090136e-10,2.37226055900405,1,1,9.93054263270504e-06,"4","PAX1"
"SERINC2",4.94489597210112e-10,2.23992860721996,1,1,1.04950472111874e-05,"4","SERINC2"
"TTC39B",4.95592322375003e-10,2.13172826702097,1,1,1.05184514500871e-05,"4","TTC39B"
"FGFBP1",5.0511464243581e-10,2.0463605417329,1,1,1.07205531710576e-05,"4","FGFBP1"
"GABRA4",5.06180544203876e-10,2.94201802657876,1,1,1.07431758701831e-05,"4","GABRA4"
"NXPH4",5.07998963980568e-10,2.08717302842035,1,1,1.07817700115236e-05,"4","NXPH4"
"TYRP1",5.20977201650968e-10,3.63240518208686,1,1,1.10572201278402e-05,"4","TYRP1"
"HEPHL1",5.24986544660879e-10,4.38184188023146,1,1,1.11423144238825e-05,"4","HEPHL1"
"DGAT2L6",5.31371193456617e-10,6.90665895641183,1,1,1.12778222099232e-05,"4","DGAT2L6"
"KRT25",5.47437789762215e-10,1.9054850955528,1,1,1.16188196499132e-05,"4","KRT25"
"KLK1",5.5619990331511e-10,1.46799243193726,1,1,1.18047867479599e-05,"4","KLK1"
"ALDH3A1",5.57070611545786e-10,2.60220283110625,1,1,1.18232666594478e-05,"4","ALDH3A1"
"SPTLC3",5.64839603813132e-10,2.79486898135695,1,1,1.19881557513299e-05,"4","SPTLC3"
"BDH1",5.65538541865901e-10,2.07622956484012,1,1,1.20029900125619e-05,"4","BDH1"
"KRTAP4-8",5.75514742583303e-10,4.94064477194929,1,1,1.2214724896588e-05,"4","KRTAP4-8"
"S100A8",5.77143965677065e-10,3.3800353123289,1,1,1.224930352753e-05,"4","S100A8"
"SULT1E1",5.8244829002389e-10,0.418138480688354,1,1,1.2361882507467e-05,"4","SULT1E1"
"GCNT4",5.84663946751442e-10,2.00767445065093,1,1,1.24089076058526e-05,"4","GCNT4"
"INSIG1",5.90812320047887e-10,2.8604364258388,1,1,1.25394006806964e-05,"4","INSIG1"
"CERS4",5.90965812235479e-10,2.12483275375657,1,1,1.25426583988858e-05,"4","CERS4"
"RPTN",6.11300215023329e-10,4.12239382508478,1,1,1.29742357636551e-05,"4","RPTN"
"KREMEN1",6.12682689920621e-10,2.88011253826185,1,1,1.30035774108752e-05,"4","KREMEN1"
"TUBB8P11",6.15088458928357e-10,2.61158971356575,1,1,1.30546374522954e-05,"4","TUBB8P11"
"IRX4",6.16905456294804e-10,2.21008812774749,1,1,1.30932014044009e-05,"4","IRX4"
"PNPLA1",6.28094143368707e-10,2.990751267376,1,1,1.33306700988574e-05,"4","PNPLA1"
"SBSN",6.36008793934029e-10,3.49210290750253,1,1,1.34986506424558e-05,"4","SBSN"
"FAM83C",6.62315975508029e-10,3.20037683887046,1,1,1.40569942641824e-05,"4","FAM83C"
"GBP6",6.73781762524616e-10,2.81291329251699,1,1,1.43003441278224e-05,"4","GBP6"
"KRT32",6.83429551461572e-10,4.01492272751933,1,1,1.45051088002204e-05,"4","KRT32"
"PROM2",7.03214363759918e-10,3.33321442271091,1,1,1.49250216564405e-05,"4","PROM2"
"AIM1L",7.04053261012789e-10,2.98032281438697,1,1,1.49428264117354e-05,"4","AIM1L"
"PRRG4",7.29110134480507e-10,2.5724933729273,1,1,1.54746334942143e-05,"4","PRRG4"
"UGT1A6",7.30682271316414e-10,2.01542103990628,1,1,1.55080005264196e-05,"4","UGT1A6"
"GGT6",8.24544515573696e-10,3.53081131332445,1,1,1.75001327985361e-05,"4","GGT6"
"HS3ST6",8.47496928804505e-10,1.73219484722794,1,1,1.79872748169468e-05,"4","HS3ST6"
"KRT5",8.73631068342462e-10,3.1194694732072,1,1,1.85419457945004e-05,"4","KRT5"
"KRTAP9-8",9.03725028197791e-10,4.12336012714526,1,1,1.91806599984699e-05,"4","KRTAP9-8"
"KRT80",9.27703840002646e-10,3.88900268980986,1,1,1.96895863002162e-05,"4","KRT80"
"TFAP2A",9.49949254379306e-10,2.77132216187323,1,1,2.01617229749464e-05,"4","TFAP2A"
"SERPINB5",9.55258516365579e-10,3.47030907607394,1,1,2.0274406751343e-05,"4","SERPINB5"
"FGF22",9.97070925397536e-10,2.10888857841318,1,1,2.11618333206373e-05,"4","FGF22"
"MAP7",9.97084800213465e-10,2.42283923488582,1,1,2.11621277997306e-05,"4","MAP7"
"LYPD5",9.99095404384692e-10,2.96610030018759,1,1,2.12048008626607e-05,"4","LYPD5"
"TCHHL1",1.02826782060936e-09,5.54073809642632,1,1,2.18239562246131e-05,"4","TCHHL1"
"SH3RF2",1.03596970424889e-09,3.15414334514711,1,1,2.19874210029785e-05,"4","SH3RF2"
"FAM83H",1.04082078459547e-09,2.65093716822718,1,1,2.20903803322542e-05,"4","FAM83H"
"IGFL3",1.07256253034737e-09,1.84770887199298,1,1,2.27640671440926e-05,"4","IGFL3"
"FAM83B",1.09621583757737e-09,3.35498906948757,1,1,2.3266084936742e-05,"4","FAM83B"
"BMP7",1.12253155800392e-09,2.76458515980861,1,1,2.38246097870751e-05,"4","BMP7"
"GSTO2",1.1270145249036e-09,2.59679199424036,1,1,2.3919756276554e-05,"4","GSTO2"
"TACSTD2",1.1270145249036e-09,2.14456178117566,1,1,2.3919756276554e-05,"4","TACSTD2"
"CROT",1.1348343452454e-09,1.73935448110214,1,1,2.40857241434883e-05,"4","CROT"
"ANKRD35",1.17941009996037e-09,2.73481376120963,1,1,2.50317999615589e-05,"4","ANKRD35"
"SMPD3",1.18304022547655e-09,3.27272869981511,1,1,2.51088457455144e-05,"4","SMPD3"
"ERBB3",1.18534200180034e-09,2.84945439261977,1,1,2.51576986462104e-05,"4","ERBB3"
"KRTAP5-4",1.19619840116782e-09,1.73818685173288,1,1,2.53881148663859e-05,"4","KRTAP5-4"
"B4GALNT3",1.22862172275317e-09,2.72228656957206,1,1,2.60762674437133e-05,"4","B4GALNT3"
"PRSS8",1.23139350702598e-09,3.16737802719821,1,1,2.61350957931194e-05,"4","PRSS8"
"FXYD3",1.24149148861691e-09,3.10443334710446,1,1,2.63494153544052e-05,"4","FXYD3"
"PDE6A",1.30286297570278e-09,4.49090811692428,1,1,2.76519637963159e-05,"4","PDE6A"
"IL36RN",1.33343066017157e-09,3.81237111041071,1,1,2.83007323314814e-05,"4","IL36RN"
"PKP1",1.34449032138382e-09,3.41203662340047,1,1,2.85354625810502e-05,"4","PKP1"
"FAM83H-AS1",1.36245605361263e-09,3.04318808423616,1,1,2.89167672818744e-05,"4","FAM83H-AS1"
"KRT26",1.37446128282625e-09,5.68190116228594,1,1,2.91715662667043e-05,"4","KRT26"
"SLC26A9",1.38833595569613e-09,2.53952362554616,1,1,2.94660423236947e-05,"4","SLC26A9"
"HOOK1",1.38930434046189e-09,2.84160994756523,1,1,2.94865953219631e-05,"4","HOOK1"
"SLC37A2",1.40669162129969e-09,2.53039014595627,1,1,2.98556229704646e-05,"4","SLC37A2"
"CDC42BPG",1.40844101480104e-09,2.46972088213945,1,1,2.98927520981372e-05,"4","CDC42BPG"
"RNF167",1.40844101480104e-09,1.23282522353927,1,1,2.98927520981372e-05,"4","RNF167"
"CIDEA",1.42254046184547e-09,3.43241682091335,1,1,3.01919987622083e-05,"4","CIDEA"
"AKR1B10",1.45272515659953e-09,3.08123078676366,1,1,3.08326387236685e-05,"4","AKR1B10"
"DENND2C",1.46513059148347e-09,2.2647502298784,1,1,3.10959316736451e-05,"4","DENND2C"
"CAMK1D",1.46840522843157e-09,1.66912971399663,1,1,3.11654325682316e-05,"4","CAMK1D"
"EBP",1.46931601116341e-09,1.98658557921813,1,1,3.11847630209321e-05,"4","EBP"
"FLG",1.53465240092178e-09,3.12776560784624,1,1,3.2571462557164e-05,"4","FLG"
"BNIPL",1.57377102484837e-09,3.30037990442581,1,1,3.34017162313817e-05,"4","BNIPL"
"C91",1.57980991779608e-09,1.84096457345744,1,1,3.3529885695304e-05,"4","C9"
"KRT31",1.5837069143705e-09,2.88604500459319,1,1,3.36125955505995e-05,"4","KRT31"
"FAM83G",1.59984949013087e-09,2.94658282930565,1,1,3.39552055785376e-05,"4","FAM83G"
"PVRL1",1.60083737624004e-09,2.80954068960969,1,1,3.39761724733187e-05,"4","PVRL1"
"C15orf48",1.60314325546966e-09,2.25148009176503,1,1,3.4025112454088e-05,"4","C15orf48"
"LOR",1.60737515570685e-09,3.47490077621869,1,1,3.41149303047221e-05,"4","LOR"
"KRTAP3-1",1.62744836817407e-09,1.18048202420103,1,1,3.45409641661264e-05,"4","KRTAP3-1"
"ALOX12B",1.6778052524754e-09,2.97148109190105,1,1,3.56097386785378e-05,"4","ALOX12B"
"KLK11",1.70850969487868e-09,2.85640112026891,1,1,3.6261409764105e-05,"4","KLK11"
"KRT73",1.71116842152296e-09,2.68211149475312,1,1,3.63178385784033e-05,"4","KRT73"
"RHBG",1.77227615464097e-09,2.32784967207623,1,1,3.76147891061e-05,"4","RHBG"
"LCN2",1.77877124107752e-09,1.2944728307381,1,1,3.77526408206294e-05,"4","LCN2"
"TCHH",1.81475523072871e-09,3.75500575124392,1,1,3.85163650169861e-05,"4","TCHH"
"ARHGEF4",1.8187661156772e-09,3.23970073745218,1,1,3.86014920391329e-05,"4","ARHGEF4"
"DCT",1.91298183165829e-09,2.75965750296284,1,1,4.06011263951155e-05,"4","DCT"
"MIR205HG",1.92170546801586e-09,3.14355869025024,1,1,4.07862768531687e-05,"4","MIR205HG"
"POF1B",1.96318585569775e-09,2.71244858075911,1,1,4.16666566013291e-05,"4","POF1B"
"CDH3",1.96859036602578e-09,3.07571922695939,1,1,4.17813619285312e-05,"4","CDH3"
"FADS2",1.98294637964585e-09,6.28450609828716,1,1,4.20860539616035e-05,"4","FADS2"
"KRT78",1.99408180644206e-09,3.09238820379859,1,1,4.23223922599264e-05,"4","KRT78"
"GAL",2.02221895891834e-09,5.08131153574851,1,1,4.29195751840829e-05,"4","GAL"
"CDH1",2.0680289421883e-09,2.42125056308819,1,1,4.38918462690044e-05,"4","CDH1"
"DSC3",2.12192664736931e-09,2.72411770180827,1,1,4.50357711637662e-05,"4","DSC3"
"PTK6",2.1304672813772e-09,2.30380675356294,1,1,4.52170375799498e-05,"4","PTK6"
"LHX2",2.14260007830720e-09,3.05509739817875,1,1,4.54745440619919e-05,"4","LHX2"
"WFDC5",2.1450477069874e-09,2.64740058301182,1,1,4.55264925331006e-05,"4","WFDC5"
"CDSN",2.18318313325228e-09,3.27172262263223,1,1,4.63358788201463e-05,"4","CDSN"
"ATP6V0A4",2.22786718808026e-09,4.04917109841156,1,1,4.72842531998155e-05,"4","ATP6V0A4"
"FAM160A1",2.24137903250871e-09,2.84033972828847,1,1,4.75710285859648e-05,"4","FAM160A1"
"KRTAP4-5",2.31442379972851e-09,2.69003349397596,1,1,4.91213307254379e-05,"4","KRTAP4-5"
"PMEL",2.31935335719322e-09,2.96644637964651,1,1,4.9225955653069e-05,"4","PMEL"
"MPZL31",2.33853086151113e-09,1.64005353700409,1,1,4.96329790047123e-05,"4","MPZL3"
"ST14",2.35030417114867e-09,2.24398903494488,1,1,4.98828557284593e-05,"4","ST14"
"IL36B",2.41796303465851e-09,1.86210681223065,1,1,5.13188474475922e-05,"4","IL36B"
"PVRL4",2.41981698141483e-09,2.80191356649765,1,1,5.13581956135483e-05,"4","PVRL4"
"EPHB6",2.45070352829606e-09,2.6212105863426,1,1,5.20137316845555e-05,"4","EPHB6"
"TFAP2C",2.50267772050174e-09,2.60822693568281,1,1,5.31168319399289e-05,"4","TFAP2C"
"IGFL1",2.53447128948546e-09,2.31394845189564,1,1,5.37916186480393e-05,"4","IGFL1"
"SOX9",2.54959059129414e-09,2.44472161446739,1,1,5.41125107096268e-05,"4","SOX9"
"LCE1C",2.55639409004334e-09,3.84791510539353,1,1,5.42569081670799e-05,"4","LCE1C"
"GLTP",2.55758784474550e-09,2.40091962434217,1,1,5.42822444168784e-05,"4","GLTP"
"KRT35",2.59855942929789e-09,3.36298019155576,1,1,5.51518253274185e-05,"4","KRT35"
"HOXC13",2.61553377573581e-09,2.7964356883244,1,1,5.55120888562169e-05,"4","HOXC13"
"SDR9C7",2.64251340218894e-09,2.89695444510302,1,1,5.60847044480582e-05,"4","SDR9C7"
"GRHL2",2.64950623872924e-09,2.75882123502628,1,1,5.62331204107894e-05,"4","GRHL2"
"CHI3L21",2.74730982164972e-09,2.84784033574456,1,1,5.83089036546936e-05,"4","CHI3L2"
"TMEM154",2.75639359749997e-09,2.48611051173254,1,1,5.85016977133393e-05,"4","TMEM154"
"MOGAT1",2.8236737289505e-09,1.89177782495944,1,1,5.99296512232454e-05,"4","MOGAT1"
"TMEM45B",2.84115408528578e-09,2.58212526919154,1,1,6.03006543061054e-05,"4","TMEM45B"
"TGM3",2.8958020207199e-09,1.8888653663025,1,1,6.14605020877592e-05,"4","TGM3"
"DLX3",2.9813223430932e-09,0.79799793035124,1,1,6.32755854098101e-05,"4","DLX3"
"KRTAP16-1",3.08305928377957e-09,4.90870443072794,1,1,6.54348502389375e-05,"4","KRTAP16-1"
"EVPL",3.15237259509388e-09,2.94176504392041,1,1,6.69059559582726e-05,"4","EVPL"
"STAP2",3.15706869064908e-09,1.98863230232586,1,1,6.7005625890336e-05,"4","STAP2"
"FADS1",3.15894887229499e-09,4.0749957837467,1,1,6.70455308655888e-05,"4","FADS1"
"DSG1",3.22405218748976e-09,3.64572175268926,1,1,6.84272836272826e-05,"4","DSG1"
"RAB27B",3.23905628879e-09,2.42999099239542,1,1,6.8745730673279e-05,"4","RAB27B"
"CBR3",3.34437891322496e-09,1.66630875393422,1,1,7.09810980542865e-05,"4","CBR3"
"EHF",3.42453920285773e-09,2.17521178907228,1,1,7.26824200414525e-05,"4","EHF"
"SPINT21",3.42453920285773e-09,2.25272528693731,1,1,7.26824200414525e-05,"4","SPINT2"
"PTPN3",3.42880513151e-09,1.96541533671279,1,1,7.27729601111683e-05,"4","PTPN3"
"TRPM1",3.42990066726568e-09,2.99640246274442,1,1,7.27962117620468e-05,"4","TRPM1"
"KRT16P5",3.43594835191113e-09,1.38047242073596,1,1,7.29245678209619e-05,"4","KRT16P5"
"PNLDC1",3.49258561507221e-09,4.90465599648003,1,1,7.41266370942926e-05,"4","PNLDC1"
"DSC1",3.50840418080038e-09,3.50626539905112,1,1,7.44623703333072e-05,"4","DSC1"
"KRTAP4-1",3.5202469893829e-09,3.97178099302539,1,1,7.47137221026627e-05,"4","KRTAP4-1"
"NIPAL1",3.5282433147343e-09,2.70271311416452,1,1,7.48834361119208e-05,"4","NIPAL1"
"CELSR2",3.58314122735307e-09,2.40313240664413,1,1,7.60485894093415e-05,"4","CELSR2"
"AZGP1",3.71801479404881e-09,2.21825385027512,1,1,7.8911145988892e-05,"4","AZGP1"
"NOD2",3.72416423123027e-09,2.2494321638814,1,1,7.90416616436313e-05,"4","NOD2"
"UGT1A4",3.80494073580935e-09,1.915749406533,1,1,8.07560621768176e-05,"4","UGT1A4"
"TP53AIP1",3.92279532768443e-09,2.13745356065591,1,1,8.32574080347744e-05,"4","TP53AIP1"
"TRIM55",3.92279532768443e-09,2.05300016265169,1,1,8.32574080347744e-05,"4","TRIM55"
"C1orf106",3.95531850635037e-09,2.87023451174359,1,1,8.39476799787802e-05,"4","C1orf106"
"SLC5A1",3.95531850635037e-09,0.934717752119303,1,1,8.39476799787802e-05,"4","SLC5A1"
"IL31RA",3.97959875563736e-09,2.6817293927974,1,1,8.44630039896474e-05,"4","IL31RA"
"SDR16C5",4.04293631314483e-09,2.92241675329026,1,1,8.58072803101858e-05,"4","SDR16C5"
"ATP10B",4.19509068928414e-09,2.65212558647586,1,1,8.90366047893666e-05,"4","ATP10B"
"KRT23",4.19509068928414e-09,2.87571262560159,1,1,8.90366047893666e-05,"4","KRT23"
"DSP",4.23586493409055e-09,2.99446303965491,1,1,8.99019973611378e-05,"4","DSP"
"POU2F3",4.25917628652977e-09,2.64212724337104,1,1,9.03967575053078e-05,"4","POU2F3"
"TFAP2B",4.28640367204927e-09,2.30195613760108,1,1,9.09746315355737e-05,"4","TFAP2B"
"GPR115",4.35638971567906e-09,2.60477864171568,1,1,9.24600153255723e-05,"4","GPR115"
"FAAH2",4.38544203758881e-09,2.04767361282768,1,1,9.30766218057849e-05,"4","FAAH2"
"RP11-488I20.7",4.38882477986434e-09,1.26748990874718,1,1,9.31484171278407e-05,"4","RP11-488I20.7"
"KRT14",4.40188892055857e-09,2.9340844967728,1,1,9.3425690449935e-05,"4","KRT14"
"EPS8L1",4.41529233816277e-09,2.3265614031606,1,1,9.37101645851666e-05,"4","EPS8L1"
"PYDC1",4.44415090960287e-09,1.15902162580004,1,1,9.43226589054113e-05,"4","PYDC1"
"IL22RA1",4.51747915118937e-09,3.01586179644958,1,1,9.58789775048433e-05,"4","IL22RA1"
"VDR",4.58924243772558e-09,2.34851707934896,1,1,9.74020814982876e-05,"4","VDR"
"PPL",4.6039896853154e-09,2.57621289068529,1,1,9.77150770811341e-05,"4","PPL"
"DEFB1",4.75712804772313e-09,2.62254341480111,1,1,0.000100965285684876,"4","DEFB1"
"NIPAL2",4.79438199403872e-09,1.35665615492912,1,1,0.000101755963441478,"4","NIPAL2"
"PPFIBP2",4.7996857867805e-09,1.52499123989075,1,1,0.000101868531138629,"4","PPFIBP2"
"DUOXA1",4.90510080828345e-09,2.9835693680746,1,1,0.000104105859555008,"4","DUOXA1"
"ST6GALNAC2",4.95603022510169e-09,2.21096535194043,1,1,0.000105186785497558,"4","ST6GALNAC2"
"DUOX1",5.00346679908049e-09,2.19175911816626,1,1,0.000106193579343684,"4","DUOX1"
"ESRP2",5.20539440348525e-09,2.66185319392888,1,1,0.000110479290819571,"4","ESRP2"
"SH3GL3",5.23012791907434e-09,1.26436450565921,1,1,0.000111004234954434,"4","SH3GL3"
"BAI1",5.38528483347749e-09,2.55708225750391,1,1,0.000114297285305726,"4","BAI1"
"SLC39A2",5.48277914089484e-09,1.99800714695979,1,1,0.000116366504486352,"4","SLC39A2"
"LIPH",5.76454923788651e-09,1.87983274877519,1,1,0.000122346793024903,"4","LIPH"
"ALOXE3",5.76868398820048e-09,2.77193171488172,1,1,0.000122434548965567,"4","ALOXE3"
"TMEM184A",5.83212364882856e-09,2.51834732342292,1,1,0.000123780992322737,"4","TMEM184A"
"ATP5G1P6",5.84971400931516e-09,1.69140759887617,1,1,0.000124154330133705,"4","ATP5G1P6"
"RAPGEFL1",5.90508922179095e-09,2.15249283754813,1,1,0.000125329613643291,"4","RAPGEFL1"
"NLRP10",5.98091998772872e-09,2.35046633736282,1,1,0.000126939045819554,"4","NLRP10"
"XKRX",6.26886938147681e-09,3.12268789123806,1,1,0.000133050483752464,"4","XKRX"
"FABP7",6.29184247581875e-09,4.33237828653756,1,1,0.000133538064706777,"4","FABP7"
"PPP1R14C",6.29428167147895e-09,2.67275540876448,1,1,0.000133589834195469,"4","PPP1R14C"
"HOMER2",6.40250046007745e-09,2.34125758401414,1,1,0.000135886669764684,"4","HOMER2"
"KRT10",6.41167255524773e-09,3.15314301846705,1,1,0.000136081338312578,"4","KRT10"
"ACSL1",6.41534465205362e-09,2.90784993718991,1,1,0.000136159274895186,"4","ACSL1"
"BCL11A",6.66418380365703e-09,2.17148321428871,1,1,0.000141440637048817,"4","BCL11A"
"GM2A",6.68553908180668e-09,1.84228755728078,1,1,0.000141893881472265,"4","GM2A"
"LL0XNC01-131B10.2",6.75513749943148e-09,2.23331627845435,1,1,0.000143371038287934,"4","LL0XNC01-131B10.2"
"OFCC1",7.09794975043465e-09,0.817248423328993,1,1,0.000150646885503225,"4","OFCC1"
"PSG7",7.1660915041037e-09,2.82641361245663,1,1,0.000152093126083097,"4","PSG7"
"PMVK",7.24509794233734e-09,1.75318931385487,1,1,0.000153769958728168,"4","PMVK"
"IFFO2",7.25953139008142e-09,2.72633931413656,1,1,0.000154076294223088,"4","IFFO2"
"TPRXL",7.45505982089693e-09,2.11615711699972,1,1,0.000158226189638716,"4","TPRXL"
"AADACL4",7.71473004700534e-09,1.77507514023052,1,1,0.000163737430517641,"4","AADACL4"
"GLRX",7.75468379240235e-09,1.67649815431919,1,1,0.000164585408809947,"4","GLRX"
"EMILIN3",7.77284078725949e-09,1.52385628325209,1,1,0.000164970772868795,"4","EMILIN3"
"POU3F3",7.82671390759916e-09,1.74177664856658,1,1,0.000166114175974885,"4","POU3F3"
"ASPG",7.86397768131056e-09,2.08086797450174,1,1,0.000166905062308135,"4","ASPG"
"GLDC",7.86573807563543e-09,4.48684405746233,1,1,0.000166942424917286,"4","GLDC"
"SYTL1",7.87687593835811e-09,2.24203947051006,1,1,0.000167178814915713,"4","SYTL1"
"SLC27A6",7.94803239583804e-09,2.56041251330216,1,1,0.000168689039569267,"4","SLC27A6"
"MICALCL",8.15589210485596e-09,2.01111003158966,1,1,0.000173100654033463,"4","MICALCL"
"KRT38",8.18377621238469e-09,2.05505786685984,1,1,0.000173692466331653,"4","KRT38"
"S100A91",8.20209127820168e-09,3.48821021482845,1,1,0.000174081185288552,"4","S100A9"
"FAT2",8.21135883909972e-09,2.76259774620125,1,1,0.000174277880001052,"4","FAT2"
"HSD3B1",8.35171778587665e-09,4.193287308641,1,1,0.000177256858287446,"4","HSD3B1"
"AQP3",8.85227693185458e-09,2.56030367579303,1,1,0.000187880725601682,"4","AQP3"
"CHRNB1",8.87021566670382e-09,0.92134272573346,1,1,0.000188261457310122,"4","CHRNB1"
"KRTAP4-7",8.87626068410689e-09,6.07057935446111,1,1,0.000188389756759485,"4","KRTAP4-7"
"TUBA4A",8.91169692083821e-09,2.25404839718733,1,1,0.00018914185544787,"4","TUBA4A"
"KRT1",9.17020058938319e-09,3.00124532529624,1,1,0.000194628337309069,"4","KRT1"
"AP1M2",9.2384464013751e-09,1.13813471131039,1,1,0.000196076786422785,"4","AP1M2"
"APMAP",9.67105075354421e-09,1.93941621800168,1,1,0.000205258381193222,"4","APMAP"
"PSG6",9.81121354085845e-09,2.87721776801574,1,1,0.00020823319619118,"4","PSG6"
"IL20RA",9.87088069135713e-09,2.09742188165223,1,1,0.000209499571793364,"4","IL20RA"
"KRTAP4-3",9.98167808362180e-09,0.208738314009056,1,1,0.000211851135646789,"4","KRTAP4-3"
"FOXN1",1.00076218586913e-08,3.14941450395534,1,1,0.000212401766328864,"4","FOXN1"
"C9orf169",1.00253616946285e-08,2.67163636236614,1,1,0.000212778276606795,"4","C9orf169"
"BSPRY1",1.01469355258958e-08,1.02899597828777,1,1,0.000215358559601612,"4","BSPRY"
"RAET1E",1.0353999264739e-08,1.41677422548745,1,1,0.00021975328039482,"4","RAET1E"
"ALX1",1.0384387448301e-08,1.97082757737891,1,1,0.000220398239202741,"4","ALX1"
"CLTB",1.04919789012991e-08,1.92743582779719,1,1,0.000222681760201171,"4","CLTB"
"SRY",1.06071709546214e-08,4.49607268018398,1,1,0.000225126596340885,"4","SRY"
"RDH11",1.09222971781786e-08,1.29711555123037,1,1,0.000231814835309663,"4","RDH11"
"GSDMC",1.11890137703077e-08,2.82711378962499,1,1,0.000237475628261011,"4","GSDMC"
"BLNK",1.13288719234699e-08,1.37621705513892,1,1,0.000240443977703725,"4","BLNK"
"RAB11FIP4",1.13288719234699e-08,1.98246753185102,1,1,0.000240443977703725,"4","RAB11FIP4"
"SULT4A1",1.17017339668883e-08,1.11820344517735,1,1,0.000248357601713237,"4","SULT4A1"
"MFAP3L",1.17456870863471e-08,2.23799721394713,1,1,0.000249290462720631,"4","MFAP3L"
"SLC30A10",1.21694916307853e-08,0.962461367188244,1,1,0.000258285290371788,"4","SLC30A10"
"MVD",1.23412426470215e-08,1.78984418441964,1,1,0.000261930533940384,"4","MVD"
"KRT17P2",1.32345848257378e-08,1.16719203893101,1,1,0.000280890828341458,"4","KRT17P2"
"RIPK4",1.3315801929854e-08,1.70224763804163,1,1,0.000282614580159222,"4","RIPK4"
"HSD3BP2",1.34326339669632e-08,1.75967470973786,1,1,0.000285094223314826,"4","HSD3BP2"
"CDKL21",1.35205042073596e-08,1.49680895232655,1,1,0.000286959181297,"4","CDKL2"
"THRSP",1.35205042073596e-08,4.38755317530563,1,1,0.000286959181297,"4","THRSP"
"ESYT3",1.38116691795436e-08,2.55121651502819,1,1,0.000293138866666634,"4","ESYT3"
"CYP4F3",1.38861768878694e-08,1.54970192005585,1,1,0.000294720218268139,"4","CYP4F3"
"SC5D",1.39104036109711e-08,1.94934915982993,1,1,0.000295234406239251,"4","SC5D"
"MYO5B",1.39340395877885e-08,1.95912904234208,1,1,0.000295736056211223,"4","MYO5B"
"AACS",1.39363288168774e-08,1.82068805927154,1,1,0.000295784642809405,"4","AACS"
"JUP",1.39370919668638e-08,2.24138050654939,1,1,0.000295800839904718,"4","JUP"
"TOB1",1.39370919668638e-08,1.69877657993129,1,1,0.000295800839904718,"4","TOB1"
"FOXE1",1.40786500604013e-08,2.07077104698391,1,1,0.000298805268881957,"4","FOXE1"
"KLK9",1.41985321698661e-08,1.68725208986071,1,1,0.000301349646773239,"4","KLK9"
"CBLC",1.42039689008541e-08,2.28952198984834,1,1,0.000301465035951727,"4","CBLC"
"C1orf170",1.42372196749784e-08,2.4035954795301,1,1,0.000302170750381741,"4","C1orf170"
"HTR3A",1.43274486316418e-08,3.11973235395177,1,1,0.000304085769757965,"4","HTR3A"
"FERMT1",1.4416376840095e-08,2.15613423401322,1,1,0.000305973182054176,"4","FERMT1"
"LCE2B",1.47439584552301e-08,2.95393668189011,1,1,0.000312925774253803,"4","LCE2B"
"PTPRZ1",1.49281241423532e-08,2.62383720981522,1,1,0.000316834506797303,"4","PTPRZ1"
"CHI3L11",1.49729936130196e-08,2.70903855005457,1,1,0.000317786816442729,"4","CHI3L1"
"ATP2C2",1.50097932737089e-08,2.16510625280516,1,1,0.000318567852441197,"4","ATP2C2"
"LCE2C",1.52047261638206e-08,3.31985503988227,1,1,0.000322705108100929,"4","LCE2C"
"SERPINA12",1.55717924654807e-08,2.79454445673391,1,1,0.000330495723287363,"4","SERPINA12"
"TMPRSS11F",1.579647829668e-08,2.66291908754628,1,1,0.000335264455368737,"4","TMPRSS11F"
"IL18",1.63004571370592e-08,1.83175530027785,1,1,0.000345960902276945,"4","IL18"
"SDR42E1",1.65018184683471e-08,2.55424632493769,1,1,0.000350234595172198,"4","SDR42E1"
"IRF6",1.67134478327405e-08,2.57126635595042,1,1,0.000354726216802084,"4","IRF6"
"CYB5R1",1.70453809494597e-08,1.24592849828402,1,1,0.000361771165271332,"4","CYB5R1"
"KIAA1522",1.70463033159252e-08,1.61320000890134,1,1,0.000361790741577196,"4","KIAA1522"
"HSD17B2",1.71260509177466e-08,2.75656587217538,1,1,0.000363483304678255,"4","HSD17B2"
"WNT7A",1.72979228221138e-08,0.567111426258341,1,1,0.000367131113976542,"4","WNT7A"
"LCE1B",1.80262709845017e-08,3.22488365839609,1,1,0.000382589575375065,"4","LCE1B"
"SEPT3",1.81555050475172e-08,1.34646981896129,1,1,0.000385332439128505,"4","SEPT3"
"GYLTL1B",1.81876545929246e-08,2.28212962592447,1,1,0.000386014781080232,"4","GYLTL1B"
"PLA2G4F",1.85252237821682e-08,2.67670094002291,1,1,0.000393179349552737,"4","PLA2G4F"
"SCEL",1.8533666676238e-08,2.24949836699231,1,1,0.000393358541536476,"4","SCEL"
"LCE1A",1.87946628845291e-08,3.33750262947379,1,1,0.000398897925061245,"4","LCE1A"
"PDZK1IP1",1.88438369245252e-08,2.53243258094421,1,1,0.000399941594886122,"4","PDZK1IP1"
"NOS1",1.92742400957977e-08,2.13577382139565,1,1,0.000409076471793209,"4","NOS1"
"CD24P41",1.9589019534338e-08,1.85216887077791,1,1,0.000415757350596791,"4","CD24P4"
"KRT16P2",2.00320861854784e-08,0.27816967008838,1,1,0.000425160997200593,"4","KRT16P2"
"PLA2R1",2.16715319127027e-08,2.24917009386372,1,1,0.000459956593315202,"4","PLA2R1"
"NSG1",2.21207931829916e-08,2.50812375538088,1,1,0.000469491714515813,"4","NSG1"
"RIMS2",2.22895913299452e-08,3.99486025906756,1,1,0.000473074286386757,"4","RIMS2"
"PIP4K2C",2.25491424493101e-08,1.09214078693211,1,1,0.000478582999344157,"4","PIP4K2C"
"CARD14",2.33698932405382e-08,2.63129017987197,1,1,0.000496002614137183,"4","CARD14"
"PI3",2.35324892274071e-08,5.95665348899667,1,1,0.000499453551362489,"4","PI3"
"GLB1L3",2.36732196350779e-08,2.01590042864927,1,1,0.000502440413534894,"4","GLB1L3"
"USP2",2.43496707758269e-08,1.65098843333842,1,1,0.00051679741254615,"4","USP2"
"WNT10A",2.43688265297731e-08,1.89690835498086,1,1,0.000517203974267905,"4","WNT10A"
"DGKA",2.44220003108518e-08,1.41789419957716,1,1,0.000518332534597519,"4","DGKA"
"NELL2",2.51908426970247e-08,2.18050905614359,1,1,0.000534650445401652,"4","NELL2"
"CA12",2.5298954711926e-08,2.35096748626739,1,1,0.000536945014805917,"4","CA12"
"AIM1",2.54115003104699e-08,1.69210694670269,1,1,0.000539333682589413,"4","AIM1"
"ANKFN1",2.63877732349406e-08,2.05569590350353,1,1,0.000560054099138379,"4","ANKFN1"
"SPAG1",2.64120066013819e-08,1.58421296987086,1,1,0.00056056842810773,"4","SPAG1"
"ZG16B",2.72065929901323e-08,2.99575882039574,1,1,0.000577432729622569,"4","ZG16B"
"PLEKHH1",2.74796483776933e-08,2.13368856555698,1,1,0.000583228057168164,"4","PLEKHH1"
"SGK2",2.82905743431638e-08,2.77394478624151,1,1,0.000600439149859309,"4","SGK2"
"CPEB41",2.86176216104244e-08,1.34281292058046,1,1,0.000607380401059648,"4","CPEB4"
"TTC39C",2.86176216104244e-08,1.40933417646655,1,1,0.000607380401059648,"4","TTC39C"
"GPR111",2.93405770965855e-08,2.81101618437422,1,1,0.00062272440829793,"4","GPR111"
"ARAP2",2.97669058000508e-08,1.79952560019973,1,1,0.000631772808700279,"4","ARAP2"
"VANGL2",3.07787914142073e-08,1.987180124878,1,1,0.000653249068975135,"4","VANGL2"
"CDS1",3.20173981265223e-08,1.25813781019401,1,1,0.000679537257837308,"4","CDS1"
"NIPAL4",3.20173981265223e-08,2.40852178939587,1,1,0.000679537257837308,"4","NIPAL4"
"CPLX3",3.29694494434847e-08,1.53586505916523,1,1,0.000699743594988518,"4","CPLX3"
"MAP3K9",3.30180099467877e-08,1.50771068035907,1,1,0.000700774243110622,"4","MAP3K9"
"TMEM54",3.31315771553455e-08,1.74628224991119,1,1,0.000703184593545052,"4","TMEM54"
"GOT1",3.33666723035936e-08,1.38453784399502,1,1,0.000708174252971471,"4","GOT1"
"EPS8L2",3.35056440099904e-08,1.6305731842107,1,1,0.000711123788468036,"4","EPS8L2"
"SERPINB7",3.44780816943082e-08,2.56403776236522,1,1,0.000731762805879997,"4","SERPINB7"
"NEBL",3.47564436682496e-08,2.05386172392542,1,1,0.00073767076041493,"4","NEBL"
"PXMP4",3.59465462408307e-08,2.03420884539264,1,1,0.00076292949741539,"4","PXMP4"
"CD1A",3.59501012332432e-08,1.90310918631991,1,1,0.000763004948574353,"4","CD1A"
"SQRDL",3.62470925179102e-08,0.734721319205782,1,1,0.000769308291600125,"4","SQRDL"
"IGHEP1",3.63653755036887e-08,1.92205482094829,1,1,0.000771818729690288,"4","IGHEP1"
"C1orf116",3.71535067067694e-08,1.10520762425197,1,1,0.000788546026344474,"4","C1orf116"
"XDH",3.91764640796257e-08,1.65444712242968,1,1,0.000831481273625976,"4","XDH"
"FLG2",3.92055554981777e-08,2.46308911826024,1,1,0.000832098709893323,"4","FLG2"
"GGT2",3.92991750156397e-08,1.52304332052191,1,1,0.000834085690531937,"4","GGT2"
"GRB7",3.93783366957937e-08,2.70108078701322,1,1,0.000835765818031526,"4","GRB7"
"EFNA3",4.00242232477925e-08,2.03269409974851,1,1,0.000849474114211149,"4","EFNA3"
"PPARA",4.07378384806132e-08,1.25683075468345,1,1,0.000864619883912535,"4","PPARA"
"RAET1L",4.07641278147833e-08,2.00245670203469,1,1,0.000865177848740961,"4","RAET1L"
"COL17A1",4.07775749343093e-08,2.46893317668365,1,1,0.000865463250405781,"4","COL17A1"
"SLC6A14",4.13308868154545e-08,1.27609458142222,1,1,0.000877206741771206,"4","SLC6A14"
"GOLGA7B",4.17261113944228e-08,2.44032702875012,1,1,0.00088559498823523,"4","GOLGA7B"
"LGR5",4.35475393473292e-08,3.07476166011949,1,1,0.000924252975107714,"4","LGR5"
"PSG11",4.38192154207647e-08,2.41563215219268,1,1,0.000930019028090309,"4","PSG11"
"IGSF9",4.382627639771e-08,2.0419113683227,1,1,0.000930168890264997,"4","IGSF9"
"GPLD1",4.39069613092204e-08,2.14831393772833,1,1,0.000931881346826894,"4","GPLD1"
"GK5",4.40934788714639e-08,2.25485026553232,1,1,0.000935839995567951,"4","GK5"
"LCE1F",4.53273133632292e-08,2.62908197461235,1,1,0.000962026898821176,"4","LCE1F"
"CRABP2",4.58036683422405e-08,1.97097680537286,1,1,0.000972137056895712,"4","CRABP2"
"FABP9",4.58299246114503e-08,5.96336811546139,1,1,0.000972694319953422,"4","FABP9"
"ANXA8L2",4.58328847802755e-08,2.70373754567501,1,1,0.000972757146576567,"4","ANXA8L2"
"SLC28A3",4.67722092444269e-08,1.57668083687589,1,1,0.000992693369003716,"4","SLC28A3"
"SERPINB2",4.72952018330318e-08,2.30140010615409,1,1,0.00100379336370427,"4","SERPINB2"
"CD82",4.76725799676053e-08,1.69282960607314,1,1,0.00101180283723246,"4","CD82"
"APCDD1",4.95147032153553e-08,2.24919048641035,1,1,0.0010509000610427,"4","APCDD1"
"ANKRD13A",4.95649232356652e-08,0.550325850364509,1,1,0.00105196593075376,"4","ANKRD13A"
"UGT1A2P",4.96565798611577e-08,0.696486774693803,1,1,0.00105391125097321,"4","UGT1A2P"
"EDN3",5.01440072934128e-08,1.0447208781922,1,1,0.00106425641079539,"4","EDN3"
"RNASE7",5.02637241445874e-08,3.49426220018162,1,1,0.00106679728124472,"4","RNASE7"
"LY6G6D",5.0586214966297e-08,4.26433027030108,1,1,0.00107364182644469,"4","LY6G6D"
"TOM1L1",5.11016755054659e-08,2.17659720275042,1,1,0.00108458196092801,"4","TOM1L1"
"S100A3",5.25479850722238e-08,2.14538197490719,1,1,0.00111527843517288,"4","S100A3"
"PSG4",5.30116469107869e-08,3.49814350424396,1,1,0.00112511919403454,"4","PSG4"
"PANK1",5.34193568132926e-08,0.109468456722233,1,1,0.00113377242900532,"4","PANK1"
"SLC16A7",5.34759806494341e-08,1.13459046602788,1,1,0.00113497421330359,"4","SLC16A7"
"C2orf54",5.39864050274347e-08,2.25282611717381,1,1,0.00114580746030228,"4","C2orf54"
"PECR",5.56331541159362e-08,2.47163205661826,1,1,0.00118075806295663,"4","PECR"
"NSDHL",5.56611526405509e-08,1.6390107316321,1,1,0.00118135230364305,"4","NSDHL"
"IL36G",5.60965497444423e-08,3.52537555159649,1,1,0.00119059317177604,"4","IL36G"
"LPAR3",5.61159682106538e-08,1.01115457680436,1,1,0.00119100530930292,"4","LPAR3"
"GSTA3",5.71133042062227e-08,1.69379549321316,1,1,0.00121217276847287,"4","GSTA3"
"RP11-255H23.2",5.72528857723878e-08,2.44985377235511,1,1,0.00121513524763316,"4","RP11-255H23.2"
"MEGF9",5.78599154733927e-08,1.39276612617001,1,1,0.00122801884600729,"4","MEGF9"
"ZBTB7B",6.01608092583074e-08,1.82158153027675,1,1,0.00127685301569832,"4","ZBTB7B"
"HPGD",6.23692647988688e-08,1.9597302946071,1,1,0.00132372527609119,"4","HPGD"
"ARHGEF37",6.2434723899655e-08,1.6571916450571,1,1,0.00132511458004628,"4","ARHGEF37"
"SORD1",6.2434723899655e-08,1.23853730125726,1,1,0.00132511458004628,"4","SORD"
"SLURP1",6.4093887065124e-08,3.74668152418069,1,1,0.00136032865907019,"4","SLURP1"
"AC022596.6",6.43128218172398e-08,2.61211491434524,1,1,0.0013649753302491,"4","AC022596.6"
"CD164L2",6.46313317965706e-08,0.896823197242792,1,1,0.00137173538605041,"4","CD164L2"
"PLB1",6.49407308197461e-08,0.89018667957361,1,1,0.00137830207091829,"4","PLB1"
"SOAT1",6.49925141317573e-08,3.2631158115021,1,1,0.00137940111993242,"4","SOAT1"
"EML6",6.50022274977534e-08,1.32645070854573,1,1,0.00137960727641232,"4","EML6"
"TSTD1",6.7158907597641e-08,1.24412232446188,1,1,0.00142538065485233,"4","TSTD1"
"GAREM",6.72792308904844e-08,1.78245177190861,1,1,0.00142793439641964,"4","GAREM"
"CRCT1",6.73911972564905e-08,2.55645646549052,1,1,0.00143031077057175,"4","CRCT1"
"CCDC64",6.75472868832428e-08,1.87290744560031,1,1,0.00143362361680995,"4","CCDC64"
"PSG10P",6.80230911488188e-08,2.58217880274737,1,1,0.00144372208654253,"4","PSG10P"
"PITX1",6.82071072857491e-08,1.89124415043942,1,1,0.00144762764503274,"4","PITX1"
"HRG",6.87530704429997e-08,0.173965374847528,1,1,0.00145921516708223,"4","HRG"
"AXDND1",6.89528598009268e-08,3.49248351267983,1,1,0.00146345549641487,"4","AXDND1"
"DEGS2",6.96409460610279e-08,1.68993416627441,1,1,0.00147805943919926,"4","DEGS2"
"LYNX1",6.99213346688531e-08,3.21491798847855,1,1,0.00148401040701174,"4","LYNX1"
"C1orf210",7.12510307311916e-08,1.29240114421276,1,1,0.00151223187623881,"4","C1orf210"
"MREG",7.13407754698731e-08,1.30342433513461,1,1,0.00151413661857259,"4","MREG"
"NGEF",7.16633438029684e-08,0.990535437957854,1,1,0.0015209828088742,"4","NGEF"
"CACNA2D3",7.19408383471171e-08,1.85110375736632,1,1,0.00152687235307921,"4","CACNA2D3"
"ANXA9",7.25345115571068e-08,2.41588141243308,1,1,0.00153947247328803,"4","ANXA9"
"ZNF185",7.28401443752822e-08,1.22269290244687,1,1,0.00154595922422099,"4","ZNF185"
"F2RL1",7.4760922615555e-08,2.09597261512617,1,1,0.00158672582159254,"4","F2RL1"
"ACSM3",7.53763246147285e-08,1.72663455825233,1,1,0.001599787113623,"4","ACSM3"
"CECR2",7.56931388836349e-08,1.97528716077911,1,1,0.00160651117966627,"4","CECR2"
"ZNF385A",7.57491671007701e-08,1.1694087859709,1,1,0.00160770032254674,"4","ZNF385A"
"KRT2",7.86933322971568e-08,2.99473060631454,1,1,0.00167018728467486,"4","KRT2"
"NANOGP2",7.9974001961127e-08,1.58551546641157,1,1,0.00169736821762296,"4","NANOGP2"
"ALDH3A2",8.18678643563647e-08,1.39863035573137,1,1,0.00173756355309948,"4","ALDH3A2"
"CYP24A1",8.2983987935824e-08,0.476819455197425,1,1,0.00176125215994993,"4","CYP24A1"
"SHISA9",8.50234347556305e-08,0.826604006824903,1,1,0.0018045373792535,"4","SHISA9"
"GAN",8.50455838623017e-08,1.75143080806447,1,1,0.00180500747189349,"4","GAN"
"IMPA2",8.50455838623017e-08,2.39403674501231,1,1,0.00180500747189349,"4","IMPA2"
"MYH14",8.5058074221493e-08,1.94188095293989,1,1,0.00180527256727697,"4","MYH14"
"ELOVL7",8.93420215865084e-08,2.6532899152548,1,1,0.00189619506615206,"4","ELOVL7"
"KCNK5",8.93420215865084e-08,1.80666283825801,1,1,0.00189619506615206,"4","KCNK5"
"DHDDS",9.17990925220558e-08,0.663072911563013,1,1,0.00194834393968811,"4","DHDDS"
"KRTAP5-11",9.20116316115798e-08,1.328835514777,1,1,0.00195285486932417,"4","KRTAP5-11"
"FCHSD1",9.53399347607597e-08,1.2790645290638,1,1,0.00202349477536236,"4","FCHSD1"
"PLCH2",9.53399347607597e-08,2.09917458851745,1,1,0.00202349477536236,"4","PLCH2"
"PRSS12",9.53399347607597e-08,2.20352653274257,1,1,0.00202349477536236,"4","PRSS12"
"KLC3",9.58705044991472e-08,2.31567019524747,1,1,0.0020347555874899,"4","KLC3"
"AC012313.1",9.61147172531517e-08,2.00504635985068,1,1,0.00203993875898089,"4","AC012313.1"
"IL1RL2",9.77245252761284e-08,2.33574419040508,1,1,0.00207410532446055,"4","IL1RL2"
"IL20RB",9.8514907019434e-08,2.09827304809293,1,1,0.00209088038658047,"4","IL20RB"
"IRX3",9.90416973521404e-08,1.69466131516148,1,1,0.00210206098460183,"4","IRX3"
"SH3BP1",9.9084906097432e-08,1.1826509583724,1,1,0.0021029780470119,"4","SH3BP1"
"OTX1",1.00688019377698e-07,2.26532384363316,1,1,0.00213700252327226,"4","OTX1"
"SCNN1B",1.01134719507477e-07,2.09205726190317,1,1,0.00214648328682668,"4","SCNN1B"
"NMU",1.01579475961385e-07,2.02164938724284,1,1,0.00215592279780443,"4","NMU"
"OTOP2",1.0241186098338e-07,1.04116086614712,1,1,0.00217358933751127,"4","OTOP2"
"WNT4",1.02653843901738e-07,1.76222631817433,1,1,0.00217872518297048,"4","WNT4"
"KRT15",1.02832686141896e-07,2.34297002491367,1,1,0.00218252093067559,"4","KRT15"
"KRT77",1.05474078255324e-07,1.86491082558911,1,1,0.002238581836891,"4","KRT77"
"RNF39",1.06070923719912e-07,2.2498774037768,1,1,0.00225124928503141,"4","RNF39"
"EPHA1",1.06486350158431e-07,1.6368746710905,1,1,0.00226006629576255,"4","EPHA1"
"MMP27",1.08094086775015e-07,1.65477738928737,1,1,0.00229418889771291,"4","MMP27"
"CES4A",1.09124781668536e-07,1.99900290367804,1,1,0.00231606436613301,"4","CES4A"
"KRT86",1.10355350762289e-07,2.65844818420521,1,1,0.00234218196457881,"4","KRT86"
"LGALS3",1.15339193945409e-07,1.28835224166803,1,1,0.00244795905229736,"4","LGALS3"
"NPC1",1.15344727522094e-07,1.28897928164209,1,1,0.00244807649692892,"4","NPC1"
"CAMSAP3",1.19109049728832e-07,2.41820105601749,1,1,0.00252797047144472,"4","CAMSAP3"
"TMEM254",1.19109049728832e-07,2.43312271913193,1,1,0.00252797047144472,"4","TMEM254"
"MPZL21",1.1947460832045e-07,1.38070793640149,1,1,0.00253572908699324,"4","MPZL2"
"FAXDC2",1.19737951953157e-07,1.58294003972474,1,1,0.0025413182922538,"4","FAXDC2"
"TRIM7",1.20429722504229e-07,1.39627978036817,1,1,0.00255600043042975,"4","TRIM7"
"HSD17B81",1.23435225201886e-07,0.940505633657919,1,1,0.00261978921968483,"4","HSD17B8"
"C5orf27",1.2495709069233e-07,1.53218898993419,1,1,0.00265208929285402,"4","C5orf27"
"CUX2",1.250751690201e-07,2.65751472622527,1,1,0.0026545953872826,"4","CUX2"
"CYP4F11",1.25700436265375e-07,1.38491098601861,1,1,0.00266786605929633,"4","CYP4F11"
"MANEAL",1.26500023447298e-07,1.09671575922169,1,1,0.00268483649764545,"4","MANEAL"
"ELMOD1",1.27816952922905e-07,2.15015699043222,1,1,0.00271278700883574,"4","ELMOD1"
"OSBPL2",1.29175549073744e-07,1.09813811522967,1,1,0.00274162185354115,"4","OSBPL2"
"FDFT1",1.29200152895702e-07,1.41052148753808,1,1,0.00274214404505837,"4","FDFT1"
"TTC22",1.32982580963736e-07,2.0326065193096,1,1,0.00282242229837433,"4","TTC22"
"CORIN",1.33118837404145e-07,2.03788211980629,1,1,0.00282531420506557,"4","CORIN"
"MARVELD2",1.33118837404145e-07,1.73341392198149,1,1,0.00282531420506557,"4","MARVELD2"
"TUFT1",1.33632318676261e-07,2.35441924809635,1,1,0.00283621233158497,"4","TUFT1"
"C5orf46",1.33644686931145e-07,1.9017258826865,1,1,0.00283647483542662,"4","C5orf46"
"KLF5",1.34141137588034e-07,1.8929556400387,1,1,0.00284701150416843,"4","KLF5"
"KPRP",1.3704608792311e-07,2.47351264489539,1,1,0.0029086661700801,"4","KPRP"
"CNKSR3",1.39251558180519e-07,1.47181188878834,1,1,0.00295547507082334,"4","CNKSR3"
"L2HGDH",1.39291144030146e-07,0.661509001637132,1,1,0.00295631524089581,"4","L2HGDH"
"LIPN",1.3984863103255e-07,1.71065405440032,1,1,0.00296814734503485,"4","LIPN"
"LGALS7",1.40704613060813e-07,2.38368549449666,1,1,0.0029863147076027,"4","LGALS7"
"UGT1A1",1.41698317167386e-07,1.13746715573791,1,1,0.00300740508356059,"4","UGT1A1"
"ZNF725P",1.4251531106394e-07,2.27490318302946,1,1,0.00302474496202105,"4","ZNF725P"
"GPT",1.44420440744869e-07,2.72713020950625,1,1,0.0030651794343691,"4","GPT"
"OXCT1",1.44591162894152e-07,1.81638732689519,1,1,0.00306880284126548,"4","OXCT1"
"CCDC64B",1.47641603041075e-07,2.07312306251984,1,1,0.00313354538294377,"4","CCDC64B"
"GLYATL1",1.49637223748628e-07,1.36154396249112,1,1,0.00317590043684087,"4","GLYATL1"
"KRT39",1.51325846217109e-07,3.30572246826589,1,1,0.00321173976011192,"4","KRT39"
"CDH22",1.52837220259582e-07,1.69571850975136,1,1,0.00324381716278937,"4","CDH22"
"FGFR2",1.55797508602611e-07,1.98951800482697,1,1,0.00330664632258182,"4","FGFR2"
"ENDOD1",1.55870772443556e-07,0.645871410564359,1,1,0.00330820127434203,"4","ENDOD1"
"RP11-268J15.5",1.6147637988869e-07,1.25545186266315,1,1,0.00342717468675755,"4","RP11-268J15.5"
"ACOT1",1.61749252548986e-07,3.62316599099419,1,1,0.00343296613609968,"4","ACOT1"
"LYPD2",1.65565064672562e-07,1.79252429878371,1,1,0.00351395293261046,"4","LYPD2"
"BRI3BP",1.66784980312514e-07,1.55153503383472,1,1,0.00353984442215279,"4","BRI3BP"
"LCE1D",1.66868127956019e-07,1.59607518768024,1,1,0.00354160914773856,"4","LCE1D"
"CA11",1.67418529263036e-07,0.70973077217138,1,1,0.00355329086507867,"4","CA11"
"MIEN1",1.67638015202061e-07,0.974920688250153,1,1,0.00355794923464854,"4","MIEN1"
"PFKFB21",1.68046289236404e-07,1.55331102136362,1,1,0.00356661444275345,"4","PFKFB2"
"ABCD3",1.68077730356888e-07,1.23369145986512,1,1,0.00356728174909459,"4","ABCD3"
"AHNAK2",1.68077730356888e-07,1.70056750559504,1,1,0.00356728174909459,"4","AHNAK2"
"MFSD6",1.68077730356888e-07,1.30002469318562,1,1,0.00356728174909459,"4","MFSD6"
"AQP5",1.73924497751796e-07,1.83029392634285,1,1,0.00369137354028411,"4","AQP5"
"ERBB2",1.74473858321804e-07,1.89880671741277,1,1,0.00370303316902198,"4","ERBB2"
"WNT3",1.80070622906043e-07,1.99211877687332,1,1,0.00382181890055786,"4","WNT3"
"PIK3C2G",1.80112995817e-07,2.33025053301398,1,1,0.00382271822322,"4","PIK3C2G"
"TMPRSS4",1.80477230243184e-07,1.63231143740405,1,1,0.00383044873468135,"4","TMPRSS4"
"C6orf132",1.81088180076682e-07,2.27764153606897,1,1,0.0038434155339475,"4","C6orf132"
"DDR1",1.81088180076682e-07,1.9494068929676,1,1,0.0038434155339475,"4","DDR1"
"COL7A1",1.81113460487458e-07,1.0795914313393,1,1,0.00384395208538581,"4","COL7A1"
"DBI",1.81121887965644e-07,1.33008663513928,1,1,0.00384413095018283,"4","DBI"
"C12orf56",1.81649759980881e-07,1.21939441937681,1,1,0.00385533450583423,"4","C12orf56"
"C10orf129",1.84852631713803e-07,3.00590123454852,1,1,0.00392331225549374,"4","C10orf129"
"FOXC1",1.87918503170837e-07,1.88663413748807,1,1,0.00398838231129784,"4","FOXC1"
"RORA",1.87997015504528e-07,1.29182837904048,1,1,0.00399004865706811,"4","RORA"
"AC005351.1",1.88818774955797e-07,1.05423447092445,1,1,0.00400748967966183,"4","AC005351.1"
"LCE1E",1.91509184790655e-07,1.39572100587534,1,1,0.00406459093799687,"4","LCE1E"
"KRT83",1.93120922183877e-07,0.544535923189461,1,1,0.00409879845243061,"4","KRT83"
"CARD17",1.93888630782519e-07,1.26497734232924,1,1,0.00411509229972818,"4","CARD17"
"MFN2",1.95142178691962e-07,0.773660995661736,1,1,0.0041416976005582,"4","MFN2"
"SLC2A1",1.95142178691962e-07,1.0757161466159,1,1,0.0041416976005582,"4","SLC2A1"
"MAL2",1.9916054213042e-07,2.72121087165586,1,1,0.00422698334617604,"4","MAL2"
"FAM132A",2.01478312283867e-07,1.01090005131349,1,1,0.0042761756999128,"4","FAM132A"
"BRINP31",2.01603918213182e-07,1.12373901774711,1,1,0.00427884156015658,"4","BRINP3"
"GNA151",2.02213030086147e-07,0.763538431080608,1,1,0.00429176935054838,"4","GNA15"
"SLC52A1",2.02435520159697e-07,1.82000182114542,1,1,0.00429649147986941,"4","SLC52A1"
"HSPA4L",2.02446616295873e-07,2.03775302576303,1,1,0.00429672698426362,"4","HSPA4L"
"PREP",2.02446616295873e-07,0.924706090450121,1,1,0.00429672698426362,"4","PREP"
"TGFA",2.09634192023789e-07,1.34340258102872,1,1,0.00444927609151291,"4","TGFA"
"LRRC1",2.09870170888276e-07,1.55036618293203,1,1,0.00445428450693276,"4","LRRC1"
"TMEM164",2.09870170888276e-07,1.81639659120417,1,1,0.00445428450693276,"4","TMEM164"
"C16orf70",2.10111977469988e-07,1.15765828931833,1,1,0.00445941660982302,"4","C16orf70"
"LY751",2.10170046637746e-07,1.41904617414311,1,1,0.00446064906983952,"4","LY75"
"DHRS9",2.16535003436756e-07,1.66961070000844,1,1,0.00459573891294171,"4","DHRS9"
"LPHN3",2.17317284473659e-07,2.78299814877237,1,1,0.00461234204566893,"4","LPHN3"
"IL1RN",2.17957317275711e-07,1.91839020624043,1,1,0.0046259261018597,"4","IL1RN"
"CPT2",2.18147638226282e-07,0.683458950005779,1,1,0.00462996547371462,"4","CPT2"
"PSG2",2.19356635056622e-07,2.86221309379641,1,1,0.00465562522244175,"4","PSG2"
"TRIM72",2.2343615330402e-07,0.453442971436807,1,1,0.00474220891772452,"4","TRIM72"
"KRTAP4-11",2.27612568136901e-07,2.37829228322081,1,1,0.0048308491461376,"4","KRTAP4-11"
"GPR128",2.32253166802745e-07,0.208459791341692,1,1,0.00492934121222146,"4","GPR128"
"STRC",2.33878848064834e-07,2.53317176735202,1,1,0.00496384467132803,"4","STRC"
"ARHGAP32",2.34925148050173e-07,1.75695967186133,1,1,0.00498605134221688,"4","ARHGAP32"
"INADL",2.34935883891821e-07,1.35981823409685,1,1,0.00498627919972002,"4","INADL"
"FAM83F",2.36329659675187e-07,1.90551151365211,1,1,0.00501586069694618,"4","FAM83F"
"LELP1",2.37346724181903e-07,1.65909184575156,1,1,0.00503744687403671,"4","LELP1"
"SMPDL3A",2.43563768604889e-07,1.80374245533062,1,1,0.00516939742487017,"4","SMPDL3A"
"EGFR",2.43785914598008e-07,1.73146009022468,1,1,0.00517411225142812,"4","EGFR"
"ITGB4",2.43785914598008e-07,0.962058098752667,1,1,0.00517411225142812,"4","ITGB4"
"PCP4L1",2.46624990230186e-07,2.82171737000044,1,1,0.00523436879264547,"4","PCP4L1"
"LCE6A",2.47922243483294e-07,2.73397930407227,1,1,0.00526190169568943,"4","LCE6A"
"FSTL4",2.51692972786324e-07,1.41838119955047,1,1,0.00534193165441695,"4","FSTL4"
"NQO2",2.52555384513453e-07,1.31868380767636,1,1,0.00536023548091353,"4","NQO2"
"DAPP1",2.60504814412699e-07,0.788147502230201,1,1,0.00552895418109512,"4","DAPP1"
"RNF43",2.60504814412699e-07,1.40462276810686,1,1,0.00552895418109512,"4","RNF43"
"MUC7",2.6169798440792e-07,1.73846566676996,1,1,0.00555427802107369,"4","MUC7"
"PRSS3",2.70836851564197e-07,1.6997647049912,1,1,0.00574824133759852,"4","PRSS3"
"BCL11B",2.71622357253044e-07,1.45862703912382,1,1,0.00576491291033861,"4","BCL11B"
"AGA",2.71880525983268e-07,1.19103942233696,1,1,0.00577039228346887,"4","AGA"
"EMP2",2.71880525983268e-07,1.65969891336398,1,1,0.00577039228346887,"4","EMP2"
"WWC1",2.71880525983268e-07,1.70606537111296,1,1,0.00577039228346887,"4","WWC1"
"PM20D1",2.72065060828407e-07,4.50247211368718,1,1,0.00577430885102212,"4","PM20D1"
"RALGPS2",2.72298958909806e-07,1.70264866030097,1,1,0.00577927310390173,"4","RALGPS2"
"KRT72",2.80190076555015e-07,2.55203418794241,1,1,0.00594675418480364,"4","KRT72"
"SPTBN2",2.825168671044e-07,1.92235009282067,1,1,0.00599613798742378,"4","SPTBN2"
"BNC1",2.91985503414038e-07,2.30306178902713,1,1,0.00619710032445955,"4","BNC1"
"MTMR1",2.92827738909722e-07,0.92699555810122,1,1,0.00621497593061993,"4","MTMR1"
"TRPV6",2.93087260029444e-07,1.93195805305526,1,1,0.00622048400686493,"4","TRPV6"
"SLC27A4",2.93091363352148e-07,1.40290295760011,1,1,0.00622057109578599,"4","SLC27A4"
"IPPK",3.04033930393362e-07,1.51272256019265,1,1,0.00645281613866872,"4","IPPK"
"ACAD8",3.0404757367213e-07,1.47180285243896,1,1,0.00645310570361728,"4","ACAD8"
"KCNK10",3.07232077654704e-07,1.04651554388091,1,1,0.00652069361614343,"4","KCNK10"
"SOWAHB",3.11139417523064e-07,1.76446503603304,1,1,0.00660362299750952,"4","SOWAHB"
"SCNN1A",3.14609087781852e-07,1.60646659540434,1,1,0.00667726327908203,"4","SCNN1A"
"KCTD1",3.14905006914598e-07,1.47686290690191,1,1,0.00668354386675542,"4","KCTD1"
"TMEM237",3.15342274725146e-07,0.878442517873564,1,1,0.0066928244387665,"4","TMEM237"
"KCNK11",3.19067122406498e-07,2.13275911147168,1,1,0.00677188060595551,"4","KCNK1"
"VSIG10L",3.21879433161585e-07,2.00937369273636,1,1,0.00683156908942148,"4","VSIG10L"
"QPCT",3.23959094023847e-07,1.38110513404808,1,1,0.00687570781156212,"4","QPCT"
"SLC10A6",3.25667008921798e-07,1.62909032563529,1,1,0.00691195659735624,"4","SLC10A6"
"TNS4",3.26647721686944e-07,2.30069203540035,1,1,0.00693277124508371,"4","TNS4"
"SLC31A1",3.26866551582471e-07,1.79616324766339,1,1,0.00693741569078636,"4","SLC31A1"
"ITGB8",3.27143915909711e-07,1.36320420761496,1,1,0.0069433024712677,"4","ITGB8"
"KRT81",3.31775584803543e-07,5.06968453695817,1,1,0.0070416050118704,"4","KRT81"
"HSD17B7",3.38495902602401e-07,1.17193095187495,1,1,0.00718423703683335,"4","HSD17B7"
"C3orf52",3.39039009674274e-07,1.7289200533119,1,1,0.00719576394132679,"4","C3orf52"
"DOPEY21",3.39341057249629e-07,1.33228407782986,1,1,0.00720217459906612,"4","DOPEY2"
"ASPHD2",3.41469296653031e-07,1.42528624092332,1,1,0.00724734435216393,"4","ASPHD2"
"ENTHD1",3.41876514152741e-07,1.41469114853969,1,1,0.00725598713637778,"4","ENTHD1"
"SIRPAP1",3.47768630742886e-07,2.00002381596489,1,1,0.00738104141888701,"4","SIRPAP1"
"PLEKHN1",3.48536886319087e-07,1.88933148381145,1,1,0.0073973468752363,"4","PLEKHN1"
"ARHGEF19",3.51804681666556e-07,1.12641020950247,1,1,0.00746670256369098,"4","ARHGEF19"
"PCSK2",3.60914992502643e-07,1.49710310208823,1,1,0.0076600598008761,"4","PCSK2"
"HSBP1L1",3.64128861181472e-07,2.2136042140437,1,1,0.00772827094971556,"4","HSBP1L1"
"GBA",3.65017079838382e-07,1.36891537226176,1,1,0.00774712250248982,"4","GBA"
"ZNF675",3.65033246364063e-07,0.907222950248977,1,1,0.00774746562083087,"4","ZNF675"
"KLHDC7B",3.65650971042855e-07,0.964095193297704,1,1,0.00776057620941356,"4","KLHDC7B"
"AL603965.1",3.72152637102841e-07,1.97905831609184,1,1,0.00789856756987069,"4","AL603965.1"
"PAK6",3.73816614988004e-07,1.97495671019039,1,1,0.0079338838365054,"4","PAK6"
"SLCO4C1",3.74909818053454e-07,1.20289313744069,1,1,0.00795708597836652,"4","SLCO4C1"
"PPIP5K1",3.77988644989888e-07,1.37145935419139,1,1,0.00802243100126539,"4","PPIP5K1"
"CASK",3.78573544822343e-07,1.17681958772332,1,1,0.0080348449153094,"4","CASK"
"KLK12",3.88307768138065e-07,1.52423049801889,1,1,0.0082414440709623,"4","KLK12"
"SLC8A2",3.88463329026787e-07,0.91219588045613,1,1,0.00824474569526453,"4","SLC8A2"
"FAF1",3.92597920052986e-07,0.605130095891365,1,1,0.00833249825520457,"4","FAF1"
"GAS7",3.92597920052986e-07,1.3065151409975,1,1,0.00833249825520457,"4","GAS7"
"OCA2",3.9778287378931e-07,1.68784733192423,1,1,0.0084425437133043,"4","OCA2"
"ACSS2",4.07122983536936e-07,1.41099265441582,1,1,0.00864077820258792,"4","ACSS2"
"CD44",4.07122983536936e-07,1.40546121504418,1,1,0.00864077820258792,"4","CD44"
"WDR72",4.27953013655956e-07,1.98148411540176,1,1,0.00908287476183401,"4","WDR72"
"SLC47A2",4.32675539768125e-07,1.72816445777859,1,1,0.00918310565603868,"4","SLC47A2"
"CXCL14",4.3667402647561e-07,1.68639595414669,1,1,0.00926796953791835,"4","CXCL14"
"GATM",4.37553065087142e-07,1.76362826121883,1,1,0.00928662625340951,"4","GATM"
"MSRB1",4.52217277239161e-07,1.7760429391103,1,1,0.00959785949212395,"4","MSRB1"
"MAPKAPK3",4.53184636464053e-07,1.75183578252385,1,1,0.00961839072431305,"4","MAPKAPK3"
"KRTAP9-7",4.53602455039969e-07,5.41884343843334,1,1,0.0096272585057683,"4","KRTAP9-7"
"GLB1L2",4.64761185900213e-07,1.77367282191953,1,1,0.00986409140954613,"4","GLB1L2"
"SERPINB8",4.67216217660161e-07,1.64197658217387,1,1,0.00991619700361925,"4","SERPINB8"
"POU3F1",4.83219917799408e-07,1.94624975926069,1,1,0.0102558595353746,"4","POU3F1"
"XG",4.84399060419426e-07,0.585834011894738,1,1,0.0102808856583419,"4","XG"
"DPP10",4.84432224057982e-07,1.42299024077854,1,1,0.0102815895234066,"4","DPP10"
"ARHGAP40",4.85556810873984e-07,1.76324412344408,1,1,0.0103054577539894,"4","ARHGAP40"
"PSG5",4.8612977347479e-07,2.17940321049218,1,1,0.0103176183122289,"4","PSG5"
"ABHD6",4.86695613667506e-07,0.846580703545273,1,1,0.0103296277044791,"4","ABHD6"
"SLITRK31",4.99133702624126e-07,1.12493508734558,1,1,0.0105936137044945,"4","SLITRK3"
"ZNF165",5.00996018658194e-07,1.8348990866697,1,1,0.0106331395000015,"4","ZNF165"
"STMN2",5.08520025752228e-07,2.25865510830968,1,1,0.0107928290265653,"4","STMN2"
"ST13P20",5.20217975212267e-07,1.32272436527293,1,1,0.0110411063059052,"4","ST13P20"
"LYPD6B",5.26737365360863e-07,2.57147549986148,1,1,0.011179473842419,"4","LYPD6B"
"TMEM56",5.3507502887427e-07,1.92086976371021,1,1,0.0113564324128275,"4","TMEM56"
"PSG9",5.43355666321138e-07,2.59067591539693,1,1,0.0115321806619998,"4","PSG9"
"HMGCL",5.4343579782141e-07,1.00607916772714,1,1,0.0115338813729616,"4","HMGCL"
"PLA2G4B",5.4343579782141e-07,1.64071157766714,1,1,0.0115338813729616,"4","PLA2G4B"
"KRTAP5-5",5.4517964223449e-07,1.11441072146505,1,1,0.0115708927267848,"4","KRTAP5-5"
"LRP111",5.62051505935318e-07,1.35904364815589,1,1,0.0119289811619712,"4","LRP11"
"PTGDS",5.62558261534308e-07,1.56144203615886,1,1,0.0119397365428042,"4","PTGDS"
"LSR",5.63162047477169e-07,1.0557868836216,1,1,0.0119525512956554,"4","LSR"
"GPSM2",5.63403715776675e-07,0.861652950806036,1,1,0.0119576804636442,"4","GPSM2"
"NEB",5.63403715776675e-07,1.00782413127891,1,1,0.0119576804636442,"4","NEB"
"FAM76A",5.81882103422079e-07,0.675498054550395,1,1,0.0123498657630302,"4","FAM76A"
"DEFB4A",5.82393272335845e-07,1.1611208119135,1,1,0.012360714812056,"4","DEFB4A"
"ATP7A",5.83727992065016e-07,1.1214785046851,1,1,0.0123890429035879,"4","ATP7A"
"PAFAH2",5.83727992065016e-07,1.60072647987855,1,1,0.0123890429035879,"4","PAFAH2"
"ELOVL1",5.83977816978253e-07,1.35182966555237,1,1,0.0123943451875464,"4","ELOVL1"
"MAB21L3",5.8426200419317e-07,2.27481063638114,1,1,0.0124003767769958,"4","MAB21L3"
"LPAR5",6.11882732136795e-07,0.931450755616845,1,1,0.0129865991068713,"4","LPAR5"
"C1orf172",6.14302998817531e-07,1.3476155614413,1,1,0.0130379668469033,"4","C1orf172"
"NUP62CL",6.51996612308771e-07,0.728566973662479,1,1,0.0138379760996413,"4","NUP62CL"
"SEZ6L",6.52358207724985e-07,2.2933175837942,1,1,0.0138456506007551,"4","SEZ6L"
"KRTAP3-2",6.60690798856385e-07,2.19112466631429,1,1,0.0140225015149279,"4","KRTAP3-2"
"TFCP2L1",6.72159498958829e-07,1.66072652971789,1,1,0.0142659132059022,"4","TFCP2L1"
"SLC25A11",6.73640987204551e-07,1.73221179201857,1,1,0.0142973563124294,"4","SLC25A11"
"PLEKHG3",6.73726541949215e-07,1.24716672515888,1,1,0.0142991721263301,"4","PLEKHG3"
"OGDH",6.73755062241418e-07,0.830672851882699,1,1,0.0142997774410119,"4","OGDH"
"BBOX1",6.77849416393481e-07,2.28426478047324,1,1,0.0143866760135352,"4","BBOX1"
"PAQR5",6.82197803921751e-07,1.72627450672443,1,1,0.0144789661904352,"4","PAQR5"
"CYP2S1",6.8753766254015e-07,0.851891808007862,1,1,0.0145922993497521,"4","CYP2S1"
"HSPB81",6.95725160753452e-07,0.911477258318303,1,1,0.0147660708118313,"4","HSPB8"
"RCAN3",6.96548428982906e-07,0.734839462308027,1,1,0.0147835438567332,"4","RCAN3"
"KIAA05131",6.97902730589308e-07,1.55287342290013,1,1,0.0148122875540275,"4","KIAA0513"
"RALGPS1",6.97902730589308e-07,1.28920825378959,1,1,0.0148122875540275,"4","RALGPS1"
"PLCD1",6.98197438615686e-07,1.1121094504723,1,1,0.0148185424371793,"4","PLCD1"
"PPP2R2C",7.01998814683461e-07,2.72324328797667,1,1,0.0148992228428418,"4","PPP2R2C"
"C8orf12",7.05400382803005e-07,1.2809336042534,1,1,0.014971417724611,"4","C8orf12"
"SERTAD4",7.14825239650976e-07,2.07868213806477,1,1,0.0151714508863523,"4","SERTAD4"
"PDZK1",7.22427576965416e-07,3.15471491957799,1,1,0.015332802893514,"4","PDZK1"
"PSAT1",7.22427576965416e-07,1.53989135123614,1,1,0.015332802893514,"4","PSAT1"
"SFMBT1",7.23371237587068e-07,1.13642441602214,1,1,0.0153528311465479,"4","SFMBT1"
"FARP2",7.23462614880713e-07,1.06206268867219,1,1,0.0153547705382283,"4","FARP2"
"GRAMD4",7.23493076147866e-07,0.894214160706515,1,1,0.0153554170481623,"4","GRAMD4"
"ENTPD2",7.33896990021582e-07,1.40680009350314,1,1,0.0155762297162181,"4","ENTPD2"
"MLIP",7.37294266054418e-07,0.768940676041106,1,1,0.015648333502739,"4","MLIP"
"MOXD1",7.45901071118814e-07,1.60216264676496,1,1,0.0158310043334257,"4","MOXD1"
"PROL1",7.51249798871112e-07,4.39868082770407,1,1,0.0159445257312405,"4","PROL1"
"HMGCS2",7.55626309986812e-07,0.895677675138643,1,1,0.0160374128031601,"4","HMGCS2"
"AADACL2",7.62077368040452e-07,2.08398445641897,1,1,0.0161743300592906,"4","AADACL2"
"KCND31",7.64994816187444e-07,1.9817459182261,1,1,0.0162362499787623,"4","KCND3"
"CA13",7.67502992936061e-07,1.82088443444019,1,1,0.0162894835220749,"4","CA13"
"MAPK13",7.7662907759499e-07,1.90132486412866,1,1,0.0164831755428761,"4","MAPK13"
"MAPK8IP2",7.92633248515381e-07,2.28033451777841,1,1,0.0168228480664905,"4","MAPK8IP2"
"PSG1",7.95680813851858e-07,2.28307797621567,1,1,0.0168875295931918,"4","PSG1"
"HSD11B1",7.97423630198455e-07,3.18885555252991,1,1,0.016924519127332,"4","HSD11B1"
"CAPN141",8.08496417000254e-07,1.60033012759119,1,1,0.0171595279544134,"4","CAPN14"
"CD1E",8.17178220000596e-07,2.08790159746794,1,1,0.0173437905412926,"4","CD1E"
"KLK14",8.2764485056937e-07,1.20761690048148,1,1,0.0175659343084843,"4","KLK14"
"PACRG",8.37874131334727e-07,1.39159868186185,1,1,0.0177830405634482,"4","PACRG"
"CYP2B61",8.48800999471058e-07,2.45815482370922,1,1,0.0180149524127737,"4","CYP2B6"
"DENND2D",8.63442539659065e-07,1.27400784845873,1,1,0.018325704461724,"4","DENND2D"
"CELSR1",8.63765404718758e-07,1.52454464608134,1,1,0.0183325569497509,"4","CELSR1"
"C1orf68",8.68278518285373e-07,2.26684372114366,1,1,0.0184283432720887,"4","C1orf68"
"CLCA4",8.69551794657441e-07,0.38396525076284,1,1,0.0184553672898095,"4","CLCA4"
"ANKRD19P",8.72816723098193e-07,1.03388742024958,1,1,0.0185246621310361,"4","ANKRD19P"
"TPRG1",8.88749607020945e-07,1.35878240093276,1,1,0.0188628216594125,"4","TPRG1"
"DHRS4L2",8.92774630186175e-07,1.26588701745498,1,1,0.0189482487510714,"4","DHRS4L2"
"MLANA",9.18575877296604e-07,2.39235028819288,1,1,0.0194958544197431,"4","MLANA"
"SPNS2",9.2681562164154e-07,1.76973647590205,1,1,0.01967073475372,"4","SPNS2"
"SREBF1",9.26968795000531e-07,1.05853349205992,1,1,0.0196739857050913,"4","SREBF1"
"CYP2C18",9.46142550698342e-07,1.53254849912536,1,1,0.0200809294960216,"4","CYP2C18"
"CDHR1",9.48939239658832e-07,1.67873221693955,1,1,0.0201402864225191,"4","CDHR1"
"C1orf74",9.51527415247687e-07,1.81866700280058,1,1,0.0201952178612169,"4","C1orf74"
"NDFIP2",9.59406718240318e-07,1.46833355163018,1,1,0.0203624481879325,"4","NDFIP2"
"ANXA8L1",9.89560605873945e-07,2.39777106067898,1,1,0.0210024342990686,"4","ANXA8L1"
"GPR37",9.93514866770587e-07,1.06797317660286,1,1,0.0210863595323389,"4","GPR37"
"EML2",9.94408270280331e-07,0.708645540723923,1,1,0.0211053211284297,"4","EML2"
"ANXA8",1.02099702761278e-06,2.15699716551863,1,1,0.0216696409140537,"4","ANXA8"
"LIPG",1.02318366880203e-06,1.99610877581761,1,1,0.0217160501866542,"4","LIPG"
"UCN2",1.02503395809824e-06,1.09057208559165,1,1,0.021755320726677,"4","UCN2"
"TOLLIP",1.02928480505795e-06,0.924078887231746,1,1,0.02184554070255,"4","TOLLIP"
"PTPRF",1.03012873877785e-06,1.61731481076763,1,1,0.0218634523518212,"4","PTPRF"
"RASA4CP",1.04272602054081e-06,1.39450453353327,1,1,0.0221308170599582,"4","RASA4CP"
"SERPINA9",1.04491012294035e-06,2.02823016413173,1,1,0.022177172449286,"4","SERPINA9"
"KRTAP8-1",1.05768423998747e-06,1.61772238147524,1,1,0.0224482903094941,"4","KRTAP8-1"
"SLC6A2",1.05803543856235e-06,1.97820934037957,1,1,0.0224557441480474,"4","SLC6A2"
"GATA3",1.06603598614551e-06,1.33315251977066,1,1,0.0226255477699522,"4","GATA3"
"OPN1LW",1.09630234508682e-06,0.970325947068089,1,1,0.0232679209721226,"4","OPN1LW"
"EPHA4",1.10337356589549e-06,1.7039039833428,1,1,0.0234180005625658,"4","EPHA4"
"C6orf106",1.10494867501932e-06,0.6949713352522,1,1,0.0234514306786101,"4","C6orf106"
"NDRG1",1.10494867501932e-06,1.41157321788529,1,1,0.0234514306786101,"4","NDRG1"
"ANKK1",1.13006601729849e-06,1.26049289429137,1,1,0.0239845211511431,"4","ANKK1"
"LGR61",1.13920599910292e-06,0.679718650390429,1,1,0.0241785081249604,"4","LGR6"
"AVPI1",1.15834350524654e-06,1.53271710274792,1,1,0.0245846825553525,"4","AVPI1"
"PRRG2",1.16760982331041e-06,2.3896353767748,1,1,0.0247813508899401,"4","PRRG2"
"ANKRD18B",1.17445291836086e-06,0.94040769749672,1,1,0.0249265887392909,"4","ANKRD18B"
"PPFIA3",1.18229695232531e-06,1.7449075663186,1,1,0.0250930705161525,"4","PPFIA3"
"TMEM117",1.18330397180053e-06,0.747880253311941,1,1,0.0251144434974945,"4","TMEM117"
"AGPAT3",1.18498393837013e-06,1.64571421141,1,1,0.0251500991079677,"4","AGPAT3"
"SEMA4A1",1.18498393837013e-06,1.19707799957105,1,1,0.0251500991079677,"4","SEMA4A"
"FOXQ1",1.18611669943337e-06,1.79031673726194,1,1,0.0251741408287738,"4","FOXQ1"
"AZGP1P1",1.22261287249822e-06,1.70584729167071,1,1,0.0259487356059023,"4","AZGP1P1"
"MSX2",1.22620547067361e-06,1.95535861857532,1,1,0.0260249849095767,"4","MSX2"
"SOSTDC1",1.22620547067361e-06,1.10068493412074,1,1,0.0260249849095767,"4","SOSTDC1"
"PGRMC1",1.22701536740129e-06,1.16898956588327,1,1,0.0260421741577249,"4","PGRMC1"
"ACAD9",1.22706496328106e-06,1.29163051061348,1,1,0.0260432267806772,"4","ACAD9"
"MDH1",1.22706496328106e-06,0.695587296365222,1,1,0.0260432267806772,"4","MDH1"
"TECR",1.22706496328106e-06,1.46159766850597,1,1,0.0260432267806772,"4","TECR"
"ZNF750",1.22706496328106e-06,1.65653529997781,1,1,0.0260432267806772,"4","ZNF750"
"TRIM15",1.23846285388147e-06,0.221201852898679,1,1,0.0262851356107804,"4","TRIM15"
"DCD",1.23955915430645e-06,4.28998494264714,1,1,0.0263084034910001,"4","DCD"
"SRCIN1",1.2593563262126e-06,1.55782357539861,1,1,0.0267285786675362,"4","SRCIN1"
"SDK21",1.26628577467541e-06,1.39633781903899,1,1,0.0268756492817108,"4","SDK2"
"PEX7",1.26879024036726e-06,0.98819900650083,1,1,0.0269288040615547,"4","PEX7"
"AC025335.1",1.3068795698775e-06,0.777759395452374,1,1,0.0277372119910801,"4","AC025335.1"
"C11orf80",1.31536942637321e-06,1.19260731684974,1,1,0.0279174007053451,"4","C11orf80"
"NPEPPS",1.3155809418143e-06,0.757920159360719,1,1,0.0279218899090668,"4","NPEPPS"
"IRX2",1.35312662142988e-06,1.64762020944773,1,1,0.0287187594132278,"4","IRX2"
"GRAMD1C",1.35905617365383e-06,1.2253724556098,1,1,0.0288446082296289,"4","GRAMD1C"
"ZC3H12A",1.36101933542955e-06,1.78731241222607,1,1,0.0288862743751568,"4","ZC3H12A"
"TMEM87A",1.3621110074253e-06,0.646471533746132,1,1,0.0289094440215945,"4","TMEM87A"
"LRAT",1.36908045730429e-06,1.70233172761717,1,1,0.0290573636258262,"4","LRAT"
"HCN2",1.39170707764111e-06,1.40818578481465,1,1,0.0295375910158549,"4","HCN2"
"PPAP2C",1.40347029019196e-06,1.1187522090188,1,1,0.0297872534390342,"4","PPAP2C"
"ALDH5A1",1.40909454599764e-06,1.44641908061422,1,1,0.0299066226442538,"4","ALDH5A1"
"MECR",1.40965800845295e-06,1.47904284448108,1,1,0.0299185815714055,"4","MECR"
"RP11-561N12.1",1.4157810174882e-06,0.742155206285565,1,1,0.0300485363151695,"4","RP11-561N12.1"
"RUNDC3A",1.42083341450051e-06,1.15800719054888,1,1,0.0301557683893589,"4","RUNDC3A"
"TFF2",1.44624756434439e-06,1.78674571361169,1,1,0.0306951583056454,"4","TFF2"
"MROH6",1.45038731531375e-06,0.154651715377447,1,1,0.0307830203802189,"4","MROH6"
"NEO1",1.45996421066993e-06,0.826840532385152,1,1,0.0309862804072585,"4","NEO1"
"PAX3",1.46004138684278e-06,1.84799896607792,1,1,0.0309879183943512,"4","PAX3"
"PTGS1",1.51019024819012e-06,1.1661957310136,1,1,0.0320522778275871,"4","PTGS1"
"VANGL1",1.51115122933258e-06,1.14920998263709,1,1,0.0320726736913546,"4","VANGL1"
"EPHB3",1.55935522464265e-06,1.57112071373706,1,1,0.0330957552878155,"4","EPHB3"
"PDK31",1.56108794373077e-06,1.38773971777,1,1,0.0331325305177419,"4","PDK3"
"RAET1G",1.56510822110077e-06,0.379270537533568,1,1,0.0332178568846428,"4","RAET1G"
"SNTG21",1.6023944162588e-06,0.646940303095381,1,1,0.0340092190906767,"4","SNTG2"
"LINC00842",1.61321841233465e-06,1.93418051760847,1,1,0.0342389475833907,"4","LINC00842"
"LCE2A",1.61695836006856e-06,3.08279268489647,1,1,0.0343183242340951,"4","LCE2A"
"MPP7",1.61728071457763e-06,1.46758755380004,1,1,0.0343251658861956,"4","MPP7"
"RPS6KB2",1.61945635584318e-06,1.33612897694208,1,1,0.0343713416964157,"4","RPS6KB2"
"CSTB",1.61952038230764e-06,1.31798187770116,1,1,0.0343727005940974,"4","CSTB"
"UNC5D",1.65634886526758e-06,0.994851677294244,1,1,0.035154348316439,"4","UNC5D"
"LGR4",1.67079212617919e-06,1.68446664044808,1,1,0.0354608920860271,"4","LGR4"
"GSTA4",1.6760716411491e-06,1.33951563330247,1,1,0.0355729445117486,"4","GSTA4"
"MYO5A",1.67633598231197e-06,0.84786621620432,1,1,0.0355785548885892,"4","MYO5A"
"TACC2",1.67633598231197e-06,1.70898017532246,1,1,0.0355785548885892,"4","TACC2"
"DMBX1",1.71507803886141e-06,1.50771768633882,1,1,0.0364008162967946,"4","DMBX1"
"AC129492.6",1.72009556767477e-06,1.16875010343776,1,1,0.0365073083283294,"4","AC129492.6"
"MASP1",1.72383970652359e-06,1.29383614178034,1,1,0.0365867739312568,"4","MASP1"
"MTHFD1P1",1.73370085779014e-06,1.59600033714285,1,1,0.0367960670057378,"4","MTHFD1P1"
"ATP6V1D1",1.73499649186587e-06,0.795891733143064,1,1,0.0368235655433613,"4","ATP6V1D"
"NAPA",1.73506470552166e-06,0.968267860791137,1,1,0.0368250133099918,"4","NAPA"
"STX1B",1.770292874723e-06,0.934994846753472,1,1,0.037572695973121,"4","STX1B"
"KB-1562D12.3",1.82320759168337e-06,0.71977671236588,1,1,0.0386957579258878,"4","KB-1562D12.3"
"KRTAP9-6",1.83161845646796e-06,5.78757918953556,1,1,0.0388742701200761,"4","KRTAP9-6"
"FGFR3",1.85705671057218e-06,1.70675573586125,1,1,0.0394141716251838,"4","FGFR3"
"VAMP81",1.85850946389959e-06,0.440292037796144,1,1,0.0394450048618049,"4","VAMP8"
"DQX1",1.88171158956713e-06,0.701487859010733,1,1,0.0399374467769727,"4","DQX1"
"ATP13A4",1.90691603562496e-06,0.196769142790682,1,1,0.040472385940104,"4","ATP13A4"
"CTC-236F12.4",1.94570306230049e-06,0.700369067106656,1,1,0.0412956017942657,"4","CTC-236F12.4"
"KRTAP5-10",1.9492444423662e-06,2.28978157869715,1,1,0.0413707640447803,"4","KRTAP5-10"
"HES2",1.95671055094618e-06,0.37127330246364,1,1,0.0415292247332817,"4","HES2"
"NIT2",1.98882248423253e-06,1.0508737879116,1,1,0.0422107684053512,"4","NIT2"
"RBBP8NL",2.00625880674533e-06,1.14716603487453,1,1,0.0425808369143628,"4","RBBP8NL"
"TYR",2.01668715166987e-06,1.279461339755,1,1,0.0428021681070413,"4","TYR"
"TPSAB1",2.0464847432201e-06,1.85007669667809,1,1,0.0434345921901034,"4","TPSAB1"
"TCERG1L",2.08807089407391e-06,1.19447789949944,1,1,0.0443172166558247,"4","TCERG1L"
"CES5A",2.10308029374693e-06,0.533297705262854,1,1,0.0446357761544849,"4","CES5A"
"XCR1",2.10998346429973e-06,1.68013809392144,1,1,0.0447822890462975,"4","XCR1"
"IGFL4",2.11600399752677e-06,1.31423340891148,1,1,0.0449100688435082,"4","IGFL4"
"SEC14L3",2.12163968741948e-06,0.642890379452126,1,1,0.045029680725791,"4","SEC14L3"
"PLEKHA71",2.12830980029256e-06,1.24654342186649,1,1,0.0451712472014093,"4","PLEKHA7"
"WDR26",2.13119195235403e-06,0.676893796915063,1,1,0.045232417996762,"4","WDR26"
"IYD",2.13737160026771e-06,1.16869853807124,1,1,0.0453635748440819,"4","IYD"
"SLC7A11",2.18650685556038e-06,0.217060315227256,1,1,0.0464064215024136,"4","SLC7A11"
"PPP1R13L",2.20505890952223e-06,0.553155365803164,1,1,0.0468001702956998,"4","PPP1R13L"
"SLITRK6",2.22452623254716e-06,1.1035037688368,1,1,0.047213344759581,"4","SLITRK6"
"CDA",2.2419369770573e-06,1.29385464269266,1,1,0.0475828704010641,"4","CDA"
"LINC00696",2.24707038595823e-06,0.807735977409035,1,1,0.0476918218715776,"4","LINC00696"
"ENPP3",2.26232790635146e-06,1.77008584185243,1,1,0.0480156474844034,"4","ENPP3"
"GPBP1L1",2.28155679759044e-06,0.431709103277242,1,1,0.0484237614720594,"4","GPBP1L1"
"FBXO27",2.28762070406242e-06,1.2461722461647,1,1,0.0485524618230208,"4","FBXO27"
"NEFM",2.33474571085871e-06,0.721290127741291,1,1,0.0495526429672653,"4","NEFM"
"ABTB2",2.3554456875268e-06,1.52864125503615,1,1,0.0499919792720688,"4","ABTB2"
"DNER",2.37827969036392e-06,1.86562282752825,1,1,0.0504766081482839,"4","DNER"
"HNRNPA1P54",2.41865997996918e-06,1.26897438297378,1,1,0.0513336394148658,"4","HNRNPA1P54"
"LGALS9C",2.46250494688688e-06,1.53395230383985,1,1,0.0522642049927271,"4","LGALS9C"
"ZDHHC13",2.52096561112149e-06,1.31081729833782,1,1,0.0535049741304424,"4","ZDHHC13"
"EXPH5",2.52442837563003e-06,1.50575787732933,1,1,0.0535784678443718,"4","EXPH5"
"DDHD1",2.52635383866513e-06,1.19473223647102,1,1,0.0536193338718288,"4","DDHD1"
"IFNLR1",2.56173252845877e-06,2.02484529326829,1,1,0.0543702111840089,"4","IFNLR1"
"UPB1",2.56853828815017e-06,2.94429795281725,1,1,0.0545146566276993,"4","UPB1"
"PON3",2.75800340794284e-06,1.78047727156595,1,1,0.0585358643301788,"4","PON3"
"ESPN",2.78359684023012e-06,1.37484542917627,1,1,0.059079059337044,"4","ESPN"
"EPHX2",2.7873895234436e-06,1.21018748863275,1,1,0.059159555245567,"4","EPHX2"
"BSCL2",2.79625576947323e-06,0.550192102179896,1,1,0.0593477324512998,"4","BSCL2"
"IL37",2.79868231178135e-06,1.41509052641636,1,1,0.0593992333852473,"4","IL37"
"RTP4",2.83170600813005e-06,0.797990710376213,1,1,0.0601001283165522,"4","RTP4"
"CYP27C1",2.83638363653652e-06,1.82299662015596,1,1,0.0601994063018511,"4","CYP27C1"
"AKR1B15",2.85500003265861e-06,0.731615367376133,1,1,0.0605945206931463,"4","AKR1B15"
"DOCK3",2.88307397900362e-06,0.947327684809034,1,1,0.0611903621303728,"4","DOCK3"
"RASGRP1",2.88611949134365e-06,1.10822133488021,1,1,0.0612550000842777,"4","RASGRP1"
"PLCZ1",2.93639569293595e-06,1.61686893509884,1,1,0.0623220621868727,"4","PLCZ1"
"L1CAM",2.96668842255556e-06,2.68783015975301,1,1,0.0629649950803192,"4","L1CAM"
"EREG",2.9794620588182e-06,1.0355061130459,1,1,0.0632361027363576,"4","EREG"
"TMEM91",2.98190560467822e-06,2.45524859006108,1,1,0.0632879645536905,"4","TMEM91"
"OLFM2",2.98908894897607e-06,2.39044869396981,1,1,0.0634404238530681,"4","OLFM2"
"EPPK1",2.99122425870614e-06,2.50808800055218,1,1,0.0634857436667792,"4","EPPK1"
"NKPD1",3.02934484532767e-06,0.781426977992007,1,1,0.0642948149972344,"4","NKPD1"
"CHAC1",3.03492665458007e-06,2.54922836928441,1,1,0.0644132833168074,"4","CHAC1"
"DUOXA2",3.03648682985292e-06,1.78159608788497,1,1,0.0644463964767983,"4","DUOXA2"
"SLC25A35",3.06069753533937e-06,1.49878877979927,1,1,0.0649602444900428,"4","SLC25A35"
"ATP6V1A",3.09370914253187e-06,0.823765063369436,1,1,0.0656608828410965,"4","ATP6V1A"
"SCNN1G",3.11809342637426e-06,1.37394681731821,1,1,0.0661784148813673,"4","SCNN1G"
"NPM1P30",3.16373690969689e-06,0.273672717396922,1,1,0.0671471521714069,"4","NPM1P30"
"MACC1",3.19525541118465e-06,0.115121541856949,1,1,0.067816100846983,"4","MACC1"
"PITHD1",3.19704726273059e-06,0.649391557421367,1,1,0.0678541311041941,"4","PITHD1"
"IFITM9P",3.19720304518112e-06,0.80631388126519,1,1,0.0678574374309241,"4","IFITM9P"
"CBX4",3.19895948638168e-06,0.986770426765458,1,1,0.0678947161389649,"4","CBX4"
"EIF2B1",3.1994376899701e-06,0.575073946975731,1,1,0.0679048655319255,"4","EIF2B1"
"FASN",3.1994376899701e-06,2.80412582301165,1,1,0.0679048655319255,"4","FASN"
"VWC2",3.26940779719963e-06,1.08592559338998,1,1,0.069389911087765,"4","VWC2"
"SRXN1",3.29386014433204e-06,1.28895613550108,1,1,0.0699088877033031,"4","SRXN1"
"TTC39A",3.29386014433204e-06,1.16791446511951,1,1,0.0699088877033031,"4","TTC39A"
"ACAA2",3.30850383771414e-06,2.06369914909425,1,1,0.0702196854516449,"4","ACAA2"
"SAR1B",3.30850383771414e-06,1.03489275754427,1,1,0.0702196854516449,"4","SAR1B"
"CLNK",3.32032991383912e-06,1.81886992054544,1,1,0.0704706820913216,"4","CLNK"
"TMEM125",3.39784694751384e-06,0.617717486301093,1,1,0.0721159036140337,"4","TMEM125"
"C14orf1",3.41427256806611e-06,0.662527440448285,1,1,0.0724645209846351,"4","C14orf1"
"FAM162A",3.42011429896817e-06,1.03974712823977,1,1,0.0725885058813003,"4","FAM162A"
"HINT3",3.42011429896817e-06,0.769199520383987,1,1,0.0725885058813003,"4","HINT3"
"SFT2D2",3.42087687181034e-06,0.895896870170207,1,1,0.0726046907273027,"4","SFT2D2"
"PRKAG3",3.45444014125195e-06,0.393905514322208,1,1,0.0733170375579313,"4","PRKAG3"
"MGST11",3.53323830047652e-06,1.95566424914186,1,1,0.0749894496893136,"4","MGST1"
"MPC2",3.53323830047652e-06,0.954346922843436,1,1,0.0749894496893136,"4","MPC2"
"CD109",3.53782339509992e-06,0.685259569542414,1,1,0.0750867637376007,"4","CD109"
"SUCLG1",3.53782339509992e-06,0.688735909097042,1,1,0.0750867637376007,"4","SUCLG1"
"CLIP4",3.65535370031799e-06,1.53024434939831,1,1,0.077581226935549,"4","CLIP4"
"GPR561",3.65792051647773e-06,1.36629527124744,1,1,0.0776357050417233,"4","GPR56"
"PEX3",3.65792051647773e-06,1.54480270165028,1,1,0.0776357050417233,"4","PEX3"
"PGAP2",3.65792051647773e-06,0.777479371806489,1,1,0.0776357050417233,"4","PGAP2"
"ATP1A11",3.65805565322275e-06,0.912682957235027,1,1,0.0776385731839997,"4","ATP1A1"
"PLA2G3",3.67247509393147e-06,2.08801136720848,1,1,0.0779446113936016,"4","PLA2G3"
"GRIP2",3.73176526858186e-06,0.893763406259282,1,1,0.0792029860603813,"4","GRIP2"
"RNF19B1",3.78206048281094e-06,1.19724199493362,1,1,0.0802704516871793,"4","RNF19B"
"L3MBTL4",3.87888302194909e-06,1.26912561143037,1,1,0.0823254132578475,"4","L3MBTL4"
"CADM4",3.89832726547939e-06,0.495849941059246,1,1,0.0827380978825346,"4","CADM4"
"SGPL1",4.04256385983968e-06,1.05560349676278,1,1,0.0857993753612373,"4","SGPL1"
"DHRS1",4.04271192251055e-06,0.86898245179551,1,1,0.085802517843364,"4","DHRS1"
"ELL3",4.06766877211225e-06,1.24062077871092,1,1,0.0863322020193105,"4","ELL3"
"MPPED1",4.10823012386363e-06,0.917920512034621,1,1,0.0871930761488817,"4","MPPED1"
"TMEM86A",4.14586563821012e-06,1.84553579180219,1,1,0.0879918523053717,"4","TMEM86A"
"RASEF",4.16105059836157e-06,1.0310243749604,1,1,0.0883141378996259,"4","RASEF"
"ACSF2",4.30717353486454e-06,1.58371180634958,1,1,0.0914154511039651,"4","ACSF2"
"DUSP14",4.30717353486454e-06,1.76352787138987,1,1,0.0914154511039651,"4","DUSP14"
"TMEM97",4.31486862783435e-06,2.38685500934064,1,1,0.0915787717571562,"4","TMEM97"
"METRNL",4.46434391490875e-06,1.37356331714212,1,1,0.0947512352500233,"4","METRNL"
"BICD2",4.46580306415274e-06,1.15456983215001,1,1,0.0947822042335777,"4","BICD2"
"SEMA4D1",4.46596521602886e-06,0.930852440628593,1,1,0.0947856457449966,"4","SEMA4D"
"LAMB4",4.57960462619671e-06,1.09866629986614,1,1,0.097197528586399,"4","LAMB4"
"MED18",4.60690103892311e-06,0.704572989140573,1,1,0.0977768676501041,"4","MED18"
"BLOC1S2",4.61458129204447e-06,0.694218776237454,1,1,0.0979398733423519,"4","BLOC1S2"
"DBT",4.61558383873804e-06,0.835590011597393,1,1,0.0979611513933762,"4","DBT"
"GPR137B",4.61558383873804e-06,0.868111912527407,1,1,0.0979611513933762,"4","GPR137B"
"PLP2",4.61608517914068e-06,1.08030027716386,1,1,0.0979717918420819,"4","PLP2"
"CHP1",4.61625230254318e-06,1.28464391548566,1,1,0.0979753388691764,"4","CHP1"
"CLIC3",4.63251648099459e-06,1.85544267450034,1,1,0.0983205297926291,"4","CLIC3"
"ZNF365",4.66427288464967e-06,1.65499570705692,1,1,0.0989945277038045,"4","ZNF365"
"LRRC16B",4.75692693139032e-06,1.93481980698015,1,1,0.100961017191828,"4","LRRC16B"
"RDH13",4.76793340574146e-06,1.43517433923861,1,1,0.101194618603457,"4","RDH13"
"LPIN3",4.77120497233795e-06,0.992268256145223,1,1,0.101264054332901,"4","LPIN3"
"PSD41",4.77120497233795e-06,1.11697172878305,1,1,0.101264054332901,"4","PSD4"
"PAPD7",4.77137721106246e-06,0.800268080891122,1,1,0.10126770992759,"4","PAPD7"
"STK24",4.77137721106246e-06,0.777737130799544,1,1,0.10126770992759,"4","STK24"
"RNF208",4.77845387774909e-06,0.952952255022007,1,1,0.101417905101347,"4","RNF208"
"RPS6KA61",4.81199020805284e-06,1.26624872593206,1,1,0.102129680175714,"4","RPS6KA6"
"CYB561D1",4.89256363838743e-06,0.817661877482953,1,1,0.103839770661135,"4","CYB561D1"
"SLC7A5",4.92971323490053e-06,0.796428718291578,1,1,0.104628233697529,"4","SLC7A5"
"OSBPL3",4.93148801638156e-06,0.327759202088817,1,1,0.104665901659682,"4","OSBPL3"
"CYP2C19",5.00637924789639e-06,1.23670355693721,1,1,0.106255393157353,"4","CYP2C19"
"GRM1",5.06395190171552e-06,2.34324470483933,1,1,0.10747731516201,"4","GRM1"
"TRIM63",5.12153555155201e-06,1.12121258330425,1,1,0.10869947054614,"4","TRIM63"
"PPARGC1A",5.1990358961769e-06,1.8031293158737,1,1,0.110344337860458,"4","PPARGC1A"
"EPB41L4B1",5.21359855021293e-06,1.24114232477049,1,1,0.110653415629719,"4","EPB41L4B"
"GLDN",5.21359855021293e-06,1.45552364058614,1,1,0.110653415629719,"4","GLDN"
"DUOX2",5.25772621306943e-06,1.5096510350884,1,1,0.111589981146186,"4","DUOX2"
"PAQR3",5.26351241998982e-06,0.649397423277282,1,1,0.111712787601864,"4","PAQR3"
"MMAB",5.26652719163186e-06,0.905003932505457,1,1,0.111776773115195,"4","MMAB"
"SYNE3",5.26709261871903e-06,0.935747510333119,1,1,0.111788773739693,"4","SYNE3"
"SEC14L5",5.29578699364054e-06,0.504527541644805,1,1,0.112397783153027,"4","SEC14L5"
"ROBO2",5.40069004249491e-06,1.1247757389998,1,1,0.114624245461912,"4","ROBO2"
"ZSCAN4",5.42494898230376e-06,1.24823802629246,1,1,0.115139117200415,"4","ZSCAN4"
"BAIAP2",5.44308715874884e-06,1.39428047811718,1,1,0.115524081857285,"4","BAIAP2"
"SEMA4B",5.44308715874884e-06,0.881956888847535,1,1,0.115524081857285,"4","SEMA4B"
"CYB5R2",5.59196405406034e-06,1.39625795601342,1,1,0.118683845083377,"4","CYB5R2"
"HOPX",5.60093191920208e-06,1.49154443000464,1,1,0.118874179053145,"4","HOPX"
"TMEM55B",5.62290290208542e-06,0.403587293427055,1,1,0.119340491193861,"4","TMEM55B"
"IRX5",5.6241033437799e-06,1.12537311873142,1,1,0.119365969368385,"4","IRX5"
"LANCL1",5.6241033437799e-06,0.785356851762973,1,1,0.119365969368385,"4","LANCL1"
"ATP6V1B2",5.62490375469246e-06,0.833707018059336,1,1,0.119382957289593,"4","ATP6V1B2"
"HDDC2",5.80510632009668e-06,0.794770839873577,1,1,0.123207576537732,"4","HDDC2"
"ART3",5.90663453231809e-06,0.535933079067823,1,1,0.125362411313919,"4","ART3"
"USP431",5.95951210823146e-06,1.21298018941406,1,1,0.126484684985105,"4","USP43"
"IL1R2",5.97073742846775e-06,0.40759336511217,1,1,0.1267229311818,"4","IL1R2"
"STARD5",5.99827151259554e-06,0.787583646273458,1,1,0.127307314583328,"4","STARD5"
"TOX4",6.00570223007352e-06,0.355410321097949,1,1,0.12746502413108,"4","TOX4"
"CRNN",6.01397630750429e-06,1.74365550399698,1,1,0.127640633150471,"4","CRNN"
"SLC9A3R1",6.20304639166566e-06,0.554514916779539,1,1,0.131653456616712,"4","SLC9A3R1"
"CDKN1A1",6.2043590912339e-06,0.833126002994256,1,1,0.131681317352348,"4","CDKN1A"
"ZNF770",6.20523435025961e-06,0.956377827213693,1,1,0.13169989384991,"4","ZNF770"
"SLCO5A1",6.28587358923565e-06,1.44948514934224,1,1,0.133411381057937,"4","SLCO5A1"
"CNTN1",6.39848730965946e-06,1.66617719980585,1,1,0.135801494660212,"4","CNTN1"
"RHBDL2",6.59567571607164e-06,0.541321952824967,1,1,0.139986621397904,"4","RHBDL2"
"CYB5A",6.62256401100765e-06,2.09524729602914,1,1,0.140557298569626,"4","CYB5A"
"CHODL",6.65471860074799e-06,0.678760577895988,1,1,0.141239747582275,"4","CHODL"
"CAPN8",6.73448131153306e-06,0.57010946681579,1,1,0.142932631355978,"4","CAPN8"
"TBC1D8",6.84260639203919e-06,0.796708614330417,1,1,0.14522747806464,"4","TBC1D8"
"KIAA1045",6.86356773642421e-06,1.3646450640328,1,1,0.145672361637867,"4","KIAA1045"
"G6PD",7.06765826363806e-06,0.695527360301444,1,1,0.150003978987454,"4","G6PD"
"PHLDB3",7.06765826363806e-06,0.722506793908135,1,1,0.150003978987454,"4","PHLDB3"
"LIPC",7.11310754501176e-06,0.713720219091595,1,1,0.15096859453533,"4","LIPC"
"B3GNT3",7.26817587802555e-06,0.915067364487514,1,1,0.154259764835214,"4","B3GNT3"
"KCNH5",7.26902446501917e-06,1.45552162812973,1,1,0.154277775245567,"4","KCNH5"
"CD5",7.28052410959475e-06,1.68897750621157,1,1,0.154521843702039,"4","CD5"
"CATSPER2",7.28761449210038e-06,1.24536107745819,1,1,0.154672329980338,"4","CATSPER2"
"PKHD1L1",7.29293596541569e-06,3.10349069764062,1,1,0.154785272929983,"4","PKHD1L1"
"MBOAT2",7.30079725195073e-06,1.3902892873447,1,1,0.154952120875402,"4","MBOAT2"
"CYFIP21",7.30155838738172e-06,1.11735936714259,1,1,0.15496827521379,"4","CYFIP2"
"ANK31",7.30181211353936e-06,1.41603633014411,1,1,0.154973660297759,"4","ANK3"
"DNAJB2",7.30181211353936e-06,0.780296055135912,1,1,0.154973660297759,"4","DNAJB2"
"PPIL2",7.30181211353936e-06,0.580077331343976,1,1,0.154973660297759,"4","PPIL2"
"RP11-334L9.1",7.30916408810403e-06,0.245650807293147,1,1,0.15512969860592,"4","RP11-334L9.1"
"WNT16",7.31921209826334e-06,2.12797124707558,1,1,0.155342957573541,"4","WNT16"
"STRCP1",7.43954317948231e-06,0.77540007932476,1,1,0.157896864441332,"4","STRCP1"
"CDCP1",7.53318390884851e-06,1.16461190404904,1,1,0.159884295281401,"4","CDCP1"
"UBIAD1",7.53971257790766e-06,1.93588398409263,1,1,0.160022859753512,"4","UBIAD1"
"CNGB1",7.70468893207131e-06,1.10497218953751,1,1,0.163524317894282,"4","CNGB1"
"MEMO1P1",7.75816415320511e-06,1.10036476055352,1,1,0.164659275987625,"4","MEMO1P1"
"CNKSR11",7.775344567382e-06,1.11389552468113,1,1,0.165023913098116,"4","CNKSR1"
"IL17RE",7.775344567382e-06,1.47621976687447,1,1,0.165023913098116,"4","IL17RE"
"ARNTL2",7.78098862250864e-06,1.12170755796108,1,1,0.165143702524123,"4","ARNTL2"
"SHMT1",7.78771207604265e-06,0.923509549428807,1,1,0.165286401101929,"4","SHMT1"
"RSPO41",7.87439770564619e-06,1.34763022871606,1,1,0.167126216904635,"4","RSPO4"
"LRTM1",7.8828631174926e-06,1.21303358207409,1,1,0.167305886805663,"4","LRTM1"
"FBP11",7.96732944729867e-06,0.768794566734757,1,1,0.169098600189467,"4","FBP1"
"CLMP",8.04072921258595e-06,1.82801808118125,1,1,0.170656436807924,"4","CLMP"
"CLIP1",8.04627011086441e-06,1.08470774996974,1,1,0.170774036832986,"4","CLIP1"
"KIAA0319",8.07012382333057e-06,1.16863642342202,1,1,0.171280308026368,"4","KIAA0319"
"SLC46A2",8.18114053335369e-06,1.27955659049516,1,1,0.173636526679899,"4","SLC46A2"
"LRRC8E",8.19285207677578e-06,0.926674760362062,1,1,0.173885092477489,"4","LRRC8E"
"CRB3",8.22852686255971e-06,2.33871102759915,1,1,0.174642254130967,"4","CRB3"
"OCLN",8.2631828557064e-06,1.32663683619361,1,1,0.175377792929513,"4","OCLN"
"ACADM",8.3090179383399e-06,1.71946558378406,1,1,0.176350596723326,"4","ACADM"
"OSBPL6",8.30987396201246e-06,0.97903420649021,1,1,0.176368764969752,"4","OSBPL6"
"CHP2",8.31645977764071e-06,1.25834567594964,1,1,0.176508542320646,"4","CHP2"
"BCKDHB",8.57937099583264e-06,0.865352927185874,1,1,0.182088570015552,"4","BCKDHB"
"MIPEP",8.57937099583264e-06,1.04456726237584,1,1,0.182088570015552,"4","MIPEP"
"ATP1B11",8.58113363306233e-06,1.35228129052614,1,1,0.182125980228115,"4","ATP1B1"
"DDIT4L",8.60570789077633e-06,1.49250754322155,1,1,0.182647544273837,"4","DDIT4L"
"TEX35",8.65732185357788e-06,1.14835655529967,1,1,0.183742999020337,"4","TEX35"
"AOC1",8.68276754822786e-06,0.261225924740083,1,1,0.184283058443588,"4","AOC1"
"SLC16A6",8.81315948195783e-06,0.888557345280232,1,1,0.187050496845073,"4","SLC16A6"
"ANO7P1",8.81954453992237e-06,0.798895330742504,1,1,0.187186013315312,"4","ANO7P1"
"SPATA12",8.85455409873908e-06,0.650188554149265,1,1,0.187929056191638,"4","SPATA12"
"IGSF8",8.85691493708579e-06,0.826678827724779,1,1,0.187979162624709,"4","IGSF8"
"DYNC1LI1",8.86175389016544e-06,0.536516797119504,1,1,0.188081864564871,"4","DYNC1LI1"
"ECHDC1",8.86266143233358e-06,0.875019070808644,1,1,0.188101126239848,"4","ECHDC1"
"CYP27A11",8.86296396312635e-06,1.08124633142836,1,1,0.188107547153394,"4","CYP27A1"
"PRDM1",8.86296396312635e-06,0.888464586495772,1,1,0.188107547153394,"4","PRDM1"
"MB",8.97310839901418e-06,1.98934589044693,1,1,0.190445252660677,"4","MB"
"TNNT2",9.08753535668225e-06,1.46458831642123,1,1,0.192873850410224,"4","TNNT2"
"MYL2",9.11540559121395e-06,3.19347577636065,1,1,0.193465368267925,"4","MYL2"
"P2RY4",9.27260140243509e-06,1.46822625364757,1,1,0.196801692165282,"4","P2RY4"
"SLC9A3",9.3980134413094e-06,2.60658630155246,1,1,0.199463437278351,"4","SLC9A3"
"HSPA2",9.44759923524769e-06,1.6670966364641,1,1,0.200515846168897,"4","HSPA2"
"TMEM189",9.44759923524769e-06,1.0507823875604,1,1,0.200515846168897,"4","TMEM189"
"ANKH",9.45080557468032e-06,0.848100318434888,1,1,0.200583897517015,"4","ANKH"
"CHMP4C",9.63191727927511e-06,1.71742192491153,1,1,0.204427812335335,"4","CHMP4C"
"ADCY2",9.63894734702081e-06,0.889162850575524,1,1,0.20457701849317,"4","ADCY2"
"SEC14L4",9.68011877554381e-06,2.18192814501355,1,1,0.205450840892142,"4","SEC14L4"
"SUSD4",9.68610724259622e-06,1.61038346757306,1,1,0.205577940116862,"4","SUSD4"
"CCL19",9.80154239692304e-06,1.12072984984714,1,1,0.208027935832295,"4","CCL19"
"PBX41",9.92211366741609e-06,0.736422836995931,1,1,0.210586940477239,"4","PBX4"
"CLEC2A",9.94597522839539e-06,0.919416514044384,1,1,0.211093378247464,"4","CLEC2A"
"MOCOS",1.00472712903716e-05,1.74946464212066,1,1,0.213243285866847,"4","MOCOS"
"GGCT",1.00723873009148e-05,0.894998581926918,1,1,0.213776348074615,"4","GGCT"
"HCAR3",1.01970399518556e-05,2.08763168753761,1,1,0.216421975938184,"4","HCAR3"
"IL1A",1.02084749096373e-05,1.04704028549566,1,1,0.216664671482142,"4","IL1A"
"SLC44A5",1.04495260209207e-05,2.16192741689111,1,1,0.22178074026802,"4","SLC44A5"
"ADORA2B",1.06969831100987e-05,1.1328143764236,1,1,0.227032769528735,"4","ADORA2B"
"ANO9",1.072752545193e-05,1.33953984902776,1,1,0.227681000191763,"4","ANO9"
"TNFRSF19",1.072752545193e-05,1.39920410265096,1,1,0.227681000191763,"4","TNFRSF19"
"FBXO9",1.07401221475482e-05,0.60835852051575,1,1,0.227948352459564,"4","FBXO9"
"SLC22A31",1.10748115015532e-05,0.541333217138469,1,1,0.235051799308965,"4","SLC22A3"
"AKR1A1",1.10877768465345e-05,0.851245705488306,1,1,0.235326975790849,"4","AKR1A1"
"CTSH1",1.10877768465345e-05,0.948661963958436,1,1,0.235326975790849,"4","CTSH"
"FUT31",1.12068587876075e-05,1.65126281510272,1,1,0.237854370908181,"4","FUT3"
"MYPN",1.12381755644363e-05,0.551256569341778,1,1,0.238519038179596,"4","MYPN"
"INHA",1.13215176624544e-05,1.15993495545081,1,1,0.240287890867932,"4","INHA"
"RP11-473M20.5",1.13562598464069e-05,0.518583754962163,1,1,0.241025258980139,"4","RP11-473M20.5"
"C12orf29",1.14423457952789e-05,0.723334546365431,1,1,0.242852347158999,"4","C12orf29"
"GPC1",1.14423457952789e-05,1.21253914512184,1,1,0.242852347158999,"4","GPC1"
"CLDN10",1.16685081755614e-05,0.984133469587015,1,1,0.247652417518115,"4","CLDN10"
"HDHD3",1.17294741035128e-05,0.341730930996512,1,1,0.248946358372956,"4","HDHD3"
"LIN7B",1.17361835334946e-05,0.833295082738616,1,1,0.24908875931489,"4","LIN7B"
"HPSE",1.18018507784701e-05,2.47487701358841,1,1,0.25048248092225,"4","HPSE"
"CD9",1.18155840313769e-05,0.90866219052149,1,1,0.250773955481944,"4","CD9"
"DCXR",1.18155840313769e-05,0.903247253435714,1,1,0.250773955481944,"4","DCXR"
"FRMD6",1.18155840313769e-05,0.778491825750702,1,1,0.250773955481944,"4","FRMD6"
"MARK2",1.18155840313769e-05,0.447339569067971,1,1,0.250773955481944,"4","MARK2"
"DNAJB3",1.20972568115962e-05,1.15745861847067,1,1,0.256752178569317,"4","DNAJB3"
"STARD10",1.21959678909136e-05,0.423896258686334,1,1,0.25884722251675,"4","STARD10"
"UTY",1.2954489663136e-05,2.13323641559459,1,1,0.274946088610399,"4","UTY"
"EFNA4",1.29574760213148e-05,0.596329360245988,1,1,0.275009471076385,"4","EFNA4"
"ABCB4",1.29848166819669e-05,1.1172104249276,1,1,0.275589749258066,"4","ABCB4"
"PSMB2",1.2991659084963e-05,0.664520234035278,1,1,0.275734972419255,"4","PSMB2"
"CTD-2008A1.2",1.31639905293254e-05,0.81204162796462,1,1,0.279392534994403,"4","CTD-2008A1.2"
"RP11-434D2.6",1.3165585772406e-05,1.16752727127734,1,1,0.279426392433546,"4","RP11-434D2.6"
"C22orf31",1.32093810065309e-05,0.702079670311937,1,1,0.280355902482612,"4","C22orf31"
"LMTK31",1.33948704893768e-05,0.313228425845352,1,1,0.284292731266533,"4","LMTK3"
"MCEE",1.33948704893768e-05,0.757045662054507,1,1,0.284292731266533,"4","MCEE"
"CCDC120",1.34014682805226e-05,1.05722069262185,1,1,0.284432762785812,"4","CCDC120"
"LCE5A",1.3517449861218e-05,0.856246393877901,1,1,0.286894355854491,"4","LCE5A"
"RIMBP21",1.3759330759304e-05,0.689633510437984,1,1,0.292028036035469,"4","RIMBP2"
"MCUR1",1.38380987948819e-05,0.819303476100039,1,1,0.293699808822574,"4","MCUR1"
"MYO1D",1.38399102724993e-05,0.889900811106592,1,1,0.293738255623525,"4","MYO1D"
"RER1",1.38399102724993e-05,0.507662142986447,1,1,0.293738255623525,"4","RER1"
"SLITRK2",1.40236283507198e-05,1.80973122146272,1,1,0.297637488115678,"4","SLITRK2"
"CYP3A4",1.41804445983397e-05,1.68220268028893,1,1,0.300965756155162,"4","CYP3A4"
"BTBD11",1.42435634473231e-05,1.52201674041121,1,1,0.302305390605985,"4","BTBD11"
"CSNK2A2",1.42826610186561e-05,1.00668635055697,1,1,0.303135197459956,"4","CSNK2A2"
"EFTUD1",1.42826610186561e-05,0.28686014064759,1,1,0.303135197459956,"4","EFTUD1"
"UBQLN1",1.42826610186561e-05,0.673484069776507,1,1,0.303135197459956,"4","UBQLN1"
"RP11-274M4.1",1.42854049059336e-05,0.853287718188538,1,1,0.303193433723536,"4","RP11-274M4.1"
"ZNF726",1.46023078593646e-05,1.4737758507876,1,1,0.309919382007154,"4","ZNF726"
"SLC36A3",1.46339631440358e-05,2.3487296482936,1,1,0.310591233769016,"4","SLC36A3"
"PFKFB4",1.47120742867589e-05,1.11073899906005,1,1,0.312249064662171,"4","PFKFB4"
"LGALSL",1.47341066922109e-05,1.83816321680829,1,1,0.312716680435483,"4","LGALSL"
"AP000679.2",1.48041374586267e-05,0.965878306668237,1,1,0.314203013421892,"4","AP000679.2"
"WNT5A1",1.51499283671676e-05,0.84343573464878,1,1,0.321542079664766,"4","WNT5A"
"LNX1",1.51814184094993e-05,1.10078628795003,1,1,0.322210424323213,"4","LNX1"
"SDCBP2",1.51814184094993e-05,1.55543709789328,1,1,0.322210424323213,"4","SDCBP2"
"CLCN5",1.52085220116546e-05,0.673357790571307,1,1,0.322785671175358,"4","CLCN5"
"WSB2",1.52090151627388e-05,0.648678200651952,1,1,0.322796137813968,"4","WSB2"
"HNRNPA1P33",1.56508382455838e-05,1.41561988235589,1,1,0.33217339092427,"4","HNRNPA1P33"
"PEF1",1.56650171772682e-05,0.699038482880125,1,1,0.332474324570339,"4","PEF1"
"KIFC2",1.56913767417656e-05,0.380733649303707,1,1,0.333033779967233,"4","KIFC2"
"MAPK14",1.56928985677654e-05,0.484642722839983,1,1,0.333066079202254,"4","MAPK14"
"ARHGEF34P",1.56934058693356e-05,1.96299141478515,1,1,0.333076846170778,"4","ARHGEF34P"
"TRAFD1",1.56934058693356e-05,0.502679887829647,1,1,0.333076846170778,"4","TRAFD1"
"HIST1H1A",1.59564326781734e-05,0.565499584497969,1,1,0.338659327161552,"4","HIST1H1A"
"MFSD2A",1.61486945427559e-05,1.16038048344221,1,1,0.342739892975451,"4","MFSD2A"
"CD200R1",1.65121934665247e-05,1.06930722312117,1,1,0.35045479413352,"4","CD200R1"
"LDHD",1.65121934665247e-05,1.57232662031692,1,1,0.35045479413352,"4","LDHD"
"CAPZA3",1.66001961040542e-05,1.02405651120885,1,1,0.352322562112447,"4","CAPZA3"
"WDR53",1.66423510272373e-05,0.564966080485165,1,1,0.353217258202084,"4","WDR53"
"SLC7A4",1.66736176304636e-05,0.919207115692222,1,1,0.353880860588959,"4","SLC7A4"
"NFS1",1.66959304810417e-05,0.616528199762776,1,1,0.354354428529629,"4","NFS1"
"RBM471",1.67012959954911e-05,1.45474828592054,1,1,0.354468306208303,"4","RBM47"
"F11R",1.67045159652047e-05,0.913719274675566,1,1,0.354536646845505,"4","F11R"
"TMEM134",1.67045159652047e-05,1.04950667158321,1,1,0.354536646845505,"4","TMEM134"
"GTF2IRD1",1.67066628871492e-05,0.692184265297056,1,1,0.354582213116855,"4","GTF2IRD1"
"SLC5A81",1.67183425444973e-05,0.280650018897804,1,1,0.354830102164411,"4","SLC5A8"
"LGALS9B",1.67484812657017e-05,1.15259385666785,1,1,0.355469766383254,"4","LGALS9B"
"CLDN16",1.72281085556623e-05,0.505590799072658,1,1,0.365649375985376,"4","CLDN16"
"STATH",1.73834148681166e-05,3.7031225143134,1,1,0.368945597160907,"4","STATH"
"MAPRE3",1.77503070435023e-05,0.877215834529469,1,1,0.376732516691293,"4","MAPRE3"
"ATP2A1",1.776221709715e-05,1.43043628895115,1,1,0.376985295669912,"4","ATP2A1"
"C19orf33",1.82161065193402e-05,0.771563122839435,1,1,0.386618644766477,"4","C19orf33"
"CD1B",1.8281031681125e-05,1.11376782829216,1,1,0.387996616400197,"4","CD1B"
"CEP170B",1.83436332077725e-05,0.948733896580205,1,1,0.389325271201763,"4","CEP170B"
"MCCC1",1.83436332077725e-05,1.06983555927384,1,1,0.389325271201763,"4","MCCC1"
"EI24",1.83442171487552e-05,1.03467025111986,1,1,0.38933766476518,"4","EI24"
"MARVELD3",1.8651585236212e-05,0.479657586364224,1,1,0.395861245053364,"4","MARVELD3"
"SEMA7A",1.88513029069582e-05,0.990780837712355,1,1,0.400100052897281,"4","SEMA7A"
"SRGAP31",1.89172519593037e-05,0.665574194533658,1,1,0.401499755584261,"4","SRGAP3"
"GLE1",1.89232564258578e-05,0.564478145811815,1,1,0.401627194382405,"4","GLE1"
"TFF3",1.9176288145403e-05,1.18322572773901,1,1,0.406997539598034,"4","TFF3"
"PRKY",1.93960730017762e-05,2.85488370652362,1,1,0.411662253389699,"4","PRKY"
"FAM134B1",1.94851212998069e-05,1.4049022500589,1,1,0.413552214467102,"4","FAM134B"
"P2RX7",1.94980747074028e-05,2.06513869571073,1,1,0.413827137589918,"4","P2RX7"
"GRIP1",1.95172089265465e-05,1.7100460459752,1,1,0.414233242257023,"4","GRIP1"
"FABP5",1.95190614177822e-05,1.26339052385081,1,1,0.41427255953101,"4","FABP5"
"CS",1.95196789459501e-05,0.721892938411667,1,1,0.414285665948845,"4","CS"
"EPS15L1",1.95196789459501e-05,0.513336476000426,1,1,0.414285665948845,"4","EPS15L1"
"LRBA",1.95196789459501e-05,0.751870914276939,1,1,0.414285665948845,"4","LRBA"
"NSF",1.95196789459501e-05,0.635519238011947,1,1,0.414285665948845,"4","NSF"
"ETHE1",2.01314373198015e-05,0.543352444419611,1,1,0.427269625675468,"4","ETHE1"
"AXIN2",2.01333421983601e-05,1.09304696368569,1,1,0.427310054817995,"4","AXIN2"
"FDPS",2.01339771897241e-05,1.1918427220236,1,1,0.427323531874705,"4","FDPS"
"NRAP",2.02131500160044e-05,2.06565203902936,1,1,0.429003895939677,"4","NRAP"
"C1orf177",2.02572608725881e-05,0.840740907907405,1,1,0.42994010475981,"4","C1orf177"
"FAM205B",2.0623407624233e-05,1.39838557475525,1,1,0.437711203416722,"4","FAM205B"
"VWA2",2.0623407624233e-05,1.29881442124362,1,1,0.437711203416722,"4","VWA2"
"CXADR",2.07301185039559e-05,1.23794970721337,1,1,0.439976035127961,"4","CXADR"
"LRP1B",2.07438143233693e-05,1.55582930582232,1,1,0.440266715199191,"4","LRP1B"
"ACP51",2.07640450989465e-05,0.335403186612117,1,1,0.44069609318004,"4","ACP5"
"STX17",2.07640450989465e-05,0.847707711394184,1,1,0.44069609318004,"4","STX17"
"EGR3",2.07666566629438e-05,1.36263389523551,1,1,0.440751521014319,"4","EGR3"
"CES3",2.08759733764401e-05,0.101147482699959,1,1,0.443071658941565,"4","CES3"
"WNT3A",2.0942950232852e-05,0.534718438105253,1,1,0.444493175742051,"4","WNT3A"
"RASSF61",2.10464427459064e-05,0.863628434595441,1,1,0.446689700839118,"4","RASSF6"
"TBL1Y",2.11177598829502e-05,3.40785765600139,1,1,0.448203335755735,"4","TBL1Y"
"C10orf113",2.12233681764337e-05,1.02272423970917,1,1,0.450444766176629,"4","C10orf113"
"NUDT12",2.13806684754542e-05,0.55213564888963,1,1,0.453783307723039,"4","NUDT12"
"RORB",2.18645986369697e-05,1.18308575090891,1,1,0.464054241471044,"4","RORB"
"ATP2B2",2.19826317523579e-05,0.701789691316124,1,1,0.466559376312044,"4","ATP2B2"
"PITPNM3",2.20506239738705e-05,1.53880439284885,1,1,0.468002443221428,"4","PITPNM3"
"FCHO1",2.20651018325703e-05,0.214664379658734,1,1,0.468309721294472,"4","FCHO1"
"UCHL31",2.20864876892257e-05,0.456536341312473,1,1,0.468763614716126,"4","UCHL3"
"DTWD2",2.26245564961176e-05,0.231206498079711,1,1,0.480183587073599,"4","DTWD2"
"ZNF385D",2.26245564961176e-05,1.09142927310333,1,1,0.480183587073599,"4","ZNF385D"
"GPRIN2",2.27194145400782e-05,0.97986195141857,1,1,0.482196854198619,"4","GPRIN2"
"TEX264",2.27731447142159e-05,1.0870949015887,1,1,0.483337223414518,"4","TEX264"
"PLA2G4A",2.27774014275564e-05,1.26692333231117,1,1,0.483427567898457,"4","PLA2G4A"
"LLGL2",2.2780239586764e-05,1.18405275960995,1,1,0.483487804989478,"4","LLGL2"
"FZD10",2.31617197452344e-05,1.41083327056556,1,1,0.491584339872856,"4","FZD10"
"GSTZ1",2.34305596315928e-05,0.718540443096959,1,1,0.497290197620926,"4","GSTZ1"
"LRRC15",2.34305596315928e-05,1.28546593451548,1,1,0.497290197620926,"4","LRRC15"
"SH2D3A",2.34509492888453e-05,0.738480048337815,1,1,0.497722947706452,"4","SH2D3A"
"TMEM19",2.34509492888453e-05,0.855315325637379,1,1,0.497722947706452,"4","TMEM19"
"COX7B",2.34771852072519e-05,0.925183980349725,1,1,0.498279778838714,"4","COX7B"
"ZNF273",2.34910413100884e-05,0.579913602691843,1,1,0.498573860765317,"4","ZNF273"
"FZD3",2.36446359289002e-05,0.741709882555888,1,1,0.501833752954977,"4","FZD3"
"PGBD5",2.38708304052309e-05,0.961012053786044,1,1,0.506634504520622,"4","PGBD5"
"CDKN2B",2.42169197194632e-05,0.712677739099592,1,1,0.513979904125887,"4","CDKN2B"
"TXN",2.42236675338807e-05,0.801559963150698,1,1,0.514123119739084,"4","TXN"
"ABLIM2",2.49140898690341e-05,0.623769005302892,1,1,0.52877664338038,"4","ABLIM2"
"TUBB2A",2.49518038358494e-05,1.8156553287841,1,1,0.529577084612069,"4","TUBB2A"
"EGLN3",2.4975686994333e-05,1.28252637724196,1,1,0.530083980767723,"4","EGLN3"
"AP1G2",2.49779992265744e-05,0.747628391106346,1,1,0.530133055584815,"4","AP1G2"
"GK1",2.49779992265744e-05,0.407818585722895,1,1,0.530133055584815,"4","GK"
"TC2N",2.49779992265744e-05,0.706235786454361,1,1,0.530133055584815,"4","TC2N"
"BLMH",2.49787700082639e-05,0.921453205182802,1,1,0.530149414655393,"4","BLMH"
"MS4A18",2.52888402933372e-05,1.1510728274471,1,1,0.536730346385788,"4","MS4A18"
"RP11-74C1.2",2.57251615197913e-05,1.00651096800359,1,1,0.545990828096051,"4","RP11-74C1.2"
"CASP1",2.57475128494033e-05,0.765895206606004,1,1,0.546465212715735,"4","CASP1"
"ZNF589",2.57522656509541e-05,0.697413189257897,1,1,0.546566086175849,"4","ZNF589"
"ALS2CL",2.57546423116201e-05,1.08409221811555,1,1,0.546616528421825,"4","ALS2CL"
"ARHGEF10L",2.57554345703467e-05,0.954543158379487,1,1,0.546633343321038,"4","ARHGEF10L"
"DHRS11",2.64209408345724e-05,1.19176809005782,1,1,0.560758048272965,"4","DHRS11"
"CBR11",2.64574582286203e-05,0.332883466564457,1,1,0.561533093444237,"4","CBR1"
"NDUFB4",2.6555032761796e-05,0.732839291533782,1,1,0.563604015336359,"4","NDUFB4"
"PQLC2",2.7361468281887e-05,0.850516807578426,1,1,0.58071980281477,"4","PQLC2"
"DEGS1",2.73782024069781e-05,0.970980169272732,1,1,0.581074967885702,"4","DEGS1"
"HEBP2",2.73782024069781e-05,0.921841438561973,1,1,0.581074967885702,"4","HEBP2"
"KRTAP10-3",2.79046118518136e-05,1.36986243101261,1,1,0.592247481942891,"4","KRTAP10-3"
"FRRS1",2.90669673228798e-05,1.16660443984667,1,1,0.616917314460801,"4","FRRS1"
"C2CD4D",2.90920762343983e-05,0.737113214293091,1,1,0.617450225998869,"4","C2CD4D"
"MYO19",2.90978903210461e-05,0.598061312278658,1,1,0.617573624173882,"4","MYO19"
"OSBP",2.90978903210461e-05,0.509694117052042,1,1,0.617573624173882,"4","OSBP"
"KRT36",2.9429752108527e-05,2.47025749359547,1,1,0.624617058751377,"4","KRT36"
"PYCARD",2.95847337131916e-05,0.820402855504396,1,1,0.627906388328778,"4","PYCARD"
"FBXO161",2.97368829617488e-05,0.629411287424658,1,1,0.631135603980156,"4","FBXO16"
"CYP4F12",2.97964691037409e-05,1.11491576496554,1,1,0.632400260257798,"4","CYP4F12"
"STAC2",2.98461959537533e-05,1.10836156702813,1,1,0.633455662922459,"4","STAC2"
"RP11-347H15.1",2.99156151199553e-05,0.687893278408202,1,1,0.634929015305931,"4","RP11-347H15.1"
"TBC1D10A",2.99866866369808e-05,0.815020140277779,1,1,0.63643743718328,"4","TBC1D10A"
"GID8",2.9994860113256e-05,0.533024751229831,1,1,0.636610911043746,"4","GID8"
"SDHB",2.9994860113256e-05,0.702189354553797,1,1,0.636610911043746,"4","SDHB"
"PSMD8",2.99957683854658e-05,0.60138165278299,1,1,0.636630188213125,"4","PSMD8"
"VPS13D",2.99957683854658e-05,0.694500923054456,1,1,0.636630188213125,"4","VPS13D"
"RBMY1A3P",3.00153121340322e-05,1.57469374310543,1,1,0.6370449847327,"4","RBMY1A3P"
"PTPN20A",3.00256642489211e-05,0.740747327478418,1,1,0.637264698019102,"4","PTPN20A"
"CSN1S2AP",3.07384678973785e-05,0.688970500970541,1,1,0.652393242653962,"4","CSN1S2AP"
"FOXP3",3.0808100645977e-05,0.539630883343943,1,1,0.653871128110217,"4","FOXP3"
"COMTD1",3.08416184978762e-05,0.246682701670673,1,1,0.654582510998924,"4","COMTD1"
"TMEM41A",3.08677077513431e-05,0.745571445607775,1,1,0.655136229314507,"4","TMEM41A"
"GLCCI1",3.091620524601e-05,0.735600465043298,1,1,0.656165540141317,"4","GLCCI1"
"FCGBP",3.09190050046935e-05,0.53277425803476,1,1,0.656224962219616,"4","FCGBP"
"CTD-2228K2.7",3.11144417940346e-05,0.773306897787531,1,1,0.660372912636591,"4","CTD-2228K2.7"
"RIC31",3.14371310819032e-05,1.18757853569272,1,1,0.667221670082313,"4","RIC3"
"C14orf64",3.16179149884446e-05,0.514205968643147,1,1,0.671058627714748,"4","C14orf64"
"VSIG8",3.1713201885581e-05,0.930050453223913,1,1,0.673080996819571,"4","VSIG8"
"TNFAIP8L3",3.18174574159907e-05,0.97144856353925,1,1,0.675293716196987,"4","TNFAIP8L3"
"ALDH21",3.18711244633064e-05,0.916605613846862,1,1,0.676432745609214,"4","ALDH2"
"BEX21",3.25923720839762e-05,1.62123788401252,1,1,0.69174050511031,"4","BEX2"
"DNASE2",3.27673866751635e-05,0.711842547042298,1,1,0.695455014793671,"4","DNASE2"
"FAM178B",3.28207489000591e-05,1.45841539327184,1,1,0.696587574654855,"4","FAM178B"
"SLC30A1",3.28461288160119e-05,1.01133171610226,1,1,0.697126237991036,"4","SLC30A1"
"RIMS31",3.30655168396988e-05,0.483385741550009,1,1,0.701782529405768,"4","RIMS3"
"STK32A",3.33213058666331e-05,1.25399752372823,1,1,0.707211395713422,"4","STK32A"
"ZNF296",3.33993946102728e-05,0.646834324054495,1,1,0.708868751208431,"4","ZNF296"
"FAHD2B",3.36908311590233e-05,0.849026278405006,1,1,0.715054200519112,"4","FAHD2B"
"SLC24A5",3.38214791379057e-05,1.58517329649923,1,1,0.717827073222911,"4","SLC24A5"
"PAIP2B",3.40797401273149e-05,0.76021338822849,1,1,0.723308404462131,"4","PAIP2B"
"NKD11",3.45978652020313e-05,0.774150441913081,1,1,0.734305091047913,"4","NKD1"
"NDST3",3.46012370277992e-05,2.59164638474975,1,1,0.734376654678009,"4","NDST3"
"BTBD16",3.46339074241939e-05,1.60124446968749,1,1,0.735070051171091,"4","BTBD16"
"GFRA1",3.48070333735497e-05,1.33440232850354,1,1,0.738744476320219,"4","GFRA1"
"PARP3",3.48579211762606e-05,0.733557516851148,1,1,0.739824519044956,"4","PARP3"
"PTPLB",3.48839067847325e-05,0.70197873479027,1,1,0.740376037599162,"4","PTPLB"
"COX7A2",3.48901455882455e-05,0.930553524934631,1,1,0.740508449964922,"4","COX7A2"
"VPS33B",3.48901455882455e-05,0.527440167611237,1,1,0.740508449964922,"4","VPS33B"
"NET11",3.48943052761577e-05,0.823641057982353,1,1,0.740596735181171,"4","NET1"
"TOM1",3.48943052761577e-05,0.670383902893224,1,1,0.740596735181171,"4","TOM1"
"EDARADD",3.52404202086506e-05,0.992759561262247,1,1,0.7479426785084,"4","EDARADD"
"FBXO22",3.53987866669062e-05,0.585087043673122,1,1,0.751303848218416,"4","FBXO2"
"FAR2",3.59569047812409e-05,2.48572691280257,1,1,0.763149347077058,"4","FAR2"
"EIF1AY",3.61486163466e-05,1.16038040654196,1,1,0.767218233340239,"4","EIF1AY"
"KCNK7",3.69668793764799e-05,1.09722292506731,1,1,0.784585047886409,"4","KCNK7"
"RIOK3",3.7058976056823e-05,1.1586077665858,1,1,0.786539707830012,"4","RIOK3"
"SLC44A31",3.80534536683805e-05,1.1422477560108,1,1,0.807646500657707,"4","SLC44A3"
"PARP16",3.81491024957561e-05,0.610847728993315,1,1,0.809676551369928,"4","PARP16"
"MTF1",3.81840328947738e-05,0.731919150209297,1,1,0.810417914158678,"4","MTF1"
"WNK2",3.81840328947738e-05,1.6592186847394,1,1,0.810417914158678,"4","WNK2"
"FLRT3",3.92859392762099e-05,0.500111268790125,1,1,0.833804775198279,"4","FLRT3"
"GTF2H3",3.93275867465556e-05,0.567845970088369,1,1,0.834688701108895,"4","GTF2H3"
"ATP6V0C",3.93507391183229e-05,0.817489054311809,1,1,0.835180087047286,"4","ATP6V0C"
"TRBV28",3.98298385837878e-05,0.573677801137098,1,1,0.845348494102312,"4","TRBV28"
"TNNT1",4.00916222445466e-05,2.30828658712966,1,1,0.850904590518258,"4","TNNT1"
"EPT1",4.05048463989179e-05,0.681844572661049,1,1,0.859674859970634,"4","EPT1"
"ACAA1",4.05345622227448e-05,0.936202656557912,1,1,0.860305548615536,"4","ACAA1"
"AHCYL1",4.05464533121107e-05,0.587194863153169,1,1,0.860557925096238,"4","AHCYL1"
"UBE4B",4.05464533121107e-05,0.41000884694893,1,1,0.860557925096238,"4","UBE4B"
"WDTC1",4.05464533121107e-05,0.529181450712748,1,1,0.860557925096238,"4","WDTC1"
"MAPK15",4.09524560020677e-05,0.448258484819675,1,1,0.869174926187885,"4","MAPK15"
"CLDN4",4.11438753001147e-05,0.705729572370423,1,1,0.873237609369634,"4","CLDN4"
"GLRA4",4.13146830252914e-05,2.18299175036024,1,1,0.876862832528785,"4","GLRA4"
"GRTP1",4.14284102207231e-05,0.833253617395458,1,1,0.879276578524628,"4","GRTP1"
"TMEM116",4.17082378351941e-05,0.695126185345018,1,1,0.88521563981416,"4","TMEM116"
"PCYT2",4.17521699243554e-05,0.833032584301058,1,1,0.886148054474518,"4","PCYT2"
"ATP6V0B",4.1775370838255e-05,0.582306513100374,1,1,0.886640470671125,"4","ATP6V0B"
"ALAS1",4.17765922172201e-05,0.589631741150299,1,1,0.88666639321828,"4","ALAS1"
"CNNM41",4.17765922172201e-05,0.752808649093033,1,1,0.88666639321828,"4","CNNM4"
"NRD1",4.17765922172201e-05,0.205460400276351,1,1,0.88666639321828,"4","NRD1"
"SREBF2",4.17765922172201e-05,0.744001595995567,1,1,0.88666639321828,"4","SREBF2"
"ARL4D",4.23441022022972e-05,1.73304760123908,1,1,0.898711225141555,"4","ARL4D"
"KY",4.26562543693113e-05,1.42613871410545,1,1,0.905336342734262,"4","KY"
"KIAA1737",4.29982017109018e-05,0.74885319530031,1,1,0.912593833112181,"4","KIAA1737"
"MTHFR",4.30370692443566e-05,0.785454518652125,1,1,0.913418757642225,"4","MTHFR"
"SLC31A2",4.37859821772865e-05,1.18401594979141,1,1,0.929313685730728,"4","SLC31A2"
"SOX15",4.41317452493081e-05,0.617103715202258,1,1,0.936652161171315,"4","SOX15"
"SCO2",4.42357900201288e-05,1.0014389673406,1,1,0.938860407387213,"4","SCO2"
"BCO2",4.42718004603561e-05,1.01419450563678,1,1,0.939624692970598,"4","BCO2"
"MRPL49",4.43387374880021e-05,1.09626733791612,1,1,0.941045364445357,"4","MRPL49"
"HYAL1",4.43426016400834e-05,1.37648118605602,1,1,0.94112737720913,"4","HYAL1"
"ZNF681",4.55719745290593e-05,1.01626530325662,1,1,0.967219587404755,"4","ZNF681"
"LYRM2",4.56089530296901e-05,0.318814674102745,1,1,0.968004419102142,"4","LYRM2"
"MAP3K1",4.56829799881154e-05,0.832597395780805,1,1,0.969575567267762,"4","MAP3K1"
"TPRG1L",4.56829799881154e-05,0.365654022401957,1,1,0.969575567267762,"4","TPRG1L"
"DNASE1L3",4.67622856192249e-05,3.86258140623797,1,1,0.992482749982428,"4","DNASE1L3"
"FAM63A",4.70467785131213e-05,0.506428191430553,1,1,0.998520827162486,"4","FAM63A"
"GLRA2",4.7115202749611e-05,0.521568240000624,1,1,0.999973063157743,"4","GLRA2"
"S1PR5",4.75359065917101e-05,0.953400323421672,1,1,1,"4","S1PR5"
"FAM117A1",4.84631102358231e-05,0.792041649662998,1,1,1,"4","FAM117A"
"MOSPD11",4.84631102358231e-05,0.4660779434234,1,1,1,"4","MOSPD1"
"RAB5B",4.84756599757569e-05,0.409699724937308,1,1,1,"4","RAB5B"
"RNF222",4.87173725573429e-05,0.715762390536272,1,1,1,"4","RNF222"
"COBL",4.98539847688247e-05,1.00191395181871,1,1,1,"4","COBL"
"SSH3",4.99054878464527e-05,0.919372393851233,1,1,1,"4","SSH3"
"EXOC8",4.9919801572556e-05,0.695471751533812,1,1,1,"4","EXOC8"
"FZD6",4.99283913353566e-05,0.66293256906523,1,1,1,"4","FZD6"
"ACACA",4.99341184802609e-05,0.703117055216719,1,1,1,"4","ACACA"
"TBC1D22A",4.99341184802609e-05,0.513276818813363,1,1,1,"4","TBC1D22A"
"MXD11",5.13811983993776e-05,0.304743987952765,1,1,1,"4","MXD1"
"ARRDC4",5.14326296700741e-05,1.25587115791467,1,1,1,"4","ARRDC4"
"TPSD1",5.16829274293691e-05,0.771332219558253,1,1,1,"4","TPSD1"
"AAGAB",5.2166500546639e-05,0.736225650782648,1,1,1,"4","AAGAB"
"CLDN8",5.21974002204317e-05,0.942770180201757,1,1,1,"4","CLDN8"
"KIF6",5.28142696184502e-05,0.356028205544845,1,1,1,"4","KIF6"
"MST1R",5.28470412589402e-05,1.30900834151193,1,1,1,"4","MST1R"
"TG",5.28892325859097e-05,1.16139084548133,1,1,1,"4","TG"
"TNFAIP8",5.28892325859097e-05,0.856506957531353,1,1,1,"4","TNFAIP8"
"ARFGEF2",5.2973693412762e-05,0.595899093422375,1,1,1,"4","ARFGEF2"
"PSMD3",5.2973693412762e-05,0.606749216800559,1,1,1,"4","PSMD3"
"P2RY2",5.32387346160335e-05,0.861188125918714,1,1,1,"4","P2RY2"
"SLC6A17",5.38626218164181e-05,1.19434650807188,1,1,1,"4","SLC6A17"
"SLC6A6",5.45274640878979e-05,0.892502200259859,1,1,1,"4","SLC6A6"
"FBXO42",5.45584422636089e-05,0.620760337962551,1,1,1,"4","FBXO42"
"IFRD1",5.45584422636089e-05,0.705572314185424,1,1,1,"4","IFRD1"
"RETSAT",5.45584422636089e-05,0.432972942433432,1,1,1,"4","RETSAT"
"SOX21",5.46909967023838e-05,1.11880278596692,1,1,1,"4","SOX21"
"CYP2J2",5.59203492653027e-05,0.839002710210774,1,1,1,"4","CYP2J2"
"C15orf41",5.60990331160457e-05,0.784828028470699,1,1,1,"4","C15orf41"
"NIPAL3",5.6156237163419e-05,0.807699778796204,1,1,1,"4","NIPAL3"
"ABI1",5.61880366453666e-05,0.428419008478325,1,1,1,"4","ABI1"
"SCP2",5.61880366453666e-05,0.71958810276017,1,1,1,"4","SCP2"
"ATP13A5",5.70106819599973e-05,0.466515192138528,1,1,1,"4","ATP13A5"
"RASGRF1",5.72718209996955e-05,2.67435227763319,1,1,1,"4","RASGRF1"
"OAS1",5.78310245630163e-05,0.928007390412892,1,1,1,"4","OAS1"
"KRTAP5-8",5.87643761229646e-05,0.508597579703734,1,1,1,"4","KRTAP5-8"
"TXLNG2P",5.87643761229646e-05,2.58799617917803,1,1,1,"4","TXLNG2P"
"CNTN3",5.89790631769463e-05,1.09320737019729,1,1,1,"4","CNTN3"
"ABCB11",5.89993045541957e-05,1.38621729645561,1,1,1,"4","ABCB11"
"GNAL1",5.94459321662135e-05,1.27773188007148,1,1,1,"4","GNAL"
"MGME1",5.95530438723402e-05,0.739073062355519,1,1,1,"4","MGME1"
"ZDHHC5",5.95865467646654e-05,0.713531628203246,1,1,1,"4","ZDHHC5"
"LCE3A",6.02190807071904e-05,1.31281145847094,1,1,1,"4","LCE3A"
"GDPD1",6.09804989225214e-05,0.345600324845508,1,1,1,"4","GDPD1"
"TWF1P11",6.09804989225214e-05,0.121537837446029,1,1,1,"4","TWF1P1"
"INIP",6.11518354544995e-05,0.6366962305369,1,1,1,"4","INIP"
"PCCB",6.13562086821146e-05,1.04573617882416,1,1,1,"4","PCCB"
"PER3",6.13579283293976e-05,1.155919202537,1,1,1,"4","PER3"
"TMEM63C",6.23799767851809e-05,0.9113118621542,1,1,1,"4","TMEM63C"
"PDIK1L",6.30803135324678e-05,0.496524373497563,1,1,1,"4","PDIK1L"
"UQCR10",6.31173401701876e-05,0.835183558752737,1,1,1,"4","UQCR10"
"HSD3B7",6.31437980022937e-05,1.89555979703608,1,1,1,"4","HSD3B7"
"FEM1B",6.31773235020437e-05,0.531507920918408,1,1,1,"4","FEM1B"
"DGCR6",6.46538028871765e-05,1.01348680919595,1,1,1,"4","DGCR6"
"ALK",6.47530106994339e-05,1.99282190875886,1,1,1,"4","ALK"
"PKP21",6.47530106994339e-05,1.05987847534057,1,1,1,"4","PKP2"
"GALT",6.50440916277699e-05,0.524963447451267,1,1,1,"4","GALT"
"KPNA6",6.50495250215616e-05,0.36219297594295,1,1,1,"4","KPNA6"
"GFRA3",6.52495119601354e-05,0.439847890086543,1,1,1,"4","GFRA3"
"CCR6",6.54894553704721e-05,1.02533995005127,1,1,1,"4","CCR6"
"E2F8",6.68719889617551e-05,0.663610503054208,1,1,1,"4","E2F8"
"UQCRQ",6.69574281422594e-05,0.908823323417979,1,1,1,"4","UQCRQ"
"PTK2B1",6.69760129612967e-05,0.663481228856369,1,1,1,"4","PTK2B"
"LYG2",6.74115730697932e-05,1.34489407458296,1,1,1,"4","LYG2"
"CST1",6.78219741997143e-05,0.475553400289966,1,1,1,"4","CST1"
"SCGB1D2",6.87678277159724e-05,4.13084641846662,1,1,1,"4","SCGB1D2"
"GABRE",6.87944234774215e-05,1.18118646350818,1,1,1,"4","GABRE"
"RSPH3",6.89354213729723e-05,0.668523482106982,1,1,1,"4","RSPH3"
"LGALS8",6.89544921285225e-05,0.464328978823499,1,1,1,"4","LGALS8"
"RANGAP1",6.89544921285225e-05,0.226992223976236,1,1,1,"4","RANGAP1"
"SLC22A9",6.92793814018822e-05,1.24670399655099,1,1,1,"4","SLC22A9"
"BAI31",6.989869935676e-05,1.67391665787562,1,1,1,"4","BAI3"
"VPS4B",7.09803526077163e-05,0.748382414465537,1,1,1,"4","VPS4B"
"VPS52",7.09862234385878e-05,0.486564130619351,1,1,1,"4","VPS52"
"RTN3",7.09881804648858e-05,0.65474047808198,1,1,1,"4","RTN3"
"SH3BGRL3",7.09881804648858e-05,0.808852140561216,1,1,1,"4","SH3BGRL3"
"SP5",7.1597856937385e-05,1.14921332968212,1,1,1,"4","SP5"
"ACOT4",7.19606367025176e-05,1.18126291711381,1,1,1,"4","ACOT4"
"RUNX3",7.28378609920024e-05,1.00590379816409,1,1,1,"4","RUNX3"
"TEC",7.28378609920024e-05,1.24622416372772,1,1,1,"4","TEC"
"MRPL23",7.30082640238645e-05,0.408670946336619,1,1,1,"4","MRPL23"
"IL11RA",7.30765106122178e-05,1.3397175833326,1,1,1,"4","IL11RA"
"CAPG",7.3078518603763e-05,0.615684058599285,1,1,1,"4","CAPG"
"PDCD4",7.3078518603763e-05,0.910292759146305,1,1,1,"4","PDCD4"
"VPS39",7.3078518603763e-05,0.501579790933125,1,1,1,"4","VPS39"
"ANKRD31",7.35654241452977e-05,0.831542643716553,1,1,1,"4","ANKRD31"
"NUDT7",7.37603938450776e-05,0.683977658127999,1,1,1,"4","NUDT7"
"TRHDE",7.46626892300735e-05,0.420532533001021,1,1,1,"4","TRHDE"
"RP11-15H20.6",7.4774780670043e-05,1.5537597714853,1,1,1,"4","RP11-15H20.6"
"LINC00341",7.49800681812987e-05,1.41249623491484,1,1,1,"4","LINC00341"
"SPIRE2",7.50540770984244e-05,0.637999756218852,1,1,1,"4","SPIRE2"
"PPIF",7.52187413564898e-05,1.22611106558588,1,1,1,"4","PPIF"
"RRM1",7.52187413564898e-05,0.516250727671046,1,1,1,"4","RRM1"
"AFTPH",7.522698181462e-05,0.724515988665416,1,1,1,"4","AFTPH"
"CLPX",7.522698181462e-05,0.749957388208907,1,1,1,"4","CLPX"
"DECR1",7.522698181462e-05,0.391215436102716,1,1,1,"4","DECR1"
"CCL27",7.5407566564668e-05,0.526141123166209,1,1,1,"4","CCL27"
"SLC16A10",7.72576906020947e-05,1.12465481832551,1,1,1,"4","SLC16A10"
"CCNB3",7.72615460757207e-05,0.321995366179513,1,1,1,"4","CCNB3"
"RASSF10",7.72615460757207e-05,1.48054269366416,1,1,1,"4","RASSF10"
"NTAN1",7.74329671366037e-05,0.65698171190447,1,1,1,"4","NTAN1"
"TMEM106C",7.85405694588647e-05,0.802508211372247,1,1,1,"4","TMEM106C"
"APOD",7.95830051615952e-05,1.63262880500524,1,1,1,"4","APOD"
"SURF2",7.96610042134033e-05,0.514803679928267,1,1,1,"4","SURF2"
"CYP2R1",7.96826809665424e-05,0.97599998915029,1,1,1,"4","CYP2R1"
"NAA50",7.97021938927588e-05,0.827933964542002,1,1,1,"4","NAA50"
"TJP3",8.02361867652447e-05,0.174870652961204,1,1,1,"4","TJP3"
"UBE2QL1",8.0975868527432e-05,0.672151439480356,1,1,1,"4","UBE2QL1"
"TECRL",8.17297325817025e-05,0.415153740679944,1,1,1,"4","TECRL"
"HLA-DQB2",8.1769816876517e-05,0.877891277621941,1,1,1,"4","HLA-DQB2"
"EMB",8.2027512852646e-05,0.967721940576812,1,1,1,"4","EMB"
"REEP5",8.20341856065017e-05,0.56923241798318,1,1,1,"4","REEP5"
"UQCRC1",8.20364099497433e-05,0.981972959320329,1,1,1,"4","UQCRC1"
"IL34",8.43872205209857e-05,1.07992207158176,1,1,1,"4","IL34"
"RASGEF1B",8.44305636981994e-05,0.858628914881869,1,1,1,"4","RASGEF1B"
"ELL21",8.44328453876037e-05,0.752670064599275,1,1,1,"4","ELL2"
"DCTN4",8.68929881124021e-05,0.512930020972485,1,1,1,"4","DCTN4"
"UFD1L",8.68953285072482e-05,0.205918294517829,1,1,1,"4","UFD1L"
"MTMR81",8.78044992559881e-05,0.744835339232447,1,1,1,"4","MTMR8"
"GPR68",8.91378495026067e-05,0.652797586186793,1,1,1,"4","GPR68"
"RHOD",8.91378495026067e-05,2.34634133051781,1,1,1,"4","RHOD"
"ALCAM1",8.93775581625933e-05,0.777141463424876,1,1,1,"4","ALCAM"
"APPL2",8.94255586275782e-05,0.870125046678002,1,1,1,"4","APPL2"
"ARFGAP2",8.94255586275782e-05,0.466344440899825,1,1,1,"4","ARFGAP2"
"C1orf186",9.03039842109735e-05,0.703528858084049,1,1,1,"4","C1orf186"
"FCER1A",9.03626266731123e-05,1.10462144995361,1,1,1,"4","FCER1A"
"GPR12",9.09834522628078e-05,1.36812388237156,1,1,1,"4","GPR12"
"PGBD4",9.16197214389295e-05,0.708901791995041,1,1,1,"4","PGBD4"
"RNF2P1",9.19151370665768e-05,0.519119105706551,1,1,1,"4","RNF2P1"
"ALDH4A1",9.19760447573543e-05,0.692062356226147,1,1,1,"4","ALDH4A1"
"TMED3",9.20006575034531e-05,0.342972084731281,1,1,1,"4","TMED3"
"SOGA21",9.20228132501035e-05,0.256180392683152,1,1,1,"4","SOGA2"
"ZNF430",9.20228132501035e-05,0.597258563609286,1,1,1,"4","ZNF430"
"LRG1",9.39761992872543e-05,2.4515491684458,1,1,1,"4","LRG1"
"PPP1R3A",9.40493218899172e-05,1.14084154801566,1,1,1,"4","PPP1R3A"
"SLC18A2",9.44843403406812e-05,0.519462013296542,1,1,1,"4","SLC18A2"
"NFE2L3",9.46861593815161e-05,0.506085663493732,1,1,1,"4","NFE2L3"
"ECHDC21",9.46962589087391e-05,1.0124952548834,1,1,1,"4","ECHDC2"
"SEC14L2",9.46962589087391e-05,0.853106250297083,1,1,1,"4","SEC14L2"
"C3orf721",9.59220540780806e-05,0.163783622693602,1,1,1,"4","C3orf72"
"GAD1",9.62328003487972e-05,1.6577890951504,1,1,1,"4","GAD1"
"DLGAP2",9.62929996881377e-05,0.363126345123444,1,1,1,"4","DLGAP2"
"CACNB4",9.67018871701908e-05,1.41025554055243,1,1,1,"4","CACNB4"
"KCNJ12",9.67745332828662e-05,2.6257086401023,1,1,1,"4","KCNJ12"
"SDC41",9.73885540414964e-05,0.721271921182828,1,1,1,"4","SDC4"
"CAPN3",9.74403320401499e-05,0.702386574040773,1,1,1,"4","CAPN3"
"SAMM50",9.74403320401499e-05,0.439109751530166,1,1,1,"4","SAMM50"
"TENM4",9.74403320401499e-05,0.690023486512597,1,1,1,"4","TENM4"
"TMEM259",9.74403320401499e-05,0.732223729660422,1,1,1,"4","TMEM259"
"IGHE",9.91013902037012e-05,1.39750116764959,1,1,1,"4","IGHE"
"ADCY8",9.96709354095607e-05,2.11482116386748,1,1,1,"4","ADCY8"
"FAM189A2",9.99410987813376e-05,0.788997122429988,1,1,1,"4","FAM189A2"
"FLVCR2",0.000100036496697601,0.717576429081022,1,1,1,"4","FLVCR2"
"HRAS",0.000100232808847985,0.203787268237447,1,1,1,"4","HRAS"
"INPP5K",0.00010024873881827,0.737640699386843,1,1,1,"4","INPP5K"
"SIMC11",0.00010024873881827,0.724599557467704,1,1,1,"4","SIMC1"
"KIAA1468",0.000100256704521914,0.524152316754112,1,1,1,"4","KIAA1468"
"TCP11L2",0.000100259359862911,0.3701298072349,1,1,1,"4","TCP11L2"
"KDM5D1",0.000100471318914357,2.00606888029885,1,1,1,"4","KDM5D"
"WISP3",0.000100591785700767,1.58182871303437,1,1,1,"4","WISP3"
"MYO18B",0.000100930743255351,0.300378168276032,1,1,1,"4","MYO18B"
"FAM25C",0.000101253728397463,1.09047335383486,1,1,1,"4","FAM25C"
"VWA71",0.000102167726404333,0.679609596236364,1,1,1,"4","VWA7"
"MFSD5",0.000103128025447767,1.18750324015611,1,1,1,"4","MFSD5"
"PCK2",0.000103128025447767,0.845869905032599,1,1,1,"4","PCK2"
"COX6A1",0.00010315252845015,0.835575002622196,1,1,1,"4","COX6A1"
"LNPEP",0.000103155251277641,0.506008432595735,1,1,1,"4","LNPEP"
"IFNE",0.000104760030660816,0.477059944233574,1,1,1,"4","IFNE"
"NOX5",0.000104886426333007,0.853737121557264,1,1,1,"4","NOX5"
"IFI27",0.000106074132582993,2.69223768612714,1,1,1,"4","IFI27"
"ATP5G3",0.000106102043409058,0.975976111625867,1,1,1,"4","ATP5G3"
"GOLGA1",0.000106102043409058,0.658535553360426,1,1,1,"4","GOLGA1"
"FAM3C",0.000106127167894356,0.732209967488252,1,1,1,"4","FAM3C"
"LGI3",0.000106615860036642,0.93459788674677,1,1,1,"4","LGI3"
"PTGFR",0.000107872244087229,0.974171759300267,1,1,1,"4","PTGFR"
"CPA3",0.000109128244120639,1.16026017520093,1,1,1,"4","CPA3"
"REEP4",0.000109128244120639,0.834042058590848,1,1,1,"4","REEP4"
"ABLIM1",0.000109185484397265,0.83519230487947,1,1,1,"4","ABLIM1"
"ACAP3",0.000109185484397265,0.533565443219693,1,1,1,"4","ACAP3"
"SCAP",0.000109185484397265,0.913846802290593,1,1,1,"4","SCAP"
"TEX2",0.000109185484397265,0.491299228416654,1,1,1,"4","TEX2"
"ZCCHC6",0.000109185484397265,0.737163833450101,1,1,1,"4","ZCCHC6"
"SLC25A23",0.00011222118506583,1.03806236572323,1,1,1,"4","SLC25A23"
"ATP2A2",0.000112323870624049,0.635028013069693,1,1,1,"4","ATP2A2"
"CBLN2",0.00011304834746448,1.13420213606785,1,1,1,"4","CBLN2"
"DLX5",0.000113111551754736,1.20559947078774,1,1,1,"4","DLX5"
"SMPX",0.000113823832914461,1.4675754965188,1,1,1,"4","SMPX"
"BDNF1",0.000114184273420272,0.916404266160839,1,1,1,"4","BDNF"
"KNDC11",0.000114808154701395,0.601594967550096,1,1,1,"4","KNDC1"
"MACROD2",0.000114886687957981,0.9426526025975,1,1,1,"4","MACROD2"
"LMX1B",0.000116753166436732,0.606578768527825,1,1,1,"4","LMX1B"
"LAMB3",0.00011879596920097,0.559818358388767,1,1,1,"4","LAMB3"
"S100A4",0.000118854563558969,1.01331482758881,1,1,1,"4","S100A4"
"PRDX2",0.000118857648074417,1.01233869521472,1,1,1,"4","PRDX2"
"ECHDC3",0.000121878376820893,0.38865499193372,1,1,1,"4","ECHDC3"
"FAM104B",0.000121878376820893,0.722181157488132,1,1,1,"4","FAM104B"
"MST41",0.000122080397280913,0.636072742913548,1,1,1,"4","MST4"
"VWA5A",0.000122146740020058,1.13029228399719,1,1,1,"4","VWA5A"
"MIR554",0.000122151818382752,0.440295739089695,1,1,1,"4","MIR554"
"COL4A6",0.000122194144268295,0.23772370824093,1,1,1,"4","COL4A6"
"SLC35A2",0.000122225754776593,0.933443023869664,1,1,1,"4","SLC35A2"
"CNTNAP3",0.000122244724029575,1.10549662607997,1,1,1,"4","CNTNAP3"
"RAB24",0.000122254209485255,0.708791090371179,1,1,1,"4","RAB24"
"PEBP1",0.000122257371426663,0.435364767066773,1,1,1,"4","PEBP1"
"CTD-2547L24.3",0.000122739528187346,1.11419584558686,1,1,1,"4","CTD-2547L24.3"
"RP11-528A10.2",0.000123686580418746,0.92571707626489,1,1,1,"4","RP11-528A10.2"
"KLHL31",0.000125587763521313,0.891062152013326,1,1,1,"4","KLHL31"
"DFNB311",0.000125683811661409,1.11467527607902,1,1,1,"4","DFNB31"
"PPARD",0.000125716214027383,1.24534397216141,1,1,1,"4","PPARD"
"HADH",0.000125745381515194,0.744127012921844,1,1,1,"4","HADH"
"HSD17B12",0.000125745381515194,0.675757237464262,1,1,1,"4","HSD17B12"
"CALCOCO1",0.000125748622660556,0.802655961569474,1,1,1,"4","CALCOCO1"
"FH",0.000125748622660556,0.73539742435689,1,1,1,"4","FH"
"SV2C",0.000126955172118205,1.9056117105272,1,1,1,"4","SV2C"
"UGT3A2",0.000127143312468593,1.34641562384551,1,1,1,"4","UGT3A2"
"CTB-175P5.2",0.000127483271044203,0.370765483438044,1,1,1,"4","CTB-175P5.2"
"DIRAS3",0.000128889930035033,0.674604167932833,1,1,1,"4","DIRAS3"
"CD6",0.00012905485557781,1.04622403455474,1,1,1,"4","CD6"
"GSTM4",0.00012905485557781,0.679337799181932,1,1,1,"4","GSTM4"
"ANKEF1",0.00012914775175449,2.21853181244654,1,1,1,"4","ANKEF1"
"ASF1A",0.000129267263326169,0.248957983460352,1,1,1,"4","ASF1A"
"PUSL1",0.000129267263326169,0.221479264740447,1,1,1,"4","PUSL1"
"AKR1C3",0.000129300475689727,1.18396911267968,1,1,1,"4","AKR1C3"
"CHCHD10",0.000129300475689727,0.766296257287145,1,1,1,"4","CHCHD10"
"PAX6",0.000129318764366653,1.35534207059703,1,1,1,"4","PAX6"
"PPP1R1C",0.000129692320460458,1.94394807283631,1,1,1,"4","PPP1R1C"
"OXGR1",0.000130186205958475,0.628961958964092,1,1,1,"4","OXGR1"
"EIF4BP2",0.000130714533791295,0.731113138676269,1,1,1,"4","EIF4BP2"
"PMAIP1",0.000131582844185346,0.141333520383876,1,1,1,"4","PMAIP1"
"FABP5P7",0.000132267395285475,0.809345999234093,1,1,1,"4","FABP5P7"
"GNG12",0.00013260679369174,0.631505914272632,1,1,1,"4","GNG12"
"ADAM231",0.000132824350591203,0.932438230428531,1,1,1,"4","ADAM23"
"FBN31",0.000133969131107164,0.763502421256941,1,1,1,"4","FBN3"
"C11orf35",0.000135213742791317,0.137362161718015,1,1,1,"4","C11orf35"
"IKZF21",0.000136219818597052,0.759078656964597,1,1,1,"4","IKZF2"
"GDE1",0.00013659940820677,1.01036038379861,1,1,1,"4","GDE1"
"HILPDA",0.000136672630931992,1.16023285635814,1,1,1,"4","HILPDA"
"PEX13",0.000136724950845556,0.665998975638546,1,1,1,"4","PEX13"
"PPM1L",0.000136724950845556,0.844666774886306,1,1,1,"4","PPM1L"
"HDAC3",0.00013678077525968,0.452414639077032,1,1,1,"4","HDAC3"
"CAST",0.000136794734025882,0.532921300798886,1,1,1,"4","CAST"
"TRMT2B",0.000136794734025882,0.529502588181915,1,1,1,"4","TRMT2B"
"IDO2",0.000136820795159837,0.194932373008676,1,1,1,"4","IDO2"
"TUBAL3",0.000137337592495207,1.94877427955051,1,1,1,"4","TUBAL3"
"KRT8P31",0.000138393851763116,0.533861866065045,1,1,1,"4","KRT8P31"
"NDP",0.000139290107489743,0.512451812594261,1,1,1,"4","NDP"
"RNF128",0.000140086353689934,1.35945508842086,1,1,1,"4","RNF128"
"GLI1",0.000140246861524047,0.877043339799885,1,1,1,"4","GLI1"
"IDH1",0.000140675554039565,0.957762409054901,1,1,1,"4","IDH1"
"SLC44A1",0.000140675554039565,1.09401836910462,1,1,1,"4","SLC44A1"
"FAM71E1",0.000142520437098819,0.525570044890621,1,1,1,"4","FAM71E1"
"SERAC1",0.000144656236118919,0.591443098950263,1,1,1,"4","SERAC1"
"ARL5A",0.000144659901246775,0.283556084792931,1,1,1,"4","ARL5A"
"HECTD3",0.000144659901246775,0.450770373859754,1,1,1,"4","HECTD3"
"RAB11FIP11",0.000144659901246775,0.659403062612483,1,1,1,"4","RAB11FIP1"
"EPHA10",0.000145766582410639,0.207767218879024,1,1,1,"4","EPHA10"
"EFHC2",0.000147384168454664,1.03752562826755,1,1,1,"4","EFHC2"
"BEGAIN",0.000147679064392611,0.461672057735145,1,1,1,"4","BEGAIN"
"GALNT3",0.000148712787115061,0.747767442699597,1,1,1,"4","GALNT3"
"CTSA",0.000148750341778832,0.691465196804888,1,1,1,"4","CTSA"
"RP11-64B16.2",0.000149833029143729,0.406415522900783,1,1,1,"4","RP11-64B16.2"
"OLFML1",0.000152626478142238,0.84446293014642,1,1,1,"4","OLFML1"
"WDR66",0.000152626478142238,1.35889098086052,1,1,1,"4","WDR66"
"MPC1",0.000152814845670997,0.951655803106854,1,1,1,"4","MPC1"
"DGCR2",0.000152949499814357,0.800430320447886,1,1,1,"4","DGCR2"
"ENSA",0.000152949499814357,0.272540163648241,1,1,1,"4","ENSA"
"KLF4",0.000152949499814357,1.07168516839558,1,1,1,"4","KLF4"
"WDR61",0.000152949499814357,0.528842950403245,1,1,1,"4","WDR61"
"SLC52A31",0.000154733506663252,1.01730725881959,1,1,1,"4","SLC52A3"
"OPTC",0.00015610816336399,0.646414103676712,1,1,1,"4","OPTC"
"SERPINA31",0.00015639430775752,0.242300855770262,1,1,1,"4","SERPINA3"
"ASIP",0.000157408998949337,1.03067192211424,1,1,1,"4","ASIP"
"TRPM8",0.000160614063119568,0.347551511763429,1,1,1,"4","TRPM8"
"ETFDH",0.00016168072215159,1.2621692835667,1,1,1,"4","ETFDH"
"LSM14B",0.000161684762342726,0.411698357644093,1,1,1,"4","LSM14B"
"SORT11",0.000161684762342726,0.762977699390195,1,1,1,"4","SORT1"
"WDFY4",0.000161684762342726,1.33577706147833,1,1,1,"4","WDFY4"
"CCDC129",0.000162251185229992,0.860127957915921,1,1,1,"4","CCDC129"
"TPSB2",0.000162874111869957,1.35559037061511,1,1,1,"4","TPSB2"
"KCNK2",0.000163429313357218,0.742460474828007,1,1,1,"4","KCNK2"
"C11orf1",0.000164724763200835,1.05739245434223,1,1,1,"4","C11orf1"
"TMEM191A",0.000165953071658606,1.024867995934,1,1,1,"4","TMEM191A"
"CPEB3",0.000166081586761259,0.6375373493512,1,1,1,"4","CPEB3"
"CTNNBIP1",0.000166143644965597,1.2333045641912,1,1,1,"4","CTNNBIP1"
"FBXO3",0.000166209859339941,0.534981691204571,1,1,1,"4","FBXO3"
"ABCA2",0.000166222276713857,0.883727062679412,1,1,1,"4","ABCA2"
"EFS",0.000170379575034559,0.808458902695786,1,1,1,"4","EFS"
"KCNG3",0.000170762365462739,0.92210871655676,1,1,1,"4","KCNG3"
"CCL13",0.000170771194750217,0.853237932192963,1,1,1,"4","CCL13"
"ACTR6",0.000170803091150989,0.197039178361333,1,1,1,"4","ACTR6"
"KDSR",0.000170803091150989,0.859198664072531,1,1,1,"4","KDSR"
"PPP2CA",0.000170870926038692,0.756187602263729,1,1,1,"4","PPP2CA"
"PAPSS1",0.000170887887878745,0.742440931117001,1,1,1,"4","PAPSS1"
"TRPS1",0.000170887887878745,0.506155275530379,1,1,1,"4","TRPS1"
"SLAMF6",0.000174718314416188,0.765949130618377,1,1,1,"4","SLAMF6"
"FAM126B",0.000175654734198122,0.674934144899458,1,1,1,"4","FAM126B"
"S100A61",0.000175667766120083,0.900057870524222,1,1,1,"4","S100A6"
"LAMP2",0.000175672110253049,0.479229064661077,1,1,1,"4","LAMP2"
"TMEM63B",0.000175672110253049,0.340434455300329,1,1,1,"4","TMEM63B"
"HMSD",0.000178791266943003,0.590271889236195,1,1,1,"4","HMSD"
"CCR4",0.000180041442081303,1.7823293619744,1,1,1,"4","CCR4"
"SYNGR1",0.000180208563974147,0.644469272935297,1,1,1,"4","SYNGR1"
"OPLAH",0.000180493096282045,0.284754211745055,1,1,1,"4","OPLAH"
"CBFA2T2",0.000180537584430296,0.495240811528255,1,1,1,"4","CBFA2T2"
"RARG",0.000180537584430296,1.10964167599811,1,1,1,"4","RARG"
"ZNF737",0.000180537584430296,0.693274730438596,1,1,1,"4","ZNF737"
"CAPN1",0.000180582080682367,0.342600580081136,1,1,1,"4","CAPN1"
"RPS4Y1",0.000182323211508676,2.18925752251248,1,1,1,"4","RPS4Y1"
"SLC36A2",0.000183759265597981,0.208560480553299,1,1,1,"4","SLC36A2"
"NMNAT2",0.000185238263096196,1.8029804497417,1,1,1,"4","NMNAT2"
"MKNK2",0.000185620863337273,0.608023466254529,1,1,1,"4","MKNK2"
"ASB15",0.000189449140029227,1.05067170819212,1,1,1,"4","ASB15"
"COQ3",0.000190022379396139,0.579866963245076,1,1,1,"4","COQ3"
"METTL7A1",0.000190628232848002,0.82415038030952,1,1,1,"4","METTL7A"
"AC024937.6",0.000191286327403698,0.695795792804605,1,1,1,"4","AC024937.6"
"SLC2A12",0.000191286327403698,1.19705409549011,1,1,1,"4","SLC2A12"
"CEBPA",0.000192023193694516,0.698863373128459,1,1,1,"4","CEBPA"
"MYO15A",0.000195829813135343,0.863538374775136,1,1,1,"4","MYO15A"
"EYA3",0.000196078336095408,0.449944260347541,1,1,1,"4","EYA3"
"HACL1",0.000196078336095408,1.0474118777074,1,1,1,"4","HACL1"
"SYNGR2",0.000196078336095408,0.759534117267753,1,1,1,"4","SYNGR2"
"GBE11",0.000196092681040948,1.09611484777811,1,1,1,"4","GBE1"
"KIAA0930",0.00019609746286119,0.667508412519489,1,1,1,"4","KIAA0930"
"S100P",0.00019980984971708,0.287518975731581,1,1,1,"4","S100P"
"PGAP3",0.000201267636724612,0.673248547502945,1,1,1,"4","PGAP3"
"IL17RC",0.000201522164092482,0.850393881107175,1,1,1,"4","IL17RC"
"SLC39A6",0.000201522164092482,0.827928817663722,1,1,1,"4","SLC39A6"
"PANK3",0.000201541752921456,0.612942401512139,1,1,1,"4","PANK3"
"PSMA6P1",0.000204333121859885,0.867885751650833,1,1,1,"4","PSMA6P1"
"COX6B1",0.000207127804303068,0.423618843075413,1,1,1,"4","COX6B1"
"EXOC6B",0.000207127804303068,0.945921991336181,1,1,1,"4","EXOC6B"
"ZNF91",0.000207127804303068,1.28372767438897,1,1,1,"4","ZNF91"
"RORC",0.000207675044364978,1.27587442742952,1,1,1,"4","RORC"
"TNF",0.000207924727149552,0.999066544861858,1,1,1,"4","TNF"
"NIM1",0.000208282533830613,0.628470777955391,1,1,1,"4","NIM1"
"PLGRKT",0.000212571556800836,0.204191194304572,1,1,1,"4","PLGRKT"
"AGTRAP",0.000212838490615671,0.376528790507065,1,1,1,"4","AGTRAP"
"NDUFA4",0.000212838490615671,0.669125169242406,1,1,1,"4","NDUFA4"
"RRAGC",0.000212838490615671,0.431340157167673,1,1,1,"4","RRAGC"
"ZNF706",0.000212838490615671,0.482115748687578,1,1,1,"4","ZNF706"
"GBP21",0.000212853898142714,0.972187709025526,1,1,1,"4","GBP2"
"CCR8",0.000213743783857473,0.688753563938487,1,1,1,"4","CCR8"
"SPRR2F",0.000214928678578659,0.519293772252574,1,1,1,"4","SPRR2F"
"TMEM171",0.000216299557648175,1.02024143703015,1,1,1,"4","TMEM171"
"CXorf65",0.000216589124533724,1.04002641465105,1,1,1,"4","CXorf65"
"FAM3D",0.000218666014132124,0.258756623928097,1,1,1,"4","FAM3D"
"ULK3",0.000218738934417903,0.702974442645978,1,1,1,"4","ULK3"
"PCDH11X1",0.000221535160598232,0.755473390989099,1,1,1,"4","PCDH11X"
"RP11-419L20.21",0.000222731854100568,1.42892456837322,1,1,1,"4","RP11-419L20.2"
"SLC47A1",0.000223883785766496,1.6519886528402,1,1,1,"4","SLC47A1"
"NLRP2",0.000224663386328101,0.818522031232082,1,1,1,"4","NLRP2"
"ACO1",0.000224771073138396,0.955237590722373,1,1,1,"4","ACO1"
"CPNE3",0.000224771073138396,0.461234796788894,1,1,1,"4","CPNE3"
"PSMB1",0.000224771073138396,0.344851804052187,1,1,1,"4","PSMB1"
"CSRP3",0.000225994165143785,0.718828540499224,1,1,1,"4","CSRP3"
"PTGES",0.000228728421751636,0.653553361118703,1,1,1,"4","PTGES"
"IDI1",0.000230848835959719,0.834754823112835,1,1,1,"4","IDI1"
"ZBTB8OS",0.000230937040948344,0.616458228437043,1,1,1,"4","ZBTB8OS"
"CPEB2",0.000230953582125543,0.798906462142442,1,1,1,"4","CPEB2"
"ACSL5",0.000230959096043698,0.6715323628639,1,1,1,"4","ACSL5"
"TRAM1L1",0.000233490448192459,0.845344859963264,1,1,1,"4","TRAM1L1"
"WFDC3",0.000234017088493985,1.13990776244101,1,1,1,"4","WFDC3"
"TTC9",0.00023606710340602,0.743376770321408,1,1,1,"4","TTC9"
"ARNT21",0.000236376565285276,1.00946103447021,1,1,1,"4","ARNT2"
"LANCL3",0.000236936228126879,2.76990889405571,1,1,1,"4","LANCL3"
"MRPL27",0.000237109197849751,0.571271061415757,1,1,1,"4","MRPL27"
"DENND1B1",0.000237250278533792,0.439482383976623,1,1,1,"4","DENND1B"
"ASS11",0.000237284147013464,0.76496862426049,1,1,1,"4","ASS1"
"FASLG",0.000241504110156479,1.00268935694723,1,1,1,"4","FASLG"
"ESRRG",0.000242017669571138,0.449036033541056,1,1,1,"4","ESRRG"
"PLIN5",0.000243794656179004,1.95741973582073,1,1,1,"4","PLIN5"
"CLN8",0.000243817774327855,0.781107363775213,1,1,1,"4","CLN8"
"SCGB2A2",0.000245622340348495,2.08508427635712,1,1,1,"4","SCGB2A2"
"TSPAN33",0.000246172246113902,1.21652577824537,1,1,1,"4","TSPAN33"
"ICOSLG",0.000249999459309187,0.756066173264561,1,1,1,"4","ICOSLG"
"ZNF649",0.000250289092412301,0.582457834894539,1,1,1,"4","ZNF649"
"ALDH9A1",0.000250490205840545,0.908766808044541,1,1,1,"4","ALDH9A1"
"TCEB3",0.00025049612272187,0.417885957596006,1,1,1,"4","TCEB3"
"ZBTB7A",0.00025049612272187,0.278801889502793,1,1,1,"4","ZBTB7A"
"BTLA",0.00025397000822957,1.27945190202148,1,1,1,"4","BTLA"
"UBE2U",0.000255894638000027,2.18444526785628,1,1,1,"4","UBE2U"
"C1orf109",0.000256837315895844,0.565432988752871,1,1,1,"4","C1orf109"
"FAM213A",0.000257345744402927,0.416444897288212,1,1,1,"4","FAM213A"
"HADHB",0.000257345744402927,0.497424803569636,1,1,1,"4","HADHB"
"SEMA3E1",0.000258412109697235,0.453830952904111,1,1,1,"4","SEMA3E"
"EDAR",0.000260595155810165,0.445015543573005,1,1,1,"4","EDAR"
"ZBTB43",0.000264364495726012,0.64354459162881,1,1,1,"4","ZBTB43"
"TSGA10",0.000271042401335405,0.266843452652319,1,1,1,"4","TSGA10"
"PPCS",0.000271549735756135,0.830348601723482,1,1,1,"4","PPCS"
"ELOVL5",0.000271575120540847,1.6201870965185,1,1,1,"4","ELOVL5"
"FAM46B",0.00027457143208294,2.73539481470626,1,1,1,"4","FAM46B"
"TNNI1",0.000277079987605603,1.32064719898612,1,1,1,"4","TNNI1"
"FUT2",0.000278184551983833,0.5835636147711,1,1,1,"4","FUT2"
"CTD-2228K2.5",0.000278619198435687,0.859079677838876,1,1,1,"4","CTD-2228K2.5"
"C9orf16",0.000278735967021933,0.745828273447829,1,1,1,"4","C9orf16"
"ACOX1",0.000278956754533291,0.746359123101513,1,1,1,"4","ACOX1"
"PDLIM4",0.000278956754533291,0.368678318802962,1,1,1,"4","PDLIM4"
"RPL3L",0.000281844800433274,1.32363378036313,1,1,1,"4","RPL3L"
"RP3-342P20.2",0.000282435481015259,0.660214606340372,1,1,1,"4","RP3-342P20.2"
"ZIC5",0.000282464830054071,0.766260308524387,1,1,1,"4","ZIC5"
"USP30",0.000286406465060678,0.654745338276566,1,1,1,"4","USP30"
"SQLE",0.000286539406814479,0.485926362686023,1,1,1,"4","SQLE"
"ZNF43",0.000286539406814479,0.949494706833608,1,1,1,"4","ZNF43"
"DCST1",0.000290515596293305,0.826742532297589,1,1,1,"4","DCST1"
"CYP2C9",0.000291891092301414,0.225087961952399,1,1,1,"4","CYP2C9"
"CYP39A1",0.000293186904085999,0.856240350703715,1,1,1,"4","CYP39A1"
"TST",0.00029373687606777,0.655534839203121,1,1,1,"4","TST"
"EMC9",0.000293927163049295,0.173238545173657,1,1,1,"4","EMC9"
"MPPE1",0.000293927163049295,0.534900046517146,1,1,1,"4","MPPE1"
"KCNJ151",0.000294171948556285,0.117330038035947,1,1,1,"4","KCNJ15"
"MRPL39",0.000294171948556285,0.520554098482013,1,1,1,"4","MRPL39"
"DNAJA4",0.000294280789365706,0.32677062841223,1,1,1,"4","DNAJA4"
"SLC35F6",0.000294280789365706,1.20395490263545,1,1,1,"4","SLC35F6"
"PC",0.000294301200255144,0.802734392841934,1,1,1,"4","PC"
"EPB41",0.000294308004112175,0.369431771876911,1,1,1,"4","EPB41"
"LAMP1",0.000294308004112175,0.725583990823687,1,1,1,"4","LAMP1"
"LPIN1",0.000294308004112175,1.25268662532712,1,1,1,"4","LPIN1"
"TEX13B",0.00029502585472139,0.734613651320563,1,1,1,"4","TEX13B"
"GDF10",0.000297066378832528,0.737431355464713,1,1,1,"4","GDF10"
"CNDP1",0.000300715420675058,1.17347800842626,1,1,1,"4","CNDP1"
"FAM135A",0.000302266586439982,0.783712768501278,1,1,1,"4","FAM135A"
"DNAH17",0.000302273549295131,1.67492450021258,1,1,1,"4","DNAH17"
"SLC27A2",0.000302394133898398,1.20254552876615,1,1,1,"4","SLC27A2"
"ABCB6",0.000308875936255628,0.292404979430637,1,1,1,"4","ABCB6"
"NALCN1",0.000308875936255628,1.86977124835937,1,1,1,"4","NALCN"
"CCL21",0.000310041814824361,1.17260322047702,1,1,1,"4","CCL21"
"FMOD1",0.000310041814824361,0.696948508197888,1,1,1,"4","FMOD"
"ITM2B",0.000310440644754717,0.607562542949982,1,1,1,"4","ITM2B"
"NDUFV2",0.000310440644754717,0.713133819584932,1,1,1,"4","NDUFV2"
"RP11-621K7.1",0.000312764621984984,0.326768311403942,1,1,1,"4","RP11-621K7.1"
"AP000769.1",0.000312904354004018,0.781812772064042,1,1,1,"4","AP000769.1"
"SBK1",0.000315989592796236,0.471937101916412,1,1,1,"4","SBK1"
"FBP2",0.000316884251878643,1.75558833867317,1,1,1,"4","FBP2"
"FGF11",0.000318405880807079,0.927773894314162,1,1,1,"4","FGF11"
"SPDYA",0.000318405880807079,0.135857763717695,1,1,1,"4","SPDYA"
"ZBTB3",0.000318668193428553,0.810204887756271,1,1,1,"4","ZBTB3"
"TMEM641",0.000318784826699311,0.335101001162483,1,1,1,"4","TMEM64"
"KAT2B",0.000318813989814278,0.298660741984467,1,1,1,"4","KAT2B"
"STX4",0.000318813989814278,0.428217508210309,1,1,1,"4","STX4"
"TMPRSS5",0.000319736298033617,1.57148197240413,1,1,1,"4","TMPRSS5"
"LY6G6F",0.000323016670642613,0.220489834515794,1,1,1,"4","LY6G6F"
"MAP7D2",0.00032401659285401,2.7838831699191,1,1,1,"4","MAP7D2"
"PPP2R2B",0.000324690933214279,0.552265625110856,1,1,1,"4","PPP2R2B"
"AC006978.6",0.000325269741474587,0.735281438183934,1,1,1,"4","AC006978.6"
"ARHGAP8",0.000325760081108283,1.27881411857176,1,1,1,"4","ARHGAP8"
"RAB40C",0.000326504031617543,0.307555592338987,1,1,1,"4","RAB40C"
"MAP1LC3B",0.00032739092230964,0.69027195522259,1,1,1,"4","MAP1LC3B"
"KIF16B",0.000327398382496685,0.470919414517489,1,1,1,"4","KIF16B"
"NOTCH2",0.000327398382496685,0.810781165510775,1,1,1,"4","NOTCH2"
"TAP1",0.000327398382496685,0.839729142114045,1,1,1,"4","TAP1"
"HGD",0.000328860531467174,1.60262133227059,1,1,1,"4","HGD"
"CATSPER2P1",0.000329618074566407,0.777205210700432,1,1,1,"4","CATSPER2P1"
"TAF7L",0.000330011472987728,0.5140523125295,1,1,1,"4","TAF7L"
"KRTCAP31",0.00033273855179975,0.614581506046061,1,1,1,"4","KRTCAP3"
"NDUFA6",0.000336191088367388,0.678403124836191,1,1,1,"4","NDUFA6"
"ZP1",0.000338889589717512,1.66244624689521,1,1,1,"4","ZP1"
"SMOC11",0.000342385769441896,1.14295982554968,1,1,1,"4","SMOC1"
"FBXO28",0.000345188770617353,0.534203837435079,1,1,1,"4","FBXO28"
"DEF6",0.000345212197792017,0.632665742043343,1,1,1,"4","DEF6"
"NDUFB1",0.000345220007103327,0.538724276966713,1,1,1,"4","NDUFB1"
"SNX16",0.000353509543963453,0.369303118350846,1,1,1,"4","SNX16"
"TMEM222",0.000354187794727759,0.372018218483037,1,1,1,"4","TMEM222"
"BCAT2",0.000354387457278284,1.59609204734329,1,1,1,"4","BCAT2"
"JMY",0.000354435388268122,0.737126817359787,1,1,1,"4","JMY"
"PGM1",0.000354467344837455,0.476782774528079,1,1,1,"4","PGM1"
"PSMC6",0.000354467344837455,0.456294240577645,1,1,1,"4","PSMC6"
"VGLL2",0.00035465680931847,1.50588213774775,1,1,1,"4","VGLL2"
"NR1H4",0.00035498480332369,0.996093490933065,1,1,1,"4","NR1H4"
"CPNE9",0.000355882163983337,0.370592067418984,1,1,1,"4","CPNE9"
"DDO",0.000358418454946343,0.547420649428895,1,1,1,"4","DDO"
"SLC22A20",0.000363659965440771,0.102125105070263,1,1,1,"4","SLC22A20"
"ABHD12",0.000363945945529833,0.508268602463609,1,1,1,"4","ABHD12"
"DNAJC16",0.000363945945529833,0.311136278414402,1,1,1,"4","DNAJC16"
"MINK1",0.000363945945529833,0.636483359612583,1,1,1,"4","MINK1"
"VPS36",0.000363945945529833,0.579412526112755,1,1,1,"4","VPS36"
"NTF4",0.000368684446492677,0.654168098840856,1,1,1,"4","NTF4"
"NTNG11",0.000369156083039968,0.187143175049556,1,1,1,"4","NTNG1"
"AKAP5",0.000372283427720716,0.427175835693596,1,1,1,"4","AKAP5"
"NAPSB",0.000372283427720716,1.82207245242011,1,1,1,"4","NAPSB"
"ACKR2",0.000372658804203256,1.21417858011641,1,1,1,"4","ACKR2"
"TMEM159",0.000372658804203256,0.862399172213642,1,1,1,"4","TMEM159"
"CACNA1G",0.000373193137957967,1.16857838993385,1,1,1,"4","CACNA1G"
"ORMDL3",0.000373193137957967,0.51306206148236,1,1,1,"4","ORMDL3"
"SSX2IP1",0.0003734939407467,1.09287522963953,1,1,1,"4","SSX2IP"
"SEC11C",0.000373577527759547,0.313812095388483,1,1,1,"4","SEC11C"
"DUSP7",0.000373627686371515,0.740557527746104,1,1,1,"4","DUSP7"
"LMBRD2",0.000373627686371515,0.326334270491781,1,1,1,"4","LMBRD2"
"OLAH",0.000373927125983558,1.54183594234024,1,1,1,"4","OLAH"
"SNORA59B",0.000374058998495349,0.596407187537178,1,1,1,"4","SNORA59B"
"ASB5",0.00037684096632111,0.830260540825984,1,1,1,"4","ASB5"
"VSX1",0.000377421193192896,0.979399840498752,1,1,1,"4","VSX1"
"PHLDA2",0.000380514339063899,0.520766917347403,1,1,1,"4","PHLDA2"
"IGSF1",0.000381491281656718,0.538409271013148,1,1,1,"4","IGSF1"
"PCSK9",0.000382578104235364,0.565511650532565,1,1,1,"4","PCSK9"
"CEP85",0.000383584114005341,0.748725103418607,1,1,1,"4","CEP85"
"SLC9A9",0.000383584114005341,0.573359715483354,1,1,1,"4","SLC9A9"
"ATP1B3",0.000383618321374508,0.7853211649334,1,1,1,"4","ATP1B3"
"GDPD2",0.000386221300432382,0.717484244362939,1,1,1,"4","GDPD2"
"SLC35G1",0.000389857259953158,0.773032685399118,1,1,1,"4","SLC35G1"
"BMP41",0.000391326940739657,0.780003534561807,1,1,1,"4","BMP4"
"HLF1",0.000391901967759794,0.920069908628989,1,1,1,"4","HLF"
"TMEM99",0.000391901967759794,0.859076877265496,1,1,1,"4","TMEM99"
"STXBP21",0.00039378807717241,0.371009126145312,1,1,1,"4","STXBP2"
"FBXO321",0.00039381431850328,0.603732728413416,1,1,1,"4","FBXO32"
"HSPB1",0.000393823065889941,1.27668428086488,1,1,1,"4","HSPB1"
"ZFY",0.000400955296776814,2.62384810759463,1,1,1,"4","ZFY"
"CXCL9",0.000403529980992202,2.67791687162467,1,1,1,"4","CXCL9"
"RP11-106A1.2",0.000403530107500894,0.764513514738518,1,1,1,"4","RP11-106A1.2"
"FBXO6",0.000403967964220447,0.473671000152125,1,1,1,"4","FBXO6"
"JMJD7",0.000404191555072719,0.60061441784956,1,1,1,"4","JMJD7"
"KIAA1191",0.000404191555072719,0.639409735511439,1,1,1,"4","KIAA1191"
"SPPL3",0.000404245229952514,0.431743504303721,1,1,1,"4","SPPL3"
"RFWD3",0.000404272069290604,0.64717866984687,1,1,1,"4","RFWD3"
"CUL3",0.000404281016017856,0.483693091819156,1,1,1,"4","CUL3"
"GPNMB",0.000404281016017856,0.804329221372093,1,1,1,"4","GPNMB"
"SORCS3",0.000410945680277076,0.618036253137133,1,1,1,"4","SORCS3"
"CTAGE9",0.000411740683333966,1.51950513267849,1,1,1,"4","CTAGE9"
"PRKCZ",0.000414814966318503,0.908900713309539,1,1,1,"4","PRKCZ"
"TTPAL",0.000414814966318503,0.364273119926828,1,1,1,"4","TTPAL"
"CMYA5",0.000414906446954097,1.23801812658964,1,1,1,"4","CMYA5"
"USP54",0.000414961342202222,0.561008818063936,1,1,1,"4","USP54"
"CLINT1",0.000414988791757661,0.585314292345956,1,1,1,"4","CLINT1"
"HINT1",0.000414997941895611,0.351316880482052,1,1,1,"4","HINT1"
"PPA2",0.000414997941895611,0.433005457669907,1,1,1,"4","PPA2"
"SIM1",0.000416259950077369,0.939449899339417,1,1,1,"4","SIM1"
"RBFOX1",0.000416505251303696,0.238258365695026,1,1,1,"4","RBFOX1"
"CTD-2501E16.1",0.000416980223364194,0.379160627172059,1,1,1,"4","CTD-2501E16.1"
"MS4A2",0.000420762174785281,0.724050950161896,1,1,1,"4","MS4A2"
"ADPRHL2",0.00042519419283545,0.540208925676771,1,1,1,"4","ADPRHL2"
"MMEL1",0.000425532923864988,1.62849806193262,1,1,1,"4","MMEL1"
"CACNB1",0.000425792605330104,0.568651097087875,1,1,1,"4","CACNB1"
"SESN3",0.000425979731473008,0.688825278880261,1,1,1,"4","SESN3"
"RP11-452L6.5",0.000436029790430411,0.477158165829493,1,1,1,"4","RP11-452L6.5"
"DAPK2",0.000436897549741922,1.3675919479119,1,1,1,"4","DAPK2"
"PSMD7",0.000437222823116467,0.487926090449507,1,1,1,"4","PSMD7"
"HCAR2",0.000442142626842284,1.10010071223975,1,1,1,"4","HCAR2"
"IFLTD1",0.000446821993020842,1.4788367809478,1,1,1,"4","IFLTD1"
"SPTBN4",0.000447588869398275,0.772664898633789,1,1,1,"4","SPTBN4"
"CNTNAP4",0.000448259208071318,3.62680955051649,1,1,1,"4","CNTNAP4"
"PXMP2",0.000448419651853338,0.546363547534353,1,1,1,"4","PXMP2"
"GLTPD1",0.000448566373453776,0.265022308622715,1,1,1,"4","GLTPD1"
"FAM174A",0.000448664206681382,0.316053694210776,1,1,1,"4","FAM174A"
"MITF",0.000448752269465241,0.484419704961562,1,1,1,"4","MITF"
"ARL8B",0.0004487620549722,0.40975307516678,1,1,1,"4","ARL8B"
"CFH1",0.0004487620549722,0.797206484802995,1,1,1,"4","CFH"
"EXOC3",0.0004487620549722,0.411034821661818,1,1,1,"4","EXOC3"
"PIGS",0.0004487620549722,0.555199848238068,1,1,1,"4","PIGS"
"RP11-344H11.4",0.000451365263961914,2.30630358239234,1,1,1,"4","RP11-344H11.4"
"GADD45G",0.000452460990183561,0.178784001051229,1,1,1,"4","GADD45G"
"ANGPTL5",0.000454021454046343,0.66083948948914,1,1,1,"4","ANGPTL5"
"CNTFR",0.000454802030883448,0.441190591707686,1,1,1,"4","CNTFR"
"CD3G",0.000458377359671523,1.04922225834155,1,1,1,"4","CD3G"
"CISH",0.000458377359671523,0.581395776481251,1,1,1,"4","CISH"
"USP9Y",0.00045841200690187,1.88290803860837,1,1,1,"4","USP9Y"
"CDK5",0.000460224856524871,0.38151358563751,1,1,1,"4","CDK5"
"EGR2",0.000460534949771715,1.26756561721878,1,1,1,"4","EGR2"
"DAZAP2",0.000460564966609801,0.549136768359162,1,1,1,"4","DAZAP2"
"DOPEY1",0.000460574972528964,0.750271917023738,1,1,1,"4","DOPEY1"
"FGL2",0.000460574972528964,0.73742095450784,1,1,1,"4","FGL2"
"CTSG",0.000471450945797753,0.650573202613971,1,1,1,"4","CTSG"
"LINS",0.000472575224658386,0.498085371517575,1,1,1,"4","LINS"
"CSNK1A1",0.00047267752531322,0.641605391218437,1,1,1,"4","CSNK1A1"
"AC110619.2",0.000476461295994285,0.381786137527023,1,1,1,"4","AC110619.2"
"MRPL46",0.000482091081617098,0.376001048580498,1,1,1,"4","MRPL46"
"PIR",0.000484867049381989,0.718024718411225,1,1,1,"4","PIR"
"TCEA31",0.000484867049381989,0.907361316907743,1,1,1,"4","TCEA3"
"GALNT11",0.000485065761658263,0.442216930893167,1,1,1,"4","GALNT11"
"DIP2B",0.000485076221784235,0.269108527201109,1,1,1,"4","DIP2B"
"LRSAM1",0.000485076221784235,0.391056983345159,1,1,1,"4","LRSAM1"
"PLXNB1",0.000485076221784235,1.00351970824626,1,1,1,"4","PLXNB1"
"HAS3",0.000497179081104189,1.19783804941756,1,1,1,"4","HAS3"
"CSRP2",0.000497734925661932,0.747334552032315,1,1,1,"4","CSRP2"
"ERMP1",0.000497767006915301,0.681619133934968,1,1,1,"4","ERMP1"
"CCL28",0.000504692054873392,0.159878761596202,1,1,1,"4","CCL28"
"MYLPF",0.000505117687843694,1.61562408956829,1,1,1,"4","MYLPF"
"FBXL16",0.000505831275879674,0.538881833112955,1,1,1,"4","FBXL16"
"ROPN1",0.000507122283973079,0.462436723740243,1,1,1,"4","ROPN1"
"FANCF",0.000508387490762383,0.565036454449006,1,1,1,"4","FANCF"
"PLEKHD1",0.000510119037629724,1.05649168616205,1,1,1,"4","PLEKHD1"
"FBXW4",0.000510788734789575,0.455425503223326,1,1,1,"4","FBXW4"
"PTPN13",0.000510788734789575,0.953034245229109,1,1,1,"4","PTPN13"
"ZSCAN5A",0.000520059152872886,0.521579555453943,1,1,1,"4","ZSCAN5A"
"SLITRK5",0.000520374042464946,0.45316267114868,1,1,1,"4","SLITRK5"
"RP11-355N15.1",0.000520884959916866,0.878549451513075,1,1,1,"4","RP11-355N15.1"
"UEVLD",0.000524004477154137,0.733252076935962,1,1,1,"4","UEVLD"
"PEX16",0.000524071526934109,0.482699377566002,1,1,1,"4","PEX16"
"CAMSAP1",0.000524116230121395,0.391054383840334,1,1,1,"4","CAMSAP1"
"CLCNKA1",0.000524527710146793,1.05050103218323,1,1,1,"4","CLCNKA"
"GCGR",0.000527727759213537,0.42291096159081,1,1,1,"4","GCGR"
"CCDC3",0.000534506804380784,1.00567393528184,1,1,1,"4","CCDC3"
"POP4",0.000537127735307262,0.357163938537822,1,1,1,"4","POP4"
"HDC",0.000537367484017671,1.26917485494965,1,1,1,"4","HDC"
"DTX1",0.000537538778849912,1.07220949081983,1,1,1,"4","DTX1"
"ARF5",0.000537652996589174,0.56702938587016,1,1,1,"4","ARF5"
"ARL4P",0.000541719588285245,0.357511282099669,1,1,1,"4","ARL4P"
"SPINK7",0.000541719588285245,3.65120260895621,1,1,1,"4","SPINK7"
"SLC17A7",0.000548416226715727,0.833387011572704,1,1,1,"4","SLC17A7"
"HINT2",0.000550348873632786,0.731114778701329,1,1,1,"4","HINT2"
"APOBEC3C",0.000550768627765644,0.562357219567565,1,1,1,"4","APOBEC3C"
"TMEM80",0.000551095257519393,0.636264610533352,1,1,1,"4","TMEM80"
"ACOT7",0.000551515408514207,0.821388480042497,1,1,1,"4","ACOT7"
"C6orf136",0.000551702213967186,0.546763241094741,1,1,1,"4","C6orf136"
"HMCN1",0.000551748922223405,0.569420914804667,1,1,1,"4","HMCN1"
"SPTLC1",0.000551748922223405,0.573398929411635,1,1,1,"4","SPTLC1"
"C11orf87",0.000553037133303981,1.30010912983298,1,1,1,"4","C11orf87"
"SLC13A2",0.000559903862489988,0.417464901519061,1,1,1,"4","SLC13A2"
"CD58",0.000565066665819612,0.70674614540383,1,1,1,"4","CD58"
"TRIM66",0.000566056693539944,0.37124460843477,1,1,1,"4","TRIM66"
"KDM4A",0.000566068628941783,0.416533483164486,1,1,1,"4","KDM4A"
"SBNO2",0.000566068628941783,0.265870668622547,1,1,1,"4","SBNO2"
"TMEM59",0.000566068628941783,0.509227816343394,1,1,1,"4","TMEM59"
"LINC00271",0.000567239243821206,0.67538695105902,1,1,1,"4","LINC00271"
"TDRD5",0.000574647350051046,0.615391817101884,1,1,1,"4","TDRD5"
"ZNF425",0.000576305305525436,0.425694222781068,1,1,1,"4","ZNF425"
"LRP8",0.000580685028663416,0.725220243900642,1,1,1,"4","LRP8"
"ATG2A",0.000580733821804478,0.34666533807702,1,1,1,"4","ATG2A"
"PKIA1",0.000588798978111275,0.729718875136031,1,1,1,"4","PKIA"
"CATSPERG",0.00059470553287003,1.02678283376606,1,1,1,"4","CATSPERG"
"AKTIP",0.000595315885646033,0.46044439340355,1,1,1,"4","AKTIP"
"PARD6G",0.000595502815205663,2.56587936781002,1,1,1,"4","PARD6G"
"PSPH",0.000595627457539074,0.676910704609417,1,1,1,"4","PSPH"
"RNF11",0.000595739651117199,0.450812746191055,1,1,1,"4","RNF11"
"SHB",0.000595739651117199,0.641240886164637,1,1,1,"4","SHB"
"BCR",0.000595752117975514,0.429105421622907,1,1,1,"4","BCR"
"TALDO1",0.000595752117975514,0.554478638732355,1,1,1,"4","TALDO1"
"TNFSF10",0.000595752117975514,0.625735543213024,1,1,1,"4","TNFSF10"
"C5orf55",0.000609053324979553,0.372085338767651,1,1,1,"4","C5orf55"
"SLC2A5",0.000610418104535938,1.50694007729684,1,1,1,"4","SLC2A5"
"KIAA12441",0.000611003888077809,0.875825138367183,1,1,1,"4","KIAA1244"
"CRLF2",0.000611122756323099,1.64279915434283,1,1,1,"4","CRLF2"
"CHIC2",0.000611131283843011,0.145437022275795,1,1,1,"4","CHIC2"
"PTPN14",0.000611131283843011,0.425408443914467,1,1,1,"4","PTPN14"
"REL1",0.000611131283843011,0.172022659124128,1,1,1,"4","REL"
"SLC11A2",0.000611131283843011,0.947089954178079,1,1,1,"4","SLC11A2"
"GRIN1",0.000617543478395833,0.742506219905481,1,1,1,"4","GRIN1"
"IRS4",0.000617751848301928,0.555920869927901,1,1,1,"4","IRS4"
"HNRNPA1P27",0.000626423674047945,0.668324220658521,1,1,1,"4","HNRNPA1P27"
"IPP",0.000626749053124149,0.352277659347791,1,1,1,"4","IPP"
"PPM1K",0.000626827161493954,0.459657852685078,1,1,1,"4","PPM1K"
"ACADSB",0.000626866218203619,0.741221742275268,1,1,1,"4","ACADSB"
"DAG1",0.000626879237480888,0.445661481283967,1,1,1,"4","DAG1"
"MYL12B",0.000626879237480888,0.4776301859348,1,1,1,"4","MYL12B"
"OSR2",0.000636970541718264,0.766013155172883,1,1,1,"4","OSR2"
"OXSM",0.000641408980268187,0.222941273893037,1,1,1,"4","OXSM"
"RP4-631H13.6",0.00064188721427017,0.213969740524018,1,1,1,"4","RP4-631H13.6"
"FAAH",0.000642538539500794,0.673248239396223,1,1,1,"4","FAAH"
"HIATL1",0.000643004051140343,0.60021467403082,1,1,1,"4","HIATL1"
"ITPR3",0.000643004051140343,0.617650362735095,1,1,1,"4","ITPR3"
"NR2E1",0.000651828230982551,0.428676465014247,1,1,1,"4","NR2E1"
"ELMO3",0.000659038301387234,1.04918204818731,1,1,1,"4","ELMO3"
"SSFA2",0.000659513953771238,0.673550128820377,1,1,1,"4","SSFA2"
"RP11-548H18.2",0.000663051013780196,0.586217104518148,1,1,1,"4","RP11-548H18.2"
"RAD51AP2",0.000667941163119859,0.414724444031933,1,1,1,"4","RAD51AP2"
"PSMC1P9",0.000671508490288748,1.02320087187431,1,1,1,"4","PSMC1P9"
"TNFRSF9",0.000672106021143307,1.39320347632182,1,1,1,"4","TNFRSF9"
"MCF2L21",0.000673366538829186,0.63509857462312,1,1,1,"4","MCF2L2"
"NEGR1",0.000673366538829186,0.889621731511948,1,1,1,"4","NEGR1"
"TRBV5-1",0.000674218788761505,0.212088608381295,1,1,1,"4","TRBV5-1"
"TMEM143",0.000674752086946134,0.323638684916693,1,1,1,"4","TMEM143"
"CTC-360G5.1",0.000675650040805804,0.462896841643355,1,1,1,"4","CTC-360G5.1"
"FGR1",0.000676403444843225,1.04408238127089,1,1,1,"4","FGR"
"PRKAG1",0.000676417333573485,0.514779563479518,1,1,1,"4","PRKAG1"
"CMA1",0.000680066172136224,1.36196407377193,1,1,1,"4","CMA1"
"KLHL2P1",0.000682510787189413,0.624757696570978,1,1,1,"4","KLHL2P1"
"OTUD7A1",0.000689672583178322,0.370574287377428,1,1,1,"4","OTUD7A"
"OCIAD2",0.000690605788611039,0.508267285024921,1,1,1,"4","OCIAD2"
"CD2",0.000693226216569854,0.897104613970903,1,1,1,"4","CD2"
"RP11-545A16.3",0.0006934375290012,0.734035280260862,1,1,1,"4","RP11-545A16.3"
"ZNRF2",0.000693580851650559,0.400236320500323,1,1,1,"4","ZNRF2"
"MICU2",0.000693708550788366,0.353638184877108,1,1,1,"4","MICU2"
"DDI2",0.000693722740578547,0.255184131867502,1,1,1,"4","DDI2"
"UBE3B",0.000693722740578547,0.314978112561466,1,1,1,"4","UBE3B"
"USP3",0.000693722740578547,0.479408907281606,1,1,1,"4","USP3"
"CTC-321K16.4",0.000699592296489409,0.213772808323581,1,1,1,"4","CTC-321K16.4"
"RP11-84C10.2",0.000707491608483304,0.195841017645948,1,1,1,"4","RP11-84C10.2"
"AJUBA",0.000711380903986857,0.554065781766846,1,1,1,"4","AJUBA"
"NLRX1",0.000711424392638643,0.88960899774302,1,1,1,"4","NLRX1"
"ATP5H",0.000711438889261126,0.27068536570941,1,1,1,"4","ATP5H"
"CCDC47",0.000711438889261126,0.483413217128142,1,1,1,"4","CCDC47"
"DNAJB12",0.000711438889261126,0.53826942596076,1,1,1,"4","DNAJB12"
"TMEM238",0.000714540262554118,0.440773016009709,1,1,1,"4","TMEM238"
"GOLGA2B",0.000717558587750093,0.218211570438422,1,1,1,"4","GOLGA2B"
"hsa-mir-1199",0.000719078284825524,0.458391100263029,1,1,1,"4","hsa-mir-1199"
"KLRG2",0.000726239698487246,0.495036853979075,1,1,1,"4","KLRG2"
"H2AFJ",0.000728331395772289,0.795749845698428,1,1,1,"4","H2AFJ"
"ANXA7",0.000729515425138196,0.418362811718804,1,1,1,"4","ANXA7"
"AP1G1",0.000729574661181143,0.338142346424814,1,1,1,"4","AP1G1"
"SLC25A3P2",0.000742838963607528,0.283141083604804,1,1,1,"4","SLC25A3P2"
"IL6R1",0.000747987837319592,0.884252989300339,1,1,1,"4","IL6R"
"IPO13",0.000747987837319592,0.60679890834248,1,1,1,"4","IPO13"
"ABCA71",0.000748139107656095,0.712951478314839,1,1,1,"4","ABCA7"
"FAM102A",0.000748139107656095,0.782576813645552,1,1,1,"4","FAM102A"
"GTF3C1",0.000748139107656095,0.355078554616647,1,1,1,"4","GTF3C1"
"PRODH",0.000758521158233541,1.07929800868501,1,1,1,"4","PRODH"
"CRTAC11",0.00076013239992603,1.33428168815366,1,1,1,"4","CRTAC1"
"CCL221",0.00076184580653611,0.568498128903798,1,1,1,"4","CCL22"
"TNP1",0.000762962852329619,2.31420946298761,1,1,1,"4","TNP1"
"KRTAP10-5",0.00076677577836193,1.98778929100272,1,1,1,"4","KRTAP10-5"
"PNPLA7",0.000766832439174344,0.749095003802136,1,1,1,"4","PNPLA7"
"RGMB",0.000766832439174344,0.462108680348951,1,1,1,"4","RGMB"
"MARCH3",0.000766986935199731,0.371572480611924,1,1,1,"4","MARCH3"
"WBP2",0.000767141452463827,0.282207768214588,1,1,1,"4","WBP2"
"IP6K31",0.000776556083768353,0.224344100196953,1,1,1,"4","IP6K3"
"CP1",0.00078603879910653,0.274848522178544,1,1,1,"4","CP"
"SFXN1",0.000786275464808022,0.417253805635143,1,1,1,"4","SFXN1"
"TSKU",0.000786275464808022,0.890094807249255,1,1,1,"4","TSKU"
"SLC26A2",0.000786433268905808,0.473572479855196,1,1,1,"4","SLC26A2"
"PSMB6",0.000786527961719078,0.525258106200953,1,1,1,"4","PSMB6"
"NTS",0.00078668744352755,3.67052746988191,1,1,1,"4","NTS"
"LINC00636",0.000791351640950862,0.430212067218864,1,1,1,"4","LINC00636"
"TMPRSS3",0.000793415913003649,0.766663053452504,1,1,1,"4","TMPRSS3"
"APOBEC2",0.000797504311218042,0.389089833355463,1,1,1,"4","APOBEC2"
"GCSAM",0.000797504311218042,0.174198743050692,1,1,1,"4","GCSAM"
"CARNS1",0.000805595192584602,0.915526723288822,1,1,1,"4","CARNS1"
"PTPRQ1",0.000805597887138909,0.168841288555356,1,1,1,"4","PTPRQ"
"BOC",0.000806336414401394,0.909247157820001,1,1,1,"4","BOC"
"SIKE1",0.000806336414401394,0.562142375348687,1,1,1,"4","SIKE1"
"ATAD1",0.000806433129684029,0.638971060297056,1,1,1,"4","ATAD1"
"ZNF493",0.000806433129684029,0.71717424528665,1,1,1,"4","ZNF493"
"AMPD3",0.000806481490283207,0.29590532307348,1,1,1,"4","AMPD3"
"ACLY",0.000806497610921143,0.445244347101706,1,1,1,"4","ACLY"
"H2AFY",0.000806497610921143,0.296485143606887,1,1,1,"4","H2AFY"
"IKBKB",0.000806497610921143,0.434543530422292,1,1,1,"4","IKBKB"
"ITGA31",0.000806497610921143,0.314917369841101,1,1,1,"4","ITGA3"
"PNPLA8",0.000806497610921143,0.392761054816983,1,1,1,"4","PNPLA8"
"PSMA5",0.000806497610921143,0.381027815177562,1,1,1,"4","PSMA5"
"TMBIM4",0.000806497610921143,0.175948845532213,1,1,1,"4","TMBIM4"
"PIGH",0.00081525751762197,0.583817236988628,1,1,1,"4","PIGH"
"CNGA1",0.000820892524508877,0.643470989240747,1,1,1,"4","CNGA1"
"MRGPRX2",0.00082202250116145,0.701929335552967,1,1,1,"4","MRGPRX2"
"MCOLN2",0.000822171095920851,1.70841884328903,1,1,1,"4","MCOLN2"
"NCAM11",0.00082325401968493,0.790623003675528,1,1,1,"4","NCAM1"
"TEF",0.000826294648760586,0.722742632983344,1,1,1,"4","TEF"
"ORMDL2",0.000826854295100507,0.693260790405152,1,1,1,"4","ORMDL2"
"CMPK11",0.000826870759180735,0.125240366603748,1,1,1,"4","CMPK1"
"SMEK1",0.000826870759180735,0.298512147969607,1,1,1,"4","SMEK1"
"TRAV16",0.000833272665556053,0.567827286357563,1,1,1,"4","TRAV16"
"HHAT1",0.000844949232966961,0.737710505815523,1,1,1,"4","HHAT"
"ALKBH6",0.000845704418009974,0.774319234391198,1,1,1,"4","ALKBH6"
"LAX1",0.000846308895268093,0.552902970243201,1,1,1,"4","LAX1"
"MFAP2",0.000846779246609238,1.12377251103404,1,1,1,"4","MFAP2"
"FBXO44",0.000847132126333997,0.364295951246556,1,1,1,"4","FBXO44"
"HS6ST1",0.000847132126333997,0.899107956505619,1,1,1,"4","HS6ST1"
"RASSF51",0.000847132126333997,0.7747602152146,1,1,1,"4","RASSF5"
"AMACR",0.000847703666649407,0.658222495989493,1,1,1,"4","AMACR"
"COASY",0.000847703666649407,0.188870188443497,1,1,1,"4","COASY"
"DLG1",0.000847720480612735,0.491018345944589,1,1,1,"4","DLG1"
"TLE4",0.000847720480612735,0.273385020979063,1,1,1,"4","TLE4"
"TUBB4B",0.000847720480612735,0.693603790786732,1,1,1,"4","TUBB4B"
"UBAC1",0.000847720480612735,0.183501536729446,1,1,1,"4","UBAC1"
"TRHDE-AS1",0.000848348966086683,0.82280960822221,1,1,1,"4","TRHDE-AS1"
"CLIC61",0.000852526213036532,0.397514615856595,1,1,1,"4","CLIC6"
"LPAR2",0.00086415551824017,0.605122749180101,1,1,1,"4","LPAR2"
"PMS2P9",0.000865284942807534,0.857552668497753,1,1,1,"4","PMS2P9"
"ACVR1B",0.000868095714543387,0.587886960567415,1,1,1,"4","ACVR1B"
"RPA2",0.000868456075874013,0.820369848637876,1,1,1,"4","RPA2"
"SLC50A1",0.000868713538761418,0.613172220275167,1,1,1,"4","SLC50A1"
"SNED1",0.000868885209363303,0.61340304240974,1,1,1,"4","SNED1"
"PSMB3",0.000868988222737015,0.455801465347562,1,1,1,"4","PSMB3"
"WDFY2",0.000869039732521265,0.680868640213161,1,1,1,"4","WDFY2"
"CYB561A3",0.000869056902908232,0.495928423876068,1,1,1,"4","CYB561A3"
"UGT1A10",0.000876179790378064,0.233844176635019,1,1,1,"4","UGT1A10"
"RP11-15H20.5",0.000881108036004471,0.8669181545088,1,1,1,"4","RP11-15H20.5"
"COX14",0.000884523547227265,0.608398556669766,1,1,1,"4","COX14"
"RABGGTA",0.000890715019041652,0.420312617029971,1,1,1,"4","RABGGTA"
"TRPV1",0.000890715019041652,0.536803098360469,1,1,1,"4","TRPV1"
"RAB11A",0.000890820210667888,0.464695749173551,1,1,1,"4","RAB11A"
"PDCD6IP",0.00089089034307783,0.319961038623674,1,1,1,"4","PDCD6IP"
"YWHAZ",0.00089089034307783,0.575491485762001,1,1,1,"4","YWHAZ"
"C10orf71",0.00089131418809102,1.75569722413711,1,1,1,"4","C10orf71"
"C2ORF151",0.00089958177207817,0.155050920944435,1,1,1,"4","C2ORF15"
"F10",0.000910280471588342,0.718786092744892,1,1,1,"4","F10"
"CD3D",0.0009110846075301,1.02290533573429,1,1,1,"4","CD3D"
"LYPLA1",0.000913159698747828,0.449651592933261,1,1,1,"4","LYPLA1"
"TRMT6",0.000913159698747828,0.694627334785482,1,1,1,"4","TRMT6"
"WIPF2",0.000913231310368964,0.548578052319344,1,1,1,"4","WIPF2"
"BIK",0.000922201120456701,0.744517406730942,1,1,1,"4","BIK"
"PSORS1C1",0.000925891301991893,1.28877761074192,1,1,1,"4","PSORS1C1"
"MAP4K1",0.000935907720875933,1.22471320805134,1,1,1,"4","MAP4K1"
"CMTR2",0.000936017390997508,0.405314912036976,1,1,1,"4","CMTR2"
"DPP3",0.000936090509213962,0.214558075450954,1,1,1,"4","DPP3"
"PLEKHM1P",0.000936090509213962,0.636142867134431,1,1,1,"4","PLEKHM1P"
"GGH",0.000958434060489785,0.229726220561576,1,1,1,"4","GGH"
"DENND1C1",0.000959292217991346,0.816123705971281,1,1,1,"4","DENND1C"
"FBXL17",0.000959292217991346,0.577067822719636,1,1,1,"4","FBXL17"
"ECI1",0.000959404189597067,0.671103572888232,1,1,1,"4","ECI1"
"SUOX",0.000959460178690308,0.573455771514654,1,1,1,"4","SUOX"
"ALDOA",0.000959478842208862,0.772490168418543,1,1,1,"4","ALDOA"
"MTCH2",0.000959478842208862,0.348276745267345,1,1,1,"4","MTCH2"
"SLC25A5",0.000959478842208862,0.702573178198566,1,1,1,"4","SLC25A5"
"WLS1",0.000959478842208862,0.521232378206941,1,1,1,"4","WLS"
"HIST1H3E",0.00097277576003452,0.374224781428952,1,1,1,"4","HIST1H3E"
"OR10V2P",0.000974062178993404,0.234571094578673,1,1,1,"4","OR10V2P"
"NDUFA7",0.000982340760123745,0.721901457545812,1,1,1,"4","NDUFA7"
"SLC25A12",0.000983026376569438,0.314477727824508,1,1,1,"4","SLC25A12"
"STAB2",0.000983026376569438,2.48938421327909,1,1,1,"4","STAB2"
"TTC8",0.000983026376569438,0.663004767757382,1,1,1,"4","TTC8"
"BIRC31",0.000983216882476653,0.513652686377956,1,1,1,"4","BIRC3"
"IL15RA",0.000983216882476653,0.965788916887254,1,1,1,"4","IL15RA"
"AZI2",0.000983388358945056,0.51513745874704,1,1,1,"4","AZI2"
"HPS4",0.000983388358945056,0.609838527803424,1,1,1,"4","HPS4"
"HIGD1A",0.000983407413122985,0.637683516296914,1,1,1,"4","HIGD1A"
"AC115617.2",0.000989156118957292,0.32572980141738,1,1,1,"4","AC115617.2"
"TOX1",0.000999062786234553,0.779199599227573,1,1,1,"4","TOX"
"C15orf52",0.00100679860468925,0.450061588309307,1,1,1,"4","C15orf52"
"TLCD1",0.00100720685939067,1.22585356657628,1,1,1,"4","TLCD1"
"C20orf24",0.00100788752993926,0.428981234576614,1,1,1,"4","C20orf24"
"PCYT1A",0.00100788752993926,0.524055552246875,1,1,1,"4","PCYT1A"
"PSMD2",0.00100788752993926,0.466908255262528,1,1,1,"4","PSMD2"
"ACCSL",0.00101068182947751,0.496003658091901,1,1,1,"4","ACCSL"
"SH2D1A",0.00102634685629345,0.74760315320813,1,1,1,"4","SH2D1A"
"PLA1A1",0.00102726196219051,1.73359586516443,1,1,1,"4","PLA1A"
"DOLPP1",0.00103054967666071,0.472835846045284,1,1,1,"4","DOLPP1"
"ARL4C",0.00103273214851871,0.335508018715412,1,1,1,"4","ARL4C"
"ARF6",0.00103285128110455,0.663624060498158,1,1,1,"4","ARF6"
"ANKHD1",0.00103293070792521,0.429436406911634,1,1,1,"4","ANKHD1"
"ATL3",0.00103293070792521,0.227848404213127,1,1,1,"4","ATL3"
"KDM1B",0.00103293070792521,0.412299845555543,1,1,1,"4","KDM1B"
"RAB1C",0.00103656520908505,0.614735373191607,1,1,1,"4","RAB1C"
"NAP1L21",0.00104723816536734,1.45690529577359,1,1,1,"4","NAP1L2"
"ZNF503-AS2",0.00105320174832599,0.652821774775807,1,1,1,"4","ZNF503-AS2"
"ACTR3C",0.0010552076946845,2.46605734937828,1,1,1,"4","ACTR3C"
"C6orf1",0.00105741397600834,0.613241923614963,1,1,1,"4","C6orf1"
"STAMBPL1",0.00105741397600834,0.74107748585304,1,1,1,"4","STAMBPL1"
"RAB3B",0.00105778915046082,0.202355950742676,1,1,1,"4","RAB3B"
"CDK5RAP1",0.00105814333081223,0.381507918575592,1,1,1,"4","CDK5RAP1"
"TIAM2",0.00105834598884311,0.388990531531267,1,1,1,"4","TIAM2"
"ASAP3",0.00105854867273472,0.797906656339915,1,1,1,"4","ASAP3"
"NEAT1",0.00105854867273472,0.980508716473043,1,1,1,"4","NEAT1"
"USP15",0.00105854867273472,0.406261533133979,1,1,1,"4","USP15"
"DUSP2",0.0010788468558112,1.50235859559065,1,1,1,"4","DUSP2"
"RP11-774O3.3",0.00108020799234346,0.497439140171185,1,1,1,"4","RP11-774O3.3"
"HSD11B2",0.00108359515540866,0.72464956027639,1,1,1,"4","HSD11B2"
"PLA2G71",0.00108359515540866,0.87145721622392,1,1,1,"4","PLA2G7"
"CHMP2B",0.00108473267403604,0.400186273440074,1,1,1,"4","CHMP2B"
"SMARCD2",0.00108473267403604,0.516432537737353,1,1,1,"4","SMARCD2"
"ANAPC7",0.00108475336354031,0.335794846796961,1,1,1,"4","ANAPC7"
"PSMA6",0.00108475336354031,0.446722160546397,1,1,1,"4","PSMA6"
"RAD23B",0.00108475336354031,0.434751649784037,1,1,1,"4","RAD23B"
"TRAV19",0.00108754522042026,0.633649048317759,1,1,1,"4","TRAV19"
"ROPN1B",0.00110355165144037,1.13158834073048,1,1,1,"4","ROPN1B"
"FUT4",0.00111037479132949,0.762010510027176,1,1,1,"4","FUT4"
"GDPD3",0.00111037479132949,0.588159360908941,1,1,1,"4","GDPD3"
"FREM1",0.00111081799781076,1.03533683017355,1,1,1,"4","FREM1"
"MPND",0.00111081799781076,0.130543589450568,1,1,1,"4","MPND"
"TRAPPC13",0.00111081799781076,0.438987885015365,1,1,1,"4","TRAPPC13"
"MOB3B",0.00111113464575172,0.668132976147163,1,1,1,"4","MOB3B"
"DMRTA11",0.00111484293169338,1.25857054885886,1,1,1,"4","DMRTA1"
"OR2B2",0.00112241344614991,0.926483336951746,1,1,1,"4","OR2B2"
"AREG1",0.00112848505512578,0.424676618110288,1,1,1,"4","AREG"
"ATRNL1",0.00113114456531816,0.443408819538218,1,1,1,"4","ATRNL1"
"PPM1J",0.00113423676494661,0.186246370511983,1,1,1,"4","PPM1J"
"OR7E38P",0.00113638741821665,0.583663755203883,1,1,1,"4","OR7E38P"
"ADI1",0.00113854077162344,0.572062648497434,1,1,1,"4","ADI1"
"NKD2",0.00113875625551975,1.02640539376715,1,1,1,"4","NKD2"
"EMC3",0.0011388855588247,0.405862607079152,1,1,1,"4","EMC3"
"TMBIM1",0.00113897176643116,0.645065091984439,1,1,1,"4","TMBIM1"
"GPRIN1",0.00114932349044132,0.360787975732293,1,1,1,"4","GPRIN1"
"EXTL1",0.00115195877803456,0.623935163082006,1,1,1,"4","EXTL1"
"P2RY10",0.00115473590235071,0.952107435244825,1,1,1,"4","P2RY10"
"MORN1",0.00116437296384566,0.413233726006775,1,1,1,"4","MORN1"
"TCF7",0.00116692247319043,0.327656978468564,1,1,1,"4","TCF7"
"NFATC11",0.00116698845769165,2.35632935936506,1,1,1,"4","NFATC1"
"CXCR3",0.00118315932520407,0.501017318952204,1,1,1,"4","CXCR3"
"NPY",0.00118920085954705,2.53197420687722,1,1,1,"4","NPY"
"CD3E",0.00119442925158731,0.837155455043371,1,1,1,"4","CD3E"
"FAM111B",0.00119442925158731,0.650976921244165,1,1,1,"4","FAM111B"
"TMEM41B",0.00119490036306526,0.365271284938853,1,1,1,"4","TMEM41B"
"TYMP",0.001195663374914,0.132759296259078,1,1,1,"4","TYMP"
"CCNDBP1",0.00119568582130441,0.22454311079014,1,1,1,"4","CCNDBP1"
"UGCG1",0.00119568582130441,0.473266180041961,1,1,1,"4","UGCG"
"CHRNB4",0.00119847392590686,0.589892708152055,1,1,1,"4","CHRNB4"
"SLC4A9",0.0011990815146399,0.653077248160136,1,1,1,"4","SLC4A9"
"ASS1P1",0.00121934338649796,0.772113740634639,1,1,1,"4","ASS1P1"
"DPH6",0.0012230878514478,0.683084271548017,1,1,1,"4","DPH6"
"C14orf182",0.00122463512792336,0.512298598441383,1,1,1,"4","C14orf182"
"UNC119",0.00122478188416497,0.197764998237739,1,1,1,"4","UNC119"
"SLC12A71",0.00122491930584717,1.06222173210062,1,1,1,"4","SLC12A7"
"PLIN3",0.00122498802049562,0.726833897146504,1,1,1,"4","PLIN3"
"PKIB",0.00123157749440088,1.34768315326146,1,1,1,"4","PKIB"
"MRPS18AP1",0.0012388780168036,0.363337644497653,1,1,1,"4","MRPS18AP1"
"AC004967.7",0.0012465102929938,0.484422572363329,1,1,1,"4","AC004967.7"
"SNX20",0.0012465102929938,0.852715451440352,1,1,1,"4","SNX20"
"GLMN",0.00125369062591093,0.281336507368545,1,1,1,"4","GLMN"
"SNX12",0.00125453165577127,0.308301416911377,1,1,1,"4","SNX12"
"F51",0.00125490556580775,0.827672692812682,1,1,1,"4","F5"
"OXR1",0.00125499905475889,0.720680640641969,1,1,1,"4","OXR1"
"STAT1",0.00125499905475889,1.03638968346321,1,1,1,"4","STAT1"
"RNLS",0.0012595334406119,0.593799748576464,1,1,1,"4","RNLS"
"TWIST2",0.00126629998856637,0.571480793939427,1,1,1,"4","TWIST2"
"KLHL40",0.00126741168882509,2.50494650304874,1,1,1,"4","KLHL40"
"OR7A5",0.00127798948147891,0.53210978796835,1,1,1,"4","OR7A5"
"MAD2L2",0.00128432868122567,0.657922482654639,1,1,1,"4","MAD2L2"
"KIF21A",0.00128556834089446,0.895733350802912,1,1,1,"4","KIF21A"
"NDEL1",0.00128566373182164,0.7092353085248,1,1,1,"4","NDEL1"
"RP11-1407O15.2",0.00128566373182164,0.810568658688227,1,1,1,"4","RP11-1407O15.2"
"TRBV20-1",0.00130707516723818,3.1919677080145,1,1,1,"4","TRBV20-1"
"CD207",0.00130818127760409,1.06093696741683,1,1,1,"4","CD207"
"MYCL",0.00131410097349188,0.714086302705718,1,1,1,"4","MYCL"
"CDKN2C",0.00131565657830824,0.515022961274019,1,1,1,"4","CDKN2C"
"HLCS",0.00131701872087039,1.11064668047041,1,1,1,"4","HLCS"
"SLC2A14",0.00132180740672773,0.790825855620346,1,1,1,"4","SLC2A14"
"HNRNPA1P21",0.00133089599786858,0.335068017912215,1,1,1,"4","HNRNPA1P21"
"C21orf91",0.00134699381243568,0.642519054305851,1,1,1,"4","C21orf91"
"KRTAP10-2",0.00134744977831715,2.68135792353364,1,1,1,"4","KRTAP10-2"
"KLF8",0.00134768831733018,0.496813201073385,1,1,1,"4","KLF8"
"LEF1",0.00134768831733018,0.845446258056082,1,1,1,"4","LEF1"
"ACOX2",0.00134858159582686,0.46586855973645,1,1,1,"4","ACOX2"
"TEAD3",0.00134858159582686,0.984045206857461,1,1,1,"4","TEAD3"
"SHCBP1",0.0013489787325949,0.709277759131565,1,1,1,"4","SHCBP1"
"ADIPOR11",0.00134905320424177,0.187206958268032,1,1,1,"4","ADIPOR1"
"ADK",0.00134905320424177,0.649929899649948,1,1,1,"4","ADK"
"NOTUM",0.0013645449798005,0.782650377503048,1,1,1,"4","NOTUM"
"SLC22A101",0.00137163459920072,2.17008705076952,1,1,1,"4","SLC22A10"
"DEPDC7",0.00137972961872863,0.107796260041981,1,1,1,"4","DEPDC7"
"YOD1",0.001380438144916,0.939279963954613,1,1,1,"4","YOD1"
"COX7C",0.00138175460839665,0.568217482690002,1,1,1,"4","COX7C"
"LAMC2",0.00138183058316916,0.413904277446424,1,1,1,"4","LAMC2"
"CYB5R41",0.00138185590869837,0.331350989192378,1,1,1,"4","CYB5R4"
"NDUFS1",0.00138185590869837,0.367732588324451,1,1,1,"4","NDUFS1"
"ALDH1L1",0.00138691168443228,0.953884445059282,1,1,1,"4","ALDH1L1"
"ETV7",0.00141484916505408,0.546802066369874,1,1,1,"4","ETV7"
"SH3GLB2",0.00141485021565668,0.834578968023781,1,1,1,"4","SH3GLB2"
"BMPR1A",0.00141526352459808,0.960706322314792,1,1,1,"4","BMPR1A"
"ERN11",0.00141526352459808,0.222951815418536,1,1,1,"4","ERN1"
"MOSPD2",0.00141526352459808,0.467777944022087,1,1,1,"4","MOSPD2"
"SLC35B1",0.00141534102876608,0.434387645051833,1,1,1,"4","SLC35B1"
"CLU1",0.0014153668641022,0.984241190233469,1,1,1,"4","CLU"
"MTOR",0.0014153668641022,0.498954601503488,1,1,1,"4","MTOR"
"PRDM4",0.0014153668641022,0.313758501507383,1,1,1,"4","PRDM4"
"PTBP3",0.0014153668641022,0.249748174289376,1,1,1,"4","PTBP3"
"MYBPC1",0.00142822406553521,0.927171656172899,1,1,1,"4","MYBPC1"
"TRIM54",0.00143248173894242,0.833403753012437,1,1,1,"4","TRIM54"
"NUDT8",0.00144005332273327,0.112509070673125,1,1,1,"4","NUDT8"
"KLHL25",0.00144528144466482,0.549295031931088,1,1,1,"4","KLHL25"
"GLRX2",0.00144741299781467,0.234805319204167,1,1,1,"4","GLRX2"
"PSTPIP21",0.00144870344596572,0.419850606439381,1,1,1,"4","PSTPIP2"
"RP11-80I15.1",0.00144901300676543,0.671762514305152,1,1,1,"4","RP11-80I15.1"
"DTX2",0.00144959929767602,0.636374927237064,1,1,1,"4","DTX2"
"NSMAF",0.00144959929767602,0.375228738934606,1,1,1,"4","NSMAF"
"ACBD5",0.00144962565169741,0.36548021174546,1,1,1,"4","ACBD5"
"CHFR",0.00144962565169741,0.255860956762321,1,1,1,"4","CHFR"
"PHACTR4",0.00144962565169741,0.408453569891957,1,1,1,"4","PHACTR4"
"CHDH1",0.00145420651022496,0.248611530024025,1,1,1,"4","CHDH"
"NMNAT3",0.00145420651022496,0.552672192861742,1,1,1,"4","NMNAT3"
"XKR61",0.00148239032059941,0.18931452848596,1,1,1,"4","XKR6"
"PKD1P5",0.00148453976029778,0.777978289703711,1,1,1,"4","PKD1P5"
"QSOX11",0.0014846472852371,0.191203669315723,1,1,1,"4","QSOX1"
"PAGE2",0.0014868724739531,1.53250797120427,1,1,1,"4","PAGE2"
"HS6ST3",0.00149576207193215,0.637682825718684,1,1,1,"4","HS6ST3"
"MLLT11",0.00151048779993977,0.802701831406271,1,1,1,"4","MLLT11"
"POP7",0.00151592730600947,0.300486752449729,1,1,1,"4","POP7"
"TFEB",0.00151891209403296,0.593238790868433,1,1,1,"4","TFEB"
"NUDT19",0.00151948758098052,1.03222919182037,1,1,1,"4","NUDT19"
"MCTP21",0.00151989872935156,0.298426681048523,1,1,1,"4","MCTP2"
"CKB",0.00152017286820561,0.139035905484294,1,1,1,"4","CKB"
"RFFL",0.00152017286820561,0.360907261331977,1,1,1,"4","RFFL"
"MRPS16",0.0015203373668556,0.445771652578742,1,1,1,"4","MRPS16"
"ANXA4",0.00152044703901305,0.429456771020032,1,1,1,"4","ANXA4"
"RTCB",0.00152044703901305,0.412431113186077,1,1,1,"4","RTCB"
"SCAMP2",0.00152044703901305,0.467412520259487,1,1,1,"4","SCAMP2"
"FAM69C",0.00153446604340854,0.231188860486377,1,1,1,"4","FAM69C"
"FAM206A",0.00155648122139154,0.281639428743159,1,1,1,"4","FAM206A"
"MED8",0.00155648122139154,0.290197604695729,1,1,1,"4","MED8"
"OSER1",0.00155648122139154,0.496757190019208,1,1,1,"4","OSER1"
"ATG4D",0.00155676082021961,0.15772003590004,1,1,1,"4","ATG4D"
"ZNF662",0.00155676082021961,0.584180809775475,1,1,1,"4","ZNF662"
"NIF3L1",0.00155692859506233,0.2646721814613,1,1,1,"4","NIF3L1"
"SLC25A28",0.00155692859506233,0.357019420566068,1,1,1,"4","SLC25A28"
"IRF9",0.00155701248685606,0.565960370335995,1,1,1,"4","IRF9"
"KDM3A",0.00155704045143507,0.445454242330108,1,1,1,"4","KDM3A"
"OR2A4",0.00157915776188578,0.687333354609359,1,1,1,"4","OR2A4"
"RP11-796G6.2",0.00159054390043551,0.730673621611858,1,1,1,"4","RP11-796G6.2"
"RP11-175P13.31",0.00159168285270122,0.340377874019282,1,1,1,"4","RP11-175P13.3"
"EFCAB7",0.00159344532344404,0.351235998826908,1,1,1,"4","EFCAB7"
"PMM1",0.00159432925055113,0.118234653404627,1,1,1,"4","PMM1"
"RP11-863P13.4",0.00159973059947084,0.933929605461611,1,1,1,"4","RP11-863P13.4"
"DAB1",0.00160464427692101,1.28169966982379,1,1,1,"4","DAB1"
"ADAL",0.00162918392888832,0.813252602787294,1,1,1,"4","ADAL"
"DCST2",0.00162918392888832,0.708083831157918,1,1,1,"4","DCST2"
"NUAK2",0.00162918392888832,0.881088851632809,1,1,1,"4","NUAK2"
"TRIM62",0.00163209011230398,0.852043812098833,1,1,1,"4","TRIM62"
"MAT2B",0.00163255541031321,0.474175260673515,1,1,1,"4","MAT2B"
"HSD17B10",0.00163264266317062,0.50343701234479,1,1,1,"4","HSD17B10"
"TRIM25",0.00163264266317062,0.447855428765351,1,1,1,"4","TRIM25"
"DESI1",0.00163267174812175,0.532904141555386,1,1,1,"4","DESI1"
"NAV2",0.00163267174812175,0.559854397175958,1,1,1,"4","NAV2"
"TOM1L2",0.00163267174812175,0.610169649986119,1,1,1,"4","TOM1L2"
"RP11-844P9.3",0.00164315992056311,0.615974651910356,1,1,1,"4","RP11-844P9.3"
"DGUOK-AS1",0.00164869648796674,0.618601382422687,1,1,1,"4","DGUOK-AS1"
"AREGB1",0.00165607295277733,0.243865354620452,1,1,1,"4","AREGB"
"TIGIT",0.00166096826031582,0.368847542739568,1,1,1,"4","TIGIT"
"COX5A",0.0016711489361147,0.525308367384175,1,1,1,"4","COX5A"
"SLC9A7",0.0016711489361147,0.829593389455251,1,1,1,"4","SLC9A7"
"KCNC3",0.00167144548240636,0.779943389908436,1,1,1,"4","KCNC3"
"GCNT2",0.00167171240289026,0.180323666057131,1,1,1,"4","GCNT2"
"LTB4R",0.00167171240289026,0.799788820002529,1,1,1,"4","LTB4R"
"USP6NL",0.00167171240289026,0.285918077370171,1,1,1,"4","USP6NL"
"FYCO11",0.0016717420624073,0.604657798489928,1,1,1,"4","FYCO1"
"LRP10",0.0016717420624073,0.396789912449925,1,1,1,"4","LRP10"
"TRAPPC10",0.0016717420624073,0.357177695581044,1,1,1,"4","TRAPPC10"
"NPY4R",0.00167513647116969,0.311798734904059,1,1,1,"4","NPY4R"
"PTPN20CP",0.00169023803192394,1.03211794118138,1,1,1,"4","PTPN20CP"
"EEF1A2",0.00169076596307446,0.28851630319109,1,1,1,"4","EEF1A2"
"ERVMER34-1",0.00169304162984242,0.777966593703004,1,1,1,"4","ERVMER34-1"
"ARIH2OS",0.00170539402854224,0.261301356024866,1,1,1,"4","ARIH2OS"
"MROH71",0.00170997777366055,0.802004086001324,1,1,1,"4","MROH7"
"ZSCAN31",0.00170997777366055,0.438919132443395,1,1,1,"4","ZSCAN31"
"MAT1A",0.00171024428918564,1.08673826965702,1,1,1,"4","MAT1A"
"TSPAN6",0.00171106609082362,0.787619816293061,1,1,1,"4","TSPAN6"
"TMEM209",0.00171136847970174,0.212165394893457,1,1,1,"4","TMEM209"
"FANCC",0.00171154992942363,0.491639749159615,1,1,1,"4","FANCC"
"ATP6AP2",0.00171167090273629,0.490097594077273,1,1,1,"4","ATP6AP2"
"C4orf36",0.00173903634940775,0.501502162213606,1,1,1,"4","C4orf36"
"TLCD2",0.00174366960037603,0.57555726943086,1,1,1,"4","TLCD2"
"MCF21",0.00174616581984751,0.771017901059672,1,1,1,"4","MCF2"
"CAP2",0.0017498859928245,0.747685158019609,1,1,1,"4","CAP2"
"FLT3LG",0.00175185848751957,0.342423236474687,1,1,1,"4","FLT3LG"
"RNF126",0.00175216681784944,0.411903590798779,1,1,1,"4","RNF126"
"KAT5",0.0017524443447351,0.304282600869943,1,1,1,"4","KAT5"
"LPCAT3",0.0017524443447351,0.690272166102897,1,1,1,"4","LPCAT3"
"VPS29",0.0017524443447351,0.379811643670477,1,1,1,"4","VPS29"
"PEPD",0.0017524751827861,0.394070396239483,1,1,1,"4","PEPD"
"TSG101",0.0017524751827861,0.37805409340792,1,1,1,"4","TSG101"
"PCDH201",0.00175888372836504,0.506308755706987,1,1,1,"4","PCDH20"
"ACE2",0.00175907873627128,0.293949929300291,1,1,1,"4","ACE2"
"SIGLEC6",0.00178476210214436,0.768090224758218,1,1,1,"4","SIGLEC6"
"EFCAB61",0.00178519389572705,0.407449094952192,1,1,1,"4","EFCAB6"
"KLRF2",0.00179063712473372,0.161643157007024,1,1,1,"4","KLRF2"
"SPRTN",0.00179307183126553,0.348653849679009,1,1,1,"4","SPRTN"
"HSPB3",0.00179353436285628,0.661839533689264,1,1,1,"4","HSPB3"
"PEX11A",0.00179354332345556,0.288941999425651,1,1,1,"4","PEX11A"
"GTF2F2",0.00179385769540603,0.459122598230483,1,1,1,"4","GTF2F2"
"MINA",0.00179414066013798,0.392966110159177,1,1,1,"4","MINA"
"ERCC1",0.00179417210241681,0.522785781030354,1,1,1,"4","ERCC1"
"PRDX1",0.00179417210241681,0.790669250547026,1,1,1,"4","PRDX1"
"RP1-145M24.1",0.00181073892850201,0.93588953925755,1,1,1,"4","RP1-145M24.1"
"C4orf26",0.00182391366576377,0.45881012123912,1,1,1,"4","C4orf26"
"ELOVL6",0.00182973524168318,0.702165092736379,1,1,1,"4","ELOVL6"
"FAM169A",0.00183293488849215,0.975551855780667,1,1,1,"4","FAM169A"
"WASH6P",0.00183498452569614,0.541662482499538,1,1,1,"4","WASH6P"
"PAQR7",0.0018356573798349,0.587682735844044,1,1,1,"4","PAQR7"
"SDHD",0.00183645860087456,0.620447832304986,1,1,1,"4","SDHD"
"WDR45B",0.00183674709478886,0.390557150397598,1,1,1,"4","WDR45B"
"GPR107",0.00183677915144411,0.273831467585282,1,1,1,"4","GPR107"
"PAFAH1B1",0.00183677915144411,0.137985522018877,1,1,1,"4","PAFAH1B1"
"PPAP2B",0.00183677915144411,0.844972223317285,1,1,1,"4","PPAP2B"
"RAB41",0.00183940061944002,0.39638696866656,1,1,1,"4","RAB41"
"TRAV26-1",0.00184314885526931,0.417581786650128,1,1,1,"4","TRAV26-1"
"JAKMIP1",0.00184329073485758,0.181264916103613,1,1,1,"4","JAKMIP1"
"SLC8A3",0.00184329073485758,0.211078205916856,1,1,1,"4","SLC8A3"
"SMTNL11",0.0018731328898606,0.73018043053527,1,1,1,"4","SMTNL1"
"RP3-341D10.1",0.00187718659884965,0.235513033390697,1,1,1,"4","RP3-341D10.1"
"UQCRFS1",0.0018802814321263,0.560116743472177,1,1,1,"4","UQCRFS1"
"ATP5F1",0.00188031411343875,0.406550036692646,1,1,1,"4","ATP5F1"
"ATP6V1H",0.00188031411343875,0.250994381405732,1,1,1,"4","ATP6V1H"
"HERC3",0.00188031411343875,0.681294327037875,1,1,1,"4","HERC3"
"POLDIP3",0.00188031411343875,0.270737081730189,1,1,1,"4","POLDIP3"
"RBBP8",0.00188031411343875,0.849230327321823,1,1,1,"4","RBBP8"
"TTN",0.00188031411343875,0.277638055535871,1,1,1,"4","TTN"
"TUBA1C",0.00188031411343875,0.771317185440502,1,1,1,"4","TUBA1C"
"FITM1",0.0018977299783933,0.38990038434148,1,1,1,"4","FITM1"
"IL12B",0.0019151773836498,0.418656713876924,1,1,1,"4","IL12B"
"COL26A1",0.00191837564402095,0.709364369628176,1,1,1,"4","COL26A1"
"CD1C",0.00192199776355054,0.19193506383446,1,1,1,"4","CD1C"
"TPBG",0.00192412881111798,0.62820302183842,1,1,1,"4","TPBG"
"ILVBL",0.00192466180620457,0.201440298292024,1,1,1,"4","ILVBL"
"PPP2R3A",0.00192466180620457,1.02529198572725,1,1,1,"4","PPP2R3A"
"APOC1",0.00192479506955204,1.30358118705343,1,1,1,"4","APOC1"
"DYNLL1",0.00192479506955204,0.833100707204125,1,1,1,"4","DYNLL1"
"MFN1",0.00192479506955204,0.476066830648183,1,1,1,"4","MFN1"
"SRP68",0.00192479506955204,0.242487666864289,1,1,1,"4","SRP68"
"CTD-2008L17.2",0.00195368690437943,0.839588938568623,1,1,1,"4","CTD-2008L17.2"
"CD101",0.00196616759689853,0.625107030491137,1,1,1,"4","CD101"
"GATA2",0.00196833909856464,0.584377061917627,1,1,1,"4","GATA2"
"ZNF414",0.00196833909856464,0.192208671457882,1,1,1,"4","ZNF414"
"RAB3D",0.00197020644036493,0.891128008908717,1,1,1,"4","RAB3D"
"AHCYL2",0.00197024040236719,0.349227074794271,1,1,1,"4","AHCYL2"
"APEH",0.00197024040236719,0.138329026800637,1,1,1,"4","APEH"
"KIAA0319L",0.00197024040236719,0.286034571294177,1,1,1,"4","KIAA0319L"
"PINK1",0.00197024040236719,0.488832446131294,1,1,1,"4","PINK1"
"KRTAP5-9",0.00198557009963241,0.375835244454411,1,1,1,"4","KRTAP5-9"
"MYRFL",0.00198562321428987,1.22283127739485,1,1,1,"4","MYRFL"
"AQP10",0.00199251299510639,1.42602450201631,1,1,1,"4","AQP10"
"ST8SIA61",0.00200220103560132,2.03949348417149,1,1,1,"4","ST8SIA6"
"RP11-1277A3.2",0.00201096183573417,0.550835304473949,1,1,1,"4","RP11-1277A3.2"
"SLC10A3",0.00201632263355826,0.55816264244109,1,1,1,"4","SLC10A3"
"EED",0.00201653032880398,0.243449230480474,1,1,1,"4","EED"
"ARPC5L1",0.00201666879977598,0.162048019907235,1,1,1,"4","ARPC5L"
"POR",0.00201666879977598,1.03845970945989,1,1,1,"4","POR"
"ZMIZ2",0.00201666879977598,0.588732299582155,1,1,1,"4","ZMIZ2"
"FOXI1",0.0020195906954772,1.66447208191159,1,1,1,"4","FOXI1"
"RP11-672L10.2",0.00203439926355888,0.806643283332008,1,1,1,"4","RP11-672L10.2"
"NLGN4Y",0.00204794123047482,1.96501845198109,1,1,1,"4","NLGN4Y"
"IL18R11",0.00205986771004011,0.232024942361626,1,1,1,"4","IL18R1"
"DLG3",0.00206286449424734,0.546792688759014,1,1,1,"4","DLG3"
"ITGB3BP",0.00206286449424734,0.23998109452541,1,1,1,"4","ITGB3BP"
"SPTBN5",0.00206286449424734,1.13990553288544,1,1,1,"4","SPTBN5"
"DIAPH1",0.00206409925888051,0.210277601761671,1,1,1,"4","DIAPH1"
"TGIF1P1",0.00206696664936163,0.509113198325162,1,1,1,"4","TGIF1P1"
"CKM",0.00207180125291734,0.543613583817606,1,1,1,"4","CKM"
"SOX30",0.00207276076097111,0.68297369791093,1,1,1,"4","SOX30"
"IRX1",0.00208818432811166,0.132508672266667,1,1,1,"4","IRX1"
"TESPA1",0.00210953149189648,0.937356610002206,1,1,1,"4","TESPA1"
"KRTAP10-1",0.00210995506557293,0.107851417091974,1,1,1,"4","KRTAP10-1"
"POLR2J",0.00211129259550972,0.460643833536697,1,1,1,"4","POLR2J"
"IL2RG1",0.00211219147218914,0.965399984553478,1,1,1,"4","IL2RG"
"LRRC37B",0.00211219147218914,0.537320618321393,1,1,1,"4","LRRC37B"
"STK40",0.00211251512642207,0.3929526504514,1,1,1,"4","STK40"
"LMTK2",0.00211255108991953,0.464155776641192,1,1,1,"4","LMTK2"
"SLC25A1",0.00211255108991953,0.463535315179744,1,1,1,"4","SLC25A1"
"FLT3",0.0021206864096255,0.623323810902951,1,1,1,"4","FLT3"
"TOX4P1",0.00213226427131756,0.100148578584067,1,1,1,"4","TOX4P1"
"CLCA3P",0.00214875962628606,0.70668521701076,1,1,1,"4","CLCA3P"
"NELL1",0.00215056850753537,1.08609799200451,1,1,1,"4","NELL1"
"NRG4",0.00215458953395893,0.499135072462193,1,1,1,"4","NRG4"
"GPX2",0.00215999196850923,0.570844171949144,1,1,1,"4","GPX2"
"SHF1",0.00215999196850923,0.34481738658228,1,1,1,"4","SHF"
"ACOT2",0.00216204392021896,0.380212341469122,1,1,1,"4","ACOT2"
"BTG1",0.00216204392021896,0.47063554838055,1,1,1,"4","BTG1"
"CLPTM1",0.00216204392021896,0.412543077369186,1,1,1,"4","CLPTM1"
"PTCH1",0.00216204392021896,0.68308400288708,1,1,1,"4","PTCH1"
"TUBBP5",0.0022031403151501,0.814054546876989,1,1,1,"4","TUBBP5"
"ZNF57",0.00220438948529907,0.650543106477947,1,1,1,"4","ZNF57"
"PEX11B",0.00220946141024647,0.486655341403265,1,1,1,"4","PEX11B"
"FZD7",0.0022112905747582,0.855613117169744,1,1,1,"4","FZD7"
"TBC1D3F",0.0022118507115905,0.224335840569957,1,1,1,"4","TBC1D3F"
"MTM1",0.00221222418523998,0.363548121233096,1,1,1,"4","MTM1"
"KIAA11991",0.00221256034510612,2.72260059937788,1,1,1,"4","KIAA1199"
"GSTK1",0.00221259769816623,0.358371383460042,1,1,1,"4","GSTK1"
"NADSYN1",0.00221259769816623,0.58494560755334,1,1,1,"4","NADSYN1"
"RP11-401P9.6",0.00222148729555292,0.286348092668609,1,1,1,"4","RP11-401P9.6"
"CATSPERB1",0.00224297860115733,0.847860083201946,1,1,1,"4","CATSPERB"
"ZUFSP",0.0022629006648821,0.404724428525897,1,1,1,"4","ZUFSP"
"PDXK1",0.00226423269720784,0.462972222317841,1,1,1,"4","PDXK"
"PON1",0.00227957246625616,0.796529589993249,1,1,1,"4","PON1"
"CADM2",0.0023017800878693,0.630400992892833,1,1,1,"4","CADM2"
"CD40LG",0.00230287723304828,0.46604140108003,1,1,1,"4","CD40LG"
"PIGC",0.00231561217583776,0.465134569765173,1,1,1,"4","PIGC"
"STAM",0.00231658165698415,0.284388824907053,1,1,1,"4","STAM"
"FBXO45",0.00231681436988618,0.659157825347039,1,1,1,"4","FBXO45"
"IFIH1",0.00231693073177026,0.566666703107108,1,1,1,"4","IFIH1"
"WDR91",0.00231693073177026,0.480279692779485,1,1,1,"4","WDR91"
"CDON",0.00231696951986986,0.606385541324098,1,1,1,"4","CDON"
"OBSCN",0.00231696951986986,0.897336620499335,1,1,1,"4","OBSCN"
"CAMK2B",0.00231722628585089,0.671461439315186,1,1,1,"4","CAMK2B"
"CHADL",0.00232598433583631,0.606688072375739,1,1,1,"4","CHADL"
"GCSAML",0.00233720984541067,1.4511972555929,1,1,1,"4","GCSAML"
"ACER2",0.00236431331358379,0.343867111943725,1,1,1,"4","ACER2"
"FAM3C2",0.00236751058775613,0.503594209171711,1,1,1,"4","FAM3C2"
"MFAP4",0.00236751058775613,0.143896786771149,1,1,1,"4","MFAP4"
"SERGEF",0.00237043388990238,0.473416511744164,1,1,1,"4","SERGEF"
"SEMA3C",0.00237067101215347,0.433544358502512,1,1,1,"4","SEMA3C"
"TBC1D32",0.00237067101215347,0.36681361566032,1,1,1,"4","TBC1D32"
"MAP2K4",0.00237078957877792,0.561455027915729,1,1,1,"4","MAP2K4"
"FHIT",0.00238700454935361,0.360069455220685,1,1,1,"4","FHIT"
"TMOD11",0.00242245149494786,1.12768502409721,1,1,1,"4","TMOD1"
"ACOT13",0.00242357824541708,0.320229692560609,1,1,1,"4","ACOT13"
"FEN1",0.00242442352033783,0.10852473555877,1,1,1,"4","FEN1"
"HSD17B4",0.002425832715836,0.47709842393115,1,1,1,"4","HSD17B4"
"PSME2",0.002425832715836,0.593374503566503,1,1,1,"4","PSME2"
"SCG3",0.0024321049972522,1.30335931486605,1,1,1,"4","SCG3"
"C17orf58",0.00244216197166246,0.369161065000764,1,1,1,"4","C17orf58"
"CD27",0.00245035732646423,1.52056130178745,1,1,1,"4","CD27"
"IDO1",0.00247028485698771,1.87255479469777,1,1,1,"4","IDO1"
"CYP51A1",0.0024797050290946,0.106392060001195,1,1,1,"4","CYP51A1"
"ACP6",0.00248118148770378,1.10372860632362,1,1,1,"4","ACP6"
"MBP",0.00248159171103649,0.602855546946294,1,1,1,"4","MBP"
"DLD",0.00248196094770234,0.601401959724733,1,1,1,"4","DLD"
"NPAS2",0.00248196094770234,0.872452215402774,1,1,1,"4","NPAS2"
"ATP5C1",0.00248200197608433,0.249878189552938,1,1,1,"4","ATP5C1"
"BECN1",0.00248200197608433,0.385346766830388,1,1,1,"4","BECN1"
"CUBN",0.00248200197608433,1.13019606300679,1,1,1,"4","CUBN"
"C8orf56",0.00250039691901304,0.843318490592704,1,1,1,"4","C8orf56"
"SPN",0.00253434596337441,0.27924359429724,1,1,1,"4","SPN"
"EMC4",0.00253852294018557,0.285873940828434,1,1,1,"4","EMC4"
"SCYL3",0.0025389408700049,0.283014631292644,1,1,1,"4","SCYL3"
"MYO1G1",0.00253919164815731,1.02905960331639,1,1,1,"4","MYO1G"
"PLIN2",0.00253935884203435,0.900933741937555,1,1,1,"4","PLIN2"
"CTD-2147F2.2",0.00258029978091141,0.638256727664285,1,1,1,"4","CTD-2147F2.2"
"NRG2",0.00259090536377524,0.324487413605148,1,1,1,"4","NRG2"
"TBX19",0.0025943502199779,1.10355227771704,1,1,1,"4","TBX19"
"CEP76",0.0025970740630086,0.331308084722808,1,1,1,"4","CEP76"
"MITD1",0.0025970740630086,0.466889998782872,1,1,1,"4","MITD1"
"GPX3",0.00259788304064098,0.266275083145807,1,1,1,"4","GPX3"
"TPRA1",0.00259788304064098,0.248880732793051,1,1,1,"4","TPRA1"
"CYLD",0.00259792562268186,0.222830009376864,1,1,1,"4","CYLD"
"FAF2",0.00259792562268186,0.347290429124349,1,1,1,"4","FAF2"
"FURIN",0.00259792562268186,0.579220581195525,1,1,1,"4","FURIN"
"STON2",0.00259792562268186,0.608456547974171,1,1,1,"4","STON2"
"TPCN1",0.00259792562268186,0.464567425832907,1,1,1,"4","TPCN1"
"CLCN1",0.00263134254006372,0.766912051339908,1,1,1,"4","CLCN1"
"KLRC2",0.00264976288414981,0.471383086286476,1,1,1,"4","KLRC2"
"CYP2E1",0.00265057356479653,0.671497169208338,1,1,1,"4","CYP2E1"
"TRPT1",0.00265057356479653,0.31448824105277,1,1,1,"4","TRPT1"
"KLHL41",0.00265252278452998,0.778231591802154,1,1,1,"4","KLHL41"
"KCNS3",0.00265408279015097,0.447511750820322,1,1,1,"4","KCNS3"
"ALOX12",0.00265529651493893,0.217807380089647,1,1,1,"4","ALOX12"
"PRDM8",0.00265529651493893,0.700960969181493,1,1,1,"4","PRDM8"
"PTER",0.00265729122670682,0.696844530933582,1,1,1,"4","PTER"
"RFC2",0.00265729122670682,0.723790970885672,1,1,1,"4","RFC2"
"ZNF600",0.00265729122670682,0.228205658260451,1,1,1,"4","ZNF600"
"SS18",0.00265755147390381,0.497676182036169,1,1,1,"4","SS18"
"POMT1",0.00265772498067659,0.668499415358713,1,1,1,"4","POMT1"
"UBQLN2",0.00265772498067659,0.180366499543368,1,1,1,"4","UBQLN2"
"CTD-2104P17.1",0.00267876847966232,0.786639587543988,1,1,1,"4","CTD-2104P17.1"
"HRASLS",0.00268166402754089,0.836242524696569,1,1,1,"4","HRASLS"
"ENTPD3",0.00270906973215349,0.327166541736112,1,1,1,"4","ENTPD3"
"ALG6",0.00271860319851771,0.301446993868646,1,1,1,"4","ALG6"
"C1orf21",0.00271860319851771,0.332267827644785,1,1,1,"4","C1orf21"
"HIST1H2BI",0.00271860319851771,0.171208766495763,1,1,1,"4","HIST1H2BI"
"PPME1",0.00271873575133991,0.539439592725254,1,1,1,"4","PPME1"
"ACO2",0.00271877993648816,0.37754772285896,1,1,1,"4","ACO2"
"PHKG2",0.00271877993648816,0.30605011585031,1,1,1,"4","PHKG2"
"TAF10",0.00271877993648816,0.544610841794963,1,1,1,"4","TAF10"
"AK8",0.00275275114492038,0.221332958793889,1,1,1,"4","AK8"
"GCHFR",0.00277122328873036,0.177441946994438,1,1,1,"4","GCHFR"
"RIPK3",0.00277733494280299,0.988653627312502,1,1,1,"4","RIPK3"
"SLC35D1",0.00278066383641721,0.307831528658864,1,1,1,"4","SLC35D1"
"ATP5B",0.00278111387259057,0.575005605336706,1,1,1,"4","ATP5B"
"ATP6V0A1",0.00278111387259057,0.385977879996314,1,1,1,"4","ATP6V0A1"
"BHLHE401",0.00278111387259057,0.456950652575635,1,1,1,"4","BHLHE40"
"SCAPER",0.00278111387259057,0.418520541521975,1,1,1,"4","SCAPER"
"FAIM21",0.00279584211807342,0.476232419163004,1,1,1,"4","FAIM2"
"ZNF711",0.00283925306680932,0.63604923098603,1,1,1,"4","ZNF711"
"CBX7",0.00284218424997931,0.230844123604532,1,1,1,"4","CBX7"
"EIF6",0.00284218424997931,0.905114644094606,1,1,1,"4","EIF6"
"IQCH",0.00284314644352816,0.475562614779198,1,1,1,"4","IQCH"
"TREX1",0.00284314644352816,0.473297438852516,1,1,1,"4","TREX1"
"GPR108",0.00284429216915724,0.420474643511314,1,1,1,"4","GPR108"
"RANBP10",0.00284470469880146,0.119204387803101,1,1,1,"4","RANBP10"
"LRIG3",0.0028447505376645,0.513331861809718,1,1,1,"4","LRIG3"
"RP11-384K6.4",0.00285095138675488,1.37532437853379,1,1,1,"4","RP11-384K6.4"
"MAL",0.00289254411676075,2.97248610087047,1,1,1,"4","MAL"
"ZNF385C",0.00289254411676075,0.425378667435902,1,1,1,"4","ZNF385C"
"GRIA3",0.00289945423077983,0.419001239264485,1,1,1,"4","GRIA3"
"IGSF9B",0.00290411507220924,0.6286756509078,1,1,1,"4","IGSF9B"
"LOH12CR1",0.00290411507220924,0.135799088834393,1,1,1,"4","LOH12CR1"
"RASSF9",0.00290579408203884,0.460787498897956,1,1,1,"4","RASSF9"
"DUSP23",0.00290710038374922,0.100395770929895,1,1,1,"4","DUSP23"
"SERPINB9",0.00290878043548481,1.47401116359328,1,1,1,"4","SERPINB9"
"PPTC7",0.00290924722053817,0.461716266450194,1,1,1,"4","PPTC7"
"ATP11B",0.00290971405081691,0.57833596903853,1,1,1,"4","ATP11B"
"KIAA1598",0.00290971405081691,0.601528213102011,1,1,1,"4","KIAA1598"
"SUCO",0.00290971405081691,0.573070037409469,1,1,1,"4","SUCO"
"SVIL",0.00290971405081691,0.248700419538498,1,1,1,"4","SVIL"
"MFI2",0.00296819027499095,0.515151991487601,1,1,1,"4","MFI2"
"ZBED21",0.00296923626099394,0.346036733780291,1,1,1,"4","ZBED2"
"ALG14",0.00297203677437604,0.557425810469285,1,1,1,"4","ALG14"
"CLEC10A",0.00297203677437604,1.2790622271684,1,1,1,"4","CLEC10A"
"SMIM19",0.00297336712631309,0.646991881474671,1,1,1,"4","SMIM19"
"SEMA4G",0.00297436512555635,0.820383095251078,1,1,1,"4","SEMA4G"
"TMEM106B",0.00297507810563818,0.156870131801824,1,1,1,"4","TMEM106B"
"PUS10",0.00297555348286031,0.57224187934975,1,1,1,"4","PUS10"
"SLC39A11",0.00297555348286031,0.447235100862917,1,1,1,"4","SLC39A11"
"LRIG1",0.00297598136146345,0.52300372858063,1,1,1,"4","LRIG1"
"AP1B1",0.00297602890581722,0.45418070923045,1,1,1,"4","AP1B1"
"PMPCB",0.00297602890581722,0.367222763292915,1,1,1,"4","PMPCB"
"PSMD11",0.00297602890581722,0.422643403652742,1,1,1,"4","PSMD11"
"CNOT6LP1",0.00301667888924458,0.530829875952952,1,1,1,"4","CNOT6LP1"
"VCX",0.00303680299807176,0.393563294825894,1,1,1,"4","VCX"
"ADRB2",0.00304100934209748,0.60719588001548,1,1,1,"4","ADRB2"
"GRAP2",0.00304275172556312,0.462156475563539,1,1,1,"4","GRAP2"
"ZCCHC8",0.0030436715584667,0.280437013115607,1,1,1,"4","ZCCHC8"
"KALP1",0.00304507977826549,0.501365341121549,1,1,1,"4","KALP"
"ARC1",0.00306799339825241,0.860777557616281,1,1,1,"4","ARC"
"NPPA",0.00307171478788002,1.97474455651642,1,1,1,"4","NPPA"
"EGF",0.0030987309697311,0.396157759689967,1,1,1,"4","EGF"
"DACT2",0.00309969894799073,1.03074511500798,1,1,1,"4","DACT2"
"SLC35F3",0.00310237064581877,0.469755148886986,1,1,1,"4","SLC35F3"
"SYTL31",0.00311005227868272,0.393464270453773,1,1,1,"4","SYTL3"
"SYVN1",0.00311261530689391,0.384292919513326,1,1,1,"4","SYVN1"
"BCL2L13",0.00311276321248151,0.148188627656477,1,1,1,"4","BCL2L13"
"DUSP16",0.00311281251527922,0.822279786034709,1,1,1,"4","DUSP16"
"EPG5",0.00311281251527922,0.574938542822139,1,1,1,"4","EPG5"
"PSMB4",0.00311281251527922,0.450371236974188,1,1,1,"4","PSMB4"
"PITX2",0.00313490788837023,0.430423616333995,1,1,1,"4","PITX2"
"IL17RB",0.00314371490486573,0.117509753675915,1,1,1,"4","IL17RB"
"AC005336.4",0.00314925345246441,0.672202591202444,1,1,1,"4","AC005336.4"
"EYA41",0.00317715330803343,1.073535358659,1,1,1,"4","EYA4"
"FAM221A",0.00317911682806902,0.63157535542479,1,1,1,"4","FAM221A"
"DBP",0.0031815753715556,0.42291491581123,1,1,1,"4","DBP"
"LMO4",0.0031815753715556,0.561431525591845,1,1,1,"4","LMO4"
"FAM105B",0.00318232821380993,0.435696519788253,1,1,1,"4","FAM105B"
"SEMA3D",0.00318232821380993,0.628931226664289,1,1,1,"4","SEMA3D"
"TSNARE1",0.00318283016773659,0.56185477845297,1,1,1,"4","TSNARE1"
"HTATIP2",0.00318313136278356,0.364479651455071,1,1,1,"4","HTATIP2"
"NDUFS4",0.00318313136278356,0.419337703063665,1,1,1,"4","NDUFS4"
"OSBPL11",0.00318313136278356,0.617044650832609,1,1,1,"4","OSBPL11"
"GDAP2",0.00318328196668893,0.371620014361469,1,1,1,"4","GDAP2"
"SPPL2A",0.00318333216893619,0.439415227153205,1,1,1,"4","SPPL2A"
"OSTCP5",0.00319307130936603,0.209848264738485,1,1,1,"4","OSTCP5"
"AC023490.1",0.00319432132939433,0.508711221266953,1,1,1,"4","AC023490.1"
"P2RX6",0.00321452687616917,0.244642251189919,1,1,1,"4","P2RX6"
"RGMA",0.0032440710993446,0.353572568499981,1,1,1,"4","RGMA"
"RP11-66N24.3",0.0032440710993446,0.250724548804419,1,1,1,"4","RP11-66N24.3"
"CHRM1",0.00325076075198076,0.490268185304281,1,1,1,"4","CHRM1"
"TRAV17",0.00325166029301017,0.400316067561866,1,1,1,"4","TRAV17"
"GRAMD3",0.00325428275460434,0.589719417874132,1,1,1,"4","GRAMD3"
"PIGV",0.00325428275460434,0.490865777682444,1,1,1,"4","PIGV"
"SLC22A51",0.00325428275460434,0.221109299573573,1,1,1,"4","SLC22A5"
"ERMARD",0.00325479383911229,0.389865123778348,1,1,1,"4","ERMARD"
"ARHGEF5",0.00325525385602879,0.851256797915203,1,1,1,"4","ARHGEF5"
"AGL",0.00325530497140896,0.521956308209255,1,1,1,"4","AGL"
"TMBIM6",0.00325530497140896,0.439778499403683,1,1,1,"4","TMBIM6"
"UBE4A",0.00325530497140896,0.485530055462636,1,1,1,"4","UBE4A"
"SYTL51",0.00326760798402311,0.925864366697775,1,1,1,"4","SYTL5"
"PINLYP",0.00330984585048987,0.709280154083199,1,1,1,"4","PINLYP"
"PTN",0.00332438748072575,0.684065063038013,1,1,1,"4","PTN"
"IGHG21",0.00332584372639661,1.46225430760148,1,1,1,"4","IGHG2"
"OR7C1",0.00332652177457498,0.555920736060502,1,1,1,"4","OR7C1"
"LANCL2",0.00332771659872059,0.396653020855954,1,1,1,"4","LANCL2"
"TMEM9B",0.00332823695213438,0.385721360255564,1,1,1,"4","TMEM9B"
"C1orf122",0.00332854918736943,0.629619372104957,1,1,1,"4","C1orf122"
"MAPK1",0.00332870531150828,0.189127546811584,1,1,1,"4","MAPK1"
"GHITM",0.00332875735385402,0.575575581283513,1,1,1,"4","GHITM"
"GJA1",0.00332875735385402,0.447278224364325,1,1,1,"4","GJA1"
"OPTN",0.00332875735385402,0.419289972793827,1,1,1,"4","OPTN"
"PDHA1",0.00332875735385402,0.568872064282328,1,1,1,"4","PDHA1"
"STX10",0.00332875735385402,0.179409611523313,1,1,1,"4","STX10"
"SYNE11",0.00332875735385402,0.622478573140619,1,1,1,"4","SYNE1"
"GOLGA6A",0.00332973367380832,0.697040500082556,1,1,1,"4","GOLGA6A"
"NKAIN4",0.0033328013128181,0.771401454346089,1,1,1,"4","NKAIN4"
"C8G",0.00333944161243636,0.635220791621444,1,1,1,"4","C8G"
"KCNJ11",0.00336766918095049,0.38434125022871,1,1,1,"4","KCNJ11"
"APOBEC3B",0.00339736163854469,1.03487444007607,1,1,1,"4","APOBEC3B"
"TBC1D10C",0.00340074983526094,0.7231916228939,1,1,1,"4","TBC1D10C"
"MN11",0.00340186202304313,0.56426540006562,1,1,1,"4","MN1"
"ITGAE1",0.00340318633685116,0.168606999993637,1,1,1,"4","ITGAE"
"TRMT44",0.00340318633685116,0.479995000949314,1,1,1,"4","TRMT44"
"TMEM179B",0.00340350421757141,0.222992413695945,1,1,1,"4","TMEM179B"
"SGIP1",0.00340366316452284,0.663813789464811,1,1,1,"4","SGIP1"
"ATP6V0D1",0.00340371614781648,0.433221498035671,1,1,1,"4","ATP6V0D1"
"ETF1",0.00340371614781648,0.543077579026605,1,1,1,"4","ETF1"
"GPX4",0.00340371614781648,0.260361675748189,1,1,1,"4","GPX4"
"NDUFC2",0.00340371614781648,0.435114692794652,1,1,1,"4","NDUFC2"
"POLR3B",0.00340371614781648,0.495124295383405,1,1,1,"4","POLR3B"
"SNX29",0.00340371614781648,0.276858157705092,1,1,1,"4","SNX29"
"GZMB1",0.00346480232341237,0.717221288682,1,1,1,"4","GZMB"
"SETD9",0.00346480232341237,0.521014867449539,1,1,1,"4","SETD9"
"TRAPPC5",0.0034756794862575,0.664257939191529,1,1,1,"4","TRAPPC5"
"SLC46A3",0.00347718880051402,0.62276460842587,1,1,1,"4","SLC46A3"
"CHL11",0.00347832104007129,0.345365985256519,1,1,1,"4","CHL1"
"SNX7",0.00347912991583786,0.572432503502933,1,1,1,"4","SNX7"
"RP11-10A14.4",0.00347957020233741,0.517980852425501,1,1,1,"4","RP11-10A14.4"
"MIER2",0.00347966922802817,0.31958618442072,1,1,1,"4","MIER2"
"C14orf2",0.00348015465118844,0.396917304136476,1,1,1,"4","C14orf2"
"KAT7",0.00348015465118844,0.288195547695725,1,1,1,"4","KAT7"
"FGD6",0.00348020858956234,0.737932383633851,1,1,1,"4","FGD6"
"MRPS15",0.00348020858956234,0.273620694078488,1,1,1,"4","MRPS15"
"NFIC",0.00348020858956234,0.487052926139945,1,1,1,"4","NFIC"
"NPC21",0.00348020858956234,0.337587093874145,1,1,1,"4","NPC2"
"C6orf25",0.00350529053976257,0.321843943012876,1,1,1,"4","C6orf25"
"FTCDNL1",0.00351362339088866,0.415414283737226,1,1,1,"4","FTCDNL1"
"KCNH81",0.00354257903276607,1.76217139289339,1,1,1,"4","KCNH8"
"H2AFY2",0.00355634085032275,0.690015082851236,1,1,1,"4","H2AFY2"
"C17orf75",0.00355716426442586,0.144552788074435,1,1,1,"4","C17orf75"
"IFI27L2",0.0035577132694914,0.26473870332641,1,1,1,"4","IFI27L2"
"NR1D1",0.0035577132694914,1.12962709541277,1,1,1,"4","NR1D1"
"ABCA5",0.00355820741668452,0.613704204907517,1,1,1,"4","ABCA5"
"ANXA2",0.00355826232442144,0.5027749892018,1,1,1,"4","ANXA2"
"PARD3",0.00355826232442144,0.787719668730656,1,1,1,"4","PARD3"
"UGP2",0.00355826232442144,0.462218672746445,1,1,1,"4","UGP2"
"VCP",0.00355826232442144,0.356904010062298,1,1,1,"4","VCP"
"TRDC",0.00361921194843221,1.58240876748524,1,1,1,"4","TRDC"
"CLEC3A1",0.00362007787611029,0.151583926491162,1,1,1,"4","CLEC3A"
"RP11-1336O20.2",0.00362562141135474,0.322081324224911,1,1,1,"4","RP11-1336O20.2"
"ZNF554",0.00363321227877767,0.519658205949952,1,1,1,"4","ZNF554"
"DIRC2",0.00363594950726908,0.67925848713266,1,1,1,"4","DIRC2"
"ACY1",0.00363678767620644,0.477811869996364,1,1,1,"4","ACY1"
"PIM11",0.00363734651848022,0.13856263108894,1,1,1,"4","PIM1"
"MAPK7",0.00363784951960675,0.685275326206366,1,1,1,"4","MAPK7"
"SMAP1",0.00363784951960675,0.345070784933897,1,1,1,"4","SMAP1"
"TMEM245",0.00363790541114013,0.220205712190381,1,1,1,"4","TMEM245"
"PRKG2",0.00367291341431816,0.166289963308468,1,1,1,"4","PRKG2"
"SLC35F4",0.00367549979240879,0.434718510251338,1,1,1,"4","SLC35F4"
"HLA-DOB",0.00371234317135082,1.24546195279819,1,1,1,"4","HLA-DOB"
"FITM2",0.00371598127503405,0.662657190763822,1,1,1,"4","FITM2"
"ITK",0.00371717548215026,0.659472599679338,1,1,1,"4","ITK"
"SH3BP5L",0.00371717548215026,0.221839752421129,1,1,1,"4","SH3BP5L"
"CHMP4A",0.00371893876964054,0.396119169754243,1,1,1,"4","CHMP4A"
"PDK1",0.00371910943632874,0.504639702585079,1,1,1,"4","PDK1"
"CABLES2",0.00379883219072778,0.43470067655757,1,1,1,"4","CABLES2"
"RDH101",0.00379883219072778,0.38188495439632,1,1,1,"4","RDH10"
"AL627309.11",0.00380149496123947,0.391212057405692,1,1,1,"4","AL627309.1"
"COQ9",0.0038020160653718,0.463733271637377,1,1,1,"4","COQ9"
"COX4I1",0.00380207396840255,0.36020427074568,1,1,1,"4","COX4I1"
"SRPK1",0.00380207396840255,0.205225275656897,1,1,1,"4","SRPK1"
"SLC25A48",0.00382121587297494,0.477623806824147,1,1,1,"4","SLC25A48"
"LINC00999",0.00386524109001151,0.414629755729347,1,1,1,"4","LINC00999"
"TNK1",0.00388606837585326,0.257390348481708,1,1,1,"4","TNK1"
"CLCC1",0.00388659873178199,0.289154264833886,1,1,1,"4","CLCC1"
"HIP1R1",0.00388659873178199,0.551647018545179,1,1,1,"4","HIP1R"
"ALDH7A1",0.0038866576628163,0.534671236849952,1,1,1,"4","ALDH7A1"
"CD591",0.0038866576628163,0.392513431780198,1,1,1,"4","CD59"
"COX5B",0.0038866576628163,0.105468979213153,1,1,1,"4","COX5B"
"COL20A1",0.00389958721942507,0.747807816888349,1,1,1,"4","COL20A1"
"PAGE2B",0.00390473611146719,0.508217041592099,1,1,1,"4","PAGE2B"
"GDNF",0.00394508191044055,1.16333208776889,1,1,1,"4","GDNF"
"NINJ21",0.00394571316267941,0.120416542607913,1,1,1,"4","NINJ2"
"HPSE2",0.00396761096875345,1.88777938740664,1,1,1,"4","HPSE2"
"FMO4",0.00397084838516617,0.296120781675658,1,1,1,"4","FMO4"
"VPS26AP1",0.00397100514006469,0.306966860106927,1,1,1,"4","VPS26AP1"
"ATP2A31",0.00397234744844022,0.848477538712038,1,1,1,"4","ATP2A3"
"TESK2",0.00397234744844022,0.189397413827061,1,1,1,"4","TESK2"
"PPDPF1",0.0039728871915133,0.83295136827617,1,1,1,"4","PPDPF"
"BAG3",0.00397294716558987,0.418726103026188,1,1,1,"4","BAG3"
"MROH1",0.00397294716558987,0.338798079566812,1,1,1,"4","MROH1"
"TFG",0.00397294716558987,0.385966911115037,1,1,1,"4","TFG"
"ZNF117",0.00397294716558987,0.767989644597719,1,1,1,"4","ZNF117"
"IGSF5",0.00398280475220307,0.416612157346261,1,1,1,"4","IGSF5"
"KBTBD12",0.00400208093538806,0.478670144073236,1,1,1,"4","KBTBD12"
"RP11-114H24.5",0.0040116607434856,3.78334768796809,1,1,1,"4","RP11-114H24.5"
"TMEM253",0.00401504759283921,0.185278603426548,1,1,1,"4","TMEM253"
"KAT8",0.00406091163581636,0.119271918058812,1,1,1,"4","KAT8"
"HPS1",0.00406097266812565,0.454543986610259,1,1,1,"4","HPS1"
"UBAC2",0.00406097266812565,0.392213619869558,1,1,1,"4","UBAC2"
"OSCP1",0.00414728769635239,0.392365592016167,1,1,1,"4","OSCP1"
"FBF1",0.00414859141406639,0.182698254815168,1,1,1,"4","FBF1"
"SDK11",0.0041495227855355,0.548716373825805,1,1,1,"4","SDK1"
"PHGDH1",0.00415051638119013,0.130101935736679,1,1,1,"4","PHGDH"
"KANK1",0.00415070269563142,0.914486945385818,1,1,1,"4","KANK1"
"MTO1",0.00415070269563142,0.207683552314919,1,1,1,"4","MTO1"
"PTPRK",0.00415076480151579,0.655192427133674,1,1,1,"4","PTPRK"
"C2orf72",0.0041671634038424,0.387177960792728,1,1,1,"4","C2orf72"
"BRSK21",0.00418600332841595,0.85863764565287,1,1,1,"4","BRSK2"
"TLDC21",0.00420705007355483,0.52792367342113,1,1,1,"4","TLDC2"
"SLAMF1",0.00421938738977546,0.540383601130626,1,1,1,"4","SLAMF1"
"CCL201",0.00422823476084786,0.3146821816964,1,1,1,"4","CCL20"
"FANK1",0.00423193478723309,0.146959245523702,1,1,1,"4","FANK1"
"NRBF2",0.00423881655597842,0.513173507806249,1,1,1,"4","NRBF2"
"ENO3",0.00424014313918552,1.35135398835736,1,1,1,"4","ENO3"
"KCNS11",0.0042419836797042,0.529042410601637,1,1,1,"4","KCNS1"
"PCDH7",0.00424210186436682,0.498788338553654,1,1,1,"4","PCDH7"
"SERINC5",0.00424235464093857,0.3684232511572,1,1,1,"4","SERINC5"
"TLL2",0.00432909745409883,1.26337311029186,1,1,1,"4","TLL2"
"RP11-468E2.9",0.00433095995881521,0.486080637679425,1,1,1,"4","RP11-468E2.9"
"OVGP1",0.00433352354637852,0.600303345843544,1,1,1,"4","OVGP1"
"STAMBP",0.00433551651465407,0.241205614797506,1,1,1,"4","STAMBP"
"CDC42",0.00433577371005732,0.115728353007881,1,1,1,"4","CDC42"
"PPP1R7",0.00433577371005732,0.161554530187825,1,1,1,"4","PPP1R7"
"RPS6KA5",0.00433577371005732,0.639239190185201,1,1,1,"4","RPS6KA5"
"ZFAND6",0.00433577371005732,0.399607253178715,1,1,1,"4","ZFAND6"
"RGS20",0.00435683275466388,0.276459601077487,1,1,1,"4","RGS20"
"SAMD121",0.00436340813748022,0.49978186874765,1,1,1,"4","SAMD12"
"LPAL2",0.00438669548113757,0.628115260631954,1,1,1,"4","LPAL2"
"PRKRIRP7",0.00439450493605244,0.281377997965896,1,1,1,"4","PRKRIRP7"
"CLEC4C",0.00440052290565629,0.570306047603236,1,1,1,"4","CLEC4C"
"AMDHD1",0.00440852620097262,0.472347963314981,1,1,1,"4","AMDHD1"
"STK311",0.00442638996759446,0.813844292368627,1,1,1,"4","STK31"
"C1orf159",0.00442739130376567,0.475114965354383,1,1,1,"4","C1orf159"
"GADD45A",0.00443039980838153,0.32447413192093,1,1,1,"4","GADD45A"
"PDPK1",0.00443098856523697,0.333700965533353,1,1,1,"4","PDPK1"
"COX6C",0.00443105398542064,0.60498157560923,1,1,1,"4","COX6C"
"PHKA2",0.00443105398542064,0.585756654278253,1,1,1,"4","PHKA2"
"SLC22A151",0.00451725358083029,0.306439834800832,1,1,1,"4","SLC22A15"
"RP11-295P9.3",0.00452024507514359,0.324649106155343,1,1,1,"4","RP11-295P9.3"
"GTF2IRD2",0.00452689687359712,1.5013368079031,1,1,1,"4","GTF2IRD2"
"FAM214A",0.00452756235941466,0.114766445240971,1,1,1,"4","FAM214A"
"MTFR1L",0.00452796167760802,0.46175174480182,1,1,1,"4","MTFR1L"
"MT1X",0.00452816134421485,0.601979583823493,1,1,1,"4","MT1X"
"UFL1",0.00452816134421485,0.394251997629411,1,1,1,"4","UFL1"
"IDH2",0.00452822790086307,0.60232181917458,1,1,1,"4","IDH2"
"SRPR",0.00452822790086307,0.225514565350778,1,1,1,"4","SRPR"
"ULK1",0.00452822790086307,0.467774548890503,1,1,1,"4","ULK1"
"B3GALT4",0.00457189818736741,0.145221259114294,1,1,1,"4","B3GALT4"
"PBOV1",0.00458290156939843,0.973910655083948,1,1,1,"4","PBOV1"
"RWDD4P2",0.00460271929849273,0.361021180386111,1,1,1,"4","RWDD4P2"
"MROH2A",0.00460580624728059,0.941561815076417,1,1,1,"4","MROH2A"
"GSPT21",0.00462164273542556,0.591560443373808,1,1,1,"4","GSPT2"
"SYT15",0.00462164273542556,0.261936133413851,1,1,1,"4","SYT15"
"ISG20",0.00462353750065465,0.314946917426822,1,1,1,"4","ISG20"
"NDUFA4L21",0.00462353750065465,1.24541776150829,1,1,1,"4","NDUFA4L2"
"ZNF439",0.00462495886350075,0.817823544930494,1,1,1,"4","ZNF439"
"FGGY1",0.00462705751841386,0.227250466260765,1,1,1,"4","FGGY"
"ZNF626",0.00462705751841386,0.255645376875309,1,1,1,"4","ZNF626"
"CTD-2002J20.1",0.00464155924407746,0.173854203348228,1,1,1,"4","CTD-2002J20.1"
"NANOGP8",0.00465121171248156,0.396712089621072,1,1,1,"4","NANOGP8"
"TRAV3",0.00470735428246699,0.796693099403669,1,1,1,"4","TRAV3"
"DNAJC6",0.00472012738277791,0.225341609571872,1,1,1,"4","DNAJC6"
"SLC25A30",0.00472260492097366,0.443850758709006,1,1,1,"4","SLC25A30"
"PARP111",0.0047245324029909,0.401017987765037,1,1,1,"4","PARP11"
"ZNHIT3",0.00472701124711722,0.372533187484983,1,1,1,"4","ZNHIT3"
"KCNK6",0.00472769994529443,0.488286514249063,1,1,1,"4","KCNK6"
"ZDHHC9",0.00472831982211513,0.565808022109666,1,1,1,"4","ZDHHC9"
"SLK",0.00472838870015142,0.321670808841613,1,1,1,"4","SLK"
"TANK",0.00472838870015142,0.47890462945459,1,1,1,"4","TANK"
"TBC1D14",0.00472838870015142,0.529054284360505,1,1,1,"4","TBC1D14"
"ANTXRLP11",0.00478209215607322,0.400932077485235,1,1,1,"4","ANTXRLP1"
"XPNPEP2",0.00479229689194935,0.150316034534113,1,1,1,"4","XPNPEP2"
"SECTM1",0.00482303927045981,0.670405675720987,1,1,1,"4","SECTM1"
"C1GALT1",0.00482899090382905,0.154642449056475,1,1,1,"4","C1GALT1"
"HEATR4",0.00482899090382905,0.45211345070053,1,1,1,"4","HEATR4"
"STK11IP",0.00483074217079408,0.163028038791671,1,1,1,"4","STK11IP"
"TFDP2",0.00483116252806499,0.566778693377884,1,1,1,"4","TFDP2"
"LITAF1",0.00483137271442288,0.444374389236586,1,1,1,"4","LITAF"
"BTAF1",0.00483144277768624,0.640285456717717,1,1,1,"4","BTAF1"
"S100A11",0.00483144277768624,0.83748346734386,1,1,1,"4","S100A11"
"TM9SF4",0.00483144277768624,0.353111626783615,1,1,1,"4","TM9SF4"
"USP33",0.00483144277768624,0.35725667369336,1,1,1,"4","USP33"
"EMX2",0.00488125533643011,0.252405383504472,1,1,1,"4","EMX2"
"C3orf14",0.00490415892165516,0.617590146915905,1,1,1,"4","C3orf14"
"SPATA6L",0.00493054063979589,0.563630336542651,1,1,1,"4","SPATA6L"
"TPI1P2",0.00493144653839546,0.276341444235985,1,1,1,"4","TPI1P2"
"INPP5F",0.00493623983473676,0.528416785122907,1,1,1,"4","INPP5F"
"INO80B",0.00493652489146489,0.488275258657765,1,1,1,"4","INO80B"
"NDUFS5",0.00493652489146489,0.39565419038966,1,1,1,"4","NDUFS5"
"NSUN2",0.00493652489146489,0.275984584847858,1,1,1,"4","NSUN2"
"ADRA2C",0.00500132228724329,0.391291754986742,1,1,1,"4","ADRA2C"
"HABP2",0.00501763543640952,0.342276127059588,1,1,1,"4","HABP2"
"KIAA2022",0.00502296327518937,0.217029719720276,1,1,1,"4","KIAA2022"
"TRAV6",0.00503387671271541,0.404002126018217,1,1,1,"4","TRAV6"
"DLG21",0.00503497596174469,0.479784948019809,1,1,1,"4","DLG2"
"FKBPL",0.00503497596174469,0.556358375214101,1,1,1,"4","FKBPL"
"C6orf226",0.0050404823933881,0.317599849498464,1,1,1,"4","C6orf226"
"SETP6",0.00504118225041422,0.348602579186352,1,1,1,"4","SETP6"
"PASK",0.00504337989702972,0.508774461797058,1,1,1,"4","PASK"
"C1orf53",0.00513561482519322,0.710054939497414,1,1,1,"4","C1orf53"
"PTGDR2",0.00515076957278989,0.307968550025711,1,1,1,"4","PTGDR2"
"HERC6",0.00515261798418976,0.505132138525662,1,1,1,"4","HERC6"
"RAE1",0.00515261798418976,0.383345391607502,1,1,1,"4","RAE1"
"ECM1",0.00515283913734731,0.745963140152085,1,1,1,"4","ECM1"
"CTDNEP1",0.00515291285624187,0.184325452608002,1,1,1,"4","CTDNEP1"
"EIF3K",0.00515291285624187,0.419563871839671,1,1,1,"4","EIF3K"
"LYST",0.00515291285624187,0.397761504952992,1,1,1,"4","LYST"
"NDUFS8",0.00515291285624187,0.310716157283652,1,1,1,"4","NDUFS8"
"RANBP9",0.00515291285624187,0.263096790308083,1,1,1,"4","RANBP9"
"GSKIP",0.00524781034149551,0.614373859851133,1,1,1,"4","GSKIP"
"SRR",0.00524781034149551,0.553332436423407,1,1,1,"4","SRR"
"VTA1",0.00526009225753228,0.35895129079247,1,1,1,"4","VTA1"
"SLC9A6",0.00526166609367384,0.283595596606009,1,1,1,"4","SLC9A6"
"PIGL",0.00526279042242989,0.636524005476272,1,1,1,"4","PIGL"
"PICK1",0.0052635400490458,0.461414712191612,1,1,1,"4","PICK1"
"APOE",0.00526428973495068,0.235304102193741,1,1,1,"4","APOE"
"IL17RA1",0.00526428973495068,0.224357508190874,1,1,1,"4","IL17RA"
"IRF8",0.00526428973495068,0.918194326225848,1,1,1,"4","IRF8"
"MUT",0.00526428973495068,0.381705205258903,1,1,1,"4","MUT"
"PSMC3",0.00526428973495068,0.416023922987375,1,1,1,"4","PSMC3"
"SNRNP40",0.00526428973495068,0.41187337345824,1,1,1,"4","SNRNP40"
"RP11-185N2.1",0.00526903520123074,0.112537690359558,1,1,1,"4","RP11-185N2.1"
"GLYATL2",0.00535455677537722,0.628518416543574,1,1,1,"4","GLYATL2"
"HCN3",0.00537356815122699,0.557208398562871,1,1,1,"4","HCN3"
"TSPAN5",0.00537516864249367,0.478849602130525,1,1,1,"4","TSPAN5"
"AP3S2",0.00537776047327745,0.242420049170617,1,1,1,"4","AP3S2"
"ZXDC",0.00537776047327745,0.448212657250348,1,1,1,"4","ZXDC"
"AGO1",0.00537783671406095,0.396429902959877,1,1,1,"4","AGO1"
"TMTC3",0.00537783671406095,0.618391194063175,1,1,1,"4","TMTC3"
"RP11-386G21.2",0.00537902508475067,0.744702965283727,1,1,1,"4","RP11-386G21.2"
"AC079781.8",0.00540217840135791,0.329308849714701,1,1,1,"4","AC079781.8"
"IL9R",0.00541150617508267,0.170754518181983,1,1,1,"4","IL9R"
"RP11-551L14.1",0.00546541034503328,0.135548328639898,1,1,1,"4","RP11-551L14.1"
"IGHG41",0.0054908774327791,0.664562370162745,1,1,1,"4","IGHG4"
"GPATCH1",0.00549351301291582,0.29045146427586,1,1,1,"4","GPATCH1"
"GOLGA2",0.00549359054053545,0.421583469361973,1,1,1,"4","GOLGA2"
"OSTF1",0.00549359054053545,0.34627839634588,1,1,1,"4","OSTF1"
"PLEKHM1",0.00549359054053545,0.629756501388492,1,1,1,"4","PLEKHM1"
"VDAC2",0.00549359054053545,0.286914406758367,1,1,1,"4","VDAC2"
"ADAMDEC11",0.00553548576077431,0.751585881260672,1,1,1,"4","ADAMDEC1"
"LMOD21",0.00557089385944074,1.89350324368495,1,1,1,"4","LMOD2"
"H3F3AP4",0.00560496870233173,0.576034172052607,1,1,1,"4","H3F3AP4"
"FICD",0.00560882970732663,0.438116515395329,1,1,1,"4","FICD"
"KNSTRN",0.0056100119396727,0.253343497021959,1,1,1,"4","KNSTRN"
"SYPL1",0.0056100119396727,0.27989082892196,1,1,1,"4","SYPL1"
"DLL1",0.00561127313839256,0.817040269934854,1,1,1,"4","DLL1"
"GATAD2B",0.00561150963049183,0.225920759537466,1,1,1,"4","GATAD2B"
"USP46",0.00561150963049183,0.432616452244739,1,1,1,"4","USP46"
"IFNGR1",0.00561158846240837,0.351869229873515,1,1,1,"4","IFNGR1"
"TCF20",0.00561158846240837,0.31866969806493,1,1,1,"4","TCF20"
"RHOF1",0.00564873131084081,0.28642231857909,1,1,1,"4","RHOF"
"PHYHIP",0.00571135726488242,0.259316339989006,1,1,1,"4","PHYHIP"
"ASB8",0.00573106672249109,0.122956491280572,1,1,1,"4","ASB8"
"ARIH1",0.0057318682331159,0.373777230966244,1,1,1,"4","ARIH1"
"CST3",0.0057318682331159,0.518858050377251,1,1,1,"4","CST3"
"PSMA4",0.0057318682331159,0.276020075685079,1,1,1,"4","PSMA4"
"ALDOC",0.00577954854971859,0.540172402930549,1,1,1,"4","ALDOC"
"IFITM101",0.00578608889687321,0.44435370425912,1,1,1,"4","IFITM10"
"RP13-254B10.1",0.00579052006838787,0.157050185574921,1,1,1,"4","RP13-254B10.1"
"CD226",0.0058248453629462,0.531724253121062,1,1,1,"4","CD226"
"KCNN4",0.00584103006094447,1.10226553863064,1,1,1,"4","KCNN4"
"ANGPTL7",0.00584990543317494,1.63303876970303,1,1,1,"4","ANGPTL7"
"CA5B",0.00585283836358189,0.324929434951923,1,1,1,"4","CA5B"
"ZNF658",0.00585283836358189,0.457919804205131,1,1,1,"4","ZNF658"
"MALT1",0.00585414214557034,0.478314887678927,1,1,1,"4","MALT1"
"GRIPAP1",0.00585446811581338,0.215758708022605,1,1,1,"4","GRIPAP1"
"USP32",0.00585446811581338,0.168495649305456,1,1,1,"4","USP32"
"CTD-2600O9.1",0.00591137930995608,0.624972353112652,1,1,1,"4","CTD-2600O9.1"
"KCNH6",0.00594175932612597,0.205522507507801,1,1,1,"4","KCNH6"
"AC093162.5",0.00596576490240466,0.235919394315896,1,1,1,"4","AC093162.5"
"GAMT",0.00596948921409853,0.492270085434647,1,1,1,"4","GAMT"
"HS6ST1P1",0.00597123164667781,0.227727765069369,1,1,1,"4","HS6ST1P1"
"RNFT1",0.00597652747168167,0.457953113809392,1,1,1,"4","RNFT1"
"GBP5",0.00597776998497425,1.74442820001893,1,1,1,"4","GBP5"
"ARRDC3",0.00597942688767723,0.43948219767093,1,1,1,"4","ARRDC3"
"HEATR5B",0.00597942688767723,0.339432581111428,1,1,1,"4","HEATR5B"
"KLF3",0.00597942688767723,0.384105583831261,1,1,1,"4","KLF3"
"PUM1",0.00597942688767723,0.191880471934549,1,1,1,"4","PUM1"
"TXLNA",0.00597942688767723,0.292294800277077,1,1,1,"4","TXLNA"
"RGS13",0.00602546321987183,0.521019593220284,1,1,1,"4","RGS13"
"TMEM139",0.00603343380464608,0.329208491260903,1,1,1,"4","TMEM139"
"RP11-378G13.2",0.00604132923124528,0.293066941470217,1,1,1,"4","RP11-378G13.2"
"ALPK2",0.00608826912259419,0.4906425969435,1,1,1,"4","ALPK2"
"ATP1A2",0.00610509942993059,4.18736357401331,1,1,1,"4","ATP1A2"
"SLC18B1",0.00610509942993059,0.401854246205163,1,1,1,"4","SLC18B1"
"THOC3",0.00610509942993059,0.503471090300796,1,1,1,"4","THOC3"
"TMEM161B",0.00610509942993059,0.177808116116744,1,1,1,"4","TMEM161B"
"FAM8A1",0.00610594160561987,0.404908480068229,1,1,1,"4","FAM8A1"
"DCTN3",0.00610644694121672,0.591014324413397,1,1,1,"4","DCTN3"
"CSRP2BP",0.00610669961750411,0.196397122418709,1,1,1,"4","CSRP2BP"
"CASP4",0.00610678384419087,0.411074118742896,1,1,1,"4","CASP4"
"CBWD2",0.00610678384419087,0.115442939311777,1,1,1,"4","CBWD2"
"UBXN10",0.00611701746985649,0.24289204525105,1,1,1,"4","UBXN10"
"GRM2",0.00613938315619357,0.816427813268874,1,1,1,"4","GRM2"
"LRRC28",0.00615737058979226,0.355224954701985,1,1,1,"4","LRRC28"
"DRD1",0.00616158713723523,0.317591088648362,1,1,1,"4","DRD1"
"RP11-423H2.1",0.00618873055311612,0.210831400267372,1,1,1,"4","RP11-423H2.1"
"TDRD15",0.00620303181409425,1.98507374392803,1,1,1,"4","TDRD15"
"PRDM15",0.00623358246258467,0.300538849255895,1,1,1,"4","PRDM15"
"PRKAB2",0.00623358246258467,0.363728509440321,1,1,1,"4","PRKAB2"
"SS18L2",0.00623358246258467,0.291639569823291,1,1,1,"4","SS18L2"
"CCDC53",0.00623572262679957,0.425905837715117,1,1,1,"4","CCDC53"
"ABCC31",0.00623623632516115,0.65042781021457,1,1,1,"4","ABCC3"
"OTUB1",0.00623657880341275,0.114107225814873,1,1,1,"4","OTUB1"
"ZSCAN12P1",0.00624587356435875,0.323840118002266,1,1,1,"4","ZSCAN12P1"
"PTPN20B",0.00628913279312789,0.446557400202808,1,1,1,"4","PTPN20B"
"C1orf204",0.0062980459630016,0.346029441840129,1,1,1,"4","C1orf204"
"CA31",0.0062980459630016,3.30189667994709,1,1,1,"4","CA3"
"GBP1P1",0.00630981742392964,0.475880680761,1,1,1,"4","GBP1P1"
"RP11-182N22.7",0.00633576779488225,0.782428578625256,1,1,1,"4","RP11-182N22.7"
"IFT27",0.00636580634629878,0.507437476780023,1,1,1,"4","IFT27"
"SMPDL3B",0.00636817469560782,0.311965333770493,1,1,1,"4","SMPDL3B"
"C9orf156",0.00636850398330842,0.365037437204311,1,1,1,"4","C9orf156"
"CDC23",0.00636876507753794,0.203734560098994,1,1,1,"4","CDC23"
"HPS51",0.00636876507753794,0.386005648416685,1,1,1,"4","HPS5"
"DNPEP",0.00636885211022554,0.320978996794532,1,1,1,"4","DNPEP"
"ERCC5",0.00636885211022554,0.252706629598421,1,1,1,"4","ERCC5"
"MIOS",0.00636885211022554,0.47521656428362,1,1,1,"4","MIOS"
"MRPL38",0.00636885211022554,0.179136174090688,1,1,1,"4","MRPL38"
"NFE2L2",0.00636885211022554,0.470887763397844,1,1,1,"4","NFE2L2"
"RARS",0.00636885211022554,0.40816740319973,1,1,1,"4","RARS"
"CHRNA2",0.00641795587822634,0.396251874924772,1,1,1,"4","CHRNA2"
"WNT9B",0.00641795587822634,0.308039247142046,1,1,1,"4","WNT9B"
"VWDE",0.00643167273566581,0.189034759790966,1,1,1,"4","VWDE"
"FCRLA",0.00643176572698718,2.69110431250319,1,1,1,"4","FCRLA"
"CASQ1",0.00647837036631632,1.69534557794276,1,1,1,"4","CASQ1"
"PTAFR1",0.00649869168434212,0.533034566173599,1,1,1,"4","PTAFR"
"PCGF1",0.0065018754958251,0.202960202901,1,1,1,"4","PCGF1"
"WRAP73",0.00650276003600087,0.38442924470634,1,1,1,"4","WRAP73"
"ACOX3",0.00650355617721102,0.469682362938221,1,1,1,"4","ACOX3"
"PLCXD1",0.00650355617721102,0.809991971046129,1,1,1,"4","PLCXD1"
"ECH1",0.00650364464056485,0.67257709824122,1,1,1,"4","ECH1"
"TAP2",0.00650364464056485,0.710026554417514,1,1,1,"4","TAP2"
"EGFR-AS1",0.00655459388879235,0.334881977369511,1,1,1,"4","EGFR-AS1"
"SLC22A25",0.00657425297621082,1.37451787578967,1,1,1,"4","SLC22A25"
"KRT121P",0.00658672622104398,0.362613991840947,1,1,1,"4","KRT121P"
"WNT11",0.0066001545786235,0.143851603862931,1,1,1,"4","WNT11"
"TXK1",0.00660831247314557,0.448205992572431,1,1,1,"4","TXK"
"SLAIN11",0.00662123265346856,0.267847461346753,1,1,1,"4","SLAIN1"
"CCDC109B",0.0066378512486982,0.188589798761017,1,1,1,"4","CCDC109B"
"DUS2",0.0066378512486982,0.529092300857997,1,1,1,"4","DUS2"
"DHPS",0.00664090789296925,0.309949313784175,1,1,1,"4","DHPS"
"LAMTOR1",0.0066409978056262,0.217821825126792,1,1,1,"4","LAMTOR1"
"TMOD4",0.00672988270250354,0.46914634867885,1,1,1,"4","TMOD4"
"SLC24A3",0.00676588458019596,0.597460829248671,1,1,1,"4","SLC24A3"
"GPR126",0.00677912606545391,0.189963382810348,1,1,1,"4","GPR126"
"ORC4",0.00678003977806223,0.388686732718552,1,1,1,"4","ORC4"
"CHMP1B",0.00678058803700877,0.367742690316804,1,1,1,"4","CHMP1B"
"FXYD7",0.00686418044810586,1.09096189510416,1,1,1,"4","FXYD7"
"TUBG1P",0.00690313935106786,0.271437395627999,1,1,1,"4","TUBG1P"
"SNAPIN",0.00691835480659188,0.396224577619021,1,1,1,"4","SNAPIN"
"TEX9",0.00692030440682321,0.422147388552238,1,1,1,"4","TEX9"
"AP1S3",0.00692169715626974,0.709823928191609,1,1,1,"4","AP1S3"
"HNRNPA1P221",0.00692169715626974,0.240063987874654,1,1,1,"4","HNRNPA1P22"
"ZCWPW11",0.00692262573823767,0.496723269571586,1,1,1,"4","ZCWPW1"
"ZNF468",0.00692262573823767,0.173500337722011,1,1,1,"4","ZNF468"
"ATP6V1E1",0.00692346151832611,0.405435750162342,1,1,1,"4","ATP6V1E1"
"MTMR4",0.00692355438607374,0.404973841836728,1,1,1,"4","MTMR4"
"TTC7A",0.00692355438607374,0.253957221506038,1,1,1,"4","TTC7A"
"WIPI2",0.00692355438607374,0.594787613736905,1,1,1,"4","WIPI2"
"YBX3",0.00692355438607374,0.360761691808918,1,1,1,"4","YBX3"
"PRSS161",0.00694307739286957,0.38916513707313,1,1,1,"4","PRSS16"
"CYP19A1",0.00696168828019314,1.53587772328468,1,1,1,"4","CYP19A1"
"HUNK",0.00704809708410659,0.662065114153535,1,1,1,"4","HUNK"
"MRPS18A",0.00706355942564794,0.333057749758462,1,1,1,"4","MRPS18A"
"C14orf159",0.00706846584638047,0.30115005095594,1,1,1,"4","C14orf159"
"CTBS",0.00706846584638047,0.490229887842814,1,1,1,"4","CTBS"
"LNX2",0.00706846584638047,0.455515093359303,1,1,1,"4","LNX2"
"MYH3",0.00706846584638047,0.78480862949146,1,1,1,"4","MYH3"
"CCSER2",0.00706884333767861,0.527422819807629,1,1,1,"4","CCSER2"
"GCLC",0.00706884333767861,0.206600494852935,1,1,1,"4","GCLC"
"SETBP11",0.00706884333767861,0.547305446657123,1,1,1,"4","SETBP1"
"C1orf147",0.007077972116678,0.447525968084365,1,1,1,"4","C1orf147"
"XXbac-BPG154L12.4",0.00708809323561901,0.507354182048369,1,1,1,"4","XXbac-BPG154L12.4"
"EQTN",0.00713855255258156,0.329564223912991,1,1,1,"4","EQTN"
"FAM204BP",0.00713883270474874,0.276950291772016,1,1,1,"4","FAM204BP"
"GJC3",0.00719614404180733,0.342098901826601,1,1,1,"4","GJC3"
"RBX1",0.00720881081049082,0.330495112849071,1,1,1,"4","RBX1"
"CDK7",0.00721494614971072,0.35000611906349,1,1,1,"4","CDK7"
"FLAD1",0.00721648041229885,0.381358767095612,1,1,1,"4","FLAD1"
"PITRM1",0.00721686400468084,0.183610022102275,1,1,1,"4","PITRM1"
"PLD2",0.00721686400468084,0.434205755243841,1,1,1,"4","PLD2"
"ZNF317",0.00721686400468084,0.325890076096547,1,1,1,"4","ZNF317"
"ERMN1",0.00721839575438454,0.718113964979652,1,1,1,"4","ERMN"
"C11orf52",0.00726615194126683,0.921843395885597,1,1,1,"4","C11orf52"
"NRG3",0.0073131974551791,1.16663082831547,1,1,1,"4","NRG3"
"OSTM11",0.00736668612988658,0.299338442895349,1,1,1,"4","OSTM1"
"BCAS2",0.0073672707659655,0.313672118600334,1,1,1,"4","BCAS2"
"MORC4",0.0073672707659655,0.569281779016418,1,1,1,"4","MORC4"
"PPM1B",0.0073672707659655,0.347155988142205,1,1,1,"4","PPM1B"
"ZNF431",0.00736756309309263,0.279393884077741,1,1,1,"4","ZNF431"
"CHD8",0.00736766053681465,0.227595525113578,1,1,1,"4","CHD8"
"LEMD3",0.00736766053681465,0.432610314944636,1,1,1,"4","LEMD3"
"NDUFB9",0.00736766053681465,0.117481963846398,1,1,1,"4","NDUFB9"
"SP1",0.00736766053681465,0.424443935825767,1,1,1,"4","SP1"
"SUN2",0.00736766053681465,0.330458690065655,1,1,1,"4","SUN2"
"SYNRG",0.00736766053681465,0.353730446875272,1,1,1,"4","SYNRG"
"KCNE11",0.00742565721049417,0.18122560401091,1,1,1,"4","KCNE1"
"C1QTNF2",0.00746593940680749,0.574758281791784,1,1,1,"4","C1QTNF2"
"C10orf118",0.00752127764377619,0.783785782592179,1,1,1,"4","C10orf118"
"RP11-479O9.2",0.00752570620431548,0.274905971205794,1,1,1,"4","RP11-479O9.2"
"KRTAP10-4",0.00752926854093787,1.68003391412637,1,1,1,"4","KRTAP10-4"
"TMEM38A",0.00755382058141863,0.485400750038945,1,1,1,"4","TMEM38A"
"DDX3Y",0.00762153621207894,1.67535855702729,1,1,1,"4","DDX3Y"
"TSPY2",0.00763907304211927,2.40884927424199,1,1,1,"4","TSPY2"
"MLXIPL",0.00764119038076591,0.789319174408181,1,1,1,"4","MLXIPL"
"PIGX",0.00767574889772061,0.401359051994286,1,1,1,"4","PIGX"
"COG7",0.00767665412961277,0.29566738922145,1,1,1,"4","COG7"
"PDPN",0.00767735823708943,0.725445184959582,1,1,1,"4","PDPN"
"COQ2",0.00767766000767585,0.369189455035142,1,1,1,"4","COQ2"
"SGK11",0.00767776059923656,0.417316755679124,1,1,1,"4","SGK1"
"AF131215.51",0.007753992761007,0.257972244610585,1,1,1,"4","AF131215.5"
"PDCD1",0.007753992761007,1.06045889137636,1,1,1,"4","PDCD1"
"HTR2C",0.0077543415903778,0.26334205020248,1,1,1,"4","HTR2C"
"RP5-1180C10.2",0.00778157337047065,0.281609024535873,1,1,1,"4","RP5-1180C10.2"
"KIAA0895",0.0078248967465205,0.431589430072236,1,1,1,"4","KIAA0895"
"THRB",0.00783143338051781,0.795145716555073,1,1,1,"4","THRB"
"UBL7",0.00783511147442235,0.391722226670694,1,1,1,"4","UBL7"
"HLA-DQA2",0.0078361333252572,1.51641208913046,1,1,1,"4","HLA-DQA2"
"MLF1IP",0.00783674646874815,0.302761199992506,1,1,1,"4","MLF1IP"
"BROX",0.00783715524482108,0.375882727828703,1,1,1,"4","BROX"
"FAM134A",0.00783715524482108,0.216749133960715,1,1,1,"4","FAM134A"
"IDS1",0.00783715524482108,0.152314159766949,1,1,1,"4","IDS"
"PSMC5",0.00783715524482108,0.219692760294411,1,1,1,"4","PSMC5"
"TM4SF19",0.00789302320536426,0.460208175708216,1,1,1,"4","TM4SF19"
"DCAF12L2",0.00790816563449174,0.2858412284232,1,1,1,"4","DCAF12L2"
"PLEKHF1",0.00790930898068378,0.42966091160725,1,1,1,"4","PLEKHF1"
"CTNNA2",0.00792492403054044,0.617512463753167,1,1,1,"4","CTNNA2"
"SFRP51",0.00793266968862142,0.220364433481883,1,1,1,"4","SFRP5"
"C6orf183",0.0079432544496466,1.07431974508903,1,1,1,"4","C6orf183"
"MCOLN3",0.00795234209613192,0.143594209437339,1,1,1,"4","MCOLN3"
"ZNF558",0.00798705472294963,0.554574373872848,1,1,1,"4","ZNF558"
"ETV4",0.00799369522749393,0.203192674116169,1,1,1,"4","ETV4"
"MMACHC",0.00799587476066497,0.307318891260991,1,1,1,"4","MMACHC"
"PYROXD1",0.00799743175690016,0.521543031335506,1,1,1,"4","PYROXD1"
"PPP1R2",0.00799909272448156,0.588992636867992,1,1,1,"4","PPP1R2"
"RP11-480A16.1",0.00807904071890637,0.250032378904312,1,1,1,"4","RP11-480A16.1"
"SELE1",0.00807904071890637,0.703451412851948,1,1,1,"4","SELE"
"FAM189A1",0.0081162851263364,0.566605307172978,1,1,1,"4","FAM189A1"
"HAND1",0.00812777732598085,0.734050460689815,1,1,1,"4","HAND1"
"C9orf9",0.00815221538879805,0.298265539474542,1,1,1,"4","C9orf9"
"CXorf57",0.00815600946981055,0.43923762808792,1,1,1,"4","CXorf57"
"CYP3A5",0.00815896104587219,0.660500401486235,1,1,1,"4","CYP3A5"
"FAM219B",0.00815896104587219,0.493953655459771,1,1,1,"4","FAM219B"
"ERV3-1",0.00816381124921096,0.771535716720646,1,1,1,"4","ERV3-1"
"MRPL4",0.00816381124921096,0.343777613533584,1,1,1,"4","MRPL4"
"ACAD10",0.00816476037442169,0.461392783935828,1,1,1,"4","ACAD10"
"CNOT1",0.00816486583626077,0.254173183243299,1,1,1,"4","CNOT1"
"GSK3A",0.00816486583626077,0.382751644082779,1,1,1,"4","GSK3A"
"PTPRE",0.00816486583626077,0.400695715312459,1,1,1,"4","PTPRE"
"SUMF2",0.00816486583626077,0.359409710878261,1,1,1,"4","SUMF2"
"DRP2",0.00817656996570323,0.408044017360618,1,1,1,"4","DRP2"
"FER1L6",0.00820039625735315,0.96432207956051,1,1,1,"4","FER1L6"
"PTGR2",0.00832952736831472,0.775240001357041,1,1,1,"4","PTGR2"
"NT5DC3",0.00833113396550443,0.389607960538308,1,1,1,"4","NT5DC3"
"LMBRD11",0.00833284784302519,0.430213806235045,1,1,1,"4","LMBRD1"
"TLE1",0.00833284784302519,0.397651874753711,1,1,1,"4","TLE1"
"PQLC1",0.00833316921503868,1.09526568322736,1,1,1,"4","PQLC1"
"TRIM4",0.00833316921503868,0.311573321485564,1,1,1,"4","TRIM4"
"ACADVL",0.00833327634044513,0.358368106372414,1,1,1,"4","ACADVL"
"EIF5",0.00833327634044513,0.392253355847739,1,1,1,"4","EIF5"
"LONRF1",0.00833327634044513,0.68486598434052,1,1,1,"4","LONRF1"
"PGM2",0.00833327634044513,0.226431430439693,1,1,1,"4","PGM2"
"TFIP11",0.00833327634044513,0.617648045906718,1,1,1,"4","TFIP11"
"DLK2",0.00840957477472344,0.406335230666045,1,1,1,"4","DLK2"
"MYH7",0.0084745294754143,4.01953834400905,1,1,1,"4","MYH7"
"CCDC134",0.00849173558489493,0.502297242038024,1,1,1,"4","CCDC134"
"ATL1",0.00849565014033145,0.685427767842473,1,1,1,"4","ATL1"
"TENM31",0.00849869542678514,0.141820485506194,1,1,1,"4","TENM3"
"ZNF138",0.00850261160787203,0.457022956683481,1,1,1,"4","ZNF138"
"C5orf22",0.00850467884984434,0.196620793890187,1,1,1,"4","C5orf22"
"TRIP4",0.00850467884984434,0.278029312579228,1,1,1,"4","TRIP4"
"AP4E1",0.00850478765910801,0.355614272910618,1,1,1,"4","AP4E1"
"CCDC6",0.00850478765910801,0.42714722905211,1,1,1,"4","CCDC6"
"MTA2",0.00850478765910801,0.178391665917012,1,1,1,"4","MTA2"
"NNT",0.00850478765910801,0.282917046977559,1,1,1,"4","NNT"
"PPP6C",0.00850478765910801,0.335579257100662,1,1,1,"4","PPP6C"
"ZC3H8",0.00850478765910801,0.339952339054795,1,1,1,"4","ZC3H8"
"GS1-259H13.2",0.00851010006102616,0.504112471391135,1,1,1,"4","GS1-259H13.2"
"KRT18P52",0.00854686283974385,0.836249944767925,1,1,1,"4","KRT18P52"
"AF131215.6",0.00854692940271993,0.330451086298654,1,1,1,"4","AF131215.6"
"DEPDC4",0.00857185102943083,0.259438751830039,1,1,1,"4","DEPDC4"
"LINGO4",0.00865763592943223,0.57199109217407,1,1,1,"4","LINGO4"
"YIPF1",0.0086732608670387,0.426365157749627,1,1,1,"4","YIPF1"
"PTGER41",0.00867558098051842,0.530812600303801,1,1,1,"4","PTGER4"
"CARD111",0.00867834342858189,0.938309144293443,1,1,1,"4","CARD11"
"PITPNM1",0.00867834342858189,0.273390756352553,1,1,1,"4","PITPNM1"
"FBXO21",0.00867933801849776,0.46943661755836,1,1,1,"4","FBXO21"
"ATP6V0A2",0.00867944853203776,0.173972320785218,1,1,1,"4","ATP6V0A2"
"ECHS1",0.00867944853203776,0.281615657109059,1,1,1,"4","ECHS1"
"GABARAPL11",0.00867944853203776,0.150447119673506,1,1,1,"4","GABARAPL1"
"PAK1",0.00867944853203776,0.130556735208554,1,1,1,"4","PAK1"
"MYLK3",0.00881544071959811,1.52319137059299,1,1,1,"4","MYLK3"
"ILDR1",0.00883767951739672,0.353338946890233,1,1,1,"4","ILDR1"
"CRCP",0.0088550636584923,0.133579300078365,1,1,1,"4","CRCP"
"EIF3EP1",0.0088550636584923,0.816326757370827,1,1,1,"4","EIF3EP1"
"AHR",0.00885730829005146,0.724824996671284,1,1,1,"4","AHR"
"CSNK2B",0.00885730829005146,0.553540905666097,1,1,1,"4","CSNK2B"
"EZR",0.00885730829005146,0.10314177416976,1,1,1,"4","EZR"
"NPLOC4",0.00885730829005146,0.269004103747633,1,1,1,"4","NPLOC4"
"NR1D2",0.00885730829005146,0.450358314598404,1,1,1,"4","NR1D2"
"SERINC3",0.00885730829005146,0.316544746243427,1,1,1,"4","SERINC3"
"VAC14",0.00885730829005146,0.322934671874922,1,1,1,"4","VAC14"
"SLAMF8",0.00892880011773969,0.720285051189238,1,1,1,"4","SLAMF8"
"FNDC4",0.00893795471122419,0.326137153462289,1,1,1,"4","FNDC4"
"TRAV8-6",0.00895326669883825,0.466538034693038,1,1,1,"4","TRAV8-6"
"TF",0.00901961924497413,0.525220467945642,1,1,1,"4","TF"
"C3orf67",0.00903203486914727,0.330243075218558,1,1,1,"4","C3orf67"
"EMID1",0.0090344278511493,0.418570971140802,1,1,1,"4","EMID1"
"PLXDC21",0.00903796092756593,0.569997666920095,1,1,1,"4","PLXDC2"
"POLB1",0.00903796092756593,0.253355237721001,1,1,1,"4","POLB"
"SLC8B1",0.00903796092756593,0.458288723187078,1,1,1,"4","SLC8B1"
"FMN11",0.00903830287483252,0.530821057684065,1,1,1,"4","FMN1"
"NARS",0.00903841685869176,0.11839848788085,1,1,1,"4","NARS"
"TRAV9-2",0.00904848574754014,0.330551486884961,1,1,1,"4","TRAV9-2"
"ATP6AP1L",0.00905226389934408,0.657690001469909,1,1,1,"4","ATP6AP1L"
"CDK15",0.00915811786461527,0.683624421764613,1,1,1,"4","CDK15"
"BCAN",0.00919737714321189,0.216463425881715,1,1,1,"4","BCAN"
"RPL21P1",0.00919737714321189,0.558288645403508,1,1,1,"4","RPL21P1"
"CDK5R1",0.00920373576713483,0.636736020824628,1,1,1,"4","CDK5R1"
"PPP1R3C",0.00920373576713483,0.557679858897584,1,1,1,"4","PPP1R3C"
"KLRK1",0.00920893990462614,0.600089258440104,1,1,1,"4","KLRK1"
"ZNF16",0.00920893990462614,0.576353693608846,1,1,1,"4","ZNF16"
"EFNA5",0.00921877393658577,0.103803731535892,1,1,1,"4","EFNA5"
"ADC",0.00922166729287393,1.39345498671113,1,1,1,"4","ADC"
"ZNF107",0.00922166729287393,0.559843595362914,1,1,1,"4","ZNF107"
"PCYOX1",0.00922270901172378,0.203178591473193,1,1,1,"4","PCYOX1"
"SLC35A4",0.00922270901172378,0.283823453868514,1,1,1,"4","SLC35A4"
"CAPZA1",0.00922282476187646,0.284651549996891,1,1,1,"4","CAPZA1"
"CRISP3",0.00923525742341724,0.454313578300706,1,1,1,"4","CRISP3"
"ANKRD18CP",0.00925490174860518,0.143061109580179,1,1,1,"4","ANKRD18CP"
"TEKT5",0.00926913127263155,0.45897505670519,1,1,1,"4","TEKT5"
"UGT8",0.00927161194912576,0.824492952517689,1,1,1,"4","UGT8"
"NUS1P1",0.00928295210174658,0.582274017538058,1,1,1,"4","NUS1P1"
"THEM4",0.00931219990866482,0.261733595761697,1,1,1,"4","THEM4"
"PRRX2",0.00938474242059314,0.6471140667069,1,1,1,"4","PRRX2"
"TMPRSS6",0.00938474242059314,0.38589892215432,1,1,1,"4","TMPRSS6"
"C12orf44",0.00940400215253046,0.369347485002889,1,1,1,"4","C12orf44"
"KCTD18",0.00940823251629634,0.648400634357914,1,1,1,"4","KCTD18"
"POGLUT1",0.00940940778455039,0.370598460428811,1,1,1,"4","POGLUT1"
"POLR2G",0.00941011298039656,0.237853672459252,1,1,1,"4","POLR2G"
"ATMIN",0.00941058312549941,0.499434379892751,1,1,1,"4","ATMIN"
"HIF1AN",0.00941058312549941,0.159507757927212,1,1,1,"4","HIF1AN"
"UBC",0.00941058312549941,0.350206507362106,1,1,1,"4","UBC"
"MORN3",0.00947189107843889,0.268727016910557,1,1,1,"4","MORN3"
"CCDC1691",0.00954537254518202,0.580603919434836,1,1,1,"4","CCDC169"
"MANEA",0.00959756701925061,0.753558321812926,1,1,1,"4","MANEA"
"TRUB2",0.00959935690747296,0.349588033674264,1,1,1,"4","TRUB2"
"SLC35E1",0.00960055025767384,0.356106452182011,1,1,1,"4","SLC35E1"
"FAM73B",0.00960162433536042,0.366138586747708,1,1,1,"4","FAM73B"
"RECQL5",0.00960162433536042,0.168665051614489,1,1,1,"4","RECQL5"
"PEX1",0.00960174368098084,0.543132883398524,1,1,1,"4","PEX1"
"TTR",0.00961043860019825,1.2419744210511,1,1,1,"4","TTR"
"TXNL4B",0.00968851702416951,0.301069857459151,1,1,1,"4","TXNL4B"
"ATP1B4",0.00972562170130653,1.3662673351981,1,1,1,"4","ATP1B4"
"FAM151B",0.00975229963924762,0.450602114450549,1,1,1,"4","FAM151B"
"KCNC1",0.00976893463640792,0.425217653334739,1,1,1,"4","KCNC1"
"FZD1",0.00979211807994689,0.419328075357685,1,1,1,"4","FZD1"
"SCML1",0.00979393540774302,0.495688396915643,1,1,1,"4","SCML1"
"AK3",0.00979587407303746,0.461703843159004,1,1,1,"4","AK3"
"ATP6V0E1",0.00979587407303746,0.426878660702833,1,1,1,"4","ATP6V0E1"
"TRAF3IP3",0.00979623759373056,0.52271782390453,1,1,1,"4","TRAF3IP3"
"OR5P1P",0.00983068150999937,0.213288297473051,1,1,1,"4","OR5P1P"
"TRIM73",0.00991086940204445,0.937873048364382,1,1,1,"4","TRIM73"
"FGF5",0.00996670020407529,0.246396554290436,1,1,1,"4","FGF5"
"SLC4A5",0.00998414975741233,0.437064318345589,1,1,1,"4","SLC4A5"
"TENM1",0.00998759303935266,0.796490648394288,1,1,1,"4","TENM1"
"AF131215.41",0.00999011655389449,0.336389711352995,1,1,1,"4","AF131215.4"
"FAM86EP",0.00999011655389449,0.345869772604351,1,1,1,"4","FAM86EP"
"AR",0.00999325111776687,0.630024724288292,1,1,1,"4","AR"
"RBBP5",0.00999398924329661,0.150214505754763,1,1,1,"4","RBBP5"
"SMPD1",0.00999398924329661,0.520460300212694,1,1,1,"4","SMPD1"
"COQ4",0.0099943583160389,0.60681067972707,1,1,1,"4","COQ4"
"C18orf8",0.00999448134176445,0.918046202371331,1,1,1,"4","C18orf8"
"PSMD6",0.00999448134176445,0.360680401931063,1,1,1,"4","PSMD6"
"RAB14",0.00999448134176445,0.188213440758474,1,1,1,"4","RAB14"
"STRBP",0.00999448134176445,0.502274595427526,1,1,1,"4","STRBP"
"TMEM131",0.00999448134176445,0.365807590708574,1,1,1,"4","TMEM131"
"LAYN",1.37828226949501e-12,2.74907754798669,1,1,2.9252662887762e-08,"2","LAYN"
"NRP2",7.28961954670908e-12,2.61527960069093,1,1,1.54714885259354e-07,"2","NRP2"
"MAP4K2",8.65938449187722e-12,2.55166280071583,1,1,1.83786776455602e-07,"2","MAP4K2"
"CACYBP",1.02771893405358e-11,2.25230324762806,1,1,2.18123066563531e-07,"2","CACYBP"
"CCT3",2.61368556391102e-11,1.69584434726211,1,1,5.54728624084474e-07,"2","CCT3"
"SHC1",4.13938960338331e-11,1.6793089770374,1,1,8.78544049422074e-07,"2","SHC1"
"PARP1",4.88722970037464e-11,1.67260017357665,1,1,1.03726563160751e-06,"2","PARP1"
"PGM2L1",5.08652282550401e-11,2.321176678568,1,1,1.07956360448497e-06,"2","PGM2L1"
"TBX1",5.3088114397939e-11,2.52391874260178,1,1,1.12674213998186e-06,"2","TBX1"
"KRTAP10-13P",5.4505922439905e-11,3.06897825322087,1,1,1.15683369786454e-06,"2","KRTAP10-13P"
"SMYD2",8.01244049029212e-11,2.85021000411846,1,1,1.7005603696596e-06,"2","SMYD2"
"PPFIBP1",9.44017220196748e-11,1.84008312443191,1,1,2.00358214814558e-06,"2","PPFIBP1"
"SGSM1",1.11093856390629e-10,2.70807381320423,1,1,2.35785600803471e-06,"2","SGSM1"
"TARS",1.60043885641662e-10,1.3378343398304,1,1,3.39677142885864e-06,"2","TARS"
"RPS6KA2",1.80616348831751e-10,2.04865984440761,1,1,3.83340138760508e-06,"2","RPS6KA2"
"KCTD17",1.91389907196586e-10,2.10211077454869,1,1,4.06205939034035e-06,"2","KCTD17"
"TRIB3",2.20256232890096e-10,2.31925315309244,1,1,4.6747182868594e-06,"2","TRIB3"
"CENPF",2.29803496564768e-10,2.06146181412011,1,1,4.87734941109064e-06,"2","CENPF"
"SNRPA1",2.91974751604273e-10,1.47014963341625,1,1,6.1968721280491e-06,"2","SNRPA1"
"TIE1",3.16167963273716e-10,1.51893947511081,1,1,6.71034885252134e-06,"2","TIE1"
"PROX1",3.55895604385842e-10,2.56830470522646,1,1,7.55352830748512e-06,"2","PROX1"
"C10orf1121",4.1114420534071e-10,1.22909762394052,1,1,8.72612461415123e-06,"2","C10orf112"
"TSPEAR",4.86132840034324e-10,3.70066287214158,1,1,1.03176833968885e-05,"2","TSPEAR"
"BZW2",5.71354483886124e-10,1.72392531692139,1,1,1.21264275659991e-05,"2","BZW2"
"AGPAT5",5.94208848535799e-10,1.42418261032845,1,1,1.26114886013238e-05,"2","AGPAT5"
"CDC25B",6.94657303035289e-10,1.53382565172193,1,1,1.4743406599621e-05,"2","CDC25B"
"CYCS",7.22309115268605e-10,1.34265380367692,1,1,1.53302886624609e-05,"2","CYCS"
"RANBP1",7.22309115268605e-10,1.71568412112252,1,1,1.53302886624609e-05,"2","RANBP1"
"RELN",7.22309115268605e-10,3.62554779988319,1,1,1.53302886624609e-05,"2","RELN"
"VAV3",7.22309115268605e-10,2.0190876441328,1,1,1.53302886624609e-05,"2","VAV3"
"GTPBP4",8.43839307418946e-10,2.04200176048389,1,1,1.79096454606597e-05,"2","GTPBP4"
"SERBP1",8.43839307418946e-10,1.60587946341203,1,1,1.79096454606597e-05,"2","SERBP1"
"FAM171A1",1.0642734860943e-09,1.6143262381864,1,1,2.25881404688655e-05,"2","FAM171A1"
"PCSK6",1.0642734860943e-09,2.47694388376128,1,1,2.25881404688655e-05,"2","PCSK6"
"KIF3C",1.10590629038367e-09,2.22812738384552,1,1,2.34717551071031e-05,"2","KIF3C"
"RAN",1.10618465253395e-09,1.30439060159772,1,1,2.34776630653806e-05,"2","RAN"
"UBAP2",1.14963109711689e-09,0.950140337636338,1,1,2.43997704052089e-05,"2","UBAP2"
"GYPC",1.24157184392881e-09,1.84001117018562,1,1,2.63511208155451e-05,"2","GYPC"
"DUSP5",1.39219759144625e-09,2.06092959083709,1,1,2.95480016808551e-05,"2","DUSP5"
"RALA",1.39306347157581e-09,1.61792879239018,1,1,2.95663791207249e-05,"2","RALA"
"TGFBRAP1",1.44709552971105e-09,1.53870186692367,1,1,3.07131555225873e-05,"2","TGFBRAP1"
"SLC7A1",1.56213092343566e-09,1.73716033147385,1,1,3.31546667189984e-05,"2","SLC7A1"
"SCN3A",1.62134232016117e-09,3.16194234850528,1,1,3.44113694031006e-05,"2","SCN3A"
"AFMID",1.62324366533916e-09,1.71607579710965,1,1,3.44517235531584e-05,"2","AFMID"
"FLT41",1.75199775669055e-09,3.06199787370994,1,1,3.71844003880003e-05,"2","FLT4"
"SNRPD1",1.75199775669055e-09,1.76729155449564,1,1,3.71844003880003e-05,"2","SNRPD1"
"ATP5E",1.81999786810755e-09,1.74090468176746,1,1,3.86276347527147e-05,"2","ATP5E"
"LYN",1.96379963713581e-09,1.50774793557301,1,1,4.16796834985705e-05,"2","LYN"
"NARF",1.96379963713581e-09,1.54990812179054,1,1,4.16796834985705e-05,"2","NARF"
"TYMS",2.19993705584537e-09,2.00666410628875,1,1,4.66914640732621e-05,"2","TYMS"
"FAM107B",2.70840413473723e-09,2.21032817973784,1,1,5.7483169355663e-05,"2","FAM107B"
"ILF2",2.76005368659426e-09,1.33600812968746,1,1,5.85793794442765e-05,"2","ILF2"
"POLR3G",2.97392355794771e-09,2.60051463504318,1,1,6.31185535938821e-05,"2","POLR3G"
"MRPL37",3.20771974920917e-09,1.27666721296694,1,1,6.80806439572155e-05,"2","MRPL37"
"MCM3",3.58910690443039e-09,1.72235717533574,1,1,7.61752049396306e-05,"2","MCM3"
"CBX3",3.72578248765644e-09,1.40687122018156,1,1,7.90760075180204e-05,"2","CBX3"
"HNRNPAB",3.72578248765644e-09,1.56151426305144,1,1,7.90760075180204e-05,"2","HNRNPAB"
"YBX1",4.1669102592786e-09,1.34355109642322,1,1,8.84385033429291e-05,"2","YBX1"
"PTX3",4.31609646532149e-09,2.93873029591244,1,1,9.16048313799834e-05,"2","PTX3"
"SMS",4.3249472412654e-09,1.47035009604836,1,1,9.17926802486169e-05,"2","SMS"
"GPR1",4.37092619696421e-09,4.09985645060041,1,1,9.27685376043685e-05,"2","GPR1"
"MFNG",4.65844008509842e-09,2.62678888016133,1,1,9.88707323661289e-05,"2","MFNG"
"STON21",4.83486301642729e-09,1.31024886052021,1,1,0.000102615132660653,"2","STON2"
"PDPN1",5.01632401607339e-09,2.48224617705491,1,1,0.000106466460917142,"2","PDPN"
"EIF3B",5.0174888546855e-09,1.49991996694682,1,1,0.000106491183451845,"2","EIF3B"
"FSD1",5.10785607133093e-09,2.85023805017053,1,1,0.000108409137257928,"2","FSD1"
"RNF144B1",5.707779222827e-09,0.208404220469587,1,1,0.00012114190622528,"2","RNF144B"
"ASGR1",5.81613320162236e-09,2.62833309716895,1,1,0.000123441611071233,"2","ASGR1"
"NLN",5.81747268148084e-09,1.59703492840018,1,1,0.000123470040191749,"2","NLN"
"STMN3",6.49014296757836e-09,0.423126442853791,1,1,0.000137746794343883,"2","STMN3"
"FSCN1",6.74100533496786e-09,2.41116018849135,1,1,0.000143071097229358,"2","FSCN1"
"TMEM235",6.95056203695034e-09,3.30198943768622,1,1,0.000147518728672234,"2","TMEM235"
"AP2A2",6.99329749284466e-09,1.51203053077841,1,1,0.000148425745988135,"2","AP2A2"
"HN1",6.99329749284466e-09,1.48510257539252,1,1,0.000148425745988135,"2","HN1"
"NIP7",7.52401770024975e-09,1.60339001547584,1,1,0.000159689751670101,"2","NIP7"
"CCT6A",7.5257255696832e-09,1.15233206947072,1,1,0.000159725999490956,"2","CCT6A"
"SVIP",7.80475107798104e-09,1.66588313375617,1,1,0.00016564803687907,"2","SVIP"
"KRTAP10-8",8.19378267244935e-09,1.76382699092505,1,1,0.000173904843440065,"2","KRTAP10-8"
"AXL",9.03509349899122e-09,0.925291956504704,1,1,0.00019176082442259,"2","AXL"
"PAICS",9.03509349899122e-09,0.98986636163594,1,1,0.00019176082442259,"2","PAICS"
"HHEX",9.36994176503462e-09,1.14012795225662,1,1,0.000198867644021095,"2","HHEX"
"PABPC41",9.71792879433812e-09,0.673180919270461,1,1,0.000206253320731032,"2","PABPC4"
"PSMG1",9.71792879433812e-09,1.92948597701005,1,1,0.000206253320731032,"2","PSMG1"
"RPP25",1.00106182629671e-08,2.22681288129711,1,1,0.000212465362013213,"2","RPP25"
"SMARCB1",1.0077901458323e-08,1.14940702471709,1,1,0.000213893380551448,"2","SMARCB1"
"TCFL5",1.0077901458323e-08,2.71330117525231,1,1,0.000213893380551448,"2","TCFL5"
"KPNA2",1.04508210904779e-08,1.19608035886641,1,1,0.000221808226824304,"2","KPNA2"
"CLDN5",1.08371386543396e-08,3.04486001337283,1,1,0.000230007430799703,"2","CLDN5"
"IPCEF1",1.12024736669066e-08,1.78174150825609,1,1,0.000237761301106426,"2","IPCEF1"
"CTLA4",1.16157914844438e-08,2.98886115297222,1,1,0.000246533558465835,"2","CTLA4"
"PES1",1.20812189941323e-08,1.92146915152794,1,1,0.000256411791931463,"2","PES1"
"LAMA5",1.25259486541792e-08,0.245456314859755,1,1,0.000265850734236299,"2","LAMA5"
"ST8SIA1",1.39546393267729e-08,1.91875388266198,1,1,0.000296173265071427,"2","ST8SIA1"
"TSPAN11",1.42035192824107e-08,2.1810098581868,1,1,0.000301455493249885,"2","TSPAN11"
"CCT5",1.4469358276729e-08,1.53339732030773,1,1,0.000307097660065297,"2","CCT5"
"KBTBD11",1.54769994890257e-08,4.36301305451084,1,1,0.000328483837155081,"2","KBTBD11"
"ATAD3A",1.55479129512411e-08,2.29673394777002,1,1,0.00032998890447714,"2","ATAD3A"
"IL1RL11",1.6067147023452e-08,0.774291419051925,1,1,0.000341009128425745,"2","IL1RL1"
"MYO7A",1.67034846852255e-08,2.75398384911432,1,1,0.000354514758959226,"2","MYO7A"
"SLC26A4",1.7201536930499e-08,2.55891283455898,1,1,0.00036508541981291,"2","SLC26A4"
"NR1H3",1.99731027945233e-08,2.4345557382708,1,1,0.000423909133710962,"2","NR1H3"
"YBX1P10",1.99731027945233e-08,1.67105997922793,1,1,0.000423909133710962,"2","YBX1P10"
"HYDIN1",2.10581201390086e-08,0.359512773425676,1,1,0.000446937541830318,"2","HYDIN"
"CASP12",2.1407581685665e-08,2.80966383741246,1,1,0.000454354513696553,"2","CASP12"
"TRIP13",2.17917342815634e-08,1.88582023912498,1,1,0.000462507768391902,"2","TRIP13"
"KIAA1211L1",2.21577720356947e-08,0.681369877140478,1,1,0.000470276553685585,"2","KIAA1211L"
"HSF4",2.38580850986958e-08,0.198073690997951,1,1,0.00050636399813472,"2","HSF4"
"PDIA5",2.47150270666419e-08,1.76270076673913,1,1,0.000524551734462408,"2","PDIA5"
"GSTO1",2.56099316208702e-08,1.67757633109182,1,1,0.000543545188721349,"2","GSTO1"
"CLTA",2.56112839363474e-08,1.69415569604451,1,1,0.000543573890265036,"2","CLTA"
"ENO1",2.56112839363474e-08,2.09283913813726,1,1,0.000543573890265036,"2","ENO1"
"POLR1B",2.74820092210012e-08,1.61767878142648,1,1,0.000583278163706529,"2","POLR1B"
"UTP11L",2.8473913650793e-08,1.35982130559657,1,1,0.00060433034332443,"2","UTP11L"
"TPX2",2.84754075021594e-08,1.52686654659416,1,1,0.000604362048825832,"2","TPX2"
"BAALC",2.94665497292788e-08,2.28110056799668,1,1,0.000625398051454213,"2","BAALC"
"HMG20A",2.94912427455118e-08,0.937295789231849,1,1,0.000625922136030743,"2","HMG20A"
"NOP56",2.94974188296594e-08,1.61711128651016,1,1,0.000626053217240691,"2","NOP56"
"GIMAP5",3.05549809287925e-08,1.38771504283114,1,1,0.000648498915232692,"2","GIMAP5"
"ODC1",3.05549809287925e-08,2.04370924763825,1,1,0.000648498915232692,"2","ODC1"
"ARG2",3.27474922143151e-08,2.79648381595619,1,1,0.000695032774756623,"2","ARG2"
"SRM",3.27815761764811e-08,1.85676822328701,1,1,0.000695756172769635,"2","SRM"
"KRTAP10-9",3.32334230022688e-08,2.17646634034588,1,1,0.000705346169800153,"2","KRTAP10-9"
"PPAT",3.33606253016815e-08,1.97062057489829,1,1,0.000708045911402887,"2","PPAT"
"PIEZO2",3.51652247280084e-08,2.33003902124445,1,1,0.00074634672962725,"2","PIEZO2"
"NOS1AP1",3.68408085618417e-08,0.224368714264713,1,1,0.000781909320916529,"2","NOS1AP"
"TMEFF1",3.75535729542378e-08,2.45267468510677,1,1,0.000797037032380743,"2","TMEFF1"
"C6orf141",3.76486064937282e-08,3.5687196613895,1,1,0.000799054024222888,"2","C6orf141"
"HMGB3",3.90587460357235e-08,1.67159525805894,1,1,0.000828982825862196,"2","HMGB3"
"TPD52L2",3.90587460357235e-08,2.10469360655957,1,1,0.000828982825862196,"2","TPD52L2"
"PLEKHO2",4.04471395028099e-08,1.24694866025021,1,1,0.000858450088807637,"2","PLEKHO2"
"BID1",4.33467652658504e-08,0.40545909089156,1,1,0.000919991746002408,"2","BID"
"KRTAP12-2",4.48682618901438e-08,2.17533111978743,1,1,0.000952283990356411,"2","KRTAP12-2"
"ADD3",4.49055505798184e-08,1.21126260388212,1,1,0.000953075405506065,"2","ADD3"
"EIF2B5",4.49055505798184e-08,0.619146272171459,1,1,0.000953075405506065,"2","EIF2B5"
"MYH10",4.64949002573444e-08,1.12608249180871,1,1,0.000986807763061878,"2","MYH10"
"MYCT1",4.81289461499443e-08,2.04878026040231,1,1,0.00102148875308642,"2","MYCT1"
"CDC123",4.81387226261455e-08,2.16438739199258,1,1,0.00102169624901731,"2","CDC123"
"N4BP3",4.98388199949264e-08,2.69909923557958,1,1,0.00105777911557232,"2","N4BP3"
"PTDSS1",4.98388199949264e-08,1.90077850273016,1,1,0.00105777911557232,"2","PTDSS1"
"KRTAP10-11",5.08865589535532e-08,1.9002571006267,1,1,0.00108001632723021,"2","KRTAP10-11"
"CETP",5.15449059181167e-08,2.61480270379852,1,1,0.00109398908320611,"2","CETP"
"NXN",5.15944436228543e-08,2.56403691636709,1,1,0.00109504047145146,"2","NXN"
"CAMKK2",5.15970520189793e-08,1.26199081445502,1,1,0.00109509583205082,"2","CAMKK2"
"SNRPB",5.15970520189793e-08,1.33880289923565,1,1,0.00109509583205082,"2","SNRPB"
"KIF4A",5.52956559151701e-08,1.58900377964357,1,1,0.00117359500114357,"2","KIF4A"
"MRGBP",5.52956559151701e-08,0.546434364550908,1,1,0.00117359500114357,"2","MRGBP"
"NOLC1",5.52956559151701e-08,1.79007848267051,1,1,0.00117359500114357,"2","NOLC1"
"SSRP1",5.52956559151701e-08,1.11634956705523,1,1,0.00117359500114357,"2","SSRP1"
"VSIG81",5.67674356586945e-08,2.14199320033027,1,1,0.00120483205442013,"2","VSIG8"
"CTPS1",5.72400498014534e-08,1.15124421106357,1,1,0.00121486281698605,"2","CTPS1"
"GSPT1",5.72400498014534e-08,0.682259088466381,1,1,0.00121486281698605,"2","GSPT1"
"CD320",5.9238750812979e-08,2.46786794333112,1,1,0.00125728324725467,"2","CD320"
"PAFAH1B2",5.92506261222379e-08,0.787369248515629,1,1,0.00125753528881838,"2","PAFAH1B2"
"KRTAP10-12",5.98023127917902e-08,1.66782368410246,1,1,0.00126924428669296,"2","KRTAP10-12"
"SEMA6A",6.13295584920627e-08,1.43578089565396,1,1,0.00130165854943554,"2","SEMA6A"
"ANKRD36BP2",6.56688323531763e-08,2.35814915165655,1,1,0.00139375529786381,"2","ANKRD36BP2"
"STARD7",6.5701530962473e-08,1.08964915372462,1,1,0.00139444929314753,"2","STARD7"
"KRTAP10-31",6.62020727684385e-08,2.20583863642258,1,1,0.00140507279243734,"2","KRTAP10-3"
"KIAA1671",6.79992696903468e-08,1.49027829990639,1,1,0.00144321649990792,"2","KIAA1671"
"MGAT5",6.79992696903468e-08,0.924672266401412,1,1,0.00144321649990792,"2","MGAT5"
"PNP",6.79992696903468e-08,1.81430815940737,1,1,0.00144321649990792,"2","PNP"
"SNORA71C",7.10097566913612e-08,2.0398196396425,1,1,0.00150711107601745,"2","SNORA71C"
"RASGRP3",7.28305580050109e-08,1.59857949296964,1,1,0.00154575576309835,"2","RASGRP3"
"RBM17",7.28305580050109e-08,1.23158912450837,1,1,0.00154575576309835,"2","RBM17"
"SHANK1",7.6049268605726e-08,2.72761224158075,1,1,0.00161406967688793,"2","SHANK1"
"UNC5A",7.77788222126424e-08,3.65479592751307,1,1,0.00165077772264112,"2","UNC5A"
"KIAA1377",7.79551934768671e-08,0.165490777612504,1,1,0.00165452102635303,"2","KIAA1377"
"IMMTP1",7.86663737002386e-08,4.03064724571635,1,1,0.00166961511541386,"2","IMMTP1"
"PCLO",7.92997051707954e-08,4.16767086502158,1,1,0.00168305694254496,"2","PCLO"
"SNORA71A",8.06666611650139e-08,2.01231582317597,1,1,0.00171206921656625,"2","SNORA71A"
"ECSCR",8.07023311978358e-08,1.20372821459385,1,1,0.00171282627734287,"2","ECSCR"
"LIMK2",8.07062953792824e-08,1.39802451040388,1,1,0.00171291041312989,"2","LIMK2"
"TSN",8.07062953792824e-08,1.40457625182392,1,1,0.00171291041312989,"2","TSN"
"EBNA1BP2",8.34939072776594e-08,1.27200061396038,1,1,0.00177207468806104,"2","EBNA1BP2"
"FAM213B",8.35061845341466e-08,3.21659768494902,1,1,0.00177233526055273,"2","FAM213B"
"REXO2",8.35061845341466e-08,0.889088585709368,1,1,0.00177233526055273,"2","REXO2"
"LMO2",8.35102773008486e-08,2.15061545424041,1,1,0.00177242212543321,"2","LMO2"
"GRM61",8.38180546461277e-08,0.372230261814385,1,1,0.00177895439180941,"2","GRM6"
"RP11-451M19.3",8.57862560689338e-08,2.49757632956103,1,1,0.00182072749880705,"2","RP11-451M19.3"
"YWHAH",8.64042617522499e-08,1.26338477288287,1,1,0.00183384405142975,"2","YWHAH"
"CLSPN",8.64084871087868e-08,1.67166362740502,1,1,0.00183393373039689,"2","CLSPN"
"APEX1",8.94039773970203e-08,1.03885725843644,1,1,0.00189751001627436,"2","APEX1"
"CORO1C",8.94039773970203e-08,0.86030556720694,1,1,0.00189751001627436,"2","CORO1C"
"SHMT2",8.94039773970203e-08,1.51236977946028,1,1,0.00189751001627436,"2","SHMT2"
"SLC45A3",9.24953926679639e-08,1.52716318087874,1,1,0.00196312221398487,"2","SLC45A3"
"TOP2A",9.24998956977192e-08,1.41271235837657,1,1,0.00196321778628839,"2","TOP2A"
"GPR97",9.8603750876392e-08,2.86662812827183,1,1,0.00209276600860054,"2","GPR97"
"RRP1B",9.90060981536646e-08,1.49190808928516,1,1,0.00210130542721338,"2","RRP1B"
"CCDC58",1.03998266943835e-07,1.76729673889964,1,1,0.00220725921761596,"2","CCDC58"
"XPO5",1.05954282647266e-07,0.933290905362938,1,1,0.00224877369490557,"2","XPO5"
"UQCRH",1.09603078712328e-07,1.52215942530901,1,1,0.00232621574259044,"2","UQCRH"
"KIF17",1.1335156557133e-07,1.87636608053763,1,1,0.0024057736276859,"2","KIF17"
"MAGI1",1.13373345263571e-07,2.33246763149464,1,1,0.00240623587987404,"2","MAGI1"
"LTK1",1.16596276303985e-07,0.518078910382505,1,1,0.00247463936827577,"2","LTK"
"KRTAP10-13",1.1761014541311e-07,0.836417147701782,1,1,0.00249615772624785,"2","KRTAP10-1"
"CDC20",1.21178048805898e-07,1.82729016889753,1,1,0.00257188290785638,"2","CDC20"
"PPM1G",1.21293992251425e-07,1.61844076414382,1,1,0.00257434369154425,"2","PPM1G"
"COL8A21",1.24950668037517e-07,1.78786698184056,1,1,0.00265195297842827,"2","COL8A2"
"MCM10",1.25428589560456e-07,2.11921873702679,1,1,0.00266209638483112,"2","MCM10"
"DKC1",1.25452527018444e-07,1.68029519110675,1,1,0.00266260443343945,"2","DKC1"
"FGD5",1.25452527018444e-07,2.23026190897783,1,1,0.00266260443343945,"2","FGD5"
"GMFG",1.25452527018444e-07,0.697591086887831,1,1,0.00266260443343945,"2","GMFG"
"GRIK2",1.26329925348919e-07,1.75587119861203,1,1,0.00268122633560545,"2","GRIK2"
"RAB11A1",1.29724146795933e-07,1.23513323044603,1,1,0.00275326529159688,"2","RAB11A"
"TOP1MT",1.29748848063556e-07,2.0062400666792,1,1,0.00275378955130091,"2","TOP1MT"
"YBX1P1",1.29748848063556e-07,1.35987362939824,1,1,0.00275378955130091,"2","YBX1P1"
"RAC3",1.33830893665353e-07,2.2060484623313,1,1,0.00284042688715345,"2","RAC3"
"PPP1R16B",1.38772569494364e-07,1.75360413209597,1,1,0.00294530901494839,"2","PPP1R16B"
"POLR2L",1.41114970607298e-07,1.95526267333245,1,1,0.0029950241361693,"2","POLR2L"
"SLC2A9",1.45866838029424e-07,0.19035510753878,1,1,0.00309587777033649,"2","SLC2A9"
"CCT2",1.48401966237442e-07,1.12074285609281,1,1,0.00314968333142347,"2","CCT2"
"SEPT6",1.48401966237442e-07,1.45063283614301,1,1,0.00314968333142347,"2","SEPT6"
"ZNF219",1.48401966237442e-07,1.50380867515834,1,1,0.00314968333142347,"2","ZNF219"
"RALB",1.53455915750874e-07,1.50984156128183,1,1,0.00325694835589655,"2","RALB"
"GRAP",1.58415547100946e-07,2.57746073909572,1,1,0.00336221157167047,"2","GRAP"
"FAM83D",1.58668677905268e-07,2.103632749928,1,1,0.0033675840198614,"2","FAM83D"
"TMEM65",1.6134265480165e-07,1.25339822950409,1,1,0.00342433650551023,"2","TMEM65"
"ISL2",1.63030505222005e-07,1.97168526692332,1,1,0.00346015944283184,"2","ISL2"
"GJA11",1.69636559931659e-07,1.82217402431312,1,1,0.00360036634798953,"2","GJA1"
"LARP1",1.69636559931659e-07,0.781025965883845,1,1,0.00360036634798953,"2","LARP1"
"GADD45GIP1",1.72408489613071e-07,2.29061922445417,1,1,0.00365919778354783,"2","GADD45GIP1"
"MRPL48",1.72408489613071e-07,1.46441516042483,1,1,0.00365919778354783,"2","MRPL48"
"ATP11A",1.81327322528415e-07,1.20915401172789,1,1,0.00384849109334307,"2","ATP11A"
"MAGEB2",1.93565358212326e-07,1.88813507007248,1,1,0.0041082311626984,"2","MAGEB2"
"TSTA3",1.93786208207403e-07,1.64589223226198,1,1,0.00411291848299392,"2","TSTA3"
"EIF1AX",2.00298894081336e-07,1.2923711397639,1,1,0.00425114372798227,"2","EIF1AX"
"MCM6",2.00298894081336e-07,1.20983154352634,1,1,0.00425114372798227,"2","MCM6"
"LIMS1",2.00335919275809e-07,1.56001237423105,1,1,0.00425192955070978,"2","LIMS1"
"PITPNB",2.00335919275809e-07,0.825385474397237,1,1,0.00425192955070978,"2","PITPNB"
"MEIS3P21",2.06157447978895e-07,0.556882584081318,1,1,0.00437548567590407,"2","MEIS3P2"
"IQCA1",2.07051588880875e-07,3.50722773083786,1,1,0.0043944629224077,"2","IQCA1"
"ABR",2.07089774415245e-07,0.40058606673189,1,1,0.00439527337218917,"2","ABR"
"HDHD1",2.13866586503969e-07,1.76969886851376,1,1,0.00453910443196025,"2","HDHD1"
"PLK1",2.13964987682957e-07,1.35398379810431,1,1,0.00454119289858308,"2","PLK1"
"ANKDD1A",2.14024047047268e-07,1.40964865756931,1,1,0.00454244637453122,"2","ANKDD1A"
"TMEM183A",2.14063427732207e-07,1.07038524716218,1,1,0.00454328219018837,"2","TMEM183A"
"RP11-774O3.31",2.19039597235382e-07,0.667979612743245,1,1,0.00464889641172376,"2","RP11-774O3.3"
"SMAGP",2.2106076425962e-07,1.73479228495903,1,1,0.00469179366064617,"2","SMAGP"
"KIF14",2.21162241385571e-07,1.59738370775893,1,1,0.00469394741116737,"2","KIF14"
"BUB1",2.21253604979806e-07,0.28375420764249,1,1,0.00469588651209141,"2","BUB1"
"KARS",2.28697852036157e-07,1.10819540846889,1,1,0.00485388321161539,"2","KARS"
"NSMF",2.28697852036157e-07,1.54337701757131,1,1,0.00485388321161539,"2","NSMF"
"MRPS2",2.32132942857373e-07,2.73559012663079,1,1,0.00492678957920489,"2","MRPS2"
"GTSE1",2.36265055688509e-07,1.71994264414643,1,1,0.00501448954193292,"2","GTSE1"
"MKI67",2.36373005679696e-07,1.69034704495825,1,1,0.00501678067254588,"2","MKI67"
"KIF2C",2.44074155936187e-07,1.57722319741892,1,1,0.00518022988558964,"2","KIF2C"
"CCNB1",2.44185423585527e-07,2.08080547472156,1,1,0.00518259143017922,"2","CCNB1"
"EMID11",2.47958815793416e-07,2.70293725215842,1,1,0.00526267790639946,"2","EMID1"
"SCML2",2.47958815793416e-07,1.88995232203895,1,1,0.00526267790639946,"2","SCML2"
"ACOT9",2.52476778632134e-07,1.08594264894104,1,1,0.00535856714968842,"2","ACOT9"
"LYAR",2.52476778632134e-07,1.98066457104642,1,1,0.00535856714968842,"2","LYAR"
"RHOJ",2.60873767277738e-07,1.35006164229829,1,1,0.00553678483670271,"2","RHOJ"
"ST3GAL6",2.60873767277738e-07,2.06375295854384,1,1,0.00553678483670271,"2","ST3GAL6"
"POLR1A",2.60921107444578e-07,1.00147707136842,1,1,0.00553778958440372,"2","POLR1A"
"ABCE1",2.69589119888595e-07,1.17109559505082,1,1,0.00572175948051555,"2","ABCE1"
"ENOPH1",2.69589119888595e-07,1.29243380560053,1,1,0.00572175948051555,"2","ENOPH1"
"EFCC1",2.78509906244173e-07,2.50007054774677,1,1,0.00591109425012634,"2","EFCC1"
"FMO5",2.87197554757404e-07,0.583606340658481,1,1,0.00609548090217115,"2","FMO5"
"C12orf65",2.87871223339744e-07,1.77183965808319,1,1,0.00610977884416273,"2","C12orf65"
"DOCK5",2.97509111628128e-07,1.43149322705622,1,1,0.00631433338519539,"2","DOCK5"
"DFNB312",3.17330064091375e-07,0.135621174817162,1,1,0.00673501328027534,"2","DFNB31"
"TAL1",3.28005956684132e-07,2.06320185072028,1,1,0.00696159842466401,"2","TAL1"
"PRDX4",3.28152380287381e-07,1.66485292324851,1,1,0.00696470611921937,"2","PRDX4"
"PDCD5",3.39027811210274e-07,1.35057635727309,1,1,0.00719552626512685,"2","PDCD5"
"RP11-709A23.2",3.4405916678148e-07,1.3010334529642,1,1,0.00730231175577014,"2","RP11-709A23.2"
"PYCR1",3.50188539506934e-07,1.79740654144943,1,1,0.00743240156249516,"2","PYCR1"
"PARVB",3.50250768446759e-07,1.57789102881468,1,1,0.00743372230951401,"2","PARVB"
"SRP72",3.50250768446759e-07,0.677875635422179,1,1,0.00743372230951401,"2","SRP72"
"UROD",3.50250768446759e-07,0.707760850044341,1,1,0.00743372230951401,"2","UROD"
"ZNF74",3.61767780668238e-07,3.38365937490539,1,1,0.00767815937690268,"2","ZNF74"
"CDHR5",3.67190846976634e-07,2.68198887714058,1,1,0.00779325853623208,"2","CDHR5"
"CAD",3.73782233607275e-07,1.39466505954813,1,1,0.00793315412608081,"2","CAD"
"SHE",3.73782233607275e-07,1.25007051153662,1,1,0.00793315412608081,"2","SHE"
"LTB",3.85517319903666e-07,1.7988909954111,1,1,0.0081822195976354,"2","LTB"
"GPRC5B",3.86113017840086e-07,1.56772546188181,1,1,0.00819486269063797,"2","GPRC5B"
"GINS1",3.91819981228449e-07,1.53319450354589,1,1,0.00831598728159261,"2","GINS1"
"APOL12",3.98485009825782e-07,0.31487165313548,1,1,0.0084574458485424,"2","APOL1"
"CCNA2",3.98485009825782e-07,1.48016608548228,1,1,0.0084574458485424,"2","CCNA2"
"IMP4",3.98765699813289e-07,1.29789341372145,1,1,0.00846340321283725,"2","IMP4"
"RAB11FIP5",3.98835898634207e-07,1.03668599914774,1,1,0.0084648931126124,"2","RAB11FIP5"
"RPS7",3.98835898634207e-07,1.21703862653457,1,1,0.0084648931126124,"2","RPS7"
"YES1",3.98835898634207e-07,1.41260390441408,1,1,0.0084648931126124,"2","YES1"
"TMEM38B1",4.05169969129245e-07,0.191440121537239,1,1,0.0085993274247991,"2","TMEM38B"
"RP11-169K16.7",4.11962844651286e-07,2.08949732297237,1,1,0.00874349941487889,"2","RP11-169K16.7"
"DMTN",4.25506173439962e-07,1.3214084699256,1,1,0.00903094302508975,"2","DMTN"
"DDX21",4.39478561081536e-07,1.53943768777416,1,1,0.00932749298039452,"2","DDX21"
"EFNB11",4.39478561081536e-07,0.421642351793686,1,1,0.00932749298039452,"2","EFNB1"
"PALD1",4.39478561081536e-07,2.54305224594941,1,1,0.00932749298039452,"2","PALD1"
"TIMELESS",4.39478561081536e-07,1.34852335211117,1,1,0.00932749298039452,"2","TIMELESS"
"CDC45",4.45947912400631e-07,2.59216388788204,1,1,0.009464798492791,"2","CDC45"
"CCDC86",4.46434822873135e-07,3.30310533721209,1,1,0.00947513268065942,"2","CCDC86"
"TMEM246",4.53200980508348e-07,1.62288352415659,1,1,0.00961873761030918,"2","TMEM246"
"SEMA3A",4.53695225648456e-07,1.74655399406439,1,1,0.00962922746916282,"2","SEMA3A"
"DFFA",4.5387326614005e-07,1.26878572395425,1,1,0.00963300620055641,"2","DFFA"
"TULP1",4.64283885622744e-07,1.22946056327402,1,1,0.00985396118845712,"2","TULP1"
"CCNB2",4.67622620696051e-07,1.45981586988593,1,1,0.00992482250165299,"2","CCNB2"
"PFDN6",4.68742683661785e-07,1.22760677421526,1,1,0.00994859471803773,"2","PFDN6"
"DHX9",4.99925331867593e-07,0.505648742805143,1,1,0.0106104152435578,"2","DHX9"
"POLR1D",4.99925331867593e-07,0.775780598510785,1,1,0.0106104152435578,"2","POLR1D"
"TIMM50",5.16224119135545e-07,1.38447085245475,1,1,0.0109563407045328,"2","TIMM50"
"NDUFS31",5.50420042097917e-07,0.753690582221129,1,1,0.0116821149734862,"2","NDUFS3"
"C1QBP",5.50443697787125e-07,1.67790352310808,1,1,0.011682617041834,"2","C1QBP"
"NF2",5.50443697787125e-07,1.07309623251134,1,1,0.011682617041834,"2","NF2"
"STIP1",5.50443697787125e-07,1.44481983374914,1,1,0.011682617041834,"2","STIP1"
"LEPREL1",5.67864131040153e-07,0.150478517572816,1,1,0.0120523483171962,"2","LEPREL1"
"PFDN2",5.77267177773444e-07,1.71440305017857,1,1,0.0122519185810636,"2","PFDN2"
"MYBL2",5.86719521923872e-07,1.60194190864949,1,1,0.0124525351333122,"2","MYBL2"
"ADSL",5.86819912780357e-07,1.30864701241715,1,1,0.0124546658288503,"2","ADSL"
"CARD10",5.86819912780357e-07,1.77776101188946,1,1,0.0124546658288503,"2","CARD10"
"PRKAR1B",5.86819912780357e-07,1.36057388858236,1,1,0.0124546658288503,"2","PRKAR1B"
"WDR43",5.86819912780357e-07,1.4631847050197,1,1,0.0124546658288503,"2","WDR43"
"TRIM46",6.05762965277181e-07,1.36242992939039,1,1,0.0128567131750429,"2","TRIM46"
"FANCE",6.05840515484034e-07,1.0965571952843,1,1,0.0128583591006331,"2","FANCE"
"WDR36",6.05840515484034e-07,0.952181221445326,1,1,0.0128583591006331,"2","WDR36"
"TMX1",6.05866367423214e-07,0.768111486225392,1,1,0.0128589077821903,"2","TMX1"
"TOR4A",6.11295480313092e-07,3.58028023912463,1,1,0.0129741352741651,"2","TOR4A"
"RP11-298C3.2",6.2231969332985e-07,1.93510223959179,1,1,0.0132081131712327,"2","RP11-298C3.2"
"GATAD2A",6.25508002903929e-07,1.15298940280794,1,1,0.013275781853633,"2","GATAD2A"
"HMOX2",6.25508002903929e-07,1.56932735987241,1,1,0.013275781853633,"2","HMOX2"
"NPDC11",6.25508002903929e-07,0.717763923032733,1,1,0.013275781853633,"2","NPDC1"
"MRPL40",6.45488463674287e-07,1.36923771161072,1,1,0.0136998471530231,"2","MRPL40"
"CSK",6.45762647564426e-07,0.992977665257232,1,1,0.0137056664319074,"2","CSK"
"GIMAP1",6.66620396768462e-07,1.55958723919494,1,1,0.0141483513010138,"2","GIMAP1"
"CENPE",6.66648638804679e-07,1.30969023295822,1,1,0.0141489507099905,"2","CENPE"
"SLC38A1",6.66648638804679e-07,2.12958502919821,1,1,0.0141489507099905,"2","SLC38A1"
"ADAM19",6.88184836835283e-07,1.3627707759263,1,1,0.014606034976992,"2","ADAM19"
"CENPA",7.06804131865909e-07,2.31241310120897,1,1,0.015001210894722,"2","CENPA"
"EIF5B",7.10390638777943e-07,1.62851436553073,1,1,0.0150773309174231,"2","EIF5B"
"XPNPEP1",7.10390638777943e-07,0.954152843437551,1,1,0.0150773309174231,"2","XPNPEP1"
"CHRAC1",7.56573880782542e-07,1.04101483699257,1,1,0.0160575240457287,"2","CHRAC1"
"HNRNPC",7.56891414544917e-07,0.8168949747262,1,1,0.0160642633823013,"2","HNRNPC"
"TBC1D1",7.81227999106426e-07,1.23543632166877,1,1,0.0165807830530348,"2","TBC1D1"
"MRPL52",8.06317439822821e-07,1.90262753863697,1,1,0.0171132813427996,"2","MRPL52"
"KRTAP10-41",8.1331335826965e-07,1.40550953097044,1,1,0.017261762715915,"2","KRTAP10-4"
"LINC00176",8.19643952340605e-07,2.3130230755103,1,1,0.017396123244477,"2","LINC00176"
"CEP55",8.58701990011026e-07,1.35480276234579,1,1,0.018225091035994,"2","CEP55"
"IPO7",8.58844742759659e-07,1.21690137357859,1,1,0.018228120820331,"2","IPO7"
"CCDC150",9.13903157741299e-07,1.69144185991509,1,1,0.0193966806199013,"2","CCDC150"
"MYL6B",9.14621597544782e-07,1.66280707640677,1,1,0.0194119287862905,"2","MYL6B"
"UTP14A",9.14659423350474e-07,1.4188462254168,1,1,0.0194127316011905,"2","UTP14A"
"KRTAP12-4",9.33304759095414e-07,1.41303669996549,1,1,0.0198084602070411,"2","KRTAP12-4"
"MMP17",9.41682083167323e-07,3.01509227352004,1,1,0.0199862605331433,"2","MMP17"
"CCDC77",9.43082054438503e-07,1.3960673417504,1,1,0.0200159735234028,"2","CCDC77"
"IARS2",9.43860573746722e-07,0.829540066072539,1,1,0.0200324968172004,"2","IARS2"
"KIFC1",9.43860573746722e-07,1.03588119487139,1,1,0.0200324968172004,"2","KIFC1"
"NONO",9.43860573746722e-07,0.817004097515227,1,1,0.0200324968172004,"2","NONO"
"GPRIN3",9.58756189975825e-07,1.77252437907886,1,1,0.0203486413760469,"2","GPRIN3"
"CPSF3",9.73958196998639e-07,0.806026880137992,1,1,0.0206712887730991,"2","CPSF3"
"IFRD2",9.73958196998639e-07,1.59833073872497,1,1,0.0206712887730991,"2","IFRD2"
"HMMR",1.00493737568618e-06,1.81416529525074,1,1,0.0213287908615635,"2","HMMR"
"NCAPH",1.03677910157658e-06,1.26011901418357,1,1,0.0220045996518614,"2","NCAPH"
"RWDD2B",1.03677910157658e-06,1.26898473462819,1,1,0.0220045996518614,"2","RWDD2B"
"PA2G4",1.03694896543431e-06,1.00626650899314,1,1,0.0220082048423779,"2","PA2G4"
"RCC1",1.03694896543431e-06,1.95957689905781,1,1,0.0220082048423779,"2","RCC1"
"SKP2",1.06989702268392e-06,1.49988066881669,1,1,0.0227074944094434,"2","SKP2"
"HIST1H2BL",1.08630322590199e-06,1.644365514179,1,1,0.0230556996665439,"2","HIST1H2BL"
"MELK",1.1036714730349e-06,1.75536063425093,1,1,0.0234243233436928,"2","MELK"
"MGST2",1.10385141625211e-06,1.20009431998826,1,1,0.0234281424585347,"2","MGST2"
"MAST1",1.10822558317992e-06,3.0151632626474,1,1,0.0235209797774106,"2","MAST1"
"EFNA1",1.13837861435179e-06,1.72134962244086,1,1,0.0241609477110024,"2","EFNA1"
"HSP90AB1",1.13884155189803e-06,1.23251599607145,1,1,0.0241707730974838,"2","HSP90AB1"
"HSPD1",1.13884155189803e-06,1.71379979572079,1,1,0.0241707730974838,"2","HSPD1"
"KIAA20221",1.19809402306795e-06,0.109371843784116,1,1,0.0254283475455941,"2","KIAA2022"
"CMTM7",1.21205077886988e-06,1.22104686533152,1,1,0.0257245657307343,"2","CMTM7"
"TOX2",1.22687603431733e-06,2.01129394938626,1,1,0.0260392169523511,"2","TOX2"
"ZNF582",1.23207741766028e-06,0.45444715445055,1,1,0.0261496111124217,"2","ZNF582"
"SARM1",1.28873849754473e-06,1.67043666500046,1,1,0.0273521858718894,"2","SARM1"
"TFPI",1.28977667864849e-06,2.21080794158787,1,1,0.0273742202276356,"2","TFPI"
"TBXA2R",1.32988174415675e-06,1.91581006549065,1,1,0.028225410137983,"2","TBXA2R"
"LL22NC03-80A10.6",1.33041596632861e-06,1.50285345219722,1,1,0.0282367484693584,"2","LL22NC03-80A10.6"
"HSD11B1L",1.36920952178108e-06,1.08561941376799,1,1,0.0290601028902816,"2","HSD11B1L"
"BUB1B",1.37228535536533e-06,1.7310661125242,1,1,0.0291253843822738,"2","BUB1B"
"TINAGL11",1.37228535536533e-06,0.654354153736971,1,1,0.0291253843822738,"2","TINAGL1"
"KLHL4",1.41428950162017e-06,1.9148109303171,1,1,0.0300168803823864,"2","KLHL4"
"FAM126A",1.41542043872778e-06,1.58298371386294,1,1,0.0300408833915584,"2","FAM126A"
"SIRPA",1.41542043872778e-06,1.21157662995256,1,1,0.0300408833915584,"2","SIRPA"
"SLITRK4",1.42803297881741e-06,2.28888046537005,1,1,0.0303085719424206,"2","SLITRK4"
"DNAJC11",1.45985778761016e-06,2.06125428141986,1,1,0.030984021684238,"2","DNAJC11"
"CHCHD3",1.505634976748e-06,0.989545788360775,1,1,0.0319555967464996,"2","CHCHD3"
"WFS1",1.505634976748e-06,1.26903870331397,1,1,0.0319555967464996,"2","WFS1"
"UBE2C",1.60009742330056e-06,2.05546374992198,1,1,0.033960467712131,"2","UBE2C"
"SRSF1",1.60136434861522e-06,1.61846284849739,1,1,0.0339873569350094,"2","SRSF1"
"ATF5",1.65139693497994e-06,1.57235251842881,1,1,0.0350492485480142,"2","ATF5"
"ATP5L",1.65139693497994e-06,0.932550581787435,1,1,0.0350492485480142,"2","ATP5L"
"HSPA8P51",1.70158960948619e-06,0.600560453982499,1,1,0.036114537871735,"2","HSPA8P5"
"LDHA",1.70293022389035e-06,1.51117563980059,1,1,0.0361429910718488,"2","LDHA"
"KRTAP10-10",1.70864086467106e-06,1.38238723064481,1,1,0.0362641937117785,"2","KRTAP10-10"
"UCK2",1.75462824048436e-06,1.76806259753037,1,1,0.03724022977604,"2","UCK2"
"DLGAP5",1.75531761186441e-06,1.27886615648841,1,1,0.0372548609942102,"2","DLGAP5"
"ABCF2",1.81067205400675e-06,1.21167080811041,1,1,0.0384297036742392,"2","ABCF2"
"CHST15",1.81067205400675e-06,1.03443852645741,1,1,0.0384297036742392,"2","CHST15"
"YWHAG",1.8668971552415e-06,1.24551325871585,1,1,0.0396230252228455,"2","YWHAG"
"NCAPG",1.86697011919451e-06,1.3828005762794,1,1,0.0396245738097842,"2","NCAPG"
"CNOT11",1.92487295292957e-06,1.03593187206511,1,1,0.0408535035529771,"2","CNOT11"
"ELAC2",1.92487295292957e-06,0.817759679046382,1,1,0.0408535035529771,"2","ELAC2"
"NANS",1.92487295292957e-06,1.41099981983589,1,1,0.0408535035529771,"2","NANS"
"DAZAP1",1.92494799534358e-06,0.918440029080827,1,1,0.0408550962531721,"2","DAZAP1"
"SMAD3",1.92494799534358e-06,0.430576509874921,1,1,0.0408550962531721,"2","SMAD3"
"KRTAP10-21",1.930658744349e-06,0.624881362697215,1,1,0.0409763011900631,"2","KRTAP10-2"
"CDC25A",1.98033546943759e-06,1.67864086481399,1,1,0.0420306400033435,"2","CDC25A"
"MRTO4",1.98434484030343e-06,2.26867175169173,1,1,0.0421157348906,"2","MRTO4"
"SPATA20",1.98465353336987e-06,0.139789872370695,1,1,0.0421222865922422,"2","SPATA20"
"MMP12",2.00860397342479e-06,1.21262639800776,1,1,0.0426306107319677,"2","MMP12"
"VDAC1",2.10936387369448e-06,0.939816587880451,1,1,0.0447691388552916,"2","VDAC1"
"LMNB1",2.10944549407753e-06,1.38788727556173,1,1,0.0447708711663015,"2","LMNB1"
"SARS",2.10944549407753e-06,1.21966911022341,1,1,0.0447708711663015,"2","SARS"
"CLEC4M",2.13550173736553e-06,4.58413167198575,1,1,0.0453238888738461,"2","CLEC4M"
"C1orf2041",2.23938431382456e-06,0.121672644226583,1,1,0.0475286926766124,"2","C1orf204"
"HEATR2",2.241410047846e-06,1.66773674457242,1,1,0.0475716868554836,"2","HEATR2"
"HID1",2.24166894883117e-06,1.33630913372155,1,1,0.0475771817699927,"2","HID1"
"CC2D2B",2.30851681999977e-06,0.524243868631812,1,1,0.0489959609876752,"2","CC2D2B"
"GTF2E1",2.30908894171179e-06,1.04638439754976,1,1,0.049008103698891,"2","GTF2E1"
"CDKL1",2.30997596328783e-06,2.37692557306314,1,1,0.0490269298448209,"2","CDKL1"
"LEPRE1",2.31086326804035e-06,1.23192625454244,1,1,0.0490457620008885,"2","LEPRE1"
"TERC",2.31086326804035e-06,2.55521273005154,1,1,0.0490457620008885,"2","TERC"
"USP13",2.31086326804035e-06,0.971750939005229,1,1,0.0490457620008885,"2","USP13"
"KRTAP12-3",2.31156448423767e-06,0.610669649690712,1,1,0.0490606446134602,"2","KRTAP12-3"
"CISD1",2.3430320533789e-06,1.3281367266715,1,1,0.0497285123009139,"2","CISD1"
"LAMB31",2.3801900025396e-06,0.836943557632329,1,1,0.0505171526139004,"2","LAMB3"
"PRPS1",2.38164940107963e-06,0.907259520550754,1,1,0.0505481268885141,"2","PRPS1"
"TIMM21",2.38164940107963e-06,1.13670067872044,1,1,0.0505481268885141,"2","TIMM21"
"WDR12",2.38164940107963e-06,1.13139252688303,1,1,0.0505481268885141,"2","WDR12"
"ERO1L",2.38201436683424e-06,0.87856154680601,1,1,0.0505558729216899,"2","ERO1L"
"HDGF",2.38201436683424e-06,1.59850314383552,1,1,0.0505558729216899,"2","HDGF"
"HSPA8",2.38201436683424e-06,0.981032085885012,1,1,0.0505558729216899,"2","HSPA8"
"SOX18",2.38201436683424e-06,1.76954366850163,1,1,0.0505558729216899,"2","SOX18"
"DTL",2.45526616592864e-06,1.09703308993363,1,1,0.0521105691056695,"2","DTL"
"PPIA",2.45526616592864e-06,0.923596422630482,1,1,0.0521105691056695,"2","PPIA"
"AURKA",2.49174713297062e-06,1.17228064173812,1,1,0.0528848411501685,"2","AURKA"
"BCR1",2.53067781907726e-06,1.2452186230503,1,1,0.0537111060320959,"2","BCR"
"CCDC124",2.53067781907726e-06,1.91084905823037,1,1,0.0537111060320959,"2","CCDC124"
"TEX14",2.56351342351189e-06,1.89531170135215,1,1,0.0544080089006163,"2","TEX14"
"MAF",2.60831005748156e-06,1.43069428389814,1,1,0.0553587726599885,"2","MAF"
"DAND5",2.6266217354517e-06,3.46965189929257,1,1,0.0557474197132268,"2","DAND5"
"NOP16",2.68618700857727e-06,1.62406080655686,1,1,0.057011633070044,"2","NOP16"
"UBAP2L",2.68822522923976e-06,0.630494421648788,1,1,0.0570548922653846,"2","UBAP2L"
"MRPL9",2.81145660539733e-06,0.979629631561185,1,1,0.059670354992953,"2","MRPL9"
"POLD3",2.81241271131588e-06,1.0956452214758,1,1,0.0596906473849682,"2","POLD3"
"RPS27A",2.85516209279169e-06,1.28061868196798,1,1,0.0605979602574107,"2","RPS27A"
"SNX25",2.85516209279169e-06,0.910288816850379,1,1,0.0605979602574107,"2","SNX25"
"C15orf59",2.86781118527139e-06,0.297187991360786,1,1,0.0608664245961999,"2","C15orf59"
"C19orf71",2.88926271965157e-06,1.07134777986099,1,1,0.0613217119618849,"2","C19orf71"
"NEK2",2.93302746199942e-06,2.44404660597906,1,1,0.0622505748534758,"2","NEK2"
"AC098614.2",2.94231693318949e-06,1.6414908495439,1,1,0.0624477345900138,"2","AC098614.2"
"RP11-299L17.1",2.98059745803413e-06,1.31034399544424,1,1,0.0632602004493164,"2","RP11-299L17.1"
"MIS18A",3.0297453921128e-06,0.932025972669537,1,1,0.0643033162022021,"2","MIS18A"
"EPB41L2",3.03202108960467e-06,0.913043869832155,1,1,0.0643516156057696,"2","EPB41L2"
"RHEB",3.03202108960467e-06,1.03823073765658,1,1,0.0643516156057696,"2","RHEB"
"KIAA0101",3.07381470002634e-06,1.91115913563642,1,1,0.065238643193359,"2","KIAA0101"
"ZNF467",3.12422863267264e-06,1.23122384811651,1,1,0.0663086284998441,"2","ZNF467"
"EIF2S2",3.12434561894878e-06,1.01674546478674,1,1,0.0663111114165688,"2","EIF2S2"
"ILF3",3.12434561894878e-06,0.73329204308849,1,1,0.0663111114165688,"2","ILF3"
"TROAP",3.12434561894878e-06,2.08229376368298,1,1,0.0663111114165688,"2","TROAP"
"IKBKE",3.21816124367597e-06,1.73615900354456,1,1,0.0683022542357788,"2","IKBKE"
"HSPA4",3.2193634515553e-06,0.927234503741534,1,1,0.0683277698958096,"2","HSPA4"
"PRPF19",3.2193634515553e-06,1.01181217256065,1,1,0.0683277698958096,"2","PRPF19"
"RTKN",3.26668688994925e-06,1.24616555802294,1,1,0.0693321625522829,"2","RTKN"
"HNRNPF",3.31714943742511e-06,0.698002056885446,1,1,0.0704031796599105,"2","HNRNPF"
"PARK7",3.31714943742511e-06,0.838202923114096,1,1,0.0704031796599105,"2","PARK7"
"FAM98A",3.41765339519843e-06,0.974441417148901,1,1,0.0725362756596914,"2","FAM98A"
"ALPK3",3.4177803935245e-06,1.75648650806257,1,1,0.072538971072164,"2","ALPK3"
"CKAP5",3.4177803935245e-06,0.711080019430916,1,1,0.072538971072164,"2","CKAP5"
"SUV39H2",3.46468359893469e-06,1.39292458901683,1,1,0.07353444470379,"2","SUV39H2"
"NDUFAF2",3.46790002869323e-06,0.997390519764854,1,1,0.0736027102089851,"2","NDUFAF2"
"PRR11",3.46905854651841e-06,1.41237062484444,1,1,0.0736272985913068,"2","PRR11"
"LIN28B",3.50551292901786e-06,2.25221537760383,1,1,0.0744010064054751,"2","LIN28B"
"CKS2",3.51872566630579e-06,1.42280945326313,1,1,0.0746814335416741,"2","CKS2"
"PIF1",3.57291130290939e-06,1.97512581230917,1,1,0.0758314694929488,"2","PIF1"
"GIMAP8",3.62789461043563e-06,1.09586441197334,1,1,0.0769984352118857,"2","GIMAP8"
"RP11-108K14.4",3.72597967254371e-06,1.06958268780889,1,1,0.0790801925700677,"2","RP11-108K14.4"
"SCAMP5",3.73699053453762e-06,1.81710911953689,1,1,0.0793138871050265,"2","SCAMP5"
"BCCIP",3.7375417808632e-06,1.34038176989485,1,1,0.0793255867570405,"2","BCCIP"
"CAPRIN1",3.7375417808632e-06,0.600380724224628,1,1,0.0793255867570405,"2","CAPRIN1"
"DRG1",3.7375417808632e-06,0.533109756699261,1,1,0.0793255867570405,"2","DRG1"
"EIF2S3",3.7375417808632e-06,0.928113222007607,1,1,0.0793255867570405,"2","EIF2S3"
"RPS3",3.7375417808632e-06,1.3261566154074,1,1,0.0793255867570405,"2","RPS3"
"PKMYT1",3.82705348125859e-06,1.45819964383305,1,1,0.0812253830862324,"2","PKMYT1"
"F2RL3",3.84979541204689e-06,0.693174092822748,1,1,0.0817080578252831,"2","F2RL3"
"PDCD11",3.85036184306802e-06,0.700539551631731,1,1,0.0817200797572756,"2","PDCD11"
"RPL27A",3.85036184306802e-06,1.36731792575093,1,1,0.0817200797572756,"2","RPL27A"
"KIF11",3.96644219669348e-06,1.13918701437706,1,1,0.0841837691826225,"2","KIF11"
"POLR2H",3.96644219669348e-06,1.10206455191565,1,1,0.0841837691826225,"2","POLR2H"
"AMPD2",4.02425816923e-06,1.15754748308635,1,1,0.0854108553837375,"2","AMPD2"
"PRSS21",4.07926440302419e-06,3.21055560619651,1,1,0.0865783076897854,"2","PRSS21"
"ORC6",4.085274520148e-06,1.73274122597408,1,1,0.0867058664156211,"2","ORC6"
"RP11-570P14.1",4.085274520148e-06,1.61019503496683,1,1,0.0867058664156211,"2","RP11-570P14.1"
"SMAD1",4.08572300989455e-06,1.75343731339243,1,1,0.086715385162002,"2","SMAD1"
"TBCA",4.08587251547989e-06,1.12009588030405,1,1,0.0867185582685453,"2","TBCA"
"PPM1F",4.20874480255732e-06,1.23036186866604,1,1,0.0893263996894766,"2","PPM1F"
"PXMP21",4.3296328506089e-06,1.42492813216267,1,1,0.0918921276213234,"2","PXMP2"
"LTV1",4.33499563539352e-06,0.996160389951577,1,1,0.0920059473655921,"2","LTV1"
"CCT4",4.33515344697477e-06,1.01647729885221,1,1,0.0920092967585925,"2","CCT4"
"DARS",4.33515344697477e-06,1.0626896271412,1,1,0.0920092967585925,"2","DARS"
"MAP4K41",4.33515344697477e-06,1.49006067840625,1,1,0.0920092967585925,"2","MAP4K4"
"SEPHS1",4.39955411113728e-06,1.01402906227015,1,1,0.0933761364547777,"2","SEPHS1"
"CT45A5",4.42421101066348e-06,3.18951503685248,1,1,0.0938994544903217,"2","CT45A5"
"AKAP12",4.46519528149033e-06,1.81582410951515,1,1,0.0947693046543507,"2","AKAP12"
"VHL",4.46519528149033e-06,1.0272257643973,1,1,0.0947693046543507,"2","VHL"
"GUCA1B",4.59099644024293e-06,2.0070904099704,1,1,0.0974393084477159,"2","GUCA1B"
"TTC4",4.5988030891608e-06,1.16260203114137,1,1,0.0976049967643487,"2","TTC4"
"CDK4",4.59896964164729e-06,0.91371490281748,1,1,0.0976085316743222,"2","CDK4"
"MRPS21",4.73589408609285e-06,1.32914593876753,1,1,0.100514616083235,"2","MRPS21"
"CEP250",4.73657842616212e-06,1.2923938870729,1,1,0.100529140516865,"2","CEP250"
"ISLR2",4.87197801465957e-06,2.83122146989311,1,1,0.103402861383135,"2","ISLR2"
"SNRPB2",4.87812615865015e-06,0.841676079988202,1,1,0.103533349591191,"2","SNRPB2"
"AC073621.2",4.87816839740016e-06,3.62777130465295,1,1,0.103534246066421,"2","AC073621.2"
"PLCD3",5.02299797871989e-06,2.71625245018992,1,1,0.106608109100351,"2","PLCD3"
"C11orf48",5.02353952474023e-06,1.68574659034936,1,1,0.106619602873087,"2","C11orf48"
"NELFCD",5.02372005071537e-06,0.142053160717229,1,1,0.106623434356383,"2","NELFCD"
"NECAB1",5.07048083712865e-06,0.882638502503109,1,1,0.107615885287219,"2","NECAB1"
"EYA1",5.15791334753896e-06,3.57951258438397,1,1,0.109471552888167,"2","EYA1"
"DNAJA1",5.17347006643143e-06,0.91596759013521,1,1,0.109801728689941,"2","DNAJA1"
"ZNF2141",5.2414085050312e-06,0.759535956450197,1,1,0.111243654110782,"2","ZNF214"
"SSBP1",5.24805979006391e-06,1.1418985057327,1,1,0.111384820984316,"2","SSBP1"
"POLD2",5.32748898824106e-06,1.80030584540796,1,1,0.113070626286428,"2","POLD2"
"MGAT31",5.3743650402258e-06,0.270285626822549,1,1,0.114065523613752,"2","MGAT3"
"KRTAP10-51",5.44182748178878e-06,1.39696873152921,1,1,0.115497346473485,"2","KRTAP10-5"
"DTX11",5.48198153589621e-06,2.05585972303111,1,1,0.116349576117861,"2","DTX1"
"DLGAP4",5.64879917730645e-06,0.713690950154753,1,1,0.119890113739152,"2","DLGAP4"
"NOP58",5.64879917730645e-06,1.14524838925987,1,1,0.119890113739152,"2","NOP58"
"RP1-292B18.1",5.64879917730645e-06,1.23189026294738,1,1,0.119890113739152,"2","RP1-292B18.1"
"SSB",5.64879917730645e-06,1.07500126657165,1,1,0.119890113739152,"2","SSB"
"CDCA7",5.72485741104558e-06,1.87227753106428,1,1,0.121504373692031,"2","CDCA7"
"ZP2",5.79947214089284e-06,3.22259237311066,1,1,0.12308799671831,"2","ZP2"
"ANKLE1",5.81220577028753e-06,1.24453468438601,1,1,0.123358255268583,"2","ANKLE1"
"DLL4",5.81550553452973e-06,1.55527510931152,1,1,0.123428289464859,"2","DLL4"
"ESPL1",5.81550553452973e-06,1.26969129852828,1,1,0.123428289464859,"2","ESPL1"
"OSGEP",5.81550553452973e-06,1.13284288737022,1,1,0.123428289464859,"2","OSGEP"
"FKBP4",5.81633071480594e-06,1.11114355054309,1,1,0.123445803091041,"2","FKBP4"
"HNRNPA3",5.81633071480594e-06,0.988373696146287,1,1,0.123445803091041,"2","HNRNPA3"
"MRC1",5.81633071480594e-06,2.63732299350954,1,1,0.123445803091041,"2","MRC1"
"MTFMT1",5.89977928510262e-06,0.607121815369796,1,1,0.125216915547018,"2","MTFMT"
"C12orf52",5.98437580020676e-06,0.972438137927469,1,1,0.127012391983588,"2","C12orf52"
"SFXN11",5.98437580020676e-06,1.11100370839508,1,1,0.127012391983588,"2","SFXN1"
"CCT8",5.98839998086383e-06,0.930027745079943,1,1,0.127097801193854,"2","CCT8"
"PRELID1",5.98839998086383e-06,1.35600947035065,1,1,0.127097801193854,"2","PRELID1"
"RABGGTB",5.98861184106614e-06,1.15606742043617,1,1,0.127102297714788,"2","RABGGTB"
"CNTN6",6.05007625706069e-06,0.469541528425811,1,1,0.128406818479856,"2","CNTN6"
"DNPH1",6.15815969241628e-06,1.88161552796945,1,1,0.130700781311843,"2","DNPH1"
"NUPR1",6.16142051468422e-06,0.358459627531339,1,1,0.130769989003658,"2","NUPR1"
"UHRF1",6.25401539490949e-06,2.52055906824567,1,1,0.132735222741559,"2","UHRF1"
"TOMM5",6.34704420617025e-06,1.35511946106774,1,1,0.134709666231757,"2","TOMM5"
"NOC4L",6.44071517610053e-06,0.895428714146711,1,1,0.136697738897558,"2","NOC4L"
"RP11-379B18.5",6.48146881969544e-06,1.1962902294425,1,1,0.137562694229216,"2","RP11-379B18.5"
"FAM72A",6.51600249695252e-06,1.19632339733302,1,1,0.13829563699532,"2","FAM72A"
"G3BP2",6.53524819874414e-06,0.920799626341797,1,1,0.138704107770146,"2","G3BP2"
"TNFAIP8L31",6.71466043246562e-06,1.14458811396659,1,1,0.14251195301865,"2","TNFAIP8L3"
"ZNF259",6.72783966028384e-06,0.968008684211886,1,1,0.142791668949864,"2","ZNF259"
"CDCA8",6.92101835407048e-06,1.56419834589965,1,1,0.146891693546792,"2","CDCA8"
"ARNT",6.9258535086439e-06,0.143277939004332,1,1,0.146994314867458,"2","ARNT"
"IRAK1",6.9258535086439e-06,2.13888566200395,1,1,0.146994314867458,"2","IRAK1"
"STK32C",7.02669394527687e-06,2.29277996806914,1,1,0.149134552294556,"2","STK32C"
"DLL3",7.083779638437e-06,2.88074181623692,1,1,0.150346139046187,"2","DLL3"
"PRKCQ",7.12447047684226e-06,1.98842643796129,1,1,0.1512097614005,"2","PRKCQ"
"PTTG1",7.12695222005352e-06,1.46404607770236,1,1,0.151262433918416,"2","PTTG1"
"BMS1",7.12943466697203e-06,0.683514916278842,1,1,0.151315121371814,"2","BMS1"
"OSBP21",7.22455878166144e-06,0.452500066860988,1,1,0.153334035581982,"2","OSBP2"
"ENOSF1",7.33873170358596e-06,1.47841473568852,1,1,0.155757241676908,"2","ENOSF1"
"HNRNPA1",7.33873170358596e-06,1.1326012757155,1,1,0.155757241676908,"2","HNRNPA1"
"HSPD1P16",7.52254875432382e-06,1.14593740899356,1,1,0.159658574761769,"2","HSPD1P16"
"KLF12",7.53019506681876e-06,0.369551476261101,1,1,0.159820860098161,"2","KLF1"
"AHCY",7.55389691719853e-06,1.64508751895823,1,1,0.160323908170622,"2","AHCY"
"AHSA1",7.55389691719853e-06,1.29486654470525,1,1,0.160323908170622,"2","AHSA1"
"CALR",7.55389691719853e-06,1.20830200814848,1,1,0.160323908170622,"2","CALR"
"RRM2",7.55389691719853e-06,1.33539466652275,1,1,0.160323908170622,"2","RRM2"
"DEPDC1",7.75254830785593e-06,1.25375172130951,1,1,0.164540085285934,"2","DEPDC1"
"YEATS4",7.76971538257155e-06,0.941262526976082,1,1,0.164904439279699,"2","YEATS4"
"CTR9",7.77481780025412e-06,0.633703041955275,1,1,0.165012732992593,"2","CTR9"
"SIPA1",7.77508642396033e-06,1.86519572535493,1,1,0.165018434262134,"2","SIPA1"
"MAD2L1",7.96942551733376e-06,1.48599823721951,1,1,0.169143087179892,"2","MAD2L1"
"HIST2H4A",8.15041540206484e-06,1.16601412502672,1,1,0.172984416493424,"2","HIST2H4A"
"TOX31",8.20055256466763e-06,0.663759136830759,1,1,0.174048527632506,"2","TOX3"
"KHSRP",8.23618240397448e-06,0.713652607248164,1,1,0.174804735341954,"2","KHSRP"
"AP000354.4",8.28071389589436e-06,2.45867180993979,1,1,0.175749871726462,"2","AP000354.4"
"SCN3B",8.42859203749457e-06,1.95064337205727,1,1,0.178888437403785,"2","SCN3B"
"MRPL35",8.46016352835151e-06,1.07171121636311,1,1,0.179558510725732,"2","MRPL35"
"INCENP",8.47613047207611e-06,2.67159237996619,1,1,0.179897393139343,"2","INCENP"
"PRC1",8.72305014301882e-06,1.12462370019936,1,1,0.185138016235431,"2","PRC1"
"KIF191",8.73018825534811e-06,1.2493644554751,1,1,0.185289515531508,"2","KIF19"
"GALNT18",8.97408074103839e-06,1.43400159133448,1,1,0.190465889647799,"2","GALNT18"
"GABARAPL2",8.97714100131218e-06,1.08610428916735,1,1,0.19053084061185,"2","GABARAPL2"
"HNRNPM",8.97714100131218e-06,0.943319971002726,1,1,0.19053084061185,"2","HNRNPM"
"NASP",8.97714100131218e-06,0.955211269914532,1,1,0.19053084061185,"2","NASP"
"SCRN1",9.23735169507599e-06,2.04715060372044,1,1,0.196053552376293,"2","SCRN1"
"TICRR",9.23797992396724e-06,1.25567676890202,1,1,0.196066885906281,"2","TICRR"
"AIMP2",9.50282722278481e-06,0.562866138335524,1,1,0.201688004976385,"2","AIMP2"
"MCM2",9.50476111318251e-06,2.11879749857974,1,1,0.201729049866186,"2","MCM2"
"WDR54",9.50476111318251e-06,1.35132076313933,1,1,0.201729049866186,"2","WDR54"
"FAM216A",9.76303034823389e-06,2.24036442761944,1,1,0.207210556110916,"2","FAM216A"
"GAPDH",9.78154289927986e-06,1.56300053174103,1,1,0.207603466494316,"2","GAPDH"
"MYC",9.78154289927986e-06,2.94467732791392,1,1,0.207603466494316,"2","MYC"
"PPP1R14B",9.78154289927986e-06,2.20569622907265,1,1,0.207603466494316,"2","PPP1R14B"
"UBTD1",9.9187819259291e-06,2.50522853316562,1,1,0.210516227595919,"2","UBTD1"
"OR5H3P",9.92078225832721e-06,0.433633474602701,1,1,0.210558682650737,"2","OR5H3P"
"CHEK1",1.00632937504649e-05,1.55495781514921,1,1,0.213583346559867,"2","CHEK1"
"RNASEH1",1.00632937504649e-05,1.07715747504287,1,1,0.213583346559867,"2","RNASEH1"
"MRPS5",1.00646516779679e-05,1.92379922432794,1,1,0.213612167213191,"2","MRPS5"
"RPS28",1.00646516779679e-05,1.47381429080695,1,1,0.213612167213191,"2","RPS28"
"SLC43A3",1.00646516779679e-05,0.919104305803888,1,1,0.213612167213191,"2","SLC43A3"
"NUF2",1.03360819849014e-05,1.25696919659862,1,1,0.219373004047548,"2","NUF2"
"ZNF565",1.03433889100271e-05,0.825298345085345,1,1,0.219528086226414,"2","ZNF565"
"TACO1",1.03555763892562e-05,0.548944359341055,1,1,0.219786753285573,"2","TACO1"
"RP11-247C2.2",1.05965893153416e-05,1.79136362986298,1,1,0.22490201162881,"2","RP11-247C2.2"
"SNORA56",1.06245275803558e-05,1.9846009437906,1,1,0.225494973365472,"2","SNORA56"
"NYAP1",1.0650947163685e-05,0.873819430426277,1,1,0.226055702602051,"2","NYAP1"
"GART",1.06541639697103e-05,0.823730249487635,1,1,0.226123976093132,"2","GART"
"DAP3",1.06545214410019e-05,0.727341282375946,1,1,0.226131563063824,"2","DAP3"
"MTCH21",1.06545214410019e-05,1.22819691539808,1,1,0.226131563063824,"2","MTCH2"
"MPST",1.09580287944739e-05,1.66742026929749,1,1,0.232573203133914,"2","MPST"
"FKBP1C",1.09616962577568e-05,0.496229597130336,1,1,0.232651041374631,"2","FKBP1C"
"GRSF1",1.09616962577568e-05,0.750148537956136,1,1,0.232651041374631,"2","GRSF1"
"MRPS34",1.12735524665531e-05,1.09141619209029,1,1,0.239269877550124,"2","MRPS34"
"CANX",1.12773153947469e-05,1.06244357709418,1,1,0.239349741938107,"2","CANX"
"TMEM1301",1.13228865754962e-05,0.504260264781605,1,1,0.240316944678331,"2","TMEM130"
"AS3MT",1.15692007324414e-05,0.391451516601249,1,1,0.245544716345336,"2","AS3MT"
"EXOSC21",1.16012125352526e-05,0.758909715395102,1,1,0.246224134848202,"2","EXOSC2"
"AFG3L2",1.16015986541978e-05,1.3706827367673,1,1,0.246232329836695,"2","AFG3L2"
"MCM5",1.16015986541978e-05,0.999428382133759,1,1,0.246232329836695,"2","MCM5"
"MCM4",1.19343750662004e-05,1.04126536698782,1,1,0.253295176405038,"2","MCM4"
"HYOU1",1.19347712040498e-05,1.13784156236179,1,1,0.253303584034753,"2","HYOU1"
"CD69",1.2268937746243e-05,1.71811271808559,1,1,0.260395934726261,"2","CD69"
"MEX3A",1.22754381622164e-05,2.18846238938285,1,1,0.260533899554881,"2","MEX3A"
"TBC1D31",1.22754381622164e-05,1.53096279876379,1,1,0.260533899554881,"2","TBC1D31"
"STX3",1.22766572986458e-05,0.781742042727469,1,1,0.260559774506458,"2","STX3"
"PTPN11",1.22770636991029e-05,0.937860575224555,1,1,0.260568399949759,"2","PTPN11"
"MRPL16",1.24475877802943e-05,0.722823466287302,1,1,0.264187603048966,"2","MRPL16"
"MKI67IP",1.26270448220468e-05,0.936174277988709,1,1,0.267996399303122,"2","MKI67IP"
"GNAT3",1.27380573015767e-05,4.61264077129384,1,1,0.270352528168665,"2","GNAT3"
"COL13A11",1.27933481744124e-05,3.53444427008229,1,1,0.27152602165373,"2","COL13A1"
"WDR74",1.28076984710125e-05,1.95993282222212,1,1,0.271830592348769,"2","WDR74"
"NGEF1",1.28350299996428e-05,0.419021367182729,1,1,0.272410676712418,"2","NGEF"
"KIF20A",1.29856830435664e-05,1.74354974163712,1,1,0.275608136916653,"2","KIF20A"
"ARPC5L2",1.29899593225541e-05,0.306742744791533,1,1,0.275698896661888,"2","ARPC5L"
"HMGN1",1.29899593225541e-05,0.774894924094145,1,1,0.275698896661888,"2","HMGN1"
"SNRPC",1.29899593225541e-05,1.05676734954254,1,1,0.275698896661888,"2","SNRPC"
"RFC4",1.33566657820553e-05,0.685279186248968,1,1,0.283481874558342,"2","RFC4"
"CDCA3",1.33610523200743e-05,1.87817026129827,1,1,0.283574974441258,"2","CDCA3"
"SNX2",1.33610523200743e-05,0.899316326908743,1,1,0.283574974441258,"2","SNX2"
"SNRPD2",1.37377458012703e-05,1.1707760922244,1,1,0.291569916886162,"2","SNRPD2"
"LSM4",1.37404453352493e-05,1.25058382227239,1,1,0.291627211795331,"2","LSM4"
"PLA2G4C",1.37417952618646e-05,1.43127974035884,1,1,0.291655862637814,"2","PLA2G4C"
"TBRG4",1.37417952618646e-05,0.967758384669034,1,1,0.291655862637814,"2","TBRG4"
"FANCD2",1.37422452610527e-05,0.840447840078713,1,1,0.291665413420582,"2","FANCD2"
"NUP107",1.37422452610527e-05,0.874886400234526,1,1,0.291665413420582,"2","NUP107"
"RPL36A",1.37422452610527e-05,1.14207595277467,1,1,0.291665413420582,"2","RPL36A"
"SMARCA5",1.37422452610527e-05,0.788045887883502,1,1,0.291665413420582,"2","SMARCA5"
"PAK1IP1",1.41245691412663e-05,0.92035319871516,1,1,0.299779855454236,"2","PAK1IP1"
"HIST1H2BN",1.41319519534389e-05,1.10458375484078,1,1,0.299936548259787,"2","HIST1H2BN"
"FANCA",1.41333365751837e-05,1.1387498389573,1,1,0.299965935471699,"2","FANCA"
"ABCG1",1.41337981399411e-05,1.66536159477465,1,1,0.29997573172211,"2","ABCG1"
"TOMM22",1.41337981399411e-05,2.03940698117427,1,1,0.29997573172211,"2","TOMM22"
"TUBB6",1.41337981399411e-05,1.87870017176429,1,1,0.29997573172211,"2","TUBB6"
"TTLL71",1.47243636798883e-05,0.802403081553901,1,1,0.31250989474195,"2","TTLL7"
"NOVA2",1.49471130930102e-05,2.18581402917769,1,1,0.317237528286049,"2","NOVA2"
"NOB1",1.49485696280456e-05,0.92176814910467,1,1,0.317268441785641,"2","NOB1"
"HIST1H2AE",1.4949055164984e-05,0.911507621454009,1,1,0.31727874682162,"2","HIST1H2AE"
"PEAR1",1.4949055164984e-05,1.12453741288675,1,1,0.31727874682162,"2","PEAR1"
"SAE1",1.4949055164984e-05,1.19139604632318,1,1,0.31727874682162,"2","SAE1"
"EPHX4",1.5019658701972e-05,2.13646909264216,1,1,0.318777236290653,"2","EPHX4"
"SRGAP2C",1.51548516865803e-05,1.32526452309049,1,1,0.32164657219598,"2","SRGAP2C"
"OAF",1.53683322174144e-05,2.33789710140396,1,1,0.326177482982403,"2","OAF"
"SLC5A6",1.5372813240779e-05,1.37539671123624,1,1,0.326272588222293,"2","SLC5A6"
"UXS1",1.5372813240779e-05,1.049237258012,1,1,0.326272588222293,"2","UXS1"
"CROCC",1.53733111968069e-05,2.62541126104025,1,1,0.326283156841029,"2","CROCC"
"KIF21B",1.58085205528284e-05,1.51033385525305,1,1,0.335520040213231,"2","KIF21B"
"NAA20",1.58090312251389e-05,0.987890359590994,1,1,0.335530878722347,"2","NAA20"
"NGDN",1.58090312251389e-05,0.334068617322069,1,1,0.335530878722347,"2","NGDN"
"NPM11",1.62565080030801e-05,1.20085409588127,1,1,0.345028125857373,"2","NPM1"
"KIAA1257",1.65214733712259e-05,1.53793234352542,1,1,0.350651750830898,"2","KIAA1257"
"LRCH2",1.67106716685836e-05,2.12589763161803,1,1,0.354667295494019,"2","LRCH2"
"DHODH",1.69449872806701e-05,1.70760307820994,1,1,0.359640410044942,"2","DHODH"
"MIIP",1.69498809129343e-05,1.6910604601757,1,1,0.359744272496118,"2","MIIP"
"XXYLT1",1.71857353403962e-05,1.63169376464231,1,1,0.364750046864568,"2","XXYLT1"
"NPC1L1",1.75987557839612e-05,2.5535132680161,1,1,0.373515992758791,"2","NPC1L1"
"WDR62",1.76719475410848e-05,0.830170757499156,1,1,0.375069414611984,"2","WDR62"
"TWISTNB",1.81498313237043e-05,0.656106505322608,1,1,0.3852120200143,"2","TWISTNB"
"AP1AR",1.81677699786782e-05,1.33326639869213,1,1,0.385592750027467,"2","AP1AR"
"GFM1",1.81700856729005e-05,1.01410904324397,1,1,0.38564189832164,"2","GFM1"
"PNPT1",1.81700856729005e-05,1.05499703457644,1,1,0.38564189832164,"2","PNPT1"
"PPP2CB1",1.81700856729005e-05,0.170786504866051,1,1,0.38564189832164,"2","PPP2CB"
"TPI1",1.81700856729005e-05,1.71393851677483,1,1,0.38564189832164,"2","TPI1"
"LCN1",1.82886078158802e-05,2.47484470947412,1,1,0.388157412284242,"2","LCN1"
"ATAD3B",1.84232635099249e-05,2.04791174167936,1,1,0.391015344734646,"2","ATAD3B"
"KLHL14",1.87952538299637e-05,2.73191562610692,1,1,0.398910467287149,"2","KLHL14"
"MAGEB6P1",1.9129715533821e-05,1.68587323174132,1,1,0.406009082489818,"2","MAGEB6P1"
"SCAMP3",1.92031211147797e-05,0.976944911976835,1,1,0.407567042540084,"2","SCAMP3"
"NUP50",1.94724550501403e-05,0.207140294262441,1,1,0.413283385984178,"2","NUP50"
"SET",1.9744133604366e-05,0.222031475738188,1,1,0.419049491619063,"2","SET"
"CHRNA1",2.00653110469658e-05,0.701380643182203,1,1,0.425866161660801,"2","CHRNA1"
"LONRF21",2.01147968775656e-05,0.92096145674466,1,1,0.426916448929452,"2","LONRF2"
"NOL10",2.02842864022798e-05,1.15508005897826,1,1,0.430513694601986,"2","NOL10"
"HELLS",2.02945173413306e-05,1.11080855446572,1,1,0.430730836052401,"2","HELLS"
"ABCF1",2.02970757169031e-05,0.946057413128624,1,1,0.430785135015552,"2","ABCF1"
"TNIP2",2.0578398238917e-05,1.73527413282563,1,1,0.436755924222775,"2","TNIP2"
"DPH2",2.08640874612298e-05,1.48130601209617,1,1,0.442819392277142,"2","DPH2"
"ANLN",2.08647431500492e-05,1.30621912472202,1,1,0.442833308616644,"2","ANLN"
"EIF3A",2.08647431500492e-05,1.03713557716023,1,1,0.442833308616644,"2","EIF3A"
"RTCA",2.08647431500492e-05,0.661326126082448,1,1,0.442833308616644,"2","RTCA"
"B3GNT7",2.14239910537719e-05,1.66480515697812,1,1,0.454702786125254,"2","B3GNT7"
"CYP2D6",2.14340663315961e-05,1.87858569034659,1,1,0.454916623821795,"2","CYP2D6"
"UBIAD11",2.14407852727488e-05,0.468049117308993,1,1,0.45505922662882,"2","UBIAD1"
"DDX23",2.14475058856609e-05,0.842379218103524,1,1,0.455201864917266,"2","DDX23"
"HSPH1",2.14475058856609e-05,0.701713366179845,1,1,0.455201864917266,"2","HSPH1"
"ZC3H15",2.14475058856609e-05,1.55738601619345,1,1,0.455201864917266,"2","ZC3H15"
"DCTPP1",2.16326112067929e-05,1.66577611470798,1,1,0.459130540252973,"2","DCTPP1"
"TNFAIP8L1",2.17378616964258e-05,1.33027435274312,1,1,0.461364376644941,"2","TNFAIP8L1"
"MRPL12",2.20429868063375e-05,1.30071611929061,1,1,0.467840351977708,"2","MRPL12"
"DNAJA3",2.20457425805251e-05,1.14471474156512,1,1,0.467898840529065,"2","DNAJA3"
"WDR77",2.23500868784454e-05,0.546346106667318,1,1,0.474358243908124,"2","WDR77"
"FAM157C1",2.26005811588756e-05,0.423367453074645,1,1,0.479674734515976,"2","FAM157C"
"SLC17A9",2.26351343061867e-05,1.99790935307519,1,1,0.480408090514507,"2","SLC17A9"
"FBXL7",2.26570160777738e-05,1.91757013256515,1,1,0.480872509234672,"2","FBXL7"
"KIF18A",2.32873017909099e-05,1.23132441156975,1,1,0.494249693210271,"2","KIF18A"
"DCUN1D5",2.32894731513497e-05,0.89770492254404,1,1,0.494295778164245,"2","DCUN1D5"
"ARHGEF7",2.32901969737993e-05,1.36037511262172,1,1,0.494311140571916,"2","ARHGEF7"
"RRP1",2.32901969737993e-05,1.55053862172032,1,1,0.494311140571916,"2","RRP1"
"YBX1P2",2.39223833142095e-05,2.19171851855097,1,1,0.507728663460783,"2","YBX1P2"
"AURKB",2.42408301436357e-05,1.71071309381573,1,1,0.514487378968523,"2","AURKB"
"MRPL211",2.42663544097724e-05,0.505487605567728,1,1,0.51502910599301,"2","MRPL21"
"RAB3IL1",2.42663544097724e-05,1.33282999069711,1,1,0.51502910599301,"2","RAB3IL1"
"HOXD9",2.45861134652709e-05,1.23673924354183,1,1,0.521815672186909,"2","HOXD9"
"LRR1",2.45861134652709e-05,1.71653780075428,1,1,0.521815672186909,"2","LRR1"
"XRCC2",2.48753131764499e-05,1.50195695364036,1,1,0.527953646856972,"2","XRCC2"
"EXO1",2.5239313461031e-05,1.27686258475262,1,1,0.535679188896921,"2","EXO1"
"ARHGAP23",2.52829195084891e-05,0.810327071321964,1,1,0.536604683648174,"2","ARHGAP23"
"SLC41A1",2.52829195084891e-05,1.05887199680012,1,1,0.536604683648174,"2","SLC41A1"
"ISG20L2",2.56296318033246e-05,0.972352750024706,1,1,0.54396330539376,"2","ISG20L2"
"RNF141",2.56296318033246e-05,1.48121651736136,1,1,0.54396330539376,"2","RNF141"
"SCLY",2.59664947621364e-05,0.570675126544385,1,1,0.551112884831583,"2","SCLY"
"CD302",2.59792675589679e-05,0.358005219609524,1,1,0.551383974671534,"2","CD302"
"CDCA5",2.59792675589679e-05,1.65530160710706,1,1,0.551383974671534,"2","CDCA5"
"SULT1C41",2.59792675589679e-05,1.93020450045392,1,1,0.551383974671534,"2","SULT1C4"
"FARSA",2.59816630107111e-05,1.85696304700285,1,1,0.551434815739331,"2","FARSA"
"TIPRL",2.59824615333904e-05,0.760150742522239,1,1,0.551451763584678,"2","TIPRL"
"NETO21",2.63382898461497e-05,1.54343370197388,1,1,0.559003863694681,"2","NETO2"
"EEF1B2",2.67003871587222e-05,1.36411375492115,1,1,0.56668901705672,"2","EEF1B2"
"SH3GL1",2.67003871587222e-05,1.54727298919181,1,1,0.56668901705672,"2","SH3GL1"
"TCP1",2.67003871587222e-05,1.05733615495571,1,1,0.56668901705672,"2","TCP1"
"HIST1H2BG",2.74337975388331e-05,1.24740398559735,1,1,0.582254918964193,"2","HIST1H2BG"
"HIST1H1B",2.74371514723192e-05,1.56176983706158,1,1,0.582326102848503,"2","HIST1H1B"
"ZFP64",2.74371514723192e-05,0.94185997231917,1,1,0.582326102848503,"2","ZFP64"
"VRK1",2.78042561412234e-05,1.23010783053992,1,1,0.590117532341325,"2","VRK1"
"ZNF511",2.78042561412234e-05,1.42257410565912,1,1,0.590117532341325,"2","ZNF511"
"ZNF831",2.81760399265803e-05,1.23168729180072,1,1,0.598008271401741,"2","ZNF831"
"DNAJC2",2.81932200518765e-05,1.00651457957478,1,1,0.598372902381026,"2","DNAJC2"
"KRTAP12-1",2.86628568633133e-05,2.27804436911394,1,1,0.608340474066962,"2","KRTAP12-1"
"ABHD17B",2.89198011299058e-05,1.31010215560475,1,1,0.61379385918112,"2","ABHD17B"
"RRP36",2.97615781711791e-05,0.766326838020012,1,1,0.631659735105105,"2","RRP36"
"ABCB10",2.97651861005044e-05,0.591471610383334,1,1,0.631736309797105,"2","ABCB10"
"ERG",2.97651861005044e-05,1.00404753904325,1,1,0.631736309797105,"2","ERG"
"IQSEC1",2.97651861005044e-05,1.06001157036748,1,1,0.631736309797105,"2","IQSEC1"
"MTSS1L",2.97651861005044e-05,1.54885889191751,1,1,0.631736309797105,"2","MTSS1L"
"AC009237.8",3.08133170994961e-05,1.54376265104973,1,1,0.653981842119706,"2","AC009237.8"
"PCMT1",3.14192814265921e-05,1.02159634636022,1,1,0.66684282899799,"2","PCMT1"
"CDCA2",3.14202282344307e-05,0.909207520116347,1,1,0.666862924047557,"2","CDCA2"
"HDAC1",3.14202282344307e-05,1.00871236286737,1,1,0.666862924047557,"2","HDAC1"
"EXD31",3.22763049188054e-05,0.265092977490166,1,1,0.685032295596727,"2","EXD3"
"PRPF38A",3.22792147014e-05,0.72720846816101,1,1,0.685094052822513,"2","PRPF38A"
"RUVBL2",3.22792147014e-05,1.84565183820969,1,1,0.685094052822513,"2","RUVBL2"
"UFC1",3.22801846746971e-05,1.00192905257879,1,1,0.685114639535771,"2","UFC1"
"MRPL18",3.27086866167732e-05,0.910724497951982,1,1,0.694209164754395,"2","MRPL18"
"EPHA3",3.31525362125912e-05,0.35249321752074,1,1,0.703629428576035,"2","EPHA3"
"LONRF3",3.31584972950364e-05,1.47516374089604,1,1,0.703755946589854,"2","LONRF3"
"ATP5J2",3.31624718171303e-05,0.816134992444974,1,1,0.703840301846773,"2","ATP5J2"
"NOC2L",3.31624718171303e-05,1.74895292095153,1,1,0.703840301846773,"2","NOC2L"
"NUDT5",3.31624718171303e-05,1.27093905454718,1,1,0.703840301846773,"2","NUDT5"
"RP11-475C16.1",3.31624718171303e-05,1.17640787261166,1,1,0.703840301846773,"2","RP11-475C16.1"
"RP11-69L16.5",3.31624718171303e-05,0.941929515414307,1,1,0.703840301846773,"2","RP11-69L16.5"
"C21orf90",3.31744772459741e-05,2.13242751526657,1,1,0.704095105068555,"2","C21orf90"
"DNAJC12",3.34465357914248e-05,2.71511530375658,1,1,0.7098692756372,"2","DNAJC12"
"PRMT6",3.36021033058276e-05,2.05834710550014,1,1,0.713171040562884,"2","PRMT6"
"GPI",3.4067635099757e-05,1.0877228066291,1,1,0.723051487357243,"2","GPI"
"TRIM24",3.4067635099757e-05,0.938589678034756,1,1,0.723051487357243,"2","TRIM24"
"ZDHHC14",3.4067635099757e-05,0.978556928516465,1,1,0.723051487357243,"2","ZDHHC14"
"FGFR4",3.47674294860572e-05,3.33660878847653,1,1,0.737903923412077,"2","FGFR4"
"ITIH3",3.48712850432373e-05,2.22595742685105,1,1,0.740108153757668,"2","ITIH3"
"ST3GAL1",3.49858066908566e-05,1.44214766242492,1,1,0.742538761206741,"2","ST3GAL1"
"TACC3",3.49920617884223e-05,1.31000777468456,1,1,0.742671519397474,"2","TACC3"
"RQCD1",3.49951896656905e-05,0.514340084196743,1,1,0.742737905464616,"2","RQCD1"
"GGA1",3.49962323401136e-05,1.13039873581118,1,1,0.742760035186571,"2","GGA1"
"PGGT1B",3.54325765224118e-05,0.578376329683941,1,1,0.752021004111669,"2","PGGT1B"
"FAM72B",3.54654467840765e-05,1.29833648468535,1,1,0.75271864254524,"2","FAM72B"
"LRRC4C",3.56953060734369e-05,2.37791875055745,1,1,0.757597176102625,"2","LRRC4C"
"RGS19",3.5938154974141e-05,2.00825082746316,1,1,0.762751401171169,"2","RGS19"
"FKBP1A",3.59488339915107e-05,1.07244621388939,1,1,0.762978052635823,"2","FKBP1A"
"MAP3K11",3.59488339915107e-05,1.01608780278002,1,1,0.762978052635823,"2","MAP3K11"
"RPL11",3.59488339915107e-05,0.871740439667246,1,1,0.762978052635823,"2","RPL11"
"USP39",3.59488339915107e-05,0.765740320928401,1,1,0.762978052635823,"2","USP39"
"RP5-1052I5.1",3.63173812067514e-05,0.510066989737499,1,1,0.770800098732092,"2","RP5-1052I5.1"
"MRPL22",3.69216478588485e-05,0.806315450097465,1,1,0.783625054156201,"2","MRPL22"
"ATXN10",3.69260234039838e-05,0.499604328163052,1,1,0.783717920726152,"2","ATXN10"
"HIST1H3H",3.74229173114734e-05,1.4582583451952,1,1,0.794263997018711,"2","HIST1H3H"
"PHYHIPL",3.76741847311649e-05,0.63310260127583,1,1,0.799596896734244,"2","PHYHIPL"
"RPS6KL1",3.78891978259084e-05,1.5439074625883,1,1,0.80416033465708,"2","RPS6KL1"
"ALYREF",3.79239155707578e-05,0.801004436083225,1,1,0.804897184073764,"2","ALYREF"
"FOXF2",3.79239155707578e-05,1.75594289224527,1,1,0.804897184073764,"2","FOXF2"
"MPG",3.79239155707578e-05,1.51670026035305,1,1,0.804897184073764,"2","MPG"
"RASGEF1A",3.79259912361364e-05,1.91628227527127,1,1,0.804941237995759,"2","RASGEF1A"
"HIST1H4B",3.79272766713943e-05,1.16089512226218,1,1,0.804968520073673,"2","HIST1H4B"
"ANP32A",3.79283970900032e-05,0.997212303972738,1,1,0.804992299838229,"2","ANP32A"
"NUDC",3.79283970900032e-05,1.1490979468426,1,1,0.804992299838229,"2","NUDC"
"PGK1",3.79283970900032e-05,1.60159366874844,1,1,0.804992299838229,"2","PGK1"
"STOML2",3.79283970900032e-05,1.12117765700616,1,1,0.804992299838229,"2","STOML2"
"PPP5C",3.89554174866378e-05,0.802741710296008,1,1,0.826789780736401,"2","PPP5C"
"CNPY2",3.89565649950144e-05,0.634281075795251,1,1,0.826814135454185,"2","CNPY2"
"DDX20",3.89565649950144e-05,0.707444414125435,1,1,0.826814135454185,"2","DDX20"
"ELK3",3.89565649950144e-05,0.942182305543703,1,1,0.826814135454185,"2","ELK3"
"POLE",3.89565649950144e-05,1.65756353131798,1,1,0.826814135454185,"2","POLE"
"NME1",3.94793548479992e-05,1.62108917528576,1,1,0.837909827293935,"2","NME1"
"TIMM13",4.00064501113339e-05,1.44238696526452,1,1,0.849096897162951,"2","TIMM13"
"C20orf241",4.00111507728786e-05,0.955114498764463,1,1,0.849196664003575,"2","C20orf24"
"DDX39A",4.00111507728786e-05,1.20535787728231,1,1,0.849196664003575,"2","DDX39A"
"HMGB2",4.00111507728786e-05,0.606233893675558,1,1,0.849196664003575,"2","HMGB2"
"PCID2",4.00111507728786e-05,0.895799561039665,1,1,0.849196664003575,"2","PCID2"
"SMC4",4.00111507728786e-05,1.10723519583235,1,1,0.849196664003575,"2","SMC4"
"SMYD3",4.00111507728786e-05,0.687687985509221,1,1,0.849196664003575,"2","SMYD3"
"RP11-253M7.1",4.02913039936074e-05,1.50396625839075,1,1,0.855142635960323,"2","RP11-253M7.1"
"ZNF695",4.0894582242729e-05,1.0967373873095,1,1,0.86794661351968,"2","ZNF695"
"EGLN31",4.10879781382361e-05,0.892821595440745,1,1,0.872051248005922,"2","EGLN3"
"SARNP",4.10915885430561e-05,0.849844073230397,1,1,0.872127875237822,"2","SARNP"
"RNF5",4.21972110670864e-05,0.790573002394968,1,1,0.895593607687841,"2","RNF5"
"SELRC1",4.21972110670864e-05,0.741587520671164,1,1,0.895593607687841,"2","SELRC1"
"DENR",4.22021407922502e-05,1.03616052080777,1,1,0.895698236174717,"2","DENR"
"MICAL2",4.22021407922502e-05,1.04841657980243,1,1,0.895698236174717,"2","MICAL2"
"RPS25",4.22021407922502e-05,1.21774798225105,1,1,0.895698236174717,"2","RPS25"
"S100A16",4.22021407922502e-05,1.40457546309089,1,1,0.895698236174717,"2","S100A16"
"DHX33",4.27549425188612e-05,0.996659345928293,1,1,0.90743090002031,"2","DHX33"
"RAVER1",4.27661659513693e-05,1.12451796469382,1,1,0.907669106151861,"2","RAVER1"
"EIF3D",4.33398634326444e-05,0.80382148943119,1,1,0.919845261494445,"2","EIF3D"
"MTHFD1L",4.33398634326444e-05,1.10593629034914,1,1,0.919845261494445,"2","MTHFD1L"
"TSHZ1",4.39183001886826e-05,0.888767059703653,1,1,0.932122003204599,"2","TSHZ1"
"CCL211",4.44343161649394e-05,1.731614535705,1,1,0.943073926284674,"2","CCL21"
"EIF4EBP1",4.44808004109565e-05,1.62248378614032,1,1,0.944060507922141,"2","EIF4EBP1"
"LRP81",4.45014722123841e-05,1.40747329094757,1,1,0.94449924623564,"2","LRP8"
"REXO4",4.45014722123841e-05,1.20081102619021,1,1,0.94449924623564,"2","REXO4"
"CIT",4.45053490068534e-05,1.11383040791238,1,1,0.944581527321457,"2","CIT"
"ARHGAP17",4.45066413300475e-05,0.52344558390817,1,1,0.944608955588929,"2","ARHGAP17"
"BRMS1",4.45066413300475e-05,1.73026783474702,1,1,0.944608955588929,"2","BRMS1"
"U2AF1",4.45066413300475e-05,1.00031159618516,1,1,0.944608955588929,"2","U2AF1"
"AC011526.1",4.49667984970247e-05,2.23636309805863,1,1,0.954375331300853,"2","AC011526.1"
"GJC21",4.50553910441665e-05,0.43579641789972,1,1,0.956255619521389,"2","GJC2"
"SERBP1P1",4.50880673693742e-05,3.44079622088931,1,1,0.956949141847599,"2","SERBP1P1"
"RP11-90O23.1",4.52234717036499e-05,1.19175464431173,1,1,0.959822963438266,"2","RP11-90O23.1"
"ZBED6CL",4.52234717036499e-05,2.040770213217,1,1,0.959822963438266,"2","ZBED6CL"
"CYP46A1",4.53259333915903e-05,3.19810098548019,1,1,0.961997610303112,"2","CYP46A1"
"DDAH11",4.56767116591238e-05,0.541197828352356,1,1,0.969442528253244,"2","DDAH1"
"DIAPH3",4.57018477394712e-05,1.06188335496622,1,1,0.969976016422537,"2","DIAPH3"
"CCT7",4.57031709887832e-05,1.35524562687913,1,1,0.970004101065935,"2","CCT7"
"FAM102A1",4.57031709887832e-05,1.14539612361063,1,1,0.970004101065935,"2","FAM102A"
"SND1",4.57031709887832e-05,0.562497893321591,1,1,0.970004101065935,"2","SND1"
"SSBP4",4.57031709887832e-05,1.75429021985662,1,1,0.970004101065935,"2","SSBP4"
"HIST1H3I",4.62994262749615e-05,1.52649179151543,1,1,0.982659023259783,"2","HIST1H3I"
"HOXD1",4.67070229468423e-05,1.85745444304588,1,1,0.991309855023781,"2","HOXD1"
"RUVBL1",4.69247451200736e-05,1.10942634124333,1,1,0.995930790428441,"2","RUVBL1"
"STARD3NL",4.69247451200736e-05,1.06803261593583,1,1,0.995930790428441,"2","STARD3NL"
"MMRN1",4.69288095204683e-05,2.04150699154891,1,1,0.99601705326242,"2","MMRN1"
"RNF34",4.69301643813453e-05,1.45597691238268,1,1,0.996045808829673,"2","RNF34"
"TFAM",4.69301643813453e-05,1.405189245301,1,1,0.996045808829673,"2","TFAM"
"XPOT",4.69301643813453e-05,0.866961442476406,1,1,0.996045808829673,"2","XPOT"
"SHC31",4.70124000421159e-05,0.59194954694968,1,1,0.997791178493867,"2","SHC3"
"ZACN",4.73295233674797e-05,2.27745607195106,1,1,1,"2","ZACN"
"ZWINT",4.81828007594422e-05,1.17256078761812,1,1,1,"2","ZWINT"
"CCDC1041",4.81883492602463e-05,0.245079716113437,1,1,1,"2","CCDC104"
"METTL8",4.81883492602463e-05,0.755390191174589,1,1,1,"2","METTL8"
"RNF165",4.87115774912171e-05,1.71050968999562,1,1,1,"2","RNF165"
"CHAF1B",4.87802631596128e-05,1.11683755197451,1,1,1,"2","CHAF1B"
"TRUB1",4.88153357940196e-05,0.916148918531318,1,1,1,"2","TRUB1"
"PRSS37",4.88958360872492e-05,0.989000145510408,1,1,1,"2","PRSS37"
"DEPDC1B",4.93989871690623e-05,1.81248899362946,1,1,1,"2","DEPDC1B"
"GARS",4.94784694753758e-05,0.871279170774152,1,1,1,"2","GARS"
"L3MBTL3",4.94784694753758e-05,1.12294482462891,1,1,1,"2","L3MBTL3"
"CD5L",5.07305570393049e-05,2.44801377836918,1,1,1,"2","CD5L"
"KPNB1",5.08012852969463e-05,0.68165475545344,1,1,1,"2","KPNB1"
"MDH2",5.08012852969463e-05,1.00281337595868,1,1,1,"2","MDH2"
"RCN2",5.08012852969463e-05,0.728706313890054,1,1,1,"2","RCN2"
"RPS8",5.08012852969463e-05,1.01401405127486,1,1,1,"2","RPS8"
"E2F1",5.14237270644769e-05,2.26357907428049,1,1,1,"2","E2F1"
"ZFP3",5.21278111703447e-05,0.818651039290971,1,1,1,"2","ZFP3"
"SH3BP2",5.21575737441045e-05,0.950301644032304,1,1,1,"2","SH3BP2"
"NTSR1",5.32746303366003e-05,4.49569294743621,1,1,1,"2","NTSR1"
"MRPL32",5.35466052278312e-05,1.38771093831356,1,1,1,"2","MRPL32"
"SSU72",5.35466052278312e-05,1.05654235605445,1,1,1,"2","SSU72"
"PDIA6",5.35481289192926e-05,0.961500868001572,1,1,1,"2","PDIA6"
"PSMA51",5.35481289192926e-05,0.913305250514682,1,1,1,"2","PSMA5"
"BIRC5",5.36315466970696e-05,1.28394121646018,1,1,1,"2","BIRC5"
"TAC4",5.41056599461888e-05,0.149684367278141,1,1,1,"2","TAC4"
"ZP3",5.4842865535666e-05,1.69850398046547,1,1,1,"2","ZP3"
"RAD51AP1",5.49675236983184e-05,1.18353516577715,1,1,1,"2","RAD51AP1"
"RPSAP15",5.49675236983184e-05,1.20383744052411,1,1,1,"2","RPSAP15"
"TEAD4",5.49675236983184e-05,1.59183910408913,1,1,1,"2","TEAD4"
"NUPL1",5.49722026346193e-05,0.601048036955724,1,1,1,"2","NUPL1"
"CCDC1811",5.60879589458101e-05,0.482669067966786,1,1,1,"2","CCDC181"
"STEAP1B",5.63459517034483e-05,1.62946483073094,1,1,1,"2","STEAP1B"
"IRAK2",5.64289174429022e-05,2.59801332378535,1,1,1,"2","IRAK2"
"TSPAN181",5.64353033270492e-05,1.0981813271692,1,1,1,"2","TSPAN18"
"GPR182",5.69137666318516e-05,2.12286393933275,1,1,1,"2","GPR182"
"C6orf10",5.70240336583136e-05,4.13330646408235,1,1,1,"2","C6orf10"
"PDCD2L",5.77377567276537e-05,1.59361893074118,1,1,1,"2","PDCD2L"
"PRR24",5.77964557824278e-05,0.20824498983556,1,1,1,"2","PRR24"
"PARPBP",5.78764256793433e-05,1.30570978505763,1,1,1,"2","PARPBP"
"TMEM255B1",5.79319651367335e-05,1.69473427508278,1,1,1,"2","TMEM255B"
"SF3B3",5.79335992723152e-05,0.601077086047184,1,1,1,"2","SF3B3"
"STK25",5.79335992723152e-05,1.27792386412331,1,1,1,"2","STK25"
"CREM",5.86802693575043e-05,1.31983005231322,1,1,1,"2","CREM"
"FBXL8",5.94360716416885e-05,0.577658810035414,1,1,1,"2","FBXL8"
"MRPS6",5.94527920489573e-05,1.00179148598146,1,1,1,"2","MRPS6"
"HOXD8",5.94628260333061e-05,1.08594662564254,1,1,1,"2","HOXD8"
"ARHGAP11A",5.94678435148963e-05,0.982273786930472,1,1,1,"2","ARHGAP11A"
"CCNF",5.9469516081269e-05,1.28751548989013,1,1,1,"2","CCNF"
"PFKP",5.9469516081269e-05,2.65223735507583,1,1,1,"2","PFKP"
"RPS24",5.9469516081269e-05,0.936075127037942,1,1,1,"2","RPS24"
"RPS4XP8",6.04857737754766e-05,1.06223070950985,1,1,1,"2","RPS4XP8"
"SPAST",6.10439384951214e-05,0.562001270710688,1,1,1,"2","SPAST"
"WDR3",6.10439384951214e-05,1.1036228812393,1,1,1,"2","WDR3"
"RP11-304F15.3",6.22732488604536e-05,0.779906229551351,1,1,1,"2","RP11-304F15.3"
"CYP21A2",6.25925237158121e-05,0.285531419816463,1,1,1,"2","CYP21A2"
"CLPB",6.2656018521571e-05,0.863098569703714,1,1,1,"2","CLPB"
"GTF3A",6.26577704698339e-05,1.30811442172438,1,1,1,"2","GTF3A"
"SRSF9",6.26577704698339e-05,0.771258387477383,1,1,1,"2","SRSF9"
"PPID",6.43101426206407e-05,0.943972712185134,1,1,1,"2","PPID"
"ASUN",6.43119355530254e-05,1.32393277177611,1,1,1,"2","ASUN"
"DHX37",6.43119355530254e-05,1.55886269962754,1,1,1,"2","DHX37"
"EFCAB4A",6.59706886873985e-05,2.28974868791043,1,1,1,"2","EFCAB4A"
"MRPS12",6.76399769700117e-05,1.04317764837024,1,1,1,"2","MRPS12"
"EXOSC4",6.77075156537646e-05,0.972084659026589,1,1,1,"2","EXOSC4"
"PNO1",6.77262855804697e-05,1.65815392521893,1,1,1,"2","PNO1"
"MRPS17",6.77375494530345e-05,1.04707225803549,1,1,1,"2","MRPS17"
"CXorf361",6.77450595000441e-05,1.24108822916916,1,1,1,"2","CXorf36"
"NAP1L4",6.77450595000441e-05,0.146153620612974,1,1,1,"2","NAP1L4"
"ROBO3",6.77450595000441e-05,1.34623863534558,1,1,1,"2","ROBO3"
"RNASEH2A",6.85635961577167e-05,1.59019600146202,1,1,1,"2","RNASEH2A"
"ACTR3B",6.95182820980273e-05,1.09401938226243,1,1,1,"2","ACTR3B"
"ZC3HAV1L",6.95182820980273e-05,1.09575691490935,1,1,1,"2","ZC3HAV1L"
"TAF11",6.95240456383699e-05,0.801384372075425,1,1,1,"2","TAF11"
"BANF1",6.95259668998973e-05,1.60031413484008,1,1,1,"2","BANF1"
"CALM1",6.95259668998973e-05,0.634137682652675,1,1,1,"2","CALM1"
"NOMO1",6.95259668998973e-05,0.769380743512759,1,1,1,"2","NOMO1"
"PRMT3",6.95259668998973e-05,1.11424283495557,1,1,1,"2","PRMT3"
"USP31",6.95259668998973e-05,1.33056349531518,1,1,1,"2","USP31"
"HIST2H4B",7.09557411605809e-05,0.889819301697207,1,1,1,"2","HIST2H4B"
"ENTPD1-AS1",7.11154947579206e-05,0.560405743885344,1,1,1,"2","ENTPD1-AS1"
"LIMS3L",7.12823238658063e-05,1.07535878013588,1,1,1,"2","LIMS3L"
"ORC1",7.13314482615535e-05,1.45102276043439,1,1,1,"2","ORC1"
"CHCHD1",7.13432419746016e-05,1.12047302643098,1,1,1,"2","CHCHD1"
"HIST1H2BD",7.13491393912553e-05,0.892532966692325,1,1,1,"2","HIST1H2BD"
"PCBP1",7.13511052797922e-05,0.782965941669428,1,1,1,"2","PCBP1"
"RFC1",7.13511052797922e-05,0.665293373310057,1,1,1,"2","RFC1"
"TSPAN151",7.13511052797922e-05,1.30196904621707,1,1,1,"2","TSPAN15"
"PGK2",7.26782235523693e-05,2.48006042146813,1,1,1,"2","PGK2"
"RPS6KA3",7.32215020268429e-05,1.02191482319464,1,1,1,"2","RPS6KA3"
"CYP2A6",7.48915509276839e-05,1.56907643422186,1,1,1,"2","CYP2A6"
"RAD54L",7.51176281920584e-05,1.29831545278054,1,1,1,"2","RAD54L"
"SNRPG",7.51299746710179e-05,1.23035962489824,1,1,1,"2","SNRPG"
"CHAF1A",7.51382065190568e-05,2.13518924203721,1,1,1,"2","CHAF1A"
"SOD1",7.51382065190568e-05,0.71091749937106,1,1,1,"2","SOD1"
"DBF4P1",7.62278305235639e-05,2.18579111735852,1,1,1,"2","DBF4P1"
"ACP1",7.71001849741006e-05,0.86321056980033,1,1,1,"2","ACP1"
"ATP5F11",7.91148487544991e-05,0.812229910902975,1,1,1,"2","ATP5F1"
"CHMP4B",7.91148487544991e-05,0.918681555424559,1,1,1,"2","CHMP4B"
"GNL3",7.91148487544991e-05,1.26592218772577,1,1,1,"2","GNL3"
"MEGF6",7.91148487544991e-05,2.57682177083656,1,1,1,"2","MEGF6"
"ITIH6",8.06247089315121e-05,0.911337820856746,1,1,1,"2","ITIH6"
"HAUS1",8.11329332285484e-05,1.07757105475786,1,1,1,"2","HAUS1"
"PCBD1",8.11329332285484e-05,1.53753238904423,1,1,1,"2","PCBD1"
"TXNL4A",8.11549638615372e-05,0.545634340273256,1,1,1,"2","TXNL4A"
"CDYL",8.11681844310232e-05,0.732129577384757,1,1,1,"2","CDYL"
"CSE1L",8.11769990564668e-05,1.18334970649917,1,1,1,"2","CSE1L"
"FAM50A",8.11769990564668e-05,1.60644650574084,1,1,1,"2","FAM50A"
"HSPA9",8.11769990564668e-05,0.769176827841843,1,1,1,"2","HSPA9"
"KIF2A",8.11769990564668e-05,0.723060886663678,1,1,1,"2","KIF2A"
"MRPL51",8.11769990564668e-05,0.955430842630538,1,1,1,"2","MRPL51"
"TMEM181",8.11769990564668e-05,1.15807088131582,1,1,1,"2","TMEM181"
"CDK1",8.21490425290629e-05,1.16358018052873,1,1,1,"2","CDK1"
"TIPIN",8.21490425290629e-05,1.16105221461106,1,1,1,"2","TIPIN"
"KIAA1984",8.2795041632343e-05,0.864671670759392,1,1,1,"2","KIAA1984"
"FAHD11",8.31637102203271e-05,0.712109426442076,1,1,1,"2","FAHD1"
"ITPRIPL1",8.32673415415955e-05,1.05427515620823,1,1,1,"2","ITPRIPL1"
"BOP1",8.32808659211298e-05,2.46929936211018,1,1,1,"2","BOP1"
"HN1L",8.32898831039556e-05,0.837439431766562,1,1,1,"2","HN1L"
"TMEM200C",8.34422041241056e-05,1.57360450469703,1,1,1,"2","TMEM200C"
"SKA1",8.52611213947015e-05,1.62269953048292,1,1,1,"2","SKA1"
"UTP15",8.54546667265163e-05,0.782054405451573,1,1,1,"2","UTP15"
"GPN3",8.76489537860882e-05,0.725322742916571,1,1,1,"2","GPN3"
"ICT1",8.76701815159703e-05,0.768456647856681,1,1,1,"2","ICT1"
"GIMAP6",8.76725403939658e-05,1.38759709209496,1,1,1,"2","GIMAP6"
"KDM1A",8.76725403939658e-05,0.828734818898312,1,1,1,"2","KDM1A"
"MTHFD1",8.76725403939658e-05,0.818040289967435,1,1,1,"2","MTHFD1"
"KIF23",8.99350688154359e-05,0.738612621560852,1,1,1,"2","KIF23"
"RPS21",8.99447196836515e-05,0.832543406450407,1,1,1,"2","RPS21"
"RPS23",8.99447196836515e-05,0.942780662240143,1,1,1,"2","RPS23"
"TTF1",8.99447196836515e-05,1.05547877929984,1,1,1,"2","TTF1"
"TBC1D2",9.10161843519685e-05,2.75649448573829,1,1,1,"2","TBC1D2"
"BRSK1",9.10771613156585e-05,2.24517867495259,1,1,1,"2","BRSK1"
"NPTXR1",9.17720385060795e-05,0.859253637831667,1,1,1,"2","NPTXR"
"HIST2H3A",9.21035112359956e-05,0.794416933987584,1,1,1,"2","HIST2H3A"
"SAC3D1",9.22230985575133e-05,2.09001848311776,1,1,1,"2","SAC3D1"
"ANP32E1",9.22724457553103e-05,0.982022468126335,1,1,1,"2","ANP32E"
"LRPPRC",9.22724457553103e-05,1.26731140983122,1,1,1,"2","LRPPRC"
"RPL18A",9.22724457553103e-05,1.14965825652955,1,1,1,"2","RPL18A"
"CRABP1",9.25265318258651e-05,0.172529296784946,1,1,1,"2","CRABP1"
"IER3IP1",9.3432578190378e-05,1.34722082694388,1,1,1,"2","IER3IP1"
"TUBB4BP7",9.37841907719685e-05,0.802895034388472,1,1,1,"2","TUBB4BP7"
"SEZ6",9.41029268168397e-05,0.189684787081486,1,1,1,"2","SEZ6"
"CASC5",9.4646890002301e-05,1.23337190865881,1,1,1,"2","CASC5"
"GPATCH4",9.46569858336138e-05,1.04165779022357,1,1,1,"2","GPATCH4"
"RAPGEF5",9.46569858336138e-05,1.17071747976502,1,1,1,"2","RAPGEF5"
"C21orf2",9.57816549773332e-05,1.05669200707916,1,1,1,"2","C21orf2"
"HIST1H2AH",9.58454409692024e-05,1.23213086962568,1,1,1,"2","HIST1H2AH"
"TNFRSF6B1",9.70093153519279e-05,1.72632135979562,1,1,1,"2","TNFRSF6B"
"CLEC11A",9.70738219576575e-05,2.26542544186308,1,1,1,"2","CLEC11A"
"HJURP",9.70893083781783e-05,1.03592742770626,1,1,1,"2","HJURP"
"DNMBP",9.7099633698496e-05,0.687953849128331,1,1,1,"2","DNMBP"
"NINL",9.7099633698496e-05,1.7205152587853,1,1,1,"2","NINL"
"PSMC51",9.7099633698496e-05,0.512135038455003,1,1,1,"2","PSMC5"
"SPRYD7",9.95093424354882e-05,1.17583411428376,1,1,1,"2","SPRYD7"
"SHQ1",9.95911505855962e-05,1.01909341616692,1,1,1,"2","SHQ1"
"MRPL15",9.95990702044638e-05,1.10417437704963,1,1,1,"2","MRPL15"
"EIF3J",9.96017101833612e-05,0.911608097663766,1,1,1,"2","EIF3J"
"LRRC59",9.96017101833612e-05,1.42950747838582,1,1,1,"2","LRRC59"
"NCL",9.96017101833612e-05,1.02125627872045,1,1,1,"2","NCL"
"PDE4B",9.96017101833612e-05,0.868119989619718,1,1,1,"2","PDE4B"
"C11orf34",0.000100651384249103,0.745631143408604,1,1,1,"2","C11orf34"
"ANO7",0.0001020134596819,0.514916775778222,1,1,1,"2","ANO7"
"SNRPF",0.000102164563681264,1.56376961496305,1,1,1,"2","SNRPF"
"RXRG",0.00010416650291579,0.788589702289332,1,1,1,"2","RXRG"
"RASA4B",0.000104761965115807,0.277429961271638,1,1,1,"2","RASA4B"
"C21orf59",0.000104789570659162,0.862688851295614,1,1,1,"2","C21orf59"
"KIF22",0.000104789570659162,1.05320550358895,1,1,1,"2","KIF22"
"METAP21",0.000104789570659162,0.784966940706646,1,1,1,"2","METAP2"
"RP11-887P2.3",0.000106028139970645,0.958508182247794,1,1,1,"2","RP11-887P2.3"
"CREB3L4",0.000106097904241046,0.900853675951973,1,1,1,"2","CREB3L4"
"PTDSS2",0.00010747813618034,1.22032394734495,1,1,1,"2","PTDSS2"
"SEC11A",0.00010747813618034,0.686890760988323,1,1,1,"2","SEC11A"
"CACYBPP2",0.000108924129675145,0.853956007708616,1,1,1,"2","CACYBPP2"
"APC2",0.000110070127814559,2.09901182818761,1,1,1,"2","APC2"
"ZCRB1",0.000110231694435092,0.841936887580175,1,1,1,"2","ZCRB1"
"KIAA1324L",0.000111630383149507,1.51360610308307,1,1,1,"2","KIAA1324L"
"NCAPG2",0.000113051709279779,0.861258878614262,1,1,1,"2","NCAPG2"
"PDHA11",0.000113051709279779,0.681745489289174,1,1,1,"2","PDHA1"
"SRSF3",0.000113051709279779,0.740491744955261,1,1,1,"2","SRSF3"
"KLHL6",0.000114457260927421,1.32422846409222,1,1,1,"2","KLHL6"
"SNHG9",0.000115277177495508,2.84730700890431,1,1,1,"2","SNHG9"
"KLHDC4",0.000115936656964718,2.00462587818948,1,1,1,"2","KLHDC4"
"C20orf112",0.000115939674784341,0.971666464404738,1,1,1,"2","C20orf112"
"HK1",0.000115939674784341,1.31002583943905,1,1,1,"2","HK1"
"ITGA9",0.000115939674784341,1.54910353149727,1,1,1,"2","ITGA9"
"NPM1P39",0.000115939674784341,1.30529450846666,1,1,1,"2","NPM1P39"
"NUDT15",0.000117153500768585,1.55254802542466,1,1,1,"2","NUDT15"
"MSTN",0.000117334160349673,0.509158330498284,1,1,1,"2","MSTN"
"HIST1H2AK",0.000118884774485545,0.764991711512193,1,1,1,"2","HIST1H2AK"
"AATF",0.000118897115788374,1.36839816997358,1,1,1,"2","AATF"
"GNG111",0.000118897115788374,1.15277883039619,1,1,1,"2","GNG11"
"RPL14",0.000118897115788374,1.17612780464193,1,1,1,"2","RPL14"
"SULT1A2",0.000120140528861566,1.13128169776061,1,1,1,"2","SULT1A2"
"KCNA1",0.000120339842897971,2.3115724506393,1,1,1,"2","KCNA1"
"IPO11",0.000120399254935049,0.633876236684571,1,1,1,"2","IPO11"
"C3orf55",0.000121087738618388,1.12076831716802,1,1,1,"2","C3orf55"
"EGLN1",0.000121925588465871,0.830259111826987,1,1,1,"2","EGLN1"
"RP11-730G20.2",0.000121925588465871,1.26775210223605,1,1,1,"2","RP11-730G20.2"
"TNPO1",0.000121925588465871,0.630798524989295,1,1,1,"2","TNPO1"
"ECT2L",0.000122941539272231,0.196139913559337,1,1,1,"2","ECT2L"
"TMEM51",0.000123355363893069,1.26608713115743,1,1,1,"2","TMEM51"
"MAGEB6",0.000124633617058536,1.47056348848945,1,1,1,"2","MAGEB6"
"RPUSD3",0.000124962196914954,1.01697453991922,1,1,1,"2","RPUSD3"
"STAB21",0.000124962196914954,1.01103598807505,1,1,1,"2","STAB2"
"AKR1A11",0.000125026680898722,0.621265611340164,1,1,1,"2","AKR1A1"
"TRIM6-TRIM34",0.0001276217331499,2.08804160764764,1,1,1,"2","TRIM6-TRIM34"
"COX5A1",0.000128136093276249,0.95380280353033,1,1,1,"2","COX5A"
"ACBD4",0.000128169050290343,0.290385360283903,1,1,1,"2","ACBD4"
"AP1S1",0.000128202013659075,1.30821171792122,1,1,1,"2","AP1S1"
"PFAS",0.000128202013659075,2.08574769229623,1,1,1,"2","PFAS"
"SNORA21",0.000128202013659075,3.08845074228133,1,1,1,"2","SNORA21"
"TMEM109",0.000128202013659075,1.71425064184206,1,1,1,"2","TMEM109"
"CRISP2",0.000130411747817459,2.89750399386746,1,1,1,"2","CRISP2"
"MID1",0.000131439761122296,1.12153517744235,1,1,1,"2","MID1"
"AUP1",0.00013145324040066,0.520185325627278,1,1,1,"2","AUP1"
"BAZ1B",0.00013145324040066,0.579071600762809,1,1,1,"2","BAZ1B"
"HNRNPR",0.00013145324040066,0.824770718427214,1,1,1,"2","HNRNPR"
"MTIF2",0.00013145324040066,1.01258056169922,1,1,1,"2","MTIF2"
"HIST1H1A1",0.00013322150147015,0.164325208466112,1,1,1,"2","HIST1H1A"
"CDT1",0.000134713166973936,2.39317263150978,1,1,1,"2","CDT1"
"TOMM341",0.000134747604423356,0.573699549688635,1,1,1,"2","TOMM34"
"CNOT6",0.00013478204845918,1.07488651050533,1,1,1,"2","CNOT6"
"EMD",0.00013478204845918,1.49746827055107,1,1,1,"2","EMD"
"NUP93",0.00013478204845918,0.542336134631746,1,1,1,"2","NUP93"
"OLA1",0.00013478204845918,1.07015977194163,1,1,1,"2","OLA1"
"PHB",0.00013478204845918,1.09287088533833,1,1,1,"2","PHB"
"ZDBF2",0.00013478204845918,2.06252282400707,1,1,1,"2","ZDBF2"
"IL13RA2",0.00013489832488211,1.67423112888476,1,1,1,"2","IL13RA2"
"HHIP1",0.000136228872641822,0.102484374760483,1,1,1,"2","HHIP"
"KLHL3",0.000136472599475795,1.26489423104655,1,1,1,"2","KLHL3"
"SH3GL1P1",0.00013741715353829,1.05029369614763,1,1,1,"2","SH3GL1P1"
"NOS2",0.000138066964363122,1.84570369588673,1,1,1,"2","NOS2"
"PLK4",0.000138176075865091,1.25956939888445,1,1,1,"2","PLK4"
"SNORA64",0.000138190159461859,1.91648428001656,1,1,1,"2","SNORA64"
"POTEE",0.000138770271593543,2.60908178635335,1,1,1,"2","POTEE"
"PI4K2B",0.000139920941377608,1.57485647673108,1,1,1,"2","PI4K2B"
"IL5RA1",0.00014053275935812,2.54906677139692,1,1,1,"2","IL5RA"
"RBM24",0.000141404611009566,2.48856602477698,1,1,1,"2","RBM24"
"PRR5L",0.000141664934982688,1.43721280815192,1,1,1,"2","PRR5L"
"LAS1L",0.000141679329946261,1.03969146753842,1,1,1,"2","LAS1L"
"C15orf39",0.000145251351988479,0.846782453552429,1,1,1,"2","C15orf39"
"PSMA7",0.000145251351988479,0.847915873558634,1,1,1,"2","PSMA7"
"RPSA",0.000145251351988479,1.45228395965828,1,1,1,"2","RPSA"
"SNRPD3",0.000145251351988479,0.914303623762166,1,1,1,"2","SNRPD3"
"LRRC61",0.000146008346792253,3.05295732707507,1,1,1,"2","LRRC61"
"DIEXF",0.000147065283678114,0.802099861638649,1,1,1,"2","DIEXF"
"BLM",0.00014883288182322,1.39692778818261,1,1,1,"2","BLM"
"BUB3",0.000148893017174405,0.659977497925766,1,1,1,"2","BUB3"
"WASF3",0.000148893017174405,1.96150016682025,1,1,1,"2","WASF3"
"HIST1H2AL",0.000148908053840787,0.788430544736341,1,1,1,"2","HIST1H2AL"
"IPO4",0.000148908053840787,1.662046949972,1,1,1,"2","IPO4"
"TRIM561",0.000148908053840787,0.134261332223637,1,1,1,"2","TRIM56"
"MURC",0.000149684734561263,1.80032596744351,1,1,1,"2","MURC"
"NINJ1",0.000152574475949576,1.59804460421261,1,1,1,"2","NINJ1"
"AURKAIP1",0.000152635933349891,1.47789564110095,1,1,1,"2","AURKAIP1"
"C14orf21",0.00015264745866366,0.799145989708039,1,1,1,"2","C14orf2"
"LTBR",0.000152651300578871,0.828546010604729,1,1,1,"2","LTBR"
"MCM7",0.000152651300578871,0.871708140862903,1,1,1,"2","MCM7"
"NPM1P21",0.000154517136053733,1.56639453459404,1,1,1,"2","NPM1P21"
"FBXO451",0.000156467290339139,0.422698928540164,1,1,1,"2","FBXO45"
"SLC16A11",0.000156467290339139,0.546998866395029,1,1,1,"2","SLC16A1"
"TRIM59",0.000156479068543952,0.964210310469745,1,1,1,"2","TRIM59"
"TRIT1",0.000156482994758731,0.863367137657344,1,1,1,"2","TRIT1"
"ASPM",0.000160401064882596,1.57470768132997,1,1,1,"2","ASPM"
"AGFG2",0.000160405077083363,0.946137431374002,1,1,1,"2","AGFG2"
"KLHL33",0.000162135431435043,1.42782587368957,1,1,1,"2","KLHL33"
"RPS7P4",0.000162258721366876,2.13862868027938,1,1,1,"2","RPS7P4"
"RPSAP54",0.000164337543432712,0.88941050934819,1,1,1,"2","RPSAP54"
"RFXANK",0.000164403127922513,1.83590795258924,1,1,1,"2","RFXANK"
"B3GALNT2",0.00016441952707932,0.747044146000103,1,1,1,"2","B3GALNT2"
"CUL1",0.00016441952707932,0.534415714043117,1,1,1,"2","CUL1"
"GIMAP4",0.00016441952707932,1.13511249602858,1,1,1,"2","GIMAP4"
"GPR881",0.000165548757473561,0.227671002374443,1,1,1,"2","GPR88"
"ROPN1L",0.000165697382621403,0.411662504725935,1,1,1,"2","ROPN1L"
"MIR24-21",0.000167608564636152,0.344138378655938,1,1,1,"2","MIR24-2"
"DHTKD1",0.000168528363783254,0.60327240613505,1,1,1,"2","DHTKD1"
"C2CD4B",0.000170348793026973,1.45641259694994,1,1,1,"2","C2CD4B"
"SLC26A71",0.000170348793026973,0.248060570776854,1,1,1,"2","SLC26A7"
"B3GALT6",0.000171793810166677,1.29188029776269,1,1,1,"2","B3GALT6"
"PGM5P1",0.000172494055034741,3.30211550963985,1,1,1,"2","PGM5P1"
"MAGEB1",0.000176748627353791,1.71544862076009,1,1,1,"2","MAGEB1"
"TSEN15",0.000177019981233836,0.972310654421449,1,1,1,"2","TSEN15"
"CDK16",0.000177037475202173,1.05279397516466,1,1,1,"2","CDK16"
"MARCKSL11",0.000177037475202173,0.916955185759566,1,1,1,"2","MARCKSL1"
"NR5A21",0.000177037475202173,1.45259717262222,1,1,1,"2","NR5A2"
"RALGDS",0.000177037475202173,0.710151490030977,1,1,1,"2","RALGDS"
"PODXL2",0.000179072331400471,1.89573231541846,1,1,1,"2","PODXL2"
"MRP63",0.000179182807493817,1.74394260581291,1,1,1,"2","MRP63"
"ZWILCH",0.000179182807493817,1.13843266784674,1,1,1,"2","ZWILCH"
"FAM86A",0.000181352637586406,1.23840580622349,1,1,1,"2","FAM86A"
"PLXNB3",0.00018139731065861,0.404477880776673,1,1,1,"2","PLXNB3"
"LMBR1",0.000181441991861722,1.1528690028143,1,1,1,"2","LMBR1"
"NAA10",0.000181441991861722,1.19923300225143,1,1,1,"2","NAA10"
"SCAND31",0.000185587930751479,1.67714489778159,1,1,1,"2","SCAND3"
"CDCA7L",0.000185903731960715,2.25279490693586,1,1,1,"2","CDCA7L"
"SAP18",0.000185944815330508,1.64587633135128,1,1,1,"2","SAP18"
"NUSAP1",0.000185949380563009,0.61798608300019,1,1,1,"2","NUSAP1"
"PTMAP5",0.000185949380563009,1.2495998681086,1,1,1,"2","PTMAP5"
"TUFM",0.000185949380563009,1.12568651904647,1,1,1,"2","TUFM"
"ZNF8211",0.000190468606871605,0.204478115361225,1,1,1,"2","ZNF821"
"NRAS",0.000190543213519758,1.31372817472446,1,1,1,"2","NRAS"
"HIST1H4E",0.000190561868548039,0.770662417847252,1,1,1,"2","HIST1H4E"
"NOP14",0.000190561868548039,1.59869153232154,1,1,1,"2","NOP14"
"SNORA38",0.000190561868548039,2.38618107609536,1,1,1,"2","SNORA38"
"UBA52",0.000190561868548039,0.691974164765959,1,1,1,"2","UBA52"
"NHP2L1",0.00019501504831454,1.10427377532855,1,1,1,"2","NHP2L1"
"POLR1C",0.000195115021331416,0.975720296006125,1,1,1,"2","POLR1C"
"DYSF1",0.000195281726903634,1.19279881379891,1,1,1,"2","DYSF"
"RPL28",0.000195281726903634,0.990376174556904,1,1,1,"2","RPL28"
"TRIM34",0.000197207317768913,1.99903595492536,1,1,1,"2","TRIM34"
"GALK1",0.000200013947247678,1.31031842126283,1,1,1,"2","GALK1"
"PRKCZ1",0.000200013947247678,1.27061720997188,1,1,1,"2","PRKCZ"
"KIAA1586",0.000200091803719493,1.39670733103857,1,1,1,"2","KIAA1586"
"CCDC137",0.000200106404289812,1.21962952354704,1,1,1,"2","CCDC137"
"KXD1",0.000200106404289812,0.860311556651215,1,1,1,"2","KXD1"
"RIOK11",0.000200111271320763,0.416985653894933,1,1,1,"2","RIOK1"
"RPL36",0.000200111271320763,0.964572382074898,1,1,1,"2","RPL36"
"CKAP2L",0.000202518725190968,1.23047878050884,1,1,1,"2","CKAP2L"
"LAPTM4B",0.000202562992781274,1.57413720449073,1,1,1,"2","LAPTM4B"
"SRPRB",0.000205032977015535,1.08541923820283,1,1,1,"2","SRPRB"
"MINA1",0.000205047891269511,0.729733961230565,1,1,1,"2","MINA"
"EIF4A1",0.00020505286286467,0.877766480526226,1,1,1,"2","EIF4A1"
"MARCH5",0.00020505286286467,0.899155025022081,1,1,1,"2","MARCH5"
"MRPL20",0.00020505286286467,0.668142140798084,1,1,1,"2","MRPL20"
"RPS7P10",0.00020505286286467,0.437439331474391,1,1,1,"2","RPS7P10"
"AC007000.12",0.00020739061749756,2.91261770795389,1,1,1,"2","AC007000.12"
"ASB13",0.000209824668357635,1.44785939059421,1,1,1,"2","ASB13"
"ACBD6",0.000210108908755932,0.54561293681574,1,1,1,"2","ACBD6"
"LOXHD1",0.000210108908755932,2.15273925764658,1,1,1,"2","LOXHD1"
"NADK",0.000210108908755932,0.930201214530097,1,1,1,"2","NADK"
"PPP1R13B",0.000210108908755932,0.89240206275079,1,1,1,"2","PPP1R13B"
"MRPS26",0.000212675484877488,2.49592249409616,1,1,1,"2","MRPS26"
"RP11-123M21.2",0.000212876659091832,0.684483059390537,1,1,1,"2","RP11-123M21.2"
"SNCB",0.000213024010159918,4.95545610903794,1,1,1,"2","SNCB"
"HNRNPA1P40",0.000214991539178567,3.92686430013094,1,1,1,"2","HNRNPA1P40"
"TRIL",0.000215100377006304,1.81957076112236,1,1,1,"2","TRIL"
"CERS6",0.000215178143044544,0.771198778242434,1,1,1,"2","CERS6"
"H2AFX",0.000215178143044544,3.7026281393057,1,1,1,"2","H2AFX"
"MRPS7",0.000215261116206781,0.923192388413826,1,1,1,"2","MRPS7"
"AC005795.1",0.000215276676286135,1.1567091289886,1,1,1,"2","AC005795.1"
"EGFL71",0.000215281863162523,1.52817222508877,1,1,1,"2","EGFL7"
"SMC1A",0.000215281863162523,0.936149742224469,1,1,1,"2","SMC1A"
"USP5",0.000215281863162523,0.701931496651131,1,1,1,"2","USP5"
"SNX10",0.000217472954737147,1.951790714561,1,1,1,"2","SNX10"
"E2F6",0.000220468292435279,0.903825960448831,1,1,1,"2","E2F6"
"CSNK2A1",0.000220553037907455,0.618977942537018,1,1,1,"2","CSNK2A1"
"YY1",0.000220568930339326,0.564348324172741,1,1,1,"2","YY1"
"GNL2",0.000220574228003004,0.505808291323358,1,1,1,"2","GNL2"
"RP11-51O6.1",0.000220574228003004,0.914351170403657,1,1,1,"2","RP11-51O6.1"
"ZDHHC8",0.000220574228003004,1.02879010186441,1,1,1,"2","ZDHHC8"
"RP11-1H8.3",0.000221604935990886,0.465887884183326,1,1,1,"2","RP11-1H8.3"
"ACTL6A",0.000223212450075518,0.817595118926231,1,1,1,"2","ACTL6A"
"TMEM201",0.000225880359838685,1.21183874183447,1,1,1,"2","TMEM201"
"EIF2S1",0.000225988553760929,0.899398416057476,1,1,1,"2","EIF2S1"
"HDAC2",0.000225988553760929,0.813609093508902,1,1,1,"2","HDAC2"
"HTRA2",0.000225988553760929,0.405460813583923,1,1,1,"2","HTRA2"
"NARS1",0.000225988553760929,0.69861323906154,1,1,1,"2","NARS"
"RP11-1033A18.1",0.000225988553760929,0.926516892545042,1,1,1,"2","RP11-1033A18.1"
"ZBTB7A1",0.000225988553760929,0.411506849239435,1,1,1,"2","ZBTB7A"
"GNG4",0.000226310021163029,3.19588738957053,1,1,1,"2","GNG4"
"APBA2",0.000231505338045036,1.80260297367534,1,1,1,"2","APBA2"
"MSH2",0.000231521914599642,1.01778343618384,1,1,1,"2","MSH2"
"ARMC6",0.000231527440310593,1.36558493155456,1,1,1,"2","ARMC6"
"BTF3",0.000231527440310593,0.83566768391362,1,1,1,"2","BTF3"
"UBQLN3",0.000231528636664483,0.915114134573843,1,1,1,"2","UBQLN3"
"SLC5A41",0.000234288583448269,1.72377403187355,1,1,1,"2","SLC5A4"
"BVES",0.000235954427140294,1.06280706773806,1,1,1,"2","BVES"
"KIF61",0.000236484598110854,2.06066982778522,1,1,1,"2","KIF6"
"ADAMTS7",0.000237193537754185,2.34151709128826,1,1,1,"2","ADAMTS7"
"SPC25",0.000242298742445455,0.560972169336877,1,1,1,"2","SPC25"
"GLRX5",0.00024298378463706,1.07514606367561,1,1,1,"2","GLRX5"
"PSMD14",0.00024298378463706,0.317477644106241,1,1,1,"2","PSMD14"
"XRCC5",0.000242989547270491,0.668747249936555,1,1,1,"2","XRCC5"
"ZYG11A",0.000245850381414505,2.18546254087187,1,1,1,"2","ZYG11A"
"P2RX4",0.000248859381367925,1.08647819536279,1,1,1,"2","P2RX4"
"EVC2",0.000248894684516602,1.06029842297621,1,1,1,"2","EVC2"
"GAB1",0.000248918221975221,2.3750153085914,1,1,1,"2","GAB1"
"PUS7",0.000248918221975221,1.40765710038895,1,1,1,"2","PUS7"
"VPS53",0.000248918221975221,1.81160497866827,1,1,1,"2","VPS53"
"DNTT",0.000252917074821087,1.62738140084874,1,1,1,"2","DNTT"
"PCDHB19P1",0.000253268064455719,0.139508653165697,1,1,1,"2","PCDHB19P"
"LIN9",0.000254646037389702,1.01129095836479,1,1,1,"2","LIN9"
"CCDC138",0.000254976359060932,0.622275194411751,1,1,1,"2","CCDC138"
"NDUFB5",0.000254982367793068,0.811345538699401,1,1,1,"2","NDUFB5"
"RBFA",0.000254982367793068,0.954928592657053,1,1,1,"2","RBFA"
"UBE2E1",0.000254982367793068,0.995543154625214,1,1,1,"2","UBE2E1"
"GABPB1",0.000258060062151456,0.9089659988612,1,1,1,"2","GABPB1"
"CHKA",0.000261184844341605,0.928583828340326,1,1,1,"2","CHKA"
"DBN1",0.000261184844341605,1.84620542487706,1,1,1,"2","DBN1"
"NOP10",0.000261184844341605,1.03549280181237,1,1,1,"2","NOP10"
"SOX4",0.000261184844341605,1.04590745393491,1,1,1,"2","SOX4"
"EIF5AP41",0.000263818473973234,0.363276062131163,1,1,1,"2","EIF5AP4"
"SNORA52",0.000267503509200574,1.42312169231818,1,1,1,"2","SNORA52"
"FOXM1",0.000267522301510806,1.58543031114122,1,1,1,"2","FOXM1"
"HIST1H2AG",0.000267528565827118,1.24977018265839,1,1,1,"2","HIST1H2AG"
"RP11-350G8.7",0.000267885361097377,1.20501815542094,1,1,1,"2","RP11-350G8.7"
"PBDC1",0.000270684698116905,1.44603181009399,1,1,1,"2","PBDC1"
"HSPD1P11",0.000273479634870315,0.143378095630371,1,1,1,"2","HSPD1P11"
"EFCAB4B",0.000274010106188094,1.36175450480447,1,1,1,"2","EFCAB4B"
"ABCA3",0.000274016501952468,0.845940883117869,1,1,1,"2","ABCA3"
"ACAT1",0.000274016501952468,1.16860490631966,1,1,1,"2","ACAT1"
"NDUFS7",0.000274016501952468,1.96207101464728,1,1,1,"2","NDUFS7"
"RTCB1",0.000274016501952468,0.682433369753211,1,1,1,"2","RTCB"
"STXBP6",0.000279217791994011,1.37104823940415,1,1,1,"2","STXBP6"
"POLE3",0.000280521105663189,1.06631230519122,1,1,1,"2","POLE3"
"SLC25A15",0.000280521105663189,0.783134549770491,1,1,1,"2","SLC25A15"
"FAM60A",0.000280625560682776,1.01397125268301,1,1,1,"2","FAM60A"
"ECI2",0.00028064514913353,1.01226106282228,1,1,1,"2","ECI2"
"PKN1",0.000280651678837098,1.85743022776061,1,1,1,"2","PKN1"
"PTMA",0.000280651678837098,1.11872450518262,1,1,1,"2","PTMA"
"RASAL3",0.000280651678837098,1.27508924804427,1,1,1,"2","RASAL3"
"LEKR1",0.000283797011063994,2.70031663938723,1,1,1,"2","LEKR1"
"ECT2",0.000283959472670674,0.655248429106919,1,1,1,"2","ECT2"
"RHAG",0.000285973312894907,1.21791146230352,1,1,1,"2","RHAG"
"SQRDL1",0.000287410515920345,0.988114852930236,1,1,1,"2","SQRDL"
"LMNB2",0.000287437179949265,3.16888428018517,1,1,1,"2","LMNB2"
"SEMA4C",0.000287437179949265,1.25523123084242,1,1,1,"2","SEMA4C"
"SNORA71D",0.000287437179949265,1.5390965566695,1,1,1,"2","SNORA71D"
"USP10",0.000287437179949265,0.631977071820842,1,1,1,"2","USP10"
"ABCB10P1",0.000287879042787485,2.87191789382659,1,1,1,"2","ABCB10P1"
"EPN3",0.000294240064238373,4.44840077054094,1,1,1,"2","EPN3"
"PRIM1",0.000294240064238373,0.921475600203051,1,1,1,"2","PRIM1"
"SIGMAR1",0.000294240064238373,0.997256990302347,1,1,1,"2","SIGMAR1"
"NUTF2",0.000294308099963557,1.01116764382735,1,1,1,"2","NUTF2"
"GTF2F1",0.000294376147050608,1.16516554611652,1,1,1,"2","GTF2F1"
"SF3A3",0.000294376147050608,0.693566050901396,1,1,1,"2","SF3A3"
"TIMM44",0.000294376147050608,0.699094617659592,1,1,1,"2","TIMM44"
"SOHLH21",0.000295542885148541,0.889249683762923,1,1,1,"2","SOHLH2"
"METTL1",0.00029732701699879,1.34480348058227,1,1,1,"2","METTL1"
"CCDC62",0.000299946247459545,1.72170988696145,1,1,1,"2","CCDC62"
"SGOL1",0.000300327107489367,1.04972343826633,1,1,1,"2","SGOL1"
"KIF20B",0.000301464834272196,0.668674570291714,1,1,1,"2","KIF20B"
"MRPS9",0.000301464834272196,0.96018048601163,1,1,1,"2","MRPS9"
"GS1-44D20.1",0.000301471781153156,0.691729309290169,1,1,1,"2","GS1-44D20.1"
"XRCC6",0.000301471781153156,0.53792790452227,1,1,1,"2","XRCC6"
"IL1RAPL1",0.000303513207042921,0.155194724875123,1,1,1,"2","IL1RAPL1"
"MRPS21P1",0.000308201989584608,2.79853129135389,1,1,1,"2","MRPS21P1"
"YDJC",0.000308330416968603,2.40472388223543,1,1,1,"2","YDJC"
"NOL9",0.000308698979391331,1.41830687018822,1,1,1,"2","NOL9"
"PTPLAD1",0.000308698979391331,0.927088173713237,1,1,1,"2","PTPLAD1"
"C19orf43",0.000308727343488843,3.21912168978933,1,1,1,"2","C19orf43"
"PRDX11",0.000308727343488843,0.975726096552448,1,1,1,"2","PRDX1"
"DPF1",0.000310371941104524,1.74595074233979,1,1,1,"2","DPF1"
"LIPT2",0.000310741684406872,1.49872765822997,1,1,1,"2","LIPT2"
"TICAM2",0.000312165451002342,0.43572490171135,1,1,1,"2","TICAM2"
"KSR21",0.000313503564502733,0.398789296725917,1,1,1,"2","KSR2"
"FAM86DP",0.000316073779642264,0.355512756924318,1,1,1,"2","FAM86DP"
"MAGOH",0.000316117204320835,0.551535171418726,1,1,1,"2","MAGOH"
"DDX49",0.000316138918270074,0.905058664191552,1,1,1,"2","DDX49"
"CMAS1",0.000316146156491672,0.649955765330816,1,1,1,"2","CMAS"
"FNBP1L1",0.000316146156491672,0.994824188017848,1,1,1,"2","FNBP1L"
"GUK1",0.000316146156491672,1.37601753565901,1,1,1,"2","GUK1"
"RPS4X",0.000316146156491672,0.957275737121208,1,1,1,"2","RPS4X"
"TPM3",0.000316146156491672,0.850690997822994,1,1,1,"2","TPM3"
"PSMD4",0.000319910524474404,0.752452796024421,1,1,1,"2","PSMD4"
"RP11-122A3.2",0.000320382570163572,0.658589314961871,1,1,1,"2","RP11-122A3.2"
"CPT1C",0.000323657730362982,1.36649506041588,1,1,1,"2","CPT1C"
"SNORA1",0.000323657730362982,4.27036836456216,1,1,1,"2","SNORA1"
"HIST1H2AJ1",0.000323702053566559,0.196701857318972,1,1,1,"2","HIST1H2AJ"
"KCNN3",0.000323724216804298,0.97646720913631,1,1,1,"2","KCNN3"
"ARL2",0.000323731604792581,1.36829170364553,1,1,1,"2","ARL2"
"PLCG2",0.000323731604792581,0.573088275284874,1,1,1,"2","PLCG2"
"PWP2",0.000323731604792581,0.727220891698154,1,1,1,"2","PWP2"
"SRPK11",0.000323731604792581,1.16454579730285,1,1,1,"2","SRPK1"
"UNC5B",0.000323731604792581,2.09288625044253,1,1,1,"2","UNC5B"
"GPR112",0.00032598185064335,2.12464837411753,1,1,1,"2","GPR112"
"SNAP23",0.000327580428216661,0.770894595779918,1,1,1,"2","SNAP23"
"FAM203A",0.000330583149740838,1.67140926625812,1,1,1,"2","FAM203A"
"POLQ",0.000331479595682337,1.07108929674763,1,1,1,"2","POLQ"
"SMARCA4",0.000331487136227139,1.10206960436712,1,1,1,"2","SMARCA4"
"SNORA30",0.00033325611786311,1.49966801399088,1,1,1,"2","SNORA30"
"CDC6",0.000335353604854251,0.997869785483951,1,1,1,"2","CDC6"
"HPSE1",0.00033914697952816,0.523835683988326,1,1,1,"2","HPSE"
"RFK",0.000339339309125433,1.36321614164767,1,1,1,"2","RFK"
"EIF3I",0.000339408566920084,0.965135167557843,1,1,1,"2","EIF3I"
"VAMP21",0.000339408566920084,0.16391824532556,1,1,1,"2","VAMP2"
"MCCC2",0.000339416262856142,0.785295824401103,1,1,1,"2","MCCC2"
"NUP205",0.000339416262856142,0.573684906133767,1,1,1,"2","NUP205"
"FBN32",0.000341155697369827,0.48196295219347,1,1,1,"2","FBN3"
"TDRD9",0.00034579769654612,0.954422184848834,1,1,1,"2","TDRD9"
"ERCC2",0.00034749114593182,0.661858596800114,1,1,1,"2","ERCC2"
"MLF1IP1",0.00034749114593182,0.893346994505938,1,1,1,"2","MLF1IP"
"HIRA",0.0003475147077917,0.717416408670296,1,1,1,"2","HIRA"
"PPP2R5A",0.000347522561999214,0.712787733378754,1,1,1,"2","PPP2R5A"
"RP11-43F13.1",0.000348046334010449,0.735723945759673,1,1,1,"2","RP11-43F13.1"
"ATP5EP2",0.000348103148134784,0.814822166720161,1,1,1,"2","ATP5EP2"
"MND1",0.000350977241035831,1.31294582229045,1,1,1,"2","MND1"
"NDUFAB1",0.000351563948665899,1.04652762782953,1,1,1,"2","NDUFAB1"
"UAP1L1",0.000351563948665899,2.39305717495489,1,1,1,"2","UAP1L1"
"HSPD1P1",0.000351635352839754,2.32042353314972,1,1,1,"2","HSPD1P1"
"C17orf53",0.000355649393711882,0.74067282949443,1,1,1,"2","C17orf53"
"ANP32B",0.000355809677281512,0.201363296686967,1,1,1,"2","ANP32B"
"KIF3B",0.000355809677281512,0.672333458502347,1,1,1,"2","KIF3B"
"NAP1L1",0.000355809677281512,1.21374134742565,1,1,1,"2","NAP1L1"
"RPL9P8",0.000355809677281512,0.501119955692861,1,1,1,"2","RPL9P8"
"PDILT",0.000360983876189709,2.83598392074171,1,1,1,"2","PDILT"
"NIPSNAP1",0.000364117753102384,1.04561119750333,1,1,1,"2","NIPSNAP1"
"FLVCR1",0.000364248602177651,1.18914733219901,1,1,1,"2","FLVCR1"
"PQBP1",0.000364248602177651,0.871668017460447,1,1,1,"2","PQBP1"
"HIST1H3D",0.000364273140117843,1.61384368791772,1,1,1,"2","HIST1H3D"
"IQGAP3",0.000364273140117843,1.18462281444161,1,1,1,"2","IQGAP3"
"MEN1",0.00036428131969361,1.22898087508075,1,1,1,"2","MEN1"
"NOM1",0.00036428131969361,1.22747514069977,1,1,1,"2","NOM1"
"AC104667.3",0.000365502569994759,1.1837076590852,1,1,1,"2","AC104667.3"
"SALL1",0.000368287905305069,2.04926078013505,1,1,1,"2","SALL1"
"RP11-782C8.5",0.000371565854428956,2.56565111666777,1,1,1,"2","RP11-782C8.5"
"E2F3",0.000372474054939865,0.511384551297079,1,1,1,"2","E2F3"
"ELAVL1",0.000372941268664668,0.512149393324137,1,1,1,"2","ELAVL1"
"FAM129A",0.000372941268664668,1.12517266408265,1,1,1,"2","FAM129A"
"KNOP1",0.000372941268664668,0.857551535872455,1,1,1,"2","KNOP1"
"MAGED4B",0.000373532109587829,1.21598073659024,1,1,1,"2","MAGED4B"
"SPC24",0.00038131662818645,2.04543715708314,1,1,1,"2","SPC24"
"CTD-2033A16.2",0.000381708208991836,1.89182547957899,1,1,1,"2","CTD-2033A16.2"
"UCHL5",0.000381759305861805,1.08517535427755,1,1,1,"2","UCHL5"
"LOXL41",0.000389799686148995,1.71824293925295,1,1,1,"2","LOXL4"
"NAA40",0.00039080679195284,1.4101011941381,1,1,1,"2","NAA40"
"AGAP3",0.000390841552725885,1.30271390543135,1,1,1,"2","AGAP3"
"KHDRBS1",0.000390841552725885,0.485272769461794,1,1,1,"2","KHDRBS1"
"NPM1P27",0.000390841552725885,0.700331580010676,1,1,1,"2","NPM1P27"
"PTBP1",0.000390841552725885,0.736540116366566,1,1,1,"2","PTBP1"
"COLEC101",0.000393672904110357,1.10726577425974,1,1,1,"2","COLEC10"
"ECE2",0.000395146136620053,1.63692583618785,1,1,1,"2","ECE2"
"SNRPE",0.000400001135603956,0.816490392746305,1,1,1,"2","SNRPE"
"SNX21",0.000400080931774133,1.06303986177467,1,1,1,"2","SNX21"
"GNPAT",0.000400089798713462,0.461777844827999,1,1,1,"2","GNPAT"
"YWHAQ",0.000400089798713462,0.641544175019689,1,1,1,"2","YWHAQ"
"RBM381",0.000408782747289832,0.4351750953109,1,1,1,"2","RBM38"
"HOMER1",0.000409505989370881,1.46493767353279,1,1,1,"2","HOMER1"
"THOP1",0.000409505989370881,2.27653122861691,1,1,1,"2","THOP1"
"DCAF13",0.00040953312860164,1.09764413971173,1,1,1,"2","DCAF13"
"SLMO2",0.00040953312860164,0.659510416634124,1,1,1,"2","SLMO2"
"ARPC1A",0.000409542175295534,0.815097208409256,1,1,1,"2","ARPC1A"
"TRAF2",0.000409542175295534,0.777091774225491,1,1,1,"2","TRAF2"
"MANF",0.000414254831329457,0.720711566727395,1,1,1,"2","MANF"
"PDSS1",0.000418686178484237,1.19627979037157,1,1,1,"2","PDSS1"
"RGS16",0.00041916590267339,0.955947045622718,1,1,1,"2","RGS16"
"ATIC",0.00041920282066263,1.37010340524483,1,1,1,"2","ATIC"
"FBXO18",0.00041920282066263,0.677956809636608,1,1,1,"2","FBXO18"
"NDUFS6",0.00041920282066263,0.653120159808982,1,1,1,"2","NDUFS6"
"SENP3",0.00041920282066263,1.28849200429319,1,1,1,"2","SENP3"
"SLC27A3",0.00041920282066263,1.13578738762585,1,1,1,"2","SLC27A3"
"WRAP53",0.00041920282066263,1.16753980415606,1,1,1,"2","WRAP53"
"SUSD5",0.000426388914606907,0.442072901079225,1,1,1,"2","SUSD5"
"HIPK4",0.000428311427281296,1.51149337181027,1,1,1,"2","HIPK4"
"SETP18",0.000428746473486701,0.605211897887813,1,1,1,"2","SETP18"
"ITPA",0.000429038284850378,0.968549359861663,1,1,1,"2","ITPA"
"RPL7AP6",0.000429075948166648,1.60933434089987,1,1,1,"2","RPL7AP6"
"SUPT16H",0.000429075948166648,0.581880885851248,1,1,1,"2","SUPT16H"
"UTP18",0.000429075948166648,2.08888999476764,1,1,1,"2","UTP18"
"HNRNPA1P39",0.000432358360749357,0.424738400417841,1,1,1,"2","HNRNPA1P39"
"NACC1",0.000433998432109789,1.6218808508108,1,1,1,"2","NACC1"
"RP11-330M2.4",0.000433998432109789,1.76949659346665,1,1,1,"2","RP11-330M2.4"
"NKX2-5",0.000436419766630001,1.74171916881429,1,1,1,"2","NKX2-5"
"MDS2",0.000437056158080226,1.3073861056242,1,1,1,"2","MDS2"
"SLC25A33",0.000438628154139363,0.693261489567782,1,1,1,"2","SLC25A33"
"RRP15",0.000439127425378198,0.785698953645566,1,1,1,"2","RRP15"
"CLNS1A",0.000439165847489406,0.685935112194757,1,1,1,"2","CLNS1A"
"FAM120A",0.000439165847489406,0.361607209603132,1,1,1,"2","FAM120A"
"HIST2H2AA4",0.000439165847489406,1.40768359018885,1,1,1,"2","HIST2H2AA4"
"PPIAL4B",0.000441687902551637,0.444873288885887,1,1,1,"2","PPIAL4B"
"SLC35E4",0.000442694661964201,2.47063395340254,1,1,1,"2","SLC35E4"
"NTRK11",0.000444013087027192,0.475717790424891,1,1,1,"2","NTRK1"
"OR10A6",0.000446676483939913,0.332039292748963,1,1,1,"2","OR10A6"
"PIWIL3",0.000448992845752795,1.5078894674902,1,1,1,"2","PIWIL3"
"RNF207",0.000449134015034502,1.50815594331356,1,1,1,"2","RNF207"
"GPN1",0.000449467086953485,0.411249698166044,1,1,1,"2","GPN1"
"COL4A5",0.000449476885825175,1.31811442659406,1,1,1,"2","COL4A5"
"PTPRE1",0.000449476885825175,0.730797168579077,1,1,1,"2","PTPRE"
"MESDC1",0.000454706821629352,1.41648659400511,1,1,1,"2","MESDC1"
"ACKR21",0.000458815146237513,1.35631384645653,1,1,1,"2","ACKR2"
"DCHS2",0.000458815146237513,2.95801610000558,1,1,1,"2","DCHS2"
"GPR153",0.000458815146237513,0.937602619034861,1,1,1,"2","GPR153"
"HIST2H2AA3",0.00045945399883049,1.19747631180983,1,1,1,"2","HIST2H2AA3"
"KIAA0226",0.000460013509077233,0.221314300064059,1,1,1,"2","KIAA0226"
"MRPS151",0.000460013509077233,0.607620291821407,1,1,1,"2","MRPS15"
"NFKB1",0.000460013509077233,0.60832690815278,1,1,1,"2","NFKB1"
"PIM3",0.000460013509077233,1.62509004112798,1,1,1,"2","PIM3"
"MTFP1",0.000469557882822523,1.92271470049378,1,1,1,"2","MTFP1"
"MCFD2",0.000470576360964896,1.86788370027899,1,1,1,"2","MCFD2"
"CLPP",0.000470739461673692,0.86062867362255,1,1,1,"2","CLPP"
"TXNRD2",0.000470770047486662,1.11797020576462,1,1,1,"2","TXNRD2"
"DAPK1",0.000470780243068549,0.568045613510769,1,1,1,"2","DAPK1"
"PSMB41",0.000470780243068549,0.663490162531588,1,1,1,"2","PSMB4"
"RPIA",0.000470780243068549,1.03218411491561,1,1,1,"2","RPIA"
"RPL9P9",0.000470780243068549,0.441574273956688,1,1,1,"2","RPL9P9"
"C14orf142",0.000474554454815167,0.669927725766515,1,1,1,"2","C14orf142"
"FAM189B",0.000476241041086061,0.74918946728469,1,1,1,"2","FAM189B"
"FAM136A",0.000481199578200779,1.14550750398527,1,1,1,"2","FAM136A"
"HIST1H4I",0.000481417813928728,1.12323244131468,1,1,1,"2","HIST1H4I"
"TIMM17A",0.000481573739190102,0.656274931813581,1,1,1,"2","TIMM17A"
"TUBG1",0.000481677709088166,0.65951141038124,1,1,1,"2","TUBG1"
"GLOD4",0.000481781694766663,0.779321484987992,1,1,1,"2","GLOD4"
"TPM4",0.000481781694766663,0.913723310701268,1,1,1,"2","TPM4"
"MYH131",0.00048584698411449,0.612401931683577,1,1,1,"2","MYH13"
"CBX3P9",0.000491750904207712,0.307370523950681,1,1,1,"2","CBX3P9"
"C1orf195",0.000492651417586876,1.86565881805358,1,1,1,"2","C1orf195"
"UROS",0.000492980128055314,1.09927792446555,1,1,1,"2","UROS"
"SLC43A1",0.00049301194691564,1.03925914618559,1,1,1,"2","SLC43A1"
"CCDC88C",0.000493022553522828,0.565188987129432,1,1,1,"2","CCDC88C"
"CLEC14A1",0.000493022553522828,0.413587036553135,1,1,1,"2","CLEC14A"
"DNAJB11",0.000493022553522828,0.756673709331562,1,1,1,"2","DNAJB11"
"FXN",0.000498359437040467,0.842394710999185,1,1,1,"2","FXN"
"ABHD17C",0.000498627139554712,3.56778623753726,1,1,1,"2","ABHD17C"
"DIO1",0.000499833983689879,0.480483820139277,1,1,1,"2","DIO1"
"RUNDC3B",0.000501420374980837,1.08989105763506,1,1,1,"2","RUNDC3B"
"STC1",0.000504291270732894,1.3581102647628,1,1,1,"2","STC1"
"TSSC1",0.000504399423398376,0.677991091442209,1,1,1,"2","TSSC1"
"TAF13",0.000504496774700987,1.07544197665117,1,1,1,"2","TAF13"
"VARS",0.000504496774700987,1.33558567946165,1,1,1,"2","VARS"
"CPSF2",0.000504507592325509,0.549536285088923,1,1,1,"2","CPSF2"
"HINT11",0.000504507592325509,1.00714509693551,1,1,1,"2","HINT1"
"IPO8",0.000504507592325509,0.707052820347052,1,1,1,"2","IPO8"
"LAMTOR4",0.000504507592325509,0.66986444374718,1,1,1,"2","LAMTOR4"
"MRPL331",0.000504507592325509,0.597088637367733,1,1,1,"2","MRPL33"
"NCAPD2",0.000504507592325509,0.988943916275705,1,1,1,"2","NCAPD2"
"TRAF3",0.000504507592325509,0.648052346256652,1,1,1,"2","TRAF3"
"TUBB",0.000504507592325509,0.994680530650719,1,1,1,"2","TUBB"
"SLC9B1",0.00050729402465844,0.505150103209576,1,1,1,"2","SLC9B1"
"SPAG4",0.000513818518758849,1.51968998344732,1,1,1,"2","SPAG4"
"FTSJ1",0.000516230636682573,1.23227293693991,1,1,1,"2","FTSJ1"
"HIST1H4C",0.000516230636682573,0.180149058792095,1,1,1,"2","HIST1H4C"
"CWC15",0.000516241669068281,0.397269820221613,1,1,1,"2","CWC15"
"HPRT1",0.000516241669068281,1.22418113463119,1,1,1,"2","HPRT1"
"RTFDC1",0.000516241669068281,0.708671003504829,1,1,1,"2","RTFDC1"
"C7orf691",0.000517968215161764,0.304773581221408,1,1,1,"2","C7orf69"
"WDR4",0.000522092233895953,0.956795889026363,1,1,1,"2","WDR4"
"MEF2B",0.000527599932788136,0.199486564802958,1,1,1,"2","MEF2B"
"MFAP3",0.000528004740723547,0.735664731738238,1,1,1,"2","MFAP3"
"BAX",0.000528229727832227,1.4388089641404,1,1,1,"2","BAX"
"EXOSC9",0.000528229727832227,0.955172752199767,1,1,1,"2","EXOSC9"
"LBR",0.000528229727832227,0.913985606195951,1,1,1,"2","LBR"
"FAM174B",0.00054043090774069,1.43129834658852,1,1,1,"2","FAM174B"
"RP11-556K13.11",0.00054043090774069,0.657141838210585,1,1,1,"2","RP11-556K13.1"
"CNIH4",0.000540476800182884,1.44662702937818,1,1,1,"2","CNIH4"
"LRRC8D",0.000540476800182884,0.784073813496986,1,1,1,"2","LRRC8D"
"LSM14A",0.000540476800182884,0.306097636454886,1,1,1,"2","LSM14A"
"PPP2R5D",0.000540476800182884,0.917021800002601,1,1,1,"2","PPP2R5D"
"U2AF2",0.000540476800182884,1.20583475373519,1,1,1,"2","U2AF2"
"MAGEB18",0.000546917738655532,0.669053495202107,1,1,1,"2","MAGEB18"
"SLC13A21",0.000547282706908177,0.382521873351608,1,1,1,"2","SLC13A2"
"CENPK",0.000552754045292234,1.50356846662535,1,1,1,"2","CENPK"
"KRT181",0.000552976306782854,1.54890531593956,1,1,1,"2","KRT18"
"FAM65A",0.000552988006481794,0.871850139986709,1,1,1,"2","FAM65A"
"PPARGC1B",0.000552988006481794,0.991776415659968,1,1,1,"2","PPARGC1B"
"PRPF31",0.000552988006481794,1.26181251965668,1,1,1,"2","PRPF31"
"PSMD13",0.000552988006481794,0.68600194991911,1,1,1,"2","PSMD13"
"URB2",0.000552988006481794,0.655768084416936,1,1,1,"2","URB2"
"LRRC7",0.000556091800591495,0.366151261842406,1,1,1,"2","LRRC7"
"PGAM1",0.000559226148886355,1.0453489142644,1,1,1,"2","PGAM1"
"AC131180.4",0.000563087295213003,0.799857391984606,1,1,1,"2","AC131180.4"
"FAM89A",0.000563148173054263,2.65613477569967,1,1,1,"2","FAM89A"
"SERF1A",0.000565351111228571,1.26824709861454,1,1,1,"2","SERF1A"
"HIST1H2BJ",0.000565720838242473,0.778532748587622,1,1,1,"2","HIST1H2BJ"
"AC004453.8",0.000565768557212763,1.78698005731691,1,1,1,"2","AC004453.8"
"NSUN4",0.000565768557212763,0.725638475747486,1,1,1,"2","NSUN4"
"SDCCAG3",0.000565768557212763,1.32387259014857,1,1,1,"2","SDCCAG3"
"TOP1",0.000565768557212763,0.466225158734037,1,1,1,"2","TOP1"
"TSPAN14",0.000565768557212763,0.897682126481335,1,1,1,"2","TSPAN14"
"RFPL4AL1",0.000573978954091342,0.953827907292119,1,1,1,"2","RFPL4AL1"
"ATP5A1P3",0.00057703772866655,0.566527990499283,1,1,1,"2","ATP5A1P3"
"HYAL3",0.000577365301724547,1.63915287389279,1,1,1,"2","HYAL3"
"ADAMTSL5",0.000578136611335197,1.79254347183195,1,1,1,"2","ADAMTSL5"
"TTLL12",0.0005788115899793,1.60442857742919,1,1,1,"2","TTLL12"
"CRIP1",0.000578823754322843,1.83626298473446,1,1,1,"2","CRIP1"
"EXOC31",0.000578823754322843,0.312704700319681,1,1,1,"2","EXOC3"
"PPP6R3",0.000578823754322843,0.428386045189097,1,1,1,"2","PPP6R3"
"CRYM1",0.000584278933232727,0.987077152551922,1,1,1,"2","CRYM"
"UBE2S",0.000591464714967042,1.94944251858721,1,1,1,"2","UBE2S"
"PFDN4",0.000591725002808939,1.13437416997078,1,1,1,"2","PFDN4"
"CDK8",0.000592034972960681,0.607907211627886,1,1,1,"2","CDK8"
"GAPDHP65",0.000592034972960681,0.833042534420656,1,1,1,"2","GAPDHP65"
"PSEN2",0.000592109382567106,1.18608627390626,1,1,1,"2","PSEN2"
"MTDH",0.000592158992578128,0.999160358482829,1,1,1,"2","MTDH"
"RBM28",0.000592158992578128,0.549771811456054,1,1,1,"2","RBM28"
"ZNF285B",0.000595879638397327,0.559616357904783,1,1,1,"2","ZNF285B"
"SETP4",0.000596256696494398,0.831809830817425,1,1,1,"2","SETP4"
"RP1-273G13.1",0.000600268298267513,1.12186528660791,1,1,1,"2","RP1-273G13.1"
"ST7-OT4",0.000604263624539441,0.952156110269172,1,1,1,"2","ST7-OT4"
"DLGAP1-AS1",0.000605526888607261,1.92380191000827,1,1,1,"2","DLGAP1-AS1"
"KNSTRN1",0.000605526888607261,0.981129394471745,1,1,1,"2","KNSTRN"
"FHL3",0.000605767115579778,0.744914094700585,1,1,1,"2","FHL3"
"UQCRFS11",0.000605767115579778,0.544540798981938,1,1,1,"2","UQCRFS1"
"IDH21",0.000605779760934415,0.78741983671916,1,1,1,"2","IDH2"
"MLLT4",0.000605779760934415,0.576081395568263,1,1,1,"2","MLLT4"
"RPS19",0.000605779760934415,1.46183241853882,1,1,1,"2","RPS19"
"SLC8A21",0.000612423254950259,0.217395360441872,1,1,1,"2","SLC8A2"
"FABP51",0.000612686192073612,0.904314124439708,1,1,1,"2","FABP5"
"KLK4",0.000613485711030133,0.361604114954261,1,1,1,"2","KLK4"
"DDT",0.000616859841527606,1.09667368628284,1,1,1,"2","DDT"
"APOO",0.000618145911335444,0.913363740139744,1,1,1,"2","APOO"
"GTPBP3",0.000619640076442713,2.67695588383846,1,1,1,"2","GTPBP3"
"CNDP2",0.00061969164392277,0.926550988028424,1,1,1,"2","CNDP2"
"CMPK21",0.000633164592967686,0.49159523036759,1,1,1,"2","CMPK2"
"KLHL17",0.000633637494509462,1.7385763941441,1,1,1,"2","KLHL17"
"FAM32A",0.000633900323050084,0.953536339092333,1,1,1,"2","FAM32A"
"HSPE1",0.000633900323050084,1.07261202923787,1,1,1,"2","HSPE1"
"SRRT",0.000633900323050084,0.877068516385506,1,1,1,"2","SRRT"
"RFPL4A",0.000634719680326252,4.61489146882731,1,1,1,"2","RFPL4A"
"RP11-182J1.16",0.000637541730672009,0.901926344261982,1,1,1,"2","RP11-182J1.16"
"HIST1H2BF",0.000640985068314809,0.792395206686363,1,1,1,"2","HIST1H2BF"
"TRMU",0.000640985068314809,1.05661644209768,1,1,1,"2","TRMU"
"ABCB9",0.000647661549711629,1.05014521491772,1,1,1,"2","ABCB9"
"FEN11",0.00064794274019066,1.60563520114033,1,1,1,"2","FEN1"
"RAB4A",0.000648357984879964,0.841824367458674,1,1,1,"2","RAB4A"
"KRI1",0.000648411578214639,1.08292900431313,1,1,1,"2","KRI1"
"WBSCR22",0.000648411578214639,0.744898673081586,1,1,1,"2","WBSCR22"
"ANKRD24",0.00065933287523326,0.23608625993109,1,1,1,"2","ANKRD24"
"EIF3FP1",0.000661743223821757,2.61915833014232,1,1,1,"2","EIF3FP1"
"CENPN",0.000662466715917323,0.868324194007284,1,1,1,"2","CENPN"
"EPHB2",0.000663217630713569,1.76780132098696,1,1,1,"2","EPHB2"
"BCL6B1",0.000663231289136746,1.1128360302192,1,1,1,"2","BCL6B"
"FXR1",0.000663231289136746,0.482729264946641,1,1,1,"2","FXR1"
"NME1-NME2",0.000663231289136746,1.34344224110247,1,1,1,"2","NME1-NME2"
"AL391421.1",0.000666822694011026,0.558245251921903,1,1,1,"2","AL391421.1"
"NOL3",0.0006696010015206,1.37401883373311,1,1,1,"2","NOL3"
"IMPG2",0.000675307179854789,0.444163280575459,1,1,1,"2","IMPG2"
"ACOT71",0.000678087020392813,1.16711315322154,1,1,1,"2","ACOT7"
"C1orf43",0.000678365436804506,0.97286513560732,1,1,1,"2","C1orf43"
"DDX41",0.000678365436804506,0.846849681941473,1,1,1,"2","DDX41"
"PHACTR2",0.000678365436804506,0.769926661083954,1,1,1,"2","PHACTR2"
"RPS4XP2",0.000684565099290168,1.3366173595248,1,1,1,"2","RPS4XP2"
"GEMIN6",0.000684872264517025,0.985776680228403,1,1,1,"2","GEMIN6"
"GAR1",0.000685911765292588,1.74059176970943,1,1,1,"2","GAR1"
"MUC12",0.000693678199107005,1.09321038833427,1,1,1,"2","MUC12"
"PPHLN1",0.000693805913454493,0.942523297020605,1,1,1,"2","PPHLN1"
"HSF1",0.000693820104934726,1.29227747907042,1,1,1,"2","HSF1"
"PFN1",0.000693820104934726,0.682190502169057,1,1,1,"2","PFN1"
"RPLP2",0.000693820104934726,1.89212350761077,1,1,1,"2","RPLP2"
"SF3B2",0.000693820104934726,0.817955410139596,1,1,1,"2","SF3B2"
"SLC45A2",0.000707047662429006,2.02850484242358,1,1,1,"2","SLC45A2"
"SERF1B",0.000707867141794234,1.18839118081097,1,1,1,"2","SERF1B"
"BYSL",0.000709312222615076,0.833315468009653,1,1,1,"2","BYSL"
"CARM1",0.000709543623209504,0.817128477374855,1,1,1,"2","CARM1"
"NPM3",0.000709543623209504,1.81981500212349,1,1,1,"2","NPM3"
"MTMR2",0.000709601481449046,1.0348995333118,1,1,1,"2","MTMR2"
"PRMT1",0.000709601481449046,1.25369785640753,1,1,1,"2","PRMT1"
"SAFB",0.000709601481449046,1.1213033466823,1,1,1,"2","SAFB"
"SNHG7",0.000709601481449046,2.17693994243914,1,1,1,"2","SNHG7"
"UBE2Q1",0.000709601481449046,0.538923395063165,1,1,1,"2","UBE2Q1"
"GRM7",0.000715884110233417,1.26138065939965,1,1,1,"2","GRM7"
"HIST1H4L",0.000725199980414478,1.17694456111847,1,1,1,"2","HIST1H4L"
"TPI1P1",0.000725421040880711,0.862631165422007,1,1,1,"2","TPI1P1"
"HSP90B1",0.000725715859965298,0.486859134303881,1,1,1,"2","HSP90B1"
"MAPRE1",0.000725715859965298,0.749062734633004,1,1,1,"2","MAPRE1"
"SCNM1",0.000725715859965298,0.86867593327502,1,1,1,"2","SCNM1"
"YKT6",0.000725715859965298,0.565481173817822,1,1,1,"2","YKT6"
"GOLGA6L1",0.000731028132568494,8.63983475259158,1,1,1,"2","GOLGA6L1"
"RP11-312J18.5",0.00074132852438965,0.459449169021559,1,1,1,"2","RP11-312J18.5"
"MRPL17",0.000742019394008604,0.858621760786553,1,1,1,"2","MRPL17"
"RHOU",0.000742109539889326,0.941231780546934,1,1,1,"2","RHOU"
"TAF1D",0.000742109539889326,1.04930208444901,1,1,1,"2","TAF1D"
"FBL",0.000742169641304144,2.16535653982611,1,1,1,"2","FBL"
"HNRNPA1P48",0.000742169641304144,0.730972700258794,1,1,1,"2","HNRNPA1P48"
"PTGES3",0.000742169641304144,0.87236856695921,1,1,1,"2","PTGES3"
"URB1",0.000742169641304144,0.814030203838122,1,1,1,"2","URB1"
"RP4-728D4.2",0.000747515251131709,0.133548977606829,1,1,1,"2","RP4-728D4.2"
"SS18L21",0.000749995053263789,0.896572332107469,1,1,1,"2","SS18L2"
"HPCAL1",0.000750510669136973,1.25911685812868,1,1,1,"2","HPCAL1"
"SPIC",0.000753014572760678,2.2376429464337,1,1,1,"2","SPIC"
"MYO15A1",0.000758112119679869,0.471781527238493,1,1,1,"2","MYO15A"
"SHC21",0.000758816212324387,0.802992217683448,1,1,1,"2","SHC2"
"IMMT",0.000758969335011037,0.514906539303027,1,1,1,"2","IMMT"
"LOXL21",0.000758969335011037,0.77098064449714,1,1,1,"2","LOXL2"
"VPS72",0.000758969335011037,0.775815901942439,1,1,1,"2","VPS72"
"WRB",0.000767346384789551,1.11358193064729,1,1,1,"2","WRB"
"TOMM40",0.000767485504531497,1.1411589312235,1,1,1,"2","TOMM40"
"GDAP1L1",0.000770455236810484,0.694947004875345,1,1,1,"2","GDAP1L1"
"GNPNAT1",0.000775575491220777,0.660690279681134,1,1,1,"2","GNPNAT1"
"PUS1",0.000776105955266042,2.00126101574996,1,1,1,"2","PUS1"
"FLNC",0.000776121560893492,0.960385709825381,1,1,1,"2","FLNC"
"STMN1",0.000776121560893492,1.46573255428173,1,1,1,"2","STMN1"
"FAM64A",0.000780728253264901,2.21172921140008,1,1,1,"2","FAM64A"
"CENPH",0.000784280722178789,1.74701547808654,1,1,1,"2","CENPH"
"CDCA4",0.000784674445568338,1.45237945038495,1,1,1,"2","CDCA4"
"KLF16",0.000784674445568338,1.7739774145264,1,1,1,"2","KLF16"
"MRPS23",0.000793076575969183,0.832314686132946,1,1,1,"2","MRPS23"
"HAUS8",0.00079331503254901,0.969333569763574,1,1,1,"2","HAUS8"
"PGM5",0.000793569440027294,1.75098918896466,1,1,1,"2","PGM5"
"DARS2",0.000793633050573768,0.463232349486638,1,1,1,"2","DARS2"
"TTYH3",0.000793633050573768,1.04133124109815,1,1,1,"2","TTYH3"
"NELFE",0.000802509600432243,1.48579553877853,1,1,1,"2","NELFE"
"DLX6",0.000804326162050612,1.22329901757002,1,1,1,"2","DLX6"
"SAMD10",0.000807950781476564,0.636168858371672,1,1,1,"2","SAMD10"
"ROGDI",0.000810603491471532,0.940253458903049,1,1,1,"2","ROGDI"
"TMEM161A",0.000811186585034623,2.3859898342655,1,1,1,"2","TMEM161A"
"BNIP3",0.000811445829214374,1.91947557377945,1,1,1,"2","BNIP3"
"MZT2A",0.000811445829214374,2.57308259663129,1,1,1,"2","MZT2A"
"AGRN1",0.000811510649056898,0.705096276651641,1,1,1,"2","AGRN"
"FANCI",0.000811510649056898,0.878742137862385,1,1,1,"2","FANCI"
"KCNF1",0.000812636091117581,3.30270947055165,1,1,1,"2","KCNF1"
"UPP2",0.000812659008535841,0.309810721212711,1,1,1,"2","UPP2"
"C18orf541",0.000820425336029579,0.807541359326233,1,1,1,"2","C18orf54"
"NPM1P40",0.000822990509570126,2.53566345354065,1,1,1,"2","NPM1P40"
"FAM163A",0.00082558990761265,2.62689915127143,1,1,1,"2","FAM163A"
"C16orf59",0.000826133895882272,1.18458604834871,1,1,1,"2","C16orf59"
"PLEKHG4B1",0.000826133895882272,0.678478361553921,1,1,1,"2","PLEKHG4B"
"KIF18B",0.000828375028221179,1.07223723055025,1,1,1,"2","KIF18B"
"APITD1",0.00082883694946972,2.06900263115628,1,1,1,"2","APITD1"
"CXADR1",0.00082883694946972,1.49871616411336,1,1,1,"2","CXADR"
"ZNF581",0.00082883694946972,0.548091385067876,1,1,1,"2","ZNF581"
"BMX",0.000829431105031308,0.836031883250389,1,1,1,"2","BMX"
"SFXN2",0.000829431105031308,1.82822595779124,1,1,1,"2","SFXN2"
"ADAT2",0.000829695266922048,1.0376966891355,1,1,1,"2","ADAT2"
"BMP2K",0.000829761316314166,0.929236336020587,1,1,1,"2","BMP2K"
"PLCG1",0.000829761316314166,0.775052097311793,1,1,1,"2","PLCG1"
"RBM10",0.000829761316314166,0.584306668364796,1,1,1,"2","RBM10"
"RPS29",0.000829761316314166,0.752142887249253,1,1,1,"2","RPS29"
"MBIP",0.000839012089254194,0.157248579804827,1,1,1,"2","MBIP"
"LPAR31",0.000841279923511194,0.453389146115578,1,1,1,"2","LPAR3"
"RP1-273G13.2",0.000848015806069217,2.75106174763912,1,1,1,"2","RP1-273G13.2"
"MRO",0.000855591301097595,0.266812498511518,1,1,1,"2","MRO"
"ARHGAP42P1",0.000856124235181967,1.57823815796321,1,1,1,"2","ARHGAP42P1"
"M1AP",0.000865353524975954,1.20059421046866,1,1,1,"2","M1AP"
"G0S2",0.000865354764876275,1.25842154068689,1,1,1,"2","G0S2"
"TRMT2A",0.00086734171109966,0.75948190234676,1,1,1,"2","TRMT2A"
"KAT81",0.000867393138538383,0.425316733270195,1,1,1,"2","KAT8"
"C11orf31",0.000867410281476304,0.472813148702471,1,1,1,"2","C11orf31"
"GRWD1",0.000867410281476304,1.74052645383288,1,1,1,"2","GRWD1"
"GTF2IP1",0.000867410281476304,0.935593600569495,1,1,1,"2","GTF2IP1"
"TUBA1C1",0.000867410281476304,1.00113582366351,1,1,1,"2","TUBA1C"
"CCDC178",0.000875634194955239,3.55257068671411,1,1,1,"2","CCDC178"
"FAM78A",0.000876461396440279,1.53094569784759,1,1,1,"2","FAM78A"
"SPATC1L",0.000884728833713301,1.02643112343225,1,1,1,"2","SPATC1L"
"R3HDM1",0.000886753226241646,0.974980409984276,1,1,1,"2","R3HDM1"
"C16orf13",0.000886805622678667,1.15160193603901,1,1,1,"2","C16orf13"
"CTD-2192J16.15",0.000886823088622288,1.21167158050546,1,1,1,"2","CTD-2192J16.15"
"EIF3G",0.000886823088622288,0.389650188343857,1,1,1,"2","EIF3G"
"EIF4G1",0.000886823088622288,0.492302014239154,1,1,1,"2","EIF4G1"
"GNB1",0.000886823088622288,1.14219560154831,1,1,1,"2","GNB1"
"RPS7P1",0.000886823088622288,0.867055051155599,1,1,1,"2","RPS7P1"
"POTEF",0.000896062915100407,1.08199470734267,1,1,1,"2","POTEF"
"C7orf57",0.000904920479098977,1.20679319514694,1,1,1,"2","C7orf57"
"EXOSC6",0.00090601532599187,2.06744661332617,1,1,1,"2","EXOSC6"
"ANKRD6",0.000906566810523382,1.07120722563231,1,1,1,"2","ANKRD6"
"GDF151",0.000906566810523382,1.71583732750629,1,1,1,"2","GDF15"
"TBCB",0.000906620192002417,0.830584494159371,1,1,1,"2","TBCB"
"EFTUD2",0.000906637986299702,0.580204789940037,1,1,1,"2","EFTUD2"
"PWP1",0.000906637986299702,0.548656972191615,1,1,1,"2","PWP1"
"SETP14",0.000906637986299702,0.697534665176306,1,1,1,"2","SETP14"
"SYNCRIP",0.000906637986299702,0.645594825838515,1,1,1,"2","SYNCRIP"
"RP4-633I8.1",0.000916070099913024,2.0164869412309,1,1,1,"2","RP4-633I8.1"
"TXN2",0.000916518982094383,1.01697835210404,1,1,1,"2","TXN2"
"HMGA2",0.000923874629953725,4.20662322351484,1,1,1,"2","HMGA2"
"SCARNA22",0.000926500017513694,1.05624290084857,1,1,1,"2","SCARNA22"
"INO80C",0.000926681263626044,0.898142950813634,1,1,1,"2","INO80C"
"GAPDHP1",0.000926790022748673,1.02143968232749,1,1,1,"2","GAPDHP1"
"METTL13",0.000926790022748673,0.625505306054638,1,1,1,"2","METTL13"
"BCAT1",0.000926844405531878,1.51105879440139,1,1,1,"2","BCAT1"
"ZNF438",0.000926844405531878,0.214895433647726,1,1,1,"2","ZNF438"
"C14orf166",0.000926862533603605,0.602622716763015,1,1,1,"2","C14orf166"
"HNRNPA2B1",0.000926862533603605,0.583557737979081,1,1,1,"2","HNRNPA2B1"
"MSH6",0.000926862533603605,0.634692300487369,1,1,1,"2","MSH6"
"ZNF286A",0.000936947862824474,0.806443982626567,1,1,1,"2","ZNF286A"
"RP11-420O16.2",0.000941887279731828,1.68176039471587,1,1,1,"2","RP11-420O16.2"
"RP11-367G18.2",0.000946858201418679,1.26207319930701,1,1,1,"2","RP11-367G18.2"
"HSPA9P11",0.000947135113568623,0.178944874409309,1,1,1,"2","HSPA9P1"
"GCDH",0.000947430546510143,0.568132430277531,1,1,1,"2","GCDH"
"PEX19",0.000947504414420564,0.265456430751218,1,1,1,"2","PEX19"
"RPL22",0.000947504414420564,0.958466194910233,1,1,1,"2","RPL22"
"SEPHS2",0.000947504414420564,1.05167199070696,1,1,1,"2","SEPHS2"
"SEPT9",0.000947504414420564,0.751118722167746,1,1,1,"2","SEPT9"
"SPTBN11",0.000947504414420564,0.526285470182987,1,1,1,"2","SPTBN1"
"UBE3C",0.000947504414420564,0.326966361599251,1,1,1,"2","UBE3C"
"NPM1P9",0.000963201141943772,1.43988623171433,1,1,1,"2","NPM1P9"
"PRICKLE4",0.000968496191880937,0.687409993836859,1,1,1,"2","PRICKLE4"
"TTK",0.000968552626942799,1.12697110195314,1,1,1,"2","TTK"
"AP2M1",0.000968571439120354,0.620524544056462,1,1,1,"2","AP2M1"
"ATP5O",0.000968571439120354,0.613153787536596,1,1,1,"2","ATP5O"
"DLAT",0.000968571439120354,0.857600542598892,1,1,1,"2","DLAT"
"RGS31",0.000968571439120354,0.946739721358458,1,1,1,"2","RGS3"
"OSCAR",0.000979379302870892,0.698385064368511,1,1,1,"2","OSCAR"
"FAM35CP",0.000983112740473166,0.86992652448704,1,1,1,"2","FAM35CP"
"CENPW",0.000988462748851266,0.866216254423584,1,1,1,"2","CENPW"
"SCHIP11",0.000989401001034204,0.830992702552869,1,1,1,"2","SCHIP1"
"ANKRD20A14P",0.000989688340301907,1.80897397685018,1,1,1,"2","ANKRD20A14P"
"ABCC32",0.000989994897121867,0.150675337422769,1,1,1,"2","ABCC3"
"CSTF2",0.000990052383605176,0.922665279177933,1,1,1,"2","CSTF2"
"ARHGEF12",0.000990071546263107,0.683949689472726,1,1,1,"2","ARHGEF12"
"GNAS1",0.000990071546263107,0.468476878264774,1,1,1,"2","GNAS"
"HSPA5",0.000990071546263107,0.650024541775814,1,1,1,"2","HSPA5"
"MTG1",0.000990071546263107,1.65002895965861,1,1,1,"2","MTG1"
"PNMAL1",0.00099321689785464,0.239793207382558,1,1,1,"2","PNMAL1"
"DDX18P1",0.000995465457737506,0.257485396932301,1,1,1,"2","DDX18P1"
"CA111",0.000999362830451271,0.309248419816182,1,1,1,"2","CA11"
"PPIE1",0.00100096718198839,0.748759088174472,1,1,1,"2","PPIE"
"GADD45A1",0.00101181762707879,1.09967836217888,1,1,1,"2","GADD45A"
"FUNDC2",0.00101193473040404,0.581732487612703,1,1,1,"2","FUNDC2"
"VPS37C",0.00101193473040404,1.27026308692007,1,1,1,"2","VPS37C"
"TAF1B",0.00101199328546487,0.916417947730876,1,1,1,"2","TAF1B"
"EIF4E2",0.00101201280432192,0.638928619413345,1,1,1,"2","EIF4E2"
"RPL13AP25",0.00101201280432192,1.13013338185939,1,1,1,"2","RPL13AP25"
"SNORD3B-2",0.00101201280432192,2.22976745281101,1,1,1,"2","SNORD3B-2"
"SHISA2",0.00102253507442959,1.71416317110858,1,1,1,"2","SHISA2"
"ZNF280A",0.0010225547678408,1.27661808710784,1,1,1,"2","ZNF280A"
"HOXD10",0.00103003576840629,1.01447649224631,1,1,1,"2","HOXD10"
"SKA3",0.00103112652304671,1.94482215212984,1,1,1,"2","SKA3"
"PRDM81",0.00103329047851939,1.82886185658263,1,1,1,"2","PRDM8"
"CLPTM1L",0.00103440341342094,0.698706998905012,1,1,1,"2","CLPTM1L"
"EIF4H",0.00103440341342094,0.489490434624191,1,1,1,"2","EIF4H"
"ORC2",0.00103440341342094,0.479583570679878,1,1,1,"2","ORC2"
"RAC1",0.00103440341342094,0.726065134193448,1,1,1,"2","RAC1"
"TFDP1",0.00103440341342094,0.517690545968268,1,1,1,"2","TFDP1"
"RELL2",0.00103936043267039,0.923831837368102,1,1,1,"2","RELL2"
"AP3M2",0.00104556919468003,0.434336380310782,1,1,1,"2","AP3M2"
"PEG10",0.00104574975953364,1.6183289946388,1,1,1,"2","PEG10"
"ANKRD13B",0.00105717071377174,1.30982725014922,1,1,1,"2","ANKRD13B"
"CHTOP",0.00105717071377174,1.20736779443393,1,1,1,"2","CHTOP"
"RBMX2",0.00105725170708879,0.681369886223246,1,1,1,"2","RBMX2"
"SNHG16",0.00105725170708879,0.776450354027734,1,1,1,"2","SNHG16"
"SLC25A22",0.00106813506088456,1.31566746959769,1,1,1,"2","SLC25A22"
"LAMTOR2",0.00106882969190063,1.019897459731,1,1,1,"2","LAMTOR2"
"RP11-3D23.1",0.00107896769378472,3.45493893562805,1,1,1,"2","RP11-3D23.1"
"ZBTB8A1",0.00108035994048975,0.320159559914995,1,1,1,"2","ZBTB8A"
"SLC39A14",0.00108054553149557,1.1809216579366,1,1,1,"2","SLC39A14"
"EIF4B",0.00108056615402755,0.858134237184043,1,1,1,"2","EIF4B"
"RNPS1",0.00108056615402755,0.447772846602295,1,1,1,"2","RNPS1"
"SLC25A39",0.00108056615402755,0.533475588200897,1,1,1,"2","SLC25A39"
"PBX42",0.00108295874710396,0.124512772780305,1,1,1,"2","PBX4"
"CYP4F31P",0.00108419113091864,1.49681640365917,1,1,1,"2","CYP4F31P"
"PPAN",0.00110427135199048,1.83295257831705,1,1,1,"2","PPAN"
"SEH1L",0.00110427135199048,0.757594624336511,1,1,1,"2","SEH1L"
"NDUFB11",0.00110433435752246,0.838471745651008,1,1,1,"2","NDUFB11"
"ST7",0.00110433435752246,0.625690567442872,1,1,1,"2","ST7"
"ATP5B1",0.00110435535989694,0.821041215233059,1,1,1,"2","ATP5B"
"MAK16",0.00110435535989694,0.93416877459908,1,1,1,"2","MAK16"
"POLA2",0.00110435535989694,0.702304501738528,1,1,1,"2","POLA2"
"POLD1",0.00110435535989694,1.66612906128713,1,1,1,"2","POLD1"
"RSL1D1",0.00110435535989694,0.802924478499321,1,1,1,"2","RSL1D1"
"TRIM27",0.00110435535989694,0.59097954109683,1,1,1,"2","TRIM27"
"ERC21",0.00110572483657963,2.07751301219244,1,1,1,"2","ERC2"
"GDPD4",0.0011272023724188,1.66527457430008,1,1,1,"2","GDPD4"
"ZSCAN91",0.0011282003537005,0.107996715142997,1,1,1,"2","ZSCAN9"
"LETM1",0.00112860668079075,0.827322606443762,1,1,1,"2","LETM1"
"PGAP21",0.00112860668079075,0.496573713837373,1,1,1,"2","PGAP2"
"ARRB2",0.00112862806911403,0.974234874656059,1,1,1,"2","ARRB2"
"GNAI3",0.00112862806911403,0.785988584420513,1,1,1,"2","GNAI3"
"MIEF1",0.00112862806911403,0.871062377195221,1,1,1,"2","MIEF1"
"ODF2",0.00112862806911403,0.965935752145715,1,1,1,"2","ODF2"
"RPS15",0.00112862806911403,1.84649967783832,1,1,1,"2","RPS15"
"SART1",0.00112862806911403,1.73274825466806,1,1,1,"2","SART1"
"TXLNA1",0.00112862806911403,0.664359283885162,1,1,1,"2","TXLNA"
"UBE2I",0.00112862806911403,0.545029398994968,1,1,1,"2","UBE2I"
"PELI3",0.00114073268454221,0.242387069647126,1,1,1,"2","PELI3"
"BOLA2B",0.00115295760922464,0.356124960500427,1,1,1,"2","BOLA2B"
"IQCK",0.00115317537433769,0.665432403360855,1,1,1,"2","IQCK"
"MRPL41",0.00115317537433769,0.849176976968964,1,1,1,"2","MRPL4"
"NT5C3B",0.00115317537433769,0.83242789576105,1,1,1,"2","NT5C3B"
"NDUFS2",0.00115339316666814,0.547420133022275,1,1,1,"2","NDUFS2"
"CCNB31",0.00115355446472122,0.696571421579828,1,1,1,"2","CCNB3"
"PEX14",0.00116574340014709,1.18493989913548,1,1,1,"2","PEX14"
"UBE2D3P2",0.00117378697045112,0.422492895079625,1,1,1,"2","UBE2D3P2"
"OR1S1",0.00117494072492627,1.6133700273353,1,1,1,"2","OR1S1"
"NKRF",0.00117788358393833,0.681805505823425,1,1,1,"2","NKRF"
"CPSF1P11",0.00117821615516403,0.68234200901045,1,1,1,"2","CPSF1P1"
"MRPL19",0.00117863750109271,1.45331812181092,1,1,1,"2","MRPL19"
"PDCD6",0.00117863750109271,0.405664610041462,1,1,1,"2","PDCD6"
"RFWD31",0.00117863750109271,0.408880657852299,1,1,1,"2","RFWD3"
"CALCRL",0.00117865967995111,1.4710836137398,1,1,1,"2","CALCRL"
"RHBDD3",0.00120398516154192,1.76177885267944,1,1,1,"2","RHBDD3"
"RPL24P81",0.00120398516154192,0.744250747250485,1,1,1,"2","RPL24P8"
"MTHFD2",0.0012043464478553,1.2903885159794,1,1,1,"2","MTHFD2"
"TIMM22",0.0012043464478553,0.766689092860611,1,1,1,"2","TIMM22"
"GRK51",0.00120443678060274,0.621791250858191,1,1,1,"2","GRK5"
"PAIP1",0.00120443678060274,0.952749471739743,1,1,1,"2","PAIP1"
"PGM21",0.00120443678060274,0.690165371693809,1,1,1,"2","PGM2"
"WHSC1",0.00120443678060274,0.907164830193388,1,1,1,"2","WHSC1"
"RP11-234B24.5",0.00120559767976513,3.9644996965307,1,1,1,"2","RP11-234B24.5"
"GRID2IP",0.00121101367721751,1.48962646808964,1,1,1,"2","GRID2IP"
"MAP3K91",0.00121101367721751,0.580887023635711,1,1,1,"2","MAP3K9"
"DNAJA1P3",0.00121516255878292,2.63445569377988,1,1,1,"2","DNAJA1P3"
"ADAMTS16",0.00122568174507769,0.996310498706562,1,1,1,"2","ADAMTS16"
"SCN9A",0.00123064180894319,1.54798539082152,1,1,1,"2","SCN9A"
"BCL2L11",0.00123071079159024,1.31442984810082,1,1,1,"2","BCL2L11"
"LONP1",0.00123071079159024,1.40168544271979,1,1,1,"2","LONP1"
"PHTF1",0.00123071079159024,1.25250579018429,1,1,1,"2","PHTF1"
"THAP4",0.00123071079159024,0.882615337376983,1,1,1,"2","THAP4"
"HIST1H2AB",0.00123073378637153,0.504110006707897,1,1,1,"2","HIST1H2AB"
"SNORA73B",0.00123073378637153,1.74667312341835,1,1,1,"2","SNORA73B"
"ST13",0.00123073378637153,0.499930563091358,1,1,1,"2","ST13"
"ARL11",0.00124170573949093,3.10913551111129,1,1,1,"2","ARL11"
"GINS3",0.00124213216223112,0.665824042265889,1,1,1,"2","GINS3"
"TNFRSF11A",0.00125732605120559,1.248762611782,1,1,1,"2","TNFRSF11A"
"NDC1",0.00125746651483975,1.32814891832749,1,1,1,"2","NDC1"
"LSM7",0.00125753675052317,0.977523397977027,1,1,1,"2","LSM7"
"ARFGEF21",0.00125756016299044,0.38600394840832,1,1,1,"2","ARFGEF2"
"DDX54",0.00125756016299044,1.52180326678121,1,1,1,"2","DDX54"
"STARD8",0.00125756016299044,1.50290357195668,1,1,1,"2","STARD8"
"GPR211",0.00126919147160982,0.600400459978372,1,1,1,"2","GPR21"
"TSPAN51",0.00127034820360338,0.544895597004698,1,1,1,"2","TSPAN5"
"CINP",0.0012848301808222,0.733427091978438,1,1,1,"2","CINP"
"KIAA1211",0.0012848301808222,2.39739288764993,1,1,1,"2","KIAA1211"
"KANK3",0.00128492552606787,2.24204311866732,1,1,1,"2","KANK3"
"SRP9",0.00128492552606787,1.03862251081333,1,1,1,"2","SRP9"
"PRR7",0.0012853648264647,1.74930016105827,1,1,1,"2","PRR7"
"HNRNPCP5",0.00130402559180137,0.465867775980112,1,1,1,"2","HNRNPCP5"
"AC073869.1",0.00130750782106935,1.99363019436665,1,1,1,"2","AC073869.1"
"MACROD11",0.00131199044814439,0.983756758616362,1,1,1,"2","MACROD1"
"RELT",0.00131274257394652,1.70036616869516,1,1,1,"2","RELT"
"INTS5",0.00131281537529129,0.947207063917414,1,1,1,"2","INTS5"
"PODXL",0.00131283964299357,0.838458893957558,1,1,1,"2","PODXL"
"PRDX5",0.00131283964299357,1.48302051752361,1,1,1,"2","PRDX5"
"RASIP1",0.00131283964299357,1.5516104293139,1,1,1,"2","RASIP1"
"TRPV5",0.00132051434400668,0.417820681844471,1,1,1,"2","TRPV5"
"SEC14L51",0.00132506230612356,1.89936653534952,1,1,1,"2","SEC14L5"
"UPP1",0.00132676073463015,0.862519554694375,1,1,1,"2","UPP1"
"C9orf40",0.0013399293893042,1.82457439556631,1,1,1,"2","C9orf40"
"CFHR3",0.00134075929646314,0.861297332256028,1,1,1,"2","CFHR3"
"ABT1",0.00134121361496838,0.916587771477573,1,1,1,"2","ABT1"
"GSDMD",0.00134131243485956,1.41785020274621,1,1,1,"2","GSDMD"
"KLHDC3",0.00134131243485956,0.658848389978093,1,1,1,"2","KLHDC3"
"SNORA62",0.00134131243485956,1.55237263697635,1,1,1,"2","SNORA62"
"UBE2J2",0.00134131243485956,1.22067683787755,1,1,1,"2","UBE2J2"
"UPF3B",0.00134131243485956,1.24680915874829,1,1,1,"2","UPF3B"
"YWHAE",0.00134131243485956,0.574285229562612,1,1,1,"2","YWHAE"
"EPT11",0.00135488921540302,0.875257086777184,1,1,1,"2","EPT1"
"GOLGA8H",0.0013648282332211,0.890531782259051,1,1,1,"2","GOLGA8H"
"RP11-393N4.2",0.00136824242941124,1.16446637813246,1,1,1,"2","RP11-393N4.2"
"TRIM5",0.00136985103598034,1.13580762707199,1,1,1,"2","TRIM5"
"CBWD5",0.00137010249213533,1.45079949842794,1,1,1,"2","CBWD5"
"CARD81",0.00137035397839602,0.664942740649991,1,1,1,"2","CARD8"
"DESI11",0.00137035397839602,0.641733404613822,1,1,1,"2","DESI1"
"NOP2",0.00137035397839602,0.792879731904794,1,1,1,"2","NOP2"
"RAB11FIP3",0.00137035397839602,1.54395430863186,1,1,1,"2","RAB11FIP3"
"SCARNA10",0.00137035397839602,0.376418041813206,1,1,1,"2","SCARNA10"
"USP14",0.00137035397839602,0.487308268890846,1,1,1,"2","USP14"
"MYZAP",0.00139151752211369,0.657534370712691,1,1,1,"2","MYZAP"
"NLGN4X1",0.00139690450703963,1.00542473701364,1,1,1,"2","NLGN4X"
"CXXC5",0.00139987210385577,1.18136582518223,1,1,1,"2","CXXC5"
"MIB1",0.00139997450792186,0.392130311599541,1,1,1,"2","MIB1"
"SLBP",0.00139997450792186,0.602547215074759,1,1,1,"2","SLBP"
"RPL32P31",0.00141329267781259,0.391148336290586,1,1,1,"2","RPL32P31"
"NXPE1",0.00142972506968087,1.71058227434241,1,1,1,"2","NXPE1"
"PPIF1",0.00143008017922777,0.890285744316692,1,1,1,"2","PPIF"
"FAM129B",0.00143018441731019,0.906184639579045,1,1,1,"2","FAM129B"
"HSP90AA1",0.00143018441731019,1.00602539850016,1,1,1,"2","HSP90AA1"
"MRPS35",0.00143018441731019,0.642174403430824,1,1,1,"2","MRPS35"
"POLR3GL",0.00143018441731019,0.840765924634148,1,1,1,"2","POLR3GL"
"SNORD3C",0.00143018441731019,2.68191409306897,1,1,1,"2","SNORD3C"
"TUBA1B",0.00143018441731019,1.29964783137425,1,1,1,"2","TUBA1B"
"CTD-3203P2.2",0.00143614713785856,0.538627880221691,1,1,1,"2","CTD-3203P2.2"
"TONSL",0.00144525077665685,2.38866620772317,1,1,1,"2","TONSL"
"KCNN1",0.00145016788731768,2.83851985014317,1,1,1,"2","KCNN1"
"TAF5",0.00146046380938152,0.704509164048227,1,1,1,"2","TAF5"
"NDUFC1",0.00146088816145577,0.743558219061427,1,1,1,"2","NDUFC1"
"PGM5P2",0.00147438066673736,2.46747793357639,1,1,1,"2","PGM5P2"
"ATP5C1P1",0.00147734511037962,1.37083100460591,1,1,1,"2","ATP5C1P1"
"RP11-254B13.1",0.00149187485289104,3.7089668940752,1,1,1,"2","RP11-254B13.1"
"EPRS",0.00149241476083264,0.635113259731195,1,1,1,"2","EPRS"
"IMP3",0.00150607055700087,0.767336370105657,1,1,1,"2","IMP3"
"EEF1E1",0.00150808503951601,0.708881418933185,1,1,1,"2","EEF1E1"
"TBC1D19",0.00150833016294203,0.372178000879464,1,1,1,"2","TBC1D19"
"SETP2",0.00150938665653042,1.36917791187139,1,1,1,"2","SETP2"
"RPL12P38",0.00152418202794427,0.225329063198469,1,1,1,"2","RPL12P38"
"RPL13AP3",0.00152434688636387,1.10710540959398,1,1,1,"2","RPL13AP3"
"APOPT1",0.00152442931989392,1.23325688442117,1,1,1,"2","APOPT1"
"ATPIF1",0.00152445679837731,1.43892716747182,1,1,1,"2","ATPIF1"
"IPO5",0.00152445679837731,0.775339786854719,1,1,1,"2","IPO5"
"MFSD10",0.00152445679837731,0.970899467227591,1,1,1,"2","MFSD10"
"PPP1R18",0.00152445679837731,1.88690613504496,1,1,1,"2","PPP1R18"
"RPS2",0.00152445679837731,1.23989836737595,1,1,1,"2","RPS2"
"GINS2",0.00153974428800505,0.828648907934175,1,1,1,"2","GINS2"
"GGCT1",0.00154043714298403,0.953314400626088,1,1,1,"2","GGCT"
"MPC11",0.00155615281168306,0.780999697237842,1,1,1,"2","MPC1"
"PSMA3",0.00155710346070496,0.645818570799957,1,1,1,"2","PSMA3"
"PHF23",0.00155713142663825,0.461587070955421,1,1,1,"2","PHF23"
"RPL26",0.00155713142663825,1.07298767290643,1,1,1,"2","RPL26"
"SEPN1",0.00155713142663825,0.973098459405744,1,1,1,"2","SEPN1"
"USP19",0.00155713142663825,1.20422901699899,1,1,1,"2","USP19"
"VLDLR",0.00155713142663825,0.464085539252672,1,1,1,"2","VLDLR"
"C4orf48",0.00156733471662948,1.72219345633903,1,1,1,"2","C4orf48"
"GLP1R",0.00158707609769327,1.46391278914299,1,1,1,"2","GLP1R"
"CDR2L",0.00159016527360601,1.52056330497187,1,1,1,"2","CDR2L"
"SNRPA",0.00159033602585935,0.858150353334823,1,1,1,"2","SNRPA"
"TTC27",0.00159042140641117,0.492728587617012,1,1,1,"2","TTC27"
"AC016739.2",0.00159044986725069,1.16275965337881,1,1,1,"2","AC016739.2"
"MORF4L21",0.00159044986725069,0.557142718509049,1,1,1,"2","MORF4L2"
"PPP1R8",0.00159044986725069,0.576520505835438,1,1,1,"2","PPP1R8"
"SNHG3",0.00159044986725069,1.62549782217945,1,1,1,"2","SNHG3"
"SNORA70",0.00159044986725069,2.3115154659715,1,1,1,"2","SNORA70"
"TMX41",0.00159044986725069,0.820248693316305,1,1,1,"2","TMX4"
"AC068587.2",0.0016000954558881,0.193105062713462,1,1,1,"2","AC068587.2"
"UBE2T",0.00162095028663083,1.18617379170384,1,1,1,"2","UBE2T"
"CHST7",0.00162199175324848,2.32678490516322,1,1,1,"2","CHST7"
"C9orf85",0.00162280207997271,0.83156876426135,1,1,1,"2","C9orf85"
"C17orf89",0.0016234099956516,2.82773413899009,1,1,1,"2","C17orf89"
"PPIL1",0.0016234099956516,0.681679555198897,1,1,1,"2","PPIL1"
"TK1",0.0016234099956516,2.47893899039,1,1,1,"2","TK1"
"EXOSC5",0.00162384431068949,1.27585572905321,1,1,1,"2","EXOSC5"
"TAF6L",0.00162384431068949,1.19806653380473,1,1,1,"2","TAF6L"
"CBFB",0.00162439455020941,0.757099360116008,1,1,1,"2","CBFB"
"MORF4L1P1",0.00162442351350126,0.679479670141495,1,1,1,"2","MORF4L1P1"
"PRKCSH",0.00162442351350126,0.894639528088021,1,1,1,"2","PRKCSH"
"PSMA1",0.00162442351350126,0.522037283127107,1,1,1,"2","PSMA1"
"TBC1D81",0.00162442351350126,1.29400094212631,1,1,1,"2","TBC1D8"
"TECPR1",0.00162442351350126,0.915749751902126,1,1,1,"2","TECPR1"
"FER1L5",0.00163920655014078,0.559561031622763,1,1,1,"2","FER1L5"
"GAS8",0.00164063723696535,2.17219952227022,1,1,1,"2","GAS8"
"RNF113A",0.00165741393997936,1.33971805988946,1,1,1,"2","RNF113A"
"METAP1",0.00165906393239395,0.536410924141101,1,1,1,"2","METAP1"
"RAD23A",0.00165906393239395,0.588121298103019,1,1,1,"2","RAD23A"
"TXNDC171",0.00165906393239395,0.429898012700226,1,1,1,"2","TXNDC17"
"CHRNA91",0.00166891969455231,0.330515316079408,1,1,1,"2","CHRNA9"
"PTPN2P1",0.00167414159060667,1.24952826576708,1,1,1,"2","PTPN2P1"
"BMI1",0.00167660811296524,0.622448175184555,1,1,1,"2","BMI1"
"H2AFB1",0.00168586056362146,2.09274872869327,1,1,1,"2","H2AFB1"
"AC012354.8",0.0016914325312282,0.241953246943341,1,1,1,"2","AC012354.8"
"RAD51",0.00169378310732622,1.17824313854422,1,1,1,"2","RAD51"
"RPS4XP6",0.00169378310732622,0.527746438636187,1,1,1,"2","RPS4XP6"
"DDX10",0.00169438286673019,0.749606790391862,1,1,1,"2","DDX10"
"EIF3CL",0.00169438286673019,1.02568796481097,1,1,1,"2","EIF3CL"
"ZNF521",0.00169438286673019,0.924441101635139,1,1,1,"2","ZNF521"
"NT5M",0.00170366204791554,1.2940177733385,1,1,1,"2","NT5M"
"RP4-633I8.2",0.00172673267071944,1.08245361617603,1,1,1,"2","RP4-633I8.2"
"TMEM206",0.001729781965857,0.874277675303505,1,1,1,"2","TMEM206"
"POFUT1",0.00173008708434786,1.01153250592623,1,1,1,"2","POFUT1"
"DNAJC5",0.00173027017193696,0.89992844229362,1,1,1,"2","DNAJC5"
"ROMO1",0.00173027017193696,1.29578895064634,1,1,1,"2","ROMO1"
"PLEKHA81",0.00173036172037071,0.820822818348498,1,1,1,"2","PLEKHA8"
"CPSF3L",0.00173039223720258,0.704704347933793,1,1,1,"2","CPSF3L"
"HAX11",0.00173039223720258,0.496915704365737,1,1,1,"2","HAX1"
"RPS17",0.00173039223720258,0.929334587635781,1,1,1,"2","RPS17"
"UBE2K",0.00173039223720258,0.25407900134406,1,1,1,"2","UBE2K"
"SLC5A10",0.00174358515563288,0.5781015655036,1,1,1,"2","SLC5A10"
"AGMO",0.00176338058123821,2.37451803986136,1,1,1,"2","AGMO"
"SNORA76",0.00176449712464111,0.813414369163617,1,1,1,"2","SNORA76"
"SLC38A4",0.00176536585872227,0.903953099739738,1,1,1,"2","SLC38A4"
"PRR5",0.00176697994507621,1.82669022178602,1,1,1,"2","PRR5"
"DGUOK",0.00176707309412435,0.414985378916944,1,1,1,"2","DGUOK"
"HIC11",0.00176710414450241,0.815306785722219,1,1,1,"2","HIC1"
"HIST1H3B",0.00176710414450241,0.169272185811252,1,1,1,"2","HIST1H3B"
"RPL37",0.00176710414450241,0.755992761613534,1,1,1,"2","RPL37"
"TMC6",0.00176710414450241,1.14330351112773,1,1,1,"2","TMC6"
"CPLX1",0.0017763800347844,0.708144683581384,1,1,1,"2","CPLX1"
"CCNE1",0.00178309770729031,0.90703574802626,1,1,1,"2","CCNE1"
"SNRPGP101",0.00180074235111829,0.444978224756293,1,1,1,"2","SNRPGP10"
"MRPL14",0.00180389909970705,0.575354580074997,1,1,1,"2","MRPL14"
"TMEM126B",0.00180440450583885,0.775059260007868,1,1,1,"2","TMEM126B"
"DTYMK",0.00180449927951261,1.23197901239505,1,1,1,"2","DTYMK"
"RP11-253E3.11",0.00180449927951261,0.654344682185625,1,1,1,"2","RP11-253E3.1"
"DDX18",0.00180453087144065,0.508294268762803,1,1,1,"2","DDX18"
"NAT10",0.00180453087144065,0.778103061268972,1,1,1,"2","NAT10"
"PPIAP22",0.00180453087144065,1.14946669709376,1,1,1,"2","PPIAP22"
"AC016582.2",0.00181419436550065,1.12495678535004,1,1,1,"2","AC016582.2"
"CMBL",0.00183562230807217,1.34058522817634,1,1,1,"2","CMBL"
"RPUSD2",0.00183562230807217,0.484042698010843,1,1,1,"2","RPUSD2"
"DPH5",0.00184204212118207,1.10447421656488,1,1,1,"2","DPH5"
"TTC1",0.00184265274350734,1.13337141223764,1,1,1,"2","TTC1"
"PPRC1",0.00184268488508246,0.603109888490476,1,1,1,"2","PPRC1"
"TNFSF141",0.00185184358463255,0.43301969697923,1,1,1,"2","TNFSF14"
"ELAVL21",0.00185776148505185,1.12574191714027,1,1,1,"2","ELAVL2"
"UBE2U1",0.00186164577277946,1.39498875273525,1,1,1,"2","UBE2U"
"TMCO6",0.00186171439274484,0.859602640603855,1,1,1,"2","TMCO6"
"CCT7P2",0.00186665640386018,0.862550388357352,1,1,1,"2","CCT7P2"
"C1orf1721",0.0018773037321319,0.445926396796413,1,1,1,"2","C1orf172"
"GLTPD11",0.00188092491901311,1.70146978288657,1,1,1,"2","GLTPD1"
"SPSB1",0.00188125186095901,0.95871508856823,1,1,1,"2","SPSB1"
"C1orf35",0.00188144804340162,1.27614861763537,1,1,1,"2","C1orf35"
"MYH7B",0.00188157883889479,0.567186645527467,1,1,1,"2","MYH7B"
"PCDH121",0.00188157883889479,0.840878452201959,1,1,1,"2","PCDH12"
"MAPK41",0.00189854498135971,0.617150687662768,1,1,1,"2","MAPK4"
"FAM84A1",0.00189868899686224,0.879756216101528,1,1,1,"2","FAM84A"
"PSMG3",0.00191936326544331,0.898323180240574,1,1,1,"2","PSMG3"
"QTRTD1",0.00192109251494516,0.72733179180427,1,1,1,"2","QTRTD1"
"RRM11",0.00192109251494516,0.800442909540145,1,1,1,"2","RRM1"
"RPL41",0.00192122557490723,0.888769593233402,1,1,1,"2","RPL41"
"RPL5",0.00192122557490723,0.890399172877128,1,1,1,"2","RPL5"
"MXD3",0.00194099980059262,1.18151466238252,1,1,1,"2","MXD3"
"CALM2P2",0.00195974365060109,3.16874086987013,1,1,1,"2","CALM2P2"
"POLR2F",0.00196150276793344,0.987032091672503,1,1,1,"2","POLR2F"
"PPP1R21",0.00196150276793344,0.738917004224263,1,1,1,"2","PPP1R2"
"MAEA",0.00196163812588573,1.093922385091,1,1,1,"2","MAEA"
"PAN2",0.00196163812588573,0.294120109982522,1,1,1,"2","PAN2"
"HIST2H3C",0.00196382897136968,0.659845627879475,1,1,1,"2","HIST2H3C"
"GPR84",0.00196964829256993,0.244279075323842,1,1,1,"2","GPR84"
"AC006028.11",0.00197296668127287,3.02933183100464,1,1,1,"2","AC006028.11"
"WDHD1",0.0019821015769542,0.613551041666351,1,1,1,"2","WDHD1"
"RP11-269M20.1",0.00198231149387087,1.75814393442812,1,1,1,"2","RP11-269M20.1"
"LRRC38",0.00198650079511667,2.15080413221929,1,1,1,"2","LRRC38"
"C5orf271",0.00199376542849245,0.197656876089921,1,1,1,"2","C5orf27"
"C11orf82",0.00199993948177819,1.62928880732658,1,1,1,"2","C11orf82"
"MRPS14",0.00199993948177819,0.487777766443738,1,1,1,"2","MRPS14"
"CHD1L",0.00200279529449907,0.630326405826548,1,1,1,"2","CHD1L"
"EEF1B2P3",0.00200282971751909,1.18781386523907,1,1,1,"2","EEF1B2P3"
"PELP1",0.00200282971751909,0.292887226982838,1,1,1,"2","PELP1"
"SMG5",0.00200282971751909,0.445516511518683,1,1,1,"2","SMG5"
"RP11-62G11.1",0.00201460452300335,1.43089332560503,1,1,1,"2","RP11-62G11.1"
"GRIK1",0.00202080685680941,0.237680928797241,1,1,1,"2","GRIK1"
"CHCHD6",0.00202337467956943,1.84011018628347,1,1,1,"2","CHCHD6"
"MRPS27",0.00204446364184632,0.627482059994705,1,1,1,"2","MRPS27"
"CKAP2",0.00204477875604641,0.460163617468879,1,1,1,"2","CKAP2"
"ADSS",0.00204481377061806,1.02791799700437,1,1,1,"2","ADSS"
"DEAF1",0.00204481377061806,1.0693262640294,1,1,1,"2","DEAF1"
"MPHOSPH10",0.00204481377061806,0.784605777486565,1,1,1,"2","MPHOSPH10"
"TBCE",0.00204481377061806,1.26610765285213,1,1,1,"2","TBCE"
"TRIM28",0.00204481377061806,0.771482190231023,1,1,1,"2","TRIM28"
"RP11-244H3.1",0.00207977782022093,0.116103790409394,1,1,1,"2","RP11-244H3.1"
"CHCHD3P3",0.00208118211272829,1.111602734059,1,1,1,"2","CHCHD3P3"
"SLC39A1",0.00208746144644415,0.88018792735647,1,1,1,"2","SLC39A1"
"ABCF3",0.00208760390332689,0.410139799139969,1,1,1,"2","ABCF3"
"HSPB11",0.00208760390332689,0.37925089146545,1,1,1,"2","HSPB1"
"RPS17L",0.00208760390332689,0.899348742133464,1,1,1,"2","RPS17L"
"SRFBP1",0.00208760390332689,0.452691779384249,1,1,1,"2","SRFBP1"
"ZMYND12",0.00208923923827642,1.8402260734648,1,1,1,"2","ZMYND12"
"TMEM102",0.00213048953094423,0.908743786347726,1,1,1,"2","TMEM102"
"DCAF7",0.00213121393334709,0.618721364019137,1,1,1,"2","DCAF7"
"PEPD1",0.00213121393334709,1.01341574894799,1,1,1,"2","PEPD"
"RP13-98N21.3",0.00213795570232549,1.00610196171974,1,1,1,"2","RP13-98N21.3"
"PPIH",0.0021532942514088,0.150946366919056,1,1,1,"2","PPIH"
"XKR4",0.00215882519391543,2.47596104187547,1,1,1,"2","XKR4"
"NANP",0.00217123966411705,0.591589007421019,1,1,1,"2","NANP"
"PRSS36",0.00217123966411705,0.590870689685515,1,1,1,"2","PRSS36"
"SLC9C11",0.00217359534852654,0.453677438796417,1,1,1,"2","SLC9C1"
"MALSU1",0.00217492112159652,0.870720009584753,1,1,1,"2","MALSU1"
"PPP1R9A",0.0021756578801732,1.4712945216218,1,1,1,"2","PPP1R9A"
"RANGAP11",0.0021756578801732,1.53284221014888,1,1,1,"2","RANGAP1"
"RPL23A",0.0021756578801732,1.0836909402506,1,1,1,"2","RPL23A"
"RPL30",0.0021756578801732,0.949591967390536,1,1,1,"2","RPL30"
"SMC3",0.0021756578801732,0.773600995025156,1,1,1,"2","SMC3"
"MARS2",0.00219782548776582,1.40641773359316,1,1,1,"2","MARS2"
"HTR2A",0.00221474447875063,5.13876417595711,1,1,1,"2","HTR2A"
"ABCA4",0.00222057530067499,0.730258569370218,1,1,1,"2","ABCA4"
"HMGB1P8",0.00222080009595158,2.55151216029217,1,1,1,"2","HMGB1P8"
"HNRNPH2",0.00222094996734048,0.18418552905522,1,1,1,"2","HNRNPH2"
"RCC2",0.00222094996734048,0.587434791806007,1,1,1,"2","RCC2"
"SNX5",0.00222094996734048,0.494578377299185,1,1,1,"2","SNX5"
"TRPC6",0.00222094996734048,1.6721963676053,1,1,1,"2","TRPC6"
"DDX51",0.00224354073021944,1.75784872226031,1,1,1,"2","DDX51"
"SNORA18",0.00224354073021944,3.98614293827226,1,1,1,"2","SNORA18"
"TMEM25",0.00224354073021944,0.710113427294273,1,1,1,"2","TMEM25"
"AC092641.2",0.00225326093478419,0.375042970399736,1,1,1,"2","AC092641.2"
"FBF11",0.0022657712106183,0.286273901109324,1,1,1,"2","FBF1"
"STK32B",0.00226695220983811,1.78771269761332,1,1,1,"2","STK32B"
"BCL7C",0.00226706652037587,1.34024448363994,1,1,1,"2","BCL7C"
"BAG1",0.00226710462468419,2.2930026111188,1,1,1,"2","BAG1"
"DDB1",0.00226710462468419,0.567093531856454,1,1,1,"2","DDB1"
"EPHB4",0.00226710462468419,0.543600253529405,1,1,1,"2","EPHB4"
"HOMER31",0.00226710462468419,1.64107694496011,1,1,1,"2","HOMER3"
"SH2D3C1",0.00226710462468419,0.668865259854794,1,1,1,"2","SH2D3C"
"EFNA51",0.0022891653229487,1.7898402657258,1,1,1,"2","EFNA5"
"NLE1",0.00229012574474367,1.6213355770243,1,1,1,"2","NLE1"
"NDUFAF4",0.00231398149567026,1.28126512599068,1,1,1,"2","NDUFAF4"
"CCDC471",0.00231413649061033,0.441578536679941,1,1,1,"2","CCDC47"
"HMGA1",0.00231413649061033,2.13756505558351,1,1,1,"2","HMGA1"
"NFKB2",0.00231413649061033,0.510414633610051,1,1,1,"2","NFKB2"
"SMARCC1",0.00231413649061033,0.628537335439262,1,1,1,"2","SMARCC1"
"TGFB1",0.00231413649061033,1.44578585687535,1,1,1,"2","TGFB1"
"TRIAP1",0.00235985443730857,0.542164622766432,1,1,1,"2","TRIAP1"
"FAM58A",0.00236127241907695,1.11278795255195,1,1,1,"2","FAM58A"
"QDPR",0.00236202101075042,0.949215226464968,1,1,1,"2","QDPR"
"NAA15",0.00236206041437755,0.665706069025511,1,1,1,"2","NAA15"
"RNF8",0.00236206041437755,0.697883876844282,1,1,1,"2","RNF8"
"RPL27",0.00236206041437755,0.732554258612723,1,1,1,"2","RPL27"
"SNHG15",0.00236206041437755,3.0487570546687,1,1,1,"2","SNHG15"
"PKD2L2",0.00240682689905215,0.925034689484667,1,1,1,"2","PKD2L2"
"RPS3AP34",0.00240682689905215,1.21025410166225,1,1,1,"2","RPS3AP34"
"HIST2H3D",0.0024075272396495,1.96740417704262,1,1,1,"2","HIST2H3D"
"AC079250.1",0.00241073119175613,0.768632855400076,1,1,1,"2","AC079250.1"
"CNBP",0.00241089145839007,0.575664916707559,1,1,1,"2","CNBP"
"DAXX",0.00241089145839007,1.2609854093398,1,1,1,"2","DAXX"
"C11orf83",0.00242899106940875,1.25391254667012,1,1,1,"2","C11orf83"
"HGS",0.00243524790853078,0.882435920099645,1,1,1,"2","HGS"
"ZFP92",0.002448041604947,1.06367039971636,1,1,1,"2","ZFP92"
"AC093106.7",0.00244901007341031,3.32579711731467,1,1,1,"2","AC093106.7"
"PMPCA",0.00246060416011941,0.675738149615484,1,1,1,"2","PMPCA"
"DCUN1D4",0.00246064490050141,1.00600049379491,1,1,1,"2","DCUN1D4"
"NOSIP",0.00246064490050141,1.1063134598468,1,1,1,"2","NOSIP"
"RPLP1",0.00246064490050141,0.990909741379209,1,1,1,"2","RPLP1"
"TBCD1",0.00246064490050141,1.07022752785648,1,1,1,"2","TBCD"
"TP53I111",0.00246064490050141,0.965626412571632,1,1,1,"2","TP53I11"
"ALPP",0.0024645930767195,0.567858316883205,1,1,1,"2","ALPP"
"RP11-362K2.2",0.00249306637921094,0.56025981698723,1,1,1,"2","RP11-362K2.2"
"HIST1H4K",0.00250450711110273,0.594210104238471,1,1,1,"2","HIST1H4K"
"FABP5P10",0.0025047377294034,0.945149091519948,1,1,1,"2","FABP5P10"
"DSCC1",0.00250636846681428,1.43635993417004,1,1,1,"2","DSCC1"
"CCDC1301",0.00251050785507945,0.640626917778548,1,1,1,"2","CCDC130"
"KIF15",0.00251117054664848,0.621695407587543,1,1,1,"2","KIF15"
"BICD1",0.00251133623632851,1.4033650287163,1,1,1,"2","BICD1"
"COPE",0.00251133623632851,1.08634992020008,1,1,1,"2","COPE"
"CSNK1G2",0.00251133623632851,1.03749275736056,1,1,1,"2","CSNK1G2"
"HLA-A",0.00251133623632851,0.991576643129317,1,1,1,"2","HLA-A"
"PDIA4",0.00251133623632851,0.736410093528757,1,1,1,"2","PDIA4"
"PPP1CA",0.00251133623632851,1.44030538484151,1,1,1,"2","PPP1CA"
"RAB10",0.00251133623632851,0.48946311370867,1,1,1,"2","RAB10"
"SNORA68",0.00251133623632851,1.17578033425981,1,1,1,"2","SNORA68"
"SAGE1",0.0025124695278484,1.56676520529655,1,1,1,"2","SAGE1"
"COL22A1",0.00251524480985042,5.53865581112435,1,1,1,"2","COL22A1"
"FABP5P11",0.00254821728802599,2.51714392469682,1,1,1,"2","FABP5P11"
"UBAP1L",0.00255944496816665,0.927486360786816,1,1,1,"2","UBAP1L"
"AMMECR1",0.00256213895458026,0.597611182010933,1,1,1,"2","AMMECR1"
"EMC8",0.00256213895458026,0.609740267875589,1,1,1,"2","EMC8"
"PSPH1",0.00256256004687244,0.70000966939334,1,1,1,"2","PSPH"
"ITGB3",0.00256293906619735,0.161381361107825,1,1,1,"2","ITGB3"
"INPP1",0.00256298118157628,0.956401911851966,1,1,1,"2","INPP1"
"RPL37A",0.00256298118157628,0.935629862529431,1,1,1,"2","RPL37A"
"HEPACAM",0.00256706180569254,2.20254008490827,1,1,1,"2","HEPACAM"
"POMP",0.00258912376444667,0.88922001701884,1,1,1,"2","POMP"
"SMIM13",0.00261046063748003,0.773701129690091,1,1,1,"2","SMIM13"
"PGF",0.00261542440705557,3.12139348721375,1,1,1,"2","PGF"
"PRCC",0.00261559567437199,0.636229746206435,1,1,1,"2","PRCC"
"THSD41",0.00261559567437199,1.94526652717337,1,1,1,"2","THSD4"
"C17orf821",0.00262285574836137,0.612639720068838,1,1,1,"2","C17orf82"
"C1orf87",0.00263204798255153,1.92703830133521,1,1,1,"2","C1orf87"
"GATC",0.00266876060278694,0.371115145206593,1,1,1,"2","GATC"
"PTGES21",0.0026690217624843,1.03568499229968,1,1,1,"2","PTGES2"
"ASL",0.00266919587760963,0.927817322905948,1,1,1,"2","ASL"
"MGAT4B",0.00266919587760963,1.45188902326845,1,1,1,"2","MGAT4B"
"CYP1A1",0.0026748751432924,0.641935907287424,1,1,1,"2","CYP1A1"
"LPPR1",0.0026748751432924,2.2172057943779,1,1,1,"2","LPPR1"
"BPNT1",0.00269632684444512,0.661558266130925,1,1,1,"2","BPNT1"
"SOX8",0.00271066818602599,0.519182900877295,1,1,1,"2","SOX8"
"RP5-827C21.1",0.00272224964406989,1.51023115113568,1,1,1,"2","RP5-827C21.1"
"PPP1R14BP3",0.00272291323726119,1.75311748392169,1,1,1,"2","PPP1R14BP3"
"GAS2L3",0.00272375392994523,1.63360652370212,1,1,1,"2","GAS2L3"
"ARFGAP1",0.00272379818130356,0.679768353626159,1,1,1,"2","ARFGAP1"
"RYBP",0.00272379818130356,0.855520134326639,1,1,1,"2","RYBP"
"LRRC37A11P",0.00273332871922609,0.120525727485616,1,1,1,"2","LRRC37A11P"
"ALPPL2",0.00274641992921848,1.49991663589182,1,1,1,"2","ALPPL2"
"KCNU1",0.00274651639187388,3.23547711471442,1,1,1,"2","KCNU1"
"DTWD21",0.00276953351271744,1.08982512405706,1,1,1,"2","DTWD2"
"MRPL34",0.00277690081758797,1.45406406366634,1,1,1,"2","MRPL34"
"SLC50A11",0.00277851962178199,1.12102165014745,1,1,1,"2","SLC50A1"
"ANAPC5",0.0027794192049515,0.617848743113388,1,1,1,"2","ANAPC5"
"ARHGDIA",0.0027794192049515,1.53422611857947,1,1,1,"2","ARHGDIA"
"MORC2",0.0027794192049515,0.741161324521261,1,1,1,"2","MORC2"
"NUCKS1",0.0027794192049515,0.401051193039265,1,1,1,"2","NUCKS1"
"TRAF7",0.0027794192049515,0.597197274757132,1,1,1,"2","TRAF7"
"VPS4A",0.0027794192049515,0.322602572732766,1,1,1,"2","VPS4A"
"C16orf58",0.00280757164051813,0.442463409453698,1,1,1,"2","C16orf58"
"SLC25A38P1",0.00282140141290388,0.835045131369363,1,1,1,"2","SLC25A38P1"
"TYW3",0.00283516137411306,1.27779612258638,1,1,1,"2","TYW3"
"PSAT11",0.00286318451733823,1.10318287693439,1,1,1,"2","PSAT1"
"TOR3A",0.00286475166618902,0.49269204408861,1,1,1,"2","TOR3A"
"RP11-12M9.3",0.00289285557776762,1.79123287048346,1,1,1,"2","RP11-12M9.3"
"VPS9D1-AS1",0.00289359914252668,1.72067496184508,1,1,1,"2","VPS9D1-AS1"
"MAPKAPK2",0.00289378505175719,0.599222200236724,1,1,1,"2","MAPKAPK2"
"SLC25A51",0.00289378505175719,1.0921349561133,1,1,1,"2","SLC25A5"
"ZNF496",0.00289378505175719,1.49266026613613,1,1,1,"2","ZNF496"
"RP11-297L17.6",0.00291910532781205,0.227251525113779,1,1,1,"2","RP11-297L17.6"
"GSG2",0.00294689863687053,1.83346859814635,1,1,1,"2","GSG2"
"KCNQ31",0.00294689863687053,0.779368689519929,1,1,1,"2","KCNQ3"
"RHBDL21",0.00294689863687053,0.319114634091838,1,1,1,"2","RHBDL2"
"NARS2",0.00295161955287661,1.16856007000845,1,1,1,"2","NARS2"
"FDPS1",0.00295256428271726,0.452733251905883,1,1,1,"2","FDPS"
"SMARCE1",0.00295256428271726,0.570877230574638,1,1,1,"2","SMARCE1"
"CHRNB41",0.00295994316684992,0.662623730368061,1,1,1,"2","CHRNB4"
"GNGT2",0.00296875819273499,1.48140646814536,1,1,1,"2","GNGT2"
"IGFBP1",0.00299058097633307,2.87217477877526,1,1,1,"2","IGFBP1"
"CMTM31",0.00301243105402184,0.645312202444206,1,1,1,"2","CMTM3"
"EWSR1",0.00301243105402184,0.42011409894678,1,1,1,"2","EWSR1"
"PKM",0.00301243105402184,1.06636328601738,1,1,1,"2","PKM"
"CRYBB3",0.00302080140025372,1.27270768543054,1,1,1,"2","CRYBB3"
"C6orf123",0.00303608305677365,1.11192751408943,1,1,1,"2","C6orf123"
"TBPL1",0.00304108392931502,1.24973474269285,1,1,1,"2","TBPL1"
"NCR3LG11",0.00305567137017848,0.297311525001568,1,1,1,"2","NCR3LG1"
"TPTE2",0.00305980580621225,0.256133633144426,1,1,1,"2","TPTE2"
"E2F7",0.00307320797888869,1.39539722450618,1,1,1,"2","E2F7"
"SNCAIP",0.00307320797888869,0.823806320543657,1,1,1,"2","SNCAIP"
"TLE11",0.00307320797888869,0.606204641118579,1,1,1,"2","TLE1"
"NHP2",0.00307335437027452,0.715409432426947,1,1,1,"2","NHP2"
"SLC16A13",0.00307335437027452,0.987129752527334,1,1,1,"2","SLC16A13"
"HSD3B2",0.0030909272704287,0.835165800714714,1,1,1,"2","HSD3B2"
"PAFAH1B3",0.00312955090204744,0.947224756710616,1,1,1,"2","PAFAH1B3"
"RASSF91",0.00313133452361725,1.12922605761157,1,1,1,"2","RASSF9"
"CKS1B",0.00313272220525055,0.847496946423325,1,1,1,"2","CKS1B"
"MBLAC2",0.00313272220525055,1.07289599785772,1,1,1,"2","MBLAC2"
"C18orf321",0.00313500276656254,0.634866256153337,1,1,1,"2","C18orf32"
"HNRNPA3P6",0.00313549867214922,1.34934644949079,1,1,1,"2","HNRNPA3P6"
"SNRNP27",0.00313549867214922,0.883769627269329,1,1,1,"2","SNRNP27"
"ZFPM2",0.00313549867214922,1.11337281987536,1,1,1,"2","ZFPM2"
"RANP1",0.00315873076816084,0.315972396813724,1,1,1,"2","RANP1"
"SLC4A11",0.00316647348293446,1.49857813275883,1,1,1,"2","SLC4A11"
"RHEBL1",0.00318765969353452,1.61001457132108,1,1,1,"2","RHEBL1"
"ST13P10",0.00318765969353452,0.967814370958049,1,1,1,"2","ST13P10"
"TOE1",0.00319697220718054,0.451759969199696,1,1,1,"2","TOE1"
"GMFB",0.0031987358582298,0.264975916284072,1,1,1,"2","GMFB"
"HNRNPU",0.0031987358582298,1.39601147441467,1,1,1,"2","HNRNPU"
"KDR1",0.0031987358582298,0.607128775903806,1,1,1,"2","KDR"
"LRRC47",0.0031987358582298,2.03137781688794,1,1,1,"2","LRRC47"
"PSMA2",0.0031987358582298,0.867645445362394,1,1,1,"2","PSMA2"
"TMX2",0.0031987358582298,0.375531848039429,1,1,1,"2","TMX2"
"NPM1P35",0.00321627757520441,1.68760079984439,1,1,1,"2","NPM1P35"
"HIST1H2BO",0.0032302803391981,0.846190091075002,1,1,1,"2","HIST1H2BO"
"FAM72D",0.00323452807201655,0.75993736871648,1,1,1,"2","FAM72D"
"RUSC1-AS11",0.00325699095497828,0.454274604387983,1,1,1,"2","RUSC1-AS1"
"ZNF7291",0.00325947995257242,0.530233473821635,1,1,1,"2","ZNF729"
"DLGAP1",0.00325992091709437,0.663146918924586,1,1,1,"2","DLGAP1"
"APOL3",0.00326292841325246,0.986324052534394,1,1,1,"2","APOL3"
"HEATR3",0.00326292841325246,0.74993037881911,1,1,1,"2","HEATR3"
"LDLRAD3",0.00326292841325246,1.09049306040106,1,1,1,"2","LDLRAD3"
"CTDSPL",0.00326313326801565,0.784864798766403,1,1,1,"2","CTDSPL"
"FOXK1",0.00326313326801565,0.557877083797337,1,1,1,"2","FOXK1"
"HK2",0.00326313326801565,1.42838072889547,1,1,1,"2","HK2"
"SNORA74A",0.00326313326801565,2.2174956959924,1,1,1,"2","SNORA74A"
"ZNF282",0.00326313326801565,1.92815450631208,1,1,1,"2","ZNF282"
"TREML11",0.00326969561018292,0.44889625288539,1,1,1,"2","TREML1"
"MLST8",0.00329396627135895,0.9508227049313,1,1,1,"2","MLST8"
"GK2",0.00329572129290265,0.110255987733222,1,1,1,"2","GK"
"MDFI",0.00329572129290265,2.60763006958031,1,1,1,"2","MDFI"
"SNCG",0.00329572129290265,1.76037461271172,1,1,1,"2","SNCG"
"LDHAP7",0.00330979840883325,1.38363544289286,1,1,1,"2","LDHAP7"
"HIST3H2A",0.00332638549699458,1.39499656239225,1,1,1,"2","HIST3H2A"
"QPCTL",0.00332766895092764,1.15906087821715,1,1,1,"2","QPCTL"
"RP11-582E3.4",0.00332766895092764,0.935260483729236,1,1,1,"2","RP11-582E3.4"
"CDYL21",0.00332850152997916,1.01585003084934,1,1,1,"2","CDYL2"
"COQ7",0.00332850152997916,0.835537820560299,1,1,1,"2","COQ7"
"ELP5",0.00332850152997916,0.268583708060335,1,1,1,"2","ELP5"
"ACOT21",0.00332870969406428,0.306746049756915,1,1,1,"2","ACOT2"
"HACE1",0.00332870969406428,0.234443555103571,1,1,1,"2","HACE1"
"UPF2",0.00332870969406428,0.526343807853959,1,1,1,"2","UPF2"
"NPW",0.00333425382407487,1.75018809701027,1,1,1,"2","NPW"
"SETP8",0.0033532967164773,0.239595440368799,1,1,1,"2","SETP8"
"TRPC5",0.00335573410240765,1.55471574006571,1,1,1,"2","TRPC5"
"WDR34",0.00336189352054783,2.17715572999203,1,1,1,"2","WDR34"
"SRCRB4D",0.00337790524458934,1.02104536821027,1,1,1,"2","SRCRB4D"
"KCNQ4",0.00338676554691747,0.964471106083485,1,1,1,"2","KCNQ4"
"BANK11",0.00338914203998246,0.209252169431453,1,1,1,"2","BANK1"
"GDF9",0.00339245023190811,5.29234378093679,1,1,1,"2","GDF9"
"C2orf16",0.00339442667107407,2.33430427963439,1,1,1,"2","C2orf16"
"DBF4",0.00339442667107407,1.16053633510956,1,1,1,"2","DBF4"
"C7orf50",0.00339521978634639,1.69345914942199,1,1,1,"2","C7orf50"
"SEPT10P1",0.00342053825136886,0.884962580577508,1,1,1,"2","SEPT10P1"
"LRRC45",0.00342879370762359,2.23316048622553,1,1,1,"2","LRRC45"
"KLRG1",0.00345703196382629,0.875720446027655,1,1,1,"2","KLRG1"
"RPL35P1",0.00346046791981102,0.783031074903077,1,1,1,"2","RPL35P1"
"HNRNPA1P4",0.00346240153117248,1.54651116088557,1,1,1,"2","HNRNPA1P4"
"GAS5",0.0034629387586692,4.04368313586511,1,1,1,"2","GAS5"
"PHF19",0.00346326111879808,0.962804245336802,1,1,1,"2","PHF19"
"SNORA2A",0.00346326111879808,2.98874081166588,1,1,1,"2","SNORA2A"
"DDX1",0.00346347603539691,0.593932416081309,1,1,1,"2","DDX1"
"EIF3C",0.00346347603539691,1.06441241822434,1,1,1,"2","EIF3C"
"EIF4BP7",0.00346347603539691,0.627622190950742,1,1,1,"2","EIF4BP7"
"HIST2H2BF",0.00346347603539691,0.976195806806972,1,1,1,"2","HIST2H2BF"
"IMPDH1",0.00346347603539691,1.48837158778949,1,1,1,"2","IMPDH1"
"LINC00338",0.00346347603539691,1.48245486901395,1,1,1,"2","LINC00338"
"PPP1R71",0.00346347603539691,0.339234515712528,1,1,1,"2","PPP1R7"
"REV1",0.00346347603539691,0.147811053468082,1,1,1,"2","REV1"
"CTB-118N6.1",0.00347334332539163,0.757754813316636,1,1,1,"2","CTB-118N6.1"
"FOXF11",0.00348003924135934,0.368652317440491,1,1,1,"2","FOXF1"
"VAV22",0.00349788041707182,0.133975228370625,1,1,1,"2","VAV2"
"C9orf66",0.00352986724556713,1.1221468608336,1,1,1,"2","C9orf66"
"EIF2D",0.00353270481335085,0.547528880632255,1,1,1,"2","EIF2D"
"NCLN",0.00353270481335085,0.968930950603326,1,1,1,"2","NCLN"
"FAM135B",0.00355093883401709,1.68677475148426,1,1,1,"2","FAM135B"
"ZNF829",0.00359653831544926,0.631544763474762,1,1,1,"2","ZNF829"
"POC1A",0.00360208116583007,0.596764600749973,1,1,1,"2","POC1A"
"TARBP2",0.00360208116583007,1.71177005344016,1,1,1,"2","TARBP2"
"MSANTD3",0.00360296848736404,0.611634081029809,1,1,1,"2","MSANTD3"
"SDPR",0.00360319033781154,0.448240706953747,1,1,1,"2","SDPR"
"KCTD16",0.00363030794529953,2.47523757498931,1,1,1,"2","KCTD16"
"C11orf54",0.0036388547422176,1.72240776153829,1,1,1,"2","C11orf54"
"HIST1H4A",0.0036388547422176,1.78754789308213,1,1,1,"2","HIST1H4A"
"LINC00242",0.00364634857612004,1.14280496481952,1,1,1,"2","LINC00242"
"DYRK4",0.00367382584239817,1.19828262711182,1,1,1,"2","DYRK4"
"PLEKHJ1",0.00367382584239817,1.02871524643177,1,1,1,"2","PLEKHJ1"
"GFOD2",0.00367472730716175,1.14382896033626,1,1,1,"2","GFOD2"
"C6orf48",0.00367495269360287,0.608894821184268,1,1,1,"2","C6orf48"
"MCMBP",0.00367495269360287,0.434921874663516,1,1,1,"2","MCMBP"
"ZNF2571",0.00370933155422019,0.258340906224925,1,1,1,"2","ZNF257"
"FDX1",0.00371075111789999,0.9159875979612,1,1,1,"2","FDX1"
"MAPK12",0.00371126223863811,1.83687570623125,1,1,1,"2","MAPK12"
"CBS",0.00374600902933851,3.6544629005558,1,1,1,"2","CBS"
"HIN1L1",0.00374686746785927,0.837578119904418,1,1,1,"2","HIN1L"
"TSR1",0.00374778326232171,0.711710789735916,1,1,1,"2","TSR1"
"QSOX2",0.00374795498834458,1.16605811416723,1,1,1,"2","QSOX2"
"ARRB1",0.00374801223137404,0.993804719034568,1,1,1,"2","ARRB1"
"BRIX1",0.00374801223137404,0.581726779654039,1,1,1,"2","BRIX1"
"LIG1",0.00374801223137404,0.895712252663685,1,1,1,"2","LIG1"
"TPMT",0.00374801223137404,0.553680175780197,1,1,1,"2","TPMT"
"TXNDC9",0.00374801223137404,0.929227488260775,1,1,1,"2","TXNDC9"
"MYO1H",0.00376628355846577,1.72750798349471,1,1,1,"2","MYO1H"
"DGCR14",0.00378497718111032,0.635834819411363,1,1,1,"2","DGCR14"
"FOXRED2",0.00378497718111032,1.18770259564086,1,1,1,"2","FOXRED2"
"PPP1R13L1",0.00378497718111032,1.60083909113217,1,1,1,"2","PPP1R13L"
"AL590822.11",0.00378990601098482,0.49052094920663,1,1,1,"2","AL590822.1"
"HSCB",0.00382035461105548,1.24486761551683,1,1,1,"2","HSCB"
"DNAJC211",0.00382233141961569,0.708660714275364,1,1,1,"2","DNAJC21"
"ACSL3",0.00382238957006666,0.814413305796652,1,1,1,"2","ACSL3"
"CFDP1",0.00382238957006666,0.825862551395776,1,1,1,"2","CFDP1"
"CFL1",0.00382238957006666,1.39002305186582,1,1,1,"2","CFL1"
"DIMT1",0.00382238957006666,0.889015164080185,1,1,1,"2","DIMT1"
"FAM213A1",0.00382238957006666,1.09758080804242,1,1,1,"2","FAM213A"
"FTSJ3",0.00382238957006666,0.50320039523838,1,1,1,"2","FTSJ3"
"MARCKS1",0.00382238957006666,0.896478515529939,1,1,1,"2","MARCKS"
"MPHOSPH8",0.00382238957006666,0.52885424416603,1,1,1,"2","MPHOSPH8"
"RPN1",0.00382238957006666,0.561481206687301,1,1,1,"2","RPN1"
"SNW1",0.00382238957006666,0.52958056978861,1,1,1,"2","SNW1"
"TPTE2P5",0.00383185666652221,0.176145295488745,1,1,1,"2","TPTE2P5"
"RCOR2",0.00383346550704939,1.80089110540343,1,1,1,"2","RCOR2"
"RSPRY1",0.00386002032354096,0.325904913588605,1,1,1,"2","RSPRY1"
"RPL36AP48",0.00387663858348474,1.08067532640007,1,1,1,"2","RPL36AP48"
"RP11-621K7.11",0.00387979643358428,0.421000930701632,1,1,1,"2","RP11-621K7.1"
"HIST1H3G",0.00388836613099608,1.77361640962874,1,1,1,"2","HIST1H3G"
"AFM",0.00388913911721102,0.714831094233899,1,1,1,"2","AFM"
"CNPY3",0.00389786932354024,0.867714799489253,1,1,1,"2","CNPY3"
"PPARG1",0.00389804652964371,1.01211431231138,1,1,1,"2","PPARG"
"TUBA4A1",0.00389804652964371,0.430583551461593,1,1,1,"2","TUBA4A"
"AP3D1",0.00389810559938538,0.551831757264662,1,1,1,"2","AP3D1"
"CHORDC1",0.00389810559938538,0.607955864181994,1,1,1,"2","CHORDC1"
"UTP20",0.00389810559938538,0.634956657553229,1,1,1,"2","UTP20"
"NODAL",0.00390712109981022,0.383629963291963,1,1,1,"2","NODAL"
"NRN1",0.00393438885114729,1.11487894245122,1,1,1,"2","NRN1"
"PRAME",0.00396041188282562,1.81147541735699,1,1,1,"2","PRAME"
"VBP1",0.00397398156182701,0.851346982535429,1,1,1,"2","VBP1"
"RPE",0.00397494148138457,0.344891859235958,1,1,1,"2","RPE"
"TBC1D321",0.00397494148138457,0.47055792181532,1,1,1,"2","TBC1D32"
"ENY2",0.00397512148126229,1.5553754355629,1,1,1,"2","ENY2"
"MPHOSPH9",0.00397512148126229,0.859989521557303,1,1,1,"2","MPHOSPH9"
"RPL13AP20",0.00397512148126229,0.791835233906941,1,1,1,"2","RPL13AP20"
"BCAP31",0.00397518148227139,0.815933986218374,1,1,1,"2","BCAP31"
"CLCN2",0.00397518148227139,0.898110765719364,1,1,1,"2","CLCN2"
"MTMR12",0.00397518148227139,0.705103235604163,1,1,1,"2","MTMR12"
"RPL7A",0.00397518148227139,0.727775688496497,1,1,1,"2","RPL7A"
"HNRNPA3P4",0.0039969627922298,1.90798028923262,1,1,1,"2","HNRNPA3P4"
"TRIM6",0.00404852117729272,0.740962632511877,1,1,1,"2","TRIM6"
"FBRSL1",0.00405363865737859,1.18059567043285,1,1,1,"2","FBRSL1"
"MOGAT21",0.00406567741806126,1.93123697273149,1,1,1,"2","MOGAT2"
"OR5H5P",0.00409828051632405,1.7596127723834,1,1,1,"2","OR5H5P"
"PALM3",0.00411100257459344,0.377344553718846,1,1,1,"2","PALM3"
"TTF2",0.00413325124513808,0.688213303015967,1,1,1,"2","TTF2"
"WASF1",0.00413325124513808,1.29768544985396,1,1,1,"2","WASF1"
"ASNA1",0.00413343694164699,0.700680940670331,1,1,1,"2","ASNA1"
"CHD4",0.00413349884155188,0.464273789627722,1,1,1,"2","CHD4"
"NSA2",0.00413349884155188,0.872903484434815,1,1,1,"2","NSA2"
"PSME3",0.00413349884155188,0.425574722624642,1,1,1,"2","PSME3"
"METTL7B",0.0041644956573132,2.52896775846591,1,1,1,"2","METTL7B"
"HSPA12B",0.00417389954294787,1.2030661326347,1,1,1,"2","HSPA12B"
"FBXO5",0.0042095050203007,1.71691711105641,1,1,1,"2","FBXO5"
"GET4",0.0042112642684083,0.244582109307187,1,1,1,"2","GET4"
"RPL22L1",0.0042135267797384,2.02671196589719,1,1,1,"2","RPL22L1"
"UBE2L3",0.00421415537907366,0.658876483114657,1,1,1,"2","UBE2L3"
"CEBPZ",0.00421472116455838,0.600075508571994,1,1,1,"2","CEBPZ"
"HADHA",0.00421478403230715,0.71548671671302,1,1,1,"2","HADHA"
"NDUFS51",0.00421478403230715,0.579762019755076,1,1,1,"2","NDUFS5"
"RPL34",0.00421478403230715,0.745392069237603,1,1,1,"2","RPL34"
"STRAP",0.00421478403230715,1.15269978634675,1,1,1,"2","STRAP"
"MOGAT11",0.00425466896706241,1.84274607712839,1,1,1,"2","MOGAT1"
"RP11-159J3.1",0.00427898255422199,1.8371856560208,1,1,1,"2","RP11-159J3.1"
"EME1",0.00428985863205173,0.829011022968883,1,1,1,"2","EME1"
"ZNF595",0.00429394185953877,1.52219987515223,1,1,1,"2","ZNF595"
"TXNDC12",0.00429623965360172,0.396898928182472,1,1,1,"2","TXNDC12"
"RP11-778D9.4",0.00429726112157303,1.14980558004029,1,1,1,"2","RP11-778D9.4"
"ZXDA",0.00429726112157303,0.873856392857361,1,1,1,"2","ZXDA"
"CAPRIN21",0.00429751651031254,0.111797204453161,1,1,1,"2","CAPRIN2"
"EIF3M1",0.00429751651031254,0.640498663155689,1,1,1,"2","EIF3M"
"MCTP1",0.00429751651031254,0.749163624348796,1,1,1,"2","MCTP1"
"RASGRF2",0.00429751651031254,0.741159576997777,1,1,1,"2","RASGRF2"
"TARS2",0.00429751651031254,1.44447346935129,1,1,1,"2","TARS2"
"RP11-423O2.5",0.00430159965392042,1.60699757330237,1,1,1,"2","RP11-423O2.5"
"TP731",0.00431021293791797,0.343129483686029,1,1,1,"2","TP73"
"RP11-397P13.6",0.00432882334619345,1.22690853304798,1,1,1,"2","RP11-397P13.6"
"SNORA80B",0.00432980916551377,0.693000514542186,1,1,1,"2","SNORA80B"
"PSMB5",0.00433878911922069,0.656247432618029,1,1,1,"2","PSMB5"
"SLC45A4",0.00433878911922069,1.00458922112143,1,1,1,"2","SLC45A4"
"RP11-400N13.2",0.00435354800982614,1.1804689538299,1,1,1,"2","RP11-400N13.2"
"FBXW9",0.00437944974127528,0.269748231968348,1,1,1,"2","FBXW9"
"SLX1A",0.00437944974127528,0.524480470559929,1,1,1,"2","SLX1A"
"NUDCD2",0.00438042213070616,0.442600291265734,1,1,1,"2","NUDCD2"
"AP1M1",0.00438165400110299,0.830428529146937,1,1,1,"2","AP1M1"
"GCNT21",0.00438165400110299,0.986107332125449,1,1,1,"2","GCNT2"
"C4orf27",0.00438171884187055,0.760174641623271,1,1,1,"2","C4orf27"
"SLIRP",0.00438171884187055,0.763331774629993,1,1,1,"2","SLIRP"
"RP11-466F5.9",0.00442396793412277,1.01294666859624,1,1,1,"2","RP11-466F5.9"
"MZF1",0.00442431299153718,1.66518149164241,1,1,1,"2","MZF1"
"FAM203B",0.00445220358993094,1.72228669609869,1,1,1,"2","FAM203B"
"SDHAP2",0.00446188473200225,0.162506642659823,1,1,1,"2","SDHAP2"
"HNRNPA3P3",0.00446583614515714,0.378521562748647,1,1,1,"2","HNRNPA3P3"
"RP1-278E11.3",0.00446609706331417,0.742224319290708,1,1,1,"2","RP1-278E11.3"
"TLR5",0.00446609706331417,0.565557761971045,1,1,1,"2","TLR5"
"TRUB21",0.00446609706331417,0.631793622052216,1,1,1,"2","TRUB2"
"MEIS2",0.00446715050008607,1.30316321494219,1,1,1,"2","MEIS2"
"DNMT3A1",0.00446741388140044,0.524317395627365,1,1,1,"2","DNMT3A"
"SPTLC2",0.00446741388140044,0.510095021635731,1,1,1,"2","SPTLC2"
"FTH1P1",0.004480694854108,0.218223587473625,1,1,1,"2","FTH1P1"
"HMGB1P10",0.00450850634177092,3.6059595593338,1,1,1,"2","HMGB1P10"
"PPAP2C1",0.00454660504245132,0.69570632364106,1,1,1,"2","PPAP2C"
"GAPDHP63",0.00454901011861348,0.267644124865804,1,1,1,"2","GAPDHP63"
"C19orf52",0.0045532875942878,1.54595196888893,1,1,1,"2","C19orf52"
"DUSP12",0.0045543573201471,0.407946326908927,1,1,1,"2","DUSP12"
"TRIM44",0.00455462477392058,1.10321078350207,1,1,1,"2","TRIM44"
"BLOC1S4",0.00458769616105383,0.877235353831093,1,1,1,"2","BLOC1S4"
"CNTN5",0.0045903398108217,2.53293840196144,1,1,1,"2","CNTN5"
"STPG2",0.00459784115322957,0.532645278374257,1,1,1,"2","STPG2"
"KCTD13",0.00459813222165693,0.472442987075709,1,1,1,"2","KCTD13"
"STX6",0.00459813222165693,0.56820833954427,1,1,1,"2","STX6"
"COMT",0.00459873859979294,0.631529233387083,1,1,1,"2","COMT"
"MIR6451",0.00461869824633579,0.353791450102561,1,1,1,"2","MIR645"
"GGH1",0.00463957369014102,1.68830578579321,1,1,1,"2","GGH"
"DDA1",0.00464201715957086,1.22229779444794,1,1,1,"2","DDA1"
"FPGS",0.0046433070622894,0.568459270855756,1,1,1,"2","FPGS"
"GTF3C6",0.0046433070622894,1.04362299446892,1,1,1,"2","GTF3C6"
"CYC1",0.00464337495753011,0.804499385076733,1,1,1,"2","CYC1"
"RPN2",0.00464337495753011,0.66939190698233,1,1,1,"2","RPN2"
"MCTS1",0.00468258974949339,1.10596018532131,1,1,1,"2","MCTS1"
"RP11-213G2.31",0.00468758214844641,0.243822713326841,1,1,1,"2","RP11-213G2.3"
"PBK",0.00472541951703538,1.27186755990509,1,1,1,"2","PBK"
"SLC9B2",0.00472982844688393,0.665055335888791,1,1,1,"2","SLC9B2"
"MRPL24",0.00473230949066996,1.01368116681369,1,1,1,"2","MRPL24"
"SHPK",0.00473341241269949,0.706553031570072,1,1,1,"2","SHPK"
"ADAM10",0.00473368816588964,0.595398041796315,1,1,1,"2","ADAM10"
"AVEN",0.00473368816588964,0.754248820307588,1,1,1,"2","AVEN"
"FKBP10",0.00473368816588964,1.23118432981568,1,1,1,"2","FKBP10"
"POLR2B",0.00473368816588964,0.196323048357357,1,1,1,"2","POLR2B"
"TP53",0.00473368816588964,0.650862203651062,1,1,1,"2","TP53"
"CSTF1",0.00477874376826566,0.400314874492498,1,1,1,"2","CSTF1"
"RPL23P8",0.00477936893655682,0.438690665514786,1,1,1,"2","RPL23P8"
"SLC7A5P1",0.0047937992565009,1.32153622770378,1,1,1,"2","SLC7A5P1"
"ZNF530",0.00481971075057385,0.217030837565977,1,1,1,"2","ZNF530"
"TRMT61B",0.00482313890704142,0.558678754563056,1,1,1,"2","TRMT61B"
"HIST1H2BC",0.00482551843459045,0.403192355270976,1,1,1,"2","HIST1H2BC"
"SF3A2",0.00482551843459045,1.2962525616759,1,1,1,"2","SF3A2"
"GFRA31",0.00483361087596093,0.681875411046128,1,1,1,"2","GFRA3"
"C2orf48",0.00484010966688247,1.98015234533625,1,1,1,"2","C2orf48"
"NPM2",0.00486940695410989,0.181340806625936,1,1,1,"2","NPM2"
"SLC25A21",0.00490947955749109,1.48988800695056,1,1,1,"2","SLC25A21"
"C1orf1321",0.00491057625177047,0.25268602097143,1,1,1,"2","C1orf132"
"KIF7",0.00491767886903163,2.38845557496,1,1,1,"2","KIF7"
"MZT2B",0.0049188158227059,2.00104502549478,1,1,1,"2","MZT2B"
"POLR2G1",0.0049188158227059,0.69844735648836,1,1,1,"2","POLR2G"
"TMEM165",0.00491910008418056,0.669225155752923,1,1,1,"2","TMEM165"
"AC112229.4",0.00496397041660205,0.522305330789827,1,1,1,"2","AC112229.4"
"RP11-228B15.4",0.00496532017637946,0.153870962988224,1,1,1,"2","RP11-228B15.4"
"MPHOSPH6",0.00496575183167279,0.624584171911948,1,1,1,"2","MPHOSPH6"
"KRT20",0.00497673207851672,1.19098212812791,1,1,1,"2","KRT20"
"RP4-736L20.3",0.00498526213145948,0.857084403848502,1,1,1,"2","RP4-736L20.3"
"H3F3AP6",0.00501020827733285,0.712038412727207,1,1,1,"2","H3F3AP6"
"CCDC1201",0.00501280487942601,0.320623793773217,1,1,1,"2","CCDC120"
"ALDH1B1",0.00501352629143048,1.01379541696745,1,1,1,"2","ALDH1B1"
"PILRA",0.00501352629143048,0.262355772965728,1,1,1,"2","PILRA"
"GRM5",0.0050428434018271,1.76912075111776,1,1,1,"2","GRM5"
"EEF1GP2",0.0050617159540743,0.403339792973865,1,1,1,"2","EEF1GP2"
"SLC7A51",0.0050617159540743,0.216793986888826,1,1,1,"2","SLC7A5"
"GNA12",0.0050623701948055,1.17198590353692,1,1,1,"2","GNA12"
"HOXA13",0.00506432851786534,0.744241003267696,1,1,1,"2","HOXA13"
"FAM210A",0.00510227101814395,0.625612137040596,1,1,1,"2","FAM210A"
"CDC42SE2",0.00510849312813983,0.569615425903576,1,1,1,"2","CDC42SE2"
"HIST2H2AB",0.00511076342139062,0.952337166311796,1,1,1,"2","HIST2H2AB"
"NMI",0.00511076342139062,0.586438308103139,1,1,1,"2","NMI"
"MAP1B",0.00511105640345495,0.746677044467027,1,1,1,"2","MAP1B"
"TJAP1",0.00511105640345495,0.543688110653891,1,1,1,"2","TJAP1"
"CD300C1",0.00514907257482945,1.36451713904399,1,1,1,"2","CD300C"
"GGT3P",0.00514947356597312,3.4806402181661,1,1,1,"2","GGT3P"
"GDF12",0.00515935349238752,0.263718495788543,1,1,1,"2","GDF1"
"HCCS1",0.00515935349238752,0.22534667319453,1,1,1,"2","HCCS"
"DOHH",0.00520063267609926,1.5115587347941,1,1,1,"2","DOHH"
"GSS",0.00520925383548179,0.620622681269055,1,1,1,"2","GSS"
"ZNF564",0.00520925383548179,0.531222030000425,1,1,1,"2","ZNF564"
"AC007969.5",0.00520955125852685,0.588584935801693,1,1,1,"2","AC007969.5"
"CUL4A",0.00520955125852685,0.487325327936173,1,1,1,"2","CUL4A"
"DUS21",0.0052568172534417,0.497741471415672,1,1,1,"2","DUS2"
"PPP1R2P3",0.00525989602343382,0.299380634506564,1,1,1,"2","PPP1R2P3"
"C3orf18",0.00529316651195001,0.398751460554474,1,1,1,"2","C3orf18"
"TMEM147",0.00530945596736882,0.795231201354438,1,1,1,"2","TMEM147"
"RNF144A1",0.00530968240526609,1.13897213644173,1,1,1,"2","RNF144A"
"RP11-274B21.4",0.00530968240526609,0.794933849097717,1,1,1,"2","RP11-274B21.4"
"APP",0.00530975788575513,0.510877542889986,1,1,1,"2","APP"
"CBX1",0.00530975788575513,0.183758825363169,1,1,1,"2","CBX1"
"DNMT1",0.00530975788575513,0.452785425386526,1,1,1,"2","DNMT1"
"IFT140",0.00530975788575513,0.128729617308213,1,1,1,"2","IFT140"
"PTMS",0.00530975788575513,1.26769210825879,1,1,1,"2","PTMS"
"ITGAE2",0.00535975073807365,0.38715461847894,1,1,1,"2","ITGAE"
"GUSBP4",0.00540251227487917,0.197589487552408,1,1,1,"2","GUSBP4"
"GFER",0.00540902088277315,2.13304820630106,1,1,1,"2","GFER"
"SPSB3",0.00540902088277315,0.259478269159992,1,1,1,"2","SPSB3"
"ARL10",0.00541093600369301,2.24682374579687,1,1,1,"2","ARL10"
"CDC42EP2",0.00541139568847674,0.474306683496463,1,1,1,"2","CDC42EP2"
"BOD1",0.00541162553896317,0.72185266442464,1,1,1,"2","BOD1"
"PIH1D1",0.00541162553896317,1.58169514083995,1,1,1,"2","PIH1D1"
"TMEM33",0.00541162553896317,0.832566608062304,1,1,1,"2","TMEM33"
"APOE1",0.00541170215699116,0.731372269322545,1,1,1,"2","APOE"
"DMPK1",0.00541170215699116,0.264529007328239,1,1,1,"2","DMPK"
"FAM63B",0.00541170215699116,0.598942935706676,1,1,1,"2","FAM63B"
"KLHL51",0.00541170215699116,0.700234532547029,1,1,1,"2","KLHL5"
"PIP5K1C1",0.00541170215699116,0.180873313508807,1,1,1,"2","PIP5K1C"
"ACSM2B",0.00546239223019705,0.793623933733882,1,1,1,"2","ACSM2B"
"HNRNPA1P34",0.00547195399823018,0.129910537229057,1,1,1,"2","HNRNPA1P34"
"RCCD1",0.00550608224914929,1.70192612694476,1,1,1,"2","RCCD1"
"NFKBIB",0.00551385498679214,1.26975485223916,1,1,1,"2","NFKBIB"
"EIF2B2",0.00551509918553801,1.02794626900289,1,1,1,"2","EIF2B2"
"MRPL44",0.00551509918553801,1.04235574603656,1,1,1,"2","MRPL44"
"GRAMD1A",0.00551541025939266,0.909327296276,1,1,1,"2","GRAMD1A"
"ICA1",0.00551541025939266,0.797601089746545,1,1,1,"2","ICA1"
"PSMA41",0.00551541025939266,0.208409302617603,1,1,1,"2","PSMA4"
"RAI14",0.00551541025939266,0.859483145347276,1,1,1,"2","RAI14"
"RUFY1",0.00551541025939266,0.935412595613968,1,1,1,"2","RUFY1"
"AC092839.1",0.0056114408903149,2.25562056513747,1,1,1,"2","AC092839.1"
"ARL6IP4",0.00562090869787131,2.05998981165327,1,1,1,"2","ARL6IP4"
"GLRX3",0.00562090869787131,0.450905675560119,1,1,1,"2","GLRX3"
"AC008753.3",0.00563729284966738,1.39389131425072,1,1,1,"2","AC008753.3"
"TDRD151",0.00565373964778473,0.957187654627285,1,1,1,"2","TDRD15"
"RP5-1022P6.31",0.00570533672649834,0.282051282020051,1,1,1,"2","RP5-1022P6.3"
"NOXRED1",0.00571061401975926,0.172192449484147,1,1,1,"2","NOXRED1"
"B3GALT2",0.0057237388644843,0.995019905077017,1,1,1,"2","B3GALT2"
"NRBP2",0.00572790384566683,0.56307848784332,1,1,1,"2","NRBP2"
"RNF44",0.00572814418364711,0.707705036219783,1,1,1,"2","RNF44"
"CDC37",0.00572822429753394,0.731732740905095,1,1,1,"2","CDC37"
"INPP5D",0.00572822429753394,0.579469651044015,1,1,1,"2","INPP5D"
"SERPINI2",0.00573787460336351,2.07444756441963,1,1,1,"2","SERPINI2"
"RP11-132A1.4",0.00574482274575142,1.48525327613666,1,1,1,"2","RP11-132A1.4"
"RP11-299L17.4",0.00575956396057759,0.746519942113812,1,1,1,"2","RP11-299L17.4"
"DAK",0.00577974756183889,1.24842476395764,1,1,1,"2","DAK"
"OSTM12",0.00578176494342969,0.423112387610406,1,1,1,"2","OSTM1"
"ZNRD1",0.00578176494342969,0.718874127325849,1,1,1,"2","ZNRD1"
"RP11-65E22.2",0.00580352474415621,0.576793139327812,1,1,1,"2","RP11-65E22.2"
"RP11-244F12.1",0.00581951149343667,1.06722174156275,1,1,1,"2","RP11-244F12.1"
"SRRD",0.00583453881924248,0.472427075748985,1,1,1,"2","SRRD"
"SEMA3D1",0.0058357581780676,1.47069889224684,1,1,1,"2","SEMA3D"
"MRFAP1",0.00583705898073274,1.52048615647266,1,1,1,"2","MRFAP1"
"FAM133B",0.00583738420611671,0.958955941512075,1,1,1,"2","FAM133B"
"FUS",0.00583738420611671,0.50531485310227,1,1,1,"2","FUS"
"HS2ST1",0.00583738420611671,0.872894868323721,1,1,1,"2","HS2ST1"
"KLHL2",0.00583738420611671,0.943382106439216,1,1,1,"2","KLHL2"
"POLR3E",0.00583738420611671,0.738370897466812,1,1,1,"2","POLR3E"
"SGOL2",0.00583738420611671,0.589546978350606,1,1,1,"2","SGOL2"
"SNORD3A",0.00583738420611671,1.11119398292272,1,1,1,"2","SNORD3A"
"SRI",0.00583738420611671,0.871510440289782,1,1,1,"2","SRI"
"TMA16",0.00583738420611671,0.164541410318389,1,1,1,"2","TMA16"
"TMSB10",0.00583738420611671,0.863498163690984,1,1,1,"2","TMSB10"
"SEPHS1P1",0.00584575225721998,1.27359723598151,1,1,1,"2","SEPHS1P1"
"GABRG3",0.00584660757263575,1.09227207738871,1,1,1,"2","GABRG3"
"RP11-693N9.2",0.00586926357032632,1.43221906983707,1,1,1,"2","RP11-693N9.2"
"IL7",0.00587915770727489,1.82144513896219,1,1,1,"2","IL7"
"PTPN5",0.00592438824797541,2.14183875014644,1,1,1,"2","PTPN5"
"TRAF3IP2-AS1",0.00594676571699987,1.27802419498362,1,1,1,"2","TRAF3IP2-AS1"
"ATP5G1",0.00594808584060968,1.50575814790198,1,1,1,"2","ATP5G1"
"DCPS",0.00594808584060968,1.1217940098987,1,1,1,"2","DCPS"
"KCTD12",0.00594841589641172,1.16751472764477,1,1,1,"2","KCTD12"
"RPL13A",0.00594841589641172,1.25401059876567,1,1,1,"2","RPL13A"
"RPS6KB1",0.00594841589641172,0.159213413001108,1,1,1,"2","RPS6KB1"
"SNORD92",0.00596688542821244,2.09409976027509,1,1,1,"2","SNORD92"
"RP11-48B14.1",0.00600173336415995,1.04002653564325,1,1,1,"2","RP11-48B14.1"
"UQCC2",0.00600173336415995,0.701982481663601,1,1,1,"2","UQCC2"
"MRPS24",0.00600455921036959,0.892978514826213,1,1,1,"2","MRPS24"
"SPRYD4",0.00604294017326126,0.547077226487245,1,1,1,"2","SPRYD4"
"CTD-2006C1.2",0.0060475390765701,0.275958635499363,1,1,1,"2","CTD-2006C1.2"
"NACAD1",0.00605841675287048,0.345039501799846,1,1,1,"2","NACAD"
"MYCBP",0.00606050982864594,1.20334750374383,1,1,1,"2","MYCBP"
"BCL2L2",0.00606101222514549,0.200783318471064,1,1,1,"2","BCL2L2"
"CCDC88A",0.00606134716868552,1.08783096066552,1,1,1,"2","CCDC88A"
"HTATSF1",0.00606134716868552,0.525209709730138,1,1,1,"2","HTATSF1"
"MORF4L1",0.00606134716868552,0.360652575071608,1,1,1,"2","MORF4L1"
"MSNP1",0.00606134716868552,0.665120517342508,1,1,1,"2","MSNP1"
"NME4",0.00606134716868552,1.67047759544689,1,1,1,"2","NME4"
"RP11-146N23.1",0.00606134716868552,0.813510428075515,1,1,1,"2","RP11-146N23.1"
"SLC24A1",0.00606134716868552,1.04459716430064,1,1,1,"2","SLC24A1"
"RP11-18B3.3",0.00610707809361131,1.75157810749689,1,1,1,"2","RP11-18B3.3"
"YRDC",0.00611145045049451,0.330756386892171,1,1,1,"2","YRDC"
"RAB39B",0.00612872003194493,2.147363518785,1,1,1,"2","RAB39B"
"ZNF280B",0.00615192955871649,1.05229982891929,1,1,1,"2","ZNF280B"
"P2RY6",0.00615752726380134,0.122696091740625,1,1,1,"2","P2RY6"
"TRAIP",0.00617144862640158,0.854208351570303,1,1,1,"2","TRAIP"
"LRRFIP1",0.0061762061530887,0.523826228092496,1,1,1,"2","LRRFIP1"
"MEF2C1",0.0061762061530887,0.608366623188683,1,1,1,"2","MEF2C"
"POTEJ",0.00619935236110671,2.32811639446183,1,1,1,"2","POTEJ"
"BCL2L12",0.00623428182197034,1.50874048701321,1,1,1,"2","BCL2L12"
"OR1Q1",0.00627784693105186,0.861249116182536,1,1,1,"2","OR1Q1"
"RP11-563H6.1",0.00627880293910205,0.57804712854824,1,1,1,"2","RP11-563H6.1"
"SCARNA18",0.00629129695060762,2.50930140311655,1,1,1,"2","SCARNA18"
"TEX30",0.00629129695060762,1.80092283347233,1,1,1,"2","TEX30"
"BCAS21",0.00629267641941382,0.713802246291666,1,1,1,"2","BCAS2"
"CARD9",0.00629267641941382,2.05974558545225,1,1,1,"2","CARD9"
"KIFC21",0.00629267641941382,1.30501340190645,1,1,1,"2","KIFC2"
"NMRAL1",0.00629267641941382,0.973842826688951,1,1,1,"2","NMRAL1"
"GIT1",0.00629302131205621,0.916182319089202,1,1,1,"2","GIT1"
"SMTN1",0.00629302131205621,1.01119450430493,1,1,1,"2","SMTN"
"DNAJC8P1",0.00633073797040793,1.02676845485604,1,1,1,"2","DNAJC8P1"
"GALNT6",0.00635130292112638,0.826540482055266,1,1,1,"2","GALNT6"
"SURF6",0.00635208458790447,3.15075951153235,1,1,1,"2","SURF6"
"BASP1",0.00641007177099815,0.629584677922136,1,1,1,"2","BASP1"
"KLHL29",0.00641007177099815,0.100163004792492,1,1,1,"2","KLHL29"
"SMARCD1",0.00641173395302803,0.397299672431078,1,1,1,"2","SMARCD1"
"ABI3",0.00641182144269766,2.20975898835365,1,1,1,"2","ABI3"
"ARF1",0.00641182144269766,0.610764366034161,1,1,1,"2","ARF1"
"GNL3L",0.00641182144269766,0.373532920808717,1,1,1,"2","GNL3L"
"TRIM37",0.00641182144269766,0.648769170393857,1,1,1,"2","TRIM37"
"ABHD17AP3",0.00648302547102333,0.494076312022356,1,1,1,"2","ABHD17AP3"
"NFKBIE",0.00653086040233591,0.99246968860445,1,1,1,"2","NFKBIE"
"CEP851",0.00653228060317064,0.68328958853084,1,1,1,"2","CEP85"
"KIAA1524",0.00653228060317064,0.897624309426586,1,1,1,"2","KIAA1524"
"DOCK61",0.00653263567917685,0.557248796754227,1,1,1,"2","DOCK6"
"G3BP1",0.00653263567917685,0.609247659611636,1,1,1,"2","G3BP1"
"SFI1",0.00653263567917685,0.877142573213682,1,1,1,"2","SFI1"
"CDK19",0.00659291315660247,0.288883404246505,1,1,1,"2","CDK19"
"IGF21",0.00659291315660247,0.589161220298394,1,1,1,"2","IGF2"
"SAP30",0.00659291315660247,0.885050936503845,1,1,1,"2","SAP30"
"CTD-2073O6.1",0.00662976134079927,0.489147350146888,1,1,1,"2","CTD-2073O6.1"
"RGAG1",0.00663339069868464,1.45429138265667,1,1,1,"2","RGAG1"
"TMEM9",0.00665045084867826,0.891965157446316,1,1,1,"2","TMEM9"
"ASB1",0.00665369231615979,0.871263800079541,1,1,1,"2","ASB1"
"LYSMD1",0.00665369231615979,0.848073792301989,1,1,1,"2","LYSMD1"
"RPL12P4",0.00665513323851658,0.53057953367489,1,1,1,"2","RPL12P4"
"RRP12",0.00665540342996529,1.31893963069163,1,1,1,"2","RRP12"
"ALDOA1",0.00665549349508023,0.716466762169688,1,1,1,"2","ALDOA"
"ARAP31",0.00665549349508023,0.44412002570397,1,1,1,"2","ARAP3"
"C17orf76-AS1",0.00665549349508023,1.12128294826681,1,1,1,"2","C17orf76-AS1"
"CDH51",0.00665549349508023,0.498888045044186,1,1,1,"2","CDH5"
"RNF2",0.00665549349508023,0.343731535993101,1,1,1,"2","RNF2"
"HCN1",0.00675372865092542,2.93521976555776,1,1,1,"2","HCN1"
"DKK11",0.00676037443291384,0.464338510838489,1,1,1,"2","DKK1"
"TATDN2P2",0.00677859732579867,0.915932557014697,1,1,1,"2","TATDN2P2"
"MTX3",0.00677951098309786,0.983351496989256,1,1,1,"2","MTX3"
"TXN1",0.00678033333056382,1.06554165044841,1,1,1,"2","TXN"
"HIST1H2BK",0.00678042470577325,0.704280383351406,1,1,1,"2","HIST1H2BK"
"SACS",0.00678042470577325,0.921304944465223,1,1,1,"2","SACS"
"SPAG5",0.00678042470577325,0.600929131545154,1,1,1,"2","SPAG5"
"HSPA8P9",0.00680220863361489,0.333600212960262,1,1,1,"2","HSPA8P9"
"RPS24P17",0.0068870812492273,1.20638853635539,1,1,1,"2","RPS24P17"
"MRPL50",0.00690421534995734,0.812959947812379,1,1,1,"2","MRPL50"
"SDF2L1",0.00690421534995734,0.611685079186895,1,1,1,"2","SDF2L1"
"LRRN3",0.00690560558871578,0.641439623777446,1,1,1,"2","LRRN3"
"MPP6",0.00690560558871578,1.12450594679072,1,1,1,"2","MPP6"
"PEX11A1",0.00690560558871578,0.206404276500406,1,1,1,"2","PEX11A"
"PSMD71",0.00690736677039056,0.757100090821316,1,1,1,"2","PSMD7"
"DPM1",0.00690745947074423,0.522705524321884,1,1,1,"2","DPM1"
"GNA13",0.00690745947074423,0.625967499425322,1,1,1,"2","GNA13"
"AC008155.1",0.00695637832119319,1.47673377948837,1,1,1,"2","AC008155.1"
"RP1-159M24.1",0.00695637832119319,0.571888955790113,1,1,1,"2","RP1-159M24.1"
"APCDD1L",0.00696011152320784,2.12479935129326,1,1,1,"2","APCDD1L"
"AL589743.1",0.007002441276531,2.34431180116447,1,1,1,"2","AL589743.1"
"RP11-378G13.21",0.00701523836692021,0.280036595091612,1,1,1,"2","RP11-378G13.2"
"TIMMDC1",0.00703625213731672,0.190382904729121,1,1,1,"2","TIMMDC1"
"AARS",0.00703662829593499,0.468063073849272,1,1,1,"2","AARS"
"AP2B1",0.00703662829593499,0.252269579110685,1,1,1,"2","AP2B1"
"FAM53C",0.00703662829593499,0.435077574918731,1,1,1,"2","FAM53C"
"MAZ",0.00703662829593499,0.906093116269362,1,1,1,"2","MAZ"
"RP11-572P18.1",0.00703662829593499,1.52458457587213,1,1,1,"2","RP11-572P18.1"
"LSM3",0.00710107547434944,0.530546393184322,1,1,1,"2","LSM3"
"TXLNG",0.00710107547434944,1.39033599455408,1,1,1,"2","TXLNG"
"PITPNC1",0.00710192789301516,0.424162041400354,1,1,1,"2","PITPNC1"
"TUBAL31",0.00710592352229765,0.18063483715448,1,1,1,"2","TUBAL3"
"C11orf91",0.00711932973614029,2.78215020944191,1,1,1,"2","C11orf91"
"MED7",0.00714699093864129,0.366305758312247,1,1,1,"2","MED7"
"RP6-145B8.3",0.00715304441706137,0.634689856789002,1,1,1,"2","RP6-145B8.3"
"CDKN3",0.00715995108035534,1.06373254412156,1,1,1,"2","CDKN3"
"SNORA27",0.00716786663986427,2.35225840806319,1,1,1,"2","SNORA27"
"HNRNPA1P10",0.00716796203605752,1.85148057130369,1,1,1,"2","HNRNPA1P10"
"PEX6",0.00716796203605752,0.800679917696527,1,1,1,"2","PEX6"
"PSMC4",0.00716796203605752,0.533732813229115,1,1,1,"2","PSMC4"
"RP11-121L10.31",0.00716796203605752,1.20663664817226,1,1,1,"2","RP11-121L10.3"
"RPS12",0.00716796203605752,0.756352064458628,1,1,1,"2","RPS12"
"SEPT10",0.00716796203605752,0.788820866934167,1,1,1,"2","SEPT10"
"COL9A3",0.00723108809522132,4.65574242319796,1,1,1,"2","COL9A3"
"ARHGAP25",0.00723435440753368,0.413390492447387,1,1,1,"2","ARHGAP25"
"PABPN1L",0.00727027998570897,0.416944059233325,1,1,1,"2","PABPN1L"
"LINC00537",0.00728021930597784,0.954985713805122,1,1,1,"2","LINC00537"
"CTC-338M12.9",0.00728040692108142,1.02025882562223,1,1,1,"2","CTC-338M12.9"
"RP11-58H15.1",0.00729607397345344,1.6926842708388,1,1,1,"2","RP11-58H15.1"
"SEC63P11",0.0072995566826413,0.968167224646699,1,1,1,"2","SEC63P1"
"ABCD4",0.00730149189689612,0.715129790364967,1,1,1,"2","ABCD4"
"GTF3C41",0.00730149189689612,0.253410048322419,1,1,1,"2","GTF3C4"
"UNC13A",0.00738238925906017,0.932138463694658,1,1,1,"2","UNC13A"
"KIRREL3",0.00742106325963182,0.443300327883998,1,1,1,"2","KIRREL3"
"MTFR2",0.00743175388549144,0.783180493924288,1,1,1,"2","MTFR2"
"TUBBP1",0.00743175388549144,0.777372737845578,1,1,1,"2","TUBBP1"
"ERGIC2",0.00743715128416313,0.382705202989923,1,1,1,"2","ERGIC2"
"ADRM1",0.00743724943759418,0.833343938589223,1,1,1,"2","ADRM1"
"DHX38",0.00743724943759418,0.813118990090114,1,1,1,"2","DHX38"
"LYPLA2",0.00743724943759418,0.640797134845961,1,1,1,"2","LYPLA2"
"AC073869.20",0.00753286603031444,1.6781193663364,1,1,1,"2","AC073869.20"
"OR9A2",0.00755453475783011,1.39468989289349,1,1,1,"2","OR9A2"
"HNRNPA1P26",0.00756332478683166,1.50489383160142,1,1,1,"2","HNRNPA1P26"
"CLIC2",0.00757327559563147,1.20848346397391,1,1,1,"2","CLIC2"
"LRFN4",0.00757327559563147,2.31751738296333,1,1,1,"2","LRFN4"
"GALK2",0.00757486835572068,0.116180649192506,1,1,1,"2","GALK2"
"PCNA",0.00757486835572068,0.810350306387711,1,1,1,"2","PCNA"
"ARMCX1",0.00757526657292515,0.570197768083702,1,1,1,"2","ARMCX1"
"ATG3",0.00757526657292515,0.704420547459584,1,1,1,"2","ATG3"
"CTTN",0.00757526657292515,0.827482075167573,1,1,1,"2","CTTN"
"OTUB11",0.00757526657292515,0.405074903827941,1,1,1,"2","OTUB1"
"POLDIP2",0.00757526657292515,0.673620862563903,1,1,1,"2","POLDIP2"
"TMSB4XP1",0.00757526657292515,2.13150507157811,1,1,1,"2","TMSB4XP1"
"RP11-134K13.2",0.00761648537801516,0.980130541701696,1,1,1,"2","RP11-134K13.2"
"LZTS3",0.00763671291755698,1.48428175159785,1,1,1,"2","LZTS3"
"FILIP1",0.00764503229761697,0.806167579781707,1,1,1,"2","FILIP1"
"MAGED4",0.00766669211948065,1.14525393050693,1,1,1,"2","MAGED4"
"CPNE7",0.00769337802159569,3.66883273747606,1,1,1,"2","CPNE7"
"GPRIN11",0.00769892430676522,0.793928792649673,1,1,1,"2","GPRIN1"
"ZNF691",0.00770992214875108,1.59570211262515,1,1,1,"2","ZNF691"
"TFB2M",0.00771204193251177,1.32395970382865,1,1,1,"2","TFB2M"
"C1orf131",0.00771355624839168,0.593545634027612,1,1,1,"2","C1orf131"
"CUEDC2",0.00771517168823593,1.55522894788196,1,1,1,"2","CUEDC2"
"NUMBL",0.00771517168823593,0.629832453410055,1,1,1,"2","NUMBL"
"RHPN1",0.00771547460269339,2.27979692214688,1,1,1,"2","RHPN1"
"HEXIM1",0.00771557557554666,0.199585615095373,1,1,1,"2","HEXIM1"
"LRRFIP21",0.00771557557554666,0.22271504958718,1,1,1,"2","LRRFIP2"
"NFATC2IP",0.00771557557554666,0.735443395105134,1,1,1,"2","NFATC2IP"
"IRS41",0.00771930214002383,0.571754814314183,1,1,1,"2","IRS4"
"ACP2",0.00778558286640684,1.50648731986348,1,1,1,"2","ACP2"
"STYX",0.00778558286640684,0.385385821849132,1,1,1,"2","STYX"
"ZNF6001",0.00778558286640684,0.383306335062445,1,1,1,"2","ZNF600"
"RP11-21G15.1",0.00780096936155587,1.14638564549743,1,1,1,"2","RP11-21G15.1"
"OR7E47P",0.00782783159299602,1.76975486446775,1,1,1,"2","OR7E47P"
"IBA57",0.00785616108641739,0.58202077281747,1,1,1,"2","IBA57"
"RNF138",0.0078581066721114,1.16791337003266,1,1,1,"2","RNF138"
"DCTN1",0.00785820907823736,0.566988594663261,1,1,1,"2","DCTN1"
"FOXK2",0.00785820907823736,0.434461174570966,1,1,1,"2","FOXK2"
"PKIG",0.00785820907823736,0.848898699556631,1,1,1,"2","PKIG"
"TXNDC5",0.00785820907823736,0.230601981062303,1,1,1,"2","TXNDC5"
"UNC45A",0.00785820907823736,1.11628442747514,1,1,1,"2","UNC45A"
"SLC6A7",0.00787256329856224,1.72418204820016,1,1,1,"2","SLC6A7"
"RP11-164H5.1",0.00787910603824342,3.16688690032768,1,1,1,"2","RP11-164H5.1"
"EEF1B2P21",0.00788525478205899,0.193189991293865,1,1,1,"2","EEF1B2P2"
"SERTAD3",0.00792174740881852,0.223219822779974,1,1,1,"2","SERTAD3"
"USHBP11",0.00792937655797011,0.79241843775417,1,1,1,"2","USHBP1"
"PNKD",0.00793030468517433,1.00593908737874,1,1,1,"2","PNKD"
"RBMXL3",0.00793810503193971,1.63129133521437,1,1,1,"2","RBMXL3"
"RP11-603B24.1",0.00796544250160538,2.67902129534647,1,1,1,"2","RP11-603B24.1"
"DLX4",0.00796825578700087,2.2061492850312,1,1,1,"2","DLX4"
"SSX1",0.007977823288429,4.11472205008102,1,1,1,"2","SSX1"
"HS3ST5",0.00799686909052345,1.26013711194908,1,1,1,"2","HS3ST5"
"TRMT10C",0.00800216155491497,0.652228082080759,1,1,1,"2","TRMT10C"
"CCM2L",0.00800278465933135,1.20794806312944,1,1,1,"2","CCM2L"
"SPCS2",0.0080030962208816,0.410135397943323,1,1,1,"2","SPCS2"
"FUCA2",0.00800320007611567,0.632477636067511,1,1,1,"2","FUCA2"
"MRPL111",0.00800320007611567,0.865234430794851,1,1,1,"2","MRPL11"
"RP11-550F7.1",0.00805934278819807,1.05989787855171,1,1,1,"2","RP11-550F7.1"
"RAC1P2",0.00807648546058769,0.508429955640327,1,1,1,"2","RAC1P2"
"OASL",0.00809171157578264,0.966579707647101,1,1,1,"2","OASL"
"SHH1",0.00810896073241521,1.36128116929477,1,1,1,"2","SHH"
"RP4-604A21.1",0.00813321350304202,0.480388724914118,1,1,1,"2","RP4-604A21.1"
"FRK",0.0081446850655904,0.847067893275618,1,1,1,"2","FRK"
"SNORD116-20",0.00815016065192683,1.2897107381954,1,1,1,"2","SNORD116-20"
"RPRD1A",0.00815047660856732,0.357009579441312,1,1,1,"2","RPRD1A"
"SREK1IP1",0.00815047660856732,0.609475486782264,1,1,1,"2","SREK1IP1"
"HLA-E",0.00815058192883962,0.915110050400536,1,1,1,"2","HLA-E"
"RPL4P5",0.00815058192883962,0.988888813175199,1,1,1,"2","RPL4P5"
"SCCPDH",0.00815058192883962,0.553185907517889,1,1,1,"2","SCCPDH"
"SNORA66",0.00815058192883962,1.53410121015254,1,1,1,"2","SNORA66"
"PGAM5",0.00821627344586336,0.592193625567521,1,1,1,"2","PGAM5"
"RP11-424C20.2",0.00821627344586336,0.72572817887187,1,1,1,"2","RP11-424C20.2"
"SNHG11",0.00822411939434638,1.67283580036468,1,1,1,"2","SNHG11"
"TPST2",0.00829825246912002,1.40205789973396,1,1,1,"2","TPST2"
"ENTPD6",0.00829996116164993,1.00749246252753,1,1,1,"2","ENTPD6"
"RPUSD4",0.00829996116164993,0.857264057680917,1,1,1,"2","RPUSD4"
"TOPBP1",0.00830028156145279,0.495147641663632,1,1,1,"2","TOPBP1"
"BLVRA",0.00830038836278728,0.391461138599112,1,1,1,"2","BLVRA"
"MAPK9",0.00830038836278728,0.772360582644492,1,1,1,"2","MAPK9"
"RABL6",0.00830038836278728,1.14329058803278,1,1,1,"2","RABL6"
"FGF23",0.00837329764720493,1.70669070569119,1,1,1,"2","FGF23"
"NDUFB3",0.00837513599057878,0.55990378840681,1,1,1,"2","NDUFB3"
"PLEKHA8P1",0.00837513599057878,1.56054736223729,1,1,1,"2","PLEKHA8P1"
"SYT6",0.00839247131141479,1.63004553206128,1,1,1,"2","SYT6"
"RPS4XP1",0.00842170880125035,0.304541467743151,1,1,1,"2","RPS4XP1"
"RTN4RL2",0.00842884476534748,1.41002406894039,1,1,1,"2","RTN4RL2"
"SRP72P1",0.00843329592675011,4.88207747458949,1,1,1,"2","SRP72P1"
"SLCO4A11",0.00843966267941399,2.0157433096226,1,1,1,"2","SLCO4A1"
"AP001468.1",0.00845048763672706,0.152138574996727,1,1,1,"2","AP001468.1"
"C19orf53",0.00845048763672706,0.744516208420682,1,1,1,"2","C19orf53"
"PACSIN3",0.00845157051976582,1.18295264793793,1,1,1,"2","PACSIN3"
"EIF4A3",0.00845222028338701,0.546826700396467,1,1,1,"2","EIF4A3"
"DNAJC8",0.00845265347321672,0.777345708935623,1,1,1,"2","DNAJC8"
"HSPA14",0.00845265347321672,0.359476546688718,1,1,1,"2","HSPA14"
"SLC30A9",0.00845265347321672,0.325878532984913,1,1,1,"2","SLC30A9"
"SNORA26",0.00845265347321672,3.24111864794959,1,1,1,"2","SNORA26"
"TPGS2",0.00845265347321672,0.686184544210324,1,1,1,"2","TPGS2"
"TRIP6",0.00845265347321672,0.918627243742785,1,1,1,"2","TRIP6"
"CDK51",0.00852590234725587,1.15504882875189,1,1,1,"2","CDK5"
"IQCJ-SCHIP11",0.00852590234725587,0.991124636936899,1,1,1,"2","IQCJ-SCHIP1"
"C9orf114",0.008529609735097,1.64521321139554,1,1,1,"2","C9orf114"
"PLEKHH3",0.008529609735097,0.504361274597487,1,1,1,"2","PLEKHH3"
"RP11-206L10.11",0.00853930056042895,1.76722105969599,1,1,1,"2","RP11-206L10.11"
"TAT",0.00855785540982084,0.752761041146162,1,1,1,"2","TAT"
"OR1L4",0.00856748698801348,0.326491082666799,1,1,1,"2","OR1L4"
"RP11-206L10.8",0.00857892305611468,1.12590745270524,1,1,1,"2","RP11-206L10.8"
"RPP40",0.00860126335038169,1.96321359979464,1,1,1,"2","RPP40"
"MYT1",0.00860670326041736,0.202947527598447,1,1,1,"2","MYT1"
"GPM6B",0.00860697248304732,0.901192358933374,1,1,1,"2","GPM6B"
"EIF4E3",0.00860730191450352,0.496186376833078,1,1,1,"2","EIF4E3"
"TPD52",0.00860730191450352,0.921167526138298,1,1,1,"2","TPD52"
"EHD1",0.00860741172640504,0.919338960184771,1,1,1,"2","EHD1"
"EIF5A",0.00860741172640504,0.921721793250867,1,1,1,"2","EIF5A"
"MSN",0.00860741172640504,1.12399656590521,1,1,1,"2","MSN"
"PUF60",0.00860741172640504,0.875738671375823,1,1,1,"2","PUF60"
"SCN5A",0.00860741172640504,0.849932344732057,1,1,1,"2","SCN5A"
"PMF1",0.00868463093914559,0.789728178492728,1,1,1,"2","PMF1"
"TNFRSF12A",0.00875846392924768,2.83394190548877,1,1,1,"2","TNFRSF12A"
"NUDT191",0.00876080142977296,0.386683895508508,1,1,1,"2","NUDT19"
"APRT",0.00876469796176559,1.55762980015617,1,1,1,"2","APRT"
"ASCC1",0.00876469796176559,0.680423076363418,1,1,1,"2","ASCC1"
"NSUN21",0.00876469796176559,0.550004646545272,1,1,1,"2","NSUN2"
"RP11-366L20.2",0.00879632069255316,1.45700647993558,1,1,1,"2","RP11-366L20.2"
"RP11-393I2.2",0.00882566697253939,0.190135858650068,1,1,1,"2","RP11-393I2.2"
"C1orf222",0.00885682456493251,0.302662969365299,1,1,1,"2","C1orf222"
"CCDC167",0.00891822678702971,0.417748763939921,1,1,1,"2","CCDC167"
"SLC35C1",0.0089222897766143,1.02931162966328,1,1,1,"2","SLC35C1"
"TMEM192",0.0089233056689775,0.925078394521465,1,1,1,"2","TMEM192"
"FAM220A",0.00892409584756991,0.272787268239124,1,1,1,"2","FAM220A"
"GEMIN5",0.00892454739394257,0.769158750993293,1,1,1,"2","GEMIN5"
"HNRNPH3",0.00892454739394257,0.544562313943203,1,1,1,"2","HNRNPH3"
"NKAP",0.00892454739394257,1.09604925240169,1,1,1,"2","NKAP"
"ICOS",0.00893541365074669,0.645421367959605,1,1,1,"2","ICOS"
"RAB11FIP1P1",0.00897296494855954,0.474685400265932,1,1,1,"2","RAB11FIP1P1"
"AC007952.5",0.0089764311769959,1.50953845277457,1,1,1,"2","AC007952.5"
"SLC35B4",0.00900430778002732,0.626692821203996,1,1,1,"2","SLC35B4"
"RACGAP1",0.00900533074964622,0.780306139456494,1,1,1,"2","RACGAP1"
"HHIPL21",0.00900790975144839,1.01847919014545,1,1,1,"2","HHIPL2"
"AK4",0.00906812106639753,0.868604133376042,1,1,1,"2","AK4"
"NMD3P1",0.00907425198293503,0.698499371619485,1,1,1,"2","NMD3P1"
"NKIRAS1",0.00908058751069169,0.122384420932258,1,1,1,"2","NKIRAS1"
"BCAP29",0.00908699561488233,0.544486198490478,1,1,1,"2","BCAP29"
"HM13",0.00908699561488233,0.434148859564154,1,1,1,"2","HM13"
"SUMO1",0.00908699561488233,0.117562504264477,1,1,1,"2","SUMO1"
"KCNS2",0.00911647063021612,1.68640368646029,1,1,1,"2","KCNS2"
"GPR179",0.00911684689707903,0.808279018308829,1,1,1,"2","GPR179"
"STX19",0.00911684689707903,2.46341295635961,1,1,1,"2","STX19"
"CDCP11",0.00916517260682489,0.137353085000262,1,1,1,"2","CDCP1"
"MYBPC3",0.00918721545380356,0.895116446385099,1,1,1,"2","MYBPC3"
"HNRNPA1P14",0.00924975814640649,0.571414613484173,1,1,1,"2","HNRNPA1P14"
"SARS2",0.00924975814640649,0.657516362330712,1,1,1,"2","SARS2"
"WASH3P",0.00925161448283603,0.182488489773162,1,1,1,"2","WASH3P"
"ACTBP2",0.00925207859588058,1.66872526083948,1,1,1,"2","ACTBP2"
"PTPN18",0.00925207859588058,0.531484861666826,1,1,1,"2","PTPN18"
"RPL19",0.00925207859588058,0.877927528697143,1,1,1,"2","RPL19"
"GBGT1",0.00933445124782213,0.894699617327953,1,1,1,"2","GBGT1"
"FAM107A1",0.00934001558835848,0.491073059460657,1,1,1,"2","FAM107A"
"SNAP29",0.00941748032531056,2.00140048886415,1,1,1,"2","SNAP29"
"CLEC2B",0.0094186564711,1.27443995176447,1,1,1,"2","CLEC2B"
"KIAA1456",0.0094186564711,1.80051190221072,1,1,1,"2","KIAA1456"
"KPNA5",0.0094186564711,0.177623173564408,1,1,1,"2","KPNA5"
"CAPN15",0.0094198326896046,1.11865086259032,1,1,1,"2","CAPN15"
"PRPF6",0.0094198326896046,0.409255166639568,1,1,1,"2","PRPF6"
"RBM3",0.0094198326896046,0.571529731242087,1,1,1,"2","RBM3"
"STX101",0.0094198326896046,0.69301332793461,1,1,1,"2","STX10"
"UBE2O",0.0094198326896046,0.564432761863509,1,1,1,"2","UBE2O"
"FAXC1",0.00948162387324273,0.135328114475531,1,1,1,"2","FAXC"
"ASF1B",0.0095562224602221,1.71520599607188,1,1,1,"2","ASF1B"
"KLRC3",0.00956026789535301,0.97240192595487,1,1,1,"2","KLRC3"
"MROH61",0.00957063031123705,1.86698470634563,1,1,1,"2","MROH6"
"C19orf26",0.00957599133409454,1.50079586126909,1,1,1,"2","C19orf26"
"TMEM14A",0.00958361844986424,0.418668012730512,1,1,1,"2","TMEM14A"
"GPR137C",0.00958791001818762,1.0826289530643,1,1,1,"2","GPR137C"
"RPL37AP1",0.00958791001818762,0.619749503482209,1,1,1,"2","RPL37AP1"
"PHF16",0.00958981768592342,0.154040728174191,1,1,1,"2","PHF16"
"NRROS",0.00959017539445212,0.669389133690435,1,1,1,"2","NRROS"
"C6orf62",0.00959029463208994,0.438489818818336,1,1,1,"2","C6orf62"
"CIAO1",0.00959029463208994,0.921506243296072,1,1,1,"2","CIAO1"
"COG21",0.00959029463208994,0.125441865762122,1,1,1,"2","COG2"
"RPL38",0.00959029463208994,0.202229221151889,1,1,1,"2","RPL38"
"PRR19",0.00965966652041968,0.611061824855337,1,1,1,"2","PRR19"
"CCDC149",0.00967535216291991,1.07563569529347,1,1,1,"2","CCDC149"
"ELF41",0.00967643258174285,0.426097131856798,1,1,1,"2","ELF4"
"PTPMT1",0.00974356843193052,0.363822188266726,1,1,1,"2","PTPMT1"
"RNF26",0.00976301808121128,1.35597218714496,1,1,1,"2","RNF26"
"CERK",0.00976350154471039,0.404310246816292,1,1,1,"2","CERK"
"PAK2",0.00976350154471039,0.249012842893134,1,1,1,"2","PAK2"
"YARS",0.00976350154471039,1.01707972935748,1,1,1,"2","YARS"
"AQP91",0.00982112209727665,0.237267664405429,1,1,1,"2","AQP9"
"RP11-138H8.21",0.00992479461933436,0.218050511415404,1,1,1,"2","RP11-138H8.2"
"FANCB",0.00993263133225983,1.2978976687457,1,1,1,"2","FANCB"
"STRCP11",0.0099339174339319,0.255836229837163,1,1,1,"2","STRCP1"
"CCNB1IP1",0.00993704081190857,0.928220951276206,1,1,1,"2","CCNB1IP1"
"GID81",0.00993936842289945,0.316039592256114,1,1,1,"2","GID8"
"GMCL1",0.00993936842289945,1.01267261077546,1,1,1,"2","GMCL1"
"RPL21P75",0.00993936842289945,0.735478993894812,1,1,1,"2","RPL21P75"
"RNF220",0.00993949093612091,1.12440975711202,1,1,1,"2","RNF220"
"RPL18AP3",0.00993949093612091,0.788743000821906,1,1,1,"2","RPL18AP3"
"RRP9",0.00993949093612091,1.65902792302807,1,1,1,"2","RRP9"
"FAM19A2",0.00997526591434007,0.901002697826039,1,1,1,"2","FAM19A2"
"KLRF21",3.89456828426866e-11,2.0315903067762,1,1,8.26583172653181e-07,"3","KLRF2"
"CLEC2A1",3.23432523023814e-10,2.7060451397873,1,1,6.86453186865743e-06,"3","CLEC2A"
"LCE5A1",2.4466976659825e-09,2.38862549339645,1,1,5.19287112628126e-05,"3","LCE5A"
"CDHR11",3.71337820427341e-09,2.65574413004123,1,1,7.88127390074988e-05,"3","CDHR1"
"LAMB41",4.04684263143494e-09,3.15160837179162,1,1,8.58901880095752e-05,"3","LAMB4"
"C1orf681",8.1757140591119e-09,2.13765120406561,1,1,0.000173521355190591,"3","C1orf68"
"GDPD21",8.89300877624939e-09,2.90046128683044,1,1,0.000188745218267117,"3","GDPD2"
"FGFR31",1.03843786278125e-08,2.34426401648791,1,1,0.000220398051996693,"3","FGFR3"
"RP11-488I20.71",1.18540905033112e-08,1.22398712561438,1,1,0.000251591216842276,"3","RP11-488I20.7"
"CHP21",1.8298465666618e-08,2.37777821053888,1,1,0.0003883666353083,"3","CHP2"
"CDON1",1.95853432721808e-08,1.85112046750233,1,1,0.000415679325608765,"3","CDON"
"CXCL141",2.19611893831979e-08,2.32137371259665,1,1,0.000466104283468993,"3","CXCL14"
"EXPH51",2.47365086788062e-08,2.30805691395605,1,1,0.000525007660198984,"3","EXPH5"
"CTC-321K16.41",3.37605575033882e-08,2.37584231479461,1,1,0.000716534072451911,"3","CTC-321K16.4"
"KRT771",3.4261354780699e-08,2.30578798693375,1,1,0.000727162993865554,"3","KRT77"
"SERPINA121",3.87557817592768e-08,1.6302225948858,1,1,0.000822552712058891,"3","SERPINA12"
"FLG21",3.93861796241657e-08,1.97668958528771,1,1,0.000835932276343293,"3","FLG2"
"GSTA31",5.21148478321444e-08,1.02431857103459,1,1,0.00110608553038943,"3","GSTA3"
"KRT21",5.5029996848606e-08,1.48778619628562,1,1,0.00116795665311481,"3","KRT2"
"LMO1",5.65831348524966e-08,1.1398570627214,1,1,0.00120092045410939,"3","LMO1"
"COL6A5",5.89565070056957e-08,2.25363177906621,1,1,0.00125129290468889,"3","COL6A5"
"SYT8",6.14074087935363e-08,2.30215369661639,1,1,0.00130331084423401,"3","SYT8"
"KRT11",6.15879925264235e-08,1.43990936076921,1,1,0.00130714355338081,"3","KRT1"
"KRT101",6.22379256768279e-08,1.34099278226347,1,1,0.001320937734565,"3","KRT10"
"COL17A11",6.22659127376358e-08,1.79179403075764,1,1,0.00132153173194358,"3","COL17A1"
"RORA1",6.46687042295738e-08,2.08773388518764,1,1,0.00137252857856848,"3","RORA"
"DSC11",7.71587132661761e-08,1.00451424770539,1,1,0.00163761653036132,"3","DSC1"
"SERPINB71",1.32162475522893e-07,1.65374708682869,1,1,0.00280501638049787,"3","SERPINB7"
"PKP11",1.52203279027962e-07,1.04889187096975,1,1,0.00323036239408947,"3","PKP1"
"EPPK11",1.64242786064187e-07,1.17992334755002,1,1,0.0034858888914263,"3","EPPK1"
"DSG11",1.73776030775763e-07,0.803764245453056,1,1,0.00368822247718479,"3","DSG1"
"BTC",1.80400772473378e-07,2.12813269525877,1,1,0.00382882599497497,"3","BTC"
"CCL271",1.99211372025084e-07,1.84843101234756,1,1,0.00422806215986038,"3","CCL27"
"DSC31",2.17157232802567e-07,1.73002021592228,1,1,0.00460894510900168,"3","DSC3"
"FAM25HP1",2.59328366577565e-07,0.972072190570289,1,1,0.00550398525224223,"3","FAM25HP"
"WNT7B",2.73666692610004e-07,0.97490524915413,1,1,0.00580830188395473,"3","WNT7B"
"SCEL1",2.74929232309281e-07,1.93352132460116,1,1,0.00583509802653217,"3","SCEL"
"DSP1",2.83510006191615e-07,1.13098522394318,1,1,0.00601721637141083,"3","DSP"
"IL371",2.99595770738551e-07,2.11645350153411,1,1,0.00635862063815501,"3","IL37"
"FBXW7",3.04668857198864e-07,1.97028753550085,1,1,0.00646629182518869,"3","FBXW7"
"AHNAK21",3.04682526937117e-07,1.22948032672424,1,1,0.00646658195171337,"3","AHNAK2"
"XG1",3.13508671004156e-07,3.1121819979999,1,1,0.00665390803339221,"3","XG"
"FAM83C1",3.29899814897878e-07,0.82309867520596,1,1,0.00700179367139256,"3","FAM83C"
"MRGPRX21",3.32146652853628e-07,1.03523965213929,1,1,0.0070494805601654,"3","MRGPRX2"
"POU2F31",3.43567027619308e-07,1.53407669497961,1,1,0.0072918665941922,"3","POU2F3"
"FAM83B1",3.55561625378879e-07,0.971360498177312,1,1,0.00754643993704132,"3","FAM83B"
"GATA31",3.77430451920192e-07,2.00885046674644,1,1,0.00801058391155416,"3","GATA3"
"PRODH1",3.81925632466783e-07,1.5408522243517,1,1,0.00810598962347501,"3","PRODH"
"GPR1151",3.97491689287859e-07,1.3315618856519,1,1,0.00843636361344553,"3","GPR115"
"LOR1",4.41228970930609e-07,0.999070609715575,1,1,0.00936464367903125,"3","LOR"
"LCE2C1",4.50622449368558e-07,0.830855348805006,1,1,0.00956401086539828,"3","LCE2C"
"KPRP1",4.61016971508094e-07,1.64169332853147,1,1,0.00978462420328779,"3","KPRP"
"FLG1",4.67624863207244e-07,1.32131491426348,1,1,0.00992487009671055,"3","FLG"
"DMKN1",4.97162006156503e-07,0.740482467371841,1,1,0.0105517664186656,"3","DMKN"
"LCE2D1",5.44955534696047e-07,1.15055630630601,1,1,0.0115661362683889,"3","LCE2D"
"ZNF2731",5.98580440121333e-07,1.49349111980712,1,1,0.0127042712611352,"3","ZNF273"
"KRT141",6.18511971122397e-07,1.35855175705333,1,1,0.0131272980751017,"3","KRT14"
"WNT161",6.21065501872461e-07,1.62160824252257,1,1,0.0131814942117411,"3","WNT16"
"IL36B1",6.28159950531817e-07,0.62929636350459,1,1,0.0133320667900873,"3","IL36B"
"LCE1C1",7.29803723260861e-07,0.403160521813138,1,1,0.0154893542224885,"3","LCE1C"
"CCL131",7.5468497762593e-07,1.55133561671005,1,1,0.0160174339651327,"3","CCL13"
"KRT351",7.65835016768553e-07,0.967590771793647,1,1,0.0162540823958958,"3","KRT35"
"KRT51",7.90514943370967e-07,1.2595710748886,1,1,0.0167778891581054,"3","KRT5"
"SH3RF21",8.16794101148139e-07,1.05241942594496,1,1,0.0173356380027681,"3","SH3RF2"
"DKK2",8.45742071951346e-07,0.926934032549056,1,1,0.0179500297350954,"3","DKK2"
"LCE6A1",8.66476571686643e-07,0.853887372501953,1,1,0.0183900987574773,"3","LCE6A"
"WFDC51",8.77217340616144e-07,1.65839913640338,1,1,0.018618060837237,"3","WFDC5"
"SBSN1",9.01215727697151e-07,0.906150581358286,1,1,0.0191274026046443,"3","SBSN"
"KLF51",9.09311701919133e-07,1.86368786026518,1,1,0.0192992315615317,"3","KLF5"
"MMP271",9.13791164815844e-07,1.437268418645,1,1,0.0193943036820515,"3","MMP27"
"LRP4",9.41292130598399e-07,1.36984743489766,1,1,0.0199779841798204,"3","LRP4"
"CYP4F121",9.65724922874293e-07,1.48176074877975,1,1,0.020496545763084,"3","CYP4F12"
"GAN1",1.00853231521881e-06,1.5591396684688,1,1,0.0214050898582041,"3","GAN"
"CNTNAP31",1.04386314387893e-06,1.55200647735007,1,1,0.0221549513656864,"3","CNTNAP3"
"FAT21",1.08056011238407e-06,1.18216250413213,1,1,0.0229338078252395,"3","FAT2"
"RAPGEFL11",1.11813222457548e-06,1.71905366741382,1,1,0.0237312383343899,"3","RAPGEFL1"
"SERPINB121",1.19791258475942e-06,1.23491051214694,1,1,0.025424496698934,"3","SERPINB12"
"FOXN11",1.26279653848926e-06,1.11772425157274,1,1,0.0268015937328961,"3","FOXN1"
"HOPX1",1.27623566034856e-06,1.13069317558585,1,1,0.0270868256552379,"3","HOPX"
"IL20RB1",1.32055061028319e-06,1.43993297985439,1,1,0.0280273661526505,"3","IL20RB"
"MYCL1",1.36634361232835e-06,0.916457980374208,1,1,0.0289992768280569,"3","MYCL"
"LGALS7B1",1.58507477027392e-06,1.00745367522924,1,1,0.0336416269242938,"3","LGALS7B"
"RGS7",1.59686017292325e-06,1.06714421389558,1,1,0.0338917603101231,"3","RGS7"
"TRIM291",1.76844303012033e-06,0.432778627500475,1,1,0.0375334348712739,"3","TRIM29"
"ALOXE31",1.81126962907904e-06,1.31167172138544,1,1,0.0384423866075735,"3","ALOXE3"
"KRTDAP1",1.81300911420751e-06,0.75522944557078,1,1,0.0384793054399401,"3","KRTDAP"
"UGT3A21",1.90677044373179e-06,1.10867607525903,1,1,0.0404692958977634,"3","UGT3A2"
"POU3F11",1.98876374121968e-06,1.03406606592657,1,1,0.0422095216436465,"3","POU3F1"
"PLCH21",2.05857663460115e-06,1.56541350427456,1,1,0.0436912304927749,"3","PLCH2"
"LCE2B1",2.15582266183121e-06,1.22439751309697,1,1,0.0457551801747056,"3","LCE2B"
"IL181",2.26944924627807e-06,1.25470348344202,1,1,0.0481667908030058,"3","IL18"
"LCE1F1",2.33827337725267e-06,0.790652925713024,1,1,0.0496275141588107,"3","LCE1F"
"PITPNM31",2.51079229338858e-06,1.14223875513365,1,1,0.0532890556348791,"3","PITPNM3"
"TP631",2.68539882482263e-06,1.04452525445826,1,1,0.0569949046580356,"3","TP63"
"GATM1",2.68794624234016e-06,1.39701383696078,1,1,0.0570489710474276,"3","GATM"
"PERP1",2.77590741672345e-06,0.480963364054613,1,1,0.0589158590125385,"3","PERP"
"SLC25A481",2.80331727231435e-06,1.06118501595585,1,1,0.0594976057875997,"3","SLC25A48"
"TGIF1P11",2.85480218466295e-06,0.746652215846435,1,1,0.0605903215672865,"3","TGIF1P1"
"DCT1",2.90736816756523e-06,1.59949100458932,1,1,0.0617059819884043,"3","DCT"
"CCBE1",2.95949079188919e-06,1.11569456557016,1,1,0.0628122325670562,"3","CCBE1"
"TGM31",3.00253245096446e-06,2.35769863784512,1,1,0.0637257487392697,"3","TGM3"
"SERPINB51",3.19614824761093e-06,0.694706784424021,1,1,0.0678350504072943,"3","SERPINB5"
"PPP2R2C1",3.21235545880654e-06,0.919657668732507,1,1,0.06817903225771,"3","PPP2R2C"
"LCE1B1",3.29040802414828e-06,0.850942986100879,1,1,0.0698356199045231,"3","LCE1B"
"POF1B1",3.36726256315e-06,1.35800766255672,1,1,0.0714667806402955,"3","POF1B"
"TMEM1541",3.36726256315e-06,0.95686526667572,1,1,0.0714667806402955,"3","TMEM154"
"MFSD2A1",3.37742862732161e-06,1.20099418795469,1,1,0.0716825451862739,"3","MFSD2A"
"CXCL12",3.38799796737201e-06,1.62663745386526,1,1,0.0719068688595036,"3","CXCL12"
"C6orf1321",3.86192025092919e-06,1.0932117249507,1,1,0.0819653954057211,"3","C6orf132"
"PLA2G4F1",3.91054021351632e-06,1.36221008451211,1,1,0.0829973054916704,"3","PLA2G4F"
"CASP141",3.98454335879414e-06,0.428007243217913,1,1,0.0845679482470469,"3","CASP14"
"SERPINB21",4.51061348120719e-06,1.16609829779894,1,1,0.0957332605251415,"3","SERPINB2"
"EMX21",4.68950207369184e-06,1.06560573083971,1,1,0.0995299920120356,"3","EMX2"
"EVPL1",4.84390768943126e-06,1.15027378144819,1,1,0.102807096800489,"3","EVPL"
"COL7A11",4.84984869836883e-06,0.673309195401927,1,1,0.10293318877418,"3","COL7A1"
"TMPRSS11F1",4.93241627956976e-06,0.826490570111718,1,1,0.104685603117589,"3","TMPRSS11F"
"LCE2A1",5.13420290214381e-06,0.665337138318117,1,1,0.1089683223951,"3","LCE2A"
"ABCA121",5.15172510140426e-06,0.272813310513982,1,1,0.109340213552204,"3","ABCA12"
"IL22RA11",5.3139419273692e-06,0.801885420010324,1,1,0.112783103466484,"3","IL22RA1"
"LCE1A1",5.32036070839515e-06,0.581540737441495,1,1,0.112919335674979,"3","LCE1A"
"IGFL21",5.58052434768639e-06,2.642623739935,1,1,0.118441048755296,"3","IGFL2"
"LIPM",5.64839207010158e-06,4.37061072528234,1,1,0.119881473295836,"3","LIPM"
"KRT311",5.76398315849134e-06,1.51781317278235,1,1,0.12233477855582,"3","KRT31"
"TNFRSF191",5.87769437832871e-06,1.49155726717684,1,1,0.124748185485649,"3","TNFRSF19"
"LGALSL1",6.0747060268603e-06,1.23314214269361,1,1,0.128929560714083,"3","LGALSL"
"GREM2",6.08802392689735e-06,0.797369590964909,1,1,0.129212219824469,"3","GREM2"
"LIPK1",6.21040351254676e-06,0.526692624819118,1,1,0.131809604150292,"3","LIPK"
"CACNB41",6.31202525476289e-06,1.18413975134653,1,1,0.133966424007088,"3","CACNB4"
"TRPM11",6.45927000734234e-06,0.985160933302392,1,1,0.137091546635834,"3","TRPM1"
"OR52L1",6.50965206998311e-06,0.467690295405848,1,1,0.138160855533321,"3","OR52L1"
"LGALS71",6.59605793832634e-06,1.53138935170668,1,1,0.139994733683038,"3","LGALS7"
"LCE1E1",6.83556977241195e-06,0.845335126212245,1,1,0.145078132849671,"3","LCE1E"
"SFN1",6.85094576027001e-06,0.74147001593956,1,1,0.145404472815971,"3","SFN"
"APCDD11",6.90105527612922e-06,1.44840294991439,1,1,0.146467997180567,"3","APCDD1"
"PGLYRP31",7.09587993446599e-06,0.14821863129276,1,1,0.150602955729106,"3","PGLYRP3"
"ANXA8L11",7.1170602654853e-06,1.53272726851668,1,1,0.15105248707466,"3","ANXA8L1"
"PAK61",7.4039721804853e-06,1.20546304380079,1,1,0.15714190555862,"3","PAK6"
"CLEC3B",7.5883275234177e-06,1.99305852801013,1,1,0.161054663357017,"3","CLEC3B"
"KLK111",8.65350228634791e-06,1.07021531044186,1,1,0.183661932525448,"3","KLK11"
"PNPLA11",8.68277191329784e-06,0.863921564319098,1,1,0.184283151087833,"3","PNPLA1"
"LYPD31",8.86336824885629e-06,0.397646032926493,1,1,0.188116127713726,"3","LYPD3"
"TENM11",8.88275613049325e-06,1.87127321374358,1,1,0.188527616113589,"3","TENM1"
"BNIPL1",9.24000708497726e-06,0.844421172937198,1,1,0.196109910371557,"3","BNIPL"
"MATN4",9.97455828458651e-06,0.950119512296599,1,1,0.211700025032064,"3","MATN4"
"EPHB61",1.00890484764943e-05,1.13638123600597,1,1,0.214129964865115,"3","EPHB6"
"MCOLN31",1.00957506106244e-05,2.11210877975693,1,1,0.214272210959893,"3","MCOLN3"
"CLCA21",1.01310881371609e-05,1.77364127942286,1,1,0.215022214623102,"3","CLCA2"
"CLCA41",1.05266888908164e-05,0.879654490466216,1,1,0.223418445018688,"3","CLCA4"
"GPR1111",1.12784223347181e-05,0.590746015153805,1,1,0.239373235632058,"3","GPR111"
"LYPD6B1",1.1307539241324e-05,1.05441651108172,1,1,0.239991212857862,"3","LYPD6B"
"CLDN13",1.13741592622382e-05,0.743518289253256,1,1,0.241405156181743,"3","CLDN1"
"PHYHIP1",1.1613308201892e-05,1.5546986371732,1,1,0.246480853276955,"3","PHYHIP"
"ZDHHC11B1",1.17385597748476e-05,1.44392970430452,1,1,0.249139192661365,"3","ZDHHC11B"
"FGFR21",1.21635963904903e-05,1.07604733149105,1,1,0.258160169791767,"3","FGFR2"
"HR1",1.21635963904903e-05,0.221731853253878,1,1,0.258160169791767,"3","HR"
"ARHGAP401",1.25998977682569e-05,0.926006957787019,1,1,0.267420230233485,"3","ARHGAP40"
"HNRNPA1P331",1.27167659796109e-05,1.56953176350508,1,1,0.269900641151263,"3","HNRNPA1P33"
"FAM160A11",1.33219986947012e-05,0.719719794848249,1,1,0.282746100296338,"3","FAM160A1"
"PPP2R3A1",1.33570495988711e-05,0.981142932088961,1,1,0.283490020686441,"3","PPP2R3A"
"UNC13C",1.41146880168521e-05,1.38380987009464,1,1,0.299570138469669,"3","UNC13C"
"PPP1R14C1",1.4265642959302e-05,0.71755536389119,1,1,0.302774006168225,"3","PPP1R14C"
"ELMOD11",1.45387180140459e-05,0.969397058432639,1,1,0.308569751130111,"3","ELMOD1"
"MAL21",1.49367009779722e-05,0.850520168456315,1,1,0.317016541556482,"3","MAL2"
"FRMD61",1.51143596834196e-05,1.41766868038439,1,1,0.320787169920898,"3","FRMD6"
"ANGPTL51",1.54747886643617e-05,1.30278522355068,1,1,0.328436914612413,"3","ANGPTL5"
"EFHC21",1.56420264887609e-05,0.68073747199362,1,1,0.331986370197462,"3","EFHC2"
"AOX1",1.60544579522916e-05,1.65990717685206,1,1,0.340739815579437,"3","AOX1"
"CCDC80",1.65731585946301e-05,1.98687013620113,1,1,0.35174871801243,"3","CCDC80"
"WNT9B1",1.69835125053102e-05,0.945577572927048,1,1,0.360458069412703,"3","WNT9B"
"XPNPEP21",1.7306115073675e-05,2.0098059211227,1,1,0.367304986323677,"3","XPNPEP2"
"LY6G6C1",1.73913305550182e-05,0.554915642298475,1,1,0.369113599699707,"3","LY6G6C"
"DLX31",1.76115308777858e-05,2.82036123848522,1,1,0.373787131350125,"3","DLX3"
"CDH10",1.78870233634934e-05,1.81862940576502,1,1,0.379634183866784,"3","CDH10"
"DPT",1.80702425560436e-05,1.65429820689508,1,1,0.383522828009469,"3","DPT"
"GSDMC1",1.85292186520165e-05,0.596542731396033,1,1,0.393264136670398,"3","GSDMC"
"VWC21",1.85602447858287e-05,0.888267220296907,1,1,0.393922635334428,"3","VWC2"
"HLA-DQB21",1.86567115219043e-05,1.13931082585017,1,1,0.395970045340897,"3","HLA-DQB2"
"TP53AIP11",1.87501197061644e-05,1.0645795175404,1,1,0.397952540643633,"3","TP53AIP1"
"PRKG21",1.88131497154388e-05,1.98768673688779,1,1,0.399290289560474,"3","PRKG2"
"SLITRK21",1.95535824530972e-05,0.835948331973821,1,1,0.415005233984534,"3","SLITRK2"
"LY6D1",2.023093025699e-05,0.159621880719747,1,1,0.429381263774356,"3","LY6D"
"RP11-323I15.3",2.02624740093373e-05,0.791241470323452,1,1,0.430050748374175,"3","RP11-323I15.3"
"MICALCL1",2.1068564417689e-05,1.20651030642595,1,1,0.447159211201032,"3","MICALCL"
"PI16",2.1134818769994e-05,2.46390013191581,1,1,0.448565393574352,"3","PI16"
"PAX31",2.13424305268035e-05,0.980323321353479,1,1,0.452971745500878,"3","PAX3"
"KRT801",2.16793347130463e-05,0.172307803679519,1,1,0.460122199949694,"3","KRT80"
"FBLN2",2.24670615776387e-05,1.48422507744908,1,1,0.476840914923804,"3","FBLN2"
"UPK1A",2.24904215682572e-05,0.318257371414612,1,1,0.477336707364692,"3","UPK1A"
"GRIA31",2.29975661583404e-05,2.3159494393728,1,1,0.488100344144617,"3","GRIA3"
"PVRL41",2.29975661583404e-05,0.938940450866882,1,1,0.488100344144617,"3","PVRL4"
"CYP2W1",2.3032402505406e-05,0.687000061738221,1,1,0.488839710774737,"3","CYP2W1"
"ATP5G1P61",2.30686790362509e-05,0.254856838083384,1,1,0.489609643865388,"3","ATP5G1P6"
"WNT31",2.31394334125948e-05,1.29563430083459,1,1,0.491111334748913,"3","WNT3"
"TWIST21",2.32664042847388e-05,1.26544167347262,1,1,0.493806164539296,"3","TWIST2"
"ALDH3A21",2.38640920361794e-05,1.30895975581553,1,1,0.506491489375871,"3","ALDH3A2"
"MFAP5",2.41704763724036e-05,2.37694613070202,1,1,0.512994190527893,"3","MFAP5"
"UCN21",2.44604202216836e-05,0.521866558072414,1,1,0.519147958785012,"3","UCN2"
"CAMSAP31",2.45021505266219e-05,0.82986214177247,1,1,0.520033642777022,"3","CAMSAP3"
"ITIH5",2.69066466118475e-05,0.918245024094759,1,1,0.571066667689851,"3","ITIH5"
"NIPAL11",2.73230466681912e-05,0.836261090978638,1,1,0.57990434248569,"3","NIPAL1"
"CNTN31",2.7420491862801e-05,1.20129329254704,1,1,0.581972519296088,"3","CNTN3"
"FGFBP11",2.76087554431216e-05,0.797251667742371,1,1,0.585968225524812,"3","FGFBP1"
"PARD31",2.77272599205402e-05,0.758621970831463,1,1,0.588483364553545,"3","PARD3"
"ANKS6",2.85672744970973e-05,0.428638005534296,1,1,0.606311833926393,"3","ANKS6"
"ANKRD18A",2.89236801842022e-05,0.93769174225088,1,1,0.613876188229508,"3","ANKRD18A"
"HOXA131",2.93094314981334e-05,0.239163102751148,1,1,0.622063374116383,"3","HOXA13"
"ACKR4",2.9383259518888e-05,1.28116466735692,1,1,0.62363030002888,"3","ACKR4"
"EEF2K",2.94332344696875e-05,1.07702797558953,1,1,0.624690968384647,"3","EEF2K"
"KLC31",3.10623278464025e-05,0.859210261781945,1,1,0.659266846212047,"3","KLC3"
"KRT781",3.10968872978045e-05,0.418869870115071,1,1,0.660000336008602,"3","KRT78"
"C5orf461",3.23484817592974e-05,1.12954525405255,1,1,0.686564176859329,"3","C5orf46"
"FERMT11",3.30299999851833e-05,0.714519870088695,1,1,0.70102871968553,"3","FERMT1"
"OR5P2",3.30759773023631e-05,0.460868621068316,1,1,0.702004542265354,"3","OR5P2"
"TUFT11",3.35592076518923e-05,0.81750057471408,1,1,0.712260623203761,"3","TUFT1"
"SPTBN21",3.51700234531891e-05,0.985919972963636,1,1,0.746448577770486,"3","SPTBN2"
"TPRG11",3.60467882390541e-05,1.87870067968268,1,1,0.765057033585685,"3","TPRG1"
"COL4A41",3.61862563434476e-05,0.66711930809813,1,1,0.768017104633332,"3","COL4A4"
"SCN11A",3.61862563434476e-05,1.74372662591231,1,1,0.768017104633332,"3","SCN11A"
"ANXA81",3.64783997594096e-05,0.541287523786846,1,1,0.774217556493709,"3","ANXA8"
"LCE1D1",3.68017334574786e-05,1.55976107192149,1,1,0.781079990901526,"3","LCE1D"
"PPL1",3.73065659264264e-05,0.707575392762511,1,1,0.791794555222473,"3","PPL"
"LIPN1",3.75124224271097e-05,1.85090722464286,1,1,0.796163653592977,"3","LIPN"
"ALPK21",3.81734717663338e-05,0.937070112510593,1,1,0.810193764768669,"3","ALPK2"
"ROBO21",3.81734717663338e-05,0.885014338128453,1,1,0.810193764768669,"3","ROBO2"
"ACADL1",3.86276443574832e-05,0.395570534135425,1,1,0.819833123843223,"3","ACADL"
"TYRP11",3.88636555162808e-05,0.71064871151313,1,1,0.824842224677543,"3","TYRP1"
"AHNAK",3.95682867948539e-05,0.757045826073288,1,1,0.839797318933979,"3","AHNAK"
"KLK91",4.12484593380553e-05,1.3645735265705,1,1,0.875457300990886,"3","KLK9"
"SDR16C51",4.22931345633568e-05,0.298755009445497,1,1,0.897629487972684,"3","SDR16C5"
"SPATA17",4.26346847709361e-05,2.19337158218531,1,1,0.904878549578348,"3","SPATA17"
"ALOX12B1",4.34245291781485e-05,0.950677270076165,1,1,0.921642207277024,"3","ALOX12B"
"CCDC78",4.41170404898215e-05,0.102748932795727,1,1,0.936340067355971,"3","CCDC78"
"WISP2",4.42018120864907e-05,1.89418538036694,1,1,0.938139259723679,"3","WISP2"
"WDR47",4.58008542189335e-05,0.594219890371681,1,1,0.972077329942645,"3","WDR47"
"NLRP101",4.60952040449983e-05,0.916911987601381,1,1,0.978324610651043,"3","NLRP10"
"EN1",4.74185205299591e-05,1.16933879664031,1,1,1,"3","EN1"
"ANKRD18B1",4.9801585011797e-05,0.575020900321205,1,1,1,"3","ANKRD18B"
"AXIN21",4.99767685138822e-05,0.950080738858668,1,1,1,"3","AXIN2"
"NSG11",5.09155612462365e-05,0.964152034792827,1,1,1,"3","NSG1"
"PCP4",5.10506934689614e-05,0.631391133083204,1,1,1,"3","PCP4"
"FAM83G1",5.14192477622116e-05,0.397101911650148,1,1,1,"3","FAM83G"
"PLAGL1",5.14471796611277e-05,1.18756652295662,1,1,1,"3","PLAGL1"
"SDR42E11",5.15135344520863e-05,0.953698933581222,1,1,1,"3","SDR42E1"
"RP11-550F7.11",5.19538379812707e-05,0.947339689712704,1,1,1,"3","RP11-550F7.1"
"BBOX11",5.21693303767534e-05,1.47149882893483,1,1,1,"3","BBOX1"
"OSR21",5.30394903398556e-05,1.68099597000211,1,1,1,"3","OSR2"
"OR10AB1P",5.35658381716364e-05,1.04831831802852,1,1,1,"3","OR10AB1P"
"PTPN131",5.45134318903862e-05,0.92140265853509,1,1,1,"3","PTPN13"
"RFESD",5.69048711335771e-05,1.33623039171021,1,1,1,"3","RFESD"
"SERPINB81",5.74822486279037e-05,1.04661288901486,1,1,1,"3","SERPINB8"
"ARRDC41",5.94367308711195e-05,0.730918182578961,1,1,1,"3","ARRDC4"
"DUOXA11",5.98929919877804e-05,0.175543807523059,1,1,1,"3","DUOXA1"
"CA121",6.01550502337605e-05,1.15425755316637,1,1,1,"3","CA12"
"HOXC10",6.02850754177061e-05,0.578650076848879,1,1,1,"3","HOXC10"
"AC022596.61",6.1145184762023e-05,0.323380795109944,1,1,1,"3","AC022596.6"
"SGCA1",6.19704939954613e-05,2.03339087166753,1,1,1,"3","SGCA"
"FAM25C1",6.28240941403305e-05,0.706148541259161,1,1,1,"3","FAM25C"
"KRT151",6.47430101749731e-05,0.585170875027035,1,1,1,"3","KRT15"
"CYP7B1",6.47790924868527e-05,1.21849884027733,1,1,1,"3","CYP7B1"
"NPY4R1",6.57997640406618e-05,1.32281329717572,1,1,1,"3","NPY4R"
"ARHGEF41",6.66216772978668e-05,0.771601921491563,1,1,1,"3","ARHGEF4"
"DSG31",6.75330474282251e-05,1.17236861419127,1,1,1,"3","DSG3"
"FAM90A26",6.85346874512797e-05,1.90478360847189,1,1,1,"3","FAM90A26"
"ANXA8L21",6.9112492874143e-05,0.96794272259233,1,1,1,"3","ANXA8L2"
"PTPRZ11",7.21737201145725e-05,0.525102177101559,1,1,1,"3","PTPRZ1"
"ZNF1851",7.2542110620864e-05,1.88322125766745,1,1,1,"3","ZNF185"
"GPR1331",7.46852637304203e-05,0.717198257283375,1,1,1,"3","GPR133"
"P2RY14",7.63956481103434e-05,1.27118998213919,1,1,1,"3","P2RY14"
"MYO3A",7.65181487864556e-05,1.81126879348519,1,1,1,"3","MYO3A"
"PKD1L2",7.66048694385696e-05,0.782401621113545,1,1,1,"3","PKD1L2"
"CHRDL1",7.90571332980526e-05,1.55417267906804,1,1,1,"3","CHRDL1"
"UGT1A2P1",8.03405908661049e-05,1.97045591697352,1,1,1,"3","UGT1A2P"
"ESYT31",8.09712956783318e-05,0.116657178366985,1,1,1,"3","ESYT3"
"CD441",8.13349180157612e-05,0.974469874375831,1,1,1,"3","CD44"
"ANKRD351",8.46620567849694e-05,1.05906435799516,1,1,1,"3","ANKRD35"
"UGT1A41",8.61033382563639e-05,0.864723266057442,1,1,1,"3","UGT1A4"
"OMD",8.84342185589688e-05,0.546056198872259,1,1,1,"3","OMD"
"CES4A1",9.01575032524872e-05,1.23999092724149,1,1,1,"3","CES4A"
"RPL7L1P2",9.31670085751551e-05,1.38784000771034,1,1,1,"3","RPL7L1P2"
"UCHL1",9.36243242664864e-05,0.285869385993177,1,1,1,"3","UCHL1"
"VIT",9.64788779293249e-05,0.500990622996335,1,1,1,"3","VIT"
"LRRC16B1",9.74361998559976e-05,0.780181046918338,1,1,1,"3","LRRC16B"
"SLC6A21",9.837444906201e-05,1.26722002226636,1,1,1,"3","SLC6A2"
"BTBD161",9.98802771134287e-05,0.461222821792758,1,1,1,"3","BTBD16"
"CD1A1",0.000102732697719425,1.3933466158734,1,1,1,"3","CD1A"
"IRF61",0.000103716813852119,0.859634009205003,1,1,1,"3","IRF6"
"AQP31",0.000104386809741944,0.1744221365459,1,1,1,"3","AQP3"
"PLA2G31",0.000109072170985336,0.67497421270844,1,1,1,"3","PLA2G3"
"CHL12",0.00010908410366277,0.917452900284021,1,1,1,"3","CHL1"
"MS4A21",0.000109098876417857,2.38980409129867,1,1,1,"3","MS4A2"
"ACPP1",0.00011007656435012,0.154189537138365,1,1,1,"3","ACPP"
"OVCH2",0.000110188246611775,0.90525845332229,1,1,1,"3","OVCH2"
"DCLK11",0.000112158670247567,1.14382851423075,1,1,1,"3","DCLK1"
"ESRP11",0.000113341157471202,1.99985129388482,1,1,1,"3","ESRP1"
"TMEM45A1",0.000113770951987603,0.718476837265474,1,1,1,"3","TMEM45A"
"SLC18A21",0.000115167730847193,0.514976483520632,1,1,1,"3","SLC18A2"
"SLC39A21",0.000115596561103486,0.458888643087212,1,1,1,"3","SLC39A2"
"GRIP11",0.000117018465647444,0.714714629139314,1,1,1,"3","GRIP1"
"AC005351.11",0.000120810201457408,0.203724899851478,1,1,1,"3","AC005351.1"
"TYR1",0.000124875906908822,2.80337784489353,1,1,1,"3","TYR"
"HOXC81",0.000125665624567405,0.784627195588289,1,1,1,"3","HOXC8"
"GRHL31",0.000128054509305902,0.287658856125523,1,1,1,"3","GRHL3"
"GRIK21",0.00012883252488582,0.154940122293098,1,1,1,"3","GRIK2"
"KCNJ6",0.000129252827546674,0.761204089479021,1,1,1,"3","KCNJ6"
"CYP2C191",0.000130402501356153,0.703498082272059,1,1,1,"3","CYP2C19"
"TCEA32",0.000130633072448612,0.619544084231622,1,1,1,"3","TCEA3"
"CCDC641",0.000130686707972621,0.879796407759153,1,1,1,"3","CCDC64"
"MYCBP2",0.000130700119430921,0.540887829274201,1,1,1,"3","MYCBP2"
"TACC21",0.000130700119430921,0.84089422082662,1,1,1,"3","TACC2"
"SP51",0.000132146479710078,0.274542324675469,1,1,1,"3","SP5"
"RP11-274M4.11",0.000132246479060954,0.660885035401455,1,1,1,"3","RP11-274M4.1"
"GRHL11",0.000134225166286632,0.539677656820921,1,1,1,"3","GRHL1"
"SMPDL3A1",0.000134276663235458,1.16639769281971,1,1,1,"3","SMPDL3A"
"PRSS121",0.00013805102633282,0.339686322993733,1,1,1,"3","PRSS12"
"TMEM401",0.000138533470307403,1.44724178389262,1,1,1,"3","TMEM40"
"ADCY21",0.000140617573834602,0.595865561129465,1,1,1,"3","ADCY2"
"GPC11",0.000141888995413672,1.13618331731117,1,1,1,"3","GPC1"
"KRT731",0.000144040662848318,0.33713709266272,1,1,1,"3","KRT73"
"DUOX21",0.00014428454422023,0.772315742104905,1,1,1,"3","DUOX2"
"HOXC61",0.000145421683945006,0.818690472728539,1,1,1,"3","HOXC6"
"TEC1",0.000145421683945006,0.688892708764586,1,1,1,"3","TEC"
"SDR9C71",0.0001477605754199,0.332629499913313,1,1,1,"3","SDR9C7"
"AHRR",0.000148534450033136,0.324174233241992,1,1,1,"3","AHRR"
"ABCB41",0.000149830555483281,0.43666668180478,1,1,1,"3","ABCB4"
"CCDC122",0.0001526484868158,0.946793628281462,1,1,1,"3","CCDC122"
"CRYM-AS1",0.000153519029672983,1.29781953172885,1,1,1,"3","CRYM-AS1"
"CDS11",0.000153589186463655,1.48052337904733,1,1,1,"3","CDS1"
"ARL4P1",0.000153933028031107,0.691906125268389,1,1,1,"3","ARL4P"
"GJB41",0.000157574143360069,0.763524440199063,1,1,1,"3","GJB4"
"LSP1",0.000158308464496931,1.01501599208477,1,1,1,"3","LSP1"
"HS3ST61",0.00015837965678757,0.551864784903998,1,1,1,"3","HS3ST6"
"IGKV1OR2-108",0.000162030368762108,0.865582421185982,1,1,1,"3","IGKV1OR2-108"
"IGSF91",0.000162187070280076,0.81991879911965,1,1,1,"3","IGSF9"
"RNASE71",0.000163285267517683,0.451305066977065,1,1,1,"3","RNASE7"
"RDH121",0.000165392707029287,0.385380874852155,1,1,1,"3","RDH12"
"LONRF11",0.000167152520099207,0.477930852381023,1,1,1,"3","LONRF1"
"RPL32P34",0.000169373962217101,0.502308227466317,1,1,1,"3","RPL32P34"
"CYP4A11",0.000170889214202914,0.755300950684898,1,1,1,"3","CYP4A11"
"DEGS11",0.000171746894019229,0.670421802908365,1,1,1,"3","DEGS1"
"YBX31",0.000171746894019229,0.581858110255009,1,1,1,"3","YBX3"
"FBXO271",0.000172927592727074,0.624442943688361,1,1,1,"3","FBXO27"
"CNTN11",0.00017621574761865,1.31561072544261,1,1,1,"3","CNTN1"
"IGSF10",0.000176372641200588,1.29219067582231,1,1,1,"3","IGSF10"
"PAK3",0.000183378600224394,1.01108608669271,1,1,1,"3","PAK3"
"NMU1",0.000185516323543668,0.708925767476412,1,1,1,"3","NMU"
"RHOV1",0.000185899965260835,0.303844696979983,1,1,1,"3","RHOV"
"IL11RA1",0.0001913342115792,0.824997828132993,1,1,1,"3","IL11RA"
"TSSC2",0.000193150313709742,0.650964685224958,1,1,1,"3","TSSC2"
"LINC00632",0.000193805754581566,3.52926715835794,1,1,1,"3","LINC00632"
"PLEKHN11",0.000195503106374591,0.646163527162365,1,1,1,"3","PLEKHN1"
"DUOX11",0.000196550385531623,0.646458341689161,1,1,1,"3","DUOX1"
"CST61",0.000199959487783432,0.138975618167532,1,1,1,"3","CST6"
"TFAP2C1",0.000200125216798254,0.636279581726903,1,1,1,"3","TFAP2C"
"MST1R1",0.00020149314733304,1.16564530816422,1,1,1,"3","MST1R"
"THEM51",0.000203813072554367,0.524543013255856,1,1,1,"3","THEM5"
"DENND2C1",0.00020711007727007,0.464796681572107,1,1,1,"3","DENND2C"
"TIMD4",0.000210153327079164,1.49820260905046,1,1,1,"3","TIMD4"
"OCA21",0.000210476904025031,0.455569238209062,1,1,1,"3","OCA2"
"KIAA13771",0.000212965760243246,0.434088774672009,1,1,1,"3","KIAA1377"
"F13A1",0.000213017149604241,1.51345995309521,1,1,1,"3","F13A1"
"ITPR2",0.000213017149604241,0.674026233397043,1,1,1,"3","ITPR2"
"AADACL21",0.000219313805534372,1.04125840593126,1,1,1,"3","AADACL2"
"FGF221",0.000221843184956913,0.106748821556412,1,1,1,"3","FGF22"
"MIR205HG1",0.000228693422640529,0.506972571569532,1,1,1,"3","MIR205HG"
"TNS41",0.000230574519279119,0.714528450175917,1,1,1,"3","TNS4"
"GFRA2",0.000232938946368608,0.895061924768687,1,1,1,"3","GFRA2"
"KREMEN2",0.000234886868196073,0.754558047533232,1,1,1,"3","KREMEN2"
"ALDH3A11",0.000236191910657025,0.326472631208988,1,1,1,"3","ALDH3A1"
"GALNT161",0.000236873420384254,1.31487645462922,1,1,1,"3","GALNT16"
"CAPZA31",0.00024764577401285,0.461101648151379,1,1,1,"3","CAPZA3"
"C8orf121",0.00024865297472089,0.277517974903551,1,1,1,"3","C8orf12"
"SCARA5",0.000249190283204076,1.57987144449508,1,1,1,"3","SCARA5"
"DNM1",0.000249874922457002,1.20793057129317,1,1,1,"3","DNM1"
"KY1",0.000251976391852301,0.841329158087273,1,1,1,"3","KY"
"CD1C1",0.000252726842031913,0.846906241469839,1,1,1,"3","CD1C"
"PTK61",0.000255272737654434,0.628229846042036,1,1,1,"3","PTK6"
"SLC47A11",0.000255603944101653,0.745574823156334,1,1,1,"3","SLC47A1"
"LPPR4",0.000256092289828626,0.89420827299544,1,1,1,"3","LPPR4"
"CDH4",0.000256489426929775,0.457719111661035,1,1,1,"3","CDH4"
"SH3D19",0.000256599438784355,0.610472329732858,1,1,1,"3","SH3D19"
"PMEL1",0.000262111084051577,0.455376170369417,1,1,1,"3","PMEL"
"IDE1",0.000263468546653908,0.534671019785552,1,1,1,"3","IDE"
"ALS2CL1",0.000270503437786702,1.01651776793866,1,1,1,"3","ALS2CL"
"HAND2-AS1",0.000270658768663251,0.369843314785781,1,1,1,"3","HAND2-AS1"
"IGFL31",0.000274623559168734,0.122904995068028,1,1,1,"3","IGFL3"
"UGT1A61",0.000277180580569247,0.915915744954859,1,1,1,"3","UGT1A6"
"PIK3CB",0.000277727066757021,1.58838809412346,1,1,1,"3","PIK3CB"
"TRPV61",0.000279759711019977,0.292885602276456,1,1,1,"3","TRPV6"
"MAPT",0.0002803246101393,0.459960462235909,1,1,1,"3","MAPT"
"RNF431",0.000284033772629132,0.884276150966485,1,1,1,"3","RNF43"
"FOXQ11",0.000284954091519997,0.439232415582325,1,1,1,"3","FOXQ1"
"RP11-74C1.21",0.000286690684502212,0.489329390714014,1,1,1,"3","RP11-74C1.2"
"USP50",0.000288211821460279,0.514986115234729,1,1,1,"3","USP50"
"LINGO2",0.000288917700567234,0.454095792158846,1,1,1,"3","LINGO2"
"RP11-494M8.1",0.000297939092660808,0.279581169371776,1,1,1,"3","RP11-494M8.1"
"WNT41",0.000300088830623277,0.721798282180858,1,1,1,"3","WNT4"
"FCER1A1",0.000303648601676441,1.46559279626574,1,1,1,"3","FCER1A"
"FBN1",0.00030843971295233,1.51565832613523,1,1,1,"3","FBN1"
"PLCZ11",0.000311859924223157,0.904955386773475,1,1,1,"3","PLCZ1"
"CDH221",0.000315178310074743,0.652350971064118,1,1,1,"3","CDH22"
"ANKRD22",0.000316136160937158,3.89148698458735,1,1,1,"3","ANKRD22"
"NCKAP5",0.000316527658721957,0.525778995461524,1,1,1,"3","NCKAP5"
"ANK2",0.000324962307002256,1.254388717049,1,1,1,"3","ANK2"
"CPNE91",0.000329676655821073,1.32073505291767,1,1,1,"3","CPNE9"
"CRHR1",0.000330358923960569,0.537626767135295,1,1,1,"3","CRHR1"
"C14orf641",0.000333094620257057,0.204832819142142,1,1,1,"3","C14orf64"
"SLC6A9",0.000341381047633898,0.665524502083933,1,1,1,"3","SLC6A9"
"SERPINF11",0.000342302698411193,0.787866001217285,1,1,1,"3","SERPINF1"
"DUOXA21",0.000348227999376193,0.4765429516554,1,1,1,"3","DUOXA2"
"TNNT21",0.00035046434091548,0.896881011437996,1,1,1,"3","TNNT2"
"COL6A6",0.000360489615795417,0.770950039205871,1,1,1,"3","COL6A6"
"CACNA1B",0.000364357679861253,0.46407108884928,1,1,1,"3","CACNA1B"
"ACTC1",0.000365342574284017,1.3240973480118,1,1,1,"3","ACTC1"
"DCHS21",0.000368970122272567,0.348670797261162,1,1,1,"3","DCHS2"
"BLMH1",0.000369963898836469,0.768453571282009,1,1,1,"3","BLMH"
"GAS71",0.000369963898836469,1.06948905224404,1,1,1,"3","GAS7"
"NEGR11",0.0003777751536769,1.04266141943758,1,1,1,"3","NEGR1"
"IKZF22",0.000378239888761183,1.03373844432805,1,1,1,"3","IKZF2"
"RRM2P3",0.00037975515396029,0.496144621307845,1,1,1,"3","RRM2P3"
"ARAP21",0.000389510486358289,0.688516589111625,1,1,1,"3","ARAP2"
"PIK3C2G1",0.000398632881319541,0.546704252072445,1,1,1,"3","PIK3C2G"
"EGFR1",0.000399695015269242,0.761480397870411,1,1,1,"3","EGFR"
"CMA11",0.000406577408022763,1.18582005501276,1,1,1,"3","CMA1"
"GJB51",0.000406652095615137,0.400382489535946,1,1,1,"3","GJB5"
"MYH141",0.000410082479937181,0.368942162699049,1,1,1,"3","MYH14"
"ARSG",0.000420221948371111,0.78213270750863,1,1,1,"3","ARSG"
"ALG1L",0.000425460671755761,0.573965638071082,1,1,1,"3","ALG1L"
"CP2",0.000431315502365312,0.807252837336401,1,1,1,"3","CP"
"NPIPB6",0.000438430261479236,0.944618106238194,1,1,1,"3","NPIPB6"
"TAF4B",0.000442719887575874,1.18452734316252,1,1,1,"3","TAF4B"
"EFEMP11",0.000442816622980788,0.769949358831663,1,1,1,"3","EFEMP1"
"CADPS",0.000453070422102618,0.958760648207292,1,1,1,"3","CADPS"
"C4orf361",0.000454081625513999,0.66836823284074,1,1,1,"3","C4orf36"
"GLT8D1",0.000454216362469571,0.735147791110197,1,1,1,"3","GLT8D1"
"C1orf95",0.000456249753861171,0.6984048774314,1,1,1,"3","C1orf95"
"WDR63",0.000456249753861171,0.215689725784015,1,1,1,"3","WDR63"
"ELL31",0.000457225605891548,0.622887720057697,1,1,1,"3","ELL3"
"TRIM631",0.000460062516486373,0.464571879075272,1,1,1,"3","TRIM63"
"LUZP2",0.000463037299348401,2.27752849368255,1,1,1,"3","LUZP2"
"COBL1",0.000465404785826009,0.470902147127758,1,1,1,"3","COBL"
"STMN21",0.000474182863502564,0.420773656497053,1,1,1,"3","STMN2"
"KREMEN11",0.000476728126800652,0.472694715691503,1,1,1,"3","KREMEN1"
"MIPEP1",0.000477863173089961,0.618290330430202,1,1,1,"3","MIPEP"
"ARHGAP321",0.000477956124558777,1.07307429475009,1,1,1,"3","ARHGAP32"
"RP11-301G23.1",0.000478028375107237,0.795622013564635,1,1,1,"3","RP11-301G23.1"
"NPFFR2",0.000487730052349402,0.706024186309554,1,1,1,"3","NPFFR2"
"CYP3A51",0.00048965910314578,0.547810241381312,1,1,1,"3","CYP3A5"
"TRBV4-1",0.000491137569522519,0.777693430069791,1,1,1,"3","TRBV4-1"
"CYP2J21",0.000492884663036657,0.486727787061028,1,1,1,"3","CYP2J2"
"GPR78",0.000496441510779437,1.09867368576907,1,1,1,"3","GPR78"
"MAB21L31",0.000498276920986157,0.613098400738862,1,1,1,"3","MAB21L3"
"TRBV6-5",0.000501679586233009,0.641852636418902,1,1,1,"3","TRBV6-5"
"FAP",0.000502611652677642,0.870743560937937,1,1,1,"3","FAP"
"C11orf89",0.000508846716506566,0.930753483742967,1,1,1,"3","C11orf89"
"RPGRIP1L",0.000515594843780778,0.645516124720938,1,1,1,"3","RPGRIP1L"
"C31",0.000515705062183676,1.23914940279586,1,1,1,"3","C3"
"CFD",0.000528777022773436,1.08322362382868,1,1,1,"3","CFD"
"VSIG10L1",0.000538210138728312,0.587879952792443,1,1,1,"3","VSIG10L"
"ATP2C21",0.000541008055122809,0.181996857366901,1,1,1,"3","ATP2C2"
"GPRIN21",0.000541457112831983,1.42087046473208,1,1,1,"3","GPRIN2"
"CTSK",0.000542387797753169,1.16024007583178,1,1,1,"3","CTSK"
"C2orf541",0.00054536753333795,0.324675998029324,1,1,1,"3","C2orf54"
"GRHL21",0.000554796646296145,0.299058304841905,1,1,1,"3","GRHL2"
"SDC11",0.000555794924009351,0.979842764597381,1,1,1,"3","SDC1"
"PCNXL2",0.000556159313115724,0.814354104672386,1,1,1,"3","PCNXL2"
"AC073271.1",0.00056511544410609,5.4171472855887,1,1,1,"3","AC073271.1"
"RHBG1",0.000567601159021139,0.381989657314408,1,1,1,"3","RHBG"
"CPZ",0.00057095845273903,1.12847123710684,1,1,1,"3","CPZ"
"VWA21",0.000582137053197927,0.955969098609673,1,1,1,"3","VWA2"
"PENK",0.000583486049976956,0.796023021541384,1,1,1,"3","PENK"
"BCL11B1",0.000584145611667274,0.396185646248469,1,1,1,"3","BCL11B"
"ADH1B",0.000584587158385402,0.384082068561586,1,1,1,"3","ADH1B"
"LIMA11",0.000584832562289721,0.791567723583029,1,1,1,"3","LIMA1"
"SGCG",0.000588500484011826,0.445148344247658,1,1,1,"3","SGCG"
"MTR",0.000599654549243466,0.379733071720409,1,1,1,"3","MTR"
"RP3-342P20.21",0.000599913573710733,0.819216408452416,1,1,1,"3","RP3-342P20.2"
"CHRM4",0.000600806559913826,0.451527123215616,1,1,1,"3","CHRM4"
"CENPP",0.000606752601559823,0.551578319733764,1,1,1,"3","CENPP"
"NDFIP21",0.000614569476016956,0.367808859354742,1,1,1,"3","NDFIP2"
"SETD7",0.000614825559631063,0.418149121004618,1,1,1,"3","SETD7"
"MLANA1",0.000627479878582174,0.576355774843881,1,1,1,"3","MLANA"
"C20orf26",0.000627680287784795,1.82560839154486,1,1,1,"3","C20orf26"
"ESPN1",0.000628784762097062,0.778696652613773,1,1,1,"3","ESPN"
"TPPP3",0.000629895387539276,1.20928814825534,1,1,1,"3","TPPP3"
"CLIP41",0.000630091520973824,0.684716612777198,1,1,1,"3","CLIP4"
"CTSC",0.000630353097901642,1.00449170107076,1,1,1,"3","CTSC"
"RAET1E1",0.000641335694760985,1.29289355399127,1,1,1,"3","RAET1E"
"MOXD11",0.000644642906976198,0.741151502687414,1,1,1,"3","MOXD1"
"CLEC10A1",0.0006451231902089,0.940666261268273,1,1,1,"3","CLEC10A"
"SLIT3",0.000646231451131756,1.30885262724039,1,1,1,"3","SLIT3"
"TFAP2A1",0.000653196124400065,0.379662539577431,1,1,1,"3","TFAP2A"
"HRH1",0.00065951108759529,0.716416586356688,1,1,1,"3","HRH1"
"TIAM11",0.000662508494060398,0.583605109713103,1,1,1,"3","TIAM1"
"OR7E12P",0.000674501721974106,0.973863155106462,1,1,1,"3","OR7E12P"
"PLP1",0.00068359899393502,0.42408500241965,1,1,1,"3","PLP1"
"ETV71",0.000685896181812055,1.14509662093801,1,1,1,"3","ETV7"
"SLC10A61",0.000685896181812055,0.821621468061958,1,1,1,"3","SLC10A6"
"CNGA11",0.000708334482918316,0.80651957409024,1,1,1,"3","CNGA1"
"RP11-493P1.2",0.000709797988361147,0.341438564699889,1,1,1,"3","RP11-493P1.2"
"SPTSSB1",0.000709797988361147,0.512974942846379,1,1,1,"3","SPTSSB"
"CYP2C181",0.000714914545513232,0.527224142722,1,1,1,"3","CYP2C18"
"HSD17B13",0.000719443803361679,0.755113511297283,1,1,1,"3","HSD17B13"
"ARHGEF371",0.000730924664774656,0.66071130529086,1,1,1,"3","ARHGEF37"
"KIF21A1",0.000749629053924987,0.246701148772321,1,1,1,"3","KIF21A"
"GLDN1",0.000754599185343864,0.287245450035861,1,1,1,"3","GLDN"
"NKPD11",0.000759725393851309,0.363714314645929,1,1,1,"3","NKPD1"
"LINC008421",0.000760948457345189,1.18581619049685,1,1,1,"3","LINC00842"
"PPM1J1",0.000764958231512587,0.675632218750167,1,1,1,"3","PPM1J"
"TIGD1",0.000765807025099982,0.844875985116319,1,1,1,"3","TIGD1"
"PDGFC1",0.000768047834010954,1.16357137157719,1,1,1,"3","PDGFC"
"ZNF385A1",0.000768047834010954,1.48374972719419,1,1,1,"3","ZNF385A"
"RLBP1",0.000768289400549295,0.732868842782361,1,1,1,"3","RLBP1"
"HEATR1",0.000768357261779045,0.383465380375164,1,1,1,"3","HEATR1"
"RP11-499P20.2",0.00077613035350449,0.402882619622101,1,1,1,"3","RP11-499P20.2"
"CNTN2",0.000781719348354663,1.26718595027505,1,1,1,"3","CNTN2"
"FSTL11",0.00078745564449259,0.972830375848869,1,1,1,"3","FSTL1"
"LILRB5",0.000797153239199582,1.02069557581524,1,1,1,"3","LILRB5"
"ANKFN11",0.000801886516298369,0.788778300054398,1,1,1,"3","ANKFN1"
"PRRX21",0.000803450754742965,0.624771821058907,1,1,1,"3","PRRX2"
"HOXC51",0.000815216906926936,0.594789281334853,1,1,1,"3","HOXC5"
"BCL11A1",0.000826059373157159,0.713361872563921,1,1,1,"3","BCL11A"
"RBPJ",0.000826981122934039,0.527499938727974,1,1,1,"3","RBPJ"
"RP11-30B1.1",0.000841764201762637,0.610411094948407,1,1,1,"3","RP11-30B1.1"
"VWA5A1",0.000867740061404344,0.759207956505994,1,1,1,"3","VWA5A"
"KIAA1430",0.000868340470548463,0.440854261579339,1,1,1,"3","KIAA1430"
"REV3L",0.000868340470548463,0.590758379523617,1,1,1,"3","REV3L"
"CHMP4C1",0.000877282763423692,0.614082474362519,1,1,1,"3","CHMP4C"
"RP11-401P9.61",0.000885092499431407,0.466403456430843,1,1,1,"3","RP11-401P9.6"
"WNT2B",0.000888261452663557,1.00798826375541,1,1,1,"3","WNT2B"
"ADRA2A",0.000895558659760177,0.801322346124756,1,1,1,"3","ADRA2A"
"PVRL11",0.000900432811991285,0.451719016496114,1,1,1,"3","PVRL1"
"CTC-360G5.11",0.000911076747215296,0.75306542636743,1,1,1,"3","CTC-360G5.1"
"COL14A11",0.000911610811678241,0.960058226150291,1,1,1,"3","COL14A1"
"DCN",0.000911610811678241,1.60760276834899,1,1,1,"3","DCN"
"RIC32",0.000914543522047941,0.815036796809537,1,1,1,"3","RIC3"
"CCR5",0.000925710600197839,1.18938169252059,1,1,1,"3","CCR5"
"PTPN31",0.000933349037475175,0.395223271088067,1,1,1,"3","PTPN3"
"ASAP31",0.000933987481519312,0.796145817825048,1,1,1,"3","ASAP3"
"C1orf1161",0.00095155646349516,1.46675003228896,1,1,1,"3","C1orf116"
"TPSAB11",0.000953802965689115,0.822708315391781,1,1,1,"3","TPSAB1"
"MSTN1",0.000960149768650613,0.403435590540704,1,1,1,"3","MSTN"
"C3orf521",0.000979895150105037,0.566886443490571,1,1,1,"3","C3orf52"
"FAM35DP",0.00100257919781593,0.748863213005563,1,1,1,"3","FAM35DP"
"RP11-390K5.1",0.00102291190973944,0.101752936418229,1,1,1,"3","RP11-390K5.1"
"AIM1L1",0.00102758760295196,0.190559049624071,1,1,1,"3","AIM1L"
"OR5P1P1",0.00102779396420649,0.164673660550644,1,1,1,"3","OR5P1P"
"LGI1",0.00102958230873388,1.11410159182288,1,1,1,"3","LGI1"
"DCD1",0.00104609622210331,0.104616405106345,1,1,1,"3","DCD"
"CAMK1D1",0.00105329843474397,0.414694436430786,1,1,1,"3","CAMK1D"
"MAP1LC3C",0.00108817841349223,0.658601151645247,1,1,1,"3","MAP1LC3C"
"MAT1A1",0.00108817841349223,0.780300207691218,1,1,1,"3","MAT1A"
"CD1E1",0.00110390563992934,0.72690743680185,1,1,1,"3","CD1E"
"ABCA6",0.00110544596052342,0.996393994975836,1,1,1,"3","ABCA6"
"LYPD51",0.00111580815411946,0.117009598634649,1,1,1,"3","LYPD5"
"PCDH202",0.00112666227159162,0.650916665481638,1,1,1,"3","PCDH20"
"DNAJB31",0.0011471894215522,0.645489268573513,1,1,1,"3","DNAJB3"
"EPB41L31",0.00115953072500719,0.657852593865176,1,1,1,"3","EPB41L3"
"BMP71",0.00117854789236958,0.520742529337117,1,1,1,"3","BMP7"
"NBPF12",0.00118745839027673,0.595371711369202,1,1,1,"3","NBPF12"
"ZNF658B",0.00120778395122035,0.667271734893143,1,1,1,"3","ZNF658B"
"IRX41",0.00120994307222689,0.918519960077107,1,1,1,"3","IRX4"
"FAM83H-AS11",0.00121450033032691,0.180674076516034,1,1,1,"3","FAM83H-AS1"
"ABI3BP1",0.00121605202643476,0.944095635079478,1,1,1,"3","ABI3BP"
"CALN1",0.0012252420589973,0.141016402383233,1,1,1,"3","CALN1"
"PLLP",0.00122640328481314,0.797316346925308,1,1,1,"3","PLLP"
"SLC24A2",0.00122776023749768,1.20269319187181,1,1,1,"3","SLC24A2"
"PATL2",0.00124444457980079,0.908984342370932,1,1,1,"3","PATL2"
"C9orf1561",0.00124516426707798,0.486138086444173,1,1,1,"3","C9orf156"
"KIAA15981",0.00124525714988438,0.677111518196725,1,1,1,"3","KIAA1598"
"GPR371",0.00125334268196146,0.462874656037414,1,1,1,"3","GPR37"
"RP11-428P16.2",0.00126650658082513,0.486460542507141,1,1,1,"3","RP11-428P16.2"
"PHF2P2",0.00127374829516009,0.389781539019163,1,1,1,"3","PHF2P2"
"FNDC1",0.00127463512473373,0.961146530124381,1,1,1,"3","FNDC1"
"PCDH71",0.00127501402763302,0.591738366345494,1,1,1,"3","PCDH7"
"SMG1",0.00127510876490669,0.521435887495937,1,1,1,"3","SMG1"
"KIAA16441",0.00128348915983299,0.339160797917,1,1,1,"3","KIAA1644"
"CYP4F24P",0.00128491005978328,0.284946990328908,1,1,1,"3","CYP4F24P"
"CBLC1",0.00130436252739034,0.35605625911011,1,1,1,"3","CBLC"
"KCNK21",0.00130460583997887,0.635679488489037,1,1,1,"3","KCNK2"
"CDH12",0.00130537822797954,1.1753902264401,1,1,1,"3","CDH1"
"NTRK2",0.00130552315503819,1.25738795334283,1,1,1,"3","NTRK2"
"WWP1",0.00130561977893195,0.685740297756187,1,1,1,"3","WWP1"
"RP11-863P13.41",0.00130891040708402,0.586550196252979,1,1,1,"3","RP11-863P13.4"
"TRAV2",0.00134746745797461,0.549511202075102,1,1,1,"3","TRAV2"
"CYP4F31P1",0.00134925490908664,0.591681498609629,1,1,1,"3","CYP4F31P"
"HTRA3",0.00135178086467009,1.35619410964911,1,1,1,"3","HTRA3"
"GCSAM1",0.00135465020426832,0.292501410154818,1,1,1,"3","GCSAM"
"ADAM33",0.0013681703269735,1.0007199613792,1,1,1,"3","ADAM33"
"C4orf271",0.00136867275574434,0.217446694802527,1,1,1,"3","C4orf27"
"SSFA21",0.00136867275574434,0.225388724118055,1,1,1,"3","SSFA2"
"CCR81",0.00139245688882036,1.03707414090349,1,1,1,"3","CCR8"
"AC005358.11",0.00139568540216292,0.397763758755939,1,1,1,"3","AC005358.1"
"DBP1",0.00140034512011878,0.432287861017159,1,1,1,"3","DBP"
"POTEE1",0.0014005664327447,0.553959218846911,1,1,1,"3","POTEE"
"RARG1",0.00140098547103595,0.635968115583648,1,1,1,"3","RARG"
"UGDH",0.00140098547103595,0.499763476537282,1,1,1,"3","UGDH"
"RP11-378G13.22",0.00140808906448354,0.332811975256712,1,1,1,"3","RP11-378G13.2"
"ATP10B1",0.00141352798194956,0.399745927151324,1,1,1,"3","ATP10B"
"GFRA11",0.00141562054278671,1.05611158224958,1,1,1,"3","GFRA1"
"CAB39L",0.0014168873904568,0.733413153328105,1,1,1,"3","CAB39L"
"ABCC41",0.00143449774587525,0.223022956686679,1,1,1,"3","ABCC4"
"CFH2",0.00143452387155996,0.789932014203782,1,1,1,"3","CFH"
"METTL81",0.00143452387155996,1.09294394627788,1,1,1,"3","METTL8"
"NRG41",0.00144208387923453,0.779690124778519,1,1,1,"3","NRG4"
"OR7E2P",0.00144390445024059,0.601663788881076,1,1,1,"3","OR7E2P"
"CCL191",0.00144689988786203,0.897798262345612,1,1,1,"3","CCL19"
"RORC1",0.00145644492315407,0.240175581461958,1,1,1,"3","RORC"
"C19orf331",0.00146268034819168,0.191459963430978,1,1,1,"3","C19orf33"
"CYP39A11",0.0014641421987675,0.891807878413022,1,1,1,"3","CYP39A1"
"MUSK1",0.00148122633348023,1.27918463206218,1,1,1,"3","MUSK"
"ADRB21",0.00150176409387812,0.666989910877914,1,1,1,"3","ADRB2"
"EIF3EP11",0.00150274147914448,0.523644441292598,1,1,1,"3","EIF3EP1"
"RP11-2E11.9",0.00152485560296068,1.99070593566916,1,1,1,"3","RP11-2E11.9"
"OR10D1P",0.00152757928379797,0.103802817627431,1,1,1,"3","OR10D1P"
"AK81",0.00153780866401131,0.389867093010713,1,1,1,"3","AK8"
"RP11-111G23.1",0.00153789482624768,1.78486366836182,1,1,1,"3","RP11-111G23.1"
"MTMR11",0.00153823826555361,0.368564653718877,1,1,1,"3","MTMR1"
"SELP1",0.00154885014762831,0.752256398390434,1,1,1,"3","SELP"
"IL341",0.00157450585173984,0.631888506801543,1,1,1,"3","IL34"
"ABCA51",0.00157504221039588,0.749121267908279,1,1,1,"3","ABCA5"
"NPIPP1",0.00157507044305876,0.506465314264197,1,1,1,"3","NPIPP1"
"OR5P3",0.00159038936045205,0.127332242994568,1,1,1,"3","OR5P3"
"CNNM1",0.00160199453827487,0.886805946531789,1,1,1,"3","CNNM1"
"CACNA1G1",0.00161052357187739,1.11065740210115,1,1,1,"3","CACNA1G"
"MRE11A",0.00161213484408357,0.715771180557905,1,1,1,"3","MRE11A"
"ULK31",0.00161213484408357,0.623884803437083,1,1,1,"3","ULK3"
"SLFN5",0.0016500005476888,0.635899628900777,1,1,1,"3","SLFN5"
"TNXB",0.0016500005476888,1.24460678932276,1,1,1,"3","TNXB"
"AL603965.11",0.00165960558272997,0.335814104880743,1,1,1,"3","AL603965.1"
"PHACTR3",0.00165986127951992,0.347356578861655,1,1,1,"3","PHACTR3"
"ARHGAP42P11",0.00168649521480093,0.109204269333837,1,1,1,"3","ARHGAP42P1"
"RP11-493K19.3",0.00168795648307995,0.586326124731873,1,1,1,"3","RP11-493K19.3"
"IARS",0.00168868309805284,0.477559572070575,1,1,1,"3","IARS"
"RP1-20N2.6",0.00170452611414911,0.507438169420404,1,1,1,"3","RP1-20N2.6"
"RGS111",0.00171949361654438,0.505834985032672,1,1,1,"3","RGS11"
"SEPHS1P11",0.00172864188439212,0.818220280928127,1,1,1,"3","SEPHS1P1"
"IL1RL21",0.00173948501449818,0.358565105482299,1,1,1,"3","IL1RL2"
"LPAR1",0.00176483611676862,1.05642211194729,1,1,1,"3","LPAR1"
"RP3-425P12.41",0.0017668227464807,0.253836076170719,1,1,1,"3","RP3-425P12.4"
"FAM83F1",0.00176781773686566,0.655871964530533,1,1,1,"3","FAM83F"
"CLIC21",0.00176794085167117,0.357538395500992,1,1,1,"3","CLIC2"
"MYOF",0.0017685622159943,0.651608072732166,1,1,1,"3","MYOF"
"RP11-503K16.2",0.00177713335129171,0.268183870930988,1,1,1,"3","RP11-503K16.2"
"TTC221",0.00179530277177607,0.310226976936249,1,1,1,"3","TTC22"
"LINC006961",0.0018048213981181,0.250296795950536,1,1,1,"3","LINC00696"
"C15orf591",0.00180907764029371,0.393985505987395,1,1,1,"3","C15orf59"
"TXNRD3",0.00180915789221382,0.402320493769263,1,1,1,"3","TXNRD3"
"AC139099.3",0.0018316049875672,0.653445036793062,1,1,1,"3","AC139099.3"
"C1RL1",0.00185125638772271,0.570685992689967,1,1,1,"3","C1RL"
"FBLN11",0.00185190179978412,0.896242988344717,1,1,1,"3","FBLN1"
"SVEP1",0.00185190179978412,1.0823464385941,1,1,1,"3","SVEP1"
"RASGRP11",0.00189306965618616,0.768393868349239,1,1,1,"3","RASGRP1"
"SDK12",0.00193816551056981,0.99244903141161,1,1,1,"3","SDK1"
"MAMDC2",0.00193850061948758,1.14461266078015,1,1,1,"3","MAMDC2"
"BMPR1APS2",0.00195163386297922,0.247433993892139,1,1,1,"3","BMPR1APS2"
"RP11-534L20.4",0.0019805376755989,0.546260625652549,1,1,1,"3","RP11-534L20.4"
"C1orf1061",0.00199083067219783,0.13429103154429,1,1,1,"3","C1orf106"
"MYO5A1",0.0020295024518253,0.53265794002127,1,1,1,"3","MYO5A"
"PTGFRN",0.0020295024518253,0.520847976081228,1,1,1,"3","PTGFRN"
"CHRM5",0.00205171553410154,0.739464336900072,1,1,1,"3","CHRM5"
"DCST11",0.0020564839519876,0.561619384357673,1,1,1,"3","DCST1"
"ZDHHC111",0.00206018665622838,1.03719968883379,1,1,1,"3","ZDHHC11"
"KCND2",0.00206339904837764,0.675538927097953,1,1,1,"3","KCND2"
"RP11-392P7.6",0.00207362886202025,0.397063641811378,1,1,1,"3","RP11-392P7.6"
"PPFIA31",0.00207429507144651,1.04918531691234,1,1,1,"3","PPFIA3"
"PTGDS1",0.00207503929314133,0.846225736909744,1,1,1,"3","PTGDS"
"ZNF525",0.00207557098256525,2.4865164215621,1,1,1,"3","ZNF525"
"IMPDH2",0.00207628003467269,0.294240214192527,1,1,1,"3","IMPDH2"
"PGAP1",0.00207628003467269,0.801315135098164,1,1,1,"3","PGAP1"
"TMA161",0.00207628003467269,2.14730881559082,1,1,1,"3","TMA16"
"HPGDS",0.00208379342011346,1.09834962613944,1,1,1,"3","HPGDS"
"TTC24",0.00209060269340663,0.169481766162429,1,1,1,"3","TTC24"
"AC098831.4",0.00209469538191737,0.322783005695422,1,1,1,"3","AC098831.4"
"ELOVL71",0.00210387550643204,0.279694983689343,1,1,1,"3","ELOVL7"
"LRRC18",0.00210387550643204,0.294888886320646,1,1,1,"3","LRRC18"
"ESRP21",0.00212278063142515,0.266675230334041,1,1,1,"3","ESRP2"
"CELSR11",0.00212400861372072,0.778570275483677,1,1,1,"3","CELSR1"
"LAMA2",0.00212404473757247,0.780961246037897,1,1,1,"3","LAMA2"
"RP11-798K3.4",0.00215046572761561,0.348433565584804,1,1,1,"3","RP11-798K3.4"
"VANGL21",0.00216840166211256,0.784000060995558,1,1,1,"3","VANGL2"
"SMOC2",0.00217266794134775,0.945564997874065,1,1,1,"3","SMOC2"
"FARP21",0.00217277834558629,0.405788871552446,1,1,1,"3","FARP2"
"TPI1P41",0.00218270566132282,0.592971224656161,1,1,1,"3","TPI1P4"
"MAS1L",0.002186795054806,0.720859277723436,1,1,1,"3","MAS1L"
"GPR1261",0.00222186039801895,1.06202842098285,1,1,1,"3","GPR126"
"VSIG41",0.00222223525452917,1.03513713917348,1,1,1,"3","VSIG4"
"CLSTN3",0.00222257265905049,0.28634004317637,1,1,1,"3","CLSTN3"
"ADAMTS21",0.00222261015041033,0.773287115425571,1,1,1,"3","ADAMTS2"
"CRLF21",0.00223626166467955,0.134922544831023,1,1,1,"3","CRLF2"
"CFHR31",0.00226417363903867,0.573716262629615,1,1,1,"3","CFHR3"
"HUNK1",0.0022650564015329,1.20051021455117,1,1,1,"3","HUNK"
"MMP2",0.00227344893209829,1.23887618225436,1,1,1,"3","MMP2"
"CLIC62",0.00231385162214375,0.442793157717368,1,1,1,"3","CLIC6"
"THBS3",0.00232496197563807,0.657791707568897,1,1,1,"3","THBS3"
"ZBTB7B1",0.00232519537618966,0.48855176227222,1,1,1,"3","ZBTB7B"
"VCAN1",0.00232535098462166,0.683839375016724,1,1,1,"3","VCAN"
"CYP27C11",0.00234068849248048,0.400737796753535,1,1,1,"3","CYP27C1"
"FREM3",0.00234613756879275,0.820425377611775,1,1,1,"3","FREM3"
"PLAC91",0.00237833610858703,0.399808768152624,1,1,1,"3","PLAC9"
"FOPNL",0.00243101209883749,1.57075781922148,1,1,1,"3","FOPNL"
"CYSLTR1",0.00243228793585846,1.65108414639381,1,1,1,"3","CYSLTR1"
"TTC39C1",0.00243238405814926,0.537169640561594,1,1,1,"3","TTC39C"
"PTPN211",0.00243242441711782,0.627084044719957,1,1,1,"3","PTPN21"
"IFNG",0.00245702384300787,0.4789043066144,1,1,1,"3","IFNG"
"RP11-144F15.1",0.00246414693130657,1.32054042119686,1,1,1,"3","RP11-144F15.1"
"MLK41",0.00247589753689321,0.283096352564204,1,1,1,"3","MLK4"
"BBS5",0.0024868143335463,0.223110429455591,1,1,1,"3","BBS5"
"FAM46A",0.00248747192499606,0.828412357756235,1,1,1,"3","FAM46A"
"NRADDP",0.00249614572903004,0.214125120640073,1,1,1,"3","NRADDP"
"NHLRC1",0.00250997430931561,0.319564566913924,1,1,1,"3","NHLRC1"
"RP11-578F21.2",0.00252878305688678,0.549689851905532,1,1,1,"3","RP11-578F21.2"
"GPLD11",0.00254047775756659,0.162297128994702,1,1,1,"3","GPLD1"
"COLEC121",0.00254315548159189,0.849889826591234,1,1,1,"3","COLEC12"
"SPATA18",0.00254357403228675,0.73745419007061,1,1,1,"3","SPATA18"
"HIVEP2",0.00254399262523136,0.497064562216917,1,1,1,"3","HIVEP2"
"OR56A1",0.00255174866504422,0.17454710420742,1,1,1,"3","OR56A1"
"GPR155",0.00259912773169182,0.736420242082657,1,1,1,"3","GPR155"
"SPTLC31",0.00260066183061971,0.475205297353824,1,1,1,"3","SPTLC3"
"GSTA41",0.00260134383014853,0.337318330374728,1,1,1,"3","GSTA4"
"CD70",0.00262449778316629,0.472303166559584,1,1,1,"3","CD70"
"GALNT131",0.00263156704059678,0.763206021697842,1,1,1,"3","GALNT13"
"C3orf141",0.00264051577707384,0.600427710676817,1,1,1,"3","C3orf14"
"PLEKHD11",0.00265952746213107,0.393714435887116,1,1,1,"3","PLEKHD1"
"NIF3L11",0.00266004926641952,0.981243206479647,1,1,1,"3","NIF3L1"
"C10orf1071",0.00266131550512073,0.19099167703151,1,1,1,"3","C10orf107"
"FAM180B",0.00268139005606707,0.777425254693418,1,1,1,"3","FAM180B"
"KRT8P311",0.00268534465034638,0.402965642103844,1,1,1,"3","KRT8P31"
"SLC6A10P",0.00269022933604027,0.166167828995347,1,1,1,"3","SLC6A10P"
"KLF81",0.00271766533262738,1.53045023408223,1,1,1,"3","KLF8"
"SOX51",0.00271859318450136,0.51368669391216,1,1,1,"3","SOX5"
"ABCA9",0.00272014003272888,1.15436123470686,1,1,1,"3","ABCA9"
"FAS",0.00272014003272888,0.490157237568933,1,1,1,"3","FAS"
"MT4",0.00273099381252213,5.78060294601578,1,1,1,"3","MT4"
"S100A31",0.00273947181800408,1.00279898228504,1,1,1,"3","S100A3"
"N4BP2L1",0.00277750867338112,2.50076195465827,1,1,1,"3","N4BP2L1"
"VPS361",0.00278128779491526,0.554332897573488,1,1,1,"3","VPS36"
"SLC24A51",0.0027832633178696,0.302948834061704,1,1,1,"3","SLC24A5"
"COLCA2",0.00281386103374337,1.88181501683636,1,1,1,"3","COLCA2"
"NPY5R",0.00282820577273696,0.215375271435747,1,1,1,"3","NPY5R"
"METTL24",0.00283605252916618,0.859280146745617,1,1,1,"3","METTL24"
"CACNB11",0.00284277218297193,0.457801933097613,1,1,1,"3","CACNB1"
"C1S1",0.00284368859789476,0.86538973431793,1,1,1,"3","C1S"
"GYLTL1B1",0.00286216017902629,0.697138548560842,1,1,1,"3","GYLTL1B"
"FAM198A",0.00286774276376109,0.743941025009528,1,1,1,"3","FAM198A"
"PCDH181",0.00287490362322318,0.523119957325321,1,1,1,"3","PCDH18"
"WBSCR171",0.00288130938601279,0.740686692023511,1,1,1,"3","WBSCR17"
"DACT21",0.0028897511014138,0.352959111326582,1,1,1,"3","DACT2"
"EFS1",0.00290176987232893,1.11949981533671,1,1,1,"3","EFS"
"MMP28",0.00290475323167872,0.712443478200516,1,1,1,"3","MMP28"
"PTGER3",0.00290475323167872,0.475410034001087,1,1,1,"3","PTGER3"
"RP11-3J10.4",0.00290573254990557,0.630476500769111,1,1,1,"3","RP11-3J10.4"
"ECM21",0.00290717857450413,0.4471062206763,1,1,1,"3","ECM2"
"MAP1A1",0.00290736518996819,0.811373138744443,1,1,1,"3","MAP1A"
"NFIX",0.00290736518996819,0.613064230988847,1,1,1,"3","NFIX"
"RP11-331F4.4",0.00291029473291362,0.831733552866256,1,1,1,"3","RP11-331F4.4"
"GNAO11",0.00291831736748168,0.385368213214818,1,1,1,"3","GNAO1"
"GPR33",0.00292008156995395,0.173001144562171,1,1,1,"3","GPR33"
"GRTP11",0.00292624446144379,0.550129911010956,1,1,1,"3","GRTP1"
"CA14",0.0029507768756378,0.437185652119924,1,1,1,"3","CA14"
"ARG11",0.00296190240607606,0.104092901974239,1,1,1,"3","ARG1"
"HDC1",0.00297067855410192,0.869649203941,1,1,1,"3","HDC"
"ANK32",0.00297234066596397,0.175661648714048,1,1,1,"3","ANK3"
"BICC11",0.00297234066596397,0.843679308215503,1,1,1,"3","BICC1"
"PDCD41",0.00297234066596397,0.651123561818718,1,1,1,"3","PDCD4"
"ULK2",0.00297234066596397,0.399051697463911,1,1,1,"3","ULK2"
"LGR51",0.00298662223432077,0.94568331685063,1,1,1,"3","LGR5"
"IL20RA1",0.00302106903338844,0.792733426162423,1,1,1,"3","IL20RA"
"LINC006361",0.00302605466998802,1.29570698707898,1,1,1,"3","LINC00636"
"C1QTNF3",0.00303593149635951,0.96564892907926,1,1,1,"3","C1QTNF3"
"WLS2",0.00303863847109534,0.735882958457744,1,1,1,"3","WLS"
"RIMBP22",0.00305047556762779,0.715448786373711,1,1,1,"3","RIMBP2"
"AC025335.11",0.00306424763109691,0.809899223572399,1,1,1,"3","AC025335.1"
"HAS21",0.00309546541783248,1.0742242987288,1,1,1,"3","HAS2"
"FMO11",0.00310037942780768,0.778465009026126,1,1,1,"3","FMO1"
"GPNMB1",0.00310628240483131,0.928609909029465,1,1,1,"3","GPNMB"
"CTGLF11P",0.00312643365550899,0.713568907842232,1,1,1,"3","CTGLF11P"
"CADM31",0.00312968041761428,0.88140668768337,1,1,1,"3","CADM3"
"C9orf106",0.003134571981229,0.250269943925593,1,1,1,"3","C9orf106"
"SIGLEC61",0.00316156940899372,0.607745618085008,1,1,1,"3","SIGLEC6"
"EGFL61",0.0031670365131776,0.236077690962805,1,1,1,"3","EGFL6"
"PTGFR1",0.00316774029980095,1.24103634311957,1,1,1,"3","PTGFR"
"TBX18",0.00317429471455541,0.767130379731787,1,1,1,"3","TBX18"
"TEX351",0.00320431459567799,0.216093507364242,1,1,1,"3","TEX35"
"HESX1",0.00322717540500607,0.185116138097326,1,1,1,"3","HESX1"
"STAC",0.00323729811816008,2.07500302061448,1,1,1,"3","STAC"
"FAM53A",0.003242850728701,0.396427608533378,1,1,1,"3","FAM53A"
"FGL21",0.00324570565058701,0.886668844446671,1,1,1,"3","FGL2"
"LUM1",0.00324570565058701,1.13363058175655,1,1,1,"3","LUM"
"CHRM11",0.00326658349783186,0.120734366426285,1,1,1,"3","CHRM1"
"ADAMTS5",0.0032809265418063,1.01293615503992,1,1,1,"3","ADAMTS5"
"HOXD11",0.00330095109407497,0.823760797103276,1,1,1,"3","HOXD11"
"SPATA31B1",0.00331270089553396,0.320750870797267,1,1,1,"3","SPATA31B1"
"PTCH2",0.00331649643885798,0.795286099806946,1,1,1,"3","PTCH2"
"GNB3",0.0033613041960998,1.05903275494632,1,1,1,"3","GNB3"
"C12orf75",0.00338895956537201,0.709535081776679,1,1,1,"3","C12orf75"
"SEMA3C1",0.00339059674844182,1.32622274489043,1,1,1,"3","SEMA3C"
"TGM4",0.0034567900859363,0.547073668907959,1,1,1,"3","TGM4"
"C5orf28",0.0034610385041571,0.744767944594649,1,1,1,"3","C5orf28"
"RP5-1142A6.8",0.0034610385041571,0.99677332279726,1,1,1,"3","RP5-1142A6.8"
"CTB-56J15.11",0.00346111802365951,0.310805963027931,1,1,1,"3","CTB-56J15.1"
"FAM86JP",0.00350470947187388,0.452676085909982,1,1,1,"3","FAM86JP"
"HLF2",0.00352977028150834,0.36068561580046,1,1,1,"3","HLF"
"RP11-79L9.2",0.00353120506339721,0.382390037552245,1,1,1,"3","RP11-79L9.2"
"SCGB2A21",0.00353572375785615,1.46936995821183,1,1,1,"3","SCGB2A2"
"RP11-829H16.3",0.00353741414982523,0.438415110872674,1,1,1,"3","RP11-829H16.3"
"THRB1",0.00353873045832383,0.702606502278282,1,1,1,"3","THRB"
"SNED11",0.00354124608169581,0.93886813922148,1,1,1,"3","SNED1"
"EPS8L21",0.00354157428410122,1.32667686632392,1,1,1,"3","EPS8L2"
"MPEG1",0.00354179309565594,0.852682118947033,1,1,1,"3","MPEG1"
"MASP11",0.00357138456956511,0.58254606097225,1,1,1,"3","MASP1"
"TSGA10IP",0.00357779260353526,0.686049978004963,1,1,1,"3","TSGA10IP"
"AC131097.4",0.00360484440836787,0.547608557373364,1,1,1,"3","AC131097.4"
"FRRS11",0.00361760890260552,0.597288130893221,1,1,1,"3","FRRS1"
"DNAH14",0.00361900025991031,0.75133062796915,1,1,1,"3","DNAH14"
"DDR11",0.0036193342324114,0.602952798313835,1,1,1,"3","DDR1"
"BBS2",0.00361955689079885,0.288492397520599,1,1,1,"3","BBS2"
"MACROD21",0.00368642163081634,0.467095670359679,1,1,1,"3","MACROD2"
"RP11-286O18.1",0.00369296282773653,0.351873700837931,1,1,1,"3","RP11-286O18.1"
"DZIP1L",0.00369830404421773,0.488554978490527,1,1,1,"3","DZIP1L"
"USP7",0.00369887043197651,0.314559941949778,1,1,1,"3","USP7"
"CNKSR21",0.00375881711743953,0.576281799509482,1,1,1,"3","CNKSR2"
"LPAR32",0.00375977545392527,0.588005257816889,1,1,1,"3","LPAR3"
"CDH231",0.00377976088306507,0.58681099220183,1,1,1,"3","CDH23"
"PRRX1",0.00377976088306507,0.605197544204199,1,1,1,"3","PRRX1"
"PTPRS",0.00377976088306507,0.492722162166963,1,1,1,"3","PTPRS"
"CTD-2555O16.2",0.00379305105014286,0.45148710984072,1,1,1,"3","CTD-2555O16.2"
"LRRC9",0.00379574815125182,2.17641812928571,1,1,1,"3","LRRC9"
"NKD21",0.00386166947447519,0.551490889067505,1,1,1,"3","NKD2"
"CIR1",0.00386219716647144,0.406834138118892,1,1,1,"3","CIR1"
"CPA31",0.00394519017002015,0.820407277065577,1,1,1,"3","CPA3"
"MAP71",0.00394614453108582,0.61420601807545,1,1,1,"3","MAP7"
"FOXN3",0.00394638314228014,0.549088124365822,1,1,1,"3","FOXN3"
"NBPF9",0.00394638314228014,0.649977065581581,1,1,1,"3","NBPF9"
"DEFB124",0.00394934683805349,0.474055883961674,1,1,1,"3","DEFB124"
"TMEM132B",0.00397188110694433,0.252523957660193,1,1,1,"3","TMEM132B"
"CD33",0.00398401551134797,0.452407055273166,1,1,1,"3","CD33"
"MARCH1",0.00398401551134797,0.613985434997193,1,1,1,"3","MARCH1"
"COPZ2",0.0039884661572048,0.467612008305473,1,1,1,"3","COPZ2"
"AC093668.2",0.00399579033460095,1.66827251117497,1,1,1,"3","AC093668.2"
"RNASE1",0.00403192851826799,0.923203142663414,1,1,1,"3","RNASE1"
"FUCA21",0.0040321712618905,0.263116712982665,1,1,1,"3","FUCA2"
"LRBA1",0.0040321712618905,0.533317179081244,1,1,1,"3","LRBA"
"FAM155A",0.00405821301707148,0.445987488542018,1,1,1,"3","FAM155A"
"ISLR21",0.00407355509514804,0.313956389046815,1,1,1,"3","ISLR2"
"PTPN20B1",0.00410110773678315,0.302352009966953,1,1,1,"3","PTPN20B"
"TMEM2371",0.00411940198745769,0.138390995290862,1,1,1,"3","TMEM237"
"LNPEP1",0.00411964892234416,0.413739744398161,1,1,1,"3","LNPEP"
"MPP71",0.00416185150953361,0.60143648384048,1,1,1,"3","MPP7"
"IDI2",0.00418692233974114,0.630653659548582,1,1,1,"3","IDI2"
"ST13P101",0.00419504288746873,0.478866216820164,1,1,1,"3","ST13P10"
"PLEK2",0.00419849104531361,1.30087198132204,1,1,1,"3","PLEK2"
"HPGD1",0.00420532948157153,0.647742339769009,1,1,1,"3","HPGD"
"PTGS11",0.00420758945352656,0.252638955628601,1,1,1,"3","PTGS1"
"AKR1CL1",0.004208114153523,0.322319853780325,1,1,1,"3","AKR1CL1"
"NOC3L",0.00420884529514125,0.107065164741872,1,1,1,"3","NOC3L"
"ZNF80",0.00421583821877993,0.301558885152192,1,1,1,"3","ZNF80"
"RP11-706O15.5",0.00423705008073928,0.606937878662862,1,1,1,"3","RP11-706O15.5"
"GCM2",0.00426073238688532,0.660635157133116,1,1,1,"3","GCM2"
"RAPGEF4",0.00429915124104079,1.22581261243593,1,1,1,"3","RAPGEF4"
"TNFSF18",0.00430858895055544,0.634355026423831,1,1,1,"3","TNFSF18"
"NTN1",0.00438472073303461,0.505411090277388,1,1,1,"3","NTN1"
"LGR41",0.00438705756366495,1.16202680121753,1,1,1,"3","LGR4"
"NUAK11",0.00439186328307358,0.592328502237809,1,1,1,"3","NUAK1"
"DSTYK",0.00439225306774598,0.950614996161878,1,1,1,"3","DSTYK"
"SETD4",0.00439225306774598,0.391274024355253,1,1,1,"3","SETD4"
"TSR11",0.00439225306774598,0.349644694628898,1,1,1,"3","TSR1"
"ARHGEF51",0.00439244796749295,0.764449400041196,1,1,1,"3","ARHGEF5"
"MBNL1",0.00439251293517316,0.409069112591151,1,1,1,"3","MBNL1"
"PDE4DIP",0.00439251293517316,0.42046371224821,1,1,1,"3","PDE4DIP"
"TEX40",0.00440245243430388,0.343814228206115,1,1,1,"3","TEX40"
"XCR11",0.00441207800441187,0.547335219262505,1,1,1,"3","XCR1"
"MEP1B",0.00443331105374697,1.60675922406867,1,1,1,"3","MEP1B"
"FLRT31",0.00448334523878941,1.16950698201934,1,1,1,"3","FLRT3"
"LRP1",0.00448704462879112,0.630378959644251,1,1,1,"3","LRP1"
"PROKR1",0.00452790549647229,0.105879561188306,1,1,1,"3","PROKR1"
"HOXD101",0.00456864552355711,1.21825102949519,1,1,1,"3","HOXD10"
"CARD171",0.00456867634480659,0.32330779213005,1,1,1,"3","CARD17"
"NOS11",0.00458097150838241,0.162054918917322,1,1,1,"3","NOS1"
"HIGD1AP141",0.0046015252249866,0.407855985033292,1,1,1,"3","HIGD1AP14"
"KLK121",0.004628863033403,0.168438234766931,1,1,1,"3","KLK12"
"ACVR2A",0.00463162348298868,0.369681244896938,1,1,1,"3","ACVR2A"
"AKR1C2",0.00468097465573646,0.256113429247469,1,1,1,"3","AKR1C2"
"UBL3",0.00468097465573646,0.520689060535124,1,1,1,"3","UBL3"
"MS4A6A1",0.00468158967576474,0.835797475523201,1,1,1,"3","MS4A6A"
"C1R1",0.00468165801414536,0.828333367209588,1,1,1,"3","C1R"
"FNBP1",0.00468165801414536,0.577111884846147,1,1,1,"3","FNBP1"
"HMCN11",0.00468165801414536,0.832659127434201,1,1,1,"3","HMCN1"
"BASP11",0.00478041294157921,0.689101515262351,1,1,1,"3","BASP1"
"BCLAF1",0.00478180269699151,0.553295358268194,1,1,1,"3","BCLAF1"
"WDR87",0.00479459434626747,0.21307688319378,1,1,1,"3","WDR87"
"DPH61",0.00482671409638078,0.368935658491171,1,1,1,"3","DPH6"
"RP11-680G24.5",0.0048756058019651,0.417974347845249,1,1,1,"3","RP11-680G24.5"
"RAB11FIP41",0.00487794833471388,0.302264288894746,1,1,1,"3","RAB11FIP4"
"MOB3B1",0.00488246892618851,0.389531017689515,1,1,1,"3","MOB3B"
"RAB3C",0.00488252712754263,0.24511192743304,1,1,1,"3","RAB3C"
"C1orf1701",0.004882797668101,0.217606159463891,1,1,1,"3","C1orf170"
"HNRNPA1P76",0.00490639572413152,0.269042329781376,1,1,1,"3","HNRNPA1P76"
"SORCS31",0.00490816363132564,0.171082428725242,1,1,1,"3","SORCS3"
"FAM180A",0.00492750038068989,0.758391288816888,1,1,1,"3","FAM180A"
"RBM43",0.00493494495162369,0.763360189762544,1,1,1,"3","RBM43"
"ANXA91",0.00497931087630252,0.192042407057402,1,1,1,"3","ANXA9"
"TEF1",0.0049854143732926,0.522830388063634,1,1,1,"3","TEF"
"VGLL31",0.00498649189584409,0.91696441448364,1,1,1,"3","VGLL3"
"TTC39B1",0.00498785694501271,1.10423040105304,1,1,1,"3","TTC39B"
"CSNK2A21",0.00498792879550359,0.370951010317878,1,1,1,"3","CSNK2A2"
"RPS4X1",0.00498792879550359,0.167744992205346,1,1,1,"3","RPS4X"
"XIST1",0.00498792879550359,0.742860258193307,1,1,1,"3","XIST"
"CYP19A11",0.00501107491366543,0.143826144921396,1,1,1,"3","CYP19A1"
"ZNF440",0.00503997571974817,0.636416935121904,1,1,1,"3","ZNF440"
"FBXW11P1",0.005040274903078,0.346760480616556,1,1,1,"3","FBXW11P1"
"TACR1",0.00505315755696928,1.9222340630338,1,1,1,"3","TACR1"
"STXBP61",0.00507791820662385,0.255411575596684,1,1,1,"3","STXBP6"
"PRPH",0.00507884040237101,0.14946168696987,1,1,1,"3","PRPH"
"ARL5A1",0.00509397583876763,2.19677510534622,1,1,1,"3","ARL5A"
"TASP1",0.00509397583876763,0.533538591373404,1,1,1,"3","TASP1"
"KRTAP5-41",0.0051577914291597,1.33490600358257,1,1,1,"3","KRTAP5-4"
"FOLR2",0.00519789836562044,0.867980782836066,1,1,1,"3","FOLR2"
"COMP",0.00520175962346492,2.81293161136663,1,1,1,"3","COMP"
"LANCL11",0.00520175962346492,0.320892545590235,1,1,1,"3","LANCL1"
"ABCA1",0.0052020567093795,0.696785604074442,1,1,1,"3","ABCA1"
"ASNSP5",0.00522704048967817,0.298413953943689,1,1,1,"3","ASNSP5"
"WSCD2",0.00526952253562792,0.611683711097458,1,1,1,"3","WSCD2"
"WNT111",0.00527791073806827,0.673358480462916,1,1,1,"3","WNT11"
"MCF2L22",0.00529560795227472,0.622160230658237,1,1,1,"3","MCF2L2"
"LRRC151",0.00530586476020473,1.15553793659598,1,1,1,"3","LRRC15"
"FOXP2",0.00531069530223238,0.395892788197568,1,1,1,"3","FOXP2"
"GP1BA",0.00531190331860572,0.443275067285477,1,1,1,"3","GP1BA"
"APPL21",0.00531220534650266,0.560625285490914,1,1,1,"3","APPL2"
"NDST2",0.00531220534650266,0.507000758684903,1,1,1,"3","NDST2"
"URI1",0.00542445614657393,0.754195593211257,1,1,1,"3","URI1"
"SHOX2",0.00545927112024236,0.363985698128294,1,1,1,"3","SHOX2"
"ZNF845",0.00553728350792934,0.334883210066792,1,1,1,"3","ZNF845"
"LGALS31",0.0055387659385338,0.599091697387699,1,1,1,"3","LGALS3"
"SGMS1",0.00553884396724951,1.40498912753146,1,1,1,"3","SGMS1"
"THBS21",0.00553884396724951,0.831526393406641,1,1,1,"3","THBS2"
"KIAA03191",0.00554154716024324,0.238488789612845,1,1,1,"3","KIAA0319"
"MFAP41",0.00559024416826786,1.15508688625301,1,1,1,"3","MFAP4"
"RP11-292B8.1",0.00559024416826786,0.948558138447387,1,1,1,"3","RP11-292B8.1"
"TRAT1",0.00559088661279916,0.416406397290213,1,1,1,"3","TRAT1"
"TAC3",0.00565206028062237,1.53643061185919,1,1,1,"3","TAC3"
"ZMAT1",0.00565381796042041,1.89473336627398,1,1,1,"3","ZMAT1"
"NPRL2",0.00565461101536644,0.448330525666954,1,1,1,"3","NPRL2"
"SPON11",0.00565508687762763,0.537657781871927,1,1,1,"3","SPON1"
"MXRA51",0.00565540413134066,0.732898674976067,1,1,1,"3","MXRA5"
"MYO1D1",0.00565540413134066,0.461632782614288,1,1,1,"3","MYO1D"
"PPOX",0.00565540413134066,0.355317247948033,1,1,1,"3","PPOX"
"HIST3H2BB",0.00570859365335806,0.329144460717744,1,1,1,"3","HIST3H2BB"
"AC110619.21",0.00573061619669919,1.27903305020155,1,1,1,"3","AC110619.2"
"KANK11",0.00577409181377648,0.381230572888349,1,1,1,"3","KANK1"
"AMICA1",0.00577417243073796,0.789848271379688,1,1,1,"3","AMICA1"
"ADRA2C1",0.00578675782082048,0.895939238883763,1,1,1,"3","ADRA2C"
"CALHM1",0.00579867111749407,0.190577263206107,1,1,1,"3","CALHM1"
"USH2A",0.00581117656709947,0.353526735745286,1,1,1,"3","USH2A"
"SIM2",0.00582860420323887,1.31234824591346,1,1,1,"3","SIM2"
"LPAL21",0.00583961141286083,0.493928614037456,1,1,1,"3","LPAL2"
"BHMT",0.00585121420760362,1.77459300594053,1,1,1,"3","BHMT"
"SLC46A21",0.00585796800856062,0.417709359810793,1,1,1,"3","SLC46A2"
"ZNF571",0.00587717399902151,0.505798450700535,1,1,1,"3","ZNF57"
"CCDC113",0.00589059762991749,0.574868222312263,1,1,1,"3","CCDC113"
"MFSD8",0.00589436579114571,0.770570657585319,1,1,1,"3","MFSD8"
"EXOC6B1",0.00589518513032294,0.431572982593899,1,1,1,"3","EXOC6B"
"PTPRF1",0.00589518513032294,0.364457163313876,1,1,1,"3","PTPRF"
"TBC1D141",0.00589518513032294,0.49181339665445,1,1,1,"3","TBC1D14"
"TXNIP",0.00589518513032294,0.471589477602286,1,1,1,"3","TXNIP"
"PABPN1L1",0.00590576136175736,0.112939684516068,1,1,1,"3","PABPN1L"
"NKAIN2",0.00591770369264285,0.796773416756452,1,1,1,"3","NKAIN2"
"TMEM351",0.00593091347701638,0.36283904042444,1,1,1,"3","TMEM35"
"AVPR2",0.00594292351718694,0.649762294158057,1,1,1,"3","AVPR2"
"TSHR",0.00594292351718694,0.604796474369124,1,1,1,"3","TSHR"
"C1orf1471",0.0059619972376178,0.491561951039309,1,1,1,"3","C1orf147"
"AC131180.41",0.00598779619835884,0.177427039888924,1,1,1,"3","AC131180.4"
"CD200R11",0.00598820865333244,0.890039355120839,1,1,1,"3","CD200R1"
"PODN",0.00601847897186603,0.78719481066566,1,1,1,"3","PODN"
"EXTL11",0.00603209309369003,0.133047026805952,1,1,1,"3","EXTL1"
"SOX211",0.00605137499349236,0.381904110954681,1,1,1,"3","SOX21"
"GAPDHP2",0.0060623822230859,0.579255520824665,1,1,1,"3","GAPDHP2"
"OR51B21",0.00608278479444191,0.331637415345376,1,1,1,"3","OR51B2"
"MRPL35P3",0.00609487311350871,0.611233189917973,1,1,1,"3","MRPL35P3"
"RP11-129B9.2",0.00611586474116469,0.340901763758014,1,1,1,"3","RP11-129B9.2"
"EEF1A1P25",0.00612548816935694,0.720691007378308,1,1,1,"3","EEF1A1P25"
"PCSK21",0.00614226366313729,1.05120795279722,1,1,1,"3","PCSK2"
"PLEKHH2",0.00614409117790945,0.527513033964663,1,1,1,"3","PLEKHH2"
"SCO1",0.00620692534119572,0.307498430816688,1,1,1,"3","SCO1"
"PRELP1",0.00627119948298633,0.860018761451954,1,1,1,"3","PRELP"
"ZNF256",0.00627171545895241,0.560064306434695,1,1,1,"3","ZNF256"
"CELSR21",0.00627205945563418,0.724354669521244,1,1,1,"3","CELSR2"
"RAB3B1",0.00637382869118259,0.408915665558977,1,1,1,"3","RAB3B"
"ELFN1",0.00638801134886336,3.54567907197719,1,1,1,"3","ELFN1"
"CCDC146",0.00640154813172339,0.955815425903817,1,1,1,"3","CCDC146"
"MYO191",0.00640242200070954,0.912332256998441,1,1,1,"3","MYO19"
"PLD1",0.00640242200070954,0.362541731497185,1,1,1,"3","PLD1"
"AHCYP1",0.0064165587848588,0.30068133412259,1,1,1,"3","AHCYP1"
"FCER2",0.00643440765050306,0.310561233356625,1,1,1,"3","FCER2"
"RP11-322D14.1",0.00648406719376072,0.256720459443404,1,1,1,"3","RP11-322D14.1"
"RTN4RL1",0.00648559202682088,1.03132696565381,1,1,1,"3","RTN4RL1"
"CCDC79",0.00651148488701647,0.389430326054534,1,1,1,"3","CCDC79"
"UBE2D3P1",0.00651569764519867,0.195269285663679,1,1,1,"3","UBE2D3P1"
"CATSPER21",0.00653024584814087,0.675684760347325,1,1,1,"3","CATSPER2"
"TSSK4",0.00653432955758803,0.475436180274958,1,1,1,"3","TSSK4"
"CD47",0.00653521750112434,0.264686863678111,1,1,1,"3","CD47"
"TUBGCP3",0.00653521750112434,0.356842453778905,1,1,1,"3","TUBGCP3"
"TEX13B1",0.00656534586370564,0.595205860676188,1,1,1,"3","TEX13B"
"F7",0.00657859907233876,0.502620160718161,1,1,1,"3","F7"
"CTSG1",0.00665966305863762,0.1751873964674,1,1,1,"3","CTSG"
"SMPD2",0.00665966305863762,3.63777199697261,1,1,1,"3","SMPD2"
"MUC20",0.00666290870060641,0.955091189721887,1,1,1,"3","MUC20"
"HMCN2",0.00666732773352078,1.3850847497741,1,1,1,"3","HMCN2"
"TOM1L21",0.00667048514099814,0.355550347723796,1,1,1,"3","TOM1L2"
"CLNK1",0.00670869516357684,0.187165287193249,1,1,1,"3","CLNK"
"NR1D11",0.00673814900237851,0.670715363438291,1,1,1,"3","NR1D1"
"LRRC11",0.0068050566763314,0.200766845540519,1,1,1,"3","LRRC1"
"EMB1",0.00680789794343082,0.796847275551549,1,1,1,"3","EMB"
"TK2",0.00680817293815439,0.482951606449259,1,1,1,"3","TK2"
"PHYHD1",0.00694077562859194,0.395034590709752,1,1,1,"3","PHYHD1"
"POTEKP",0.00694077562859194,0.742732835263261,1,1,1,"3","POTEKP"
"CECR11",0.00694822357104738,0.634197062672635,1,1,1,"3","CECR1"
"MORC41",0.00694822357104738,0.485860368877718,1,1,1,"3","MORC4"
"TRIM14",0.00694859607897497,0.474899653397999,1,1,1,"3","TRIM14"
"RP11-700J17.1",0.00699213232719696,0.332400362721051,1,1,1,"3","RP11-700J17.1"
"F101",0.00707591891452219,1.2919135350793,1,1,1,"3","F10"
"CACNB21",0.00708820937222788,0.261445945230237,1,1,1,"3","CACNB2"
"DEPTOR1",0.00709114183161446,0.517481920404984,1,1,1,"3","DEPTOR"
"PER2",0.00709142565188599,0.527748879599132,1,1,1,"3","PER2"
"FAM209A",0.0071501233218801,0.289768767405629,1,1,1,"3","FAM209A"
"MYOM3",0.00719341892801705,4.18494483676479,1,1,1,"3","MYOM3"
"RP11-10L12.1",0.00719886043460497,0.721328997768964,1,1,1,"3","RP11-10L12.1"
"LYPD21",0.00720020808390407,0.264597386870655,1,1,1,"3","LYPD2"
"IFI44L",0.00723611731684816,1.6212983842678,1,1,1,"3","IFI44L"
"SEPP1",0.0072369822469855,1.24076800528161,1,1,1,"3","SEPP1"
"RHOT1",0.00723707835367919,0.302735066813753,1,1,1,"3","RHOT1"
"SORBS1",0.00723707835367919,0.117524420778022,1,1,1,"3","SORBS1"
"NXF31",0.0072867181862094,0.46220493084466,1,1,1,"3","NXF3"
"RP11-334C17.5",0.00731908341610651,0.38728389997897,1,1,1,"3","RP11-334C17.5"
"HOXD91",0.00738335973073401,0.190794403874378,1,1,1,"3","HOXD9"
"CTSW",0.00738433587231171,0.11537317033601,1,1,1,"3","CTSW"
"RP11-365F18.3",0.00738436217579357,0.414891478209322,1,1,1,"3","RP11-365F18.3"
"GTF2IRD2B",0.00738531208126141,0.737272829737835,1,1,1,"3","GTF2IRD2B"
"HES5",0.00742722521828898,0.360342146064138,1,1,1,"3","HES5"
"NANOGP81",0.00743042946229624,0.436171227666158,1,1,1,"3","NANOGP8"
"CTD-2555A7.3",0.00744942029134186,0.558285481270085,1,1,1,"3","CTD-2555A7.3"
"RP11-72M17.1",0.00744942029134186,0.33631741165174,1,1,1,"3","RP11-72M17.1"
"IGSF11",0.00748752951719815,1.9551467135836,1,1,1,"3","IGSF11"
"SAMD3",0.00752436933646437,0.986562359184482,1,1,1,"3","SAMD3"
"GS1-115G20.2",0.00752583315829058,0.421755177730466,1,1,1,"3","GS1-115G20.2"
"AC022431.1",0.00753071177185262,3.46344721091421,1,1,1,"3","AC022431.1"
"BTK1",0.00753279348899256,0.481486924177938,1,1,1,"3","BTK"
"PARP9",0.00753616452248001,0.819424515515994,1,1,1,"3","PARP9"
"PNMA3",0.00758421836941556,1.76228924284853,1,1,1,"3","PNMA3"
"ANO91",0.00760927470870362,0.255201250435194,1,1,1,"3","ANO9"
"NOTUM1",0.00762188197284401,0.189926278812585,1,1,1,"3","NOTUM"
"BEND61",0.00763368258055458,0.613300042923646,1,1,1,"3","BEND6"
"RP11-66N24.31",0.00766783512079694,0.703501915967042,1,1,1,"3","RP11-66N24.3"
"MR11",0.00767789502106006,0.396911757254967,1,1,1,"3","MR1"
"ADAMTSL11",0.00768796175288882,0.168260456770508,1,1,1,"3","ADAMTSL1"
"GSTM2",0.00768796175288882,0.572791072788242,1,1,1,"3","GSTM2"
"ATP10A1",0.00768997591890787,0.513030818703587,1,1,1,"3","ATP10A"
"AC005154.6",0.00770097752235466,0.3298300382669,1,1,1,"3","AC005154.6"
"BCMO1",0.00774290083070343,2.30388012008939,1,1,1,"3","BCMO1"
"AC068587.21",0.0077970185444457,0.116380399532096,1,1,1,"3","AC068587.2"
"CD40LG1",0.00780930443604971,0.586078761829384,1,1,1,"3","CD40LG"
"RP11-6L6.2",0.00782272069234026,0.566749164944746,1,1,1,"3","RP11-6L6.2"
"TWIST1",0.00782962375034794,0.518950856215048,1,1,1,"3","TWIST1"
"RFX21",0.00783422234667158,1.11218439881788,1,1,1,"3","RFX2"
"SFRP2",0.00784638978970561,1.54078087006654,1,1,1,"3","SFRP2"
"ZNF648",0.00790861928928414,0.247440288173825,1,1,1,"3","ZNF648"
"ACAP1",0.0080054404550653,2.92603453082342,1,1,1,"3","ACAP1"
"CEP170B1",0.00800575209602927,0.170459429727774,1,1,1,"3","CEP170B"
"GCLM",0.00800585597773474,2.61130271568985,1,1,1,"3","GCLM"
"SLITRK51",0.00800647768493478,0.36244966853136,1,1,1,"3","SLITRK5"
"RP13-228J13.6",0.0080483014520441,0.634350349501325,1,1,1,"3","RP13-228J13.6"
"MIR568",0.00806332447141101,0.408995679095591,1,1,1,"3","MIR568"
"AP1M21",0.00808226063483511,2.0757316225164,1,1,1,"3","AP1M2"
"HAUS7",0.00812975818252371,0.104636311361174,1,1,1,"3","HAUS7"
"C15orf61",0.00816220537543765,0.665548862671846,1,1,1,"3","C15orf61"
"MYO5B1",0.00816768999492946,0.94437707164589,1,1,1,"3","MYO5B"
"RP11-166B2.1",0.00816768999492946,1.26279297204367,1,1,1,"3","RP11-166B2.1"
"ACOX11",0.00816800647275295,0.443216660580589,1,1,1,"3","ACOX1"
"ANXA2P2",0.00816811196675388,0.878133702165785,1,1,1,"3","ANXA2P2"
"GOLGA4",0.00816811196675388,0.497094408073416,1,1,1,"3","GOLGA4"
"OSBPL1A",0.00816811196675388,0.362720915049568,1,1,1,"3","OSBPL1A"
"COL26A11",0.00816916314462512,0.287142683586545,1,1,1,"3","COL26A1"
"PTPN20CP1",0.0081836833965065,0.180311009608953,1,1,1,"3","PTPN20CP"
"CLDN2",0.00818877810933974,0.375728796814448,1,1,1,"3","CLDN2"
"RP11-247C2.21",0.008263519231154,0.385511395973255,1,1,1,"3","RP11-247C2.2"
"ZNF5951",0.00832730697264391,0.315954458501228,1,1,1,"3","ZNF595"
"AIM11",0.00833330493161088,0.64778563366573,1,1,1,"3","AIM1"
"CYP2C91",0.00834811422453138,1.49847418192626,1,1,1,"3","CYP2C9"
"PPAPDC1A",0.00835602130678893,0.200014731042492,1,1,1,"3","PPAPDC1A"
"HOXA9",0.00837793304533756,0.317196522313919,1,1,1,"3","HOXA9"
"SCML4",0.00837793304533756,0.643043904467001,1,1,1,"3","SCML4"
"TNXA1",0.0084993048945489,0.368643784607595,1,1,1,"3","TNXA"
"ATP2B41",0.00850148029832986,0.439560980543948,1,1,1,"3","ATP2B4"
"DDX58",0.00850148029832986,0.590782832905891,1,1,1,"3","DDX58"
"TRERF11",0.00850148029832986,0.327550536443892,1,1,1,"3","TRERF1"
"GS1-124K5.101",0.00853690135327959,0.30298784459154,1,1,1,"3","GS1-124K5.10"
"RP3-341D10.11",0.008585139672969,0.373773722682824,1,1,1,"3","RP3-341D10.1"
"DARC1",0.00861094444536644,0.893231547275901,1,1,1,"3","DARC"
"TREX2",0.00861094444536644,0.389473489548481,1,1,1,"3","TREX2"
"RP4-607J23.2",0.00862250365027854,0.568716429926441,1,1,1,"3","RP4-607J23.2"
"CYB5R21",0.00865446976448114,0.226138891612706,1,1,1,"3","CYB5R2"
"THEM41",0.00866881878798218,0.144063415937698,1,1,1,"3","THEM4"
"MALT11",0.00867224224956411,0.390956539780213,1,1,1,"3","MALT1"
"ABCA10",0.00867257358849339,1.38813880945212,1,1,1,"3","ABCA10"
"ADK1",0.00867257358849339,0.248854474761696,1,1,1,"3","ADK"
"FRMD7",0.00867742295828624,0.260908986915299,1,1,1,"3","FRMD7"
"MCOLN21",0.00872763598032851,0.48294139153564,1,1,1,"3","MCOLN2"
"CLDN81",0.00873014478196438,0.191928043377173,1,1,1,"3","CLDN8"
"KRT8P44",0.00873078894315283,0.239455858900394,1,1,1,"3","KRT8P44"
"REM21",0.00878744503608169,0.20197527820689,1,1,1,"3","REM2"
"ZFAND4",0.00884068401461234,0.463522469671561,1,1,1,"3","ZFAND4"
"OR51K1P",0.0088436669963531,1.31240857344175,1,1,1,"3","OR51K1P"
"PSMD5",0.00884685052295787,1.62110119626469,1,1,1,"3","PSMD5"
"CLIP11",0.00884696266128355,0.275226177739114,1,1,1,"3","CLIP1"
"COL6A31",0.00884696266128355,0.121357158794254,1,1,1,"3","COL6A3"
"AP000254.8",0.0088686942292176,0.291844928556843,1,1,1,"3","AP000254.8"
"ASPG1",0.00887575867486775,0.318448981290945,1,1,1,"3","ASPG"
"RPL23AP53",0.00891663590660145,0.505818316821804,1,1,1,"3","RPL23AP53"
"SLC15A5",0.00899417802668839,0.305969499764336,1,1,1,"3","SLC15A5"
"RP11-510H23.1",0.00899933380860795,0.267822108348136,1,1,1,"3","RP11-510H23.1"
"IRX21",0.00900558790636563,0.145950590666651,1,1,1,"3","IRX2"
"RASSF92",0.00901480244425469,0.871714689267883,1,1,1,"3","RASSF9"
"PLXNA4",0.00902390784865997,0.274166382540647,1,1,1,"3","PLXNA4"
"LYST1",0.00902436323954563,0.540700722179889,1,1,1,"3","LYST"
"MEIOB",0.00905185220706202,0.695967726135521,1,1,1,"3","MEIOB"
"SERPINE2",0.0091102346456591,1.09455902474331,1,1,1,"3","SERPINE2"
"CD8B",0.00915273598637983,0.860018615351089,1,1,1,"3","CD8B"
"BMS1P2",0.00917560291385679,0.329192045364243,1,1,1,"3","BMS1P2"
"MAPKAPK31",0.00920088854590573,0.100038236990432,1,1,1,"3","MAPKAPK3"
"AC007390.5",0.00920377763024201,0.417803387939136,1,1,1,"3","AC007390.5"
"ELF2",0.00920493339039286,0.502616378617265,1,1,1,"3","ELF2"
"KLF41",0.00920493339039286,0.501911772241073,1,1,1,"3","KLF4"
"CDRT15",0.00922143954453203,0.365006512658679,1,1,1,"3","CDRT15"
"RP11-259G18.2",0.00924096299744216,0.62168906779077,1,1,1,"3","RP11-259G18.2"
"RP11-305O4.2",0.00926858878650536,0.226433718155207,1,1,1,"3","RP11-305O4.2"
"RERGL",0.00927362624715755,2.13360725206157,1,1,1,"3","RERGL"
"AC116050.1",0.00927721730607095,0.510755062104405,1,1,1,"3","AC116050.1"
"FLNB-AS1",0.00928140320905695,3.85729229957084,1,1,1,"3","FLNB-AS1"
"KRTAP5-91",0.0092942446464344,0.655434784419636,1,1,1,"3","KRTAP5-9"
"RP11-359B20.1",0.00936040287681839,0.256509337688044,1,1,1,"3","RP11-359B20.1"
"ADCY7",0.0093882519748194,0.44840907452596,1,1,1,"3","ADCY7"
"CXorf23",0.00938860395998809,0.446450140204139,1,1,1,"3","CXorf23"
"FASLG1",0.00939322772624375,0.56462196939281,1,1,1,"3","FASLG"
"SNX241",0.00947190977550396,0.473989030784496,1,1,1,"3","SNX24"
"CTD-2328D6.1",0.00950919371658983,0.378919669401103,1,1,1,"3","CTD-2328D6.1"
"RPL5P29",0.0095094986936462,0.438928496184253,1,1,1,"3","RPL5P29"
"EMR4P",0.00952166036548917,0.535590352749475,1,1,1,"3","EMR4P"
"CD27-AS1",0.00955319983386639,0.244768601317666,1,1,1,"3","CD27-AS1"
"ARHGEF35",0.00957339379964115,0.753041518383119,1,1,1,"3","ARHGEF35"
"DCTD",0.00957565657306703,0.297014798612205,1,1,1,"3","DCTD"
"DST",0.00957577567371027,0.549814217062075,1,1,1,"3","DST"
"IL17D",0.00960414198773644,0.845408035348175,1,1,1,"3","IL17D"
"PAM",0.0097661458409083,0.768290709270001,1,1,1,"3","PAM"
"FAM153C1",0.00977710237170092,0.167837345052549,1,1,1,"3","FAM153C"
"CCNI2",0.00985954607152298,0.414329939901235,1,1,1,"3","CCNI2"
"SLC30A3",0.0098732211770546,1.50326576754986,1,1,1,"3","SLC30A3"
"ANAPC1P1",0.00993290470794058,0.351124603509021,1,1,1,"3","ANAPC1P1"
"SYDE21",0.00995558747803824,1.12147805401877,1,1,1,"3","SYDE2"
"WNK21",0.00995939084742742,1.30121268071643,1,1,1,"3","WNK2"
"KLHL11",0.00995975895309149,0.739794169152566,1,1,1,"3","KLHL11"
"HIVEP1",0.00995988165645626,0.572202632524181,1,1,1,"3","HIVEP1"
