"entity:sample_id"	"sample_alias"	"sample_type"	"individual_alias"	"data_type"	"tumor_timepoint"	"sample_alias_cleaned"	"LC-SET"	"LC_BATCH"	"BX_TIME_DAYS"	"BX_LOCATION"	"BX_TYPE"	"BX_VASOFORMATIVE"	"BX_EPITHELIOID"	"BX_SPINDLE_CELL"	"BX_NUCLEAR_GRADE"	"STUDY ID"	"Primary Site (Recombined)"	"Primary Site (Wagner2024)"	"Biopsy Location (Wagner2024)"	"Met Sites at Dx (Wagner2024)"	"Met Sites Ever (Wagner2024)"	"Other Cancer"	"BATCH NUMBER (EHR_EXTRACTED)"	"AGE AT DX (EHR_EXTRACTED)"	"SEX (EHR_EXTRACTED)"	"PRIMARY SITE (EHR_EXTRACTED)"	"DX BIOPSY LOCATION (EHR_EXTRACTED)"	"RAAS (EHR_EXTRACTED)"	"LAAS/STEWART-TREVES (EHR_EXTRACTED)"	"CUTANEOUS AS (EHR_EXTRACTED)"	"LOCAL RECURRENCE (EHR_EXTRACTED)"	"LOCAL RECURRENCE SITE (EHR_EXTRACTED)"	"LOCAL RECURRENCE DATE 1 (DAYS FROM DX) (EHR_EXTRACTED)"	"LOCAL RECURRENCE DATE 2 (DAYS FROM DX) (EHR_EXTRACTED)"	"LOCAL RECURRENCE DATE 3 (DAYS FROM DX) (EHR_EXTRACTED)"	"LOCAL RECURRENCE DATE 4 (DAYS FROM DX) (EHR_EXTRACTED)"	"LOCAL RECURRENCE DATE 5 (DAYS FROM DX) (EHR_EXTRACTED)"	"LOCAL RECURRENCE DATE 6 (DAYS FROM DX) (EHR_EXTRACTED)"	"DATE METS DX (DAYS FROM DX) (EHR_EXTRACTED)"	"METS SITES AT METS DX (EHR_EXTRACTED)"	"METS SITES EVER (EHR_EXTRACTED)"	"FINAL DATE MEDR (DAYS FROM DX) (EHR_EXTRACTED)"	"DATE ABSTRACTED (EHR_EXTRACTED)"	"ABSTRACTED FROM (EHR_EXTRACTED)"	"ABSTRACTOR (EHR_EXTRACTED)"	"PRIMARY SITE STANDARDIZED (EHR_EXTRACTED)"	"LAAS (EHR_EXTRACTED)"	"HAS METS AT DX (EHR_EXTRACTED)"	"legacy_shortid (PRD)"	"PREQUAL_SELF_DESCRIBE (PRD)"	"AGE OF DIAGNOSIS (PRD)"	"DIAGNOSIS_LOC (PRD)"	"DIAGNOSIS_LOC_BONELIMB_DETAILS (PRD)"	"DIAGNOSIS_LOC_ABDOMINAL_DETAILS (PRD)"	"DIAGNOSIS_LOC_OTHER_DETAILS (PRD)"	"EVER_LOCATION (PRD)"	"EVER_LOCATION_BONELIMB_DETAILS (PRD)"	"EVER_LOCATION_ABDOMINAL_DETAILS (PRD)"	"EVER_LOCATION_OTHER_DETAILS (PRD)"	"CURRENT_LOCATION (PRD)"	"CURRENT_LOCATION_BONELIMB_DETAILS (PRD)"	"CURRENT_LOCATION_ABDOMINAL_DETAILS (PRD)"	"CURRENT_LOCATION_OTHER_DETAILS (PRD)"	"SURGERY (PRD)"	"SURGERY_CLEAN_MARGINS (PRD)"	"RADIATION (PRD)"	"RADIATION_SURGERY (PRD)"	"ALL_TREATMENTS (PRD)"	"CURRENTLY_TREATED (PRD)"	"CURRENT_THERAPIES (PRD)"	"OTHER_CANCER (PRD)"	"OTHER_CANCER_LIST (PRD)"	"OTHER_CANCER_RADIATION (PRD)"	"OTHER_CANCER_RADIATION_LOC (PRD)"	"REFERRAL_SOURCE (PRD)"	"EXPERIENCE (PRD)"	"HISPANIC (PRD)"	"RACE (PRD)"	"RACE_OTHER_DETAILS (PRD)"	"DIAGNOSIS_PRIMARY_LOC (PRD)"	"DIAGNOSIS_PRIMARY_LOC_OTHER_DETAILS (PRD)"	"DIAGNOSIS_SPREAD (PRD)"	"DIAGNOSIS_SPREAD_LOC (PRD)"	"DIAGNOSIS_SPREAD_LOC_BONELIMB_DETAILS (PRD)"	"POST_DIAGNOSIS_SPREAD (PRD)"	"POST_DIAGNOSIS_SPREAD_LOC (PRD)"	"POST_DIAGNOSIS_SPREAD_LOC_BONELIMB_DETAILS (PRD)"	"POST_DIAGNOSIS_SPREAD_LOC_OTHER_DETAILS (PRD)"	"LOCAL_RECURRENCE (PRD)"	"TREATMENT_PAST (PRD)"	"TREATMENT_NOW (PRD)"	"DISEASE_FREE_NOW (PRD)"	"SUPPORT_MEMBERSHIP (PRD)"	"SUPPORT_MEMBERSHIP_TEXT (PRD)"	"CONSENT_DOB (PRD)"	"EHR_EXTRACTED"	"Age (Combined)"	"PRIMARY SITE (Combined)"	"RAAS_LAAS_Class"	"NUM MET SITES EVER (EHR_EXTRACTED)"	"Tumor_Sample_Barcode"	"age"	"primary_site"	"Age"	"PrimarySite"
"RP-1447_ASCProject_0003_SALIVA_v1_Exome_OnPrem"	"ASCProject_0003_SALIVA"	"Normal"	"ASCProject_0003"	"DNA"	""	"ASCProject_0003_SALIVA"	""	""	NA	""	""	""	""	""	""	"ASCProject_0003"	"Breast (Parenchymal)"	"Breast (Parenchymal)"	"Breast"	"No Mets"	"No Mets"	NA	5	"38"	"F"	"BREAST (PARENCHYMAL)"	"RIGHT BREAST"	0	"NO"	0	0	""	""	""	""	""	""	""	""	"NO METS"	"NO METS"	"2057"	"7/14/21"	"3_1a, 3_1c manual, 3_1e manual, 3_2b, 3_2d manual, 3_2f manual, 2_4h, Path 3 T_1 manual, 3_RMI, 3_RMI_2, 3_RMI_3, 3_SurgeryCenter, ASC_3_CBLpath_1, ASC_3_CBLpath_2, ASC_0003_T1"	"IS"	"BREAST (PARENCHYMAL)"	0	0	"3"	"DIAGNOSED"	38.8	""	""	""	""	""	""	""	""	""	""	""	""	"YES"	"YES"	"YES"	"AFTER"	""	""	""	"YES"	"mCRC;2014"	"YES"	"Pelvis, ankle, c1/c2 neck"	""	"FUAS"	""	""	""	"BREAST"	""	"NO"	""	""	"NO"	""	""	""	"NO"	"AIM, Gemzar/Taxotere, Gemzar alone, Taxol"	""	"YES"	"YES"	""	"3/24/73"	"True"	38	"BREAST (PARENCHYMAL)"	"Non-RAAS/LAAS"	0	"ASCProject_0003_SALIVA"	38	"Breast (Parenchymal)"	38	"Breast (Parenchymal)"
"RP-1447_ASCProject_0003_T1_v1_Exome_OnPrem"	"ASCProject_0003_T1"	"Tumor"	"ASCProject_0003"	"DNA"	"T1"	"ASCProject_0003_T1"	""	""	13	"BREAST"	"RESECTION"	"YES"	"NO"	"NO"	"LOW"	"ASCProject_0003"	"Breast (Parenchymal)"	"Breast (Parenchymal)"	"Breast"	"No Mets"	"No Mets"	NA	5	"38"	"F"	"BREAST (PARENCHYMAL)"	"RIGHT BREAST"	0	"NO"	0	0	""	""	""	""	""	""	""	""	"NO METS"	"NO METS"	"2057"	"7/14/21"	"3_1a, 3_1c manual, 3_1e manual, 3_2b, 3_2d manual, 3_2f manual, 2_4h, Path 3 T_1 manual, 3_RMI, 3_RMI_2, 3_RMI_3, 3_SurgeryCenter, ASC_3_CBLpath_1, ASC_3_CBLpath_2, ASC_0003_T1"	"IS"	"BREAST (PARENCHYMAL)"	0	0	"3"	"DIAGNOSED"	38.8	""	""	""	""	""	""	""	""	""	""	""	""	"YES"	"YES"	"YES"	"AFTER"	""	""	""	"YES"	"mCRC;2014"	"YES"	"Pelvis, ankle, c1/c2 neck"	""	"FUAS"	""	""	""	"BREAST"	""	"NO"	""	""	"NO"	""	""	""	"NO"	"AIM, Gemzar/Taxotere, Gemzar alone, Taxol"	""	"YES"	"YES"	""	"3/24/73"	"True"	38	"BREAST (PARENCHYMAL)"	"Non-RAAS/LAAS"	0	"ASCProject_0003_T1"	38	"Breast (Parenchymal)"	38	"Breast (Parenchymal)"
"RP-1447_ASCProject_0003_T3_v2_Exome_OnPrem"	"ASCProject_0003_T3"	"Tumor"	"ASCProject_0003"	"DNA"	"T3"	"ASCProject_0003_T3"	""	""	26	"BREAST"	""	""	""	""	""	"ASCProject_0003"	"Breast (Parenchymal)"	"Breast (Parenchymal)"	"Breast"	"No Mets"	"No Mets"	NA	5	"38"	"F"	"BREAST (PARENCHYMAL)"	"RIGHT BREAST"	0	"NO"	0	0	""	""	""	""	""	""	""	""	"NO METS"	"NO METS"	"2057"	"7/14/21"	"3_1a, 3_1c manual, 3_1e manual, 3_2b, 3_2d manual, 3_2f manual, 2_4h, Path 3 T_1 manual, 3_RMI, 3_RMI_2, 3_RMI_3, 3_SurgeryCenter, ASC_3_CBLpath_1, ASC_3_CBLpath_2, ASC_0003_T1"	"IS"	"BREAST (PARENCHYMAL)"	0	0	"3"	"DIAGNOSED"	38.8	""	""	""	""	""	""	""	""	""	""	""	""	"YES"	"YES"	"YES"	"AFTER"	""	""	""	"YES"	"mCRC;2014"	"YES"	"Pelvis, ankle, c1/c2 neck"	""	"FUAS"	""	""	""	"BREAST"	""	"NO"	""	""	"NO"	""	""	""	"NO"	"AIM, Gemzar/Taxotere, Gemzar alone, Taxol"	""	"YES"	"YES"	""	"3/24/73"	"True"	38	"BREAST (PARENCHYMAL)"	"Non-RAAS/LAAS"	0	"ASCProject_0003_T3"	38	"Breast (Parenchymal)"	38	"Breast (Parenchymal)"
"RP-1447_ASCProject_0005_BLOOD_Normal_v1_Exome_OnPrem"	"ASCProject_0005_BLOOD_Normal"	"Normal"	"ASCProject_0005"	"DNA"	""	"ASCProject_0005_BLOOD_Normal"	""	""	NA	""	""	""	""	""	""	"ASCProject_0005"	"Breast (Parenchymal)"	"Breast (Parenchymal)"	"Breast"	"Trunk"	"Trunk, Distant Lymph Node, Lung"	NA	5	"31"	"F"	"BREAST (PARENCHYMAL)"	"LEFT BREAST"	0	"NO"	0	0	""	""	""	""	""	""	""	"3615"	"TRUNK "	"TRUNK, OTHER (RIGHT BREAST), EXTREMITY, BONE"	"4374"	"11/7/18"	"5_1, 5_2, 5_3, 5_4, 5_5, 5_6, 5_7, 5_8, 5_9, 5_10, 5_11, ASC_0005_GHS+MDAnderson_PathReport, ASC_5 T1 Pathology"	"BT"	"BREAST (PARENCHYMAL)"	0	1	"5"	"DIAGNOSED"	31.0739726	"BREAST"	""	""	""	"BREAST,OTHER"	""	""	"Lower right flank"	"BREAST,OTHER"	""	""	"Right posterior shoulder"	"YES"	"YES"	"YES"	"BEFORE"	"Gem/tax, AIM, taxol,"	"YES"	"tremelimumab/durvalumab clinical trial immunotherapy"	"NO"	""	"NO"	""	"Facebook"	"glad to have lived long enough to help others with it, I'm the only one I know within a 2 hr drive with AS & glad for FB"	"NO"	"WHITE"	""	"BREAST"	""	"NO"	""	""	"YES"	"BREAST,OTHER"	""	"lower right flank (back) nad toher breast (right)"	"NO"	"chemo, radiation, and surgery"	"clinical trial -dualimmunotherapy"	"NO"	"YES"	"FB...local sarcoma warriors get together yearly and online to raise patient support funds"	"6/12/74"	"True"	31	"BREAST (PARENCHYMAL)"	"Non-RAAS/LAAS"	4	"ASCProject_0005_BLOOD_Normal"	31	"Breast (Parenchymal)"	31	"Breast (Parenchymal)"
"RP-1447_ASCProject_0005_BLOOD_v1_Exome_OnPrem"	"ASCProject_0005_BLOOD"	"Tumor"	"ASCProject_0005"	"DNA"	"BLOOD"	"ASCProject_0005_BLOOD"	""	""	4338	"BLOOD BIOPSY"	"BLOOD BIOPSY"	""	""	""	""	"ASCProject_0005"	"Breast (Parenchymal)"	"Breast (Parenchymal)"	"Breast"	"Trunk"	"Trunk, Distant Lymph Node, Lung"	NA	5	"31"	"F"	"BREAST (PARENCHYMAL)"	"LEFT BREAST"	0	"NO"	0	0	""	""	""	""	""	""	""	"3615"	"TRUNK "	"TRUNK, OTHER (RIGHT BREAST), EXTREMITY, BONE"	"4374"	"11/7/18"	"5_1, 5_2, 5_3, 5_4, 5_5, 5_6, 5_7, 5_8, 5_9, 5_10, 5_11, ASC_0005_GHS+MDAnderson_PathReport, ASC_5 T1 Pathology"	"BT"	"BREAST (PARENCHYMAL)"	0	1	"5"	"DIAGNOSED"	31.0739726	"BREAST"	""	""	""	"BREAST,OTHER"	""	""	"Lower right flank"	"BREAST,OTHER"	""	""	"Right posterior shoulder"	"YES"	"YES"	"YES"	"BEFORE"	"Gem/tax, AIM, taxol,"	"YES"	"tremelimumab/durvalumab clinical trial immunotherapy"	"NO"	""	"NO"	""	"Facebook"	"glad to have lived long enough to help others with it, I'm the only one I know within a 2 hr drive with AS & glad for FB"	"NO"	"WHITE"	""	"BREAST"	""	"NO"	""	""	"YES"	"BREAST,OTHER"	""	"lower right flank (back) nad toher breast (right)"	"NO"	"chemo, radiation, and surgery"	"clinical trial -dualimmunotherapy"	"NO"	"YES"	"FB...local sarcoma warriors get together yearly and online to raise patient support funds"	"6/12/74"	"True"	31	"BREAST (PARENCHYMAL)"	"Non-RAAS/LAAS"	4	"ASCProject_0005_BLOOD"	31	"Breast (Parenchymal)"	31	"Breast (Parenchymal)"
"RP-1447_ASCProject_0005_SALIVA_v3_Exome_OnPrem"	"ASCProject_0005_SALIVA"	"Normal"	"ASCProject_0005"	"DNA"	""	"ASCProject_0005_SALIVA"	""	""	NA	""	""	""	""	""	""	"ASCProject_0005"	"Breast (Parenchymal)"	"Breast (Parenchymal)"	"Breast"	"Trunk"	"Trunk, Distant Lymph Node, Lung"	NA	5	"31"	"F"	"BREAST (PARENCHYMAL)"	"LEFT BREAST"	0	"NO"	0	0	""	""	""	""	""	""	""	"3615"	"TRUNK "	"TRUNK, OTHER (RIGHT BREAST), EXTREMITY, BONE"	"4374"	"11/7/18"	"5_1, 5_2, 5_3, 5_4, 5_5, 5_6, 5_7, 5_8, 5_9, 5_10, 5_11, ASC_0005_GHS+MDAnderson_PathReport, ASC_5 T1 Pathology"	"BT"	"BREAST (PARENCHYMAL)"	0	1	"5"	"DIAGNOSED"	31.0739726	"BREAST"	""	""	""	"BREAST,OTHER"	""	""	"Lower right flank"	"BREAST,OTHER"	""	""	"Right posterior shoulder"	"YES"	"YES"	"YES"	"BEFORE"	"Gem/tax, AIM, taxol,"	"YES"	"tremelimumab/durvalumab clinical trial immunotherapy"	"NO"	""	"NO"	""	"Facebook"	"glad to have lived long enough to help others with it, I'm the only one I know within a 2 hr drive with AS & glad for FB"	"NO"	"WHITE"	""	"BREAST"	""	"NO"	""	""	"YES"	"BREAST,OTHER"	""	"lower right flank (back) nad toher breast (right)"	"NO"	"chemo, radiation, and surgery"	"clinical trial -dualimmunotherapy"	"NO"	"YES"	"FB...local sarcoma warriors get together yearly and online to raise patient support funds"	"6/12/74"	"True"	31	"BREAST (PARENCHYMAL)"	"Non-RAAS/LAAS"	4	"ASCProject_0005_SALIVA"	31	"Breast (Parenchymal)"	31	"Breast (Parenchymal)"
"RP-1447_ASCProject_0005_T2_v1_Exome_OnPrem"	"ASCProject_0005_T2"	"Tumor"	"ASCProject_0005"	"DNA"	"T2"	"ASCProject_0005_T2"	""	""	3615	"BACK"	""	""	""	""	""	"ASCProject_0005"	"Breast (Parenchymal)"	"Breast (Parenchymal)"	"Breast"	"Trunk"	"Trunk, Distant Lymph Node, Lung"	NA	5	"31"	"F"	"BREAST (PARENCHYMAL)"	"LEFT BREAST"	0	"NO"	0	0	""	""	""	""	""	""	""	"3615"	"TRUNK "	"TRUNK, OTHER (RIGHT BREAST), EXTREMITY, BONE"	"4374"	"11/7/18"	"5_1, 5_2, 5_3, 5_4, 5_5, 5_6, 5_7, 5_8, 5_9, 5_10, 5_11, ASC_0005_GHS+MDAnderson_PathReport, ASC_5 T1 Pathology"	"BT"	"BREAST (PARENCHYMAL)"	0	1	"5"	"DIAGNOSED"	31.0739726	"BREAST"	""	""	""	"BREAST,OTHER"	""	""	"Lower right flank"	"BREAST,OTHER"	""	""	"Right posterior shoulder"	"YES"	"YES"	"YES"	"BEFORE"	"Gem/tax, AIM, taxol,"	"YES"	"tremelimumab/durvalumab clinical trial immunotherapy"	"NO"	""	"NO"	""	"Facebook"	"glad to have lived long enough to help others with it, I'm the only one I know within a 2 hr drive with AS & glad for FB"	"NO"	"WHITE"	""	"BREAST"	""	"NO"	""	""	"YES"	"BREAST,OTHER"	""	"lower right flank (back) nad toher breast (right)"	"NO"	"chemo, radiation, and surgery"	"clinical trial -dualimmunotherapy"	"NO"	"YES"	"FB...local sarcoma warriors get together yearly and online to raise patient support funds"	"6/12/74"	"True"	31	"BREAST (PARENCHYMAL)"	"Non-RAAS/LAAS"	4	"ASCProject_0005_T2"	31	"Breast (Parenchymal)"	31	"Breast (Parenchymal)"
"RP-1447_ASCProject_0005_T3_v2_Exome_OnPrem"	"ASCProject_0005_T3"	"Tumor"	"ASCProject_0005"	"DNA"	"T3"	"ASCProject_0005_T3"	""	""	3848	"BACK"	"RESECTION"	"YES"	"NO"	"NO"	"LOW"	"ASCProject_0005"	"Breast (Parenchymal)"	"Breast (Parenchymal)"	"Breast"	"Trunk"	"Trunk, Distant Lymph Node, Lung"	NA	5	"31"	"F"	"BREAST (PARENCHYMAL)"	"LEFT BREAST"	0	"NO"	0	0	""	""	""	""	""	""	""	"3615"	"TRUNK "	"TRUNK, OTHER (RIGHT BREAST), EXTREMITY, BONE"	"4374"	"11/7/18"	"5_1, 5_2, 5_3, 5_4, 5_5, 5_6, 5_7, 5_8, 5_9, 5_10, 5_11, ASC_0005_GHS+MDAnderson_PathReport, ASC_5 T1 Pathology"	"BT"	"BREAST (PARENCHYMAL)"	0	1	"5"	"DIAGNOSED"	31.0739726	"BREAST"	""	""	""	"BREAST,OTHER"	""	""	"Lower right flank"	"BREAST,OTHER"	""	""	"Right posterior shoulder"	"YES"	"YES"	"YES"	"BEFORE"	"Gem/tax, AIM, taxol,"	"YES"	"tremelimumab/durvalumab clinical trial immunotherapy"	"NO"	""	"NO"	""	"Facebook"	"glad to have lived long enough to help others with it, I'm the only one I know within a 2 hr drive with AS & glad for FB"	"NO"	"WHITE"	""	"BREAST"	""	"NO"	""	""	"YES"	"BREAST,OTHER"	""	"lower right flank (back) nad toher breast (right)"	"NO"	"chemo, radiation, and surgery"	"clinical trial -dualimmunotherapy"	"NO"	"YES"	"FB...local sarcoma warriors get together yearly and online to raise patient support funds"	"6/12/74"	"True"	31	"BREAST (PARENCHYMAL)"	"Non-RAAS/LAAS"	4	"ASCProject_0005_T3"	31	"Breast (Parenchymal)"	31	"Breast (Parenchymal)"
"RP-1447_ASCProject_0006_BLOOD_Normal_v4_Exome_OnPrem"	"ASCProject_0006_BLOOD_Normal"	"Normal"	"ASCProject_0006"	"DNA"	""	"ASCProject_0006_BLOOD_Normal"	""	""	NA	""	""	""	""	""	""	"ASCProject_0006"	"Heart"	"Heart"	"Lung"	"Lung"	"Lung, Brain, Visceral Organ"	NA	5	"29"	"F"	"CARDIAC"	"RIGHT LUNG"	0	"NO"	0	0	""	""	""	""	""	""	""	"0"	"LUNG"	"LUNG, BRAIN, VISCERAL ORGAN"	"397"	"7/8/21"	"ASC_6_MDAnderson, 6_DFCI_searchable "	"IS"	"CARDIAC"	0	1	"6"	"DIAGNOSED"	29.88219178	"HEART,LUNG"	""	""	""	"HEART,LUNG"	""	""	""	"LUNG"	""	""	""	"NO"	""	"NO"	""	"taxol, gemcitabine + docetaxol, doxorubicin, olaratumumab + doxirubicin"	"YES"	"olaratumumab + doxirubicin"	"NO"	""	"NO"	""	"Corrie Painter"	""	"NO"	"WHITE"	""	"HEART"	""	"YES"	"LUNG"	""	"DK"	""	""	""	"DK"	""	"taxol, Gem taxol, and others"	"NO"	"NO"	""	"7/22/86"	"True"	29	"HEART"	"Non-RAAS/LAAS"	3	"ASCProject_0006_BLOOD_Normal"	29	"Heart"	29	"Heart"
"RP-1447_ASCProject_0006_BLOOD_v1_Exome_OnPrem"	"ASCProject_0006_BLOOD"	"Tumor"	"ASCProject_0006"	"DNA"	"BLOOD"	"ASCProject_0006_BLOOD"	""	""	313	"BLOOD BIOPSY"	"BLOOD BIOPSY"	""	""	""	""	"ASCProject_0006"	"Heart"	"Heart"	"Lung"	"Lung"	"Lung, Brain, Visceral Organ"	NA	5	"29"	"F"	"CARDIAC"	"RIGHT LUNG"	0	"NO"	0	0	""	""	""	""	""	""	""	"0"	"LUNG"	"LUNG, BRAIN, VISCERAL ORGAN"	"397"	"7/8/21"	"ASC_6_MDAnderson, 6_DFCI_searchable "	"IS"	"CARDIAC"	0	1	"6"	"DIAGNOSED"	29.88219178	"HEART,LUNG"	""	""	""	"HEART,LUNG"	""	""	""	"LUNG"	""	""	""	"NO"	""	"NO"	""	"taxol, gemcitabine + docetaxol, doxorubicin, olaratumumab + doxirubicin"	"YES"	"olaratumumab + doxirubicin"	"NO"	""	"NO"	""	"Corrie Painter"	""	"NO"	"WHITE"	""	"HEART"	""	"YES"	"LUNG"	""	"DK"	""	""	""	"DK"	""	"taxol, Gem taxol, and others"	"NO"	"NO"	""	"7/22/86"	"True"	29	"HEART"	"Non-RAAS/LAAS"	3	"ASCProject_0006_BLOOD"	29	"Heart"	29	"Heart"
"RP-1447_ASCProject_0006_T1_v2_Exome_OnPrem"	"ASCProject_0006_T1"	"Tumor"	"ASCProject_0006"	"DNA"	"T1"	"ASCProject_0006_T1"	""	""	0	"LUNG"	""	""	""	""	""	"ASCProject_0006"	"Heart"	"Heart"	"Lung"	"Lung"	"Lung, Brain, Visceral Organ"	NA	5	"29"	"F"	"CARDIAC"	"RIGHT LUNG"	0	"NO"	0	0	""	""	""	""	""	""	""	"0"	"LUNG"	"LUNG, BRAIN, VISCERAL ORGAN"	"397"	"7/8/21"	"ASC_6_MDAnderson, 6_DFCI_searchable "	"IS"	"CARDIAC"	0	1	"6"	"DIAGNOSED"	29.88219178	"HEART,LUNG"	""	""	""	"HEART,LUNG"	""	""	""	"LUNG"	""	""	""	"NO"	""	"NO"	""	"taxol, gemcitabine + docetaxol, doxorubicin, olaratumumab + doxirubicin"	"YES"	"olaratumumab + doxirubicin"	"NO"	""	"NO"	""	"Corrie Painter"	""	"NO"	"WHITE"	""	"HEART"	""	"YES"	"LUNG"	""	"DK"	""	""	""	"DK"	""	"taxol, Gem taxol, and others"	"NO"	"NO"	""	"7/22/86"	"True"	29	"HEART"	"Non-RAAS/LAAS"	3	"ASCProject_0006_T1"	29	"Heart"	29	"Heart"
"RP-1447_ASCProject_0006_T2_v2_Exome_OnPrem"	"ASCProject_0006_T2"	"Tumor"	"ASCProject_0006"	"DNA"	"T2"	"ASCProject_0006_T2"	""	""	387	"OVARY"	"BILATERAL SALPINGO-OOPHORECTOMY"	"YES"	"NO"	"YES"	"LOW"	"ASCProject_0006"	"Heart"	"Heart"	"Lung"	"Lung"	"Lung, Brain, Visceral Organ"	NA	5	"29"	"F"	"CARDIAC"	"RIGHT LUNG"	0	"NO"	0	0	""	""	""	""	""	""	""	"0"	"LUNG"	"LUNG, BRAIN, VISCERAL ORGAN"	"397"	"7/8/21"	"ASC_6_MDAnderson, 6_DFCI_searchable "	"IS"	"CARDIAC"	0	1	"6"	"DIAGNOSED"	29.88219178	"HEART,LUNG"	""	""	""	"HEART,LUNG"	""	""	""	"LUNG"	""	""	""	"NO"	""	"NO"	""	"taxol, gemcitabine + docetaxol, doxorubicin, olaratumumab + doxirubicin"	"YES"	"olaratumumab + doxirubicin"	"NO"	""	"NO"	""	"Corrie Painter"	""	"NO"	"WHITE"	""	"HEART"	""	"YES"	"LUNG"	""	"DK"	""	""	""	"DK"	""	"taxol, Gem taxol, and others"	"NO"	"NO"	""	"7/22/86"	"True"	29	"HEART"	"Non-RAAS/LAAS"	3	"ASCProject_0006_T2"	29	"Heart"	29	"Heart"
"RP-1447_ASCProject_0007_SALIVA_v1_Exome_OnPrem"	"ASCProject_0007_SALIVA"	"Normal"	"ASCProject_0007"	"DNA"	""	"ASCProject_0007_SALIVA"	""	""	NA	""	""	""	""	""	""	"ASCProject_0007"	"Other Visceral Organs"	"Urinary"	"Bladder"	"No Mets"	"No Mets"	NA	5	"41"	"M"	"VISCERAL ORGAN"	"BLADDER"	0	"NO"	0	1	"VISCERAL ORGAN"	"552"	""	""	""	""	""	""	"NO METS"	"NO METS"	"582"	"7/8/21"	"7_1, 7_2, 7_3, 7_4, ASC_7_T1_Path_manual, ASC_7_T2_Path_manual"	"IS"	"VISCERAL ORGAN"	0	0	"7"	"DIAGNOSED"	41.86849315	"OTHER"	""	""	"Bladder"	"LIVER,SPLEEN,LUNG,LYMPH,BONELIMB,ABDOMINAL"	"Femur / pelvis"	"Large intestine , small intestine , sigmoid colon"	""	"LIVER,SPLEEN,LUNG,LYMPH,BONELIMB,ABDOMINAL"	"Femur / pelvis"	"Intestines"	""	"YES"	"YES"	"YES"	"AFTER"	"Aim , gem tax , trc 105 , taxol"	"NO"	""	"YES"	"thyroid cancer;2015"	"YES"	"Thyroid"	"Internet"	"I have the kdr mutation i have never gone more then 4 months NED . I have gone to several different angiosarcoma specialists and hospitals for different treatments and all have been ineffective ."	"NO"	"BLACK"	""	"OTHER"	"bladder"	"NO"	""	""	"NO"	""	""	""	"YES"	"Chemotherapy treatment aim"	"Dixotaxle"	"YES"	"YES"	"Nothing"	"6/28/73"	"True"	41	"VISCERAL ORGAN"	"Non-RAAS/LAAS"	0	"ASCProject_0007_SALIVA"	41	"Other Visceral Organs"	41	"Other Visceral Organs"
"RP-1447_ASCProject_0007_T1_v2_Exome_OnPrem"	"ASCProject_0007_T1"	"Tumor"	"ASCProject_0007"	"DNA"	"T1"	"ASCProject_0007_T1"	""	""	181	"BLADDER WALL"	"RESECTION"	"YES"	"YES"	"YES"	"HIGH"	"ASCProject_0007"	"Other Visceral Organs"	"Urinary"	"Bladder"	"No Mets"	"No Mets"	NA	5	"41"	"M"	"VISCERAL ORGAN"	"BLADDER"	0	"NO"	0	1	"VISCERAL ORGAN"	"552"	""	""	""	""	""	""	"NO METS"	"NO METS"	"582"	"7/8/21"	"7_1, 7_2, 7_3, 7_4, ASC_7_T1_Path_manual, ASC_7_T2_Path_manual"	"IS"	"VISCERAL ORGAN"	0	0	"7"	"DIAGNOSED"	41.86849315	"OTHER"	""	""	"Bladder"	"LIVER,SPLEEN,LUNG,LYMPH,BONELIMB,ABDOMINAL"	"Femur / pelvis"	"Large intestine , small intestine , sigmoid colon"	""	"LIVER,SPLEEN,LUNG,LYMPH,BONELIMB,ABDOMINAL"	"Femur / pelvis"	"Intestines"	""	"YES"	"YES"	"YES"	"AFTER"	"Aim , gem tax , trc 105 , taxol"	"NO"	""	"YES"	"thyroid cancer;2015"	"YES"	"Thyroid"	"Internet"	"I have the kdr mutation i have never gone more then 4 months NED . I have gone to several different angiosarcoma specialists and hospitals for different treatments and all have been ineffective ."	"NO"	"BLACK"	""	"OTHER"	"bladder"	"NO"	""	""	"NO"	""	""	""	"YES"	"Chemotherapy treatment aim"	"Dixotaxle"	"YES"	"YES"	"Nothing"	"6/28/73"	"True"	41	"VISCERAL ORGAN"	"Non-RAAS/LAAS"	0	"ASCProject_0007_T1"	41	"Other Visceral Organs"	41	"Other Visceral Organs"
"RP-1447_ASCProject_0007_T2_v2_Exome_OnPrem"	"ASCProject_0007_T2"	"Tumor"	"ASCProject_0007"	"DNA"	"T2"	"ASCProject_0007_T2"	""	""	5080	"BLADDER WALL"	""	""	""	""	""	"ASCProject_0007"	"Other Visceral Organs"	"Urinary"	"Bladder"	"No Mets"	"No Mets"	NA	5	"41"	"M"	"VISCERAL ORGAN"	"BLADDER"	0	"NO"	0	1	"VISCERAL ORGAN"	"552"	""	""	""	""	""	""	"NO METS"	"NO METS"	"582"	"7/8/21"	"7_1, 7_2, 7_3, 7_4, ASC_7_T1_Path_manual, ASC_7_T2_Path_manual"	"IS"	"VISCERAL ORGAN"	0	0	"7"	"DIAGNOSED"	41.86849315	"OTHER"	""	""	"Bladder"	"LIVER,SPLEEN,LUNG,LYMPH,BONELIMB,ABDOMINAL"	"Femur / pelvis"	"Large intestine , small intestine , sigmoid colon"	""	"LIVER,SPLEEN,LUNG,LYMPH,BONELIMB,ABDOMINAL"	"Femur / pelvis"	"Intestines"	""	"YES"	"YES"	"YES"	"AFTER"	"Aim , gem tax , trc 105 , taxol"	"NO"	""	"YES"	"thyroid cancer;2015"	"YES"	"Thyroid"	"Internet"	"I have the kdr mutation i have never gone more then 4 months NED . I have gone to several different angiosarcoma specialists and hospitals for different treatments and all have been ineffective ."	"NO"	"BLACK"	""	"OTHER"	"bladder"	"NO"	""	""	"NO"	""	""	""	"YES"	"Chemotherapy treatment aim"	"Dixotaxle"	"YES"	"YES"	"Nothing"	"6/28/73"	"True"	41	"VISCERAL ORGAN"	"Non-RAAS/LAAS"	0	"ASCProject_0007_T2"	41	"Other Visceral Organs"	41	"Other Visceral Organs"
"RP-1447_ASCProject_0008_SALIVA_v1_Exome_OnPrem"	"ASCProject_0008_SALIVA"	"Normal"	"ASCProject_0008"	"DNA"	""	"ASCProject_0008_SALIVA"	""	""	NA	""	""	""	""	""	""	"ASCProject_0008"	"Hepatobiliary"	"Liver"	"Liver"	"No Mets"	"No Mets"	NA	3	"39"	"F"	"VISCERAL ORGAN"	"LIVER"	0	"NO"	0	0	""	""	""	""	""	""	""	""	"NO METS"	"NO METS"	"1530"	"1/8/20"	"8_STANFORD, ASC_8_PAMF_INCOMPLETE, ASC_0008_T1_PATHREPORT, ASC_0008_T1"	"AD/QC"	"LIVER"	0	0	"8"	"DIAGNOSED"	39.93972603	"LIVER"	""	""	""	"LIVER"	""	""	""	"NED"	""	""	""	"YES"	"YES"	"NO"	""	"Taxotere and Gemzar"	"NO"	""	"YES"	"Bladder Cancer;2004"	"NO"	""	"Angiosarcoma cancer Facebook group"	"My AS was found during my regular follow up checkup for Bladder cancer . And, my whole cancer saga is supposed to have happened because of a particular herb (Aristolochia Indica) that I took as part of my herbal medicine for Vitiligo for 15 years as a child."	"NO"	"SOUTH_EAST_ASIAN"	""	"LIVER"	""	"NO"	""	""	"NO"	""	""	""	"NO"	"Surgery and Chemo"	"None"	"YES"	"YES"	"My FB support group for AS is one of the best groups I have been in and is very informative, supportive and friendly."	"4/2/74"	"True"	39	"LIVER"	"Non-RAAS/LAAS"	0	"ASCProject_0008_SALIVA"	39	"Hepatobiliary"	39	"Hepatobiliary"
"RP-1447_ASCProject_0008_T1_v1_Exome_OnPrem"	"ASCProject_0008_T1"	"Tumor"	"ASCProject_0008"	"DNA"	"T1"	"ASCProject_0008_T1"	""	""	0	"LIVER"	"Partial hepatectomy"	"YES (FOCAL)"	"YES"	"YES"	"HIGH"	"ASCProject_0008"	"Hepatobiliary"	"Liver"	"Liver"	"No Mets"	"No Mets"	NA	3	"39"	"F"	"VISCERAL ORGAN"	"LIVER"	0	"NO"	0	0	""	""	""	""	""	""	""	""	"NO METS"	"NO METS"	"1530"	"1/8/20"	"8_STANFORD, ASC_8_PAMF_INCOMPLETE, ASC_0008_T1_PATHREPORT, ASC_0008_T1"	"AD/QC"	"LIVER"	0	0	"8"	"DIAGNOSED"	39.93972603	"LIVER"	""	""	""	"LIVER"	""	""	""	"NED"	""	""	""	"YES"	"YES"	"NO"	""	"Taxotere and Gemzar"	"NO"	""	"YES"	"Bladder Cancer;2004"	"NO"	""	"Angiosarcoma cancer Facebook group"	"My AS was found during my regular follow up checkup for Bladder cancer . And, my whole cancer saga is supposed to have happened because of a particular herb (Aristolochia Indica) that I took as part of my herbal medicine for Vitiligo for 15 years as a child."	"NO"	"SOUTH_EAST_ASIAN"	""	"LIVER"	""	"NO"	""	""	"NO"	""	""	""	"NO"	"Surgery and Chemo"	"None"	"YES"	"YES"	"My FB support group for AS is one of the best groups I have been in and is very informative, supportive and friendly."	"4/2/74"	"True"	39	"LIVER"	"Non-RAAS/LAAS"	0	"ASCProject_0008_T1"	39	"Hepatobiliary"	39	"Hepatobiliary"
"RP-1447_ASCProject_0009_SALIVA_v2_Exome_OnPrem"	"ASCProject_0009_SALIVA"	"Normal"	"ASCProject_0009"	"DNA"	""	"ASCProject_0009_SALIVA"	""	""	NA	""	""	""	""	""	""	"ASCProject_0009"	"Breast (NOS)"	"Breast (NOS)"	""	""	""	NA	NA	""	""	""	""	NA	""	NA	NA	""	""	""	""	""	""	""	""	""	""	""	""	""	""	""	NA	NA	"9"	"DIAGNOSED"	57.25205479	"BREAST"	""	""	""	"BREAST"	""	""	""	"NED"	""	""	""	"YES"	"YES"	"NO"	""	"12 rounds of weekly Taxotere before surgery then 4 rounds of AIM (was to be 6 but I couldn't tolerate it) 4 more rounds of assorted other chemo mixed with Taxotere (or Taxol) two or more Gemzar, more Adriamaycin, Five FU and there may have been more."	"NO"	""	"YES"	"Hodgkins Disease-Nodular Scelerosing ;1978|Bi-lateral breast cancer;2002"	"YES"	"Mantle radiation (from ears down to pubic area)- Maximum dosage given to the point I could not have more radiation for breast cancer or AS."	"Facebook"	"My dad ran a crop dusting service. I grew up heavily exposed to Agent Orange.
I had massive amounts of radiation. Few had more than I had. I was in a trial at MD Anderson for radiation vs chemo for Hodgkins.My records of treatment diagnosis dates for Hodgkins & breast cancer are wrong on my records at MD Anderson. I was diagnosed with HD at 27. 23 years later I had bilateral BC. 8 years after that I was diagnosed with AS. I was treated for HD & AS at MD Anderson.  BC treatment was at CTRC in SA"	"NO"	"WHITE"	""	"BREAST"	""	"NO"	""	""	"NO"	""	""	""	"NO"	"Taxotere, AIM, Gemzar,"	"NO"	"YES"	"YES"	"FB pages for Hodgkins & AS survivors
Facilitated live support groups for 5 years & attended live groups on & off for 12 years that also included workouts & sports"	"11/16/51"	"False"	57.25205479	"BREAST (NOS)"	""	NA	"ASCProject_0009_SALIVA"	57.25205479	"Breast (NOS)"	57.25205479	"Breast (NOS)"
"RP-1447_ASCProject_0010_SALIVA_v1_Exome_OnPrem"	"ASCProject_0010_SALIVA"	"Normal"	"ASCProject_0010"	"DNA"	""	"ASCProject_0010_SALIVA"	""	""	NA	""	""	""	""	""	""	"ASCProject_0010"	"Heart"	"Heart"	""	""	""	NA	NA	""	""	""	""	NA	""	NA	NA	""	""	""	""	""	""	""	""	""	""	""	""	""	""	""	NA	NA	"10"	"DIAGNOSED"	45.08219178	"HEART"	""	""	""	"HEART"	""	""	""	"NED,OTHER"	""	""	"Rescan in April 2017, as a tiny spot was discovered on my lung in December 2016."	"YES"	"NO"	"YES"	"AFTER"	"gemzar, ? texotare?"	"NO"	""	"NO"	""	"NO"	""	"Facebook"	"I could write numerous pages in response to this question. Health care professionals need to get second opinions for their patients.  This cancer is rare but can be treatable.  I was initially told it couldn't.  One doctor acted quickly and had surgery the next day and get me to  able to  a sarcoma specialist.  At my six month post appointment an oncologist told me I seemed anxious--of course I did!  No compassion,  O wonder what her knowledge was as related to recurrence."	"NO"	"WHITE"	""	"HEART"	""	"NO"	""	""	"NO"	""	""	""	"NO"	"Chemo, surgery and radiation"	"None at this time"	"YES"	"NO"	""	"4/12/65"	"False"	45.08219178	"HEART"	""	NA	"ASCProject_0010_SALIVA"	45.08219178	"Heart"	45.08219178	"Heart"
"RP-1447_ASCProject_0011_SALIVA_v1_Exome_OnPrem"	"ASCProject_0011_SALIVA"	"Normal"	"ASCProject_0011"	"DNA"	""	"ASCProject_0011_SALIVA"	""	""	NA	""	""	""	""	""	""	"ASCProject_0011"	"Breast (Parenchymal)"	"Breast (Parenchymal)"	"Breast"	"No Mets"	"No Mets"	NA	5	"33"	"F"	"BREAST (PARENCHYMAL)"	"RIGHT BREAST"	0	"NO"	0	0	""	""	""	""	""	""	""	""	"NO METS"	"NO METS"	"2909"	"7/9/21"	"11 Medical Record_1, 11 Medical Record_2, Path 11 T1, 11_NWArkansas_FU, ASC_11_Highlands_fu, ASC_11_MDANDERSON_FULL, ASC_11_path_follow-up"	"IS"	"BREAST (PARENCHYMAL)"	0	0	"11"	"DIAGNOSED"	33.95342466	"BREAST"	""	""	""	"BREAST"	""	""	""	"NED"	""	""	""	"YES"	"YES"	"YES"	"BEFORE"	"AIM (adriamyacin, ifofsamide, mesna) - not sure how to spell those but I bet you do. :)"	"NO"	""	"NO"	""	"NO"	""	"Angiosarcoma group facebook page"	"I was diagnosed the day before my 34th birthday. I was treated by Dr. Ravi at MDA and have been NED since July 2011."	"NO"	"WHITE"	""	"BREAST"	""	"NO"	""	""	"NO"	""	""	""	"NO"	"radiation, mastectomy, and 7 rounds of AIM chemo (along with a clinical trial drug to keep platelets up during chemo)"	"not currently in treatment"	"YES"	"YES"	"Member of the Facebook Angiosarcoma group"	"10/26/76"	"True"	33	"BREAST (PARENCHYMAL)"	"Non-RAAS/LAAS"	0	"ASCProject_0011_SALIVA"	33	"Breast (Parenchymal)"	33	"Breast (Parenchymal)"
"RP-1447_ASCProject_0011_T1_v1_Exome_OnPrem"	"ASCProject_0011_T1"	"Tumor"	"ASCProject_0011"	"DNA"	"T1"	"ASCProject_0011_T1"	""	""	0	"BREAST"	"BIOPSY"	"YES"	"NO"	"YES"	"HIGH"	"ASCProject_0011"	"Breast (Parenchymal)"	"Breast (Parenchymal)"	"Breast"	"No Mets"	"No Mets"	NA	5	"33"	"F"	"BREAST (PARENCHYMAL)"	"RIGHT BREAST"	0	"NO"	0	0	""	""	""	""	""	""	""	""	"NO METS"	"NO METS"	"2909"	"7/9/21"	"11 Medical Record_1, 11 Medical Record_2, Path 11 T1, 11_NWArkansas_FU, ASC_11_Highlands_fu, ASC_11_MDANDERSON_FULL, ASC_11_path_follow-up"	"IS"	"BREAST (PARENCHYMAL)"	0	0	"11"	"DIAGNOSED"	33.95342466	"BREAST"	""	""	""	"BREAST"	""	""	""	"NED"	""	""	""	"YES"	"YES"	"YES"	"BEFORE"	"AIM (adriamyacin, ifofsamide, mesna) - not sure how to spell those but I bet you do. :)"	"NO"	""	"NO"	""	"NO"	""	"Angiosarcoma group facebook page"	"I was diagnosed the day before my 34th birthday. I was treated by Dr. Ravi at MDA and have been NED since July 2011."	"NO"	"WHITE"	""	"BREAST"	""	"NO"	""	""	"NO"	""	""	""	"NO"	"radiation, mastectomy, and 7 rounds of AIM chemo (along with a clinical trial drug to keep platelets up during chemo)"	"not currently in treatment"	"YES"	"YES"	"Member of the Facebook Angiosarcoma group"	"10/26/76"	"True"	33	"BREAST (PARENCHYMAL)"	"Non-RAAS/LAAS"	0	"ASCProject_0011_T1"	33	"Breast (Parenchymal)"	33	"Breast (Parenchymal)"
"RP-1447_ASCProject_0012_SALIVA_v2_Exome_OnPrem"	"ASCProject_0012_SALIVA"	"Normal"	"ASCProject_0012"	"DNA"	""	"ASCProject_0012_SALIVA"	""	""	NA	""	""	""	""	""	""	"ASCProject_0012"	"HNFS"	"HNFS"	"Forehead"	"No Mets"	"No Mets"	NA	4	"63"	"F"	"HNFS"	"LEFT FOREHEAD SKIN"	0	"NO"	1	0	""	""	""	""	""	""	""	""	"NO METS"	"NO METS"	"1454"	"6/30/21"	"12_First_Line_OCR, 12_Moffitt_OCR"	"SS"	"HNFS"	0	0	"12"	"DIAGNOSED"	63.6630137	"HEADFACENECK,SCALP"	""	""	""	"HEADFACENECK,SCALP"	""	""	""	"NED"	""	""	""	"YES"	"YES"	"YES"	"AFTER"	"taxol"	"NO"	""	"NO"	""	"NO"	""	"FB"	"I am blessed."	"NO"	"WHITE"	""	"OTHER"	"forehead"	"YES"	"OTHER"	""	"YES"	"OTHER"	""	"right above the left ear"	"NO"	"taxol 7 months, radiation 5 weeks, 2 surgeries"	"0"	"YES"	"YES"	"love, love, love and support and information"	"11/17/48"	"True"	63	"HNFS"	"Non-RAAS/LAAS"	0	"ASCProject_0012_SALIVA"	63	"HNFS"	63	"HNFS"
"RP-1447_ASCProject_0012_T2_v2_Exome_OnPrem"	"ASCProject_0012_T2"	"Tumor"	"ASCProject_0012"	"DNA"	"T2"	"ASCProject_0012_T2"	""	""	-210	"HEADFACENECKSCALP"	""	""	""	""	""	"ASCProject_0012"	"HNFS"	"HNFS"	"Forehead"	"No Mets"	"No Mets"	NA	4	"63"	"F"	"HNFS"	"LEFT FOREHEAD SKIN"	0	"NO"	1	0	""	""	""	""	""	""	""	""	"NO METS"	"NO METS"	"1454"	"6/30/21"	"12_First_Line_OCR, 12_Moffitt_OCR"	"SS"	"HNFS"	0	0	"12"	"DIAGNOSED"	63.6630137	"HEADFACENECK,SCALP"	""	""	""	"HEADFACENECK,SCALP"	""	""	""	"NED"	""	""	""	"YES"	"YES"	"YES"	"AFTER"	"taxol"	"NO"	""	"NO"	""	"NO"	""	"FB"	"I am blessed."	"NO"	"WHITE"	""	"OTHER"	"forehead"	"YES"	"OTHER"	""	"YES"	"OTHER"	""	"right above the left ear"	"NO"	"taxol 7 months, radiation 5 weeks, 2 surgeries"	"0"	"YES"	"YES"	"love, love, love and support and information"	"11/17/48"	"True"	63	"HNFS"	"Non-RAAS/LAAS"	0	"ASCProject_0012_T2"	63	"HNFS"	63	"HNFS"
"RP-1447_ASCProject_0013_SALIVA_v3_Exome_OnPrem"	"ASCProject_0013_SALIVA"	"Normal"	"ASCProject_0013"	"DNA"	""	"ASCProject_0013_SALIVA"	""	""	NA	""	""	""	""	""	""	"ASCProject_0013"	"Breast (Parenchymal)"	"Breast (Parenchymal)"	"Breast"	"No Mets"	"No Mets"	NA	4	"26"	"F"	"BREAST (PARENCHYMAL)"	"LEFT BREAST"	0	"NO"	0	0	""	""	""	""	""	""	""	""	"NO METS"	"NO METS"	"1241"	"6/30/21"	"13_UCLA_pw_10tracey18, ASC_0013_PROVIDENCE_PATH, ASC_0013_T1_PATHREPORT"	"SS"	"BREAST (PARENCHYMAL)"	0	0	"13"	"DIAGNOSED"	26.22465753	""	""	""	""	""	""	""	""	""	""	""	""	""	""	"NO"	""	""	""	""	"NO"	""	"NO"	""	""	"I was misdiagnosed initially with a lobular hemangioma and told to get a mammogram when I was 35. I was 24 at the time and was correctly diagnosed at 26."	""	""	""	"BREAST"	""	"NO"	""	""	"NO"	""	""	""	"NO"	"adriamicina 2 rounds, resection, margin clearing, 4 months of, 36 rounds of radiation, 4 months of weekly taxol."	"None"	"YES"	"YES"	"It's awesome and I love it."	"10/18/82"	"True"	26	"BREAST (PARENCHYMAL)"	"Non-RAAS/LAAS"	0	"ASCProject_0013_SALIVA"	26	"Breast (Parenchymal)"	26	"Breast (Parenchymal)"
"RP-1447_ASCProject_0013_T1_v3_Exome_OnPrem"	"ASCProject_0013_T1"	"Tumor"	"ASCProject_0013"	"DNA"	"T1"	"ASCProject_0013_T1"	""	""	-623	"BREAST"	"BIOPSY "	"YES"	"NO"	"YES"	"LOW"	"ASCProject_0013"	"Breast (Parenchymal)"	"Breast (Parenchymal)"	"Breast"	"No Mets"	"No Mets"	NA	4	"26"	"F"	"BREAST (PARENCHYMAL)"	"LEFT BREAST"	0	"NO"	0	0	""	""	""	""	""	""	""	""	"NO METS"	"NO METS"	"1241"	"6/30/21"	"13_UCLA_pw_10tracey18, ASC_0013_PROVIDENCE_PATH, ASC_0013_T1_PATHREPORT"	"SS"	"BREAST (PARENCHYMAL)"	0	0	"13"	"DIAGNOSED"	26.22465753	""	""	""	""	""	""	""	""	""	""	""	""	""	""	"NO"	""	""	""	""	"NO"	""	"NO"	""	""	"I was misdiagnosed initially with a lobular hemangioma and told to get a mammogram when I was 35. I was 24 at the time and was correctly diagnosed at 26."	""	""	""	"BREAST"	""	"NO"	""	""	"NO"	""	""	""	"NO"	"adriamicina 2 rounds, resection, margin clearing, 4 months of, 36 rounds of radiation, 4 months of weekly taxol."	"None"	"YES"	"YES"	"It's awesome and I love it."	"10/18/82"	"True"	26	"BREAST (PARENCHYMAL)"	"Non-RAAS/LAAS"	0	"ASCProject_0013_T1"	26	"Breast (Parenchymal)"	26	"Breast (Parenchymal)"
"RP-1447_ASCProject_0014_SALIVA_v1_Exome_OnPrem"	"ASCProject_0014_SALIVA"	"Normal"	"ASCProject_0014"	"DNA"	""	"ASCProject_0014_SALIVA"	""	""	NA	""	""	""	""	""	""	"ASCProject_0014"	"Breast (Parenchymal)"	"Breast (Parenchymal)"	"Breast"	"No Mets"	"No Mets"	NA	9	"29"	"F"	"BREAST (PARENCHYMAL)"	"RIGHT BREAST"	0	"NO"	0	0	""	""	""	""	""	""	""	""	"NO METS"	"NO METS"	"2337"	"1/13/22"	"14_GW, BHASKAR_RENUKA_BROADINSTITUTE_2362699-1_04_25_17_1245"	"IS"	"BREAST (PARENCHYMAL)"	0	0	"14"	"DIAGNOSED"	29.4739726	"BREAST"	""	""	""	"BREAST"	""	""	""	"NED"	""	""	""	"YES"	"YES"	"NO"	""	""	"NO"	""	"NO"	""	"NO"	""	"Angiosarcoma facebook group"	"Three years after my diagnosis (2013) I had a splenectomy because of what turned out to be lymphangioma that we had been seeing on all my scans but had started to grow. In 2015 I had a blood clot in my liver (doctors guessed was caused by birth control or splenectomy). I am very thankful for this research and the angiosarcoma group. FUAS!"	"NO"	"SOUTH_EAST_ASIAN"	""	"BREAST"	""	"NO"	""	""	"NO"	""	""	""	"NO"	""	""	"YES"	"YES"	""	"11/16/80"	"True"	29	"BREAST (PARENCHYMAL)"	"Non-RAAS/LAAS"	0	"ASCProject_0014_SALIVA"	29	"Breast (Parenchymal)"	29	"Breast (Parenchymal)"
"RP-1447_ASCProject_0015_SALIVA_v1_Exome_OnPrem"	"ASCProject_0015_SALIVA"	"Normal"	"ASCProject_0015"	"DNA"	""	"ASCProject_0015_SALIVA"	""	""	NA	""	""	""	""	""	""	"ASCProject_0015"	"HNFS"	"HNFS"	"Scalp"	"Distant Lymph Node"	"Distant Lymph Node"	NA	2	"66"	"M"	"HNFS"	"RIGHT SCALP"	0	"NO"	1	1	"HNFS"	"1472"	""	""	""	""	""	"23"	"DISTANT LYMPH NODE"	"DISTANT LYMPH NODE"	"1952"	"8/18/21"	"15_1_OCR.pdf, 15_2_OCR.pdf, 15_3_OCR.pdf, 15_4_OCR.pdf, 15_5_OCR.pdf, 15_6_OCR.pdf, 15_7_OCR.pdf, ASC_15_Sammons.pdf"	"DS"	"HNFS"	0	1	"15"	"DIAGNOSED"	66.10136986	"SCALP"	""	""	""	"HEADFACENECK,SCALP"	""	""	""	"SCALP"	""	""	""	"YES"	"YES"	"YES"	"AFTER"	"Taxol, Keytruda/pembrolizumab, Adriamycin, ifosfamide, gemcitabine, docetaxel, doxorubicin"	"YES"	"Keytruda every three weeks"	"YES"	"Follicular non Hodgkin lymphoma ;2016"	"NO"	""	"Facebook"	"A very long never ending battle that I will be waging for the res of my life. I have survived five years and hope to live many more. However, there is never a day that I don't think about AS"	"NO"	"WHITE"	""	"SCALP"	""	"YES"	"LYMPH"	""	"YES"	"SCALP"	""	""	"YES"	"Paclitaxel, gemcitabine, docetaxel, adriamycin, ifosfamide, doxorubicin"	"Keytruda"	"DK"	"NO"	""	"3/12/46"	"True"	66	"HNFS"	"Non-RAAS/LAAS"	1	"ASCProject_0015_SALIVA"	66	"HNFS"	66	"HNFS"
"RP-1447_ASCProject_0016_SALIVA_v1_Exome_OnPrem"	"ASCProject_0016_SALIVA"	"Normal"	"ASCProject_0016"	"DNA"	""	"ASCProject_0016_SALIVA"	""	""	NA	""	""	""	""	""	""	"ASCProject_0016"	"Heart"	"Heart"	""	""	""	NA	NA	""	""	""	""	NA	""	NA	NA	""	""	""	""	""	""	""	""	""	""	""	""	""	""	""	NA	NA	"16"	"DIAGNOSED"	21.2739726	"HEART,BONELIMB,DK"	""	""	""	"HEART,LUNG,BONELIMB"	"Back"	""	""	"HEART,BONELIMB"	"Back"	""	""	"YES"	"YES"	"NO"	""	"Gemcitabine and taxol, adriamycin and ifosfomide"	"YES"	"Gemcitabine and taxol"	"NO"	""	"NO"	""	"Corrie Painter"	"My cancer came back just 3 months after having surgery to remove remaining tiny mass in heart and having no evidence of disease"	"YES"	"WHITE"	""	"HEART"	""	"YES"	"LUNG,BONELIMB"	"Hip bone"	"YES"	"BONELIMB"	"Vertebrae"	""	"DK"	"Gemcitabine and taxol then adriamycin and ifosfamide"	"Gemcitabine and taxol"	"NO"	"NO"	""	"4/28/94"	"False"	21.2739726	""	""	NA	"ASCProject_0016_SALIVA"	21.2739726	"Heart"	21.2739726	"Heart"
"RP-1447_ASCProject_0017_BLOOD_Normal_v1_Exome_OnPrem"	"ASCProject_0017_BLOOD_Normal"	"Normal"	"ASCProject_0017"	"DNA"	""	"ASCProject_0017_BLOOD_Normal"	""	""	NA	""	""	""	""	""	""	"ASCProject_0017"	"HNFS"	"HNFS"	"Scalp"	"Liver, Bone, Distant Lymph Node"	"Liver, Bone, Distant Lymph Node"	NA	4	"67"	"F"	"HNFS"	"SKIN, RIGHT FRONTAL SCALP "	0	"NO"	1	1	"HNFS, HNFS"	"231"	"583"	""	""	""	""	"386"	"LIVER, BONE, DISTANT LYMPH NODE"	"LIVER, BONE, DISTANT LYMPH NODE"	"814"	"7/1/21"	"17_Moffitt_1, 17_Moffitt_2, 17_Moffitt_3, 17_Moffitt_4, 17_Venice, ASC_0017_T1_SK, ASC_0017_T2_SK, ASC_17_Path, ASC_17_Path_Suncoast"	"SS"	"HNFS"	0	1	"17"	"DIAGNOSED"	67.65205479	"SCALP"	""	""	""	"SCALP,LIVER,LYMPH,BONELIMB"	"Mets to liver, bone & lymph nodes reported via PET Scan 1/11/2017"	""	""	"SCALP,LIVER,LYMPH,BONELIMB"	""	""	""	"YES"	"NO"	"YES"	"AFTER"	"Taxol, Adriamycin, Lartruvo"	"YES"	"Regimen	Start Date	End Date	Cycles	Status
				
Adriamycin (doxorubicin)75mg/m2 IVP d1 Cycle 1-8 only; Lartruvo (olaratumab)15mg/kg IV d 1 & 8 q 21 days x 12 Cycles v5.0	02/02/2017	10/05/2017	12/0	Ongoing

Aloxi (Palonosetron hcl) IVP 	Administer IVP.Can be given over 30 sec. Please delete the Aloxi if pt is taking the Akynzeo day of 	treatment.
Decadron IV (Dexamethasone inj   Administer in 50ml NS over 20 min."	"NO"	""	"NO"	""	"Facebook"	""	"NO"	"WHITE"	""	"SCALP"	""	"NO"	""	""	"YES"	"LIVER,LYMPH,BONELIMB,OTHER"	""	""	"YES"	"Taxol 80 mg/m2 IV q wk / x 12 wks NCCN v5.0
Feb 1, 2016 thru May 9, 2016

Surgical resection of the right scalp 
May  20, 2017

Taxol 80 mg/m2 IV q wk / x 12 wks NCCN v5.0
July 13, 2016 htru Sept  28, 2016
Taxol reduced to 60mg starting 8/3/2016 Radistion Therapy started 8/2/2016 q M-F for 36 treatments

Radiation Therapy started 8/2/2016 q M-F for 36 treatments

Liver Biopsy at Moffitt Jan 11, 2017 showed Stage 4 Liver mets."	"Will be starting Adriamycin and Larturo IV therapy on Feb 2, 2107"	"NO"	"YES"	"I formed my own FB page of which family and friends are following my journey.  To date I have 200 people following and supporting my husband and me through this journey.  In addition I do follow the other Public Sarcoma groups."	"5/24/48"	"True"	67	"HNFS"	"Non-RAAS/LAAS"	3	"ASCProject_0017_BLOOD_Normal"	67	"HNFS"	67	"HNFS"
"RP-1447_ASCProject_0017_BLOOD_v1_Exome_OnPrem"	"ASCProject_0017_BLOOD"	"Tumor"	"ASCProject_0017"	"DNA"	"BLOOD"	"ASCProject_0017_BLOOD"	""	""	504	"BLOOD BIOPSY"	"BLOOD BIOPSY"	""	""	""	""	"ASCProject_0017"	"HNFS"	"HNFS"	"Scalp"	"Liver, Bone, Distant Lymph Node"	"Liver, Bone, Distant Lymph Node"	NA	4	"67"	"F"	"HNFS"	"SKIN, RIGHT FRONTAL SCALP "	0	"NO"	1	1	"HNFS, HNFS"	"231"	"583"	""	""	""	""	"386"	"LIVER, BONE, DISTANT LYMPH NODE"	"LIVER, BONE, DISTANT LYMPH NODE"	"814"	"7/1/21"	"17_Moffitt_1, 17_Moffitt_2, 17_Moffitt_3, 17_Moffitt_4, 17_Venice, ASC_0017_T1_SK, ASC_0017_T2_SK, ASC_17_Path, ASC_17_Path_Suncoast"	"SS"	"HNFS"	0	1	"17"	"DIAGNOSED"	67.65205479	"SCALP"	""	""	""	"SCALP,LIVER,LYMPH,BONELIMB"	"Mets to liver, bone & lymph nodes reported via PET Scan 1/11/2017"	""	""	"SCALP,LIVER,LYMPH,BONELIMB"	""	""	""	"YES"	"NO"	"YES"	"AFTER"	"Taxol, Adriamycin, Lartruvo"	"YES"	"Regimen	Start Date	End Date	Cycles	Status
				
Adriamycin (doxorubicin)75mg/m2 IVP d1 Cycle 1-8 only; Lartruvo (olaratumab)15mg/kg IV d 1 & 8 q 21 days x 12 Cycles v5.0	02/02/2017	10/05/2017	12/0	Ongoing

Aloxi (Palonosetron hcl) IVP 	Administer IVP.Can be given over 30 sec. Please delete the Aloxi if pt is taking the Akynzeo day of 	treatment.
Decadron IV (Dexamethasone inj   Administer in 50ml NS over 20 min."	"NO"	""	"NO"	""	"Facebook"	""	"NO"	"WHITE"	""	"SCALP"	""	"NO"	""	""	"YES"	"LIVER,LYMPH,BONELIMB,OTHER"	""	""	"YES"	"Taxol 80 mg/m2 IV q wk / x 12 wks NCCN v5.0
Feb 1, 2016 thru May 9, 2016

Surgical resection of the right scalp 
May  20, 2017

Taxol 80 mg/m2 IV q wk / x 12 wks NCCN v5.0
July 13, 2016 htru Sept  28, 2016
Taxol reduced to 60mg starting 8/3/2016 Radistion Therapy started 8/2/2016 q M-F for 36 treatments

Radiation Therapy started 8/2/2016 q M-F for 36 treatments

Liver Biopsy at Moffitt Jan 11, 2017 showed Stage 4 Liver mets."	"Will be starting Adriamycin and Larturo IV therapy on Feb 2, 2107"	"NO"	"YES"	"I formed my own FB page of which family and friends are following my journey.  To date I have 200 people following and supporting my husband and me through this journey.  In addition I do follow the other Public Sarcoma groups."	"5/24/48"	"True"	67	"HNFS"	"Non-RAAS/LAAS"	3	"ASCProject_0017_BLOOD"	67	"HNFS"	67	"HNFS"
"RP-1447_ASCProject_0017_SALIVA_v3_Exome_OnPrem"	"ASCProject_0017_SALIVA"	"Normal"	"ASCProject_0017"	"DNA"	""	"ASCProject_0017_SALIVA"	""	""	NA	""	""	""	""	""	""	"ASCProject_0017"	"HNFS"	"HNFS"	"Scalp"	"Liver, Bone, Distant Lymph Node"	"Liver, Bone, Distant Lymph Node"	NA	4	"67"	"F"	"HNFS"	"SKIN, RIGHT FRONTAL SCALP "	0	"NO"	1	1	"HNFS, HNFS"	"231"	"583"	""	""	""	""	"386"	"LIVER, BONE, DISTANT LYMPH NODE"	"LIVER, BONE, DISTANT LYMPH NODE"	"814"	"7/1/21"	"17_Moffitt_1, 17_Moffitt_2, 17_Moffitt_3, 17_Moffitt_4, 17_Venice, ASC_0017_T1_SK, ASC_0017_T2_SK, ASC_17_Path, ASC_17_Path_Suncoast"	"SS"	"HNFS"	0	1	"17"	"DIAGNOSED"	67.65205479	"SCALP"	""	""	""	"SCALP,LIVER,LYMPH,BONELIMB"	"Mets to liver, bone & lymph nodes reported via PET Scan 1/11/2017"	""	""	"SCALP,LIVER,LYMPH,BONELIMB"	""	""	""	"YES"	"NO"	"YES"	"AFTER"	"Taxol, Adriamycin, Lartruvo"	"YES"	"Regimen	Start Date	End Date	Cycles	Status
				
Adriamycin (doxorubicin)75mg/m2 IVP d1 Cycle 1-8 only; Lartruvo (olaratumab)15mg/kg IV d 1 & 8 q 21 days x 12 Cycles v5.0	02/02/2017	10/05/2017	12/0	Ongoing

Aloxi (Palonosetron hcl) IVP 	Administer IVP.Can be given over 30 sec. Please delete the Aloxi if pt is taking the Akynzeo day of 	treatment.
Decadron IV (Dexamethasone inj   Administer in 50ml NS over 20 min."	"NO"	""	"NO"	""	"Facebook"	""	"NO"	"WHITE"	""	"SCALP"	""	"NO"	""	""	"YES"	"LIVER,LYMPH,BONELIMB,OTHER"	""	""	"YES"	"Taxol 80 mg/m2 IV q wk / x 12 wks NCCN v5.0
Feb 1, 2016 thru May 9, 2016

Surgical resection of the right scalp 
May  20, 2017

Taxol 80 mg/m2 IV q wk / x 12 wks NCCN v5.0
July 13, 2016 htru Sept  28, 2016
Taxol reduced to 60mg starting 8/3/2016 Radistion Therapy started 8/2/2016 q M-F for 36 treatments

Radiation Therapy started 8/2/2016 q M-F for 36 treatments

Liver Biopsy at Moffitt Jan 11, 2017 showed Stage 4 Liver mets."	"Will be starting Adriamycin and Larturo IV therapy on Feb 2, 2107"	"NO"	"YES"	"I formed my own FB page of which family and friends are following my journey.  To date I have 200 people following and supporting my husband and me through this journey.  In addition I do follow the other Public Sarcoma groups."	"5/24/48"	"True"	67	"HNFS"	"Non-RAAS/LAAS"	3	"ASCProject_0017_SALIVA"	67	"HNFS"	67	"HNFS"
"RP-1447_ASCProject_0017_T1_v1_Exome_OnPrem"	"ASCProject_0017_T1"	"Tumor"	"ASCProject_0017"	"DNA"	"T1"	"ASCProject_0017_T1"	""	""	0	"HEADFACENECKSCALP"	"BIOPSY "	"YES"	"YES"	"NO"	"HIGH"	"ASCProject_0017"	"HNFS"	"HNFS"	"Scalp"	"Liver, Bone, Distant Lymph Node"	"Liver, Bone, Distant Lymph Node"	NA	4	"67"	"F"	"HNFS"	"SKIN, RIGHT FRONTAL SCALP "	0	"NO"	1	1	"HNFS, HNFS"	"231"	"583"	""	""	""	""	"386"	"LIVER, BONE, DISTANT LYMPH NODE"	"LIVER, BONE, DISTANT LYMPH NODE"	"814"	"7/1/21"	"17_Moffitt_1, 17_Moffitt_2, 17_Moffitt_3, 17_Moffitt_4, 17_Venice, ASC_0017_T1_SK, ASC_0017_T2_SK, ASC_17_Path, ASC_17_Path_Suncoast"	"SS"	"HNFS"	0	1	"17"	"DIAGNOSED"	67.65205479	"SCALP"	""	""	""	"SCALP,LIVER,LYMPH,BONELIMB"	"Mets to liver, bone & lymph nodes reported via PET Scan 1/11/2017"	""	""	"SCALP,LIVER,LYMPH,BONELIMB"	""	""	""	"YES"	"NO"	"YES"	"AFTER"	"Taxol, Adriamycin, Lartruvo"	"YES"	"Regimen	Start Date	End Date	Cycles	Status
				
Adriamycin (doxorubicin)75mg/m2 IVP d1 Cycle 1-8 only; Lartruvo (olaratumab)15mg/kg IV d 1 & 8 q 21 days x 12 Cycles v5.0	02/02/2017	10/05/2017	12/0	Ongoing

Aloxi (Palonosetron hcl) IVP 	Administer IVP.Can be given over 30 sec. Please delete the Aloxi if pt is taking the Akynzeo day of 	treatment.
Decadron IV (Dexamethasone inj   Administer in 50ml NS over 20 min."	"NO"	""	"NO"	""	"Facebook"	""	"NO"	"WHITE"	""	"SCALP"	""	"NO"	""	""	"YES"	"LIVER,LYMPH,BONELIMB,OTHER"	""	""	"YES"	"Taxol 80 mg/m2 IV q wk / x 12 wks NCCN v5.0
Feb 1, 2016 thru May 9, 2016

Surgical resection of the right scalp 
May  20, 2017

Taxol 80 mg/m2 IV q wk / x 12 wks NCCN v5.0
July 13, 2016 htru Sept  28, 2016
Taxol reduced to 60mg starting 8/3/2016 Radistion Therapy started 8/2/2016 q M-F for 36 treatments

Radiation Therapy started 8/2/2016 q M-F for 36 treatments

Liver Biopsy at Moffitt Jan 11, 2017 showed Stage 4 Liver mets."	"Will be starting Adriamycin and Larturo IV therapy on Feb 2, 2107"	"NO"	"YES"	"I formed my own FB page of which family and friends are following my journey.  To date I have 200 people following and supporting my husband and me through this journey.  In addition I do follow the other Public Sarcoma groups."	"5/24/48"	"True"	67	"HNFS"	"Non-RAAS/LAAS"	3	"ASCProject_0017_T1"	67	"HNFS"	67	"HNFS"
"RP-1447_ASCProject_0017_T2_v2_Exome_OnPrem"	"ASCProject_0017_T2"	"Tumor"	"ASCProject_0017"	"DNA"	"T2"	"ASCProject_0017_T2"	""	""	144	"HEADFACENECKSCALP"	"RESECTION"	"YES"	"YES"	"NO"	"HIGH"	"ASCProject_0017"	"HNFS"	"HNFS"	"Scalp"	"Liver, Bone, Distant Lymph Node"	"Liver, Bone, Distant Lymph Node"	NA	4	"67"	"F"	"HNFS"	"SKIN, RIGHT FRONTAL SCALP "	0	"NO"	1	1	"HNFS, HNFS"	"231"	"583"	""	""	""	""	"386"	"LIVER, BONE, DISTANT LYMPH NODE"	"LIVER, BONE, DISTANT LYMPH NODE"	"814"	"7/1/21"	"17_Moffitt_1, 17_Moffitt_2, 17_Moffitt_3, 17_Moffitt_4, 17_Venice, ASC_0017_T1_SK, ASC_0017_T2_SK, ASC_17_Path, ASC_17_Path_Suncoast"	"SS"	"HNFS"	0	1	"17"	"DIAGNOSED"	67.65205479	"SCALP"	""	""	""	"SCALP,LIVER,LYMPH,BONELIMB"	"Mets to liver, bone & lymph nodes reported via PET Scan 1/11/2017"	""	""	"SCALP,LIVER,LYMPH,BONELIMB"	""	""	""	"YES"	"NO"	"YES"	"AFTER"	"Taxol, Adriamycin, Lartruvo"	"YES"	"Regimen	Start Date	End Date	Cycles	Status
				
Adriamycin (doxorubicin)75mg/m2 IVP d1 Cycle 1-8 only; Lartruvo (olaratumab)15mg/kg IV d 1 & 8 q 21 days x 12 Cycles v5.0	02/02/2017	10/05/2017	12/0	Ongoing

Aloxi (Palonosetron hcl) IVP 	Administer IVP.Can be given over 30 sec. Please delete the Aloxi if pt is taking the Akynzeo day of 	treatment.
Decadron IV (Dexamethasone inj   Administer in 50ml NS over 20 min."	"NO"	""	"NO"	""	"Facebook"	""	"NO"	"WHITE"	""	"SCALP"	""	"NO"	""	""	"YES"	"LIVER,LYMPH,BONELIMB,OTHER"	""	""	"YES"	"Taxol 80 mg/m2 IV q wk / x 12 wks NCCN v5.0
Feb 1, 2016 thru May 9, 2016

Surgical resection of the right scalp 
May  20, 2017

Taxol 80 mg/m2 IV q wk / x 12 wks NCCN v5.0
July 13, 2016 htru Sept  28, 2016
Taxol reduced to 60mg starting 8/3/2016 Radistion Therapy started 8/2/2016 q M-F for 36 treatments

Radiation Therapy started 8/2/2016 q M-F for 36 treatments

Liver Biopsy at Moffitt Jan 11, 2017 showed Stage 4 Liver mets."	"Will be starting Adriamycin and Larturo IV therapy on Feb 2, 2107"	"NO"	"YES"	"I formed my own FB page of which family and friends are following my journey.  To date I have 200 people following and supporting my husband and me through this journey.  In addition I do follow the other Public Sarcoma groups."	"5/24/48"	"True"	67	"HNFS"	"Non-RAAS/LAAS"	3	"ASCProject_0017_T2"	67	"HNFS"	67	"HNFS"
"RP-1447_ASCProject_0020_SALIVA_v2_Exome_OnPrem"	"ASCProject_0020_SALIVA"	"Normal"	"ASCProject_0020"	"DNA"	""	"ASCProject_0020_SALIVA"	""	""	NA	""	""	""	""	""	""	"ASCProject_0020"	"Breast (Cutaneous)"	"Breast (Cutaneous)"	"Thorax and trunk"	"No Mets"	"No Mets"	NA	3	"53"	"F"	"SKIN-CUTANEOUS (ASSOCIATED WITH PRIOR RT)"	"RIGHT ANTERIOR CHEST WALL LESION"	1	"NO"	1	0	""	""	""	""	""	""	""	""	"NO METS"	"NO METS"	"1809"	"6/17/21"	"ASC_20_MOFFIT, ASC_20_SUNCOAST,  ASC_0020_T1, ASC_20_FLORIDASPECIALIST"	"SS"	"BREAST (CUTANEOUS)"	0	0	"20"	"DIAGNOSED"	53.07945205	"OTHER"	""	""	"Right chest wall within radition field for rads from breast cancer treatment in 2008"	"OTHER"	""	""	"right chest wall"	"NED"	""	""	""	"YES"	"YES"	"YES"	"AFTER"	"none"	"NO"	""	"YES"	"invasive lobular carcinoma right breast;2007"	"YES"	"chest; for right breast cancer"	"Angiosarcoma Facebook group"	""	"NO"	"WHITE"	""	""	""	""	""	""	""	""	""	""	""	""	""	""	""	""	"1/17/60"	"True"	53	"BREAST (CUTANEOUS)"	"RAAS"	0	"ASCProject_0020_SALIVA"	53	"Breast (Cutaneous)"	53	"Breast (Cutaneous)"
"RP-1447_ASCProject_0020_T1_v2_Exome_OnPrem"	"ASCProject_0020_T1"	"Tumor"	"ASCProject_0020"	"DNA"	"T1"	"ASCProject_0020_T1"	""	""	21	"BONELIMB"	"Resection"	"YES (FOCAL)"	"YES"	"YES"	"HIGH"	"ASCProject_0020"	"Breast (Cutaneous)"	"Breast (Cutaneous)"	"Thorax and trunk"	"No Mets"	"No Mets"	NA	3	"53"	"F"	"SKIN-CUTANEOUS (ASSOCIATED WITH PRIOR RT)"	"RIGHT ANTERIOR CHEST WALL LESION"	1	"NO"	1	0	""	""	""	""	""	""	""	""	"NO METS"	"NO METS"	"1809"	"6/17/21"	"ASC_20_MOFFIT, ASC_20_SUNCOAST,  ASC_0020_T1, ASC_20_FLORIDASPECIALIST"	"SS"	"BREAST (CUTANEOUS)"	0	0	"20"	"DIAGNOSED"	53.07945205	"OTHER"	""	""	"Right chest wall within radition field for rads from breast cancer treatment in 2008"	"OTHER"	""	""	"right chest wall"	"NED"	""	""	""	"YES"	"YES"	"YES"	"AFTER"	"none"	"NO"	""	"YES"	"invasive lobular carcinoma right breast;2007"	"YES"	"chest; for right breast cancer"	"Angiosarcoma Facebook group"	""	"NO"	"WHITE"	""	""	""	""	""	""	""	""	""	""	""	""	""	""	""	""	"1/17/60"	"True"	53	"BREAST (CUTANEOUS)"	"RAAS"	0	"ASCProject_0020_T1"	53	"Breast (Cutaneous)"	53	"Breast (Cutaneous)"
"RP-1447_ASCProject_0021_SALIVA_v1_Exome_OnPrem"	"ASCProject_0021_SALIVA"	"Normal"	"ASCProject_0021"	"DNA"	""	"ASCProject_0021_SALIVA"	""	""	NA	""	""	""	""	""	""	"ASCProject_0021"	"Breast (NOS)"	"Breast (NOS)"	""	""	""	NA	NA	""	""	""	""	NA	""	NA	NA	""	""	""	""	""	""	""	""	""	""	""	""	""	""	""	NA	NA	"21"	"DIAGNOSED"	31.58630137	"BREAST"	""	""	""	"BREAST"	""	""	""	"NED"	""	""	""	"YES"	"YES"	"YES"	"AFTER"	"AIM, Taxol"	"NO"	""	"NO"	""	"NO"	""	"Facebook group:)"	"Get a second opinion, go to the very best drs (at a sarcoma center), be proactive and aggressive."	"NO"	"WHITE"	""	""	""	""	""	""	""	""	""	""	""	""	""	""	""	""	"11/7/74"	"False"	31.58630137	"BREAST (NOS)"	""	NA	"ASCProject_0021_SALIVA"	31.58630137	"Breast (NOS)"	31.58630137	"Breast (NOS)"
"RP-1447_ASCProject_0023_SALIVA_v1_Exome_OnPrem"	"ASCProject_0023_SALIVA"	"Normal"	"ASCProject_0023"	"DNA"	""	"ASCProject_0023_SALIVA"	""	""	NA	""	""	""	""	""	""	"ASCProject_0023"	"HNFS"	"HNFS"	"Lip"	""	""	NA	8	"22"	"M"	"HNFS"	"LEFT LOWER LIP"	0	"NO"	1	NA	"NOT FOUND IN RECORD"	"NOT FOUND IN RECORD"	"NOT FOUND IN RECORD"	"NOT FOUND IN RECORD"	"NOT FOUND IN RECORD"	"NOT FOUND IN RECORD"	"NOT FOUND IN RECORD"	"NOT FOUND IN RECORD"	"NOT FOUND IN RECORD"	"NOT FOUND IN RECORD"	"12965"	"9/13/21"	"ASC_23_Cambridge_MANUAL_OCR, ASC_23_Hartford_MANUAL_OCR"	"DS/IS"	"HNFS"	0	NA	"23"	"DIAGNOSED"	22.00273973	"HEADFACENECK"	""	""	""	"HEADFACENECK"	""	""	""	"NED"	""	""	""	"YES"	"YES"	"YES"	"AFTER"	"Adriamycin/Cytoxin"	"NO"	""	"YES"	"Melanoma ;2003|Squamous cell carcinoma ;2016|Basil cell (various);"	"NO"	""	"Facebook"	"I had two mets. 1978 (nose) 1979 (tongue). I often wonder about the long term effects of chemotherapy (I've had 40+ surgeries) and radiation (a lot of dental work) but am luckily still here."	"NO"	"WHITE"	""	""	""	""	""	""	""	""	""	""	""	""	""	""	""	""	"6/6/54"	"True"	22	"HNFS"	"Non-RAAS/LAAS"	NA	"ASCProject_0023_SALIVA"	22	"HNFS"	22	"HNFS"
"RP-1447_ASCProject_0024_BLOOD_Normal_v1_Exome_OnPrem"	"ASCProject_0024_BLOOD_Normal"	"Normal"	"ASCProject_0024"	"DNA"	""	"ASCProject_0024_BLOOD_Normal"	""	""	NA	""	""	""	""	""	""	"ASCProject_0024"	"Other Visceral Organs"	"Lung"	"Lung"	"Brain"	"Brain"	NA	5	"27"	"M"	"VISCERAL ORGAN"	"LEFT LUNG LINGULA "	0	"NO"	0	1	"VISCERAL ORGAN"	"951"	""	""	""	""	""	"1584"	"BRAIN"	"BRAIN"	"3219"	"7/9/21"	"ASC_24_RCO_1of9, ASC_24_RCO_2of9, ASC_24_RCO_3of9, ASC_24_RCO_4of9, ASC_24_RCO_5of9, ASC_24_RCO_6of9, ASC_24_RCO_7of9, ASC_24_RCO_8of9, 24_1, 24_2,  24_3,  24_4,  24_5,  24_6,  24_7,  24_8,  24_9, ASC_24_Mayo, ASC_24_MdAnderson"	"IS"	"LUNG"	0	1	"24"	"DIAGNOSED"	27.39726027	"LUNG"	""	""	""	"LUNG,BRAIN,LYMPH"	""	""	""	"LUNG"	""	""	""	"YES"	"YES"	"YES"	"BOTH"	"Adriamycin, ifosfamide, and mesna; paclitaxel; docetaxel and gemcitabine; temozolomide; keytruda; adriamycin and olaratumab"	"YES"	"Adriamycin and olaratumab"	"NO"	""	"NO"	""	"Facebook and Dr Corrie Painter"	"Statistically, I had 5-6 months with a lung primary.  That was almost 8 years and a key reason why statistics aren't the end all.  We are our own best advocate.  I haven't been off treatment since this started, but it has been well worth it.  Living is the goal, and I will do what I need to in order to survive.  If this ends up being a chronic situation, I am prepared to live with that as many people live with chronic diseases.  I've also learned to take news without getting too emotional."	"NO"	"WHITE"	""	""	""	""	""	""	""	""	""	""	""	""	""	""	""	""	"4/16/82"	"True"	27	"LUNG"	"Non-RAAS/LAAS"	1	"ASCProject_0024_BLOOD_Normal"	27	"Other Visceral Organs"	27	"Other Visceral Organs"
"RP-1447_ASCProject_0024_SALIVA_v3_Exome_OnPrem"	"ASCProject_0024_SALIVA"	"Normal"	"ASCProject_0024"	"DNA"	""	"ASCProject_0024_SALIVA"	""	""	NA	""	""	""	""	""	""	"ASCProject_0024"	"Other Visceral Organs"	"Lung"	"Lung"	"Brain"	"Brain"	NA	5	"27"	"M"	"VISCERAL ORGAN"	"LEFT LUNG LINGULA "	0	"NO"	0	1	"VISCERAL ORGAN"	"951"	""	""	""	""	""	"1584"	"BRAIN"	"BRAIN"	"3219"	"7/9/21"	"ASC_24_RCO_1of9, ASC_24_RCO_2of9, ASC_24_RCO_3of9, ASC_24_RCO_4of9, ASC_24_RCO_5of9, ASC_24_RCO_6of9, ASC_24_RCO_7of9, ASC_24_RCO_8of9, 24_1, 24_2,  24_3,  24_4,  24_5,  24_6,  24_7,  24_8,  24_9, ASC_24_Mayo, ASC_24_MdAnderson"	"IS"	"LUNG"	0	1	"24"	"DIAGNOSED"	27.39726027	"LUNG"	""	""	""	"LUNG,BRAIN,LYMPH"	""	""	""	"LUNG"	""	""	""	"YES"	"YES"	"YES"	"BOTH"	"Adriamycin, ifosfamide, and mesna; paclitaxel; docetaxel and gemcitabine; temozolomide; keytruda; adriamycin and olaratumab"	"YES"	"Adriamycin and olaratumab"	"NO"	""	"NO"	""	"Facebook and Dr Corrie Painter"	"Statistically, I had 5-6 months with a lung primary.  That was almost 8 years and a key reason why statistics aren't the end all.  We are our own best advocate.  I haven't been off treatment since this started, but it has been well worth it.  Living is the goal, and I will do what I need to in order to survive.  If this ends up being a chronic situation, I am prepared to live with that as many people live with chronic diseases.  I've also learned to take news without getting too emotional."	"NO"	"WHITE"	""	""	""	""	""	""	""	""	""	""	""	""	""	""	""	""	"4/16/82"	"True"	27	"LUNG"	"Non-RAAS/LAAS"	1	"ASCProject_0024_SALIVA"	27	"Other Visceral Organs"	27	"Other Visceral Organs"
"RP-1447_ASCProject_0024_T2_v1_Exome_OnPrem"	"ASCProject_0024_T2"	"Tumor"	"ASCProject_0024"	"DNA"	"T2"	"ASCProject_0024_T2"	""	""	1258	"LUNG"	"PNEUMONECTOMY"	"YES"	"NO"	"YES"	"HIGH"	"ASCProject_0024"	"Other Visceral Organs"	"Lung"	"Lung"	"Brain"	"Brain"	NA	5	"27"	"M"	"VISCERAL ORGAN"	"LEFT LUNG LINGULA "	0	"NO"	0	1	"VISCERAL ORGAN"	"951"	""	""	""	""	""	"1584"	"BRAIN"	"BRAIN"	"3219"	"7/9/21"	"ASC_24_RCO_1of9, ASC_24_RCO_2of9, ASC_24_RCO_3of9, ASC_24_RCO_4of9, ASC_24_RCO_5of9, ASC_24_RCO_6of9, ASC_24_RCO_7of9, ASC_24_RCO_8of9, 24_1, 24_2,  24_3,  24_4,  24_5,  24_6,  24_7,  24_8,  24_9, ASC_24_Mayo, ASC_24_MdAnderson"	"IS"	"LUNG"	0	1	"24"	"DIAGNOSED"	27.39726027	"LUNG"	""	""	""	"LUNG,BRAIN,LYMPH"	""	""	""	"LUNG"	""	""	""	"YES"	"YES"	"YES"	"BOTH"	"Adriamycin, ifosfamide, and mesna; paclitaxel; docetaxel and gemcitabine; temozolomide; keytruda; adriamycin and olaratumab"	"YES"	"Adriamycin and olaratumab"	"NO"	""	"NO"	""	"Facebook and Dr Corrie Painter"	"Statistically, I had 5-6 months with a lung primary.  That was almost 8 years and a key reason why statistics aren't the end all.  We are our own best advocate.  I haven't been off treatment since this started, but it has been well worth it.  Living is the goal, and I will do what I need to in order to survive.  If this ends up being a chronic situation, I am prepared to live with that as many people live with chronic diseases.  I've also learned to take news without getting too emotional."	"NO"	"WHITE"	""	""	""	""	""	""	""	""	""	""	""	""	""	""	""	""	"4/16/82"	"True"	27	"LUNG"	"Non-RAAS/LAAS"	1	"ASCProject_0024_T2"	27	"Other Visceral Organs"	27	"Other Visceral Organs"
"RP-1447_ASCProject_0025_SALIVA_v1_Exome_OnPrem"	"ASCProject_0025_SALIVA"	"Normal"	"ASCProject_0025"	"DNA"	""	"ASCProject_0025_SALIVA"	""	""	NA	""	""	""	""	""	""	"ASCProject_0025"	"Breast (Parenchymal)"	"Breast (Parenchymal)"	"Breast"	"Ovary"	"Ovary, Liver, Bone, Distant Lymph Node"	NA	9	"28"	"F"	"BREAST (PARENCHYMAL)"	"LEFT BREAST"	0	"NO"	0	0	""	""	""	""	""	""	""	"609"	"OTHER [LEFT OVARY, PARAOVARIAN/MESORECTAL SOFT TISSUE]"	"OTHER [LEFT OVARY, PARAOVARIAN/MESORECTAL SOFT TISSUE, PERITONEUM], LIVER, BONE, DISTANT LYMPH NODE"	"1503"	"1/18/22"	"ASC_25_MSKCC, ASC_0025_PathReport1, ASC_0025_Pathreport2, ASC_0025_T1, ASC_0025_T2"	"IS"	"BREAST (PARENCHYMAL)"	0	1	"25"	"DIAGNOSED"	28.99452055	"BREAST"	""	""	""	"OTHER"	""	""	"Ovary"	"NED"	""	""	""	"YES"	"YES"	"NO"	""	"9 cycles AIM (adriamycin and ifosfamide); 6 cycles gemcitabine/docetaxel/, 16 weekly cycles taxol; presently: gemcitabine/docetaxel/avastin"	"YES"	"gemcitabine/docetaxel/avastin"	"NO"	""	"NO"	""	"Faceboook - AS group"	"My cancer in breast coincided with hormonal events.  I also went through fertility preservation treatment post-mastectomy and prior to chemotherapy. Prescribed Lupron during first phase of \"clean-up\" chemotherapy in attempt shutdown ovaries and preserve fertility."	"NO"	"WHITE"	""	""	""	""	""	""	""	""	""	""	""	""	""	""	""	""	"11/10/85"	"True"	28	"BREAST (PARENCHYMAL)"	"Non-RAAS/LAAS"	6	"ASCProject_0025_SALIVA"	28	"Breast (Parenchymal)"	28	"Breast (Parenchymal)"
"RP-1447_ASCProject_0026_BLOOD_Normal_v2_Exome_OnPrem"	"ASCProject_0026_BLOOD_Normal"	"Normal"	"ASCProject_0026"	"DNA"	""	"ASCProject_0026_BLOOD_Normal"	""	""	NA	""	""	""	""	""	""	"ASCProject_0026"	"Breast (Parenchymal)"	"Breast (Parenchymal)"	"Breast"	"Liver"	"Liver"	NA	5	"56"	"F"	"BREAST (PARENCHYMAL)"	"RIGHT BREAST"	0	"NO"	0	0	""	""	""	""	""	""	""	"1248"	"LIVER"	"LIVER"	"1679"	"7/12/21"	"26_FCS_OCR.pdf, ASC_26_BHB_OCR.pdf, ASC_26_MDA_OCR.pdf, ASC_26_TBBCS_OCR.pdf, ASC_26_T1_Path manual OCR, 26_MSKCC_1.pdf, 26_MSKCC_2.pdf"	"DS"	"BREAST (PARENCHYMAL)"	0	1	"26"	"DIAGNOSED"	56.51506849	"BREAST"	""	""	""	"BREAST,LIVER"	""	""	""	"LIVER"	""	""	""	"YES"	"YES"	"NO"	""	"Taxol. Currently on Lartruvo & Adriamycin"	"YES"	"Lartruvo & Adriamycin"	"NO"	""	"NO"	""	"Facebook AngioSarcomaCancer group page."	"My primary breast tumor was 2.5cm.  After consulting with her team, my Sarcoma specialist advised against chemo.  I was NED for 3 years 5 months when it recurred in the left lobe of my Liver.  I began Taxol in September of 2016 & after 17 treatments the lesion had shrunk but other \"suspicious\" sub centimeter nodules were noticeable in my lung & abdomen.  I began Lartruvo & Adriamycin in January of this year.  Interestingly, the Liver lesion presented as  if it were gastritis & was quite painful."	"NO"	"WHITE"	""	""	""	""	""	""	""	""	""	""	""	""	""	""	""	""	"10/9/56"	"True"	56	"BREAST (PARENCHYMAL)"	"Non-RAAS/LAAS"	1	"ASCProject_0026_BLOOD_Normal"	56	"Breast (Parenchymal)"	56	"Breast (Parenchymal)"
"RP-1447_ASCProject_0026_BLOOD_v1_Exome_OnPrem"	"ASCProject_0026_BLOOD"	"Tumor"	"ASCProject_0026"	"DNA"	"BLOOD"	"ASCProject_0026_BLOOD"	""	""	NA	""	""	""	""	""	""	"ASCProject_0026"	"Breast (Parenchymal)"	"Breast (Parenchymal)"	"Breast"	"Liver"	"Liver"	NA	5	"56"	"F"	"BREAST (PARENCHYMAL)"	"RIGHT BREAST"	0	"NO"	0	0	""	""	""	""	""	""	""	"1248"	"LIVER"	"LIVER"	"1679"	"7/12/21"	"26_FCS_OCR.pdf, ASC_26_BHB_OCR.pdf, ASC_26_MDA_OCR.pdf, ASC_26_TBBCS_OCR.pdf, ASC_26_T1_Path manual OCR, 26_MSKCC_1.pdf, 26_MSKCC_2.pdf"	"DS"	"BREAST (PARENCHYMAL)"	0	1	"26"	"DIAGNOSED"	56.51506849	"BREAST"	""	""	""	"BREAST,LIVER"	""	""	""	"LIVER"	""	""	""	"YES"	"YES"	"NO"	""	"Taxol. Currently on Lartruvo & Adriamycin"	"YES"	"Lartruvo & Adriamycin"	"NO"	""	"NO"	""	"Facebook AngioSarcomaCancer group page."	"My primary breast tumor was 2.5cm.  After consulting with her team, my Sarcoma specialist advised against chemo.  I was NED for 3 years 5 months when it recurred in the left lobe of my Liver.  I began Taxol in September of 2016 & after 17 treatments the lesion had shrunk but other \"suspicious\" sub centimeter nodules were noticeable in my lung & abdomen.  I began Lartruvo & Adriamycin in January of this year.  Interestingly, the Liver lesion presented as  if it were gastritis & was quite painful."	"NO"	"WHITE"	""	""	""	""	""	""	""	""	""	""	""	""	""	""	""	""	"10/9/56"	"True"	56	"BREAST (PARENCHYMAL)"	"Non-RAAS/LAAS"	1	"ASCProject_0026_BLOOD"	56	"Breast (Parenchymal)"	56	"Breast (Parenchymal)"
"RP-1447_ASCProject_0026_T1_v2_Exome_OnPrem"	"ASCProject_0026_T1"	"Tumor"	"ASCProject_0026"	"DNA"	"T1"	"ASCProject_0026_T1"	""	""	27	"BREAST"	"MASTECTOMY"	"YES"	"NO"	"NO"	"LOW"	"ASCProject_0026"	"Breast (Parenchymal)"	"Breast (Parenchymal)"	"Breast"	"Liver"	"Liver"	NA	5	"56"	"F"	"BREAST (PARENCHYMAL)"	"RIGHT BREAST"	0	"NO"	0	0	""	""	""	""	""	""	""	"1248"	"LIVER"	"LIVER"	"1679"	"7/12/21"	"26_FCS_OCR.pdf, ASC_26_BHB_OCR.pdf, ASC_26_MDA_OCR.pdf, ASC_26_TBBCS_OCR.pdf, ASC_26_T1_Path manual OCR, 26_MSKCC_1.pdf, 26_MSKCC_2.pdf"	"DS"	"BREAST (PARENCHYMAL)"	0	1	"26"	"DIAGNOSED"	56.51506849	"BREAST"	""	""	""	"BREAST,LIVER"	""	""	""	"LIVER"	""	""	""	"YES"	"YES"	"NO"	""	"Taxol. Currently on Lartruvo & Adriamycin"	"YES"	"Lartruvo & Adriamycin"	"NO"	""	"NO"	""	"Facebook AngioSarcomaCancer group page."	"My primary breast tumor was 2.5cm.  After consulting with her team, my Sarcoma specialist advised against chemo.  I was NED for 3 years 5 months when it recurred in the left lobe of my Liver.  I began Taxol in September of 2016 & after 17 treatments the lesion had shrunk but other \"suspicious\" sub centimeter nodules were noticeable in my lung & abdomen.  I began Lartruvo & Adriamycin in January of this year.  Interestingly, the Liver lesion presented as  if it were gastritis & was quite painful."	"NO"	"WHITE"	""	""	""	""	""	""	""	""	""	""	""	""	""	""	""	""	"10/9/56"	"True"	56	"BREAST (PARENCHYMAL)"	"Non-RAAS/LAAS"	1	"ASCProject_0026_T1"	56	"Breast (Parenchymal)"	56	"Breast (Parenchymal)"
"RP-1447_ASCProject_0027_SALIVA_v1_Exome_OnPrem"	"ASCProject_0027_SALIVA"	"Normal"	"ASCProject_0027"	"DNA"	""	"ASCProject_0027_SALIVA"	""	""	NA	""	""	""	""	""	""	"ASCProject_0027"	"Breast (NOS)"	"Breast (NOS)"	""	""	""	NA	NA	""	""	""	""	NA	""	NA	NA	""	""	""	""	""	""	""	""	""	""	""	""	""	""	""	NA	NA	"27"	"DIAGNOSED"	67.57534247	"BREAST"	""	""	""	"BREAST"	""	""	""	"NED"	""	""	""	"YES"	"YES"	"NO"	""	"AIM for 2 sessions...preoperative...(Adriamycin/ifosfamide/mesna) Adriamycin and decarbazine...4 sessions...preoperative Taxol weekly for 7 cycles...preoperative"	"NO"	""	"YES"	"breast cancer ;2004|thyroid cancer;2012|skin cancer (basal cell);2004"	"YES"	"right breast"	"Through contact with Corrie Painter on the Angio Awareness Inc site"	"This whole AS thing started with radiation to a breast cancer which I tried to refuse because the cancer was very small and encapsulated.  When the AS diagnosis came 8 years later the only treatment suggested here in Greensboro was surgery...these docs had no experience with AS, but offered no referrals. They guaranteed the AS would return.  In addition, I delayed seeking a diagnosis  because my BC onc  had noted edemas in that breast!  I found Corrie Painter and she found Dr Ravi..I am alive!"	"NO"	"WHITE"	""	""	""	""	""	""	""	""	""	""	""	""	""	""	""	""	"7/22/44"	"False"	67.57534247	"BREAST (NOS)"	""	NA	"ASCProject_0027_SALIVA"	67.57534247	"Breast (NOS)"	67.57534247	"Breast (NOS)"
"RP-1447_ASCProject_0028_SALIVA_v1_Exome_OnPrem"	"ASCProject_0028_SALIVA"	"Normal"	"ASCProject_0028"	"DNA"	""	"ASCProject_0028_SALIVA"	""	""	NA	""	""	""	""	""	""	"ASCProject_0028"	"Extremities"	"Lower Extremity"	""	""	""	NA	NA	""	""	""	""	NA	""	NA	NA	""	""	""	""	""	""	""	""	""	""	""	""	""	""	""	NA	NA	"28"	"DIAGNOSED"	70.07945205	"OTHER"	""	""	"soft tissue of right buttox"	"OTHER"	""	""	"only soft tissue of right buttox"	"NED"	""	""	""	"YES"	"YES"	"NO"	""	"Taxol once each week for 12 weeks. November 2014 to February 2015."	"NO"	""	"NO"	""	"NO"	""	"Facebook from Corrie Painter"	"I have been fortunate, so far, to have no re-occurrence since my surgery in September of 2014. The Taxol treatment caused neuropathy in my hands and feet which I am still dealing with."	"NO"	"AMERICAN_INDIAN,WHITE"	""	""	""	""	""	""	""	""	""	""	""	""	""	""	""	""	"6/19/44"	"False"	70.07945205	"OTHER"	""	NA	"ASCProject_0028_SALIVA"	70.07945205	"Extremities"	70.07945205	"Extremities"
"RP-1447_ASCProject_0030_SALIVA_v2_Exome_OnPrem"	"ASCProject_0030_SALIVA"	"Normal"	"ASCProject_0030"	"DNA"	""	"ASCProject_0030_SALIVA"	""	""	NA	""	""	""	""	""	""	"ASCProject_0030"	"Breast (Parenchymal)"	"Breast (Parenchymal)"	"Breast"	"No Mets"	"No Mets"	NA	5	"30"	"F"	"BREAST (PARENCHYMAL)"	"LEFT BREAST"	0	"NO"	0	0	""	""	""	""	""	""	""	""	"NO METS"	"NO METS"	"1079"	"7/12/21"	"30_1, 30_2, 30_3, 30_4, 30_5, Path T1_manual, 30_Barnes, ASC_30_OHA_fu, ASC_30_OncologyHemaAssoci"	"IS"	"BREAST (PARENCHYMAL)"	0	0	"30"	"DIAGNOSED"	30.8630137	"BREAST"	""	""	""	"BREAST"	""	""	""	"NED"	""	""	""	"YES"	"YES"	"YES"	"AFTER"	"AIM (adriamycin, ifosfamide, mesna), radiation and taxol"	"NO"	""	"NO"	""	"NO"	""	"Through the Angiosarcoma facebook page"	"I was the first case of angiosarcoma for all of my doctors. My surgeon, my radiologist and my oncologist who then referred me to my specialist Dr. Brian Van Tine"	"NO"	"WHITE"	""	""	""	""	""	""	""	""	""	""	""	""	""	""	""	""	"4/28/85"	"True"	30	"BREAST (PARENCHYMAL)"	"Non-RAAS/LAAS"	0	"ASCProject_0030_SALIVA"	30	"Breast (Parenchymal)"	30	"Breast (Parenchymal)"
"RP-1447_ASCProject_0030_T1_v1_Exome_OnPrem"	"ASCProject_0030_T1"	"Tumor"	"ASCProject_0030"	"DNA"	"T1"	"ASCProject_0030_T1"	""	""	15	"BREAST"	"MASTECTOMY"	"YES"	"NO"	"YES (FOCAL)"	"LOW"	"ASCProject_0030"	"Breast (Parenchymal)"	"Breast (Parenchymal)"	"Breast"	"No Mets"	"No Mets"	NA	5	"30"	"F"	"BREAST (PARENCHYMAL)"	"LEFT BREAST"	0	"NO"	0	0	""	""	""	""	""	""	""	""	"NO METS"	"NO METS"	"1079"	"7/12/21"	"30_1, 30_2, 30_3, 30_4, 30_5, Path T1_manual, 30_Barnes, ASC_30_OHA_fu, ASC_30_OncologyHemaAssoci"	"IS"	"BREAST (PARENCHYMAL)"	0	0	"30"	"DIAGNOSED"	30.8630137	"BREAST"	""	""	""	"BREAST"	""	""	""	"NED"	""	""	""	"YES"	"YES"	"YES"	"AFTER"	"AIM (adriamycin, ifosfamide, mesna), radiation and taxol"	"NO"	""	"NO"	""	"NO"	""	"Through the Angiosarcoma facebook page"	"I was the first case of angiosarcoma for all of my doctors. My surgeon, my radiologist and my oncologist who then referred me to my specialist Dr. Brian Van Tine"	"NO"	"WHITE"	""	""	""	""	""	""	""	""	""	""	""	""	""	""	""	""	"4/28/85"	"True"	30	"BREAST (PARENCHYMAL)"	"Non-RAAS/LAAS"	0	"ASCProject_0030_T1"	30	"Breast (Parenchymal)"	30	"Breast (Parenchymal)"
"RP-1447_ASCProject_0032_SALIVA_2_v1_Exome_OnPrem"	"ASCProject_0032_SALIVA_2"	"Normal"	"ASCProject_0032"	"DNA"	""	"ASCProject_0032_SALIVA_2"	""	""	NA	""	""	""	""	""	""	"ASCProject_0032"	"HNFS"	"HNFS"	""	""	""	NA	NA	""	""	""	""	NA	""	NA	NA	""	""	""	""	""	""	""	""	""	""	""	""	""	""	""	NA	NA	"32"	"DIAGNOSED"	27.8109589	"HEADFACENECK"	""	""	""	"HEADFACENECK"	""	""	""	"HEADFACENECK"	""	""	""	"NO"	""	"YES"	""	""	"YES"	"Radiation"	"NO"	""	"NO"	""	"Facebook"	"Ian still in Shock and not getting alit if answers"	"NO"	"WHITE"	""	""	""	""	""	""	""	""	""	""	""	""	""	""	""	""	"3/18/89"	"False"	27.8109589	"HNFS"	""	NA	"ASCProject_0032_SALIVA_2"	27.8109589	"HNFS"	27.8109589	"HNFS"
"RP-1447_ASCProject_0034_SALIVA_v1_Exome_OnPrem"	"ASCProject_0034_SALIVA"	"Normal"	"ASCProject_0034"	"DNA"	""	"ASCProject_0034_SALIVA"	""	""	NA	""	""	""	""	""	""	"ASCProject_0034"	"Other Rare Sites"	"Penis"	"Penis"	"No Mets"	"No Mets"	NA	12	"57"	"M"	"OTHER [PENIS]"	"SCROTUM"	0	"NO"	0	0	""	""	""	""	""	""	""	""	"NO METS"	"NO METS"	"1582"	"3/7/23"	"34_UC_Davis"	"IS"	"OTHER"	0	0	"34"	"DIAGNOSED"	57.83287671	"OTHER"	""	""	"Scrotal area"	""	""	""	""	"OTHER"	""	""	"Scrotal area"	"NO"	""	"NO"	""	"Doxcil, paxitaccil, affinitor, TRC-105 [clinical trial]"	"YES"	"TRC-105"	"NO"	""	"NO"	""	"Corrie Painter & Facebook angiosarcoma website"	"I did a self exam of the scrotum, felt a pea sized nodule consulted urologist. 5yrs of return check ups promised every time it was Not cancer. Professor concurred with urologist."	"NO"	"WHITE"	""	""	""	""	""	""	""	""	""	""	""	""	""	""	""	""	"3/17/57"	"True"	57	"OTHER"	"Non-RAAS/LAAS"	0	"ASCProject_0034_SALIVA"	57	"Other Rare Sites"	57	"Other Rare Sites"
"RP-1447_ASCProject_0035_SALIVA_v3_Exome_OnPrem"	"ASCProject_0035_SALIVA"	"Normal"	"ASCProject_0035"	"DNA"	""	"ASCProject_0035_SALIVA"	""	""	NA	""	""	""	""	""	""	"ASCProject_0035"	"HNFS"	"HNFS"	"Scalp"	"No Mets"	"No Mets"	NA	4	"59"	"F"	"HNFS"	"SCALP (POSTERIOR VERTEX)"	0	"NO"	1	1	"HNFS"	"897"	""	""	""	""	""	""	"NO METS"	"NO METS"	"2918"	"7/1/21"	"35_1, 35_2, 35_3, 35_4, 35_5, ASC_35_DERMATOLOGY"	"SS"	"HNFS"	0	0	"35"	"DIAGNOSED"	59.97260274	"SCALP"	""	""	""	"SCALP"	""	""	""	"NED"	""	""	""	"YES"	"YES"	"YES"	"AFTER"	"Chemo--taxol, taxotere, gemcitibene, adrimycin, ifosfomide, mesna"	"NO"	""	"YES"	"EHE-epithelial hemangioepithelioma;2011|basal cell carcinoma;1978"	"NO"	""	"Facebook page"	"I was first diagnosed with AS and the surgery was the immediate treatment.  After being diagnosed with EHE in January, 2011, I began treatment with chemo, radiation, and more chemo."	"NO"	"WHITE"	""	""	""	""	""	""	""	""	""	""	""	""	""	""	""	""	"7/26/49"	"True"	59	"HNFS"	"Non-RAAS/LAAS"	0	"ASCProject_0035_SALIVA"	59	"HNFS"	59	"HNFS"
"RP-1447_ASCProject_0035_T2_v3_Exome_OnPrem"	"ASCProject_0035_T2"	"Tumor"	"ASCProject_0035"	"DNA"	"T2"	"ASCProject_0035_T2"	""	""	13	"HEADFACENECKSCALP"	""	""	""	""	""	"ASCProject_0035"	"HNFS"	"HNFS"	"Scalp"	"No Mets"	"No Mets"	NA	4	"59"	"F"	"HNFS"	"SCALP (POSTERIOR VERTEX)"	0	"NO"	1	1	"HNFS"	"897"	""	""	""	""	""	""	"NO METS"	"NO METS"	"2918"	"7/1/21"	"35_1, 35_2, 35_3, 35_4, 35_5, ASC_35_DERMATOLOGY"	"SS"	"HNFS"	0	0	"35"	"DIAGNOSED"	59.97260274	"SCALP"	""	""	""	"SCALP"	""	""	""	"NED"	""	""	""	"YES"	"YES"	"YES"	"AFTER"	"Chemo--taxol, taxotere, gemcitibene, adrimycin, ifosfomide, mesna"	"NO"	""	"YES"	"EHE-epithelial hemangioepithelioma;2011|basal cell carcinoma;1978"	"NO"	""	"Facebook page"	"I was first diagnosed with AS and the surgery was the immediate treatment.  After being diagnosed with EHE in January, 2011, I began treatment with chemo, radiation, and more chemo."	"NO"	"WHITE"	""	""	""	""	""	""	""	""	""	""	""	""	""	""	""	""	"7/26/49"	"True"	59	"HNFS"	"Non-RAAS/LAAS"	0	"ASCProject_0035_T2"	59	"HNFS"	59	"HNFS"
"RP-1447_ASCProject_0036_BLOOD_v1_Exome_OnPrem"	"ASCProject_0036_BLOOD"	"Unknown"	"ASCProject_0036"	"DNA"	""	"ASCProject_0036_BLOOD"	""	""	NA	""	""	""	""	""	""	""	""	""	""	""	""	NA	NA	""	""	""	""	NA	""	NA	NA	""	""	""	""	""	""	""	""	""	""	""	""	""	""	""	NA	NA	""	""	NA	""	""	""	""	""	""	""	""	""	""	""	""	""	""	""	""	""	""	""	""	""	""	""	""	""	""	""	""	""	""	""	""	""	""	""	""	""	""	""	""	""	""	""	""	""	NA	""	""	NA	"ASCProject_0036_BLOOD"	NA	""	NA	""
"RP-1447_ASCProject_0036_SALIVA_v2_Exome_OnPrem"	"ASCProject_0036_SALIVA"	"Normal"	"ASCProject_0036"	"DNA"	""	"ASCProject_0036_SALIVA"	""	""	NA	""	""	""	""	""	""	""	""	""	""	""	""	NA	NA	""	""	""	""	NA	""	NA	NA	""	""	""	""	""	""	""	""	""	""	""	""	""	""	""	NA	NA	""	""	NA	""	""	""	""	""	""	""	""	""	""	""	""	""	""	""	""	""	""	""	""	""	""	""	""	""	""	""	""	""	""	""	""	""	""	""	""	""	""	""	""	""	""	""	""	""	NA	""	""	NA	"ASCProject_0036_SALIVA"	NA	""	NA	""
"RP-1447_ASCProject_0036_T1_v2_Exome_OnPrem"	"ASCProject_0036_T1"	"Tumor"	"ASCProject_0036"	"DNA"	"T1"	"ASCProject_0036_T1"	""	""	NA	"LUNG"	""	""	""	""	""	""	""	""	""	""	""	NA	NA	""	""	""	""	NA	""	NA	NA	""	""	""	""	""	""	""	""	""	""	""	""	""	""	""	NA	NA	""	""	NA	""	""	""	""	""	""	""	""	""	""	""	""	""	""	""	""	""	""	""	""	""	""	""	""	""	""	""	""	""	""	""	""	""	""	""	""	""	""	""	""	""	""	""	""	""	NA	""	""	NA	"ASCProject_0036_T1"	NA	""	NA	""
"RP-1447_ASCProject_0038_SALIVA_v2_Exome_OnPrem"	"ASCProject_0038_SALIVA"	"Normal"	"ASCProject_0038"	"DNA"	""	"ASCProject_0038_SALIVA"	""	""	NA	""	""	""	""	""	""	"ASCProject_0038"	"HNFS"	"HNFS"	"Scalp"	"Bone"	"Bone"	NA	5	"63"	"M"	"HNFS"	"ANTERIOR SCALP"	0	"NO"	1	1	"HNFS,HNFS"	"128"	"269"	""	""	""	""	"577"	"BONE"	"BONE"	"758"	"6/1/21"	"38_JOHNHOPKINS, PATH 38 T1, 38_OCR"	"SS"	"HNFS"	0	1	"38"	"DIAGNOSED"	63.07671233	"HEADFACENECK"	""	""	""	"HEADFACENECK"	""	""	""	"HEADFACENECK"	""	""	""	"YES"	"YES"	"NO"	""	"Docetaxil, Gemcitabine, Neulasta Onpro & Dexamethasone"	"YES"	"Chemo therapy"	"NO"	""	"NO"	""	"Corrine Painter on Facebook"	"I was first diagnosed September 13, 2016 and re diagnosed February . This was after first discovering a small brown spot on my head. I had a biopsy in 2015and was told that there were no issues. Approximately 6 months later in 2016 I noticed it was larger and went to a different dermatologist for another biopsy. They found it suspicious and referred me to a plastic surgeon. He performed 3 deep tissue biopsies. The results were still suspicious. After surgery the diagnosis was confirmed angiosarc"	"NO"	"WHITE"	""	""	""	""	""	""	""	""	""	""	""	""	""	""	""	""	"8/20/53"	"True"	63	"HNFS"	"Non-RAAS/LAAS"	1	"ASCProject_0038_SALIVA"	63	"HNFS"	63	"HNFS"
"RP-1447_ASCProject_0038_T1_v3_Exome_OnPrem"	"ASCProject_0038_T1"	"Tumor"	"ASCProject_0038"	"DNA"	"T1"	"ASCProject_0038_T1"	""	""	0	"HEADFACENECKSCALP"	"EXCISION"	"YES"	"NO"	"NO"	"LOW"	"ASCProject_0038"	"HNFS"	"HNFS"	"Scalp"	"Bone"	"Bone"	NA	5	"63"	"M"	"HNFS"	"ANTERIOR SCALP"	0	"NO"	1	1	"HNFS,HNFS"	"128"	"269"	""	""	""	""	"577"	"BONE"	"BONE"	"758"	"6/1/21"	"38_JOHNHOPKINS, PATH 38 T1, 38_OCR"	"SS"	"HNFS"	0	1	"38"	"DIAGNOSED"	63.07671233	"HEADFACENECK"	""	""	""	"HEADFACENECK"	""	""	""	"HEADFACENECK"	""	""	""	"YES"	"YES"	"NO"	""	"Docetaxil, Gemcitabine, Neulasta Onpro & Dexamethasone"	"YES"	"Chemo therapy"	"NO"	""	"NO"	""	"Corrine Painter on Facebook"	"I was first diagnosed September 13, 2016 and re diagnosed February . This was after first discovering a small brown spot on my head. I had a biopsy in 2015and was told that there were no issues. Approximately 6 months later in 2016 I noticed it was larger and went to a different dermatologist for another biopsy. They found it suspicious and referred me to a plastic surgeon. He performed 3 deep tissue biopsies. The results were still suspicious. After surgery the diagnosis was confirmed angiosarc"	"NO"	"WHITE"	""	""	""	""	""	""	""	""	""	""	""	""	""	""	""	""	"8/20/53"	"True"	63	"HNFS"	"Non-RAAS/LAAS"	1	"ASCProject_0038_T1"	63	"HNFS"	63	"HNFS"
"RP-1447_ASCProject_0039_SALIVA_v1_Exome_OnPrem"	"ASCProject_0039_SALIVA"	"Normal"	"ASCProject_0039"	"DNA"	""	"ASCProject_0039_SALIVA"	""	""	NA	""	""	""	""	""	""	"ASCProject_0039"	"Extremities"	"Upper Extremity"	""	""	""	NA	NA	""	""	""	""	NA	""	NA	NA	""	""	""	""	""	""	""	""	""	""	""	""	""	""	""	NA	NA	"39"	"DIAGNOSED"	46.7260274	"BONELIMB"	"Right shoulder"	""	""	"BONELIMB"	"Right shoulder"	""	""	"NED"	""	""	""	"YES"	"YES"	"YES"	"AFTER"	"AIM, Adromyicin, ifosomide, mesna"	"NO"	""	"YES"	"Ocular melanoma;2017"	"YES"	"Right eyeball"	"Cureasc.org"	"At the time the AS was found PET scan found 2nd tumor in spine at T12.  This was found benign , but surgeon commented in looked like nothing he had seen.  Always wondered about possible link to AS."	"NO"	"WHITE"	""	""	""	""	""	""	""	""	""	""	""	""	""	""	""	""	"4/23/66"	"False"	46.7260274	"BONELIMB"	""	NA	"ASCProject_0039_SALIVA"	46.7260274	"Extremities"	46.7260274	"Extremities"
"RP-1447_ASCProject_0042_SALIVA_v1_Exome_OnPrem"	"ASCProject_0042_SALIVA"	"Normal"	"ASCProject_0042"	"DNA"	""	"ASCProject_0042_SALIVA"	""	""	NA	""	""	""	""	""	""	"ASCProject_0042"	"HNFS"	"HNFS"	"Scalp"	"No Mets"	"No Mets"	NA	10	"83"	"F"	"HNFS"	"LEFT SCALP"	0	"NO"	1	0	""	""	""	""	""	""	""	""	"NO METS"	"NO METS"	"355"	"2/16/22"	"ASC_42_MichiganMediine_Path, ASC_42_path, ASC_42_T1_Path"	"IS"	"HNFS"	0	0	"42"	"DIAGNOSED"	83.2630137	"SCALP"	""	""	""	"HEADFACENECK,SCALP"	""	""	""	"NED"	""	""	""	"NO"	""	"YES"	""	"None"	""	""	"NO"	""	"NO"	""	"On Facebook"	""	"NO"	"WHITE"	""	""	""	""	""	""	""	""	""	""	""	""	""	""	""	""	"11/17/32"	"True"	83	"HNFS"	"Non-RAAS/LAAS"	0	"ASCProject_0042_SALIVA"	83	"HNFS"	83	"HNFS"
"RP-1447_ASCProject_0044_BLOOD_Normal_v2_Exome_OnPrem"	"ASCProject_0044_BLOOD_Normal"	"Normal"	"ASCProject_0044"	"DNA"	""	"ASCProject_0044_BLOOD_Normal"	""	""	NA	""	""	""	""	""	""	"ASCProject_0044"	"Other Visceral Organs"	"Lung"	"Lung"	"Bone"	"Bone, Distant Lymph Node"	NA	1	"40"	"M"	"VISCERAL ORGAN"	"LEFT LOWER LUNG"	0	"NO"	0	1	"VISCERAL ORGAN"	"728"	""	""	""	""	""	"0"	"BONE"	"BONE, DISTANT LYMPH NODES"	"777"	"6/8/21"	"44_NORTHWESTERN, ASC_0044_PATHREPORT, ASC_0044_T1, 44_1, 44_2"	"SS"	"LUNG"	0	1	"44"	"DIAGNOSED"	40.45479452	"LUNG,BONELIMB"	"L4 Lumbar and Hip/Pelvic Bone"	""	""	"LUNG,BONELIMB"	"L4 Lumbar and Hip/Pelvic Bone"	""	""	"LUNG,BONELIMB"	"L4 Lumbar and Hip/Pelvic Bone"	""	""	"NO"	""	"NO"	""	"Doxorubicin and Orlaratumab"	"YES"	"chemotherapy (Doxorubicin and Orlaratumab)"	"NO"	""	"NO"	""	"Corrie Painter"	""	"NO"	"WHITE"	""	""	""	""	""	""	""	""	""	""	""	""	""	""	""	""	"8/29/76"	"True"	40	"LUNG"	"Non-RAAS/LAAS"	2	"ASCProject_0044_BLOOD_Normal"	40	"Other Visceral Organs"	40	"Other Visceral Organs"
"RP-1447_ASCProject_0044_BLOOD_v1_Exome_OnPrem"	"ASCProject_0044_BLOOD"	"Tumor"	"ASCProject_0044"	"DNA"	"BLOOD"	"ASCProject_0044_BLOOD"	""	""	NA	""	""	""	""	""	""	"ASCProject_0044"	"Other Visceral Organs"	"Lung"	"Lung"	"Bone"	"Bone, Distant Lymph Node"	NA	1	"40"	"M"	"VISCERAL ORGAN"	"LEFT LOWER LUNG"	0	"NO"	0	1	"VISCERAL ORGAN"	"728"	""	""	""	""	""	"0"	"BONE"	"BONE, DISTANT LYMPH NODES"	"777"	"6/8/21"	"44_NORTHWESTERN, ASC_0044_PATHREPORT, ASC_0044_T1, 44_1, 44_2"	"SS"	"LUNG"	0	1	"44"	"DIAGNOSED"	40.45479452	"LUNG,BONELIMB"	"L4 Lumbar and Hip/Pelvic Bone"	""	""	"LUNG,BONELIMB"	"L4 Lumbar and Hip/Pelvic Bone"	""	""	"LUNG,BONELIMB"	"L4 Lumbar and Hip/Pelvic Bone"	""	""	"NO"	""	"NO"	""	"Doxorubicin and Orlaratumab"	"YES"	"chemotherapy (Doxorubicin and Orlaratumab)"	"NO"	""	"NO"	""	"Corrie Painter"	""	"NO"	"WHITE"	""	""	""	""	""	""	""	""	""	""	""	""	""	""	""	""	"8/29/76"	"True"	40	"LUNG"	"Non-RAAS/LAAS"	2	"ASCProject_0044_BLOOD"	40	"Other Visceral Organs"	40	"Other Visceral Organs"
"RP-1447_ASCProject_0044_SALIVA_v4_Exome_OnPrem"	"ASCProject_0044_SALIVA"	"Normal"	"ASCProject_0044"	"DNA"	""	"ASCProject_0044_SALIVA"	""	""	NA	""	""	""	""	""	""	"ASCProject_0044"	"Other Visceral Organs"	"Lung"	"Lung"	"Bone"	"Bone, Distant Lymph Node"	NA	1	"40"	"M"	"VISCERAL ORGAN"	"LEFT LOWER LUNG"	0	"NO"	0	1	"VISCERAL ORGAN"	"728"	""	""	""	""	""	"0"	"BONE"	"BONE, DISTANT LYMPH NODES"	"777"	"6/8/21"	"44_NORTHWESTERN, ASC_0044_PATHREPORT, ASC_0044_T1, 44_1, 44_2"	"SS"	"LUNG"	0	1	"44"	"DIAGNOSED"	40.45479452	"LUNG,BONELIMB"	"L4 Lumbar and Hip/Pelvic Bone"	""	""	"LUNG,BONELIMB"	"L4 Lumbar and Hip/Pelvic Bone"	""	""	"LUNG,BONELIMB"	"L4 Lumbar and Hip/Pelvic Bone"	""	""	"NO"	""	"NO"	""	"Doxorubicin and Orlaratumab"	"YES"	"chemotherapy (Doxorubicin and Orlaratumab)"	"NO"	""	"NO"	""	"Corrie Painter"	""	"NO"	"WHITE"	""	""	""	""	""	""	""	""	""	""	""	""	""	""	""	""	"8/29/76"	"True"	40	"LUNG"	"Non-RAAS/LAAS"	2	"ASCProject_0044_SALIVA"	40	"Other Visceral Organs"	40	"Other Visceral Organs"
"RP-1447_ASCProject_0045_SALIVA_v3_Exome_OnPrem"	"ASCProject_0045_SALIVA"	"Normal"	"ASCProject_0045"	"DNA"	""	"ASCProject_0045_SALIVA"	""	""	NA	""	""	""	""	""	""	"ASCProject_0045"	"Breast (Parenchymal)"	"Breast (Parenchymal)"	"Breast"	"No Mets"	"No Mets"	NA	5	"31"	"F"	"BREAST (PARENCHYMAL)"	"LEFT BREAST"	0	"NO"	0	0	""	""	""	""	""	""	""	""	"NO METS"	"NO METS"	"652"	"7/12/21"	"45_Banner MD Anderson, 45_Banner_Health_Pathology, ASC_45_BannerMD"	"IS"	"BREAST (PARENCHYMAL)"	0	0	"45"	"DIAGNOSED"	31.81917808	"BREAST"	""	""	""	"BREAST"	""	""	""	"NED"	""	""	""	"YES"	"YES"	"YES"	"AFTER"	"AIM I had 4 rounds. 30 treatments of radiation after."	"NO"	""	"NO"	""	"NO"	""	"Facebook"	"I fear of reocurrance and have anxiety close to scan time, like all others. I fear for my kids to end up with some random cancer as well. My scans have been pushed out to every 4 months and will be every 6 soon in May."	"NO"	"WHITE"	""	""	""	""	""	""	""	""	""	""	""	""	""	""	""	""	"6/14/83"	"True"	31	"BREAST (PARENCHYMAL)"	"Non-RAAS/LAAS"	0	"ASCProject_0045_SALIVA"	31	"Breast (Parenchymal)"	31	"Breast (Parenchymal)"
"RP-1447_ASCProject_0045_T1_v3_Exome_OnPrem"	"ASCProject_0045_T1"	"Tumor"	"ASCProject_0045"	"DNA"	"T1"	"ASCProject_0045_T1"	""	""	14	"BREAST"	"MASTECTOMY"	"YES"	"NO"	"YES"	"HIGH"	"ASCProject_0045"	"Breast (Parenchymal)"	"Breast (Parenchymal)"	"Breast"	"No Mets"	"No Mets"	NA	5	"31"	"F"	"BREAST (PARENCHYMAL)"	"LEFT BREAST"	0	"NO"	0	0	""	""	""	""	""	""	""	""	"NO METS"	"NO METS"	"652"	"7/12/21"	"45_Banner MD Anderson, 45_Banner_Health_Pathology, ASC_45_BannerMD"	"IS"	"BREAST (PARENCHYMAL)"	0	0	"45"	"DIAGNOSED"	31.81917808	"BREAST"	""	""	""	"BREAST"	""	""	""	"NED"	""	""	""	"YES"	"YES"	"YES"	"AFTER"	"AIM I had 4 rounds. 30 treatments of radiation after."	"NO"	""	"NO"	""	"NO"	""	"Facebook"	"I fear of reocurrance and have anxiety close to scan time, like all others. I fear for my kids to end up with some random cancer as well. My scans have been pushed out to every 4 months and will be every 6 soon in May."	"NO"	"WHITE"	""	""	""	""	""	""	""	""	""	""	""	""	""	""	""	""	"6/14/83"	"True"	31	"BREAST (PARENCHYMAL)"	"Non-RAAS/LAAS"	0	"ASCProject_0045_T1"	31	"Breast (Parenchymal)"	31	"Breast (Parenchymal)"
"RP-1447_ASCProject_0046_SALIVA_v1_Exome_OnPrem"	"ASCProject_0046_SALIVA"	"Normal"	"ASCProject_0046"	"DNA"	""	"ASCProject_0046_SALIVA"	""	""	NA	""	""	""	""	""	""	"ASCProject_0046"	"HNFS"	"HNFS"	""	""	""	NA	NA	""	""	""	""	NA	""	NA	NA	""	""	""	""	""	""	""	""	""	""	""	""	""	""	""	NA	NA	"46"	"DIAGNOSED"	59.52876712	"SCALP"	""	""	""	"SCALP"	""	""	""	"NED"	""	""	""	"YES"	"YES"	""	""	""	"NO"	""	"NO"	""	"NO"	""	""	""	"NO"	"AMERICAN_INDIAN,WHITE"	""	""	""	""	""	""	""	""	""	""	""	""	""	""	""	""	"6/6/54"	"False"	59.52876712	"HNFS"	""	NA	"ASCProject_0046_SALIVA"	59.52876712	"HNFS"	59.52876712	"HNFS"
"RP-1447_ASCProject_0047_BLOOD_BC_v1_Exome_OnPrem"	"ASCProject_0047_BLOOD_BC"	"Normal"	"ASCProject_0047"	"DNA"	""	"ASCProject_0047_BLOOD_BC"	""	""	NA	""	""	""	""	""	""	"ASCProject_0047"	"Breast (Cutaneous)"	"Breast (Cutaneous)"	"Breast"	"No Mets"	"No Mets"	NA	5	"68"	"F"	"BREAST (CUTANEOUS)"	"RIGHT BREAST "	1	"NO"	1	0	""	""	""	""	""	""	""	""	"NO METS"	"NO METS"	"492"	"7/6/21"	"47 MEDICAL RECORD_OCR, SARASOTA_1OF2, SARASOTA_2OF2, FCS_fu, FCS"	"SS"	"BREAST (CUTANEOUS)"	0	0	"47"	"DIAGNOSED"	68.2630137	"BREAST"	""	""	""	"BREAST"	""	""	""	"DK"	""	""	""	"YES"	"YES"	"NO"	""	"CT scans every 4 months-no other TX after double masctectomy"	"NO"	""	"YES"	"papillary thyroid cancer-stage IV;2015|Invasive ductal carcinoma stage 1;2015"	"YES"	"Left breast"	"Facebook"	"I was diagnosed with thyroid cancer in Jan. 2015, then invasive ductal carcinoma in the left. breast for which I had radiation. Dec. 2015 angiosarcoma of right breast-had double mastectomy because margins were not clean. I am being watched with CT's every 4 months-would like more info."	"NO"	"WHITE"	""	""	""	""	""	""	""	""	""	""	""	""	""	""	""	""	"9/13/47"	"True"	68	"BREAST (CUTANEOUS)"	"RAAS"	0	"ASCProject_0047_BLOOD_BC"	68	"Breast (Cutaneous)"	68	"Breast (Cutaneous)"
"RP-1447_ASCProject_0047_T1_v2_Exome_OnPrem"	"ASCProject_0047_T1"	"Tumor"	"ASCProject_0047"	"DNA"	"T1"	"ASCProject_0047_T1"	""	""	0	"BREAST"	"EXCISION"	"YES"	"NO"	"NO"	"LOW"	"ASCProject_0047"	"Breast (Cutaneous)"	"Breast (Cutaneous)"	"Breast"	"No Mets"	"No Mets"	NA	5	"68"	"F"	"BREAST (CUTANEOUS)"	"RIGHT BREAST "	1	"NO"	1	0	""	""	""	""	""	""	""	""	"NO METS"	"NO METS"	"492"	"7/6/21"	"47 MEDICAL RECORD_OCR, SARASOTA_1OF2, SARASOTA_2OF2, FCS_fu, FCS"	"SS"	"BREAST (CUTANEOUS)"	0	0	"47"	"DIAGNOSED"	68.2630137	"BREAST"	""	""	""	"BREAST"	""	""	""	"DK"	""	""	""	"YES"	"YES"	"NO"	""	"CT scans every 4 months-no other TX after double masctectomy"	"NO"	""	"YES"	"papillary thyroid cancer-stage IV;2015|Invasive ductal carcinoma stage 1;2015"	"YES"	"Left breast"	"Facebook"	"I was diagnosed with thyroid cancer in Jan. 2015, then invasive ductal carcinoma in the left. breast for which I had radiation. Dec. 2015 angiosarcoma of right breast-had double mastectomy because margins were not clean. I am being watched with CT's every 4 months-would like more info."	"NO"	"WHITE"	""	""	""	""	""	""	""	""	""	""	""	""	""	""	""	""	"9/13/47"	"True"	68	"BREAST (CUTANEOUS)"	"RAAS"	0	"ASCProject_0047_T1"	68	"Breast (Cutaneous)"	68	"Breast (Cutaneous)"
"RP-1447_ASCProject_0049_SALIVA_v3_Exome_OnPrem"	"ASCProject_0049_SALIVA"	"Normal"	"ASCProject_0049"	"DNA"	""	"ASCProject_0049_SALIVA"	""	""	NA	""	""	""	""	""	""	"ASCProject_0049"	"Breast (Parenchymal)"	"Breast (Parenchymal)"	"Breast"	"No Mets"	"No Mets"	NA	2	"29"	"F"	"BREAST (PARENCHYMAL)"	"LEFT BREAST"	0	"NO"	0	0	""	""	""	""	""	""	""	""	"NO METS"	"NO METS"	"1462"	"6/11/21"	"49_1, 49_2, 49_3, 49_4, ASC_49_SolisMammography"	"IS"	"BREAST (PARENCHYMAL)"	0	0	"49"	"DIAGNOSED"	29.28493151	"BREAST"	""	""	""	"BREAST"	""	""	""	"NED"	""	""	""	"YES"	"YES"	"NO"	""	"Adrimyacin, ifosfamide, mesna (AIM) and Gemcytobine and Taxotere (Gemtax)"	"NO"	""	"NO"	""	"NO"	""	"Corrie Painter facebook"	"I did 6 rounds of AIM, surgery and 6 rounds of cleanup Gemtax. Pathology showed clear margins after surgery and also that my tumor had shrunk 93% and of the remaining 7% there were only 1-2% of viable cancer cells left."	"NO"	"AMERICAN_INDIAN,WHITE"	""	""	""	""	""	""	""	""	""	""	""	""	""	""	""	""	"2/25/84"	"True"	29	"BREAST (PARENCHYMAL)"	"Non-RAAS/LAAS"	0	"ASCProject_0049_SALIVA"	29	"Breast (Parenchymal)"	29	"Breast (Parenchymal)"
"RP-1447_ASCProject_0049_T2_v3_Exome_OnPrem"	"ASCProject_0049_T2"	"Tumor"	"ASCProject_0049"	"DNA"	"T2"	"ASCProject_0049_T2"	""	""	159	"BREAST"	""	""	""	""	""	"ASCProject_0049"	"Breast (Parenchymal)"	"Breast (Parenchymal)"	"Breast"	"No Mets"	"No Mets"	NA	2	"29"	"F"	"BREAST (PARENCHYMAL)"	"LEFT BREAST"	0	"NO"	0	0	""	""	""	""	""	""	""	""	"NO METS"	"NO METS"	"1462"	"6/11/21"	"49_1, 49_2, 49_3, 49_4, ASC_49_SolisMammography"	"IS"	"BREAST (PARENCHYMAL)"	0	0	"49"	"DIAGNOSED"	29.28493151	"BREAST"	""	""	""	"BREAST"	""	""	""	"NED"	""	""	""	"YES"	"YES"	"NO"	""	"Adrimyacin, ifosfamide, mesna (AIM) and Gemcytobine and Taxotere (Gemtax)"	"NO"	""	"NO"	""	"NO"	""	"Corrie Painter facebook"	"I did 6 rounds of AIM, surgery and 6 rounds of cleanup Gemtax. Pathology showed clear margins after surgery and also that my tumor had shrunk 93% and of the remaining 7% there were only 1-2% of viable cancer cells left."	"NO"	"AMERICAN_INDIAN,WHITE"	""	""	""	""	""	""	""	""	""	""	""	""	""	""	""	""	"2/25/84"	"True"	29	"BREAST (PARENCHYMAL)"	"Non-RAAS/LAAS"	0	"ASCProject_0049_T2"	29	"Breast (Parenchymal)"	29	"Breast (Parenchymal)"
"RP-1447_ASCProject_0051_SALIVA_v1_Exome_OnPrem"	"ASCProject_0051_SALIVA"	"Normal"	"ASCProject_0051"	"DNA"	""	"ASCProject_0051_SALIVA"	""	""	NA	""	""	""	""	""	""	"ASCProject_0051"	"Extremities"	"Upper Extremity"	""	""	""	NA	NA	""	""	""	""	NA	""	NA	NA	""	""	""	""	""	""	""	""	""	""	""	""	""	""	""	NA	NA	"51"	"DIAGNOSED"	13.5369863	"BONELIMB"	"Left forearm"	""	""	"BONELIMB"	""	""	""	"BONELIMB"	""	""	""	"YES"	"YES"	"NO"	""	"Don't remember"	"NO"	""	"NO"	""	"NO"	""	"Connie Painter"	"Had it since I was 8 years old but was not discovered until 13 years of age!"	"NO"	"WHITE"	""	""	""	""	""	""	""	""	""	""	""	""	""	""	""	""	"8/21/79"	"False"	13.5369863	"BONELIMB"	""	NA	"ASCProject_0051_SALIVA"	13.5369863	"Extremities"	13.5369863	"Extremities"
"RP-1447_ASCProject_0052_SALIVA_v1_Exome_OnPrem"	"ASCProject_0052_SALIVA"	"Normal"	"ASCProject_0052"	"DNA"	""	"ASCProject_0052_SALIVA"	""	""	NA	""	""	""	""	""	""	"ASCProject_0052"	"Extremities"	"Lower Extremity"	"Hip"	"Lung"	"Lung"	NA	12	"27"	"M"	"EXTREMITY"	"LEFT FEMUR/LEFT HIP MASS"	0	"NO"	0	0	""	""	""	""	""	""	""	"5"	"LUNG"	"LUNG, EXTREMITY"	"1394"	"3/8/23"	"52_1_OCR, 52_2_OCR, 52_3_OCR, 52_4_OCR, 52_5_OCR, 52_6_OCR, 52_7_OCR"	"IS"	"EXTREMITY"	0	1	"52"	"DIAGNOSED"	27.57808219	"BONELIMB"	"Left femur, high by the pelvis"	""	""	"LUNG,OTHER"	""	""	"Lower left back around my surgical site"	"NED"	""	""	""	"YES"	"YES"	"NO"	""	"adriamycin ifosfamide mesna (aim) treatment, ineffective. Docetaxel treatment with neulasta injections, effective."	"NO"	""	"NO"	""	"NO"	""	"Fb from corrie painter"	"I've been clear on scans since Feb 2015.no treatment since then. Did have a hemipelvectomy performed to remove tumor, but not in time to stop spread into lungs them back."	"YES"	"WHITE"	""	""	""	""	""	""	""	""	""	""	""	""	""	""	""	""	"12/9/85"	"True"	27	"BONELIMB"	"Non-RAAS/LAAS"	2	"ASCProject_0052_SALIVA"	27	"Extremities"	27	"Extremities"
"RP-1447_ASCProject_0052_T1_v1_Exome_OnPrem"	"ASCProject_0052_T1"	"Tumor"	"ASCProject_0052"	"DNA"	"T1"	"ASCProject_0052_T1"	""	""	25	"BONELIMB"	""	""	""	""	""	"ASCProject_0052"	"Extremities"	"Lower Extremity"	"Hip"	"Lung"	"Lung"	NA	12	"27"	"M"	"EXTREMITY"	"LEFT FEMUR/LEFT HIP MASS"	0	"NO"	0	0	""	""	""	""	""	""	""	"5"	"LUNG"	"LUNG, EXTREMITY"	"1394"	"3/8/23"	"52_1_OCR, 52_2_OCR, 52_3_OCR, 52_4_OCR, 52_5_OCR, 52_6_OCR, 52_7_OCR"	"IS"	"EXTREMITY"	0	1	"52"	"DIAGNOSED"	27.57808219	"BONELIMB"	"Left femur, high by the pelvis"	""	""	"LUNG,OTHER"	""	""	"Lower left back around my surgical site"	"NED"	""	""	""	"YES"	"YES"	"NO"	""	"adriamycin ifosfamide mesna (aim) treatment, ineffective. Docetaxel treatment with neulasta injections, effective."	"NO"	""	"NO"	""	"NO"	""	"Fb from corrie painter"	"I've been clear on scans since Feb 2015.no treatment since then. Did have a hemipelvectomy performed to remove tumor, but not in time to stop spread into lungs them back."	"YES"	"WHITE"	""	""	""	""	""	""	""	""	""	""	""	""	""	""	""	""	"12/9/85"	"True"	27	"BONELIMB"	"Non-RAAS/LAAS"	2	"ASCProject_0052_T1"	27	"Extremities"	27	"Extremities"
"RP-1447_ASCProject_0055_BLOOD_Normal_v1_Exome_OnPrem"	"ASCProject_0055_BLOOD_Normal"	"Normal"	"ASCProject_0055"	"DNA"	""	"ASCProject_0055_BLOOD_Normal"	""	""	NA	""	""	""	""	""	""	"ASCProject_0055"	"Breast (Parenchymal)"	"Breast (Parenchymal)"	"Breast"	"Lung, Liver"	"Lung, Liver, Brain, Mediastinum"	NA	5	"37"	"F"	"BREAST (PARENCHYMAL)"	"LEFT BREAST"	0	"NO"	0	1	"TRUNK, REGIONAL LYMPH NODE"	"482"	"517"	""	""	""	""	"685"	"LUNG, LIVER"	"LUNG, LIVER, BRAIN, OTHER (SOFT TISSUE), OTHER (MEDIASTINUM)"	"1532"	"7/9/21"	"ASC_55_MSKCC_1of3, ASC_55_MSKCC_2of3, ASC_55_MSKCC_3of3, 55_MDA_1, 55_MDA_2, 55_MDA_3, ASC_55_MdAnderson, ASC_55_SloanKettering_1pgFollowup, ASC_55_T1_Path"	"SS"	"BREAST (PARENCHYMAL)"	0	1	"55"	"DIAGNOSED"	37.85479452	"BREAST"	""	""	""	"BREAST,LIVER,LUNG,BRAIN"	""	""	""	"LIVER,LUNG"	""	""	""	"YES"	"YES"	"YES"	"AFTER"	"Gemcitabane Docetaxol Adriamycin Ifosfamide Taxol Lartruvo Opdivo"	"YES"	"Gemcitabane
Docetaxol"	"NO"	""	"NO"	""	"Facebook"	""	"NO"	"WHITE"	""	""	""	""	""	""	""	""	""	""	""	""	""	""	""	""	"11/3/75"	"True"	37	"BREAST (PARENCHYMAL)"	"Non-RAAS/LAAS"	5	"ASCProject_0055_BLOOD_Normal"	37	"Breast (Parenchymal)"	37	"Breast (Parenchymal)"
"RP-1447_ASCProject_0055_BLOOD_v1_Exome_OnPrem"	"ASCProject_0055_BLOOD"	"Tumor"	"ASCProject_0055"	"DNA"	"BLOOD"	"ASCProject_0055_BLOOD"	""	""	1351	"BLOOD BIOPSY"	"BLOOD BIOPSY"	""	""	""	""	"ASCProject_0055"	"Breast (Parenchymal)"	"Breast (Parenchymal)"	"Breast"	"Lung, Liver"	"Lung, Liver, Brain, Mediastinum"	NA	5	"37"	"F"	"BREAST (PARENCHYMAL)"	"LEFT BREAST"	0	"NO"	0	1	"TRUNK, REGIONAL LYMPH NODE"	"482"	"517"	""	""	""	""	"685"	"LUNG, LIVER"	"LUNG, LIVER, BRAIN, OTHER (SOFT TISSUE), OTHER (MEDIASTINUM)"	"1532"	"7/9/21"	"ASC_55_MSKCC_1of3, ASC_55_MSKCC_2of3, ASC_55_MSKCC_3of3, 55_MDA_1, 55_MDA_2, 55_MDA_3, ASC_55_MdAnderson, ASC_55_SloanKettering_1pgFollowup, ASC_55_T1_Path"	"SS"	"BREAST (PARENCHYMAL)"	0	1	"55"	"DIAGNOSED"	37.85479452	"BREAST"	""	""	""	"BREAST,LIVER,LUNG,BRAIN"	""	""	""	"LIVER,LUNG"	""	""	""	"YES"	"YES"	"YES"	"AFTER"	"Gemcitabane Docetaxol Adriamycin Ifosfamide Taxol Lartruvo Opdivo"	"YES"	"Gemcitabane
Docetaxol"	"NO"	""	"NO"	""	"Facebook"	""	"NO"	"WHITE"	""	""	""	""	""	""	""	""	""	""	""	""	""	""	""	""	"11/3/75"	"True"	37	"BREAST (PARENCHYMAL)"	"Non-RAAS/LAAS"	5	"ASCProject_0055_BLOOD"	37	"Breast (Parenchymal)"	37	"Breast (Parenchymal)"
"RP-1447_ASCProject_0055_SALIVA_v3_Exome_OnPrem"	"ASCProject_0055_SALIVA"	"Normal"	"ASCProject_0055"	"DNA"	""	"ASCProject_0055_SALIVA"	""	""	NA	""	""	""	""	""	""	"ASCProject_0055"	"Breast (Parenchymal)"	"Breast (Parenchymal)"	"Breast"	"Lung, Liver"	"Lung, Liver, Brain, Mediastinum"	NA	5	"37"	"F"	"BREAST (PARENCHYMAL)"	"LEFT BREAST"	0	"NO"	0	1	"TRUNK, REGIONAL LYMPH NODE"	"482"	"517"	""	""	""	""	"685"	"LUNG, LIVER"	"LUNG, LIVER, BRAIN, OTHER (SOFT TISSUE), OTHER (MEDIASTINUM)"	"1532"	"7/9/21"	"ASC_55_MSKCC_1of3, ASC_55_MSKCC_2of3, ASC_55_MSKCC_3of3, 55_MDA_1, 55_MDA_2, 55_MDA_3, ASC_55_MdAnderson, ASC_55_SloanKettering_1pgFollowup, ASC_55_T1_Path"	"SS"	"BREAST (PARENCHYMAL)"	0	1	"55"	"DIAGNOSED"	37.85479452	"BREAST"	""	""	""	"BREAST,LIVER,LUNG,BRAIN"	""	""	""	"LIVER,LUNG"	""	""	""	"YES"	"YES"	"YES"	"AFTER"	"Gemcitabane Docetaxol Adriamycin Ifosfamide Taxol Lartruvo Opdivo"	"YES"	"Gemcitabane
Docetaxol"	"NO"	""	"NO"	""	"Facebook"	""	"NO"	"WHITE"	""	""	""	""	""	""	""	""	""	""	""	""	""	""	""	""	"11/3/75"	"True"	37	"BREAST (PARENCHYMAL)"	"Non-RAAS/LAAS"	5	"ASCProject_0055_SALIVA"	37	"Breast (Parenchymal)"	37	"Breast (Parenchymal)"
"RP-1447_ASCProject_0055_T1_v2_Exome_OnPrem"	"ASCProject_0055_T1"	"Tumor"	"ASCProject_0055"	"DNA"	"T1"	"ASCProject_0055_T1"	""	""	18	"BREAST"	"MASTECTOMY"	"YES"	"YES"	"NO"	"HIGH"	"ASCProject_0055"	"Breast (Parenchymal)"	"Breast (Parenchymal)"	"Breast"	"Lung, Liver"	"Lung, Liver, Brain, Mediastinum"	NA	5	"37"	"F"	"BREAST (PARENCHYMAL)"	"LEFT BREAST"	0	"NO"	0	1	"TRUNK, REGIONAL LYMPH NODE"	"482"	"517"	""	""	""	""	"685"	"LUNG, LIVER"	"LUNG, LIVER, BRAIN, OTHER (SOFT TISSUE), OTHER (MEDIASTINUM)"	"1532"	"7/9/21"	"ASC_55_MSKCC_1of3, ASC_55_MSKCC_2of3, ASC_55_MSKCC_3of3, 55_MDA_1, 55_MDA_2, 55_MDA_3, ASC_55_MdAnderson, ASC_55_SloanKettering_1pgFollowup, ASC_55_T1_Path"	"SS"	"BREAST (PARENCHYMAL)"	0	1	"55"	"DIAGNOSED"	37.85479452	"BREAST"	""	""	""	"BREAST,LIVER,LUNG,BRAIN"	""	""	""	"LIVER,LUNG"	""	""	""	"YES"	"YES"	"YES"	"AFTER"	"Gemcitabane Docetaxol Adriamycin Ifosfamide Taxol Lartruvo Opdivo"	"YES"	"Gemcitabane
Docetaxol"	"NO"	""	"NO"	""	"Facebook"	""	"NO"	"WHITE"	""	""	""	""	""	""	""	""	""	""	""	""	""	""	""	""	"11/3/75"	"True"	37	"BREAST (PARENCHYMAL)"	"Non-RAAS/LAAS"	5	"ASCProject_0055_T1"	37	"Breast (Parenchymal)"	37	"Breast (Parenchymal)"
"RP-1447_ASCProject_0055_T2_v2_Exome_OnPrem"	"ASCProject_0055_T2"	"Tumor"	"ASCProject_0055"	"DNA"	"T2"	"ASCProject_0055_T2"	""	""	511	"PECTORALIS MINOR"	"RESECTION"	"YES"	"NO"	"YES"	"HIGH"	"ASCProject_0055"	"Breast (Parenchymal)"	"Breast (Parenchymal)"	"Breast"	"Lung, Liver"	"Lung, Liver, Brain, Mediastinum"	NA	5	"37"	"F"	"BREAST (PARENCHYMAL)"	"LEFT BREAST"	0	"NO"	0	1	"TRUNK, REGIONAL LYMPH NODE"	"482"	"517"	""	""	""	""	"685"	"LUNG, LIVER"	"LUNG, LIVER, BRAIN, OTHER (SOFT TISSUE), OTHER (MEDIASTINUM)"	"1532"	"7/9/21"	"ASC_55_MSKCC_1of3, ASC_55_MSKCC_2of3, ASC_55_MSKCC_3of3, 55_MDA_1, 55_MDA_2, 55_MDA_3, ASC_55_MdAnderson, ASC_55_SloanKettering_1pgFollowup, ASC_55_T1_Path"	"SS"	"BREAST (PARENCHYMAL)"	0	1	"55"	"DIAGNOSED"	37.85479452	"BREAST"	""	""	""	"BREAST,LIVER,LUNG,BRAIN"	""	""	""	"LIVER,LUNG"	""	""	""	"YES"	"YES"	"YES"	"AFTER"	"Gemcitabane Docetaxol Adriamycin Ifosfamide Taxol Lartruvo Opdivo"	"YES"	"Gemcitabane
Docetaxol"	"NO"	""	"NO"	""	"Facebook"	""	"NO"	"WHITE"	""	""	""	""	""	""	""	""	""	""	""	""	""	""	""	""	"11/3/75"	"True"	37	"BREAST (PARENCHYMAL)"	"Non-RAAS/LAAS"	5	"ASCProject_0055_T2"	37	"Breast (Parenchymal)"	37	"Breast (Parenchymal)"
"RP-1447_ASCProject_0056_SALIVA_v1_Exome_OnPrem"	"ASCProject_0056_SALIVA"	"Normal"	"ASCProject_0056"	"DNA"	""	"ASCProject_0056_SALIVA"	""	""	NA	""	""	""	""	""	""	"ASCProject_0056"	"Breast (NOS)"	"Breast (NOS)"	""	""	""	NA	NA	""	""	""	""	NA	""	NA	NA	""	""	""	""	""	""	""	""	""	""	""	""	""	""	""	NA	NA	"56"	"DIAGNOSED"	70.20273973	"BREAST"	""	""	""	"BREAST"	""	""	""	"NED"	""	""	""	"YES"	"YES"	"NO"	""	"taxol"	"NO"	""	"YES"	"Breast cancer;2004|Rectal;2004"	"YES"	"abdomen"	"Angiosarcoma support group on FB"	"I was diagnosed early."	"NO"	"WHITE"	""	""	""	""	""	""	""	""	""	""	""	""	""	""	""	""	"9/5/41"	"False"	70.20273973	"BREAST (NOS)"	""	NA	"ASCProject_0056_SALIVA"	70.20273973	"Breast (NOS)"	70.20273973	"Breast (NOS)"
"RP-1447_ASCProject_0057_SALIVA_v1_Exome_OnPrem"	"ASCProject_0057_SALIVA"	"Normal"	"ASCProject_0057"	"DNA"	""	"ASCProject_0057_SALIVA"	""	""	NA	""	""	""	""	""	""	"ASCProject_0057"	"Breast (Cutaneous)"	"Breast (Cutaneous)"	"Breast Skin"	"No Mets"	"No Mets"	NA	4	"71"	"F"	"BREAST (CUTANEOUS)"	"RIGHT UPPER OUTER BREAST SKIN"	1	"NO"	1	1	"RIGHT CHEST WALL SKIN"	"270"	""	""	""	""	""	""	"NO METS"	"NO METS"	"1512"	"6/22/21"	" 57_RW_pathreport, 57 _DFCI_1, 57_ROGERWILLIAMS, 57_RWH_1, ASC_57_ROGER_PATH, ASC_0057_R1_PATHREPORT, ASC_0057_T0_SK, ASC_0057_T1_PATHREPORT, ASC_57_T2_SK"	"SS"	"BREAST (CUTANEOUS)"	0	0	"57"	"DIAGNOSED"	71.12876712	"BREAST"	""	""	""	"BREAST"	""	""	""	"NED"	""	""	""	"YES"	"YES"	"NO"	""	"none"	"NO"	""	"YES"	"breast;2010"	"YES"	"breast"	"Facebook"	""	"NO"	"WHITE"	""	""	""	""	""	""	""	""	""	""	""	""	""	""	""	""	"1/3/43"	"True"	71	"BREAST (CUTANEOUS)"	"RAAS"	0	"ASCProject_0057_SALIVA"	71	"Breast (Cutaneous)"	71	"Breast (Cutaneous)"
"RP-1447_ASCProject_0058_SALIVA_v1_Exome_OnPrem"	"ASCProject_0058_SALIVA"	"Normal"	"ASCProject_0058"	"DNA"	""	"ASCProject_0058_SALIVA"	""	""	NA	""	""	""	""	""	""	"ASCProject_0058"	"HNFS"	"HNFS"	"Nose"	"No Mets"	"No Mets"	NA	8	"41"	"M"	"HNFS"	"SKIN OF NOSE"	0	"NO"	1	0	""	""	""	""	""	""	""	""	"NO METS"	"NO METS"	"5088"	"9/2/21"	"58_MSKCC_1_MANUAL, 59_MSKCC_2_MANUAL, 59_MSKCC_3_MANUAL, ASC_58_MDANDERSON_MANUAL, ASC_58_UMIAMI_MR_MANUAL"	"SS"	"HNFS"	0	0	"58"	"DIAGNOSED"	41.67671233	"HEADFACENECK"	""	""	""	"HEADFACENECK"	""	""	""	"NED"	""	""	""	"YES"	"YES"	"YES"	"AFTER"	"Adriamycon.  Have too find out other...I know I had two different chemo drugs."	"NO"	""	"NO"	""	"DK"	""	"Board member asc"	"Misdiagnosed 3 times"	"NO"	"WHITE"	""	""	""	""	""	""	""	""	""	""	""	""	""	""	""	""	"8/7/61"	"True"	41	"HNFS"	"Non-RAAS/LAAS"	0	"ASCProject_0058_SALIVA"	41	"HNFS"	41	"HNFS"
"RP-1447_ASCProject_0059_SALIVA_v2_Exome_OnPrem"	"ASCProject_0059_SALIVA"	"Normal"	"ASCProject_0059"	"DNA"	""	"ASCProject_0059_SALIVA"	""	""	NA	""	""	""	""	""	""	"ASCProject_0059"	"Breast (Cutaneous)"	"Breast (Cutaneous)"	"Breast"	"No Mets"	"No Mets"	NA	5	"52"	"F"	"BREAST (CUTANEOUS)"	"LEFT BREAST"	1	"NO"	1	0	""	""	""	""	""	""	""	""	"NO METS"	"NO METS"	"945"	"7/12/21"	"59_1, 59_2, 59_3, PATH 59 T1_MANUAL, ASC_59_DR.CORRIASSO, ASC_59_DR. CORRIASO_3"	"SS"	"BREAST (CUTANEOUS)"	0	0	"59"	"DIAGNOSED"	52.87123288	"BREAST"	""	""	""	"BREAST"	""	""	""	"NED"	""	""	""	"YES"	"YES"	"NO"	""	"6 Month follow up scans for 3 yrs,"	"NO"	""	"YES"	"IVDC tripple negative;2008"	"YES"	"L. Breast"	"Support page"	"After surgery the only treatment they wanted me to do was more radiation,  I refused it."	"NO"	"AMERICAN_INDIAN,WHITE"	""	""	""	""	""	""	""	""	""	""	""	""	""	""	""	""	"7/31/61"	"True"	52	"BREAST (CUTANEOUS)"	"RAAS"	0	"ASCProject_0059_SALIVA"	52	"Breast (Cutaneous)"	52	"Breast (Cutaneous)"
"RP-1447_ASCProject_0059_T1_v1_Exome_OnPrem"	"ASCProject_0059_T1"	"Tumor"	"ASCProject_0059"	"DNA"	"T1"	"ASCProject_0059_T1"	""	""	12	"BREAST"	"MASTECTOMY"	"NO"	"YES"	"NO"	"HIGH"	"ASCProject_0059"	"Breast (Cutaneous)"	"Breast (Cutaneous)"	"Breast"	"No Mets"	"No Mets"	NA	5	"52"	"F"	"BREAST (CUTANEOUS)"	"LEFT BREAST"	1	"NO"	1	0	""	""	""	""	""	""	""	""	"NO METS"	"NO METS"	"945"	"7/12/21"	"59_1, 59_2, 59_3, PATH 59 T1_MANUAL, ASC_59_DR.CORRIASSO, ASC_59_DR. CORRIASO_3"	"SS"	"BREAST (CUTANEOUS)"	0	0	"59"	"DIAGNOSED"	52.87123288	"BREAST"	""	""	""	"BREAST"	""	""	""	"NED"	""	""	""	"YES"	"YES"	"NO"	""	"6 Month follow up scans for 3 yrs,"	"NO"	""	"YES"	"IVDC tripple negative;2008"	"YES"	"L. Breast"	"Support page"	"After surgery the only treatment they wanted me to do was more radiation,  I refused it."	"NO"	"AMERICAN_INDIAN,WHITE"	""	""	""	""	""	""	""	""	""	""	""	""	""	""	""	""	"7/31/61"	"True"	52	"BREAST (CUTANEOUS)"	"RAAS"	0	"ASCProject_0059_T1"	52	"Breast (Cutaneous)"	52	"Breast (Cutaneous)"
"RP-1447_ASCProject_0060_SALIVA_v1_Exome_OnPrem"	"ASCProject_0060_SALIVA"	"Normal"	"ASCProject_0060"	"DNA"	""	"ASCProject_0060_SALIVA"	""	""	NA	""	""	""	""	""	""	"ASCProject_0060"	"Breast (NOS)"	"Breast (NOS)"	""	""	""	NA	NA	""	""	""	""	NA	""	NA	NA	""	""	""	""	""	""	""	""	""	""	""	""	""	""	""	NA	NA	"60"	"DIAGNOSED"	46.29041096	"BREAST"	""	""	""	"BREAST"	""	""	""	"NED"	""	""	""	"YES"	"YES"	"YES"	"BEFORE"	"Adriamycin Ifofsamide Mesna  Dexamethasone"	"NO"	""	"NO"	""	"NO"	""	"FB Angiosarcoma page"	""	"NO"	"WHITE"	""	""	""	""	""	""	""	""	""	""	""	""	""	""	""	""	"4/29/70"	"False"	46.29041096	"BREAST (NOS)"	""	NA	"ASCProject_0060_SALIVA"	46.29041096	"Breast (NOS)"	46.29041096	"Breast (NOS)"
"RP-1447_ASCProject_0061_SALIVA_v1_Exome_OnPrem"	"ASCProject_0061_SALIVA"	"Normal"	"ASCProject_0061"	"DNA"	""	"ASCProject_0061_SALIVA"	""	""	NA	""	""	""	""	""	""	"ASCProject_0061"	"Breast (Parenchymal)"	"Breast (Parenchymal)"	"Breast"	"Breast, Bone, Liver"	"Breast, Bone, Liver"	NA	9	"46"	"F"	"BREAST (PARENCHYMAL)"	"RIGHT BREAST"	0	"NO"	0	0	""	""	""	""	""	""	""	"1856"	"OTHER [LEFT BREAST], BONE, LIVER"	"OTHER [LEFT BREAST], BONE, LIVER"	"1996"	"1/19/22"	"61_BWH, 61_St.Joseph, ASC_61_BWH_Path, ASC_61_DFCI_full, ASC_0061_T1_PathReport, ASC_0061_T1_SK"	"IS"	"BREAST (PARENCHYMAL)"	0	1	"61"	"DIAGNOSED"	46.29041096	"BREAST"	""	""	""	"BREAST"	""	""	""	"NED"	""	""	""	"YES"	"YES"	"YES"	"AFTER"	"None"	"NO"	""	"NO"	""	"NO"	""	"Internet searches, which, led me to the AngioSarcoma Cancer Facebook Page"	"Diagnosed by Dr. Ophelia Chan @ St. Joseph Hospital, Nashua, NH 09/2013 Via 3D mammogram & punch biopsies. Primary AngioSarcoma in the upper portion of right breast, 7cm. Treated @ Brigham & Womens Hospital. Boston, MA. Simple Mastectomy w/clean margins followed up w/35, (7 wks., M-F) 5 min. Increments of 'low dosage' radiation treatments.  Post-tratment: CT Blood draw every 90 days for 2 yrs.   Dr. Jeffrey Morgan, Oncology, Dana Farber Cancer Inst. Boston, MA Transitioned to every 6 mo.now. NED"	"NO"	"WHITE"	""	""	""	""	""	""	""	""	""	""	""	""	""	""	""	""	"5/30/67"	"True"	46	"BREAST (PARENCHYMAL)"	"Non-RAAS/LAAS"	3	"ASCProject_0061_SALIVA"	46	"Breast (Parenchymal)"	46	"Breast (Parenchymal)"
"RP-1447_ASCProject_0063_SALIVA_v1_Exome_OnPrem"	"ASCProject_0063_SALIVA"	"Normal"	"ASCProject_0063"	"DNA"	""	"ASCProject_0063_SALIVA"	""	""	NA	""	""	""	""	""	""	"ASCProject_0063"	"HNFS"	"HNFS"	"Scalp"	"Distant Lymph Node, Bone, Neck, Head"	"Distant Lymph Node, Bone, Neck, Head"	NA	5	"74"	"M"	"HNFS"	"RIGHT SCALP"	0	"NO"	1	1	"HNFS"	"705"	""	""	""	""	""	"705"	"DISTANT LYMPH NODE, BONE, OTHER (NECK MUSCLE), OTHER(PARATOID GLAND)"	"DISTANT LYMPH NODE, BONE, OTHER (NECK MUSCLE), OTHER(PARATOID GLAND)"	"852"	"7/12/21"	"63_1, 63_2, 63_3, 63_4, 63_5, 63_UCSF, ASC_63_MDANDERSON, ASC_0063_T1_ORIGINALPATH, ASC_0063_T1, ASC_0063_T2, ASC_0063_T3_SK"	"SS"	"HNFS"	0	1	"63"	"DIAGNOSED"	75.46575342	"SCALP"	""	""	""	"SCALP"	""	""	""	"NED"	""	""	""	"YES"	"YES"	"YES"	"AFTER"	"Taxol"	"YES"	"Radiation"	"YES"	"Prostat;2007"	"YES"	"Prostat"	"Corrie / Facebook Angiosarcoma page"	""	"NO"	"WHITE"	""	""	""	""	""	""	""	""	""	""	""	""	""	""	""	""	"1/1/42"	"True"	74	"HNFS"	"Non-RAAS/LAAS"	4	"ASCProject_0063_SALIVA"	74	"HNFS"	74	"HNFS"
"RP-1447_ASCProject_0063_T2_v1_Exome_OnPrem"	"ASCProject_0063_T2"	"Tumor"	"ASCProject_0063"	"DNA"	"T2"	"ASCProject_0063_T2"	""	""	108	"HEADFACENECKSCALP"	"RESECTION"	"YES"	"NO"	"YES"	"HIGH"	"ASCProject_0063"	"HNFS"	"HNFS"	"Scalp"	"Distant Lymph Node, Bone, Neck, Head"	"Distant Lymph Node, Bone, Neck, Head"	NA	5	"74"	"M"	"HNFS"	"RIGHT SCALP"	0	"NO"	1	1	"HNFS"	"705"	""	""	""	""	""	"705"	"DISTANT LYMPH NODE, BONE, OTHER (NECK MUSCLE), OTHER(PARATOID GLAND)"	"DISTANT LYMPH NODE, BONE, OTHER (NECK MUSCLE), OTHER(PARATOID GLAND)"	"852"	"7/12/21"	"63_1, 63_2, 63_3, 63_4, 63_5, 63_UCSF, ASC_63_MDANDERSON, ASC_0063_T1_ORIGINALPATH, ASC_0063_T1, ASC_0063_T2, ASC_0063_T3_SK"	"SS"	"HNFS"	0	1	"63"	"DIAGNOSED"	75.46575342	"SCALP"	""	""	""	"SCALP"	""	""	""	"NED"	""	""	""	"YES"	"YES"	"YES"	"AFTER"	"Taxol"	"YES"	"Radiation"	"YES"	"Prostat;2007"	"YES"	"Prostat"	"Corrie / Facebook Angiosarcoma page"	""	"NO"	"WHITE"	""	""	""	""	""	""	""	""	""	""	""	""	""	""	""	""	"1/1/42"	"True"	74	"HNFS"	"Non-RAAS/LAAS"	4	"ASCProject_0063_T2"	74	"HNFS"	74	"HNFS"
"RP-1447_ASCProject_0063_T3_v1_Exome_OnPrem"	"ASCProject_0063_T3"	"Tumor"	"ASCProject_0063"	"DNA"	"T3"	"ASCProject_0063_T3"	""	""	-114	"HEADFACENECKSCALP"	"Resection"	"YES"	"NO"	"NO"	"HIGH"	"ASCProject_0063"	"HNFS"	"HNFS"	"Scalp"	"Distant Lymph Node, Bone, Neck, Head"	"Distant Lymph Node, Bone, Neck, Head"	NA	5	"74"	"M"	"HNFS"	"RIGHT SCALP"	0	"NO"	1	1	"HNFS"	"705"	""	""	""	""	""	"705"	"DISTANT LYMPH NODE, BONE, OTHER (NECK MUSCLE), OTHER(PARATOID GLAND)"	"DISTANT LYMPH NODE, BONE, OTHER (NECK MUSCLE), OTHER(PARATOID GLAND)"	"852"	"7/12/21"	"63_1, 63_2, 63_3, 63_4, 63_5, 63_UCSF, ASC_63_MDANDERSON, ASC_0063_T1_ORIGINALPATH, ASC_0063_T1, ASC_0063_T2, ASC_0063_T3_SK"	"SS"	"HNFS"	0	1	"63"	"DIAGNOSED"	75.46575342	"SCALP"	""	""	""	"SCALP"	""	""	""	"NED"	""	""	""	"YES"	"YES"	"YES"	"AFTER"	"Taxol"	"YES"	"Radiation"	"YES"	"Prostat;2007"	"YES"	"Prostat"	"Corrie / Facebook Angiosarcoma page"	""	"NO"	"WHITE"	""	""	""	""	""	""	""	""	""	""	""	""	""	""	""	""	"1/1/42"	"True"	74	"HNFS"	"Non-RAAS/LAAS"	4	"ASCProject_0063_T3"	74	"HNFS"	74	"HNFS"
"RP-1447_ASCProject_0064_SALIVA_v2_Exome_OnPrem"	"ASCProject_0064_SALIVA"	"Normal"	"ASCProject_0064"	"DNA"	""	"ASCProject_0064_SALIVA"	""	""	NA	""	""	""	""	""	""	"ASCProject_0064"	"HNFS"	"HNFS"	"Forehead"	"Lung"	"Lung, Bone"	NA	5	"32"	"F"	"HNFS"	"LEFT FOREHEAD"	0	"NO"	1	0	""	""	""	""	""	""	""	"4146"	"LUNG"	"LUNG, BONE"	"5124"	"6/15/21"	"64 OU Medical Record, 64_1, 64_2, 64_3, 64_4, 64_5, 64_6, 64_INTEGRIS_FOLLOWUP, 64_INTEGRIS, ASC_64_MDANDERSON"	"SS"	"HNFS"	0	1	"64"	"DIAGNOSED"	32.65753425	"SCALP"	""	""	""	"SCALP,LUNG"	""	""	""	"LUNG"	""	""	""	"YES"	"YES"	"YES"	"AFTER"	"Taxol"	"YES"	"Taxol"	"NO"	""	"NO"	""	"Facebook"	"I am on my 6th round of taxol. Have had some tumor shrinkage. Possible surgery for removal at some point."	"NO"	"WHITE"	""	""	""	""	""	""	""	""	""	""	""	""	""	""	""	""	"10/12/72"	"True"	32	"HNFS"	"Non-RAAS/LAAS"	2	"ASCProject_0064_SALIVA"	32	"HNFS"	32	"HNFS"
"RP-1447_ASCProject_0064_T1_v1_Exome_OnPrem"	"ASCProject_0064_T1"	"Tumor"	"ASCProject_0064"	"DNA"	"T1"	"ASCProject_0064_T1"	""	""	0	"HEADFACENECKSCALP"	"EXCISION"	"YES"	"YES"	"YES"	"HIGH"	"ASCProject_0064"	"HNFS"	"HNFS"	"Forehead"	"Lung"	"Lung, Bone"	NA	5	"32"	"F"	"HNFS"	"LEFT FOREHEAD"	0	"NO"	1	0	""	""	""	""	""	""	""	"4146"	"LUNG"	"LUNG, BONE"	"5124"	"6/15/21"	"64 OU Medical Record, 64_1, 64_2, 64_3, 64_4, 64_5, 64_6, 64_INTEGRIS_FOLLOWUP, 64_INTEGRIS, ASC_64_MDANDERSON"	"SS"	"HNFS"	0	1	"64"	"DIAGNOSED"	32.65753425	"SCALP"	""	""	""	"SCALP,LUNG"	""	""	""	"LUNG"	""	""	""	"YES"	"YES"	"YES"	"AFTER"	"Taxol"	"YES"	"Taxol"	"NO"	""	"NO"	""	"Facebook"	"I am on my 6th round of taxol. Have had some tumor shrinkage. Possible surgery for removal at some point."	"NO"	"WHITE"	""	""	""	""	""	""	""	""	""	""	""	""	""	""	""	""	"10/12/72"	"True"	32	"HNFS"	"Non-RAAS/LAAS"	2	"ASCProject_0064_T1"	32	"HNFS"	32	"HNFS"
"RP-1447_ASCProject_0064_T2_v3_Exome_OnPrem"	"ASCProject_0064_T2"	"Tumor"	"ASCProject_0064"	"DNA"	"T2"	"ASCProject_0064_T2"	""	""	4380	"LUNG"	"RESECTION"	"YES (FOCAL)"	"YES"	"NO"	"HIGH"	"ASCProject_0064"	"HNFS"	"HNFS"	"Forehead"	"Lung"	"Lung, Bone"	NA	5	"32"	"F"	"HNFS"	"LEFT FOREHEAD"	0	"NO"	1	0	""	""	""	""	""	""	""	"4146"	"LUNG"	"LUNG, BONE"	"5124"	"6/15/21"	"64 OU Medical Record, 64_1, 64_2, 64_3, 64_4, 64_5, 64_6, 64_INTEGRIS_FOLLOWUP, 64_INTEGRIS, ASC_64_MDANDERSON"	"SS"	"HNFS"	0	1	"64"	"DIAGNOSED"	32.65753425	"SCALP"	""	""	""	"SCALP,LUNG"	""	""	""	"LUNG"	""	""	""	"YES"	"YES"	"YES"	"AFTER"	"Taxol"	"YES"	"Taxol"	"NO"	""	"NO"	""	"Facebook"	"I am on my 6th round of taxol. Have had some tumor shrinkage. Possible surgery for removal at some point."	"NO"	"WHITE"	""	""	""	""	""	""	""	""	""	""	""	""	""	""	""	""	"10/12/72"	"True"	32	"HNFS"	"Non-RAAS/LAAS"	2	"ASCProject_0064_T2"	32	"HNFS"	32	"HNFS"
"RP-1447_ASCProject_0065_SALIVA_v1_Exome_OnPrem"	"ASCProject_0065_SALIVA"	"Normal"	"ASCProject_0065"	"DNA"	""	"ASCProject_0065_SALIVA"	""	""	NA	""	""	""	""	""	""	"ASCProject_0065"	"Musculoskeletal"	"Retroperitoneum"	"Retroperitoneum"	"No Mets"	"No Mets"	NA	9	"60"	"F"	"OTHER (LEFT RETROPERITONEUM, ADRENAL GLAND)"	"LEFT RETROPERITONEAL MASS/ADRENAL GLAND"	0	"NO"	0	0	""	""	""	""	""	""	""	""	"NO METS"	"NO METS"	"2501"	"1/19/22"	"ASC_65_mdanderson_full, ASC_65_pathreport, ASC_0065_PathReport, ASC_65_SK "	"IS"	"OTHER"	0	0	"65"	"DIAGNOSED"	60.22191781	"SPLEEN,OTHER"	""	""	"Kidney Adrenal  lymph nodes of spleen"	"OTHER"	""	""	"Kidney Adrenal lymph nodes of spleen"	"NED"	""	""	""	"YES"	"YES"	"NO"	""	""	"NO"	""	"YES"	"Thyroid;2013|Melanoma ;1976"	"NO"	""	"Angiosarcoma Awareness"	"First Symptoms 6/2011 age 59 via multiple kidney infection pain tx with antibiotics in Texas thought resolved...
Adrenal hemorrhage in CA 11/2011 unknown tumor.detected via CT scan in CA unknown but suspected benign. Wait and see with more hemorrhages/hospitalizations  tumor board agreement that tumor was benign...no surgery recommended as tumor and hemmorage increased. Multiple transfusions. Finally told off the record  no surgery till critical at UCSF. Self referred to MDA delays in DX and TX"	"NO"	"WHITE"	""	""	""	""	""	""	""	""	""	""	""	""	""	""	""	""	"6/27/52"	"True"	60	"OTHER"	"Non-RAAS/LAAS"	0	"ASCProject_0065_SALIVA"	60	"Musculoskeletal"	60	"Musculoskeletal"
"RP-1447_ASCProject_0066_SALIVA_v2_Exome_OnPrem"	"ASCProject_0066_SALIVA"	"Normal"	"ASCProject_0066"	"DNA"	""	"ASCProject_0066_SALIVA"	""	""	NA	""	""	""	""	""	""	"ASCProject_0066"	"Musculoskeletal"	"Bone"	"Spine"	"No Mets"	"No Mets"	NA	1	"57"	"M"	"OTHER (BONE)"	"SPINE L1"	1	"NO"	0	0	""	""	""	""	""	""	""	""	"NO METS"	"NO METS"	"493"	"6/8/21"	"ASC_66_UM_1of2, ASC_66_UM_2of2, Path 66 T1"	"IS"	"BONE"	0	0	"66"	"DIAGNOSED"	57.82465753	"OTHER"	""	""	"Lumbar vertebrae"	"OTHER"	""	""	"I only had it once - in the lumbar vertebrae"	"NED"	""	""	""	"YES"	"YES"	"YES"	"AFTER"	"none"	"NO"	""	"YES"	"Large B cell non-Hodgkins lymphoma;2010"	"YES"	"Chest"	"facebook"	"I am adopted so do not know my family medical history"	"NO"	"WHITE"	""	""	""	""	""	""	""	""	""	""	""	""	""	""	""	""	"1/18/58"	"True"	57	"BONELIMB"	"RAAS"	0	"ASCProject_0066_SALIVA"	57	"Musculoskeletal"	57	"Musculoskeletal"
"RP-1447_ASCProject_0066_T1_v1_Exome_OnPrem"	"ASCProject_0066_T1"	"Tumor"	"ASCProject_0066"	"DNA"	"T1"	"ASCProject_0066_T1"	""	""	94	"BONELIMB"	""	""	""	""	""	"ASCProject_0066"	"Musculoskeletal"	"Bone"	"Spine"	"No Mets"	"No Mets"	NA	1	"57"	"M"	"OTHER (BONE)"	"SPINE L1"	1	"NO"	0	0	""	""	""	""	""	""	""	""	"NO METS"	"NO METS"	"493"	"6/8/21"	"ASC_66_UM_1of2, ASC_66_UM_2of2, Path 66 T1"	"IS"	"BONE"	0	0	"66"	"DIAGNOSED"	57.82465753	"OTHER"	""	""	"Lumbar vertebrae"	"OTHER"	""	""	"I only had it once - in the lumbar vertebrae"	"NED"	""	""	""	"YES"	"YES"	"YES"	"AFTER"	"none"	"NO"	""	"YES"	"Large B cell non-Hodgkins lymphoma;2010"	"YES"	"Chest"	"facebook"	"I am adopted so do not know my family medical history"	"NO"	"WHITE"	""	""	""	""	""	""	""	""	""	""	""	""	""	""	""	""	"1/18/58"	"True"	57	"BONELIMB"	"RAAS"	0	"ASCProject_0066_T1"	57	"Musculoskeletal"	57	"Musculoskeletal"
"RP-1447_ASCProject_0067_SALIVA_v1_Exome_OnPrem"	"ASCProject_0067_SALIVA"	"Normal"	"ASCProject_0067"	"DNA"	""	"ASCProject_0067_SALIVA"	""	""	NA	""	""	""	""	""	""	"ASCProject_0067"	"Extremities"	"Lower Extremity"	"Thigh"	"No Mets"	"No Mets"	NA	1	"40"	"F"	"EXTREMITY"	"LEFT POSTERIOR THIGH"	0	"NO"	0	0	""	""	""	""	""	""	""	""	"NO METS"	"NO METS"	"1425"	"6/21/21"	"67 Medical Record, 67_MGH_!, 67_MGH_2, ASC_67_T1_Path"	"LS"	"EXTREMITY"	0	0	"67"	"DIAGNOSED"	40.22465753	"OTHER"	""	""	"Left thigh"	"OTHER"	""	""	"Left thigh"	"NED"	""	""	""	"YES"	"YES"	"YES"	"BOTH"	"Taxol"	"NO"	""	"NO"	""	"NO"	""	"I'm a member of our Facebook group."	"My angiosarcoma began as a hemangioma. The hemangioma was normal, I guess, for years, maybe the size of a large gumball, normal skin color. When it turned purple, it began to grow in size, the growth was rapid. I saw several doctors because they didn't know what it was, but they could tell it was growing and bloody. My tumor was removed in 2 stages. In the 1st surgery, nobody knew what it was, & margins weren't clear. The biopsy showed it was AS.  After chemo & rad. I had a 2nd cleanup surgery."	"NO"	"WHITE"	""	""	""	""	""	""	""	""	""	""	""	""	""	""	""	""	"7/21/73"	"True"	40	"BONELIMB"	"Non-RAAS/LAAS"	0	"ASCProject_0067_SALIVA"	40	"Extremities"	40	"Extremities"
"RP-1447_ASCProject_0067_T1_v2_Exome_OnPrem"	"ASCProject_0067_T1"	"Tumor"	"ASCProject_0067"	"DNA"	"T1"	"ASCProject_0067_T1"	""	""	0	"BONELIMB"	""	""	""	""	""	"ASCProject_0067"	"Extremities"	"Lower Extremity"	"Thigh"	"No Mets"	"No Mets"	NA	1	"40"	"F"	"EXTREMITY"	"LEFT POSTERIOR THIGH"	0	"NO"	0	0	""	""	""	""	""	""	""	""	"NO METS"	"NO METS"	"1425"	"6/21/21"	"67 Medical Record, 67_MGH_!, 67_MGH_2, ASC_67_T1_Path"	"LS"	"EXTREMITY"	0	0	"67"	"DIAGNOSED"	40.22465753	"OTHER"	""	""	"Left thigh"	"OTHER"	""	""	"Left thigh"	"NED"	""	""	""	"YES"	"YES"	"YES"	"BOTH"	"Taxol"	"NO"	""	"NO"	""	"NO"	""	"I'm a member of our Facebook group."	"My angiosarcoma began as a hemangioma. The hemangioma was normal, I guess, for years, maybe the size of a large gumball, normal skin color. When it turned purple, it began to grow in size, the growth was rapid. I saw several doctors because they didn't know what it was, but they could tell it was growing and bloody. My tumor was removed in 2 stages. In the 1st surgery, nobody knew what it was, & margins weren't clear. The biopsy showed it was AS.  After chemo & rad. I had a 2nd cleanup surgery."	"NO"	"WHITE"	""	""	""	""	""	""	""	""	""	""	""	""	""	""	""	""	"7/21/73"	"True"	40	"BONELIMB"	"Non-RAAS/LAAS"	0	"ASCProject_0067_T1"	40	"Extremities"	40	"Extremities"
"RP-1447_ASCProject_0068_SALIVA_v3_Exome_OnPrem"	"ASCProject_0068_SALIVA"	"Normal"	"ASCProject_0068"	"DNA"	""	"ASCProject_0068_SALIVA"	""	""	NA	""	""	""	""	""	""	"ASCProject_0068"	"Musculoskeletal"	"Retroperitoneum"	"Retroperitoneum"	"No Mets"	"No Mets"	NA	5	"55"	"F"	"OTHER (LEFT PELVIS, RETROPERITONEUM)"	"LEFT PELVIC/RETROPERITONEAL MASS"	0	"NO"	0	0	""	""	""	""	""	""	""	""	"NO METS"	"NO METS"	"1883"	"7/16/21"	"68_1, 68_2"	"SS"	"OTHER"	0	0	"68"	"DIAGNOSED"	55.6739726	"ABDOMINAL"	""	"Retroperitoneal 6 x 8 cm tumor"	""	"ABDOMINAL"	""	""	""	"NED"	""	""	""	"YES"	"NO"	"NO"	""	"AIM , switched to a different one due to side effects, but I can't remember what it was"	"NO"	""	"YES"	"Vulvar cancer;2001"	"NO"	""	"Research online"	"I was seen at M.D.Anderson for scans and orders for treatment by Dr. Ravi.  He worked with a more local oncologist to provide chemo closer to home."	"NO"	"WHITE"	""	""	""	""	""	""	""	""	""	""	""	""	""	""	""	""	"7/12/56"	"True"	55	"OTHER"	"Non-RAAS/LAAS"	0	"ASCProject_0068_SALIVA"	55	"Musculoskeletal"	55	"Musculoskeletal"
"RP-1447_ASCProject_0068_T1_v3_Exome_OnPrem"	"ASCProject_0068_T1"	"Tumor"	"ASCProject_0068"	"DNA"	"T1"	"ASCProject_0068_T1"	""	""	0	"ABDOMEN"	"EXCISION"	"YES (FOCAL)"	"YES"	"YES"	"HIGH"	"ASCProject_0068"	"Musculoskeletal"	"Retroperitoneum"	"Retroperitoneum"	"No Mets"	"No Mets"	NA	5	"55"	"F"	"OTHER (LEFT PELVIS, RETROPERITONEUM)"	"LEFT PELVIC/RETROPERITONEAL MASS"	0	"NO"	0	0	""	""	""	""	""	""	""	""	"NO METS"	"NO METS"	"1883"	"7/16/21"	"68_1, 68_2"	"SS"	"OTHER"	0	0	"68"	"DIAGNOSED"	55.6739726	"ABDOMINAL"	""	"Retroperitoneal 6 x 8 cm tumor"	""	"ABDOMINAL"	""	""	""	"NED"	""	""	""	"YES"	"NO"	"NO"	""	"AIM , switched to a different one due to side effects, but I can't remember what it was"	"NO"	""	"YES"	"Vulvar cancer;2001"	"NO"	""	"Research online"	"I was seen at M.D.Anderson for scans and orders for treatment by Dr. Ravi.  He worked with a more local oncologist to provide chemo closer to home."	"NO"	"WHITE"	""	""	""	""	""	""	""	""	""	""	""	""	""	""	""	""	"7/12/56"	"True"	55	"OTHER"	"Non-RAAS/LAAS"	0	"ASCProject_0068_T1"	55	"Musculoskeletal"	55	"Musculoskeletal"
"RP-1447_ASCProject_0069_SALIVA_v1_Exome_OnPrem"	"ASCProject_0069_SALIVA"	"Normal"	"ASCProject_0069"	"DNA"	""	"ASCProject_0069_SALIVA"	""	""	NA	""	""	""	""	""	""	"ASCProject_0069"	"Breast (NOS)"	"Breast (NOS)"	""	""	""	NA	NA	""	""	""	""	NA	""	NA	NA	""	""	""	""	""	""	""	""	""	""	""	""	""	""	""	NA	NA	"69"	"DIAGNOSED"	65.64109589	"BREAST"	""	""	""	"BREAST"	""	""	""	"NED"	""	""	""	"YES"	"YES"	"NO"	""	"Taxol Chemo"	"NO"	""	"YES"	"Breast cancer;2009"	"YES"	"Breast"	"Corrie Painter on Face Book"	""	"NO"	"WHITE"	""	""	""	""	""	""	""	""	""	""	""	""	""	""	""	""	"1/26/49"	"False"	65.64109589	"BREAST (NOS)"	""	NA	"ASCProject_0069_SALIVA"	65.64109589	"Breast (NOS)"	65.64109589	"Breast (NOS)"
"RP-1447_ASCProject_0073_SALIVA_v3_Exome_OnPrem"	"ASCProject_0073_SALIVA"	"Normal"	"ASCProject_0073"	"DNA"	""	"ASCProject_0073_SALIVA"	""	""	NA	""	""	""	""	""	""	"ASCProject_0073"	"Breast (Parenchymal)"	"Breast (Parenchymal)"	"Breast"	"No Mets"	"No Mets"	NA	5	"50"	"F"	"BREAST (PARENCHYMAL)"	"LEFT BREAST"	0	"NO"	0	0	""	""	""	""	""	""	""	""	"NO METS"	"NO METS"	"357"	"7/19/21"	"73_KAISER_SANTA_CLARA"	"SS"	"BREAST (PARENCHYMAL)"	0	0	"73"	"DIAGNOSED"	50.09863014	"BREAST"	""	""	""	"BREAST"	""	""	""	"NED"	""	""	""	"YES"	"YES"	"NO"	""	"Gemzar/Taxotere x2 txs, anaphylactic reaction to taxotere. Then was switched to just Taxol x8 txs."	"NO"	""	"YES"	"Rectal;2016|Carcinoid w/i rectal resection ;2016"	"NO"	""	"AS Support group on FB"	"My BF first noticed this pea sized lump that we were watching. No pain. It was just there. Within 2 months of noticing it, it had suddenly grown a lot & became very painful! 2 mammos & an ultrasound later, 2 radiologists had NO idea what it could be. Neither one had ever seen a diffuse blob without defined edges, but they were sure it wasn't cancer! This in itself scared me. It was all downhill after the biopsy."	"NO"	"WHITE"	""	""	""	""	""	""	""	""	""	""	""	""	""	""	""	""	"1/8/66"	"True"	50	"BREAST (PARENCHYMAL)"	"Non-RAAS/LAAS"	0	"ASCProject_0073_SALIVA"	50	"Breast (Parenchymal)"	50	"Breast (Parenchymal)"
"RP-1447_ASCProject_0073_T1_v3_Exome_OnPrem"	"ASCProject_0073_T1"	"Tumor"	"ASCProject_0073"	"DNA"	"T1"	"ASCProject_0073_T1"	""	""	0	"BREAST"	"LUMPECTOMY"	"YES"	"NO"	"YES"	"LOW"	"ASCProject_0073"	"Breast (Parenchymal)"	"Breast (Parenchymal)"	"Breast"	"No Mets"	"No Mets"	NA	5	"50"	"F"	"BREAST (PARENCHYMAL)"	"LEFT BREAST"	0	"NO"	0	0	""	""	""	""	""	""	""	""	"NO METS"	"NO METS"	"357"	"7/19/21"	"73_KAISER_SANTA_CLARA"	"SS"	"BREAST (PARENCHYMAL)"	0	0	"73"	"DIAGNOSED"	50.09863014	"BREAST"	""	""	""	"BREAST"	""	""	""	"NED"	""	""	""	"YES"	"YES"	"NO"	""	"Gemzar/Taxotere x2 txs, anaphylactic reaction to taxotere. Then was switched to just Taxol x8 txs."	"NO"	""	"YES"	"Rectal;2016|Carcinoid w/i rectal resection ;2016"	"NO"	""	"AS Support group on FB"	"My BF first noticed this pea sized lump that we were watching. No pain. It was just there. Within 2 months of noticing it, it had suddenly grown a lot & became very painful! 2 mammos & an ultrasound later, 2 radiologists had NO idea what it could be. Neither one had ever seen a diffuse blob without defined edges, but they were sure it wasn't cancer! This in itself scared me. It was all downhill after the biopsy."	"NO"	"WHITE"	""	""	""	""	""	""	""	""	""	""	""	""	""	""	""	""	"1/8/66"	"True"	50	"BREAST (PARENCHYMAL)"	"Non-RAAS/LAAS"	0	"ASCProject_0073_T1"	50	"Breast (Parenchymal)"	50	"Breast (Parenchymal)"
"RP-1447_ASCProject_0074_SALIVA_2_v1_Exome_OnPrem"	"ASCProject_0074_SALIVA_2"	"Normal"	"ASCProject_0074"	"DNA"	""	"ASCProject_0074_SALIVA_2"	""	""	NA	""	""	""	""	""	""	"ASCProject_0074"	"HNFS"	"HNFS"	"Lip"	"No Mets"	"No Mets"	NA	12	"83"	"M"	"HNFS"	"RIGHT UPPER LIP"	0	"NO"	1	0	""	""	""	""	""	""	""	""	"NO METS"	"NO METS"	"161"	"3/9/23"	"74 Texas Oncology Medical Record_OCR, 74_Cockerell, ASC_74_MDAnd_full"	"IS"	"HNFS"	0	0	"74"	"DIAGNOSED"	84.04383562	"HEADFACENECK"	""	""	""	"HEADFACENECK"	""	""	""	"HEADFACENECK"	""	""	""	"NO"	""	"YES"	"BEFORE"	"Paclitaxel"	"YES"	"Paclitaxel"	"YES"	"Small basal cell and squamous cell on face hands and arms. all memoved be mos over a 20 year period.;1998"	"NO"	""	"Internet"	"As an E.N.T. M. D. for 54 years I saw only one sarcoma. That was a synovial sarcoma Presenting as a neck mass."	"NO"	"BLACK,WHITE"	""	""	""	""	""	""	""	""	""	""	""	""	""	""	""	""	"2/6/33"	"True"	83	"HNFS"	"Non-RAAS/LAAS"	0	"ASCProject_0074_SALIVA_2"	83	"HNFS"	83	"HNFS"
"RP-1447_ASCProject_0076_SALIVA_v3_Exome_OnPrem"	"ASCProject_0076_SALIVA"	"Normal"	"ASCProject_0076"	"DNA"	""	"ASCProject_0076_SALIVA"	""	""	NA	""	""	""	""	""	""	"ASCProject_0076"	"Breast (Parenchymal)"	"Breast (Parenchymal)"	"Breast"	"No Mets"	"No Mets"	NA	5	"51"	"F"	"BREAST (PARENCHYMAL)"	"RIGHT BREAST"	0	"NO"	0	0	""	""	""	""	""	""	""	""	"NO METS"	"NO METS"	"709"	"7/20/21"	"76 SMJH; ASC_76_T1_path"	"SS"	"BREAST (PARENCHYMAL)"	0	0	"76"	"DIAGNOSED"	51.70136986	"BREAST"	""	""	""	"BREAST"	""	""	""	"NED"	""	""	""	"YES"	"YES"	"YES"	"AFTER"	"Gemcitibine and Docetaxel"	"NO"	""	"NO"	""	"NO"	""	"I am in the Angiosarcoma Facebook group"	"My mother died suddenly and unexpectedly in June 2012. Devastating loss. Noticed breast difference spring 2013. Was also in perimenopause. Thought it was fibrocystic. Mammogram summer 2013 showed thickening but nothing abnormal. Pursued further a few months later. Two biopsies (needle and open) both misdiagnosed as hemangioma or angiolipoma. Pathologists looked at slides again and dx'd AS. Two surgeries, deep tumor, extremely small deep margin on resection. Chemo then Rads. So far, NED."	"NO"	"WHITE"	""	""	""	""	""	""	""	""	""	""	""	""	""	""	""	""	"8/1/62"	"True"	51	"BREAST (PARENCHYMAL)"	"Non-RAAS/LAAS"	0	"ASCProject_0076_SALIVA"	51	"Breast (Parenchymal)"	51	"Breast (Parenchymal)"
"RP-1447_ASCProject_0076_T1_v3_Exome_OnPrem"	"ASCProject_0076_T1"	"Tumor"	"ASCProject_0076"	"DNA"	"T1"	"ASCProject_0076_T1"	""	""	42	"BREAST"	"MASTECTOMY"	"YES"	"NO"	"NO"	"LOW"	"ASCProject_0076"	"Breast (Parenchymal)"	"Breast (Parenchymal)"	"Breast"	"No Mets"	"No Mets"	NA	5	"51"	"F"	"BREAST (PARENCHYMAL)"	"RIGHT BREAST"	0	"NO"	0	0	""	""	""	""	""	""	""	""	"NO METS"	"NO METS"	"709"	"7/20/21"	"76 SMJH; ASC_76_T1_path"	"SS"	"BREAST (PARENCHYMAL)"	0	0	"76"	"DIAGNOSED"	51.70136986	"BREAST"	""	""	""	"BREAST"	""	""	""	"NED"	""	""	""	"YES"	"YES"	"YES"	"AFTER"	"Gemcitibine and Docetaxel"	"NO"	""	"NO"	""	"NO"	""	"I am in the Angiosarcoma Facebook group"	"My mother died suddenly and unexpectedly in June 2012. Devastating loss. Noticed breast difference spring 2013. Was also in perimenopause. Thought it was fibrocystic. Mammogram summer 2013 showed thickening but nothing abnormal. Pursued further a few months later. Two biopsies (needle and open) both misdiagnosed as hemangioma or angiolipoma. Pathologists looked at slides again and dx'd AS. Two surgeries, deep tumor, extremely small deep margin on resection. Chemo then Rads. So far, NED."	"NO"	"WHITE"	""	""	""	""	""	""	""	""	""	""	""	""	""	""	""	""	"8/1/62"	"True"	51	"BREAST (PARENCHYMAL)"	"Non-RAAS/LAAS"	0	"ASCProject_0076_T1"	51	"Breast (Parenchymal)"	51	"Breast (Parenchymal)"
"RP-1447_ASCProject_0078_SALIVA_v1_Exome_OnPrem"	"ASCProject_0078_SALIVA"	"Normal"	"ASCProject_0078"	"DNA"	""	"ASCProject_0078_SALIVA"	""	""	NA	""	""	""	""	""	""	"ASCProject_0078"	"Breast (Cutaneous)"	"Breast (Cutaneous)"	"Breast Skin"	"No Mets"	"No Mets"	NA	11	"64"	"F"	"BREAST (CUTANEOUS)"	"LEFT BREAST SKIN"	1	"NO"	1	1	"LEFT CHEST WALL SKIN, LEFT CHEST WALL SKIN, LEFT CHEST WALL SKIN, LEFT CHEST WALL SKIN, LEFT CHEST WALL SKIN"	"1962"	"2345"	"2904"	"3136"	"3653"	""	""	"NO METS"	"NO METS"	"4178"	"8/9/22"	"ASC_78_OSHU, ASC_78_Path_report1_TualityM_OCR, ASC_78_PathM_OCR, ASC_78_T6_OHSU_PathReport, ASC_78_T8_OHSU_PathReport, ASC_78_TualityM_OCR"	"BT"	"BREAST (CUTANEOUS)"	0	0	"78"	"DIAGNOSED"	64.82465753	"BREAST"	""	""	""	"BREAST,LYMPH"	""	""	""	"BREAST"	""	""	""	"YES"	"YES"	"NO"	""	"Only surgery and additional surgery as small spots appeared on chest wall"	"NO"	""	"YES"	"Breast Cancer;1998"	"YES"	"Radiation for breast cancer in 1998"	"Angioawareness on facebook"	"As we all know - early detection and education to new breast cancer patients about hazards of radiation.  It may be an aggressive life sentence but we cannot allow it to dominate our lives, but as so many have - go forward with enthusiasm."	"NO"	"WHITE"	""	""	""	""	""	""	""	""	""	""	""	""	""	""	""	""	"12/21/43"	"True"	64	"BREAST (CUTANEOUS)"	"RAAS"	0	"ASCProject_0078_SALIVA"	64	"Breast (Cutaneous)"	64	"Breast (Cutaneous)"
"RP-1447_ASCProject_0080_SALIVA_v1_Exome_OnPrem"	"ASCProject_0080_SALIVA"	"Normal"	"ASCProject_0080"	"DNA"	""	"ASCProject_0080_SALIVA"	""	""	NA	""	""	""	""	""	""	"ASCProject_0080"	"HNFS"	"HNFS"	""	""	""	NA	NA	""	""	""	""	NA	""	NA	NA	""	""	""	""	""	""	""	""	""	""	""	""	""	""	""	NA	NA	"80"	"DIAGNOSED"	72.78356164	"SCALP"	""	""	""	"SCALP"	""	""	""	"SCALP"	""	""	""	"NO"	""	"NO"	""	"Xanax, compozine, inderal, bel an, methotrexate, dexamechazone"	"YES"	"Chemo"	"YES"	"Basal cell skin cancer ;1997|Squamous skin cancer;2010"	"NO"	""	"A friend"	"Until today I was unaware of any project,  none of my Drs. u of Michigan, or Marquette Michigan were aware of any study going on and I have asked all 4 I have worked with if there were any studies. 1 was told there are 100-200 cases per year so not enough of us to \"study\""	"NO"	"WHITE"	""	""	""	""	""	""	""	""	""	""	""	""	""	""	""	""	"5/9/44"	"False"	72.78356164	"HNFS"	""	NA	"ASCProject_0080_SALIVA"	72.78356164	"HNFS"	72.78356164	"HNFS"
"RP-1447_ASCProject_0081_SALIVA_v1_Exome_OnPrem"	"ASCProject_0081_SALIVA"	"Normal"	"ASCProject_0081"	"DNA"	""	"ASCProject_0081_SALIVA"	""	""	NA	""	""	""	""	""	""	"ASCProject_0081"	"Breast (NOS)"	"Breast (NOS)"	""	""	""	NA	NA	""	""	""	""	NA	""	NA	NA	""	""	""	""	""	""	""	""	""	""	""	""	""	""	""	NA	NA	"81"	"DIAGNOSED"	20.83287671	"BREAST"	""	""	""	"BREAST"	""	""	""	"NED"	""	""	""	"YES"	"YES"	"YES"	"AFTER"	"Taxotere, gemcidobine"	"NO"	""	"NO"	""	"NO"	""	"Facebook"	"I had 100% response to my chemo. Followed  by full mastectomy and radiation after surgery"	"NO"	"WHITE"	""	""	""	""	""	""	""	""	""	""	""	""	""	""	""	""	"7/6/94"	"False"	20.83287671	"BREAST (NOS)"	""	NA	"ASCProject_0081_SALIVA"	20.83287671	"Breast (NOS)"	20.83287671	"Breast (NOS)"
"RP-1447_ASCProject_0082_SALIVA_v2_Exome_OnPrem"	"ASCProject_0082_SALIVA"	"Normal"	"ASCProject_0082"	"DNA"	""	"ASCProject_0082_SALIVA"	""	""	NA	""	""	""	""	""	""	"ASCProject_0082"	"HNFS"	"HNFS"	"Temple"	"No Mets"	"No Mets"	NA	2	"60"	"M"	"HNFS"	"LEFT TEMPLE"	0	"NO"	1	0	""	""	""	""	""	""	""	""	"NO METS"	"NO METS"	"794"	"6/11/21"	"ASC_82_MSKCC_1of2, ASC_82_MSKCC_2of2"	"IS"	"HNFS"	0	0	"82"	"DIAGNOSED"	60.89863014	"HEADFACENECK"	""	""	""	"HEADFACENECK"	""	""	""	"NED"	""	""	""	"YES"	"YES"	"NO"	""	"Doxil"	"NO"	""	"NO"	""	"NO"	""	"Corrie Painter"	""	"NO"	"WHITE"	""	""	""	""	""	""	""	""	""	""	""	""	""	""	""	""	"2/22/54"	"True"	60	"HNFS"	"Non-RAAS/LAAS"	0	"ASCProject_0082_SALIVA"	60	"HNFS"	60	"HNFS"
"RP-1447_ASCProject_0082_T1_v2_Exome_OnPrem"	"ASCProject_0082_T1"	"Tumor"	"ASCProject_0082"	"DNA"	"T1"	"ASCProject_0082_T1"	""	""	0	"HEADFACENECKSCALP"	""	""	""	""	""	"ASCProject_0082"	"HNFS"	"HNFS"	"Temple"	"No Mets"	"No Mets"	NA	2	"60"	"M"	"HNFS"	"LEFT TEMPLE"	0	"NO"	1	0	""	""	""	""	""	""	""	""	"NO METS"	"NO METS"	"794"	"6/11/21"	"ASC_82_MSKCC_1of2, ASC_82_MSKCC_2of2"	"IS"	"HNFS"	0	0	"82"	"DIAGNOSED"	60.89863014	"HEADFACENECK"	""	""	""	"HEADFACENECK"	""	""	""	"NED"	""	""	""	"YES"	"YES"	"NO"	""	"Doxil"	"NO"	""	"NO"	""	"NO"	""	"Corrie Painter"	""	"NO"	"WHITE"	""	""	""	""	""	""	""	""	""	""	""	""	""	""	""	""	"2/22/54"	"True"	60	"HNFS"	"Non-RAAS/LAAS"	0	"ASCProject_0082_T1"	60	"HNFS"	60	"HNFS"
"RP-1447_ASCProject_0084_SALIVA_v1_Exome_OnPrem"	"ASCProject_0084_SALIVA"	"Normal"	"ASCProject_0084"	"DNA"	""	"ASCProject_0084_SALIVA"	""	""	NA	""	""	""	""	""	""	"ASCProject_0084"	"Breast (Parenchymal)"	"Breast (Parenchymal)"	"Breast"	"No Mets"	"No Mets"	NA	2	"56"	"F"	"BREAST (PARENCHYMAL)"	"RIGHT BREAST"	0	"NO"	0	0	""	""	""	""	""	""	""	""	"NO METS"	"NO METS"	"1235"	"6/17/21"	"84_Ann B Barshinger Penn Med Lancaster, 84 Pathology, Path 84 T1_manual, ASC_84_BarshingerCancer, ASC_0084_PathReport"	"IS"	"BREAST (PARENCHYMAL)"	0	0	""	""	NA	""	""	""	""	""	""	""	""	""	""	""	""	""	""	""	""	""	""	""	""	""	""	""	""	""	""	""	""	""	""	""	""	""	""	""	""	""	""	""	""	""	""	""	""	"True"	56	"BREAST (PARENCHYMAL)"	"Non-RAAS/LAAS"	0	"ASCProject_0084_SALIVA"	56	"Breast (Parenchymal)"	56	"Breast (Parenchymal)"
"RP-1447_ASCProject_0084_T1_v1_Exome_OnPrem"	"ASCProject_0084_T1"	"Tumor"	"ASCProject_0084"	"DNA"	"T1"	"ASCProject_0084_T1"	""	""	33	"BREAST"	""	""	""	""	""	"ASCProject_0084"	"Breast (Parenchymal)"	"Breast (Parenchymal)"	"Breast"	"No Mets"	"No Mets"	NA	2	"56"	"F"	"BREAST (PARENCHYMAL)"	"RIGHT BREAST"	0	"NO"	0	0	""	""	""	""	""	""	""	""	"NO METS"	"NO METS"	"1235"	"6/17/21"	"84_Ann B Barshinger Penn Med Lancaster, 84 Pathology, Path 84 T1_manual, ASC_84_BarshingerCancer, ASC_0084_PathReport"	"IS"	"BREAST (PARENCHYMAL)"	0	0	""	""	NA	""	""	""	""	""	""	""	""	""	""	""	""	""	""	""	""	""	""	""	""	""	""	""	""	""	""	""	""	""	""	""	""	""	""	""	""	""	""	""	""	""	""	""	""	"True"	56	"BREAST (PARENCHYMAL)"	"Non-RAAS/LAAS"	0	"ASCProject_0084_T1"	56	"Breast (Parenchymal)"	56	"Breast (Parenchymal)"
"RP-1447_ASCProject_0086_SALIVA_v1_Exome_OnPrem"	"ASCProject_0086_SALIVA"	"Normal"	"ASCProject_0086"	"DNA"	""	"ASCProject_0086_SALIVA"	""	""	NA	""	""	""	""	""	""	"ASCProject_0086"	"Breast (NOS)"	"Breast (NOS)"	""	""	""	NA	NA	""	""	""	""	NA	""	NA	NA	""	""	""	""	""	""	""	""	""	""	""	""	""	""	""	NA	NA	"86"	"DIAGNOSED"	56.07123288	"BREAST"	""	""	""	"BREAST"	""	""	""	"NED"	""	""	""	"YES"	"YES"	"NO"	""	"none"	"NO"	""	"NO"	""	"NO"	""	"Facebook"	"The tumor was found during a CT scan for pneumonia in March of 2016."	"NO"	"WHITE"	""	""	""	""	""	""	""	""	""	""	""	""	""	""	""	""	"4/19/60"	"False"	56.07123288	"BREAST (NOS)"	""	NA	"ASCProject_0086_SALIVA"	56.07123288	"Breast (NOS)"	56.07123288	"Breast (NOS)"
"RP-1447_ASCProject_0088_BLOOD_2_P_v1_Exome_OnPrem"	"ASCProject_0088_BLOOD_2_P"	"Tumor"	"ASCProject_0088"	"DNA"	"BLOOD"	"ASCProject_0088_BLOOD_2_P"	""	""	NA	""	""	""	""	""	""	"ASCProject_0088"	"Breast (Cutaneous)"	"Breast (Cutaneous)"	"Breast Skin"	"No Mets"	"No Mets"	NA	2	"47"	"F"	"BREAST (CUTANEOUS)"	"RIGHT BREAST SKIN"	1	"NO"	1	1	"RIGHT CHEST WALL SKIN"	"782"	""	""	""	""	""	""	"NO METS"	"NO METS"	"1288"	"4/9/21"	"88_1, 88_2, 88_3, 88_emailed_1, 88_emailed_2, 88_Mayo_Report_Repeat_1,  88_Mayo_Report_Repeat_2, 88_Mayo_Report, 88_Path "	"IS"	"BREAST (CUTANEOUS)"	0	0	"88"	"DIAGNOSED"	47.13424658	"BREAST"	""	""	""	"BREAST"	""	""	""	"BREAST"	""	""	""	"YES"	"YES"	"YES"	"BOTH"	"Chemotherapies : Adriamycin, Ifosomide, Mesna, Taxol, Paclitaxel, Gemcitabine. I can not find my list, this is what I can remember and then of course all the pre-drugs before your actual chemo Medications: Klor-Con, Magnesium, Carvedilol, Enalapril, Atavan, Zofran, Reglan, Compazine, Magic Mouthwash, Different steroids I cant remember. I may come back to this and add more"	"YES"	"Votrient"	"YES"	"Invasive Ductal Carcinoma of the Breast;2006|Myelodysplastic Syndrome;2019"	"YES"	"The Right Breast"	"Angiosarcoma Facebook Page"	"I was diagnosed with Radiation Induced Angiosarcoma in Fall 2013. I received many Chemotherapy treatments locally, but directed by Dr. Ravi from MDAnderson. After 15 months of chemo and surgeries was declared NED in May 2015. In Nov 2015, I had a recurrence where I have had more chemo, surgery and radiation. In Dec 2016 was NED. However news areas of concern have developed and I will be going back the 1st week in April to Rochester. Would love to give more details, however space does not allow."	"NO"	"WHITE"	""	""	""	""	""	""	""	""	""	""	""	""	""	""	""	""	"8/25/66"	"True"	47	"BREAST (CUTANEOUS)"	"RAAS"	0	"ASCProject_0088_BLOOD_2_P"	47	"Breast (Cutaneous)"	47	"Breast (Cutaneous)"
"RP-1447_ASCProject_0088_SALIVA_v1_Exome_OnPrem"	"ASCProject_0088_SALIVA"	"Normal"	"ASCProject_0088"	"DNA"	""	"ASCProject_0088_SALIVA"	""	""	NA	""	""	""	""	""	""	"ASCProject_0088"	"Breast (Cutaneous)"	"Breast (Cutaneous)"	"Breast Skin"	"No Mets"	"No Mets"	NA	2	"47"	"F"	"BREAST (CUTANEOUS)"	"RIGHT BREAST SKIN"	1	"NO"	1	1	"RIGHT CHEST WALL SKIN"	"782"	""	""	""	""	""	""	"NO METS"	"NO METS"	"1288"	"4/9/21"	"88_1, 88_2, 88_3, 88_emailed_1, 88_emailed_2, 88_Mayo_Report_Repeat_1,  88_Mayo_Report_Repeat_2, 88_Mayo_Report, 88_Path "	"IS"	"BREAST (CUTANEOUS)"	0	0	"88"	"DIAGNOSED"	47.13424658	"BREAST"	""	""	""	"BREAST"	""	""	""	"BREAST"	""	""	""	"YES"	"YES"	"YES"	"BOTH"	"Chemotherapies : Adriamycin, Ifosomide, Mesna, Taxol, Paclitaxel, Gemcitabine. I can not find my list, this is what I can remember and then of course all the pre-drugs before your actual chemo Medications: Klor-Con, Magnesium, Carvedilol, Enalapril, Atavan, Zofran, Reglan, Compazine, Magic Mouthwash, Different steroids I cant remember. I may come back to this and add more"	"YES"	"Votrient"	"YES"	"Invasive Ductal Carcinoma of the Breast;2006|Myelodysplastic Syndrome;2019"	"YES"	"The Right Breast"	"Angiosarcoma Facebook Page"	"I was diagnosed with Radiation Induced Angiosarcoma in Fall 2013. I received many Chemotherapy treatments locally, but directed by Dr. Ravi from MDAnderson. After 15 months of chemo and surgeries was declared NED in May 2015. In Nov 2015, I had a recurrence where I have had more chemo, surgery and radiation. In Dec 2016 was NED. However news areas of concern have developed and I will be going back the 1st week in April to Rochester. Would love to give more details, however space does not allow."	"NO"	"WHITE"	""	""	""	""	""	""	""	""	""	""	""	""	""	""	""	""	"8/25/66"	"True"	47	"BREAST (CUTANEOUS)"	"RAAS"	0	"ASCProject_0088_SALIVA"	47	"Breast (Cutaneous)"	47	"Breast (Cutaneous)"
"RP-1447_ASCProject_0088_T3_v2_Exome_OnPrem"	"ASCProject_0088_T3"	"Tumor"	"ASCProject_0088"	"DNA"	"T3"	"ASCProject_0088_T3"	""	""	782	"CHEST"	""	""	""	""	""	"ASCProject_0088"	"Breast (Cutaneous)"	"Breast (Cutaneous)"	"Breast Skin"	"No Mets"	"No Mets"	NA	2	"47"	"F"	"BREAST (CUTANEOUS)"	"RIGHT BREAST SKIN"	1	"NO"	1	1	"RIGHT CHEST WALL SKIN"	"782"	""	""	""	""	""	""	"NO METS"	"NO METS"	"1288"	"4/9/21"	"88_1, 88_2, 88_3, 88_emailed_1, 88_emailed_2, 88_Mayo_Report_Repeat_1,  88_Mayo_Report_Repeat_2, 88_Mayo_Report, 88_Path "	"IS"	"BREAST (CUTANEOUS)"	0	0	"88"	"DIAGNOSED"	47.13424658	"BREAST"	""	""	""	"BREAST"	""	""	""	"BREAST"	""	""	""	"YES"	"YES"	"YES"	"BOTH"	"Chemotherapies : Adriamycin, Ifosomide, Mesna, Taxol, Paclitaxel, Gemcitabine. I can not find my list, this is what I can remember and then of course all the pre-drugs before your actual chemo Medications: Klor-Con, Magnesium, Carvedilol, Enalapril, Atavan, Zofran, Reglan, Compazine, Magic Mouthwash, Different steroids I cant remember. I may come back to this and add more"	"YES"	"Votrient"	"YES"	"Invasive Ductal Carcinoma of the Breast;2006|Myelodysplastic Syndrome;2019"	"YES"	"The Right Breast"	"Angiosarcoma Facebook Page"	"I was diagnosed with Radiation Induced Angiosarcoma in Fall 2013. I received many Chemotherapy treatments locally, but directed by Dr. Ravi from MDAnderson. After 15 months of chemo and surgeries was declared NED in May 2015. In Nov 2015, I had a recurrence where I have had more chemo, surgery and radiation. In Dec 2016 was NED. However news areas of concern have developed and I will be going back the 1st week in April to Rochester. Would love to give more details, however space does not allow."	"NO"	"WHITE"	""	""	""	""	""	""	""	""	""	""	""	""	""	""	""	""	"8/25/66"	"True"	47	"BREAST (CUTANEOUS)"	"RAAS"	0	"ASCProject_0088_T3"	47	"Breast (Cutaneous)"	47	"Breast (Cutaneous)"
"RP-1447_ASCProject_0089_SALIVA_v2_Exome_OnPrem"	"ASCProject_0089_SALIVA"	"Normal"	"ASCProject_0089"	"DNA"	""	"ASCProject_0089_SALIVA"	""	""	NA	""	""	""	""	""	""	"ASCProject_0089"	"Breast (Parenchymal)"	"Breast (Parenchymal)"	"Breast"	"No Mets"	"No Mets"	NA	5	"34"	"F"	"BREAST (PARENCHYMAL)"	"RIGHT BREAST"	0	"NO"	0	0	""	""	""	""	""	""	""	""	"NO METS"	"NO METS"	"1525"	"7/19/21"	"89_JHH, 89_UPMC, ASC_89_UPMCPinnacle_new"	"IS"	"BREAST (PARENCHYMAL)"	0	0	"89"	"DIAGNOSED"	34.39452055	"BREAST"	""	""	""	"BREAST"	""	""	""	"NED"	""	""	""	"YES"	"YES"	"NO"	""	"Mastectomy 12 weeks of clean up chemo gemzar and taxotere"	"NO"	""	"NO"	""	"NO"	""	"Facebook"	"I was misdiagnosed 6 months before diagnosis...told it was a fibroadenoma benign...was told to follow up in 6 months to recheck size/growth and it didn't really change. This time a biopsy was done which came back with vascular properties. A lumpectomy was next which confirmed diagnosis. 5 cm tumor was taken out but actual size was 3.5 cm as it was surrounded in fat. It had benign low grade and high grade parts."	"NO"	"WHITE"	""	""	""	""	""	""	""	""	""	""	""	""	""	""	""	""	"11/17/78"	"True"	34	"BREAST (PARENCHYMAL)"	"Non-RAAS/LAAS"	0	"ASCProject_0089_SALIVA"	34	"Breast (Parenchymal)"	34	"Breast (Parenchymal)"
"RP-1447_ASCProject_0089_T1_v3_Exome_OnPrem"	"ASCProject_0089_T1"	"Tumor"	"ASCProject_0089"	"DNA"	"T1"	"ASCProject_0089_T1"	""	""	0	"BREAST"	"EXCISION"	"YES"	"NO"	"YES"	"HIGH"	"ASCProject_0089"	"Breast (Parenchymal)"	"Breast (Parenchymal)"	"Breast"	"No Mets"	"No Mets"	NA	5	"34"	"F"	"BREAST (PARENCHYMAL)"	"RIGHT BREAST"	0	"NO"	0	0	""	""	""	""	""	""	""	""	"NO METS"	"NO METS"	"1525"	"7/19/21"	"89_JHH, 89_UPMC, ASC_89_UPMCPinnacle_new"	"IS"	"BREAST (PARENCHYMAL)"	0	0	"89"	"DIAGNOSED"	34.39452055	"BREAST"	""	""	""	"BREAST"	""	""	""	"NED"	""	""	""	"YES"	"YES"	"NO"	""	"Mastectomy 12 weeks of clean up chemo gemzar and taxotere"	"NO"	""	"NO"	""	"NO"	""	"Facebook"	"I was misdiagnosed 6 months before diagnosis...told it was a fibroadenoma benign...was told to follow up in 6 months to recheck size/growth and it didn't really change. This time a biopsy was done which came back with vascular properties. A lumpectomy was next which confirmed diagnosis. 5 cm tumor was taken out but actual size was 3.5 cm as it was surrounded in fat. It had benign low grade and high grade parts."	"NO"	"WHITE"	""	""	""	""	""	""	""	""	""	""	""	""	""	""	""	""	"11/17/78"	"True"	34	"BREAST (PARENCHYMAL)"	"Non-RAAS/LAAS"	0	"ASCProject_0089_T1"	34	"Breast (Parenchymal)"	34	"Breast (Parenchymal)"
"RP-1447_ASCProject_0090_SALIVA_v1_Exome_OnPrem"	"ASCProject_0090_SALIVA"	"Normal"	"ASCProject_0090"	"DNA"	""	"ASCProject_0090_SALIVA"	""	""	NA	""	""	""	""	""	""	"ASCProject_0090"	"Breast (NOS)"	"Breast (NOS)"	""	""	""	NA	NA	""	""	""	""	NA	""	NA	NA	""	""	""	""	""	""	""	""	""	""	""	""	""	""	""	NA	NA	"90"	"DIAGNOSED"	44.04657534	"BREAST"	""	""	""	"BREAST"	""	""	""	"NED"	""	""	""	"YES"	"YES"	"YES"	"AFTER"	"Taxol"	"NO"	""	"NO"	""	"NO"	""	"Facebook group"	""	"NO"	"WHITE"	""	""	""	""	""	""	""	""	""	""	""	""	""	""	""	""	"2/24/72"	"False"	44.04657534	"BREAST (NOS)"	""	NA	"ASCProject_0090_SALIVA"	44.04657534	"Breast (NOS)"	44.04657534	"Breast (NOS)"
"RP-1447_ASCProject_0091_SALIVA_v1_Exome_OnPrem"	"ASCProject_0091_SALIVA"	"Normal"	"ASCProject_0091"	"DNA"	""	"ASCProject_0091_SALIVA"	""	""	NA	""	""	""	""	""	""	"ASCProject_0091"	"HNFS"	"HNFS"	""	""	""	NA	NA	""	""	""	""	NA	""	NA	NA	""	""	""	""	""	""	""	""	""	""	""	""	""	""	""	NA	NA	"91"	"DIAGNOSED"	60.72328767	"HEADFACENECK"	""	""	""	"HEADFACENECK"	""	""	""	"NED"	""	""	""	"YES"	"YES"	"YES"	"AFTER"	""	"NO"	""	"YES"	"Skin cancers;"	"NO"	""	"Corrie"	""	"NO"	"WHITE"	""	""	""	""	""	""	""	""	""	""	""	""	""	""	""	""	"3/27/45"	"False"	60.72328767	"HNFS"	""	NA	"ASCProject_0091_SALIVA"	60.72328767	"HNFS"	60.72328767	"HNFS"
"RP-1447_ASCProject_0092_SALIVA_v1_Exome_OnPrem"	"ASCProject_0092_SALIVA"	"Normal"	"ASCProject_0092"	"DNA"	""	"ASCProject_0092_SALIVA"	""	""	NA	""	""	""	""	""	""	"ASCProject_0092"	"Breast (Parenchymal)"	"Breast (Parenchymal)"	"Breast"	"No Mets"	"No Mets"	NA	9	"54"	"F"	"BREAST (PARENCHYMAL)"	"LEFT BREAST"	0	"NO"	0	0	""	""	""	""	""	""	""	""	"NO METS"	"NO METS"	"2218"	"1/19/22"	"92_St.Johns, ASC_0092_T1_CedarsSinaiMC_original, ASC_0092_T1_Providence St. johns health_original, ASC_0092_USC"	"IS"	"BREAST (PARENCHYMAL)"	0	0	"92"	"DIAGNOSED"	54.80273973	"BREAST"	""	""	""	"BREAST"	""	""	""	"NED"	""	""	""	"YES"	"YES"	"NO"	""	"Taxol"	"NO"	""	"NO"	""	"NO"	""	"Corrie Painter"	"I was healthy when diagnosed and immediately decided to put myself on my version of a \"cancer free\" diet (zero sugar, low gluten, zero dairy, zero alcohol). I also worked closely with a naturopathic physician who watched my inflammatory levels through a variety of measurements and recommended supplements known to fight cancer."	"NO"	"WHITE"	""	""	""	""	""	""	""	""	""	""	""	""	""	""	""	""	"4/28/59"	"True"	54	"BREAST (PARENCHYMAL)"	"Non-RAAS/LAAS"	0	"ASCProject_0092_SALIVA"	54	"Breast (Parenchymal)"	54	"Breast (Parenchymal)"
"RP-1447_ASCProject_0093_SALIVA_v1_Exome_OnPrem"	"ASCProject_0093_SALIVA"	"Normal"	"ASCProject_0093"	"DNA"	""	"ASCProject_0093_SALIVA"	""	""	NA	""	""	""	""	""	""	"ASCProject_0093"	"Breast (NOS)"	"Breast (NOS)"	""	""	""	NA	NA	""	""	""	""	NA	""	NA	NA	""	""	""	""	""	""	""	""	""	""	""	""	""	""	""	NA	NA	"93"	"DIAGNOSED"	71.29589041	"BREAST"	""	""	""	"BREAST"	""	""	""	"NED"	""	""	""	"YES"	"YES"	"NO"	""	"Taxol"	"NO"	""	"YES"	"Breast cancer;2006"	"YES"	"Left breast"	"Facebook list"	"It took a while for diagnosis. Three months, even while I was persistent."	"NO"	"WHITE"	""	""	""	""	""	""	""	""	""	""	""	""	""	""	""	""	"11/3/43"	"False"	71.29589041	"BREAST (NOS)"	""	NA	"ASCProject_0093_SALIVA"	71.29589041	"Breast (NOS)"	71.29589041	"Breast (NOS)"
"RP-1447_ASCProject_0094_NORMAL_v2_Exome_OnPrem"	"ASCProject_0094_NORMAL"	"Normal"	"ASCProject_0094"	"DNA"	""	"ASCProject_0094_NORMAL"	""	""	NA	""	""	""	""	""	""	"ASCProject_0094"	"Breast (Parenchymal)"	"Breast (Parenchymal)"	"Breast"	"Breast"	"Breast, Bone, Lung, HNFS"	NA	2	"56"	"F"	"BREAST (PARENCHYMAL)"	"LEFT BREAST"	0	"NO"	0	0	""	""	""	""	""	""	""	"548"	"OTHER [RIGHT BREAST]"	"OTHER [RIGHT BREAST], BONE, LUNG, HNFS"	"1061"	"4/16/21"	"94_Lee_Memorial_1, 94_Lee_Memorial_2, 94_Lee_Memorial_3, 94_Lee_Memorial_4, 94_Lee_Memorial_Path"	"IS/BT"	"BREAST (PARENCHYMAL)"	0	1	""	""	NA	""	""	""	""	""	""	""	""	""	""	""	""	""	""	""	""	""	""	""	""	""	""	""	""	""	""	""	""	""	""	""	""	""	""	""	""	""	""	""	""	""	""	""	""	"True"	56	"BREAST (PARENCHYMAL)"	"Non-RAAS/LAAS"	4	"ASCProject_0094_NORMAL"	56	"Breast (Parenchymal)"	56	"Breast (Parenchymal)"
"RP-1447_ASCProject_0094_T1_v2_Exome_OnPrem"	"ASCProject_0094_T1"	"Tumor"	"ASCProject_0094"	"DNA"	"T1"	"ASCProject_0094_T1"	""	""	77	"BREAST"	"MASTECTOMY"	"YES"	"NO"	"YES"	"HIGH"	"ASCProject_0094"	"Breast (Parenchymal)"	"Breast (Parenchymal)"	"Breast"	"Breast"	"Breast, Bone, Lung, HNFS"	NA	2	"56"	"F"	"BREAST (PARENCHYMAL)"	"LEFT BREAST"	0	"NO"	0	0	""	""	""	""	""	""	""	"548"	"OTHER [RIGHT BREAST]"	"OTHER [RIGHT BREAST], BONE, LUNG, HNFS"	"1061"	"4/16/21"	"94_Lee_Memorial_1, 94_Lee_Memorial_2, 94_Lee_Memorial_3, 94_Lee_Memorial_4, 94_Lee_Memorial_Path"	"IS/BT"	"BREAST (PARENCHYMAL)"	0	1	""	""	NA	""	""	""	""	""	""	""	""	""	""	""	""	""	""	""	""	""	""	""	""	""	""	""	""	""	""	""	""	""	""	""	""	""	""	""	""	""	""	""	""	""	""	""	""	"True"	56	"BREAST (PARENCHYMAL)"	"Non-RAAS/LAAS"	4	"ASCProject_0094_T1"	56	"Breast (Parenchymal)"	56	"Breast (Parenchymal)"
"RP-1447_ASCProject_0094_T2_v2_Exome_OnPrem"	"ASCProject_0094_T2"	"Tumor"	"ASCProject_0094"	"DNA"	"T2"	"ASCProject_0094_T2"	""	""	556	"BREAST"	"MASTECTOMY"	"YES"	"NO"	"YES"	"HIGH"	"ASCProject_0094"	"Breast (Parenchymal)"	"Breast (Parenchymal)"	"Breast"	"Breast"	"Breast, Bone, Lung, HNFS"	NA	2	"56"	"F"	"BREAST (PARENCHYMAL)"	"LEFT BREAST"	0	"NO"	0	0	""	""	""	""	""	""	""	"548"	"OTHER [RIGHT BREAST]"	"OTHER [RIGHT BREAST], BONE, LUNG, HNFS"	"1061"	"4/16/21"	"94_Lee_Memorial_1, 94_Lee_Memorial_2, 94_Lee_Memorial_3, 94_Lee_Memorial_4, 94_Lee_Memorial_Path"	"IS/BT"	"BREAST (PARENCHYMAL)"	0	1	""	""	NA	""	""	""	""	""	""	""	""	""	""	""	""	""	""	""	""	""	""	""	""	""	""	""	""	""	""	""	""	""	""	""	""	""	""	""	""	""	""	""	""	""	""	""	""	"True"	56	"BREAST (PARENCHYMAL)"	"Non-RAAS/LAAS"	4	"ASCProject_0094_T2"	56	"Breast (Parenchymal)"	56	"Breast (Parenchymal)"
"RP-1447_ASCProject_0095_BLOOD_BC_v1_Exome_OnPrem"	"ASCProject_0095_BLOOD_BC"	"Normal"	"ASCProject_0095"	"DNA"	""	"ASCProject_0095_BLOOD_BC"	""	""	NA	""	""	""	""	""	""	"ASCProject_0095"	"Extremities"	"Lower Extremity"	"Glute"	"No Mets"	"No Mets"	NA	3	"47"	"F"	"OTHER (RIGHT GLUTE)"	"RIGHT GLUTEAL MASS"	1	"NO"	1	1	"NOT FOUND IN RECORD"	"946"	""	""	""	""	""	""	"NO METS"	"NO METS"	"2011"	"6/23/21"	"95_1,2,3,4,5,6,7,8,9,10,11,12,13,14"	"SS"	"OTHER"	0	0	"95"	"DIAGNOSED"	46.95616438	"OTHER"	""	""	"right hip/buttock - (I had radiation in the pelvic/abdominal area for uterine cancer in 2005)"	"BONELIMB,OTHER"	"right thigh (spread to this area in 2015)"	""	"Had lesions on right thigh, pelvic area, labia, abdominal area. This happened a few years after first occurence."	"OTHER"	""	""	"small possible tumor (could be scar tissue too) located in right hip/buttock area."	"YES"	"YES"	"YES"	"BOTH"	"doxorubicin with ifosfamide with first occurrence, then gemcitabine/taxotere for 2nd occurrence. That stopped working and then began immunotherapy trial with Dr. Brian Van Tine. - ippilumimab and nivolumab. Got kicked out after about 12-14 weeks due to high labs for ALT & AST. Got those down with prednisone and then began just nivolumab in June 2016."	"YES"	"Nivolumab (Opdivo)"	"YES"	"Uterine cancer;2005"	"YES"	"pelvis/abdominal area"	"Wonder woman - Corrie Painter & AS FB page."	"Listen to your body. I had back pain for over a year, and a small bruise like mark on my back. Everyone thought it was related to age and possibly radiation damage, but no one went beyond that to consider cancer - this included a dermatologist, oncologist, primary care doctor. Keep pushing if you don't think doctors are taking your concerns seriously."	"NO"	"WHITE"	""	""	""	""	""	""	""	""	""	""	""	""	""	""	""	""	"5/28/64"	"True"	47	"OTHER"	"RAAS"	0	"ASCProject_0095_BLOOD_BC"	47	"Extremities"	47	"Extremities"
"RP-1447_ASCProject_0096_BLOOD_BC_v1_Exome_OnPrem"	"ASCProject_0096_BLOOD_BC"	"Normal"	"ASCProject_0096"	"DNA"	""	"ASCProject_0096_BLOOD_BC"	""	""	NA	""	""	""	""	""	""	"ASCProject_0096"	"HNFS"	"HNFS"	""	""	""	NA	NA	""	""	""	""	NA	""	NA	NA	""	""	""	""	""	""	""	""	""	""	""	""	""	""	""	NA	NA	"96"	"DIAGNOSED"	60.50410959	"HEADFACENECK"	""	""	""	"HEADFACENECK,LUNG,LYMPH"	""	""	""	"HEADFACENECK,LUNG,LYMPH"	""	""	""	"YES"	"YES"	"YES"	"BEFORE"	"last 4 days Oct, 2012, 4 days continuous drip Doxorubicin with another drug to enhance Radiation ( 10 rounds fist 17 days of Nov) the 14 hour operation Dec. 27,2012 ...... Re-Diagnosed Jan 2016 thru April 2016 Paclitaxel ( 9 treatments) then ( 9  treatments of Doxirubicin last Dec,23/16, starting March 10, 2017 Votrient ( Pazopanib )for sure 30 days drugs prescribed, for pain, Lyrica 2015, cyclobenzaprine 2016 muscle relaxant, leg pain, methadone for body pain"	"YES"	"as of Mar 10, 2017 I'm taking  (4) 200mg pills of Votrient ( pazopanib). If we can get the mets to very lower part of left lung and left lung lymph nodes, I will then have more radiation along my left jaw, with a considerable new operation to remove the tumor and left jaw bone, they will then open my leg and remove a length of my fibula and transplant to left jaw space, then more flap surgery and reconstructive surgery for a much expected reduction of speech and chewing abilities."	"NO"	""	"NO"	""	"I am a member of ASA on Facebook. Corrie Painter has been excellent at keeping us abreast of the research, and developments on fighting this type of cancers. It would be interesting to compare the results from my first tumor removal, on a comparison to the second tumor now along my left jaw, has a mutation happened just a thought, samples of both will be available one way or another."	"The only thing that is significant to me is Gnome testing, tumor DNA viruses my DNA sequencing and having his test available for my Daughter, She may of may not have a predisposition for Angiosarcoma and because this type of  treatment is not available in Canada it's to expensive to do. Just another thought, AS there is so little research being done in Canada because there are not enough people with this rare form of cancer. Angio patients see but do not have a chance to partake in these triles"	"NO"	"WHITE"	""	""	""	""	""	""	""	""	""	""	""	""	""	""	""	""	"4/15/52"	"False"	60.50410959	"HNFS"	""	NA	"ASCProject_0096_BLOOD_BC"	60.50410959	"HNFS"	60.50410959	"HNFS"
"RP-1447_ASCProject_0097_BLOOD_Normal_v1_Exome_OnPrem"	"ASCProject_0097_BLOOD_Normal"	"Normal"	"ASCProject_0097"	"DNA"	""	"ASCProject_0097_BLOOD_Normal"	""	""	NA	""	""	""	""	""	""	"ASCProject_0097"	"HNFS"	"HNFS"	"Neck"	"Bone"	"Bone, Skin, Visceral Organ"	NA	5	"38"	"F"	"HNFS"	"RIGHT NECK"	1	"NO"	1	1	"HNFS, HNFS, HNFS, HNFS, HNFS, HNFS"	"395"	"1066"	"2830"	"3138"	"3243"	"4329"	"425"	"BONE"	"BONE, SKIN, VISCERAL ORGAN"	"4759"	"7/21/21"	"97_1_OCR, 97_2_OCR, 97_3_OCR, 97_4_OCR, 97_5_OCR, 97_6_OCR, 97_LutheranHospitalofIndiana"	"IS"	"HNFS"	0	1	"97"	"DIAGNOSED"	38.47671233	"HEADFACENECK"	""	""	""	"HEADFACENECK,LIVER,BONELIMB,OTHER"	"metastatic disease in thoracic and lumbar vertebrae, sacrum, and left pelvic bones"	""	"cutaneous AS of chest(extensive)"	"HEADFACENECK,LIVER,BONELIMB,OTHER"	"metastatic disease in thoracic and lumbar vertebrae, sacrum, and left pelvic bones"	""	"cutaneous AS of chest(extensive)"	"YES"	"NO"	"NO"	""	"5/04 Adriamycin 75mg/m2, four cycles 8/04 Taxol 175mg/m2, four cycles every 3 weeks 4/05 Doxil 40mg/m2, four cycles every 4 weeks 10/05 Sorafenib 400mg PO twice daily 2008 Rapamune added to Sorafenib.  01/12 Pazopanib 800mg PO daily 11/12 Gemcitabine and Docetaxol, three cycles 03/13 Sorafenib 400mg PO twice daily 10/13 Taxol 80mg/m2 and Avastin 10mg/kg, 6 cycles 10/14 Regorafenib 80mg(2 tabs) PO daily 03-11/15 Abraxane IV 06-09/16 Opdivo/Yervoy  03-13-17 Started Keytruda 200mg"	"YES"	"03-13-17 Started Keytruda 200mg"	"YES"	"Hodgkin's Lymphoma;1982|Squamous cell skin cancer left ear;2006|intraductal breast cancer left, carcinoma in situ right;2011"	"NO"	""	"I'm a member of angiosarcoma cancer on facebook"	"02/07 My second wide resection right neck. This time with intra-op radiation(1500cGy)"	"NO"	"WHITE"	""	""	""	""	""	""	""	""	""	""	""	""	""	""	""	""	"9/18/65"	"True"	38	"HNFS"	"RAAS"	3	"ASCProject_0097_BLOOD_Normal"	38	"HNFS"	38	"HNFS"
"RP-1447_ASCProject_0097_SALIVA_2_v3_Exome_OnPrem"	"ASCProject_0097_SALIVA_2"	"Normal"	"ASCProject_0097"	"DNA"	""	"ASCProject_0097_SALIVA_2"	""	""	NA	""	""	""	""	""	""	"ASCProject_0097"	"HNFS"	"HNFS"	"Neck"	"Bone"	"Bone, Skin, Visceral Organ"	NA	5	"38"	"F"	"HNFS"	"RIGHT NECK"	1	"NO"	1	1	"HNFS, HNFS, HNFS, HNFS, HNFS, HNFS"	"395"	"1066"	"2830"	"3138"	"3243"	"4329"	"425"	"BONE"	"BONE, SKIN, VISCERAL ORGAN"	"4759"	"7/21/21"	"97_1_OCR, 97_2_OCR, 97_3_OCR, 97_4_OCR, 97_5_OCR, 97_6_OCR, 97_LutheranHospitalofIndiana"	"IS"	"HNFS"	0	1	"97"	"DIAGNOSED"	38.47671233	"HEADFACENECK"	""	""	""	"HEADFACENECK,LIVER,BONELIMB,OTHER"	"metastatic disease in thoracic and lumbar vertebrae, sacrum, and left pelvic bones"	""	"cutaneous AS of chest(extensive)"	"HEADFACENECK,LIVER,BONELIMB,OTHER"	"metastatic disease in thoracic and lumbar vertebrae, sacrum, and left pelvic bones"	""	"cutaneous AS of chest(extensive)"	"YES"	"NO"	"NO"	""	"5/04 Adriamycin 75mg/m2, four cycles 8/04 Taxol 175mg/m2, four cycles every 3 weeks 4/05 Doxil 40mg/m2, four cycles every 4 weeks 10/05 Sorafenib 400mg PO twice daily 2008 Rapamune added to Sorafenib.  01/12 Pazopanib 800mg PO daily 11/12 Gemcitabine and Docetaxol, three cycles 03/13 Sorafenib 400mg PO twice daily 10/13 Taxol 80mg/m2 and Avastin 10mg/kg, 6 cycles 10/14 Regorafenib 80mg(2 tabs) PO daily 03-11/15 Abraxane IV 06-09/16 Opdivo/Yervoy  03-13-17 Started Keytruda 200mg"	"YES"	"03-13-17 Started Keytruda 200mg"	"YES"	"Hodgkin's Lymphoma;1982|Squamous cell skin cancer left ear;2006|intraductal breast cancer left, carcinoma in situ right;2011"	"NO"	""	"I'm a member of angiosarcoma cancer on facebook"	"02/07 My second wide resection right neck. This time with intra-op radiation(1500cGy)"	"NO"	"WHITE"	""	""	""	""	""	""	""	""	""	""	""	""	""	""	""	""	"9/18/65"	"True"	38	"HNFS"	"RAAS"	3	"ASCProject_0097_SALIVA_2"	38	"HNFS"	38	"HNFS"
"RP-1447_ASCProject_0097_T2_v2_Exome_OnPrem"	"ASCProject_0097_T2"	"Tumor"	"ASCProject_0097"	"DNA"	"T2"	"ASCProject_0097_T2"	""	""	1092	"HEADFACENECKSCALP"	"EXCISION"	"YES"	"NO"	"YES"	"HIGH"	"ASCProject_0097"	"HNFS"	"HNFS"	"Neck"	"Bone"	"Bone, Skin, Visceral Organ"	NA	5	"38"	"F"	"HNFS"	"RIGHT NECK"	1	"NO"	1	1	"HNFS, HNFS, HNFS, HNFS, HNFS, HNFS"	"395"	"1066"	"2830"	"3138"	"3243"	"4329"	"425"	"BONE"	"BONE, SKIN, VISCERAL ORGAN"	"4759"	"7/21/21"	"97_1_OCR, 97_2_OCR, 97_3_OCR, 97_4_OCR, 97_5_OCR, 97_6_OCR, 97_LutheranHospitalofIndiana"	"IS"	"HNFS"	0	1	"97"	"DIAGNOSED"	38.47671233	"HEADFACENECK"	""	""	""	"HEADFACENECK,LIVER,BONELIMB,OTHER"	"metastatic disease in thoracic and lumbar vertebrae, sacrum, and left pelvic bones"	""	"cutaneous AS of chest(extensive)"	"HEADFACENECK,LIVER,BONELIMB,OTHER"	"metastatic disease in thoracic and lumbar vertebrae, sacrum, and left pelvic bones"	""	"cutaneous AS of chest(extensive)"	"YES"	"NO"	"NO"	""	"5/04 Adriamycin 75mg/m2, four cycles 8/04 Taxol 175mg/m2, four cycles every 3 weeks 4/05 Doxil 40mg/m2, four cycles every 4 weeks 10/05 Sorafenib 400mg PO twice daily 2008 Rapamune added to Sorafenib.  01/12 Pazopanib 800mg PO daily 11/12 Gemcitabine and Docetaxol, three cycles 03/13 Sorafenib 400mg PO twice daily 10/13 Taxol 80mg/m2 and Avastin 10mg/kg, 6 cycles 10/14 Regorafenib 80mg(2 tabs) PO daily 03-11/15 Abraxane IV 06-09/16 Opdivo/Yervoy  03-13-17 Started Keytruda 200mg"	"YES"	"03-13-17 Started Keytruda 200mg"	"YES"	"Hodgkin's Lymphoma;1982|Squamous cell skin cancer left ear;2006|intraductal breast cancer left, carcinoma in situ right;2011"	"NO"	""	"I'm a member of angiosarcoma cancer on facebook"	"02/07 My second wide resection right neck. This time with intra-op radiation(1500cGy)"	"NO"	"WHITE"	""	""	""	""	""	""	""	""	""	""	""	""	""	""	""	""	"9/18/65"	"True"	38	"HNFS"	"RAAS"	3	"ASCProject_0097_T2"	38	"HNFS"	38	"HNFS"
"RP-1447_ASCProject_0097_T3_v2_Exome_OnPrem"	"ASCProject_0097_T3"	"Tumor"	"ASCProject_0097"	"DNA"	"T3"	"ASCProject_0097_T3"	""	""	2394	"HEADFACENECKSCALP"	"RESECTION"	"YES"	"NO"	"YES"	"HIGH"	"ASCProject_0097"	"HNFS"	"HNFS"	"Neck"	"Bone"	"Bone, Skin, Visceral Organ"	NA	5	"38"	"F"	"HNFS"	"RIGHT NECK"	1	"NO"	1	1	"HNFS, HNFS, HNFS, HNFS, HNFS, HNFS"	"395"	"1066"	"2830"	"3138"	"3243"	"4329"	"425"	"BONE"	"BONE, SKIN, VISCERAL ORGAN"	"4759"	"7/21/21"	"97_1_OCR, 97_2_OCR, 97_3_OCR, 97_4_OCR, 97_5_OCR, 97_6_OCR, 97_LutheranHospitalofIndiana"	"IS"	"HNFS"	0	1	"97"	"DIAGNOSED"	38.47671233	"HEADFACENECK"	""	""	""	"HEADFACENECK,LIVER,BONELIMB,OTHER"	"metastatic disease in thoracic and lumbar vertebrae, sacrum, and left pelvic bones"	""	"cutaneous AS of chest(extensive)"	"HEADFACENECK,LIVER,BONELIMB,OTHER"	"metastatic disease in thoracic and lumbar vertebrae, sacrum, and left pelvic bones"	""	"cutaneous AS of chest(extensive)"	"YES"	"NO"	"NO"	""	"5/04 Adriamycin 75mg/m2, four cycles 8/04 Taxol 175mg/m2, four cycles every 3 weeks 4/05 Doxil 40mg/m2, four cycles every 4 weeks 10/05 Sorafenib 400mg PO twice daily 2008 Rapamune added to Sorafenib.  01/12 Pazopanib 800mg PO daily 11/12 Gemcitabine and Docetaxol, three cycles 03/13 Sorafenib 400mg PO twice daily 10/13 Taxol 80mg/m2 and Avastin 10mg/kg, 6 cycles 10/14 Regorafenib 80mg(2 tabs) PO daily 03-11/15 Abraxane IV 06-09/16 Opdivo/Yervoy  03-13-17 Started Keytruda 200mg"	"YES"	"03-13-17 Started Keytruda 200mg"	"YES"	"Hodgkin's Lymphoma;1982|Squamous cell skin cancer left ear;2006|intraductal breast cancer left, carcinoma in situ right;2011"	"NO"	""	"I'm a member of angiosarcoma cancer on facebook"	"02/07 My second wide resection right neck. This time with intra-op radiation(1500cGy)"	"NO"	"WHITE"	""	""	""	""	""	""	""	""	""	""	""	""	""	""	""	""	"9/18/65"	"True"	38	"HNFS"	"RAAS"	3	"ASCProject_0097_T3"	38	"HNFS"	38	"HNFS"
"RP-1447_ASCProject_0097_T4_v2_Exome_OnPrem"	"ASCProject_0097_T4"	"Tumor"	"ASCProject_0097"	"DNA"	"T4"	"ASCProject_0097_T4"	""	""	2837	"HEADFACENECKSCALP"	"RESECTION"	"YES"	"NO"	"YES"	"HIGH"	"ASCProject_0097"	"HNFS"	"HNFS"	"Neck"	"Bone"	"Bone, Skin, Visceral Organ"	NA	5	"38"	"F"	"HNFS"	"RIGHT NECK"	1	"NO"	1	1	"HNFS, HNFS, HNFS, HNFS, HNFS, HNFS"	"395"	"1066"	"2830"	"3138"	"3243"	"4329"	"425"	"BONE"	"BONE, SKIN, VISCERAL ORGAN"	"4759"	"7/21/21"	"97_1_OCR, 97_2_OCR, 97_3_OCR, 97_4_OCR, 97_5_OCR, 97_6_OCR, 97_LutheranHospitalofIndiana"	"IS"	"HNFS"	0	1	"97"	"DIAGNOSED"	38.47671233	"HEADFACENECK"	""	""	""	"HEADFACENECK,LIVER,BONELIMB,OTHER"	"metastatic disease in thoracic and lumbar vertebrae, sacrum, and left pelvic bones"	""	"cutaneous AS of chest(extensive)"	"HEADFACENECK,LIVER,BONELIMB,OTHER"	"metastatic disease in thoracic and lumbar vertebrae, sacrum, and left pelvic bones"	""	"cutaneous AS of chest(extensive)"	"YES"	"NO"	"NO"	""	"5/04 Adriamycin 75mg/m2, four cycles 8/04 Taxol 175mg/m2, four cycles every 3 weeks 4/05 Doxil 40mg/m2, four cycles every 4 weeks 10/05 Sorafenib 400mg PO twice daily 2008 Rapamune added to Sorafenib.  01/12 Pazopanib 800mg PO daily 11/12 Gemcitabine and Docetaxol, three cycles 03/13 Sorafenib 400mg PO twice daily 10/13 Taxol 80mg/m2 and Avastin 10mg/kg, 6 cycles 10/14 Regorafenib 80mg(2 tabs) PO daily 03-11/15 Abraxane IV 06-09/16 Opdivo/Yervoy  03-13-17 Started Keytruda 200mg"	"YES"	"03-13-17 Started Keytruda 200mg"	"YES"	"Hodgkin's Lymphoma;1982|Squamous cell skin cancer left ear;2006|intraductal breast cancer left, carcinoma in situ right;2011"	"NO"	""	"I'm a member of angiosarcoma cancer on facebook"	"02/07 My second wide resection right neck. This time with intra-op radiation(1500cGy)"	"NO"	"WHITE"	""	""	""	""	""	""	""	""	""	""	""	""	""	""	""	""	"9/18/65"	"True"	38	"HNFS"	"RAAS"	3	"ASCProject_0097_T4"	38	"HNFS"	38	"HNFS"
"RP-1447_ASCProject_0098_SALIVA_v1_Exome_OnPrem"	"ASCProject_0098_SALIVA"	"Normal"	"ASCProject_0098"	"DNA"	""	"ASCProject_0098_SALIVA"	""	""	NA	""	""	""	""	""	""	"ASCProject_0098"	"HNFS"	"HNFS"	"Face"	"Lung"	"Lung, Distant Lymph Node"	NA	5	"79"	"M"	"HNFS"	"RIGHT EYEBROW"	0	"NO"	1	1	"HNFS"	"284"	""	""	""	""	""	"488"	"LUNG"	"LUNG, DISTANT LYMPH NODE"	"1006"	"7/26/21"	"98_Moffitt_1-25_manual_OCR, ASC_98_Moffit_1of3_OCR, ASC_98_Moffit_2of3_OCR, ASC_98_Moffit_3of3_OCR, ASC_98_T1_Path_manual_OCR, ASC_98_Moffitt_B2, ASC_98_Moffitt_A1, ASC_98_Moffitt_A2, ASC_98_Moffitt_B1, ASC_98_MoffittCancer_p.1-31, ASC_98_MoffittCancerInstitute_2-38(out of 60)"	"IS"	"HNFS"	0	1	"98"	"DIAGNOSED"	78.99726027	"HEADFACENECK"	""	""	""	"HEADFACENECK,SCALP"	""	""	""	"SCALP"	""	""	""	"YES"	"NO"	"YES"	"AFTER"	"paclitaxel 80mg/m 6 cycles and radiationx35 Pembrolizumab 2mg/kg 1 dose administered, discontinued to exacerbation of rheumatoid arthritis Gemcitabine  & Docetaxel Gembi"	"YES"	"Gemcitabine & Docetaxel"	"YES"	"Adenocarcinoma;2017"	"NO"	""	"Angiosarcoma website"	"Basically healthy until Angiosarcoma was diagnosed."	"NO"	"WHITE"	""	""	""	""	""	""	""	""	""	""	""	""	""	""	""	""	"1/21/37"	"True"	79	"HNFS"	"Non-RAAS/LAAS"	2	"ASCProject_0098_SALIVA"	79	"HNFS"	79	"HNFS"
"RP-1447_ASCProject_0098_T1_v2_Exome_OnPrem"	"ASCProject_0098_T1"	"Tumor"	"ASCProject_0098"	"DNA"	"T1"	"ASCProject_0098_T1"	""	""	0	"HEADFACENECKSCALP"	"EXCISION"	"YES (FOCAL)"	"YES"	"NO"	"HIGH"	"ASCProject_0098"	"HNFS"	"HNFS"	"Face"	"Lung"	"Lung, Distant Lymph Node"	NA	5	"79"	"M"	"HNFS"	"RIGHT EYEBROW"	0	"NO"	1	1	"HNFS"	"284"	""	""	""	""	""	"488"	"LUNG"	"LUNG, DISTANT LYMPH NODE"	"1006"	"7/26/21"	"98_Moffitt_1-25_manual_OCR, ASC_98_Moffit_1of3_OCR, ASC_98_Moffit_2of3_OCR, ASC_98_Moffit_3of3_OCR, ASC_98_T1_Path_manual_OCR, ASC_98_Moffitt_B2, ASC_98_Moffitt_A1, ASC_98_Moffitt_A2, ASC_98_Moffitt_B1, ASC_98_MoffittCancer_p.1-31, ASC_98_MoffittCancerInstitute_2-38(out of 60)"	"IS"	"HNFS"	0	1	"98"	"DIAGNOSED"	78.99726027	"HEADFACENECK"	""	""	""	"HEADFACENECK,SCALP"	""	""	""	"SCALP"	""	""	""	"YES"	"NO"	"YES"	"AFTER"	"paclitaxel 80mg/m 6 cycles and radiationx35 Pembrolizumab 2mg/kg 1 dose administered, discontinued to exacerbation of rheumatoid arthritis Gemcitabine  & Docetaxel Gembi"	"YES"	"Gemcitabine & Docetaxel"	"YES"	"Adenocarcinoma;2017"	"NO"	""	"Angiosarcoma website"	"Basically healthy until Angiosarcoma was diagnosed."	"NO"	"WHITE"	""	""	""	""	""	""	""	""	""	""	""	""	""	""	""	""	"1/21/37"	"True"	79	"HNFS"	"Non-RAAS/LAAS"	2	"ASCProject_0098_T1"	79	"HNFS"	79	"HNFS"
"RP-1447_ASCProject_0099_SALIVA_v1_Exome_OnPrem"	"ASCProject_0099_SALIVA"	"Normal"	"ASCProject_0099"	"DNA"	""	"ASCProject_0099_SALIVA"	""	""	NA	""	""	""	""	""	""	"ASCProject_0099"	"Breast (Cutaneous)"	"Breast (Cutaneous)"	"Breast"	"No Mets"	"No Mets"	NA	9	"70"	"F"	"BREAST (CUTANEOUS)"	"RIGHT BREAST"	1	"NO"	1	0	""	""	""	""	""	""	""	""	"NO METS"	"NO METS"	"268"	"1/20/21"	"99_1, 99_2, 99_3, 99_4, ASC_0099_T1A_SK, ASC_0099_T1A"	"IS"	"BREAST (CUTANEOUS)"	0	0	"99"	"DIAGNOSED"	70.39178082	"BREAST"	""	""	""	"BREAST"	""	""	""	"BREAST"	""	""	""	"NO"	""	"NO"	""	"Paclitaxel chemo once a week since Dec 2016. Will finish up March 23,2017."	"YES"	"Will possibly be put on aggressive chemo and immunotherapy.  Will find out end of March."	"YES"	"Duct al carcinoma in SITU, solid type,low nuclear grade w/of necrosis of right breast;2004"	"NO"	""	"Corrie Painter"	"2004 had lumpectomy with 8 weeks of radiation. 2009 had double mastectomy with partial reconstruction. BRCA2 positive  AS present at 6:00 position on right breast. Measuring 1.0cm x 0.9cmx0.5cm . In lower quadrant 6 to 8:00 position there is lesion 4.9cm x 3.5cm x 0.9cm.  No symptoms prior to being diagnosed other than a small raised lesion . My concern is that I am not being considered for surgery. Cancer has not spread but they consider it advanced and multiple."	"NO"	"WHITE"	""	""	""	""	""	""	""	""	""	""	""	""	""	""	""	""	"5/29/46"	"True"	70	"BREAST (CUTANEOUS)"	"RAAS"	0	"ASCProject_0099_SALIVA"	70	"Breast (Cutaneous)"	70	"Breast (Cutaneous)"
"RP-1447_ASCProject_0100_SALIVA_v1_Exome_OnPrem"	"ASCProject_0100_SALIVA"	"Normal"	"ASCProject_0100"	"DNA"	""	"ASCProject_0100_SALIVA"	""	""	NA	""	""	""	""	""	""	"ASCProject_0100"	"HNFS"	"HNFS"	""	""	""	NA	NA	""	""	""	""	NA	""	NA	NA	""	""	""	""	""	""	""	""	""	""	""	""	""	""	""	NA	NA	"100"	"DIAGNOSED"	63.36712329	"HEADFACENECK"	""	""	""	"HEADFACENECK"	""	""	""	"NED"	""	""	""	"YES"	"NO"	"YES"	"AFTER"	"Ifisomide, andriamicin, neulasta ...something that begins with an m?"	"NO"	""	"NO"	""	"NO"	""	"Corrie Painter"	""	"NO"	"WHITE"	""	""	""	""	""	""	""	""	""	""	""	""	""	""	""	""	"7/6/49"	"False"	63.36712329	"HNFS"	""	NA	"ASCProject_0100_SALIVA"	63.36712329	"HNFS"	63.36712329	"HNFS"
"RP-1447_ASCProject_0101_SALIVA_v2_Exome_OnPrem"	"ASCProject_0101_SALIVA"	"Normal"	"ASCProject_0101"	"DNA"	""	"ASCProject_0101_SALIVA"	""	""	NA	""	""	""	""	""	""	"ASCProject_0101"	"Extremities"	"Upper Extremity"	"Shoulder"	"Lung"	"Lung"	NA	2	"37"	"M"	"EXTREMITY"	"RIGHT SHOULDER"	0	"NO"	0	0	""	""	""	""	""	""	""	"407"	"LUNG"	"LUNG"	"538"	"4/12/21"	"ASC_101_SantaClara, ASC_101_Stanford_1of3, ASC_101_Stanford_2of3m ASC_101_Stanford_3of3"	"IS"	"EXTREMITY"	0	1	""	""	NA	""	""	""	""	""	""	""	""	""	""	""	""	""	""	""	""	""	""	""	""	""	""	""	""	""	""	""	""	""	""	""	""	""	""	""	""	""	""	""	""	""	""	""	""	"True"	37	"BONELIMB"	"Non-RAAS/LAAS"	1	"ASCProject_0101_SALIVA"	37	"Extremities"	37	"Extremities"
"RP-1447_ASCProject_0101_T1_v1_Exome_OnPrem"	"ASCProject_0101_T1"	"Tumor"	"ASCProject_0101"	"DNA"	"T1"	"ASCProject_0101_T1"	""	""	0	"BONELIMB"	""	""	""	""	""	"ASCProject_0101"	"Extremities"	"Upper Extremity"	"Shoulder"	"Lung"	"Lung"	NA	2	"37"	"M"	"EXTREMITY"	"RIGHT SHOULDER"	0	"NO"	0	0	""	""	""	""	""	""	""	"407"	"LUNG"	"LUNG"	"538"	"4/12/21"	"ASC_101_SantaClara, ASC_101_Stanford_1of3, ASC_101_Stanford_2of3m ASC_101_Stanford_3of3"	"IS"	"EXTREMITY"	0	1	""	""	NA	""	""	""	""	""	""	""	""	""	""	""	""	""	""	""	""	""	""	""	""	""	""	""	""	""	""	""	""	""	""	""	""	""	""	""	""	""	""	""	""	""	""	""	""	"True"	37	"BONELIMB"	"Non-RAAS/LAAS"	1	"ASCProject_0101_T1"	37	"Extremities"	37	"Extremities"
"RP-1447_ASCProject_0101_T2_v2_Exome_OnPrem"	"ASCProject_0101_T2"	"Tumor"	"ASCProject_0101"	"DNA"	"T2"	"ASCProject_0101_T2"	""	""	407	"LUNG"	""	""	""	""	""	"ASCProject_0101"	"Extremities"	"Upper Extremity"	"Shoulder"	"Lung"	"Lung"	NA	2	"37"	"M"	"EXTREMITY"	"RIGHT SHOULDER"	0	"NO"	0	0	""	""	""	""	""	""	""	"407"	"LUNG"	"LUNG"	"538"	"4/12/21"	"ASC_101_SantaClara, ASC_101_Stanford_1of3, ASC_101_Stanford_2of3m ASC_101_Stanford_3of3"	"IS"	"EXTREMITY"	0	1	""	""	NA	""	""	""	""	""	""	""	""	""	""	""	""	""	""	""	""	""	""	""	""	""	""	""	""	""	""	""	""	""	""	""	""	""	""	""	""	""	""	""	""	""	""	""	""	"True"	37	"BONELIMB"	"Non-RAAS/LAAS"	1	"ASCProject_0101_T2"	37	"Extremities"	37	"Extremities"
"RP-1447_ASCProject_0102_SALIVA_v1_Exome_OnPrem"	"ASCProject_0102_SALIVA"	"Normal"	"ASCProject_0102"	"DNA"	""	"ASCProject_0102_SALIVA"	""	""	NA	""	""	""	""	""	""	"ASCProject_0102"	"Breast (Parenchymal)"	"Breast (Parenchymal)"	"Breast"	"No Mets"	"No Mets"	NA	5	"31"	"F"	"BREAST (PARENCHYMAL)"	"LEFT BREAST"	0	"NO"	0	0	""	""	""	""	""	""	""	""	"NO METS"	"NO METS"	"1285"	"7/26/21"	"102_1_OCR, 102_2_OCR, 102_3_OCR, 102_4_OCR"	"IS"	"BREAST (PARENCHYMAL)"	0	0	"102"	"DIAGNOSED"	31.84931507	"BREAST"	""	""	""	"BREAST"	""	""	""	"NED"	""	""	""	"YES"	"YES"	"NO"	""	"AIM; Gem Tax; Taxol"	"NO"	""	"NO"	""	"NO"	""	"Angiosarcoma Facebook group"	""	"NO"	"WHITE"	""	""	""	""	""	""	""	""	""	""	""	""	""	""	""	""	"1/3/82"	"True"	31	"BREAST (PARENCHYMAL)"	"Non-RAAS/LAAS"	0	"ASCProject_0102_SALIVA"	31	"Breast (Parenchymal)"	31	"Breast (Parenchymal)"
"RP-1447_ASCProject_0102_T1_v1_Exome_OnPrem"	"ASCProject_0102_T1"	"Tumor"	"ASCProject_0102"	"DNA"	"T1"	"ASCProject_0102_T1"	""	""	0	"BREAST"	"BIOPSY"	"YES"	"NO"	"YES"	"LOW"	"ASCProject_0102"	"Breast (Parenchymal)"	"Breast (Parenchymal)"	"Breast"	"No Mets"	"No Mets"	NA	5	"31"	"F"	"BREAST (PARENCHYMAL)"	"LEFT BREAST"	0	"NO"	0	0	""	""	""	""	""	""	""	""	"NO METS"	"NO METS"	"1285"	"7/26/21"	"102_1_OCR, 102_2_OCR, 102_3_OCR, 102_4_OCR"	"IS"	"BREAST (PARENCHYMAL)"	0	0	"102"	"DIAGNOSED"	31.84931507	"BREAST"	""	""	""	"BREAST"	""	""	""	"NED"	""	""	""	"YES"	"YES"	"NO"	""	"AIM; Gem Tax; Taxol"	"NO"	""	"NO"	""	"NO"	""	"Angiosarcoma Facebook group"	""	"NO"	"WHITE"	""	""	""	""	""	""	""	""	""	""	""	""	""	""	""	""	"1/3/82"	"True"	31	"BREAST (PARENCHYMAL)"	"Non-RAAS/LAAS"	0	"ASCProject_0102_T1"	31	"Breast (Parenchymal)"	31	"Breast (Parenchymal)"
"RP-1447_ASCProject_0102_T2_v1_Exome_OnPrem"	"ASCProject_0102_T2"	"Tumor"	"ASCProject_0102"	"DNA"	"T2"	"ASCProject_0102_T2"	""	""	187	"BREAST"	"MASTECTOMY"	"YES"	"NO"	"YES"	"LOW"	"ASCProject_0102"	"Breast (Parenchymal)"	"Breast (Parenchymal)"	"Breast"	"No Mets"	"No Mets"	NA	5	"31"	"F"	"BREAST (PARENCHYMAL)"	"LEFT BREAST"	0	"NO"	0	0	""	""	""	""	""	""	""	""	"NO METS"	"NO METS"	"1285"	"7/26/21"	"102_1_OCR, 102_2_OCR, 102_3_OCR, 102_4_OCR"	"IS"	"BREAST (PARENCHYMAL)"	0	0	"102"	"DIAGNOSED"	31.84931507	"BREAST"	""	""	""	"BREAST"	""	""	""	"NED"	""	""	""	"YES"	"YES"	"NO"	""	"AIM; Gem Tax; Taxol"	"NO"	""	"NO"	""	"NO"	""	"Angiosarcoma Facebook group"	""	"NO"	"WHITE"	""	""	""	""	""	""	""	""	""	""	""	""	""	""	""	""	"1/3/82"	"True"	31	"BREAST (PARENCHYMAL)"	"Non-RAAS/LAAS"	0	"ASCProject_0102_T2"	31	"Breast (Parenchymal)"	31	"Breast (Parenchymal)"
"RP-1447_ASCProject_0103_SALIVA_v1_Exome_OnPrem"	"ASCProject_0103_SALIVA"	"Normal"	"ASCProject_0103"	"DNA"	""	"ASCProject_0103_SALIVA"	""	""	NA	""	""	""	""	""	""	"ASCProject_0103"	"Breast (NOS)"	"Breast (NOS)"	""	""	""	NA	NA	""	""	""	""	NA	""	NA	NA	""	""	""	""	""	""	""	""	""	""	""	""	""	""	""	NA	NA	"103"	"DIAGNOSED"	46.04657534	"BREAST"	""	""	""	"BREAST"	""	""	""	"NED"	""	""	""	"YES"	"YES"	"NO"	""	"taxol and adromicyn"	"NO"	""	"NO"	""	"NO"	""	"angiosarcoma facebook page"	"it was in my breast and they found it by a lump removal. I later had bilateral mastectomies. I was aggressive about my treatment requesting chemo since I was informed that the cancer started to come back and was noticed during the breast removal."	"NO"	"BLACK"	""	""	""	""	""	""	""	""	""	""	""	""	""	""	""	""	"12/27/62"	"False"	46.04657534	"BREAST (NOS)"	""	NA	"ASCProject_0103_SALIVA"	46.04657534	"Breast (NOS)"	46.04657534	"Breast (NOS)"
"RP-1447_ASCProject_0105_SALIVA_v1_Exome_OnPrem"	"ASCProject_0105_SALIVA"	"Normal"	"ASCProject_0105"	"DNA"	""	"ASCProject_0105_SALIVA"	""	""	NA	""	""	""	""	""	""	"ASCProject_0105"	"Breast (Parenchymal)"	"Breast (Parenchymal)"	"Breast"	"No Mets"	"No Mets"	NA	9	"46"	"F"	"BREAST (PARENCHYMAL)"	"RIGHT BREAST"	0	"NO"	0	0	""	""	""	""	""	""	""	""	"NO METS"	"NO METS"	"1789"	"1/20/22"	"105_Moffitt_1-30, ASC_105_Moffitt_re-request, ASC_105_Moffitt, ASC_0105_T1_SK, ASC_0105_T1, ASC_105_Tampa_FULL"	"IS"	"BREAST (PARENCHYMAL)"	0	0	"105"	"DIAGNOSED"	46.57534247	"BREAST"	""	""	""	"BREAST"	""	""	""	"NED"	""	""	""	"YES"	"YES"	"YES"	"AFTER"	"None"	"NO"	""	"NO"	""	"NO"	""	"My sister Yuly Hernandez) researched online AS support groups when I was diagnosed and through one of those groups learned about Corrie."	""	"YES"	""	""	""	""	""	""	""	""	""	""	""	""	""	""	""	""	""	"8/15/67"	"True"	46	"BREAST (PARENCHYMAL)"	"Non-RAAS/LAAS"	0	"ASCProject_0105_SALIVA"	46	"Breast (Parenchymal)"	46	"Breast (Parenchymal)"
"RP-1447_ASCProject_0108_SALIVA_v1_Exome_OnPrem"	"ASCProject_0108_SALIVA"	"Normal"	"ASCProject_0108"	"DNA"	""	"ASCProject_0108_SALIVA"	""	""	NA	""	""	""	""	""	""	"ASCProject_0108"	"Musculoskeletal"	"Pelvis"	""	""	""	NA	NA	""	""	""	""	NA	""	NA	NA	""	""	""	""	""	""	""	""	""	""	""	""	""	""	""	NA	NA	"108"	"DIAGNOSED"	58.01643836	"LUNG,BONELIMB,OTHER"	""	""	"Pelvis"	"LUNG,BONELIMB,OTHER"	""	""	"Pelvis"	"NED"	""	""	""	"NO"	""	"NO"	""	"Taxol, Abraxane, Xgeva and Keytruda"	"YES"	""	"NO"	""	"NO"	""	"Corrie Painter"	"My cancer was strongly PDL1 positive"	"NO"	"BLACK,WHITE"	""	""	""	""	""	""	""	""	""	""	""	""	""	""	""	""	"3/10/58"	"False"	58.01643836	""	""	NA	"ASCProject_0108_SALIVA"	58.01643836	"Musculoskeletal"	58.01643836	"Musculoskeletal"
"RP-1447_ASCProject_0109_SALIVA_v1_Exome_OnPrem"	"ASCProject_0109_SALIVA"	"Normal"	"ASCProject_0109"	"DNA"	""	"ASCProject_0109_SALIVA"	""	""	NA	""	""	""	""	""	""	"ASCProject_0109"	"Breast (Cutaneous)"	"Breast (Cutaneous)"	"Breast"	"Breast"	"Breast, Liver, Bone Marrow"	NA	9	"55"	"F"	"BREAST (CUTANEOUS)"	"LEFT BREAST"	1	"NO"	1	1	"LEFT BREAST SKIN, LEFT CHEST WALL"	"610"	"1492"	""	""	""	""	"1060"	"OTHER (RIGHT BREAST SKIN)"	"OTHER(RIGHT BREAST SKIN), LIVER, OTHER [BONE MARROW, PERITONEAL FLUID]"	"2543"	"1/24/22"	"109_Foxchase, ASC_109_FoxChaseCenter_Path, ASC_0109_T1_SK, ASC_0109_T1, ASC_0109_T2_SK, ASC_0109_T2, ASC_109"	"IS"	"BREAST (CUTANEOUS)"	0	1	"109"	"DIAGNOSED"	55.75616438	"BREAST"	""	""	""	"BREAST"	""	""	""	"BREAST"	""	""	""	"YES"	"NO"	"NO"	""	"Surgery no drugs so far"	"NO"	""	"YES"	"Breast cancer;2004"	"YES"	"Left breast"	"Facebook group"	"Difficulty reaching a working diagnosis from the start- labs were in disagreement. Surgery times 4 for \"clean margins\" then appeared 18 months later. Since then are in servallince mode CT every 3 months. Has progressed to right breast small area but has not increased in size in 1 year. Side note have been on Coerg for a heart condition since 2006."	"NO"	"WHITE"	""	""	""	""	""	""	""	""	""	""	""	""	""	""	""	""	"9/12/57"	"True"	55	"BREAST (CUTANEOUS)"	"RAAS"	4	"ASCProject_0109_SALIVA"	55	"Breast (Cutaneous)"	55	"Breast (Cutaneous)"
"RP-1447_ASCProject_0113_SALIVA_v2_Exome_OnPrem"	"ASCProject_0113_SALIVA"	"Normal"	"ASCProject_0113"	"DNA"	""	"ASCProject_0113_SALIVA"	""	""	NA	""	""	""	""	""	""	"ASCProject_0113"	"HNFS"	"HNFS"	"Forehead"	"No Mets"	"No Mets"	NA	5	"35"	"F"	"HNFS"	"RIGHT FOREHEAD"	0	"NO"	1	0	""	""	""	""	""	""	""	""	"NO METS"	"NO METS"	"2001"	"8/10/21"	"113_CN_1_manual_OCR, 113_CN_2_manual_OCR, 113_CN_3_manual_OCR, ASC_113_PSN_1of3_OCR, ASC_113_PSN_2of3_OCR, Path 113 T1_manual_OCR, 113_Valley, ASC_113_CancerCare_fu, ASC_113_CancerCareNW, ASC_113_Plastic_full, ASC_0113_T2"	"IS"	"HNFS"	0	0	"113"	"DIAGNOSED"	35.85479452	"SCALP"	""	""	""	"SCALP"	""	""	""	"NED"	""	""	""	"YES"	"NO"	"YES"	"AFTER"	"Taxol, Gemzar, Avastin"	"NO"	""	"NO"	""	"NO"	""	"Through the Angiosarcoma facebook page"	"My angiosarcoma showed up as a small bruise like mark on my forehead on my right side above my eye on my temple area at the age of 35. It was diagnosed by biopsy about 4 months after is appeared and was surgically removed a couple weeks after diagnosed. I have been NED for 2 years and 8 months at this time. I have not had anymore tumors since I underwent radiation treatment on my head and scalp."	"NO"	"WHITE"	""	""	""	""	""	""	""	""	""	""	""	""	""	""	""	""	"1/2/78"	"True"	35	"HNFS"	"Non-RAAS/LAAS"	0	"ASCProject_0113_SALIVA"	35	"HNFS"	35	"HNFS"
"RP-1447_ASCProject_0113_T1_v1_Exome_OnPrem"	"ASCProject_0113_T1"	"Tumor"	"ASCProject_0113"	"DNA"	"T1"	"ASCProject_0113_T1"	""	""	4	"HEADFACENECKSCALP"	"EXCISION"	"YES"	"NO"	"NO"	"LOW"	"ASCProject_0113"	"HNFS"	"HNFS"	"Forehead"	"No Mets"	"No Mets"	NA	5	"35"	"F"	"HNFS"	"RIGHT FOREHEAD"	0	"NO"	1	0	""	""	""	""	""	""	""	""	"NO METS"	"NO METS"	"2001"	"8/10/21"	"113_CN_1_manual_OCR, 113_CN_2_manual_OCR, 113_CN_3_manual_OCR, ASC_113_PSN_1of3_OCR, ASC_113_PSN_2of3_OCR, Path 113 T1_manual_OCR, 113_Valley, ASC_113_CancerCare_fu, ASC_113_CancerCareNW, ASC_113_Plastic_full, ASC_0113_T2"	"IS"	"HNFS"	0	0	"113"	"DIAGNOSED"	35.85479452	"SCALP"	""	""	""	"SCALP"	""	""	""	"NED"	""	""	""	"YES"	"NO"	"YES"	"AFTER"	"Taxol, Gemzar, Avastin"	"NO"	""	"NO"	""	"NO"	""	"Through the Angiosarcoma facebook page"	"My angiosarcoma showed up as a small bruise like mark on my forehead on my right side above my eye on my temple area at the age of 35. It was diagnosed by biopsy about 4 months after is appeared and was surgically removed a couple weeks after diagnosed. I have been NED for 2 years and 8 months at this time. I have not had anymore tumors since I underwent radiation treatment on my head and scalp."	"NO"	"WHITE"	""	""	""	""	""	""	""	""	""	""	""	""	""	""	""	""	"1/2/78"	"True"	35	"HNFS"	"Non-RAAS/LAAS"	0	"ASCProject_0113_T1"	35	"HNFS"	35	"HNFS"
"RP-1447_ASCProject_0116_SALIVA_v1_Exome_OnPrem"	"ASCProject_0116_SALIVA"	"Normal"	"ASCProject_0116"	"DNA"	""	"ASCProject_0116_SALIVA"	""	""	NA	""	""	""	""	""	""	"ASCProject_0116"	"Extremities"	"Lower Extremity"	""	""	""	NA	NA	""	""	""	""	NA	""	NA	NA	""	""	""	""	""	""	""	""	""	""	""	""	""	""	""	NA	NA	"116"	"DIAGNOSED"	83.60821918	"OTHER"	""	""	"Upper thigh"	"LUNG"	""	""	""	"LUNG"	""	""	""	"YES"	"YES"	"YES"	"AFTER"	"Taxol"	"YES"	"Chemo and hydration"	"YES"	"Skin;2013"	"NO"	""	"Dr Gregory Cote"	""	"NO"	"WHITE"	""	""	""	""	""	""	""	""	""	""	""	""	""	""	""	""	"5/13/32"	"False"	83.60821918	"OTHER"	""	NA	"ASCProject_0116_SALIVA"	83.60821918	"Extremities"	83.60821918	"Extremities"
"RP-1447_ASCProject_0117_SALIVA_v1_Exome_OnPrem"	"ASCProject_0117_SALIVA"	"Normal"	"ASCProject_0117"	"DNA"	""	"ASCProject_0117_SALIVA"	""	""	NA	""	""	""	""	""	""	"ASCProject_0117"	"Breast (Parenchymal)"	"Breast (Parenchymal)"	"Breast"	"No Mets"	"No Mets"	NA	9	"40"	"F"	"BREAST (PARENCHYMAL)"	"LEFT BREAST"	0	"NO"	0	0	""	""	""	""	""	""	""	""	"NO METS"	"NO METS"	"721"	"1/14/22"	"117_STJOSEPH.PDF, 117_TAMPABAY.BAY "	"LS"	"BREAST (PARENCHYMAL)"	0	0	"117"	"DIAGNOSED"	40.88493151	"BREAST"	""	""	""	"BREAST"	""	""	""	"NED"	""	""	""	"YES"	"YES"	"YES"	"AFTER"	"Chemotherapy- Doxorubicin, Ifosfamide, Mesna"	"NO"	""	"NO"	""	"NO"	""	"Facebook"	"In April 2016 I found a lump in my breast. The mammogram and ultrasound did not show it was cancerous.   Then I had a biopsy which showed it was angiosarcoma.  I had a left mastectomy about a month after first discovering the lump and the tumor was 8 inches at the largest part.  After that I had 4 sessions of chemo. Each one was slowly administered over 3 days (24 hours a day) while I was in the hospital.  After that I had 25 sessions of radiation.  Currently I am NED."	"NO"	"WHITE"	""	""	""	""	""	""	""	""	""	""	""	""	""	""	""	""	"6/23/75"	"True"	40	"BREAST (PARENCHYMAL)"	"Non-RAAS/LAAS"	0	"ASCProject_0117_SALIVA"	40	"Breast (Parenchymal)"	40	"Breast (Parenchymal)"
"RP-1447_ASCProject_0118_SALIVA_v1_Exome_OnPrem"	"ASCProject_0118_SALIVA"	"Normal"	"ASCProject_0118"	"DNA"	""	"ASCProject_0118_SALIVA"	""	""	NA	""	""	""	""	""	""	"ASCProject_0118"	"Breast (Cutaneous)"	"Breast (Cutaneous)"	"Breast"	"Bone"	"Bone"	NA	9	"45"	"F"	"BREAST (CUTANEOUS)"	"LEFT BREAST"	1	"NO"	1	0	""	""	""	""	""	""	""	"13"	"BONE"	"BONE"	"1392"	"2/1/22"	"Path 118 T2.pdf, 118_KUHA_0307226.pdf, ASC_118_MDAnderTX_fullMR.pdf"	"DS"	"BREAST (CUTANEOUS)"	0	1	"118"	"DIAGNOSED"	45.20273973	"BREAST"	""	""	""	"BREAST,BONELIMB,OTHER"	""	""	"Pelvic /spine area"	"NED"	""	""	""	"YES"	"YES"	"NO"	""	"Gen/Tax, AIM"	"NO"	""	"YES"	"Breast;2005"	"YES"	"Right breast~brachy treatment"	"FB-Angiosarcoma group"	""	"NO"	"WHITE"	""	""	""	""	""	""	""	""	""	""	""	""	""	""	""	""	"4/29/68"	"True"	45	"BREAST (CUTANEOUS)"	"RAAS"	1	"ASCProject_0118_SALIVA"	45	"Breast (Cutaneous)"	45	"Breast (Cutaneous)"
"RP-1447_ASCProject_0119_SALIVA_v1_Exome_OnPrem"	"ASCProject_0119_SALIVA"	"Normal"	"ASCProject_0119"	"DNA"	""	"ASCProject_0119_SALIVA"	""	""	NA	""	""	""	""	""	""	"ASCProject_0119"	"Breast (NOS)"	"Breast (NOS)"	""	""	""	NA	NA	""	""	""	""	NA	""	NA	NA	""	""	""	""	""	""	""	""	""	""	""	""	""	""	""	NA	NA	"119"	"DIAGNOSED"	45.64931507	"BREAST"	""	""	""	"BREAST"	""	""	""	"NED"	""	""	""	"YES"	"YES"	"NO"	""	"Taxol and Gemzar"	"NO"	""	"NO"	""	"NO"	""	"Through FB group, Angiosarcoma Cancer & Corrie Painter"	"Key points that have kept me alive thus far: pre-surgery/Tx research (options); self-advocacy; curcumin; positive moral support from self and those closest to me; proper eating, exercise and supplements."	"NO"	"WHITE"	""	""	""	""	""	""	""	""	""	""	""	""	""	""	""	""	"11/17/65"	"False"	45.64931507	"BREAST (NOS)"	""	NA	"ASCProject_0119_SALIVA"	45.64931507	"Breast (NOS)"	45.64931507	"Breast (NOS)"
"RP-1447_ASCProject_0120_SALIVA_v1_Exome_OnPrem"	"ASCProject_0120_SALIVA"	"Normal"	"ASCProject_0120"	"DNA"	""	"ASCProject_0120_SALIVA"	""	""	NA	""	""	""	""	""	""	"ASCProject_0120"	"HNFS"	"HNFS"	"Scalp"	"No Mets"	"No Mets"	NA	12	"56"	"F"	"HNFS"	"SCALP"	0	"NO"	1	1	"HNFS"	"395"	"761"	"1034"	""	""	""	""	"NO METS"	"NO METS"	"1291"	"3/13/23"	"120_GCS, 120_SMJH"	"IS"	"HNFS"	0	0	"120"	"DIAGNOSED"	57	"SCALP"	""	""	""	"SCALP"	""	""	""	"SCALP"	""	""	""	"YES"	"NO"	"YES"	"AFTER"	"Morphine, Dilaudid, Gemcitabine, taxetera"	"YES"	"Morphine and dilaudid"	"NO"	""	"NO"	""	"Facebook"	"First surgery was 6 October 2014 and the second surgery was 2 December 2015 when the back of the skull was replace with the Latissimus Dorsi Muscle which has not healed. January 2016 and September 2016 positive biopsies of the scalp."	"NO"	"BLACK"	""	""	""	""	""	""	""	""	""	""	""	""	""	""	""	""	"12/13/57"	"True"	56	"HNFS"	"Non-RAAS/LAAS"	0	"ASCProject_0120_SALIVA"	56	"HNFS"	56	"HNFS"
"RP-1447_ASCProject_0121_SALIVA_v2_Exome_OnPrem"	"ASCProject_0121_SALIVA"	"Normal"	"ASCProject_0121"	"DNA"	""	"ASCProject_0121_SALIVA"	""	""	NA	""	""	""	""	""	""	"ASCProject_0121"	"Breast (Parenchymal)"	"Breast (Parenchymal)"	"Breast"	"Liver"	"Liver"	NA	4	"64"	"F"	"BREAST (PARENCHYMAL)"	"LEFT BREAST"	0	"NO"	0	0	""	""	""	""	""	""	""	"595"	"LIVER"	"LIVER"	"3605"	"1/15/20"	"121_DFCI_1,2, ASC_121_MSK, ASC_121_MSKCC, ASC_0121_T2"	"AD"	"BREAST (PARENCHYMAL)"	0	1	"121"	"DIAGNOSED"	64.59452055	"BREAST"	""	""	""	"BREAST,LIVER"	""	""	""	"NED"	""	""	""	"YES"	"YES"	"NO"	""	"Brivanib.    Doxil"	"NO"	""	"YES"	"Gist;2014|Skin cancer a few times;"	"NO"	""	"Know Dr. Painters father"	""	"NO"	"WHITE"	""	""	""	""	""	""	""	""	""	""	""	""	""	""	""	""	"3/14/43"	"True"	64	"BREAST (PARENCHYMAL)"	"Non-RAAS/LAAS"	1	"ASCProject_0121_SALIVA"	64	"Breast (Parenchymal)"	64	"Breast (Parenchymal)"
"RP-1447_ASCProject_0121_T2A_v4_Exome_OnPrem"	"ASCProject_0121_T2A"	"Tumor"	"ASCProject_0121"	"DNA"	"T2A"	"ASCProject_0121_T2A"	""	""	0	"BREAST"	"CORE BIOPSY "	"YES"	"NO"	"YES"	"HIGH"	"ASCProject_0121"	"Breast (Parenchymal)"	"Breast (Parenchymal)"	"Breast"	"Liver"	"Liver"	NA	4	"64"	"F"	"BREAST (PARENCHYMAL)"	"LEFT BREAST"	0	"NO"	0	0	""	""	""	""	""	""	""	"595"	"LIVER"	"LIVER"	"3605"	"1/15/20"	"121_DFCI_1,2, ASC_121_MSK, ASC_121_MSKCC, ASC_0121_T2"	"AD"	"BREAST (PARENCHYMAL)"	0	1	"121"	"DIAGNOSED"	64.59452055	"BREAST"	""	""	""	"BREAST,LIVER"	""	""	""	"NED"	""	""	""	"YES"	"YES"	"NO"	""	"Brivanib.    Doxil"	"NO"	""	"YES"	"Gist;2014|Skin cancer a few times;"	"NO"	""	"Know Dr. Painters father"	""	"NO"	"WHITE"	""	""	""	""	""	""	""	""	""	""	""	""	""	""	""	""	"3/14/43"	"True"	64	"BREAST (PARENCHYMAL)"	"Non-RAAS/LAAS"	1	"ASCProject_0121_T2A"	64	"Breast (Parenchymal)"	64	"Breast (Parenchymal)"
"RP-1447_ASCProject_0123_SALIVA_v1_Exome_OnPrem"	"ASCProject_0123_SALIVA"	"Normal"	"ASCProject_0123"	"DNA"	""	"ASCProject_0123_SALIVA"	""	""	NA	""	""	""	""	""	""	"ASCProject_0123"	"HNFS"	"HNFS"	""	""	""	NA	NA	""	""	""	""	NA	""	NA	NA	""	""	""	""	""	""	""	""	""	""	""	""	""	""	""	NA	NA	"123"	"DIAGNOSED"	70.78082192	"SCALP"	""	""	""	"SCALP"	""	""	""	"NED"	""	""	""	"NO"	""	"YES"	""	"chemo -paclitaxel"	"NO"	""	""	""	"NO"	""	"Dr. Gregory M Cote MGH Sarcoma Medical Oncology"	""	"NO"	"WHITE"	""	""	""	""	""	""	""	""	""	""	""	""	""	""	""	""	"4/8/45"	"False"	70.78082192	"HNFS"	""	NA	"ASCProject_0123_SALIVA"	70.78082192	"HNFS"	70.78082192	"HNFS"
"RP-1447_ASCProject_0131_SALIVA_v1_Exome_OnPrem"	"ASCProject_0131_SALIVA"	"Normal"	"ASCProject_0131"	"DNA"	""	"ASCProject_0131_SALIVA"	""	""	NA	""	""	""	""	""	""	"ASCProject_0131"	"Breast (NOS)"	"Breast (NOS)"	""	""	""	NA	NA	""	""	""	""	NA	""	NA	NA	""	""	""	""	""	""	""	""	""	""	""	""	""	""	""	NA	NA	"131"	"DIAGNOSED"	63.50958904	"BREAST"	""	""	""	"BREAST"	""	""	""	"NED"	""	""	""	"YES"	"YES"	"NO"	""	"Ifosfamide, doxorubicin(adriamycin), Mensa and  Neulasta for 4 months.  Then mastectomy.  Next was docetaxel (taxotere) and gemcitabine (gemzar), neulasta, allso for 4 months.  Lastly six weeks of paclitaxel protein bound ( abraxane).  Dr Ravi said \"no more chemo\" after numerous falls and forgetting running bath water and flooding my 1st floor."	"NO"	""	"YES"	"Breast cancer ( left) ;2010"	"YES"	"Left breast during summer 2011"	"Facebook.    The angiosarcoma  Facebook page was recommended to me during treatment by Dr Vinod Ravi at MDAnderson."	"My angiosarcoma was a direct result of the radiation that I received for the original breast cancer."	"NO"	"WHITE"	""	""	""	""	""	""	""	""	""	""	""	""	""	""	""	""	"11/12/51"	"False"	63.50958904	"BREAST (NOS)"	""	NA	"ASCProject_0131_SALIVA"	63.50958904	"Breast (NOS)"	63.50958904	"Breast (NOS)"
"RP-1447_ASCProject_0132_SALIVA_v1_Exome_OnPrem"	"ASCProject_0132_SALIVA"	"Normal"	"ASCProject_0132"	"DNA"	""	"ASCProject_0132_SALIVA"	""	""	NA	""	""	""	""	""	""	"ASCProject_0132"	"Musculoskeletal"	"Trunk"	""	""	""	NA	NA	""	""	""	""	NA	""	NA	NA	""	""	""	""	""	""	""	""	""	""	""	""	""	""	""	NA	NA	"132"	"DIAGNOSED"	46.83561644	"OTHER"	""	""	"Medial Sternum"	"OTHER"	""	""	"medial Sternum"	"NED"	""	""	""	"YES"	"YES"	"YES"	"AFTER"	"AIM chemo treatment"	"NO"	""	"NO"	""	"NO"	""	"Angiosarcoma Support Group on Facebook and Corrie Painter"	"I have been told that my angiosarcoma was a result of my rescue and recovery work down at Ground Zero.  I am a retired NYPD detective with a disability pension as a result of no longer being able to work."	"NO"	"WHITE"	""	""	""	""	""	""	""	""	""	""	""	""	""	""	""	""	"6/12/65"	"False"	46.83561644	"OTHER"	""	NA	"ASCProject_0132_SALIVA"	46.83561644	"Musculoskeletal"	46.83561644	"Musculoskeletal"
"RP-1447_ASCProject_0134_SALIVA_v1_Exome_OnPrem"	"ASCProject_0134_SALIVA"	"Normal"	"ASCProject_0134"	"DNA"	""	"ASCProject_0134_SALIVA"	""	""	NA	""	""	""	""	""	""	"ASCProject_0134"	"HNFS"	"HNFS"	"Scalp"	"No Mets"	"No Mets"	NA	5	"62"	"F"	"HNFS"	"SCALP"	0	"NO"	1	1	"HNFS"	"863"	""	""	""	""	""	""	"NO METS"	"NO METS"	"1821"	"8/13/21"	"134_1, 134_2, 134_3, 134_4, 134_5, 134_MSK_pgs_1-30_manual, 134_MSK_pgs_31-50_manual, 134_MSK_pgs_50-60_manual, ASC_134_T2_Path_manual, 134_MSK_part2, ASC_134_61pg, ASC_134_62pgs, ASC_134_MSK_part 1 copy, ASC_134_MSK_part 1"	"IS"	"HNFS"	0	0	"134"	"DIAGNOSED"	62.79452055	"SCALP"	""	""	""	"HEADFACENECK,SCALP"	""	""	""	"HEADFACENECK,SCALP"	""	""	""	"YES"	"YES"	"NO"	""	"Taxol chemotherapy, sorafenib, doxil chemotherapy, immunotherapy trial"	"YES"	"Immunotherapy trial ( MTIG7192A and Atezolimzumab)"	"YES"	"Basil cell carcinma ;2016|Melanoma;2016"	"NO"	""	"Through the AS Facebook page"	""	"NO"	"WHITE"	""	""	""	""	""	""	""	""	""	""	""	""	""	""	""	""	"8/31/51"	"True"	62	"HNFS"	"Non-RAAS/LAAS"	0	"ASCProject_0134_SALIVA"	62	"HNFS"	62	"HNFS"
"RP-1447_ASCProject_0134_T1_v1_Exome_OnPrem"	"ASCProject_0134_T1"	"Tumor"	"ASCProject_0134"	"DNA"	"T1"	"ASCProject_0134_T1"	""	""	0	"HEADFACENECKSCALP"	"BIOPSY"	"NO"	"NO"	"YES"	"HIGH"	"ASCProject_0134"	"HNFS"	"HNFS"	"Scalp"	"No Mets"	"No Mets"	NA	5	"62"	"F"	"HNFS"	"SCALP"	0	"NO"	1	1	"HNFS"	"863"	""	""	""	""	""	""	"NO METS"	"NO METS"	"1821"	"8/13/21"	"134_1, 134_2, 134_3, 134_4, 134_5, 134_MSK_pgs_1-30_manual, 134_MSK_pgs_31-50_manual, 134_MSK_pgs_50-60_manual, ASC_134_T2_Path_manual, 134_MSK_part2, ASC_134_61pg, ASC_134_62pgs, ASC_134_MSK_part 1 copy, ASC_134_MSK_part 1"	"IS"	"HNFS"	0	0	"134"	"DIAGNOSED"	62.79452055	"SCALP"	""	""	""	"HEADFACENECK,SCALP"	""	""	""	"HEADFACENECK,SCALP"	""	""	""	"YES"	"YES"	"NO"	""	"Taxol chemotherapy, sorafenib, doxil chemotherapy, immunotherapy trial"	"YES"	"Immunotherapy trial ( MTIG7192A and Atezolimzumab)"	"YES"	"Basil cell carcinma ;2016|Melanoma;2016"	"NO"	""	"Through the AS Facebook page"	""	"NO"	"WHITE"	""	""	""	""	""	""	""	""	""	""	""	""	""	""	""	""	"8/31/51"	"True"	62	"HNFS"	"Non-RAAS/LAAS"	0	"ASCProject_0134_T1"	62	"HNFS"	62	"HNFS"
"RP-1447_ASCProject_0134_T2_v2_Exome_OnPrem"	"ASCProject_0134_T2"	"Tumor"	"ASCProject_0134"	"DNA"	"T2"	"ASCProject_0134_T2"	""	""	233	"HEADFACENECKSCALP"	"PUNCH BIOPSY"	"YES"	"NO"	"NO"	"HIGH"	"ASCProject_0134"	"HNFS"	"HNFS"	"Scalp"	"No Mets"	"No Mets"	NA	5	"62"	"F"	"HNFS"	"SCALP"	0	"NO"	1	1	"HNFS"	"863"	""	""	""	""	""	""	"NO METS"	"NO METS"	"1821"	"8/13/21"	"134_1, 134_2, 134_3, 134_4, 134_5, 134_MSK_pgs_1-30_manual, 134_MSK_pgs_31-50_manual, 134_MSK_pgs_50-60_manual, ASC_134_T2_Path_manual, 134_MSK_part2, ASC_134_61pg, ASC_134_62pgs, ASC_134_MSK_part 1 copy, ASC_134_MSK_part 1"	"IS"	"HNFS"	0	0	"134"	"DIAGNOSED"	62.79452055	"SCALP"	""	""	""	"HEADFACENECK,SCALP"	""	""	""	"HEADFACENECK,SCALP"	""	""	""	"YES"	"YES"	"NO"	""	"Taxol chemotherapy, sorafenib, doxil chemotherapy, immunotherapy trial"	"YES"	"Immunotherapy trial ( MTIG7192A and Atezolimzumab)"	"YES"	"Basil cell carcinma ;2016|Melanoma;2016"	"NO"	""	"Through the AS Facebook page"	""	"NO"	"WHITE"	""	""	""	""	""	""	""	""	""	""	""	""	""	""	""	""	"8/31/51"	"True"	62	"HNFS"	"Non-RAAS/LAAS"	0	"ASCProject_0134_T2"	62	"HNFS"	62	"HNFS"
"RP-1447_ASCProject_0135_SALIVA_v1_Exome_OnPrem"	"ASCProject_0135_SALIVA"	"Normal"	"ASCProject_0135"	"DNA"	""	"ASCProject_0135_SALIVA"	""	""	NA	""	""	""	""	""	""	"ASCProject_0135"	"Breast (Cutaneous)"	"Breast (Cutaneous)"	"Breast"	"Distant Lymph Node"	"Distant Lymph Node"	NA	4	"66"	"F"	"BREAST (CUTANEOUS)"	"RIGHT BREAST "	1	"NO"	1	1	"REGIONAL LYMPH NODE"	"119"	""	""	""	""	""	"119"	"DISTANT LYMPH NODE"	"DISTANT LYMPH NODE"	"1027"	"1/16/20"	"135_Cypress_1, 135_Cypress_2, ASC135_PathReport, 135_PorterAdventistHospital_p1-217, ASC_0135_T2_PathReport"	"BT"	"BREAST (CUTANEOUS)"	0	1	"135"	"DIAGNOSED"	66.71780822	"BREAST"	""	""	""	"BREAST"	""	""	""	"NED"	""	""	""	"YES"	"YES"	"NO"	""	"Doxorubicin and ifasomide"	"NO"	""	"YES"	"Breast cancer ;2001"	"YES"	"Breast"	"Facebook"	"My right breast turned black and blue almost overnight and hard as a baseball. First thought it was edema. Mammogram and ultra sound were normal. Finally determined through a biopsy but took the radiologist a week to determine what it was. Had right breast mastectomy about 4 weeks after diagnosis. Went to Dr Ravi at MDA after the surgery. Got Mersa from port implant; was very ill. Had 2 week long chemo sessions in hospital.  Dr Ravi wanted me to stop after 2 but did 2 more as precaution"	"NO"	"WHITE"	""	""	""	""	""	""	""	""	""	""	""	""	""	""	""	""	"7/29/48"	"True"	66	"BREAST (CUTANEOUS)"	"RAAS"	1	"ASCProject_0135_SALIVA"	66	"Breast (Cutaneous)"	66	"Breast (Cutaneous)"
"RP-1447_ASCProject_0135_T2_v3_Exome_OnPrem"	"ASCProject_0135_T2"	"Tumor"	"ASCProject_0135"	"DNA"	"T2"	"ASCProject_0135_T2"	""	""	37	"BREAST"	"MASTECTOMY"	"NO"	"YES"	"NO"	"HIGH"	"ASCProject_0135"	"Breast (Cutaneous)"	"Breast (Cutaneous)"	"Breast"	"Distant Lymph Node"	"Distant Lymph Node"	NA	4	"66"	"F"	"BREAST (CUTANEOUS)"	"RIGHT BREAST "	1	"NO"	1	1	"REGIONAL LYMPH NODE"	"119"	""	""	""	""	""	"119"	"DISTANT LYMPH NODE"	"DISTANT LYMPH NODE"	"1027"	"1/16/20"	"135_Cypress_1, 135_Cypress_2, ASC135_PathReport, 135_PorterAdventistHospital_p1-217, ASC_0135_T2_PathReport"	"BT"	"BREAST (CUTANEOUS)"	0	1	"135"	"DIAGNOSED"	66.71780822	"BREAST"	""	""	""	"BREAST"	""	""	""	"NED"	""	""	""	"YES"	"YES"	"NO"	""	"Doxorubicin and ifasomide"	"NO"	""	"YES"	"Breast cancer ;2001"	"YES"	"Breast"	"Facebook"	"My right breast turned black and blue almost overnight and hard as a baseball. First thought it was edema. Mammogram and ultra sound were normal. Finally determined through a biopsy but took the radiologist a week to determine what it was. Had right breast mastectomy about 4 weeks after diagnosis. Went to Dr Ravi at MDA after the surgery. Got Mersa from port implant; was very ill. Had 2 week long chemo sessions in hospital.  Dr Ravi wanted me to stop after 2 but did 2 more as precaution"	"NO"	"WHITE"	""	""	""	""	""	""	""	""	""	""	""	""	""	""	""	""	"7/29/48"	"True"	66	"BREAST (CUTANEOUS)"	"RAAS"	1	"ASCProject_0135_T2"	66	"Breast (Cutaneous)"	66	"Breast (Cutaneous)"
"RP-1447_ASCProject_0136_SALIVA_v1_Exome_OnPrem"	"ASCProject_0136_SALIVA"	"Normal"	"ASCProject_0136"	"DNA"	""	"ASCProject_0136_SALIVA"	""	""	NA	""	""	""	""	""	""	"ASCProject_0136"	"Extremities"	"Upper Extremity"	""	""	""	NA	NA	""	""	""	""	NA	""	NA	NA	""	""	""	""	""	""	""	""	""	""	""	""	""	""	""	NA	NA	"136"	"DIAGNOSED"	19.43835616	"OTHER"	""	""	"Left shoulder area"	"OTHER"	""	""	"Left shoulder soft tissue"	""	""	""	""	"YES"	"YES"	"NO"	""	"None"	"NO"	""	"NO"	""	"NO"	""	"Facebook group page: Angiosarcoma cancer"	""	"NO"	"WHITE"	""	""	""	""	""	""	""	""	""	""	""	""	""	""	""	""	"3/30/83"	"False"	19.43835616	"OTHER"	""	NA	"ASCProject_0136_SALIVA"	19.43835616	"Extremities"	19.43835616	"Extremities"
"RP-1447_ASCProject_0145_BLOOD_Normal_v2_Exome_OnPrem"	"ASCProject_0145_BLOOD_Normal"	"Normal"	"ASCProject_0145"	"DNA"	""	"ASCProject_0145_BLOOD_Normal"	""	""	NA	""	""	""	""	""	""	"ASCProject_0145"	"Breast (Parenchymal)"	"Breast (Parenchymal)"	"Breast"	"Bone, Liver"	"Bone, Liver"	NA	5	"27"	"F"	"BREAST (PARENCHYMAL)"	"RIGHT BREAST"	0	"NO"	0	0	""	""	""	""	""	""	""	"318"	"BONE, LIVER"	"BONE, LIVER"	"867"	"8/2/21"	"145_DFCI_OCR, 145_LRH_1_manual_OCR"	"IS"	"BREAST (PARENCHYMAL)"	0	1	"145"	"DIAGNOSED"	28.9369863	"BREAST"	""	""	""	"BREAST,LIVER,LUNG,OTHER"	""	""	"Buttocks"	"LIVER,LUNG,OTHER"	""	""	"Buttocks"	"YES"	"YES"	"NO"	""	"Doxil, taxol,gemcitabene, doxorubicin and olaratumab"	"YES"	"Doxorubicin and olaratumab"	"NO"	""	"NO"	""	"Facebook support group"	""	"NO"	"WHITE"	""	""	""	""	""	""	""	""	""	""	""	""	""	""	""	""	"12/31/86"	"True"	27	"BREAST (PARENCHYMAL)"	"Non-RAAS/LAAS"	2	"ASCProject_0145_BLOOD_Normal"	27	"Breast (Parenchymal)"	27	"Breast (Parenchymal)"
"RP-1447_ASCProject_0145_BLOOD_v1_Exome_OnPrem"	"ASCProject_0145_BLOOD"	"Tumor"	"ASCProject_0145"	"DNA"	"BLOOD"	"ASCProject_0145_BLOOD"	""	""	NA	""	""	""	""	""	""	"ASCProject_0145"	"Breast (Parenchymal)"	"Breast (Parenchymal)"	"Breast"	"Bone, Liver"	"Bone, Liver"	NA	5	"27"	"F"	"BREAST (PARENCHYMAL)"	"RIGHT BREAST"	0	"NO"	0	0	""	""	""	""	""	""	""	"318"	"BONE, LIVER"	"BONE, LIVER"	"867"	"8/2/21"	"145_DFCI_OCR, 145_LRH_1_manual_OCR"	"IS"	"BREAST (PARENCHYMAL)"	0	1	"145"	"DIAGNOSED"	28.9369863	"BREAST"	""	""	""	"BREAST,LIVER,LUNG,OTHER"	""	""	"Buttocks"	"LIVER,LUNG,OTHER"	""	""	"Buttocks"	"YES"	"YES"	"NO"	""	"Doxil, taxol,gemcitabene, doxorubicin and olaratumab"	"YES"	"Doxorubicin and olaratumab"	"NO"	""	"NO"	""	"Facebook support group"	""	"NO"	"WHITE"	""	""	""	""	""	""	""	""	""	""	""	""	""	""	""	""	"12/31/86"	"True"	27	"BREAST (PARENCHYMAL)"	"Non-RAAS/LAAS"	2	"ASCProject_0145_BLOOD"	27	"Breast (Parenchymal)"	27	"Breast (Parenchymal)"
"RP-1447_ASCProject_0145_SALIVA_v4_Exome_OnPrem"	"ASCProject_0145_SALIVA"	"Normal"	"ASCProject_0145"	"DNA"	""	"ASCProject_0145_SALIVA"	""	""	NA	""	""	""	""	""	""	"ASCProject_0145"	"Breast (Parenchymal)"	"Breast (Parenchymal)"	"Breast"	"Bone, Liver"	"Bone, Liver"	NA	5	"27"	"F"	"BREAST (PARENCHYMAL)"	"RIGHT BREAST"	0	"NO"	0	0	""	""	""	""	""	""	""	"318"	"BONE, LIVER"	"BONE, LIVER"	"867"	"8/2/21"	"145_DFCI_OCR, 145_LRH_1_manual_OCR"	"IS"	"BREAST (PARENCHYMAL)"	0	1	"145"	"DIAGNOSED"	28.9369863	"BREAST"	""	""	""	"BREAST,LIVER,LUNG,OTHER"	""	""	"Buttocks"	"LIVER,LUNG,OTHER"	""	""	"Buttocks"	"YES"	"YES"	"NO"	""	"Doxil, taxol,gemcitabene, doxorubicin and olaratumab"	"YES"	"Doxorubicin and olaratumab"	"NO"	""	"NO"	""	"Facebook support group"	""	"NO"	"WHITE"	""	""	""	""	""	""	""	""	""	""	""	""	""	""	""	""	"12/31/86"	"True"	27	"BREAST (PARENCHYMAL)"	"Non-RAAS/LAAS"	2	"ASCProject_0145_SALIVA"	27	"Breast (Parenchymal)"	27	"Breast (Parenchymal)"
"RP-1447_ASCProject_0145_T2_v2_Exome_OnPrem"	"ASCProject_0145_T2"	"Tumor"	"ASCProject_0145"	"DNA"	"T2"	"ASCProject_0145_T2"	""	""	11	"BREAST"	"EXCISION"	"YES"	"NO"	"YES"	"HIGH"	"ASCProject_0145"	"Breast (Parenchymal)"	"Breast (Parenchymal)"	"Breast"	"Bone, Liver"	"Bone, Liver"	NA	5	"27"	"F"	"BREAST (PARENCHYMAL)"	"RIGHT BREAST"	0	"NO"	0	0	""	""	""	""	""	""	""	"318"	"BONE, LIVER"	"BONE, LIVER"	"867"	"8/2/21"	"145_DFCI_OCR, 145_LRH_1_manual_OCR"	"IS"	"BREAST (PARENCHYMAL)"	0	1	"145"	"DIAGNOSED"	28.9369863	"BREAST"	""	""	""	"BREAST,LIVER,LUNG,OTHER"	""	""	"Buttocks"	"LIVER,LUNG,OTHER"	""	""	"Buttocks"	"YES"	"YES"	"NO"	""	"Doxil, taxol,gemcitabene, doxorubicin and olaratumab"	"YES"	"Doxorubicin and olaratumab"	"NO"	""	"NO"	""	"Facebook support group"	""	"NO"	"WHITE"	""	""	""	""	""	""	""	""	""	""	""	""	""	""	""	""	"12/31/86"	"True"	27	"BREAST (PARENCHYMAL)"	"Non-RAAS/LAAS"	2	"ASCProject_0145_T2"	27	"Breast (Parenchymal)"	27	"Breast (Parenchymal)"
"RP-1447_ASCProject_0146_SALIVA_v2_Exome_OnPrem"	"ASCProject_0146_SALIVA"	"Normal"	"ASCProject_0146"	"DNA"	""	"ASCProject_0146_SALIVA"	""	""	NA	""	""	""	""	""	""	"ASCProject_0146"	"Breast (Cutaneous)"	"Breast (Cutaneous)"	"Breast"	"No Mets"	"No Mets"	NA	2	"67"	"F"	"BREAST (CUTANEOUS)"	"RIGHT BREAST"	1	"NO"	1	1	"RIGHT BREAST SKIN"	"105"	""	""	""	""	""	""	"NO METS"	"NO METS"	"1901"	"6/11/21"	"146_1, 146_2, PATH 146 T1_MANUAL, ASC_146_DECATUR_ONC"	"SS"	"BREAST (CUTANEOUS)"	0	0	"146"	"DIAGNOSED"	67.47671233	"BREAST"	""	""	""	"BREAST"	""	""	""	"NED"	""	""	""	"YES"	"NO"	"NO"	""	"Taxol,"	"YES"	"My Oncologoist Dr Maria Perdekamp has me on a lower dose of Taxol once a week for 3 weeks, skip a week then back to 3 weeks for prevention since AS is such an aggressive cancer."	"YES"	"Carcinoma Insitu Left Breast;1999|Cancer in R. Breast, don't know what kind.;2004"	"YES"	"Both breasts."	"On internet"	"I was on a chemo study, CTSU A091103 PHASE 11 STUDY of the ANGIOPOIETIN-1 and-2 PEPTIBODY AMG 386 for the treatment of ANGIOSARCOMA for 8 weeks it kept spreading Dr Perdekamp put me on Taxol, in 8 weeks my CT Scan showed clear."	"NO"	"WHITE"	""	""	""	""	""	""	""	""	""	""	""	""	""	""	""	""	"9/25/44"	"True"	67	"BREAST (CUTANEOUS)"	"RAAS"	0	"ASCProject_0146_SALIVA"	67	"Breast (Cutaneous)"	67	"Breast (Cutaneous)"
"RP-1447_ASCProject_0146_T1A_v1_Exome_OnPrem"	"ASCProject_0146_T1A"	"Tumor"	"ASCProject_0146"	"DNA"	"T1A"	"ASCProject_0146_T1A"	""	""	49	"BREAST"	""	""	""	""	""	"ASCProject_0146"	"Breast (Cutaneous)"	"Breast (Cutaneous)"	"Breast"	"No Mets"	"No Mets"	NA	2	"67"	"F"	"BREAST (CUTANEOUS)"	"RIGHT BREAST"	1	"NO"	1	1	"RIGHT BREAST SKIN"	"105"	""	""	""	""	""	""	"NO METS"	"NO METS"	"1901"	"6/11/21"	"146_1, 146_2, PATH 146 T1_MANUAL, ASC_146_DECATUR_ONC"	"SS"	"BREAST (CUTANEOUS)"	0	0	"146"	"DIAGNOSED"	67.47671233	"BREAST"	""	""	""	"BREAST"	""	""	""	"NED"	""	""	""	"YES"	"NO"	"NO"	""	"Taxol,"	"YES"	"My Oncologoist Dr Maria Perdekamp has me on a lower dose of Taxol once a week for 3 weeks, skip a week then back to 3 weeks for prevention since AS is such an aggressive cancer."	"YES"	"Carcinoma Insitu Left Breast;1999|Cancer in R. Breast, don't know what kind.;2004"	"YES"	"Both breasts."	"On internet"	"I was on a chemo study, CTSU A091103 PHASE 11 STUDY of the ANGIOPOIETIN-1 and-2 PEPTIBODY AMG 386 for the treatment of ANGIOSARCOMA for 8 weeks it kept spreading Dr Perdekamp put me on Taxol, in 8 weeks my CT Scan showed clear."	"NO"	"WHITE"	""	""	""	""	""	""	""	""	""	""	""	""	""	""	""	""	"9/25/44"	"True"	67	"BREAST (CUTANEOUS)"	"RAAS"	0	"ASCProject_0146_T1A"	67	"Breast (Cutaneous)"	67	"Breast (Cutaneous)"
"RP-1447_ASCProject_0146_T1_v1_Exome_OnPrem"	"ASCProject_0146_T1"	"Tumor"	"ASCProject_0146"	"DNA"	"T1"	"ASCProject_0146_T1"	""	""	49	"BREAST"	""	""	""	""	""	"ASCProject_0146"	"Breast (Cutaneous)"	"Breast (Cutaneous)"	"Breast"	"No Mets"	"No Mets"	NA	2	"67"	"F"	"BREAST (CUTANEOUS)"	"RIGHT BREAST"	1	"NO"	1	1	"RIGHT BREAST SKIN"	"105"	""	""	""	""	""	""	"NO METS"	"NO METS"	"1901"	"6/11/21"	"146_1, 146_2, PATH 146 T1_MANUAL, ASC_146_DECATUR_ONC"	"SS"	"BREAST (CUTANEOUS)"	0	0	"146"	"DIAGNOSED"	67.47671233	"BREAST"	""	""	""	"BREAST"	""	""	""	"NED"	""	""	""	"YES"	"NO"	"NO"	""	"Taxol,"	"YES"	"My Oncologoist Dr Maria Perdekamp has me on a lower dose of Taxol once a week for 3 weeks, skip a week then back to 3 weeks for prevention since AS is such an aggressive cancer."	"YES"	"Carcinoma Insitu Left Breast;1999|Cancer in R. Breast, don't know what kind.;2004"	"YES"	"Both breasts."	"On internet"	"I was on a chemo study, CTSU A091103 PHASE 11 STUDY of the ANGIOPOIETIN-1 and-2 PEPTIBODY AMG 386 for the treatment of ANGIOSARCOMA for 8 weeks it kept spreading Dr Perdekamp put me on Taxol, in 8 weeks my CT Scan showed clear."	"NO"	"WHITE"	""	""	""	""	""	""	""	""	""	""	""	""	""	""	""	""	"9/25/44"	"True"	67	"BREAST (CUTANEOUS)"	"RAAS"	0	"ASCProject_0146_T1"	67	"Breast (Cutaneous)"	67	"Breast (Cutaneous)"
"RP-1447_ASCProject_0148_SALIVA_2_v1_Exome_OnPrem"	"ASCProject_0148_SALIVA_2"	"Normal"	"ASCProject_0148"	"DNA"	""	"ASCProject_0148_SALIVA_2"	""	""	NA	""	""	""	""	""	""	"ASCProject_0148"	"Breast (Cutaneous)"	"Breast (Cutaneous)"	"Breast Skin"	"No Mets"	"No Mets"	NA	4	"56"	"F"	"BREAST (CUTANEOUS)"	"RIGHT BREAST SKIN"	1	"YES"	1	1	"RIGHT CHEST WALL SKIN"	"293"	""	""	""	""	""	""	"NO METS"	"NO METS"	"465"	"6/30/21"	"148_CFCHS_1_manual,148_RRMC, ASC_0148_T1_PathReport, ASC148_PathReport"	"IS"	"BREAST (CUTANEOUS)"	1	0	"148"	"DIAGNOSED"	56.4630137	"BREAST"	""	""	""	"BREAST"	""	""	""	"BREAST"	""	""	""	"YES"	"YES"	"NO"	""	""	"NO"	""	"YES"	"Breast ;2009"	"YES"	"Breast"	"Through Sarcoma alliance group on Facebook"	"I was given a diagnosis of lymphangio sarcoma. I've not seen that specification anywhere else."	"NO"	"WHITE"	""	""	""	""	""	""	""	""	""	""	""	""	""	""	""	""	"10/29/59"	"True"	56	"BREAST (CUTANEOUS)"	"RAAS & LAAS"	0	"ASCProject_0148_SALIVA_2"	56	"Breast (Cutaneous)"	56	"Breast (Cutaneous)"
"RP-1447_ASCProject_0153_SALIVA_v1_Exome_OnPrem"	"ASCProject_0153_SALIVA"	"Normal"	"ASCProject_0153"	"DNA"	""	"ASCProject_0153_SALIVA"	""	""	NA	""	""	""	""	""	""	"ASCProject_0153"	"Hepatobiliary"	"Spleen"	"Liver"	"Liver, Hepatobiliary"	"Liver, Hepatobiliary, Bone Marrow, Bone"	NA	4	"59"	"M"	"SPLEEN"	"LIVER"	0	"NO"	0	0	""	""	""	""	""	""	""	"0"	"LIVER, OTHER [CELIAC AXIS]"	"LIVER, OTHER [CELIAC AXIS], OTHER [BONE MARROW], BONE"	"594"	"1/16/20"	"115791FRAZIER_WILLIAM ADANA-FARBER CANCER INSTITUTE06_20_17, ASC_153_1_PathReport, ASC_153_2_PathReport"	"BT"	"SPLEEN"	0	1	"153"	"DIAGNOSED"	59.90136986	"LIVER,SPLEEN"	""	""	""	"LIVER,SPLEEN"	""	""	""	"LIVER,SPLEEN"	""	""	""	"NO"	""	"NO"	""	"So many chemo's...and radioactive sir spheres in the liver x2."	"YES"	"vinorelbine"	"NO"	""	"NO"	""	"Corrie Painter, Brad Byron at Texas Tech"	"Sir Spheres seemed to have really helped the liver in the early stages."	"NO"	"WHITE"	""	""	""	""	""	""	""	""	""	""	""	""	""	""	""	""	"9/21/55"	"True"	59	"SPLEEN"	"Non-RAAS/LAAS"	4	"ASCProject_0153_SALIVA"	59	"Hepatobiliary"	59	"Hepatobiliary"
"RP-1447_ASCProject_0153_T2_v3_Exome_OnPrem"	"ASCProject_0153_T2"	"Tumor"	"ASCProject_0153"	"DNA"	"T2"	"ASCProject_0153_T2"	""	""	377	"BONELIMB"	"BIOPSY "	"YES"	"NO"	"YES"	"HIGH"	"ASCProject_0153"	"Hepatobiliary"	"Spleen"	"Liver"	"Liver, Hepatobiliary"	"Liver, Hepatobiliary, Bone Marrow, Bone"	NA	4	"59"	"M"	"SPLEEN"	"LIVER"	0	"NO"	0	0	""	""	""	""	""	""	""	"0"	"LIVER, OTHER [CELIAC AXIS]"	"LIVER, OTHER [CELIAC AXIS], OTHER [BONE MARROW], BONE"	"594"	"1/16/20"	"115791FRAZIER_WILLIAM ADANA-FARBER CANCER INSTITUTE06_20_17, ASC_153_1_PathReport, ASC_153_2_PathReport"	"BT"	"SPLEEN"	0	1	"153"	"DIAGNOSED"	59.90136986	"LIVER,SPLEEN"	""	""	""	"LIVER,SPLEEN"	""	""	""	"LIVER,SPLEEN"	""	""	""	"NO"	""	"NO"	""	"So many chemo's...and radioactive sir spheres in the liver x2."	"YES"	"vinorelbine"	"NO"	""	"NO"	""	"Corrie Painter, Brad Byron at Texas Tech"	"Sir Spheres seemed to have really helped the liver in the early stages."	"NO"	"WHITE"	""	""	""	""	""	""	""	""	""	""	""	""	""	""	""	""	"9/21/55"	"True"	59	"SPLEEN"	"Non-RAAS/LAAS"	4	"ASCProject_0153_T2"	59	"Hepatobiliary"	59	"Hepatobiliary"
"RP-1447_ASCProject_0157_SALIVA_v1_Exome_OnPrem"	"ASCProject_0157_SALIVA"	"Normal"	"ASCProject_0157"	"DNA"	""	"ASCProject_0157_SALIVA"	""	""	NA	""	""	""	""	""	""	"ASCProject_0157"	"Breast (Parenchymal)"	"Breast (Parenchymal)"	"Breast"	"No Mets"	"No Mets"	NA	9	"49"	"F"	"BREAST (PARENCHYMAL)"	"LEFT BREAST"	0	"NO"	0	0	""	""	""	""	""	""	""	""	"NO METS"	"NO METS"	"1879"	"1/21/22"	"ASC_0157_T1, AS_157_BWH_FULL, 157_MGH"	"LS"	"BREAST (PARENCHYMAL)"	0	0	"157"	"DIAGNOSED"	49.28219178	"BREAST"	""	""	""	"BREAST"	""	""	""	"NED"	""	""	""	"YES"	"YES"	"NO"	""	"None ‚Äì  so far I've been very fortunate. My primary tumor was small."	"NO"	""	"NO"	""	"NO"	""	"I found out about it on the Angiosarcoma Awareness website."	"There was a very unsettling lack of concurrence from one pathologist as to whether my slides demonstrated angiosarcoma (as opposed to some sort of vascular atypia), but the majority of pathologists agreed that it did. Even more disturbing was that I didn't find out about this one pathologist's opinion until after I'd had my mastectomy, even though he was another \"Partners\" physician..."	"NO"	"WHITE"	""	""	""	""	""	""	""	""	""	""	""	""	""	""	""	""	"12/1/63"	"True"	49	"BREAST (PARENCHYMAL)"	"Non-RAAS/LAAS"	0	"ASCProject_0157_SALIVA"	49	"Breast (Parenchymal)"	49	"Breast (Parenchymal)"
"RP-1447_ASCProject_0158_SALIVA_v1_Exome_OnPrem"	"ASCProject_0158_SALIVA"	"Normal"	"ASCProject_0158"	"DNA"	""	"ASCProject_0158_SALIVA"	""	""	NA	""	""	""	""	""	""	"ASCProject_0158"	"Other Visceral Organs"	"Bowel"	"Bowel"	"Distant Lymph Node"	"Distant Lymph Node"	NA	9	"50"	"M"	"VISCERAL ORGAN"	"SMALL BOWEL"	0	"NO"	0	NA	"NOT FOUND IN RECORD"	"NOT FOUND IN RECORD"	"NOT FOUND IN RECORD"	"NOT FOUND IN RECORD"	"NOT FOUND IN RECORD"	"NOT FOUND IN RECORD"	"NOT FOUND IN RECORD"	"87"	"DISTANT LYMPH NODE"	"DISTANT LYMPH NODE"	"1978"	"1/24/22"	"ASC_158_WELLSTARKENNESTONEHOSPITAL_PATH, ASC_158_KENNESTONEHEALTHSYSTEM_PART2"	"LS"	"VISCERAL ORGAN"	0	1	"158"	"DIAGNOSED"	50.23561644	"ABDOMINAL"	""	"Small bowel"	""	"LYMPH,ABDOMINAL"	""	""	""	"NED"	""	""	""	"YES"	"YES"	"NO"	""	"Chemotherapy gemzar and taxol"	"NO"	""	"YES"	"Basil skin cancer on nose;2016"	"NO"	""	"Facebook"	"Still trying to find out how i got the disease.."	"NO"	"WHITE"	""	""	""	""	""	""	""	""	""	""	""	""	""	""	""	""	"12/18/62"	"True"	50	"VISCERAL ORGAN"	"Non-RAAS/LAAS"	1	"ASCProject_0158_SALIVA"	50	"Other Visceral Organs"	50	"Other Visceral Organs"
"RP-1447_ASCProject_0159_SALIVA_v2_Exome_OnPrem"	"ASCProject_0159_SALIVA"	"Normal"	"ASCProject_0159"	"DNA"	""	"ASCProject_0159_SALIVA"	""	""	NA	""	""	""	""	""	""	"ASCProject_0159"	"Breast (Cutaneous)"	"Breast (Cutaneous)"	"Thorax and trunk"	"Lung"	"Lung"	NA	4	"60"	"F"	"BREAST (CUTANEOUS)"	"LEFT CHEST WALL SKIN"	1	"NO"	1	0	""	""	""	""	""	""	""	"273"	"LUNG"	"LUNG"	"2718"	"3/8/21"	"ASC_0159_T1_PathReport.pdf, 159_CTCANewnan_1_OCR.pdf, 159_CTCANewnan_2_OCR.pdf, 159_CTCANewnan_3_OCR.pdf, 159_CTCANewnan_4.pdf, 159_CTCATulsa_1:3.pdf, 159_CTCATulsa_2:3.pdf, 159_CTCATulsa_3:3.pdf, 159_CTCATulsa_OCR.pdf"	"DS"	"BREAST (CUTANEOUS)"	0	1	"159"	"DIAGNOSED"	61.11232877	"BREAST"	""	""	""	"OTHER"	""	""	"Chest wall"	"OTHER"	""	""	"Chest wall"	"YES"	"DK"	"YES"	"AFTER"	""	"NO"	""	"YES"	"Breast cancer ;2005"	"YES"	"Breast"	"Facebook and my daughter"	""	"NO"	"WHITE"	""	""	""	""	""	""	""	""	""	""	""	""	""	""	""	""	"2/3/50"	"True"	60	"BREAST (CUTANEOUS)"	"RAAS"	1	"ASCProject_0159_SALIVA"	60	"Breast (Cutaneous)"	60	"Breast (Cutaneous)"
"RP-1447_ASCProject_0159_T1_v4_Exome_OnPrem"	"ASCProject_0159_T1"	"Tumor"	"ASCProject_0159"	"DNA"	"T1"	"ASCProject_0159_T1"	""	""	45	"BREAST"	"MASTECTOMY"	"YES"	"NO"	"YES"	"HIGH"	"ASCProject_0159"	"Breast (Cutaneous)"	"Breast (Cutaneous)"	"Thorax and trunk"	"Lung"	"Lung"	NA	4	"60"	"F"	"BREAST (CUTANEOUS)"	"LEFT CHEST WALL SKIN"	1	"NO"	1	0	""	""	""	""	""	""	""	"273"	"LUNG"	"LUNG"	"2718"	"3/8/21"	"ASC_0159_T1_PathReport.pdf, 159_CTCANewnan_1_OCR.pdf, 159_CTCANewnan_2_OCR.pdf, 159_CTCANewnan_3_OCR.pdf, 159_CTCANewnan_4.pdf, 159_CTCATulsa_1:3.pdf, 159_CTCATulsa_2:3.pdf, 159_CTCATulsa_3:3.pdf, 159_CTCATulsa_OCR.pdf"	"DS"	"BREAST (CUTANEOUS)"	0	1	"159"	"DIAGNOSED"	61.11232877	"BREAST"	""	""	""	"OTHER"	""	""	"Chest wall"	"OTHER"	""	""	"Chest wall"	"YES"	"DK"	"YES"	"AFTER"	""	"NO"	""	"YES"	"Breast cancer ;2005"	"YES"	"Breast"	"Facebook and my daughter"	""	"NO"	"WHITE"	""	""	""	""	""	""	""	""	""	""	""	""	""	""	""	""	"2/3/50"	"True"	60	"BREAST (CUTANEOUS)"	"RAAS"	1	"ASCProject_0159_T1"	60	"Breast (Cutaneous)"	60	"Breast (Cutaneous)"
"RP-1447_ASCProject_0164_SALIVA_v1_Exome_OnPrem"	"ASCProject_0164_SALIVA"	"Normal"	"ASCProject_0164"	"DNA"	""	"ASCProject_0164_SALIVA"	""	""	NA	""	""	""	""	""	""	"ASCProject_0164"	"Breast (Cutaneous)"	"Breast (Cutaneous)"	"Breast Skin"	"No Mets"	"No Mets"	NA	1	"57"	"F"	"BREAST (CUTANEOUS)"	"LEFT BREAST SKIN"	1	"NO"	1	0	""	""	""	""	""	""	""	""	"NO METS"	"NO METS"	"974"	"9/10/21"	"164_1, 164_2, 164_MR, 164_, Path 164 T1_manual"	"IS"	"BREAST (CUTANEOUS)"	0	0	"164"	"DIAGNOSED"	57.53424658	"BREAST"	""	""	""	"BREAST"	""	""	""	"NED"	""	""	""	"YES"	"YES"	"YES"	"AFTER"	"None"	"NO"	""	"YES"	"Breast Cancer;2007"	"YES"	"Breast"	"Angiosarcoma Facebook group"	"Secondary angiosarcoma from previous radiation treatment for stage 1 breast cancer therapy in 2007. Bruise on breast appeared in March 2014. Met with breast surgeon, oncologist 3 times, gyn & dermatologist until diagnosis in October 30, 2014. Left breast mastectomy January 2015, clear margins March 2015, proton radiation May/June  2015."	"NO"	"WHITE"	""	""	""	""	""	""	""	""	""	""	""	""	""	""	""	""	"4/3/57"	"True"	57	"BREAST (CUTANEOUS)"	"RAAS"	0	"ASCProject_0164_SALIVA"	57	"Breast (Cutaneous)"	57	"Breast (Cutaneous)"
"RP-1447_ASCProject_0164_T1_v1_Exome_OnPrem"	"ASCProject_0164_T1"	"Tumor"	"ASCProject_0164"	"DNA"	"T1"	"ASCProject_0164_T1"	""	""	99	"BREAST"	""	""	""	""	""	"ASCProject_0164"	"Breast (Cutaneous)"	"Breast (Cutaneous)"	"Breast Skin"	"No Mets"	"No Mets"	NA	1	"57"	"F"	"BREAST (CUTANEOUS)"	"LEFT BREAST SKIN"	1	"NO"	1	0	""	""	""	""	""	""	""	""	"NO METS"	"NO METS"	"974"	"9/10/21"	"164_1, 164_2, 164_MR, 164_, Path 164 T1_manual"	"IS"	"BREAST (CUTANEOUS)"	0	0	"164"	"DIAGNOSED"	57.53424658	"BREAST"	""	""	""	"BREAST"	""	""	""	"NED"	""	""	""	"YES"	"YES"	"YES"	"AFTER"	"None"	"NO"	""	"YES"	"Breast Cancer;2007"	"YES"	"Breast"	"Angiosarcoma Facebook group"	"Secondary angiosarcoma from previous radiation treatment for stage 1 breast cancer therapy in 2007. Bruise on breast appeared in March 2014. Met with breast surgeon, oncologist 3 times, gyn & dermatologist until diagnosis in October 30, 2014. Left breast mastectomy January 2015, clear margins March 2015, proton radiation May/June  2015."	"NO"	"WHITE"	""	""	""	""	""	""	""	""	""	""	""	""	""	""	""	""	"4/3/57"	"True"	57	"BREAST (CUTANEOUS)"	"RAAS"	0	"ASCProject_0164_T1"	57	"Breast (Cutaneous)"	57	"Breast (Cutaneous)"
"RP-1447_ASCProject_0165_BLOOD_BC_v1_Exome_OnPrem"	"ASCProject_0165_BLOOD_BC"	"Normal"	"ASCProject_0165"	"DNA"	""	"ASCProject_0165_BLOOD_BC"	""	""	NA	""	""	""	""	""	""	"ASCProject_0165"	"HNFS"	"HNFS"	"Scalp"	"No Mets"	"No Mets"	NA	5	"62"	"M"	"HNFS"	"LEFT SIDE SCALP"	0	"NO"	1	1	"HNFS, REGIONAL LYMPH NODE"	"574"	"574"	""	""	""	""	""	"NO METS"	"NO METS"	"1846"	"8/31/21"	"165 Molecular Testing_Redacted, 165_1_OCR, 165_2_OCR, 165_3_START_manual_OCR, 165_StartCenter_1_manual_OCR, MDA_165_1_manual_OCR, MDA_165_2_manual_OCR, MDA_165_3_manual_OCR, MDA_165_4_manual_OCR, MDA_165_5_manual_OCR, MDA_165_6_manual_OCR, 165_1_START, 165_2_START, 165_3_START, 165_Start_combined, 165_Start_followup, ASC_0165_T1"	"IS"	"HNFS"	0	0	"165"	"DIAGNOSED"	62.54520548	"SCALP"	""	""	""	"HEADFACENECK,SCALP,LIVER,LUNG,LYMPH"	""	""	""	"NED"	""	""	""	"YES"	"YES"	"YES"	"AFTER"	"Paclitaxel, Taxotare, Gemcitabine, IFOs /Adriamycin, couple oral drug trials, and finally Keytruda"	"NO"	""	"YES"	"simple skin cancer- frozen off, numerous years;"	"NO"	""	"Daughter found facebook group when I was diagnosed"	"I went to MD Anderson & Dr Ravi for treatment. I stayed with him for 18 months. Three times, he refused to approve me to try immunotherapy. I knew I would die if I stayed there. 
I went to Dr. Lon Smith a the START Center in San Antonio. He had been administering all of my chemo Rx by Ravi. Dr. Smith got me on Keytruda and saved my life."	"NO"	"AMERICAN_INDIAN,WHITE"	""	""	""	""	""	""	""	""	""	""	""	""	""	""	""	""	"7/2/51"	"True"	62	"HNFS"	"Non-RAAS/LAAS"	0	"ASCProject_0165_BLOOD_BC"	62	"HNFS"	62	"HNFS"
"RP-1447_ASCProject_0165_T2_v3_Exome_OnPrem"	"ASCProject_0165_T2"	"Tumor"	"ASCProject_0165"	"DNA"	"T2"	"ASCProject_0165_T2"	""	""	450	"HEADFACENECKSCALP"	"EXCISION"	"YES"	"YES"	"YES"	"HIGH"	"ASCProject_0165"	"HNFS"	"HNFS"	"Scalp"	"No Mets"	"No Mets"	NA	5	"62"	"M"	"HNFS"	"LEFT SIDE SCALP"	0	"NO"	1	1	"HNFS, REGIONAL LYMPH NODE"	"574"	"574"	""	""	""	""	""	"NO METS"	"NO METS"	"1846"	"8/31/21"	"165 Molecular Testing_Redacted, 165_1_OCR, 165_2_OCR, 165_3_START_manual_OCR, 165_StartCenter_1_manual_OCR, MDA_165_1_manual_OCR, MDA_165_2_manual_OCR, MDA_165_3_manual_OCR, MDA_165_4_manual_OCR, MDA_165_5_manual_OCR, MDA_165_6_manual_OCR, 165_1_START, 165_2_START, 165_3_START, 165_Start_combined, 165_Start_followup, ASC_0165_T1"	"IS"	"HNFS"	0	0	"165"	"DIAGNOSED"	62.54520548	"SCALP"	""	""	""	"HEADFACENECK,SCALP,LIVER,LUNG,LYMPH"	""	""	""	"NED"	""	""	""	"YES"	"YES"	"YES"	"AFTER"	"Paclitaxel, Taxotare, Gemcitabine, IFOs /Adriamycin, couple oral drug trials, and finally Keytruda"	"NO"	""	"YES"	"simple skin cancer- frozen off, numerous years;"	"NO"	""	"Daughter found facebook group when I was diagnosed"	"I went to MD Anderson & Dr Ravi for treatment. I stayed with him for 18 months. Three times, he refused to approve me to try immunotherapy. I knew I would die if I stayed there. 
I went to Dr. Lon Smith a the START Center in San Antonio. He had been administering all of my chemo Rx by Ravi. Dr. Smith got me on Keytruda and saved my life."	"NO"	"AMERICAN_INDIAN,WHITE"	""	""	""	""	""	""	""	""	""	""	""	""	""	""	""	""	"7/2/51"	"True"	62	"HNFS"	"Non-RAAS/LAAS"	0	"ASCProject_0165_T2"	62	"HNFS"	62	"HNFS"
"RP-1447_ASCProject_0166_SALIVA_2_v1_Exome_OnPrem"	"ASCProject_0166_SALIVA_2"	"Normal"	"ASCProject_0166"	"DNA"	""	"ASCProject_0166_SALIVA_2"	""	""	NA	""	""	""	""	""	""	"ASCProject_0166"	"HNFS"	"HNFS"	"Nose"	"Lung"	"Lung, Distant Lymph Node, Liver, Tongue"	NA	5	"58"	"M"	"HNFS"	"LEFT NOSE"	0	"NO"	1	1	"REGIONAL LYMPH NODE, HNFS, HNFS"	"467"	"1212"	"1294"	""	""	""	"488"	"LUNG"	"LUNG,DISTANT LYMPH NODE, LIVER, OTHER [TONGUE]"	"2680"	"8/4/21"	"166_MayoClinic_1_manual_OCR, 166_MGCC_manual_OCR, 166_SCA_OCR, 166_SCCA_Updated, 166_WPSC_OCR, ASC_166_MayoAZ_fu"	"IS"	"HNFS"	0	1	"166"	"DIAGNOSED"	58.47945205	"HEADFACENECK"	""	""	""	"HEADFACENECK,LIVER,LUNG,LYMPH"	""	""	""	"NED"	""	""	""	"YES"	"YES"	"NO"	""	"Abraxane, trial of TH320 9didnt help), Keytruda"	"NO"	""	"YES"	"CLL;2008"	"NO"	""	"Referred by someone to ?FB, possibly corrie Painter"	"Appeared on my nose looking like a pimple"	"NO"	"WHITE"	""	""	""	""	""	""	""	""	""	""	""	""	""	""	""	""	"3/24/53"	"True"	58	"HNFS"	"Non-RAAS/LAAS"	4	"ASCProject_0166_SALIVA_2"	58	"HNFS"	58	"HNFS"
"RP-1447_ASCProject_0166_T1_v2_Exome_OnPrem"	"ASCProject_0166_T1"	"Tumor"	"ASCProject_0166"	"DNA"	"T1"	"ASCProject_0166_T1"	""	""	414	"MANDIBULAR NODE"	"BIOPSY"	"YES"	"YES"	"NO"	"LOW"	"ASCProject_0166"	"HNFS"	"HNFS"	"Nose"	"Lung"	"Lung, Distant Lymph Node, Liver, Tongue"	NA	5	"58"	"M"	"HNFS"	"LEFT NOSE"	0	"NO"	1	1	"REGIONAL LYMPH NODE, HNFS, HNFS"	"467"	"1212"	"1294"	""	""	""	"488"	"LUNG"	"LUNG,DISTANT LYMPH NODE, LIVER, OTHER [TONGUE]"	"2680"	"8/4/21"	"166_MayoClinic_1_manual_OCR, 166_MGCC_manual_OCR, 166_SCA_OCR, 166_SCCA_Updated, 166_WPSC_OCR, ASC_166_MayoAZ_fu"	"IS"	"HNFS"	0	1	"166"	"DIAGNOSED"	58.47945205	"HEADFACENECK"	""	""	""	"HEADFACENECK,LIVER,LUNG,LYMPH"	""	""	""	"NED"	""	""	""	"YES"	"YES"	"NO"	""	"Abraxane, trial of TH320 9didnt help), Keytruda"	"NO"	""	"YES"	"CLL;2008"	"NO"	""	"Referred by someone to ?FB, possibly corrie Painter"	"Appeared on my nose looking like a pimple"	"NO"	"WHITE"	""	""	""	""	""	""	""	""	""	""	""	""	""	""	""	""	"3/24/53"	"True"	58	"HNFS"	"Non-RAAS/LAAS"	4	"ASCProject_0166_T1"	58	"HNFS"	58	"HNFS"
"RP-1447_ASCProject_0167_SALIVA_v2_Exome_OnPrem"	"ASCProject_0167_SALIVA"	"Normal"	"ASCProject_0167"	"DNA"	""	"ASCProject_0167_SALIVA"	""	""	NA	""	""	""	""	""	""	"ASCProject_0167"	"Breast (Cutaneous)"	"Breast (Cutaneous)"	"Breast"	""	""	NA	5	"65"	"F"	"BREAST (CUTANEOUS)"	"LEFT BREAST "	1	"NO"	1	1	"LEFT CHEST WALL SKIN, LEFT CHEST WALL"	"438"	"1071"	""	""	""	""	"NOT FOUND IN RECORD"	"NOT FOUND IN RECORD"	"NOT FOUND IN RECORD"	"3353"	"8/11/21"	"Path 167 T1_manual_OCR, Path 167 T2_manual_OCR, Path 167 T3_manual_OCR, 167_ArlingtonCancer, 167_ArlingtonCancer_2, 167_TexasHealth, ASC_167_Arlington_new, 167_MR_ASA_1_OCR, 167_MR_ASA_2_OCR, 167_MR_ASA_3_OCR, 167_MR_ASA_4_OCR"	"SS"	"BREAST (CUTANEOUS)"	0	NA	"167"	"DIAGNOSED"	65.37808219	"BREAST"	""	""	""	"BREAST"	""	""	""	"NED"	""	""	""	"YES"	"YES"	"YES"	"BOTH"	""	"NO"	""	"YES"	"Breast cancer;2003"	"YES"	"Breast"	"Facebook Angio Sarcoma grouo"	"Only doctors with Angio Sarcoma experience have any success with this type of cancer"	"NO"	"WHITE"	""	""	""	""	""	""	""	""	""	""	""	""	""	""	""	""	"9/1/44"	"True"	65	"BREAST (CUTANEOUS)"	"RAAS"	NA	"ASCProject_0167_SALIVA"	65	"Breast (Cutaneous)"	65	"Breast (Cutaneous)"
"RP-1447_ASCProject_0167_T1_v2_Exome_OnPrem"	"ASCProject_0167_T1"	"Tumor"	"ASCProject_0167"	"DNA"	"T1"	"ASCProject_0167_T1"	""	""	0	"BREAST"	""	""	""	""	""	"ASCProject_0167"	"Breast (Cutaneous)"	"Breast (Cutaneous)"	"Breast"	""	""	NA	5	"65"	"F"	"BREAST (CUTANEOUS)"	"LEFT BREAST "	1	"NO"	1	1	"LEFT CHEST WALL SKIN, LEFT CHEST WALL"	"438"	"1071"	""	""	""	""	"NOT FOUND IN RECORD"	"NOT FOUND IN RECORD"	"NOT FOUND IN RECORD"	"3353"	"8/11/21"	"Path 167 T1_manual_OCR, Path 167 T2_manual_OCR, Path 167 T3_manual_OCR, 167_ArlingtonCancer, 167_ArlingtonCancer_2, 167_TexasHealth, ASC_167_Arlington_new, 167_MR_ASA_1_OCR, 167_MR_ASA_2_OCR, 167_MR_ASA_3_OCR, 167_MR_ASA_4_OCR"	"SS"	"BREAST (CUTANEOUS)"	0	NA	"167"	"DIAGNOSED"	65.37808219	"BREAST"	""	""	""	"BREAST"	""	""	""	"NED"	""	""	""	"YES"	"YES"	"YES"	"BOTH"	""	"NO"	""	"YES"	"Breast cancer;2003"	"YES"	"Breast"	"Facebook Angio Sarcoma grouo"	"Only doctors with Angio Sarcoma experience have any success with this type of cancer"	"NO"	"WHITE"	""	""	""	""	""	""	""	""	""	""	""	""	""	""	""	""	"9/1/44"	"True"	65	"BREAST (CUTANEOUS)"	"RAAS"	NA	"ASCProject_0167_T1"	65	"Breast (Cutaneous)"	65	"Breast (Cutaneous)"
"RP-1447_ASCProject_0167_T2_v2_Exome_OnPrem"	"ASCProject_0167_T2"	"Tumor"	"ASCProject_0167"	"DNA"	"T2"	"ASCProject_0167_T2"	""	""	73	"BREAST"	"MASTECTOMY"	"YES"	"NO"	"NO"	"HIGH"	"ASCProject_0167"	"Breast (Cutaneous)"	"Breast (Cutaneous)"	"Breast"	""	""	NA	5	"65"	"F"	"BREAST (CUTANEOUS)"	"LEFT BREAST "	1	"NO"	1	1	"LEFT CHEST WALL SKIN, LEFT CHEST WALL"	"438"	"1071"	""	""	""	""	"NOT FOUND IN RECORD"	"NOT FOUND IN RECORD"	"NOT FOUND IN RECORD"	"3353"	"8/11/21"	"Path 167 T1_manual_OCR, Path 167 T2_manual_OCR, Path 167 T3_manual_OCR, 167_ArlingtonCancer, 167_ArlingtonCancer_2, 167_TexasHealth, ASC_167_Arlington_new, 167_MR_ASA_1_OCR, 167_MR_ASA_2_OCR, 167_MR_ASA_3_OCR, 167_MR_ASA_4_OCR"	"SS"	"BREAST (CUTANEOUS)"	0	NA	"167"	"DIAGNOSED"	65.37808219	"BREAST"	""	""	""	"BREAST"	""	""	""	"NED"	""	""	""	"YES"	"YES"	"YES"	"BOTH"	""	"NO"	""	"YES"	"Breast cancer;2003"	"YES"	"Breast"	"Facebook Angio Sarcoma grouo"	"Only doctors with Angio Sarcoma experience have any success with this type of cancer"	"NO"	"WHITE"	""	""	""	""	""	""	""	""	""	""	""	""	""	""	""	""	"9/1/44"	"True"	65	"BREAST (CUTANEOUS)"	"RAAS"	NA	"ASCProject_0167_T2"	65	"Breast (Cutaneous)"	65	"Breast (Cutaneous)"
"RP-1447_ASCProject_0167_T3_v1_Exome_OnPrem"	"ASCProject_0167_T3"	"Tumor"	"ASCProject_0167"	"DNA"	"T3"	"ASCProject_0167_T3"	""	""	438	"CHEST"	"EXCISION"	"YES"	"YES"	"YES"	"HIGH"	"ASCProject_0167"	"Breast (Cutaneous)"	"Breast (Cutaneous)"	"Breast"	""	""	NA	5	"65"	"F"	"BREAST (CUTANEOUS)"	"LEFT BREAST "	1	"NO"	1	1	"LEFT CHEST WALL SKIN, LEFT CHEST WALL"	"438"	"1071"	""	""	""	""	"NOT FOUND IN RECORD"	"NOT FOUND IN RECORD"	"NOT FOUND IN RECORD"	"3353"	"8/11/21"	"Path 167 T1_manual_OCR, Path 167 T2_manual_OCR, Path 167 T3_manual_OCR, 167_ArlingtonCancer, 167_ArlingtonCancer_2, 167_TexasHealth, ASC_167_Arlington_new, 167_MR_ASA_1_OCR, 167_MR_ASA_2_OCR, 167_MR_ASA_3_OCR, 167_MR_ASA_4_OCR"	"SS"	"BREAST (CUTANEOUS)"	0	NA	"167"	"DIAGNOSED"	65.37808219	"BREAST"	""	""	""	"BREAST"	""	""	""	"NED"	""	""	""	"YES"	"YES"	"YES"	"BOTH"	""	"NO"	""	"YES"	"Breast cancer;2003"	"YES"	"Breast"	"Facebook Angio Sarcoma grouo"	"Only doctors with Angio Sarcoma experience have any success with this type of cancer"	"NO"	"WHITE"	""	""	""	""	""	""	""	""	""	""	""	""	""	""	""	""	"9/1/44"	"True"	65	"BREAST (CUTANEOUS)"	"RAAS"	NA	"ASCProject_0167_T3"	65	"Breast (Cutaneous)"	65	"Breast (Cutaneous)"
"RP-1447_ASCProject_0168_SALIVA_v1_Exome_OnPrem"	"ASCProject_0168_SALIVA"	"Normal"	"ASCProject_0168"	"DNA"	""	"ASCProject_0168_SALIVA"	""	""	NA	""	""	""	""	""	""	"ASCProject_0168"	"Missing or Unknown"	"Primary Site Unknown"	"Liver"	"Liver, Lung, Distant Lymph Node, Visceral Organ"	"Liver, Lung, Distant Lymph Node, Visceral Organ"	NA	12	"20"	"M"	"OTHER [PRIMARY SITE UNKNOWN]"	"LIVER"	0	"NO"	0	0	""	""	""	""	""	""	""	"0"	"LIVER, LUNG, DISTANT LYMPH NODE, VISCERAL ORGAN"	"LIVER, LUNG, DISTANT LYMPH NODE, VISCERAL ORGAN"	"217"	"3/15/23"	"168_OCR, 168_Princeton_2, 168_Princeton, ASC_168_GPSCancer, ASC_168_Sarcoma_NEW"	"IS"	"OTHER"	0	1	"168"	"DIAGNOSED"	21.01369863	"LIVER,LUNG,ABDOMINAL"	""	"I have legions throughout mostly the right side of my abdomen area"	""	"LIVER,LUNG,ABDOMINAL"	""	"I have legions throughout mostly the right side of my abdomen area"	""	"LIVER,LUNG,ABDOMINAL"	""	"I have legions throughout mostly the right side of my abdomen area"	""	"NO"	""	"NO"	""	"Norco (5 mg) - for pain Chemotherapy: Gemcitabine, Doxorubicin, Docetaxel"	"YES"	"Chemotherapy: Gemcitabine, Doxorubicin, Docetaxel"	"NO"	""	"NO"	""	"My girlfriend researched it online and pointed it out to me."	""	"NO"	"WHITE"	""	""	""	""	""	""	""	""	""	""	""	""	""	""	""	""	"4/1/96"	"True"	20	"OTHER"	"Non-RAAS/LAAS"	4	"ASCProject_0168_SALIVA"	20	"Missing or Unknown"	20	"Missing or Unknown"
"RP-1447_ASCProject_0170_SALIVA_v1_Exome_OnPrem"	"ASCProject_0170_SALIVA"	"Normal"	"ASCProject_0170"	"DNA"	""	"ASCProject_0170_SALIVA"	""	""	NA	""	""	""	""	""	""	"ASCProject_0170"	"Breast (Cutaneous)"	"Breast (Cutaneous)"	"Breast"	"No Mets"	"No Mets"	NA	4	"64"	"F"	"BREAST (CUTANEOUS)"	"LEFT BREAST"	1	"NO"	1	1	"LEFT BREAST SKIN, LEFT BREAST SKIN"	"339"	"692"	""	""	""	""	""	"NO METS"	"NO METS"	"970"	"1/21/20"	"170_DanaFarber_1, 170_DukeHealth_PathReports, ASC_0170_PathReport, ASC_170_Path"	"QC"	"BREAST (CUTANEOUS)"	0	0	"170"	"DIAGNOSED"	64.6630137	"OTHER"	""	""	"Skin - cutaneous"	"OTHER"	""	""	"Skin"	"NED"	""	""	""	"YES"	"YES"	"YES"	"AFTER"	"Paclitaxel"	"DK"	""	"YES"	"Breast;2007"	"YES"	"Breast"	"Surgeon"	""	"NO"	"WHITE"	""	""	""	""	""	""	""	""	""	""	""	""	""	""	""	""	"9/17/50"	"True"	64	"BREAST (CUTANEOUS)"	"RAAS"	0	"ASCProject_0170_SALIVA"	64	"Breast (Cutaneous)"	64	"Breast (Cutaneous)"
"RP-1447_ASCProject_0170_T1_v4_Exome_OnPrem"	"ASCProject_0170_T1"	"Tumor"	"ASCProject_0170"	"DNA"	"T1"	"ASCProject_0170_T1"	""	""	6	"BREAST"	"MASTECTOMY"	"YES"	"NO"	"NO"	"LOW"	"ASCProject_0170"	"Breast (Cutaneous)"	"Breast (Cutaneous)"	"Breast"	"No Mets"	"No Mets"	NA	4	"64"	"F"	"BREAST (CUTANEOUS)"	"LEFT BREAST"	1	"NO"	1	1	"LEFT BREAST SKIN, LEFT BREAST SKIN"	"339"	"692"	""	""	""	""	""	"NO METS"	"NO METS"	"970"	"1/21/20"	"170_DanaFarber_1, 170_DukeHealth_PathReports, ASC_0170_PathReport, ASC_170_Path"	"QC"	"BREAST (CUTANEOUS)"	0	0	"170"	"DIAGNOSED"	64.6630137	"OTHER"	""	""	"Skin - cutaneous"	"OTHER"	""	""	"Skin"	"NED"	""	""	""	"YES"	"YES"	"YES"	"AFTER"	"Paclitaxel"	"DK"	""	"YES"	"Breast;2007"	"YES"	"Breast"	"Surgeon"	""	"NO"	"WHITE"	""	""	""	""	""	""	""	""	""	""	""	""	""	""	""	""	"9/17/50"	"True"	64	"BREAST (CUTANEOUS)"	"RAAS"	0	"ASCProject_0170_T1"	64	"Breast (Cutaneous)"	64	"Breast (Cutaneous)"
"RP-1447_ASCProject_0172_SALIVA_v1_Exome_OnPrem"	"ASCProject_0172_SALIVA"	"Normal"	"ASCProject_0172"	"DNA"	""	"ASCProject_0172_SALIVA"	""	""	NA	""	""	""	""	""	""	"ASCProject_0172"	"Breast (Parenchymal)"	"Breast (Parenchymal)"	"Breast"	""	""	NA	4	"49"	"F"	"BREAST (PARENCHYMAL)"	"LEFT BREAST"	0	"NO"	0	NA	"NOT FOUND IN RECORD"	"NOT FOUND IN RECORD"	"NOT FOUND IN RECORD"	"NOT FOUND IN RECORD"	"NOT FOUND IN RECORD"	"NOT FOUND IN RECORD"	"NOT FOUND IN RECORD"	"NOT FOUND IN RECORD"	"NOT FOUND IN RECORD"	"NOT FOUND IN RECORD"	"2565"	"6/2/21"	"172_StFrancis_MR_manual, 172_StFrancis_no_record, ASC_0172_T1"	"IS"	"BREAST (PARENCHYMAL)"	0	NA	"172"	"DIAGNOSED"	49.47123288	"BREAST"	""	""	""	"BREAST"	""	""	""	"NED"	""	""	""	"YES"	"YES"	"NO"	""	"no chemo no radiation"	"NO"	""	"NO"	""	"NO"	""	"I belong to Angiosarcoma Awareness FB group founded by Corrie Painter and Lauren Ryan"	"I found the lump in my breast myself.  When they did the ultrasound it had \"colors\" running through the tumor, so they knew blood flow was there which should not be.  The doctors checked my entire body to see where the primary origin could be before they did my surgery to remove the entire breast even though it was a small tumor they did not want to run the risk of just having a lumpectomy."	"NO"	"WHITE"	""	""	""	""	""	""	""	""	""	""	""	""	""	""	""	""	"9/22/61"	"True"	49	"BREAST (PARENCHYMAL)"	"Non-RAAS/LAAS"	NA	"ASCProject_0172_SALIVA"	49	"Breast (Parenchymal)"	49	"Breast (Parenchymal)"
"RP-1447_ASCProject_0172_T1_v3_Exome_OnPrem"	"ASCProject_0172_T1"	"Tumor"	"ASCProject_0172"	"DNA"	"T1"	"ASCProject_0172_T1"	""	""	57	"BREAST"	"MASTECTOMY"	"YES"	"NO"	"NO"	"LOW"	"ASCProject_0172"	"Breast (Parenchymal)"	"Breast (Parenchymal)"	"Breast"	""	""	NA	4	"49"	"F"	"BREAST (PARENCHYMAL)"	"LEFT BREAST"	0	"NO"	0	NA	"NOT FOUND IN RECORD"	"NOT FOUND IN RECORD"	"NOT FOUND IN RECORD"	"NOT FOUND IN RECORD"	"NOT FOUND IN RECORD"	"NOT FOUND IN RECORD"	"NOT FOUND IN RECORD"	"NOT FOUND IN RECORD"	"NOT FOUND IN RECORD"	"NOT FOUND IN RECORD"	"2565"	"6/2/21"	"172_StFrancis_MR_manual, 172_StFrancis_no_record, ASC_0172_T1"	"IS"	"BREAST (PARENCHYMAL)"	0	NA	"172"	"DIAGNOSED"	49.47123288	"BREAST"	""	""	""	"BREAST"	""	""	""	"NED"	""	""	""	"YES"	"YES"	"NO"	""	"no chemo no radiation"	"NO"	""	"NO"	""	"NO"	""	"I belong to Angiosarcoma Awareness FB group founded by Corrie Painter and Lauren Ryan"	"I found the lump in my breast myself.  When they did the ultrasound it had \"colors\" running through the tumor, so they knew blood flow was there which should not be.  The doctors checked my entire body to see where the primary origin could be before they did my surgery to remove the entire breast even though it was a small tumor they did not want to run the risk of just having a lumpectomy."	"NO"	"WHITE"	""	""	""	""	""	""	""	""	""	""	""	""	""	""	""	""	"9/22/61"	"True"	49	"BREAST (PARENCHYMAL)"	"Non-RAAS/LAAS"	NA	"ASCProject_0172_T1"	49	"Breast (Parenchymal)"	49	"Breast (Parenchymal)"
"RP-1447_ASCProject_0173_SALIVA_v1_Exome_OnPrem"	"ASCProject_0173_SALIVA"	"Normal"	"ASCProject_0173"	"DNA"	""	"ASCProject_0173_SALIVA"	""	""	NA	""	""	""	""	""	""	"ASCProject_0173"	"HNFS"	"HNFS"	"Face"	"No Mets"	"No Mets"	NA	3	"66"	"M"	"HNFS"	"BILATERAL CHEEKS, NOSE"	0	"NO"	1	0	""	""	""	""	""	""	""	""	"NO METS"	"NO METS"	"2431"	"6/24/21"	"173_MEDICAL_RECORD_OCR, 173_SITEMAN, ASC_173_MISSOURI_PATH, ASC_0173_T1_PATHREPORT, ASC_0173_T1_SK, ASC_173_UMISSOURI_NEW"	"SS"	"HNFS"	0	0	"173"	"DIAGNOSED"	66.10136986	"HEADFACENECK"	""	""	""	"HEADFACENECK"	""	""	""	"NED"	""	""	""	"YES"	"NO"	"YES"	"BEFORE"	"Taxol"	"NO"	""	"NO"	""	"NO"	""	"Facebook"	""	"NO"	"WHITE"	""	""	""	""	""	""	""	""	""	""	""	""	""	""	""	""	"11/10/45"	"True"	66	"HNFS"	"Non-RAAS/LAAS"	0	"ASCProject_0173_SALIVA"	66	"HNFS"	66	"HNFS"
"RP-1447_ASCProject_0173_T1_v1_Exome_OnPrem"	"ASCProject_0173_T1"	"Tumor"	"ASCProject_0173"	"DNA"	"T1"	"ASCProject_0173_T1"	""	""	4	"HEADFACENECKSCALP"	"Punch Biopsy"	"YES"	"NO"	"NO"	"LOW"	"ASCProject_0173"	"HNFS"	"HNFS"	"Face"	"No Mets"	"No Mets"	NA	3	"66"	"M"	"HNFS"	"BILATERAL CHEEKS, NOSE"	0	"NO"	1	0	""	""	""	""	""	""	""	""	"NO METS"	"NO METS"	"2431"	"6/24/21"	"173_MEDICAL_RECORD_OCR, 173_SITEMAN, ASC_173_MISSOURI_PATH, ASC_0173_T1_PATHREPORT, ASC_0173_T1_SK, ASC_173_UMISSOURI_NEW"	"SS"	"HNFS"	0	0	"173"	"DIAGNOSED"	66.10136986	"HEADFACENECK"	""	""	""	"HEADFACENECK"	""	""	""	"NED"	""	""	""	"YES"	"NO"	"YES"	"BEFORE"	"Taxol"	"NO"	""	"NO"	""	"NO"	""	"Facebook"	""	"NO"	"WHITE"	""	""	""	""	""	""	""	""	""	""	""	""	""	""	""	""	"11/10/45"	"True"	66	"HNFS"	"Non-RAAS/LAAS"	0	"ASCProject_0173_T1"	66	"HNFS"	66	"HNFS"
"RP-1447_ASCProject_0175_SALIVA_v1_Exome_OnPrem"	"ASCProject_0175_SALIVA"	"Normal"	"ASCProject_0175"	"DNA"	""	"ASCProject_0175_SALIVA"	""	""	NA	""	""	""	""	""	""	"ASCProject_0175"	"Breast (Cutaneous)"	"Breast (Cutaneous)"	"Breast"	"No Mets"	"No Mets"	NA	3	"71"	"F"	"BREAST (CUTANEOUS)"	"RIGHT BREAST"	1	"NO"	1	0	""	""	""	""	""	""	""	""	"NO METS"	"NO METS"	"2681"	"6/24/21"	"175_1, 175_2, 175_DFCI, ASC_0175_T1_PATHREPORT, ASC_0175_T1_SK"	"SS"	"BREAST (CUTANEOUS)"	0	0	"175"	"DIAGNOSED"	71.38630137	"BREAST"	""	""	""	"BREAST"	""	""	""	"NED"	""	""	""	"YES"	"YES"	"NO"	""	"Gemzar Gemzar/Taxetere"	"NO"	""	"YES"	"Breast Cancer;2003"	"YES"	"Right Breast"	"Corrie Painter"	"In Nov. 2009 I discovered a fast growing tumor which was diagnosed as secondary angiosarcoma. I turned to Dr. Ravi at MD Anderson Sarcoma Center for guidance and started 16 weeks of chemo followed by a radical mastectomy performed by a sarcoma surgeon.  The diagnosis was swift as were the therapy protocals so there was no delay in determining it was secondary angiosarcoma.  I'm sure that my health team and fast response is responsible for my continuing to be NED."	"NO"	"WHITE"	""	""	""	""	""	""	""	""	""	""	""	""	""	""	""	""	"7/31/38"	"True"	71	"BREAST (CUTANEOUS)"	"RAAS"	0	"ASCProject_0175_SALIVA"	71	"Breast (Cutaneous)"	71	"Breast (Cutaneous)"
"RP-1447_ASCProject_0175_T1_v1_Exome_OnPrem"	"ASCProject_0175_T1"	"Tumor"	"ASCProject_0175"	"DNA"	"T1"	"ASCProject_0175_T1"	""	""	-715	"BREAST"	"Biopsy"	"YES"	"YES"	"YES"	"HIGH"	"ASCProject_0175"	"Breast (Cutaneous)"	"Breast (Cutaneous)"	"Breast"	"No Mets"	"No Mets"	NA	3	"71"	"F"	"BREAST (CUTANEOUS)"	"RIGHT BREAST"	1	"NO"	1	0	""	""	""	""	""	""	""	""	"NO METS"	"NO METS"	"2681"	"6/24/21"	"175_1, 175_2, 175_DFCI, ASC_0175_T1_PATHREPORT, ASC_0175_T1_SK"	"SS"	"BREAST (CUTANEOUS)"	0	0	"175"	"DIAGNOSED"	71.38630137	"BREAST"	""	""	""	"BREAST"	""	""	""	"NED"	""	""	""	"YES"	"YES"	"NO"	""	"Gemzar Gemzar/Taxetere"	"NO"	""	"YES"	"Breast Cancer;2003"	"YES"	"Right Breast"	"Corrie Painter"	"In Nov. 2009 I discovered a fast growing tumor which was diagnosed as secondary angiosarcoma. I turned to Dr. Ravi at MD Anderson Sarcoma Center for guidance and started 16 weeks of chemo followed by a radical mastectomy performed by a sarcoma surgeon.  The diagnosis was swift as were the therapy protocals so there was no delay in determining it was secondary angiosarcoma.  I'm sure that my health team and fast response is responsible for my continuing to be NED."	"NO"	"WHITE"	""	""	""	""	""	""	""	""	""	""	""	""	""	""	""	""	"7/31/38"	"True"	71	"BREAST (CUTANEOUS)"	"RAAS"	0	"ASCProject_0175_T1"	71	"Breast (Cutaneous)"	71	"Breast (Cutaneous)"
"RP-1447_ASCProject_0176_SALIVA_v1_Exome_OnPrem"	"ASCProject_0176_SALIVA"	"Normal"	"ASCProject_0176"	"DNA"	""	"ASCProject_0176_SALIVA"	""	""	NA	""	""	""	""	""	""	"ASCProject_0176"	"Breast (NOS)"	"Breast (NOS)"	""	""	""	NA	NA	""	""	""	""	NA	""	NA	NA	""	""	""	""	""	""	""	""	""	""	""	""	""	""	""	NA	NA	"176"	"DIAGNOSED"	38.07671233	"BREAST"	""	""	""	"BREAST"	""	""	""	"NED"	""	""	""	"YES"	"YES"	"NO"	""	"none"	"NO"	""	"NO"	""	"NO"	""	"Found it on facebook when I was diagnosed."	"I refused radiation treatment. I am a nurse who worked in ambulatory surgery and in a GI unit. Worked with the chemicals we used to clean the scopes which are known to be carcinogenic and also assisted the MD with ERCP's.. My led apron always slipped off my shoulders and my first angiosarcoma showed up in the cleavage area by my right breast where the led apron ended."	"NO"	"WHITE"	""	""	""	""	""	""	""	""	""	""	""	""	""	""	""	""	"11/12/68"	"False"	38.07671233	"BREAST (NOS)"	""	NA	"ASCProject_0176_SALIVA"	38.07671233	"Breast (NOS)"	38.07671233	"Breast (NOS)"
"RP-1447_ASCProject_0177_SALIVA_v1_Exome_OnPrem"	"ASCProject_0177_SALIVA"	"Normal"	"ASCProject_0177"	"DNA"	""	"ASCProject_0177_SALIVA"	""	""	NA	""	""	""	""	""	""	"ASCProject_0177"	"Breast (NOS)"	"Breast (NOS)"	""	""	""	NA	NA	""	""	""	""	NA	""	NA	NA	""	""	""	""	""	""	""	""	""	""	""	""	""	""	""	NA	NA	"177"	"DIAGNOSED"	62.14246575	"BREAST"	""	""	""	"BREAST"	""	""	""	"NED"	""	""	""	"YES"	"YES"	"YES"	"AFTER"	"Taxol"	"NO"	""	"YES"	"Breast cancer from BRCA Gene;1986|Breast cancer from BRCA;1998"	"YES"	"Breast"	"Facebook"	""	"NO"	"WHITE"	""	""	""	""	""	""	""	""	""	""	""	""	""	""	""	""	"4/25/49"	"False"	62.14246575	"BREAST (NOS)"	""	NA	"ASCProject_0177_SALIVA"	62.14246575	"Breast (NOS)"	62.14246575	"Breast (NOS)"
"RP-1447_ASCProject_0179_SALIVA_v2_Exome_OnPrem"	"ASCProject_0179_SALIVA"	"Normal"	"ASCProject_0179"	"DNA"	""	"ASCProject_0179_SALIVA"	""	""	NA	""	""	""	""	""	""	"ASCProject_0179"	"Breast (Parenchymal)"	"Breast (Parenchymal)"	"Breast"	"No Mets"	"No Mets"	NA	1	"46"	"F"	"BREAST (PARENCHYMAL)"	"RIGHT BREAST"	0	"NO"	0	0	""	""	""	""	""	""	""	""	"NO METS"	"NO METS"	"1680"	"6/10/21"	"ASC_0179_T1_PATHREPORT, 179_TO-M_1_, 179 SOLIS MEDICAL RECORD, PATH 179 T1_MANUAL"	"SS"	"BREAST (PARENCHYMAL)"	0	0	"179"	"DIAGNOSED"	46.31506849	"BREAST"	""	""	""	"BREAST"	""	""	""	"NED"	""	""	""	"YES"	"YES"	"YES"	"AFTER"	"Doxorubicin,Mesna,Ifosfamide,Pedfilgrastim,Aloxi,Palonosetron,Dexamethasone sod phosphate,Fosaprepitant dimeglumine,sodium chloride,D5NS,Gabapentin"	"NO"	""	"DK"	""	"NO"	""	"Internet"	""	"YES"	"WHITE"	""	""	""	""	""	""	""	""	""	""	""	""	""	""	""	""	"1/18/66"	"True"	46	"BREAST (PARENCHYMAL)"	"Non-RAAS/LAAS"	0	"ASCProject_0179_SALIVA"	46	"Breast (Parenchymal)"	46	"Breast (Parenchymal)"
"RP-1447_ASCProject_0179_T1_v1_Exome_OnPrem"	"ASCProject_0179_T1"	"Tumor"	"ASCProject_0179"	"DNA"	"T1"	"ASCProject_0179_T1"	""	""	33	"BREAST"	""	""	""	""	""	"ASCProject_0179"	"Breast (Parenchymal)"	"Breast (Parenchymal)"	"Breast"	"No Mets"	"No Mets"	NA	1	"46"	"F"	"BREAST (PARENCHYMAL)"	"RIGHT BREAST"	0	"NO"	0	0	""	""	""	""	""	""	""	""	"NO METS"	"NO METS"	"1680"	"6/10/21"	"ASC_0179_T1_PATHREPORT, 179_TO-M_1_, 179 SOLIS MEDICAL RECORD, PATH 179 T1_MANUAL"	"SS"	"BREAST (PARENCHYMAL)"	0	0	"179"	"DIAGNOSED"	46.31506849	"BREAST"	""	""	""	"BREAST"	""	""	""	"NED"	""	""	""	"YES"	"YES"	"YES"	"AFTER"	"Doxorubicin,Mesna,Ifosfamide,Pedfilgrastim,Aloxi,Palonosetron,Dexamethasone sod phosphate,Fosaprepitant dimeglumine,sodium chloride,D5NS,Gabapentin"	"NO"	""	"DK"	""	"NO"	""	"Internet"	""	"YES"	"WHITE"	""	""	""	""	""	""	""	""	""	""	""	""	""	""	""	""	"1/18/66"	"True"	46	"BREAST (PARENCHYMAL)"	"Non-RAAS/LAAS"	0	"ASCProject_0179_T1"	46	"Breast (Parenchymal)"	46	"Breast (Parenchymal)"
"RP-1447_ASCProject_0180_SALIVA_v1_Exome_OnPrem"	"ASCProject_0180_SALIVA"	"Normal"	"ASCProject_0180"	"DNA"	""	"ASCProject_0180_SALIVA"	""	""	NA	""	""	""	""	""	""	"ASCProject_0180"	"HNFS"	"HNFS"	""	""	""	NA	NA	""	""	""	""	NA	""	NA	NA	""	""	""	""	""	""	""	""	""	""	""	""	""	""	""	NA	NA	"180"	"DIAGNOSED"	55.80273973	"HEADFACENECK"	""	""	""	"HEADFACENECK"	""	""	""	"NED"	""	""	""	"YES"	"YES"	"NO"	""	""	"YES"	"just screenings at Moffitt Cancer Center, Tampa Fl. no other treatments"	"NO"	""	"NO"	""	"facebook"	"I have autoimmune disease over active immune system, I always wondered if that is what kept my little tumor at bay for a year from when I first noticed it, diagnosed as a cist, until it was finally removed. I wonder why I have such a successful outcome compared to others with same cancer. I also take high doses of D3 5500 mg a day for years to combat early osteoarthritis and wondered if that made the difference for me? I also have sleep apnea and wondered if the plastic face mask an issue"	"NO"	"WHITE"	""	""	""	""	""	""	""	""	""	""	""	""	""	""	""	""	"2/25/60"	"False"	55.80273973	"HNFS"	""	NA	"ASCProject_0180_SALIVA"	55.80273973	"HNFS"	55.80273973	"HNFS"
"RP-1447_ASCProject_0182_SALIVA_v1_Exome_OnPrem"	"ASCProject_0182_SALIVA"	"Normal"	"ASCProject_0182"	"DNA"	""	"ASCProject_0182_SALIVA"	""	""	NA	""	""	""	""	""	""	"ASCProject_0182"	"Breast (Parenchymal)"	"Breast (Parenchymal)"	"Breast"	""	""	NA	4	"NOT FOUND IN RECORD"	"F"	"BREAST (PARENCHYMAL)"	"RIGHT BREAST"	0	"NOT FOUND IN RECORD"	NA	NA	"NOT FOUND IN RECORD"	"NOT FOUND IN RECORD"	"NOT FOUND IN RECORD"	"NOT FOUND IN RECORD"	"NOT FOUND IN RECORD"	"NOT FOUND IN RECORD"	"NOT FOUND IN RECORD"	"NOT FOUND IN RECORD"	"NOT FOUND IN RECORD"	"NOT FOUND IN RECORD"	"NOT FOUND IN RECORD"	"6/25/21"	"182_StElizabeth_2_manual, 182_StElizabeth_manual, ASC_182_PathReport_manual, ASC_182_T1_Pathreport"	"IS"	"BREAST (PARENCHYMAL)"	NA	NA	"182"	"DIAGNOSED"	56.33150685	"BREAST"	""	""	""	"BREAST"	""	""	""	"DK"	""	""	""	"YES"	"YES"	"NO"	""	"None"	"NO"	""	"NO"	""	"NO"	""	"Facebook AngioSarcoma Group Page"	"My younger brother had AngioSarcoma in the lining of heart and lungs.  He passed away within 6 months 7/22/2007 at the age of 46."	"NO"	"WHITE"	""	""	""	""	""	""	""	""	""	""	""	""	""	""	""	""	"4/16/58"	"True"	NA	"BREAST (PARENCHYMAL)"	"Non-RAAS/LAAS"	NA	"ASCProject_0182_SALIVA"	NA	"Breast (Parenchymal)"	NA	"Breast (Parenchymal)"
"RP-1447_ASCProject_0182_T1_v3_Exome_OnPrem"	"ASCProject_0182_T1"	"Tumor"	"ASCProject_0182"	"DNA"	"T1"	"ASCProject_0182_T1"	""	""	42	"BREAST"	"MASTECTOMY"	"YES"	"NO"	"NO"	"HIGH"	"ASCProject_0182"	"Breast (Parenchymal)"	"Breast (Parenchymal)"	"Breast"	""	""	NA	4	"NOT FOUND IN RECORD"	"F"	"BREAST (PARENCHYMAL)"	"RIGHT BREAST"	0	"NOT FOUND IN RECORD"	NA	NA	"NOT FOUND IN RECORD"	"NOT FOUND IN RECORD"	"NOT FOUND IN RECORD"	"NOT FOUND IN RECORD"	"NOT FOUND IN RECORD"	"NOT FOUND IN RECORD"	"NOT FOUND IN RECORD"	"NOT FOUND IN RECORD"	"NOT FOUND IN RECORD"	"NOT FOUND IN RECORD"	"NOT FOUND IN RECORD"	"6/25/21"	"182_StElizabeth_2_manual, 182_StElizabeth_manual, ASC_182_PathReport_manual, ASC_182_T1_Pathreport"	"IS"	"BREAST (PARENCHYMAL)"	NA	NA	"182"	"DIAGNOSED"	56.33150685	"BREAST"	""	""	""	"BREAST"	""	""	""	"DK"	""	""	""	"YES"	"YES"	"NO"	""	"None"	"NO"	""	"NO"	""	"NO"	""	"Facebook AngioSarcoma Group Page"	"My younger brother had AngioSarcoma in the lining of heart and lungs.  He passed away within 6 months 7/22/2007 at the age of 46."	"NO"	"WHITE"	""	""	""	""	""	""	""	""	""	""	""	""	""	""	""	""	"4/16/58"	"True"	NA	"BREAST (PARENCHYMAL)"	"Non-RAAS/LAAS"	NA	"ASCProject_0182_T1"	NA	"Breast (Parenchymal)"	NA	"Breast (Parenchymal)"
"RP-1447_ASCProject_0184_T1_v1_Exome_OnPrem"	"ASCProject_0184_T1"	"Tumor"	"ASCProject_0184"	"DNA"	"T1"	"ASCProject_0184_T1"	""	""	NA	""	""	""	""	""	""	"ASCProject_0184"	"Heart"	"Heart"	"Bowel"	"Distant Lymph Node, Visceral Organ"	"Distant Lymph Node, Visceral Organ"	NA	2	"70"	"M"	"CARDIAC"	"SMALL BOWEL"	0	"NO"	0	0	""	""	""	""	""	""	""	"0"	"DISTANT LYMPH NODE, VISCERAL ORGAN"	"DISTANT LYMPH NODE, VISCERAL ORGAN"	"373"	"4/13/21"	"184_All_SeattleCancer, 184_eMAR,SeattleCancer, Path 184 T1_manual"	"IS"	"CARDIAC"	0	1	"184"	"DIAGNOSED"	70.94794521	"ABDOMINAL"	""	""	""	""	""	""	""	"ABDOMINAL"	""	""	""	"YES"	"NO"	"NO"	""	"Chemo weekly  (Paxell)"	"YES"	"Weekly Chemo/ Have also tried M. oil"	"NO"	""	"NO"	""	"Facebook"	"The operation was not very successful  other than to see how much it had spread throughout my upper intesstine."	"NO"	"AMERICAN_INDIAN"	""	""	""	""	""	""	""	""	""	""	""	""	""	""	""	""	"8/7/45"	"True"	70	"HEART"	"Non-RAAS/LAAS"	2	"ASCProject_0184_T1"	70	"Heart"	70	"Heart"
"RP-1447_ASCProject_0187_SALIVA_v1_Exome_OnPrem"	"ASCProject_0187_SALIVA"	"Normal"	"ASCProject_0187"	"DNA"	""	"ASCProject_0187_SALIVA"	""	""	NA	""	""	""	""	""	""	"ASCProject_0187"	"HNFS"	"HNFS"	"Scalp"	"No Mets"	"No Mets"	NA	12	"64"	"F"	"HNFS"	"SCALP"	0	"NO"	1	0	""	""	""	""	""	""	""	""	"NO METS"	"NO METS"	"685"	"3/16/23"	"ASC_187_Carle_1of2_OCR, ASC_187_Carle_2of2_OCR"	"IS"	"HNFS"	0	0	"187"	"DIAGNOSED"	64.81643836	"SCALP"	""	""	""	"SCALP,LIVER"	""	""	""	"LIVER"	""	""	""	"YES"	"NO"	"YES"	"AFTER"	"Taxol"	"YES"	"Will start chem in a few weeks. Doxorubicin and Lutravo"	"YES"	"Basal cell;"	"NO"	""	"Facebook"	"Went 1 year NED from April 2016 - April 2017. No chemo during that time. Just reoccurred in scans earlier this month."	"NO"	"WHITE"	""	""	""	""	""	""	""	""	""	""	""	""	""	""	""	""	"7/23/50"	"True"	64	"HNFS"	"Non-RAAS/LAAS"	0	"ASCProject_0187_SALIVA"	64	"HNFS"	64	"HNFS"
"RP-1447_ASCProject_0189_SALIVA_v1_Exome_OnPrem"	"ASCProject_0189_SALIVA"	"Normal"	"ASCProject_0189"	"DNA"	""	"ASCProject_0189_SALIVA"	""	""	NA	""	""	""	""	""	""	"ASCProject_0189"	"Extremities"	"Upper Extremity"	""	""	""	NA	NA	""	""	""	""	NA	""	NA	NA	""	""	""	""	""	""	""	""	""	""	""	""	""	""	""	NA	NA	"189"	"DIAGNOSED"	36.49315068	"BONELIMB"	"Left arm(above elbow). Previous AV Fistula site"	""	""	""	""	""	""	"LUNG"	""	""	""	"YES"	"NO"	"NO"	""	""	"YES"	"Up coming chemotherapy, Forequarter amputation"	"NO"	""	"YES"	""	"Internet"	""	"NO"	"JAPANESE"	""	""	""	""	""	""	""	""	""	""	""	""	""	""	""	""	"10/12/80"	"False"	36.49315068	"BONELIMB"	""	NA	"ASCProject_0189_SALIVA"	36.49315068	"Extremities"	36.49315068	"Extremities"
"RP-1447_ASCProject_0193_SALIVA_v1_Exome_OnPrem"	"ASCProject_0193_SALIVA"	"Normal"	"ASCProject_0193"	"DNA"	""	"ASCProject_0193_SALIVA"	""	""	NA	""	""	""	""	""	""	"ASCProject_0193"	"HNFS"	"HNFS"	"Forehead"	"No Mets"	"No Mets"	NA	12	"43"	"F"	"HNFS"	"LEFT FOREHEAD"	0	"NO"	1	0	""	""	""	""	""	""	""	""	"NO METS"	"NO METS"	"538"	"3/17/23"	"193 Laser and Skin Care Medical Record_OCR, 193 UCLA Medical Record_OCR, ASC_193_MDAnderson_new, ASC_193_MDAnderson, ASC_193_UCLA"	"IS"	"HNFS"	0	0	"193"	"DIAGNOSED"	43.06027397	"SCALP"	""	""	""	"HEADFACENECK,SCALP,LUNG"	""	""	""	"HEADFACENECK,SCALP,LUNG"	""	""	""	"NO"	""	"YES"	"BEFORE"	"Doxorubicin, Keytruda, TRC-105 & Votrient, GAT (Gemzar, Adryamicn, Taxol), DTIC, Avastin"	"NO"	""	"YES"	"Squamous cell skin cancer;2017"	"NO"	""	"Facebook"	"I just learned my diagnosis a week and s half ago. I'm waiting for Pet Scan results to find out if it has spread. An MRI showed its only on one spot on my head right now.‚Äî- Updated 5/9/19"	"NO"	"WHITE,OTHER"	"Middle Eastern"	""	""	""	""	""	""	""	""	""	""	""	""	""	""	""	"3/21/74"	"True"	43	"HNFS"	"Non-RAAS/LAAS"	0	"ASCProject_0193_SALIVA"	43	"HNFS"	43	"HNFS"
"RP-1447_ASCProject_0194_SALIVA_v3_Exome_OnPrem"	"ASCProject_0194_SALIVA"	"Normal"	"ASCProject_0194"	"DNA"	""	"ASCProject_0194_SALIVA"	""	""	NA	""	""	""	""	""	""	"ASCProject_0194"	"Heart"	"Heart"	"Pericardium"	"Bone"	"Bone, Brain"	NA	5	"32"	"M"	"CARDIAC"	"PERICARDIUM"	0	"NO"	0	0	""	""	""	""	""	""	""	"420"	"BONE"	"BONE, BRAIN"	"896"	"8/20/21"	"194_1_OCR, 194_2_OCR, 194_3_OCR, 194_T1_OCR, ASC_194_Mercy_p.1-8, ASC_194_Mercy"	"IS"	"CARDIAC"	0	1	"194"	"DIAGNOSED"	32.29589041	"HEART"	""	""	""	"OTHER"	""	""	"Spot on my T11 vertebre"	"HEART,OTHER"	""	""	"T11 spine"	"YES"	"NO"	"NO"	""	"Ifos,Doxirubicin,gemtax"	"YES"	"Gemtax regimen"	"NO"	""	"NO"	""	"Corine"	""	"NO"	"WHITE"	""	""	""	""	""	""	""	""	""	""	""	""	""	""	""	""	"6/23/83"	"True"	32	"HEART"	"Non-RAAS/LAAS"	2	"ASCProject_0194_SALIVA"	32	"Heart"	32	"Heart"
"RP-1447_ASCProject_0194_T2_v3_Exome_OnPrem"	"ASCProject_0194_T2"	"Tumor"	"ASCProject_0194"	"DNA"	"T2"	"ASCProject_0194_T2"	""	""	304	"HEART"	"RESECTION"	"YES"	"YES"	"YES"	"HIGH"	"ASCProject_0194"	"Heart"	"Heart"	"Pericardium"	"Bone"	"Bone, Brain"	NA	5	"32"	"M"	"CARDIAC"	"PERICARDIUM"	0	"NO"	0	0	""	""	""	""	""	""	""	"420"	"BONE"	"BONE, BRAIN"	"896"	"8/20/21"	"194_1_OCR, 194_2_OCR, 194_3_OCR, 194_T1_OCR, ASC_194_Mercy_p.1-8, ASC_194_Mercy"	"IS"	"CARDIAC"	0	1	"194"	"DIAGNOSED"	32.29589041	"HEART"	""	""	""	"OTHER"	""	""	"Spot on my T11 vertebre"	"HEART,OTHER"	""	""	"T11 spine"	"YES"	"NO"	"NO"	""	"Ifos,Doxirubicin,gemtax"	"YES"	"Gemtax regimen"	"NO"	""	"NO"	""	"Corine"	""	"NO"	"WHITE"	""	""	""	""	""	""	""	""	""	""	""	""	""	""	""	""	"6/23/83"	"True"	32	"HEART"	"Non-RAAS/LAAS"	2	"ASCProject_0194_T2"	32	"Heart"	32	"Heart"
"RP-1447_ASCProject_0194_T1_v3_Exome_OnPrem"	"ASCProject_0194_T1"	"Tumor"	"ASCProject_0194"	"DNA"	"T1"	"ASCProject_0194_T1"	""	""	NA	""	""	""	""	""	""	"ASCProject_0194"	"Heart"	"Heart"	"Pericardium"	"Bone"	"Bone, Brain"	NA	5	"32"	"M"	"CARDIAC"	"PERICARDIUM"	0	"NO"	0	0	""	""	""	""	""	""	""	"420"	"BONE"	"BONE, BRAIN"	"896"	"8/20/21"	"194_1_OCR, 194_2_OCR, 194_3_OCR, 194_T1_OCR, ASC_194_Mercy_p.1-8, ASC_194_Mercy"	"IS"	"CARDIAC"	0	1	"194"	"DIAGNOSED"	32.29589041	"HEART"	""	""	""	"OTHER"	""	""	"Spot on my T11 vertebre"	"HEART,OTHER"	""	""	"T11 spine"	"YES"	"NO"	"NO"	""	"Ifos,Doxirubicin,gemtax"	"YES"	"Gemtax regimen"	"NO"	""	"NO"	""	"Corine"	""	"NO"	"WHITE"	""	""	""	""	""	""	""	""	""	""	""	""	""	""	""	""	"6/23/83"	"True"	32	"HEART"	"Non-RAAS/LAAS"	2	"ASCProject_0194_T1"	32	"Heart"	32	"Heart"
"RP-1447_ASCProject_0196_SALIVA_v1_Exome_OnPrem"	"ASCProject_0196_SALIVA"	"Normal"	"ASCProject_0196"	"DNA"	""	"ASCProject_0196_SALIVA"	""	""	NA	""	""	""	""	""	""	"ASCProject_0196"	"Breast (NOS)"	"Breast (NOS)"	""	""	""	NA	NA	""	""	""	""	NA	""	NA	NA	""	""	""	""	""	""	""	""	""	""	""	""	""	""	""	NA	NA	"196"	"DIAGNOSED"	23.93150685	"BREAST"	""	""	""	"BREAST"	""	""	""	"NED"	""	""	""	"YES"	"YES"	"NO"	""	""	"NO"	""	"NO"	""	"NO"	""	"Facebook group"	"I was 23 when diagnosed. I elected not to participate in the recommended treatment radiation & chemotherapy. Instead I elected for surgery to remove tumor only."	"NO"	"NATIVE_HAWAIIAN,WHITE"	""	""	""	""	""	""	""	""	""	""	""	""	""	""	""	""	"8/1/74"	"False"	23.93150685	"BREAST (NOS)"	""	NA	"ASCProject_0196_SALIVA"	23.93150685	"Breast (NOS)"	23.93150685	"Breast (NOS)"
"RP-1447_ASCProject_0197_SALIVA_v2_Exome_OnPrem"	"ASCProject_0197_SALIVA"	"Normal"	"ASCProject_0197"	"DNA"	""	"ASCProject_0197_SALIVA"	""	""	NA	""	""	""	""	""	""	"ASCProject_0197"	"Extremities"	"Upper Extremity"	"Arm"	"Breast"	"Breast"	NA	4	"62"	"F"	"SKIN-CUTANEOUS (ASSOCIATED WITH LYMPHEDEMA)"	"RIGHT UPPER ARM"	0	"YES"	1	0	""	""	""	""	""	""	""	"317"	"OTHER (RIGHT BREAST SKIN)"	"OTHER (RIGHT BREAST SKIN)"	"556"	"1/16/20"	"197_TCHO_1, 197_TCHO_2, 197_TCHO_3, 197_TCHO_4, 197_TCHO_5, 197_TCHO_6, ASC_0197_T1A_T1B_PATHREPORT"	"QC/AD"	"EXTREMITY"	1	1	"197"	"DIAGNOSED"	63.08493151	"BONELIMB,OTHER"	""	""	""	"BONELIMB,OTHER"	""	""	""	"BONELIMB,OTHER"	""	""	""	"YES"	"NO"	"NO"	""	"TAXOL"	"YES"	"TAXOL"	"YES"	"Breast ;1999|Uterus ;2008"	"YES"	"Breast armpit back"	"Facebook"	"Lymphademia in r arm. several infections in r  arm.  Cysts in r  arm turned out to be angiosarcoma."	"NO"	"WHITE"	""	""	""	""	""	""	""	""	""	""	""	""	""	""	""	""	"1/17/54"	"True"	62	"BONELIMB"	"LAAS"	1	"ASCProject_0197_SALIVA"	62	"Extremities"	62	"Extremities"
"RP-1447_ASCProject_0197_T1A_v4_Exome_OnPrem"	"ASCProject_0197_T1A"	"Tumor"	"ASCProject_0197"	"DNA"	"T1A"	"ASCProject_0197_T1A"	""	""	60	"SKIN"	"EXCISION"	"YES (FOCAL)"	"YES"	"NO"	"HIGH"	"ASCProject_0197"	"Extremities"	"Upper Extremity"	"Arm"	"Breast"	"Breast"	NA	4	"62"	"F"	"SKIN-CUTANEOUS (ASSOCIATED WITH LYMPHEDEMA)"	"RIGHT UPPER ARM"	0	"YES"	1	0	""	""	""	""	""	""	""	"317"	"OTHER (RIGHT BREAST SKIN)"	"OTHER (RIGHT BREAST SKIN)"	"556"	"1/16/20"	"197_TCHO_1, 197_TCHO_2, 197_TCHO_3, 197_TCHO_4, 197_TCHO_5, 197_TCHO_6, ASC_0197_T1A_T1B_PATHREPORT"	"QC/AD"	"EXTREMITY"	1	1	"197"	"DIAGNOSED"	63.08493151	"BONELIMB,OTHER"	""	""	""	"BONELIMB,OTHER"	""	""	""	"BONELIMB,OTHER"	""	""	""	"YES"	"NO"	"NO"	""	"TAXOL"	"YES"	"TAXOL"	"YES"	"Breast ;1999|Uterus ;2008"	"YES"	"Breast armpit back"	"Facebook"	"Lymphademia in r arm. several infections in r  arm.  Cysts in r  arm turned out to be angiosarcoma."	"NO"	"WHITE"	""	""	""	""	""	""	""	""	""	""	""	""	""	""	""	""	"1/17/54"	"True"	62	"BONELIMB"	"LAAS"	1	"ASCProject_0197_T1A"	62	"Extremities"	62	"Extremities"
"RP-1447_ASCProject_0197_T1B_v4_Exome_OnPrem"	"ASCProject_0197_T1B"	"Tumor"	"ASCProject_0197"	"DNA"	"T1B"	"ASCProject_0197_T1B"	""	""	60	"SKIN"	"EXCISION"	"YES (FOCAL)"	"YES"	"NO"	"HIGH"	"ASCProject_0197"	"Extremities"	"Upper Extremity"	"Arm"	"Breast"	"Breast"	NA	4	"62"	"F"	"SKIN-CUTANEOUS (ASSOCIATED WITH LYMPHEDEMA)"	"RIGHT UPPER ARM"	0	"YES"	1	0	""	""	""	""	""	""	""	"317"	"OTHER (RIGHT BREAST SKIN)"	"OTHER (RIGHT BREAST SKIN)"	"556"	"1/16/20"	"197_TCHO_1, 197_TCHO_2, 197_TCHO_3, 197_TCHO_4, 197_TCHO_5, 197_TCHO_6, ASC_0197_T1A_T1B_PATHREPORT"	"QC/AD"	"EXTREMITY"	1	1	"197"	"DIAGNOSED"	63.08493151	"BONELIMB,OTHER"	""	""	""	"BONELIMB,OTHER"	""	""	""	"BONELIMB,OTHER"	""	""	""	"YES"	"NO"	"NO"	""	"TAXOL"	"YES"	"TAXOL"	"YES"	"Breast ;1999|Uterus ;2008"	"YES"	"Breast armpit back"	"Facebook"	"Lymphademia in r arm. several infections in r  arm.  Cysts in r  arm turned out to be angiosarcoma."	"NO"	"WHITE"	""	""	""	""	""	""	""	""	""	""	""	""	""	""	""	""	"1/17/54"	"True"	62	"BONELIMB"	"LAAS"	1	"ASCProject_0197_T1B"	62	"Extremities"	62	"Extremities"
"RP-1447_ASCProject_0201_SALIVA_v1_Exome_OnPrem"	"ASCProject_0201_SALIVA"	"Normal"	"ASCProject_0201"	"DNA"	""	"ASCProject_0201_SALIVA"	""	""	NA	""	""	""	""	""	""	"ASCProject_0201"	"Breast (Parenchymal)"	"Breast (Parenchymal)"	"Breast"	"Liver"	"Liver, Retroperitoneum"	NA	5	"36"	"F"	"BREAST (PARENCHYMAL)"	"RIGHT BREAST"	0	"NO"	0	1	"RIGHT BREAST"	"1315"	""	""	""	""	""	"3746"	"LIVER"	"LIVER, OTHER (RETROPERITONEUM)"	"5249"	"1/1/20"	"201_2_OCR, 201_MR_Texas Oncology some MD Anderson and Baylor_OCR, 201_1_OCRASC_0201_T1_PathReport,ASC_0201_T2_PathReport, ASC_201_TexasOnc (searchable), 201_1_mda, 201_2_mda, 201_3, 201_4, 201_5, 201_6"	"RR"	"BREAST (PARENCHYMAL)"	0	1	"201"	"DIAGNOSED"	36.14794521	"BREAST"	""	""	""	"BREAST,LIVER"	""	""	""	"NED"	""	""	""	"YES"	"YES"	"YES"	"AFTER"	"1st time in 2005 only surgery 2nd time in 2008 radiation followed by Gemcitabine/ Tacotere 3rd time in 2015 metastatic liver Angiosarcoma Adriamycin/ Ifosamide"	"NO"	""	"NO"	""	"NO"	""	"Angiosarcoma Facebook Corrie"	"This last time it was metastatic after I completed chemo I still had lesion on liver completed chemo in October2015 in November I started drinking sour sop tea. I was scheduled to participate in a clinical trial at MD Anderson in Jan 2016 when I went to do biopsy in Jan they couldn't find lesion big enough to biopsy. I continued drinking sour sop tea 1 cup 3 x a day when I returned to do scans in may to doctors surprise liesion was getting smaller when I returned in July I was NED still drink tea"	"YES"	"WHITE"	""	""	""	""	""	""	""	""	""	""	""	""	""	""	""	""	"11/17/68"	"True"	36	"BREAST (PARENCHYMAL)"	"Non-RAAS/LAAS"	2	"ASCProject_0201_SALIVA"	36	"Breast (Parenchymal)"	36	"Breast (Parenchymal)"
"RP-1447_ASCProject_0201_T1_v1_Exome_OnPrem"	"ASCProject_0201_T1"	"Tumor"	"ASCProject_0201"	"DNA"	"T1"	"ASCProject_0201_T1"	""	""	0	"BREAST"	"EXCISION"	"YES"	"NO"	"YES (FOCAL)"	"HIGH"	"ASCProject_0201"	"Breast (Parenchymal)"	"Breast (Parenchymal)"	"Breast"	"Liver"	"Liver, Retroperitoneum"	NA	5	"36"	"F"	"BREAST (PARENCHYMAL)"	"RIGHT BREAST"	0	"NO"	0	1	"RIGHT BREAST"	"1315"	""	""	""	""	""	"3746"	"LIVER"	"LIVER, OTHER (RETROPERITONEUM)"	"5249"	"1/1/20"	"201_2_OCR, 201_MR_Texas Oncology some MD Anderson and Baylor_OCR, 201_1_OCRASC_0201_T1_PathReport,ASC_0201_T2_PathReport, ASC_201_TexasOnc (searchable), 201_1_mda, 201_2_mda, 201_3, 201_4, 201_5, 201_6"	"RR"	"BREAST (PARENCHYMAL)"	0	1	"201"	"DIAGNOSED"	36.14794521	"BREAST"	""	""	""	"BREAST,LIVER"	""	""	""	"NED"	""	""	""	"YES"	"YES"	"YES"	"AFTER"	"1st time in 2005 only surgery 2nd time in 2008 radiation followed by Gemcitabine/ Tacotere 3rd time in 2015 metastatic liver Angiosarcoma Adriamycin/ Ifosamide"	"NO"	""	"NO"	""	"NO"	""	"Angiosarcoma Facebook Corrie"	"This last time it was metastatic after I completed chemo I still had lesion on liver completed chemo in October2015 in November I started drinking sour sop tea. I was scheduled to participate in a clinical trial at MD Anderson in Jan 2016 when I went to do biopsy in Jan they couldn't find lesion big enough to biopsy. I continued drinking sour sop tea 1 cup 3 x a day when I returned to do scans in may to doctors surprise liesion was getting smaller when I returned in July I was NED still drink tea"	"YES"	"WHITE"	""	""	""	""	""	""	""	""	""	""	""	""	""	""	""	""	"11/17/68"	"True"	36	"BREAST (PARENCHYMAL)"	"Non-RAAS/LAAS"	2	"ASCProject_0201_T1"	36	"Breast (Parenchymal)"	36	"Breast (Parenchymal)"
"RP-1447_ASCProject_0201_T2_v1_Exome_OnPrem"	"ASCProject_0201_T2"	"Tumor"	"ASCProject_0201"	"DNA"	"T2"	"ASCProject_0201_T2"	""	""	1415	"BREAST"	"MASTECTOMY"	"YES"	"YES"	"YES"	"HIGH"	"ASCProject_0201"	"Breast (Parenchymal)"	"Breast (Parenchymal)"	"Breast"	"Liver"	"Liver, Retroperitoneum"	NA	5	"36"	"F"	"BREAST (PARENCHYMAL)"	"RIGHT BREAST"	0	"NO"	0	1	"RIGHT BREAST"	"1315"	""	""	""	""	""	"3746"	"LIVER"	"LIVER, OTHER (RETROPERITONEUM)"	"5249"	"1/1/20"	"201_2_OCR, 201_MR_Texas Oncology some MD Anderson and Baylor_OCR, 201_1_OCRASC_0201_T1_PathReport,ASC_0201_T2_PathReport, ASC_201_TexasOnc (searchable), 201_1_mda, 201_2_mda, 201_3, 201_4, 201_5, 201_6"	"RR"	"BREAST (PARENCHYMAL)"	0	1	"201"	"DIAGNOSED"	36.14794521	"BREAST"	""	""	""	"BREAST,LIVER"	""	""	""	"NED"	""	""	""	"YES"	"YES"	"YES"	"AFTER"	"1st time in 2005 only surgery 2nd time in 2008 radiation followed by Gemcitabine/ Tacotere 3rd time in 2015 metastatic liver Angiosarcoma Adriamycin/ Ifosamide"	"NO"	""	"NO"	""	"NO"	""	"Angiosarcoma Facebook Corrie"	"This last time it was metastatic after I completed chemo I still had lesion on liver completed chemo in October2015 in November I started drinking sour sop tea. I was scheduled to participate in a clinical trial at MD Anderson in Jan 2016 when I went to do biopsy in Jan they couldn't find lesion big enough to biopsy. I continued drinking sour sop tea 1 cup 3 x a day when I returned to do scans in may to doctors surprise liesion was getting smaller when I returned in July I was NED still drink tea"	"YES"	"WHITE"	""	""	""	""	""	""	""	""	""	""	""	""	""	""	""	""	"11/17/68"	"True"	36	"BREAST (PARENCHYMAL)"	"Non-RAAS/LAAS"	2	"ASCProject_0201_T2"	36	"Breast (Parenchymal)"	36	"Breast (Parenchymal)"
"RP-1447_ASCProject_0202_SALIVA_v3_Exome_OnPrem"	"ASCProject_0202_SALIVA"	"Normal"	"ASCProject_0202"	"DNA"	""	"ASCProject_0202_SALIVA"	""	""	NA	""	""	""	""	""	""	"ASCProject_0202"	"Breast (Cutaneous)"	"Breast (Cutaneous)"	"Breast Skin"	"No Mets"	"No Mets"	NA	5	"51"	"F"	"BREAST (CUTANEOUS)"	"LEFT BREAST SKIN"	1	"NO"	1	0	""	""	""	""	""	""	""	""	"NO METS"	"NO METS"	"1463"	"5/27/21"	"202_1, 202_2, 202_3, 202_4, 202_Yavapai_followup"	"IS"	"BREAST (CUTANEOUS)"	0	0	"202"	"DIAGNOSED"	51.87671233	"BREAST"	""	""	""	"BREAST"	""	""	""	"NED"	""	""	""	"YES"	"YES"	"NO"	""	"No other treatment"	"NO"	""	"YES"	"Breast Cancer;2007"	"YES"	"Breast"	"Facebook Group"	""	"NO"	"WHITE"	""	""	""	""	""	""	""	""	""	""	""	""	""	""	""	""	"3/31/63"	"True"	51	"BREAST (CUTANEOUS)"	"RAAS"	0	"ASCProject_0202_SALIVA"	51	"Breast (Cutaneous)"	51	"Breast (Cutaneous)"
"RP-1447_ASCProject_0202_T1_v3_Exome_OnPrem"	"ASCProject_0202_T1"	"Tumor"	"ASCProject_0202"	"DNA"	"T1"	"ASCProject_0202_T1"	""	""	0	"BREAST"	"EXCISION"	"YES"	"NO"	"YES"	"HIGH"	"ASCProject_0202"	"Breast (Cutaneous)"	"Breast (Cutaneous)"	"Breast Skin"	"No Mets"	"No Mets"	NA	5	"51"	"F"	"BREAST (CUTANEOUS)"	"LEFT BREAST SKIN"	1	"NO"	1	0	""	""	""	""	""	""	""	""	"NO METS"	"NO METS"	"1463"	"5/27/21"	"202_1, 202_2, 202_3, 202_4, 202_Yavapai_followup"	"IS"	"BREAST (CUTANEOUS)"	0	0	"202"	"DIAGNOSED"	51.87671233	"BREAST"	""	""	""	"BREAST"	""	""	""	"NED"	""	""	""	"YES"	"YES"	"NO"	""	"No other treatment"	"NO"	""	"YES"	"Breast Cancer;2007"	"YES"	"Breast"	"Facebook Group"	""	"NO"	"WHITE"	""	""	""	""	""	""	""	""	""	""	""	""	""	""	""	""	"3/31/63"	"True"	51	"BREAST (CUTANEOUS)"	"RAAS"	0	"ASCProject_0202_T1"	51	"Breast (Cutaneous)"	51	"Breast (Cutaneous)"
"RP-1447_ASCProject_0205_SALIVA_v1_Exome_OnPrem"	"ASCProject_0205_SALIVA"	"Normal"	"ASCProject_0205"	"DNA"	""	"ASCProject_0205_SALIVA"	""	""	NA	""	""	""	""	""	""	"ASCProject_0205"	"HNFS"	"HNFS"	"Nose"	"Distant Lymph Node"	"Distant Lymph Node, Lung"	NA	9	"56"	"M"	"HNFS"	"NOSE"	0	"NO"	1	1	"HNFS"	""	""	""	""	""	""	"164"	"DISTANT LYMPH NODE"	"DISTANT LYMPH NODE, LUNG, OTHER (PLEURA)"	"507"	"2/25/22"	"ASC_205_KAISER.PDF"	"LS"	"HNFS"	0	1	"205"	"DIAGNOSED"	56.62191781	"HEADFACENECK"	""	""	""	"HEADFACENECK,LYMPH"	""	""	""	"LYMPH"	""	""	""	"YES"	"YES"	"YES"	"AFTER"	"none"	"YES"	"radiation"	"NO"	""	"NO"	""	"google"	"diagnosed cancer on nose Nov 2016 - removed outer nose and had radiation. Cancer came back in neck lymode nodes Feb 2017 = had surgery and now doing radiation"	"NO"	"WHITE"	""	""	""	""	""	""	""	""	""	""	""	""	""	""	""	""	"4/2/60"	"True"	56	"HNFS"	"Non-RAAS/LAAS"	3	"ASCProject_0205_SALIVA"	56	"HNFS"	56	"HNFS"
"RP-1447_ASCProject_0207_T1_v4_Exome_OnPrem"	"ASCProject_0207_T1"	"Tumor"	"ASCProject_0207"	"DNA"	"T1"	"ASCProject_0207_T1"	""	""	NA	""	""	""	""	""	""	"ASCProject_0207"	"Musculoskeletal"	"Bone"	"Paraspinal Soft Tissue"	"Palate, Bone"	"Palate, Bone"	NA	3	"28"	"F"	"OTHER (BONE)"	"LEFT PARASPINAL SOFT TISSUE"	0	"NO"	0	0	""	""	""	""	""	""	""	"5"	"OTHER (PALATE), BONE"	"OTHER (PALATE), BONE"	"155"	"6/28/21"	"207 MEDICAL RECORD, ASC_207_T1_PATH"	"SS"	"BONE"	0	1	""	""	NA	""	""	""	""	""	""	""	""	""	""	""	""	""	""	""	""	""	""	""	""	""	""	""	""	""	""	""	""	""	""	""	""	""	""	""	""	""	""	""	""	""	""	""	""	"True"	28	"BONELIMB"	"Non-RAAS/LAAS"	2	"ASCProject_0207_T1"	28	"Musculoskeletal"	28	"Musculoskeletal"
"RP-1447_ASCProject_0207_T2_v4_Exome_OnPrem"	"ASCProject_0207_T2"	"Tumor"	"ASCProject_0207"	"DNA"	"T2"	"ASCProject_0207_T2"	""	""	NA	""	""	""	""	""	""	"ASCProject_0207"	"Musculoskeletal"	"Bone"	"Paraspinal Soft Tissue"	"Palate, Bone"	"Palate, Bone"	NA	3	"28"	"F"	"OTHER (BONE)"	"LEFT PARASPINAL SOFT TISSUE"	0	"NO"	0	0	""	""	""	""	""	""	""	"5"	"OTHER (PALATE), BONE"	"OTHER (PALATE), BONE"	"155"	"6/28/21"	"207 MEDICAL RECORD, ASC_207_T1_PATH"	"SS"	"BONE"	0	1	""	""	NA	""	""	""	""	""	""	""	""	""	""	""	""	""	""	""	""	""	""	""	""	""	""	""	""	""	""	""	""	""	""	""	""	""	""	""	""	""	""	""	""	""	""	""	""	"True"	28	"BONELIMB"	"Non-RAAS/LAAS"	2	"ASCProject_0207_T2"	28	"Musculoskeletal"	28	"Musculoskeletal"
"RP-1447_ASCProject_0208_SALIVA_v1_Exome_OnPrem"	"ASCProject_0208_SALIVA"	"Normal"	"ASCProject_0208"	"DNA"	""	"ASCProject_0208_SALIVA"	""	""	NA	""	""	""	""	""	""	"ASCProject_0208"	"Breast (NOS)"	"Breast (NOS)"	""	""	""	NA	NA	""	""	""	""	NA	""	NA	NA	""	""	""	""	""	""	""	""	""	""	""	""	""	""	""	NA	NA	"208"	"DIAGNOSED"	48.99452055	"BREAST"	""	""	""	"BREAST"	""	""	""	"NED"	""	""	""	"YES"	"YES"	"NO"	""	"Taxol, steriods,"	"DK"	""	"NO"	""	"NO"	""	"Facebook, Corrie Painter"	"I was born in HA, where the government was doing nuclear testing, it was believed that infants and children born during that time would be susceptible to soft celled cancers"	"NO"	"OTHER"	"Welsh, Italian"	""	""	""	""	""	""	""	""	""	""	""	""	""	""	""	"7/15/53"	"False"	48.99452055	"BREAST (NOS)"	""	NA	"ASCProject_0208_SALIVA"	48.99452055	"Breast (NOS)"	48.99452055	"Breast (NOS)"
"RP-1447_ASCProject_0212_SALIVA_v2_Exome_OnPrem"	"ASCProject_0212_SALIVA"	"Normal"	"ASCProject_0212"	"DNA"	""	"ASCProject_0212_SALIVA"	""	""	NA	""	""	""	""	""	""	"ASCProject_0212"	"Heart"	"Heart"	"Atrium"	"Lung"	"Lung, Liver, Spleen, Visceral Organ, Mediastinum, Bone, Bone Marrow"	NA	2	"37"	"M"	"CARDIAC"	"RIGHT ATRIUM"	0	"NO"	0	1	"CARDIAC"	"679"	""	""	""	""	""	"602"	"LUNG"	"LUNG, LIVER, SPLEEN,VISCERAL ORGAN, OTHER (MEDIASTINUM), BONE,OTHER( BONE MARROW)"	"1155"	"8/6/21"	"212_1, 212_2, 212_BAYLOR_PATH, 212_BAYLOR, ASC_212_BAYLOR, ASC_0212_T2_PATHREPORT"	"SS"	"CARDIAC"	0	1	"212"	"DIAGNOSED"	37.34520548	"HEART"	""	""	""	"HEART,LIVER,SPLEEN,LUNG"	""	""	""	"HEART,LIVER,SPLEEN,LUNG"	""	""	""	"YES"	"NO"	"NO"	""	"adriamycin, ifosfamide, GemTax, Taxol, Keytruda and Lartruvo"	"YES"	"taxol and keytruda"	"NO"	""	"NO"	""	"via Facebook"	"I had chest pains related to the tumor, including pericarditis and a cardiac tamponade episode before my cardiologist at UT Southwestern had me get a cardiac MRI in Dallas. From there, I was referred to Dr Reardon at Houston Methodist and he included Dr Ravi of MD Anderson. They put me through a full year of chemo that shrunk the tumor on my right atrium dramatically. Reardon did the surgery and we thought succeeded. We think a small cluster was missed and it returned. Trying again now"	"NO"	"WHITE"	""	""	""	""	""	""	""	""	""	""	""	""	""	""	""	""	"7/7/77"	"True"	37	"HEART"	"Non-RAAS/LAAS"	7	"ASCProject_0212_SALIVA"	37	"Heart"	37	"Heart"
"RP-1447_ASCProject_0212_T1_v3_Exome_OnPrem"	"ASCProject_0212_T1"	"Tumor"	"ASCProject_0212"	"DNA"	"T1"	"ASCProject_0212_T1"	""	""	0	"HEART"	""	""	""	""	""	"ASCProject_0212"	"Heart"	"Heart"	"Atrium"	"Lung"	"Lung, Liver, Spleen, Visceral Organ, Mediastinum, Bone, Bone Marrow"	NA	2	"37"	"M"	"CARDIAC"	"RIGHT ATRIUM"	0	"NO"	0	1	"CARDIAC"	"679"	""	""	""	""	""	"602"	"LUNG"	"LUNG, LIVER, SPLEEN,VISCERAL ORGAN, OTHER (MEDIASTINUM), BONE,OTHER( BONE MARROW)"	"1155"	"8/6/21"	"212_1, 212_2, 212_BAYLOR_PATH, 212_BAYLOR, ASC_212_BAYLOR, ASC_0212_T2_PATHREPORT"	"SS"	"CARDIAC"	0	1	"212"	"DIAGNOSED"	37.34520548	"HEART"	""	""	""	"HEART,LIVER,SPLEEN,LUNG"	""	""	""	"HEART,LIVER,SPLEEN,LUNG"	""	""	""	"YES"	"NO"	"NO"	""	"adriamycin, ifosfamide, GemTax, Taxol, Keytruda and Lartruvo"	"YES"	"taxol and keytruda"	"NO"	""	"NO"	""	"via Facebook"	"I had chest pains related to the tumor, including pericarditis and a cardiac tamponade episode before my cardiologist at UT Southwestern had me get a cardiac MRI in Dallas. From there, I was referred to Dr Reardon at Houston Methodist and he included Dr Ravi of MD Anderson. They put me through a full year of chemo that shrunk the tumor on my right atrium dramatically. Reardon did the surgery and we thought succeeded. We think a small cluster was missed and it returned. Trying again now"	"NO"	"WHITE"	""	""	""	""	""	""	""	""	""	""	""	""	""	""	""	""	"7/7/77"	"True"	37	"HEART"	"Non-RAAS/LAAS"	7	"ASCProject_0212_T1"	37	"Heart"	37	"Heart"
"RP-1447_ASCProject_0214_SALIVA_v1_Exome_OnPrem"	"ASCProject_0214_SALIVA"	"Normal"	"ASCProject_0214"	"DNA"	""	"ASCProject_0214_SALIVA"	""	""	NA	""	""	""	""	""	""	"ASCProject_0214"	"Musculoskeletal"	"Trunk"	"Back"	"No Mets"	"No Mets"	NA	12	"67"	"M"	"TRUNK"	"MID BACK"	0	"NO"	1	0	""	""	""	""	""	""	""	""	"NO METS"	"NO METS"	"511"	"3/8/23"	"ASC_2124_ERLANGER.MEDICAL_NO_RECORD, ASC_214_Erlanger"	"HG"	"OTHER"	0	0	"214"	"DIAGNOSED"	67.58082192	"OTHER"	""	""	"I had a small mole removed from my back last week.  The pathology was ultimately sent to Vanderbilt.  The diagnosis is \"consistent with angiosarcoma.\"  I am returning to the dermotologist tomorrow for her to remove more of the \"mole\" and \"hopefully obtain"	"OTHER"	""	""	"Only on my low back.  Of course to my knowledge."	"OTHER"	""	""	"Just my back.  Growth removed by my dermatologist."	"YES"	"DK"	"NO"	""	"None. Diagnosis was today.  At least I was informed today."	"NO"	""	"YES"	"Basil cell (I think) on face;2012"	"NO"	""	"On line."	"My doctor told me not to jump to conclusions, but she said the pathologist called it angiosarcoma and I could easily detect the concern in her voice."	"NO"	"WHITE"	""	""	""	""	""	""	""	""	""	""	""	""	""	""	""	""	"11/18/49"	"True"	67	"OTHER"	"Non-RAAS/LAAS"	0	"ASCProject_0214_SALIVA"	67	"Musculoskeletal"	67	"Musculoskeletal"
"RP-1447_ASCProject_0216_SALIVA_v1_Exome_OnPrem"	"ASCProject_0216_SALIVA"	"Normal"	"ASCProject_0216"	"DNA"	""	"ASCProject_0216_SALIVA"	""	""	NA	""	""	""	""	""	""	"ASCProject_0216"	"Breast (NOS)"	"Breast (NOS)"	""	""	""	NA	NA	""	""	""	""	NA	""	NA	NA	""	""	""	""	""	""	""	""	""	""	""	""	""	""	""	NA	NA	"216"	"DIAGNOSED"	64.7260274	"BREAST"	""	""	""	"BREAST"	""	""	""	"NED"	""	""	""	"YES"	"YES"	"NO"	""	"Abraxane"	"NO"	""	"YES"	"Ductal carcinoma of.breast;2005"	"YES"	"Left breast same one as had radiation 5 years previously"	"My oncologist, George Demetri"	""	"NO"	"WHITE"	""	""	""	""	""	""	""	""	""	""	""	""	""	""	""	""	"1/25/46"	"False"	64.7260274	"BREAST (NOS)"	""	NA	"ASCProject_0216_SALIVA"	64.7260274	"Breast (NOS)"	64.7260274	"Breast (NOS)"
"RP-1447_ASCProject_0217_SALIVA_v1_Exome_OnPrem"	"ASCProject_0217_SALIVA"	"Normal"	"ASCProject_0217"	"DNA"	""	"ASCProject_0217_SALIVA"	""	""	NA	""	""	""	""	""	""	"ASCProject_0217"	"HNFS"	"HNFS"	"Scalp"	"No Mets"	"No Mets"	NA	12	"88"	"F"	"HNFS"	"LEFT PARIETAL SCALP"	0	"NO"	1	1	"HNFS"	"598"	""	""	""	""	""	""	"NO METS"	"NO METS"	"706"	"3/9/23"	"217_UMiami_1, ASC_217_UMHC_NEW"	"HG"	"HNFS"	0	0	"217"	"DIAGNOSED"	88.08219178	"SCALP"	""	""	""	"SCALP"	""	""	""	"SCALP"	""	""	""	"NO"	""	"NO"	""	"GemeitaBline"	"YES"	""	"YES"	"melanomas;1975"	"NO"	""	"research"	"Dr. Wilky,    UMiamiHealth"	"NO"	"WHITE"	""	""	""	""	""	""	""	""	""	""	""	""	""	""	""	""	"12/24/28"	"True"	88	"HNFS"	"Non-RAAS/LAAS"	0	"ASCProject_0217_SALIVA"	88	"HNFS"	88	"HNFS"
"RP-1447_ASCProject_0218_SALIVA_v1_Exome_OnPrem"	"ASCProject_0218_SALIVA"	"Normal"	"ASCProject_0218"	"DNA"	""	"ASCProject_0218_SALIVA"	""	""	NA	""	""	""	""	""	""	"ASCProject_0218"	"Extremities"	"Lower Extremity"	"Leg"	"Distant Lymph Node"	"Distant Lymph Node"	NA	9	"29"	"M"	"EXTREMITY"	"BONE - LEFT TIBIA"	0	"NO"	0	1	"EXTREMITY "	"434"	""	""	""	""	""	"610"	"DISTANT LYMPH NODE"	"DISTANT LYMPH NODE"	"1179"	"1/26/22"	"218_UH_2.PDF, ASC_218_PATH.PDF, ASC_0218_T1_SK.PDF, ASC_218_UT_NEW.PDF"	"LS"	"EXTREMITY"	0	1	"218"	"DIAGNOSED"	29.45205479	"BONELIMB"	"Deep Left Proximal tibia"	""	""	"LYMPH,BONELIMB"	"Left Tibia & soft tissue in residual limb"	""	""	"LYMPH,BONELIMB"	"Soft tissue of left residual limb"	""	""	"YES"	"DK"	"NO"	""	"Paclitaxol"	"YES"	"Paclitaxol"	"NO"	""	"NO"	""	"Facebook community- Angiosarcoma Cancer"	"Began as large egg sized soft tissue tumor encompassed in the left shin bone. After 1st limb salvage surgery was considered clear margins. Next PET showed activity in limb presumed as natural healing. Lymph nodes were dissected & showed NED. Small area of skin from the surgery never healed before the next surgery. Again an area of skin refused to heal, along with the bone. Which necessitated a BK amputation. 1 wk had to go in & revise weeping wound. 2 wks later AK amputation due to more AS."	"NO"	"WHITE"	""	""	""	""	""	""	""	""	""	""	""	""	""	""	""	""	"1/24/86"	"True"	29	"BONELIMB"	"Non-RAAS/LAAS"	1	"ASCProject_0218_SALIVA"	29	"Extremities"	29	"Extremities"
"RP-1447_ASCProject_0219_SALIVA_v2_Exome_OnPrem"	"ASCProject_0219_SALIVA"	"Normal"	"ASCProject_0219"	"DNA"	""	"ASCProject_0219_SALIVA"	""	""	NA	""	""	""	""	""	""	"ASCProject_0219"	"HNFS"	"HNFS"	"Forehead"	"Distant Lymph Node"	"Distant Lymph Node"	NA	3	"69"	"F"	"HNFS"	"LEFT FOREHEAD"	0	"NO"	1	0	""	""	""	""	""	""	""	"309"	"DISTANT LYMPH NODE"	"DISTANT LYMPH NODE"	"404"	"1/10/20"	"219_DUKEHEALTH, ASC_219_T1_SK, ASC_219_T3_SK"	"QC/AD"	"HNFS"	0	1	"219"	"DIAGNOSED"	69.86575342	"SCALP"	""	""	""	"SCALP"	""	""	""	"SCALP"	""	""	""	"NO"	""	"NO"	""	""	"YES"	"Surgery June 30, 2017"	"NO"	""	"NO"	""	"Corrie Painter"	""	"NO"	"WHITE"	""	""	""	""	""	""	""	""	""	""	""	""	""	""	""	""	"8/7/47"	"True"	69	"HNFS"	"Non-RAAS/LAAS"	1	"ASCProject_0219_SALIVA"	69	"HNFS"	69	"HNFS"
"RP-1447_ASCProject_0219_T1_v2_Exome_OnPrem"	"ASCProject_0219_T1"	"Tumor"	"ASCProject_0219"	"DNA"	"T1"	"ASCProject_0219_T1"	""	""	29	"HEADFACENECKSCALP"	"EXCISION"	"YES"	"NO"	"YES"	"HIGH"	"ASCProject_0219"	"HNFS"	"HNFS"	"Forehead"	"Distant Lymph Node"	"Distant Lymph Node"	NA	3	"69"	"F"	"HNFS"	"LEFT FOREHEAD"	0	"NO"	1	0	""	""	""	""	""	""	""	"309"	"DISTANT LYMPH NODE"	"DISTANT LYMPH NODE"	"404"	"1/10/20"	"219_DUKEHEALTH, ASC_219_T1_SK, ASC_219_T3_SK"	"QC/AD"	"HNFS"	0	1	"219"	"DIAGNOSED"	69.86575342	"SCALP"	""	""	""	"SCALP"	""	""	""	"SCALP"	""	""	""	"NO"	""	"NO"	""	""	"YES"	"Surgery June 30, 2017"	"NO"	""	"NO"	""	"Corrie Painter"	""	"NO"	"WHITE"	""	""	""	""	""	""	""	""	""	""	""	""	""	""	""	""	"8/7/47"	"True"	69	"HNFS"	"Non-RAAS/LAAS"	1	"ASCProject_0219_T1"	69	"HNFS"	69	"HNFS"
"RP-1447_ASCProject_0219_T3_v2_Exome_OnPrem"	"ASCProject_0219_T3"	"Tumor"	"ASCProject_0219"	"DNA"	"T3"	"ASCProject_0219_T3"	""	""	309	"OTHER"	"OTHER"	"NO"	"NO"	"YES"	"HIGH"	"ASCProject_0219"	"HNFS"	"HNFS"	"Forehead"	"Distant Lymph Node"	"Distant Lymph Node"	NA	3	"69"	"F"	"HNFS"	"LEFT FOREHEAD"	0	"NO"	1	0	""	""	""	""	""	""	""	"309"	"DISTANT LYMPH NODE"	"DISTANT LYMPH NODE"	"404"	"1/10/20"	"219_DUKEHEALTH, ASC_219_T1_SK, ASC_219_T3_SK"	"QC/AD"	"HNFS"	0	1	"219"	"DIAGNOSED"	69.86575342	"SCALP"	""	""	""	"SCALP"	""	""	""	"SCALP"	""	""	""	"NO"	""	"NO"	""	""	"YES"	"Surgery June 30, 2017"	"NO"	""	"NO"	""	"Corrie Painter"	""	"NO"	"WHITE"	""	""	""	""	""	""	""	""	""	""	""	""	""	""	""	""	"8/7/47"	"True"	69	"HNFS"	"Non-RAAS/LAAS"	1	"ASCProject_0219_T3"	69	"HNFS"	69	"HNFS"
"RP-1447_ASCProject_0220_SALIVA_v1_Exome_OnPrem"	"ASCProject_0220_SALIVA"	"Normal"	"ASCProject_0220"	"DNA"	""	"ASCProject_0220_SALIVA"	""	""	NA	""	""	""	""	""	""	"ASCProject_0220"	"HNFS"	"HNFS"	"Temple"	"No Mets"	"No Mets"	NA	5	"67"	"F"	"HNFS"	"LEFT TEMPORAL REGION"	0	"NO"	1	1	"HNFS, HNFS, HNFS, HNFS, HNFS"	"999"	"1322"	"1658"	"1792"	"2038"	""	""	"NO METS"	"NO METS"	"3343"	"1/1/20"	"220, 220_UCHICAGO, 220_KELLOGG, 220_T1, 220_T2, 220_T3, ASC_PNN3PN_UofChicagoPath.pdf"	"QC/AD"	"HNFS"	0	0	"220"	"DIAGNOSED"	67.06027397	"HEADFACENECK"	""	""	""	"HEADFACENECK"	""	""	""	"NED"	""	""	""	"YES"	"NO"	"YES"	"AFTER"	"Taxol chemotherapy"	"YES"	"CT scans"	"NO"	""	"NO"	""	"Dr. Ravi from MD Anderson"	"I have had 6 surgeries of tumors in the left temporal area and around my left eye.  Radiation three times and chemo with Taxol one time"	"NO"	"WHITE"	""	""	""	""	""	""	""	""	""	""	""	""	""	""	""	""	"9/26/42"	"True"	67	"HNFS"	"Non-RAAS/LAAS"	0	"ASCProject_0220_SALIVA"	67	"HNFS"	67	"HNFS"
"RP-1447_ASCProject_0220_T1_v1_Exome_OnPrem"	"ASCProject_0220_T1"	"Tumor"	"ASCProject_0220"	"DNA"	"T1"	"ASCProject_0220_T1"	""	""	0	"HEADFACENECKSCALP"	"EXCISION"	"YES"	"NO"	"NO"	"LOW"	"ASCProject_0220"	"HNFS"	"HNFS"	"Temple"	"No Mets"	"No Mets"	NA	5	"67"	"F"	"HNFS"	"LEFT TEMPORAL REGION"	0	"NO"	1	1	"HNFS, HNFS, HNFS, HNFS, HNFS"	"999"	"1322"	"1658"	"1792"	"2038"	""	""	"NO METS"	"NO METS"	"3343"	"1/1/20"	"220, 220_UCHICAGO, 220_KELLOGG, 220_T1, 220_T2, 220_T3, ASC_PNN3PN_UofChicagoPath.pdf"	"QC/AD"	"HNFS"	0	0	"220"	"DIAGNOSED"	67.06027397	"HEADFACENECK"	""	""	""	"HEADFACENECK"	""	""	""	"NED"	""	""	""	"YES"	"NO"	"YES"	"AFTER"	"Taxol chemotherapy"	"YES"	"CT scans"	"NO"	""	"NO"	""	"Dr. Ravi from MD Anderson"	"I have had 6 surgeries of tumors in the left temporal area and around my left eye.  Radiation three times and chemo with Taxol one time"	"NO"	"WHITE"	""	""	""	""	""	""	""	""	""	""	""	""	""	""	""	""	"9/26/42"	"True"	67	"HNFS"	"Non-RAAS/LAAS"	0	"ASCProject_0220_T1"	67	"HNFS"	67	"HNFS"
"RP-1447_ASCProject_0220_T3_v1_Exome_OnPrem"	"ASCProject_0220_T3"	"Tumor"	"ASCProject_0220"	"DNA"	"T3"	"ASCProject_0220_T3"	""	""	1322	"HEADFACENECKSCALP"	"EXCISION"	"YES (FOCAL)"	"YES"	"YES"	"HIGH"	"ASCProject_0220"	"HNFS"	"HNFS"	"Temple"	"No Mets"	"No Mets"	NA	5	"67"	"F"	"HNFS"	"LEFT TEMPORAL REGION"	0	"NO"	1	1	"HNFS, HNFS, HNFS, HNFS, HNFS"	"999"	"1322"	"1658"	"1792"	"2038"	""	""	"NO METS"	"NO METS"	"3343"	"1/1/20"	"220, 220_UCHICAGO, 220_KELLOGG, 220_T1, 220_T2, 220_T3, ASC_PNN3PN_UofChicagoPath.pdf"	"QC/AD"	"HNFS"	0	0	"220"	"DIAGNOSED"	67.06027397	"HEADFACENECK"	""	""	""	"HEADFACENECK"	""	""	""	"NED"	""	""	""	"YES"	"NO"	"YES"	"AFTER"	"Taxol chemotherapy"	"YES"	"CT scans"	"NO"	""	"NO"	""	"Dr. Ravi from MD Anderson"	"I have had 6 surgeries of tumors in the left temporal area and around my left eye.  Radiation three times and chemo with Taxol one time"	"NO"	"WHITE"	""	""	""	""	""	""	""	""	""	""	""	""	""	""	""	""	"9/26/42"	"True"	67	"HNFS"	"Non-RAAS/LAAS"	0	"ASCProject_0220_T3"	67	"HNFS"	67	"HNFS"
"RP-1447_ASCProject_0221_SALIVA_v3_Exome_OnPrem"	"ASCProject_0221_SALIVA"	"Normal"	"ASCProject_0221"	"DNA"	""	"ASCProject_0221_SALIVA"	""	""	NA	""	""	""	""	""	""	"ASCProject_0221"	"Breast (Parenchymal)"	"Breast (Parenchymal)"	"Breast"	"No Mets"	"No Mets"	NA	5	"27"	"F"	"BREAST (PARENCHYMAL)"	"LEFT BREAST"	0	"NO"	0	0	""	""	""	""	""	""	""	""	"NO METS"	"NO METS"	"1087"	"8/20/21"	"221_1_OCR.pdf, 221_2_OCR.pdf, ASC_221_Estabrook_fu.pdf, ASC_0221_T1 &T2_PathReport.pdf"	"DS"	"BREAST (PARENCHYMAL)"	0	0	"221"	"DIAGNOSED"	27.11232877	"BREAST"	""	""	""	"BREAST"	""	""	""	"NED"	""	""	""	"YES"	"NO"	"YES"	"AFTER"	"Taxol first, but it didnt change the size. I think Adriamycin and another chemo"	"NO"	""	"NO"	""	"NO"	""	"My oncologist, Dr. Kirsten Leu"	"I had noticed that my whole breast suddenly got hard. It wasn't until the third time I went in to the doctor to look at it that they did the biopsy and  diagnosed it. I  had it a year before they actually diagnosed me. I would  love to help with this study to help better understand treating this cancer to benefit myself and others with angiosarcoma."	"NO"	"WHITE"	""	""	""	""	""	""	""	""	""	""	""	""	""	""	""	""	"3/28/89"	"True"	27	"BREAST (PARENCHYMAL)"	"Non-RAAS/LAAS"	0	"ASCProject_0221_SALIVA"	27	"Breast (Parenchymal)"	27	"Breast (Parenchymal)"
"RP-1447_ASCProject_0221_T1_v3_Exome_OnPrem"	"ASCProject_0221_T1"	"Tumor"	"ASCProject_0221"	"DNA"	"T1"	"ASCProject_0221_T1"	""	""	0	"BREAST"	"BIOPSY"	"YES"	"NO"	"YES (FOCAL)"	"LOW"	"ASCProject_0221"	"Breast (Parenchymal)"	"Breast (Parenchymal)"	"Breast"	"No Mets"	"No Mets"	NA	5	"27"	"F"	"BREAST (PARENCHYMAL)"	"LEFT BREAST"	0	"NO"	0	0	""	""	""	""	""	""	""	""	"NO METS"	"NO METS"	"1087"	"8/20/21"	"221_1_OCR.pdf, 221_2_OCR.pdf, ASC_221_Estabrook_fu.pdf, ASC_0221_T1 &T2_PathReport.pdf"	"DS"	"BREAST (PARENCHYMAL)"	0	0	"221"	"DIAGNOSED"	27.11232877	"BREAST"	""	""	""	"BREAST"	""	""	""	"NED"	""	""	""	"YES"	"NO"	"YES"	"AFTER"	"Taxol first, but it didnt change the size. I think Adriamycin and another chemo"	"NO"	""	"NO"	""	"NO"	""	"My oncologist, Dr. Kirsten Leu"	"I had noticed that my whole breast suddenly got hard. It wasn't until the third time I went in to the doctor to look at it that they did the biopsy and  diagnosed it. I  had it a year before they actually diagnosed me. I would  love to help with this study to help better understand treating this cancer to benefit myself and others with angiosarcoma."	"NO"	"WHITE"	""	""	""	""	""	""	""	""	""	""	""	""	""	""	""	""	"3/28/89"	"True"	27	"BREAST (PARENCHYMAL)"	"Non-RAAS/LAAS"	0	"ASCProject_0221_T1"	27	"Breast (Parenchymal)"	27	"Breast (Parenchymal)"
"RP-1447_ASCProject_0221_T2_v3_Exome_OnPrem"	"ASCProject_0221_T2"	"Tumor"	"ASCProject_0221"	"DNA"	"T2"	"ASCProject_0221_T2"	""	""	191	"BREAST"	"MASTECTOMY"	"YES"	"NO"	"YES (FOCAL)"	"LOW"	"ASCProject_0221"	"Breast (Parenchymal)"	"Breast (Parenchymal)"	"Breast"	"No Mets"	"No Mets"	NA	5	"27"	"F"	"BREAST (PARENCHYMAL)"	"LEFT BREAST"	0	"NO"	0	0	""	""	""	""	""	""	""	""	"NO METS"	"NO METS"	"1087"	"8/20/21"	"221_1_OCR.pdf, 221_2_OCR.pdf, ASC_221_Estabrook_fu.pdf, ASC_0221_T1 &T2_PathReport.pdf"	"DS"	"BREAST (PARENCHYMAL)"	0	0	"221"	"DIAGNOSED"	27.11232877	"BREAST"	""	""	""	"BREAST"	""	""	""	"NED"	""	""	""	"YES"	"NO"	"YES"	"AFTER"	"Taxol first, but it didnt change the size. I think Adriamycin and another chemo"	"NO"	""	"NO"	""	"NO"	""	"My oncologist, Dr. Kirsten Leu"	"I had noticed that my whole breast suddenly got hard. It wasn't until the third time I went in to the doctor to look at it that they did the biopsy and  diagnosed it. I  had it a year before they actually diagnosed me. I would  love to help with this study to help better understand treating this cancer to benefit myself and others with angiosarcoma."	"NO"	"WHITE"	""	""	""	""	""	""	""	""	""	""	""	""	""	""	""	""	"3/28/89"	"True"	27	"BREAST (PARENCHYMAL)"	"Non-RAAS/LAAS"	0	"ASCProject_0221_T2"	27	"Breast (Parenchymal)"	27	"Breast (Parenchymal)"
"RP-1447_ASCProject_0222_SALIVA_v3_Exome_OnPrem"	"ASCProject_0222_SALIVA"	"Normal"	"ASCProject_0222"	"DNA"	""	"ASCProject_0222_SALIVA"	""	""	NA	""	""	""	""	""	""	"ASCProject_0222"	"HNFS"	"HNFS"	"Nose"	"Distant Lymph Node"	"Distant Lymph Node"	NA	5	"74"	"M"	"HNFS"	"SKIN UNDERNEATH NOSE"	0	"NO"	1	1	"HNFS"	"666"	""	""	""	""	""	"666"	"DISTANT LYMPH NODE"	"DISTANT LYMPH NODE"	"1360"	"8/17/21"	"222_1, 222_2, 222_3, 222_4, 222_5, 222_6, 222_Path, 222_slow_mohs, 222_Dermatopathology_Report, 222_NH"	"SS"	"HNFS"	0	1	"222"	"DIAGNOSED"	74.46849315	"HEADFACENECK"	""	""	""	"HEADFACENECK"	""	""	""	"HEADFACENECK"	""	""	""	"YES"	"NO"	"YES"	"AFTER"	"Taxol,  Doxicycline,  Taxotere,  Gemeitabine"	"YES"	"Durvalumab with Tremelimurnab  @ MD Anderson  (clinical trial)"	"NO"	""	"NO"	""	"Corrie Painter on FaceBook"	""	"NO"	"WHITE"	""	""	""	""	""	""	""	""	""	""	""	""	""	""	""	""	"10/31/39"	"True"	74	"HNFS"	"Non-RAAS/LAAS"	1	"ASCProject_0222_SALIVA"	74	"HNFS"	74	"HNFS"
"RP-1447_ASCProject_0222_T2_v3_Exome_OnPrem"	"ASCProject_0222_T2"	"Tumor"	"ASCProject_0222"	"DNA"	"T2"	"ASCProject_0222_T2"	""	""	28	"HEADFACENECKSCALP"	"EXCISION"	"YES"	"YES"	"NO"	"HIGH"	"ASCProject_0222"	"HNFS"	"HNFS"	"Nose"	"Distant Lymph Node"	"Distant Lymph Node"	NA	5	"74"	"M"	"HNFS"	"SKIN UNDERNEATH NOSE"	0	"NO"	1	1	"HNFS"	"666"	""	""	""	""	""	"666"	"DISTANT LYMPH NODE"	"DISTANT LYMPH NODE"	"1360"	"8/17/21"	"222_1, 222_2, 222_3, 222_4, 222_5, 222_6, 222_Path, 222_slow_mohs, 222_Dermatopathology_Report, 222_NH"	"SS"	"HNFS"	0	1	"222"	"DIAGNOSED"	74.46849315	"HEADFACENECK"	""	""	""	"HEADFACENECK"	""	""	""	"HEADFACENECK"	""	""	""	"YES"	"NO"	"YES"	"AFTER"	"Taxol,  Doxicycline,  Taxotere,  Gemeitabine"	"YES"	"Durvalumab with Tremelimurnab  @ MD Anderson  (clinical trial)"	"NO"	""	"NO"	""	"Corrie Painter on FaceBook"	""	"NO"	"WHITE"	""	""	""	""	""	""	""	""	""	""	""	""	""	""	""	""	"10/31/39"	"True"	74	"HNFS"	"Non-RAAS/LAAS"	1	"ASCProject_0222_T2"	74	"HNFS"	74	"HNFS"
"RP-1447_ASCProject_0223_SALIVA_v1_Exome_OnPrem"	"ASCProject_0223_SALIVA"	"Normal"	"ASCProject_0223"	"DNA"	""	"ASCProject_0223_SALIVA"	""	""	NA	""	""	""	""	""	""	"ASCProject_0223"	"Musculoskeletal"	"Trunk"	""	""	""	NA	NA	""	""	""	""	NA	""	NA	NA	""	""	""	""	""	""	""	""	""	""	""	""	""	""	""	NA	NA	"223"	"DIAGNOSED"	71.75068493	"OTHER"	""	""	"In the pectoral muscle - left chest"	"OTHER"	""	""	"Pectoral muscle - left chest"	"NED"	""	""	""	"YES"	"YES"	"YES"	"BEFORE"	"None"	"NO"	""	"YES"	"Breast cancer;1995"	"YES"	"Left breast"	"From a friend who registered -- Gail Cassell"	"I was told that the tumor likely arose as a result of radiation I had for breast cancer 20 years ago."	"NO"	"WHITE"	""	""	""	""	""	""	""	""	""	""	""	""	""	""	""	""	"11/18/44"	"False"	71.75068493	"OTHER"	""	NA	"ASCProject_0223_SALIVA"	71.75068493	"Musculoskeletal"	71.75068493	"Musculoskeletal"
"RP-1447_ASCProject_0225_SALIVA_v1_Exome_OnPrem"	"ASCProject_0225_SALIVA"	"Normal"	"ASCProject_0225"	"DNA"	""	"ASCProject_0225_SALIVA"	""	""	NA	""	""	""	""	""	""	"ASCProject_0225"	"HNFS"	"HNFS"	"Scalp"	"No Mets"	"No Mets"	NA	3	"63"	"M"	"HNFS"	"SCALP"	0	"NO"	1	0	""	""	""	""	""	""	""	""	"NO METS"	"NO METS"	"783"	"7/23/21"	"225_Baylor_OCR, ASC_225_Scott"	"IS"	"HNFS"	0	0	"225"	"DIAGNOSED"	62.85753425	"SCALP"	""	""	""	"HEADFACENECK,SCALP"	""	""	""	"HEADFACENECK,SCALP"	""	""	""	"YES"	"NO"	"YES"	"AFTER"	""	"YES"	"Kytruda"	"NO"	""	"NO"	""	"Facebook"	"I was married in 1970 divorced in 1984 born and lived in Port Arthur Tx and Beaumont Tx until Jan 1975 moved to Texas city Tx 1974 until  1979 moved back to Beaumont Tx....all of these places were refinery cities oil gas shipyards with asbestos where my father in  law worked.   My x wife was diagnosed about a year before me in 2012 she passes away in 2013 with mesothelioma. Not sure if there was a connection....but there could be."	"NO"	"WHITE"	""	""	""	""	""	""	""	""	""	""	""	""	""	""	""	""	"11/8/50"	"True"	63	"HNFS"	"Non-RAAS/LAAS"	0	"ASCProject_0225_SALIVA"	63	"HNFS"	63	"HNFS"
"RP-1447_ASCProject_0226_SALIVA_v1_Exome_OnPrem"	"ASCProject_0226_SALIVA"	"Normal"	"ASCProject_0226"	"DNA"	""	"ASCProject_0226_SALIVA"	""	""	NA	""	""	""	""	""	""	"ASCProject_0226"	"Missing or Unknown"	""	""	""	""	NA	9	"NOT FOUND IN RECORD"	"F"	"NOT FOUND IN RECORD"	"NOT FOUND IN RECORD"	NA	"NOT FOUND IN RECORD"	NA	NA	"NOT FOUND IN RECORD"	"NOT FOUND IN RECORD"	"NOT FOUND IN RECORD"	"NOT FOUND IN RECORD"	"NOT FOUND IN RECORD"	"NOT FOUND IN RECORD"	"NOT FOUND IN RECORD"	"NOT FOUND IN RECORD"	"NOT FOUND IN RECORD"	"NOT FOUND IN RECORD"	"NOT FOUND IN RECORD"	"1/24/22"	"ASC_0226_T1CPathReport.pdf"	"LS"	""	NA	NA	"226"	"DIAGNOSED"	44.89315068	"LUNG,ABDOMINAL"	""	""	""	"LUNG,ABDOMINAL"	""	""	""	"LUNG,ABDOMINAL"	""	""	""	"YES"	"NO"	"YES"	"AFTER"	"Docetere and Gemzar"	"YES"	"Chemotherapies"	"NO"	""	"NO"	""	"Website"	""	"NO"	"WHITE"	""	""	""	""	""	""	""	""	""	""	""	""	""	""	""	""	"12/22/71"	"True"	NA	""	""	NA	"ASCProject_0226_SALIVA"	NA	"Missing or Unknown"	NA	"Missing or Unknown"
"RP-1447_ASCProject_0235_BLOOD_BC_v1_Exome_OnPrem"	"ASCProject_0235_BLOOD_BC"	"Normal"	"ASCProject_0235"	"DNA"	""	"ASCProject_0235_BLOOD_BC"	""	""	NA	""	""	""	""	""	""	"ASCProject_0235"	"Extremities"	"Lower Extremity"	"Thigh"	"Lung"	"Lung"	NA	12	"29"	"F"	"EXTREMITY"	"RIGHT THIGH"	0	"NO"	0	0	""	""	""	""	""	""	""	"593"	"LUNG"	"LUNG"	"1738"	"3/14/23"	"235_MayoClinic, ASC_235_Mayo_fu"	"HG"	"EXTREMITY"	0	1	"235"	"DIAGNOSED"	29.94794521	"BONELIMB,OTHER"	""	""	"Right thigh"	"LUNG,BONELIMB"	"Right thigh"	""	""	"LUNG"	""	""	""	"YES"	"YES"	"YES"	"BEFORE"	"Paclitaxel, doxorubicin, ifosphamide, docetaxel, gemcitabine"	"YES"	"Paclitaxel"	"NO"	""	"NO"	""	"From my oncologist"	""	"YES"	"WHITE"	""	""	""	""	""	""	""	""	""	""	""	""	""	""	""	""	"12/28/82"	"True"	29	"BONELIMB"	"Non-RAAS/LAAS"	1	"ASCProject_0235_BLOOD_BC"	29	"Extremities"	29	"Extremities"
"RP-1447_ASCProject_0237_SALIVA_v1_Exome_OnPrem"	"ASCProject_0237_SALIVA"	"Normal"	"ASCProject_0237"	"DNA"	""	"ASCProject_0237_SALIVA"	""	""	NA	""	""	""	""	""	""	"ASCProject_0237"	"Breast (Cutaneous)"	"Breast (Cutaneous)"	"Breast Skin"	"No Mets"	"No Mets"	NA	12	"71"	"F"	"BREAST (CUTANEOUS)"	"RIGHT BREAST SKIN"	1	"NO"	1	1	"RIGHT BREAST"	"141"	""	""	""	""	""	""	"NO METS"	"NO METS"	"674"	"3/15/23"	"237_MUSC_1, 237_MUSC_2, 237_MUSC_3, 237_Roper, ASC_237_MUSC, ASC_237_Path"	"HG"	"BREAST (CUTANEOUS)"	0	0	"237"	"DIAGNOSED"	71.72876712	"BREAST"	""	""	""	"BREAST"	""	""	""	"BREAST"	""	""	""	"NO"	""	"NO"	""	"Gemcitabine and docetaxel, Eliquis,dexamethasone,lisinopril,metformin,metoprolol,ondansetron,prochlorperazine,furosemide"	"YES"	"Gemcitabine and docetaxel"	"YES"	"Breast cancer ;2010"	"YES"	"Breast"	"Searching on line for answers"	"Worked hard to keep my self physically fit and eating the right foods when I could organic foods since the 80's. Still trying keep active with Dragon Boat Charleston! SC"	""	"WHITE"	""	""	""	""	""	""	""	""	""	""	""	""	""	""	""	""	"6/26/45"	"True"	71	"BREAST (CUTANEOUS)"	"RAAS"	0	"ASCProject_0237_SALIVA"	71	"Breast (Cutaneous)"	71	"Breast (Cutaneous)"
"RP-1447_ASCProject_0241_SALIVA_v1_Exome_OnPrem"	"ASCProject_0241_SALIVA"	"Normal"	"ASCProject_0241"	"DNA"	""	"ASCProject_0241_SALIVA"	""	""	NA	""	""	""	""	""	""	"ASCProject_0241"	"Hepatobiliary"	"Liver"	"Liver"	"No Mets"	"No Mets"	NA	12	"55"	"M"	"VISCERAL ORGAN"	"LIVER"	0	"NO"	0	0	""	""	""	""	""	""	""	""	"NO METS"	"NO METS"	"5"	"3/13/23"	"ASC_241_Beverly_NEW_1, 241_LH"	"HG"	"LIVER"	0	0	"241"	"DIAGNOSED"	50.91232877	"LIVER"	""	""	""	"LIVER"	""	""	""	"LIVER"	""	""	""	"NO"	""	"NO"	""	"Taxol"	"YES"	"Taxol"	"NO"	""	"NO"	""	"Hematologist at MGH"	""	"NO"	"WHITE"	""	""	""	""	""	""	""	""	""	""	""	""	""	""	""	""	"9/15/61"	"True"	55	"LIVER"	"Non-RAAS/LAAS"	0	"ASCProject_0241_SALIVA"	55	"Hepatobiliary"	55	"Hepatobiliary"
"RP-1447_ASCProject_0243_SALIVA_v1_Exome_OnPrem"	"ASCProject_0243_SALIVA"	"Normal"	"ASCProject_0243"	"DNA"	""	"ASCProject_0243_SALIVA"	""	""	NA	""	""	""	""	""	""	"ASCProject_0243"	"Hepatobiliary"	"Liver"	"Liver"	"Bone, Spleen, Distant Lymph Node"	"Bone, Spleen, Distant Lymph Node"	NA	12	"51"	"F"	"LIVER"	"LIVER"	0	"NO"	0	0	""	""	""	""	""	""	""	"0"	"BONE, SPLEEN, DISTANT LYMPH NODE"	"BONE, SPLEEN, DISTANT LYMPH NODE"	"70"	"3/16/23"	"243_BrighamWomensHispital, ASC_243_DFCI_full, 243, 243_2, 243_OCR"	"HG"	"LIVER"	0	1	"243"	"DIAGNOSED"	51.65205479	"LIVER,SPLEEN,BONELIMB"	"primary bone lower limbs, also humerus, sternum, ribs, parietal skull, pelvis on t99 bone scan"	""	""	"LIVER,SPLEEN,BONELIMB"	"Liver only confirmed by biopsy. Multiple earlier bone biopsy results thought to be precursor cell"	""	""	"LIVER,SPLEEN,BONELIMB"	"No definitive biopsy for AS despite multiple bone biopsies and BM  biopsies showing a vascular proliferation with spindled cells from 9/2015-11/2016,  then in 12/2016 new abdominal fullness, 2/2017 new anemia & thrombocytopenia, MRI w/liver/spleen masses"	""	""	"NO"	""	"NO"	""	"Sirolimus  Began 4/1/2017 Dr Denise Adams, Boston Children's Vascular Anomalies Center & Dana Farber Sarcoma-Dr George and Dr Matt Hemming, for vascular anomaly, Taxol proposed as possible treatment, hesitant due to thrombocytopenia and liver mets"	"NO"	""	"NO"	""	"NO"	""	"Found on internet"	"I was a very active, healthy person, mother of four, with no significant disease history. In fact, my partner Stan and I completed a 1600 SF addition on our home from 2011-2016. I'm an RN in sales, have been seeking answers since 2015, what a nightmare! Not until it moved to my liver did I self refer to the Vascular Anomalies Center. Wish I'd sought outside help & started on Sirolimu earlier, leg pain and ROM improved with decrease in tissue buildup"	"NO"	"WHITE"	""	""	""	""	""	""	""	""	""	""	""	""	""	""	""	""	"11/18/65"	"True"	51	"LIVER"	"Non-RAAS/LAAS"	3	"ASCProject_0243_SALIVA"	51	"Hepatobiliary"	51	"Hepatobiliary"
"RP-1447_ASCProject_0247_SALIVA_v1_Exome_OnPrem"	"ASCProject_0247_SALIVA"	"Normal"	"ASCProject_0247"	"DNA"	""	"ASCProject_0247_SALIVA"	""	""	NA	""	""	""	""	""	""	"ASCProject_0247"	"Breast (Parenchymal)"	"Breast (Parenchymal)"	"Breast"	"Upper Extremity, Thorax and Trunk"	"Upper Extremity, Thorax and Trunk"	NA	6	"66"	"F"	"BREAST (PARENCHYMAL)"	"RIGHT BREAST"	0	"NO"	0	0	""	""	""	""	""	""	""	"1698"	"EXTREMITY, TRUNK"	"EXTREMITY, TRUNK, SKIN"	"3118"	"4/25/21"	"247_1, 247_2, 247_3, 247_4, 247_T1, 247_MGH_PATH, 247_T1_SK, 247_T2_PathReport, ASC_247_T2_SK"	"IS"	"BREAST (PARENCHYMAL)"	0	1	"247"	"DIAGNOSED"	66.30410959	"BREAST"	""	""	""	"BREAST,ABDOMINAL,OTHER"	""	"4 yrs after mastectomy, tumors in right flank "	"over period of a few years: Right upper arm; left flank, left breast; right chest side"	"NED"	""	""	""	"YES"	"YES"	"YES"	"AFTER"	"Taxol"	"NO"	""	"NO"	""	"NO"	""	"Through my medical oncologist, Dr. Gregory Cote"	"I found the first angiosarcoma in right breast because it felt like a \"thickening.' It did not show up in a mammogram or ultra sound."	"NO"	"WHITE"	""	""	""	""	""	""	""	""	""	""	""	""	""	""	""	""	"3/29/43"	"True"	66	"BREAST (PARENCHYMAL)"	"Non-RAAS/LAAS"	3	"ASCProject_0247_SALIVA"	66	"Breast (Parenchymal)"	66	"Breast (Parenchymal)"
"RP-1447_ASCProject_0247_T1_v1_Exome_OnPrem"	"ASCProject_0247_T1"	"Tumor"	"ASCProject_0247"	"DNA"	"T1"	"ASCProject_0247_T1"	""	""	9	"BREAST"	"Excision"	"YES"	"NO"	"NO"	"LOW"	"ASCProject_0247"	"Breast (Parenchymal)"	"Breast (Parenchymal)"	"Breast"	"Upper Extremity, Thorax and Trunk"	"Upper Extremity, Thorax and Trunk"	NA	6	"66"	"F"	"BREAST (PARENCHYMAL)"	"RIGHT BREAST"	0	"NO"	0	0	""	""	""	""	""	""	""	"1698"	"EXTREMITY, TRUNK"	"EXTREMITY, TRUNK, SKIN"	"3118"	"4/25/21"	"247_1, 247_2, 247_3, 247_4, 247_T1, 247_MGH_PATH, 247_T1_SK, 247_T2_PathReport, ASC_247_T2_SK"	"IS"	"BREAST (PARENCHYMAL)"	0	1	"247"	"DIAGNOSED"	66.30410959	"BREAST"	""	""	""	"BREAST,ABDOMINAL,OTHER"	""	"4 yrs after mastectomy, tumors in right flank "	"over period of a few years: Right upper arm; left flank, left breast; right chest side"	"NED"	""	""	""	"YES"	"YES"	"YES"	"AFTER"	"Taxol"	"NO"	""	"NO"	""	"NO"	""	"Through my medical oncologist, Dr. Gregory Cote"	"I found the first angiosarcoma in right breast because it felt like a \"thickening.' It did not show up in a mammogram or ultra sound."	"NO"	"WHITE"	""	""	""	""	""	""	""	""	""	""	""	""	""	""	""	""	"3/29/43"	"True"	66	"BREAST (PARENCHYMAL)"	"Non-RAAS/LAAS"	3	"ASCProject_0247_T1"	66	"Breast (Parenchymal)"	66	"Breast (Parenchymal)"
"RP-1447_ASCProject_0252_SALIVA_v1_Exome_OnPrem"	"ASCProject_0252_SALIVA"	"Normal"	"ASCProject_0252"	"DNA"	""	"ASCProject_0252_SALIVA"	""	""	NA	""	""	""	""	""	""	"ASCProject_0252"	"Musculoskeletal"	"Bone"	"Bone"	"Liver"	"Liver"	NA	9	"53"	"F"	"OTHER (BONE)"	"L1 VERTEBRAE "	0	"NO"	0	0	""	""	""	""	""	""	""	"280"	"LIVER"	"LIVER"	"912"	"1/31/22"	"ASC_252_UniversityKansas_Path.pdf, ASC_0252_T1.pdf, ASC_0252_PathReport.pdf, ASC_252_Pathreport.pdf, ASC_252_Pathology Report.pdf, ASC_252_KU_FULL.pdf, 252_1.pdf, 252_2.pdf, 252_3.pdf, 252_4.pdf "	"LS"	"BONE"	0	1	"252"	"DIAGNOSED"	53.02191781	"BONELIMB"	"Spine, hips, scapula"	""	""	"BONELIMB"	"Spine, hips, scapula"	""	""	"BONELIMB"	"Spine, hips, scapula"	""	""	"NO"	""	"NO"	""	"Abraxane, Avastin, Votrient"	"YES"	"Votrient"	"NO"	""	"NO"	""	"Angiosarcoma Facebook page"	""	"NO"	"WHITE"	""	""	""	""	""	""	""	""	""	""	""	""	""	""	""	""	"1/7/64"	"True"	53	"BONELIMB"	"Non-RAAS/LAAS"	1	"ASCProject_0252_SALIVA"	53	"Musculoskeletal"	53	"Musculoskeletal"
"RP-1447_ASCProject_0257_SALIVA_v1_Exome_OnPrem"	"ASCProject_0257_SALIVA"	"Normal"	"ASCProject_0257"	"DNA"	""	"ASCProject_0257_SALIVA"	""	""	NA	""	""	""	""	""	""	"ASCProject_0257"	"Heart"	"Heart"	"Atrium"	"Lung"	"Lung"	NA	9	"75"	"F"	"CARDIAC"	"RIGHT ATRIUM"	0	"NO"	0	0	""	""	""	""	""	""	""	"35"	"LUNG"	"LUNG"	"817"	"1/13/22"	"257_CHI_1, 257_CHI_2, 257_CHI_3, 257_Mayo, 257_Olympic, 257_Olympic (2), 257_OlympicMedicalCenter_most_recent, 257_pathreport, ASC_257_NW"	"IS"	"CARDIAC"	0	1	"257"	"DIAGNOSED"	75.50410959	"HEART"	""	""	""	"HEART"	""	""	""	"HEART"	""	""	""	"YES"	"NO"	"YES"	"AFTER"	"Olaratumab (Lartruvo),  Doxorubicin (Adriamycin)"	"NO"	""	"NO"	""	"NO"	""	"My daughter"	"Possible metastasis to the lungs"	"NO"	"WHITE"	""	""	""	""	""	""	""	""	""	""	""	""	""	""	""	""	"6/19/41"	"True"	75	"HEART"	"Non-RAAS/LAAS"	1	"ASCProject_0257_SALIVA"	75	"Heart"	75	"Heart"
"RP-1447_ASCProject_0258_SALIVA_v1_Exome_OnPrem"	"ASCProject_0258_SALIVA"	"Normal"	"ASCProject_0258"	"DNA"	""	"ASCProject_0258_SALIVA"	""	""	NA	""	""	""	""	""	""	"ASCProject_0258"	"Breast (Parenchymal)"	"Breast (Parenchymal)"	"Breast"	"No Mets"	"No Mets"	NA	3	"48"	"F"	"BREAST (PARENCHYMAL)"	"RIGHT BREAST"	0	"NO"	0	0	""	""	""	""	""	""	""	""	"NO METS"	"NO METS"	"681"	"1/10/20"	"ASC_258_VCU.MCV_FULL.MR_OCR, ASC0258_T1_PATHREPORT, ASC0258_T1_SK, "	"SS"	"BREAST (PARENCHYMAL)"	0	0	"258"	"DIAGNOSED"	48.81643836	"BREAST"	""	""	""	"BREAST"	""	""	""	"OTHER"	""	""	""	"YES"	"YES"	"NO"	""	"taxotere and gemzar"	"YES"	"chemo then radiation then chemo"	"NO"	""	"NO"	""	"AngioSarcoma support group on FB"	""	"NO"	"WHITE"	""	""	""	""	""	""	""	""	""	""	""	""	""	""	""	""	"11/19/68"	"True"	48	"BREAST (PARENCHYMAL)"	"Non-RAAS/LAAS"	0	"ASCProject_0258_SALIVA"	48	"Breast (Parenchymal)"	48	"Breast (Parenchymal)"
"RP-1447_ASCProject_0258_T1_v1_Exome_OnPrem"	"ASCProject_0258_T1"	"Tumor"	"ASCProject_0258"	"DNA"	"T1"	"ASCProject_0258_T1"	""	""	17	"BREAST"	"Excision"	"YES"	"YES"	"YES"	"HIGH"	"ASCProject_0258"	"Breast (Parenchymal)"	"Breast (Parenchymal)"	"Breast"	"No Mets"	"No Mets"	NA	3	"48"	"F"	"BREAST (PARENCHYMAL)"	"RIGHT BREAST"	0	"NO"	0	0	""	""	""	""	""	""	""	""	"NO METS"	"NO METS"	"681"	"1/10/20"	"ASC_258_VCU.MCV_FULL.MR_OCR, ASC0258_T1_PATHREPORT, ASC0258_T1_SK, "	"SS"	"BREAST (PARENCHYMAL)"	0	0	"258"	"DIAGNOSED"	48.81643836	"BREAST"	""	""	""	"BREAST"	""	""	""	"OTHER"	""	""	""	"YES"	"YES"	"NO"	""	"taxotere and gemzar"	"YES"	"chemo then radiation then chemo"	"NO"	""	"NO"	""	"AngioSarcoma support group on FB"	""	"NO"	"WHITE"	""	""	""	""	""	""	""	""	""	""	""	""	""	""	""	""	"11/19/68"	"True"	48	"BREAST (PARENCHYMAL)"	"Non-RAAS/LAAS"	0	"ASCProject_0258_T1"	48	"Breast (Parenchymal)"	48	"Breast (Parenchymal)"
"RP-1447_ASCProject_0259_SALIVA_v1_Exome_OnPrem"	"ASCProject_0259_SALIVA"	"Normal"	"ASCProject_0259"	"DNA"	""	"ASCProject_0259_SALIVA"	""	""	NA	""	""	""	""	""	""	"ASCProject_0259"	"Hepatobiliary"	"Liver"	""	""	""	NA	NA	""	""	""	""	NA	""	NA	NA	""	""	""	""	""	""	""	""	""	""	""	""	""	""	""	NA	NA	"259"	"DIAGNOSED"	76.05205479	"LIVER,LYMPH"	""	""	""	"LIVER,LYMPH"	""	""	""	"LIVER,LYMPH"	""	""	""	"NO"	""	"NO"	""	"Doxorubicin liposomal"	"YES"	"Doxorubicin liposomal - 11/22/17 tests showed that the mass on the liver was approximately 1 cm smaller but the lymph node was almost double. (3.6 cm to 6 cm). Chemo was changed to Gemzar.  Results of this have not been checked as of this time. Am considering Pazopanib, 400 mg, 2 tablets daily. 1/20/2018 I had a cat scan done today. the results were amazing while on the Gemzar. Liver segment 6 lesion has significantly diminished in size from 7.4 x 6.2 cm to 4.8 x 3.8 cm."	"NO"	""	"NO"	""	"by researching Angiosarcoma"	"I worked at Armstrong World Industries for 36 yrs and was exposed to vinyl chloride. It was discovered by accident when I had an ultra sound. I do not have pain but I have been extremely tired."	"NO"	"WHITE"	""	""	""	""	""	""	""	""	""	""	""	""	""	""	""	""	"8/1/41"	"False"	76.05205479	""	""	NA	"ASCProject_0259_SALIVA"	76.05205479	"Hepatobiliary"	76.05205479	"Hepatobiliary"
"RP-1447_ASCProject_0261_SALIVA_v2_Exome_OnPrem"	"ASCProject_0261_SALIVA"	"Normal"	"ASCProject_0261"	"DNA"	""	"ASCProject_0261_SALIVA"	""	""	NA	""	""	""	""	""	""	"ASCProject_0261"	"Hepatobiliary"	"Spleen"	"Spleen"	"Bone, Liver"	"Bone, Liver, Lung"	NA	5	"62"	"M"	"SPLEEN"	"SPLEEN"	0	"NO"	0	1	"OTHER (LUQ ABDOMEN) , SPLEEN"	"83"	"727"	""	""	""	""	"0"	"BONE, LIVER"	"BONE, LIVER, OTHER(DIAPHRAGM)"	"729"	"8/13/21"	"261_1, 262_2, 261_3, 261_4, 261_COMPLETE, 261_UM"	"SS"	"SPLEEN"	0	1	"261"	"DIAGNOSED"	62.86575342	"SPLEEN"	""	""	""	"SPLEEN,ABDOMINAL"	""	""	""	"ABDOMINAL"	""	""	""	"YES"	"YES"	"NO"	""	"1. Taxol 2. Pazopanib  3. Regorfenib 4. Gem /terataxol"	"YES"	"Gem / tax"	"YES"	"Thyroid cancer;2008"	"NO"	""	"Corrie Painter"	"Diagnosed 11/ 2015 and had spleen removed
Started visits with Mb Anderson and was coaxed by Dr Attia ( Mayo ) to join his clinical trial of Pazopanib. Afterfailing this and started regorfenib was recommended to see Dr Wilky at Univ of Miami. She recommended gem tax and after 6 months the tumors shrunk from 10 cm to 5 and pet scan showed they were dead. Surgery followed by Dr Merchant which did not get the blessing of Dr Attia at Mayo. Pathology came back the tumors were 100% dead in April 2017."	"NO"	"WHITE"	""	""	""	""	""	""	""	""	""	""	""	""	""	""	""	""	"1/4/53"	"True"	62	"SPLEEN"	"Non-RAAS/LAAS"	3	"ASCProject_0261_SALIVA"	62	"Hepatobiliary"	62	"Hepatobiliary"
"RP-1447_ASCProject_0261_T1_v1_Exome_OnPrem"	"ASCProject_0261_T1"	"Tumor"	"ASCProject_0261"	"DNA"	"T1"	"ASCProject_0261_T1"	""	""	0	"SPLEEN"	"SPLENECTOMY"	"NO"	"YES"	"NO"	"HIGH"	"ASCProject_0261"	"Hepatobiliary"	"Spleen"	"Spleen"	"Bone, Liver"	"Bone, Liver, Lung"	NA	5	"62"	"M"	"SPLEEN"	"SPLEEN"	0	"NO"	0	1	"OTHER (LUQ ABDOMEN) , SPLEEN"	"83"	"727"	""	""	""	""	"0"	"BONE, LIVER"	"BONE, LIVER, OTHER(DIAPHRAGM)"	"729"	"8/13/21"	"261_1, 262_2, 261_3, 261_4, 261_COMPLETE, 261_UM"	"SS"	"SPLEEN"	0	1	"261"	"DIAGNOSED"	62.86575342	"SPLEEN"	""	""	""	"SPLEEN,ABDOMINAL"	""	""	""	"ABDOMINAL"	""	""	""	"YES"	"YES"	"NO"	""	"1. Taxol 2. Pazopanib  3. Regorfenib 4. Gem /terataxol"	"YES"	"Gem / tax"	"YES"	"Thyroid cancer;2008"	"NO"	""	"Corrie Painter"	"Diagnosed 11/ 2015 and had spleen removed
Started visits with Mb Anderson and was coaxed by Dr Attia ( Mayo ) to join his clinical trial of Pazopanib. Afterfailing this and started regorfenib was recommended to see Dr Wilky at Univ of Miami. She recommended gem tax and after 6 months the tumors shrunk from 10 cm to 5 and pet scan showed they were dead. Surgery followed by Dr Merchant which did not get the blessing of Dr Attia at Mayo. Pathology came back the tumors were 100% dead in April 2017."	"NO"	"WHITE"	""	""	""	""	""	""	""	""	""	""	""	""	""	""	""	""	"1/4/53"	"True"	62	"SPLEEN"	"Non-RAAS/LAAS"	3	"ASCProject_0261_T1"	62	"Hepatobiliary"	62	"Hepatobiliary"
"RP-1447_ASCProject_0264_BLOOD_BC_v1_Exome_OnPrem"	"ASCProject_0264_BLOOD_BC"	"Normal"	"ASCProject_0264"	"DNA"	""	"ASCProject_0264_BLOOD_BC"	""	""	NA	""	""	""	""	""	""	"ASCProject_0264"	"Heart"	"Heart"	"Lung"	"Brain"	"Liver, Spleen, Bone, Brain"	NA	9	"56"	"M"	"CARDIAC"	"LUNG"	0	"NO"	0	0	""	""	""	""	""	""	""	"-23"	"BRAIN "	"LIVER, SPLEEN, BONE, BRAIN, SKIN"	"342"	"1/28/22"	"ASC_264_ALBANY.PDF, ASC_264_PathReport.PDF, ASC_264_T1A&T1B_PathReport.PDF, ASC_264_SARATOGA_3.PDF,"	"LS"	"CARDIAC"	0	1	"264"	"DIAGNOSED"	56.68767123	"HEART,LIVER,SPLEEN,LUNG,BRAIN"	""	""	""	"HEART,LIVER,SPLEEN,LUNG,BRAIN"	""	""	""	"LUNG,BRAIN"	""	""	""	"NO"	""	"YES"	""	"Decadron, Propranolol, Gemcitabine, Taxotere"	"YES"	"Same as above"	"NO"	""	"NO"	""	"Facebook Group"	""	"NO"	"WHITE"	""	""	""	""	""	""	""	""	""	""	""	""	""	""	""	""	"11/6/60"	"True"	56	"HEART"	"Non-RAAS/LAAS"	5	"ASCProject_0264_BLOOD_BC"	56	"Heart"	56	"Heart"
"RP-1447_ASCProject_0266_SALIVA_v1_Exome_OnPrem"	"ASCProject_0266_SALIVA"	"Normal"	"ASCProject_0266"	"DNA"	""	"ASCProject_0266_SALIVA"	""	""	NA	""	""	""	""	""	""	"ASCProject_0266"	"Extremities"	"Lower Extremity"	""	""	""	NA	NA	""	""	""	""	NA	""	NA	NA	""	""	""	""	""	""	""	""	""	""	""	""	""	""	""	NA	NA	"266"	"DIAGNOSED"	37.4	"LUNG,OTHER"	""	""	"A 4 cm lump at left foot plantar close to toe and 1.1 cmX0,9 cm metastasis at lower right lung. Both removed to clear margins with surgery."	"LUNG,OTHER"	""	""	"See item 2 above"	"LUNG,OTHER"	""	""	"See item 2 above"	"YES"	"YES"	"NO"	""	"Chemotherapy  11/1/17, 11/22/17, 12/13/17 and last one scheduled for 1/2/18 Doksorubisin 75mg/m2, Ifosfamid 2gr/m2, Mesna 3/4 X ifosfamid"	"YES"	"Removed tumor to clear margins at left foot plantar (8/17/17) and robotic surgery removed 1.2 cm tumor from lower right lung (10/2/17)"	"NO"	""	"NO"	""	"Michael J. Wagner MD Seattle Cancer Care Alliance (P: 206 606.2018).Tumor slides from foot and lung were reviewed at the University of Washington pathology lab ( Benjamin Hoch MD) and diagnosed as High Grade Malignant Neoplasm most consistent with Epithelioid Angiosarcoma. Dr. Michael Wagner provided the project information."	"37 years old male with no known medical history. A lump noticed at foot planter around March 2017, grew to about 4 cm in June 2017. Lump removed by a plastic surgeon  July 2017. Pathology identified high grade malignant neoplasm unidentified sarcoma (negative for sivonial or other known sarcomas). PED (8/1/17) showed metastasis at lung (1.1cm X 0.9 cm).Other small node were present in lung but not identified as metastasis. Slides sent to Seattle University of Washington identified angiosarcoma."	"NO"	"WHITE"	""	""	""	""	""	""	""	""	""	""	""	""	""	""	""	""	"2/15/80"	"False"	37.4	""	""	NA	"ASCProject_0266_SALIVA"	37.4	"Extremities"	37.4	"Extremities"
"RP-1447_ASCProject_0267_SALIVA_v1_Exome_OnPrem"	"ASCProject_0267_SALIVA"	"Normal"	"ASCProject_0267"	"DNA"	""	"ASCProject_0267_SALIVA"	""	""	NA	""	""	""	""	""	""	"ASCProject_0267"	"Breast (Parenchymal)"	"Breast (Parenchymal)"	"Breast"	"No Mets"	"No Mets"	NA	12	"35"	"F"	"BREAST (PARENCHYMAL)"	"LEFT BREAST"	0	"NO"	0	0	""	""	""	""	""	""	""	""	"NO METS"	"NO METS"	"109"	"3/9/23"	"267_1, 267_2"	"HG"	"BREAST (PARENCHYMAL)"	0	0	"267"	"DIAGNOSED"	35	"BREAST"	""	""	""	"BREAST"	""	""	""	"BREAST"	""	""	""	"NO"	""	"NO"	""	"Chemo therapy with Docetaxel and Gemcitabine. Just starting the treatment."	"YES"	"Chemo for 12 weeks
Radiation and chemo for 8 weeks"	"NO"	""	"NO"	""	"Dr. Van Tine told me about the facebook group and website."	"I was active duty military for 8 years up until February of 2017. It is believed that this may have been service related."	"NO"	"WHITE"	""	""	""	""	""	""	""	""	""	""	""	""	""	""	""	""	"12/23/17"	"True"	35	"BREAST (PARENCHYMAL)"	"Non-RAAS/LAAS"	0	"ASCProject_0267_SALIVA"	35	"Breast (Parenchymal)"	35	"Breast (Parenchymal)"
"RP-1447_ASCProject_0268_SALIVA_v1_Exome_OnPrem"	"ASCProject_0268_SALIVA"	"Normal"	"ASCProject_0268"	"DNA"	""	"ASCProject_0268_SALIVA"	""	""	NA	""	""	""	""	""	""	"ASCProject_0268"	"Breast (Cutaneous)"	"Breast (Cutaneous)"	"Breast"	"No Mets"	"No Mets"	NA	9	"47"	"F"	"BREAST (CUTANEOUS)"	"RIGHT BREAST"	1	"NO"	1	0	""	""	""	""	""	""	""	""	"NO METS"	"NO METS"	"358"	"1/27/22"	"ASC_268_HENRYFORD_FULL, ASC_268_HENRYFORD"	"SS"	"BREAST (CUTANEOUS)"	0	0	"268"	"DIAGNOSED"	46.79178082	"BREAST"	""	""	""	"BREAST"	""	""	""	"NED"	""	""	""	"YES"	"YES"	"NO"	""	"No medication or chemo yet"	"NO"	""	"YES"	"Breast cancer ;2013"	"YES"	"Breast"	"Facebook group"	"Not sure if I should do chemo taxol"	"NO"	"WHITE"	""	""	""	""	""	""	""	""	""	""	""	""	""	""	""	""	"2/27/70"	"True"	47	"BREAST (CUTANEOUS)"	"RAAS"	0	"ASCProject_0268_SALIVA"	47	"Breast (Cutaneous)"	47	"Breast (Cutaneous)"
"RP-1447_ASCProject_0270_BLOOD_BC_v1_Exome_OnPrem"	"ASCProject_0270_BLOOD_BC"	"Normal"	"ASCProject_0270"	"DNA"	""	"ASCProject_0270_BLOOD_BC"	""	""	NA	""	""	""	""	""	""	"ASCProject_0270"	"Heart"	"Heart"	"Liver"	"Liver"	"Liver, Bone"	NA	12	"45"	"F"	"CARDIAC"	"LIVER"	0	"NO"	0	NA	""	""	""	""	""	""	""	"0"	"LIVER"	"LIVER, BONE"	"358"	"3/9/23"	"270_Northwell_full.pdf"	"OA"	"CARDIAC"	0	1	"270"	"DIAGNOSED"	45.89041096	"HEART,LIVER,BONELIMB"	""	""	""	"HEART,LIVER,BONELIMB,OTHER"	""	""	""	"HEART,LIVER,BONELIMB,OTHER"	""	""	""	"NO"	""	"NO"	""	"Gemzar Taxotere"	"YES"	"Chemotherapy"	"NO"	""	"NO"	""	"Through the angiosarcoma cancer Facebook page"	""	"NO"	"WHITE"	""	""	""	""	""	""	""	""	""	""	""	""	""	""	""	""	"9/22/71"	"True"	45	"HEART"	"Non-RAAS/LAAS"	2	"ASCProject_0270_BLOOD_BC"	45	"Heart"	45	"Heart"
"RP-1447_ASCProject_0275_SALIVA_v1_Exome_OnPrem"	"ASCProject_0275_SALIVA"	"Normal"	"ASCProject_0275"	"DNA"	""	"ASCProject_0275_SALIVA"	""	""	NA	""	""	""	""	""	""	"ASCProject_0275"	"Breast (Parenchymal)"	"Breast (Parenchymal)"	"Breast"	"No Mets"	"No Mets"	NA	9	"27"	"F"	"BREAST (PARENCHYMAL)"	"LEFT BREAST"	0	"NO"	0	0	""	""	""	""	""	""	""	""	"NO METS"	"NO METS"	"457"	"1/21/22"	"ASC_275_DFCI_FULL, ASC_275_PATHREPORT"	"SS"	"BREAST (PARENCHYMAL)"	0	0	"275"	"DIAGNOSED"	27.09315068	"BREAST"	""	""	""	"BREAST"	""	""	""	"DK"	""	""	""	"YES"	"YES"	"YES"	"AFTER"	""	"YES"	""	"NO"	""	"NO"	""	"Facebook"	"After I had my daughter I breastfed for a year. After breastfeeding for a year I developed a large lump in my left breast. Which first was diagnosed as a clogged milk duct. After it hadn't went away I seen a breast specialist. I had multiple ultrasounds and mammograms, a needlepoint biopsy and core biopsy. Which all came back negative for cancer, but abnormal. My breast specialist decided it would be best to just remove the lump. After two different pathologist and mayo clinic I was diagnosed."	"NO"	"WHITE"	""	""	""	""	""	""	""	""	""	""	""	""	""	""	""	""	"10/5/90"	"True"	27	"BREAST (PARENCHYMAL)"	"Non-RAAS/LAAS"	0	"ASCProject_0275_SALIVA"	27	"Breast (Parenchymal)"	27	"Breast (Parenchymal)"
"RP-1447_ASCProject_0277_SALIVA_v3_Exome_OnPrem"	"ASCProject_0277_SALIVA"	"Normal"	"ASCProject_0277"	"DNA"	""	"ASCProject_0277_SALIVA"	""	""	NA	""	""	""	""	""	""	"ASCProject_0277"	"HNFS"	"HNFS"	"Face"	"No Mets"	"No Mets"	NA	2	"58"	"M"	"HNFS"	"LEFT CHEEK"	0	"NO"	1	0	""	""	""	""	""	""	""	""	"NO METS"	"NO METS"	"2147"	"6/14/21"	"277_ROANOKESURGICAL, 277_RVAS, 277_T2, 277_UNC, ASC_0277_T1ANDT2_PATHREPORT"	"SS"	"HNFS"	0	0	"277"	"DIAGNOSED"	58.88493151	"HEADFACENECK"	""	""	""	"HEADFACENECK"	""	""	""	"NED"	""	""	""	"YES"	"YES"	"YES"	"AFTER"	"None"	"NO"	""	"NO"	""	"NO"	""	"Through Facebook Angiosarcoma site"	"None"	"NO"	"WHITE"	""	""	""	""	""	""	""	""	""	""	""	""	""	""	""	""	"11/27/53"	"True"	58	"HNFS"	"Non-RAAS/LAAS"	0	"ASCProject_0277_SALIVA"	58	"HNFS"	58	"HNFS"
"RP-1447_ASCProject_0277_T1_v3_Exome_OnPrem"	"ASCProject_0277_T1"	"Tumor"	"ASCProject_0277"	"DNA"	"T1"	"ASCProject_0277_T1"	""	""	0	"HEADFACENECKSCALP"	""	""	""	""	""	"ASCProject_0277"	"HNFS"	"HNFS"	"Face"	"No Mets"	"No Mets"	NA	2	"58"	"M"	"HNFS"	"LEFT CHEEK"	0	"NO"	1	0	""	""	""	""	""	""	""	""	"NO METS"	"NO METS"	"2147"	"6/14/21"	"277_ROANOKESURGICAL, 277_RVAS, 277_T2, 277_UNC, ASC_0277_T1ANDT2_PATHREPORT"	"SS"	"HNFS"	0	0	"277"	"DIAGNOSED"	58.88493151	"HEADFACENECK"	""	""	""	"HEADFACENECK"	""	""	""	"NED"	""	""	""	"YES"	"YES"	"YES"	"AFTER"	"None"	"NO"	""	"NO"	""	"NO"	""	"Through Facebook Angiosarcoma site"	"None"	"NO"	"WHITE"	""	""	""	""	""	""	""	""	""	""	""	""	""	""	""	""	"11/27/53"	"True"	58	"HNFS"	"Non-RAAS/LAAS"	0	"ASCProject_0277_T1"	58	"HNFS"	58	"HNFS"
"RP-1447_ASCProject_0277_T2_v2_Exome_OnPrem"	"ASCProject_0277_T2"	"Tumor"	"ASCProject_0277"	"DNA"	"T2"	"ASCProject_0277_T2"	""	""	21	"HEADFACENECKSCALP"	"PUNCH BIOPSY "	"YES"	"YES (FOCAL)"	"NO"	"HIGH"	"ASCProject_0277"	"HNFS"	"HNFS"	"Face"	"No Mets"	"No Mets"	NA	2	"58"	"M"	"HNFS"	"LEFT CHEEK"	0	"NO"	1	0	""	""	""	""	""	""	""	""	"NO METS"	"NO METS"	"2147"	"6/14/21"	"277_ROANOKESURGICAL, 277_RVAS, 277_T2, 277_UNC, ASC_0277_T1ANDT2_PATHREPORT"	"SS"	"HNFS"	0	0	"277"	"DIAGNOSED"	58.88493151	"HEADFACENECK"	""	""	""	"HEADFACENECK"	""	""	""	"NED"	""	""	""	"YES"	"YES"	"YES"	"AFTER"	"None"	"NO"	""	"NO"	""	"NO"	""	"Through Facebook Angiosarcoma site"	"None"	"NO"	"WHITE"	""	""	""	""	""	""	""	""	""	""	""	""	""	""	""	""	"11/27/53"	"True"	58	"HNFS"	"Non-RAAS/LAAS"	0	"ASCProject_0277_T2"	58	"HNFS"	58	"HNFS"
"RP-1447_ASCProject_0278_SALIVA_v1_Exome_OnPrem"	"ASCProject_0278_SALIVA"	"Normal"	"ASCProject_0278"	"DNA"	""	"ASCProject_0278_SALIVA"	""	""	NA	""	""	""	""	""	""	"ASCProject_0278"	"Breast (NOS)"	"Breast (NOS)"	""	""	""	NA	NA	""	""	""	""	NA	""	NA	NA	""	""	""	""	""	""	""	""	""	""	""	""	""	""	""	NA	NA	"278"	"DIAGNOSED"	74.90684932	"BREAST"	""	""	""	"BREAST"	""	""	""	"NED"	""	""	""	"YES"	"NO"	"NO"	""	"Taxol, propranolol,paclitaxel"	"YES"	"Paclitaxel, propranolol"	"YES"	"Breast cancer;2006"	"YES"	"Breast"	"My daughter sent me info."	""	"NO"	"WHITE"	""	""	""	""	""	""	""	""	""	""	""	""	""	""	""	""	"6/23/41"	"False"	74.90684932	"BREAST (NOS)"	""	NA	"ASCProject_0278_SALIVA"	74.90684932	"Breast (NOS)"	74.90684932	"Breast (NOS)"
"RP-1447_ASCProject_0285_SALIVA_v1_Exome_OnPrem"	"ASCProject_0285_SALIVA"	"Normal"	"ASCProject_0285"	"DNA"	""	"ASCProject_0285_SALIVA"	""	""	NA	""	""	""	""	""	""	"ASCProject_0285"	"Breast (NOS)"	"Breast (NOS)"	""	""	""	NA	NA	""	""	""	""	NA	""	NA	NA	""	""	""	""	""	""	""	""	""	""	""	""	""	""	""	NA	NA	"285"	"DIAGNOSED"	59.85479452	"BREAST"	""	""	""	"BREAST"	""	""	""	"NED"	""	""	""	"YES"	"YES"	"NO"	""	"None"	"NO"	""	"NO"	""	"NO"	""	"Facebook group \"Angiosarcoma Cancer\" created by Corrie Pointer"	""	"NO"	"JAPANESE,WHITE"	""	""	""	""	""	""	""	""	""	""	""	""	""	""	""	""	"8/8/56"	"False"	59.85479452	"BREAST (NOS)"	""	NA	"ASCProject_0285_SALIVA"	59.85479452	"Breast (NOS)"	59.85479452	"Breast (NOS)"
"RP-1447_ASCProject_0288_SALIVA_v1_Exome_OnPrem"	"ASCProject_0288_SALIVA"	"Normal"	"ASCProject_0288"	"DNA"	""	"ASCProject_0288_SALIVA"	""	""	NA	""	""	""	""	""	""	"ASCProject_0288"	"Other Rare Sites"	"Nerve"	""	""	""	NA	NA	""	""	""	""	NA	""	NA	NA	""	""	""	""	""	""	""	""	""	""	""	""	""	""	""	NA	NA	"288"	"DIAGNOSED"	65.49315068	"LUNG,OTHER"	""	""	"spine"	"LUNG,OTHER"	""	""	"spine"	"LUNG,OTHER"	""	""	"spine"	"NO"	""	"YES"	""	"None as of now - investigating different options"	"YES"	"so far, have just begun radiation on my spine"	"YES"	"breast cancer;2003"	"YES"	"breast"	"My sister and daughter-in-law (a pediatrician and an internist) did some research for me and found it."	"Nothing yet - just complete disbelief and shock"	"NO"	"WHITE"	""	""	""	""	""	""	""	""	""	""	""	""	""	""	""	""	"7/21/52"	"False"	65.49315068	""	""	NA	"ASCProject_0288_SALIVA"	65.49315068	"Other Rare Sites"	65.49315068	"Other Rare Sites"
"RP-1447_ASCProject_0289_SALIVA_v3_Exome_OnPrem"	"ASCProject_0289_SALIVA"	"Normal"	"ASCProject_0289"	"DNA"	""	"ASCProject_0289_SALIVA"	""	""	NA	""	""	""	""	""	""	"ASCProject_0289"	"Breast (Cutaneous)"	"Breast (Cutaneous)"	"Breast"	"Trunk"	"Trunk, Distant Lymph Node, Lung"	NA	5	"62"	"F"	"BREAST (CUTANEOUS)"	"RIGHT BREAST "	1	"NO"	1	1	"RIGHT CHEST WALL, RIGHT CHEST WALL, RIGHT CHEST WALL, RIGHT CHEST WALL"	"1838"	"1917"	"1982"	"2127"	""	""	"2154"	"TRUNK"	"TRUNK, DISTANT LYMPH NODE, LUNG "	"2575"	"8/20/21"	"289_Moffitt_copy_1,  289_Moffitt_copy_2,  289_Moffitt_copy_3,  289_Moffitt_copy_4,  289_Moffitt_copy_5, 289_Moffitt_Largest"	"LS"	"BREAST (CUTANEOUS)"	0	1	"289"	"DIAGNOSED"	60.61917808	"BREAST"	""	""	""	"BREAST,LYMPH"	""	""	""	"BREAST,LUNG,NED"	""	""	""	"YES"	"NO"	"NO"	""	"doxorubicin,  votrient,"	"YES"	"votrient,  thoracentesis to remove fluid in lungs"	"YES"	"reast cancer uterine cancer;"	"NO"	""	"facebook angiosarcoma group"	"this cancer comes back in me around 5-7 years. We all need a cure"	"NO"	"AMERICAN_INDIAN,BLACK,WHITE,OTHER"	""	""	""	""	""	""	""	""	""	""	""	""	""	""	""	""	"11/2/42"	"True"	62	"BREAST (CUTANEOUS)"	"RAAS"	3	"ASCProject_0289_SALIVA"	62	"Breast (Cutaneous)"	62	"Breast (Cutaneous)"
"RP-1447_ASCProject_0289_T1_v3_Exome_OnPrem"	"ASCProject_0289_T1"	"Tumor"	"ASCProject_0289"	"DNA"	"T1"	"ASCProject_0289_T1"	""	""	1838	"CHEST"	"EXCISION"	"YES"	"YES"	"NO"	"HIGH"	"ASCProject_0289"	"Breast (Cutaneous)"	"Breast (Cutaneous)"	"Breast"	"Trunk"	"Trunk, Distant Lymph Node, Lung"	NA	5	"62"	"F"	"BREAST (CUTANEOUS)"	"RIGHT BREAST "	1	"NO"	1	1	"RIGHT CHEST WALL, RIGHT CHEST WALL, RIGHT CHEST WALL, RIGHT CHEST WALL"	"1838"	"1917"	"1982"	"2127"	""	""	"2154"	"TRUNK"	"TRUNK, DISTANT LYMPH NODE, LUNG "	"2575"	"8/20/21"	"289_Moffitt_copy_1,  289_Moffitt_copy_2,  289_Moffitt_copy_3,  289_Moffitt_copy_4,  289_Moffitt_copy_5, 289_Moffitt_Largest"	"LS"	"BREAST (CUTANEOUS)"	0	1	"289"	"DIAGNOSED"	60.61917808	"BREAST"	""	""	""	"BREAST,LYMPH"	""	""	""	"BREAST,LUNG,NED"	""	""	""	"YES"	"NO"	"NO"	""	"doxorubicin,  votrient,"	"YES"	"votrient,  thoracentesis to remove fluid in lungs"	"YES"	"reast cancer uterine cancer;"	"NO"	""	"facebook angiosarcoma group"	"this cancer comes back in me around 5-7 years. We all need a cure"	"NO"	"AMERICAN_INDIAN,BLACK,WHITE,OTHER"	""	""	""	""	""	""	""	""	""	""	""	""	""	""	""	""	"11/2/42"	"True"	62	"BREAST (CUTANEOUS)"	"RAAS"	3	"ASCProject_0289_T1"	62	"Breast (Cutaneous)"	62	"Breast (Cutaneous)"
"RP-1447_ASCProject_0289_T2_v3_Exome_OnPrem"	"ASCProject_0289_T2"	"Tumor"	"ASCProject_0289"	"DNA"	"T2"	"ASCProject_0289_T2"	""	""	1950	"CHEST"	"EXCISION"	"YES"	"YES"	"NO"	"HIGH"	"ASCProject_0289"	"Breast (Cutaneous)"	"Breast (Cutaneous)"	"Breast"	"Trunk"	"Trunk, Distant Lymph Node, Lung"	NA	5	"62"	"F"	"BREAST (CUTANEOUS)"	"RIGHT BREAST "	1	"NO"	1	1	"RIGHT CHEST WALL, RIGHT CHEST WALL, RIGHT CHEST WALL, RIGHT CHEST WALL"	"1838"	"1917"	"1982"	"2127"	""	""	"2154"	"TRUNK"	"TRUNK, DISTANT LYMPH NODE, LUNG "	"2575"	"8/20/21"	"289_Moffitt_copy_1,  289_Moffitt_copy_2,  289_Moffitt_copy_3,  289_Moffitt_copy_4,  289_Moffitt_copy_5, 289_Moffitt_Largest"	"LS"	"BREAST (CUTANEOUS)"	0	1	"289"	"DIAGNOSED"	60.61917808	"BREAST"	""	""	""	"BREAST,LYMPH"	""	""	""	"BREAST,LUNG,NED"	""	""	""	"YES"	"NO"	"NO"	""	"doxorubicin,  votrient,"	"YES"	"votrient,  thoracentesis to remove fluid in lungs"	"YES"	"reast cancer uterine cancer;"	"NO"	""	"facebook angiosarcoma group"	"this cancer comes back in me around 5-7 years. We all need a cure"	"NO"	"AMERICAN_INDIAN,BLACK,WHITE,OTHER"	""	""	""	""	""	""	""	""	""	""	""	""	""	""	""	""	"11/2/42"	"True"	62	"BREAST (CUTANEOUS)"	"RAAS"	3	"ASCProject_0289_T2"	62	"Breast (Cutaneous)"	62	"Breast (Cutaneous)"
"RP-1447_ASCProject_0289_T3_v3_Exome_OnPrem"	"ASCProject_0289_T3"	"Tumor"	"ASCProject_0289"	"DNA"	"T3"	"ASCProject_0289_T3"	""	""	2154	"CHEST"	"RESECTION"	"YES"	"YES"	"NO"	"HIGH"	"ASCProject_0289"	"Breast (Cutaneous)"	"Breast (Cutaneous)"	"Breast"	"Trunk"	"Trunk, Distant Lymph Node, Lung"	NA	5	"62"	"F"	"BREAST (CUTANEOUS)"	"RIGHT BREAST "	1	"NO"	1	1	"RIGHT CHEST WALL, RIGHT CHEST WALL, RIGHT CHEST WALL, RIGHT CHEST WALL"	"1838"	"1917"	"1982"	"2127"	""	""	"2154"	"TRUNK"	"TRUNK, DISTANT LYMPH NODE, LUNG "	"2575"	"8/20/21"	"289_Moffitt_copy_1,  289_Moffitt_copy_2,  289_Moffitt_copy_3,  289_Moffitt_copy_4,  289_Moffitt_copy_5, 289_Moffitt_Largest"	"LS"	"BREAST (CUTANEOUS)"	0	1	"289"	"DIAGNOSED"	60.61917808	"BREAST"	""	""	""	"BREAST,LYMPH"	""	""	""	"BREAST,LUNG,NED"	""	""	""	"YES"	"NO"	"NO"	""	"doxorubicin,  votrient,"	"YES"	"votrient,  thoracentesis to remove fluid in lungs"	"YES"	"reast cancer uterine cancer;"	"NO"	""	"facebook angiosarcoma group"	"this cancer comes back in me around 5-7 years. We all need a cure"	"NO"	"AMERICAN_INDIAN,BLACK,WHITE,OTHER"	""	""	""	""	""	""	""	""	""	""	""	""	""	""	""	""	"11/2/42"	"True"	62	"BREAST (CUTANEOUS)"	"RAAS"	3	"ASCProject_0289_T3"	62	"Breast (Cutaneous)"	62	"Breast (Cutaneous)"
"RP-1447_ASCProject_0290_SALIVA_v2_Exome_OnPrem"	"ASCProject_0290_SALIVA"	"Normal"	"ASCProject_0290"	"DNA"	""	"ASCProject_0290_SALIVA"	""	""	NA	""	""	""	""	""	""	"ASCProject_0290"	"Hepatobiliary"	"Spleen"	"Spleen"	"Liver"	"Liver"	NA	4	"37"	"F"	"SPLEEN"	"SPLEEN"	0	"NO"	0	0	""	""	""	""	""	""	""	"392"	"LIVER"	"LIVER"	"1311"	"1/16/20"	"ASC_0290_T1_Pathreport , 290_HuntsmanCancer"	"RR"	"SPLEEN"	0	1	"290"	"DIAGNOSED"	37.44657534	"SPLEEN"	""	""	""	"LIVER,SPLEEN"	""	""	""	"LIVER"	""	""	""	"YES"	"YES"	"YES"	"AFTER"	"Paclitaxel TRC-105 Pazopanib Docetaxel Oluratumab Doxorubicin Y-90"	"NO"	""	"NO"	""	"NO"	""	"Google"	""	"NO"	"WHITE"	""	""	""	""	""	""	""	""	""	""	""	""	""	""	""	""	"7/31/77"	"True"	37	"SPLEEN"	"Non-RAAS/LAAS"	1	"ASCProject_0290_SALIVA"	37	"Hepatobiliary"	37	"Hepatobiliary"
"RP-1447_ASCProject_0290_T1_v4_Exome_OnPrem"	"ASCProject_0290_T1"	"Tumor"	"ASCProject_0290"	"DNA"	"T1"	"ASCProject_0290_T1"	""	""	0	"SPLEEN"	"SPLENECTOMY"	"YES (FOCAL)"	"NO"	"YES"	"HIGH"	"ASCProject_0290"	"Hepatobiliary"	"Spleen"	"Spleen"	"Liver"	"Liver"	NA	4	"37"	"F"	"SPLEEN"	"SPLEEN"	0	"NO"	0	0	""	""	""	""	""	""	""	"392"	"LIVER"	"LIVER"	"1311"	"1/16/20"	"ASC_0290_T1_Pathreport , 290_HuntsmanCancer"	"RR"	"SPLEEN"	0	1	"290"	"DIAGNOSED"	37.44657534	"SPLEEN"	""	""	""	"LIVER,SPLEEN"	""	""	""	"LIVER"	""	""	""	"YES"	"YES"	"YES"	"AFTER"	"Paclitaxel TRC-105 Pazopanib Docetaxel Oluratumab Doxorubicin Y-90"	"NO"	""	"NO"	""	"NO"	""	"Google"	""	"NO"	"WHITE"	""	""	""	""	""	""	""	""	""	""	""	""	""	""	""	""	"7/31/77"	"True"	37	"SPLEEN"	"Non-RAAS/LAAS"	1	"ASCProject_0290_T1"	37	"Hepatobiliary"	37	"Hepatobiliary"
"RP-1447_ASCProject_0293_BLOOD_BC_v1_Exome_OnPrem"	"ASCProject_0293_BLOOD_BC"	"Normal"	"ASCProject_0293"	"DNA"	""	"ASCProject_0293_BLOOD_BC"	""	""	NA	""	""	""	""	""	""	"ASCProject_0293"	"Hepatobiliary"	"Liver"	"Liver"	"Lung"	"Lung"	NA	7	"3"	"F"	"VISCERAL ORGAN"	"LIVER"	0	"NO"	0	1	"VISCERAL ORGAN"	"197"	""	""	""	""	""	"197"	"LUNG"	"LUNG"	"374"	"1/21/20"	"ASC_293_CAROLINA, ASC_293_CAROLINA_PEDIATRICS_2017RECORDS, 293_CAROLINA_2018RECORDS"	"BT"	"LIVER"	0	1	"293"	"DIAGNOSED"	2.539726027	"LIVER"	""	""	""	"LIVER"	""	""	""	"LIVER"	""	""	""	"NO"	""	"NO"	""	"Sirolimus"	"YES"	"Confirming if candidate for liver transplant"	"NO"	""	"NO"	""	""	"She is 3 yrs old.  You'd never know anything was wrong with her.  Sirolimus shrink the tumor for about 3 months and is now growing back while still on it.  Waiting for her bone can to confirm it has not spread before being put on the transplant list."	"NO"	"WHITE"	""	""	""	""	""	""	""	""	""	""	""	""	""	""	""	""	"8/17/14"	"True"	3	"LIVER"	"Non-RAAS/LAAS"	1	"ASCProject_0293_BLOOD_BC"	3	"Hepatobiliary"	3	"Hepatobiliary"
"RP-1447_ASCProject_0293_BLOOD_P_v1_Exome_OnPrem"	"ASCProject_0293_BLOOD_P"	"Tumor"	"ASCProject_0293"	"DNA"	"BLOOD"	"ASCProject_0293_BLOOD_P"	""	""	163	"BLOOD BIOPSY"	"BLOOD BIOPSY"	""	""	""	""	"ASCProject_0293"	"Hepatobiliary"	"Liver"	"Liver"	"Lung"	"Lung"	NA	7	"3"	"F"	"VISCERAL ORGAN"	"LIVER"	0	"NO"	0	1	"VISCERAL ORGAN"	"197"	""	""	""	""	""	"197"	"LUNG"	"LUNG"	"374"	"1/21/20"	"ASC_293_CAROLINA, ASC_293_CAROLINA_PEDIATRICS_2017RECORDS, 293_CAROLINA_2018RECORDS"	"BT"	"LIVER"	0	1	"293"	"DIAGNOSED"	2.539726027	"LIVER"	""	""	""	"LIVER"	""	""	""	"LIVER"	""	""	""	"NO"	""	"NO"	""	"Sirolimus"	"YES"	"Confirming if candidate for liver transplant"	"NO"	""	"NO"	""	""	"She is 3 yrs old.  You'd never know anything was wrong with her.  Sirolimus shrink the tumor for about 3 months and is now growing back while still on it.  Waiting for her bone can to confirm it has not spread before being put on the transplant list."	"NO"	"WHITE"	""	""	""	""	""	""	""	""	""	""	""	""	""	""	""	""	"8/17/14"	"True"	3	"LIVER"	"Non-RAAS/LAAS"	1	"ASCProject_0293_BLOOD_P"	3	"Hepatobiliary"	3	"Hepatobiliary"
"RP-1447_ASCProject_0294_BLOOD_BC_v1_Exome_OnPrem"	"ASCProject_0294_BLOOD_BC"	"Normal"	"ASCProject_0294"	"DNA"	""	"ASCProject_0294_BLOOD_BC"	""	""	NA	""	""	""	""	""	""	"ASCProject_0294"	"HNFS"	"HNFS"	"Scalp"	"No Mets"	"No Mets"	NA	7	"70"	"M"	"HNFS"	"SCALP VERTEX"	0	"NO"	1	1	"HNFS"	"323"	""	""	""	""	""	""	"NO METS"	"NO METS"	"421"	"1/22/20"	"294_UW, 294_INCYTE_1-12_MANUAL_OCR"	"QC"	"HNFS"	0	0	"294"	"DIAGNOSED"	70.66027397	"SCALP"	""	""	""	"SCALP"	""	""	""	"SCALP"	""	""	""	"NO"	""	"NO"	""	"New patient. Still getting scans. No treatments yet."	"YES"	""	"YES"	"Prostate Cancer;2017"	"YES"	"prostate, bladder, pelvic area"	"Dr. Wagner, Univ. Wash. Medical Center, Seattle Cancer Care Alliance"	"I had surgery early March 2018, 5 weeks daily radiation April thru mid-May 2018. Early Dec. 2018 a small spot in the untreated area was found. Now 6 months Taxol ending early June."	"NO"	"AMERICAN_INDIAN,WHITE"	""	""	""	""	""	""	""	""	""	""	""	""	""	""	""	""	"6/23/47"	"True"	70	"HNFS"	"Non-RAAS/LAAS"	0	"ASCProject_0294_BLOOD_BC"	70	"HNFS"	70	"HNFS"
"RP-1447_ASCProject_0294_BLOOD_P_v1_Exome_OnPrem"	"ASCProject_0294_BLOOD_P"	"Tumor"	"ASCProject_0294"	"DNA"	"BLOOD"	"ASCProject_0294_BLOOD_P"	""	""	196	"BLOOD BIOPSY"	"BLOOD BIOPSY"	""	""	""	""	"ASCProject_0294"	"HNFS"	"HNFS"	"Scalp"	"No Mets"	"No Mets"	NA	7	"70"	"M"	"HNFS"	"SCALP VERTEX"	0	"NO"	1	1	"HNFS"	"323"	""	""	""	""	""	""	"NO METS"	"NO METS"	"421"	"1/22/20"	"294_UW, 294_INCYTE_1-12_MANUAL_OCR"	"QC"	"HNFS"	0	0	"294"	"DIAGNOSED"	70.66027397	"SCALP"	""	""	""	"SCALP"	""	""	""	"SCALP"	""	""	""	"NO"	""	"NO"	""	"New patient. Still getting scans. No treatments yet."	"YES"	""	"YES"	"Prostate Cancer;2017"	"YES"	"prostate, bladder, pelvic area"	"Dr. Wagner, Univ. Wash. Medical Center, Seattle Cancer Care Alliance"	"I had surgery early March 2018, 5 weeks daily radiation April thru mid-May 2018. Early Dec. 2018 a small spot in the untreated area was found. Now 6 months Taxol ending early June."	"NO"	"AMERICAN_INDIAN,WHITE"	""	""	""	""	""	""	""	""	""	""	""	""	""	""	""	""	"6/23/47"	"True"	70	"HNFS"	"Non-RAAS/LAAS"	0	"ASCProject_0294_BLOOD_P"	70	"HNFS"	70	"HNFS"
"RP-1447_ASCProject_0299_SALIVA_v1_Exome_OnPrem"	"ASCProject_0299_SALIVA"	"Normal"	"ASCProject_0299"	"DNA"	""	"ASCProject_0299_SALIVA"	""	""	NA	""	""	""	""	""	""	"ASCProject_0299"	"Breast (NOS)"	"Breast (NOS)"	""	""	""	NA	NA	""	""	""	""	NA	""	NA	NA	""	""	""	""	""	""	""	""	""	""	""	""	""	""	""	NA	NA	"299"	"DIAGNOSED"	75.72328767	"BREAST"	""	""	""	"BREAST,BONELIMB"	"Breast , L forearm."	""	""	"BONELIMB"	"L arm"	""	""	"YES"	"YES"	"YES"	"AFTER"	"Taxol , Evastian"	"YES"	"Chemotherapy"	"YES"	"Breast;2009"	"NO"	"L Breast and flank region"	"Online research"	"A sudden onset of a lesion occurred on L forearm. Chemo suppresses the lesion for a short period and then reoccurs when treatments stop. I am 80yo and still work full time as a home health aide. I am strong and otherwise healthy. I have been able to tolerate chemo without any affects , until recently."	"NO"	"AMERICAN_INDIAN"	""	""	""	""	""	""	""	""	""	""	""	""	""	""	""	""	"10/29/37"	"False"	75.72328767	"BREAST (NOS)"	""	NA	"ASCProject_0299_SALIVA"	75.72328767	"Breast (NOS)"	75.72328767	"Breast (NOS)"
"RP-1447_ASCProject_0300_BLOOD_BC_v1_Exome_OnPrem"	"ASCProject_0300_BLOOD_BC"	"Normal"	"ASCProject_0300"	"DNA"	""	"ASCProject_0300_BLOOD_BC"	""	""	NA	""	""	""	""	""	""	"ASCProject_0300"	"Heart"	"Heart"	""	""	""	NA	NA	""	""	""	""	NA	""	NA	NA	""	""	""	""	""	""	""	""	""	""	""	""	""	""	""	NA	NA	"300"	"DIAGNOSED"	42.91506849	"HEART"	""	""	""	"HEART,LIVER"	""	""	""	"LIVER"	""	""	""	"NO"	""	"YES"	""	""	"YES"	"Immunotherapy"	"NO"	""	"NO"	""	"My wonderful sarcoma doctor"	"I just want to add that I went nearly a year without being able to get a diagnosis. I went through several test and procedure but all the results would come back inconclusive of an exact reason why I had this tumor growing in my Heart and small lesions developing in my liver. Finally after a procedure the doctors called VATS, I got a devastating diagnosis  of Angiosarcoma."	"NO"	"BLACK"	""	""	""	""	""	""	""	""	""	""	""	""	""	""	""	""	"5/13/73"	"False"	42.91506849	"HEART"	""	NA	"ASCProject_0300_BLOOD_BC"	42.91506849	"Heart"	42.91506849	"Heart"
"RP-1447_ASCProject_0303_SALIVA_v1_Exome_OnPrem"	"ASCProject_0303_SALIVA"	"Normal"	"ASCProject_0303"	"DNA"	""	"ASCProject_0303_SALIVA"	""	""	NA	""	""	""	""	""	""	"ASCProject_0303"	"HNFS"	"HNFS"	""	""	""	NA	NA	""	""	""	""	NA	""	NA	NA	""	""	""	""	""	""	""	""	""	""	""	""	""	""	""	NA	NA	"303"	"DIAGNOSED"	67.76438356	"HEADFACENECK"	""	""	""	"HEADFACENECK,LYMPH,BONELIMB,DK"	""	""	""	"NED"	""	""	""	"NO"	""	"YES"	""	"taxall    gensideabeam    taxatore"	"NO"	""	"YES"	"squams cell;2000|basil cell   skin cancer;1998"	"NO"	""	"dr van  tine st  louse mo"	""	"NO"	"WHITE"	""	""	""	""	""	""	""	""	""	""	""	""	""	""	""	""	"10/12/47"	"False"	67.76438356	"HNFS"	""	NA	"ASCProject_0303_SALIVA"	67.76438356	"HNFS"	67.76438356	"HNFS"
"RP-1447_ASCProject_0304_SALIVA_v1_Exome_OnPrem"	"ASCProject_0304_SALIVA"	"Normal"	"ASCProject_0304"	"DNA"	""	"ASCProject_0304_SALIVA"	""	""	NA	""	""	""	""	""	""	"ASCProject_0304"	"HNFS"	"HNFS"	""	""	""	NA	NA	""	""	""	""	NA	""	NA	NA	""	""	""	""	""	""	""	""	""	""	""	""	""	""	""	NA	NA	"304"	"DIAGNOSED"	85.63561644	"SCALP"	""	""	""	"DK"	""	""	""	"SCALP"	""	""	""	"YES"	"YES"	"NO"	""	"non.  radiation has been recommended"	"YES"	"upcoming rediation"	"YES"	"squamous cell;2005|basal cell;2005"	"NO"	""	"internet search"	"Seems strange that this angiosarcoma was found at or hear the site of previous Moh's sugery for other skin cancers."	"NO"	"WHITE"	""	""	""	""	""	""	""	""	""	""	""	""	""	""	""	""	"7/5/32"	"False"	85.63561644	"HNFS"	""	NA	"ASCProject_0304_SALIVA"	85.63561644	"HNFS"	85.63561644	"HNFS"
"RP-1447_ASCProject_0305_SALIVA_v1_Exome_OnPrem"	"ASCProject_0305_SALIVA"	"Normal"	"ASCProject_0305"	"DNA"	""	"ASCProject_0305_SALIVA"	""	""	NA	""	""	""	""	""	""	"ASCProject_0305"	"Other Visceral Organs"	"Kidney"	""	""	""	NA	NA	""	""	""	""	NA	""	NA	NA	""	""	""	""	""	""	""	""	""	""	""	""	""	""	""	NA	NA	"305"	"DIAGNOSED"	71	"ABDOMINAL"	""	"Attached to left kidney. A large mass."	""	"ABDOMINAL"	""	""	""	""	""	""	""	"YES"	"DK"	"NO"	""	""	"NO"	""	"NO"	""	"NO"	""	"Internet"	""	"NO"	"WHITE"	""	""	""	""	""	""	""	""	""	""	""	""	""	""	""	""	"3/15/18"	"False"	71	"VISCERAL ORGAN"	""	NA	"ASCProject_0305_SALIVA"	71	"Other Visceral Organs"	71	"Other Visceral Organs"
"RP-1447_ASCProject_0306_SALIVA_v1_Exome_OnPrem"	"ASCProject_0306_SALIVA"	"Normal"	"ASCProject_0306"	"DNA"	""	"ASCProject_0306_SALIVA"	""	""	NA	""	""	""	""	""	""	"ASCProject_0306"	"HNFS"	"HNFS"	""	""	""	NA	NA	""	""	""	""	NA	""	NA	NA	""	""	""	""	""	""	""	""	""	""	""	""	""	""	""	NA	NA	"306"	"DIAGNOSED"	50.31506849	"HEADFACENECK"	""	""	""	"HEADFACENECK"	""	""	""	"NED"	""	""	""	"YES"	"YES"	"YES"	"BEFORE"	"breast cancer chemo , radiation, followed by tumor removal, reconstruction surgery, and then needed hyper baric treatments 2 years later and removal of some teeth"	"NO"	""	"NO"	""	"NO"	""	"Dr. Brian Van Tine"	"started out as a bump under the skin then 1 month later was a red bump like pimple which then grew a purple ring around it and the middle became more red. I went to the dermatologist who did a biopsy which was sent to 3 different labs . I then went to The Center for Advance Medicine in St. Louis where I was seen By Dr. Van Tine and started on Chemo and Radiation pre surgical. I then had the tumor removed and then went back to surgery 2 weeks later for reconstruction surgery."	"NO"	"WHITE"	""	""	""	""	""	""	""	""	""	""	""	""	""	""	""	""	"12/20/62"	"False"	50.31506849	"HNFS"	""	NA	"ASCProject_0306_SALIVA"	50.31506849	"HNFS"	50.31506849	"HNFS"
"RP-1447_ASCProject_0309_BLOOD_BC_v2_Exome_OnPrem"	"ASCProject_0309_BLOOD_BC"	"Normal"	"ASCProject_0309"	"DNA"	""	"ASCProject_0309_BLOOD_BC"	""	""	NA	""	""	""	""	""	""	"ASCProject_0309"	"Breast (Parenchymal)"	"Breast (Parenchymal)"	"Breast"	""	""	NA	9	"49"	"F"	"BREAST (PARENCHYMAL)"	"RIGHT BREAST"	0	"NO"	0	NA	""	""	""	""	""	""	""	"NOT FOUND IN RECORD"	"NOT FOUND IN RECORD"	"NOT FOUND IN RECORD"	"25"	"1/12/22"	"309_KAISER"	"LS"	"BREAST (PARENCHYMAL)"	0	NA	"309"	"DIAGNOSED"	49.52328767	"BREAST"	""	""	""	"BREAST"	""	""	""	"BREAST"	""	""	""	"NO"	""	"NO"	""	"Doxorubicin (Adriamycin) and Lartruvo (Olaratumab), Propranolol"	"YES"	"Doxorubicin (Adriamycin) and Lartruvo (Olaratumab), Propranolol"	"NO"	""	"NO"	""	"On-line research"	""	"NO"	"WHITE"	""	""	""	""	""	""	""	""	""	""	""	""	""	""	""	""	"6/5/68"	"True"	49	"BREAST (PARENCHYMAL)"	"Non-RAAS/LAAS"	NA	"ASCProject_0309_BLOOD_BC"	49	"Breast (Parenchymal)"	49	"Breast (Parenchymal)"
"RP-1447_ASCProject_0309_BLOOD_P_v2_Exome_OnPrem"	"ASCProject_0309_BLOOD_P"	"Tumor"	"ASCProject_0309"	"DNA"	"BLOOD"	"ASCProject_0309_BLOOD_P"	""	""	NA	""	""	""	""	""	""	"ASCProject_0309"	"Breast (Parenchymal)"	"Breast (Parenchymal)"	"Breast"	""	""	NA	9	"49"	"F"	"BREAST (PARENCHYMAL)"	"RIGHT BREAST"	0	"NO"	0	NA	""	""	""	""	""	""	""	"NOT FOUND IN RECORD"	"NOT FOUND IN RECORD"	"NOT FOUND IN RECORD"	"25"	"1/12/22"	"309_KAISER"	"LS"	"BREAST (PARENCHYMAL)"	0	NA	"309"	"DIAGNOSED"	49.52328767	"BREAST"	""	""	""	"BREAST"	""	""	""	"BREAST"	""	""	""	"NO"	""	"NO"	""	"Doxorubicin (Adriamycin) and Lartruvo (Olaratumab), Propranolol"	"YES"	"Doxorubicin (Adriamycin) and Lartruvo (Olaratumab), Propranolol"	"NO"	""	"NO"	""	"On-line research"	""	"NO"	"WHITE"	""	""	""	""	""	""	""	""	""	""	""	""	""	""	""	""	"6/5/68"	"True"	49	"BREAST (PARENCHYMAL)"	"Non-RAAS/LAAS"	NA	"ASCProject_0309_BLOOD_P"	49	"Breast (Parenchymal)"	49	"Breast (Parenchymal)"
"RP-1447_ASCProject_0310_SALIVA_v1_Exome_OnPrem"	"ASCProject_0310_SALIVA"	"Normal"	"ASCProject_0310"	"DNA"	""	"ASCProject_0310_SALIVA"	""	""	NA	""	""	""	""	""	""	"ASCProject_0310"	"Breast (NOS)"	"Breast (NOS)"	""	""	""	NA	NA	""	""	""	""	NA	""	NA	NA	""	""	""	""	""	""	""	""	""	""	""	""	""	""	""	NA	NA	"310"	"DIAGNOSED"	74.0109589	"BREAST"	""	""	""	"BREAST"	""	""	""	"DK"	""	""	""	"YES"	"YES"	"NO"	""	"None"	"YES"	"Unknown"	"YES"	"Lobular Breast Cancer;2012|Ductile Breast Cancer;2012"	"YES"	"Both breasts"	"From a relative doing research"	"Diagnosed five years after original breast cancer diagnosis. Had chemo and radiation in 2012."	"NO"	"WHITE"	""	""	""	""	""	""	""	""	""	""	""	""	""	""	""	""	"1/16/44"	"False"	74.0109589	"BREAST (NOS)"	""	NA	"ASCProject_0310_SALIVA"	74.0109589	"Breast (NOS)"	74.0109589	"Breast (NOS)"
"RP-1447_ASCProject_0321_BLOOD_BC_v1_Exome_OnPrem"	"ASCProject_0321_BLOOD_BC"	"Normal"	"ASCProject_0321"	"DNA"	""	"ASCProject_0321_BLOOD_BC"	""	""	NA	""	""	""	""	""	""	"ASCProject_0321"	"Extremities"	"Lower Extremity"	"Leg"	""	""	NA	7	"67"	"F"	"SKIN-CUTANEOUS (ASSOCIATED WITH LYMPHEDEMA)"	"RIGHT FORELEG"	0	"YES"	1	NA	"NOT FOUND IN RECORD"	"NOT FOUND IN RECORD"	"NOT FOUND IN RECORD"	"NOT FOUND IN RECORD"	"NOT FOUND IN RECORD"	"NOT FOUND IN RECORD"	"NOT FOUND IN RECORD"	"NOT FOUND IN RECORD"	"NOT FOUND IN RECORD"	"NOT FOUND IN RECORD"	"39"	"4/7/21"	"321_LeeMemorial_manual"	"IS"	"EXTREMITY"	1	NA	"321"	"DIAGNOSED"	67.16986301	"OTHER"	""	""	"Right leg"	"OTHER"	""	""	"Right leg"	"OTHER"	""	""	"Right leg"	"YES"	"NO"	"NO"	""	"Taxol, 8 rounds"	"YES"	"Chemotherapy, 8 weeks of Taxol.  I have completed 4. Had amputation of my lower right leg on June 15, 2018"	"NO"	""	"NO"	""	"Internet, through the Angiosarcoma group on Facebook"	"Being treated at MD Anderson.  I have congenital Lymphedema  (Park Weber Syndrome). This results in Lymphedema on the entire right side of my body, arm and leg)"	"NO"	"WHITE"	""	""	""	""	""	""	""	""	""	""	""	""	""	""	""	""	"9/17/50"	"True"	67	"BONELIMB"	"LAAS"	NA	"ASCProject_0321_BLOOD_BC"	67	"Extremities"	67	"Extremities"
"RP-1447_ASCProject_0321_BLOOD_P_v1_Exome_OnPrem"	"ASCProject_0321_BLOOD_P"	"Tumor"	"ASCProject_0321"	"DNA"	"BLOOD"	"ASCProject_0321_BLOOD_P"	""	""	309	"BLOOD BIOPSY"	"BLOOD BIOPSY"	""	""	""	""	"ASCProject_0321"	"Extremities"	"Lower Extremity"	"Leg"	""	""	NA	7	"67"	"F"	"SKIN-CUTANEOUS (ASSOCIATED WITH LYMPHEDEMA)"	"RIGHT FORELEG"	0	"YES"	1	NA	"NOT FOUND IN RECORD"	"NOT FOUND IN RECORD"	"NOT FOUND IN RECORD"	"NOT FOUND IN RECORD"	"NOT FOUND IN RECORD"	"NOT FOUND IN RECORD"	"NOT FOUND IN RECORD"	"NOT FOUND IN RECORD"	"NOT FOUND IN RECORD"	"NOT FOUND IN RECORD"	"39"	"4/7/21"	"321_LeeMemorial_manual"	"IS"	"EXTREMITY"	1	NA	"321"	"DIAGNOSED"	67.16986301	"OTHER"	""	""	"Right leg"	"OTHER"	""	""	"Right leg"	"OTHER"	""	""	"Right leg"	"YES"	"NO"	"NO"	""	"Taxol, 8 rounds"	"YES"	"Chemotherapy, 8 weeks of Taxol.  I have completed 4. Had amputation of my lower right leg on June 15, 2018"	"NO"	""	"NO"	""	"Internet, through the Angiosarcoma group on Facebook"	"Being treated at MD Anderson.  I have congenital Lymphedema  (Park Weber Syndrome). This results in Lymphedema on the entire right side of my body, arm and leg)"	"NO"	"WHITE"	""	""	""	""	""	""	""	""	""	""	""	""	""	""	""	""	"9/17/50"	"True"	67	"BONELIMB"	"LAAS"	NA	"ASCProject_0321_BLOOD_P"	67	"Extremities"	67	"Extremities"
"RP-1447_ASCProject_0322_SALIVA_v1_Exome_OnPrem"	"ASCProject_0322_SALIVA"	"Normal"	"ASCProject_0322"	"DNA"	""	"ASCProject_0322_SALIVA"	""	""	NA	""	""	""	""	""	""	"ASCProject_0322"	"Breast (NOS)"	"Breast (NOS)"	""	""	""	NA	NA	""	""	""	""	NA	""	NA	NA	""	""	""	""	""	""	""	""	""	""	""	""	""	""	""	NA	NA	"322"	"DIAGNOSED"	70.73150685	"BREAST"	""	""	""	"BREAST"	""	""	""	"LUNG,NED"	""	""	""	"YES"	"YES"	"NO"	""	"Doxorubicin/Latruvo Gemzar/Docetaxel"	"YES"	"Keytruda"	"YES"	"breast cancer Left breast;2005|breast cancer R ;2014"	"YES"	"right side 2014"	"One of the online sarcoma websites"	"I have radiation induced angosarcoma.  It appeard on my right breast as a bruise, but would come and go.  I also had some lumps in my breast which I often showed my doctors, but they said it was just from radiation. They were very painful.  Eventually the bruising became more evident and I had a biopsy after my skin on that breast started to change.  I was diagnosed with grade 3 aggressive Angeoscarcoma.  Surgery was done to remove the breast and surrounding tissue on November 7. All margins neg."	"NO"	"WHITE"	""	""	""	""	""	""	""	""	""	""	""	""	""	""	""	""	"1/25/47"	"False"	70.73150685	"BREAST (NOS)"	""	NA	"ASCProject_0322_SALIVA"	70.73150685	"Breast (NOS)"	70.73150685	"Breast (NOS)"
"RP-1447_ASCProject_0325_SALIVA_v2_Exome_OnPrem"	"ASCProject_0325_SALIVA"	"Normal"	"ASCProject_0325"	"DNA"	""	"ASCProject_0325_SALIVA"	""	""	NA	""	""	""	""	""	""	"ASCProject_0325"	"Extremities"	"Upper Extremity"	"Arm"	"Trunk"	"Trunk"	NA	4	"70"	"F"	"SKIN-CUTANEOUS (ASSOCIATED WITH LYMPHEDEMA)"	"LEFT ARM SKIN"	1	"YES"	1	1	"OTHER (LEFT AXILLA)"	"1187"	""	""	""	""	""	"911"	"TRUNK "	"TRUNK "	"1331"	"1/21/20"	"325_ARIZONAONCOLOGY_1,2,3, 325_CITYOFHOPE_1, 325_SCS_1,2, ASC_325_PATHREPORT, ASC_0325_T1_PATHREPORT, ASC_0325_T2_PATHREPORT"	"QC/AD"	"EXTREMITY"	1	1	"325"	"DIAGNOSED"	70.59726027	"OTHER"	""	""	"Arm between the elbow and shoulder on t0he opposite side of the elbow"	"LUNG,OTHER"	""	""	"Between lungs."	"LUNG,OTHER"	""	""	"Arm.   No longer doing scans but you can feel outwardly that it is spread.  They are pretty sure it's in the lungs but not for suree"	"YES"	"NO"	"YES"	"AFTER"	"Paclitaxel, targeted therapy"	"NO"	""	"YES"	"Breast cancer;1994|Squamas cell minor skin cancer (was removed);2014"	"YES"	"Left Breast, left shoulder, and a speck on the right"	"Angiosarcoma facebook page"	"The doctor is pretty certain I got the angio sarcoma from having lymphadima from my prior breast cancer 24 ish years ago"	"NO"	"WHITE"	""	""	""	""	""	""	""	""	""	""	""	""	""	""	""	""	"7/16/43"	"True"	70	"BONELIMB"	"RAAS & LAAS"	1	"ASCProject_0325_SALIVA"	70	"Extremities"	70	"Extremities"
"RP-1447_ASCProject_0325_T1_v4_Exome_OnPrem"	"ASCProject_0325_T1"	"Tumor"	"ASCProject_0325"	"DNA"	"T1"	"ASCProject_0325_T1"	""	""	64	"SKIN"	"EXCISION"	"YES"	"NO"	"NO"	"LOW"	"ASCProject_0325"	"Extremities"	"Upper Extremity"	"Arm"	"Trunk"	"Trunk"	NA	4	"70"	"F"	"SKIN-CUTANEOUS (ASSOCIATED WITH LYMPHEDEMA)"	"LEFT ARM SKIN"	1	"YES"	1	1	"OTHER (LEFT AXILLA)"	"1187"	""	""	""	""	""	"911"	"TRUNK "	"TRUNK "	"1331"	"1/21/20"	"325_ARIZONAONCOLOGY_1,2,3, 325_CITYOFHOPE_1, 325_SCS_1,2, ASC_325_PATHREPORT, ASC_0325_T1_PATHREPORT, ASC_0325_T2_PATHREPORT"	"QC/AD"	"EXTREMITY"	1	1	"325"	"DIAGNOSED"	70.59726027	"OTHER"	""	""	"Arm between the elbow and shoulder on t0he opposite side of the elbow"	"LUNG,OTHER"	""	""	"Between lungs."	"LUNG,OTHER"	""	""	"Arm.   No longer doing scans but you can feel outwardly that it is spread.  They are pretty sure it's in the lungs but not for suree"	"YES"	"NO"	"YES"	"AFTER"	"Paclitaxel, targeted therapy"	"NO"	""	"YES"	"Breast cancer;1994|Squamas cell minor skin cancer (was removed);2014"	"YES"	"Left Breast, left shoulder, and a speck on the right"	"Angiosarcoma facebook page"	"The doctor is pretty certain I got the angio sarcoma from having lymphadima from my prior breast cancer 24 ish years ago"	"NO"	"WHITE"	""	""	""	""	""	""	""	""	""	""	""	""	""	""	""	""	"7/16/43"	"True"	70	"BONELIMB"	"RAAS & LAAS"	1	"ASCProject_0325_T1"	70	"Extremities"	70	"Extremities"
"RP-1447_ASCProject_0332_SALIVA_v1_Exome_OnPrem"	"ASCProject_0332_SALIVA"	"Normal"	"ASCProject_0332"	"DNA"	""	"ASCProject_0332_SALIVA"	""	""	NA	""	""	""	""	""	""	"ASCProject_0332"	"Breast (Cutaneous)"	"Breast (Cutaneous)"	"Breast"	"Lung"	"Lung"	NA	9	"75"	"F"	"BREAST (CUTANEOUS)"	"LEFT BREAST"	1	"NO"	1	0	""	""	""	""	""	""	""	"150"	"LUNG"	"LUNG"	"3424"	"1/25/22"	"332_DFCI_FULL, ASC_332_BWH_, ASC_332_BWH_PATH, ASC_332_DFCI_FULL, ASC_332_NEWCAANAN_MR_p1-42"	"SS"	"BREAST (CUTANEOUS)"	0	1	"332"	"DIAGNOSED"	75.75616438	"BREAST"	""	""	""	"LUNG"	""	""	""	"NED"	""	""	""	"YES"	"YES"	"NO"	""	"taxol"	"NO"	""	"YES"	"Breast Cancer ?DCIS? Tubular CA ;2000"	"YES"	"radiation 40 guy to left breast after lumpectomy  which was repeated in Norwalk CT at behest of consult Seidman at MSK in NYC. bc of broken sample)"	"Through Suzanne George at DFCI"	"I am an 85 yo psychiatrist still NED (alive and well) 9.5 yrs after diagnosis of radiation-induced angiosarcoma metastatic (one nodule) to RIGHT lung resected July 2009.  This was followed by 2 years of 3x month infusions of Taxol.  Energetic by nature I undertook regular gym-going, lifting 9 million lbs before the computer-connected strength machines were replaced.  And I kept on treating long-time patients.  After my initial inappropriate treatment at MSK I quickly went to DFCI and am alive."	"NO"	"WHITE"	""	""	""	""	""	""	""	""	""	""	""	""	""	""	""	""	"4/19/33"	"True"	75	"BREAST (CUTANEOUS)"	"RAAS"	1	"ASCProject_0332_SALIVA"	75	"Breast (Cutaneous)"	75	"Breast (Cutaneous)"
"RP-1447_ASCProject_0335_BLOOD_BC_v1_Exome_OnPrem"	"ASCProject_0335_BLOOD_BC"	"Normal"	"ASCProject_0335"	"DNA"	""	"ASCProject_0335_BLOOD_BC"	""	""	NA	""	""	""	""	""	""	"ASCProject_0335"	"HNFS"	"HNFS"	"Temple"	"Lung"	"Lung"	NA	3	"35"	"F"	"HNFS"	"RIGHT TEMPLE"	0	"NO"	1	0	""	""	""	""	""	""	""	"89"	"LUNG "	"LUNG"	"314"	"1/10/20"	"ASC_335_BARNESJEWISH_FULL, ASC_335_MEMORIAL_NEW, ASC_335_SLU_PATH.REPORT, ASC_335_WASHU"	"AD"	"HNFS"	0	1	"335"	"DIAGNOSED"	35.41643836	"HEADFACENECK"	""	""	""	"HEADFACENECK,LUNG"	""	""	""	"LUNG"	""	""	""	"YES"	"YES"	"NO"	""	""	"NO"	""	"NO"	""	"NO"	""	"Dr. Brian Van Tine"	"My daughter hit me on my head with my cell phone during my sleep in May 2014. After consistent pain for 3 years, a solid nodule appeared. Then more growth under my right top cheek bone started growing. Wondering if angiosarcoma is caused by trauma. My doctor said it is already there, but just want to mention it."	"NO"	"CHINESE"	""	""	""	""	""	""	""	""	""	""	""	""	""	""	""	""	"1/9/83"	"True"	35	"HNFS"	"Non-RAAS/LAAS"	1	"ASCProject_0335_BLOOD_BC"	35	"HNFS"	35	"HNFS"
"RP-1447_ASCProject_0335_BLOOD_P_v1_Exome_OnPrem"	"ASCProject_0335_BLOOD_P"	"Tumor"	"ASCProject_0335"	"DNA"	"BLOOD"	"ASCProject_0335_BLOOD_P"	""	""	199	"BLOOD BIOPSY"	"BLOOD BIOPSY"	""	""	""	""	"ASCProject_0335"	"HNFS"	"HNFS"	"Temple"	"Lung"	"Lung"	NA	3	"35"	"F"	"HNFS"	"RIGHT TEMPLE"	0	"NO"	1	0	""	""	""	""	""	""	""	"89"	"LUNG "	"LUNG"	"314"	"1/10/20"	"ASC_335_BARNESJEWISH_FULL, ASC_335_MEMORIAL_NEW, ASC_335_SLU_PATH.REPORT, ASC_335_WASHU"	"AD"	"HNFS"	0	1	"335"	"DIAGNOSED"	35.41643836	"HEADFACENECK"	""	""	""	"HEADFACENECK,LUNG"	""	""	""	"LUNG"	""	""	""	"YES"	"YES"	"NO"	""	""	"NO"	""	"NO"	""	"NO"	""	"Dr. Brian Van Tine"	"My daughter hit me on my head with my cell phone during my sleep in May 2014. After consistent pain for 3 years, a solid nodule appeared. Then more growth under my right top cheek bone started growing. Wondering if angiosarcoma is caused by trauma. My doctor said it is already there, but just want to mention it."	"NO"	"CHINESE"	""	""	""	""	""	""	""	""	""	""	""	""	""	""	""	""	"1/9/83"	"True"	35	"HNFS"	"Non-RAAS/LAAS"	1	"ASCProject_0335_BLOOD_P"	35	"HNFS"	35	"HNFS"
"RP-1447_ASCProject_0340_SALIVA_v2_Exome_OnPrem"	"ASCProject_0340_SALIVA"	"Normal"	"ASCProject_0340"	"DNA"	""	"ASCProject_0340_SALIVA"	""	""	NA	""	""	""	""	""	""	"ASCProject_0340"	"HNFS"	"HNFS"	"Scalp"	"No Mets"	"No Mets"	NA	3	"87"	"M"	"HNFS"	"SCALP"	0	"NO"	1	1	"HNFS"	"87"	""	""	""	""	""	""	"NO METS"	"NO METS"	"1065"	"7/15/21"	"340_ROANOKE, ASC_340_BLUERIDGE_1-29, ASC_340_CARILLION_30-58, ASC_340_CRILLIONCLINIC_19-29, ASC_340_RMH, ASC_340_BlueRidgeCancerCenter, ASC_0340_T1_PathReport, ASC_0340_T1_SK"	"IS"	"HNFS"	0	0	"340"	"DIAGNOSED"	87.17260274	"SCALP"	""	""	""	"SCALP"	""	""	""	"NED"	""	""	""	"YES"	"YES"	"YES"	"AFTER"	"Switched from toprol to propranolol in July 2017"	"NO"	""	"NO"	""	"NO"	""	"Facebook"	""	"NO"	"WHITE"	""	""	""	""	""	""	""	""	""	""	""	""	""	""	""	""	"10/21/29"	"True"	87	"HNFS"	"Non-RAAS/LAAS"	0	"ASCProject_0340_SALIVA"	87	"HNFS"	87	"HNFS"
"RP-1447_ASCProject_0340_T1_v2_Exome_OnPrem"	"ASCProject_0340_T1"	"Tumor"	"ASCProject_0340"	"DNA"	"T1"	"ASCProject_0340_T1"	""	""	42	"HEADFACENECKSCALP"	"REEXCISION"	"YES"	"NO"	"YES"	"HIGH"	"ASCProject_0340"	"HNFS"	"HNFS"	"Scalp"	"No Mets"	"No Mets"	NA	3	"87"	"M"	"HNFS"	"SCALP"	0	"NO"	1	1	"HNFS"	"87"	""	""	""	""	""	""	"NO METS"	"NO METS"	"1065"	"7/15/21"	"340_ROANOKE, ASC_340_BLUERIDGE_1-29, ASC_340_CARILLION_30-58, ASC_340_CRILLIONCLINIC_19-29, ASC_340_RMH, ASC_340_BlueRidgeCancerCenter, ASC_0340_T1_PathReport, ASC_0340_T1_SK"	"IS"	"HNFS"	0	0	"340"	"DIAGNOSED"	87.17260274	"SCALP"	""	""	""	"SCALP"	""	""	""	"NED"	""	""	""	"YES"	"YES"	"YES"	"AFTER"	"Switched from toprol to propranolol in July 2017"	"NO"	""	"NO"	""	"NO"	""	"Facebook"	""	"NO"	"WHITE"	""	""	""	""	""	""	""	""	""	""	""	""	""	""	""	""	"10/21/29"	"True"	87	"HNFS"	"Non-RAAS/LAAS"	0	"ASCProject_0340_T1"	87	"HNFS"	87	"HNFS"
"RP-1447_ASCProject_0341_SALIVA_v1_Exome_OnPrem"	"ASCProject_0341_SALIVA"	"Normal"	"ASCProject_0341"	"DNA"	""	"ASCProject_0341_SALIVA"	""	""	NA	""	""	""	""	""	""	"ASCProject_0341"	"Breast (Cutaneous)"	"Breast (Cutaneous)"	"Breast"	"Lung"	"Lung"	NA	9	"71"	"F"	"BREAST (CUTANEOUS)"	"LEFT BREAST"	1	"NO"	1	0	""	""	""	""	""	""	""	""	"NO METS"	"NO METS"	"1009"	"1/26/22"	"ASC_0341_T1, ASC_341_WashU_full"	"IS"	"BREAST (CUTANEOUS)"	0	0	"341"	"DIAGNOSED"	71.24657534	"BREAST"	""	""	""	"BREAST"	""	""	""	"NED"	""	""	""	"YES"	"YES"	"YES"	"BEFORE"	"Taxol"	"NO"	""	"YES"	"Breast cancer;2011"	"YES"	"Breast---mamo site radiation"	"Dr. Brian Van Tine"	""	"NO"	"WHITE"	""	""	""	""	""	""	""	""	""	""	""	""	""	""	""	""	"2/18/45"	"True"	71	"BREAST (CUTANEOUS)"	"RAAS"	0	"ASCProject_0341_SALIVA"	71	"Breast (Cutaneous)"	71	"Breast (Cutaneous)"
"RP-1447_ASCProject_0342_SALIVA_v1_Exome_OnPrem"	"ASCProject_0342_SALIVA"	"Normal"	"ASCProject_0342"	"DNA"	""	"ASCProject_0342_SALIVA"	""	""	NA	""	""	""	""	""	""	"ASCProject_0342"	"Breast (Parenchymal)"	"Breast (Parenchymal)"	"Breast"	"Lung"	"Lung, Liver"	NA	3	"41"	"F"	"BREAST (PARENCHYMAL)"	"RIGHT BREAST"	0	"NO"	0	0	""	""	""	""	""	""	""	"373"	"LUNG"	"LUNG, LIVER"	"1229"	"8/9/22"	"342_MANATEE_60-90, 342_MANATEEMEMORIALHOSPITAL_29-59, MOFFITT_1-52OF114, 342_WEST COAST OBGYN_PT1, 342_WESTCOASTPT2, 342_ANATEEMEMORIALHOSPITAL_1-28, 342_MANATEEMEMORIALHOSPITAL_91, T1_PATHEPORT, 342_T1342_WESTOASTOBGYN_FULL, 342_MR_Manatee-Memorial-Hospital, 342_MR_West-Coast-OBGYN, 342_West-Coast-OBGYN_MolecularReport, 342_West-Coast-OBGYN_Molecular-Tests-and-Images,  ASC_342_Moffit_UpdatedMR(1)_04122022"	"BT"	"BREAST (PARENCHYMAL)"	0	1	"342"	"DIAGNOSED"	41.0630137	"BREAST"	""	""	""	"BREAST"	""	""	""	"NED"	""	""	""	"YES"	"YES"	"YES"	"AFTER"	""	"YES"	""	"NO"	""	"NO"	""	"Fb sarcona alliance"	""	"NO"	"OTHER_EAST_ASIAN,WHITE"	""	""	""	""	""	""	""	""	""	""	""	""	""	""	""	""	"1/19/77"	"True"	41	"BREAST (PARENCHYMAL)"	"Non-RAAS/LAAS"	2	"ASCProject_0342_SALIVA"	41	"Breast (Parenchymal)"	41	"Breast (Parenchymal)"
"RP-1447_ASCProject_0342_T1_v1_Exome_OnPrem"	"ASCProject_0342_T1"	"Tumor"	"ASCProject_0342"	"DNA"	"T1"	"ASCProject_0342_T1"	""	""	41	"BREAST"	"mastectomy"	"YES (FOCAL)"	"NO"	"YES"	"HIGH"	"ASCProject_0342"	"Breast (Parenchymal)"	"Breast (Parenchymal)"	"Breast"	"Lung"	"Lung, Liver"	NA	3	"41"	"F"	"BREAST (PARENCHYMAL)"	"RIGHT BREAST"	0	"NO"	0	0	""	""	""	""	""	""	""	"373"	"LUNG"	"LUNG, LIVER"	"1229"	"8/9/22"	"342_MANATEE_60-90, 342_MANATEEMEMORIALHOSPITAL_29-59, MOFFITT_1-52OF114, 342_WEST COAST OBGYN_PT1, 342_WESTCOASTPT2, 342_ANATEEMEMORIALHOSPITAL_1-28, 342_MANATEEMEMORIALHOSPITAL_91, T1_PATHEPORT, 342_T1342_WESTOASTOBGYN_FULL, 342_MR_Manatee-Memorial-Hospital, 342_MR_West-Coast-OBGYN, 342_West-Coast-OBGYN_MolecularReport, 342_West-Coast-OBGYN_Molecular-Tests-and-Images,  ASC_342_Moffit_UpdatedMR(1)_04122022"	"BT"	"BREAST (PARENCHYMAL)"	0	1	"342"	"DIAGNOSED"	41.0630137	"BREAST"	""	""	""	"BREAST"	""	""	""	"NED"	""	""	""	"YES"	"YES"	"YES"	"AFTER"	""	"YES"	""	"NO"	""	"NO"	""	"Fb sarcona alliance"	""	"NO"	"OTHER_EAST_ASIAN,WHITE"	""	""	""	""	""	""	""	""	""	""	""	""	""	""	""	""	"1/19/77"	"True"	41	"BREAST (PARENCHYMAL)"	"Non-RAAS/LAAS"	2	"ASCProject_0342_T1"	41	"Breast (Parenchymal)"	41	"Breast (Parenchymal)"
"RP-1447_ASCProject_0343_BLOOD_BC_v1_Exome_OnPrem"	"ASCProject_0343_BLOOD_BC"	"Normal"	"ASCProject_0343"	"DNA"	""	"ASCProject_0343_BLOOD_BC"	""	""	NA	""	""	""	""	""	""	"ASCProject_0343"	"Heart"	"Heart"	"Lung"	"Lung"	"Lung, Bone, Liver, Visceral Organ"	NA	3	"34"	"F"	"CARDIAC"	"RIGHT LUNG"	0	"NO"	0	0	""	""	""	""	""	""	""	"0"	"LUNG"	"LUNG, BONE, LIVER, VISCERAL ORGAN"	"339"	"1/14/19"	"ASC_343_BWH, ASC_343_DFCI_FULL"	"SS"	"CARDIAC"	0	1	"343"	"DIAGNOSED"	34.9260274	"HEART,LUNG"	""	""	""	"HEART,LUNG"	""	""	""	"HEART,LUNG"	""	""	""	"NO"	""	"NO"	""	"Taxol, Gemcitabine, Docetaxol, Dexamethasone, Benedryl, Zofran, Regglan"	"YES"	"Chemotherapy (Gemcitabine and Docetaxol)"	"NO"	""	"NO"	""	"From Corrie Painter"	"I was pregnant when I was diagnosed, so my treatment was different (Taxol) during pregnancy than postpartum (gemcitabine and docetaxol).  My treatment was also interrupted for the birth of my son for about a month (because I had a c-section).

I also had a benign phalloydes tumor of the breast (a type of cystosarcoma tumor), 13 years before I was diagnosed with angiosarcoma. 

I also have essential thrombocythemia, a blood/ bone marrow disorder in which my body creates too many platelets."	"NO"	"WHITE"	""	""	""	""	""	""	""	""	""	""	""	""	""	""	""	""	"5/7/83"	"True"	34	"HEART"	"Non-RAAS/LAAS"	4	"ASCProject_0343_BLOOD_BC"	34	"Heart"	34	"Heart"
"RP-1447_ASCProject_0343_BLOOD_P_v1_Exome_OnPrem"	"ASCProject_0343_BLOOD_P"	"Tumor"	"ASCProject_0343"	"DNA"	"BLOOD"	"ASCProject_0343_BLOOD_P"	""	""	155	"BLOOD BIOPSY"	"BLOOD BIOPSY"	""	""	""	""	"ASCProject_0343"	"Heart"	"Heart"	"Lung"	"Lung"	"Lung, Bone, Liver, Visceral Organ"	NA	3	"34"	"F"	"CARDIAC"	"RIGHT LUNG"	0	"NO"	0	0	""	""	""	""	""	""	""	"0"	"LUNG"	"LUNG, BONE, LIVER, VISCERAL ORGAN"	"339"	"1/14/19"	"ASC_343_BWH, ASC_343_DFCI_FULL"	"SS"	"CARDIAC"	0	1	"343"	"DIAGNOSED"	34.9260274	"HEART,LUNG"	""	""	""	"HEART,LUNG"	""	""	""	"HEART,LUNG"	""	""	""	"NO"	""	"NO"	""	"Taxol, Gemcitabine, Docetaxol, Dexamethasone, Benedryl, Zofran, Regglan"	"YES"	"Chemotherapy (Gemcitabine and Docetaxol)"	"NO"	""	"NO"	""	"From Corrie Painter"	"I was pregnant when I was diagnosed, so my treatment was different (Taxol) during pregnancy than postpartum (gemcitabine and docetaxol).  My treatment was also interrupted for the birth of my son for about a month (because I had a c-section).

I also had a benign phalloydes tumor of the breast (a type of cystosarcoma tumor), 13 years before I was diagnosed with angiosarcoma. 

I also have essential thrombocythemia, a blood/ bone marrow disorder in which my body creates too many platelets."	"NO"	"WHITE"	""	""	""	""	""	""	""	""	""	""	""	""	""	""	""	""	"5/7/83"	"True"	34	"HEART"	"Non-RAAS/LAAS"	4	"ASCProject_0343_BLOOD_P"	34	"Heart"	34	"Heart"
"RP-1447_ASCProject_0345_SALIVA_v1_Exome_OnPrem"	"ASCProject_0345_SALIVA"	"Normal"	"ASCProject_0345"	"DNA"	""	"ASCProject_0345_SALIVA"	""	""	NA	""	""	""	""	""	""	"ASCProject_0345"	"Breast (Cutaneous)"	"Breast (Cutaneous)"	"Breast Skin"	"No Mets"	"No Mets"	NA	3	"67"	"F"	"BREAST (CUTANEOUS)"	"LEFT BREAST SKIN"	1	"NO"	1	0	""	""	""	""	""	""	""	""	"NO METS"	"NO METS"	"1733"	"6/23/21"	"345_Sylvester_1-27, 345_Sylvester_27-29, ASC_345_p1-3_part 5, ASC_345_p1-4_part 2, ASC_345_p1-35_part 1, ASC_345_p1-42_part 4, ASC_345_p1-43_part 3, ASC_345_cancer_healthcare_1, ASC_345_Cancer_healthcare_2, ASC_0345_T1_PathReport, ASC_0345_T1_SK"	"IS"	"BREAST (CUTANEOUS)"	0	0	"345"	"DIAGNOSED"	67.06849315	"BREAST"	""	""	""	"BREAST"	""	""	""	"NED"	""	""	""	"YES"	"YES"	"NO"	""	"Chemo - taxol and another"	"YES"	"Blood work and ct scan w/without contrast twice year"	"YES"	"Breast cancer in ductu situ ;2002"	"YES"	"Breast cancer"	"Searching on line for updates on angiosarcoma"	"I‚Äôve been cancer free now for almost 5 years but concerned with survival rate of disease."	"NO"	"WHITE"	""	""	""	""	""	""	""	""	""	""	""	""	""	""	""	""	"8/24/46"	"True"	67	"BREAST (CUTANEOUS)"	"RAAS"	0	"ASCProject_0345_SALIVA"	67	"Breast (Cutaneous)"	67	"Breast (Cutaneous)"
"RP-1447_ASCProject_0351_BLOOD_BC_v1_Exome_OnPrem"	"ASCProject_0351_BLOOD_BC"	"Normal"	"ASCProject_0351"	"DNA"	""	"ASCProject_0351_BLOOD_BC"	""	""	NA	""	""	""	""	""	""	"ASCProject_0351"	"HNFS"	"HNFS"	"Nose"	"No Mets"	"No Mets"	NA	3	"61"	"M"	"HNFS"	"NOSE"	0	"NO"	1	0	""	""	""	""	""	""	""	""	"NO METS"	"NO METS"	"87"	"1/16/19"	"ASC_SURGICALCOLORADO_PART1, 351_PORTER, ASC_031_PATHREPORT, ASC_351_PORTER_2, ASC_351_REDROCKS"	"SS"	"HNFS"	0	0	"351"	"DIAGNOSED"	61.49041096	"HEADFACENECK"	""	""	""	"HEADFACENECK"	""	""	""	"HEADFACENECK"	""	""	""	"YES"	"YES"	"NO"	""	"None."	"YES"	"Had tumor removal surgery on 8/8/18.  Just starting reconstruction surgery on 8/24/2018.  Will start radiation therapy after that heals."	"YES"	"Severe pre-cancerous basal cells on back.;2015"	"NO"	""	"Angiosarcoma Awarenes, Inc. web site."	"The AS first manifested itself as a small bump on side of nose, with some scaly skin surface, in March 2018. I went to my dermatologist specifically to have it looked at, but he did not think it significant and just applied Liquid Nitrogen to burn off the scaly skin cells.  Skin biopsy was performed in late June 2018 when I went back to the dermatologist for a 2nd look when the lesion did not go away, but rather grew!"	"NO"	"WHITE"	""	""	""	""	""	""	""	""	""	""	""	""	""	""	""	""	"1/18/57"	"True"	61	"HNFS"	"Non-RAAS/LAAS"	0	"ASCProject_0351_BLOOD_BC"	61	"HNFS"	61	"HNFS"
"RP-1447_ASCProject_0351_BLOOD_P_v1_Exome_OnPrem"	"ASCProject_0351_BLOOD_P"	"Tumor"	"ASCProject_0351"	"DNA"	"BLOOD"	"ASCProject_0351_BLOOD_P"	""	""	88	"BLOOD BIOPSY"	"BLOOD BIOPSY"	""	""	""	""	"ASCProject_0351"	"HNFS"	"HNFS"	"Nose"	"No Mets"	"No Mets"	NA	3	"61"	"M"	"HNFS"	"NOSE"	0	"NO"	1	0	""	""	""	""	""	""	""	""	"NO METS"	"NO METS"	"87"	"1/16/19"	"ASC_SURGICALCOLORADO_PART1, 351_PORTER, ASC_031_PATHREPORT, ASC_351_PORTER_2, ASC_351_REDROCKS"	"SS"	"HNFS"	0	0	"351"	"DIAGNOSED"	61.49041096	"HEADFACENECK"	""	""	""	"HEADFACENECK"	""	""	""	"HEADFACENECK"	""	""	""	"YES"	"YES"	"NO"	""	"None."	"YES"	"Had tumor removal surgery on 8/8/18.  Just starting reconstruction surgery on 8/24/2018.  Will start radiation therapy after that heals."	"YES"	"Severe pre-cancerous basal cells on back.;2015"	"NO"	""	"Angiosarcoma Awarenes, Inc. web site."	"The AS first manifested itself as a small bump on side of nose, with some scaly skin surface, in March 2018. I went to my dermatologist specifically to have it looked at, but he did not think it significant and just applied Liquid Nitrogen to burn off the scaly skin cells.  Skin biopsy was performed in late June 2018 when I went back to the dermatologist for a 2nd look when the lesion did not go away, but rather grew!"	"NO"	"WHITE"	""	""	""	""	""	""	""	""	""	""	""	""	""	""	""	""	"1/18/57"	"True"	61	"HNFS"	"Non-RAAS/LAAS"	0	"ASCProject_0351_BLOOD_P"	61	"HNFS"	61	"HNFS"
"RP-1447_ASCProject_0353_BLOOD_BC_v1_Exome_OnPrem"	"ASCProject_0353_BLOOD_BC"	"Normal"	"ASCProject_0353"	"DNA"	""	"ASCProject_0353_BLOOD_BC"	""	""	NA	""	""	""	""	""	""	"ASCProject_0353"	"Other Rare Sites"	"Brain"	"Brain"	"No Mets"	"No Mets"	NA	12	"68"	"F"	"OTHER[BRAIN]"	"BRAIN"	0	"NO"	0	1	"OTHER[BRAIN]"	"0"	""	""	""	""	""	""	"NOT METS"	"NO METS"	"721"	"3/25/23"	"ASC_PRJCV3_SpringfieldNeuro_OCR.pdf, ASC_353_BJH_follow up.pdf, ASC_353_BARNES_2-9.pdf"	"OA"	"OTHER"	0	0	"353"	"DIAGNOSED"	68.7890411	"BRAIN"	""	""	""	"BRAIN"	""	""	""	"BRAIN"	""	""	""	"YES"	"YES"	"YES"	"AFTER"	"none"	"NO"	""	"YES"	"Epitheloid hemangiothelioma (low-grade angiosarcoma;2018"	""	""	"From Carrie Painter"	"Had first brain tumor removed 11/16/13 and second brain tumor removed 3/6/2018."	"NO"	"WHITE"	""	""	""	""	""	""	""	""	""	""	""	""	""	""	""	""	"6/3/49"	"True"	68	"OTHER"	"Non-RAAS/LAAS"	0	"ASCProject_0353_BLOOD_BC"	68	"Other Rare Sites"	68	"Other Rare Sites"
"RP-1447_ASCProject_0353_BLOOD_P_v1_Exome_OnPrem"	"ASCProject_0353_BLOOD_P"	"Tumor"	"ASCProject_0353"	"DNA"	"BLOOD"	"ASCProject_0353_BLOOD_P"	""	""	203	"BLOOD BIOPSY"	"BLOOD BIOPSY"	""	""	""	""	"ASCProject_0353"	"Other Rare Sites"	"Brain"	"Brain"	"No Mets"	"No Mets"	NA	12	"68"	"F"	"OTHER[BRAIN]"	"BRAIN"	0	"NO"	0	1	"OTHER[BRAIN]"	"0"	""	""	""	""	""	""	"NOT METS"	"NO METS"	"721"	"3/25/23"	"ASC_PRJCV3_SpringfieldNeuro_OCR.pdf, ASC_353_BJH_follow up.pdf, ASC_353_BARNES_2-9.pdf"	"OA"	"OTHER"	0	0	"353"	"DIAGNOSED"	68.7890411	"BRAIN"	""	""	""	"BRAIN"	""	""	""	"BRAIN"	""	""	""	"YES"	"YES"	"YES"	"AFTER"	"none"	"NO"	""	"YES"	"Epitheloid hemangiothelioma (low-grade angiosarcoma;2018"	""	""	"From Carrie Painter"	"Had first brain tumor removed 11/16/13 and second brain tumor removed 3/6/2018."	"NO"	"WHITE"	""	""	""	""	""	""	""	""	""	""	""	""	""	""	""	""	"6/3/49"	"True"	68	"OTHER"	"Non-RAAS/LAAS"	0	"ASCProject_0353_BLOOD_P"	68	"Other Rare Sites"	68	"Other Rare Sites"
"RP-1447_ASCProject_0355_SALIVA_v1_Exome_OnPrem"	"ASCProject_0355_SALIVA"	"Normal"	"ASCProject_0355"	"DNA"	""	"ASCProject_0355_SALIVA"	""	""	NA	""	""	""	""	""	""	"ASCProject_0355"	"HNFS"	"HNFS"	"Scalp"	""	""	NA	12	"51"	"M"	"HNFS"	"SCALP"	0	"NO"	1	NA	""	""	""	""	""	""	""	""	"NOT FOUND IN RECORD"	"NOT FOUND IN RECORD"	"286"	"3/10/23"	"ASC_355_UCLA_FULL.pdf, ASC_355_UCLA.pdf"	"OA"	"HNFS"	0	NA	"355"	"DIAGNOSED"	52.04109589	"SCALP"	""	""	""	"SCALP"	""	""	""	"SCALP"	""	""	""	"NO"	""	"NO"	""	"Doxorubicin Liposomal - 1 time a month for 3 months"	"YES"	"Current on month 2 of chemo. Next treatment in 2.5 weeks, then Next step is meet with surgeon and radiation specialist for next steps, based on last visit - surgery maybe yes, maybe no, but i anticipate radiation or additional chemotherapy"	"NO"	""	"NO"	""	"Internet"	"Came up as a small scab, and the popped up as a blood vessel that looked like a zit.  1st biopsy was incorrect - ie Pre Cancerous cells,  the biopsy did not heal and when redone was AS, and was reconfirmed as AS by UCLA"	"NO"	"WHITE"	""	""	""	""	""	""	""	""	""	""	""	""	""	""	""	""	"6/29/66"	"True"	51	"HNFS"	"Non-RAAS/LAAS"	NA	"ASCProject_0355_SALIVA"	51	"HNFS"	51	"HNFS"
"RP-1447_ASCProject_0356_SALIVA_v1_Exome_OnPrem"	"ASCProject_0356_SALIVA"	"Normal"	"ASCProject_0356"	"DNA"	""	"ASCProject_0356_SALIVA"	""	""	NA	""	""	""	""	""	""	"ASCProject_0356"	"Breast (Cutaneous)"	"Breast (Cutaneous)"	"Breast"	"Abdomen and Pelvis"	"Abdomen and Pelvis"	NA	6	"57"	"F"	"BREAST (CUTANEOUS)"	"RIGHT BREAST"	1	"NO"	1	0	""	""	""	""	""	""	""	"360"	"OTHER [PERITONEAL CAVITY]"	"OTHER [PERITONEAL CAVITY]"	"373"	"6/4/21"	"ASC_356_PROLIANCE_A, B, ASC_0356_T2_PATHREPORT, ASC_356_T2_SK_OCR, ASC_PY8QY9_SWEDISH"	"IS"	"BREAST (CUTANEOUS)"	0	1	"356"	"DIAGNOSED"	57.56164384	"BREAST"	""	""	""	"BREAST"	""	""	""	"BREAST"	""	""	""	"YES"	"YES"	"NO"	""	"Surgery, looking to do a 2nd surgery now, Doxorubicin, Taxol, Aloxi"	"YES"	"only Surgery to removed all left over radiated skin/deep tissue"	"YES"	"breast cancer ;2008"	"YES"	"breast/arm pit"	"researcher friend"	"After treatment my angioscarcoma has come back surgery and chemo did not work. My oncologist tells me there are no more chemo ect. treatments that would work. gave me 6 months to live and to do another surgery it may get me a year to live. very desperate for more ways to treat so can live longest"	"NO"	"WHITE"	""	""	""	""	""	""	""	""	""	""	""	""	""	""	""	""	"6/24/60"	"True"	57	"BREAST (CUTANEOUS)"	"RAAS"	1	"ASCProject_0356_SALIVA"	57	"Breast (Cutaneous)"	57	"Breast (Cutaneous)"
"RP-1447_ASCProject_0356_T2_v1_Exome_OnPrem"	"ASCProject_0356_T2"	"Tumor"	"ASCProject_0356"	"DNA"	"T2"	"ASCProject_0356_T2"	""	""	287	"CHEST"	"Excision"	"YES (FOCAL)"	"YES"	"YES"	"HIGH"	"ASCProject_0356"	"Breast (Cutaneous)"	"Breast (Cutaneous)"	"Breast"	"Abdomen and Pelvis"	"Abdomen and Pelvis"	NA	6	"57"	"F"	"BREAST (CUTANEOUS)"	"RIGHT BREAST"	1	"NO"	1	0	""	""	""	""	""	""	""	"360"	"OTHER [PERITONEAL CAVITY]"	"OTHER [PERITONEAL CAVITY]"	"373"	"6/4/21"	"ASC_356_PROLIANCE_A, B, ASC_0356_T2_PATHREPORT, ASC_356_T2_SK_OCR, ASC_PY8QY9_SWEDISH"	"IS"	"BREAST (CUTANEOUS)"	0	1	"356"	"DIAGNOSED"	57.56164384	"BREAST"	""	""	""	"BREAST"	""	""	""	"BREAST"	""	""	""	"YES"	"YES"	"NO"	""	"Surgery, looking to do a 2nd surgery now, Doxorubicin, Taxol, Aloxi"	"YES"	"only Surgery to removed all left over radiated skin/deep tissue"	"YES"	"breast cancer ;2008"	"YES"	"breast/arm pit"	"researcher friend"	"After treatment my angioscarcoma has come back surgery and chemo did not work. My oncologist tells me there are no more chemo ect. treatments that would work. gave me 6 months to live and to do another surgery it may get me a year to live. very desperate for more ways to treat so can live longest"	"NO"	"WHITE"	""	""	""	""	""	""	""	""	""	""	""	""	""	""	""	""	"6/24/60"	"True"	57	"BREAST (CUTANEOUS)"	"RAAS"	1	"ASCProject_0356_T2"	57	"Breast (Cutaneous)"	57	"Breast (Cutaneous)"
"RP-1447_ASCProject_0357_SALIVA_2_v2_Exome_OnPrem"	"ASCProject_0357_SALIVA_2"	"Normal"	"ASCProject_0357"	"DNA"	""	"ASCProject_0357_SALIVA_2"	""	""	NA	""	""	""	""	""	""	"ASCProject_0357"	"Musculoskeletal"	"Mediastinum"	"Mediastinum"	"No Mets"	"No Mets"	NA	3	"62"	"M"	"OTHER (MEDIASTINUM)"	"MEDIASTINUM"	0	"NO"	0	0	""	""	""	""	""	""	""	""	"NO METS"	"NO METS"	"94"	"1/14/20"	"357_DFCI_FULL, ASC_357_T1_SK, ASC_357_YALE"	"QC/AD"	"OTHER"	0	0	"357"	"DIAGNOSED"	62.28219178	"OTHER"	""	""	"Chest"	"OTHER"	""	""	"Chest only"	"OTHER"	""	""	"Chest only"	"YES"	"YES"	"YES"	"AFTER"	"Have not had chemotherapy at this point."	"YES"	"Starting radiation on 9/27/18"	"NO"	""	"NO"	""	"Pod Cast"	"A mass was found by coincidence in my mediastinum I was asymptomatic.  The mass was removed and the pathology report indicates that a portion of a teratoma had changed to an angiosarcoma. I am under the care of Dr. Andrew Wagner and Dr. Miranda Lam at Dana Farber."	"NO"	"WHITE"	""	""	""	""	""	""	""	""	""	""	""	""	""	""	""	""	"5/5/56"	"True"	62	"OTHER"	"Non-RAAS/LAAS"	0	"ASCProject_0357_SALIVA_2"	62	"Musculoskeletal"	62	"Musculoskeletal"
"RP-1447_ASCProject_0357_T1_v2_Exome_OnPrem"	"ASCProject_0357_T1"	"Tumor"	"ASCProject_0357"	"DNA"	"T1"	"ASCProject_0357_T1"	""	""	0	"MEDIASTINUM"	"RESECTION"	"YES"	"NO"	"NO"	"HIGH"	"ASCProject_0357"	"Musculoskeletal"	"Mediastinum"	"Mediastinum"	"No Mets"	"No Mets"	NA	3	"62"	"M"	"OTHER (MEDIASTINUM)"	"MEDIASTINUM"	0	"NO"	0	0	""	""	""	""	""	""	""	""	"NO METS"	"NO METS"	"94"	"1/14/20"	"357_DFCI_FULL, ASC_357_T1_SK, ASC_357_YALE"	"QC/AD"	"OTHER"	0	0	"357"	"DIAGNOSED"	62.28219178	"OTHER"	""	""	"Chest"	"OTHER"	""	""	"Chest only"	"OTHER"	""	""	"Chest only"	"YES"	"YES"	"YES"	"AFTER"	"Have not had chemotherapy at this point."	"YES"	"Starting radiation on 9/27/18"	"NO"	""	"NO"	""	"Pod Cast"	"A mass was found by coincidence in my mediastinum I was asymptomatic.  The mass was removed and the pathology report indicates that a portion of a teratoma had changed to an angiosarcoma. I am under the care of Dr. Andrew Wagner and Dr. Miranda Lam at Dana Farber."	"NO"	"WHITE"	""	""	""	""	""	""	""	""	""	""	""	""	""	""	""	""	"5/5/56"	"True"	62	"OTHER"	"Non-RAAS/LAAS"	0	"ASCProject_0357_T1"	62	"Musculoskeletal"	62	"Musculoskeletal"
"RP-1447_ASCProject_0361_SALIVA_v1_Exome_OnPrem"	"ASCProject_0361_SALIVA"	"Normal"	"ASCProject_0361"	"DNA"	""	"ASCProject_0361_SALIVA"	""	""	NA	""	""	""	""	""	""	"ASCProject_0361"	"Breast (Cutaneous)"	"Breast (Cutaneous)"	"Chest Wall"	""	""	NA	12	"62"	"F"	"BREAST (CUTANEOUS)"	"LEFT CHEST WALL"	1	"NO"	1	1	"LEFT CHEST WALL"	"187"	""	""	""	""	""	""	"NOT FOUND IN RECORD"	"NOT FOUND IN RECORD"	"476"	"3/10/23"	"361_Graham"	"OA"	"BREAST (CUTANEOUS)"	0	NA	"361"	"DIAGNOSED"	59.56438356	"BREAST"	""	""	""	"BREAST"	""	""	""	"BREAST"	""	""	""	"YES"	"NO"	"YES"	"BOTH"	""	"YES"	"chemo the drugs are taxotere and gemzar i have taken some other drugs also but can't remember them."	"YES"	"i can't remember but it was a small lump in the breast and removed;2009"	"YES"	"breast"	"from the doctor. Dr Mammalitto"	"I found the discoloration in the breast area"	"NO"	"AMERICAN_INDIAN"	""	""	""	""	""	""	""	""	""	""	""	""	""	""	""	""	"8/22/54"	"True"	62	"BREAST (CUTANEOUS)"	"RAAS"	NA	"ASCProject_0361_SALIVA"	62	"Breast (Cutaneous)"	62	"Breast (Cutaneous)"
"RP-1447_ASCProject_0367_SALIVA_v2_Exome_OnPrem"	"ASCProject_0367_SALIVA"	"Normal"	"ASCProject_0367"	"DNA"	""	"ASCProject_0367_SALIVA"	""	""	NA	""	""	""	""	""	""	"ASCProject_0367"	"HNFS"	"HNFS"	"Scalp"	"Lung"	"Lung"	NA	3	"68"	"M"	"HNFS"	"FRONTAL SCALP"	0	"NO"	1	0	""	""	""	""	""	""	""	"308"	"LUNG"	"LUNG"	"354"	"1/14/20"	"367_KP_FULL, ASC_0367_T1_PATHREPORT, ASC_0367_T1_SK"	"RR"	"HNFS"	0	1	"367"	"DIAGNOSED"	68.69315068	"SCALP"	""	""	""	"SCALP"	""	""	""	"NED"	""	""	""	"YES"	"YES"	"YES"	"AFTER"	"None prescribed. Using naturopathic supplements"	"NO"	""	"NO"	""	"NO"	""	"Found it while searching the web."	""	"NO"	"WHITE"	""	""	""	""	""	""	""	""	""	""	""	""	""	""	""	""	"6/10/49"	"True"	68	"HNFS"	"Non-RAAS/LAAS"	1	"ASCProject_0367_SALIVA"	68	"HNFS"	68	"HNFS"
"RP-1447_ASCProject_0367_T1_v2_Exome_OnPrem"	"ASCProject_0367_T1"	"Tumor"	"ASCProject_0367"	"DNA"	"T1"	"ASCProject_0367_T1"	""	""	65	"HEADFACENECKSCALP"	"RESECTION"	"YES (FOCAL)"	"YES"	"NO"	"HIGH"	"ASCProject_0367"	"HNFS"	"HNFS"	"Scalp"	"Lung"	"Lung"	NA	3	"68"	"M"	"HNFS"	"FRONTAL SCALP"	0	"NO"	1	0	""	""	""	""	""	""	""	"308"	"LUNG"	"LUNG"	"354"	"1/14/20"	"367_KP_FULL, ASC_0367_T1_PATHREPORT, ASC_0367_T1_SK"	"RR"	"HNFS"	0	1	"367"	"DIAGNOSED"	68.69315068	"SCALP"	""	""	""	"SCALP"	""	""	""	"NED"	""	""	""	"YES"	"YES"	"YES"	"AFTER"	"None prescribed. Using naturopathic supplements"	"NO"	""	"NO"	""	"NO"	""	"Found it while searching the web."	""	"NO"	"WHITE"	""	""	""	""	""	""	""	""	""	""	""	""	""	""	""	""	"6/10/49"	"True"	68	"HNFS"	"Non-RAAS/LAAS"	1	"ASCProject_0367_T1"	68	"HNFS"	68	"HNFS"
"RP-1447_ASCProject_0368_BLOOD_BC_v1_Exome_OnPrem"	"ASCProject_0368_BLOOD_BC"	"Normal"	"ASCProject_0368"	"DNA"	""	"ASCProject_0368_BLOOD_BC"	""	""	NA	""	""	""	""	""	""	"ASCProject_0368"	"Breast (Cutaneous)"	"Breast (Cutaneous)"	"Breast"	"No Mets"	"No Mets"	NA	9	"65"	"F"	"BREAST (CUTANEOUS)"	"RIGHT BREAST"	1	"NO"	1	0	""	""	""	""	""	""	""	""	"NO METS"	"NO METS"	"252"	"1/25/22"	"368_NORTHWELL_1-7, ASC_368_PATHREPORT"	"SS"	"BREAST (CUTANEOUS)"	0	0	"368"	"DIAGNOSED"	65.86849315	"BREAST"	""	""	""	"BREAST"	""	""	""	"NED"	""	""	""	"YES"	"YES"	"NO"	""	"4 treatment of Doxiruben followed by 6 cycles of Taxol"	"NO"	""	"YES"	"Invasive ducal carcinoma stage1;2012|Basal cell carcinoma;2010"	"YES"	"Left Brest for invasive ducal carcinoma following lumpectomy"	"Both internet and through Dr. Robert G. Maki"	"I am, of course, curious about about this disease, and wonder if I have a genetic propensity toward developing  it from radiotherapy. I‚Äôm sure you are equally curious, and hope my tissue will provide some more insight into this disease."	""	"WHITE"	""	""	""	""	""	""	""	""	""	""	""	""	""	""	""	""	"2/4/52"	"True"	65	"BREAST (CUTANEOUS)"	"RAAS"	0	"ASCProject_0368_BLOOD_BC"	65	"Breast (Cutaneous)"	65	"Breast (Cutaneous)"
"RP-1447_ASCProject_0369_BLOOD_BC_v1_Exome_OnPrem"	"ASCProject_0369_BLOOD_BC"	"Normal"	"ASCProject_0369"	"DNA"	""	"ASCProject_0369_BLOOD_BC"	""	""	NA	""	""	""	""	""	""	"ASCProject_0369"	"Other Visceral Organs"	"Ovary"	"Ovary"	"No Mets"	"No Mets"	NA	10	"38"	"F"	"VISCERAL ORGAN"	"OVARY"	0	"NO"	0	0	""	""	""	""	""	""	""	""	"NO METS"	"NO METS"	"190"	"2/17/22"	"369_KU_full, 369_Platte_Full, ASC_369_Kansas_NEW, ASC_0369_T1_PathReport, ASC_0369_T1_SK"	"BT"	"VISCERAL ORGAN"	0	0	"369"	"DIAGNOSED"	39.02191781	"ABDOMINAL"	""	"arising from a mature teratoma (ovary)"	""	"ABDOMINAL"	""	"ovary, omentum"	""	"DK"	""	""	""	"YES"	"DK"	"NO"	""	"docetaxel and gemcitabine"	"YES"	"surgery 10/30/18"	"NO"	""	"NO"	""	"facebook angiosarcoma awareness"	"38 year old female, 2 c-sections
only 8 documented similar cases world wide"	"NO"	"WHITE"	""	""	""	""	""	""	""	""	""	""	""	""	""	""	""	""	"6/3/79"	"True"	38	"VISCERAL ORGAN"	"Non-RAAS/LAAS"	0	"ASCProject_0369_BLOOD_BC"	38	"Other Visceral Organs"	38	"Other Visceral Organs"
"RP-1447_ASCProject_0371_SALIVA_v1_Exome_OnPrem"	"ASCProject_0371_SALIVA"	"Normal"	"ASCProject_0371"	"DNA"	""	"ASCProject_0371_SALIVA"	""	""	NA	""	""	""	""	""	""	"ASCProject_0371"	"Heart"	"Heart"	""	""	""	NA	NA	""	""	""	""	NA	""	NA	NA	""	""	""	""	""	""	""	""	""	""	""	""	""	""	""	NA	NA	"371"	"DIAGNOSED"	25.24931507	"HEART"	""	""	""	"HEART"	""	""	""	"HEART"	""	""	""	"YES"	"NO"	"NO"	""	"taxol, doxil,"	"YES"	"doxil chemotherapy"	"NO"	""	"NO"	""	"twitter"	"cardiac angiosarcoma is my diagnosis.  i believe my tumor was malignent about the size of an egg is what my doctor said. i had open heart surgery to remove it only to come back almost to full size in two months (i was not on chemo during these two months). it came back aggressive after which they put me on chemotherapy. Weekly paclitaxol for about 4 months shrunk the tumor down from 9 cm to about 3.5 is where im at now. i went from doctors telling me to get my affairs in order to feeling alive."	"YES"	"OTHER"	"Mexican"	""	""	""	""	""	""	""	""	""	""	""	""	""	""	""	"11/8/92"	"False"	25.24931507	"HEART"	""	NA	"ASCProject_0371_SALIVA"	25.24931507	"Heart"	25.24931507	"Heart"
"RP-1447_ASCProject_0372_SALIVA_v1_Exome_OnPrem"	"ASCProject_0372_SALIVA"	"Normal"	"ASCProject_0372"	"DNA"	""	"ASCProject_0372_SALIVA"	""	""	NA	""	""	""	""	""	""	"ASCProject_0372"	"Breast (Cutaneous)"	"Breast (Cutaneous)"	"Breast"	"No Mets"	"No Mets"	NA	3	"47"	"F"	"BREAST (CUTANEOUS)"	"RIGHT BREAST"	1	"NO"	1	0	""	""	""	""	""	""	""	""	"NO METS"	"NO METS"	"369"	"7/23/19"	"372_CHCWM_Full, ASC_0372_T1_PathReport_OCR, ASC_372_T1_SK_OCR"	"RR"	"BREAST (CUTANEOUS)"	0	0	"372"	"DIAGNOSED"	47.32876712	"BREAST"	""	""	""	"BREAST"	""	""	""	"BREAST"	""	""	""	"YES"	"NO"	"NO"	""	"Doxorubicin, ifosfamide, mesna"	"NO"	""	"YES"	"DCIS;2013"	"YES"	"Right breast"	"Sarcoma Alliance page on Facebook"	""	"NO"	"WHITE"	""	""	""	""	""	""	""	""	""	""	""	""	""	""	""	""	"7/16/70"	"True"	47	"BREAST (CUTANEOUS)"	"RAAS"	0	"ASCProject_0372_SALIVA"	47	"Breast (Cutaneous)"	47	"Breast (Cutaneous)"
"RP-1447_ASCProject_0372_T1_v1_Exome_OnPrem"	"ASCProject_0372_T1"	"Tumor"	"ASCProject_0372"	"DNA"	"T1"	"ASCProject_0372_T1"	""	""	7	"BREAST"	"mastectomy"	"YES"	"NO"	"YES"	"HIGH"	"ASCProject_0372"	"Breast (Cutaneous)"	"Breast (Cutaneous)"	"Breast"	"No Mets"	"No Mets"	NA	3	"47"	"F"	"BREAST (CUTANEOUS)"	"RIGHT BREAST"	1	"NO"	1	0	""	""	""	""	""	""	""	""	"NO METS"	"NO METS"	"369"	"7/23/19"	"372_CHCWM_Full, ASC_0372_T1_PathReport_OCR, ASC_372_T1_SK_OCR"	"RR"	"BREAST (CUTANEOUS)"	0	0	"372"	"DIAGNOSED"	47.32876712	"BREAST"	""	""	""	"BREAST"	""	""	""	"BREAST"	""	""	""	"YES"	"NO"	"NO"	""	"Doxorubicin, ifosfamide, mesna"	"NO"	""	"YES"	"DCIS;2013"	"YES"	"Right breast"	"Sarcoma Alliance page on Facebook"	""	"NO"	"WHITE"	""	""	""	""	""	""	""	""	""	""	""	""	""	""	""	""	"7/16/70"	"True"	47	"BREAST (CUTANEOUS)"	"RAAS"	0	"ASCProject_0372_T1"	47	"Breast (Cutaneous)"	47	"Breast (Cutaneous)"
"RP-1447_ASCProject_0373_BLOOD_BC_v2_Exome_OnPrem"	"ASCProject_0373_BLOOD_BC"	"Normal"	"ASCProject_0373"	"DNA"	""	"ASCProject_0373_BLOOD_BC"	""	""	NA	""	""	""	""	""	""	"ASCProject_0373"	"Heart"	"Heart"	""	""	""	NA	NA	""	""	""	""	NA	""	NA	NA	""	""	""	""	""	""	""	""	""	""	""	""	""	""	""	NA	NA	"373"	"DIAGNOSED"	58.59726027	"HEART"	""	""	""	"HEART,LUNG,BRAIN,LYMPH"	""	""	""	"HEART"	""	""	""	"NO"	""	"YES"	""	"Ifosfamide, Doxorubicin, and Taxol"	"YES"	"Taxol"	"NO"	""	"NO"	""	"Gilda‚Äôs Club Nashville"	"I was very active - doing a boot camp 4 days a week and past marathon runner. I was 58 years old when it was found on March 30th.  Then the biopsy revealed it was an angiosarcoma on April 13th, 2018."	"NO"	"WHITE"	""	""	""	""	""	""	""	""	""	""	""	""	""	""	""	""	"9/10/59"	"False"	58.59726027	"HEART"	""	NA	"ASCProject_0373_BLOOD_BC"	58.59726027	"Heart"	58.59726027	"Heart"
"RP-1447_ASCProject_0373_BLOOD_P_v2_Exome_OnPrem"	"ASCProject_0373_BLOOD_P"	"Tumor"	"ASCProject_0373"	"DNA"	"BLOOD"	"ASCProject_0373_BLOOD_P"	""	""	NA	""	""	""	""	""	""	"ASCProject_0373"	"Heart"	"Heart"	""	""	""	NA	NA	""	""	""	""	NA	""	NA	NA	""	""	""	""	""	""	""	""	""	""	""	""	""	""	""	NA	NA	"373"	"DIAGNOSED"	58.59726027	"HEART"	""	""	""	"HEART,LUNG,BRAIN,LYMPH"	""	""	""	"HEART"	""	""	""	"NO"	""	"YES"	""	"Ifosfamide, Doxorubicin, and Taxol"	"YES"	"Taxol"	"NO"	""	"NO"	""	"Gilda‚Äôs Club Nashville"	"I was very active - doing a boot camp 4 days a week and past marathon runner. I was 58 years old when it was found on March 30th.  Then the biopsy revealed it was an angiosarcoma on April 13th, 2018."	"NO"	"WHITE"	""	""	""	""	""	""	""	""	""	""	""	""	""	""	""	""	"9/10/59"	"False"	58.59726027	"HEART"	""	NA	"ASCProject_0373_BLOOD_P"	58.59726027	"Heart"	58.59726027	"Heart"
"RP-1447_ASCProject_0375_SALIVA_v2_Exome_OnPrem"	"ASCProject_0375_SALIVA"	"Normal"	"ASCProject_0375"	"DNA"	""	"ASCProject_0375_SALIVA"	""	""	NA	""	""	""	""	""	""	"ASCProject_0375"	"HNFS"	"HNFS"	"Nose"	"No Mets"	"No Mets"	NA	3	"54"	"M"	"HNFS"	"LEFT NOSTRIL"	0	"NO"	1	1	"HNFS"	"210"	""	""	""	""	""	""	"NO METS"	"NO METS"	"498"	"1/13/20"	"ASC_0375_T1_PATHREPORT, ASC_0375_T1_SK, ASC_0375_T2_SK, ASC_375_KENTUCKY_FULL_OCR"	"RR"	"HNFS"	0	0	"375"	"DIAGNOSED"	54.62191781	"HEADFACENECK"	""	""	""	"HEADFACENECK"	""	""	""	"NED"	""	""	""	"YES"	"NO"	"YES"	"AFTER"	"Taxol; 13 of 18 treatments completed."	"YES"	"I have completed 33 radiation treatments on my nose plus a second 33 radiation treatments on my neck.  I have had 13 out of 18 taxol treatments."	"NO"	""	"NO"	""	"Facebook"	"My original site, soar inside of nose, took 9 months to get properly diagnosed. Then, found it in a submandibular gland that was swollen and removed (after nose tumor surgery).  Neither surgery got clear margins."	"NO"	"WHITE"	""	""	""	""	""	""	""	""	""	""	""	""	""	""	""	""	"12/31/62"	"True"	54	"HNFS"	"Non-RAAS/LAAS"	0	"ASCProject_0375_SALIVA"	54	"HNFS"	54	"HNFS"
"RP-1447_ASCProject_0375_T1_v2_Exome_OnPrem"	"ASCProject_0375_T1"	"Tumor"	"ASCProject_0375"	"DNA"	"T1"	"ASCProject_0375_T1"	""	""	58	"HEADFACENECKSCALP"	"OTHER"	"YES"	"NO"	"YES"	"HIGH"	"ASCProject_0375"	"HNFS"	"HNFS"	"Nose"	"No Mets"	"No Mets"	NA	3	"54"	"M"	"HNFS"	"LEFT NOSTRIL"	0	"NO"	1	1	"HNFS"	"210"	""	""	""	""	""	""	"NO METS"	"NO METS"	"498"	"1/13/20"	"ASC_0375_T1_PATHREPORT, ASC_0375_T1_SK, ASC_0375_T2_SK, ASC_375_KENTUCKY_FULL_OCR"	"RR"	"HNFS"	0	0	"375"	"DIAGNOSED"	54.62191781	"HEADFACENECK"	""	""	""	"HEADFACENECK"	""	""	""	"NED"	""	""	""	"YES"	"NO"	"YES"	"AFTER"	"Taxol; 13 of 18 treatments completed."	"YES"	"I have completed 33 radiation treatments on my nose plus a second 33 radiation treatments on my neck.  I have had 13 out of 18 taxol treatments."	"NO"	""	"NO"	""	"Facebook"	"My original site, soar inside of nose, took 9 months to get properly diagnosed. Then, found it in a submandibular gland that was swollen and removed (after nose tumor surgery).  Neither surgery got clear margins."	"NO"	"WHITE"	""	""	""	""	""	""	""	""	""	""	""	""	""	""	""	""	"12/31/62"	"True"	54	"HNFS"	"Non-RAAS/LAAS"	0	"ASCProject_0375_T1"	54	"HNFS"	54	"HNFS"
"RP-1447_ASCProject_0375_T2_v2_Exome_OnPrem"	"ASCProject_0375_T2"	"Tumor"	"ASCProject_0375"	"DNA"	"T2"	"ASCProject_0375_T2"	""	""	210	"HEADFACENECKSCALP"	"RESECTION"	"YES"	"NO"	"YES"	"HIGH"	"ASCProject_0375"	"HNFS"	"HNFS"	"Nose"	"No Mets"	"No Mets"	NA	3	"54"	"M"	"HNFS"	"LEFT NOSTRIL"	0	"NO"	1	1	"HNFS"	"210"	""	""	""	""	""	""	"NO METS"	"NO METS"	"498"	"1/13/20"	"ASC_0375_T1_PATHREPORT, ASC_0375_T1_SK, ASC_0375_T2_SK, ASC_375_KENTUCKY_FULL_OCR"	"RR"	"HNFS"	0	0	"375"	"DIAGNOSED"	54.62191781	"HEADFACENECK"	""	""	""	"HEADFACENECK"	""	""	""	"NED"	""	""	""	"YES"	"NO"	"YES"	"AFTER"	"Taxol; 13 of 18 treatments completed."	"YES"	"I have completed 33 radiation treatments on my nose plus a second 33 radiation treatments on my neck.  I have had 13 out of 18 taxol treatments."	"NO"	""	"NO"	""	"Facebook"	"My original site, soar inside of nose, took 9 months to get properly diagnosed. Then, found it in a submandibular gland that was swollen and removed (after nose tumor surgery).  Neither surgery got clear margins."	"NO"	"WHITE"	""	""	""	""	""	""	""	""	""	""	""	""	""	""	""	""	"12/31/62"	"True"	54	"HNFS"	"Non-RAAS/LAAS"	0	"ASCProject_0375_T2"	54	"HNFS"	54	"HNFS"
"RP-1447_ASCProject_0378_SALIVA_v1_Exome_OnPrem"	"ASCProject_0378_SALIVA"	"Normal"	"ASCProject_0378"	"DNA"	""	"ASCProject_0378_SALIVA"	""	""	NA	""	""	""	""	""	""	"ASCProject_0378"	"HNFS"	"HNFS"	""	""	""	NA	NA	""	""	""	""	NA	""	NA	NA	""	""	""	""	""	""	""	""	""	""	""	""	""	""	""	NA	NA	"378"	"DIAGNOSED"	61.7890411	"HEADFACENECK"	""	""	""	"HEADFACENECK,LYMPH"	""	""	""	"NED"	""	""	""	"YES"	"YES"	"YES"	"AFTER"	""	"NO"	""	"YES"	"Squamous;2017"	"YES"	"Parotidectomy"	""	""	"NO"	"WHITE"	""	""	""	""	""	""	""	""	""	""	""	""	""	""	""	""	"3/3/45"	"False"	61.7890411	"HNFS"	""	NA	"ASCProject_0378_SALIVA"	61.7890411	"HNFS"	61.7890411	"HNFS"
"RP-1447_ASCProject_0382_SALIVA_v1_Exome_OnPrem"	"ASCProject_0382_SALIVA"	"Normal"	"ASCProject_0382"	"DNA"	""	"ASCProject_0382_SALIVA"	""	""	NA	""	""	""	""	""	""	"ASCProject_0382"	"Breast (NOS)"	"Breast (NOS)"	""	""	""	NA	NA	""	""	""	""	NA	""	NA	NA	""	""	""	""	""	""	""	""	""	""	""	""	""	""	""	NA	NA	"382"	"DIAGNOSED"	60.73972603	"BREAST"	""	""	""	"BREAST"	""	""	""	"NED"	""	""	""	"YES"	"YES"	"NO"	""	"Docetaxel. Gemzar"	"NO"	""	"YES"	"Breast cancer;2006"	""	""	"My oncologist"	"I got angio sarcoma from the radiation I received to treat my breast cancer."	"NO"	"WHITE"	""	""	""	""	""	""	""	""	""	""	""	""	""	""	""	""	"3/21/50"	"False"	60.73972603	"BREAST (NOS)"	""	NA	"ASCProject_0382_SALIVA"	60.73972603	"Breast (NOS)"	60.73972603	"Breast (NOS)"
"RP-1447_ASCProject_0385_BLOOD_BC_v1_Exome_OnPrem"	"ASCProject_0385_BLOOD_BC"	"Normal"	"ASCProject_0385"	"DNA"	""	"ASCProject_0385_BLOOD_BC"	""	""	NA	""	""	""	""	""	""	"ASCProject_0385"	"Breast (Cutaneous)"	"Breast (Cutaneous)"	"Breast"	"No Mets"	"No Mets"	NA	3	"65"	"F"	"BREAST (CUTANEOUS)"	"LEFT BREAST"	1	"NO"	1	1	"LEFT CHEST WALL"	"321"	""	""	""	""	""	""	"NO METS"	"NO METS"	"673"	"1/13/20"	"ASC_0385_T1_PATHREPORT_OCR, ASC_0385_T2_PATHREPORT_OCR, ASC_0385_T3_PATHREPORT_OCR, ASC_385_T1_SK_OCR, ASC_385_T2_SK_OCR, ASC_385_T3_SK_OCR, ASC_385_UKANSAS_FULL.MR"	"RR"	"BREAST (CUTANEOUS)"	0	0	"385"	"DIAGNOSED"	65.18630137	"BREAST"	""	""	""	"BREAST"	""	""	""	"BREAST"	""	""	""	"YES"	"NO"	"NO"	""	"Chemotherapy,-taxitol"	"YES"	"CT scans"	"YES"	"breast cancer;2012"	"YES"	"breast"	"Oncologist"	"Had a lumpectomy in 2012 on breast, had radiation afterwards, docs think it caused the angiosarcoma in the same area.  removed breast plus two more surgeries, keeps coming back.  Also have diabetes and chemo made diabetes side effects worse."	"NO"	"WHITE"	""	""	""	""	""	""	""	""	""	""	""	""	""	""	""	""	"3/10/52"	"True"	65	"BREAST (CUTANEOUS)"	"RAAS"	0	"ASCProject_0385_BLOOD_BC"	65	"Breast (Cutaneous)"	65	"Breast (Cutaneous)"
"RP-1447_ASCProject_0385_T2_v1_Exome_OnPrem"	"ASCProject_0385_T2"	"Tumor"	"ASCProject_0385"	"DNA"	"T2"	"ASCProject_0385_T2"	""	""	153	"BREAST"	""	""	""	""	""	"ASCProject_0385"	"Breast (Cutaneous)"	"Breast (Cutaneous)"	"Breast"	"No Mets"	"No Mets"	NA	3	"65"	"F"	"BREAST (CUTANEOUS)"	"LEFT BREAST"	1	"NO"	1	1	"LEFT CHEST WALL"	"321"	""	""	""	""	""	""	"NO METS"	"NO METS"	"673"	"1/13/20"	"ASC_0385_T1_PATHREPORT_OCR, ASC_0385_T2_PATHREPORT_OCR, ASC_0385_T3_PATHREPORT_OCR, ASC_385_T1_SK_OCR, ASC_385_T2_SK_OCR, ASC_385_T3_SK_OCR, ASC_385_UKANSAS_FULL.MR"	"RR"	"BREAST (CUTANEOUS)"	0	0	"385"	"DIAGNOSED"	65.18630137	"BREAST"	""	""	""	"BREAST"	""	""	""	"BREAST"	""	""	""	"YES"	"NO"	"NO"	""	"Chemotherapy,-taxitol"	"YES"	"CT scans"	"YES"	"breast cancer;2012"	"YES"	"breast"	"Oncologist"	"Had a lumpectomy in 2012 on breast, had radiation afterwards, docs think it caused the angiosarcoma in the same area.  removed breast plus two more surgeries, keeps coming back.  Also have diabetes and chemo made diabetes side effects worse."	"NO"	"WHITE"	""	""	""	""	""	""	""	""	""	""	""	""	""	""	""	""	"3/10/52"	"True"	65	"BREAST (CUTANEOUS)"	"RAAS"	0	"ASCProject_0385_T2"	65	"Breast (Cutaneous)"	65	"Breast (Cutaneous)"
"RP-1447_ASCProject_0385_T3_v1_Exome_OnPrem"	"ASCProject_0385_T3"	"Tumor"	"ASCProject_0385"	"DNA"	"T3"	"ASCProject_0385_T3"	""	""	336	"CHEST"	"resection"	"YES"	"YES"	"NO"	"HIGH"	"ASCProject_0385"	"Breast (Cutaneous)"	"Breast (Cutaneous)"	"Breast"	"No Mets"	"No Mets"	NA	3	"65"	"F"	"BREAST (CUTANEOUS)"	"LEFT BREAST"	1	"NO"	1	1	"LEFT CHEST WALL"	"321"	""	""	""	""	""	""	"NO METS"	"NO METS"	"673"	"1/13/20"	"ASC_0385_T1_PATHREPORT_OCR, ASC_0385_T2_PATHREPORT_OCR, ASC_0385_T3_PATHREPORT_OCR, ASC_385_T1_SK_OCR, ASC_385_T2_SK_OCR, ASC_385_T3_SK_OCR, ASC_385_UKANSAS_FULL.MR"	"RR"	"BREAST (CUTANEOUS)"	0	0	"385"	"DIAGNOSED"	65.18630137	"BREAST"	""	""	""	"BREAST"	""	""	""	"BREAST"	""	""	""	"YES"	"NO"	"NO"	""	"Chemotherapy,-taxitol"	"YES"	"CT scans"	"YES"	"breast cancer;2012"	"YES"	"breast"	"Oncologist"	"Had a lumpectomy in 2012 on breast, had radiation afterwards, docs think it caused the angiosarcoma in the same area.  removed breast plus two more surgeries, keeps coming back.  Also have diabetes and chemo made diabetes side effects worse."	"NO"	"WHITE"	""	""	""	""	""	""	""	""	""	""	""	""	""	""	""	""	"3/10/52"	"True"	65	"BREAST (CUTANEOUS)"	"RAAS"	0	"ASCProject_0385_T3"	65	"Breast (Cutaneous)"	65	"Breast (Cutaneous)"
"RP-1447_ASCProject_0387_SALIVA_v1_Exome_OnPrem"	"ASCProject_0387_SALIVA"	"Normal"	"ASCProject_0387"	"DNA"	""	"ASCProject_0387_SALIVA"	""	""	NA	""	""	""	""	""	""	"ASCProject_0387"	"Breast (Cutaneous)"	"Breast (Cutaneous)"	"Breast"	"No Mets"	"No Mets"	NA	3	"66"	"F"	"BREAST (CUTANEOUS)"	"LEFT BREAST"	1	"NO"	1	0	""	""	""	""	""	""	""	""	"NO METS"	"NO METS"	"249"	"1/10/20"	"ASC_387_UPENN_FULL.MR"	"RR"	"BREAST (CUTANEOUS)"	0	0	"387"	"DIAGNOSED"	66.1260274	"BREAST"	""	""	""	"BREAST"	""	""	""	"NED"	""	""	""	"YES"	"YES"	""	""	"none just surgery"	"NO"	""	"YES"	"Breast cancer;2009"	"YES"	"Breast same where angio was found"	"friend who works for Cancer Research"	"nothing to tell   had surgery  one thing is the  post breast cancer center did not diagnose it  they missed it"	"NO"	"NATIVE_HAWAIIAN,WHITE"	""	""	""	""	""	""	""	""	""	""	""	""	""	""	""	""	"3/2/52"	"True"	66	"BREAST (CUTANEOUS)"	"RAAS"	0	"ASCProject_0387_SALIVA"	66	"Breast (Cutaneous)"	66	"Breast (Cutaneous)"
"RP-1447_ASCProject_0387_T1_v1_Exome_OnPrem"	"ASCProject_0387_T1"	"Tumor"	"ASCProject_0387"	"DNA"	"T1"	"ASCProject_0387_T1"	""	""	15	"BREAST"	"Biopsy"	"YES (FOCAL)"	"YES"	"YES"	"HIGH"	"ASCProject_0387"	"Breast (Cutaneous)"	"Breast (Cutaneous)"	"Breast"	"No Mets"	"No Mets"	NA	3	"66"	"F"	"BREAST (CUTANEOUS)"	"LEFT BREAST"	1	"NO"	1	0	""	""	""	""	""	""	""	""	"NO METS"	"NO METS"	"249"	"1/10/20"	"ASC_387_UPENN_FULL.MR"	"RR"	"BREAST (CUTANEOUS)"	0	0	"387"	"DIAGNOSED"	66.1260274	"BREAST"	""	""	""	"BREAST"	""	""	""	"NED"	""	""	""	"YES"	"YES"	""	""	"none just surgery"	"NO"	""	"YES"	"Breast cancer;2009"	"YES"	"Breast same where angio was found"	"friend who works for Cancer Research"	"nothing to tell   had surgery  one thing is the  post breast cancer center did not diagnose it  they missed it"	"NO"	"NATIVE_HAWAIIAN,WHITE"	""	""	""	""	""	""	""	""	""	""	""	""	""	""	""	""	"3/2/52"	"True"	66	"BREAST (CUTANEOUS)"	"RAAS"	0	"ASCProject_0387_T1"	66	"Breast (Cutaneous)"	66	"Breast (Cutaneous)"
"RP-1447_ASCProject_0388_SALIVA_v1_Exome_OnPrem"	"ASCProject_0388_SALIVA"	"Normal"	"ASCProject_0388"	"DNA"	""	"ASCProject_0388_SALIVA"	""	""	NA	""	""	""	""	""	""	"ASCProject_0388"	"Heart"	"Heart"	""	""	""	NA	NA	""	""	""	""	NA	""	NA	NA	""	""	""	""	""	""	""	""	""	""	""	""	""	""	""	NA	NA	"388"	"DIAGNOSED"	63.2	"HEART,LUNG"	""	""	""	"HEART,LUNG"	""	""	""	"HEART,LUNG"	""	""	""	"NO"	""	"NO"	""	"Adriamycin, Olaratumab, Paclitaxel, Docetaxel"	"NO"	""	"NO"	""	"NO"	""	"Daughter doing research"	"Diagnosis of angiosarcoma 4 months after cardiac cath and ablation.
Father had angiosarcoma with metastasis to the lungs and passed in 1976.  Tested VUS for POT-1 gene."	"NO"	"WHITE"	""	""	""	""	""	""	""	""	""	""	""	""	""	""	""	""	"8/5/54"	"False"	63.2	""	""	NA	"ASCProject_0388_SALIVA"	63.2	"Heart"	63.2	"Heart"
"RP-1447_ASCProject_0389_BLOOD_BC_v1_Exome_OnPrem"	"ASCProject_0389_BLOOD_BC"	"Normal"	"ASCProject_0389"	"DNA"	""	"ASCProject_0389_BLOOD_BC"	""	""	NA	""	""	""	""	""	""	"ASCProject_0389"	"Breast (Parenchymal)"	"Breast (Parenchymal)"	"Breast"	""	""	NA	12	"63"	"F"	"BREAST (PARENCHYMAL)"	"LEFT BREAST"	NA	"NOT FOUND IN RECORD"	NA	NA	""	""	""	""	""	""	""	""	"NOT FOUND IN RECORD"	"NOT FOUND IN RECORD"	"1108"	"3/10/23"	"389_SanJuanRegionalHospital.pdf, ASC_389_SanJuan.pdf, ASC_389_SJ-Regional-Hospital_Path-Report.pdf"	"OA"	"BREAST (PARENCHYMAL)"	NA	NA	"389"	"DIAGNOSED"	63.62465753	"BREAST"	""	""	""	"BREAST"	""	""	""	"NED"	""	""	""	"YES"	"YES"	"NO"	""	"Cytoxan , Doxorubicin"	"NO"	""	"YES"	"Phyllodes tumor;2006|Ductal carcinoma  invasive and non invasive ;2016|Malignant phyllodes tumor;2016"	"NO"	""	"Support group"	""	"NO"	"WHITE"	""	""	""	""	""	""	""	""	""	""	""	""	""	""	""	""	"12/1/52"	"True"	63	"BREAST (PARENCHYMAL)"	""	NA	"ASCProject_0389_BLOOD_BC"	63	"Breast (Parenchymal)"	63	"Breast (Parenchymal)"
"RP-1447_ASCProject_0393_SALIVA_v1_Exome_OnPrem"	"ASCProject_0393_SALIVA"	"Normal"	"ASCProject_0393"	"DNA"	""	"ASCProject_0393_SALIVA"	""	""	NA	""	""	""	""	""	""	"ASCProject_0393"	"Breast (Cutaneous)"	"Breast (Cutaneous)"	"Breast"	"No Mets"	"No Mets"	NA	9	"75"	"F"	"BREAST (CUTANEOUS)"	"LEFT BREAST"	1	"NO"	1	1	"LEFT BREAST SKIN"	"115"	""	""	""	""	""	""	"NO METS"	"NO METS"	"890"	"1/26/22"	"ASC_393_UPENN_FULL, ASC_0393_T1_SK, ASC_0393_T1_PATHREPORT"	"SS"	"BREAST (CUTANEOUS)"	0	0	"393"	"DIAGNOSED"	75.35342466	"BREAST"	""	""	""	"BREAST"	""	""	""	"NED"	""	""	""	"YES"	"YES"	"YES"	"AFTER"	"Propanalol"	"YES"	"Propanalol"	"YES"	"In situ breast cance ;2002"	"YES"	"Breast"	"Cure magazine"	"Caused by previous radiation"	"NO"	"WHITE"	""	""	""	""	""	""	""	""	""	""	""	""	""	""	""	""	"12/12/40"	"True"	75	"BREAST (CUTANEOUS)"	"RAAS"	0	"ASCProject_0393_SALIVA"	75	"Breast (Cutaneous)"	75	"Breast (Cutaneous)"
"RP-1447_ASCProject_0394_SALIVA_v1_Exome_OnPrem"	"ASCProject_0394_SALIVA"	"Normal"	"ASCProject_0394"	"DNA"	""	"ASCProject_0394_SALIVA"	""	""	NA	""	""	""	""	""	""	"ASCProject_0394"	"Missing or Unknown"	""	"Liver"	"Liver"	"Liver, Bone"	NA	12	"38"	"F"	"NOT FOUND IN RECORD"	"LIVER"	0	"NO"	NA	NA	""	""	""	""	""	""	""	"0"	"LIVER"	"LIVER, BONE"	"17"	"3/10/23"	"ASC_394_Siteman.pdf"	"OA"	""	0	1	"394"	"DIAGNOSED"	38.68493151	"DK"	""	""	""	"LIVER,LUNG,BONELIMB"	""	""	""	"LIVER,LUNG,BONELIMB"	""	""	""	"NO"	""	"NO"	""	"Gemzar, paclitaxel"	"YES"	"Gemzar, paclitaxel"	"NO"	""	"NO"	""	"Dr Brian Van Tine"	""	"NO"	"WHITE"	""	""	""	""	""	""	""	""	""	""	""	""	""	""	""	""	"5/5/80"	"True"	38	""	"Non-RAAS/LAAS"	2	"ASCProject_0394_SALIVA"	38	"Missing or Unknown"	38	"Missing or Unknown"
"RP-1447_ASCProject_0401_SALIVA_v2_Exome_OnPrem"	"ASCProject_0401_SALIVA"	"Normal"	"ASCProject_0401"	"DNA"	""	"ASCProject_0401_SALIVA"	""	""	NA	""	""	""	""	""	""	"ASCProject_0401"	"Other Visceral Organs"	"Kidney"	"Adrenal Gland"	"No Mets"	"No Mets"	NA	9	"55"	"M"	"VISCERAL ORGAN"	"ADRENAL GLAND"	0	"NO"	0	0	""	""	""	""	""	""	""	""	"NO METS"	"NO METS"	"64"	"1/25/22"	"401_CedarsSinai_full.pdf, ASC_0401_T1A_1B_SK.pdf"	"DS"	"VISCERAL ORGAN"	0	0	"401"	"DIAGNOSED"	55.36712329	"LIVER,LYMPH,ABDOMINAL,OTHER"	""	""	"Kidney, adrenal gland"	"OTHER"	""	""	"Have only been diagnosed once"	"NED"	""	""	""	"YES"	"NO"	"NO"	""	"Have not been on chemo but will be soon"	"YES"	"Chemo soon"	"NO"	""	"NO"	""	"Corrie Painter"	"I will be glad to share my story to anyone"	"NO"	"WHITE"	""	""	""	""	""	""	""	""	""	""	""	""	""	""	""	""	"9/3/63"	"True"	55	"VISCERAL ORGAN"	"Non-RAAS/LAAS"	0	"ASCProject_0401_SALIVA"	55	"Other Visceral Organs"	55	"Other Visceral Organs"
"RP-1447_ASCProject_0401_T1A_v2_Exome_OnPrem"	"ASCProject_0401_T1A"	"Tumor"	"ASCProject_0401"	"DNA"	"T1A"	"ASCProject_0401_T1A"	""	""	9	"KIDNEY"	"Resection"	"YES"	"YES"	"NO"	"HIGH"	"ASCProject_0401"	"Other Visceral Organs"	"Kidney"	"Adrenal Gland"	"No Mets"	"No Mets"	NA	9	"55"	"M"	"VISCERAL ORGAN"	"ADRENAL GLAND"	0	"NO"	0	0	""	""	""	""	""	""	""	""	"NO METS"	"NO METS"	"64"	"1/25/22"	"401_CedarsSinai_full.pdf, ASC_0401_T1A_1B_SK.pdf"	"DS"	"VISCERAL ORGAN"	0	0	"401"	"DIAGNOSED"	55.36712329	"LIVER,LYMPH,ABDOMINAL,OTHER"	""	""	"Kidney, adrenal gland"	"OTHER"	""	""	"Have only been diagnosed once"	"NED"	""	""	""	"YES"	"NO"	"NO"	""	"Have not been on chemo but will be soon"	"YES"	"Chemo soon"	"NO"	""	"NO"	""	"Corrie Painter"	"I will be glad to share my story to anyone"	"NO"	"WHITE"	""	""	""	""	""	""	""	""	""	""	""	""	""	""	""	""	"9/3/63"	"True"	55	"VISCERAL ORGAN"	"Non-RAAS/LAAS"	0	"ASCProject_0401_T1A"	55	"Other Visceral Organs"	55	"Other Visceral Organs"
"RP-1447_ASCProject_0403_SALIVA_v1_Exome_OnPrem"	"ASCProject_0403_SALIVA"	"Normal"	"ASCProject_0403"	"DNA"	""	"ASCProject_0403_SALIVA"	""	""	NA	""	""	""	""	""	""	"ASCProject_0403"	"Breast (Parenchymal)"	"Breast (Parenchymal)"	"Breast"	"No Mets"	"No Mets"	NA	9	"61"	"F"	"BREAST (PARENCHYMAL)"	"RIGHT BREAST"	0	"NO"	0	0	""	""	""	""	""	""	""	""	"NO METS"	"NO METS"	"48"	"8/10/22"	"403_Grossman-CaparoPS_21pgs.pdf, 403_RockyMountainCC_2pdf.pdf, 403_RockyMountainCC.pdf, ASC_403_PathReport.pdf, ASC_0403_T1_PathReport.pdf, ASC_403_RoseMedical_full.pdf, ASC_403_RockyMt_UpdatedMRM_OCR, ASC_403_RoseMedCenter_UpdatedMRM_OCR"	"BT"	"BREAST (PARENCHYMAL)"	0	0	"403"	"DIAGNOSED"	61.23835616	"BREAST"	""	""	""	"BREAST"	""	""	""	"NED"	""	""	""	"YES"	"DK"	"NO"	""	"one round of chemo (just started) Doxorubicin, Ifosamide, Mesna, Dexrazoxane, Neulasta, Zophran (AWFUL reaction) so changed to Dexamethasone, BActrim,  Compazine"	"NO"	"Surgery in Jan 2019, first of 4 cycles of Chem started Feb 25th 2019, To be followed by 6 weeks radiation and a different 4 cycle round of chemotherapy"	"NO"	""	"NO"	""	"Dr. Breelyn Wilky at University Colorado Cancer Center"	"There is a history of both cancer and auto immune disease in my family.
Father died of stomach cancer. Mother and grandmother died of Ataxia complications which may have been caused by celiac (undiagnosed). Sister survived breast cancer has Hasimotos. Another sister died of lung and brain cancer had Addisons disease. Brother has Graves disease. I have celiac and angiosarcoma. Could there be a link?
Additionally I recieved 3 years of gamma globulin infusions for a depleted immune system around 2000.  
I was also at Ground Zero  in any immediately after 9/11 on and off for the first week after the towers fell."	"NO"	"WHITE"	""	""	""	""	""	""	""	""	""	""	""	""	""	""	""	""	"9/20/57"	"True"	61	"BREAST (PARENCHYMAL)"	"Non-RAAS/LAAS"	0	"ASCProject_0403_SALIVA"	61	"Breast (Parenchymal)"	61	"Breast (Parenchymal)"
"RP-1447_ASCProject_0411_SALIVA_v1_Exome_OnPrem"	"ASCProject_0411_SALIVA"	"Normal"	"ASCProject_0411"	"DNA"	""	"ASCProject_0411_SALIVA"	""	""	NA	""	""	""	""	""	""	"ASCProject_0411"	"Breast (Cutaneous)"	"Breast (Cutaneous)"	"Breast"	""	""	NA	12	"59"	"F"	"BREAST (CUTANEOUS)"	"RIGHT BREAST"	1	"NO"	1	0	""	""	""	""	""	""	""	""	""	""	"647"	"3/24/23"	"411_BayCare_Oncologynotes, ASC_411_BayCare, ASC_411_BayCare_2, ASC_411_BayCare_3, ASC_411_Moffitt"	"BT"	"BREAST (CUTANEOUS)"	0	1	"411"	"DIAGNOSED"	59.82739726	"BREAST,OTHER"	""	""	"contained within the chest wall"	"BREAST,OTHER"	""	""	"areas within the chest wall"	"NED"	""	""	""	"YES"	"YES"	"YES"	"AFTER"	"Docetaxel, Gemcitabine"	"NO"	""	"YES"	"Breast cancer;2013"	"YES"	"Right breast"	"Reading about disease online and consult with oncologist"	"I am blessed to have the doctors I have at Moffitt Cancer Center.  Has been quite a year, but I am healing and with NED!"	"NO"	"WHITE"	""	""	""	""	""	""	""	""	""	""	""	""	""	""	""	""	"6/18/58"	"True"	59	"BREAST (CUTANEOUS)"	"RAAS"	NA	"ASCProject_0411_SALIVA"	59	"Breast (Cutaneous)"	59	"Breast (Cutaneous)"
"RP-1447_ASCProject_0412_SALIVA_v1_Exome_OnPrem"	"ASCProject_0412_SALIVA"	"Normal"	"ASCProject_0412"	"DNA"	""	"ASCProject_0412_SALIVA"	""	""	NA	""	""	""	""	""	""	"ASCProject_0412"	"HNFS"	"HNFS"	"Nose"	""	""	NA	12	"62"	"M"	"HNFS"	"LEFT NOSE"	0	"NO"	1	0	""	""	""	""	""	""	""	""	""	""	"413"	"3/25/23"	"ASC_412_JohnHopkins"	"BT"	"HNFS"	0	1	"412"	"DIAGNOSED"	62.5369863	"HEADFACENECK"	""	""	""	"HEADFACENECK"	""	""	""	"DK"	""	""	""	"YES"	"YES"	"NO"	""	"Starting Chemotherapy April 4, 2019 with paclitaxel. Expect radiation to start in month 4 of treatments"	"YES"	""	"NO"	""	"NO"	""	"Internet and spoke with Corrie Painter"	"Healthy ish life style.  Came up suddenly as a lump on the side of my nose.  Noticed it in October 2018, biopsy ompleted end of December 2018, confirmed diagnosis January 9, 2019. First surgery 01/31/19; second surgery 02/25/19"	"NO"	"WHITE"	""	""	""	""	""	""	""	""	""	""	""	""	""	""	""	""	"7/4/56"	"True"	62	"HNFS"	"Non-RAAS/LAAS"	NA	"ASCProject_0412_SALIVA"	62	"HNFS"	62	"HNFS"
"RP-1447_ASCProject_0413_BLOOD_BC_v1_Exome_OnPrem"	"ASCProject_0413_BLOOD_BC"	"Normal"	"ASCProject_0413"	"DNA"	""	"ASCProject_0413_BLOOD_BC"	""	""	NA	""	""	""	""	""	""	"ASCProject_0413"	"Breast (NOS)"	"Breast (NOS)"	""	""	""	NA	NA	""	""	""	""	NA	""	NA	NA	""	""	""	""	""	""	""	""	""	""	""	""	""	""	""	NA	NA	"413"	"DIAGNOSED"	65.08767123	"BREAST"	""	""	""	"BREAST"	""	""	""	"NED"	""	""	""	"YES"	"YES"	"NO"	""	"none"	"NO"	""	"YES"	"Carcinoma In Situ Stage 0;1999"	"YES"	"Breast"	"Online"	""	"NO"	"WHITE"	""	""	""	""	""	""	""	""	""	""	""	""	""	""	""	""	"12/16/53"	"False"	65.08767123	"BREAST (NOS)"	""	NA	"ASCProject_0413_BLOOD_BC"	65.08767123	"Breast (NOS)"	65.08767123	"Breast (NOS)"
"RP-1447_ASCProject_0414_SALIVA_v1_Exome_OnPrem"	"ASCProject_0414_SALIVA"	"Normal"	"ASCProject_0414"	"DNA"	""	"ASCProject_0414_SALIVA"	""	""	NA	""	""	""	""	""	""	"ASCProject_0414"	"Breast (Cutaneous)"	"Breast (Cutaneous)"	"Breast Skin"	"No Mets"	"No Mets"	NA	9	"50"	"F"	"BREAST (CUTANEOUS)"	"RIGHT BREAST SKIN"	0	"NO"	1	0	""	""	""	""	""	""	""	""	"NO METS"	"NO METS"	"1061"	"8/12/22"	"ASC_414_UPMC, ASC_0414_UMPC_MR_fullM_OCR"	"IS/BT"	"BREAST (CUTANEOUS)"	0	0	"414"	"DIAGNOSED"	50.03561644	"BREAST"	""	""	""	""	""	""	""	"BREAST"	""	""	""	"YES"	"YES"	"NO"	""	"Plans still being made. Only one week out from surgery. Starting  chemo in 4 weeks."	"YES"	"Chemo and radiation in future after surgical site healed"	"YES"	"DCIS;2016"	"NO"	""	"Facebook post"	"My AS is cutaneous but was located on my breast at the scar from my reconstruction."	"NO"	"WHITE"	""	""	""	""	""	""	""	""	""	""	""	""	""	""	""	""	"2/28/69"	"True"	50	"BREAST (CUTANEOUS)"	"Non-RAAS/LAAS"	0	"ASCProject_0414_SALIVA"	50	"Breast (Cutaneous)"	50	"Breast (Cutaneous)"
"RP-1447_ASCProject_0415_SALIVA_v1_Exome_OnPrem"	"ASCProject_0415_SALIVA"	"Normal"	"ASCProject_0415"	"DNA"	""	"ASCProject_0415_SALIVA"	""	""	NA	""	""	""	""	""	""	"ASCProject_0415"	"Extremities"	"Lower Extremity"	"Thigh"	"Distant Lymph Node"	"Distant Lymph Node"	NA	12	"69"	"M"	"EXTREMITY"	"RIGHT THIGH"	0	"NO"	0	0	""	""	""	""	""	""	""	"43"	"DISTANT LYMPH NODE"	"DISTANT LYMPH NODE"	"115"	"4/5/23"	"415_BJC_FULL"	"BT"	"EXTREMITY"	0	1	"415"	"DIAGNOSED"	69.8739726	"BONELIMB"	"Thigh area--hip disarticulation preformed"	""	""	"DK"	""	""	""	"DK"	""	""	""	"YES"	"NO"	"YES"	"AFTER"	"Trexall chemotherapy"	"YES"	"Chemo"	"YES"	"Squamous Cell;2011|Melanoma;2011|Basil Cell;2011|Colon;2012"	"YES"	"Left side of head and neck"	"Dr. Brian VanTine"	"In October 2018 I started coughing up blood and Oct. 26 they removed the top lobe of the right lung. The biopsy was negative for angiosarcoma but it continued to bleed until radiation was preformed  in February 2019."	"NO"	"WHITE"	""	""	""	""	""	""	""	""	""	""	""	""	""	""	""	""	"11/3/48"	"True"	69	"BONELIMB"	"Non-RAAS/LAAS"	1	"ASCProject_0415_SALIVA"	69	"Extremities"	69	"Extremities"
"RP-1447_ASCProject_0417_SALIVA_v1_Exome_OnPrem"	"ASCProject_0417_SALIVA"	"Normal"	"ASCProject_0417"	"DNA"	""	"ASCProject_0417_SALIVA"	""	""	NA	""	""	""	""	""	""	"ASCProject_0417"	"Other Visceral Organs"	"Lung"	"Lung"	"Distant Lymph Node, Neck"	"Distant Lymph Node, Neck"	NA	12	"66"	"M"	"VISCERAL ORGAN"	"LEFT LUNG"	0	"NO"	0	NA	""	""	""	""	""	""	""	"14"	"DISTANT LYMPH NODE [LEFT INTRATHORACIC, LOWER NECK]"	"DISTANT LYMPH NODE [LEFT INTRATHORACIC, LOWER NECK]"	"79"	"3/12/23"	"417_Dr.OvermanMR_22pgs.pdf, 417_LomaLinda.pdf, ASC_417_LLU_full.PDF"	"OA"	"LUNG"	0	1	"417"	"DIAGNOSED"	66.1260274	"LUNG"	""	""	""	"LUNG"	""	""	""	"LUNG"	""	""	""	"NO"	""	"NO"	""	"Gemcitabine (Gemzar) and DOCEtaxel (Taxotere)"	"YES"	"Chemotherapy"	"NO"	""	"NO"	""	"My daughter found it on FB."	"It was a complete surprise  to me that I had this AS in my lungs."	"DK"	"WHITE"	""	""	""	""	""	""	""	""	""	""	""	""	""	""	""	""	"1/30/53"	"True"	66	"LUNG"	"Non-RAAS/LAAS"	2	"ASCProject_0417_SALIVA"	66	"Other Visceral Organs"	66	"Other Visceral Organs"
"RP-1447_ASCProject_0418_SALIVA_v1_Exome_OnPrem"	"ASCProject_0418_SALIVA"	"Normal"	"ASCProject_0418"	"DNA"	""	"ASCProject_0418_SALIVA"	""	""	NA	""	""	""	""	""	""	"ASCProject_0418"	"Hepatobiliary"	"Spleen"	"Spleen"	"No Mets"	"No Mets"	NA	9	"56"	"F"	"SPLEEN"	"SPLEEN"	0	"NO"	0	1	"OTHER [SPLENECTOMY BED]"	"124"	""	""	""	""	""	"124"	"NO METS"	"NO METS"	"144"	"1/14/22"	"ASC_418_EastVanc.pdf, ASC_0418_PathReport.pdf"	"DS"	"SPLEEN"	0	0	"418"	"DIAGNOSED"	56.92328767	"SPLEEN"	""	""	""	"ABDOMINAL"	""	"Recurrence at site of surgery and possible lymp node"	""	"ABDOMINAL"	""	"lymph node"	""	"YES"	"YES"	"NO"	""	"Paclitaxel"	"NO"	""	"YES"	"melanoma;2016"	"NO"	""	"online"	"Recurrence occurred 2 months after initial surgery to remove the spleen"	"NO"	"WHITE"	""	""	""	""	""	""	""	""	""	""	""	""	""	""	""	""	"12/13/61"	"True"	56	"SPLEEN"	"Non-RAAS/LAAS"	0	"ASCProject_0418_SALIVA"	56	"Hepatobiliary"	56	"Hepatobiliary"
"RP-1447_ASCProject_0420_SALIVA_v1_Exome_OnPrem"	"ASCProject_0420_SALIVA"	"Normal"	"ASCProject_0420"	"DNA"	""	"ASCProject_0420_SALIVA"	""	""	NA	""	""	""	""	""	""	"ASCProject_0420"	"Breast (Parenchymal)"	"Breast (Parenchymal)"	"Breast"	"No Mets"	"No Mets"	NA	9	"36"	"F"	"BREAST (PARENCHYMAL)"	"LEFT BREAST"	0	"NO"	0	0	""	""	""	""	""	""	""	""	"NO METS"	"NO METS"	"1347"	"8/11/22"	"ASC_420_Kaiser Permanente_part2.pdf, ASC_420_Kaiser Permanente.pdf, ASC_0420_T1_SK.pdf, ASC_0420_T1_PathReport.pdf, ASC_420_OHSU_Full.pdf, ASC_P7RK7E_OHSUMRM_OCR"	"BT"	"BREAST (PARENCHYMAL)"	0	0	"420"	"DIAGNOSED"	36.6109589	"BREAST"	""	""	""	"BREAST"	""	""	""	"NED"	""	""	""	"YES"	"YES"	"NO"	""	"Epirubicin, ifos (with mesna), 3cycles recommend but complete only 2 (4 days hospital infusion, 3week cycles)"	"NO"	""	"NO"	""	"NO"	""	"Corrie Painter post on Facebook angiosarcoma forum"	"I experienced a severe loss/grief, depression/distress, a great tax on my immu and system about a year before I found the lump, I was diagnosed six months later."	"NO"	"WHITE"	""	""	""	""	""	""	""	""	""	""	""	""	""	""	""	""	"7/30/81"	"True"	36	"BREAST (PARENCHYMAL)"	"Non-RAAS/LAAS"	0	"ASCProject_0420_SALIVA"	36	"Breast (Parenchymal)"	36	"Breast (Parenchymal)"
"RP-1447_ASCProject_0422_BLOOD_BC_v1_Exome_OnPrem"	"ASCProject_0422_BLOOD_BC"	"Normal"	"ASCProject_0422"	"DNA"	""	"ASCProject_0422_BLOOD_BC"	""	""	NA	""	""	""	""	""	""	"ASCProject_0422"	"Extremities"	"Lower Extremity"	"Leg"	"Distant Lymph Node"	"Distant Lymph Node, Abdomin and Pelvis"	NA	9	"62"	"F"	"SKIN-CUTANEOUS (ASSOCIATED WITH LYMPHEDEMA)"	"LEFT LATERAL LEG"	1	"YES"	1	0	""	""	""	""	""	""	""	"262"	"DISTANT LYMPH NODE"	"DISTANT LYMPH NODE, OTHER[GROIN]"	"1736"	"2/2/22"	"422_MSK, ASC_0422_T3_PATHREPORT"	"OA"	"EXTREMITY"	1	1	"422"	"DIAGNOSED"	62.15068493	"OTHER"	""	""	"Leg"	"LYMPH,BONELIMB,ABDOMINAL"	""	""	""	"LYMPH,BONELIMB,ABDOMINAL"	"Left leg and lymph nodes in my groin"	"Lymph nodes in my groin"	""	"NO"	""	"NO"	""	"Multiple chemo therapies, limb profusion in Paris with Dr Bonvolet, Votrient and presently in a trial with Dr. Sandra de‚Äô Angelo at MSK"	"YES"	"Immune therapy drugs"	"YES"	"Ovarian cancer;1988"	"YES"	"Abdominal"	"Dr. Sandra De‚ÄôAngelo"	"I have had lymphedema since 1994.  It took me a long time to get diagnosed with the angiosarcoma and I had what looked like bruises for 1-2 years before I could get anyone to biopsy.  My physical therapist who does Manuel lymph drainage was finally able to convince Dr. David Smith to biopsy me in 2014.  He is a plastic surgeon in NYC who is helping long term lymphedema patients.."	"NO"	"WHITE"	""	""	""	""	""	""	""	""	""	""	""	""	""	""	""	""	"6/22/52"	"True"	62	"BONELIMB"	"RAAS & LAAS"	2	"ASCProject_0422_BLOOD_BC"	62	"Extremities"	62	"Extremities"
"RP-1447_ASCProject_0427_SALIVA_v1_Exome_OnPrem"	"ASCProject_0427_SALIVA"	"Normal"	"ASCProject_0427"	"DNA"	""	"ASCProject_0427_SALIVA"	""	""	NA	""	""	""	""	""	""	"ASCProject_0427"	"Extremities"	"Upper Extremity"	"Shoulder"	"Bone"	"Bone, Lung"	NA	12	"54"	"F"	"EXTREMITY"	"RIGHT SCAPULA"	1	"NO"	0	0	""	""	""	""	""	""	""	"92"	"BONE"	"BONE, LUNG, OTHER[PLEURAL MASS,DIAPHRAGM]"	"1856"	"4/6/23"	"ASC_427_MayoFL.pdf"	"OA"	"EXTREMITY"	0	1	"427"	"DIAGNOSED"	54.32328767	"BONELIMB,OTHER"	""	""	"right scapula"	"LUNG"	""	""	""	"LUNG"	""	""	""	"YES"	"YES"	"YES"	"BEFORE"	"pazopanib Taxol Gemzar/Taxatere"	"YES"	"Keytruda"	"YES"	"Hodgkin's disease nodular sclerosing;1996"	"YES"	"Chest
neck"	"internet"	""	"NO"	"WHITE"	""	""	""	""	""	""	""	""	""	""	""	""	""	""	""	""	"12/18/59"	"True"	54	"BONELIMB"	"RAAS"	4	"ASCProject_0427_SALIVA"	54	"Extremities"	54	"Extremities"
"RP-1447_ASCProject_0428_SALIVA_v1_Exome_OnPrem"	"ASCProject_0428_SALIVA"	"Normal"	"ASCProject_0428"	"DNA"	""	"ASCProject_0428_SALIVA"	""	""	NA	""	""	""	""	""	""	"ASCProject_0428"	"Extremities"	"Lower Extremity"	""	""	""	NA	NA	""	""	""	""	NA	""	NA	NA	""	""	""	""	""	""	""	""	""	""	""	""	""	""	""	NA	NA	"428"	"DIAGNOSED"	48.19452055	"OTHER"	""	""	"Right Sacrum"	"OTHER"	""	""	"Right Sacrum"	"OTHER"	""	""	"Right Sacrum"	"NO"	""	"YES"	""	"6 Rounds of Chemotherapy"	"NO"	""	"NO"	""	"NO"	""	"Another person with a sarcoma"	"Was training for a mountain bike race, was being treated for ‚Äúpiriformis syndrome‚Äù. MRI showed a 2 inch tumor in my right Sacrum."	"YES"	""	""	""	""	""	""	""	""	""	""	""	""	""	""	""	""	""	"11/3/69"	"False"	48.19452055	"OTHER"	""	NA	"ASCProject_0428_SALIVA"	48.19452055	"Extremities"	48.19452055	"Extremities"
"RP-1447_ASCProject_0430_SALIVA_v1_Exome_OnPrem"	"ASCProject_0430_SALIVA"	"Normal"	"ASCProject_0430"	"DNA"	""	"ASCProject_0430_SALIVA"	""	""	NA	""	""	""	""	""	""	"ASCProject_0430"	"Breast (NOS)"	"Breast (NOS)"	""	""	""	NA	NA	""	""	""	""	NA	""	NA	NA	""	""	""	""	""	""	""	""	""	""	""	""	""	""	""	NA	NA	"430"	"DIAGNOSED"	32.06849315	"BREAST"	""	""	""	"BREAST"	""	""	""	"BREAST"	""	""	""	"YES"	"YES"	"YES"	"BEFORE"	"taxol: 6 cycles x 1 week per cycle (6 weeks) gemcitabine/docetaxel: 8 cycles x 2 weeks per cycle (16 weeks) adriamycin: 4 cycles x 3 weeks per cycle (12 weeks)"	"YES"	"Part 1: Chemo/Radiation Concurrent
Full-breast radiation and chemo (6 weeks)
taxol: 6 cycles x 1 week per cycle (6 weeks)
daily radiation concurrent (25 sessions)

Part 2: 
Mastectomy (2 weeks after last chemo)

Part 3: 
Chemo (28 weeks) ‚Äì gem/tax followed by adriamycin
gemcitabine/docetaxel: 8 cycles x 2 weeks per cycle (16 weeks)
adriamycin: 4 cycles x 3 weeks per cycle (12 weeks)"	"NO"	""	"NO"	""	"Corrie Painter"	"I noticed a lump on my right breast while on a run. The breast felt inflamed and sensitive to the touch. I though it was hormonal and related to period cycles. Initial biopsy results in October 2018 came back as a benign fibroadenoma.. Had another biopsy in February 2019 that came back as an angiosarcoma."	"NO"	"CHINESE"	""	""	""	""	""	""	""	""	""	""	""	""	""	""	""	""	"1/15/87"	"False"	32.06849315	"BREAST (NOS)"	""	NA	"ASCProject_0430_SALIVA"	32.06849315	"Breast (NOS)"	32.06849315	"Breast (NOS)"
"RP-1447_ASCProject_0432_SALIVA_v1_Exome_OnPrem"	"ASCProject_0432_SALIVA"	"Normal"	"ASCProject_0432"	"DNA"	""	"ASCProject_0432_SALIVA"	""	""	NA	""	""	""	""	""	""	"ASCProject_0432"	"Extremities"	"Upper Extremity"	""	""	""	NA	NA	""	""	""	""	NA	""	NA	NA	""	""	""	""	""	""	""	""	""	""	""	""	""	""	""	NA	NA	"432"	"DIAGNOSED"	54.71506849	"OTHER"	""	""	"Right back shoulder"	"OTHER"	""	""	""	"NED"	""	""	""	"YES"	"YES"	"NO"	""	""	"NO"	""	"NO"	""	"NO"	""	"I have always wondered what might have caused my angiosarcoma"	""	"NO"	"WHITE"	""	""	""	""	""	""	""	""	""	""	""	""	""	""	""	""	"9/26/52"	"False"	54.71506849	"OTHER"	""	NA	"ASCProject_0432_SALIVA"	54.71506849	"Extremities"	54.71506849	"Extremities"
"RP-1447_ASCProject_0435_SALIVA_v1_Exome_OnPrem"	"ASCProject_0435_SALIVA"	"Normal"	"ASCProject_0435"	"DNA"	""	"ASCProject_0435_SALIVA"	""	""	NA	""	""	""	""	""	""	"ASCProject_0435"	"Breast (NOS)"	"Breast (NOS)"	""	""	""	NA	NA	""	""	""	""	NA	""	NA	NA	""	""	""	""	""	""	""	""	""	""	""	""	""	""	""	NA	NA	"435"	"DIAGNOSED"	59.10136986	"BREAST"	""	""	""	"BREAST"	""	""	""	"NED"	""	""	""	"YES"	"YES"	"NO"	""	""	"NO"	""	"YES"	"Breast;1997|A second angiosarcoma in same breast;2011"	"YES"	"Breast (same one as later angiosarcomas)"	"Cure Magazine"	""	"NO"	"WHITE"	""	""	""	""	""	""	""	""	""	""	""	""	""	""	""	""	"6/9/47"	"False"	59.10136986	"BREAST (NOS)"	""	NA	"ASCProject_0435_SALIVA"	59.10136986	"Breast (NOS)"	59.10136986	"Breast (NOS)"
"RP-1447_ASCProject_P47D8Z_SALIVA_v1_Exome_OnPrem"	"ASCProject_P47D8Z_SALIVA"	"Normal"	"ASCProject_P47D8Z"	"DNA"	""	"ASCProject_P47D8Z_SALIVA"	""	""	NA	""	""	""	""	""	""	"ASCProject_P47D8Z"	"Breast (NOS)"	"Breast (NOS)"	""	""	""	NA	NA	""	""	""	""	NA	""	NA	NA	""	""	""	""	""	""	""	""	""	""	""	""	""	""	""	NA	NA	"P47D8Z"	"DIAGNOSED"	68.94794521	"BREAST"	""	""	""	"BREAST"	""	""	""	"NED"	""	""	""	"YES"	"YES"	"NO"	""	"Lateuvo and doxorubicin two rounds. Then doxorubicin third round"	"YES"	"Round 4 doxorubicin scheduled for june 6"	"YES"	"Mucinous carcinoma of right breast;2011|Squamous cell skin cancer on left foot;2012"	"YES"	"Left breast cancer mammocite radiation "	"Website "	"The variety of opinions on best treatment are so confusing and the lack of Hope from medical professionals leaves you feeling alone and helpless"	"NO"	"WHITE"	""	""	""	""	""	""	""	""	""	""	""	""	""	""	""	""	"12/7/49"	"False"	68.94794521	"BREAST (NOS)"	""	NA	"ASCProject_P47D8Z_SALIVA"	68.94794521	"Breast (NOS)"	68.94794521	"Breast (NOS)"
"RP-1447_ASCProject_P68AP7_SALIVA_v1_Exome_OnPrem"	"ASCProject_P68AP7_SALIVA"	"Normal"	"ASCProject_P68AP7"	"DNA"	""	"ASCProject_P68AP7_SALIVA"	""	""	NA	""	""	""	""	""	""	"ASCProject_P68AP7"	"HNFS"	"HNFS"	""	""	""	NA	NA	""	""	""	""	NA	""	NA	NA	""	""	""	""	""	""	""	""	""	""	""	""	""	""	""	NA	NA	"P68AP7"	"DIAGNOSED"	77	"HEADFACENECK"	""	""	""	"HEADFACENECK"	""	""	""	"HEADFACENECK"	""	""	""	"NO"	""	"NO"	""	"taxol, (under treatment now), propranolol "	"YES"	"propranolol, taxol,radiation"	"YES"	"colon cancer;2000|basal cell face;2001|Bowens disease - cis, scrotum;2012"	"NO"	""	"Facebook"	"I received radiation to my face as a teenager for acne in 1956. Radiation exposure to face performing cystoscopic procedures as a urologist for 38 years."	"NO"	"WHITE"	""	""	""	""	""	""	""	""	""	""	""	""	""	""	""	""	""	"False"	77	"HNFS"	""	NA	"ASCProject_P68AP7_SALIVA"	77	"HNFS"	77	"HNFS"
"RP-1447_ASCProject_P6YLY9_SALIVA_v1_Exome_OnPrem"	"ASCProject_P6YLY9_SALIVA"	"Normal"	"ASCProject_P6YLY9"	"DNA"	""	"ASCProject_P6YLY9_SALIVA"	""	""	NA	""	""	""	""	""	""	"ASCProject_P6YLY9"	"Breast (Parenchymal)"	"Breast (Parenchymal)"	"Breast"	"Lung"	"Lung, Bone"	NA	12	"43"	"F"	"BREAST (PARENCHYMAL)"	"RIGHT BREAST"	0	"NO"	0	0	""	""	""	""	""	""	""	"18"	"LUNG"	"LUNG,BONE"	"39"	"3/27/23"	"ASC_P6YLY9_North Texas, ASC_P6YLY9_medical city"	"BT"	"BREAST (PARENCHYMAL)"	0	1	""	""	NA	""	""	""	""	""	""	""	""	""	""	""	""	""	""	""	""	""	""	""	""	""	""	""	""	""	""	""	""	""	""	""	""	""	""	""	""	""	""	""	""	""	""	""	""	"True"	43	"BREAST (PARENCHYMAL)"	"Non-RAAS/LAAS"	2	"ASCProject_P6YLY9_SALIVA"	43	"Breast (Parenchymal)"	43	"Breast (Parenchymal)"
"RP-1447_ASCProject_P739VX_SALIVA_v1_Exome_OnPrem"	"ASCProject_P739VX_SALIVA"	"Normal"	"ASCProject_P739VX"	"DNA"	""	"ASCProject_P739VX_SALIVA"	""	""	NA	""	""	""	""	""	""	"ASCProject_P739VX"	"Extremities"	"Upper Extremity"	""	""	""	NA	NA	""	""	""	""	NA	""	NA	NA	""	""	""	""	""	""	""	""	""	""	""	""	""	""	""	NA	NA	"P739VX"	"DIAGNOSED"	67	"OTHER"	""	""	"Rash like tissue on right side of upper right arm"	"BONELIMB"	"Left hip and T-11 vertebrae "	""	""	"DK"	""	""	""	"YES"	"YES"	"YES"	"BOTH"	"GemTax Votrient (pazanopib)"	"YES"	"Votrient"	"NO"	""	"NO"	""	"My Oncologist at Moffitt Cancer Center"	""	"NO"	"WHITE"	""	""	""	""	""	""	""	""	""	""	""	""	""	""	""	""	""	"False"	67	"OTHER"	""	NA	"ASCProject_P739VX_SALIVA"	67	"Extremities"	67	"Extremities"
"RP-1447_ASCProject_P8B8WN_SALIVA_v1_Exome_OnPrem"	"ASCProject_P8B8WN_SALIVA"	"Normal"	"ASCProject_P8B8WN"	"DNA"	""	"ASCProject_P8B8WN_SALIVA"	""	""	NA	""	""	""	""	""	""	"ASCProject_P8B8WN"	"Breast (Cutaneous)"	"Breast (Cutaneous)"	"Breast"	"No Mets"	"No Mets"	NA	9	"56"	"F"	"BREAST (CUTANEOUS)"	"LEFT BREAST"	1	"NO"	1	1	"LEFT CHEST WALL SKIN"	"2429"	""	""	""	""	""	""	"NO METS"	"NO METS"	"2450"	"1/18/22"	"ASC_P8B8WN_vanderbilt.pdf, ASC_P8B8WN_T2_PathReport.pdf, ASC_P8B8WN_Dermatology.pdf"	"DS"	"BREAST (CUTANEOUS)"	0	0	"P8B8WN"	"DIAGNOSED"	56	"BREAST"	""	""	""	"BREAST"	""	""	""	"BREAST"	""	""	""	"YES"	"NO"	"NO"	""	"None (only surgery)"	"YES"	"Upcoming chemo and surgery "	"YES"	"Breast ;"	"YES"	"Breast"	"Oncologist "	""	"NO"	"WHITE"	""	""	""	""	""	""	""	""	""	""	""	""	""	""	""	""	""	"True"	56	"BREAST (CUTANEOUS)"	"RAAS"	0	"ASCProject_P8B8WN_SALIVA"	56	"Breast (Cutaneous)"	56	"Breast (Cutaneous)"
"RP-1447_ASCProject_PAMWDK_BLOOD_BC_v1_Exome_OnPrem"	"ASCProject_PAMWDK_BLOOD_BC"	"Normal"	"ASCProject_PAMWDK"	"DNA"	""	"ASCProject_PAMWDK_BLOOD_BC"	""	""	NA	""	""	""	""	""	""	"ASCProject_PAMWDK"	"Breast (Cutaneous)"	"Breast (Cutaneous)"	"Breast Skin"	"No Mets"	"No Mets"	NA	9	"72"	"F"	"BREAST (CUTANEOUS)"	"LEFT BREAST SKIN"	1	"NO"	1	0	""	""	""	""	""	""	""	""	"NO METS"	"NO METS"	"61"	"1/24/22"	"ASC_PAMWDK_CCNW, ASC_PAMWDK_ColumbiaSurgical, ASC_PAMDWK_PathReport, ASC_PAMWDK_T1_PathReport"	"IS"	"BREAST (CUTANEOUS)"	0	0	"PAMWDK"	"DIAGNOSED"	72.22191781	"BREAST"	""	""	""	"BREAST"	""	""	""	"DK"	""	""	""	"YES"	"YES"	"DK"	""	""	"YES"	""	"YES"	"Invasive Ductile and Lopular - ;2003"	"YES"	"Left breast.  Had reconstruction immediately following mastectomy.  A second cancer was discovered by the pathologist.  They couldn't go back in to remove more tissue so I went through 28 radiation sessions"	"Through facebook"	"Was misdiagnosed by a dermatalogist.  Did do a biopsy but it was inconclusive.  He kept said it was inflamanation of the skin and that it was getting better."	"NO"	"WHITE"	""	""	""	""	""	""	""	""	""	""	""	""	""	""	""	""	"1/28/47"	"True"	72	"BREAST (CUTANEOUS)"	"RAAS"	0	"ASCProject_PAMWDK_BLOOD_BC"	72	"Breast (Cutaneous)"	72	"Breast (Cutaneous)"
"RP-1447_ASCProject_PBHQJN_SALIVA_v1_Exome_OnPrem"	"ASCProject_PBHQJN_SALIVA"	"Normal"	"ASCProject_PBHQJN"	"DNA"	""	"ASCProject_PBHQJN_SALIVA"	""	""	NA	""	""	""	""	""	""	"ASCProject_PBHQJN"	"Breast (NOS)"	"Breast (NOS)"	""	""	""	NA	NA	""	""	""	""	NA	""	NA	NA	""	""	""	""	""	""	""	""	""	""	""	""	""	""	""	NA	NA	"PBHQJN"	"DIAGNOSED"	58	"BREAST"	""	""	""	"BREAST"	""	""	""	"NED"	""	""	""	"YES"	"YES"	"YES"	"AFTER"	""	"YES"	"Lymphedema therapy scanning of chest wall every 6 months for 2 years"	"NO"	""	"NO"	""	"Moffitt"	""	"NO"	"WHITE"	""	""	""	""	""	""	""	""	""	""	""	""	""	""	""	""	""	"False"	58	"BREAST (NOS)"	""	NA	"ASCProject_PBHQJN_SALIVA"	58	"Breast (NOS)"	58	"Breast (NOS)"
"RP-1447_ASCProject_PBPCT2_SALIVA_v1_Exome_OnPrem"	"ASCProject_PBPCT2_SALIVA"	"Normal"	"ASCProject_PBPCT2"	"DNA"	""	"ASCProject_PBPCT2_SALIVA"	""	""	NA	""	""	""	""	""	""	"ASCProject_PBPCT2"	"Other Visceral Organs"	"Lung"	""	""	""	NA	NA	""	""	""	""	NA	""	NA	NA	""	""	""	""	""	""	""	""	""	""	""	""	""	""	""	NA	NA	"PBPCT2"	"DIAGNOSED"	49	"LUNG"	""	""	""	"HEART,LUNG"	""	""	""	"LUNG"	""	""	""	"NO"	""	"NO"	""	""	"YES"	""	"NO"	""	"NO"	""	"Facebook angiosarcoma page"	"Ive never smoked but grew up in a house with a chain smoker. Who eventually died of angiosarcoma at 59. "	"NO"	"WHITE"	""	""	""	""	""	""	""	""	""	""	""	""	""	""	""	""	""	"False"	49	"LUNG"	""	NA	"ASCProject_PBPCT2_SALIVA"	49	"Other Visceral Organs"	49	"Other Visceral Organs"
"RP-1447_ASCProject_PE46M9_SALIVA_v1_Exome_OnPrem"	"ASCProject_PE46M9_SALIVA"	"Normal"	"ASCProject_PE46M9"	"DNA"	""	"ASCProject_PE46M9_SALIVA"	""	""	NA	""	""	""	""	""	""	"ASCProject_PE46M9"	"HNFS"	"HNFS"	""	""	""	NA	NA	""	""	""	""	NA	""	NA	NA	""	""	""	""	""	""	""	""	""	""	""	""	""	""	""	NA	NA	"PE46M9"	"DIAGNOSED"	83	"HEADFACENECK"	""	""	""	"HEADFACENECK"	""	""	""	"NED"	""	""	""	"YES"	"NO"	"YES"	"AFTER"	""	"NO"	""	"YES"	"Basil cell carcinoma;2019|Squamous cell carcinoma;2016"	"NO"	""	"Internet search followed by confirmation by medical oncologist"	"At age 83, have been and remain in good health except for angiosarcoma. No family history of cancer."	"NO"	"WHITE"	""	""	""	""	""	""	""	""	""	""	""	""	""	""	""	""	""	"False"	83	"HNFS"	""	NA	"ASCProject_PE46M9_SALIVA"	83	"HNFS"	83	"HNFS"
"RP-1447_ASCProject_PJT8MW_SALIVA_v1_Exome_OnPrem"	"ASCProject_PJT8MW_SALIVA"	"Normal"	"ASCProject_PJT8MW"	"DNA"	""	"ASCProject_PJT8MW_SALIVA"	""	""	NA	""	""	""	""	""	""	"ASCProject_PJT8MW"	"Extremities"	"Lower Extremity"	""	""	""	NA	NA	""	""	""	""	NA	""	NA	NA	""	""	""	""	""	""	""	""	""	""	""	""	""	""	""	NA	NA	"PJT8MW"	"DIAGNOSED"	73	"BONELIMB"	"The calf of my left leg "	""	""	"LYMPH,BONELIMB"	"Between inside upper left thigh and groin area, and 2 lymph nodes "	""	""	"LYMPH,BONELIMB"	"Between upper left thigh and groin area and 2 lymph nodes."	""	""	"YES"	"YES"	"NO"	""	"None  "	"NO"	""	"YES"	"Uterus;1999"	"NO"	""	"Dr. Davis, OHSU Knight Cancer Center Oncology/Hemotology Department.  Portland, Oregon "	"The agiosarcoma appeared as a broken blood vessel, because of this it went undiagnosed for a couple of months.  It was not until the lesions broke the skin open that I was referred to a dermotologist.  I was lucky in that he recognized the angiosarcoma and a biopsy was done at Providence , Portland.OR.  I was then referred to Knight Cancer Center, Portland, OR.   My left leg was amputated above the knee in order to get clean margins.  My left lower leg is in storage at OHSU Knight Cancer Center.  Surgeon Dr. Yee-Chen Doung OHSU. Portland, OR.  I made it one year before I found the 2nd lump between my uppper thigh and the groin area.  I have been told that it has involved 2 lymph nodes, and that it is untreatable.  I am interested in any and all research projects.  It is too late for me but maybe it can help someone else.  "	"NO"	"WHITE"	""	""	""	""	""	""	""	""	""	""	""	""	""	""	""	""	""	"False"	73	"BONELIMB"	""	NA	"ASCProject_PJT8MW_SALIVA"	73	"Extremities"	73	"Extremities"
"RP-1447_ASCProject_PKYCDL_SALIVA_v1_Exome_OnPrem"	"ASCProject_PKYCDL_SALIVA"	"Normal"	"ASCProject_PKYCDL"	"DNA"	""	"ASCProject_PKYCDL_SALIVA"	""	""	NA	""	""	""	""	""	""	"ASCProject_PKYCDL"	"HNFS"	"HNFS"	""	""	""	NA	NA	""	""	""	""	NA	""	NA	NA	""	""	""	""	""	""	""	""	""	""	""	""	""	""	""	NA	NA	"PKYCDL"	"DIAGNOSED"	64	"HEADFACENECK,SCALP"	""	""	""	"HEADFACENECK,SCALP"	""	""	""	"NED"	""	""	""	"NO"	""	"YES"	""	"Paclitaxel"	"NO"	""	"NO"	""	"NO"	""	"Dr. Elizabeth Davis, Vanderbilt-Ingram Cancer Center"	"I looked at my situation as an adventure because I had never experienced a cancer diagnosis, not to mention the treatment required to rid me of the disease, so I journaled the entire experience.  I would be happy to forward a word document or print a copy and send it via U.S. postal service."	"NO"	"WHITE"	""	""	""	""	""	""	""	""	""	""	""	""	""	""	""	""	""	"False"	64	""	""	NA	"ASCProject_PKYCDL_SALIVA"	64	"HNFS"	64	"HNFS"
"RP-1447_ASCProject_PN38F9_SALIVA_v1_Exome_OnPrem"	"ASCProject_PN38F9_SALIVA"	"Normal"	"ASCProject_PN38F9"	"DNA"	""	"ASCProject_PN38F9_SALIVA"	""	""	NA	""	""	""	""	""	""	"ASCProject_PN38F9"	"Breast (Cutaneous)"	"Breast (Cutaneous)"	"Breast"	"No Mets"	"No Mets"	NA	9	"71"	"F"	"BREAST (CUTANEOUS)"	"LEFT BREAST"	1	"NO"	1	1	"LEFT CHEST WALL"	"318"	""	""	""	""	""	""	"NO METS"	"NO METS"	"366"	"1/27/22"	"ASC_PN38F9_MARINGENERALHOSPITAL_PATHREPORT, ASC_PN38F9_PATHREPORT1, ASC_PN38F9_PATHREPORT2, ASC_PN38F9_SUTTERHEALTH_FULL"	"OA"	"BREAST (CUTANEOUS)"	0	0	"PN38F9"	"DIAGNOSED"	71	"BREAST"	""	""	""	"BREAST"	""	""	""	"BREAST"	""	""	""	"YES"	"YES"	"NO"	""	"Gemzar, Taxotere, Taxol"	"YES"	"Taxol"	"YES"	"Breast;2010"	"YES"	"Breast"	"Facebook group"	""	"NO"	"WHITE"	""	""	""	""	""	""	""	""	""	""	""	""	""	""	""	""	""	"True"	71	"BREAST (CUTANEOUS)"	"RAAS"	0	"ASCProject_PN38F9_SALIVA"	71	"Breast (Cutaneous)"	71	"Breast (Cutaneous)"
"RP-1447_ASCProject_PQHM2E_SALIVA_v1_Exome_OnPrem"	"ASCProject_PQHM2E_SALIVA"	"Normal"	"ASCProject_PQHM2E"	"DNA"	""	"ASCProject_PQHM2E_SALIVA"	""	""	NA	""	""	""	""	""	""	"ASCProject_PQHM2E"	"Breast (NOS)"	"Breast (NOS)"	""	""	""	NA	NA	""	""	""	""	NA	""	NA	NA	""	""	""	""	""	""	""	""	""	""	""	""	""	""	""	NA	NA	"PQHM2E"	"DIAGNOSED"	36	"BREAST"	""	""	""	"BREAST"	""	""	""	"NED"	""	""	""	"YES"	"YES"	"NO"	""	""	"NO"	""	"NO"	""	"NO"	""	"My oncologist, Dr. Vicki Keedy. "	"I opted out of reconstruction and had my other breast removed 8 months post mastectomy to remove the angiosarcoma due to needing balance. I share my journey on social media to bring light to this rare disease. "	"NO"	"WHITE"	""	""	""	""	""	""	""	""	""	""	""	""	""	""	""	""	""	"False"	36	"BREAST (NOS)"	""	NA	"ASCProject_PQHM2E_SALIVA"	36	"Breast (NOS)"	36	"Breast (NOS)"
"RP-1447_ASCProject_PTLPDP_SALIVA_v1_Exome_OnPrem"	"ASCProject_PTLPDP_SALIVA"	"Normal"	"ASCProject_PTLPDP"	"DNA"	""	"ASCProject_PTLPDP_SALIVA"	""	""	NA	""	""	""	""	""	""	"ASCProject_PTLPDP"	"HNFS"	"HNFS"	""	""	""	NA	NA	""	""	""	""	NA	""	NA	NA	""	""	""	""	""	""	""	""	""	""	""	""	""	""	""	NA	NA	"PTLPDP"	"DIAGNOSED"	68	"HEADFACENECK"	""	""	""	"SCALP,LUNG,LYMPH"	""	""	""	"LUNG,LYMPH"	""	""	""	"YES"	"YES"	"NO"	""	"Tecentriq "	"YES"	"Chemotherapeutic "	"YES"	"Basil cell carcinoma ;2005"	"NO"	""	"Dr. Brian Van Tine at Barnes-Jewish Center"	"I feel that if I had gone to Van-Tine at the first.i would not be dealing with it in my lungs and neck. Would have had chemo at first before surgery. This might have helped in it not spreading."	"NO"	"AMERICAN_INDIAN"	""	""	""	""	""	""	""	""	""	""	""	""	""	""	""	""	""	"False"	68	"HNFS"	""	NA	"ASCProject_PTLPDP_SALIVA"	68	"HNFS"	68	"HNFS"
"RP-1447_ASCProject_PY6FJH_SALIVA_v1_Exome_OnPrem"	"ASCProject_PY6FJH_SALIVA"	"Normal"	"ASCProject_PY6FJH"	"DNA"	""	"ASCProject_PY6FJH_SALIVA"	""	""	NA	""	""	""	""	""	""	"ASCProject_PY6FJH"	"HNFS"	"HNFS"	""	""	""	NA	NA	""	""	""	""	NA	""	NA	NA	""	""	""	""	""	""	""	""	""	""	""	""	""	""	""	NA	NA	"PY6FJH"	"DIAGNOSED"	63.15616438	"SCALP"	""	""	""	"SCALP"	""	""	""	"NED"	""	""	""	"YES"	"YES"	"YES"	"BEFORE"	"Chemotherapy Taxol"	"NO"	""	"NO"	""	"NO"	""	"Dr Brian VanTine"	"I was treated for scalp folliculitis before angiosarcoma"	"NO"	"WHITE"	""	""	""	""	""	""	""	""	""	""	""	""	""	""	""	""	"11/21/53"	"False"	63.15616438	"HNFS"	""	NA	"ASCProject_PY6FJH_SALIVA"	63.15616438	"HNFS"	63.15616438	"HNFS"
"RP-1447_ASCProject_PYMFBV_SALIVA_v1_Exome_OnPrem"	"ASCProject_PYMFBV_SALIVA"	"Normal"	"ASCProject_PYMFBV"	"DNA"	""	"ASCProject_PYMFBV_SALIVA"	""	""	NA	""	""	""	""	""	""	"ASCProject_PYMFBV"	"Extremities"	"Upper Extremity"	"Arm"	"Lung"	"Lung"	NA	9	"60"	"M"	"EXTREMITY"	"LEFT UPPER EXTREMITY AV FISTULA "	0	"NO"	0	0	""	""	""	""	""	""	""	"42"	"LUNG"	"LUNG"	"50"	"1/28/22"	"ASC_PYMFBV_UCLA_Full, ASC_PYMFBV_PathReport"	"BT"	"EXTREMITY"	0	1	"PYMFBV"	"DIAGNOSED"	60	"OTHER"	""	""	"diaylisis fistula tumor in left arm"	""	""	""	""	"DK"	""	""	""	"NO"	""	"NO"	""	""	"NO"	""	"NO"	""	"NO"	""	"online"	""	"NO"	"WHITE"	""	""	""	""	""	""	""	""	""	""	""	""	""	""	""	""	""	"True"	60	"BONELIMB"	"Non-RAAS/LAAS"	1	"ASCProject_PYMFBV_SALIVA"	60	"Extremities"	60	"Extremities"
"RP-1447_ASCProject_PYYKC9_SALIVA_v1_Exome_OnPrem"	"ASCProject_PYYKC9_SALIVA"	"Normal"	"ASCProject_PYYKC9"	"DNA"	""	"ASCProject_PYYKC9_SALIVA"	""	""	NA	""	""	""	""	""	""	"ASCProject_PYYKC9"	"Heart"	"Heart"	""	""	""	NA	NA	""	""	""	""	NA	""	NA	NA	""	""	""	""	""	""	""	""	""	""	""	""	""	""	""	NA	NA	"PYYKC9"	"DIAGNOSED"	42	"HEART"	""	""	""	"HEART"	""	""	""	"HEART"	""	""	""	"NO"	""	"NO"	""	"Doxyrubocin and ifosfomide"	"YES"	"Same a s above"	"NO"	""	"NO"	""	"Facebook"	""	"NO"	"OTHER"	"Filipino "	""	""	""	""	""	""	""	""	""	""	""	""	""	""	""	""	"False"	42	"HEART"	""	NA	"ASCProject_PYYKC9_SALIVA"	42	"Heart"	42	"Heart"
"RP-1447_ASCProject_PZCXCF_SALIVA_v1_Exome_OnPrem"	"ASCProject_PZCXCF_SALIVA"	"Normal"	"ASCProject_PZCXCF"	"DNA"	""	"ASCProject_PZCXCF_SALIVA"	""	""	NA	""	""	""	""	""	""	"ASCProject_PZCXCF"	"Hepatobiliary"	"Spleen"	"Spleen"	"Liver"	"Liver, Bone"	NA	9	"59"	"M"	"SPLEEN"	"SPLEEN"	0	"NO"	0	0	""	""	""	""	""	""	""	"0"	"LIVER"	"LIVER, BONE"	"49"	"1/28/22"	"ASC_PZCXCF_CancerCenterofKansas_Partial, ASC_PZCXCF_Christi_Op note, ASC_PZCXCF_Christi_Path_1, ASC_PZCXCF_Christi_Path_2, ASC_PZCXCF_PathReport"	"BT"	"SPLEEN"	0	1	"PZCXCF"	"DIAGNOSED"	59	"LIVER,SPLEEN"	""	""	""	"LIVER,SPLEEN"	""	""	""	"LIVER,SPLEEN"	""	""	""	"YES"	"YES"	"NO"	""	"Just diagnosed, have not started treatments yet"	"NO"	""	"NO"	""	"NO"	""	"Angiosarcoma Facebook Group"	"I have had issues with my platelets being low for about 4 years.  There was a mass in my spleen but the oncologist said almost no one gets cancer in their spleen. So, hematologist monitored it and since the mass did not change and blood work did not get worse, he said to return if platelets got down to 60,000.  I became anemic last September and platelets were 90,000. So when we did repeat bloodwork in February platelets were down to 78,000 so we decided to return to hematologist/now oncologist and he did a PET scan and bone marrow biopsy which showed little concern because the highest metabolic number was a 7. Doctor decided to refer to surgeon in May. Surgeon said we don't leave spleens in you when they have a hard mass, so scheduled surgery for August 7, 2019.  When spleen was removed Wichita hospital pathologists believed it was just a hemangioma, but sent samples to Mayo clinic where it was diagnosed an angiosarcoma with metastasizing lesions to the edge of my liver.  I was referred to Mayo and am now waiting for an appointment to be scheduled.  The lesions on my liver are numerous but are only evident on the edge of my liver. PET scan in may only showed a small area on the top of my spleen that had a metabolic growth number of 6 & 7.  It did show also a #6 on my neck which they believed could be arthritis.  I have had pain in my neck and in my lower back for years so we are hoping it is arthritis.  Oncologist believes that my particular angiosarcoma has grown slower than most and that removing the spleen removed 95% of the active tumor at least. The liver lesions were noted on the pathology report to be similar in structure to the spleen tissue so then they noted it was considered metastasizing lesions.   I am a veterinarian, so have been exposed to radiation when taking x-rays, but I have been good about wearing protective apron and gloves."	"NO"	"WHITE"	""	""	""	""	""	""	""	""	""	""	""	""	""	""	""	""	""	"True"	59	"SPLEEN"	"Non-RAAS/LAAS"	2	"ASCProject_PZCXCF_SALIVA"	59	"Hepatobiliary"	59	"Hepatobiliary"
"G136942_ASCProject_0005_T1_v1_RNA_OnPrem"	"ASCProject_0005_T1"	"Tumor"	"ASCProject_0005"	"RNA"	"T1"	"ASCProject_0005_T1"	"LCSET-12154"	"LCSET-12154"	NA	""	""	""	""	""	""	"ASCProject_0005"	"Breast (Parenchymal)"	"Breast (Parenchymal)"	"Breast"	"Trunk"	"Trunk, Distant Lymph Node, Lung"	NA	5	"31"	"F"	"BREAST (PARENCHYMAL)"	"LEFT BREAST"	0	"NO"	0	0	""	""	""	""	""	""	""	"3615"	"TRUNK "	"TRUNK, OTHER (RIGHT BREAST), EXTREMITY, BONE"	"4374"	"11/7/18"	"5_1, 5_2, 5_3, 5_4, 5_5, 5_6, 5_7, 5_8, 5_9, 5_10, 5_11, ASC_0005_GHS+MDAnderson_PathReport, ASC_5 T1 Pathology"	"BT"	"BREAST (PARENCHYMAL)"	0	1	"5"	"DIAGNOSED"	31.0739726	"BREAST"	""	""	""	"BREAST,OTHER"	""	""	"Lower right flank"	"BREAST,OTHER"	""	""	"Right posterior shoulder"	"YES"	"YES"	"YES"	"BEFORE"	"Gem/tax, AIM, taxol,"	"YES"	"tremelimumab/durvalumab clinical trial immunotherapy"	"NO"	""	"NO"	""	"Facebook"	"glad to have lived long enough to help others with it, I'm the only one I know within a 2 hr drive with AS & glad for FB"	"NO"	"WHITE"	""	"BREAST"	""	"NO"	""	""	"YES"	"BREAST,OTHER"	""	"lower right flank (back) nad toher breast (right)"	"NO"	"chemo, radiation, and surgery"	"clinical trial -dualimmunotherapy"	"NO"	"YES"	"FB...local sarcoma warriors get together yearly and online to raise patient support funds"	"6/12/74"	"True"	31	"BREAST (PARENCHYMAL)"	"Non-RAAS/LAAS"	4	"ASCProject_0005_T1"	31	"Breast (Parenchymal)"	31	"Breast (Parenchymal)"
"G136942_ASCProject_0007_T1_v1_RNA_OnPrem"	"ASCProject_0007_T1"	"Tumor"	"ASCProject_0007"	"RNA"	"T1"	"ASCProject_0007_T1"	"LCSET-12154"	"LCSET-12154"	181	"BLADDER WALL"	"RESECTION"	"YES"	"YES"	"YES"	"HIGH"	"ASCProject_0007"	"Other Visceral Organs"	"Urinary"	"Bladder"	"No Mets"	"No Mets"	NA	5	"41"	"M"	"VISCERAL ORGAN"	"BLADDER"	0	"NO"	0	1	"VISCERAL ORGAN"	"552"	""	""	""	""	""	""	"NO METS"	"NO METS"	"582"	"7/8/21"	"7_1, 7_2, 7_3, 7_4, ASC_7_T1_Path_manual, ASC_7_T2_Path_manual"	"IS"	"VISCERAL ORGAN"	0	0	"7"	"DIAGNOSED"	41.86849315	"OTHER"	""	""	"Bladder"	"LIVER,SPLEEN,LUNG,LYMPH,BONELIMB,ABDOMINAL"	"Femur / pelvis"	"Large intestine , small intestine , sigmoid colon"	""	"LIVER,SPLEEN,LUNG,LYMPH,BONELIMB,ABDOMINAL"	"Femur / pelvis"	"Intestines"	""	"YES"	"YES"	"YES"	"AFTER"	"Aim , gem tax , trc 105 , taxol"	"NO"	""	"YES"	"thyroid cancer;2015"	"YES"	"Thyroid"	"Internet"	"I have the kdr mutation i have never gone more then 4 months NED . I have gone to several different angiosarcoma specialists and hospitals for different treatments and all have been ineffective ."	"NO"	"BLACK"	""	"OTHER"	"bladder"	"NO"	""	""	"NO"	""	""	""	"YES"	"Chemotherapy treatment aim"	"Dixotaxle"	"YES"	"YES"	"Nothing"	"6/28/73"	"True"	41	"VISCERAL ORGAN"	"Non-RAAS/LAAS"	0	"ASCProject_0007_T1"	41	"Other Visceral Organs"	41	"Other Visceral Organs"
"G136942_ASCProject_0007_T2_v1_RNA_OnPrem"	"ASCProject_0007_T2"	"Tumor"	"ASCProject_0007"	"RNA"	"T2"	"ASCProject_0007_T2"	"LCSET-12154"	"LCSET-12154"	5080	"BLADDER WALL"	""	""	""	""	""	"ASCProject_0007"	"Other Visceral Organs"	"Urinary"	"Bladder"	"No Mets"	"No Mets"	NA	5	"41"	"M"	"VISCERAL ORGAN"	"BLADDER"	0	"NO"	0	1	"VISCERAL ORGAN"	"552"	""	""	""	""	""	""	"NO METS"	"NO METS"	"582"	"7/8/21"	"7_1, 7_2, 7_3, 7_4, ASC_7_T1_Path_manual, ASC_7_T2_Path_manual"	"IS"	"VISCERAL ORGAN"	0	0	"7"	"DIAGNOSED"	41.86849315	"OTHER"	""	""	"Bladder"	"LIVER,SPLEEN,LUNG,LYMPH,BONELIMB,ABDOMINAL"	"Femur / pelvis"	"Large intestine , small intestine , sigmoid colon"	""	"LIVER,SPLEEN,LUNG,LYMPH,BONELIMB,ABDOMINAL"	"Femur / pelvis"	"Intestines"	""	"YES"	"YES"	"YES"	"AFTER"	"Aim , gem tax , trc 105 , taxol"	"NO"	""	"YES"	"thyroid cancer;2015"	"YES"	"Thyroid"	"Internet"	"I have the kdr mutation i have never gone more then 4 months NED . I have gone to several different angiosarcoma specialists and hospitals for different treatments and all have been ineffective ."	"NO"	"BLACK"	""	"OTHER"	"bladder"	"NO"	""	""	"NO"	""	""	""	"YES"	"Chemotherapy treatment aim"	"Dixotaxle"	"YES"	"YES"	"Nothing"	"6/28/73"	"True"	41	"VISCERAL ORGAN"	"Non-RAAS/LAAS"	0	"ASCProject_0007_T2"	41	"Other Visceral Organs"	41	"Other Visceral Organs"
"G136942_ASCProject_0026_T1_v1_RNA_OnPrem"	"ASCProject_0026_T1"	"Tumor"	"ASCProject_0026"	"RNA"	"T1"	"ASCProject_0026_T1"	"LCSET-12154"	"LCSET-12154"	27	"BREAST"	"MASTECTOMY"	"YES"	"NO"	"NO"	"LOW"	"ASCProject_0026"	"Breast (Parenchymal)"	"Breast (Parenchymal)"	"Breast"	"Liver"	"Liver"	NA	5	"56"	"F"	"BREAST (PARENCHYMAL)"	"RIGHT BREAST"	0	"NO"	0	0	""	""	""	""	""	""	""	"1248"	"LIVER"	"LIVER"	"1679"	"7/12/21"	"26_FCS_OCR.pdf, ASC_26_BHB_OCR.pdf, ASC_26_MDA_OCR.pdf, ASC_26_TBBCS_OCR.pdf, ASC_26_T1_Path manual OCR, 26_MSKCC_1.pdf, 26_MSKCC_2.pdf"	"DS"	"BREAST (PARENCHYMAL)"	0	1	"26"	"DIAGNOSED"	56.51506849	"BREAST"	""	""	""	"BREAST,LIVER"	""	""	""	"LIVER"	""	""	""	"YES"	"YES"	"NO"	""	"Taxol. Currently on Lartruvo & Adriamycin"	"YES"	"Lartruvo & Adriamycin"	"NO"	""	"NO"	""	"Facebook AngioSarcomaCancer group page."	"My primary breast tumor was 2.5cm.  After consulting with her team, my Sarcoma specialist advised against chemo.  I was NED for 3 years 5 months when it recurred in the left lobe of my Liver.  I began Taxol in September of 2016 & after 17 treatments the lesion had shrunk but other \"suspicious\" sub centimeter nodules were noticeable in my lung & abdomen.  I began Lartruvo & Adriamycin in January of this year.  Interestingly, the Liver lesion presented as  if it were gastritis & was quite painful."	"NO"	"WHITE"	""	""	""	""	""	""	""	""	""	""	""	""	""	""	""	""	"10/9/56"	"True"	56	"BREAST (PARENCHYMAL)"	"Non-RAAS/LAAS"	1	"ASCProject_0026_T1"	56	"Breast (Parenchymal)"	56	"Breast (Parenchymal)"
"G136942_ASCProject_0042_T1_v1_RNA_OnPrem"	"ASCProject_0042_T1"	"Tumor"	"ASCProject_0042"	"RNA"	"T1"	"ASCProject_0042_T1"	"LCSET-12154"	"LCSET-12154"	NA	""	""	""	""	""	""	"ASCProject_0042"	"HNFS"	"HNFS"	"Scalp"	"No Mets"	"No Mets"	NA	10	"83"	"F"	"HNFS"	"LEFT SCALP"	0	"NO"	1	0	""	""	""	""	""	""	""	""	"NO METS"	"NO METS"	"355"	"2/16/22"	"ASC_42_MichiganMediine_Path, ASC_42_path, ASC_42_T1_Path"	"IS"	"HNFS"	0	0	"42"	"DIAGNOSED"	83.2630137	"SCALP"	""	""	""	"HEADFACENECK,SCALP"	""	""	""	"NED"	""	""	""	"NO"	""	"YES"	""	"None"	""	""	"NO"	""	"NO"	""	"On Facebook"	""	"NO"	"WHITE"	""	""	""	""	""	""	""	""	""	""	""	""	""	""	""	""	"11/17/32"	"True"	83	"HNFS"	"Non-RAAS/LAAS"	0	"ASCProject_0042_T1"	83	"HNFS"	83	"HNFS"
"G136942_ASCProject_0055_T1_v1_RNA_OnPrem"	"ASCProject_0055_T1"	"Tumor"	"ASCProject_0055"	"RNA"	"T1"	"ASCProject_0055_T1"	"LCSET-12154"	"LCSET-12154"	18	"BREAST"	"MASTECTOMY"	"YES"	"YES"	"NO"	"HIGH"	"ASCProject_0055"	"Breast (Parenchymal)"	"Breast (Parenchymal)"	"Breast"	"Lung, Liver"	"Lung, Liver, Brain, Mediastinum"	NA	5	"37"	"F"	"BREAST (PARENCHYMAL)"	"LEFT BREAST"	0	"NO"	0	1	"TRUNK, REGIONAL LYMPH NODE"	"482"	"517"	""	""	""	""	"685"	"LUNG, LIVER"	"LUNG, LIVER, BRAIN, OTHER (SOFT TISSUE), OTHER (MEDIASTINUM)"	"1532"	"7/9/21"	"ASC_55_MSKCC_1of3, ASC_55_MSKCC_2of3, ASC_55_MSKCC_3of3, 55_MDA_1, 55_MDA_2, 55_MDA_3, ASC_55_MdAnderson, ASC_55_SloanKettering_1pgFollowup, ASC_55_T1_Path"	"SS"	"BREAST (PARENCHYMAL)"	0	1	"55"	"DIAGNOSED"	37.85479452	"BREAST"	""	""	""	"BREAST,LIVER,LUNG,BRAIN"	""	""	""	"LIVER,LUNG"	""	""	""	"YES"	"YES"	"YES"	"AFTER"	"Gemcitabane Docetaxol Adriamycin Ifosfamide Taxol Lartruvo Opdivo"	"YES"	"Gemcitabane
Docetaxol"	"NO"	""	"NO"	""	"Facebook"	""	"NO"	"WHITE"	""	""	""	""	""	""	""	""	""	""	""	""	""	""	""	""	"11/3/75"	"True"	37	"BREAST (PARENCHYMAL)"	"Non-RAAS/LAAS"	5	"ASCProject_0055_T1"	37	"Breast (Parenchymal)"	37	"Breast (Parenchymal)"
"G136942_ASCProject_0067_T1_v1_RNA_OnPrem"	"ASCProject_0067_T1"	"Tumor"	"ASCProject_0067"	"RNA"	"T1"	"ASCProject_0067_T1"	"LCSET-12154"	"LCSET-12154"	0	"BONELIMB"	""	""	""	""	""	"ASCProject_0067"	"Extremities"	"Lower Extremity"	"Thigh"	"No Mets"	"No Mets"	NA	1	"40"	"F"	"EXTREMITY"	"LEFT POSTERIOR THIGH"	0	"NO"	0	0	""	""	""	""	""	""	""	""	"NO METS"	"NO METS"	"1425"	"6/21/21"	"67 Medical Record, 67_MGH_!, 67_MGH_2, ASC_67_T1_Path"	"LS"	"EXTREMITY"	0	0	"67"	"DIAGNOSED"	40.22465753	"OTHER"	""	""	"Left thigh"	"OTHER"	""	""	"Left thigh"	"NED"	""	""	""	"YES"	"YES"	"YES"	"BOTH"	"Taxol"	"NO"	""	"NO"	""	"NO"	""	"I'm a member of our Facebook group."	"My angiosarcoma began as a hemangioma. The hemangioma was normal, I guess, for years, maybe the size of a large gumball, normal skin color. When it turned purple, it began to grow in size, the growth was rapid. I saw several doctors because they didn't know what it was, but they could tell it was growing and bloody. My tumor was removed in 2 stages. In the 1st surgery, nobody knew what it was, & margins weren't clear. The biopsy showed it was AS.  After chemo & rad. I had a 2nd cleanup surgery."	"NO"	"WHITE"	""	""	""	""	""	""	""	""	""	""	""	""	""	""	""	""	"7/21/73"	"True"	40	"BONELIMB"	"Non-RAAS/LAAS"	0	"ASCProject_0067_T1"	40	"Extremities"	40	"Extremities"
"G136942_ASCProject_0098_T1_v1_RNA_OnPrem"	"ASCProject_0098_T1"	"Tumor"	"ASCProject_0098"	"RNA"	"T1"	"ASCProject_0098_T1"	"LCSET-12154"	"LCSET-12154"	0	"HEADFACENECKSCALP"	"EXCISION"	"YES (FOCAL)"	"YES"	"NO"	"HIGH"	"ASCProject_0098"	"HNFS"	"HNFS"	"Face"	"Lung"	"Lung, Distant Lymph Node"	NA	5	"79"	"M"	"HNFS"	"RIGHT EYEBROW"	0	"NO"	1	1	"HNFS"	"284"	""	""	""	""	""	"488"	"LUNG"	"LUNG, DISTANT LYMPH NODE"	"1006"	"7/26/21"	"98_Moffitt_1-25_manual_OCR, ASC_98_Moffit_1of3_OCR, ASC_98_Moffit_2of3_OCR, ASC_98_Moffit_3of3_OCR, ASC_98_T1_Path_manual_OCR, ASC_98_Moffitt_B2, ASC_98_Moffitt_A1, ASC_98_Moffitt_A2, ASC_98_Moffitt_B1, ASC_98_MoffittCancer_p.1-31, ASC_98_MoffittCancerInstitute_2-38(out of 60)"	"IS"	"HNFS"	0	1	"98"	"DIAGNOSED"	78.99726027	"HEADFACENECK"	""	""	""	"HEADFACENECK,SCALP"	""	""	""	"SCALP"	""	""	""	"YES"	"NO"	"YES"	"AFTER"	"paclitaxel 80mg/m 6 cycles and radiationx35 Pembrolizumab 2mg/kg 1 dose administered, discontinued to exacerbation of rheumatoid arthritis Gemcitabine  & Docetaxel Gembi"	"YES"	"Gemcitabine & Docetaxel"	"YES"	"Adenocarcinoma;2017"	"NO"	""	"Angiosarcoma website"	"Basically healthy until Angiosarcoma was diagnosed."	"NO"	"WHITE"	""	""	""	""	""	""	""	""	""	""	""	""	""	""	""	""	"1/21/37"	"True"	79	"HNFS"	"Non-RAAS/LAAS"	2	"ASCProject_0098_T1"	79	"HNFS"	79	"HNFS"
"G136942_ASCProject_0134_T2_v1_RNA_OnPrem"	"ASCProject_0134_T2"	"Tumor"	"ASCProject_0134"	"RNA"	"T2"	"ASCProject_0134_T2"	"LCSET-12154"	"LCSET-12154"	233	"HEADFACENECKSCALP"	"PUNCH BIOPSY"	"YES"	"NO"	"NO"	"HIGH"	"ASCProject_0134"	"HNFS"	"HNFS"	"Scalp"	"No Mets"	"No Mets"	NA	5	"62"	"F"	"HNFS"	"SCALP"	0	"NO"	1	1	"HNFS"	"863"	""	""	""	""	""	""	"NO METS"	"NO METS"	"1821"	"8/13/21"	"134_1, 134_2, 134_3, 134_4, 134_5, 134_MSK_pgs_1-30_manual, 134_MSK_pgs_31-50_manual, 134_MSK_pgs_50-60_manual, ASC_134_T2_Path_manual, 134_MSK_part2, ASC_134_61pg, ASC_134_62pgs, ASC_134_MSK_part 1 copy, ASC_134_MSK_part 1"	"IS"	"HNFS"	0	0	"134"	"DIAGNOSED"	62.79452055	"SCALP"	""	""	""	"HEADFACENECK,SCALP"	""	""	""	"HEADFACENECK,SCALP"	""	""	""	"YES"	"YES"	"NO"	""	"Taxol chemotherapy, sorafenib, doxil chemotherapy, immunotherapy trial"	"YES"	"Immunotherapy trial ( MTIG7192A and Atezolimzumab)"	"YES"	"Basil cell carcinma ;2016|Melanoma;2016"	"NO"	""	"Through the AS Facebook page"	""	"NO"	"WHITE"	""	""	""	""	""	""	""	""	""	""	""	""	""	""	""	""	"8/31/51"	"True"	62	"HNFS"	"Non-RAAS/LAAS"	0	"ASCProject_0134_T2"	62	"HNFS"	62	"HNFS"
"G141042_ASCProject_0003_T1_v1_RNA_OnPrem"	"ASCProject_0003_T1"	"Tumor"	"ASCProject_0003"	"RNA"	"T1"	"ASCProject_0003_T1"	"LCSET-12548"	"LCSET-12548"	13	"BREAST"	"RESECTION"	"YES"	"NO"	"NO"	"LOW"	"ASCProject_0003"	"Breast (Parenchymal)"	"Breast (Parenchymal)"	"Breast"	"No Mets"	"No Mets"	NA	5	"38"	"F"	"BREAST (PARENCHYMAL)"	"RIGHT BREAST"	0	"NO"	0	0	""	""	""	""	""	""	""	""	"NO METS"	"NO METS"	"2057"	"7/14/21"	"3_1a, 3_1c manual, 3_1e manual, 3_2b, 3_2d manual, 3_2f manual, 2_4h, Path 3 T_1 manual, 3_RMI, 3_RMI_2, 3_RMI_3, 3_SurgeryCenter, ASC_3_CBLpath_1, ASC_3_CBLpath_2, ASC_0003_T1"	"IS"	"BREAST (PARENCHYMAL)"	0	0	"3"	"DIAGNOSED"	38.8	""	""	""	""	""	""	""	""	""	""	""	""	"YES"	"YES"	"YES"	"AFTER"	""	""	""	"YES"	"mCRC;2014"	"YES"	"Pelvis, ankle, c1/c2 neck"	""	"FUAS"	""	""	""	"BREAST"	""	"NO"	""	""	"NO"	""	""	""	"NO"	"AIM, Gemzar/Taxotere, Gemzar alone, Taxol"	""	"YES"	"YES"	""	"3/24/73"	"True"	38	"BREAST (PARENCHYMAL)"	"Non-RAAS/LAAS"	0	"ASCProject_0003_T1"	38	"Breast (Parenchymal)"	38	"Breast (Parenchymal)"
"G141042_ASCProject_0011_T1_v1_RNA_OnPrem"	"ASCProject_0011_T1"	"Tumor"	"ASCProject_0011"	"RNA"	"T1"	"ASCProject_0011_T1"	"LCSET-12627"	"LCSET-12627"	0	"BREAST"	"BIOPSY"	"YES"	"NO"	"YES"	"HIGH"	"ASCProject_0011"	"Breast (Parenchymal)"	"Breast (Parenchymal)"	"Breast"	"No Mets"	"No Mets"	NA	5	"33"	"F"	"BREAST (PARENCHYMAL)"	"RIGHT BREAST"	0	"NO"	0	0	""	""	""	""	""	""	""	""	"NO METS"	"NO METS"	"2909"	"7/9/21"	"11 Medical Record_1, 11 Medical Record_2, Path 11 T1, 11_NWArkansas_FU, ASC_11_Highlands_fu, ASC_11_MDANDERSON_FULL, ASC_11_path_follow-up"	"IS"	"BREAST (PARENCHYMAL)"	0	0	"11"	"DIAGNOSED"	33.95342466	"BREAST"	""	""	""	"BREAST"	""	""	""	"NED"	""	""	""	"YES"	"YES"	"YES"	"BEFORE"	"AIM (adriamyacin, ifofsamide, mesna) - not sure how to spell those but I bet you do. :)"	"NO"	""	"NO"	""	"NO"	""	"Angiosarcoma group facebook page"	"I was diagnosed the day before my 34th birthday. I was treated by Dr. Ravi at MDA and have been NED since July 2011."	"NO"	"WHITE"	""	"BREAST"	""	"NO"	""	""	"NO"	""	""	""	"NO"	"radiation, mastectomy, and 7 rounds of AIM chemo (along with a clinical trial drug to keep platelets up during chemo)"	"not currently in treatment"	"YES"	"YES"	"Member of the Facebook Angiosarcoma group"	"10/26/76"	"True"	33	"BREAST (PARENCHYMAL)"	"Non-RAAS/LAAS"	0	"ASCProject_0011_T1"	33	"Breast (Parenchymal)"	33	"Breast (Parenchymal)"
"G141042_ASCProject_0030_T1_v1_RNA_OnPrem"	"ASCProject_0030_T1"	"Tumor"	"ASCProject_0030"	"RNA"	"T1"	"ASCProject_0030_T1"	"LCSET-12548"	"LCSET-12548"	15	"BREAST"	"MASTECTOMY"	"YES"	"NO"	"YES (FOCAL)"	"LOW"	"ASCProject_0030"	"Breast (Parenchymal)"	"Breast (Parenchymal)"	"Breast"	"No Mets"	"No Mets"	NA	5	"30"	"F"	"BREAST (PARENCHYMAL)"	"LEFT BREAST"	0	"NO"	0	0	""	""	""	""	""	""	""	""	"NO METS"	"NO METS"	"1079"	"7/12/21"	"30_1, 30_2, 30_3, 30_4, 30_5, Path T1_manual, 30_Barnes, ASC_30_OHA_fu, ASC_30_OncologyHemaAssoci"	"IS"	"BREAST (PARENCHYMAL)"	0	0	"30"	"DIAGNOSED"	30.8630137	"BREAST"	""	""	""	"BREAST"	""	""	""	"NED"	""	""	""	"YES"	"YES"	"YES"	"AFTER"	"AIM (adriamycin, ifosfamide, mesna), radiation and taxol"	"NO"	""	"NO"	""	"NO"	""	"Through the Angiosarcoma facebook page"	"I was the first case of angiosarcoma for all of my doctors. My surgeon, my radiologist and my oncologist who then referred me to my specialist Dr. Brian Van Tine"	"NO"	"WHITE"	""	""	""	""	""	""	""	""	""	""	""	""	""	""	""	""	"4/28/85"	"True"	30	"BREAST (PARENCHYMAL)"	"Non-RAAS/LAAS"	0	"ASCProject_0030_T1"	30	"Breast (Parenchymal)"	30	"Breast (Parenchymal)"
"G141042_ASCProject_0059_T1_v1_RNA_OnPrem"	"ASCProject_0059_T1"	"Tumor"	"ASCProject_0059"	"RNA"	"T1"	"ASCProject_0059_T1"	"LCSET-12548"	"LCSET-12548"	12	"BREAST"	"MASTECTOMY"	"NO"	"YES"	"NO"	"HIGH"	"ASCProject_0059"	"Breast (Cutaneous)"	"Breast (Cutaneous)"	"Breast"	"No Mets"	"No Mets"	NA	5	"52"	"F"	"BREAST (CUTANEOUS)"	"LEFT BREAST"	1	"NO"	1	0	""	""	""	""	""	""	""	""	"NO METS"	"NO METS"	"945"	"7/12/21"	"59_1, 59_2, 59_3, PATH 59 T1_MANUAL, ASC_59_DR.CORRIASSO, ASC_59_DR. CORRIASO_3"	"SS"	"BREAST (CUTANEOUS)"	0	0	"59"	"DIAGNOSED"	52.87123288	"BREAST"	""	""	""	"BREAST"	""	""	""	"NED"	""	""	""	"YES"	"YES"	"NO"	""	"6 Month follow up scans for 3 yrs,"	"NO"	""	"YES"	"IVDC tripple negative;2008"	"YES"	"L. Breast"	"Support page"	"After surgery the only treatment they wanted me to do was more radiation,  I refused it."	"NO"	"AMERICAN_INDIAN,WHITE"	""	""	""	""	""	""	""	""	""	""	""	""	""	""	""	""	"7/31/61"	"True"	52	"BREAST (CUTANEOUS)"	"RAAS"	0	"ASCProject_0059_T1"	52	"Breast (Cutaneous)"	52	"Breast (Cutaneous)"
"G141042_ASCProject_0066_T1_v1_RNA_OnPrem"	"ASCProject_0066_T1"	"Tumor"	"ASCProject_0066"	"RNA"	"T1"	"ASCProject_0066_T1"	"LCSET-12548"	"LCSET-12548"	94	"BONELIMB"	""	""	""	""	""	"ASCProject_0066"	"Musculoskeletal"	"Bone"	"Spine"	"No Mets"	"No Mets"	NA	1	"57"	"M"	"OTHER (BONE)"	"SPINE L1"	1	"NO"	0	0	""	""	""	""	""	""	""	""	"NO METS"	"NO METS"	"493"	"6/8/21"	"ASC_66_UM_1of2, ASC_66_UM_2of2, Path 66 T1"	"IS"	"BONE"	0	0	"66"	"DIAGNOSED"	57.82465753	"OTHER"	""	""	"Lumbar vertebrae"	"OTHER"	""	""	"I only had it once - in the lumbar vertebrae"	"NED"	""	""	""	"YES"	"YES"	"YES"	"AFTER"	"none"	"NO"	""	"YES"	"Large B cell non-Hodgkins lymphoma;2010"	"YES"	"Chest"	"facebook"	"I am adopted so do not know my family medical history"	"NO"	"WHITE"	""	""	""	""	""	""	""	""	""	""	""	""	""	""	""	""	"1/18/58"	"True"	57	"BONELIMB"	"RAAS"	0	"ASCProject_0066_T1"	57	"Musculoskeletal"	57	"Musculoskeletal"
"G141042_ASCProject_0084_T1_v1_RNA_OnPrem"	"ASCProject_0084_T1"	"Tumor"	"ASCProject_0084"	"RNA"	"T1"	"ASCProject_0084_T1"	"LCSET-12627"	"LCSET-12627"	33	"BREAST"	""	""	""	""	""	"ASCProject_0084"	"Breast (Parenchymal)"	"Breast (Parenchymal)"	"Breast"	"No Mets"	"No Mets"	NA	2	"56"	"F"	"BREAST (PARENCHYMAL)"	"RIGHT BREAST"	0	"NO"	0	0	""	""	""	""	""	""	""	""	"NO METS"	"NO METS"	"1235"	"6/17/21"	"84_Ann B Barshinger Penn Med Lancaster, 84 Pathology, Path 84 T1_manual, ASC_84_BarshingerCancer, ASC_0084_PathReport"	"IS"	"BREAST (PARENCHYMAL)"	0	0	""	""	NA	""	""	""	""	""	""	""	""	""	""	""	""	""	""	""	""	""	""	""	""	""	""	""	""	""	""	""	""	""	""	""	""	""	""	""	""	""	""	""	""	""	""	""	""	"True"	56	"BREAST (PARENCHYMAL)"	"Non-RAAS/LAAS"	0	"ASCProject_0084_T1"	56	"Breast (Parenchymal)"	56	"Breast (Parenchymal)"
"G141042_ASCProject_0113_T1_v1_RNA_OnPrem"	"ASCProject_0113_T1"	"Tumor"	"ASCProject_0113"	"RNA"	"T1"	"ASCProject_0113_T1"	"LCSET-12548"	"LCSET-12548"	4	"HEADFACENECKSCALP"	"EXCISION"	"YES"	"NO"	"NO"	"LOW"	"ASCProject_0113"	"HNFS"	"HNFS"	"Forehead"	"No Mets"	"No Mets"	NA	5	"35"	"F"	"HNFS"	"RIGHT FOREHEAD"	0	"NO"	1	0	""	""	""	""	""	""	""	""	"NO METS"	"NO METS"	"2001"	"8/10/21"	"113_CN_1_manual_OCR, 113_CN_2_manual_OCR, 113_CN_3_manual_OCR, ASC_113_PSN_1of3_OCR, ASC_113_PSN_2of3_OCR, Path 113 T1_manual_OCR, 113_Valley, ASC_113_CancerCare_fu, ASC_113_CancerCareNW, ASC_113_Plastic_full, ASC_0113_T2"	"IS"	"HNFS"	0	0	"113"	"DIAGNOSED"	35.85479452	"SCALP"	""	""	""	"SCALP"	""	""	""	"NED"	""	""	""	"YES"	"NO"	"YES"	"AFTER"	"Taxol, Gemzar, Avastin"	"NO"	""	"NO"	""	"NO"	""	"Through the Angiosarcoma facebook page"	"My angiosarcoma showed up as a small bruise like mark on my forehead on my right side above my eye on my temple area at the age of 35. It was diagnosed by biopsy about 4 months after is appeared and was surgically removed a couple weeks after diagnosed. I have been NED for 2 years and 8 months at this time. I have not had anymore tumors since I underwent radiation treatment on my head and scalp."	"NO"	"WHITE"	""	""	""	""	""	""	""	""	""	""	""	""	""	""	""	""	"1/2/78"	"True"	35	"HNFS"	"Non-RAAS/LAAS"	0	"ASCProject_0113_T1"	35	"HNFS"	35	"HNFS"
"G141042_ASCProject_0118_T2_v1_RNA_OnPrem"	"ASCProject_0118_T2"	"Tumor"	"ASCProject_0118"	"RNA"	"T2"	"ASCProject_0118_T2"	"LCSET-12548"	"LCSET-12548"	NA	""	""	""	""	""	""	"ASCProject_0118"	"Breast (Cutaneous)"	"Breast (Cutaneous)"	"Breast"	"Bone"	"Bone"	NA	9	"45"	"F"	"BREAST (CUTANEOUS)"	"LEFT BREAST"	1	"NO"	1	0	""	""	""	""	""	""	""	"13"	"BONE"	"BONE"	"1392"	"2/1/22"	"Path 118 T2.pdf, 118_KUHA_0307226.pdf, ASC_118_MDAnderTX_fullMR.pdf"	"DS"	"BREAST (CUTANEOUS)"	0	1	"118"	"DIAGNOSED"	45.20273973	"BREAST"	""	""	""	"BREAST,BONELIMB,OTHER"	""	""	"Pelvic /spine area"	"NED"	""	""	""	"YES"	"YES"	"NO"	""	"Gen/Tax, AIM"	"NO"	""	"YES"	"Breast;2005"	"YES"	"Right breast~brachy treatment"	"FB-Angiosarcoma group"	""	"NO"	"WHITE"	""	""	""	""	""	""	""	""	""	""	""	""	""	""	""	""	"4/29/68"	"True"	45	"BREAST (CUTANEOUS)"	"RAAS"	1	"ASCProject_0118_T2"	45	"Breast (Cutaneous)"	45	"Breast (Cutaneous)"
"G141042_ASCProject_0146_T1_v1_RNA_OnPrem"	"ASCProject_0146_T1"	"Tumor"	"ASCProject_0146"	"RNA"	"T1"	"ASCProject_0146_T1"	"LCSET-12548"	"LCSET-12548"	49	"BREAST"	""	""	""	""	""	"ASCProject_0146"	"Breast (Cutaneous)"	"Breast (Cutaneous)"	"Breast"	"No Mets"	"No Mets"	NA	2	"67"	"F"	"BREAST (CUTANEOUS)"	"RIGHT BREAST"	1	"NO"	1	1	"RIGHT BREAST SKIN"	"105"	""	""	""	""	""	""	"NO METS"	"NO METS"	"1901"	"6/11/21"	"146_1, 146_2, PATH 146 T1_MANUAL, ASC_146_DECATUR_ONC"	"SS"	"BREAST (CUTANEOUS)"	0	0	"146"	"DIAGNOSED"	67.47671233	"BREAST"	""	""	""	"BREAST"	""	""	""	"NED"	""	""	""	"YES"	"NO"	"NO"	""	"Taxol,"	"YES"	"My Oncologoist Dr Maria Perdekamp has me on a lower dose of Taxol once a week for 3 weeks, skip a week then back to 3 weeks for prevention since AS is such an aggressive cancer."	"YES"	"Carcinoma Insitu Left Breast;1999|Cancer in R. Breast, don't know what kind.;2004"	"YES"	"Both breasts."	"On internet"	"I was on a chemo study, CTSU A091103 PHASE 11 STUDY of the ANGIOPOIETIN-1 and-2 PEPTIBODY AMG 386 for the treatment of ANGIOSARCOMA for 8 weeks it kept spreading Dr Perdekamp put me on Taxol, in 8 weeks my CT Scan showed clear."	"NO"	"WHITE"	""	""	""	""	""	""	""	""	""	""	""	""	""	""	""	""	"9/25/44"	"True"	67	"BREAST (CUTANEOUS)"	"RAAS"	0	"ASCProject_0146_T1"	67	"Breast (Cutaneous)"	67	"Breast (Cutaneous)"
"G141042_ASCProject_0164_T1_v1_RNA_OnPrem"	"ASCProject_0164_T1"	"Tumor"	"ASCProject_0164"	"RNA"	"T1"	"ASCProject_0164_T1"	"LCSET-12548"	"LCSET-12548"	99	"BREAST"	""	""	""	""	""	"ASCProject_0164"	"Breast (Cutaneous)"	"Breast (Cutaneous)"	"Breast Skin"	"No Mets"	"No Mets"	NA	1	"57"	"F"	"BREAST (CUTANEOUS)"	"LEFT BREAST SKIN"	1	"NO"	1	0	""	""	""	""	""	""	""	""	"NO METS"	"NO METS"	"974"	"9/10/21"	"164_1, 164_2, 164_MR, 164_, Path 164 T1_manual"	"IS"	"BREAST (CUTANEOUS)"	0	0	"164"	"DIAGNOSED"	57.53424658	"BREAST"	""	""	""	"BREAST"	""	""	""	"NED"	""	""	""	"YES"	"YES"	"YES"	"AFTER"	"None"	"NO"	""	"YES"	"Breast Cancer;2007"	"YES"	"Breast"	"Angiosarcoma Facebook group"	"Secondary angiosarcoma from previous radiation treatment for stage 1 breast cancer therapy in 2007. Bruise on breast appeared in March 2014. Met with breast surgeon, oncologist 3 times, gyn & dermatologist until diagnosis in October 30, 2014. Left breast mastectomy January 2015, clear margins March 2015, proton radiation May/June  2015."	"NO"	"WHITE"	""	""	""	""	""	""	""	""	""	""	""	""	""	""	""	""	"4/3/57"	"True"	57	"BREAST (CUTANEOUS)"	"RAAS"	0	"ASCProject_0164_T1"	57	"Breast (Cutaneous)"	57	"Breast (Cutaneous)"
"G141042_ASCProject_0167_T1_v1_RNA_OnPrem"	"ASCProject_0167_T1"	"Tumor"	"ASCProject_0167"	"RNA"	"T1"	"ASCProject_0167_T1"	"LCSET-12627"	"LCSET-12627"	0	"BREAST"	""	""	""	""	""	"ASCProject_0167"	"Breast (Cutaneous)"	"Breast (Cutaneous)"	"Breast"	""	""	NA	5	"65"	"F"	"BREAST (CUTANEOUS)"	"LEFT BREAST "	1	"NO"	1	1	"LEFT CHEST WALL SKIN, LEFT CHEST WALL"	"438"	"1071"	""	""	""	""	"NOT FOUND IN RECORD"	"NOT FOUND IN RECORD"	"NOT FOUND IN RECORD"	"3353"	"8/11/21"	"Path 167 T1_manual_OCR, Path 167 T2_manual_OCR, Path 167 T3_manual_OCR, 167_ArlingtonCancer, 167_ArlingtonCancer_2, 167_TexasHealth, ASC_167_Arlington_new, 167_MR_ASA_1_OCR, 167_MR_ASA_2_OCR, 167_MR_ASA_3_OCR, 167_MR_ASA_4_OCR"	"SS"	"BREAST (CUTANEOUS)"	0	NA	"167"	"DIAGNOSED"	65.37808219	"BREAST"	""	""	""	"BREAST"	""	""	""	"NED"	""	""	""	"YES"	"YES"	"YES"	"BOTH"	""	"NO"	""	"YES"	"Breast cancer;2003"	"YES"	"Breast"	"Facebook Angio Sarcoma grouo"	"Only doctors with Angio Sarcoma experience have any success with this type of cancer"	"NO"	"WHITE"	""	""	""	""	""	""	""	""	""	""	""	""	""	""	""	""	"9/1/44"	"True"	65	"BREAST (CUTANEOUS)"	"RAAS"	NA	"ASCProject_0167_T1"	65	"Breast (Cutaneous)"	65	"Breast (Cutaneous)"
"G141042_ASCProject_0167_T2_v1_RNA_OnPrem"	"ASCProject_0167_T2"	"Tumor"	"ASCProject_0167"	"RNA"	"T2"	"ASCProject_0167_T2"	"LCSET-12627"	"LCSET-12627"	73	"BREAST"	"MASTECTOMY"	"YES"	"NO"	"NO"	"HIGH"	"ASCProject_0167"	"Breast (Cutaneous)"	"Breast (Cutaneous)"	"Breast"	""	""	NA	5	"65"	"F"	"BREAST (CUTANEOUS)"	"LEFT BREAST "	1	"NO"	1	1	"LEFT CHEST WALL SKIN, LEFT CHEST WALL"	"438"	"1071"	""	""	""	""	"NOT FOUND IN RECORD"	"NOT FOUND IN RECORD"	"NOT FOUND IN RECORD"	"3353"	"8/11/21"	"Path 167 T1_manual_OCR, Path 167 T2_manual_OCR, Path 167 T3_manual_OCR, 167_ArlingtonCancer, 167_ArlingtonCancer_2, 167_TexasHealth, ASC_167_Arlington_new, 167_MR_ASA_1_OCR, 167_MR_ASA_2_OCR, 167_MR_ASA_3_OCR, 167_MR_ASA_4_OCR"	"SS"	"BREAST (CUTANEOUS)"	0	NA	"167"	"DIAGNOSED"	65.37808219	"BREAST"	""	""	""	"BREAST"	""	""	""	"NED"	""	""	""	"YES"	"YES"	"YES"	"BOTH"	""	"NO"	""	"YES"	"Breast cancer;2003"	"YES"	"Breast"	"Facebook Angio Sarcoma grouo"	"Only doctors with Angio Sarcoma experience have any success with this type of cancer"	"NO"	"WHITE"	""	""	""	""	""	""	""	""	""	""	""	""	""	""	""	""	"9/1/44"	"True"	65	"BREAST (CUTANEOUS)"	"RAAS"	NA	"ASCProject_0167_T2"	65	"Breast (Cutaneous)"	65	"Breast (Cutaneous)"
"G141042_ASCProject_0167_T3_v1_RNA_OnPrem"	"ASCProject_0167_T3"	"Tumor"	"ASCProject_0167"	"RNA"	"T3"	"ASCProject_0167_T3"	"LCSET-12627"	"LCSET-12627"	438	"CHEST"	"EXCISION"	"YES"	"YES"	"YES"	"HIGH"	"ASCProject_0167"	"Breast (Cutaneous)"	"Breast (Cutaneous)"	"Breast"	""	""	NA	5	"65"	"F"	"BREAST (CUTANEOUS)"	"LEFT BREAST "	1	"NO"	1	1	"LEFT CHEST WALL SKIN, LEFT CHEST WALL"	"438"	"1071"	""	""	""	""	"NOT FOUND IN RECORD"	"NOT FOUND IN RECORD"	"NOT FOUND IN RECORD"	"3353"	"8/11/21"	"Path 167 T1_manual_OCR, Path 167 T2_manual_OCR, Path 167 T3_manual_OCR, 167_ArlingtonCancer, 167_ArlingtonCancer_2, 167_TexasHealth, ASC_167_Arlington_new, 167_MR_ASA_1_OCR, 167_MR_ASA_2_OCR, 167_MR_ASA_3_OCR, 167_MR_ASA_4_OCR"	"SS"	"BREAST (CUTANEOUS)"	0	NA	"167"	"DIAGNOSED"	65.37808219	"BREAST"	""	""	""	"BREAST"	""	""	""	"NED"	""	""	""	"YES"	"YES"	"YES"	"BOTH"	""	"NO"	""	"YES"	"Breast cancer;2003"	"YES"	"Breast"	"Facebook Angio Sarcoma grouo"	"Only doctors with Angio Sarcoma experience have any success with this type of cancer"	"NO"	"WHITE"	""	""	""	""	""	""	""	""	""	""	""	""	""	""	""	""	"9/1/44"	"True"	65	"BREAST (CUTANEOUS)"	"RAAS"	NA	"ASCProject_0167_T3"	65	"Breast (Cutaneous)"	65	"Breast (Cutaneous)"
"G141042_ASCProject_0179_T1_v1_RNA_OnPrem"	"ASCProject_0179_T1"	"Tumor"	"ASCProject_0179"	"RNA"	"T1"	"ASCProject_0179_T1"	"LCSET-12627"	"LCSET-12627"	33	"BREAST"	""	""	""	""	""	"ASCProject_0179"	"Breast (Parenchymal)"	"Breast (Parenchymal)"	"Breast"	"No Mets"	"No Mets"	NA	1	"46"	"F"	"BREAST (PARENCHYMAL)"	"RIGHT BREAST"	0	"NO"	0	0	""	""	""	""	""	""	""	""	"NO METS"	"NO METS"	"1680"	"6/10/21"	"ASC_0179_T1_PATHREPORT, 179_TO-M_1_, 179 SOLIS MEDICAL RECORD, PATH 179 T1_MANUAL"	"SS"	"BREAST (PARENCHYMAL)"	0	0	"179"	"DIAGNOSED"	46.31506849	"BREAST"	""	""	""	"BREAST"	""	""	""	"NED"	""	""	""	"YES"	"YES"	"YES"	"AFTER"	"Doxorubicin,Mesna,Ifosfamide,Pedfilgrastim,Aloxi,Palonosetron,Dexamethasone sod phosphate,Fosaprepitant dimeglumine,sodium chloride,D5NS,Gabapentin"	"NO"	""	"DK"	""	"NO"	""	"Internet"	""	"YES"	"WHITE"	""	""	""	""	""	""	""	""	""	""	""	""	""	""	""	""	"1/18/66"	"True"	46	"BREAST (PARENCHYMAL)"	"Non-RAAS/LAAS"	0	"ASCProject_0179_T1"	46	"Breast (Parenchymal)"	46	"Breast (Parenchymal)"
"G141042_ASCProject_0184_T1_v1_RNA_OnPrem"	"ASCProject_0184_T1"	"Tumor"	"ASCProject_0184"	"RNA"	"T1"	"ASCProject_0184_T1"	"LCSET-12627"	"LCSET-12627"	NA	""	""	""	""	""	""	"ASCProject_0184"	"Heart"	"Heart"	"Bowel"	"Distant Lymph Node, Visceral Organ"	"Distant Lymph Node, Visceral Organ"	NA	2	"70"	"M"	"CARDIAC"	"SMALL BOWEL"	0	"NO"	0	0	""	""	""	""	""	""	""	"0"	"DISTANT LYMPH NODE, VISCERAL ORGAN"	"DISTANT LYMPH NODE, VISCERAL ORGAN"	"373"	"4/13/21"	"184_All_SeattleCancer, 184_eMAR,SeattleCancer, Path 184 T1_manual"	"IS"	"CARDIAC"	0	1	"184"	"DIAGNOSED"	70.94794521	"ABDOMINAL"	""	""	""	""	""	""	""	"ABDOMINAL"	""	""	""	"YES"	"NO"	"NO"	""	"Chemo weekly  (Paxell)"	"YES"	"Weekly Chemo/ Have also tried M. oil"	"NO"	""	"NO"	""	"Facebook"	"The operation was not very successful  other than to see how much it had spread throughout my upper intesstine."	"NO"	"AMERICAN_INDIAN"	""	""	""	""	""	""	""	""	""	""	""	""	""	""	""	""	"8/7/45"	"True"	70	"HEART"	"Non-RAAS/LAAS"	2	"ASCProject_0184_T1"	70	"Heart"	70	"Heart"
"RP-1447_ASCProject_0003_T3_v1_RNA_OnPrem"	"ASCProject_0003_T3"	"Tumor"	"ASCProject_0003"	"RNA"	"T3"	"ASCProject_0003_T3"	"LCSET-23758"	"LCSET-23758"	26	"BREAST"	""	""	""	""	""	"ASCProject_0003"	"Breast (Parenchymal)"	"Breast (Parenchymal)"	"Breast"	"No Mets"	"No Mets"	NA	5	"38"	"F"	"BREAST (PARENCHYMAL)"	"RIGHT BREAST"	0	"NO"	0	0	""	""	""	""	""	""	""	""	"NO METS"	"NO METS"	"2057"	"7/14/21"	"3_1a, 3_1c manual, 3_1e manual, 3_2b, 3_2d manual, 3_2f manual, 2_4h, Path 3 T_1 manual, 3_RMI, 3_RMI_2, 3_RMI_3, 3_SurgeryCenter, ASC_3_CBLpath_1, ASC_3_CBLpath_2, ASC_0003_T1"	"IS"	"BREAST (PARENCHYMAL)"	0	0	"3"	"DIAGNOSED"	38.8	""	""	""	""	""	""	""	""	""	""	""	""	"YES"	"YES"	"YES"	"AFTER"	""	""	""	"YES"	"mCRC;2014"	"YES"	"Pelvis, ankle, c1/c2 neck"	""	"FUAS"	""	""	""	"BREAST"	""	"NO"	""	""	"NO"	""	""	""	"NO"	"AIM, Gemzar/Taxotere, Gemzar alone, Taxol"	""	"YES"	"YES"	""	"3/24/73"	"True"	38	"BREAST (PARENCHYMAL)"	"Non-RAAS/LAAS"	0	"ASCProject_0003_T3"	38	"Breast (Parenchymal)"	38	"Breast (Parenchymal)"
"RP-1447_ASCProject_0005_T2_v1_RNA_OnPrem"	"ASCProject_0005_T2"	"Tumor"	"ASCProject_0005"	"RNA"	"T2"	"ASCProject_0005_T2"	"LCSET-23758"	"LCSET-23758"	3615	"BACK"	""	""	""	""	""	"ASCProject_0005"	"Breast (Parenchymal)"	"Breast (Parenchymal)"	"Breast"	"Trunk"	"Trunk, Distant Lymph Node, Lung"	NA	5	"31"	"F"	"BREAST (PARENCHYMAL)"	"LEFT BREAST"	0	"NO"	0	0	""	""	""	""	""	""	""	"3615"	"TRUNK "	"TRUNK, OTHER (RIGHT BREAST), EXTREMITY, BONE"	"4374"	"11/7/18"	"5_1, 5_2, 5_3, 5_4, 5_5, 5_6, 5_7, 5_8, 5_9, 5_10, 5_11, ASC_0005_GHS+MDAnderson_PathReport, ASC_5 T1 Pathology"	"BT"	"BREAST (PARENCHYMAL)"	0	1	"5"	"DIAGNOSED"	31.0739726	"BREAST"	""	""	""	"BREAST,OTHER"	""	""	"Lower right flank"	"BREAST,OTHER"	""	""	"Right posterior shoulder"	"YES"	"YES"	"YES"	"BEFORE"	"Gem/tax, AIM, taxol,"	"YES"	"tremelimumab/durvalumab clinical trial immunotherapy"	"NO"	""	"NO"	""	"Facebook"	"glad to have lived long enough to help others with it, I'm the only one I know within a 2 hr drive with AS & glad for FB"	"NO"	"WHITE"	""	"BREAST"	""	"NO"	""	""	"YES"	"BREAST,OTHER"	""	"lower right flank (back) nad toher breast (right)"	"NO"	"chemo, radiation, and surgery"	"clinical trial -dualimmunotherapy"	"NO"	"YES"	"FB...local sarcoma warriors get together yearly and online to raise patient support funds"	"6/12/74"	"True"	31	"BREAST (PARENCHYMAL)"	"Non-RAAS/LAAS"	4	"ASCProject_0005_T2"	31	"Breast (Parenchymal)"	31	"Breast (Parenchymal)"
"RP-1447_ASCProject_0005_T3_v2_RNA_OnPrem"	"ASCProject_0005_T3"	"Tumor"	"ASCProject_0005"	"RNA"	"T3"	"ASCProject_0005_T3"	"LCSET-23758"	"LCSET-23758"	3848	"BACK"	"RESECTION"	"YES"	"NO"	"NO"	"LOW"	"ASCProject_0005"	"Breast (Parenchymal)"	"Breast (Parenchymal)"	"Breast"	"Trunk"	"Trunk, Distant Lymph Node, Lung"	NA	5	"31"	"F"	"BREAST (PARENCHYMAL)"	"LEFT BREAST"	0	"NO"	0	0	""	""	""	""	""	""	""	"3615"	"TRUNK "	"TRUNK, OTHER (RIGHT BREAST), EXTREMITY, BONE"	"4374"	"11/7/18"	"5_1, 5_2, 5_3, 5_4, 5_5, 5_6, 5_7, 5_8, 5_9, 5_10, 5_11, ASC_0005_GHS+MDAnderson_PathReport, ASC_5 T1 Pathology"	"BT"	"BREAST (PARENCHYMAL)"	0	1	"5"	"DIAGNOSED"	31.0739726	"BREAST"	""	""	""	"BREAST,OTHER"	""	""	"Lower right flank"	"BREAST,OTHER"	""	""	"Right posterior shoulder"	"YES"	"YES"	"YES"	"BEFORE"	"Gem/tax, AIM, taxol,"	"YES"	"tremelimumab/durvalumab clinical trial immunotherapy"	"NO"	""	"NO"	""	"Facebook"	"glad to have lived long enough to help others with it, I'm the only one I know within a 2 hr drive with AS & glad for FB"	"NO"	"WHITE"	""	"BREAST"	""	"NO"	""	""	"YES"	"BREAST,OTHER"	""	"lower right flank (back) nad toher breast (right)"	"NO"	"chemo, radiation, and surgery"	"clinical trial -dualimmunotherapy"	"NO"	"YES"	"FB...local sarcoma warriors get together yearly and online to raise patient support funds"	"6/12/74"	"True"	31	"BREAST (PARENCHYMAL)"	"Non-RAAS/LAAS"	4	"ASCProject_0005_T3"	31	"Breast (Parenchymal)"	31	"Breast (Parenchymal)"
"RP-1447_ASCProject_0006_T1_v1_RNA_OnPrem"	"ASCProject_0006_T1"	"Tumor"	"ASCProject_0006"	"RNA"	"T1"	"ASCProject_0006_T1"	"LCSET-23758"	"LCSET-23758"	0	"LUNG"	""	""	""	""	""	"ASCProject_0006"	"Heart"	"Heart"	"Lung"	"Lung"	"Lung, Brain, Visceral Organ"	NA	5	"29"	"F"	"CARDIAC"	"RIGHT LUNG"	0	"NO"	0	0	""	""	""	""	""	""	""	"0"	"LUNG"	"LUNG, BRAIN, VISCERAL ORGAN"	"397"	"7/8/21"	"ASC_6_MDAnderson, 6_DFCI_searchable "	"IS"	"CARDIAC"	0	1	"6"	"DIAGNOSED"	29.88219178	"HEART,LUNG"	""	""	""	"HEART,LUNG"	""	""	""	"LUNG"	""	""	""	"NO"	""	"NO"	""	"taxol, gemcitabine + docetaxol, doxorubicin, olaratumumab + doxirubicin"	"YES"	"olaratumumab + doxirubicin"	"NO"	""	"NO"	""	"Corrie Painter"	""	"NO"	"WHITE"	""	"HEART"	""	"YES"	"LUNG"	""	"DK"	""	""	""	"DK"	""	"taxol, Gem taxol, and others"	"NO"	"NO"	""	"7/22/86"	"True"	29	"HEART"	"Non-RAAS/LAAS"	3	"ASCProject_0006_T1"	29	"Heart"	29	"Heart"
"RP-1447_ASCProject_0006_T2_v1_RNA_OnPrem"	"ASCProject_0006_T2"	"Tumor"	"ASCProject_0006"	"RNA"	"T2"	"ASCProject_0006_T2"	"LCSET-23758"	"LCSET-23758"	387	"OVARY"	"BILATERAL SALPINGO-OOPHORECTOMY"	"YES"	"NO"	"YES"	"LOW"	"ASCProject_0006"	"Heart"	"Heart"	"Lung"	"Lung"	"Lung, Brain, Visceral Organ"	NA	5	"29"	"F"	"CARDIAC"	"RIGHT LUNG"	0	"NO"	0	0	""	""	""	""	""	""	""	"0"	"LUNG"	"LUNG, BRAIN, VISCERAL ORGAN"	"397"	"7/8/21"	"ASC_6_MDAnderson, 6_DFCI_searchable "	"IS"	"CARDIAC"	0	1	"6"	"DIAGNOSED"	29.88219178	"HEART,LUNG"	""	""	""	"HEART,LUNG"	""	""	""	"LUNG"	""	""	""	"NO"	""	"NO"	""	"taxol, gemcitabine + docetaxol, doxorubicin, olaratumumab + doxirubicin"	"YES"	"olaratumumab + doxirubicin"	"NO"	""	"NO"	""	"Corrie Painter"	""	"NO"	"WHITE"	""	"HEART"	""	"YES"	"LUNG"	""	"DK"	""	""	""	"DK"	""	"taxol, Gem taxol, and others"	"NO"	"NO"	""	"7/22/86"	"True"	29	"HEART"	"Non-RAAS/LAAS"	3	"ASCProject_0006_T2"	29	"Heart"	29	"Heart"
"RP-1447_ASCProject_0008_T1_v1_RNA_OnPrem"	"ASCProject_0008_T1"	"Tumor"	"ASCProject_0008"	"RNA"	"T1"	"ASCProject_0008_T1"	"LCSET-18054"	"LCSET-18054"	0	"LIVER"	"Partial hepatectomy"	"YES (FOCAL)"	"YES"	"YES"	"HIGH"	"ASCProject_0008"	"Hepatobiliary"	"Liver"	"Liver"	"No Mets"	"No Mets"	NA	3	"39"	"F"	"VISCERAL ORGAN"	"LIVER"	0	"NO"	0	0	""	""	""	""	""	""	""	""	"NO METS"	"NO METS"	"1530"	"1/8/20"	"8_STANFORD, ASC_8_PAMF_INCOMPLETE, ASC_0008_T1_PATHREPORT, ASC_0008_T1"	"AD/QC"	"LIVER"	0	0	"8"	"DIAGNOSED"	39.93972603	"LIVER"	""	""	""	"LIVER"	""	""	""	"NED"	""	""	""	"YES"	"YES"	"NO"	""	"Taxotere and Gemzar"	"NO"	""	"YES"	"Bladder Cancer;2004"	"NO"	""	"Angiosarcoma cancer Facebook group"	"My AS was found during my regular follow up checkup for Bladder cancer . And, my whole cancer saga is supposed to have happened because of a particular herb (Aristolochia Indica) that I took as part of my herbal medicine for Vitiligo for 15 years as a child."	"NO"	"SOUTH_EAST_ASIAN"	""	"LIVER"	""	"NO"	""	""	"NO"	""	""	""	"NO"	"Surgery and Chemo"	"None"	"YES"	"YES"	"My FB support group for AS is one of the best groups I have been in and is very informative, supportive and friendly."	"4/2/74"	"True"	39	"LIVER"	"Non-RAAS/LAAS"	0	"ASCProject_0008_T1"	39	"Hepatobiliary"	39	"Hepatobiliary"
"RP-1447_ASCProject_0012_T2_v1_RNA_OnPrem"	"ASCProject_0012_T2"	"Tumor"	"ASCProject_0012"	"RNA"	"T2"	"ASCProject_0012_T2"	"LCSET-23758"	"LCSET-23758"	-210	"HEADFACENECKSCALP"	""	""	""	""	""	"ASCProject_0012"	"HNFS"	"HNFS"	"Forehead"	"No Mets"	"No Mets"	NA	4	"63"	"F"	"HNFS"	"LEFT FOREHEAD SKIN"	0	"NO"	1	0	""	""	""	""	""	""	""	""	"NO METS"	"NO METS"	"1454"	"6/30/21"	"12_First_Line_OCR, 12_Moffitt_OCR"	"SS"	"HNFS"	0	0	"12"	"DIAGNOSED"	63.6630137	"HEADFACENECK,SCALP"	""	""	""	"HEADFACENECK,SCALP"	""	""	""	"NED"	""	""	""	"YES"	"YES"	"YES"	"AFTER"	"taxol"	"NO"	""	"NO"	""	"NO"	""	"FB"	"I am blessed."	"NO"	"WHITE"	""	"OTHER"	"forehead"	"YES"	"OTHER"	""	"YES"	"OTHER"	""	"right above the left ear"	"NO"	"taxol 7 months, radiation 5 weeks, 2 surgeries"	"0"	"YES"	"YES"	"love, love, love and support and information"	"11/17/48"	"True"	63	"HNFS"	"Non-RAAS/LAAS"	0	"ASCProject_0012_T2"	63	"HNFS"	63	"HNFS"
"RP-1447_ASCProject_0013_T1_v1_RNA_OnPrem"	"ASCProject_0013_T1"	"Tumor"	"ASCProject_0013"	"RNA"	"T1"	"ASCProject_0013_T1"	"LCSET-23758"	"LCSET-23758"	-623	"BREAST"	"BIOPSY "	"YES"	"NO"	"YES"	"LOW"	"ASCProject_0013"	"Breast (Parenchymal)"	"Breast (Parenchymal)"	"Breast"	"No Mets"	"No Mets"	NA	4	"26"	"F"	"BREAST (PARENCHYMAL)"	"LEFT BREAST"	0	"NO"	0	0	""	""	""	""	""	""	""	""	"NO METS"	"NO METS"	"1241"	"6/30/21"	"13_UCLA_pw_10tracey18, ASC_0013_PROVIDENCE_PATH, ASC_0013_T1_PATHREPORT"	"SS"	"BREAST (PARENCHYMAL)"	0	0	"13"	"DIAGNOSED"	26.22465753	""	""	""	""	""	""	""	""	""	""	""	""	""	""	"NO"	""	""	""	""	"NO"	""	"NO"	""	""	"I was misdiagnosed initially with a lobular hemangioma and told to get a mammogram when I was 35. I was 24 at the time and was correctly diagnosed at 26."	""	""	""	"BREAST"	""	"NO"	""	""	"NO"	""	""	""	"NO"	"adriamicina 2 rounds, resection, margin clearing, 4 months of, 36 rounds of radiation, 4 months of weekly taxol."	"None"	"YES"	"YES"	"It's awesome and I love it."	"10/18/82"	"True"	26	"BREAST (PARENCHYMAL)"	"Non-RAAS/LAAS"	0	"ASCProject_0013_T1"	26	"Breast (Parenchymal)"	26	"Breast (Parenchymal)"
"RP-1447_ASCProject_0014_T1_v1_RNA_OnPrem"	"ASCProject_0014_T1"	"Tumor"	"ASCProject_0014"	"RNA"	"T1"	"ASCProject_0014_T1"	"LCSET-18352"	"LCSET-18352"	NA	""	""	""	""	""	""	"ASCProject_0014"	"Breast (Parenchymal)"	"Breast (Parenchymal)"	"Breast"	"No Mets"	"No Mets"	NA	9	"29"	"F"	"BREAST (PARENCHYMAL)"	"RIGHT BREAST"	0	"NO"	0	0	""	""	""	""	""	""	""	""	"NO METS"	"NO METS"	"2337"	"1/13/22"	"14_GW, BHASKAR_RENUKA_BROADINSTITUTE_2362699-1_04_25_17_1245"	"IS"	"BREAST (PARENCHYMAL)"	0	0	"14"	"DIAGNOSED"	29.4739726	"BREAST"	""	""	""	"BREAST"	""	""	""	"NED"	""	""	""	"YES"	"YES"	"NO"	""	""	"NO"	""	"NO"	""	"NO"	""	"Angiosarcoma facebook group"	"Three years after my diagnosis (2013) I had a splenectomy because of what turned out to be lymphangioma that we had been seeing on all my scans but had started to grow. In 2015 I had a blood clot in my liver (doctors guessed was caused by birth control or splenectomy). I am very thankful for this research and the angiosarcoma group. FUAS!"	"NO"	"SOUTH_EAST_ASIAN"	""	"BREAST"	""	"NO"	""	""	"NO"	""	""	""	"NO"	""	""	"YES"	"YES"	""	"11/16/80"	"True"	29	"BREAST (PARENCHYMAL)"	"Non-RAAS/LAAS"	0	"ASCProject_0014_T1"	29	"Breast (Parenchymal)"	29	"Breast (Parenchymal)"
"RP-1447_ASCProject_0017_T1_v1_RNA_OnPrem"	"ASCProject_0017_T1"	"Tumor"	"ASCProject_0017"	"RNA"	"T1"	"ASCProject_0017_T1"	"LCSET-23758"	"LCSET-23758"	0	"HEADFACENECKSCALP"	"BIOPSY "	"YES"	"YES"	"NO"	"HIGH"	"ASCProject_0017"	"HNFS"	"HNFS"	"Scalp"	"Liver, Bone, Distant Lymph Node"	"Liver, Bone, Distant Lymph Node"	NA	4	"67"	"F"	"HNFS"	"SKIN, RIGHT FRONTAL SCALP "	0	"NO"	1	1	"HNFS, HNFS"	"231"	"583"	""	""	""	""	"386"	"LIVER, BONE, DISTANT LYMPH NODE"	"LIVER, BONE, DISTANT LYMPH NODE"	"814"	"7/1/21"	"17_Moffitt_1, 17_Moffitt_2, 17_Moffitt_3, 17_Moffitt_4, 17_Venice, ASC_0017_T1_SK, ASC_0017_T2_SK, ASC_17_Path, ASC_17_Path_Suncoast"	"SS"	"HNFS"	0	1	"17"	"DIAGNOSED"	67.65205479	"SCALP"	""	""	""	"SCALP,LIVER,LYMPH,BONELIMB"	"Mets to liver, bone & lymph nodes reported via PET Scan 1/11/2017"	""	""	"SCALP,LIVER,LYMPH,BONELIMB"	""	""	""	"YES"	"NO"	"YES"	"AFTER"	"Taxol, Adriamycin, Lartruvo"	"YES"	"Regimen	Start Date	End Date	Cycles	Status
				
Adriamycin (doxorubicin)75mg/m2 IVP d1 Cycle 1-8 only; Lartruvo (olaratumab)15mg/kg IV d 1 & 8 q 21 days x 12 Cycles v5.0	02/02/2017	10/05/2017	12/0	Ongoing

Aloxi (Palonosetron hcl) IVP 	Administer IVP.Can be given over 30 sec. Please delete the Aloxi if pt is taking the Akynzeo day of 	treatment.
Decadron IV (Dexamethasone inj   Administer in 50ml NS over 20 min."	"NO"	""	"NO"	""	"Facebook"	""	"NO"	"WHITE"	""	"SCALP"	""	"NO"	""	""	"YES"	"LIVER,LYMPH,BONELIMB,OTHER"	""	""	"YES"	"Taxol 80 mg/m2 IV q wk / x 12 wks NCCN v5.0
Feb 1, 2016 thru May 9, 2016

Surgical resection of the right scalp 
May  20, 2017

Taxol 80 mg/m2 IV q wk / x 12 wks NCCN v5.0
July 13, 2016 htru Sept  28, 2016
Taxol reduced to 60mg starting 8/3/2016 Radistion Therapy started 8/2/2016 q M-F for 36 treatments

Radiation Therapy started 8/2/2016 q M-F for 36 treatments

Liver Biopsy at Moffitt Jan 11, 2017 showed Stage 4 Liver mets."	"Will be starting Adriamycin and Larturo IV therapy on Feb 2, 2107"	"NO"	"YES"	"I formed my own FB page of which family and friends are following my journey.  To date I have 200 people following and supporting my husband and me through this journey.  In addition I do follow the other Public Sarcoma groups."	"5/24/48"	"True"	67	"HNFS"	"Non-RAAS/LAAS"	3	"ASCProject_0017_T1"	67	"HNFS"	67	"HNFS"
"RP-1447_ASCProject_0017_T2_v1_RNA_OnPrem"	"ASCProject_0017_T2"	"Tumor"	"ASCProject_0017"	"RNA"	"T2"	"ASCProject_0017_T2"	"LCSET-23758"	"LCSET-23758"	144	"HEADFACENECKSCALP"	"RESECTION"	"YES"	"YES"	"NO"	"HIGH"	"ASCProject_0017"	"HNFS"	"HNFS"	"Scalp"	"Liver, Bone, Distant Lymph Node"	"Liver, Bone, Distant Lymph Node"	NA	4	"67"	"F"	"HNFS"	"SKIN, RIGHT FRONTAL SCALP "	0	"NO"	1	1	"HNFS, HNFS"	"231"	"583"	""	""	""	""	"386"	"LIVER, BONE, DISTANT LYMPH NODE"	"LIVER, BONE, DISTANT LYMPH NODE"	"814"	"7/1/21"	"17_Moffitt_1, 17_Moffitt_2, 17_Moffitt_3, 17_Moffitt_4, 17_Venice, ASC_0017_T1_SK, ASC_0017_T2_SK, ASC_17_Path, ASC_17_Path_Suncoast"	"SS"	"HNFS"	0	1	"17"	"DIAGNOSED"	67.65205479	"SCALP"	""	""	""	"SCALP,LIVER,LYMPH,BONELIMB"	"Mets to liver, bone & lymph nodes reported via PET Scan 1/11/2017"	""	""	"SCALP,LIVER,LYMPH,BONELIMB"	""	""	""	"YES"	"NO"	"YES"	"AFTER"	"Taxol, Adriamycin, Lartruvo"	"YES"	"Regimen	Start Date	End Date	Cycles	Status
				
Adriamycin (doxorubicin)75mg/m2 IVP d1 Cycle 1-8 only; Lartruvo (olaratumab)15mg/kg IV d 1 & 8 q 21 days x 12 Cycles v5.0	02/02/2017	10/05/2017	12/0	Ongoing

Aloxi (Palonosetron hcl) IVP 	Administer IVP.Can be given over 30 sec. Please delete the Aloxi if pt is taking the Akynzeo day of 	treatment.
Decadron IV (Dexamethasone inj   Administer in 50ml NS over 20 min."	"NO"	""	"NO"	""	"Facebook"	""	"NO"	"WHITE"	""	"SCALP"	""	"NO"	""	""	"YES"	"LIVER,LYMPH,BONELIMB,OTHER"	""	""	"YES"	"Taxol 80 mg/m2 IV q wk / x 12 wks NCCN v5.0
Feb 1, 2016 thru May 9, 2016

Surgical resection of the right scalp 
May  20, 2017

Taxol 80 mg/m2 IV q wk / x 12 wks NCCN v5.0
July 13, 2016 htru Sept  28, 2016
Taxol reduced to 60mg starting 8/3/2016 Radistion Therapy started 8/2/2016 q M-F for 36 treatments

Radiation Therapy started 8/2/2016 q M-F for 36 treatments

Liver Biopsy at Moffitt Jan 11, 2017 showed Stage 4 Liver mets."	"Will be starting Adriamycin and Larturo IV therapy on Feb 2, 2107"	"NO"	"YES"	"I formed my own FB page of which family and friends are following my journey.  To date I have 200 people following and supporting my husband and me through this journey.  In addition I do follow the other Public Sarcoma groups."	"5/24/48"	"True"	67	"HNFS"	"Non-RAAS/LAAS"	3	"ASCProject_0017_T2"	67	"HNFS"	67	"HNFS"
"RP-1447_ASCProject_0020_T1_v1_RNA_OnPrem"	"ASCProject_0020_T1"	"Tumor"	"ASCProject_0020"	"RNA"	"T1"	"ASCProject_0020_T1"	"LCSET-17718"	"LCSET-17718"	21	"BONELIMB"	"Resection"	"YES (FOCAL)"	"YES"	"YES"	"HIGH"	"ASCProject_0020"	"Breast (Cutaneous)"	"Breast (Cutaneous)"	"Thorax and trunk"	"No Mets"	"No Mets"	NA	3	"53"	"F"	"SKIN-CUTANEOUS (ASSOCIATED WITH PRIOR RT)"	"RIGHT ANTERIOR CHEST WALL LESION"	1	"NO"	1	0	""	""	""	""	""	""	""	""	"NO METS"	"NO METS"	"1809"	"6/17/21"	"ASC_20_MOFFIT, ASC_20_SUNCOAST,  ASC_0020_T1, ASC_20_FLORIDASPECIALIST"	"SS"	"BREAST (CUTANEOUS)"	0	0	"20"	"DIAGNOSED"	53.07945205	"OTHER"	""	""	"Right chest wall within radition field for rads from breast cancer treatment in 2008"	"OTHER"	""	""	"right chest wall"	"NED"	""	""	""	"YES"	"YES"	"YES"	"AFTER"	"none"	"NO"	""	"YES"	"invasive lobular carcinoma right breast;2007"	"YES"	"chest; for right breast cancer"	"Angiosarcoma Facebook group"	""	"NO"	"WHITE"	""	""	""	""	""	""	""	""	""	""	""	""	""	""	""	""	"1/17/60"	"True"	53	"BREAST (CUTANEOUS)"	"RAAS"	0	"ASCProject_0020_T1"	53	"Breast (Cutaneous)"	53	"Breast (Cutaneous)"
"RP-1447_ASCProject_0024_T2_v1_RNA_OnPrem"	"ASCProject_0024_T2"	"Tumor"	"ASCProject_0024"	"RNA"	"T2"	"ASCProject_0024_T2"	"LCSET-23758"	"LCSET-23758"	1258	"LUNG"	"PNEUMONECTOMY"	"YES"	"NO"	"YES"	"HIGH"	"ASCProject_0024"	"Other Visceral Organs"	"Lung"	"Lung"	"Brain"	"Brain"	NA	5	"27"	"M"	"VISCERAL ORGAN"	"LEFT LUNG LINGULA "	0	"NO"	0	1	"VISCERAL ORGAN"	"951"	""	""	""	""	""	"1584"	"BRAIN"	"BRAIN"	"3219"	"7/9/21"	"ASC_24_RCO_1of9, ASC_24_RCO_2of9, ASC_24_RCO_3of9, ASC_24_RCO_4of9, ASC_24_RCO_5of9, ASC_24_RCO_6of9, ASC_24_RCO_7of9, ASC_24_RCO_8of9, 24_1, 24_2,  24_3,  24_4,  24_5,  24_6,  24_7,  24_8,  24_9, ASC_24_Mayo, ASC_24_MdAnderson"	"IS"	"LUNG"	0	1	"24"	"DIAGNOSED"	27.39726027	"LUNG"	""	""	""	"LUNG,BRAIN,LYMPH"	""	""	""	"LUNG"	""	""	""	"YES"	"YES"	"YES"	"BOTH"	"Adriamycin, ifosfamide, and mesna; paclitaxel; docetaxel and gemcitabine; temozolomide; keytruda; adriamycin and olaratumab"	"YES"	"Adriamycin and olaratumab"	"NO"	""	"NO"	""	"Facebook and Dr Corrie Painter"	"Statistically, I had 5-6 months with a lung primary.  That was almost 8 years and a key reason why statistics aren't the end all.  We are our own best advocate.  I haven't been off treatment since this started, but it has been well worth it.  Living is the goal, and I will do what I need to in order to survive.  If this ends up being a chronic situation, I am prepared to live with that as many people live with chronic diseases.  I've also learned to take news without getting too emotional."	"NO"	"WHITE"	""	""	""	""	""	""	""	""	""	""	""	""	""	""	""	""	"4/16/82"	"True"	27	"LUNG"	"Non-RAAS/LAAS"	1	"ASCProject_0024_T2"	27	"Other Visceral Organs"	27	"Other Visceral Organs"
"RP-1447_ASCProject_0025_T1_v2_RNA_OnPrem"	"ASCProject_0025_T1"	"Tumor"	"ASCProject_0025"	"RNA"	"T1"	"ASCProject_0025_T1"	"LCSET-19328"	"LCSET-19328"	NA	""	""	""	""	""	""	"ASCProject_0025"	"Breast (Parenchymal)"	"Breast (Parenchymal)"	"Breast"	"Ovary"	"Ovary, Liver, Bone, Distant Lymph Node"	NA	9	"28"	"F"	"BREAST (PARENCHYMAL)"	"LEFT BREAST"	0	"NO"	0	0	""	""	""	""	""	""	""	"609"	"OTHER [LEFT OVARY, PARAOVARIAN/MESORECTAL SOFT TISSUE]"	"OTHER [LEFT OVARY, PARAOVARIAN/MESORECTAL SOFT TISSUE, PERITONEUM], LIVER, BONE, DISTANT LYMPH NODE"	"1503"	"1/18/22"	"ASC_25_MSKCC, ASC_0025_PathReport1, ASC_0025_Pathreport2, ASC_0025_T1, ASC_0025_T2"	"IS"	"BREAST (PARENCHYMAL)"	0	1	"25"	"DIAGNOSED"	28.99452055	"BREAST"	""	""	""	"OTHER"	""	""	"Ovary"	"NED"	""	""	""	"YES"	"YES"	"NO"	""	"9 cycles AIM (adriamycin and ifosfamide); 6 cycles gemcitabine/docetaxel/, 16 weekly cycles taxol; presently: gemcitabine/docetaxel/avastin"	"YES"	"gemcitabine/docetaxel/avastin"	"NO"	""	"NO"	""	"Faceboook - AS group"	"My cancer in breast coincided with hormonal events.  I also went through fertility preservation treatment post-mastectomy and prior to chemotherapy. Prescribed Lupron during first phase of \"clean-up\" chemotherapy in attempt shutdown ovaries and preserve fertility."	"NO"	"WHITE"	""	""	""	""	""	""	""	""	""	""	""	""	""	""	""	""	"11/10/85"	"True"	28	"BREAST (PARENCHYMAL)"	"Non-RAAS/LAAS"	6	"ASCProject_0025_T1"	28	"Breast (Parenchymal)"	28	"Breast (Parenchymal)"
"RP-1447_ASCProject_0025_T2_v2_RNA_OnPrem"	"ASCProject_0025_T2"	"Tumor"	"ASCProject_0025"	"RNA"	"T2"	"ASCProject_0025_T2"	"LCSET-19328"	"LCSET-19328"	NA	""	""	""	""	""	""	"ASCProject_0025"	"Breast (Parenchymal)"	"Breast (Parenchymal)"	"Breast"	"Ovary"	"Ovary, Liver, Bone, Distant Lymph Node"	NA	9	"28"	"F"	"BREAST (PARENCHYMAL)"	"LEFT BREAST"	0	"NO"	0	0	""	""	""	""	""	""	""	"609"	"OTHER [LEFT OVARY, PARAOVARIAN/MESORECTAL SOFT TISSUE]"	"OTHER [LEFT OVARY, PARAOVARIAN/MESORECTAL SOFT TISSUE, PERITONEUM], LIVER, BONE, DISTANT LYMPH NODE"	"1503"	"1/18/22"	"ASC_25_MSKCC, ASC_0025_PathReport1, ASC_0025_Pathreport2, ASC_0025_T1, ASC_0025_T2"	"IS"	"BREAST (PARENCHYMAL)"	0	1	"25"	"DIAGNOSED"	28.99452055	"BREAST"	""	""	""	"OTHER"	""	""	"Ovary"	"NED"	""	""	""	"YES"	"YES"	"NO"	""	"9 cycles AIM (adriamycin and ifosfamide); 6 cycles gemcitabine/docetaxel/, 16 weekly cycles taxol; presently: gemcitabine/docetaxel/avastin"	"YES"	"gemcitabine/docetaxel/avastin"	"NO"	""	"NO"	""	"Faceboook - AS group"	"My cancer in breast coincided with hormonal events.  I also went through fertility preservation treatment post-mastectomy and prior to chemotherapy. Prescribed Lupron during first phase of \"clean-up\" chemotherapy in attempt shutdown ovaries and preserve fertility."	"NO"	"WHITE"	""	""	""	""	""	""	""	""	""	""	""	""	""	""	""	""	"11/10/85"	"True"	28	"BREAST (PARENCHYMAL)"	"Non-RAAS/LAAS"	6	"ASCProject_0025_T2"	28	"Breast (Parenchymal)"	28	"Breast (Parenchymal)"
"RP-1447_ASCProject_0035_T2_v1_RNA_OnPrem"	"ASCProject_0035_T2"	"Tumor"	"ASCProject_0035"	"RNA"	"T2"	"ASCProject_0035_T2"	"LCSET-23758"	"LCSET-23758"	13	"HEADFACENECKSCALP"	""	""	""	""	""	"ASCProject_0035"	"HNFS"	"HNFS"	"Scalp"	"No Mets"	"No Mets"	NA	4	"59"	"F"	"HNFS"	"SCALP (POSTERIOR VERTEX)"	0	"NO"	1	1	"HNFS"	"897"	""	""	""	""	""	""	"NO METS"	"NO METS"	"2918"	"7/1/21"	"35_1, 35_2, 35_3, 35_4, 35_5, ASC_35_DERMATOLOGY"	"SS"	"HNFS"	0	0	"35"	"DIAGNOSED"	59.97260274	"SCALP"	""	""	""	"SCALP"	""	""	""	"NED"	""	""	""	"YES"	"YES"	"YES"	"AFTER"	"Chemo--taxol, taxotere, gemcitibene, adrimycin, ifosfomide, mesna"	"NO"	""	"YES"	"EHE-epithelial hemangioepithelioma;2011|basal cell carcinoma;1978"	"NO"	""	"Facebook page"	"I was first diagnosed with AS and the surgery was the immediate treatment.  After being diagnosed with EHE in January, 2011, I began treatment with chemo, radiation, and more chemo."	"NO"	"WHITE"	""	""	""	""	""	""	""	""	""	""	""	""	""	""	""	""	"7/26/49"	"True"	59	"HNFS"	"Non-RAAS/LAAS"	0	"ASCProject_0035_T2"	59	"HNFS"	59	"HNFS"
"RP-1447_ASCProject_0036_T1_v1_RNA_OnPrem"	"ASCProject_0036_T1"	"Tumor"	"ASCProject_0036"	"RNA"	"T1"	"ASCProject_0036_T1"	"LCSET-23758"	"LCSET-23758"	NA	"LUNG"	""	""	""	""	""	""	""	""	""	""	""	NA	NA	""	""	""	""	NA	""	NA	NA	""	""	""	""	""	""	""	""	""	""	""	""	""	""	""	NA	NA	""	""	NA	""	""	""	""	""	""	""	""	""	""	""	""	""	""	""	""	""	""	""	""	""	""	""	""	""	""	""	""	""	""	""	""	""	""	""	""	""	""	""	""	""	""	""	""	""	NA	""	""	NA	"ASCProject_0036_T1"	NA	""	NA	""
"RP-1447_ASCProject_0038_T1_v1_RNA_OnPrem"	"ASCProject_0038_T1"	"Tumor"	"ASCProject_0038"	"RNA"	"T1"	"ASCProject_0038_T1"	"LCSET-23758"	"LCSET-23758"	0	"HEADFACENECKSCALP"	"EXCISION"	"YES"	"NO"	"NO"	"LOW"	"ASCProject_0038"	"HNFS"	"HNFS"	"Scalp"	"Bone"	"Bone"	NA	5	"63"	"M"	"HNFS"	"ANTERIOR SCALP"	0	"NO"	1	1	"HNFS,HNFS"	"128"	"269"	""	""	""	""	"577"	"BONE"	"BONE"	"758"	"6/1/21"	"38_JOHNHOPKINS, PATH 38 T1, 38_OCR"	"SS"	"HNFS"	0	1	"38"	"DIAGNOSED"	63.07671233	"HEADFACENECK"	""	""	""	"HEADFACENECK"	""	""	""	"HEADFACENECK"	""	""	""	"YES"	"YES"	"NO"	""	"Docetaxil, Gemcitabine, Neulasta Onpro & Dexamethasone"	"YES"	"Chemo therapy"	"NO"	""	"NO"	""	"Corrine Painter on Facebook"	"I was first diagnosed September 13, 2016 and re diagnosed February . This was after first discovering a small brown spot on my head. I had a biopsy in 2015and was told that there were no issues. Approximately 6 months later in 2016 I noticed it was larger and went to a different dermatologist for another biopsy. They found it suspicious and referred me to a plastic surgeon. He performed 3 deep tissue biopsies. The results were still suspicious. After surgery the diagnosis was confirmed angiosarc"	"NO"	"WHITE"	""	""	""	""	""	""	""	""	""	""	""	""	""	""	""	""	"8/20/53"	"True"	63	"HNFS"	"Non-RAAS/LAAS"	1	"ASCProject_0038_T1"	63	"HNFS"	63	"HNFS"
"RP-1447_ASCProject_0038_T2_v1_RNA_OnPrem"	"ASCProject_0038_T2"	"Tumor"	"ASCProject_0038"	"RNA"	"T2"	"ASCProject_0038_T2"	"LCSET-26033"	"LCSET-26033"	NA	""	""	""	""	""	""	"ASCProject_0038"	"HNFS"	"HNFS"	"Scalp"	"Bone"	"Bone"	NA	5	"63"	"M"	"HNFS"	"ANTERIOR SCALP"	0	"NO"	1	1	"HNFS,HNFS"	"128"	"269"	""	""	""	""	"577"	"BONE"	"BONE"	"758"	"6/1/21"	"38_JOHNHOPKINS, PATH 38 T1, 38_OCR"	"SS"	"HNFS"	0	1	"38"	"DIAGNOSED"	63.07671233	"HEADFACENECK"	""	""	""	"HEADFACENECK"	""	""	""	"HEADFACENECK"	""	""	""	"YES"	"YES"	"NO"	""	"Docetaxil, Gemcitabine, Neulasta Onpro & Dexamethasone"	"YES"	"Chemo therapy"	"NO"	""	"NO"	""	"Corrine Painter on Facebook"	"I was first diagnosed September 13, 2016 and re diagnosed February . This was after first discovering a small brown spot on my head. I had a biopsy in 2015and was told that there were no issues. Approximately 6 months later in 2016 I noticed it was larger and went to a different dermatologist for another biopsy. They found it suspicious and referred me to a plastic surgeon. He performed 3 deep tissue biopsies. The results were still suspicious. After surgery the diagnosis was confirmed angiosarc"	"NO"	"WHITE"	""	""	""	""	""	""	""	""	""	""	""	""	""	""	""	""	"8/20/53"	"True"	63	"HNFS"	"Non-RAAS/LAAS"	1	"ASCProject_0038_T2"	63	"HNFS"	63	"HNFS"
"RP-1447_ASCProject_0044_T1_v1_RNA_OnPrem"	"ASCProject_0044_T1"	"Tumor"	"ASCProject_0044"	"RNA"	"T1"	"ASCProject_0044_T1"	"LCSET-18352"	"LCSET-18352"	NA	""	""	""	""	""	""	"ASCProject_0044"	"Other Visceral Organs"	"Lung"	"Lung"	"Bone"	"Bone, Distant Lymph Node"	NA	1	"40"	"M"	"VISCERAL ORGAN"	"LEFT LOWER LUNG"	0	"NO"	0	1	"VISCERAL ORGAN"	"728"	""	""	""	""	""	"0"	"BONE"	"BONE, DISTANT LYMPH NODES"	"777"	"6/8/21"	"44_NORTHWESTERN, ASC_0044_PATHREPORT, ASC_0044_T1, 44_1, 44_2"	"SS"	"LUNG"	0	1	"44"	"DIAGNOSED"	40.45479452	"LUNG,BONELIMB"	"L4 Lumbar and Hip/Pelvic Bone"	""	""	"LUNG,BONELIMB"	"L4 Lumbar and Hip/Pelvic Bone"	""	""	"LUNG,BONELIMB"	"L4 Lumbar and Hip/Pelvic Bone"	""	""	"NO"	""	"NO"	""	"Doxorubicin and Orlaratumab"	"YES"	"chemotherapy (Doxorubicin and Orlaratumab)"	"NO"	""	"NO"	""	"Corrie Painter"	""	"NO"	"WHITE"	""	""	""	""	""	""	""	""	""	""	""	""	""	""	""	""	"8/29/76"	"True"	40	"LUNG"	"Non-RAAS/LAAS"	2	"ASCProject_0044_T1"	40	"Other Visceral Organs"	40	"Other Visceral Organs"
"RP-1447_ASCProject_0045_T1_v1_RNA_OnPrem"	"ASCProject_0045_T1"	"Tumor"	"ASCProject_0045"	"RNA"	"T1"	"ASCProject_0045_T1"	"LCSET-23758"	"LCSET-23758"	14	"BREAST"	"MASTECTOMY"	"YES"	"NO"	"YES"	"HIGH"	"ASCProject_0045"	"Breast (Parenchymal)"	"Breast (Parenchymal)"	"Breast"	"No Mets"	"No Mets"	NA	5	"31"	"F"	"BREAST (PARENCHYMAL)"	"LEFT BREAST"	0	"NO"	0	0	""	""	""	""	""	""	""	""	"NO METS"	"NO METS"	"652"	"7/12/21"	"45_Banner MD Anderson, 45_Banner_Health_Pathology, ASC_45_BannerMD"	"IS"	"BREAST (PARENCHYMAL)"	0	0	"45"	"DIAGNOSED"	31.81917808	"BREAST"	""	""	""	"BREAST"	""	""	""	"NED"	""	""	""	"YES"	"YES"	"YES"	"AFTER"	"AIM I had 4 rounds. 30 treatments of radiation after."	"NO"	""	"NO"	""	"NO"	""	"Facebook"	"I fear of reocurrance and have anxiety close to scan time, like all others. I fear for my kids to end up with some random cancer as well. My scans have been pushed out to every 4 months and will be every 6 soon in May."	"NO"	"WHITE"	""	""	""	""	""	""	""	""	""	""	""	""	""	""	""	""	"6/14/83"	"True"	31	"BREAST (PARENCHYMAL)"	"Non-RAAS/LAAS"	0	"ASCProject_0045_T1"	31	"Breast (Parenchymal)"	31	"Breast (Parenchymal)"
"RP-1447_ASCProject_0047_T1_v1_RNA_OnPrem"	"ASCProject_0047_T1"	"Tumor"	"ASCProject_0047"	"RNA"	"T1"	"ASCProject_0047_T1"	"LCSET-23758"	"LCSET-23758"	0	"BREAST"	"EXCISION"	"YES"	"NO"	"NO"	"LOW"	"ASCProject_0047"	"Breast (Cutaneous)"	"Breast (Cutaneous)"	"Breast"	"No Mets"	"No Mets"	NA	5	"68"	"F"	"BREAST (CUTANEOUS)"	"RIGHT BREAST "	1	"NO"	1	0	""	""	""	""	""	""	""	""	"NO METS"	"NO METS"	"492"	"7/6/21"	"47 MEDICAL RECORD_OCR, SARASOTA_1OF2, SARASOTA_2OF2, FCS_fu, FCS"	"SS"	"BREAST (CUTANEOUS)"	0	0	"47"	"DIAGNOSED"	68.2630137	"BREAST"	""	""	""	"BREAST"	""	""	""	"DK"	""	""	""	"YES"	"YES"	"NO"	""	"CT scans every 4 months-no other TX after double masctectomy"	"NO"	""	"YES"	"papillary thyroid cancer-stage IV;2015|Invasive ductal carcinoma stage 1;2015"	"YES"	"Left breast"	"Facebook"	"I was diagnosed with thyroid cancer in Jan. 2015, then invasive ductal carcinoma in the left. breast for which I had radiation. Dec. 2015 angiosarcoma of right breast-had double mastectomy because margins were not clean. I am being watched with CT's every 4 months-would like more info."	"NO"	"WHITE"	""	""	""	""	""	""	""	""	""	""	""	""	""	""	""	""	"9/13/47"	"True"	68	"BREAST (CUTANEOUS)"	"RAAS"	0	"ASCProject_0047_T1"	68	"Breast (Cutaneous)"	68	"Breast (Cutaneous)"
"RP-1447_ASCProject_0049_T2_v1_RNA_OnPrem"	"ASCProject_0049_T2"	"Tumor"	"ASCProject_0049"	"RNA"	"T2"	"ASCProject_0049_T2"	"LCSET-23758"	"LCSET-23758"	159	"BREAST"	""	""	""	""	""	"ASCProject_0049"	"Breast (Parenchymal)"	"Breast (Parenchymal)"	"Breast"	"No Mets"	"No Mets"	NA	2	"29"	"F"	"BREAST (PARENCHYMAL)"	"LEFT BREAST"	0	"NO"	0	0	""	""	""	""	""	""	""	""	"NO METS"	"NO METS"	"1462"	"6/11/21"	"49_1, 49_2, 49_3, 49_4, ASC_49_SolisMammography"	"IS"	"BREAST (PARENCHYMAL)"	0	0	"49"	"DIAGNOSED"	29.28493151	"BREAST"	""	""	""	"BREAST"	""	""	""	"NED"	""	""	""	"YES"	"YES"	"NO"	""	"Adrimyacin, ifosfamide, mesna (AIM) and Gemcytobine and Taxotere (Gemtax)"	"NO"	""	"NO"	""	"NO"	""	"Corrie Painter facebook"	"I did 6 rounds of AIM, surgery and 6 rounds of cleanup Gemtax. Pathology showed clear margins after surgery and also that my tumor had shrunk 93% and of the remaining 7% there were only 1-2% of viable cancer cells left."	"NO"	"AMERICAN_INDIAN,WHITE"	""	""	""	""	""	""	""	""	""	""	""	""	""	""	""	""	"2/25/84"	"True"	29	"BREAST (PARENCHYMAL)"	"Non-RAAS/LAAS"	0	"ASCProject_0049_T2"	29	"Breast (Parenchymal)"	29	"Breast (Parenchymal)"
"RP-1447_ASCProject_0052_T1_v1_RNA_OnPrem"	"ASCProject_0052_T1"	"Tumor"	"ASCProject_0052"	"RNA"	"T1"	"ASCProject_0052_T1"	"LCSET-23758"	"LCSET-23758"	25	"BONELIMB"	""	""	""	""	""	"ASCProject_0052"	"Extremities"	"Lower Extremity"	"Hip"	"Lung"	"Lung"	NA	12	"27"	"M"	"EXTREMITY"	"LEFT FEMUR/LEFT HIP MASS"	0	"NO"	0	0	""	""	""	""	""	""	""	"5"	"LUNG"	"LUNG, EXTREMITY"	"1394"	"3/8/23"	"52_1_OCR, 52_2_OCR, 52_3_OCR, 52_4_OCR, 52_5_OCR, 52_6_OCR, 52_7_OCR"	"IS"	"EXTREMITY"	0	1	"52"	"DIAGNOSED"	27.57808219	"BONELIMB"	"Left femur, high by the pelvis"	""	""	"LUNG,OTHER"	""	""	"Lower left back around my surgical site"	"NED"	""	""	""	"YES"	"YES"	"NO"	""	"adriamycin ifosfamide mesna (aim) treatment, ineffective. Docetaxel treatment with neulasta injections, effective."	"NO"	""	"NO"	""	"NO"	""	"Fb from corrie painter"	"I've been clear on scans since Feb 2015.no treatment since then. Did have a hemipelvectomy performed to remove tumor, but not in time to stop spread into lungs them back."	"YES"	"WHITE"	""	""	""	""	""	""	""	""	""	""	""	""	""	""	""	""	"12/9/85"	"True"	27	"BONELIMB"	"Non-RAAS/LAAS"	2	"ASCProject_0052_T1"	27	"Extremities"	27	"Extremities"
"RP-1447_ASCProject_0055_T2_v1_RNA_OnPrem"	"ASCProject_0055_T2"	"Tumor"	"ASCProject_0055"	"RNA"	"T2"	"ASCProject_0055_T2"	"LCSET-23758"	"LCSET-23758"	511	"PECTORALIS MINOR"	"RESECTION"	"YES"	"NO"	"YES"	"HIGH"	"ASCProject_0055"	"Breast (Parenchymal)"	"Breast (Parenchymal)"	"Breast"	"Lung, Liver"	"Lung, Liver, Brain, Mediastinum"	NA	5	"37"	"F"	"BREAST (PARENCHYMAL)"	"LEFT BREAST"	0	"NO"	0	1	"TRUNK, REGIONAL LYMPH NODE"	"482"	"517"	""	""	""	""	"685"	"LUNG, LIVER"	"LUNG, LIVER, BRAIN, OTHER (SOFT TISSUE), OTHER (MEDIASTINUM)"	"1532"	"7/9/21"	"ASC_55_MSKCC_1of3, ASC_55_MSKCC_2of3, ASC_55_MSKCC_3of3, 55_MDA_1, 55_MDA_2, 55_MDA_3, ASC_55_MdAnderson, ASC_55_SloanKettering_1pgFollowup, ASC_55_T1_Path"	"SS"	"BREAST (PARENCHYMAL)"	0	1	"55"	"DIAGNOSED"	37.85479452	"BREAST"	""	""	""	"BREAST,LIVER,LUNG,BRAIN"	""	""	""	"LIVER,LUNG"	""	""	""	"YES"	"YES"	"YES"	"AFTER"	"Gemcitabane Docetaxol Adriamycin Ifosfamide Taxol Lartruvo Opdivo"	"YES"	"Gemcitabane
Docetaxol"	"NO"	""	"NO"	""	"Facebook"	""	"NO"	"WHITE"	""	""	""	""	""	""	""	""	""	""	""	""	""	""	""	""	"11/3/75"	"True"	37	"BREAST (PARENCHYMAL)"	"Non-RAAS/LAAS"	5	"ASCProject_0055_T2"	37	"Breast (Parenchymal)"	37	"Breast (Parenchymal)"
"RP-1447_ASCProject_0061_T1_v1_RNA_OnPrem"	"ASCProject_0061_T1"	"Tumor"	"ASCProject_0061"	"RNA"	"T1"	"ASCProject_0061_T1"	"LCSET-18352"	"LCSET-18352"	NA	""	""	""	""	""	""	"ASCProject_0061"	"Breast (Parenchymal)"	"Breast (Parenchymal)"	"Breast"	"Breast, Bone, Liver"	"Breast, Bone, Liver"	NA	9	"46"	"F"	"BREAST (PARENCHYMAL)"	"RIGHT BREAST"	0	"NO"	0	0	""	""	""	""	""	""	""	"1856"	"OTHER [LEFT BREAST], BONE, LIVER"	"OTHER [LEFT BREAST], BONE, LIVER"	"1996"	"1/19/22"	"61_BWH, 61_St.Joseph, ASC_61_BWH_Path, ASC_61_DFCI_full, ASC_0061_T1_PathReport, ASC_0061_T1_SK"	"IS"	"BREAST (PARENCHYMAL)"	0	1	"61"	"DIAGNOSED"	46.29041096	"BREAST"	""	""	""	"BREAST"	""	""	""	"NED"	""	""	""	"YES"	"YES"	"YES"	"AFTER"	"None"	"NO"	""	"NO"	""	"NO"	""	"Internet searches, which, led me to the AngioSarcoma Cancer Facebook Page"	"Diagnosed by Dr. Ophelia Chan @ St. Joseph Hospital, Nashua, NH 09/2013 Via 3D mammogram & punch biopsies. Primary AngioSarcoma in the upper portion of right breast, 7cm. Treated @ Brigham & Womens Hospital. Boston, MA. Simple Mastectomy w/clean margins followed up w/35, (7 wks., M-F) 5 min. Increments of 'low dosage' radiation treatments.  Post-tratment: CT Blood draw every 90 days for 2 yrs.   Dr. Jeffrey Morgan, Oncology, Dana Farber Cancer Inst. Boston, MA Transitioned to every 6 mo.now. NED"	"NO"	"WHITE"	""	""	""	""	""	""	""	""	""	""	""	""	""	""	""	""	"5/30/67"	"True"	46	"BREAST (PARENCHYMAL)"	"Non-RAAS/LAAS"	3	"ASCProject_0061_T1"	46	"Breast (Parenchymal)"	46	"Breast (Parenchymal)"
"RP-1447_ASCProject_0063_T1_v1_RNA_OnPrem"	"ASCProject_0063_T1"	"Tumor"	"ASCProject_0063"	"RNA"	"T1"	"ASCProject_0063_T1"	"LCSET-18352"	"LCSET-18352"	NA	""	""	""	""	""	""	"ASCProject_0063"	"HNFS"	"HNFS"	"Scalp"	"Distant Lymph Node, Bone, Neck, Head"	"Distant Lymph Node, Bone, Neck, Head"	NA	5	"74"	"M"	"HNFS"	"RIGHT SCALP"	0	"NO"	1	1	"HNFS"	"705"	""	""	""	""	""	"705"	"DISTANT LYMPH NODE, BONE, OTHER (NECK MUSCLE), OTHER(PARATOID GLAND)"	"DISTANT LYMPH NODE, BONE, OTHER (NECK MUSCLE), OTHER(PARATOID GLAND)"	"852"	"7/12/21"	"63_1, 63_2, 63_3, 63_4, 63_5, 63_UCSF, ASC_63_MDANDERSON, ASC_0063_T1_ORIGINALPATH, ASC_0063_T1, ASC_0063_T2, ASC_0063_T3_SK"	"SS"	"HNFS"	0	1	"63"	"DIAGNOSED"	75.46575342	"SCALP"	""	""	""	"SCALP"	""	""	""	"NED"	""	""	""	"YES"	"YES"	"YES"	"AFTER"	"Taxol"	"YES"	"Radiation"	"YES"	"Prostat;2007"	"YES"	"Prostat"	"Corrie / Facebook Angiosarcoma page"	""	"NO"	"WHITE"	""	""	""	""	""	""	""	""	""	""	""	""	""	""	""	""	"1/1/42"	"True"	74	"HNFS"	"Non-RAAS/LAAS"	4	"ASCProject_0063_T1"	74	"HNFS"	74	"HNFS"
"RP-1447_ASCProject_0063_T3_v1_RNA_OnPrem"	"ASCProject_0063_T3"	"Tumor"	"ASCProject_0063"	"RNA"	"T3"	"ASCProject_0063_T3"	"LCSET-17718"	"LCSET-17718"	-114	"HEADFACENECKSCALP"	"Resection"	"YES"	"NO"	"NO"	"HIGH"	"ASCProject_0063"	"HNFS"	"HNFS"	"Scalp"	"Distant Lymph Node, Bone, Neck, Head"	"Distant Lymph Node, Bone, Neck, Head"	NA	5	"74"	"M"	"HNFS"	"RIGHT SCALP"	0	"NO"	1	1	"HNFS"	"705"	""	""	""	""	""	"705"	"DISTANT LYMPH NODE, BONE, OTHER (NECK MUSCLE), OTHER(PARATOID GLAND)"	"DISTANT LYMPH NODE, BONE, OTHER (NECK MUSCLE), OTHER(PARATOID GLAND)"	"852"	"7/12/21"	"63_1, 63_2, 63_3, 63_4, 63_5, 63_UCSF, ASC_63_MDANDERSON, ASC_0063_T1_ORIGINALPATH, ASC_0063_T1, ASC_0063_T2, ASC_0063_T3_SK"	"SS"	"HNFS"	0	1	"63"	"DIAGNOSED"	75.46575342	"SCALP"	""	""	""	"SCALP"	""	""	""	"NED"	""	""	""	"YES"	"YES"	"YES"	"AFTER"	"Taxol"	"YES"	"Radiation"	"YES"	"Prostat;2007"	"YES"	"Prostat"	"Corrie / Facebook Angiosarcoma page"	""	"NO"	"WHITE"	""	""	""	""	""	""	""	""	""	""	""	""	""	""	""	""	"1/1/42"	"True"	74	"HNFS"	"Non-RAAS/LAAS"	4	"ASCProject_0063_T3"	74	"HNFS"	74	"HNFS"
"RP-1447_ASCProject_0064_T2_v1_RNA_OnPrem"	"ASCProject_0064_T2"	"Tumor"	"ASCProject_0064"	"RNA"	"T2"	"ASCProject_0064_T2"	"LCSET-23758"	"LCSET-23758"	4380	"LUNG"	"RESECTION"	"YES (FOCAL)"	"YES"	"NO"	"HIGH"	"ASCProject_0064"	"HNFS"	"HNFS"	"Forehead"	"Lung"	"Lung, Bone"	NA	5	"32"	"F"	"HNFS"	"LEFT FOREHEAD"	0	"NO"	1	0	""	""	""	""	""	""	""	"4146"	"LUNG"	"LUNG, BONE"	"5124"	"6/15/21"	"64 OU Medical Record, 64_1, 64_2, 64_3, 64_4, 64_5, 64_6, 64_INTEGRIS_FOLLOWUP, 64_INTEGRIS, ASC_64_MDANDERSON"	"SS"	"HNFS"	0	1	"64"	"DIAGNOSED"	32.65753425	"SCALP"	""	""	""	"SCALP,LUNG"	""	""	""	"LUNG"	""	""	""	"YES"	"YES"	"YES"	"AFTER"	"Taxol"	"YES"	"Taxol"	"NO"	""	"NO"	""	"Facebook"	"I am on my 6th round of taxol. Have had some tumor shrinkage. Possible surgery for removal at some point."	"NO"	"WHITE"	""	""	""	""	""	""	""	""	""	""	""	""	""	""	""	""	"10/12/72"	"True"	32	"HNFS"	"Non-RAAS/LAAS"	2	"ASCProject_0064_T2"	32	"HNFS"	32	"HNFS"
"RP-1447_ASCProject_0065_T1A_v1_RNA_OnPrem"	"ASCProject_0065_T1A"	"Tumor"	"ASCProject_0065"	"RNA"	"T1A"	"ASCProject_0065_T1A"	"LCSET-20590"	"LCSET-20590"	NA	""	""	""	""	""	""	"ASCProject_0065"	"Musculoskeletal"	"Retroperitoneum"	"Retroperitoneum"	"No Mets"	"No Mets"	NA	9	"60"	"F"	"OTHER (LEFT RETROPERITONEUM, ADRENAL GLAND)"	"LEFT RETROPERITONEAL MASS/ADRENAL GLAND"	0	"NO"	0	0	""	""	""	""	""	""	""	""	"NO METS"	"NO METS"	"2501"	"1/19/22"	"ASC_65_mdanderson_full, ASC_65_pathreport, ASC_0065_PathReport, ASC_65_SK "	"IS"	"OTHER"	0	0	"65"	"DIAGNOSED"	60.22191781	"SPLEEN,OTHER"	""	""	"Kidney Adrenal  lymph nodes of spleen"	"OTHER"	""	""	"Kidney Adrenal lymph nodes of spleen"	"NED"	""	""	""	"YES"	"YES"	"NO"	""	""	"NO"	""	"YES"	"Thyroid;2013|Melanoma ;1976"	"NO"	""	"Angiosarcoma Awareness"	"First Symptoms 6/2011 age 59 via multiple kidney infection pain tx with antibiotics in Texas thought resolved...
Adrenal hemorrhage in CA 11/2011 unknown tumor.detected via CT scan in CA unknown but suspected benign. Wait and see with more hemorrhages/hospitalizations  tumor board agreement that tumor was benign...no surgery recommended as tumor and hemmorage increased. Multiple transfusions. Finally told off the record  no surgery till critical at UCSF. Self referred to MDA delays in DX and TX"	"NO"	"WHITE"	""	""	""	""	""	""	""	""	""	""	""	""	""	""	""	""	"6/27/52"	"True"	60	"OTHER"	"Non-RAAS/LAAS"	0	"ASCProject_0065_T1A"	60	"Musculoskeletal"	60	"Musculoskeletal"
"RP-1447_ASCProject_0065_T1B_v1_RNA_OnPrem"	"ASCProject_0065_T1B"	"Tumor"	"ASCProject_0065"	"RNA"	"T1B"	"ASCProject_0065_T1B"	"LCSET-20590"	"LCSET-20590"	NA	""	""	""	""	""	""	"ASCProject_0065"	"Musculoskeletal"	"Retroperitoneum"	"Retroperitoneum"	"No Mets"	"No Mets"	NA	9	"60"	"F"	"OTHER (LEFT RETROPERITONEUM, ADRENAL GLAND)"	"LEFT RETROPERITONEAL MASS/ADRENAL GLAND"	0	"NO"	0	0	""	""	""	""	""	""	""	""	"NO METS"	"NO METS"	"2501"	"1/19/22"	"ASC_65_mdanderson_full, ASC_65_pathreport, ASC_0065_PathReport, ASC_65_SK "	"IS"	"OTHER"	0	0	"65"	"DIAGNOSED"	60.22191781	"SPLEEN,OTHER"	""	""	"Kidney Adrenal  lymph nodes of spleen"	"OTHER"	""	""	"Kidney Adrenal lymph nodes of spleen"	"NED"	""	""	""	"YES"	"YES"	"NO"	""	""	"NO"	""	"YES"	"Thyroid;2013|Melanoma ;1976"	"NO"	""	"Angiosarcoma Awareness"	"First Symptoms 6/2011 age 59 via multiple kidney infection pain tx with antibiotics in Texas thought resolved...
Adrenal hemorrhage in CA 11/2011 unknown tumor.detected via CT scan in CA unknown but suspected benign. Wait and see with more hemorrhages/hospitalizations  tumor board agreement that tumor was benign...no surgery recommended as tumor and hemmorage increased. Multiple transfusions. Finally told off the record  no surgery till critical at UCSF. Self referred to MDA delays in DX and TX"	"NO"	"WHITE"	""	""	""	""	""	""	""	""	""	""	""	""	""	""	""	""	"6/27/52"	"True"	60	"OTHER"	"Non-RAAS/LAAS"	0	"ASCProject_0065_T1B"	60	"Musculoskeletal"	60	"Musculoskeletal"
"RP-1447_ASCProject_0068_T1_v1_RNA_OnPrem"	"ASCProject_0068_T1"	"Tumor"	"ASCProject_0068"	"RNA"	"T1"	"ASCProject_0068_T1"	"LCSET-23758"	"LCSET-23758"	0	"ABDOMEN"	"EXCISION"	"YES (FOCAL)"	"YES"	"YES"	"HIGH"	"ASCProject_0068"	"Musculoskeletal"	"Retroperitoneum"	"Retroperitoneum"	"No Mets"	"No Mets"	NA	5	"55"	"F"	"OTHER (LEFT PELVIS, RETROPERITONEUM)"	"LEFT PELVIC/RETROPERITONEAL MASS"	0	"NO"	0	0	""	""	""	""	""	""	""	""	"NO METS"	"NO METS"	"1883"	"7/16/21"	"68_1, 68_2"	"SS"	"OTHER"	0	0	"68"	"DIAGNOSED"	55.6739726	"ABDOMINAL"	""	"Retroperitoneal 6 x 8 cm tumor"	""	"ABDOMINAL"	""	""	""	"NED"	""	""	""	"YES"	"NO"	"NO"	""	"AIM , switched to a different one due to side effects, but I can't remember what it was"	"NO"	""	"YES"	"Vulvar cancer;2001"	"NO"	""	"Research online"	"I was seen at M.D.Anderson for scans and orders for treatment by Dr. Ravi.  He worked with a more local oncologist to provide chemo closer to home."	"NO"	"WHITE"	""	""	""	""	""	""	""	""	""	""	""	""	""	""	""	""	"7/12/56"	"True"	55	"OTHER"	"Non-RAAS/LAAS"	0	"ASCProject_0068_T1"	55	"Musculoskeletal"	55	"Musculoskeletal"
"RP-1447_ASCProject_0076_T1_v1_RNA_OnPrem"	"ASCProject_0076_T1"	"Tumor"	"ASCProject_0076"	"RNA"	"T1"	"ASCProject_0076_T1"	"LCSET-23758"	"LCSET-23758"	42	"BREAST"	"MASTECTOMY"	"YES"	"NO"	"NO"	"LOW"	"ASCProject_0076"	"Breast (Parenchymal)"	"Breast (Parenchymal)"	"Breast"	"No Mets"	"No Mets"	NA	5	"51"	"F"	"BREAST (PARENCHYMAL)"	"RIGHT BREAST"	0	"NO"	0	0	""	""	""	""	""	""	""	""	"NO METS"	"NO METS"	"709"	"7/20/21"	"76 SMJH; ASC_76_T1_path"	"SS"	"BREAST (PARENCHYMAL)"	0	0	"76"	"DIAGNOSED"	51.70136986	"BREAST"	""	""	""	"BREAST"	""	""	""	"NED"	""	""	""	"YES"	"YES"	"YES"	"AFTER"	"Gemcitibine and Docetaxel"	"NO"	""	"NO"	""	"NO"	""	"I am in the Angiosarcoma Facebook group"	"My mother died suddenly and unexpectedly in June 2012. Devastating loss. Noticed breast difference spring 2013. Was also in perimenopause. Thought it was fibrocystic. Mammogram summer 2013 showed thickening but nothing abnormal. Pursued further a few months later. Two biopsies (needle and open) both misdiagnosed as hemangioma or angiolipoma. Pathologists looked at slides again and dx'd AS. Two surgeries, deep tumor, extremely small deep margin on resection. Chemo then Rads. So far, NED."	"NO"	"WHITE"	""	""	""	""	""	""	""	""	""	""	""	""	""	""	""	""	"8/1/62"	"True"	51	"BREAST (PARENCHYMAL)"	"Non-RAAS/LAAS"	0	"ASCProject_0076_T1"	51	"Breast (Parenchymal)"	51	"Breast (Parenchymal)"
"RP-1447_ASCProject_0078_T6_v1_RNA_OnPrem"	"ASCProject_0078_T6"	"Tumor"	"ASCProject_0078"	"RNA"	"T6"	"ASCProject_0078_T6"	"LCSET-24411"	"LCSET-24411"	NA	""	""	""	""	""	""	"ASCProject_0078"	"Breast (Cutaneous)"	"Breast (Cutaneous)"	"Breast Skin"	"No Mets"	"No Mets"	NA	11	"64"	"F"	"BREAST (CUTANEOUS)"	"LEFT BREAST SKIN"	1	"NO"	1	1	"LEFT CHEST WALL SKIN, LEFT CHEST WALL SKIN, LEFT CHEST WALL SKIN, LEFT CHEST WALL SKIN, LEFT CHEST WALL SKIN"	"1962"	"2345"	"2904"	"3136"	"3653"	""	""	"NO METS"	"NO METS"	"4178"	"8/9/22"	"ASC_78_OSHU, ASC_78_Path_report1_TualityM_OCR, ASC_78_PathM_OCR, ASC_78_T6_OHSU_PathReport, ASC_78_T8_OHSU_PathReport, ASC_78_TualityM_OCR"	"BT"	"BREAST (CUTANEOUS)"	0	0	"78"	"DIAGNOSED"	64.82465753	"BREAST"	""	""	""	"BREAST,LYMPH"	""	""	""	"BREAST"	""	""	""	"YES"	"YES"	"NO"	""	"Only surgery and additional surgery as small spots appeared on chest wall"	"NO"	""	"YES"	"Breast Cancer;1998"	"YES"	"Radiation for breast cancer in 1998"	"Angioawareness on facebook"	"As we all know - early detection and education to new breast cancer patients about hazards of radiation.  It may be an aggressive life sentence but we cannot allow it to dominate our lives, but as so many have - go forward with enthusiasm."	"NO"	"WHITE"	""	""	""	""	""	""	""	""	""	""	""	""	""	""	""	""	"12/21/43"	"True"	64	"BREAST (CUTANEOUS)"	"RAAS"	0	"ASCProject_0078_T6"	64	"Breast (Cutaneous)"	64	"Breast (Cutaneous)"
"RP-1447_ASCProject_0078_T8_v1_RNA_OnPrem"	"ASCProject_0078_T8"	"Tumor"	"ASCProject_0078"	"RNA"	"T8"	"ASCProject_0078_T8"	"LCSET-24411"	"LCSET-24411"	NA	""	""	""	""	""	""	"ASCProject_0078"	"Breast (Cutaneous)"	"Breast (Cutaneous)"	"Breast Skin"	"No Mets"	"No Mets"	NA	11	"64"	"F"	"BREAST (CUTANEOUS)"	"LEFT BREAST SKIN"	1	"NO"	1	1	"LEFT CHEST WALL SKIN, LEFT CHEST WALL SKIN, LEFT CHEST WALL SKIN, LEFT CHEST WALL SKIN, LEFT CHEST WALL SKIN"	"1962"	"2345"	"2904"	"3136"	"3653"	""	""	"NO METS"	"NO METS"	"4178"	"8/9/22"	"ASC_78_OSHU, ASC_78_Path_report1_TualityM_OCR, ASC_78_PathM_OCR, ASC_78_T6_OHSU_PathReport, ASC_78_T8_OHSU_PathReport, ASC_78_TualityM_OCR"	"BT"	"BREAST (CUTANEOUS)"	0	0	"78"	"DIAGNOSED"	64.82465753	"BREAST"	""	""	""	"BREAST,LYMPH"	""	""	""	"BREAST"	""	""	""	"YES"	"YES"	"NO"	""	"Only surgery and additional surgery as small spots appeared on chest wall"	"NO"	""	"YES"	"Breast Cancer;1998"	"YES"	"Radiation for breast cancer in 1998"	"Angioawareness on facebook"	"As we all know - early detection and education to new breast cancer patients about hazards of radiation.  It may be an aggressive life sentence but we cannot allow it to dominate our lives, but as so many have - go forward with enthusiasm."	"NO"	"WHITE"	""	""	""	""	""	""	""	""	""	""	""	""	""	""	""	""	"12/21/43"	"True"	64	"BREAST (CUTANEOUS)"	"RAAS"	0	"ASCProject_0078_T8"	64	"Breast (Cutaneous)"	64	"Breast (Cutaneous)"
"RP-1447_ASCProject_0082_T1_v1_RNA_OnPrem"	"ASCProject_0082_T1"	"Tumor"	"ASCProject_0082"	"RNA"	"T1"	"ASCProject_0082_T1"	"LCSET-23758"	"LCSET-23758"	0	"HEADFACENECKSCALP"	""	""	""	""	""	"ASCProject_0082"	"HNFS"	"HNFS"	"Temple"	"No Mets"	"No Mets"	NA	2	"60"	"M"	"HNFS"	"LEFT TEMPLE"	0	"NO"	1	0	""	""	""	""	""	""	""	""	"NO METS"	"NO METS"	"794"	"6/11/21"	"ASC_82_MSKCC_1of2, ASC_82_MSKCC_2of2"	"IS"	"HNFS"	0	0	"82"	"DIAGNOSED"	60.89863014	"HEADFACENECK"	""	""	""	"HEADFACENECK"	""	""	""	"NED"	""	""	""	"YES"	"YES"	"NO"	""	"Doxil"	"NO"	""	"NO"	""	"NO"	""	"Corrie Painter"	""	"NO"	"WHITE"	""	""	""	""	""	""	""	""	""	""	""	""	""	""	""	""	"2/22/54"	"True"	60	"HNFS"	"Non-RAAS/LAAS"	0	"ASCProject_0082_T1"	60	"HNFS"	60	"HNFS"
"RP-1447_ASCProject_0088_T3_v1_RNA_OnPrem"	"ASCProject_0088_T3"	"Tumor"	"ASCProject_0088"	"RNA"	"T3"	"ASCProject_0088_T3"	"LCSET-23758"	"LCSET-23758"	782	"CHEST"	""	""	""	""	""	"ASCProject_0088"	"Breast (Cutaneous)"	"Breast (Cutaneous)"	"Breast Skin"	"No Mets"	"No Mets"	NA	2	"47"	"F"	"BREAST (CUTANEOUS)"	"RIGHT BREAST SKIN"	1	"NO"	1	1	"RIGHT CHEST WALL SKIN"	"782"	""	""	""	""	""	""	"NO METS"	"NO METS"	"1288"	"4/9/21"	"88_1, 88_2, 88_3, 88_emailed_1, 88_emailed_2, 88_Mayo_Report_Repeat_1,  88_Mayo_Report_Repeat_2, 88_Mayo_Report, 88_Path "	"IS"	"BREAST (CUTANEOUS)"	0	0	"88"	"DIAGNOSED"	47.13424658	"BREAST"	""	""	""	"BREAST"	""	""	""	"BREAST"	""	""	""	"YES"	"YES"	"YES"	"BOTH"	"Chemotherapies : Adriamycin, Ifosomide, Mesna, Taxol, Paclitaxel, Gemcitabine. I can not find my list, this is what I can remember and then of course all the pre-drugs before your actual chemo Medications: Klor-Con, Magnesium, Carvedilol, Enalapril, Atavan, Zofran, Reglan, Compazine, Magic Mouthwash, Different steroids I cant remember. I may come back to this and add more"	"YES"	"Votrient"	"YES"	"Invasive Ductal Carcinoma of the Breast;2006|Myelodysplastic Syndrome;2019"	"YES"	"The Right Breast"	"Angiosarcoma Facebook Page"	"I was diagnosed with Radiation Induced Angiosarcoma in Fall 2013. I received many Chemotherapy treatments locally, but directed by Dr. Ravi from MDAnderson. After 15 months of chemo and surgeries was declared NED in May 2015. In Nov 2015, I had a recurrence where I have had more chemo, surgery and radiation. In Dec 2016 was NED. However news areas of concern have developed and I will be going back the 1st week in April to Rochester. Would love to give more details, however space does not allow."	"NO"	"WHITE"	""	""	""	""	""	""	""	""	""	""	""	""	""	""	""	""	"8/25/66"	"True"	47	"BREAST (CUTANEOUS)"	"RAAS"	0	"ASCProject_0088_T3"	47	"Breast (Cutaneous)"	47	"Breast (Cutaneous)"
"RP-1447_ASCProject_0089_T1_v1_RNA_OnPrem"	"ASCProject_0089_T1"	"Tumor"	"ASCProject_0089"	"RNA"	"T1"	"ASCProject_0089_T1"	"LCSET-23758"	"LCSET-23758"	0	"BREAST"	"EXCISION"	"YES"	"NO"	"YES"	"HIGH"	"ASCProject_0089"	"Breast (Parenchymal)"	"Breast (Parenchymal)"	"Breast"	"No Mets"	"No Mets"	NA	5	"34"	"F"	"BREAST (PARENCHYMAL)"	"RIGHT BREAST"	0	"NO"	0	0	""	""	""	""	""	""	""	""	"NO METS"	"NO METS"	"1525"	"7/19/21"	"89_JHH, 89_UPMC, ASC_89_UPMCPinnacle_new"	"IS"	"BREAST (PARENCHYMAL)"	0	0	"89"	"DIAGNOSED"	34.39452055	"BREAST"	""	""	""	"BREAST"	""	""	""	"NED"	""	""	""	"YES"	"YES"	"NO"	""	"Mastectomy 12 weeks of clean up chemo gemzar and taxotere"	"NO"	""	"NO"	""	"NO"	""	"Facebook"	"I was misdiagnosed 6 months before diagnosis...told it was a fibroadenoma benign...was told to follow up in 6 months to recheck size/growth and it didn't really change. This time a biopsy was done which came back with vascular properties. A lumpectomy was next which confirmed diagnosis. 5 cm tumor was taken out but actual size was 3.5 cm as it was surrounded in fat. It had benign low grade and high grade parts."	"NO"	"WHITE"	""	""	""	""	""	""	""	""	""	""	""	""	""	""	""	""	"11/17/78"	"True"	34	"BREAST (PARENCHYMAL)"	"Non-RAAS/LAAS"	0	"ASCProject_0089_T1"	34	"Breast (Parenchymal)"	34	"Breast (Parenchymal)"
"RP-1447_ASCProject_0092_T1_v1_RNA_OnPrem"	"ASCProject_0092_T1"	"Tumor"	"ASCProject_0092"	"RNA"	"T1"	"ASCProject_0092_T1"	"LCSET-20214"	"LCSET-20214"	NA	""	""	""	""	""	""	"ASCProject_0092"	"Breast (Parenchymal)"	"Breast (Parenchymal)"	"Breast"	"No Mets"	"No Mets"	NA	9	"54"	"F"	"BREAST (PARENCHYMAL)"	"LEFT BREAST"	0	"NO"	0	0	""	""	""	""	""	""	""	""	"NO METS"	"NO METS"	"2218"	"1/19/22"	"92_St.Johns, ASC_0092_T1_CedarsSinaiMC_original, ASC_0092_T1_Providence St. johns health_original, ASC_0092_USC"	"IS"	"BREAST (PARENCHYMAL)"	0	0	"92"	"DIAGNOSED"	54.80273973	"BREAST"	""	""	""	"BREAST"	""	""	""	"NED"	""	""	""	"YES"	"YES"	"NO"	""	"Taxol"	"NO"	""	"NO"	""	"NO"	""	"Corrie Painter"	"I was healthy when diagnosed and immediately decided to put myself on my version of a \"cancer free\" diet (zero sugar, low gluten, zero dairy, zero alcohol). I also worked closely with a naturopathic physician who watched my inflammatory levels through a variety of measurements and recommended supplements known to fight cancer."	"NO"	"WHITE"	""	""	""	""	""	""	""	""	""	""	""	""	""	""	""	""	"4/28/59"	"True"	54	"BREAST (PARENCHYMAL)"	"Non-RAAS/LAAS"	0	"ASCProject_0092_T1"	54	"Breast (Parenchymal)"	54	"Breast (Parenchymal)"
"RP-1447_ASCProject_0097_T2_v1_RNA_OnPrem"	"ASCProject_0097_T2"	"Tumor"	"ASCProject_0097"	"RNA"	"T2"	"ASCProject_0097_T2"	"LCSET-23758"	"LCSET-23758"	1092	"HEADFACENECKSCALP"	"EXCISION"	"YES"	"NO"	"YES"	"HIGH"	"ASCProject_0097"	"HNFS"	"HNFS"	"Neck"	"Bone"	"Bone, Skin, Visceral Organ"	NA	5	"38"	"F"	"HNFS"	"RIGHT NECK"	1	"NO"	1	1	"HNFS, HNFS, HNFS, HNFS, HNFS, HNFS"	"395"	"1066"	"2830"	"3138"	"3243"	"4329"	"425"	"BONE"	"BONE, SKIN, VISCERAL ORGAN"	"4759"	"7/21/21"	"97_1_OCR, 97_2_OCR, 97_3_OCR, 97_4_OCR, 97_5_OCR, 97_6_OCR, 97_LutheranHospitalofIndiana"	"IS"	"HNFS"	0	1	"97"	"DIAGNOSED"	38.47671233	"HEADFACENECK"	""	""	""	"HEADFACENECK,LIVER,BONELIMB,OTHER"	"metastatic disease in thoracic and lumbar vertebrae, sacrum, and left pelvic bones"	""	"cutaneous AS of chest(extensive)"	"HEADFACENECK,LIVER,BONELIMB,OTHER"	"metastatic disease in thoracic and lumbar vertebrae, sacrum, and left pelvic bones"	""	"cutaneous AS of chest(extensive)"	"YES"	"NO"	"NO"	""	"5/04 Adriamycin 75mg/m2, four cycles 8/04 Taxol 175mg/m2, four cycles every 3 weeks 4/05 Doxil 40mg/m2, four cycles every 4 weeks 10/05 Sorafenib 400mg PO twice daily 2008 Rapamune added to Sorafenib.  01/12 Pazopanib 800mg PO daily 11/12 Gemcitabine and Docetaxol, three cycles 03/13 Sorafenib 400mg PO twice daily 10/13 Taxol 80mg/m2 and Avastin 10mg/kg, 6 cycles 10/14 Regorafenib 80mg(2 tabs) PO daily 03-11/15 Abraxane IV 06-09/16 Opdivo/Yervoy  03-13-17 Started Keytruda 200mg"	"YES"	"03-13-17 Started Keytruda 200mg"	"YES"	"Hodgkin's Lymphoma;1982|Squamous cell skin cancer left ear;2006|intraductal breast cancer left, carcinoma in situ right;2011"	"NO"	""	"I'm a member of angiosarcoma cancer on facebook"	"02/07 My second wide resection right neck. This time with intra-op radiation(1500cGy)"	"NO"	"WHITE"	""	""	""	""	""	""	""	""	""	""	""	""	""	""	""	""	"9/18/65"	"True"	38	"HNFS"	"RAAS"	3	"ASCProject_0097_T2"	38	"HNFS"	38	"HNFS"
"RP-1447_ASCProject_0097_T3_v1_RNA_OnPrem"	"ASCProject_0097_T3"	"Tumor"	"ASCProject_0097"	"RNA"	"T3"	"ASCProject_0097_T3"	"LCSET-23758"	"LCSET-23758"	2394	"HEADFACENECKSCALP"	"RESECTION"	"YES"	"NO"	"YES"	"HIGH"	"ASCProject_0097"	"HNFS"	"HNFS"	"Neck"	"Bone"	"Bone, Skin, Visceral Organ"	NA	5	"38"	"F"	"HNFS"	"RIGHT NECK"	1	"NO"	1	1	"HNFS, HNFS, HNFS, HNFS, HNFS, HNFS"	"395"	"1066"	"2830"	"3138"	"3243"	"4329"	"425"	"BONE"	"BONE, SKIN, VISCERAL ORGAN"	"4759"	"7/21/21"	"97_1_OCR, 97_2_OCR, 97_3_OCR, 97_4_OCR, 97_5_OCR, 97_6_OCR, 97_LutheranHospitalofIndiana"	"IS"	"HNFS"	0	1	"97"	"DIAGNOSED"	38.47671233	"HEADFACENECK"	""	""	""	"HEADFACENECK,LIVER,BONELIMB,OTHER"	"metastatic disease in thoracic and lumbar vertebrae, sacrum, and left pelvic bones"	""	"cutaneous AS of chest(extensive)"	"HEADFACENECK,LIVER,BONELIMB,OTHER"	"metastatic disease in thoracic and lumbar vertebrae, sacrum, and left pelvic bones"	""	"cutaneous AS of chest(extensive)"	"YES"	"NO"	"NO"	""	"5/04 Adriamycin 75mg/m2, four cycles 8/04 Taxol 175mg/m2, four cycles every 3 weeks 4/05 Doxil 40mg/m2, four cycles every 4 weeks 10/05 Sorafenib 400mg PO twice daily 2008 Rapamune added to Sorafenib.  01/12 Pazopanib 800mg PO daily 11/12 Gemcitabine and Docetaxol, three cycles 03/13 Sorafenib 400mg PO twice daily 10/13 Taxol 80mg/m2 and Avastin 10mg/kg, 6 cycles 10/14 Regorafenib 80mg(2 tabs) PO daily 03-11/15 Abraxane IV 06-09/16 Opdivo/Yervoy  03-13-17 Started Keytruda 200mg"	"YES"	"03-13-17 Started Keytruda 200mg"	"YES"	"Hodgkin's Lymphoma;1982|Squamous cell skin cancer left ear;2006|intraductal breast cancer left, carcinoma in situ right;2011"	"NO"	""	"I'm a member of angiosarcoma cancer on facebook"	"02/07 My second wide resection right neck. This time with intra-op radiation(1500cGy)"	"NO"	"WHITE"	""	""	""	""	""	""	""	""	""	""	""	""	""	""	""	""	"9/18/65"	"True"	38	"HNFS"	"RAAS"	3	"ASCProject_0097_T3"	38	"HNFS"	38	"HNFS"
"RP-1447_ASCProject_0097_T4_v1_RNA_OnPrem"	"ASCProject_0097_T4"	"Tumor"	"ASCProject_0097"	"RNA"	"T4"	"ASCProject_0097_T4"	"LCSET-23758"	"LCSET-23758"	2837	"HEADFACENECKSCALP"	"RESECTION"	"YES"	"NO"	"YES"	"HIGH"	"ASCProject_0097"	"HNFS"	"HNFS"	"Neck"	"Bone"	"Bone, Skin, Visceral Organ"	NA	5	"38"	"F"	"HNFS"	"RIGHT NECK"	1	"NO"	1	1	"HNFS, HNFS, HNFS, HNFS, HNFS, HNFS"	"395"	"1066"	"2830"	"3138"	"3243"	"4329"	"425"	"BONE"	"BONE, SKIN, VISCERAL ORGAN"	"4759"	"7/21/21"	"97_1_OCR, 97_2_OCR, 97_3_OCR, 97_4_OCR, 97_5_OCR, 97_6_OCR, 97_LutheranHospitalofIndiana"	"IS"	"HNFS"	0	1	"97"	"DIAGNOSED"	38.47671233	"HEADFACENECK"	""	""	""	"HEADFACENECK,LIVER,BONELIMB,OTHER"	"metastatic disease in thoracic and lumbar vertebrae, sacrum, and left pelvic bones"	""	"cutaneous AS of chest(extensive)"	"HEADFACENECK,LIVER,BONELIMB,OTHER"	"metastatic disease in thoracic and lumbar vertebrae, sacrum, and left pelvic bones"	""	"cutaneous AS of chest(extensive)"	"YES"	"NO"	"NO"	""	"5/04 Adriamycin 75mg/m2, four cycles 8/04 Taxol 175mg/m2, four cycles every 3 weeks 4/05 Doxil 40mg/m2, four cycles every 4 weeks 10/05 Sorafenib 400mg PO twice daily 2008 Rapamune added to Sorafenib.  01/12 Pazopanib 800mg PO daily 11/12 Gemcitabine and Docetaxol, three cycles 03/13 Sorafenib 400mg PO twice daily 10/13 Taxol 80mg/m2 and Avastin 10mg/kg, 6 cycles 10/14 Regorafenib 80mg(2 tabs) PO daily 03-11/15 Abraxane IV 06-09/16 Opdivo/Yervoy  03-13-17 Started Keytruda 200mg"	"YES"	"03-13-17 Started Keytruda 200mg"	"YES"	"Hodgkin's Lymphoma;1982|Squamous cell skin cancer left ear;2006|intraductal breast cancer left, carcinoma in situ right;2011"	"NO"	""	"I'm a member of angiosarcoma cancer on facebook"	"02/07 My second wide resection right neck. This time with intra-op radiation(1500cGy)"	"NO"	"WHITE"	""	""	""	""	""	""	""	""	""	""	""	""	""	""	""	""	"9/18/65"	"True"	38	"HNFS"	"RAAS"	3	"ASCProject_0097_T4"	38	"HNFS"	38	"HNFS"
"RP-1447_ASCProject_0099_T1A_v1_RNA_OnPrem"	"ASCProject_0099_T1A"	"Tumor"	"ASCProject_0099"	"RNA"	"T1A"	"ASCProject_0099_T1A"	"LCSET-18352"	"LCSET-18352"	NA	""	""	""	""	""	""	"ASCProject_0099"	"Breast (Cutaneous)"	"Breast (Cutaneous)"	"Breast"	"No Mets"	"No Mets"	NA	9	"70"	"F"	"BREAST (CUTANEOUS)"	"RIGHT BREAST"	1	"NO"	1	0	""	""	""	""	""	""	""	""	"NO METS"	"NO METS"	"268"	"1/20/21"	"99_1, 99_2, 99_3, 99_4, ASC_0099_T1A_SK, ASC_0099_T1A"	"IS"	"BREAST (CUTANEOUS)"	0	0	"99"	"DIAGNOSED"	70.39178082	"BREAST"	""	""	""	"BREAST"	""	""	""	"BREAST"	""	""	""	"NO"	""	"NO"	""	"Paclitaxel chemo once a week since Dec 2016. Will finish up March 23,2017."	"YES"	"Will possibly be put on aggressive chemo and immunotherapy.  Will find out end of March."	"YES"	"Duct al carcinoma in SITU, solid type,low nuclear grade w/of necrosis of right breast;2004"	"NO"	""	"Corrie Painter"	"2004 had lumpectomy with 8 weeks of radiation. 2009 had double mastectomy with partial reconstruction. BRCA2 positive  AS present at 6:00 position on right breast. Measuring 1.0cm x 0.9cmx0.5cm . In lower quadrant 6 to 8:00 position there is lesion 4.9cm x 3.5cm x 0.9cm.  No symptoms prior to being diagnosed other than a small raised lesion . My concern is that I am not being considered for surgery. Cancer has not spread but they consider it advanced and multiple."	"NO"	"WHITE"	""	""	""	""	""	""	""	""	""	""	""	""	""	""	""	""	"5/29/46"	"True"	70	"BREAST (CUTANEOUS)"	"RAAS"	0	"ASCProject_0099_T1A"	70	"Breast (Cutaneous)"	70	"Breast (Cutaneous)"
"RP-1447_ASCProject_0101_T1_v1_RNA_OnPrem"	"ASCProject_0101_T1"	"Tumor"	"ASCProject_0101"	"RNA"	"T1"	"ASCProject_0101_T1"	"LCSET-23758"	"LCSET-23758"	0	"BONELIMB"	""	""	""	""	""	"ASCProject_0101"	"Extremities"	"Upper Extremity"	"Shoulder"	"Lung"	"Lung"	NA	2	"37"	"M"	"EXTREMITY"	"RIGHT SHOULDER"	0	"NO"	0	0	""	""	""	""	""	""	""	"407"	"LUNG"	"LUNG"	"538"	"4/12/21"	"ASC_101_SantaClara, ASC_101_Stanford_1of3, ASC_101_Stanford_2of3m ASC_101_Stanford_3of3"	"IS"	"EXTREMITY"	0	1	""	""	NA	""	""	""	""	""	""	""	""	""	""	""	""	""	""	""	""	""	""	""	""	""	""	""	""	""	""	""	""	""	""	""	""	""	""	""	""	""	""	""	""	""	""	""	""	"True"	37	"BONELIMB"	"Non-RAAS/LAAS"	1	"ASCProject_0101_T1"	37	"Extremities"	37	"Extremities"
"RP-1447_ASCProject_0102_T1_v1_RNA_OnPrem"	"ASCProject_0102_T1"	"Tumor"	"ASCProject_0102"	"RNA"	"T1"	"ASCProject_0102_T1"	"LCSET-23758"	"LCSET-23758"	0	"BREAST"	"BIOPSY"	"YES"	"NO"	"YES"	"LOW"	"ASCProject_0102"	"Breast (Parenchymal)"	"Breast (Parenchymal)"	"Breast"	"No Mets"	"No Mets"	NA	5	"31"	"F"	"BREAST (PARENCHYMAL)"	"LEFT BREAST"	0	"NO"	0	0	""	""	""	""	""	""	""	""	"NO METS"	"NO METS"	"1285"	"7/26/21"	"102_1_OCR, 102_2_OCR, 102_3_OCR, 102_4_OCR"	"IS"	"BREAST (PARENCHYMAL)"	0	0	"102"	"DIAGNOSED"	31.84931507	"BREAST"	""	""	""	"BREAST"	""	""	""	"NED"	""	""	""	"YES"	"YES"	"NO"	""	"AIM; Gem Tax; Taxol"	"NO"	""	"NO"	""	"NO"	""	"Angiosarcoma Facebook group"	""	"NO"	"WHITE"	""	""	""	""	""	""	""	""	""	""	""	""	""	""	""	""	"1/3/82"	"True"	31	"BREAST (PARENCHYMAL)"	"Non-RAAS/LAAS"	0	"ASCProject_0102_T1"	31	"Breast (Parenchymal)"	31	"Breast (Parenchymal)"
"RP-1447_ASCProject_0102_T2_v2_RNA_OnPrem"	"ASCProject_0102_T2"	"Tumor"	"ASCProject_0102"	"RNA"	"T2"	"ASCProject_0102_T2"	"LCSET-23758"	"LCSET-23758"	187	"BREAST"	"MASTECTOMY"	"YES"	"NO"	"YES"	"LOW"	"ASCProject_0102"	"Breast (Parenchymal)"	"Breast (Parenchymal)"	"Breast"	"No Mets"	"No Mets"	NA	5	"31"	"F"	"BREAST (PARENCHYMAL)"	"LEFT BREAST"	0	"NO"	0	0	""	""	""	""	""	""	""	""	"NO METS"	"NO METS"	"1285"	"7/26/21"	"102_1_OCR, 102_2_OCR, 102_3_OCR, 102_4_OCR"	"IS"	"BREAST (PARENCHYMAL)"	0	0	"102"	"DIAGNOSED"	31.84931507	"BREAST"	""	""	""	"BREAST"	""	""	""	"NED"	""	""	""	"YES"	"YES"	"NO"	""	"AIM; Gem Tax; Taxol"	"NO"	""	"NO"	""	"NO"	""	"Angiosarcoma Facebook group"	""	"NO"	"WHITE"	""	""	""	""	""	""	""	""	""	""	""	""	""	""	""	""	"1/3/82"	"True"	31	"BREAST (PARENCHYMAL)"	"Non-RAAS/LAAS"	0	"ASCProject_0102_T2"	31	"Breast (Parenchymal)"	31	"Breast (Parenchymal)"
"RP-1447_ASCProject_0105_T1_v1_RNA_OnPrem"	"ASCProject_0105_T1"	"Tumor"	"ASCProject_0105"	"RNA"	"T1"	"ASCProject_0105_T1"	"LCSET-18352"	"LCSET-18352"	NA	""	""	""	""	""	""	"ASCProject_0105"	"Breast (Parenchymal)"	"Breast (Parenchymal)"	"Breast"	"No Mets"	"No Mets"	NA	9	"46"	"F"	"BREAST (PARENCHYMAL)"	"RIGHT BREAST"	0	"NO"	0	0	""	""	""	""	""	""	""	""	"NO METS"	"NO METS"	"1789"	"1/20/22"	"105_Moffitt_1-30, ASC_105_Moffitt_re-request, ASC_105_Moffitt, ASC_0105_T1_SK, ASC_0105_T1, ASC_105_Tampa_FULL"	"IS"	"BREAST (PARENCHYMAL)"	0	0	"105"	"DIAGNOSED"	46.57534247	"BREAST"	""	""	""	"BREAST"	""	""	""	"NED"	""	""	""	"YES"	"YES"	"YES"	"AFTER"	"None"	"NO"	""	"NO"	""	"NO"	""	"My sister Yuly Hernandez) researched online AS support groups when I was diagnosed and through one of those groups learned about Corrie."	""	"YES"	""	""	""	""	""	""	""	""	""	""	""	""	""	""	""	""	""	"8/15/67"	"True"	46	"BREAST (PARENCHYMAL)"	"Non-RAAS/LAAS"	0	"ASCProject_0105_T1"	46	"Breast (Parenchymal)"	46	"Breast (Parenchymal)"
"RP-1447_ASCProject_0109_T2_v1_RNA_OnPrem"	"ASCProject_0109_T2"	"Tumor"	"ASCProject_0109"	"RNA"	"T2"	"ASCProject_0109_T2"	"LCSET-18352"	"LCSET-18352"	NA	""	""	""	""	""	""	"ASCProject_0109"	"Breast (Cutaneous)"	"Breast (Cutaneous)"	"Breast"	"Breast"	"Breast, Liver, Bone Marrow"	NA	9	"55"	"F"	"BREAST (CUTANEOUS)"	"LEFT BREAST"	1	"NO"	1	1	"LEFT BREAST SKIN, LEFT CHEST WALL"	"610"	"1492"	""	""	""	""	"1060"	"OTHER (RIGHT BREAST SKIN)"	"OTHER(RIGHT BREAST SKIN), LIVER, OTHER [BONE MARROW, PERITONEAL FLUID]"	"2543"	"1/24/22"	"109_Foxchase, ASC_109_FoxChaseCenter_Path, ASC_0109_T1_SK, ASC_0109_T1, ASC_0109_T2_SK, ASC_0109_T2, ASC_109"	"IS"	"BREAST (CUTANEOUS)"	0	1	"109"	"DIAGNOSED"	55.75616438	"BREAST"	""	""	""	"BREAST"	""	""	""	"BREAST"	""	""	""	"YES"	"NO"	"NO"	""	"Surgery no drugs so far"	"NO"	""	"YES"	"Breast cancer;2004"	"YES"	"Left breast"	"Facebook group"	"Difficulty reaching a working diagnosis from the start- labs were in disagreement. Surgery times 4 for \"clean margins\" then appeared 18 months later. Since then are in servallince mode CT every 3 months. Has progressed to right breast small area but has not increased in size in 1 year. Side note have been on Coerg for a heart condition since 2006."	"NO"	"WHITE"	""	""	""	""	""	""	""	""	""	""	""	""	""	""	""	""	"9/12/57"	"True"	55	"BREAST (CUTANEOUS)"	"RAAS"	4	"ASCProject_0109_T2"	55	"Breast (Cutaneous)"	55	"Breast (Cutaneous)"
"RP-1447_ASCProject_0117_T1_v1_RNA_OnPrem"	"ASCProject_0117_T1"	"Tumor"	"ASCProject_0117"	"RNA"	"T1"	"ASCProject_0117_T1"	"LCSET-18352"	"LCSET-18352"	NA	""	""	""	""	""	""	"ASCProject_0117"	"Breast (Parenchymal)"	"Breast (Parenchymal)"	"Breast"	"No Mets"	"No Mets"	NA	9	"40"	"F"	"BREAST (PARENCHYMAL)"	"LEFT BREAST"	0	"NO"	0	0	""	""	""	""	""	""	""	""	"NO METS"	"NO METS"	"721"	"1/14/22"	"117_STJOSEPH.PDF, 117_TAMPABAY.BAY "	"LS"	"BREAST (PARENCHYMAL)"	0	0	"117"	"DIAGNOSED"	40.88493151	"BREAST"	""	""	""	"BREAST"	""	""	""	"NED"	""	""	""	"YES"	"YES"	"YES"	"AFTER"	"Chemotherapy- Doxorubicin, Ifosfamide, Mesna"	"NO"	""	"NO"	""	"NO"	""	"Facebook"	"In April 2016 I found a lump in my breast. The mammogram and ultrasound did not show it was cancerous.   Then I had a biopsy which showed it was angiosarcoma.  I had a left mastectomy about a month after first discovering the lump and the tumor was 8 inches at the largest part.  After that I had 4 sessions of chemo. Each one was slowly administered over 3 days (24 hours a day) while I was in the hospital.  After that I had 25 sessions of radiation.  Currently I am NED."	"NO"	"WHITE"	""	""	""	""	""	""	""	""	""	""	""	""	""	""	""	""	"6/23/75"	"True"	40	"BREAST (PARENCHYMAL)"	"Non-RAAS/LAAS"	0	"ASCProject_0117_T1"	40	"Breast (Parenchymal)"	40	"Breast (Parenchymal)"
"RP-1447_ASCProject_0118_T1_v1_RNA_OnPrem"	"ASCProject_0118_T1"	"Tumor"	"ASCProject_0118"	"RNA"	"T1"	"ASCProject_0118_T1"	"LCSET-18352"	"LCSET-18352"	NA	""	""	""	""	""	""	"ASCProject_0118"	"Breast (Cutaneous)"	"Breast (Cutaneous)"	"Breast"	"Bone"	"Bone"	NA	9	"45"	"F"	"BREAST (CUTANEOUS)"	"LEFT BREAST"	1	"NO"	1	0	""	""	""	""	""	""	""	"13"	"BONE"	"BONE"	"1392"	"2/1/22"	"Path 118 T2.pdf, 118_KUHA_0307226.pdf, ASC_118_MDAnderTX_fullMR.pdf"	"DS"	"BREAST (CUTANEOUS)"	0	1	"118"	"DIAGNOSED"	45.20273973	"BREAST"	""	""	""	"BREAST,BONELIMB,OTHER"	""	""	"Pelvic /spine area"	"NED"	""	""	""	"YES"	"YES"	"NO"	""	"Gen/Tax, AIM"	"NO"	""	"YES"	"Breast;2005"	"YES"	"Right breast~brachy treatment"	"FB-Angiosarcoma group"	""	"NO"	"WHITE"	""	""	""	""	""	""	""	""	""	""	""	""	""	""	""	""	"4/29/68"	"True"	45	"BREAST (CUTANEOUS)"	"RAAS"	1	"ASCProject_0118_T1"	45	"Breast (Cutaneous)"	45	"Breast (Cutaneous)"
"RP-1447_ASCProject_0121_T2A_v1_RNA_OnPrem"	"ASCProject_0121_T2A"	"Tumor"	"ASCProject_0121"	"RNA"	"T2A"	"ASCProject_0121_T2A"	"LCSET-23758"	"LCSET-23758"	0	"BREAST"	"CORE BIOPSY "	"YES"	"NO"	"YES"	"HIGH"	"ASCProject_0121"	"Breast (Parenchymal)"	"Breast (Parenchymal)"	"Breast"	"Liver"	"Liver"	NA	4	"64"	"F"	"BREAST (PARENCHYMAL)"	"LEFT BREAST"	0	"NO"	0	0	""	""	""	""	""	""	""	"595"	"LIVER"	"LIVER"	"3605"	"1/15/20"	"121_DFCI_1,2, ASC_121_MSK, ASC_121_MSKCC, ASC_0121_T2"	"AD"	"BREAST (PARENCHYMAL)"	0	1	"121"	"DIAGNOSED"	64.59452055	"BREAST"	""	""	""	"BREAST,LIVER"	""	""	""	"NED"	""	""	""	"YES"	"YES"	"NO"	""	"Brivanib.    Doxil"	"NO"	""	"YES"	"Gist;2014|Skin cancer a few times;"	"NO"	""	"Know Dr. Painters father"	""	"NO"	"WHITE"	""	""	""	""	""	""	""	""	""	""	""	""	""	""	""	""	"3/14/43"	"True"	64	"BREAST (PARENCHYMAL)"	"Non-RAAS/LAAS"	1	"ASCProject_0121_T2A"	64	"Breast (Parenchymal)"	64	"Breast (Parenchymal)"
"RP-1447_ASCProject_0134_T1_v1_RNA_OnPrem"	"ASCProject_0134_T1"	"Tumor"	"ASCProject_0134"	"RNA"	"T1"	"ASCProject_0134_T1"	"LCSET-23758"	"LCSET-23758"	0	"HEADFACENECKSCALP"	"BIOPSY"	"NO"	"NO"	"YES"	"HIGH"	"ASCProject_0134"	"HNFS"	"HNFS"	"Scalp"	"No Mets"	"No Mets"	NA	5	"62"	"F"	"HNFS"	"SCALP"	0	"NO"	1	1	"HNFS"	"863"	""	""	""	""	""	""	"NO METS"	"NO METS"	"1821"	"8/13/21"	"134_1, 134_2, 134_3, 134_4, 134_5, 134_MSK_pgs_1-30_manual, 134_MSK_pgs_31-50_manual, 134_MSK_pgs_50-60_manual, ASC_134_T2_Path_manual, 134_MSK_part2, ASC_134_61pg, ASC_134_62pgs, ASC_134_MSK_part 1 copy, ASC_134_MSK_part 1"	"IS"	"HNFS"	0	0	"134"	"DIAGNOSED"	62.79452055	"SCALP"	""	""	""	"HEADFACENECK,SCALP"	""	""	""	"HEADFACENECK,SCALP"	""	""	""	"YES"	"YES"	"NO"	""	"Taxol chemotherapy, sorafenib, doxil chemotherapy, immunotherapy trial"	"YES"	"Immunotherapy trial ( MTIG7192A and Atezolimzumab)"	"YES"	"Basil cell carcinma ;2016|Melanoma;2016"	"NO"	""	"Through the AS Facebook page"	""	"NO"	"WHITE"	""	""	""	""	""	""	""	""	""	""	""	""	""	""	""	""	"8/31/51"	"True"	62	"HNFS"	"Non-RAAS/LAAS"	0	"ASCProject_0134_T1"	62	"HNFS"	62	"HNFS"
"RP-1447_ASCProject_0135_T2_v1_RNA_OnPrem"	"ASCProject_0135_T2"	"Tumor"	"ASCProject_0135"	"RNA"	"T2"	"ASCProject_0135_T2"	"LCSET-23758"	"LCSET-23758"	37	"BREAST"	"MASTECTOMY"	"NO"	"YES"	"NO"	"HIGH"	"ASCProject_0135"	"Breast (Cutaneous)"	"Breast (Cutaneous)"	"Breast"	"Distant Lymph Node"	"Distant Lymph Node"	NA	4	"66"	"F"	"BREAST (CUTANEOUS)"	"RIGHT BREAST "	1	"NO"	1	1	"REGIONAL LYMPH NODE"	"119"	""	""	""	""	""	"119"	"DISTANT LYMPH NODE"	"DISTANT LYMPH NODE"	"1027"	"1/16/20"	"135_Cypress_1, 135_Cypress_2, ASC135_PathReport, 135_PorterAdventistHospital_p1-217, ASC_0135_T2_PathReport"	"BT"	"BREAST (CUTANEOUS)"	0	1	"135"	"DIAGNOSED"	66.71780822	"BREAST"	""	""	""	"BREAST"	""	""	""	"NED"	""	""	""	"YES"	"YES"	"NO"	""	"Doxorubicin and ifasomide"	"NO"	""	"YES"	"Breast cancer ;2001"	"YES"	"Breast"	"Facebook"	"My right breast turned black and blue almost overnight and hard as a baseball. First thought it was edema. Mammogram and ultra sound were normal. Finally determined through a biopsy but took the radiologist a week to determine what it was. Had right breast mastectomy about 4 weeks after diagnosis. Went to Dr Ravi at MDA after the surgery. Got Mersa from port implant; was very ill. Had 2 week long chemo sessions in hospital.  Dr Ravi wanted me to stop after 2 but did 2 more as precaution"	"NO"	"WHITE"	""	""	""	""	""	""	""	""	""	""	""	""	""	""	""	""	"7/29/48"	"True"	66	"BREAST (CUTANEOUS)"	"RAAS"	1	"ASCProject_0135_T2"	66	"Breast (Cutaneous)"	66	"Breast (Cutaneous)"
"RP-1447_ASCProject_0145_T2_v1_RNA_OnPrem"	"ASCProject_0145_T2"	"Tumor"	"ASCProject_0145"	"RNA"	"T2"	"ASCProject_0145_T2"	"LCSET-23758"	"LCSET-23758"	11	"BREAST"	"EXCISION"	"YES"	"NO"	"YES"	"HIGH"	"ASCProject_0145"	"Breast (Parenchymal)"	"Breast (Parenchymal)"	"Breast"	"Bone, Liver"	"Bone, Liver"	NA	5	"27"	"F"	"BREAST (PARENCHYMAL)"	"RIGHT BREAST"	0	"NO"	0	0	""	""	""	""	""	""	""	"318"	"BONE, LIVER"	"BONE, LIVER"	"867"	"8/2/21"	"145_DFCI_OCR, 145_LRH_1_manual_OCR"	"IS"	"BREAST (PARENCHYMAL)"	0	1	"145"	"DIAGNOSED"	28.9369863	"BREAST"	""	""	""	"BREAST,LIVER,LUNG,OTHER"	""	""	"Buttocks"	"LIVER,LUNG,OTHER"	""	""	"Buttocks"	"YES"	"YES"	"NO"	""	"Doxil, taxol,gemcitabene, doxorubicin and olaratumab"	"YES"	"Doxorubicin and olaratumab"	"NO"	""	"NO"	""	"Facebook support group"	""	"NO"	"WHITE"	""	""	""	""	""	""	""	""	""	""	""	""	""	""	""	""	"12/31/86"	"True"	27	"BREAST (PARENCHYMAL)"	"Non-RAAS/LAAS"	2	"ASCProject_0145_T2"	27	"Breast (Parenchymal)"	27	"Breast (Parenchymal)"
"RP-1447_ASCProject_0146_T1A_v1_RNA_OnPrem"	"ASCProject_0146_T1A"	"Tumor"	"ASCProject_0146"	"RNA"	"T1A"	"ASCProject_0146_T1A"	"LCSET-23758"	"LCSET-23758"	49	"BREAST"	""	""	""	""	""	"ASCProject_0146"	"Breast (Cutaneous)"	"Breast (Cutaneous)"	"Breast"	"No Mets"	"No Mets"	NA	2	"67"	"F"	"BREAST (CUTANEOUS)"	"RIGHT BREAST"	1	"NO"	1	1	"RIGHT BREAST SKIN"	"105"	""	""	""	""	""	""	"NO METS"	"NO METS"	"1901"	"6/11/21"	"146_1, 146_2, PATH 146 T1_MANUAL, ASC_146_DECATUR_ONC"	"SS"	"BREAST (CUTANEOUS)"	0	0	"146"	"DIAGNOSED"	67.47671233	"BREAST"	""	""	""	"BREAST"	""	""	""	"NED"	""	""	""	"YES"	"NO"	"NO"	""	"Taxol,"	"YES"	"My Oncologoist Dr Maria Perdekamp has me on a lower dose of Taxol once a week for 3 weeks, skip a week then back to 3 weeks for prevention since AS is such an aggressive cancer."	"YES"	"Carcinoma Insitu Left Breast;1999|Cancer in R. Breast, don't know what kind.;2004"	"YES"	"Both breasts."	"On internet"	"I was on a chemo study, CTSU A091103 PHASE 11 STUDY of the ANGIOPOIETIN-1 and-2 PEPTIBODY AMG 386 for the treatment of ANGIOSARCOMA for 8 weeks it kept spreading Dr Perdekamp put me on Taxol, in 8 weeks my CT Scan showed clear."	"NO"	"WHITE"	""	""	""	""	""	""	""	""	""	""	""	""	""	""	""	""	"9/25/44"	"True"	67	"BREAST (CUTANEOUS)"	"RAAS"	0	"ASCProject_0146_T1A"	67	"Breast (Cutaneous)"	67	"Breast (Cutaneous)"
"RP-1447_ASCProject_0148_T0_v1_RNA_OnPrem"	"ASCProject_0148_T0"	"Tumor"	"ASCProject_0148"	"RNA"	"T0"	"ASCProject_0148_T0"	"LCSET-18352"	"LCSET-18352"	NA	""	""	""	""	""	""	"ASCProject_0148"	"Breast (Cutaneous)"	"Breast (Cutaneous)"	"Breast Skin"	"No Mets"	"No Mets"	NA	4	"56"	"F"	"BREAST (CUTANEOUS)"	"RIGHT BREAST SKIN"	1	"YES"	1	1	"RIGHT CHEST WALL SKIN"	"293"	""	""	""	""	""	""	"NO METS"	"NO METS"	"465"	"6/30/21"	"148_CFCHS_1_manual,148_RRMC, ASC_0148_T1_PathReport, ASC148_PathReport"	"IS"	"BREAST (CUTANEOUS)"	1	0	"148"	"DIAGNOSED"	56.4630137	"BREAST"	""	""	""	"BREAST"	""	""	""	"BREAST"	""	""	""	"YES"	"YES"	"NO"	""	""	"NO"	""	"YES"	"Breast ;2009"	"YES"	"Breast"	"Through Sarcoma alliance group on Facebook"	"I was given a diagnosis of lymphangio sarcoma. I've not seen that specification anywhere else."	"NO"	"WHITE"	""	""	""	""	""	""	""	""	""	""	""	""	""	""	""	""	"10/29/59"	"True"	56	"BREAST (CUTANEOUS)"	"RAAS & LAAS"	0	"ASCProject_0148_T0"	56	"Breast (Cutaneous)"	56	"Breast (Cutaneous)"
"RP-1447_ASCProject_0153_T2_v1_RNA_OnPrem"	"ASCProject_0153_T2"	"Tumor"	"ASCProject_0153"	"RNA"	"T2"	"ASCProject_0153_T2"	"LCSET-23758"	"LCSET-23758"	377	"BONELIMB"	"BIOPSY "	"YES"	"NO"	"YES"	"HIGH"	"ASCProject_0153"	"Hepatobiliary"	"Spleen"	"Liver"	"Liver, Hepatobiliary"	"Liver, Hepatobiliary, Bone Marrow, Bone"	NA	4	"59"	"M"	"SPLEEN"	"LIVER"	0	"NO"	0	0	""	""	""	""	""	""	""	"0"	"LIVER, OTHER [CELIAC AXIS]"	"LIVER, OTHER [CELIAC AXIS], OTHER [BONE MARROW], BONE"	"594"	"1/16/20"	"115791FRAZIER_WILLIAM ADANA-FARBER CANCER INSTITUTE06_20_17, ASC_153_1_PathReport, ASC_153_2_PathReport"	"BT"	"SPLEEN"	0	1	"153"	"DIAGNOSED"	59.90136986	"LIVER,SPLEEN"	""	""	""	"LIVER,SPLEEN"	""	""	""	"LIVER,SPLEEN"	""	""	""	"NO"	""	"NO"	""	"So many chemo's...and radioactive sir spheres in the liver x2."	"YES"	"vinorelbine"	"NO"	""	"NO"	""	"Corrie Painter, Brad Byron at Texas Tech"	"Sir Spheres seemed to have really helped the liver in the early stages."	"NO"	"WHITE"	""	""	""	""	""	""	""	""	""	""	""	""	""	""	""	""	"9/21/55"	"True"	59	"SPLEEN"	"Non-RAAS/LAAS"	4	"ASCProject_0153_T2"	59	"Hepatobiliary"	59	"Hepatobiliary"
"RP-1447_ASCProject_0157_T1_v1_RNA_OnPrem"	"ASCProject_0157_T1"	"Tumor"	"ASCProject_0157"	"RNA"	"T1"	"ASCProject_0157_T1"	"LCSET-18352"	"LCSET-18352"	NA	""	""	""	""	""	""	"ASCProject_0157"	"Breast (Parenchymal)"	"Breast (Parenchymal)"	"Breast"	"No Mets"	"No Mets"	NA	9	"49"	"F"	"BREAST (PARENCHYMAL)"	"LEFT BREAST"	0	"NO"	0	0	""	""	""	""	""	""	""	""	"NO METS"	"NO METS"	"1879"	"1/21/22"	"ASC_0157_T1, AS_157_BWH_FULL, 157_MGH"	"LS"	"BREAST (PARENCHYMAL)"	0	0	"157"	"DIAGNOSED"	49.28219178	"BREAST"	""	""	""	"BREAST"	""	""	""	"NED"	""	""	""	"YES"	"YES"	"NO"	""	"None ‚Äì  so far I've been very fortunate. My primary tumor was small."	"NO"	""	"NO"	""	"NO"	""	"I found out about it on the Angiosarcoma Awareness website."	"There was a very unsettling lack of concurrence from one pathologist as to whether my slides demonstrated angiosarcoma (as opposed to some sort of vascular atypia), but the majority of pathologists agreed that it did. Even more disturbing was that I didn't find out about this one pathologist's opinion until after I'd had my mastectomy, even though he was another \"Partners\" physician..."	"NO"	"WHITE"	""	""	""	""	""	""	""	""	""	""	""	""	""	""	""	""	"12/1/63"	"True"	49	"BREAST (PARENCHYMAL)"	"Non-RAAS/LAAS"	0	"ASCProject_0157_T1"	49	"Breast (Parenchymal)"	49	"Breast (Parenchymal)"
"RP-1447_ASCProject_0158_T1B_v1_RNA_OnPrem"	"ASCProject_0158_T1B"	"Tumor"	"ASCProject_0158"	"RNA"	"T1B"	"ASCProject_0158_T1B"	"LCSET-18352"	"LCSET-18352"	NA	""	""	""	""	""	""	"ASCProject_0158"	"Other Visceral Organs"	"Bowel"	"Bowel"	"Distant Lymph Node"	"Distant Lymph Node"	NA	9	"50"	"M"	"VISCERAL ORGAN"	"SMALL BOWEL"	0	"NO"	0	NA	"NOT FOUND IN RECORD"	"NOT FOUND IN RECORD"	"NOT FOUND IN RECORD"	"NOT FOUND IN RECORD"	"NOT FOUND IN RECORD"	"NOT FOUND IN RECORD"	"NOT FOUND IN RECORD"	"87"	"DISTANT LYMPH NODE"	"DISTANT LYMPH NODE"	"1978"	"1/24/22"	"ASC_158_WELLSTARKENNESTONEHOSPITAL_PATH, ASC_158_KENNESTONEHEALTHSYSTEM_PART2"	"LS"	"VISCERAL ORGAN"	0	1	"158"	"DIAGNOSED"	50.23561644	"ABDOMINAL"	""	"Small bowel"	""	"LYMPH,ABDOMINAL"	""	""	""	"NED"	""	""	""	"YES"	"YES"	"NO"	""	"Chemotherapy gemzar and taxol"	"NO"	""	"YES"	"Basil skin cancer on nose;2016"	"NO"	""	"Facebook"	"Still trying to find out how i got the disease.."	"NO"	"WHITE"	""	""	""	""	""	""	""	""	""	""	""	""	""	""	""	""	"12/18/62"	"True"	50	"VISCERAL ORGAN"	"Non-RAAS/LAAS"	1	"ASCProject_0158_T1B"	50	"Other Visceral Organs"	50	"Other Visceral Organs"
"RP-1447_ASCProject_0164_T0_Whitelisted_v1_RNA_OnPrem"	"ASCProject_0164_T0_Whitelisted"	"Tumor"	"ASCProject_0164_Whitelisted"	"RNA"	"T0"	"ASCProject_0164_T0"	"LCSET-26033"	"LCSET-26033"	NA	""	""	""	""	""	""	""	""	""	""	""	""	NA	NA	""	""	""	""	NA	""	NA	NA	""	""	""	""	""	""	""	""	""	""	""	""	""	""	""	NA	NA	""	""	NA	""	""	""	""	""	""	""	""	""	""	""	""	""	""	""	""	""	""	""	""	""	""	""	""	""	""	""	""	""	""	""	""	""	""	""	""	""	""	""	""	""	""	""	""	""	NA	""	""	NA	"ASCProject_0164_T0"	NA	""	NA	""
"RP-1447_ASCProject_0165_T2_v1_RNA_OnPrem"	"ASCProject_0165_T2"	"Tumor"	"ASCProject_0165"	"RNA"	"T2"	"ASCProject_0165_T2"	"LCSET-23758"	"LCSET-23758"	450	"HEADFACENECKSCALP"	"EXCISION"	"YES"	"YES"	"YES"	"HIGH"	"ASCProject_0165"	"HNFS"	"HNFS"	"Scalp"	"No Mets"	"No Mets"	NA	5	"62"	"M"	"HNFS"	"LEFT SIDE SCALP"	0	"NO"	1	1	"HNFS, REGIONAL LYMPH NODE"	"574"	"574"	""	""	""	""	""	"NO METS"	"NO METS"	"1846"	"8/31/21"	"165 Molecular Testing_Redacted, 165_1_OCR, 165_2_OCR, 165_3_START_manual_OCR, 165_StartCenter_1_manual_OCR, MDA_165_1_manual_OCR, MDA_165_2_manual_OCR, MDA_165_3_manual_OCR, MDA_165_4_manual_OCR, MDA_165_5_manual_OCR, MDA_165_6_manual_OCR, 165_1_START, 165_2_START, 165_3_START, 165_Start_combined, 165_Start_followup, ASC_0165_T1"	"IS"	"HNFS"	0	0	"165"	"DIAGNOSED"	62.54520548	"SCALP"	""	""	""	"HEADFACENECK,SCALP,LIVER,LUNG,LYMPH"	""	""	""	"NED"	""	""	""	"YES"	"YES"	"YES"	"AFTER"	"Paclitaxel, Taxotare, Gemcitabine, IFOs /Adriamycin, couple oral drug trials, and finally Keytruda"	"NO"	""	"YES"	"simple skin cancer- frozen off, numerous years;"	"NO"	""	"Daughter found facebook group when I was diagnosed"	"I went to MD Anderson & Dr Ravi for treatment. I stayed with him for 18 months. Three times, he refused to approve me to try immunotherapy. I knew I would die if I stayed there. 
I went to Dr. Lon Smith a the START Center in San Antonio. He had been administering all of my chemo Rx by Ravi. Dr. Smith got me on Keytruda and saved my life."	"NO"	"AMERICAN_INDIAN,WHITE"	""	""	""	""	""	""	""	""	""	""	""	""	""	""	""	""	"7/2/51"	"True"	62	"HNFS"	"Non-RAAS/LAAS"	0	"ASCProject_0165_T2"	62	"HNFS"	62	"HNFS"
"RP-1447_ASCProject_0166_T1_v1_RNA_OnPrem"	"ASCProject_0166_T1"	"Tumor"	"ASCProject_0166"	"RNA"	"T1"	"ASCProject_0166_T1"	"LCSET-23758"	"LCSET-23758"	414	"MANDIBULAR NODE"	"BIOPSY"	"YES"	"YES"	"NO"	"LOW"	"ASCProject_0166"	"HNFS"	"HNFS"	"Nose"	"Lung"	"Lung, Distant Lymph Node, Liver, Tongue"	NA	5	"58"	"M"	"HNFS"	"LEFT NOSE"	0	"NO"	1	1	"REGIONAL LYMPH NODE, HNFS, HNFS"	"467"	"1212"	"1294"	""	""	""	"488"	"LUNG"	"LUNG,DISTANT LYMPH NODE, LIVER, OTHER [TONGUE]"	"2680"	"8/4/21"	"166_MayoClinic_1_manual_OCR, 166_MGCC_manual_OCR, 166_SCA_OCR, 166_SCCA_Updated, 166_WPSC_OCR, ASC_166_MayoAZ_fu"	"IS"	"HNFS"	0	1	"166"	"DIAGNOSED"	58.47945205	"HEADFACENECK"	""	""	""	"HEADFACENECK,LIVER,LUNG,LYMPH"	""	""	""	"NED"	""	""	""	"YES"	"YES"	"NO"	""	"Abraxane, trial of TH320 9didnt help), Keytruda"	"NO"	""	"YES"	"CLL;2008"	"NO"	""	"Referred by someone to ?FB, possibly corrie Painter"	"Appeared on my nose looking like a pimple"	"NO"	"WHITE"	""	""	""	""	""	""	""	""	""	""	""	""	""	""	""	""	"3/24/53"	"True"	58	"HNFS"	"Non-RAAS/LAAS"	4	"ASCProject_0166_T1"	58	"HNFS"	58	"HNFS"
"RP-1447_ASCProject_0170_T1_v1_RNA_OnPrem"	"ASCProject_0170_T1"	"Tumor"	"ASCProject_0170"	"RNA"	"T1"	"ASCProject_0170_T1"	"LCSET-23758"	"LCSET-23758"	6	"BREAST"	"MASTECTOMY"	"YES"	"NO"	"NO"	"LOW"	"ASCProject_0170"	"Breast (Cutaneous)"	"Breast (Cutaneous)"	"Breast"	"No Mets"	"No Mets"	NA	4	"64"	"F"	"BREAST (CUTANEOUS)"	"LEFT BREAST"	1	"NO"	1	1	"LEFT BREAST SKIN, LEFT BREAST SKIN"	"339"	"692"	""	""	""	""	""	"NO METS"	"NO METS"	"970"	"1/21/20"	"170_DanaFarber_1, 170_DukeHealth_PathReports, ASC_0170_PathReport, ASC_170_Path"	"QC"	"BREAST (CUTANEOUS)"	0	0	"170"	"DIAGNOSED"	64.6630137	"OTHER"	""	""	"Skin - cutaneous"	"OTHER"	""	""	"Skin"	"NED"	""	""	""	"YES"	"YES"	"YES"	"AFTER"	"Paclitaxel"	"DK"	""	"YES"	"Breast;2007"	"YES"	"Breast"	"Surgeon"	""	"NO"	"WHITE"	""	""	""	""	""	""	""	""	""	""	""	""	""	""	""	""	"9/17/50"	"True"	64	"BREAST (CUTANEOUS)"	"RAAS"	0	"ASCProject_0170_T1"	64	"Breast (Cutaneous)"	64	"Breast (Cutaneous)"
"RP-1447_ASCProject_0170_T2_v1_RNA_OnPrem"	"ASCProject_0170_T2"	"Tumor"	"ASCProject_0170"	"RNA"	"T2"	"ASCProject_0170_T2"	"LCSET-18352"	"LCSET-18352"	NA	""	""	""	""	""	""	"ASCProject_0170"	"Breast (Cutaneous)"	"Breast (Cutaneous)"	"Breast"	"No Mets"	"No Mets"	NA	4	"64"	"F"	"BREAST (CUTANEOUS)"	"LEFT BREAST"	1	"NO"	1	1	"LEFT BREAST SKIN, LEFT BREAST SKIN"	"339"	"692"	""	""	""	""	""	"NO METS"	"NO METS"	"970"	"1/21/20"	"170_DanaFarber_1, 170_DukeHealth_PathReports, ASC_0170_PathReport, ASC_170_Path"	"QC"	"BREAST (CUTANEOUS)"	0	0	"170"	"DIAGNOSED"	64.6630137	"OTHER"	""	""	"Skin - cutaneous"	"OTHER"	""	""	"Skin"	"NED"	""	""	""	"YES"	"YES"	"YES"	"AFTER"	"Paclitaxel"	"DK"	""	"YES"	"Breast;2007"	"YES"	"Breast"	"Surgeon"	""	"NO"	"WHITE"	""	""	""	""	""	""	""	""	""	""	""	""	""	""	""	""	"9/17/50"	"True"	64	"BREAST (CUTANEOUS)"	"RAAS"	0	"ASCProject_0170_T2"	64	"Breast (Cutaneous)"	64	"Breast (Cutaneous)"
"RP-1447_ASCProject_0172_T1_v1_RNA_OnPrem"	"ASCProject_0172_T1"	"Tumor"	"ASCProject_0172"	"RNA"	"T1"	"ASCProject_0172_T1"	"LCSET-23758"	"LCSET-23758"	57	"BREAST"	"MASTECTOMY"	"YES"	"NO"	"NO"	"LOW"	"ASCProject_0172"	"Breast (Parenchymal)"	"Breast (Parenchymal)"	"Breast"	""	""	NA	4	"49"	"F"	"BREAST (PARENCHYMAL)"	"LEFT BREAST"	0	"NO"	0	NA	"NOT FOUND IN RECORD"	"NOT FOUND IN RECORD"	"NOT FOUND IN RECORD"	"NOT FOUND IN RECORD"	"NOT FOUND IN RECORD"	"NOT FOUND IN RECORD"	"NOT FOUND IN RECORD"	"NOT FOUND IN RECORD"	"NOT FOUND IN RECORD"	"NOT FOUND IN RECORD"	"2565"	"6/2/21"	"172_StFrancis_MR_manual, 172_StFrancis_no_record, ASC_0172_T1"	"IS"	"BREAST (PARENCHYMAL)"	0	NA	"172"	"DIAGNOSED"	49.47123288	"BREAST"	""	""	""	"BREAST"	""	""	""	"NED"	""	""	""	"YES"	"YES"	"NO"	""	"no chemo no radiation"	"NO"	""	"NO"	""	"NO"	""	"I belong to Angiosarcoma Awareness FB group founded by Corrie Painter and Lauren Ryan"	"I found the lump in my breast myself.  When they did the ultrasound it had \"colors\" running through the tumor, so they knew blood flow was there which should not be.  The doctors checked my entire body to see where the primary origin could be before they did my surgery to remove the entire breast even though it was a small tumor they did not want to run the risk of just having a lumpectomy."	"NO"	"WHITE"	""	""	""	""	""	""	""	""	""	""	""	""	""	""	""	""	"9/22/61"	"True"	49	"BREAST (PARENCHYMAL)"	"Non-RAAS/LAAS"	NA	"ASCProject_0172_T1"	49	"Breast (Parenchymal)"	49	"Breast (Parenchymal)"
"RP-1447_ASCProject_0173_T1_v1_RNA_OnPrem"	"ASCProject_0173_T1"	"Tumor"	"ASCProject_0173"	"RNA"	"T1"	"ASCProject_0173_T1"	"LCSET-18054"	"LCSET-18054"	4	"HEADFACENECKSCALP"	"Punch Biopsy"	"YES"	"NO"	"NO"	"LOW"	"ASCProject_0173"	"HNFS"	"HNFS"	"Face"	"No Mets"	"No Mets"	NA	3	"66"	"M"	"HNFS"	"BILATERAL CHEEKS, NOSE"	0	"NO"	1	0	""	""	""	""	""	""	""	""	"NO METS"	"NO METS"	"2431"	"6/24/21"	"173_MEDICAL_RECORD_OCR, 173_SITEMAN, ASC_173_MISSOURI_PATH, ASC_0173_T1_PATHREPORT, ASC_0173_T1_SK, ASC_173_UMISSOURI_NEW"	"SS"	"HNFS"	0	0	"173"	"DIAGNOSED"	66.10136986	"HEADFACENECK"	""	""	""	"HEADFACENECK"	""	""	""	"NED"	""	""	""	"YES"	"NO"	"YES"	"BEFORE"	"Taxol"	"NO"	""	"NO"	""	"NO"	""	"Facebook"	""	"NO"	"WHITE"	""	""	""	""	""	""	""	""	""	""	""	""	""	""	""	""	"11/10/45"	"True"	66	"HNFS"	"Non-RAAS/LAAS"	0	"ASCProject_0173_T1"	66	"HNFS"	66	"HNFS"
"RP-1447_ASCProject_0175_T1_v1_RNA_OnPrem"	"ASCProject_0175_T1"	"Tumor"	"ASCProject_0175"	"RNA"	"T1"	"ASCProject_0175_T1"	"LCSET-18054"	"LCSET-18054"	-715	"BREAST"	"Biopsy"	"YES"	"YES"	"YES"	"HIGH"	"ASCProject_0175"	"Breast (Cutaneous)"	"Breast (Cutaneous)"	"Breast"	"No Mets"	"No Mets"	NA	3	"71"	"F"	"BREAST (CUTANEOUS)"	"RIGHT BREAST"	1	"NO"	1	0	""	""	""	""	""	""	""	""	"NO METS"	"NO METS"	"2681"	"6/24/21"	"175_1, 175_2, 175_DFCI, ASC_0175_T1_PATHREPORT, ASC_0175_T1_SK"	"SS"	"BREAST (CUTANEOUS)"	0	0	"175"	"DIAGNOSED"	71.38630137	"BREAST"	""	""	""	"BREAST"	""	""	""	"NED"	""	""	""	"YES"	"YES"	"NO"	""	"Gemzar Gemzar/Taxetere"	"NO"	""	"YES"	"Breast Cancer;2003"	"YES"	"Right Breast"	"Corrie Painter"	"In Nov. 2009 I discovered a fast growing tumor which was diagnosed as secondary angiosarcoma. I turned to Dr. Ravi at MD Anderson Sarcoma Center for guidance and started 16 weeks of chemo followed by a radical mastectomy performed by a sarcoma surgeon.  The diagnosis was swift as were the therapy protocals so there was no delay in determining it was secondary angiosarcoma.  I'm sure that my health team and fast response is responsible for my continuing to be NED."	"NO"	"WHITE"	""	""	""	""	""	""	""	""	""	""	""	""	""	""	""	""	"7/31/38"	"True"	71	"BREAST (CUTANEOUS)"	"RAAS"	0	"ASCProject_0175_T1"	71	"Breast (Cutaneous)"	71	"Breast (Cutaneous)"
"RP-1447_ASCProject_0179_T1A_v1_RNA_OnPrem"	"ASCProject_0179_T1A"	"Tumor"	"ASCProject_0179"	"RNA"	"T1A"	"ASCProject_0179_T1A"	"LCSET-18352"	"LCSET-18352"	NA	""	""	""	""	""	""	"ASCProject_0179"	"Breast (Parenchymal)"	"Breast (Parenchymal)"	"Breast"	"No Mets"	"No Mets"	NA	1	"46"	"F"	"BREAST (PARENCHYMAL)"	"RIGHT BREAST"	0	"NO"	0	0	""	""	""	""	""	""	""	""	"NO METS"	"NO METS"	"1680"	"6/10/21"	"ASC_0179_T1_PATHREPORT, 179_TO-M_1_, 179 SOLIS MEDICAL RECORD, PATH 179 T1_MANUAL"	"SS"	"BREAST (PARENCHYMAL)"	0	0	"179"	"DIAGNOSED"	46.31506849	"BREAST"	""	""	""	"BREAST"	""	""	""	"NED"	""	""	""	"YES"	"YES"	"YES"	"AFTER"	"Doxorubicin,Mesna,Ifosfamide,Pedfilgrastim,Aloxi,Palonosetron,Dexamethasone sod phosphate,Fosaprepitant dimeglumine,sodium chloride,D5NS,Gabapentin"	"NO"	""	"DK"	""	"NO"	""	"Internet"	""	"YES"	"WHITE"	""	""	""	""	""	""	""	""	""	""	""	""	""	""	""	""	"1/18/66"	"True"	46	"BREAST (PARENCHYMAL)"	"Non-RAAS/LAAS"	0	"ASCProject_0179_T1A"	46	"Breast (Parenchymal)"	46	"Breast (Parenchymal)"
"RP-1447_ASCProject_0182_T1_v1_RNA_OnPrem"	"ASCProject_0182_T1"	"Tumor"	"ASCProject_0182"	"RNA"	"T1"	"ASCProject_0182_T1"	"LCSET-23758"	"LCSET-23758"	42	"BREAST"	"MASTECTOMY"	"YES"	"NO"	"NO"	"HIGH"	"ASCProject_0182"	"Breast (Parenchymal)"	"Breast (Parenchymal)"	"Breast"	""	""	NA	4	"NOT FOUND IN RECORD"	"F"	"BREAST (PARENCHYMAL)"	"RIGHT BREAST"	0	"NOT FOUND IN RECORD"	NA	NA	"NOT FOUND IN RECORD"	"NOT FOUND IN RECORD"	"NOT FOUND IN RECORD"	"NOT FOUND IN RECORD"	"NOT FOUND IN RECORD"	"NOT FOUND IN RECORD"	"NOT FOUND IN RECORD"	"NOT FOUND IN RECORD"	"NOT FOUND IN RECORD"	"NOT FOUND IN RECORD"	"NOT FOUND IN RECORD"	"6/25/21"	"182_StElizabeth_2_manual, 182_StElizabeth_manual, ASC_182_PathReport_manual, ASC_182_T1_Pathreport"	"IS"	"BREAST (PARENCHYMAL)"	NA	NA	"182"	"DIAGNOSED"	56.33150685	"BREAST"	""	""	""	"BREAST"	""	""	""	"DK"	""	""	""	"YES"	"YES"	"NO"	""	"None"	"NO"	""	"NO"	""	"NO"	""	"Facebook AngioSarcoma Group Page"	"My younger brother had AngioSarcoma in the lining of heart and lungs.  He passed away within 6 months 7/22/2007 at the age of 46."	"NO"	"WHITE"	""	""	""	""	""	""	""	""	""	""	""	""	""	""	""	""	"4/16/58"	"True"	NA	"BREAST (PARENCHYMAL)"	"Non-RAAS/LAAS"	NA	"ASCProject_0182_T1"	NA	"Breast (Parenchymal)"	NA	"Breast (Parenchymal)"
"RP-1447_ASCProject_0184_T1B_v1_RNA_OnPrem"	"ASCProject_0184_T1B"	"Tumor"	"ASCProject_0184"	"RNA"	"T1B"	"ASCProject_0184_T1B"	"LCSET-18352"	"LCSET-18352"	NA	""	""	""	""	""	""	"ASCProject_0184"	"Heart"	"Heart"	"Bowel"	"Distant Lymph Node, Visceral Organ"	"Distant Lymph Node, Visceral Organ"	NA	2	"70"	"M"	"CARDIAC"	"SMALL BOWEL"	0	"NO"	0	0	""	""	""	""	""	""	""	"0"	"DISTANT LYMPH NODE, VISCERAL ORGAN"	"DISTANT LYMPH NODE, VISCERAL ORGAN"	"373"	"4/13/21"	"184_All_SeattleCancer, 184_eMAR,SeattleCancer, Path 184 T1_manual"	"IS"	"CARDIAC"	0	1	"184"	"DIAGNOSED"	70.94794521	"ABDOMINAL"	""	""	""	""	""	""	""	"ABDOMINAL"	""	""	""	"YES"	"NO"	"NO"	""	"Chemo weekly  (Paxell)"	"YES"	"Weekly Chemo/ Have also tried M. oil"	"NO"	""	"NO"	""	"Facebook"	"The operation was not very successful  other than to see how much it had spread throughout my upper intesstine."	"NO"	"AMERICAN_INDIAN"	""	""	""	""	""	""	""	""	""	""	""	""	""	""	""	""	"8/7/45"	"True"	70	"HEART"	"Non-RAAS/LAAS"	2	"ASCProject_0184_T1B"	70	"Heart"	70	"Heart"
"RP-1447_ASCProject_0197_T1A_v1_RNA_OnPrem"	"ASCProject_0197_T1A"	"Tumor"	"ASCProject_0197"	"RNA"	"T1A"	"ASCProject_0197_T1A"	"LCSET-23758"	"LCSET-23758"	60	"SKIN"	"EXCISION"	"YES (FOCAL)"	"YES"	"NO"	"HIGH"	"ASCProject_0197"	"Extremities"	"Upper Extremity"	"Arm"	"Breast"	"Breast"	NA	4	"62"	"F"	"SKIN-CUTANEOUS (ASSOCIATED WITH LYMPHEDEMA)"	"RIGHT UPPER ARM"	0	"YES"	1	0	""	""	""	""	""	""	""	"317"	"OTHER (RIGHT BREAST SKIN)"	"OTHER (RIGHT BREAST SKIN)"	"556"	"1/16/20"	"197_TCHO_1, 197_TCHO_2, 197_TCHO_3, 197_TCHO_4, 197_TCHO_5, 197_TCHO_6, ASC_0197_T1A_T1B_PATHREPORT"	"QC/AD"	"EXTREMITY"	1	1	"197"	"DIAGNOSED"	63.08493151	"BONELIMB,OTHER"	""	""	""	"BONELIMB,OTHER"	""	""	""	"BONELIMB,OTHER"	""	""	""	"YES"	"NO"	"NO"	""	"TAXOL"	"YES"	"TAXOL"	"YES"	"Breast ;1999|Uterus ;2008"	"YES"	"Breast armpit back"	"Facebook"	"Lymphademia in r arm. several infections in r  arm.  Cysts in r  arm turned out to be angiosarcoma."	"NO"	"WHITE"	""	""	""	""	""	""	""	""	""	""	""	""	""	""	""	""	"1/17/54"	"True"	62	"BONELIMB"	"LAAS"	1	"ASCProject_0197_T1A"	62	"Extremities"	62	"Extremities"
"RP-1447_ASCProject_0197_T1B_v1_RNA_OnPrem"	"ASCProject_0197_T1B"	"Tumor"	"ASCProject_0197"	"RNA"	"T1B"	"ASCProject_0197_T1B"	"LCSET-23758"	"LCSET-23758"	60	"SKIN"	"EXCISION"	"YES (FOCAL)"	"YES"	"NO"	"HIGH"	"ASCProject_0197"	"Extremities"	"Upper Extremity"	"Arm"	"Breast"	"Breast"	NA	4	"62"	"F"	"SKIN-CUTANEOUS (ASSOCIATED WITH LYMPHEDEMA)"	"RIGHT UPPER ARM"	0	"YES"	1	0	""	""	""	""	""	""	""	"317"	"OTHER (RIGHT BREAST SKIN)"	"OTHER (RIGHT BREAST SKIN)"	"556"	"1/16/20"	"197_TCHO_1, 197_TCHO_2, 197_TCHO_3, 197_TCHO_4, 197_TCHO_5, 197_TCHO_6, ASC_0197_T1A_T1B_PATHREPORT"	"QC/AD"	"EXTREMITY"	1	1	"197"	"DIAGNOSED"	63.08493151	"BONELIMB,OTHER"	""	""	""	"BONELIMB,OTHER"	""	""	""	"BONELIMB,OTHER"	""	""	""	"YES"	"NO"	"NO"	""	"TAXOL"	"YES"	"TAXOL"	"YES"	"Breast ;1999|Uterus ;2008"	"YES"	"Breast armpit back"	"Facebook"	"Lymphademia in r arm. several infections in r  arm.  Cysts in r  arm turned out to be angiosarcoma."	"NO"	"WHITE"	""	""	""	""	""	""	""	""	""	""	""	""	""	""	""	""	"1/17/54"	"True"	62	"BONELIMB"	"LAAS"	1	"ASCProject_0197_T1B"	62	"Extremities"	62	"Extremities"
"RP-1447_ASCProject_0201_T1_v1_RNA_OnPrem"	"ASCProject_0201_T1"	"Tumor"	"ASCProject_0201"	"RNA"	"T1"	"ASCProject_0201_T1"	"LCSET-23758"	"LCSET-23758"	0	"BREAST"	"EXCISION"	"YES"	"NO"	"YES (FOCAL)"	"HIGH"	"ASCProject_0201"	"Breast (Parenchymal)"	"Breast (Parenchymal)"	"Breast"	"Liver"	"Liver, Retroperitoneum"	NA	5	"36"	"F"	"BREAST (PARENCHYMAL)"	"RIGHT BREAST"	0	"NO"	0	1	"RIGHT BREAST"	"1315"	""	""	""	""	""	"3746"	"LIVER"	"LIVER, OTHER (RETROPERITONEUM)"	"5249"	"1/1/20"	"201_2_OCR, 201_MR_Texas Oncology some MD Anderson and Baylor_OCR, 201_1_OCRASC_0201_T1_PathReport,ASC_0201_T2_PathReport, ASC_201_TexasOnc (searchable), 201_1_mda, 201_2_mda, 201_3, 201_4, 201_5, 201_6"	"RR"	"BREAST (PARENCHYMAL)"	0	1	"201"	"DIAGNOSED"	36.14794521	"BREAST"	""	""	""	"BREAST,LIVER"	""	""	""	"NED"	""	""	""	"YES"	"YES"	"YES"	"AFTER"	"1st time in 2005 only surgery 2nd time in 2008 radiation followed by Gemcitabine/ Tacotere 3rd time in 2015 metastatic liver Angiosarcoma Adriamycin/ Ifosamide"	"NO"	""	"NO"	""	"NO"	""	"Angiosarcoma Facebook Corrie"	"This last time it was metastatic after I completed chemo I still had lesion on liver completed chemo in October2015 in November I started drinking sour sop tea. I was scheduled to participate in a clinical trial at MD Anderson in Jan 2016 when I went to do biopsy in Jan they couldn't find lesion big enough to biopsy. I continued drinking sour sop tea 1 cup 3 x a day when I returned to do scans in may to doctors surprise liesion was getting smaller when I returned in July I was NED still drink tea"	"YES"	"WHITE"	""	""	""	""	""	""	""	""	""	""	""	""	""	""	""	""	"11/17/68"	"True"	36	"BREAST (PARENCHYMAL)"	"Non-RAAS/LAAS"	2	"ASCProject_0201_T1"	36	"Breast (Parenchymal)"	36	"Breast (Parenchymal)"
"RP-1447_ASCProject_0201_T2_v1_RNA_OnPrem"	"ASCProject_0201_T2"	"Tumor"	"ASCProject_0201"	"RNA"	"T2"	"ASCProject_0201_T2"	"LCSET-23758"	"LCSET-23758"	1415	"BREAST"	"MASTECTOMY"	"YES"	"YES"	"YES"	"HIGH"	"ASCProject_0201"	"Breast (Parenchymal)"	"Breast (Parenchymal)"	"Breast"	"Liver"	"Liver, Retroperitoneum"	NA	5	"36"	"F"	"BREAST (PARENCHYMAL)"	"RIGHT BREAST"	0	"NO"	0	1	"RIGHT BREAST"	"1315"	""	""	""	""	""	"3746"	"LIVER"	"LIVER, OTHER (RETROPERITONEUM)"	"5249"	"1/1/20"	"201_2_OCR, 201_MR_Texas Oncology some MD Anderson and Baylor_OCR, 201_1_OCRASC_0201_T1_PathReport,ASC_0201_T2_PathReport, ASC_201_TexasOnc (searchable), 201_1_mda, 201_2_mda, 201_3, 201_4, 201_5, 201_6"	"RR"	"BREAST (PARENCHYMAL)"	0	1	"201"	"DIAGNOSED"	36.14794521	"BREAST"	""	""	""	"BREAST,LIVER"	""	""	""	"NED"	""	""	""	"YES"	"YES"	"YES"	"AFTER"	"1st time in 2005 only surgery 2nd time in 2008 radiation followed by Gemcitabine/ Tacotere 3rd time in 2015 metastatic liver Angiosarcoma Adriamycin/ Ifosamide"	"NO"	""	"NO"	""	"NO"	""	"Angiosarcoma Facebook Corrie"	"This last time it was metastatic after I completed chemo I still had lesion on liver completed chemo in October2015 in November I started drinking sour sop tea. I was scheduled to participate in a clinical trial at MD Anderson in Jan 2016 when I went to do biopsy in Jan they couldn't find lesion big enough to biopsy. I continued drinking sour sop tea 1 cup 3 x a day when I returned to do scans in may to doctors surprise liesion was getting smaller when I returned in July I was NED still drink tea"	"YES"	"WHITE"	""	""	""	""	""	""	""	""	""	""	""	""	""	""	""	""	"11/17/68"	"True"	36	"BREAST (PARENCHYMAL)"	"Non-RAAS/LAAS"	2	"ASCProject_0201_T2"	36	"Breast (Parenchymal)"	36	"Breast (Parenchymal)"
"RP-1447_ASCProject_0202_T1_v1_RNA_OnPrem"	"ASCProject_0202_T1"	"Tumor"	"ASCProject_0202"	"RNA"	"T1"	"ASCProject_0202_T1"	"LCSET-23758"	"LCSET-23758"	0	"BREAST"	"EXCISION"	"YES"	"NO"	"YES"	"HIGH"	"ASCProject_0202"	"Breast (Cutaneous)"	"Breast (Cutaneous)"	"Breast Skin"	"No Mets"	"No Mets"	NA	5	"51"	"F"	"BREAST (CUTANEOUS)"	"LEFT BREAST SKIN"	1	"NO"	1	0	""	""	""	""	""	""	""	""	"NO METS"	"NO METS"	"1463"	"5/27/21"	"202_1, 202_2, 202_3, 202_4, 202_Yavapai_followup"	"IS"	"BREAST (CUTANEOUS)"	0	0	"202"	"DIAGNOSED"	51.87671233	"BREAST"	""	""	""	"BREAST"	""	""	""	"NED"	""	""	""	"YES"	"YES"	"NO"	""	"No other treatment"	"NO"	""	"YES"	"Breast Cancer;2007"	"YES"	"Breast"	"Facebook Group"	""	"NO"	"WHITE"	""	""	""	""	""	""	""	""	""	""	""	""	""	""	""	""	"3/31/63"	"True"	51	"BREAST (CUTANEOUS)"	"RAAS"	0	"ASCProject_0202_T1"	51	"Breast (Cutaneous)"	51	"Breast (Cutaneous)"
"RP-1447_ASCProject_0205_T1_v1_RNA_OnPrem"	"ASCProject_0205_T1"	"Tumor"	"ASCProject_0205"	"RNA"	"T1"	"ASCProject_0205_T1"	"LCSET-20590"	"LCSET-20590"	NA	""	""	""	""	""	""	"ASCProject_0205"	"HNFS"	"HNFS"	"Nose"	"Distant Lymph Node"	"Distant Lymph Node, Lung"	NA	9	"56"	"M"	"HNFS"	"NOSE"	0	"NO"	1	1	"HNFS"	""	""	""	""	""	""	"164"	"DISTANT LYMPH NODE"	"DISTANT LYMPH NODE, LUNG, OTHER (PLEURA)"	"507"	"2/25/22"	"ASC_205_KAISER.PDF"	"LS"	"HNFS"	0	1	"205"	"DIAGNOSED"	56.62191781	"HEADFACENECK"	""	""	""	"HEADFACENECK,LYMPH"	""	""	""	"LYMPH"	""	""	""	"YES"	"YES"	"YES"	"AFTER"	"none"	"YES"	"radiation"	"NO"	""	"NO"	""	"google"	"diagnosed cancer on nose Nov 2016 - removed outer nose and had radiation. Cancer came back in neck lymode nodes Feb 2017 = had surgery and now doing radiation"	"NO"	"WHITE"	""	""	""	""	""	""	""	""	""	""	""	""	""	""	""	""	"4/2/60"	"True"	56	"HNFS"	"Non-RAAS/LAAS"	3	"ASCProject_0205_T1"	56	"HNFS"	56	"HNFS"
"RP-1447_ASCProject_0207_T1_v1_RNA_OnPrem"	"ASCProject_0207_T1"	"Tumor"	"ASCProject_0207"	"RNA"	"T1"	"ASCProject_0207_T1"	"LCSET-23758"	"LCSET-23758"	NA	""	""	""	""	""	""	"ASCProject_0207"	"Musculoskeletal"	"Bone"	"Paraspinal Soft Tissue"	"Palate, Bone"	"Palate, Bone"	NA	3	"28"	"F"	"OTHER (BONE)"	"LEFT PARASPINAL SOFT TISSUE"	0	"NO"	0	0	""	""	""	""	""	""	""	"5"	"OTHER (PALATE), BONE"	"OTHER (PALATE), BONE"	"155"	"6/28/21"	"207 MEDICAL RECORD, ASC_207_T1_PATH"	"SS"	"BONE"	0	1	""	""	NA	""	""	""	""	""	""	""	""	""	""	""	""	""	""	""	""	""	""	""	""	""	""	""	""	""	""	""	""	""	""	""	""	""	""	""	""	""	""	""	""	""	""	""	""	"True"	28	"BONELIMB"	"Non-RAAS/LAAS"	2	"ASCProject_0207_T1"	28	"Musculoskeletal"	28	"Musculoskeletal"
"RP-1447_ASCProject_0207_T2_v1_RNA_OnPrem"	"ASCProject_0207_T2"	"Tumor"	"ASCProject_0207"	"RNA"	"T2"	"ASCProject_0207_T2"	"LCSET-23758"	"LCSET-23758"	NA	""	""	""	""	""	""	"ASCProject_0207"	"Musculoskeletal"	"Bone"	"Paraspinal Soft Tissue"	"Palate, Bone"	"Palate, Bone"	NA	3	"28"	"F"	"OTHER (BONE)"	"LEFT PARASPINAL SOFT TISSUE"	0	"NO"	0	0	""	""	""	""	""	""	""	"5"	"OTHER (PALATE), BONE"	"OTHER (PALATE), BONE"	"155"	"6/28/21"	"207 MEDICAL RECORD, ASC_207_T1_PATH"	"SS"	"BONE"	0	1	""	""	NA	""	""	""	""	""	""	""	""	""	""	""	""	""	""	""	""	""	""	""	""	""	""	""	""	""	""	""	""	""	""	""	""	""	""	""	""	""	""	""	""	""	""	""	""	"True"	28	"BONELIMB"	"Non-RAAS/LAAS"	2	"ASCProject_0207_T2"	28	"Musculoskeletal"	28	"Musculoskeletal"
"RP-1447_ASCProject_0212_T1_v1_RNA_OnPrem"	"ASCProject_0212_T1"	"Tumor"	"ASCProject_0212"	"RNA"	"T1"	"ASCProject_0212_T1"	"LCSET-23758"	"LCSET-23758"	0	"HEART"	""	""	""	""	""	"ASCProject_0212"	"Heart"	"Heart"	"Atrium"	"Lung"	"Lung, Liver, Spleen, Visceral Organ, Mediastinum, Bone, Bone Marrow"	NA	2	"37"	"M"	"CARDIAC"	"RIGHT ATRIUM"	0	"NO"	0	1	"CARDIAC"	"679"	""	""	""	""	""	"602"	"LUNG"	"LUNG, LIVER, SPLEEN,VISCERAL ORGAN, OTHER (MEDIASTINUM), BONE,OTHER( BONE MARROW)"	"1155"	"8/6/21"	"212_1, 212_2, 212_BAYLOR_PATH, 212_BAYLOR, ASC_212_BAYLOR, ASC_0212_T2_PATHREPORT"	"SS"	"CARDIAC"	0	1	"212"	"DIAGNOSED"	37.34520548	"HEART"	""	""	""	"HEART,LIVER,SPLEEN,LUNG"	""	""	""	"HEART,LIVER,SPLEEN,LUNG"	""	""	""	"YES"	"NO"	"NO"	""	"adriamycin, ifosfamide, GemTax, Taxol, Keytruda and Lartruvo"	"YES"	"taxol and keytruda"	"NO"	""	"NO"	""	"via Facebook"	"I had chest pains related to the tumor, including pericarditis and a cardiac tamponade episode before my cardiologist at UT Southwestern had me get a cardiac MRI in Dallas. From there, I was referred to Dr Reardon at Houston Methodist and he included Dr Ravi of MD Anderson. They put me through a full year of chemo that shrunk the tumor on my right atrium dramatically. Reardon did the surgery and we thought succeeded. We think a small cluster was missed and it returned. Trying again now"	"NO"	"WHITE"	""	""	""	""	""	""	""	""	""	""	""	""	""	""	""	""	"7/7/77"	"True"	37	"HEART"	"Non-RAAS/LAAS"	7	"ASCProject_0212_T1"	37	"Heart"	37	"Heart"
"RP-1447_ASCProject_0218_T1_v1_RNA_OnPrem"	"ASCProject_0218_T1"	"Tumor"	"ASCProject_0218"	"RNA"	"T1"	"ASCProject_0218_T1"	"LCSET-18352"	"LCSET-18352"	NA	""	""	""	""	""	""	"ASCProject_0218"	"Extremities"	"Lower Extremity"	"Leg"	"Distant Lymph Node"	"Distant Lymph Node"	NA	9	"29"	"M"	"EXTREMITY"	"BONE - LEFT TIBIA"	0	"NO"	0	1	"EXTREMITY "	"434"	""	""	""	""	""	"610"	"DISTANT LYMPH NODE"	"DISTANT LYMPH NODE"	"1179"	"1/26/22"	"218_UH_2.PDF, ASC_218_PATH.PDF, ASC_0218_T1_SK.PDF, ASC_218_UT_NEW.PDF"	"LS"	"EXTREMITY"	0	1	"218"	"DIAGNOSED"	29.45205479	"BONELIMB"	"Deep Left Proximal tibia"	""	""	"LYMPH,BONELIMB"	"Left Tibia & soft tissue in residual limb"	""	""	"LYMPH,BONELIMB"	"Soft tissue of left residual limb"	""	""	"YES"	"DK"	"NO"	""	"Paclitaxol"	"YES"	"Paclitaxol"	"NO"	""	"NO"	""	"Facebook community- Angiosarcoma Cancer"	"Began as large egg sized soft tissue tumor encompassed in the left shin bone. After 1st limb salvage surgery was considered clear margins. Next PET showed activity in limb presumed as natural healing. Lymph nodes were dissected & showed NED. Small area of skin from the surgery never healed before the next surgery. Again an area of skin refused to heal, along with the bone. Which necessitated a BK amputation. 1 wk had to go in & revise weeping wound. 2 wks later AK amputation due to more AS."	"NO"	"WHITE"	""	""	""	""	""	""	""	""	""	""	""	""	""	""	""	""	"1/24/86"	"True"	29	"BONELIMB"	"Non-RAAS/LAAS"	1	"ASCProject_0218_T1"	29	"Extremities"	29	"Extremities"
"RP-1447_ASCProject_0219_T1_v1_RNA_OnPrem"	"ASCProject_0219_T1"	"Tumor"	"ASCProject_0219"	"RNA"	"T1"	"ASCProject_0219_T1"	"LCSET-23758"	"LCSET-23758"	29	"HEADFACENECKSCALP"	"EXCISION"	"YES"	"NO"	"YES"	"HIGH"	"ASCProject_0219"	"HNFS"	"HNFS"	"Forehead"	"Distant Lymph Node"	"Distant Lymph Node"	NA	3	"69"	"F"	"HNFS"	"LEFT FOREHEAD"	0	"NO"	1	0	""	""	""	""	""	""	""	"309"	"DISTANT LYMPH NODE"	"DISTANT LYMPH NODE"	"404"	"1/10/20"	"219_DUKEHEALTH, ASC_219_T1_SK, ASC_219_T3_SK"	"QC/AD"	"HNFS"	0	1	"219"	"DIAGNOSED"	69.86575342	"SCALP"	""	""	""	"SCALP"	""	""	""	"SCALP"	""	""	""	"NO"	""	"NO"	""	""	"YES"	"Surgery June 30, 2017"	"NO"	""	"NO"	""	"Corrie Painter"	""	"NO"	"WHITE"	""	""	""	""	""	""	""	""	""	""	""	""	""	""	""	""	"8/7/47"	"True"	69	"HNFS"	"Non-RAAS/LAAS"	1	"ASCProject_0219_T1"	69	"HNFS"	69	"HNFS"
"RP-1447_ASCProject_0219_T3_v1_RNA_OnPrem"	"ASCProject_0219_T3"	"Tumor"	"ASCProject_0219"	"RNA"	"T3"	"ASCProject_0219_T3"	"LCSET-23758"	"LCSET-23758"	309	"OTHER"	"OTHER"	"NO"	"NO"	"YES"	"HIGH"	"ASCProject_0219"	"HNFS"	"HNFS"	"Forehead"	"Distant Lymph Node"	"Distant Lymph Node"	NA	3	"69"	"F"	"HNFS"	"LEFT FOREHEAD"	0	"NO"	1	0	""	""	""	""	""	""	""	"309"	"DISTANT LYMPH NODE"	"DISTANT LYMPH NODE"	"404"	"1/10/20"	"219_DUKEHEALTH, ASC_219_T1_SK, ASC_219_T3_SK"	"QC/AD"	"HNFS"	0	1	"219"	"DIAGNOSED"	69.86575342	"SCALP"	""	""	""	"SCALP"	""	""	""	"SCALP"	""	""	""	"NO"	""	"NO"	""	""	"YES"	"Surgery June 30, 2017"	"NO"	""	"NO"	""	"Corrie Painter"	""	"NO"	"WHITE"	""	""	""	""	""	""	""	""	""	""	""	""	""	""	""	""	"8/7/47"	"True"	69	"HNFS"	"Non-RAAS/LAAS"	1	"ASCProject_0219_T3"	69	"HNFS"	69	"HNFS"
"RP-1447_ASCProject_0220_T3_v1_RNA_OnPrem"	"ASCProject_0220_T3"	"Tumor"	"ASCProject_0220"	"RNA"	"T3"	"ASCProject_0220_T3"	"LCSET-23758"	"LCSET-23758"	1322	"HEADFACENECKSCALP"	"EXCISION"	"YES (FOCAL)"	"YES"	"YES"	"HIGH"	"ASCProject_0220"	"HNFS"	"HNFS"	"Temple"	"No Mets"	"No Mets"	NA	5	"67"	"F"	"HNFS"	"LEFT TEMPORAL REGION"	0	"NO"	1	1	"HNFS, HNFS, HNFS, HNFS, HNFS"	"999"	"1322"	"1658"	"1792"	"2038"	""	""	"NO METS"	"NO METS"	"3343"	"1/1/20"	"220, 220_UCHICAGO, 220_KELLOGG, 220_T1, 220_T2, 220_T3, ASC_PNN3PN_UofChicagoPath.pdf"	"QC/AD"	"HNFS"	0	0	"220"	"DIAGNOSED"	67.06027397	"HEADFACENECK"	""	""	""	"HEADFACENECK"	""	""	""	"NED"	""	""	""	"YES"	"NO"	"YES"	"AFTER"	"Taxol chemotherapy"	"YES"	"CT scans"	"NO"	""	"NO"	""	"Dr. Ravi from MD Anderson"	"I have had 6 surgeries of tumors in the left temporal area and around my left eye.  Radiation three times and chemo with Taxol one time"	"NO"	"WHITE"	""	""	""	""	""	""	""	""	""	""	""	""	""	""	""	""	"9/26/42"	"True"	67	"HNFS"	"Non-RAAS/LAAS"	0	"ASCProject_0220_T3"	67	"HNFS"	67	"HNFS"
"RP-1447_ASCProject_0221_T1_v2_RNA_OnPrem"	"ASCProject_0221_T1"	"Tumor"	"ASCProject_0221"	"RNA"	"T1"	"ASCProject_0221_T1"	"LCSET-23758"	"LCSET-23758"	0	"BREAST"	"BIOPSY"	"YES"	"NO"	"YES (FOCAL)"	"LOW"	"ASCProject_0221"	"Breast (Parenchymal)"	"Breast (Parenchymal)"	"Breast"	"No Mets"	"No Mets"	NA	5	"27"	"F"	"BREAST (PARENCHYMAL)"	"LEFT BREAST"	0	"NO"	0	0	""	""	""	""	""	""	""	""	"NO METS"	"NO METS"	"1087"	"8/20/21"	"221_1_OCR.pdf, 221_2_OCR.pdf, ASC_221_Estabrook_fu.pdf, ASC_0221_T1 &T2_PathReport.pdf"	"DS"	"BREAST (PARENCHYMAL)"	0	0	"221"	"DIAGNOSED"	27.11232877	"BREAST"	""	""	""	"BREAST"	""	""	""	"NED"	""	""	""	"YES"	"NO"	"YES"	"AFTER"	"Taxol first, but it didnt change the size. I think Adriamycin and another chemo"	"NO"	""	"NO"	""	"NO"	""	"My oncologist, Dr. Kirsten Leu"	"I had noticed that my whole breast suddenly got hard. It wasn't until the third time I went in to the doctor to look at it that they did the biopsy and  diagnosed it. I  had it a year before they actually diagnosed me. I would  love to help with this study to help better understand treating this cancer to benefit myself and others with angiosarcoma."	"NO"	"WHITE"	""	""	""	""	""	""	""	""	""	""	""	""	""	""	""	""	"3/28/89"	"True"	27	"BREAST (PARENCHYMAL)"	"Non-RAAS/LAAS"	0	"ASCProject_0221_T1"	27	"Breast (Parenchymal)"	27	"Breast (Parenchymal)"
"RP-1447_ASCProject_0221_T2_v1_RNA_OnPrem"	"ASCProject_0221_T2"	"Tumor"	"ASCProject_0221"	"RNA"	"T2"	"ASCProject_0221_T2"	"LCSET-23758"	"LCSET-23758"	191	"BREAST"	"MASTECTOMY"	"YES"	"NO"	"YES (FOCAL)"	"LOW"	"ASCProject_0221"	"Breast (Parenchymal)"	"Breast (Parenchymal)"	"Breast"	"No Mets"	"No Mets"	NA	5	"27"	"F"	"BREAST (PARENCHYMAL)"	"LEFT BREAST"	0	"NO"	0	0	""	""	""	""	""	""	""	""	"NO METS"	"NO METS"	"1087"	"8/20/21"	"221_1_OCR.pdf, 221_2_OCR.pdf, ASC_221_Estabrook_fu.pdf, ASC_0221_T1 &T2_PathReport.pdf"	"DS"	"BREAST (PARENCHYMAL)"	0	0	"221"	"DIAGNOSED"	27.11232877	"BREAST"	""	""	""	"BREAST"	""	""	""	"NED"	""	""	""	"YES"	"NO"	"YES"	"AFTER"	"Taxol first, but it didnt change the size. I think Adriamycin and another chemo"	"NO"	""	"NO"	""	"NO"	""	"My oncologist, Dr. Kirsten Leu"	"I had noticed that my whole breast suddenly got hard. It wasn't until the third time I went in to the doctor to look at it that they did the biopsy and  diagnosed it. I  had it a year before they actually diagnosed me. I would  love to help with this study to help better understand treating this cancer to benefit myself and others with angiosarcoma."	"NO"	"WHITE"	""	""	""	""	""	""	""	""	""	""	""	""	""	""	""	""	"3/28/89"	"True"	27	"BREAST (PARENCHYMAL)"	"Non-RAAS/LAAS"	0	"ASCProject_0221_T2"	27	"Breast (Parenchymal)"	27	"Breast (Parenchymal)"
"RP-1447_ASCProject_0222_T2_v1_RNA_OnPrem"	"ASCProject_0222_T2"	"Tumor"	"ASCProject_0222"	"RNA"	"T2"	"ASCProject_0222_T2"	"LCSET-23758"	"LCSET-23758"	28	"HEADFACENECKSCALP"	"EXCISION"	"YES"	"YES"	"NO"	"HIGH"	"ASCProject_0222"	"HNFS"	"HNFS"	"Nose"	"Distant Lymph Node"	"Distant Lymph Node"	NA	5	"74"	"M"	"HNFS"	"SKIN UNDERNEATH NOSE"	0	"NO"	1	1	"HNFS"	"666"	""	""	""	""	""	"666"	"DISTANT LYMPH NODE"	"DISTANT LYMPH NODE"	"1360"	"8/17/21"	"222_1, 222_2, 222_3, 222_4, 222_5, 222_6, 222_Path, 222_slow_mohs, 222_Dermatopathology_Report, 222_NH"	"SS"	"HNFS"	0	1	"222"	"DIAGNOSED"	74.46849315	"HEADFACENECK"	""	""	""	"HEADFACENECK"	""	""	""	"HEADFACENECK"	""	""	""	"YES"	"NO"	"YES"	"AFTER"	"Taxol,  Doxicycline,  Taxotere,  Gemeitabine"	"YES"	"Durvalumab with Tremelimurnab  @ MD Anderson  (clinical trial)"	"NO"	""	"NO"	""	"Corrie Painter on FaceBook"	""	"NO"	"WHITE"	""	""	""	""	""	""	""	""	""	""	""	""	""	""	""	""	"10/31/39"	"True"	74	"HNFS"	"Non-RAAS/LAAS"	1	"ASCProject_0222_T2"	74	"HNFS"	74	"HNFS"
"RP-1447_ASCProject_0226_T1C_v1_RNA_OnPrem"	"ASCProject_0226_T1C"	"Tumor"	"ASCProject_0226"	"RNA"	"T1C"	"ASCProject_0226_T1C"	"LCSET-18352"	"LCSET-18352"	NA	""	""	""	""	""	""	"ASCProject_0226"	"Missing or Unknown"	""	""	""	""	NA	9	"NOT FOUND IN RECORD"	"F"	"NOT FOUND IN RECORD"	"NOT FOUND IN RECORD"	NA	"NOT FOUND IN RECORD"	NA	NA	"NOT FOUND IN RECORD"	"NOT FOUND IN RECORD"	"NOT FOUND IN RECORD"	"NOT FOUND IN RECORD"	"NOT FOUND IN RECORD"	"NOT FOUND IN RECORD"	"NOT FOUND IN RECORD"	"NOT FOUND IN RECORD"	"NOT FOUND IN RECORD"	"NOT FOUND IN RECORD"	"NOT FOUND IN RECORD"	"1/24/22"	"ASC_0226_T1CPathReport.pdf"	"LS"	""	NA	NA	"226"	"DIAGNOSED"	44.89315068	"LUNG,ABDOMINAL"	""	""	""	"LUNG,ABDOMINAL"	""	""	""	"LUNG,ABDOMINAL"	""	""	""	"YES"	"NO"	"YES"	"AFTER"	"Docetere and Gemzar"	"YES"	"Chemotherapies"	"NO"	""	"NO"	""	"Website"	""	"NO"	"WHITE"	""	""	""	""	""	""	""	""	""	""	""	""	""	""	""	""	"12/22/71"	"True"	NA	""	""	NA	"ASCProject_0226_T1C"	NA	"Missing or Unknown"	NA	"Missing or Unknown"
"RP-1447_ASCProject_0247_T1_v1_RNA_OnPrem"	"ASCProject_0247_T1"	"Tumor"	"ASCProject_0247"	"RNA"	"T1"	"ASCProject_0247_T1"	"LCSET-18054"	"LCSET-18054"	9	"BREAST"	"Excision"	"YES"	"NO"	"NO"	"LOW"	"ASCProject_0247"	"Breast (Parenchymal)"	"Breast (Parenchymal)"	"Breast"	"Upper Extremity, Thorax and Trunk"	"Upper Extremity, Thorax and Trunk"	NA	6	"66"	"F"	"BREAST (PARENCHYMAL)"	"RIGHT BREAST"	0	"NO"	0	0	""	""	""	""	""	""	""	"1698"	"EXTREMITY, TRUNK"	"EXTREMITY, TRUNK, SKIN"	"3118"	"4/25/21"	"247_1, 247_2, 247_3, 247_4, 247_T1, 247_MGH_PATH, 247_T1_SK, 247_T2_PathReport, ASC_247_T2_SK"	"IS"	"BREAST (PARENCHYMAL)"	0	1	"247"	"DIAGNOSED"	66.30410959	"BREAST"	""	""	""	"BREAST,ABDOMINAL,OTHER"	""	"4 yrs after mastectomy, tumors in right flank "	"over period of a few years: Right upper arm; left flank, left breast; right chest side"	"NED"	""	""	""	"YES"	"YES"	"YES"	"AFTER"	"Taxol"	"NO"	""	"NO"	""	"NO"	""	"Through my medical oncologist, Dr. Gregory Cote"	"I found the first angiosarcoma in right breast because it felt like a \"thickening.' It did not show up in a mammogram or ultra sound."	"NO"	"WHITE"	""	""	""	""	""	""	""	""	""	""	""	""	""	""	""	""	"3/29/43"	"True"	66	"BREAST (PARENCHYMAL)"	"Non-RAAS/LAAS"	3	"ASCProject_0247_T1"	66	"Breast (Parenchymal)"	66	"Breast (Parenchymal)"
"RP-1447_ASCProject_0247_T2_v1_RNA_OnPrem"	"ASCProject_0247_T2"	"Tumor"	"ASCProject_0247"	"RNA"	"T2"	"ASCProject_0247_T2"	"LCSET-18054"	"LCSET-18054"	NA	""	""	""	""	""	""	"ASCProject_0247"	"Breast (Parenchymal)"	"Breast (Parenchymal)"	"Breast"	"Upper Extremity, Thorax and Trunk"	"Upper Extremity, Thorax and Trunk"	NA	6	"66"	"F"	"BREAST (PARENCHYMAL)"	"RIGHT BREAST"	0	"NO"	0	0	""	""	""	""	""	""	""	"1698"	"EXTREMITY, TRUNK"	"EXTREMITY, TRUNK, SKIN"	"3118"	"4/25/21"	"247_1, 247_2, 247_3, 247_4, 247_T1, 247_MGH_PATH, 247_T1_SK, 247_T2_PathReport, ASC_247_T2_SK"	"IS"	"BREAST (PARENCHYMAL)"	0	1	"247"	"DIAGNOSED"	66.30410959	"BREAST"	""	""	""	"BREAST,ABDOMINAL,OTHER"	""	"4 yrs after mastectomy, tumors in right flank "	"over period of a few years: Right upper arm; left flank, left breast; right chest side"	"NED"	""	""	""	"YES"	"YES"	"YES"	"AFTER"	"Taxol"	"NO"	""	"NO"	""	"NO"	""	"Through my medical oncologist, Dr. Gregory Cote"	"I found the first angiosarcoma in right breast because it felt like a \"thickening.' It did not show up in a mammogram or ultra sound."	"NO"	"WHITE"	""	""	""	""	""	""	""	""	""	""	""	""	""	""	""	""	"3/29/43"	"True"	66	"BREAST (PARENCHYMAL)"	"Non-RAAS/LAAS"	3	"ASCProject_0247_T2"	66	"Breast (Parenchymal)"	66	"Breast (Parenchymal)"
"RP-1447_ASCProject_0264_T1A_v1_RNA_OnPrem"	"ASCProject_0264_T1A"	"Tumor"	"ASCProject_0264"	"RNA"	"T1A"	"ASCProject_0264_T1A"	"LCSET-20590"	"LCSET-20590"	NA	""	""	""	""	""	""	"ASCProject_0264"	"Heart"	"Heart"	"Lung"	"Brain"	"Liver, Spleen, Bone, Brain"	NA	9	"56"	"M"	"CARDIAC"	"LUNG"	0	"NO"	0	0	""	""	""	""	""	""	""	"-23"	"BRAIN "	"LIVER, SPLEEN, BONE, BRAIN, SKIN"	"342"	"1/28/22"	"ASC_264_ALBANY.PDF, ASC_264_PathReport.PDF, ASC_264_T1A&T1B_PathReport.PDF, ASC_264_SARATOGA_3.PDF,"	"LS"	"CARDIAC"	0	1	"264"	"DIAGNOSED"	56.68767123	"HEART,LIVER,SPLEEN,LUNG,BRAIN"	""	""	""	"HEART,LIVER,SPLEEN,LUNG,BRAIN"	""	""	""	"LUNG,BRAIN"	""	""	""	"NO"	""	"YES"	""	"Decadron, Propranolol, Gemcitabine, Taxotere"	"YES"	"Same as above"	"NO"	""	"NO"	""	"Facebook Group"	""	"NO"	"WHITE"	""	""	""	""	""	""	""	""	""	""	""	""	""	""	""	""	"11/6/60"	"True"	56	"HEART"	"Non-RAAS/LAAS"	5	"ASCProject_0264_T1A"	56	"Heart"	56	"Heart"
"RP-1447_ASCProject_0264_T1B_v1_RNA_OnPrem"	"ASCProject_0264_T1B"	"Tumor"	"ASCProject_0264"	"RNA"	"T1B"	"ASCProject_0264_T1B"	"LCSET-20590"	"LCSET-20590"	NA	""	""	""	""	""	""	"ASCProject_0264"	"Heart"	"Heart"	"Lung"	"Brain"	"Liver, Spleen, Bone, Brain"	NA	9	"56"	"M"	"CARDIAC"	"LUNG"	0	"NO"	0	0	""	""	""	""	""	""	""	"-23"	"BRAIN "	"LIVER, SPLEEN, BONE, BRAIN, SKIN"	"342"	"1/28/22"	"ASC_264_ALBANY.PDF, ASC_264_PathReport.PDF, ASC_264_T1A&T1B_PathReport.PDF, ASC_264_SARATOGA_3.PDF,"	"LS"	"CARDIAC"	0	1	"264"	"DIAGNOSED"	56.68767123	"HEART,LIVER,SPLEEN,LUNG,BRAIN"	""	""	""	"HEART,LIVER,SPLEEN,LUNG,BRAIN"	""	""	""	"LUNG,BRAIN"	""	""	""	"NO"	""	"YES"	""	"Decadron, Propranolol, Gemcitabine, Taxotere"	"YES"	"Same as above"	"NO"	""	"NO"	""	"Facebook Group"	""	"NO"	"WHITE"	""	""	""	""	""	""	""	""	""	""	""	""	""	""	""	""	"11/6/60"	"True"	56	"HEART"	"Non-RAAS/LAAS"	5	"ASCProject_0264_T1B"	56	"Heart"	56	"Heart"
"RP-1447_ASCProject_0268_T1B_v1_RNA_OnPrem"	"ASCProject_0268_T1B"	"Tumor"	"ASCProject_0268"	"RNA"	"T1B"	"ASCProject_0268_T1B"	"LCSET-20214"	"LCSET-20214"	NA	""	""	""	""	""	""	"ASCProject_0268"	"Breast (Cutaneous)"	"Breast (Cutaneous)"	"Breast"	"No Mets"	"No Mets"	NA	9	"47"	"F"	"BREAST (CUTANEOUS)"	"RIGHT BREAST"	1	"NO"	1	0	""	""	""	""	""	""	""	""	"NO METS"	"NO METS"	"358"	"1/27/22"	"ASC_268_HENRYFORD_FULL, ASC_268_HENRYFORD"	"SS"	"BREAST (CUTANEOUS)"	0	0	"268"	"DIAGNOSED"	46.79178082	"BREAST"	""	""	""	"BREAST"	""	""	""	"NED"	""	""	""	"YES"	"YES"	"NO"	""	"No medication or chemo yet"	"NO"	""	"YES"	"Breast cancer ;2013"	"YES"	"Breast"	"Facebook group"	"Not sure if I should do chemo taxol"	"NO"	"WHITE"	""	""	""	""	""	""	""	""	""	""	""	""	""	""	""	""	"2/27/70"	"True"	47	"BREAST (CUTANEOUS)"	"RAAS"	0	"ASCProject_0268_T1B"	47	"Breast (Cutaneous)"	47	"Breast (Cutaneous)"
"RP-1447_ASCProject_0275_T1_v1_RNA_OnPrem"	"ASCProject_0275_T1"	"Tumor"	"ASCProject_0275"	"RNA"	"T1"	"ASCProject_0275_T1"	"LCSET-20590"	"LCSET-20590"	NA	""	""	""	""	""	""	"ASCProject_0275"	"Breast (Parenchymal)"	"Breast (Parenchymal)"	"Breast"	"No Mets"	"No Mets"	NA	9	"27"	"F"	"BREAST (PARENCHYMAL)"	"LEFT BREAST"	0	"NO"	0	0	""	""	""	""	""	""	""	""	"NO METS"	"NO METS"	"457"	"1/21/22"	"ASC_275_DFCI_FULL, ASC_275_PATHREPORT"	"SS"	"BREAST (PARENCHYMAL)"	0	0	"275"	"DIAGNOSED"	27.09315068	"BREAST"	""	""	""	"BREAST"	""	""	""	"DK"	""	""	""	"YES"	"YES"	"YES"	"AFTER"	""	"YES"	""	"NO"	""	"NO"	""	"Facebook"	"After I had my daughter I breastfed for a year. After breastfeeding for a year I developed a large lump in my left breast. Which first was diagnosed as a clogged milk duct. After it hadn't went away I seen a breast specialist. I had multiple ultrasounds and mammograms, a needlepoint biopsy and core biopsy. Which all came back negative for cancer, but abnormal. My breast specialist decided it would be best to just remove the lump. After two different pathologist and mayo clinic I was diagnosed."	"NO"	"WHITE"	""	""	""	""	""	""	""	""	""	""	""	""	""	""	""	""	"10/5/90"	"True"	27	"BREAST (PARENCHYMAL)"	"Non-RAAS/LAAS"	0	"ASCProject_0275_T1"	27	"Breast (Parenchymal)"	27	"Breast (Parenchymal)"
"RP-1447_ASCProject_0277_T1_v1_RNA_OnPrem"	"ASCProject_0277_T1"	"Tumor"	"ASCProject_0277"	"RNA"	"T1"	"ASCProject_0277_T1"	"LCSET-23758"	"LCSET-23758"	0	"HEADFACENECKSCALP"	""	""	""	""	""	"ASCProject_0277"	"HNFS"	"HNFS"	"Face"	"No Mets"	"No Mets"	NA	2	"58"	"M"	"HNFS"	"LEFT CHEEK"	0	"NO"	1	0	""	""	""	""	""	""	""	""	"NO METS"	"NO METS"	"2147"	"6/14/21"	"277_ROANOKESURGICAL, 277_RVAS, 277_T2, 277_UNC, ASC_0277_T1ANDT2_PATHREPORT"	"SS"	"HNFS"	0	0	"277"	"DIAGNOSED"	58.88493151	"HEADFACENECK"	""	""	""	"HEADFACENECK"	""	""	""	"NED"	""	""	""	"YES"	"YES"	"YES"	"AFTER"	"None"	"NO"	""	"NO"	""	"NO"	""	"Through Facebook Angiosarcoma site"	"None"	"NO"	"WHITE"	""	""	""	""	""	""	""	""	""	""	""	""	""	""	""	""	"11/27/53"	"True"	58	"HNFS"	"Non-RAAS/LAAS"	0	"ASCProject_0277_T1"	58	"HNFS"	58	"HNFS"
"RP-1447_ASCProject_0277_T2_v2_RNA_OnPrem"	"ASCProject_0277_T2"	"Tumor"	"ASCProject_0277"	"RNA"	"T2"	"ASCProject_0277_T2"	"LCSET-23758"	"LCSET-23758"	21	"HEADFACENECKSCALP"	"PUNCH BIOPSY "	"YES"	"YES (FOCAL)"	"NO"	"HIGH"	"ASCProject_0277"	"HNFS"	"HNFS"	"Face"	"No Mets"	"No Mets"	NA	2	"58"	"M"	"HNFS"	"LEFT CHEEK"	0	"NO"	1	0	""	""	""	""	""	""	""	""	"NO METS"	"NO METS"	"2147"	"6/14/21"	"277_ROANOKESURGICAL, 277_RVAS, 277_T2, 277_UNC, ASC_0277_T1ANDT2_PATHREPORT"	"SS"	"HNFS"	0	0	"277"	"DIAGNOSED"	58.88493151	"HEADFACENECK"	""	""	""	"HEADFACENECK"	""	""	""	"NED"	""	""	""	"YES"	"YES"	"YES"	"AFTER"	"None"	"NO"	""	"NO"	""	"NO"	""	"Through Facebook Angiosarcoma site"	"None"	"NO"	"WHITE"	""	""	""	""	""	""	""	""	""	""	""	""	""	""	""	""	"11/27/53"	"True"	58	"HNFS"	"Non-RAAS/LAAS"	0	"ASCProject_0277_T2"	58	"HNFS"	58	"HNFS"
"RP-1447_ASCProject_0289_T1_v1_RNA_OnPrem"	"ASCProject_0289_T1"	"Tumor"	"ASCProject_0289"	"RNA"	"T1"	"ASCProject_0289_T1"	"LCSET-23758"	"LCSET-23758"	1838	"CHEST"	"EXCISION"	"YES"	"YES"	"NO"	"HIGH"	"ASCProject_0289"	"Breast (Cutaneous)"	"Breast (Cutaneous)"	"Breast"	"Trunk"	"Trunk, Distant Lymph Node, Lung"	NA	5	"62"	"F"	"BREAST (CUTANEOUS)"	"RIGHT BREAST "	1	"NO"	1	1	"RIGHT CHEST WALL, RIGHT CHEST WALL, RIGHT CHEST WALL, RIGHT CHEST WALL"	"1838"	"1917"	"1982"	"2127"	""	""	"2154"	"TRUNK"	"TRUNK, DISTANT LYMPH NODE, LUNG "	"2575"	"8/20/21"	"289_Moffitt_copy_1,  289_Moffitt_copy_2,  289_Moffitt_copy_3,  289_Moffitt_copy_4,  289_Moffitt_copy_5, 289_Moffitt_Largest"	"LS"	"BREAST (CUTANEOUS)"	0	1	"289"	"DIAGNOSED"	60.61917808	"BREAST"	""	""	""	"BREAST,LYMPH"	""	""	""	"BREAST,LUNG,NED"	""	""	""	"YES"	"NO"	"NO"	""	"doxorubicin,  votrient,"	"YES"	"votrient,  thoracentesis to remove fluid in lungs"	"YES"	"reast cancer uterine cancer;"	"NO"	""	"facebook angiosarcoma group"	"this cancer comes back in me around 5-7 years. We all need a cure"	"NO"	"AMERICAN_INDIAN,BLACK,WHITE,OTHER"	""	""	""	""	""	""	""	""	""	""	""	""	""	""	""	""	"11/2/42"	"True"	62	"BREAST (CUTANEOUS)"	"RAAS"	3	"ASCProject_0289_T1"	62	"Breast (Cutaneous)"	62	"Breast (Cutaneous)"
"RP-1447_ASCProject_0289_T2_v1_RNA_OnPrem"	"ASCProject_0289_T2"	"Tumor"	"ASCProject_0289"	"RNA"	"T2"	"ASCProject_0289_T2"	"LCSET-23758"	"LCSET-23758"	1950	"CHEST"	"EXCISION"	"YES"	"YES"	"NO"	"HIGH"	"ASCProject_0289"	"Breast (Cutaneous)"	"Breast (Cutaneous)"	"Breast"	"Trunk"	"Trunk, Distant Lymph Node, Lung"	NA	5	"62"	"F"	"BREAST (CUTANEOUS)"	"RIGHT BREAST "	1	"NO"	1	1	"RIGHT CHEST WALL, RIGHT CHEST WALL, RIGHT CHEST WALL, RIGHT CHEST WALL"	"1838"	"1917"	"1982"	"2127"	""	""	"2154"	"TRUNK"	"TRUNK, DISTANT LYMPH NODE, LUNG "	"2575"	"8/20/21"	"289_Moffitt_copy_1,  289_Moffitt_copy_2,  289_Moffitt_copy_3,  289_Moffitt_copy_4,  289_Moffitt_copy_5, 289_Moffitt_Largest"	"LS"	"BREAST (CUTANEOUS)"	0	1	"289"	"DIAGNOSED"	60.61917808	"BREAST"	""	""	""	"BREAST,LYMPH"	""	""	""	"BREAST,LUNG,NED"	""	""	""	"YES"	"NO"	"NO"	""	"doxorubicin,  votrient,"	"YES"	"votrient,  thoracentesis to remove fluid in lungs"	"YES"	"reast cancer uterine cancer;"	"NO"	""	"facebook angiosarcoma group"	"this cancer comes back in me around 5-7 years. We all need a cure"	"NO"	"AMERICAN_INDIAN,BLACK,WHITE,OTHER"	""	""	""	""	""	""	""	""	""	""	""	""	""	""	""	""	"11/2/42"	"True"	62	"BREAST (CUTANEOUS)"	"RAAS"	3	"ASCProject_0289_T2"	62	"Breast (Cutaneous)"	62	"Breast (Cutaneous)"
"RP-1447_ASCProject_0289_T3_v1_RNA_OnPrem"	"ASCProject_0289_T3"	"Tumor"	"ASCProject_0289"	"RNA"	"T3"	"ASCProject_0289_T3"	"LCSET-23758"	"LCSET-23758"	2154	"CHEST"	"RESECTION"	"YES"	"YES"	"NO"	"HIGH"	"ASCProject_0289"	"Breast (Cutaneous)"	"Breast (Cutaneous)"	"Breast"	"Trunk"	"Trunk, Distant Lymph Node, Lung"	NA	5	"62"	"F"	"BREAST (CUTANEOUS)"	"RIGHT BREAST "	1	"NO"	1	1	"RIGHT CHEST WALL, RIGHT CHEST WALL, RIGHT CHEST WALL, RIGHT CHEST WALL"	"1838"	"1917"	"1982"	"2127"	""	""	"2154"	"TRUNK"	"TRUNK, DISTANT LYMPH NODE, LUNG "	"2575"	"8/20/21"	"289_Moffitt_copy_1,  289_Moffitt_copy_2,  289_Moffitt_copy_3,  289_Moffitt_copy_4,  289_Moffitt_copy_5, 289_Moffitt_Largest"	"LS"	"BREAST (CUTANEOUS)"	0	1	"289"	"DIAGNOSED"	60.61917808	"BREAST"	""	""	""	"BREAST,LYMPH"	""	""	""	"BREAST,LUNG,NED"	""	""	""	"YES"	"NO"	"NO"	""	"doxorubicin,  votrient,"	"YES"	"votrient,  thoracentesis to remove fluid in lungs"	"YES"	"reast cancer uterine cancer;"	"NO"	""	"facebook angiosarcoma group"	"this cancer comes back in me around 5-7 years. We all need a cure"	"NO"	"AMERICAN_INDIAN,BLACK,WHITE,OTHER"	""	""	""	""	""	""	""	""	""	""	""	""	""	""	""	""	"11/2/42"	"True"	62	"BREAST (CUTANEOUS)"	"RAAS"	3	"ASCProject_0289_T3"	62	"Breast (Cutaneous)"	62	"Breast (Cutaneous)"
"RP-1447_ASCProject_0325_T1_v1_RNA_OnPrem"	"ASCProject_0325_T1"	"Tumor"	"ASCProject_0325"	"RNA"	"T1"	"ASCProject_0325_T1"	"LCSET-23758"	"LCSET-23758"	64	"SKIN"	"EXCISION"	"YES"	"NO"	"NO"	"LOW"	"ASCProject_0325"	"Extremities"	"Upper Extremity"	"Arm"	"Trunk"	"Trunk"	NA	4	"70"	"F"	"SKIN-CUTANEOUS (ASSOCIATED WITH LYMPHEDEMA)"	"LEFT ARM SKIN"	1	"YES"	1	1	"OTHER (LEFT AXILLA)"	"1187"	""	""	""	""	""	"911"	"TRUNK "	"TRUNK "	"1331"	"1/21/20"	"325_ARIZONAONCOLOGY_1,2,3, 325_CITYOFHOPE_1, 325_SCS_1,2, ASC_325_PATHREPORT, ASC_0325_T1_PATHREPORT, ASC_0325_T2_PATHREPORT"	"QC/AD"	"EXTREMITY"	1	1	"325"	"DIAGNOSED"	70.59726027	"OTHER"	""	""	"Arm between the elbow and shoulder on t0he opposite side of the elbow"	"LUNG,OTHER"	""	""	"Between lungs."	"LUNG,OTHER"	""	""	"Arm.   No longer doing scans but you can feel outwardly that it is spread.  They are pretty sure it's in the lungs but not for suree"	"YES"	"NO"	"YES"	"AFTER"	"Paclitaxel, targeted therapy"	"NO"	""	"YES"	"Breast cancer;1994|Squamas cell minor skin cancer (was removed);2014"	"YES"	"Left Breast, left shoulder, and a speck on the right"	"Angiosarcoma facebook page"	"The doctor is pretty certain I got the angio sarcoma from having lymphadima from my prior breast cancer 24 ish years ago"	"NO"	"WHITE"	""	""	""	""	""	""	""	""	""	""	""	""	""	""	""	""	"7/16/43"	"True"	70	"BONELIMB"	"RAAS & LAAS"	1	"ASCProject_0325_T1"	70	"Extremities"	70	"Extremities"
"RP-1447_ASCProject_0332_T2_v1_RNA_OnPrem"	"ASCProject_0332_T2"	"Tumor"	"ASCProject_0332"	"RNA"	"T2"	"ASCProject_0332_T2"	"LCSET-18352"	"LCSET-18352"	NA	""	""	""	""	""	""	"ASCProject_0332"	"Breast (Cutaneous)"	"Breast (Cutaneous)"	"Breast"	"Lung"	"Lung"	NA	9	"75"	"F"	"BREAST (CUTANEOUS)"	"LEFT BREAST"	1	"NO"	1	0	""	""	""	""	""	""	""	"150"	"LUNG"	"LUNG"	"3424"	"1/25/22"	"332_DFCI_FULL, ASC_332_BWH_, ASC_332_BWH_PATH, ASC_332_DFCI_FULL, ASC_332_NEWCAANAN_MR_p1-42"	"SS"	"BREAST (CUTANEOUS)"	0	1	"332"	"DIAGNOSED"	75.75616438	"BREAST"	""	""	""	"LUNG"	""	""	""	"NED"	""	""	""	"YES"	"YES"	"NO"	""	"taxol"	"NO"	""	"YES"	"Breast Cancer ?DCIS? Tubular CA ;2000"	"YES"	"radiation 40 guy to left breast after lumpectomy  which was repeated in Norwalk CT at behest of consult Seidman at MSK in NYC. bc of broken sample)"	"Through Suzanne George at DFCI"	"I am an 85 yo psychiatrist still NED (alive and well) 9.5 yrs after diagnosis of radiation-induced angiosarcoma metastatic (one nodule) to RIGHT lung resected July 2009.  This was followed by 2 years of 3x month infusions of Taxol.  Energetic by nature I undertook regular gym-going, lifting 9 million lbs before the computer-connected strength machines were replaced.  And I kept on treating long-time patients.  After my initial inappropriate treatment at MSK I quickly went to DFCI and am alive."	"NO"	"WHITE"	""	""	""	""	""	""	""	""	""	""	""	""	""	""	""	""	"4/19/33"	"True"	75	"BREAST (CUTANEOUS)"	"RAAS"	1	"ASCProject_0332_T2"	75	"Breast (Cutaneous)"	75	"Breast (Cutaneous)"
"RP-1447_ASCProject_0341_T1_v1_RNA_OnPrem"	"ASCProject_0341_T1"	"Tumor"	"ASCProject_0341"	"RNA"	"T1"	"ASCProject_0341_T1"	"LCSET-18352"	"LCSET-18352"	NA	""	""	""	""	""	""	"ASCProject_0341"	"Breast (Cutaneous)"	"Breast (Cutaneous)"	"Breast"	"Lung"	"Lung"	NA	9	"71"	"F"	"BREAST (CUTANEOUS)"	"LEFT BREAST"	1	"NO"	1	0	""	""	""	""	""	""	""	""	"NO METS"	"NO METS"	"1009"	"1/26/22"	"ASC_0341_T1, ASC_341_WashU_full"	"IS"	"BREAST (CUTANEOUS)"	0	0	"341"	"DIAGNOSED"	71.24657534	"BREAST"	""	""	""	"BREAST"	""	""	""	"NED"	""	""	""	"YES"	"YES"	"YES"	"BEFORE"	"Taxol"	"NO"	""	"YES"	"Breast cancer;2011"	"YES"	"Breast---mamo site radiation"	"Dr. Brian Van Tine"	""	"NO"	"WHITE"	""	""	""	""	""	""	""	""	""	""	""	""	""	""	""	""	"2/18/45"	"True"	71	"BREAST (CUTANEOUS)"	"RAAS"	0	"ASCProject_0341_T1"	71	"Breast (Cutaneous)"	71	"Breast (Cutaneous)"
"RP-1447_ASCProject_0342_T1_v1_RNA_OnPrem"	"ASCProject_0342_T1"	"Tumor"	"ASCProject_0342"	"RNA"	"T1"	"ASCProject_0342_T1"	"LCSET-18054"	"LCSET-18054"	41	"BREAST"	"mastectomy"	"YES (FOCAL)"	"NO"	"YES"	"HIGH"	"ASCProject_0342"	"Breast (Parenchymal)"	"Breast (Parenchymal)"	"Breast"	"Lung"	"Lung, Liver"	NA	3	"41"	"F"	"BREAST (PARENCHYMAL)"	"RIGHT BREAST"	0	"NO"	0	0	""	""	""	""	""	""	""	"373"	"LUNG"	"LUNG, LIVER"	"1229"	"8/9/22"	"342_MANATEE_60-90, 342_MANATEEMEMORIALHOSPITAL_29-59, MOFFITT_1-52OF114, 342_WEST COAST OBGYN_PT1, 342_WESTCOASTPT2, 342_ANATEEMEMORIALHOSPITAL_1-28, 342_MANATEEMEMORIALHOSPITAL_91, T1_PATHEPORT, 342_T1342_WESTOASTOBGYN_FULL, 342_MR_Manatee-Memorial-Hospital, 342_MR_West-Coast-OBGYN, 342_West-Coast-OBGYN_MolecularReport, 342_West-Coast-OBGYN_Molecular-Tests-and-Images,  ASC_342_Moffit_UpdatedMR(1)_04122022"	"BT"	"BREAST (PARENCHYMAL)"	0	1	"342"	"DIAGNOSED"	41.0630137	"BREAST"	""	""	""	"BREAST"	""	""	""	"NED"	""	""	""	"YES"	"YES"	"YES"	"AFTER"	""	"YES"	""	"NO"	""	"NO"	""	"Fb sarcona alliance"	""	"NO"	"OTHER_EAST_ASIAN,WHITE"	""	""	""	""	""	""	""	""	""	""	""	""	""	""	""	""	"1/19/77"	"True"	41	"BREAST (PARENCHYMAL)"	"Non-RAAS/LAAS"	2	"ASCProject_0342_T1"	41	"Breast (Parenchymal)"	41	"Breast (Parenchymal)"
"RP-1447_ASCProject_0356_T1_v1_RNA_OnPrem"	"ASCProject_0356_T1"	"Tumor"	"ASCProject_0356"	"RNA"	"T1"	"ASCProject_0356_T1"	"LCSET-18352"	"LCSET-18352"	NA	""	""	""	""	""	""	"ASCProject_0356"	"Breast (Cutaneous)"	"Breast (Cutaneous)"	"Breast"	"Abdomen and Pelvis"	"Abdomen and Pelvis"	NA	6	"57"	"F"	"BREAST (CUTANEOUS)"	"RIGHT BREAST"	1	"NO"	1	0	""	""	""	""	""	""	""	"360"	"OTHER [PERITONEAL CAVITY]"	"OTHER [PERITONEAL CAVITY]"	"373"	"6/4/21"	"ASC_356_PROLIANCE_A, B, ASC_0356_T2_PATHREPORT, ASC_356_T2_SK_OCR, ASC_PY8QY9_SWEDISH"	"IS"	"BREAST (CUTANEOUS)"	0	1	"356"	"DIAGNOSED"	57.56164384	"BREAST"	""	""	""	"BREAST"	""	""	""	"BREAST"	""	""	""	"YES"	"YES"	"NO"	""	"Surgery, looking to do a 2nd surgery now, Doxorubicin, Taxol, Aloxi"	"YES"	"only Surgery to removed all left over radiated skin/deep tissue"	"YES"	"breast cancer ;2008"	"YES"	"breast/arm pit"	"researcher friend"	"After treatment my angioscarcoma has come back surgery and chemo did not work. My oncologist tells me there are no more chemo ect. treatments that would work. gave me 6 months to live and to do another surgery it may get me a year to live. very desperate for more ways to treat so can live longest"	"NO"	"WHITE"	""	""	""	""	""	""	""	""	""	""	""	""	""	""	""	""	"6/24/60"	"True"	57	"BREAST (CUTANEOUS)"	"RAAS"	1	"ASCProject_0356_T1"	57	"Breast (Cutaneous)"	57	"Breast (Cutaneous)"
"RP-1447_ASCProject_0356_T2_v1_RNA_OnPrem"	"ASCProject_0356_T2"	"Tumor"	"ASCProject_0356"	"RNA"	"T2"	"ASCProject_0356_T2"	"LCSET-18054"	"LCSET-18054"	287	"CHEST"	"Excision"	"YES (FOCAL)"	"YES"	"YES"	"HIGH"	"ASCProject_0356"	"Breast (Cutaneous)"	"Breast (Cutaneous)"	"Breast"	"Abdomen and Pelvis"	"Abdomen and Pelvis"	NA	6	"57"	"F"	"BREAST (CUTANEOUS)"	"RIGHT BREAST"	1	"NO"	1	0	""	""	""	""	""	""	""	"360"	"OTHER [PERITONEAL CAVITY]"	"OTHER [PERITONEAL CAVITY]"	"373"	"6/4/21"	"ASC_356_PROLIANCE_A, B, ASC_0356_T2_PATHREPORT, ASC_356_T2_SK_OCR, ASC_PY8QY9_SWEDISH"	"IS"	"BREAST (CUTANEOUS)"	0	1	"356"	"DIAGNOSED"	57.56164384	"BREAST"	""	""	""	"BREAST"	""	""	""	"BREAST"	""	""	""	"YES"	"YES"	"NO"	""	"Surgery, looking to do a 2nd surgery now, Doxorubicin, Taxol, Aloxi"	"YES"	"only Surgery to removed all left over radiated skin/deep tissue"	"YES"	"breast cancer ;2008"	"YES"	"breast/arm pit"	"researcher friend"	"After treatment my angioscarcoma has come back surgery and chemo did not work. My oncologist tells me there are no more chemo ect. treatments that would work. gave me 6 months to live and to do another surgery it may get me a year to live. very desperate for more ways to treat so can live longest"	"NO"	"WHITE"	""	""	""	""	""	""	""	""	""	""	""	""	""	""	""	""	"6/24/60"	"True"	57	"BREAST (CUTANEOUS)"	"RAAS"	1	"ASCProject_0356_T2"	57	"Breast (Cutaneous)"	57	"Breast (Cutaneous)"
"RP-1447_ASCProject_0357_T1_v1_RNA_OnPrem"	"ASCProject_0357_T1"	"Tumor"	"ASCProject_0357"	"RNA"	"T1"	"ASCProject_0357_T1"	"LCSET-23758"	"LCSET-23758"	0	"MEDIASTINUM"	"RESECTION"	"YES"	"NO"	"NO"	"HIGH"	"ASCProject_0357"	"Musculoskeletal"	"Mediastinum"	"Mediastinum"	"No Mets"	"No Mets"	NA	3	"62"	"M"	"OTHER (MEDIASTINUM)"	"MEDIASTINUM"	0	"NO"	0	0	""	""	""	""	""	""	""	""	"NO METS"	"NO METS"	"94"	"1/14/20"	"357_DFCI_FULL, ASC_357_T1_SK, ASC_357_YALE"	"QC/AD"	"OTHER"	0	0	"357"	"DIAGNOSED"	62.28219178	"OTHER"	""	""	"Chest"	"OTHER"	""	""	"Chest only"	"OTHER"	""	""	"Chest only"	"YES"	"YES"	"YES"	"AFTER"	"Have not had chemotherapy at this point."	"YES"	"Starting radiation on 9/27/18"	"NO"	""	"NO"	""	"Pod Cast"	"A mass was found by coincidence in my mediastinum I was asymptomatic.  The mass was removed and the pathology report indicates that a portion of a teratoma had changed to an angiosarcoma. I am under the care of Dr. Andrew Wagner and Dr. Miranda Lam at Dana Farber."	"NO"	"WHITE"	""	""	""	""	""	""	""	""	""	""	""	""	""	""	""	""	"5/5/56"	"True"	62	"OTHER"	"Non-RAAS/LAAS"	0	"ASCProject_0357_T1"	62	"Musculoskeletal"	62	"Musculoskeletal"
"RP-1447_ASCProject_0367_T1_v1_RNA_OnPrem"	"ASCProject_0367_T1"	"Tumor"	"ASCProject_0367"	"RNA"	"T1"	"ASCProject_0367_T1"	"LCSET-23758"	"LCSET-23758"	65	"HEADFACENECKSCALP"	"RESECTION"	"YES (FOCAL)"	"YES"	"NO"	"HIGH"	"ASCProject_0367"	"HNFS"	"HNFS"	"Scalp"	"Lung"	"Lung"	NA	3	"68"	"M"	"HNFS"	"FRONTAL SCALP"	0	"NO"	1	0	""	""	""	""	""	""	""	"308"	"LUNG"	"LUNG"	"354"	"1/14/20"	"367_KP_FULL, ASC_0367_T1_PATHREPORT, ASC_0367_T1_SK"	"RR"	"HNFS"	0	1	"367"	"DIAGNOSED"	68.69315068	"SCALP"	""	""	""	"SCALP"	""	""	""	"NED"	""	""	""	"YES"	"YES"	"YES"	"AFTER"	"None prescribed. Using naturopathic supplements"	"NO"	""	"NO"	""	"NO"	""	"Found it while searching the web."	""	"NO"	"WHITE"	""	""	""	""	""	""	""	""	""	""	""	""	""	""	""	""	"6/10/49"	"True"	68	"HNFS"	"Non-RAAS/LAAS"	1	"ASCProject_0367_T1"	68	"HNFS"	68	"HNFS"
"RP-1447_ASCProject_0368_T1_v1_RNA_OnPrem"	"ASCProject_0368_T1"	"Tumor"	"ASCProject_0368"	"RNA"	"T1"	"ASCProject_0368_T1"	"LCSET-20590"	"LCSET-20590"	NA	""	""	""	""	""	""	"ASCProject_0368"	"Breast (Cutaneous)"	"Breast (Cutaneous)"	"Breast"	"No Mets"	"No Mets"	NA	9	"65"	"F"	"BREAST (CUTANEOUS)"	"RIGHT BREAST"	1	"NO"	1	0	""	""	""	""	""	""	""	""	"NO METS"	"NO METS"	"252"	"1/25/22"	"368_NORTHWELL_1-7, ASC_368_PATHREPORT"	"SS"	"BREAST (CUTANEOUS)"	0	0	"368"	"DIAGNOSED"	65.86849315	"BREAST"	""	""	""	"BREAST"	""	""	""	"NED"	""	""	""	"YES"	"YES"	"NO"	""	"4 treatment of Doxiruben followed by 6 cycles of Taxol"	"NO"	""	"YES"	"Invasive ducal carcinoma stage1;2012|Basal cell carcinoma;2010"	"YES"	"Left Brest for invasive ducal carcinoma following lumpectomy"	"Both internet and through Dr. Robert G. Maki"	"I am, of course, curious about about this disease, and wonder if I have a genetic propensity toward developing  it from radiotherapy. I‚Äôm sure you are equally curious, and hope my tissue will provide some more insight into this disease."	""	"WHITE"	""	""	""	""	""	""	""	""	""	""	""	""	""	""	""	""	"2/4/52"	"True"	65	"BREAST (CUTANEOUS)"	"RAAS"	0	"ASCProject_0368_T1"	65	"Breast (Cutaneous)"	65	"Breast (Cutaneous)"
"RP-1447_ASCProject_0369_UNKNOWN_T1_v1_RNA_OnPrem"	"ASCProject_0369_UNKNOWN_T1"	"Tumor"	"ASCProject_0369_UNKNOWN"	"RNA"	"T1"	"ASCProject_0369_T1"	"LCSET-18352"	"LCSET-18352"	NA	""	""	""	""	""	""	""	""	""	""	""	""	NA	NA	""	""	""	""	NA	""	NA	NA	""	""	""	""	""	""	""	""	""	""	""	""	""	""	""	NA	NA	""	""	NA	""	""	""	""	""	""	""	""	""	""	""	""	""	""	""	""	""	""	""	""	""	""	""	""	""	""	""	""	""	""	""	""	""	""	""	""	""	""	""	""	""	""	""	""	""	NA	""	""	NA	"ASCProject_0369_T1"	NA	""	NA	""
"RP-1447_ASCProject_0369_UNKNOWN_T1_v2_RNA_OnPrem"	"ASCProject_0369_UNKNOWN_T1"	"Tumor"	"ASCProject_0369_UNKNOWN"	"RNA"	"T1"	"ASCProject_0369_T1"	"LCSET-18352,LCSET-23758"	"LCSET-18352"	NA	""	""	""	""	""	""	""	""	""	""	""	""	NA	NA	""	""	""	""	NA	""	NA	NA	""	""	""	""	""	""	""	""	""	""	""	""	""	""	""	NA	NA	""	""	NA	""	""	""	""	""	""	""	""	""	""	""	""	""	""	""	""	""	""	""	""	""	""	""	""	""	""	""	""	""	""	""	""	""	""	""	""	""	""	""	""	""	""	""	""	""	NA	""	""	NA	"ASCProject_0369_T1"	NA	""	NA	""
"RP-1447_ASCProject_0372_T1_v1_RNA_OnPrem"	"ASCProject_0372_T1"	"Tumor"	"ASCProject_0372"	"RNA"	"T1"	"ASCProject_0372_T1"	"LCSET-18054"	"LCSET-18054"	7	"BREAST"	"mastectomy"	"YES"	"NO"	"YES"	"HIGH"	"ASCProject_0372"	"Breast (Cutaneous)"	"Breast (Cutaneous)"	"Breast"	"No Mets"	"No Mets"	NA	3	"47"	"F"	"BREAST (CUTANEOUS)"	"RIGHT BREAST"	1	"NO"	1	0	""	""	""	""	""	""	""	""	"NO METS"	"NO METS"	"369"	"7/23/19"	"372_CHCWM_Full, ASC_0372_T1_PathReport_OCR, ASC_372_T1_SK_OCR"	"RR"	"BREAST (CUTANEOUS)"	0	0	"372"	"DIAGNOSED"	47.32876712	"BREAST"	""	""	""	"BREAST"	""	""	""	"BREAST"	""	""	""	"YES"	"NO"	"NO"	""	"Doxorubicin, ifosfamide, mesna"	"NO"	""	"YES"	"DCIS;2013"	"YES"	"Right breast"	"Sarcoma Alliance page on Facebook"	""	"NO"	"WHITE"	""	""	""	""	""	""	""	""	""	""	""	""	""	""	""	""	"7/16/70"	"True"	47	"BREAST (CUTANEOUS)"	"RAAS"	0	"ASCProject_0372_T1"	47	"Breast (Cutaneous)"	47	"Breast (Cutaneous)"
"RP-1447_ASCProject_0375_T1_v2_RNA_OnPrem"	"ASCProject_0375_T1"	"Tumor"	"ASCProject_0375"	"RNA"	"T1"	"ASCProject_0375_T1"	"LCSET-23758"	"LCSET-23758"	58	"HEADFACENECKSCALP"	"OTHER"	"YES"	"NO"	"YES"	"HIGH"	"ASCProject_0375"	"HNFS"	"HNFS"	"Nose"	"No Mets"	"No Mets"	NA	3	"54"	"M"	"HNFS"	"LEFT NOSTRIL"	0	"NO"	1	1	"HNFS"	"210"	""	""	""	""	""	""	"NO METS"	"NO METS"	"498"	"1/13/20"	"ASC_0375_T1_PATHREPORT, ASC_0375_T1_SK, ASC_0375_T2_SK, ASC_375_KENTUCKY_FULL_OCR"	"RR"	"HNFS"	0	0	"375"	"DIAGNOSED"	54.62191781	"HEADFACENECK"	""	""	""	"HEADFACENECK"	""	""	""	"NED"	""	""	""	"YES"	"NO"	"YES"	"AFTER"	"Taxol; 13 of 18 treatments completed."	"YES"	"I have completed 33 radiation treatments on my nose plus a second 33 radiation treatments on my neck.  I have had 13 out of 18 taxol treatments."	"NO"	""	"NO"	""	"Facebook"	"My original site, soar inside of nose, took 9 months to get properly diagnosed. Then, found it in a submandibular gland that was swollen and removed (after nose tumor surgery).  Neither surgery got clear margins."	"NO"	"WHITE"	""	""	""	""	""	""	""	""	""	""	""	""	""	""	""	""	"12/31/62"	"True"	54	"HNFS"	"Non-RAAS/LAAS"	0	"ASCProject_0375_T1"	54	"HNFS"	54	"HNFS"
"RP-1447_ASCProject_0375_T2_v1_RNA_OnPrem"	"ASCProject_0375_T2"	"Tumor"	"ASCProject_0375"	"RNA"	"T2"	"ASCProject_0375_T2"	"LCSET-23758"	"LCSET-23758"	210	"HEADFACENECKSCALP"	"RESECTION"	"YES"	"NO"	"YES"	"HIGH"	"ASCProject_0375"	"HNFS"	"HNFS"	"Nose"	"No Mets"	"No Mets"	NA	3	"54"	"M"	"HNFS"	"LEFT NOSTRIL"	0	"NO"	1	1	"HNFS"	"210"	""	""	""	""	""	""	"NO METS"	"NO METS"	"498"	"1/13/20"	"ASC_0375_T1_PATHREPORT, ASC_0375_T1_SK, ASC_0375_T2_SK, ASC_375_KENTUCKY_FULL_OCR"	"RR"	"HNFS"	0	0	"375"	"DIAGNOSED"	54.62191781	"HEADFACENECK"	""	""	""	"HEADFACENECK"	""	""	""	"NED"	""	""	""	"YES"	"NO"	"YES"	"AFTER"	"Taxol; 13 of 18 treatments completed."	"YES"	"I have completed 33 radiation treatments on my nose plus a second 33 radiation treatments on my neck.  I have had 13 out of 18 taxol treatments."	"NO"	""	"NO"	""	"Facebook"	"My original site, soar inside of nose, took 9 months to get properly diagnosed. Then, found it in a submandibular gland that was swollen and removed (after nose tumor surgery).  Neither surgery got clear margins."	"NO"	"WHITE"	""	""	""	""	""	""	""	""	""	""	""	""	""	""	""	""	"12/31/62"	"True"	54	"HNFS"	"Non-RAAS/LAAS"	0	"ASCProject_0375_T2"	54	"HNFS"	54	"HNFS"
"RP-1447_ASCProject_0385_T1_v1_RNA_OnPrem"	"ASCProject_0385_T1"	"Tumor"	"ASCProject_0385"	"RNA"	"T1"	"ASCProject_0385_T1"	"LCSET-18054"	"LCSET-18054"	NA	""	""	""	""	""	""	"ASCProject_0385"	"Breast (Cutaneous)"	"Breast (Cutaneous)"	"Breast"	"No Mets"	"No Mets"	NA	3	"65"	"F"	"BREAST (CUTANEOUS)"	"LEFT BREAST"	1	"NO"	1	1	"LEFT CHEST WALL"	"321"	""	""	""	""	""	""	"NO METS"	"NO METS"	"673"	"1/13/20"	"ASC_0385_T1_PATHREPORT_OCR, ASC_0385_T2_PATHREPORT_OCR, ASC_0385_T3_PATHREPORT_OCR, ASC_385_T1_SK_OCR, ASC_385_T2_SK_OCR, ASC_385_T3_SK_OCR, ASC_385_UKANSAS_FULL.MR"	"RR"	"BREAST (CUTANEOUS)"	0	0	"385"	"DIAGNOSED"	65.18630137	"BREAST"	""	""	""	"BREAST"	""	""	""	"BREAST"	""	""	""	"YES"	"NO"	"NO"	""	"Chemotherapy,-taxitol"	"YES"	"CT scans"	"YES"	"breast cancer;2012"	"YES"	"breast"	"Oncologist"	"Had a lumpectomy in 2012 on breast, had radiation afterwards, docs think it caused the angiosarcoma in the same area.  removed breast plus two more surgeries, keeps coming back.  Also have diabetes and chemo made diabetes side effects worse."	"NO"	"WHITE"	""	""	""	""	""	""	""	""	""	""	""	""	""	""	""	""	"3/10/52"	"True"	65	"BREAST (CUTANEOUS)"	"RAAS"	0	"ASCProject_0385_T1"	65	"Breast (Cutaneous)"	65	"Breast (Cutaneous)"
"RP-1447_ASCProject_0385_T2_v1_RNA_OnPrem"	"ASCProject_0385_T2"	"Tumor"	"ASCProject_0385"	"RNA"	"T2"	"ASCProject_0385_T2"	"LCSET-18054"	"LCSET-18054"	153	"BREAST"	""	""	""	""	""	"ASCProject_0385"	"Breast (Cutaneous)"	"Breast (Cutaneous)"	"Breast"	"No Mets"	"No Mets"	NA	3	"65"	"F"	"BREAST (CUTANEOUS)"	"LEFT BREAST"	1	"NO"	1	1	"LEFT CHEST WALL"	"321"	""	""	""	""	""	""	"NO METS"	"NO METS"	"673"	"1/13/20"	"ASC_0385_T1_PATHREPORT_OCR, ASC_0385_T2_PATHREPORT_OCR, ASC_0385_T3_PATHREPORT_OCR, ASC_385_T1_SK_OCR, ASC_385_T2_SK_OCR, ASC_385_T3_SK_OCR, ASC_385_UKANSAS_FULL.MR"	"RR"	"BREAST (CUTANEOUS)"	0	0	"385"	"DIAGNOSED"	65.18630137	"BREAST"	""	""	""	"BREAST"	""	""	""	"BREAST"	""	""	""	"YES"	"NO"	"NO"	""	"Chemotherapy,-taxitol"	"YES"	"CT scans"	"YES"	"breast cancer;2012"	"YES"	"breast"	"Oncologist"	"Had a lumpectomy in 2012 on breast, had radiation afterwards, docs think it caused the angiosarcoma in the same area.  removed breast plus two more surgeries, keeps coming back.  Also have diabetes and chemo made diabetes side effects worse."	"NO"	"WHITE"	""	""	""	""	""	""	""	""	""	""	""	""	""	""	""	""	"3/10/52"	"True"	65	"BREAST (CUTANEOUS)"	"RAAS"	0	"ASCProject_0385_T2"	65	"Breast (Cutaneous)"	65	"Breast (Cutaneous)"
"RP-1447_ASCProject_0385_T3_v1_RNA_OnPrem"	"ASCProject_0385_T3"	"Tumor"	"ASCProject_0385"	"RNA"	"T3"	"ASCProject_0385_T3"	"LCSET-18054"	"LCSET-18054"	336	"CHEST"	"resection"	"YES"	"YES"	"NO"	"HIGH"	"ASCProject_0385"	"Breast (Cutaneous)"	"Breast (Cutaneous)"	"Breast"	"No Mets"	"No Mets"	NA	3	"65"	"F"	"BREAST (CUTANEOUS)"	"LEFT BREAST"	1	"NO"	1	1	"LEFT CHEST WALL"	"321"	""	""	""	""	""	""	"NO METS"	"NO METS"	"673"	"1/13/20"	"ASC_0385_T1_PATHREPORT_OCR, ASC_0385_T2_PATHREPORT_OCR, ASC_0385_T3_PATHREPORT_OCR, ASC_385_T1_SK_OCR, ASC_385_T2_SK_OCR, ASC_385_T3_SK_OCR, ASC_385_UKANSAS_FULL.MR"	"RR"	"BREAST (CUTANEOUS)"	0	0	"385"	"DIAGNOSED"	65.18630137	"BREAST"	""	""	""	"BREAST"	""	""	""	"BREAST"	""	""	""	"YES"	"NO"	"NO"	""	"Chemotherapy,-taxitol"	"YES"	"CT scans"	"YES"	"breast cancer;2012"	"YES"	"breast"	"Oncologist"	"Had a lumpectomy in 2012 on breast, had radiation afterwards, docs think it caused the angiosarcoma in the same area.  removed breast plus two more surgeries, keeps coming back.  Also have diabetes and chemo made diabetes side effects worse."	"NO"	"WHITE"	""	""	""	""	""	""	""	""	""	""	""	""	""	""	""	""	"3/10/52"	"True"	65	"BREAST (CUTANEOUS)"	"RAAS"	0	"ASCProject_0385_T3"	65	"Breast (Cutaneous)"	65	"Breast (Cutaneous)"
"RP-1447_ASCProject_0387_T1_v1_RNA_OnPrem"	"ASCProject_0387_T1"	"Tumor"	"ASCProject_0387"	"RNA"	"T1"	"ASCProject_0387_T1"	"LCSET-18054"	"LCSET-18054"	15	"BREAST"	"Biopsy"	"YES (FOCAL)"	"YES"	"YES"	"HIGH"	"ASCProject_0387"	"Breast (Cutaneous)"	"Breast (Cutaneous)"	"Breast"	"No Mets"	"No Mets"	NA	3	"66"	"F"	"BREAST (CUTANEOUS)"	"LEFT BREAST"	1	"NO"	1	0	""	""	""	""	""	""	""	""	"NO METS"	"NO METS"	"249"	"1/10/20"	"ASC_387_UPENN_FULL.MR"	"RR"	"BREAST (CUTANEOUS)"	0	0	"387"	"DIAGNOSED"	66.1260274	"BREAST"	""	""	""	"BREAST"	""	""	""	"NED"	""	""	""	"YES"	"YES"	""	""	"none just surgery"	"NO"	""	"YES"	"Breast cancer;2009"	"YES"	"Breast same where angio was found"	"friend who works for Cancer Research"	"nothing to tell   had surgery  one thing is the  post breast cancer center did not diagnose it  they missed it"	"NO"	"NATIVE_HAWAIIAN,WHITE"	""	""	""	""	""	""	""	""	""	""	""	""	""	""	""	""	"3/2/52"	"True"	66	"BREAST (CUTANEOUS)"	"RAAS"	0	"ASCProject_0387_T1"	66	"Breast (Cutaneous)"	66	"Breast (Cutaneous)"
"RP-1447_ASCProject_0393_T1_v1_RNA_OnPrem"	"ASCProject_0393_T1"	"Tumor"	"ASCProject_0393"	"RNA"	"T1"	"ASCProject_0393_T1"	"LCSET-18352"	"LCSET-18352"	NA	""	""	""	""	""	""	"ASCProject_0393"	"Breast (Cutaneous)"	"Breast (Cutaneous)"	"Breast"	"No Mets"	"No Mets"	NA	9	"75"	"F"	"BREAST (CUTANEOUS)"	"LEFT BREAST"	1	"NO"	1	1	"LEFT BREAST SKIN"	"115"	""	""	""	""	""	""	"NO METS"	"NO METS"	"890"	"1/26/22"	"ASC_393_UPENN_FULL, ASC_0393_T1_SK, ASC_0393_T1_PATHREPORT"	"SS"	"BREAST (CUTANEOUS)"	0	0	"393"	"DIAGNOSED"	75.35342466	"BREAST"	""	""	""	"BREAST"	""	""	""	"NED"	""	""	""	"YES"	"YES"	"YES"	"AFTER"	"Propanalol"	"YES"	"Propanalol"	"YES"	"In situ breast cance ;2002"	"YES"	"Breast"	"Cure magazine"	"Caused by previous radiation"	"NO"	"WHITE"	""	""	""	""	""	""	""	""	""	""	""	""	""	""	""	""	"12/12/40"	"True"	75	"BREAST (CUTANEOUS)"	"RAAS"	0	"ASCProject_0393_T1"	75	"Breast (Cutaneous)"	75	"Breast (Cutaneous)"
"RP-1447_ASCProject_0398_T1_v1_RNA_OnPrem"	"ASCProject_0398_T1"	"Tumor"	"ASCProject_0398"	"RNA"	"T1"	"ASCProject_0398_T1"	"LCSET-18352"	"LCSET-18352"	NA	""	""	""	""	""	""	"ASCProject_0398"	"Breast (Parenchymal)"	"Breast (Parenchymal)"	"Breast"	"No Mets"	"No Mets"	NA	9	"33"	"F"	"BREAST (PARENCHYMAL)"	"LEFT BREAST"	0	"NO"	0	0	""	""	""	""	""	""	""	""	"NO METS"	"NO METS"	"209"	"1/27/22"	"ASC_398_FOX_PATH, ASC_398_FOXCHASE, ASC_398_MD_ANDERSON, ASC_398_GRANDVIEW_PATH, ASC_298_GRANDVIEW, ASC_398_MSKCC_PATH, ASC_039_T1_PATH REPORT"	"SS"	"BREAST (PARENCHYMAL)"	0	0	"398"	"DIAGNOSED"	33.39178082	"BREAST"	""	""	""	"BREAST"	""	""	""	"NED"	""	""	""	"YES"	"YES"	"NO"	""	"None"	"NO"	""	"NO"	""	"NO"	""	"Facebook Group"	""	"YES"	"WHITE"	""	""	""	""	""	""	""	""	""	""	""	""	""	""	""	""	"7/19/85"	"True"	33	"BREAST (PARENCHYMAL)"	"Non-RAAS/LAAS"	0	"ASCProject_0398_T1"	33	"Breast (Parenchymal)"	33	"Breast (Parenchymal)"
"RP-1447_ASCProject_0401_T1A_v1_RNA_OnPrem"	"ASCProject_0401_T1A"	"Tumor"	"ASCProject_0401"	"RNA"	"T1A"	"ASCProject_0401_T1A"	"LCSET-17718"	"LCSET-17718"	9	"KIDNEY"	"Resection"	"YES"	"YES"	"NO"	"HIGH"	"ASCProject_0401"	"Other Visceral Organs"	"Kidney"	"Adrenal Gland"	"No Mets"	"No Mets"	NA	9	"55"	"M"	"VISCERAL ORGAN"	"ADRENAL GLAND"	0	"NO"	0	0	""	""	""	""	""	""	""	""	"NO METS"	"NO METS"	"64"	"1/25/22"	"401_CedarsSinai_full.pdf, ASC_0401_T1A_1B_SK.pdf"	"DS"	"VISCERAL ORGAN"	0	0	"401"	"DIAGNOSED"	55.36712329	"LIVER,LYMPH,ABDOMINAL,OTHER"	""	""	"Kidney, adrenal gland"	"OTHER"	""	""	"Have only been diagnosed once"	"NED"	""	""	""	"YES"	"NO"	"NO"	""	"Have not been on chemo but will be soon"	"YES"	"Chemo soon"	"NO"	""	"NO"	""	"Corrie Painter"	"I will be glad to share my story to anyone"	"NO"	"WHITE"	""	""	""	""	""	""	""	""	""	""	""	""	""	""	""	""	"9/3/63"	"True"	55	"VISCERAL ORGAN"	"Non-RAAS/LAAS"	0	"ASCProject_0401_T1A"	55	"Other Visceral Organs"	55	"Other Visceral Organs"
"RP-1447_ASCProject_0401_T1B_v1_RNA_OnPrem"	"ASCProject_0401_T1B"	"Tumor"	"ASCProject_0401"	"RNA"	"T1B"	"ASCProject_0401_T1B"	"LCSET-18352"	"LCSET-18352"	NA	""	""	""	""	""	""	"ASCProject_0401"	"Other Visceral Organs"	"Kidney"	"Adrenal Gland"	"No Mets"	"No Mets"	NA	9	"55"	"M"	"VISCERAL ORGAN"	"ADRENAL GLAND"	0	"NO"	0	0	""	""	""	""	""	""	""	""	"NO METS"	"NO METS"	"64"	"1/25/22"	"401_CedarsSinai_full.pdf, ASC_0401_T1A_1B_SK.pdf"	"DS"	"VISCERAL ORGAN"	0	0	"401"	"DIAGNOSED"	55.36712329	"LIVER,LYMPH,ABDOMINAL,OTHER"	""	""	"Kidney, adrenal gland"	"OTHER"	""	""	"Have only been diagnosed once"	"NED"	""	""	""	"YES"	"NO"	"NO"	""	"Have not been on chemo but will be soon"	"YES"	"Chemo soon"	"NO"	""	"NO"	""	"Corrie Painter"	"I will be glad to share my story to anyone"	"NO"	"WHITE"	""	""	""	""	""	""	""	""	""	""	""	""	""	""	""	""	"9/3/63"	"True"	55	"VISCERAL ORGAN"	"Non-RAAS/LAAS"	0	"ASCProject_0401_T1B"	55	"Other Visceral Organs"	55	"Other Visceral Organs"
"RP-1447_ASCProject_0403_T1_v1_RNA_OnPrem"	"ASCProject_0403_T1"	"Tumor"	"ASCProject_0403"	"RNA"	"T1"	"ASCProject_0403_T1"	"LCSET-20590"	"LCSET-20590"	NA	""	""	""	""	""	""	"ASCProject_0403"	"Breast (Parenchymal)"	"Breast (Parenchymal)"	"Breast"	"No Mets"	"No Mets"	NA	9	"61"	"F"	"BREAST (PARENCHYMAL)"	"RIGHT BREAST"	0	"NO"	0	0	""	""	""	""	""	""	""	""	"NO METS"	"NO METS"	"48"	"8/10/22"	"403_Grossman-CaparoPS_21pgs.pdf, 403_RockyMountainCC_2pdf.pdf, 403_RockyMountainCC.pdf, ASC_403_PathReport.pdf, ASC_0403_T1_PathReport.pdf, ASC_403_RoseMedical_full.pdf, ASC_403_RockyMt_UpdatedMRM_OCR, ASC_403_RoseMedCenter_UpdatedMRM_OCR"	"BT"	"BREAST (PARENCHYMAL)"	0	0	"403"	"DIAGNOSED"	61.23835616	"BREAST"	""	""	""	"BREAST"	""	""	""	"NED"	""	""	""	"YES"	"DK"	"NO"	""	"one round of chemo (just started) Doxorubicin, Ifosamide, Mesna, Dexrazoxane, Neulasta, Zophran (AWFUL reaction) so changed to Dexamethasone, BActrim,  Compazine"	"NO"	"Surgery in Jan 2019, first of 4 cycles of Chem started Feb 25th 2019, To be followed by 6 weeks radiation and a different 4 cycle round of chemotherapy"	"NO"	""	"NO"	""	"Dr. Breelyn Wilky at University Colorado Cancer Center"	"There is a history of both cancer and auto immune disease in my family.
Father died of stomach cancer. Mother and grandmother died of Ataxia complications which may have been caused by celiac (undiagnosed). Sister survived breast cancer has Hasimotos. Another sister died of lung and brain cancer had Addisons disease. Brother has Graves disease. I have celiac and angiosarcoma. Could there be a link?
Additionally I recieved 3 years of gamma globulin infusions for a depleted immune system around 2000.  
I was also at Ground Zero  in any immediately after 9/11 on and off for the first week after the towers fell."	"NO"	"WHITE"	""	""	""	""	""	""	""	""	""	""	""	""	""	""	""	""	"9/20/57"	"True"	61	"BREAST (PARENCHYMAL)"	"Non-RAAS/LAAS"	0	"ASCProject_0403_T1"	61	"Breast (Parenchymal)"	61	"Breast (Parenchymal)"
"RP-1447_ASCProject_0414_T1_v1_RNA_OnPrem"	"ASCProject_0414_T1"	"Tumor"	"ASCProject_0414"	"RNA"	"T1"	"ASCProject_0414_T1"	"LCSET-18352"	"LCSET-18352"	NA	""	""	""	""	""	""	"ASCProject_0414"	"Breast (Cutaneous)"	"Breast (Cutaneous)"	"Breast Skin"	"No Mets"	"No Mets"	NA	9	"50"	"F"	"BREAST (CUTANEOUS)"	"RIGHT BREAST SKIN"	0	"NO"	1	0	""	""	""	""	""	""	""	""	"NO METS"	"NO METS"	"1061"	"8/12/22"	"ASC_414_UPMC, ASC_0414_UMPC_MR_fullM_OCR"	"IS/BT"	"BREAST (CUTANEOUS)"	0	0	"414"	"DIAGNOSED"	50.03561644	"BREAST"	""	""	""	""	""	""	""	"BREAST"	""	""	""	"YES"	"YES"	"NO"	""	"Plans still being made. Only one week out from surgery. Starting  chemo in 4 weeks."	"YES"	"Chemo and radiation in future after surgical site healed"	"YES"	"DCIS;2016"	"NO"	""	"Facebook post"	"My AS is cutaneous but was located on my breast at the scar from my reconstruction."	"NO"	"WHITE"	""	""	""	""	""	""	""	""	""	""	""	""	""	""	""	""	"2/28/69"	"True"	50	"BREAST (CUTANEOUS)"	"Non-RAAS/LAAS"	0	"ASCProject_0414_T1"	50	"Breast (Cutaneous)"	50	"Breast (Cutaneous)"
"RP-1447_ASCProject_0418_T1_v1_RNA_OnPrem"	"ASCProject_0418_T1"	"Tumor"	"ASCProject_0418"	"RNA"	"T1"	"ASCProject_0418_T1"	"LCSET-20590"	"LCSET-20590"	NA	""	""	""	""	""	""	"ASCProject_0418"	"Hepatobiliary"	"Spleen"	"Spleen"	"No Mets"	"No Mets"	NA	9	"56"	"F"	"SPLEEN"	"SPLEEN"	0	"NO"	0	1	"OTHER [SPLENECTOMY BED]"	"124"	""	""	""	""	""	"124"	"NO METS"	"NO METS"	"144"	"1/14/22"	"ASC_418_EastVanc.pdf, ASC_0418_PathReport.pdf"	"DS"	"SPLEEN"	0	0	"418"	"DIAGNOSED"	56.92328767	"SPLEEN"	""	""	""	"ABDOMINAL"	""	"Recurrence at site of surgery and possible lymp node"	""	"ABDOMINAL"	""	"lymph node"	""	"YES"	"YES"	"NO"	""	"Paclitaxel"	"NO"	""	"YES"	"melanoma;2016"	"NO"	""	"online"	"Recurrence occurred 2 months after initial surgery to remove the spleen"	"NO"	"WHITE"	""	""	""	""	""	""	""	""	""	""	""	""	""	""	""	""	"12/13/61"	"True"	56	"SPLEEN"	"Non-RAAS/LAAS"	0	"ASCProject_0418_T1"	56	"Hepatobiliary"	56	"Hepatobiliary"
"RP-1447_ASCProject_0420_T1_v1_RNA_OnPrem"	"ASCProject_0420_T1"	"Tumor"	"ASCProject_0420"	"RNA"	"T1"	"ASCProject_0420_T1"	"LCSET-18352"	"LCSET-18352"	NA	""	""	""	""	""	""	"ASCProject_0420"	"Breast (Parenchymal)"	"Breast (Parenchymal)"	"Breast"	"No Mets"	"No Mets"	NA	9	"36"	"F"	"BREAST (PARENCHYMAL)"	"LEFT BREAST"	0	"NO"	0	0	""	""	""	""	""	""	""	""	"NO METS"	"NO METS"	"1347"	"8/11/22"	"ASC_420_Kaiser Permanente_part2.pdf, ASC_420_Kaiser Permanente.pdf, ASC_0420_T1_SK.pdf, ASC_0420_T1_PathReport.pdf, ASC_420_OHSU_Full.pdf, ASC_P7RK7E_OHSUMRM_OCR"	"BT"	"BREAST (PARENCHYMAL)"	0	0	"420"	"DIAGNOSED"	36.6109589	"BREAST"	""	""	""	"BREAST"	""	""	""	"NED"	""	""	""	"YES"	"YES"	"NO"	""	"Epirubicin, ifos (with mesna), 3cycles recommend but complete only 2 (4 days hospital infusion, 3week cycles)"	"NO"	""	"NO"	""	"NO"	""	"Corrie Painter post on Facebook angiosarcoma forum"	"I experienced a severe loss/grief, depression/distress, a great tax on my immu and system about a year before I found the lump, I was diagnosed six months later."	"NO"	"WHITE"	""	""	""	""	""	""	""	""	""	""	""	""	""	""	""	""	"7/30/81"	"True"	36	"BREAST (PARENCHYMAL)"	"Non-RAAS/LAAS"	0	"ASCProject_0420_T1"	36	"Breast (Parenchymal)"	36	"Breast (Parenchymal)"
"RP-1447_ASCProject_0422_T3_v1_RNA_OnPrem"	"ASCProject_0422_T3"	"Tumor"	"ASCProject_0422"	"RNA"	"T3"	"ASCProject_0422_T3"	"LCSET-18352"	"LCSET-18352"	NA	""	""	""	""	""	""	"ASCProject_0422"	"Extremities"	"Lower Extremity"	"Leg"	"Distant Lymph Node"	"Distant Lymph Node, Abdomin and Pelvis"	NA	9	"62"	"F"	"SKIN-CUTANEOUS (ASSOCIATED WITH LYMPHEDEMA)"	"LEFT LATERAL LEG"	1	"YES"	1	0	""	""	""	""	""	""	""	"262"	"DISTANT LYMPH NODE"	"DISTANT LYMPH NODE, OTHER[GROIN]"	"1736"	"2/2/22"	"422_MSK, ASC_0422_T3_PATHREPORT"	"OA"	"EXTREMITY"	1	1	"422"	"DIAGNOSED"	62.15068493	"OTHER"	""	""	"Leg"	"LYMPH,BONELIMB,ABDOMINAL"	""	""	""	"LYMPH,BONELIMB,ABDOMINAL"	"Left leg and lymph nodes in my groin"	"Lymph nodes in my groin"	""	"NO"	""	"NO"	""	"Multiple chemo therapies, limb profusion in Paris with Dr Bonvolet, Votrient and presently in a trial with Dr. Sandra de‚Äô Angelo at MSK"	"YES"	"Immune therapy drugs"	"YES"	"Ovarian cancer;1988"	"YES"	"Abdominal"	"Dr. Sandra De‚ÄôAngelo"	"I have had lymphedema since 1994.  It took me a long time to get diagnosed with the angiosarcoma and I had what looked like bruises for 1-2 years before I could get anyone to biopsy.  My physical therapist who does Manuel lymph drainage was finally able to convince Dr. David Smith to biopsy me in 2014.  He is a plastic surgeon in NYC who is helping long term lymphedema patients.."	"NO"	"WHITE"	""	""	""	""	""	""	""	""	""	""	""	""	""	""	""	""	"6/22/52"	"True"	62	"BONELIMB"	"RAAS & LAAS"	2	"ASCProject_0422_T3"	62	"Extremities"	62	"Extremities"
"RP-1447_ASCProject_0427_T2_v1_RNA_OnPrem"	"ASCProject_0427_T2"	"Tumor"	"ASCProject_0427"	"RNA"	"T2"	"ASCProject_0427_T2"	"LCSET-26033"	"LCSET-26033"	NA	""	""	""	""	""	""	"ASCProject_0427"	"Extremities"	"Upper Extremity"	"Shoulder"	"Bone"	"Bone, Lung"	NA	12	"54"	"F"	"EXTREMITY"	"RIGHT SCAPULA"	1	"NO"	0	0	""	""	""	""	""	""	""	"92"	"BONE"	"BONE, LUNG, OTHER[PLEURAL MASS,DIAPHRAGM]"	"1856"	"4/6/23"	"ASC_427_MayoFL.pdf"	"OA"	"EXTREMITY"	0	1	"427"	"DIAGNOSED"	54.32328767	"BONELIMB,OTHER"	""	""	"right scapula"	"LUNG"	""	""	""	"LUNG"	""	""	""	"YES"	"YES"	"YES"	"BEFORE"	"pazopanib Taxol Gemzar/Taxatere"	"YES"	"Keytruda"	"YES"	"Hodgkin's disease nodular sclerosing;1996"	"YES"	"Chest
neck"	"internet"	""	"NO"	"WHITE"	""	""	""	""	""	""	""	""	""	""	""	""	""	""	""	""	"12/18/59"	"True"	54	"BONELIMB"	"RAAS"	4	"ASCProject_0427_T2"	54	"Extremities"	54	"Extremities"
"RP-1447_ASCProject_0427_T5_v1_RNA_OnPrem"	"ASCProject_0427_T5"	"Tumor"	"ASCProject_0427"	"RNA"	"T5"	"ASCProject_0427_T5"	"LCSET-26033"	"LCSET-26033"	NA	""	""	""	""	""	""	"ASCProject_0427"	"Extremities"	"Upper Extremity"	"Shoulder"	"Bone"	"Bone, Lung"	NA	12	"54"	"F"	"EXTREMITY"	"RIGHT SCAPULA"	1	"NO"	0	0	""	""	""	""	""	""	""	"92"	"BONE"	"BONE, LUNG, OTHER[PLEURAL MASS,DIAPHRAGM]"	"1856"	"4/6/23"	"ASC_427_MayoFL.pdf"	"OA"	"EXTREMITY"	0	1	"427"	"DIAGNOSED"	54.32328767	"BONELIMB,OTHER"	""	""	"right scapula"	"LUNG"	""	""	""	"LUNG"	""	""	""	"YES"	"YES"	"YES"	"BEFORE"	"pazopanib Taxol Gemzar/Taxatere"	"YES"	"Keytruda"	"YES"	"Hodgkin's disease nodular sclerosing;1996"	"YES"	"Chest
neck"	"internet"	""	"NO"	"WHITE"	""	""	""	""	""	""	""	""	""	""	""	""	""	""	""	""	"12/18/59"	"True"	54	"BONELIMB"	"RAAS"	4	"ASCProject_0427_T5"	54	"Extremities"	54	"Extremities"
"RP-1447_ASCProject_P2HVYU_T1_v1_RNA_OnPrem"	"ASCProject_P2HVYU_T1"	"Tumor"	"ASCProject_P2HVYU"	"RNA"	"T1"	"ASCProject_P2HVYU_T1"	"LCSET-20214"	"LCSET-20214"	NA	""	""	""	""	""	""	"ASCProject_P2HVYU"	"HNFS"	"HNFS"	"Scalp"	"No Mets"	"No Mets"	NA	9	"69"	"M"	"HNFS"	"SCALP"	0	"NO"	1	1	"HNFS"	"609"	""	""	""	""	""	""	"NO METS"	"NO METS"	"2072"	"1/19/22"	"ASC_P2HVYU_PathReport.pdf, ASC_P2HVYU_AscensionProvidence_Full.pdf"	"DS"	"HNFS"	0	0	""	""	NA	""	""	""	""	""	""	""	""	""	""	""	""	""	""	""	""	""	""	""	""	""	""	""	""	""	""	""	""	""	""	""	""	""	""	""	""	""	""	""	""	""	""	""	""	"True"	69	"HNFS"	"Non-RAAS/LAAS"	0	"ASCProject_P2HVYU_T1"	69	"HNFS"	69	"HNFS"
"RP-1447_ASCProject_P8B8WN_T2_v1_RNA_OnPrem"	"ASCProject_P8B8WN_T2"	"Tumor"	"ASCProject_P8B8WN"	"RNA"	"T2"	"ASCProject_P8B8WN_T2"	"LCSET-18352"	"LCSET-18352"	NA	""	""	""	""	""	""	"ASCProject_P8B8WN"	"Breast (Cutaneous)"	"Breast (Cutaneous)"	"Breast"	"No Mets"	"No Mets"	NA	9	"56"	"F"	"BREAST (CUTANEOUS)"	"LEFT BREAST"	1	"NO"	1	1	"LEFT CHEST WALL SKIN"	"2429"	""	""	""	""	""	""	"NO METS"	"NO METS"	"2450"	"1/18/22"	"ASC_P8B8WN_vanderbilt.pdf, ASC_P8B8WN_T2_PathReport.pdf, ASC_P8B8WN_Dermatology.pdf"	"DS"	"BREAST (CUTANEOUS)"	0	0	"P8B8WN"	"DIAGNOSED"	56	"BREAST"	""	""	""	"BREAST"	""	""	""	"BREAST"	""	""	""	"YES"	"NO"	"NO"	""	"None (only surgery)"	"YES"	"Upcoming chemo and surgery "	"YES"	"Breast ;"	"YES"	"Breast"	"Oncologist "	""	"NO"	"WHITE"	""	""	""	""	""	""	""	""	""	""	""	""	""	""	""	""	""	"True"	56	"BREAST (CUTANEOUS)"	"RAAS"	0	"ASCProject_P8B8WN_T2"	56	"Breast (Cutaneous)"	56	"Breast (Cutaneous)"
"RP-1447_ASCProject_PGXPR8_T2_v1_RNA_OnPrem"	"ASCProject_PGXPR8_T2"	"Tumor"	"ASCProject_PGXPR8"	"RNA"	"T2"	"ASCProject_PGXPR8_T2"	"LCSET-20590"	"LCSET-20590"	NA	""	""	""	""	""	""	"ASCProject_PGXPR8"	"Musculoskeletal"	"Bone"	"Abdomin and Pelvis"	"Visceral Organ"	"Visceral Organ, Lung"	NA	9	"44"	"F"	"OTHER (BONE)"	"LEFT PELVIC MASS"	0	"NO"	0	0	""	""	""	""	""	""	""	"0"	"VISCERAL ORGAN"	"VISCERAL ORGAN, LUNG"	"254"	"1/25/22"	"ASC_PGXPR8_SeattleCancerAlliance_meds, ASC_PGXPR8_SeattleCancerAlliance, ASC_PGXPR8_T2_PathReport, ASC_PGXPR8_UWMC"	"IS"	"BONE"	0	1	""	""	NA	""	""	""	""	""	""	""	""	""	""	""	""	""	""	""	""	""	""	""	""	""	""	""	""	""	""	""	""	""	""	""	""	""	""	""	""	""	""	""	""	""	""	""	""	"True"	44	"BONELIMB"	"Non-RAAS/LAAS"	2	"ASCProject_PGXPR8_T2"	44	"Musculoskeletal"	44	"Musculoskeletal"
"RP-1447_ASCProject_PHCG7A_T1_v1_RNA_OnPrem"	"ASCProject_PHCG7A_T1"	"Tumor"	"ASCProject_PHCG7A"	"RNA"	"T1"	"ASCProject_PHCG7A_T1"	"LCSET-26033"	"LCSET-26033"	NA	""	""	""	""	""	""	""	""	""	""	""	""	NA	NA	""	""	""	""	NA	""	NA	NA	""	""	""	""	""	""	""	""	""	""	""	""	""	""	""	NA	NA	""	""	NA	""	""	""	""	""	""	""	""	""	""	""	""	""	""	""	""	""	""	""	""	""	""	""	""	""	""	""	""	""	""	""	""	""	""	""	""	""	""	""	""	""	""	""	""	""	NA	""	""	NA	"ASCProject_PHCG7A_T1"	NA	""	NA	""
"RP-1447_ASCProject_PRDZ3M_T2_v1_RNA_OnPrem"	"ASCProject_PRDZ3M_T2"	"Tumor"	"ASCProject_PRDZ3M"	"RNA"	"T2"	"ASCProject_PRDZ3M_T2"	"LCSET-20590"	"LCSET-20590"	NA	""	""	""	""	""	""	"ASCProject_PRDZ3M"	"Extremities"	"Upper Extremity"	"Shoulder"	"Lung"	"Lung, Distant Lymph Node, Bone, Trunk"	NA	9	"51"	"M"	"SKIN-CUTANEOUS (ASSOCIATED WITH LYMPHEDEMA)"	"ERYTHEMATOUS LESION ON LEFT SCAPULAR/LEFT UPPER BACK"	0	"YES"	1	1	"EXTREMITY "	"1333"	""	""	""	""	""	"1554"	"LUNG"	"LUNG, DISTANT LYMPH NODE, BONE, TRUNK"	"1773"	"2/7/22"	"ASC_PRDZ3M_MSKCC, ASC_PRDZ3M_T2_PATHREPORT"	"QC"	"OTHER"	1	1	""	""	NA	""	""	""	""	""	""	""	""	""	""	""	""	""	""	""	""	""	""	""	""	""	""	""	""	""	""	""	""	""	""	""	""	""	""	""	""	""	""	""	""	""	""	""	""	"True"	51	"OTHER"	"LAAS"	4	"ASCProject_PRDZ3M_T2"	51	"Extremities"	51	"Extremities"
"RP-1447_ASCProject_PWNLUF_T1_v1_RNA_OnPrem"	"ASCProject_PWNLUF_T1"	"Tumor"	"ASCProject_PWNLUF"	"RNA"	"T1"	"ASCProject_PWNLUF_T1"	"LCSET-20590"	"LCSET-20590"	NA	""	""	""	""	""	""	"ASCProject_PWNLUF"	"Breast (Cutaneous)"	"Breast (Cutaneous)"	"Breast"	""	""	NA	9	"68"	"F"	"BREAST (CUTANEOUS)"	"LEFT BREAST"	1	"NO"	1	NA	""	""	""	""	""	""	""	""	"NOT FOUND IN RECORD"	""	"62"	"1/31/22"	"ASC_PWNLUF_MOUTNSINAICHELSEA, ASC_PWNLUF_T1_PATHREPORT"	"OA"	"BREAST (CUTANEOUS)"	0	NA	""	""	NA	""	""	""	""	""	""	""	""	""	""	""	""	""	""	""	""	""	""	""	""	""	""	""	""	""	""	""	""	""	""	""	""	""	""	""	""	""	""	""	""	""	""	""	""	"True"	68	"BREAST (CUTANEOUS)"	"RAAS"	NA	"ASCProject_PWNLUF_T1"	68	"Breast (Cutaneous)"	68	"Breast (Cutaneous)"
"RP-1447_ASCProject_PXPTMJ_T1_v1_RNA_OnPrem"	"ASCProject_PXPTMJ_T1"	"Tumor"	"ASCProject_PXPTMJ"	"RNA"	"T1"	"ASCProject_PXPTMJ_T1"	"LCSET-18352"	"LCSET-18352"	NA	""	""	""	""	""	""	"ASCProject_PXPTMJ"	"HNFS"	"HNFS"	"Face"	""	""	NA	9	"78"	"M"	"HNFS"	"RIGHT MEDIAL CHEEK"	0	"NO"	1	NA	""	""	""	""	""	""	""	""	"NOT FOUND IN RECORD"	""	"294"	"2/2/22"	"ASC_PXPTMJ_NEBRASKAMETHODIST, ASC_PXPTMJ_SUTTONDERMATOLOGY_FULL, ASC_PXPTMJ_T1_PATHREPORT"	"OA"	"HNFS"	0	NA	"PXPTMJ"	"DIAGNOSED"	79	"HEADFACENECK"	""	""	""	"HEADFACENECK"	""	""	""	"NED"	""	""	""	"YES"	"YES"	"YES"	"AFTER"	"none"	"YES"	"awaiting proshetic nose next week"	"YES"	"squamas cell about 2007  basel cell numerous times;"	"NO"	""	"angio sarcoma facebook site"	"retired railroad ralatively healthy I thought in 1995, managed family ag propertty using weed killers each summer until noticed I would get breating problems around them so stopped in 2012. "	"NO"	"WHITE"	""	""	""	""	""	""	""	""	""	""	""	""	""	""	""	""	""	"True"	78	"HNFS"	"Non-RAAS/LAAS"	NA	"ASCProject_PXPTMJ_T1"	78	"HNFS"	78	"HNFS"
"RP-1447_ASCProject_PY6FJH_T1_v1_RNA_OnPrem"	"ASCProject_PY6FJH_T1"	"Tumor"	"ASCProject_PY6FJH"	"RNA"	"T1"	"ASCProject_PY6FJH_T1"	"LCSET-18352"	"LCSET-18352"	NA	""	""	""	""	""	""	"ASCProject_PY6FJH"	"HNFS"	"HNFS"	""	""	""	NA	NA	""	""	""	""	NA	""	NA	NA	""	""	""	""	""	""	""	""	""	""	""	""	""	""	""	NA	NA	"PY6FJH"	"DIAGNOSED"	63.15616438	"SCALP"	""	""	""	"SCALP"	""	""	""	"NED"	""	""	""	"YES"	"YES"	"YES"	"BEFORE"	"Chemotherapy Taxol"	"NO"	""	"NO"	""	"NO"	""	"Dr Brian VanTine"	"I was treated for scalp folliculitis before angiosarcoma"	"NO"	"WHITE"	""	""	""	""	""	""	""	""	""	""	""	""	""	""	""	""	"11/21/53"	"False"	63.15616438	"HNFS"	""	NA	"ASCProject_PY6FJH_T1"	63.15616438	"HNFS"	63.15616438	"HNFS"
